Orthogroup,Gene_count,Maize_gene,Maize_pvalue_max,Sorghum_gene,Sorghum_pvalue_max,Rice_gene,Rice_pvalue_max,Barley_gene,Barley_pvalue_max,Arabidopsis_gene,Arabidopsis_pvalue_max
640662at2759,5,Zm00001eb001560;Zm00001eb022050;Zm00001eb102470;Zm00001eb194740;Zm00001eb276250;Zm00001eb281180;Zm00001eb330530;Zm00001eb390710;Zm00001eb395060,Zm00001eb001560:6.93436e-05;Zm00001eb022050:0.000458902;Zm00001eb102470:8.13015e-05;Zm00001eb194740:0.00104456;Zm00001eb276250:0.000315999;Zm00001eb281180:0.00244235;Zm00001eb330530:0.00102729;Zm00001eb390710:0.000252712;Zm00001eb395060:0.000875566,SORBI_3001G080200;SORBI_3001G293000,SORBI_3001G080200:0.00385571;SORBI_3001G293000:0.00356636,LOC_Os04g06510;LOC_Os05g01620;LOC_Os12g01120,LOC_Os04g06510:0.000140685;LOC_Os05g01620:0.000343109;LOC_Os12g01120:2.68626e-05,HORVU.MOREX.r3.2HG0112720;HORVU.MOREX.r3.7HG0667610;HORVU.MOREX.r3.7HG0667620,HORVU.MOREX.r3.2HG0112720:0.000393492;HORVU.MOREX.r3.7HG0667610:8.67287e-05;HORVU.MOREX.r3.7HG0667620:5.71583e-07,AT1G14540;AT1G68850;AT2G38380;AT4G11290;AT5G40150;AT5G58390,AT1G14540:9.11003e-08;AT1G68850:3.10358e-08;AT2G38380:0.000273871;AT4G11290:3.78317e-07;AT5G40150:4.06871e-05;AT5G58390:0.000296544
717421at2759,5,Zm00001eb144570,Zm00001eb144570:0.00125528,SORBI_3004G185000,SORBI_3004G185000:0.00142548,LOC_Os01g08990,LOC_Os01g08990:0.000165574,HORVU.MOREX.r3.4HG0338070,HORVU.MOREX.r3.4HG0338070:0.000455667,AT1G06700;AT2G41970,AT1G06700:0.000203833;AT2G41970:2.76245e-07
717421at3193,5,Zm00001eb144570,Zm00001eb144570:0.00125528,SORBI_3004G185000,SORBI_3004G185000:0.00142548,LOC_Os01g08990,LOC_Os01g08990:0.000165574,HORVU.MOREX.r3.4HG0338070,HORVU.MOREX.r3.4HG0338070:0.000455667,AT1G06700;AT2G41970,AT1G06700:0.000203833;AT2G41970:2.76245e-07
717421at33090,5,Zm00001eb144570,Zm00001eb144570:0.00125528,SORBI_3004G185000,SORBI_3004G185000:0.00142548,LOC_Os01g08990,LOC_Os01g08990:0.000165574,HORVU.MOREX.r3.4HG0338070,HORVU.MOREX.r3.4HG0338070:0.000455667,AT1G06700;AT2G41970,AT1G06700:0.000203833;AT2G41970:2.76245e-07
131670at33090,4,Zm00001eb198820,Zm00001eb198820:0.000531604,SORBI_3003G368000,SORBI_3003G368000:0.00427276,NA,NA,HORVU.MOREX.r3.1HG0075890,HORVU.MOREX.r3.1HG0075890:0.000362329,AT1G25280,AT1G25280:0.000363846
16345at3193,4,Zm00001eb105040;Zm00001eb194210;Zm00001eb249690,Zm00001eb105040:0.00284698;Zm00001eb194210:8.74675e-05;Zm00001eb249690:0.00209229,NA,NA,LOC_Os07g04850,LOC_Os07g04850:0.000153768,HORVU.MOREX.r3.6HG0614370,HORVU.MOREX.r3.6HG0614370:5.26069e-05,AT1G35910;AT5G51460,AT1G35910:1.83886e-05;AT5G51460:1.07607e-05
381908at2759,4,Zm00001eb275510;Zm00001eb426230,Zm00001eb275510:0.00112872;Zm00001eb426230:0.0020821,SORBI_3001G003600;SORBI_3002G280500,SORBI_3001G003600:0.0013433;SORBI_3002G280500:0.000414082,NA,NA,HORVU.MOREX.r3.2HG0097240;HORVU.MOREX.r3.6HG0629070,HORVU.MOREX.r3.2HG0097240:0.000153862;HORVU.MOREX.r3.6HG0629070:0.000348197,AT2G30310;AT2G40250,AT2G30310:0.000264003;AT2G40250:0.00016574
4285218at2759,4,Zm00001eb106450;Zm00001eb106460,Zm00001eb106450:0.00234353;Zm00001eb106460:0.00234353,SORBI_3002G329900;SORBI_3002G330000,SORBI_3002G329900:0.000168019;SORBI_3002G330000:0.000168019,NA,NA,HORVU.MOREX.r3.4HG0338210,HORVU.MOREX.r3.4HG0338210:0.000267979,AT1G54690;AT3G20670;AT5G54640,AT1G54690:1.09333e-05;AT3G20670:1.75304e-05;AT5G54640:0.000270193
43813at33090,4,Zm00001eb105040;Zm00001eb194210;Zm00001eb249690,Zm00001eb105040:0.00284698;Zm00001eb194210:8.74675e-05;Zm00001eb249690:0.00209229,NA,NA,LOC_Os07g04850,LOC_Os07g04850:0.000153768,HORVU.MOREX.r3.6HG0614370,HORVU.MOREX.r3.6HG0614370:5.26069e-05,AT1G35910;AT5G51460,AT1G35910:1.83886e-05;AT5G51460:1.07607e-05
4382965at2759,4,Zm00001eb198820,Zm00001eb198820:0.000531604,SORBI_3003G368000,SORBI_3003G368000:0.00427276,NA,NA,HORVU.MOREX.r3.1HG0075890,HORVU.MOREX.r3.1HG0075890:0.000362329,AT1G25280,AT1G25280:0.000363846
4495752at2759,4,Zm00001eb368580,Zm00001eb368580:0.00172232,NA,NA,LOC_Os12g01080,LOC_Os12g01080:2.15876e-06,HORVU.MOREX.r3.2HG0097360,HORVU.MOREX.r3.2HG0097360:4.57604e-05,AT2G38080;AT3G09220;AT4G39830,AT2G38080:1.2409e-05;AT3G09220:0.000296497;AT4G39830:0.000300764
4653520at2759,4,Zm00001eb400530,Zm00001eb400530:0.00223162,NA,NA,LOC_Os12g01090,LOC_Os12g01090:0.00031442,HORVU.MOREX.r3.4HG0397900,HORVU.MOREX.r3.4HG0397900:8.10545e-05,AT3G55590,AT3G55590:0.000137943
482605at33090,4,Zm00001eb389520,Zm00001eb389520:0.000253351,NA,NA,LOC_Os08g04470,LOC_Os08g04470:0.000252842,HORVU.MOREX.r3.1HG0058280,HORVU.MOREX.r3.1HG0058280:0.000148424,AT3G19480;AT4G34200,AT3G19480:3.58938e-06;AT4G34200:0.000372592
4829478at2759,4,Zm00001eb032800;Zm00001eb217370,Zm00001eb032800:0.00245109;Zm00001eb217370:0.000106322,NA,NA,LOC_Os12g06360,LOC_Os12g06360:0.000149295,HORVU.MOREX.r3.2HG0183830,HORVU.MOREX.r3.2HG0183830:2.14053e-06,AT4G28270,AT4G28270:2.06617e-05
4842190at2759,4,Zm00001eb257490,Zm00001eb257490:0.00194803,NA,NA,LOC_Os12g05740,LOC_Os12g05740:0.000130845,HORVU.MOREX.r3.2HG0102700,HORVU.MOREX.r3.2HG0102700:5.39107e-05,AT5G15240,AT5G15240:0.000303112
4854762at2759,4,Zm00001eb256120;Zm00001eb392430,Zm00001eb256120:0.0025409;Zm00001eb392430:0.000240813,SORBI_3004G009900,SORBI_3004G009900:0.0030034,LOC_Os06g02100;LOC_Os09g04260,LOC_Os06g02100:4.29036e-06;LOC_Os09g04260:4.17765e-07,HORVU.MOREX.r3.7HG0725980;HORVU.MOREX.r3.7HG0746550,HORVU.MOREX.r3.7HG0725980:0.000366794;HORVU.MOREX.r3.7HG0746550:3.7297e-06,NA,NA
5000721at2759,4,Zm00001eb105040;Zm00001eb194210;Zm00001eb249690,Zm00001eb105040:0.00284698;Zm00001eb194210:8.74675e-05;Zm00001eb249690:0.00209229,NA,NA,LOC_Os07g04850,LOC_Os07g04850:0.000153768,HORVU.MOREX.r3.6HG0614370,HORVU.MOREX.r3.6HG0614370:5.26069e-05,AT1G35910;AT5G51460,AT1G35910:1.83886e-05;AT5G51460:1.07607e-05
5003145at2759,4,Zm00001eb389520,Zm00001eb389520:0.000253351,NA,NA,LOC_Os08g04470,LOC_Os08g04470:0.000252842,HORVU.MOREX.r3.1HG0058280,HORVU.MOREX.r3.1HG0058280:0.000148424,AT3G19480;AT4G34200,AT3G19480:3.58938e-06;AT4G34200:0.000372592
5015019at2759,4,Zm00001eb160380,Zm00001eb160380:0.000645681,SORBI_3002G279900;SORBI_3003G374100,SORBI_3002G279900:0.000414082;SORBI_3003G374100:8.36508e-05,NA,NA,HORVU.MOREX.r3.1HG0066860,HORVU.MOREX.r3.1HG0066860:0.000274486,AT4G36360,AT4G36360:1.24438e-05
585262at33090,4,Zm00001eb275510,Zm00001eb275510:0.00112872,SORBI_3001G003600;SORBI_3002G280500,SORBI_3001G003600:0.0013433;SORBI_3002G280500:0.000414082,NA,NA,HORVU.MOREX.r3.2HG0097240,HORVU.MOREX.r3.2HG0097240:0.000153862,AT2G30310;AT2G40250,AT2G30310:0.000264003;AT2G40250:0.00016574
599360at2759,4,Zm00001eb178270;Zm00001eb349050;Zm00001eb384620;Zm00001eb408430,Zm00001eb178270:0.00111495;Zm00001eb349050:0.00295819;Zm00001eb384620:0.00286511;Zm00001eb408430:0.000252919,NA,NA,LOC_Os07g01340,LOC_Os07g01340:5.71923e-07,HORVU.MOREX.r3.7HG0667720,HORVU.MOREX.r3.7HG0667720:5.1848e-05,AT1G58360,AT1G58360:0.000336505
599360at3193,4,Zm00001eb178270;Zm00001eb349050;Zm00001eb384620;Zm00001eb408430,Zm00001eb178270:0.00111495;Zm00001eb349050:0.00295819;Zm00001eb384620:0.00286511;Zm00001eb408430:0.000252919,NA,NA,LOC_Os07g01340,LOC_Os07g01340:5.71923e-07,HORVU.MOREX.r3.7HG0667720,HORVU.MOREX.r3.7HG0667720:5.1848e-05,AT1G58360,AT1G58360:0.000336505
599360at33090,4,Zm00001eb178270;Zm00001eb349050;Zm00001eb384620;Zm00001eb408430,Zm00001eb178270:0.00111495;Zm00001eb349050:0.00295819;Zm00001eb384620:0.00286511;Zm00001eb408430:0.000252919,NA,NA,LOC_Os07g01340,LOC_Os07g01340:5.71923e-07,HORVU.MOREX.r3.7HG0667720,HORVU.MOREX.r3.7HG0667720:5.1848e-05,AT1G58360,AT1G58360:0.000336505
609836at2759,4,Zm00001eb033760,Zm00001eb033760:0.000663113,SORBI_3010G015500,SORBI_3010G015500:0.00235303,LOC_Os08g04920,LOC_Os08g04920:0.000310701,NA,NA,AT5G55930,AT5G55930:0.00010152
609836at33090,4,Zm00001eb033760,Zm00001eb033760:0.000663113,SORBI_3010G015500,SORBI_3010G015500:0.00235303,LOC_Os08g04920,LOC_Os08g04920:0.000310701,NA,NA,AT5G55930,AT5G55930:0.00010152
627237at2759,4,Zm00001eb003170;Zm00001eb023610;Zm00001eb046210;Zm00001eb152390;Zm00001eb335710,Zm00001eb003170:0.00101532;Zm00001eb023610:0.00204621;Zm00001eb046210:5.36948e-05;Zm00001eb152390:0.00213595;Zm00001eb335710:0.00229357,SORBI_3001G133900,SORBI_3001G133900:0.00198218,NA,NA,HORVU.MOREX.r3.2HG0102130;HORVU.MOREX.r3.4HG0338080;HORVU.MOREX.r3.4HG0411460,HORVU.MOREX.r3.2HG0102130:0.000383686;HORVU.MOREX.r3.4HG0338080:0.000455667;HORVU.MOREX.r3.4HG0411460:5.27039e-06,AT1G12110;AT1G59740;AT1G68570;AT2G40460;AT3G21670;AT3G45660,AT1G12110:3.38682e-05;AT1G59740:0.000299078;AT1G68570:0.000306549;AT2G40460:0.000382428;AT3G21670:3.62943e-05;AT3G45660:0.000371651
629188at33090,4,Zm00001eb003170;Zm00001eb023610;Zm00001eb046210;Zm00001eb152390;Zm00001eb335710,Zm00001eb003170:0.00101532;Zm00001eb023610:0.00204621;Zm00001eb046210:5.36948e-05;Zm00001eb152390:0.00213595;Zm00001eb335710:0.00229357,SORBI_3001G133900,SORBI_3001G133900:0.00198218,NA,NA,HORVU.MOREX.r3.2HG0102130;HORVU.MOREX.r3.4HG0338080;HORVU.MOREX.r3.4HG0411460,HORVU.MOREX.r3.2HG0102130:0.000383686;HORVU.MOREX.r3.4HG0338080:0.000455667;HORVU.MOREX.r3.4HG0411460:5.27039e-06,AT1G12110;AT1G59740;AT1G68570;AT2G40460;AT3G21670;AT3G45660,AT1G12110:3.38682e-05;AT1G59740:0.000299078;AT1G68570:0.000306549;AT2G40460:0.000382428;AT3G21670:3.62943e-05;AT3G45660:0.000371651
635842at3193,4,Zm00001eb389520,Zm00001eb389520:0.000253351,NA,NA,LOC_Os08g04470,LOC_Os08g04470:0.000252842,HORVU.MOREX.r3.1HG0058280,HORVU.MOREX.r3.1HG0058280:0.000148424,AT3G19480;AT4G34200,AT3G19480:3.58938e-06;AT4G34200:0.000372592
640662at3193,4,Zm00001eb276250;Zm00001eb330530;Zm00001eb395060,Zm00001eb276250:0.000315999;Zm00001eb330530:0.00102729;Zm00001eb395060:0.000875566,NA,NA,LOC_Os04g06510;LOC_Os12g01120,LOC_Os04g06510:0.000140685;LOC_Os12g01120:2.68626e-05,HORVU.MOREX.r3.2HG0112720,HORVU.MOREX.r3.2HG0112720:0.000393492,AT1G14540;AT5G58390,AT1G14540:9.11003e-08;AT5G58390:0.000296544
640662at33090,4,Zm00001eb276250;Zm00001eb330530;Zm00001eb395060,Zm00001eb276250:0.000315999;Zm00001eb330530:0.00102729;Zm00001eb395060:0.000875566,NA,NA,LOC_Os04g06510;LOC_Os12g01120,LOC_Os04g06510:0.000140685;LOC_Os12g01120:2.68626e-05,HORVU.MOREX.r3.2HG0112720,HORVU.MOREX.r3.2HG0112720:0.000393492,AT1G14540;AT5G58390,AT1G14540:9.11003e-08;AT5G58390:0.000296544
643341at2759,4,Zm00001eb002030;Zm00001eb016040;Zm00001eb040920;Zm00001eb046220;Zm00001eb070510;Zm00001eb290670;Zm00001eb316130,Zm00001eb002030:0.00087009;Zm00001eb016040:0.000238147;Zm00001eb040920:0.00260348;Zm00001eb046220:5.36948e-05;Zm00001eb070510:0.00212934;Zm00001eb290670:0.0026454;Zm00001eb316130:2.03632e-05,SORBI_3002G074000;SORBI_3003G375800;SORBI_3003G432000,SORBI_3002G074000:9.12302e-05;SORBI_3003G375800:0.000684675;SORBI_3003G432000:2.39386e-06,NA,NA,HORVU.MOREX.r3.1HG0088480;HORVU.MOREX.r3.7HG0747230,HORVU.MOREX.r3.1HG0088480:5.18652e-07;HORVU.MOREX.r3.7HG0747230:0.000208668,AT1G72300;AT2G02220,AT1G72300:0.000138063;AT2G02220:3.91875e-07
643341at33090,4,Zm00001eb002030;Zm00001eb016040;Zm00001eb040920;Zm00001eb046220;Zm00001eb070510;Zm00001eb290670;Zm00001eb316130,Zm00001eb002030:0.00087009;Zm00001eb016040:0.000238147;Zm00001eb040920:0.00260348;Zm00001eb046220:5.36948e-05;Zm00001eb070510:0.00212934;Zm00001eb290670:0.0026454;Zm00001eb316130:2.03632e-05,SORBI_3002G074000;SORBI_3003G375800,SORBI_3002G074000:9.12302e-05;SORBI_3003G375800:0.000684675,NA,NA,HORVU.MOREX.r3.1HG0088480;HORVU.MOREX.r3.7HG0747230,HORVU.MOREX.r3.1HG0088480:5.18652e-07;HORVU.MOREX.r3.7HG0747230:0.000208668,AT1G72300;AT2G02220,AT1G72300:0.000138063;AT2G02220:3.91875e-07
674431at3193,4,Zm00001eb106450;Zm00001eb106460,Zm00001eb106450:0.00234353;Zm00001eb106460:0.00234353,SORBI_3002G329900;SORBI_3002G330000,SORBI_3002G329900:0.000168019;SORBI_3002G330000:0.000168019,NA,NA,HORVU.MOREX.r3.4HG0338210,HORVU.MOREX.r3.4HG0338210:0.000267979,AT1G54690;AT3G20670;AT5G54640,AT1G54690:1.09333e-05;AT3G20670:1.75304e-05;AT5G54640:0.000270193
748177at33090,4,Zm00001eb106450;Zm00001eb106460,Zm00001eb106450:0.00234353;Zm00001eb106460:0.00234353,SORBI_3002G329900;SORBI_3002G330000,SORBI_3002G329900:0.000168019;SORBI_3002G330000:0.000168019,NA,NA,HORVU.MOREX.r3.4HG0338210,HORVU.MOREX.r3.4HG0338210:0.000267979,AT1G54690;AT3G20670;AT5G54640,AT1G54690:1.09333e-05;AT3G20670:1.75304e-05;AT5G54640:0.000270193
755348at2759,4,Zm00001eb291010,Zm00001eb291010:0.00160706,SORBI_3003G335700,SORBI_3003G335700:0.00378126,LOC_Os05g04850,LOC_Os05g04850:5.29619e-05,NA,NA,AT5G58460,AT5G58460:9.12414e-06
755348at33090,4,Zm00001eb291010,Zm00001eb291010:0.00160706,SORBI_3003G335700,SORBI_3003G335700:0.00378126,LOC_Os05g04850,LOC_Os05g04850:5.29619e-05,NA,NA,AT5G58460,AT5G58460:9.12414e-06
106400at33090,3,Zm00001eb186790;Zm00001eb211740,Zm00001eb186790:0.00193941;Zm00001eb211740:0.000469084,NA,NA,NA,NA,HORVU.MOREX.r3.5HG0514950,HORVU.MOREX.r3.5HG0514950:3.94953e-07,AT4G25590,AT4G25590:1.65442e-05
127486at3193,3,Zm00001eb211260,Zm00001eb211260:0.000535625,NA,NA,NA,NA,HORVU.MOREX.r3.2HG0097620,HORVU.MOREX.r3.2HG0097620:7.17648e-05,AT5G35525,AT5G35525:1.63063e-07
151653at2759,3,Zm00001eb225480;Zm00001eb324200,Zm00001eb225480:0.00120382;Zm00001eb324200:0.00128739,SORBI_3002G338700,SORBI_3002G338700:0.00416232,NA,NA,HORVU.MOREX.r3.7HG0731950,HORVU.MOREX.r3.7HG0731950:2.12619e-05,NA,NA
151653at3193,3,Zm00001eb225480;Zm00001eb324200,Zm00001eb225480:0.00120382;Zm00001eb324200:0.00128739,SORBI_3002G338700,SORBI_3002G338700:0.00416232,NA,NA,HORVU.MOREX.r3.7HG0731950,HORVU.MOREX.r3.7HG0731950:2.12619e-05,NA,NA
151653at33090,3,Zm00001eb225480;Zm00001eb324200,Zm00001eb225480:0.00120382;Zm00001eb324200:0.00128739,SORBI_3002G338700,SORBI_3002G338700:0.00416232,NA,NA,HORVU.MOREX.r3.7HG0731950,HORVU.MOREX.r3.7HG0731950:2.12619e-05,NA,NA
158457at33090,3,Zm00001eb295910,Zm00001eb295910:0.0031163,NA,NA,LOC_Os08g05250,LOC_Os08g05250:0.000198573,NA,NA,AT1G07410;AT5G59150,AT1G07410:2.3443e-05;AT5G59150:4.8713e-10
159045at3193,3,Zm00001eb291010,Zm00001eb291010:0.00160706,SORBI_3003G335700,SORBI_3003G335700:0.00378126,LOC_Os05g04850,LOC_Os05g04850:5.29619e-05,NA,NA,NA,NA
159147at3193,3,Zm00001eb430440,Zm00001eb430440:7.05928e-05,NA,NA,NA,NA,HORVU.MOREX.r3.1HG0077790,HORVU.MOREX.r3.1HG0077790:0.000321882,AT5G57110,AT5G57110:0.000192997
159655at33090,3,Zm00001eb023840,Zm00001eb023840:0.002748,SORBI_3006G171400,SORBI_3006G171400:0.000252628,NA,NA,NA,NA,AT2G44740,AT2G44740:0.000197224
16791at38820,3,Zm00001eb178270;Zm00001eb349050;Zm00001eb384620;Zm00001eb408430,Zm00001eb178270:0.00111495;Zm00001eb349050:0.00295819;Zm00001eb384620:0.00286511;Zm00001eb408430:0.000252919,NA,NA,LOC_Os07g01340,LOC_Os07g01340:5.71923e-07,HORVU.MOREX.r3.7HG0667720,HORVU.MOREX.r3.7HG0667720:5.1848e-05,NA,NA
16791at4447,3,Zm00001eb178270;Zm00001eb349050;Zm00001eb384620;Zm00001eb408430,Zm00001eb178270:0.00111495;Zm00001eb349050:0.00295819;Zm00001eb384620:0.00286511;Zm00001eb408430:0.000252919,NA,NA,LOC_Os07g01340,LOC_Os07g01340:5.71923e-07,HORVU.MOREX.r3.7HG0667720,HORVU.MOREX.r3.7HG0667720:5.1848e-05,NA,NA
179088at33090,3,Zm00001eb368580,Zm00001eb368580:0.00172232,NA,NA,LOC_Os12g01080,LOC_Os12g01080:2.15876e-06,NA,NA,AT2G38080;AT3G09220;AT4G39830,AT2G38080:1.2409e-05;AT3G09220:0.000296497;AT4G39830:0.000300764
202899at2759,3,Zm00001eb010640,Zm00001eb010640:0.000274345,NA,NA,LOC_Os05g04940,LOC_Os05g04940:3.5005e-05,NA,NA,AT5G09970,AT5G09970:0.000130291
202899at33090,3,Zm00001eb010640,Zm00001eb010640:0.000274345,NA,NA,LOC_Os05g04940,LOC_Os05g04940:3.5005e-05,NA,NA,AT5G09970,AT5G09970:0.000130291
2042608at2759,3,Zm00001eb326840,Zm00001eb326840:3.50559e-05,NA,NA,NA,NA,HORVU.MOREX.r3.4HG0417300,HORVU.MOREX.r3.4HG0417300:0.000397978,AT1G51410;AT1G68540;AT2G33590;AT2G33600,AT1G51410:3.00002e-05;AT1G68540:3.12181e-09;AT2G33590:0.000279331;AT2G33600:0.000279331
217808at3193,3,Zm00001eb030890,Zm00001eb030890:0.00266151,NA,NA,LOC_Os12g05970,LOC_Os12g05970:0.000201603,NA,NA,AT5G24270,AT5G24270:0.000250979
220610at3193,3,Zm00001eb368580,Zm00001eb368580:0.00172232,NA,NA,LOC_Os12g01080,LOC_Os12g01080:2.15876e-06,NA,NA,AT2G38080;AT3G09220,AT2G38080:1.2409e-05;AT3G09220:0.000296497
221938at2759,3,Zm00001eb378930,Zm00001eb378930:0.00230025,SORBI_3010G011200,SORBI_3010G011200:0.00189963,NA,NA,NA,NA,AT1G55490,AT1G55490:1.62826e-08
221938at3193,3,Zm00001eb378930,Zm00001eb378930:0.00230025,SORBI_3010G011200,SORBI_3010G011200:0.00189963,NA,NA,NA,NA,AT1G55490,AT1G55490:1.62826e-08
221938at33090,3,Zm00001eb378930,Zm00001eb378930:0.00230025,SORBI_3010G011200,SORBI_3010G011200:0.00189963,NA,NA,NA,NA,AT1G55490,AT1G55490:1.62826e-08
226419at2759,3,Zm00001eb110690;Zm00001eb324180,Zm00001eb110690:0.00071598;Zm00001eb324180:0.00128739,SORBI_3002G338500,SORBI_3002G338500:0.00416232,NA,NA,NA,NA,AT1G50310;AT3G19930,AT1G50310:0.000329384;AT3G19930:9.21419e-09
226419at3193,3,Zm00001eb110690;Zm00001eb324180,Zm00001eb110690:0.00071598;Zm00001eb324180:0.00128739,SORBI_3002G338500,SORBI_3002G338500:0.00416232,NA,NA,NA,NA,AT1G50310;AT3G19930,AT1G50310:0.000329384;AT3G19930:9.21419e-09
226419at33090,3,Zm00001eb110690;Zm00001eb324180,Zm00001eb110690:0.00071598;Zm00001eb324180:0.00128739,SORBI_3002G338500,SORBI_3002G338500:0.00416232,NA,NA,NA,NA,AT1G50310;AT3G19930,AT1G50310:0.000329384;AT3G19930:9.21419e-09
2480569at2759,3,NA,NA,SORBI_3001G263600,SORBI_3001G263600:0.000759097,LOC_Os07g01600,LOC_Os07g01600:0.000320311,NA,NA,AT2G40930,AT2G40930:0.000367146
256434at2759,3,Zm00001eb340330,Zm00001eb340330:0.000248758,SORBI_3003G143900,SORBI_3003G143900:0.000499291,NA,NA,HORVU.MOREX.r3.3HG0258640,HORVU.MOREX.r3.3HG0258640:0.000444159,NA,NA
2579207at2759,3,Zm00001eb406820,Zm00001eb406820:0.00147354,NA,NA,LOC_Os02g04400,LOC_Os02g04400:7.30232e-05,NA,NA,AT3G14390,AT3G14390:4.78426e-05
281993at2759,3,Zm00001eb173420;Zm00001eb295170,Zm00001eb173420:0.000800314;Zm00001eb295170:3.216e-05,NA,NA,LOC_Os08g01220,LOC_Os08g01220:0.000357076,HORVU.MOREX.r3.4HG0334450,HORVU.MOREX.r3.4HG0334450:0.000316557,NA,NA
30170at38820,3,Zm00001eb253200,Zm00001eb253200:0.000272947,SORBI_3004G255700,SORBI_3004G255700:0.00137758,NA,NA,HORVU.MOREX.r3.6HG0611040,HORVU.MOREX.r3.6HG0611040:1.26299e-05,NA,NA
30170at4447,3,Zm00001eb253200,Zm00001eb253200:0.000272947,SORBI_3004G255700,SORBI_3004G255700:0.00137758,NA,NA,HORVU.MOREX.r3.6HG0611040,HORVU.MOREX.r3.6HG0611040:1.26299e-05,NA,NA
314826at2759,3,Zm00001eb352220,Zm00001eb352220:0.000314607,NA,NA,NA,NA,HORVU.MOREX.r3.5HG0524500,HORVU.MOREX.r3.5HG0524500:0.0003068,AT5G56340,AT5G56340:0.000286918
314826at3193,3,Zm00001eb352220,Zm00001eb352220:0.000314607,NA,NA,NA,NA,HORVU.MOREX.r3.5HG0524500,HORVU.MOREX.r3.5HG0524500:0.0003068,AT5G56340,AT5G56340:0.000286918
314826at33090,3,Zm00001eb352220,Zm00001eb352220:0.000314607,NA,NA,NA,NA,HORVU.MOREX.r3.5HG0524500,HORVU.MOREX.r3.5HG0524500:0.0003068,AT5G56340,AT5G56340:0.000286918
35025at4447,3,Zm00001eb191590;Zm00001eb292850,Zm00001eb191590:2.79931e-06;Zm00001eb292850:0.00288015,SORBI_3010G234400,SORBI_3010G234400:0.00342904,NA,NA,HORVU.MOREX.r3.1HG0002020;HORVU.MOREX.r3.7HG0747490,HORVU.MOREX.r3.1HG0002020:0.00015888;HORVU.MOREX.r3.7HG0747490:9.55369e-05,NA,NA
351217at33090,3,Zm00001eb151280,Zm00001eb151280:0.000734778,SORBI_3004G185100,SORBI_3004G185100:0.00142548,NA,NA,NA,NA,AT5G58800,AT5G58800:4.74713e-05
35153at2759,3,Zm00001eb295910,Zm00001eb295910:0.0031163,NA,NA,LOC_Os08g05250,LOC_Os08g05250:0.000198573,NA,NA,AT1G01200;AT1G07410;AT5G59150,AT1G01200:0.000138129;AT1G07410:2.3443e-05;AT5G59150:4.8713e-10
36205at33090,3,Zm00001eb030890;Zm00001eb160330,Zm00001eb030890:0.00266151;Zm00001eb160330:0.000421254,NA,NA,LOC_Os12g05970,LOC_Os12g05970:0.000201603,NA,NA,AT5G24270,AT5G24270:0.000250979
37110at3193,3,Zm00001eb033760,Zm00001eb033760:0.000663113,NA,NA,LOC_Os08g04920,LOC_Os08g04920:0.000310701,NA,NA,AT5G55930,AT5G55930:0.00010152
384659at2759,3,NA,NA,NA,NA,LOC_Os01g08510,LOC_Os01g08510:0.000219197,HORVU.MOREX.r3.2HG0097190,HORVU.MOREX.r3.2HG0097190:1.07946e-06,AT3G54090,AT3G54090:0.000297801
384659at33090,3,NA,NA,NA,NA,LOC_Os01g08510,LOC_Os01g08510:0.000219197,HORVU.MOREX.r3.2HG0097190,HORVU.MOREX.r3.2HG0097190:1.07946e-06,AT3G54090,AT3G54090:0.000297801
38595at38820,3,Zm00001eb198820,Zm00001eb198820:0.000531604,SORBI_3003G368000,SORBI_3003G368000:0.00427276,NA,NA,HORVU.MOREX.r3.1HG0075890,HORVU.MOREX.r3.1HG0075890:0.000362329,NA,NA
38595at4447,3,Zm00001eb198820,Zm00001eb198820:0.000531604,SORBI_3003G368000,SORBI_3003G368000:0.00427276,NA,NA,HORVU.MOREX.r3.1HG0075890,HORVU.MOREX.r3.1HG0075890:0.000362329,NA,NA
40440at38820,3,Zm00001eb291010,Zm00001eb291010:0.00160706,SORBI_3003G335700,SORBI_3003G335700:0.00378126,LOC_Os05g04850,LOC_Os05g04850:5.29619e-05,NA,NA,NA,NA
40440at4447,3,Zm00001eb291010,Zm00001eb291010:0.00160706,SORBI_3003G335700,SORBI_3003G335700:0.00378126,LOC_Os05g04850,LOC_Os05g04850:5.29619e-05,NA,NA,NA,NA
40443at2759,3,Zm00001eb191920;Zm00001eb258330,Zm00001eb191920:0.000654793;Zm00001eb258330:0.00132468,NA,NA,NA,NA,HORVU.MOREX.r3.2HG0180680,HORVU.MOREX.r3.2HG0180680:3.32295e-05,AT5G60710,AT5G60710:0.000172933
40443at3193,3,Zm00001eb191920;Zm00001eb258330,Zm00001eb191920:0.000654793;Zm00001eb258330:0.00132468,NA,NA,NA,NA,HORVU.MOREX.r3.2HG0180680,HORVU.MOREX.r3.2HG0180680:3.32295e-05,AT5G60710,AT5G60710:0.000172933
40443at33090,3,Zm00001eb191920;Zm00001eb258330,Zm00001eb191920:0.000654793;Zm00001eb258330:0.00132468,NA,NA,NA,NA,HORVU.MOREX.r3.2HG0180680,HORVU.MOREX.r3.2HG0180680:3.32295e-05,AT5G60710,AT5G60710:0.000172933
404657at3193,3,Zm00001eb212470;Zm00001eb303080,Zm00001eb212470:0.000142213;Zm00001eb303080:5.185e-06,SORBI_3002G074200,SORBI_3002G074200:9.12302e-05,NA,NA,NA,NA,AT2G41840,AT2G41840:2.59047e-08
4350256at2759,3,Zm00001eb029710,Zm00001eb029710:6.15261e-05,SORBI_3006G232000,SORBI_3006G232000:1.30929e-06,NA,NA,NA,NA,AT1G13250;AT1G19300;AT3G01040;AT5G54690,AT1G13250:5.67847e-05;AT1G19300:0.000232437;AT3G01040:0.000174354;AT5G54690:1.43388e-08
439142at2759,3,Zm00001eb367490,Zm00001eb367490:0.00185578,SORBI_3003G374000,SORBI_3003G374000:8.36508e-05,NA,NA,NA,NA,AT4G06599,AT4G06599:0.000381917
444486at2759,3,Zm00001eb323440,Zm00001eb323440:0.00152055,SORBI_3002G329300,SORBI_3002G329300:0.000434848,NA,NA,NA,NA,AT5G54680,AT5G54680:8.18273e-05
444486at3193,3,Zm00001eb323440,Zm00001eb323440:0.00152055,SORBI_3002G329300,SORBI_3002G329300:0.000434848,NA,NA,NA,NA,AT5G54680,AT5G54680:8.18273e-05
444486at33090,3,Zm00001eb323440,Zm00001eb323440:0.00152055,SORBI_3002G329300,SORBI_3002G329300:0.000434848,NA,NA,NA,NA,AT5G54680,AT5G54680:8.18273e-05
447116at2759,3,Zm00001eb361680,Zm00001eb361680:0.00231754,NA,NA,NA,NA,HORVU.MOREX.r3.3HG0330150,HORVU.MOREX.r3.3HG0330150:0.000118251,AT3G12820;AT4G09460,AT3G12820:5.02871e-05;AT4G09460:0.000104469
44855at38820,3,Zm00001eb340330,Zm00001eb340330:0.000248758,SORBI_3003G143900,SORBI_3003G143900:0.000499291,NA,NA,HORVU.MOREX.r3.3HG0258640,HORVU.MOREX.r3.3HG0258640:0.000444159,NA,NA
44855at4447,3,Zm00001eb340330,Zm00001eb340330:0.000248758,SORBI_3003G143900,SORBI_3003G143900:0.000499291,NA,NA,HORVU.MOREX.r3.3HG0258640,HORVU.MOREX.r3.3HG0258640:0.000444159,NA,NA
4685703at2759,3,Zm00001eb427180,Zm00001eb427180:6.56978e-05,NA,NA,NA,NA,HORVU.MOREX.r3.4HG0338400,HORVU.MOREX.r3.4HG0338400:1.46913e-05,AT2G37470,AT2G37470:0.00028307
473023at3193,3,Zm00001eb340330,Zm00001eb340330:0.000248758,SORBI_3003G143900,SORBI_3003G143900:0.000499291,NA,NA,HORVU.MOREX.r3.3HG0258640,HORVU.MOREX.r3.3HG0258640:0.000444159,NA,NA
473023at33090,3,Zm00001eb340330,Zm00001eb340330:0.000248758,SORBI_3003G143900,SORBI_3003G143900:0.000499291,NA,NA,HORVU.MOREX.r3.3HG0258640,HORVU.MOREX.r3.3HG0258640:0.000444159,NA,NA
475388at2759,3,Zm00001eb257510;Zm00001eb370990,Zm00001eb257510:0.00194803;Zm00001eb370990:0.00102758,NA,NA,NA,NA,HORVU.MOREX.r3.1HG0077190,HORVU.MOREX.r3.1HG0077190:8.33141e-06,AT1G06410;AT1G68020;AT2G18700,AT1G06410:3.95378e-07;AT1G68020:7.087e-14;AT2G18700:4.64522e-06
475388at33090,3,Zm00001eb257510;Zm00001eb370990,Zm00001eb257510:0.00194803;Zm00001eb370990:0.00102758,NA,NA,NA,NA,HORVU.MOREX.r3.1HG0077190,HORVU.MOREX.r3.1HG0077190:8.33141e-06,AT1G06410;AT1G68020;AT2G18700,AT1G06410:3.95378e-07;AT1G68020:7.087e-14;AT2G18700:4.64522e-06
4755763at2759,3,Zm00001eb430440,Zm00001eb430440:7.05928e-05,NA,NA,NA,NA,HORVU.MOREX.r3.1HG0077790,HORVU.MOREX.r3.1HG0077790:0.000321882,AT5G57110,AT5G57110:0.000192997
4768297at2759,3,Zm00001eb312420,Zm00001eb312420:0.00185174,SORBI_3002G199000;SORBI_3004G255500,SORBI_3002G199000:0.00336919;SORBI_3004G255500:9.56812e-05,NA,NA,HORVU.MOREX.r3.6HG0611050,HORVU.MOREX.r3.6HG0611050:1.26299e-05,NA,NA
4804397at2759,3,Zm00001eb123200;Zm00001eb431490,Zm00001eb123200:0.000961121;Zm00001eb431490:0.00132363,NA,NA,LOC_Os05g01690;LOC_Os07g01860,LOC_Os05g01690:9.75153e-05;LOC_Os07g01860:0.000120292,NA,NA,AT1G19730;AT1G45145;AT1G59730;AT3G08710;AT5G42980,AT1G19730:0.000236994;AT1G45145:0.000298006;AT1G59730:0.000268917;AT3G08710:0.000307132;AT5G42980:3.01797e-11
4804807at2759,3,Zm00001eb186790;Zm00001eb211740,Zm00001eb186790:0.00193941;Zm00001eb211740:0.000469084,NA,NA,NA,NA,HORVU.MOREX.r3.5HG0514950,HORVU.MOREX.r3.5HG0514950:3.94953e-07,AT4G25590,AT4G25590:1.65442e-05
4805980at2759,3,Zm00001eb076810;Zm00001eb257750;Zm00001eb329580;Zm00001eb336090;Zm00001eb392370,Zm00001eb076810:0.000858878;Zm00001eb257750:4.86701e-05;Zm00001eb329580:0.00255389;Zm00001eb336090:3.59347e-05;Zm00001eb392370:0.00285296,SORBI_3002G175500,SORBI_3002G175500:2.97418e-05,NA,NA,NA,NA,AT3G12240,AT3G12240:4.14136e-06
4810817at2759,3,NA,NA,SORBI_3001G136300;SORBI_3002G278500,SORBI_3001G136300:0.000553523;SORBI_3002G278500:0.00084549,NA,NA,HORVU.MOREX.r3.4HG0334480,HORVU.MOREX.r3.4HG0334480:0.000316557,AT3G01930,AT3G01930:7.06957e-06
4819616at2759,3,Zm00001eb123230;Zm00001eb221090,Zm00001eb123230:0.00191499;Zm00001eb221090:0.00010666,NA,NA,NA,NA,HORVU.MOREX.r3.3HG0330200,HORVU.MOREX.r3.3HG0330200:6.08083e-07,AT3G53420,AT3G53420:0.000170311
4828752at2759,3,Zm00001eb165430,Zm00001eb165430:0.00252571,SORBI_3004G010000,SORBI_3004G010000:0.0030034,NA,NA,HORVU.MOREX.r3.6HG0544350,HORVU.MOREX.r3.6HG0544350:0.000443785,NA,NA
4898590at2759,3,Zm00001eb213310;Zm00001eb249430,Zm00001eb213310:0.00313742;Zm00001eb249430:0.00133748,NA,NA,NA,NA,HORVU.MOREX.r3.6HG0603550,HORVU.MOREX.r3.6HG0603550:9.53583e-05,AT3G62600,AT3G62600:6.6852e-06
4925035at2759,3,Zm00001eb030890;Zm00001eb160330,Zm00001eb030890:0.00266151;Zm00001eb160330:0.000421254,NA,NA,LOC_Os12g05970,LOC_Os12g05970:0.000201603,NA,NA,AT5G24270,AT5G24270:0.000250979
4927339at2759,3,Zm00001eb023840,Zm00001eb023840:0.002748,SORBI_3006G171400,SORBI_3006G171400:0.000252628,NA,NA,NA,NA,AT2G44740,AT2G44740:0.000197224
4971251at2759,3,Zm00001eb004030;Zm00001eb103720,Zm00001eb004030:0.000433659;Zm00001eb103720:0.00160201,SORBI_3002G279000,SORBI_3002G279000:0.00084549,NA,NA,NA,NA,AT1G47250;AT5G42790,AT1G47250:7.56742e-05;AT5G42790:6.39932e-07
4971652at2759,3,Zm00001eb075530,Zm00001eb075530:0.00217627,NA,NA,NA,NA,HORVU.MOREX.r3.4HG0413910,HORVU.MOREX.r3.4HG0413910:0.000371987,AT1G55120,AT1G55120:2.14259e-05
4973633at2759,3,Zm00001eb212470;Zm00001eb303080,Zm00001eb212470:0.000142213;Zm00001eb303080:5.185e-06,SORBI_3002G074200,SORBI_3002G074200:9.12302e-05,NA,NA,NA,NA,AT2G41840,AT2G41840:2.59047e-08
4984893at2759,3,NA,NA,SORBI_3009G044800,SORBI_3009G044800:0.00135371,NA,NA,HORVU.MOREX.r3.2HG0205830;HORVU.MOREX.r3.6HG0615160,HORVU.MOREX.r3.2HG0205830:0.00035558;HORVU.MOREX.r3.6HG0615160:1.74247e-06,AT1G26830,AT1G26830:3.1773e-06
4999845at2759,3,Zm00001eb374100,Zm00001eb374100:0.00223689,NA,NA,NA,NA,HORVU.MOREX.r3.4HG0416360,HORVU.MOREX.r3.4HG0416360:4.25702e-06,AT3G19450;AT4G34230,AT3G19450:0.000341615;AT4G34230:0.000372592
5006073at2759,3,Zm00001eb034990,Zm00001eb034990:1.50992e-05,SORBI_3006G195800,SORBI_3006G195800:0.0025775,NA,NA,HORVU.MOREX.r3.2HG0195130,HORVU.MOREX.r3.2HG0195130:0.000316317,NA,NA
5006434at2759,3,Zm00001eb072870;Zm00001eb250940,Zm00001eb072870:0.000252369;Zm00001eb250940:0.000386246,SORBI_3004G279300,SORBI_3004G279300:0.0018205,LOC_Os01g01560,LOC_Os01g01560:0.000114579,NA,NA,NA,NA
5010211at2759,3,Zm00001eb301430,Zm00001eb301430:0.000369779,NA,NA,NA,NA,HORVU.MOREX.r3.1HG0088870,HORVU.MOREX.r3.1HG0088870:0.000207334,AT5G60790,AT5G60790:0.000136546
5013265at2759,3,Zm00001eb012470;Zm00001eb368000,Zm00001eb012470:0.00264441;Zm00001eb368000:0.000250874,SORBI_3004G011700,SORBI_3004G011700:0.00211111,NA,NA,NA,NA,AT1G09080;AT5G28540,AT1G09080:7.59288e-07;AT5G28540:0.000377163
5014650at2759,3,Zm00001eb219040;Zm00001eb283020,Zm00001eb219040:0.00295131;Zm00001eb283020:0.000208962,SORBI_3010G239900,SORBI_3010G239900:0.000658726,NA,NA,NA,NA,AT1G15550;AT3G13610,AT1G15550:9.80916e-05;AT3G13610:0.000381892
5015379at2759,3,Zm00001eb253200,Zm00001eb253200:0.000272947,SORBI_3004G255700,SORBI_3004G255700:0.00137758,NA,NA,HORVU.MOREX.r3.6HG0611040,HORVU.MOREX.r3.6HG0611040:1.26299e-05,NA,NA
5023905at2759,3,Zm00001eb255140,Zm00001eb255140:3.8483e-05,NA,NA,NA,NA,HORVU.MOREX.r3.2HG0183860,HORVU.MOREX.r3.2HG0183860:5.15291e-06,AT1G78060,AT1G78060:7.617e-05
503753at2759,3,NA,NA,SORBI_3004G255100,SORBI_3004G255100:9.56812e-05,LOC_Os09g02530,LOC_Os09g02530:3.16728e-05,HORVU.MOREX.r3.6HG0611070,HORVU.MOREX.r3.6HG0611070:1.26299e-05,NA,NA
503753at3193,3,NA,NA,SORBI_3004G255100,SORBI_3004G255100:9.56812e-05,LOC_Os09g02530,LOC_Os09g02530:3.16728e-05,HORVU.MOREX.r3.6HG0611070,HORVU.MOREX.r3.6HG0611070:1.26299e-05,NA,NA
503753at33090,3,NA,NA,SORBI_3004G255100,SORBI_3004G255100:9.56812e-05,LOC_Os09g02530,LOC_Os09g02530:3.16728e-05,HORVU.MOREX.r3.6HG0611070,HORVU.MOREX.r3.6HG0611070:1.26299e-05,NA,NA
505447at2759,3,Zm00001eb004630,Zm00001eb004630:0.000476707,NA,NA,LOC_Os11g05820,LOC_Os11g05820:7.81212e-07,NA,NA,AT4G14746,AT4G14746:0.000108787
505447at3193,3,Zm00001eb004630,Zm00001eb004630:0.000476707,NA,NA,LOC_Os11g05820,LOC_Os11g05820:7.81212e-07,NA,NA,AT4G14746,AT4G14746:0.000108787
505447at33090,3,Zm00001eb004630,Zm00001eb004630:0.000476707,NA,NA,LOC_Os11g05820,LOC_Os11g05820:7.81212e-07,NA,NA,AT4G14746,AT4G14746:0.000108787
516269at2759,3,Zm00001eb093490;Zm00001eb107700;Zm00001eb163560;Zm00001eb253160,Zm00001eb093490:2.68125e-06;Zm00001eb107700:0.00116888;Zm00001eb163560:0.000375981;Zm00001eb253160:0.000272947,NA,NA,LOC_Os07g05810,LOC_Os07g05810:4.32846e-05,NA,NA,AT1G06890;AT5G42420;AT5G57100,AT1G06890:0.000138099;AT5G42420:3.48747e-07;AT5G57100:0.000267041
523026at3193,3,Zm00001eb256120,Zm00001eb256120:0.0025409,SORBI_3004G009900,SORBI_3004G009900:0.0030034,LOC_Os06g02100,LOC_Os06g02100:4.29036e-06,NA,NA,NA,NA
523026at33090,3,Zm00001eb256120,Zm00001eb256120:0.0025409,SORBI_3004G009900,SORBI_3004G009900:0.0030034,LOC_Os06g02100,LOC_Os06g02100:4.29036e-06,NA,NA,NA,NA
530731at2759,3,Zm00001eb193600,Zm00001eb193600:0.00238707,SORBI_3001G066900,SORBI_3001G066900:0.00102495,NA,NA,NA,NA,AT4G28320,AT4G28320:1.29232e-06
530731at33090,3,Zm00001eb193600,Zm00001eb193600:0.00238707,SORBI_3001G066900,SORBI_3001G066900:0.00102495,NA,NA,NA,NA,AT4G28320,AT4G28320:1.29232e-06
533082at3193,3,Zm00001eb198820,Zm00001eb198820:0.000531604,SORBI_3003G368000,SORBI_3003G368000:0.00427276,NA,NA,HORVU.MOREX.r3.1HG0075890,HORVU.MOREX.r3.1HG0075890:0.000362329,NA,NA
534218at33090,3,Zm00001eb123200;Zm00001eb431490,Zm00001eb123200:0.000961121;Zm00001eb431490:0.00132363,NA,NA,LOC_Os05g01690;LOC_Os07g01860,LOC_Os05g01690:9.75153e-05;LOC_Os07g01860:0.000120292,NA,NA,AT1G19730;AT1G45145;AT1G59730;AT3G08710;AT5G42980,AT1G19730:0.000236994;AT1G45145:0.000298006;AT1G59730:0.000268917;AT3G08710:0.000307132;AT5G42980:3.01797e-11
534450at2759,3,Zm00001eb151280,Zm00001eb151280:0.000734778,SORBI_3004G185100,SORBI_3004G185100:0.00142548,NA,NA,NA,NA,AT5G58800,AT5G58800:4.74713e-05
549788at2759,3,Zm00001eb134870,Zm00001eb134870:0.00152692,SORBI_3001G080600,SORBI_3001G080600:0.00352494,NA,NA,NA,NA,AT5G67390,AT5G67390:0.000377511
549788at3193,3,Zm00001eb134870,Zm00001eb134870:0.00152692,SORBI_3001G080600,SORBI_3001G080600:0.00352494,NA,NA,NA,NA,AT5G67390,AT5G67390:0.000377511
549788at33090,3,Zm00001eb134870,Zm00001eb134870:0.00152692,SORBI_3001G080600,SORBI_3001G080600:0.00352494,NA,NA,NA,NA,AT5G67390,AT5G67390:0.000377511
584499at2759,3,Zm00001eb191650;Zm00001eb258520,Zm00001eb191650:0.000965105;Zm00001eb258520:0.00019597,NA,NA,LOC_Os12g05950,LOC_Os12g05950:0.000343633,HORVU.MOREX.r3.6HG0627940,HORVU.MOREX.r3.6HG0627940:4.33629e-09,NA,NA
585142at33090,3,Zm00001eb075530,Zm00001eb075530:0.00217627,NA,NA,NA,NA,HORVU.MOREX.r3.4HG0413910,HORVU.MOREX.r3.4HG0413910:0.000371987,AT1G55120,AT1G55120:2.14259e-05
587765at33090,3,Zm00001eb326840,Zm00001eb326840:3.50559e-05,NA,NA,NA,NA,HORVU.MOREX.r3.4HG0417300,HORVU.MOREX.r3.4HG0417300:0.000397978,AT1G51410;AT1G68540;AT2G33590;AT2G33600,AT1G51410:3.00002e-05;AT1G68540:3.12181e-09;AT2G33590:0.000279331;AT2G33600:0.000279331
588055at2759,3,Zm00001eb324170,Zm00001eb324170:0.00128739,SORBI_3002G338400,SORBI_3002G338400:0.00416232,NA,NA,NA,NA,AT5G54240,AT5G54240:0.000243093
588055at3193,3,Zm00001eb324170,Zm00001eb324170:0.00128739,SORBI_3002G338400,SORBI_3002G338400:0.00416232,NA,NA,NA,NA,AT5G54240,AT5G54240:0.000243093
588055at33090,3,Zm00001eb324170,Zm00001eb324170:0.00128739,SORBI_3002G338400,SORBI_3002G338400:0.00416232,NA,NA,NA,NA,AT5G54240,AT5G54240:0.000243093
589442at2759,3,NA,NA,SORBI_3010G250800,SORBI_3010G250800:0.00289695,NA,NA,HORVU.MOREX.r3.2HG0192380,HORVU.MOREX.r3.2HG0192380:6.20218e-05,AT2G19160,AT2G19160:0.000103213
589442at3193,3,NA,NA,SORBI_3010G250800,SORBI_3010G250800:0.00289695,NA,NA,HORVU.MOREX.r3.2HG0192380,HORVU.MOREX.r3.2HG0192380:6.20218e-05,AT2G19160,AT2G19160:0.000103213
589442at33090,3,NA,NA,SORBI_3010G250800,SORBI_3010G250800:0.00289695,NA,NA,HORVU.MOREX.r3.2HG0192380,HORVU.MOREX.r3.2HG0192380:6.20218e-05,AT2G19160,AT2G19160:0.000103213
592385at2759,3,Zm00001eb303110;Zm00001eb304560,Zm00001eb303110:0.00218491;Zm00001eb304560:0.000248679,SORBI_3009G063400,SORBI_3009G063400:0.000364751,NA,NA,HORVU.MOREX.r3.2HG0111610,HORVU.MOREX.r3.2HG0111610:2.16575e-07,NA,NA
592385at3193,3,Zm00001eb303110;Zm00001eb304560,Zm00001eb303110:0.00218491;Zm00001eb304560:0.000248679,SORBI_3009G063400,SORBI_3009G063400:0.000364751,NA,NA,HORVU.MOREX.r3.2HG0111610,HORVU.MOREX.r3.2HG0111610:2.16575e-07,NA,NA
592385at33090,3,Zm00001eb303110;Zm00001eb304560,Zm00001eb303110:0.00218491;Zm00001eb304560:0.000248679,SORBI_3009G063400,SORBI_3009G063400:0.000364751,NA,NA,HORVU.MOREX.r3.2HG0111610,HORVU.MOREX.r3.2HG0111610:2.16575e-07,NA,NA
595263at2759,3,Zm00001eb161660,Zm00001eb161660:0.000691314,NA,NA,NA,NA,HORVU.MOREX.r3.2HG0169290,HORVU.MOREX.r3.2HG0169290:8.88054e-05,AT2G01170,AT2G01170:6.65382e-05
595263at33090,3,Zm00001eb161660,Zm00001eb161660:0.000691314,NA,NA,NA,NA,HORVU.MOREX.r3.2HG0169290,HORVU.MOREX.r3.2HG0169290:8.88054e-05,AT2G01170,AT2G01170:6.65382e-05
595358at33090,3,Zm00001eb255140,Zm00001eb255140:3.8483e-05,NA,NA,NA,NA,HORVU.MOREX.r3.2HG0183860,HORVU.MOREX.r3.2HG0183860:5.15291e-06,AT1G78060,AT1G78060:7.617e-05
601600at3193,3,Zm00001eb107700,Zm00001eb107700:0.00116888,NA,NA,LOC_Os07g05810,LOC_Os07g05810:4.32846e-05,NA,NA,AT5G42420,AT5G42420:3.48747e-07
601600at33090,3,Zm00001eb093490;Zm00001eb107700;Zm00001eb163560;Zm00001eb253160,Zm00001eb093490:2.68125e-06;Zm00001eb107700:0.00116888;Zm00001eb163560:0.000375981;Zm00001eb253160:0.000272947,NA,NA,LOC_Os07g05810,LOC_Os07g05810:4.32846e-05,NA,NA,AT1G06890;AT5G42420;AT5G57100,AT1G06890:0.000138099;AT5G42420:3.48747e-07;AT5G57100:0.000267041
608312at3193,3,Zm00001eb173420;Zm00001eb295170,Zm00001eb173420:0.000800314;Zm00001eb295170:3.216e-05,NA,NA,LOC_Os08g01220,LOC_Os08g01220:0.000357076,HORVU.MOREX.r3.4HG0334450,HORVU.MOREX.r3.4HG0334450:0.000316557,NA,NA
611080at2759,3,Zm00001eb059850,Zm00001eb059850:0.0011508,SORBI_3003G431700,SORBI_3003G431700:2.39386e-06,NA,NA,HORVU.MOREX.r3.7HG0636640,HORVU.MOREX.r3.7HG0636640:2.35979e-05,NA,NA
611080at33090,3,Zm00001eb059850,Zm00001eb059850:0.0011508,SORBI_3003G431700,SORBI_3003G431700:2.39386e-06,NA,NA,HORVU.MOREX.r3.7HG0636640,HORVU.MOREX.r3.7HG0636640:2.35979e-05,NA,NA
612739at3193,3,Zm00001eb253200,Zm00001eb253200:0.000272947,SORBI_3004G255700,SORBI_3004G255700:0.00137758,NA,NA,HORVU.MOREX.r3.6HG0611040,HORVU.MOREX.r3.6HG0611040:1.26299e-05,NA,NA
617594at2759,3,Zm00001eb191590;Zm00001eb292850,Zm00001eb191590:2.79931e-06;Zm00001eb292850:0.00288015,SORBI_3010G234400,SORBI_3010G234400:0.00342904,NA,NA,HORVU.MOREX.r3.1HG0002020;HORVU.MOREX.r3.7HG0747490,HORVU.MOREX.r3.1HG0002020:0.00015888;HORVU.MOREX.r3.7HG0747490:9.55369e-05,NA,NA
617594at3193,3,Zm00001eb191590;Zm00001eb292850,Zm00001eb191590:2.79931e-06;Zm00001eb292850:0.00288015,SORBI_3010G234400,SORBI_3010G234400:0.00342904,NA,NA,HORVU.MOREX.r3.1HG0002020;HORVU.MOREX.r3.7HG0747490,HORVU.MOREX.r3.1HG0002020:0.00015888;HORVU.MOREX.r3.7HG0747490:9.55369e-05,NA,NA
617594at33090,3,Zm00001eb191590;Zm00001eb292850,Zm00001eb191590:2.79931e-06;Zm00001eb292850:0.00288015,SORBI_3010G234400,SORBI_3010G234400:0.00342904,NA,NA,HORVU.MOREX.r3.1HG0002020;HORVU.MOREX.r3.7HG0747490,HORVU.MOREX.r3.1HG0002020:0.00015888;HORVU.MOREX.r3.7HG0747490:9.55369e-05,NA,NA
623441at2759,3,NA,NA,SORBI_3002G174000;SORBI_3002G321300,SORBI_3002G174000:0.00202317;SORBI_3002G321300:0.000861879,NA,NA,HORVU.MOREX.r3.5HG0538180,HORVU.MOREX.r3.5HG0538180:6.78541e-08,AT2G26910,AT2G26910:0.000218426
623441at3193,3,NA,NA,SORBI_3002G174000;SORBI_3002G321300,SORBI_3002G174000:0.00202317;SORBI_3002G321300:0.000861879,NA,NA,HORVU.MOREX.r3.5HG0538180,HORVU.MOREX.r3.5HG0538180:6.78541e-08,AT2G26910,AT2G26910:0.000218426
623441at33090,3,NA,NA,SORBI_3002G174000;SORBI_3002G321300,SORBI_3002G174000:0.00202317;SORBI_3002G321300:0.000861879,NA,NA,HORVU.MOREX.r3.5HG0538180,HORVU.MOREX.r3.5HG0538180:6.78541e-08,AT2G26910,AT2G26910:0.000218426
625168at33090,3,Zm00001eb009430;Zm00001eb275250;Zm00001eb388960,Zm00001eb009430:4.14329e-05;Zm00001eb275250:0.000234077;Zm00001eb388960:0.000501385,NA,NA,NA,NA,HORVU.MOREX.r3.2HG0097440,HORVU.MOREX.r3.2HG0097440:2.14869e-05,AT4G37680,AT4G37680:0.000103145
625738at33090,3,Zm00001eb102470;Zm00001eb194740,Zm00001eb102470:8.13015e-05;Zm00001eb194740:0.00104456,SORBI_3001G080200,SORBI_3001G080200:0.00385571,NA,NA,NA,NA,AT5G40150,AT5G40150:4.06871e-05
62591at33090,3,Zm00001eb165430,Zm00001eb165430:0.00252571,SORBI_3004G010000,SORBI_3004G010000:0.0030034,NA,NA,HORVU.MOREX.r3.6HG0544350,HORVU.MOREX.r3.6HG0544350:0.000443785,NA,NA
628673at3193,3,Zm00001eb159580,Zm00001eb159580:0.00094868,SORBI_3009G250200,SORBI_3009G250200:0.000769411,NA,NA,NA,NA,AT5G41800,AT5G41800:9.55784e-05
629054at3193,3,Zm00001eb255140,Zm00001eb255140:3.8483e-05,NA,NA,NA,NA,HORVU.MOREX.r3.2HG0183860,HORVU.MOREX.r3.2HG0183860:5.15291e-06,AT1G78060,AT1G78060:7.617e-05
630100at33090,3,Zm00001eb076810;Zm00001eb257750;Zm00001eb329580;Zm00001eb336090;Zm00001eb392370,Zm00001eb076810:0.000858878;Zm00001eb257750:4.86701e-05;Zm00001eb329580:0.00255389;Zm00001eb336090:3.59347e-05;Zm00001eb392370:0.00285296,SORBI_3002G175500,SORBI_3002G175500:2.97418e-05,NA,NA,NA,NA,AT3G12240,AT3G12240:4.14136e-06
633248at2759,3,Zm00001eb430930,Zm00001eb430930:0.00101822,SORBI_3006G215100,SORBI_3006G215100:0.0016607,NA,NA,NA,NA,AT1G16520,AT1G16520:1.23373e-07
633248at3193,3,Zm00001eb430930,Zm00001eb430930:0.00101822,SORBI_3006G215100,SORBI_3006G215100:0.0016607,NA,NA,NA,NA,AT1G16520,AT1G16520:1.23373e-07
633248at33090,3,Zm00001eb430930,Zm00001eb430930:0.00101822,SORBI_3006G215100,SORBI_3006G215100:0.0016607,NA,NA,NA,NA,AT1G16520,AT1G16520:1.23373e-07
633362at33090,3,NA,NA,SORBI_3001G136300;SORBI_3002G278500,SORBI_3001G136300:0.000553523;SORBI_3002G278500:0.00084549,NA,NA,HORVU.MOREX.r3.4HG0334480,HORVU.MOREX.r3.4HG0334480:0.000316557,AT3G01930,AT3G01930:7.06957e-06
635367at2759,3,Zm00001eb294860,Zm00001eb294860:0.00143411,NA,NA,NA,NA,HORVU.MOREX.r3.1HG0082770,HORVU.MOREX.r3.1HG0082770:0.00015713,AT1G68230;AT4G23630,AT1G68230:6.24174e-06;AT4G23630:3.2832e-06
635367at33090,3,Zm00001eb294860,Zm00001eb294860:0.00143411,NA,NA,NA,NA,HORVU.MOREX.r3.1HG0082770,HORVU.MOREX.r3.1HG0082770:0.00015713,AT1G68230;AT4G23630,AT1G68230:6.24174e-06;AT4G23630:3.2832e-06
635728at2759,3,Zm00001eb080050,Zm00001eb080050:2.00205e-05,SORBI_3003G376000,SORBI_3003G376000:0.000684675,NA,NA,NA,NA,AT1G44100,AT1G44100:3.46193e-05
635728at33090,3,Zm00001eb080050,Zm00001eb080050:2.00205e-05,SORBI_3003G376000,SORBI_3003G376000:0.000684675,NA,NA,NA,NA,AT1G44100,AT1G44100:3.46193e-05
638531at3193,3,Zm00001eb012470;Zm00001eb368000,Zm00001eb012470:0.00264441;Zm00001eb368000:0.000250874,SORBI_3004G011700,SORBI_3004G011700:0.00211111,NA,NA,NA,NA,AT1G09080;AT5G28540,AT1G09080:7.59288e-07;AT5G28540:0.000377163
638576at33090,3,Zm00001eb034990,Zm00001eb034990:1.50992e-05,SORBI_3006G195800,SORBI_3006G195800:0.0025775,NA,NA,HORVU.MOREX.r3.2HG0195130,HORVU.MOREX.r3.2HG0195130:0.000316317,NA,NA
638616at33090,3,Zm00001eb012340;Zm00001eb402260,Zm00001eb012340:0.00114442;Zm00001eb402260:0.00253203,SORBI_3002G180000,SORBI_3002G180000:7.63918e-09,NA,NA,NA,NA,AT2G02800,AT2G02800:3.79819e-05
644422at2759,3,Zm00001eb072900,Zm00001eb072900:0.00314327,SORBI_3004G279700,SORBI_3004G279700:0.0018205,NA,NA,NA,NA,AT5G56550,AT5G56550:8.66297e-05
644422at3193,3,Zm00001eb072900,Zm00001eb072900:0.00314327,SORBI_3004G279700,SORBI_3004G279700:0.0018205,NA,NA,NA,NA,AT5G56550,AT5G56550:8.66297e-05
644422at33090,3,Zm00001eb072900,Zm00001eb072900:0.00314327,SORBI_3004G279700,SORBI_3004G279700:0.0018205,NA,NA,NA,NA,AT5G56550,AT5G56550:8.66297e-05
646613at2759,3,Zm00001eb155450;Zm00001eb242750,Zm00001eb155450:0.000371846;Zm00001eb242750:0.0003246,NA,NA,LOC_Os08g04600,LOC_Os08g04600:0.000205061,HORVU.MOREX.r3.7HG0730510,HORVU.MOREX.r3.7HG0730510:0.000124832,NA,NA
649844at3193,3,Zm00001eb406820,Zm00001eb406820:0.00147354,NA,NA,LOC_Os02g04400,LOC_Os02g04400:7.30232e-05,NA,NA,AT3G14390,AT3G14390:4.78426e-05
650970at2759,3,Zm00001eb207430,Zm00001eb207430:3.57727e-06,NA,NA,NA,NA,HORVU.MOREX.r3.7HG0735560,HORVU.MOREX.r3.7HG0735560:6.7622e-06,AT1G52540;AT3G09010,AT1G52540:4.39047e-05;AT3G09010:0.000310533
650970at3193,3,Zm00001eb207430,Zm00001eb207430:3.57727e-06,NA,NA,NA,NA,HORVU.MOREX.r3.7HG0735560,HORVU.MOREX.r3.7HG0735560:6.7622e-06,AT3G09010,AT3G09010:0.000310533
650970at33090,3,Zm00001eb207430,Zm00001eb207430:3.57727e-06,NA,NA,NA,NA,HORVU.MOREX.r3.7HG0735560,HORVU.MOREX.r3.7HG0735560:6.7622e-06,AT3G09010,AT3G09010:0.000310533
65976at33090,3,Zm00001eb123230;Zm00001eb221090,Zm00001eb123230:0.00191499;Zm00001eb221090:0.00010666,NA,NA,NA,NA,HORVU.MOREX.r3.3HG0330200,HORVU.MOREX.r3.3HG0330200:6.08083e-07,AT3G53420,AT3G53420:0.000170311
659852at2759,3,Zm00001eb265410,Zm00001eb265410:0.00100188,NA,NA,LOC_Os05g01250,LOC_Os05g01250:4.2861e-05,NA,NA,AT5G60410,AT5G60410:2.6147e-10
659852at3193,3,Zm00001eb265410,Zm00001eb265410:0.00100188,NA,NA,LOC_Os05g01250,LOC_Os05g01250:4.2861e-05,NA,NA,AT5G60410,AT5G60410:2.6147e-10
659852at33090,3,Zm00001eb265410,Zm00001eb265410:0.00100188,NA,NA,LOC_Os05g01250,LOC_Os05g01250:4.2861e-05,NA,NA,AT5G60410,AT5G60410:2.6147e-10
664997at2759,3,Zm00001eb117240,Zm00001eb117240:0.000344269,SORBI_3009G134600,SORBI_3009G134600:0.000135321,NA,NA,NA,NA,AT3G05120,AT3G05120:6.06507e-05
66640at38820,3,Zm00001eb225480;Zm00001eb324200,Zm00001eb225480:0.00120382;Zm00001eb324200:0.00128739,SORBI_3002G338700,SORBI_3002G338700:0.00416232,NA,NA,HORVU.MOREX.r3.7HG0731950,HORVU.MOREX.r3.7HG0731950:2.12619e-05,NA,NA
66640at4447,3,Zm00001eb225480;Zm00001eb324200,Zm00001eb225480:0.00120382;Zm00001eb324200:0.00128739,SORBI_3002G338700,SORBI_3002G338700:0.00416232,NA,NA,HORVU.MOREX.r3.7HG0731950,HORVU.MOREX.r3.7HG0731950:2.12619e-05,NA,NA
667822at3193,3,Zm00001eb433490,Zm00001eb433490:0.000242074,NA,NA,LOC_Os08g01008,LOC_Os08g01008:0.000209498,NA,NA,AT3G07565,AT3G07565:8.36688e-05
672463at2759,3,Zm00001eb429450,Zm00001eb429450:0.00122872,NA,NA,LOC_Os04g05550,LOC_Os04g05550:0.000101938,NA,NA,AT4G00150,AT4G00150:0.000260889
672463at3193,3,Zm00001eb429450,Zm00001eb429450:0.00122872,NA,NA,LOC_Os04g05550,LOC_Os04g05550:0.000101938,NA,NA,AT4G00150,AT4G00150:0.000260889
672463at33090,3,Zm00001eb429450,Zm00001eb429450:0.00122872,NA,NA,LOC_Os04g05550,LOC_Os04g05550:0.000101938,NA,NA,AT4G00150,AT4G00150:0.000260889
67767at3193,3,Zm00001eb427180,Zm00001eb427180:6.56978e-05,NA,NA,NA,NA,HORVU.MOREX.r3.4HG0338400,HORVU.MOREX.r3.4HG0338400:1.46913e-05,AT2G37470,AT2G37470:0.00028307
679576at2759,3,Zm00001eb030190;Zm00001eb058370;Zm00001eb214230,Zm00001eb030190:0.000273143;Zm00001eb058370:0.00194734;Zm00001eb214230:0.00304524,SORBI_3001G079500,SORBI_3001G079500:0.00159137,NA,NA,NA,NA,AT3G19580,AT3G19580:3.58938e-06
679576at3193,3,Zm00001eb030190;Zm00001eb058370;Zm00001eb214230,Zm00001eb030190:0.000273143;Zm00001eb058370:0.00194734;Zm00001eb214230:0.00304524,SORBI_3001G079500,SORBI_3001G079500:0.00159137,NA,NA,NA,NA,AT3G19580,AT3G19580:3.58938e-06
679576at33090,3,Zm00001eb030190;Zm00001eb058370;Zm00001eb214230,Zm00001eb030190:0.000273143;Zm00001eb058370:0.00194734;Zm00001eb214230:0.00304524,SORBI_3001G079500,SORBI_3001G079500:0.00159137,NA,NA,NA,NA,AT3G19580,AT3G19580:3.58938e-06
688571at2759,3,Zm00001eb363490,Zm00001eb363490:0.00140661,SORBI_3003G416500,SORBI_3003G416500:0.000474187,NA,NA,NA,NA,AT3G16510,AT3G16510:0.000194249
688571at3193,3,Zm00001eb363490,Zm00001eb363490:0.00140661,SORBI_3003G416500,SORBI_3003G416500:0.000474187,NA,NA,NA,NA,AT3G16510,AT3G16510:0.000194249
688571at33090,3,Zm00001eb363490,Zm00001eb363490:0.00140661,SORBI_3003G416500,SORBI_3003G416500:0.000474187,NA,NA,NA,NA,AT3G16510,AT3G16510:0.000194249
698485at3193,3,Zm00001eb400530,Zm00001eb400530:0.00223162,NA,NA,LOC_Os12g01090,LOC_Os12g01090:0.00031442,HORVU.MOREX.r3.4HG0397900,HORVU.MOREX.r3.4HG0397900:8.10545e-05,NA,NA
698485at33090,3,Zm00001eb400530,Zm00001eb400530:0.00223162,NA,NA,LOC_Os12g01090,LOC_Os12g01090:0.00031442,HORVU.MOREX.r3.4HG0397900,HORVU.MOREX.r3.4HG0397900:8.10545e-05,NA,NA
699175at3193,3,Zm00001eb172420,Zm00001eb172420:0.00175539,NA,NA,NA,NA,HORVU.MOREX.r3.3HG0330120,HORVU.MOREX.r3.3HG0330120:1.1214e-05,AT5G54160,AT5G54160:2.05739e-07
705275at2759,3,Zm00001eb004710,Zm00001eb004710:0.00247671,NA,NA,LOC_Os07g04370,LOC_Os07g04370:0.000188778,NA,NA,AT4G28720,AT4G28720:5.03606e-06
705275at3193,3,Zm00001eb004710,Zm00001eb004710:0.00247671,NA,NA,LOC_Os07g04370,LOC_Os07g04370:0.000188778,NA,NA,AT4G28720,AT4G28720:5.03606e-06
705275at33090,3,Zm00001eb004710,Zm00001eb004710:0.00247671,NA,NA,LOC_Os07g04370,LOC_Os07g04370:0.000188778,NA,NA,AT4G28720,AT4G28720:5.03606e-06
705727at2759,3,Zm00001eb366700,Zm00001eb366700:0.00205554,SORBI_3003G368100,SORBI_3003G368100:0.00427276,NA,NA,NA,NA,AT3G03480,AT3G03480:1.61961e-05
717333at3193,3,Zm00001eb072810;Zm00001eb213240;Zm00001eb213280;Zm00001eb408020,Zm00001eb072810:0.000230722;Zm00001eb213240:0.00313742;Zm00001eb213280:0.00313742;Zm00001eb408020:2.51041e-06,SORBI_3004G279100,SORBI_3004G279100:0.00292991,NA,NA,NA,NA,AT4G09570,AT4G09570:0.000184583
718845at3193,3,Zm00001eb123200,Zm00001eb123200:0.000961121,NA,NA,LOC_Os05g01690,LOC_Os05g01690:9.75153e-05,NA,NA,AT3G08710,AT3G08710:0.000307132
723263at33090,3,Zm00001eb012470;Zm00001eb368000,Zm00001eb012470:0.00264441;Zm00001eb368000:0.000250874,SORBI_3004G011700,SORBI_3004G011700:0.00211111,NA,NA,NA,NA,AT1G09080;AT5G28540,AT1G09080:7.59288e-07;AT5G28540:0.000377163
745445at33090,3,Zm00001eb212470;Zm00001eb303080,Zm00001eb212470:0.000142213;Zm00001eb303080:5.185e-06,SORBI_3002G074200,SORBI_3002G074200:9.12302e-05,NA,NA,NA,NA,AT2G41840,AT2G41840:2.59047e-08
748493at2759,3,Zm00001eb211260,Zm00001eb211260:0.000535625,NA,NA,NA,NA,HORVU.MOREX.r3.2HG0097620,HORVU.MOREX.r3.2HG0097620:7.17648e-05,AT5G35525,AT5G35525:1.63063e-07
748493at33090,3,Zm00001eb211260,Zm00001eb211260:0.000535625,NA,NA,NA,NA,HORVU.MOREX.r3.2HG0097620,HORVU.MOREX.r3.2HG0097620:7.17648e-05,AT5G35525,AT5G35525:1.63063e-07
749080at33090,3,Zm00001eb406820,Zm00001eb406820:0.00147354,NA,NA,LOC_Os02g04400,LOC_Os02g04400:7.30232e-05,NA,NA,AT3G14390,AT3G14390:4.78426e-05
761926at2759,3,Zm00001eb433490,Zm00001eb433490:0.000242074,NA,NA,LOC_Os08g01008,LOC_Os08g01008:0.000209498,NA,NA,AT3G07565,AT3G07565:8.36688e-05
761926at33090,3,Zm00001eb433490,Zm00001eb433490:0.000242074,NA,NA,LOC_Os08g01008,LOC_Os08g01008:0.000209498,NA,NA,AT3G07565,AT3G07565:8.36688e-05
764414at2759,3,NA,NA,SORBI_3001G196000,SORBI_3001G196000:0.001795,NA,NA,HORVU.MOREX.r3.2HG0169240,HORVU.MOREX.r3.2HG0169240:0.000101974,AT4G39050,AT4G39050:0.000100747
764414at33090,3,NA,NA,SORBI_3001G196000,SORBI_3001G196000:0.001795,NA,NA,HORVU.MOREX.r3.2HG0169240,HORVU.MOREX.r3.2HG0169240:0.000101974,AT4G39050,AT4G39050:0.000100747
772967at33090,3,Zm00001eb072870;Zm00001eb250940,Zm00001eb072870:0.000252369;Zm00001eb250940:0.000386246,SORBI_3004G279300,SORBI_3004G279300:0.0018205,LOC_Os01g01560,LOC_Os01g01560:0.000114579,NA,NA,NA,NA
775439at33090,3,Zm00001eb253200,Zm00001eb253200:0.000272947,SORBI_3004G255700,SORBI_3004G255700:0.00137758,NA,NA,HORVU.MOREX.r3.6HG0611040,HORVU.MOREX.r3.6HG0611040:1.26299e-05,NA,NA
785990at2759,3,Zm00001eb159580,Zm00001eb159580:0.00094868,SORBI_3009G250200,SORBI_3009G250200:0.000769411,NA,NA,NA,NA,AT2G39890;AT5G41800,AT2G39890:1.28384e-05;AT5G41800:9.55784e-05
785990at33090,3,Zm00001eb159580,Zm00001eb159580:0.00094868,SORBI_3009G250200,SORBI_3009G250200:0.000769411,NA,NA,NA,NA,AT2G39890;AT5G41800,AT2G39890:1.28384e-05;AT5G41800:9.55784e-05
786471at33090,3,Zm00001eb427180,Zm00001eb427180:6.56978e-05,NA,NA,NA,NA,HORVU.MOREX.r3.4HG0338400,HORVU.MOREX.r3.4HG0338400:1.46913e-05,AT2G37470,AT2G37470:0.00028307
787554at2759,3,Zm00001eb072810;Zm00001eb107190;Zm00001eb110250;Zm00001eb212430;Zm00001eb213240;Zm00001eb213280;Zm00001eb328990;Zm00001eb368360;Zm00001eb394250;Zm00001eb408020;Zm00001eb411450,Zm00001eb072810:0.000230722;Zm00001eb107190:0.00272225;Zm00001eb110250:0.0030538;Zm00001eb212430:0.000142213;Zm00001eb213240:0.00313742;Zm00001eb213280:0.00313742;Zm00001eb328990:0.00103518;Zm00001eb368360:0.0011419;Zm00001eb394250:0.00203288;Zm00001eb408020:2.51041e-06;Zm00001eb411450:0.000701555,SORBI_3001G361300;SORBI_3004G279100,SORBI_3001G361300:0.00231401;SORBI_3004G279100:0.00292991,NA,NA,NA,NA,AT2G41860;AT3G51850;AT4G09570;AT4G23650,AT2G41860:0.000202491;AT3G51850:1.12613e-05;AT4G09570:0.000184583;AT4G23650:3.2832e-06
787554at33090,3,Zm00001eb072810;Zm00001eb107190;Zm00001eb212430;Zm00001eb213240;Zm00001eb213280;Zm00001eb368360;Zm00001eb408020;Zm00001eb411450,Zm00001eb072810:0.000230722;Zm00001eb107190:0.00272225;Zm00001eb212430:0.000142213;Zm00001eb213240:0.00313742;Zm00001eb213280:0.00313742;Zm00001eb368360:0.0011419;Zm00001eb408020:2.51041e-06;Zm00001eb411450:0.000701555,SORBI_3004G279100,SORBI_3004G279100:0.00292991,NA,NA,NA,NA,AT2G41860;AT3G51850;AT4G09570;AT4G23650,AT2G41860:0.000202491;AT3G51850:1.12613e-05;AT4G09570:0.000184583;AT4G23650:3.2832e-06
787774at33090,3,Zm00001eb301430,Zm00001eb301430:0.000369779,NA,NA,NA,NA,HORVU.MOREX.r3.1HG0088870,HORVU.MOREX.r3.1HG0088870:0.000207334,AT5G60790,AT5G60790:0.000136546
787791at33090,3,Zm00001eb430440,Zm00001eb430440:7.05928e-05,NA,NA,NA,NA,HORVU.MOREX.r3.1HG0077790,HORVU.MOREX.r3.1HG0077790:0.000321882,AT5G57110,AT5G57110:0.000192997
788495at2759,3,Zm00001eb012340;Zm00001eb402260,Zm00001eb012340:0.00114442;Zm00001eb402260:0.00253203,SORBI_3002G137000;SORBI_3002G180000,SORBI_3002G137000:0.000278337;SORBI_3002G180000:7.63918e-09,NA,NA,NA,NA,AT2G02800,AT2G02800:3.79819e-05
788555at33090,3,NA,NA,NA,NA,LOC_Os12g05740,LOC_Os12g05740:0.000130845,HORVU.MOREX.r3.2HG0102700,HORVU.MOREX.r3.2HG0102700:5.39107e-05,AT5G15240,AT5G15240:0.000303112
788589at2759,3,Zm00001eb009430;Zm00001eb275250;Zm00001eb388960,Zm00001eb009430:4.14329e-05;Zm00001eb275250:0.000234077;Zm00001eb388960:0.000501385,NA,NA,NA,NA,HORVU.MOREX.r3.2HG0097440,HORVU.MOREX.r3.2HG0097440:2.14869e-05,AT4G37680,AT4G37680:0.000103145
794814at2759,3,Zm00001eb076640;Zm00001eb302700,Zm00001eb076640:0.000968088;Zm00001eb302700:0.000662787,SORBI_3006G114800,SORBI_3006G114800:0.00376586,NA,NA,NA,NA,AT1G02130;AT4G17530,AT1G02130:0.00017725;AT4G17530:0.000129133
795845at2759,3,Zm00001eb172420,Zm00001eb172420:0.00175539,NA,NA,NA,NA,HORVU.MOREX.r3.3HG0330120,HORVU.MOREX.r3.3HG0330120:1.1214e-05,AT5G54160,AT5G54160:2.05739e-07
795845at33090,3,Zm00001eb172420,Zm00001eb172420:0.00175539,NA,NA,NA,NA,HORVU.MOREX.r3.3HG0330120,HORVU.MOREX.r3.3HG0330120:1.1214e-05,AT5G54160,AT5G54160:2.05739e-07
800737at33090,3,Zm00001eb173420;Zm00001eb295170,Zm00001eb173420:0.000800314;Zm00001eb295170:3.216e-05,NA,NA,LOC_Os08g01220,LOC_Os08g01220:0.000357076,HORVU.MOREX.r3.4HG0334450,HORVU.MOREX.r3.4HG0334450:0.000316557,NA,NA
802273at33090,3,NA,NA,SORBI_3001G263600,SORBI_3001G263600:0.000759097,LOC_Os07g01600,LOC_Os07g01600:0.000320311,NA,NA,AT2G40930,AT2G40930:0.000367146
807140at2759,3,NA,NA,SORBI_3003G366400,SORBI_3003G366400:0.00242431,LOC_Os06g02250,LOC_Os06g02250:8.23041e-06,NA,NA,AT1G56330,AT1G56330:1.62826e-08
807140at33090,3,NA,NA,SORBI_3003G366400,SORBI_3003G366400:0.00242431,LOC_Os06g02250,LOC_Os06g02250:8.23041e-06,NA,NA,AT1G56330,AT1G56330:1.62826e-08
86348at3193,3,Zm00001eb009430,Zm00001eb009430:4.14329e-05,NA,NA,NA,NA,HORVU.MOREX.r3.2HG0097440,HORVU.MOREX.r3.2HG0097440:2.14869e-05,AT4G37680,AT4G37680:0.000103145
91193at2759,3,Zm00001eb015710;Zm00001eb042070;Zm00001eb280690;Zm00001eb319480;Zm00001eb319710,Zm00001eb015710:0.00163047;Zm00001eb042070:0.000453057;Zm00001eb280690:0.000911695;Zm00001eb319480:0.000796352;Zm00001eb319710:0.00165736,NA,NA,NA,NA,HORVU.MOREX.r3.6HG0616240,HORVU.MOREX.r3.6HG0616240:0.000155553,AT1G70710,AT1G70710:0.000102823
91193at33090,3,Zm00001eb015710;Zm00001eb042070;Zm00001eb280690;Zm00001eb319480;Zm00001eb319710,Zm00001eb015710:0.00163047;Zm00001eb042070:0.000453057;Zm00001eb280690:0.000911695;Zm00001eb319480:0.000796352;Zm00001eb319710:0.00165736,NA,NA,NA,NA,HORVU.MOREX.r3.6HG0616240,HORVU.MOREX.r3.6HG0616240:0.000155553,AT1G70710,AT1G70710:0.000102823
100157at38820,2,Zm00001eb217550,Zm00001eb217550:0.00219111,NA,NA,NA,NA,HORVU.MOREX.r3.4HG0333940,HORVU.MOREX.r3.4HG0333940:1.06034e-09,NA,NA
100157at4447,2,Zm00001eb217550,Zm00001eb217550:0.00219111,NA,NA,NA,NA,HORVU.MOREX.r3.4HG0333940,HORVU.MOREX.r3.4HG0333940:1.06034e-09,NA,NA
100336at38820,2,Zm00001eb140540,Zm00001eb140540:0.00276624,SORBI_3003G431900,SORBI_3003G431900:2.39386e-06,NA,NA,NA,NA,NA,NA
100446at38820,2,Zm00001eb102840,Zm00001eb102840:2.83849e-05,NA,NA,NA,NA,HORVU.MOREX.r3.5HG0496850,HORVU.MOREX.r3.5HG0496850:0.000123004,NA,NA
100446at4447,2,Zm00001eb102840,Zm00001eb102840:2.83849e-05,NA,NA,NA,NA,HORVU.MOREX.r3.5HG0496850,HORVU.MOREX.r3.5HG0496850:0.000123004,NA,NA
100648at38820,2,Zm00001eb106470,Zm00001eb106470:0.00234353,SORBI_3002G330100,SORBI_3002G330100:0.000168019,NA,NA,NA,NA,NA,NA
100648at4447,2,Zm00001eb106470,Zm00001eb106470:0.00234353,SORBI_3002G330100,SORBI_3002G330100:0.000168019,NA,NA,NA,NA,NA,NA
100729at38820,2,Zm00001eb225470,Zm00001eb225470:0.00120382,NA,NA,NA,NA,HORVU.MOREX.r3.7HG0731970,HORVU.MOREX.r3.7HG0731970:2.12619e-05,NA,NA
100729at4447,2,Zm00001eb225470,Zm00001eb225470:0.00120382,NA,NA,NA,NA,HORVU.MOREX.r3.7HG0731970,HORVU.MOREX.r3.7HG0731970:2.12619e-05,NA,NA
101245at38820,2,Zm00001eb157080;Zm00001eb295700,Zm00001eb157080:0.00253271;Zm00001eb295700:0.000234129,NA,NA,LOC_Os01g06740,LOC_Os01g06740:0.000279153,NA,NA,NA,NA
101245at4447,2,Zm00001eb157080;Zm00001eb295700,Zm00001eb157080:0.00253271;Zm00001eb295700:0.000234129,NA,NA,LOC_Os01g06740,LOC_Os01g06740:0.000279153,NA,NA,NA,NA
101773at38820,2,Zm00001eb323430,Zm00001eb323430:0.00152055,SORBI_3002G329200,SORBI_3002G329200:0.000434848,NA,NA,NA,NA,NA,NA
101773at4447,2,Zm00001eb323430,Zm00001eb323430:0.00152055,SORBI_3002G329200,SORBI_3002G329200:0.000434848,NA,NA,NA,NA,NA,NA
10179at38820,2,Zm00001eb298700,Zm00001eb298700:0.00131305,SORBI_3001G080700,SORBI_3001G080700:0.00352494,NA,NA,NA,NA,NA,NA
10179at4447,2,Zm00001eb298700,Zm00001eb298700:0.00131305,SORBI_3001G080700,SORBI_3001G080700:0.00352494,NA,NA,NA,NA,NA,NA
102469at38820,2,Zm00001eb145150,Zm00001eb145150:0.00217452,NA,NA,NA,NA,HORVU.MOREX.r3.1HG0066110,HORVU.MOREX.r3.1HG0066110:3.41978e-05,NA,NA
102469at4447,2,Zm00001eb145150,Zm00001eb145150:0.00217452,NA,NA,NA,NA,HORVU.MOREX.r3.1HG0066110,HORVU.MOREX.r3.1HG0066110:3.41978e-05,NA,NA
104418at38820,2,Zm00001eb338030,Zm00001eb338030:0.000434819,NA,NA,NA,NA,HORVU.MOREX.r3.3HG0243920,HORVU.MOREX.r3.3HG0243920:6.73371e-06,NA,NA
104418at4447,2,Zm00001eb338030,Zm00001eb338030:0.000434819,NA,NA,NA,NA,HORVU.MOREX.r3.3HG0243920,HORVU.MOREX.r3.3HG0243920:6.73371e-06,NA,NA
105067at38820,2,Zm00001eb193730,Zm00001eb193730:8.88801e-05,NA,NA,NA,NA,HORVU.MOREX.r3.6HG0617830,HORVU.MOREX.r3.6HG0617830:2.25908e-06,NA,NA
105067at4447,2,Zm00001eb193730,Zm00001eb193730:8.88801e-05,NA,NA,NA,NA,HORVU.MOREX.r3.6HG0617830,HORVU.MOREX.r3.6HG0617830:2.25908e-06,NA,NA
105502at38820,2,Zm00001eb057960,Zm00001eb057960:0.00260651,NA,NA,NA,NA,HORVU.MOREX.r3.5HG0512210,HORVU.MOREX.r3.5HG0512210:2.82449e-05,NA,NA
105502at4447,2,Zm00001eb057960,Zm00001eb057960:0.00260651,NA,NA,NA,NA,HORVU.MOREX.r3.5HG0512210,HORVU.MOREX.r3.5HG0512210:2.82449e-05,NA,NA
105955at2759,2,Zm00001eb149170,Zm00001eb149170:7.86419e-05,NA,NA,NA,NA,NA,NA,AT3G09520,AT3G09520:1.30204e-05
105955at33090,2,Zm00001eb149170,Zm00001eb149170:7.86419e-05,NA,NA,NA,NA,NA,NA,AT3G09520,AT3G09520:1.30204e-05
106554at3193,2,NA,NA,NA,NA,NA,NA,HORVU.MOREX.r3.3HG0300700,HORVU.MOREX.r3.3HG0300700:5.16271e-06,AT1G08360,AT1G08360:1.98967e-05
106653at2759,2,Zm00001eb289860,Zm00001eb289860:0.00263665,NA,NA,NA,NA,NA,NA,AT2G37060,AT2G37060:0.000248066
107147at38820,2,Zm00001eb406350,Zm00001eb406350:0.00285083,NA,NA,NA,NA,HORVU.MOREX.r3.5HG0459140,HORVU.MOREX.r3.5HG0459140:0.000284734,NA,NA
107147at4447,2,Zm00001eb406350,Zm00001eb406350:0.00285083,NA,NA,NA,NA,HORVU.MOREX.r3.5HG0459140,HORVU.MOREX.r3.5HG0459140:0.000284734,NA,NA
10846at4447,2,Zm00001eb176110,Zm00001eb176110:0.00153192,SORBI_3002G134100,SORBI_3002G134100:0.00209998,NA,NA,NA,NA,NA,NA
108808at3193,2,NA,NA,NA,NA,NA,NA,HORVU.MOREX.r3.4HG0332900,HORVU.MOREX.r3.4HG0332900:0.000265822,AT2G36900,AT2G36900:0.000213517
109451at38820,2,Zm00001eb315620,Zm00001eb315620:0.00086564,NA,NA,NA,NA,HORVU.MOREX.r3.5HG0488010,HORVU.MOREX.r3.5HG0488010:0.000301697,NA,NA
109451at4447,2,Zm00001eb315620,Zm00001eb315620:0.00086564,NA,NA,NA,NA,HORVU.MOREX.r3.5HG0488010,HORVU.MOREX.r3.5HG0488010:0.000301697,NA,NA
110270at3193,2,Zm00001eb245170,Zm00001eb245170:0.00228083,NA,NA,NA,NA,NA,NA,AT1G25500,AT1G25500:1.14668e-10
110270at33090,2,Zm00001eb245170,Zm00001eb245170:0.00228083,NA,NA,NA,NA,NA,NA,AT1G25500,AT1G25500:1.14668e-10
110816at2759,2,NA,NA,NA,NA,NA,NA,HORVU.MOREX.r3.1HG0013220,HORVU.MOREX.r3.1HG0013220:0.000284318,AT4G28050,AT4G28050:3.91297e-05
110816at33090,2,NA,NA,NA,NA,NA,NA,HORVU.MOREX.r3.1HG0013220,HORVU.MOREX.r3.1HG0013220:0.000284318,AT4G28050,AT4G28050:3.91297e-05
112282at3193,2,Zm00001eb001560;Zm00001eb022050,Zm00001eb001560:6.93436e-05;Zm00001eb022050:0.000458902,NA,NA,LOC_Os05g01620,LOC_Os05g01620:0.000343109,NA,NA,NA,NA
112282at33090,2,Zm00001eb001560;Zm00001eb022050,Zm00001eb001560:6.93436e-05;Zm00001eb022050:0.000458902,NA,NA,LOC_Os05g01620,LOC_Os05g01620:0.000343109,NA,NA,NA,NA
11480at4447,2,Zm00001eb134850;Zm00001eb214240,Zm00001eb134850:0.00152692;Zm00001eb214240:0.00304524,SORBI_3001G080000,SORBI_3001G080000:0.00385571,NA,NA,NA,NA,NA,NA
1149at3193,2,NA,NA,NA,NA,NA,NA,HORVU.MOREX.r3.2HG0180490,HORVU.MOREX.r3.2HG0180490:4.23304e-05,AT1G65930,AT1G65930:0.000274888
11651at38820,2,Zm00001eb207430,Zm00001eb207430:3.57727e-06,NA,NA,NA,NA,HORVU.MOREX.r3.7HG0735560,HORVU.MOREX.r3.7HG0735560:6.7622e-06,NA,NA
11679at38820,2,Zm00001eb056620,Zm00001eb056620:0.000167028,NA,NA,NA,NA,HORVU.MOREX.r3.3HG0326430,HORVU.MOREX.r3.3HG0326430:0.000100368,NA,NA
11679at4447,2,Zm00001eb056620,Zm00001eb056620:0.000167028,NA,NA,NA,NA,HORVU.MOREX.r3.3HG0326430,HORVU.MOREX.r3.3HG0326430:0.000100368,NA,NA
11875at38820,2,Zm00001eb199780,Zm00001eb199780:0.00178767,NA,NA,LOC_Os08g05040,LOC_Os08g05040:0.000163983,NA,NA,NA,NA
11875at4447,2,Zm00001eb199780,Zm00001eb199780:0.00178767,NA,NA,LOC_Os08g05040,LOC_Os08g05040:0.000163983,NA,NA,NA,NA
1210at33090,2,Zm00001eb001270,Zm00001eb001270:0.00224653,SORBI_3009G081500,SORBI_3009G081500:0.000101486,NA,NA,NA,NA,NA,NA
12331at38820,2,Zm00001eb303110,Zm00001eb303110:0.00218491,NA,NA,NA,NA,HORVU.MOREX.r3.2HG0111610,HORVU.MOREX.r3.2HG0111610:2.16575e-07,NA,NA
12331at4447,2,Zm00001eb303110,Zm00001eb303110:0.00218491,NA,NA,NA,NA,HORVU.MOREX.r3.2HG0111610,HORVU.MOREX.r3.2HG0111610:2.16575e-07,NA,NA
12370at4447,2,Zm00001eb374080,Zm00001eb374080:0.0024754,NA,NA,NA,NA,HORVU.MOREX.r3.6HG0621490,HORVU.MOREX.r3.6HG0621490:1.40936e-05,NA,NA
12785at38820,2,Zm00001eb256120,Zm00001eb256120:0.0025409,NA,NA,LOC_Os06g02100,LOC_Os06g02100:4.29036e-06,NA,NA,NA,NA
12785at4447,2,Zm00001eb256120,Zm00001eb256120:0.0025409,NA,NA,LOC_Os06g02100,LOC_Os06g02100:4.29036e-06,NA,NA,NA,NA
128304at4447,2,Zm00001eb038680,Zm00001eb038680:0.0031356,SORBI_3007G163400,SORBI_3007G163400:0.00175441,NA,NA,NA,NA,NA,NA
129073at2759,2,NA,NA,SORBI_3006G165400,SORBI_3006G165400:0.00275356,NA,NA,NA,NA,AT5G18170,AT5G18170:5.68818e-05
129073at3193,2,NA,NA,SORBI_3006G165400,SORBI_3006G165400:0.00275356,NA,NA,NA,NA,AT5G18170,AT5G18170:5.68818e-05
129073at33090,2,NA,NA,SORBI_3006G165400,SORBI_3006G165400:0.00275356,NA,NA,NA,NA,AT5G18170,AT5G18170:5.68818e-05
129707at33090,2,NA,NA,SORBI_3009G112600,SORBI_3009G112600:0.00384161,NA,NA,NA,NA,AT5G59290,AT5G59290:4.8713e-10
13256at38820,2,Zm00001eb172420,Zm00001eb172420:0.00175539,NA,NA,NA,NA,HORVU.MOREX.r3.3HG0330120,HORVU.MOREX.r3.3HG0330120:1.1214e-05,NA,NA
13256at4447,2,Zm00001eb172420,Zm00001eb172420:0.00175539,NA,NA,NA,NA,HORVU.MOREX.r3.3HG0330120,HORVU.MOREX.r3.3HG0330120:1.1214e-05,NA,NA
132787at33090,2,Zm00001eb355060,Zm00001eb355060:0.000544718,NA,NA,NA,NA,NA,NA,AT3G20530,AT3G20530:5.43109e-08
134140at2759,2,Zm00001eb218610,Zm00001eb218610:0.00167449,NA,NA,LOC_Os12g06130,LOC_Os12g06130:0.000225376,NA,NA,NA,NA
134140at33090,2,Zm00001eb218610,Zm00001eb218610:0.00167449,NA,NA,LOC_Os12g06130,LOC_Os12g06130:0.000225376,NA,NA,NA,NA
134231at2759,2,Zm00001eb283080,Zm00001eb283080:0.000369508,SORBI_3009G064000;SORBI_3009G064100,SORBI_3009G064000:0.00411849;SORBI_3009G064100:0.00411849,NA,NA,NA,NA,NA,NA
134231at3193,2,Zm00001eb283080,Zm00001eb283080:0.000369508,SORBI_3009G064000;SORBI_3009G064100,SORBI_3009G064000:0.00411849;SORBI_3009G064100:0.00411849,NA,NA,NA,NA,NA,NA
134231at33090,2,Zm00001eb283080,Zm00001eb283080:0.000369508,SORBI_3009G064000;SORBI_3009G064100,SORBI_3009G064000:0.00411849;SORBI_3009G064100:0.00411849,NA,NA,NA,NA,NA,NA
136489at3193,2,Zm00001eb111020;Zm00001eb330180,Zm00001eb111020:0.000460079;Zm00001eb330180:0.00142548,NA,NA,NA,NA,NA,NA,AT5G57655,AT5G57655:0.000323597
136934at3193,2,Zm00001eb416760,Zm00001eb416760:0.00123868,NA,NA,NA,NA,NA,NA,AT5G54580,AT5G54580:0.000158589
136934at33090,2,Zm00001eb416760,Zm00001eb416760:0.00123868,NA,NA,NA,NA,NA,NA,AT5G54580,AT5G54580:0.000158589
138320at3193,2,Zm00001eb401220,Zm00001eb401220:0.0020595,NA,NA,NA,NA,NA,NA,AT4G39800,AT4G39800:5.44239e-05
139691at3193,2,NA,NA,NA,NA,NA,NA,HORVU.MOREX.r3.5HG0429810,HORVU.MOREX.r3.5HG0429810:0.000225701,AT2G13290,AT2G13290:0.00018882
139695at2759,2,Zm00001eb006020;Zm00001eb046050;Zm00001eb398750,Zm00001eb006020:2.16945e-05;Zm00001eb046050:0.00128733;Zm00001eb398750:0.00257247,NA,NA,NA,NA,NA,NA,AT1G68530,AT1G68530:3.12181e-09
14071at38820,2,Zm00001eb033760,Zm00001eb033760:0.000663113,NA,NA,LOC_Os08g04920,LOC_Os08g04920:0.000310701,NA,NA,NA,NA
14071at4447,2,Zm00001eb033760,Zm00001eb033760:0.000663113,NA,NA,LOC_Os08g04920,LOC_Os08g04920:0.000310701,NA,NA,NA,NA
14367at38820,2,Zm00001eb214240,Zm00001eb214240:0.00304524,SORBI_3001G080000,SORBI_3001G080000:0.00385571,NA,NA,NA,NA,NA,NA
14720at38820,2,Zm00001eb400530,Zm00001eb400530:0.00223162,NA,NA,NA,NA,HORVU.MOREX.r3.4HG0397900,HORVU.MOREX.r3.4HG0397900:8.10545e-05,NA,NA
14720at4447,2,Zm00001eb400530,Zm00001eb400530:0.00223162,NA,NA,NA,NA,HORVU.MOREX.r3.4HG0397900,HORVU.MOREX.r3.4HG0397900:8.10545e-05,NA,NA
147630at2759,2,Zm00001eb375240,Zm00001eb375240:0.0014247,NA,NA,NA,NA,NA,NA,AT5G60510,AT5G60510:7.75843e-06
147630at3193,2,Zm00001eb375240,Zm00001eb375240:0.0014247,NA,NA,NA,NA,NA,NA,AT5G60510,AT5G60510:7.75843e-06
147630at33090,2,Zm00001eb375240,Zm00001eb375240:0.0014247,NA,NA,NA,NA,NA,NA,AT5G60510,AT5G60510:7.75843e-06
15098at38820,2,Zm00001eb220220,Zm00001eb220220:0.000264052,SORBI_3001G193700,SORBI_3001G193700:0.00201,NA,NA,NA,NA,NA,NA
15098at4447,2,Zm00001eb220220,Zm00001eb220220:0.000264052,SORBI_3001G193700,SORBI_3001G193700:0.00201,NA,NA,NA,NA,NA,NA
151851at2759,2,NA,NA,SORBI_3006G170900;SORBI_3007G173500,SORBI_3006G170900:0.000252628;SORBI_3007G173500:0.000917471,NA,NA,NA,NA,AT1G76270;AT4G38390,AT1G76270:0.000223439;AT4G38390:2.63748e-06
151851at3193,2,NA,NA,SORBI_3006G170900;SORBI_3007G173500,SORBI_3006G170900:0.000252628;SORBI_3007G173500:0.000917471,NA,NA,NA,NA,AT1G76270;AT4G38390,AT1G76270:0.000223439;AT4G38390:2.63748e-06
151851at33090,2,NA,NA,SORBI_3006G170900;SORBI_3007G173500,SORBI_3006G170900:0.000252628;SORBI_3007G173500:0.000917471,NA,NA,NA,NA,AT1G76270;AT4G38390,AT1G76270:0.000223439;AT4G38390:2.63748e-06
15502at2759,2,Zm00001eb260620,Zm00001eb260620:0.000398879,NA,NA,NA,NA,NA,NA,AT1G71691,AT1G71691:9.25899e-05
158486at2759,2,Zm00001eb245400,Zm00001eb245400:0.00315426,NA,NA,NA,NA,NA,NA,AT4G27610;AT4G27620,AT4G27610:0.000246777;AT4G27620:0.000246777
158486at3193,2,Zm00001eb245400,Zm00001eb245400:0.00315426,NA,NA,NA,NA,NA,NA,AT4G27610;AT4G27620,AT4G27610:0.000246777;AT4G27620:0.000246777
158486at33090,2,Zm00001eb245400,Zm00001eb245400:0.00315426,NA,NA,NA,NA,NA,NA,AT4G27610;AT4G27620,AT4G27610:0.000246777;AT4G27620:0.000246777
159456at3193,2,Zm00001eb047740,Zm00001eb047740:0.00149113,NA,NA,NA,NA,HORVU.MOREX.r3.7HG0667940,HORVU.MOREX.r3.7HG0667940:0.000100859,NA,NA
159655at3193,2,Zm00001eb023840,Zm00001eb023840:0.002748,NA,NA,NA,NA,NA,NA,AT2G44740,AT2G44740:0.000197224
160450at2759,2,Zm00001eb218590,Zm00001eb218590:0.00167449,NA,NA,NA,NA,NA,NA,AT5G25330,AT5G25330:0.000151393
160450at3193,2,Zm00001eb218590,Zm00001eb218590:0.00167449,NA,NA,NA,NA,NA,NA,AT5G25330,AT5G25330:0.000151393
160450at33090,2,Zm00001eb218590,Zm00001eb218590:0.00167449,NA,NA,NA,NA,NA,NA,AT5G25330,AT5G25330:0.000151393
162741at2759,2,Zm00001eb094220;Zm00001eb331520,Zm00001eb094220:0.00284143;Zm00001eb331520:0.00274039,NA,NA,NA,NA,HORVU.MOREX.r3.2HG0108460,HORVU.MOREX.r3.2HG0108460:0.000395525,NA,NA
166301at3193,2,Zm00001eb107540;Zm00001eb325380,Zm00001eb107540:9.42654e-06;Zm00001eb325380:0.00179382,NA,NA,NA,NA,NA,NA,AT3G13550,AT3G13550:0.000299491
166301at33090,2,Zm00001eb107540;Zm00001eb325380,Zm00001eb107540:9.42654e-06;Zm00001eb325380:0.00179382,NA,NA,NA,NA,NA,NA,AT3G13550,AT3G13550:0.000299491
167653at2759,2,NA,NA,SORBI_3001G193400;SORBI_3002G012300,SORBI_3001G193400:0.00201;SORBI_3002G012300:0.000875045,NA,NA,HORVU.MOREX.r3.7HG0709720,HORVU.MOREX.r3.7HG0709720:0.000137709,NA,NA
167653at3193,2,NA,NA,SORBI_3001G193400;SORBI_3002G012300,SORBI_3001G193400:0.00201;SORBI_3002G012300:0.000875045,NA,NA,HORVU.MOREX.r3.7HG0709720,HORVU.MOREX.r3.7HG0709720:0.000137709,NA,NA
167653at33090,2,NA,NA,SORBI_3001G193400;SORBI_3002G012300,SORBI_3001G193400:0.00201;SORBI_3002G012300:0.000875045,NA,NA,HORVU.MOREX.r3.7HG0709720,HORVU.MOREX.r3.7HG0709720:0.000137709,NA,NA
168202at33090,2,Zm00001eb128780;Zm00001eb430920,Zm00001eb128780:0.00225276;Zm00001eb430920:0.00101822,SORBI_3006G215000,SORBI_3006G215000:0.0016607,NA,NA,NA,NA,NA,NA
169585at2759,2,NA,NA,SORBI_3010G013800,SORBI_3010G013800:0.000951481,NA,NA,NA,NA,AT5G35180,AT5G35180:3.19828e-05
169585at33090,2,NA,NA,SORBI_3010G013800,SORBI_3010G013800:0.000951481,NA,NA,NA,NA,AT5G35180,AT5G35180:3.19828e-05
170271at2759,2,Zm00001eb121270,Zm00001eb121270:0.00238027,NA,NA,NA,NA,NA,NA,AT2G19810,AT2G19810:5.02727e-05
170271at3193,2,Zm00001eb121270,Zm00001eb121270:0.00238027,NA,NA,NA,NA,NA,NA,AT2G19810,AT2G19810:5.02727e-05
170271at33090,2,Zm00001eb121270,Zm00001eb121270:0.00238027,NA,NA,NA,NA,NA,NA,AT2G19810,AT2G19810:5.02727e-05
171627at2759,2,Zm00001eb266750,Zm00001eb266750:0.000195412,NA,NA,NA,NA,NA,NA,AT1G51700;AT3G21270,AT1G51700:0.000216151;AT3G21270:0.000154433
171627at3193,2,Zm00001eb266750,Zm00001eb266750:0.000195412,NA,NA,NA,NA,NA,NA,AT1G51700;AT3G21270,AT1G51700:0.000216151;AT3G21270:0.000154433
171627at33090,2,Zm00001eb266750,Zm00001eb266750:0.000195412,NA,NA,NA,NA,NA,NA,AT1G51700;AT3G21270,AT1G51700:0.000216151;AT3G21270:0.000154433
17191at4447,2,Zm00001eb003170;Zm00001eb046210,Zm00001eb003170:0.00101532;Zm00001eb046210:5.36948e-05,NA,NA,NA,NA,HORVU.MOREX.r3.4HG0411460,HORVU.MOREX.r3.4HG0411460:5.27039e-06,NA,NA
173634at3193,2,Zm00001eb172390,Zm00001eb172390:0.00175539,SORBI_3007G048200,SORBI_3007G048200:0.00142599,NA,NA,NA,NA,NA,NA
1748at3193,2,Zm00001eb298980,Zm00001eb298980:0.00137896,NA,NA,NA,NA,HORVU.MOREX.r3.7HG0734670,HORVU.MOREX.r3.7HG0734670:9.25396e-05,NA,NA
1748at33090,2,Zm00001eb298980,Zm00001eb298980:0.00137896,NA,NA,NA,NA,HORVU.MOREX.r3.7HG0734670,HORVU.MOREX.r3.7HG0734670:9.25396e-05,NA,NA
176783at3193,2,Zm00001eb433500,Zm00001eb433500:0.000242074,SORBI_3003G428300,SORBI_3003G428300:0.000900258,NA,NA,NA,NA,NA,NA
181237at3193,2,Zm00001eb166540,Zm00001eb166540:0.00173973,NA,NA,NA,NA,NA,NA,AT1G72630;AT2G06255,AT1G72630:7.35208e-05;AT2G06255:9.64302e-05
18176at38820,2,Zm00001eb423980,Zm00001eb423980:0.00178976,NA,NA,NA,NA,HORVU.MOREX.r3.2HG0173040,HORVU.MOREX.r3.2HG0173040:0.000340203,NA,NA
185185at3193,2,NA,NA,SORBI_3003G432100,SORBI_3003G432100:2.39386e-06,NA,NA,NA,NA,AT3G21070,AT3G21070:5.46168e-06
185185at33090,2,NA,NA,SORBI_3003G432100,SORBI_3003G432100:2.39386e-06,NA,NA,NA,NA,AT3G21070,AT3G21070:5.46168e-06
186321at3193,2,NA,NA,SORBI_3001G196000,SORBI_3001G196000:0.001795,NA,NA,NA,NA,AT4G39050,AT4G39050:0.000100747
186553at3193,2,Zm00001eb221090,Zm00001eb221090:0.00010666,NA,NA,NA,NA,HORVU.MOREX.r3.3HG0330200,HORVU.MOREX.r3.3HG0330200:6.08083e-07,NA,NA
186724at2759,2,Zm00001eb400520,Zm00001eb400520:0.00223162,NA,NA,NA,NA,HORVU.MOREX.r3.4HG0397890,HORVU.MOREX.r3.4HG0397890:4.33982e-05,NA,NA
186724at3193,2,Zm00001eb400520,Zm00001eb400520:0.00223162,NA,NA,NA,NA,HORVU.MOREX.r3.4HG0397890,HORVU.MOREX.r3.4HG0397890:4.33982e-05,NA,NA
186724at33090,2,Zm00001eb400520,Zm00001eb400520:0.00223162,NA,NA,NA,NA,HORVU.MOREX.r3.4HG0397890,HORVU.MOREX.r3.4HG0397890:4.33982e-05,NA,NA
187007at33090,2,Zm00001eb013120,Zm00001eb013120:0.00188664,NA,NA,NA,NA,NA,NA,AT1G12500,AT1G12500:0.000205768
187185at2759,2,Zm00001eb110880,Zm00001eb110880:0.00305595,NA,NA,NA,NA,NA,NA,AT2G41430,AT2G41430:7.75693e-06
187185at3193,2,Zm00001eb110880,Zm00001eb110880:0.00305595,NA,NA,NA,NA,NA,NA,AT2G41430,AT2G41430:7.75693e-06
187185at33090,2,Zm00001eb110880,Zm00001eb110880:0.00305595,NA,NA,NA,NA,NA,NA,AT2G41430,AT2G41430:7.75693e-06
1873676at2759,2,Zm00001eb303120,Zm00001eb303120:0.00218491,NA,NA,NA,NA,NA,NA,AT4G36000;AT4G36010,AT4G36000:0.000285076;AT4G36010:1.49552e-05
18941at38820,2,Zm00001eb059860,Zm00001eb059860:0.0011508,SORBI_3001G066700,SORBI_3001G066700:0.00102495,NA,NA,NA,NA,NA,NA
18941at4447,2,Zm00001eb059860,Zm00001eb059860:0.0011508,SORBI_3001G066700,SORBI_3001G066700:0.00102495,NA,NA,NA,NA,NA,NA
189633at3193,2,Zm00001eb208430,Zm00001eb208430:1.86602e-05,NA,NA,NA,NA,NA,NA,AT1G66070,AT1G66070:8.75492e-05
19031at38820,2,Zm00001eb107700,Zm00001eb107700:0.00116888,NA,NA,LOC_Os07g05810,LOC_Os07g05810:4.32846e-05,NA,NA,NA,NA
19031at4447,2,Zm00001eb107700,Zm00001eb107700:0.00116888,NA,NA,LOC_Os07g05810,LOC_Os07g05810:4.32846e-05,NA,NA,NA,NA
191745at2759,2,NA,NA,SORBI_3001G135100,SORBI_3001G135100:0.000335157,NA,NA,NA,NA,AT5G22830,AT5G22830:0.000114327
19213at38820,2,Zm00001eb250910,Zm00001eb250910:0.000386246,SORBI_3004G279500,SORBI_3004G279500:0.0018205,NA,NA,NA,NA,NA,NA
19213at4447,2,Zm00001eb250910,Zm00001eb250910:0.000386246,SORBI_3004G279500,SORBI_3004G279500:0.0018205,NA,NA,NA,NA,NA,NA
192520at2759,2,NA,NA,NA,NA,LOC_Os06g04860,LOC_Os06g04860:0.000173682,NA,NA,AT1G70460,AT1G70460:1.85203e-06
192520at3193,2,NA,NA,NA,NA,LOC_Os06g04860,LOC_Os06g04860:0.000173682,NA,NA,AT1G70460,AT1G70460:1.85203e-06
192520at33090,2,NA,NA,NA,NA,LOC_Os06g04860,LOC_Os06g04860:0.000173682,NA,NA,AT1G70460,AT1G70460:1.85203e-06
19254at38820,2,Zm00001eb146060,Zm00001eb146060:0.00163238,SORBI_3003G374300,SORBI_3003G374300:8.36508e-05,NA,NA,NA,NA,NA,NA
19254at4447,2,Zm00001eb146060,Zm00001eb146060:0.00163238,SORBI_3003G374300,SORBI_3003G374300:8.36508e-05,NA,NA,NA,NA,NA,NA
194710at2759,2,Zm00001eb036270;Zm00001eb363860,Zm00001eb036270:2.13545e-06;Zm00001eb363860:0.00184563,NA,NA,NA,NA,NA,NA,AT1G27900,AT1G27900:0.000160002
19729at38820,2,Zm00001eb331520,Zm00001eb331520:0.00274039,NA,NA,NA,NA,HORVU.MOREX.r3.2HG0108460,HORVU.MOREX.r3.2HG0108460:0.000395525,NA,NA
197463at2759,2,Zm00001eb004650;Zm00001eb403370,Zm00001eb004650:0.000476707;Zm00001eb403370:0.001822,NA,NA,NA,NA,NA,NA,AT3G22820,AT3G22820:5.81407e-06
197463at3193,2,Zm00001eb004650;Zm00001eb403370,Zm00001eb004650:0.000476707;Zm00001eb403370:0.001822,NA,NA,NA,NA,NA,NA,AT3G22820,AT3G22820:5.81407e-06
197463at33090,2,Zm00001eb004650;Zm00001eb403370,Zm00001eb004650:0.000476707;Zm00001eb403370:0.001822,NA,NA,NA,NA,NA,NA,AT3G22820,AT3G22820:5.81407e-06
1983103at2759,2,Zm00001eb257380;Zm00001eb323570,Zm00001eb257380:0.000185963;Zm00001eb323570:0.000428379,NA,NA,NA,NA,NA,NA,AT3G57190,AT3G57190:9.87091e-05
19839at4447,2,Zm00001eb267000,Zm00001eb267000:1.85153e-05,NA,NA,NA,NA,HORVU.MOREX.r3.1HG0004310,HORVU.MOREX.r3.1HG0004310:0.00019084,NA,NA
1984at38820,2,Zm00001eb369830,Zm00001eb369830:0.0028602,NA,NA,NA,NA,HORVU.MOREX.r3.3HG0293760,HORVU.MOREX.r3.3HG0293760:0.00012803,NA,NA
1984at4447,2,Zm00001eb369830,Zm00001eb369830:0.0028602,NA,NA,NA,NA,HORVU.MOREX.r3.3HG0293760;HORVU.MOREX.r3.7HG0701630,HORVU.MOREX.r3.3HG0293760:0.00012803;HORVU.MOREX.r3.7HG0701630:3.73406e-05,NA,NA
19897at4447,2,Zm00001eb097940,Zm00001eb097940:0.0022512,NA,NA,LOC_Os01g06660,LOC_Os01g06660:0.000329543,NA,NA,NA,NA
19930at3193,2,Zm00001eb154650,Zm00001eb154650:7.13073e-06,SORBI_3003G209600,SORBI_3003G209600:0.000558406,NA,NA,NA,NA,NA,NA
200364at3193,2,Zm00001eb292100,Zm00001eb292100:0.000982874,NA,NA,NA,NA,NA,NA,AT5G04590,AT5G04590:0.00017891
20100at4447,2,Zm00001eb324180,Zm00001eb324180:0.00128739,SORBI_3002G338500,SORBI_3002G338500:0.00416232,NA,NA,NA,NA,NA,NA
20333at38820,2,Zm00001eb330810,Zm00001eb330810:0.00306613,NA,NA,NA,NA,HORVU.MOREX.r3.2HG0111640,HORVU.MOREX.r3.2HG0111640:0.000355176,NA,NA
20333at4447,2,Zm00001eb330810,Zm00001eb330810:0.00306613,NA,NA,NA,NA,HORVU.MOREX.r3.2HG0111640,HORVU.MOREX.r3.2HG0111640:0.000355176,NA,NA
203633at3193,2,Zm00001eb062250;Zm00001eb212030,Zm00001eb062250:0.00151123;Zm00001eb212030:0.00205168,NA,NA,NA,NA,NA,NA,AT2G40510,AT2G40510:0.000363876
204884at2759,2,NA,NA,SORBI_3001G070800,SORBI_3001G070800:0.0033504,NA,NA,HORVU.MOREX.r3.5HG0514410;HORVU.MOREX.r3.5HG0514460,HORVU.MOREX.r3.5HG0514410:0.000308695;HORVU.MOREX.r3.5HG0514460:0.000308695,NA,NA
204884at3193,2,NA,NA,SORBI_3001G070800,SORBI_3001G070800:0.0033504,NA,NA,HORVU.MOREX.r3.5HG0514410;HORVU.MOREX.r3.5HG0514460,HORVU.MOREX.r3.5HG0514410:0.000308695;HORVU.MOREX.r3.5HG0514460:0.000308695,NA,NA
204884at33090,2,NA,NA,SORBI_3001G070800,SORBI_3001G070800:0.0033504,NA,NA,HORVU.MOREX.r3.5HG0514410;HORVU.MOREX.r3.5HG0514460,HORVU.MOREX.r3.5HG0514410:0.000308695;HORVU.MOREX.r3.5HG0514460:0.000308695,NA,NA
20618at4447,2,Zm00001eb207430,Zm00001eb207430:3.57727e-06,NA,NA,NA,NA,HORVU.MOREX.r3.7HG0735560,HORVU.MOREX.r3.7HG0735560:6.7622e-06,NA,NA
20654at38820,2,Zm00001eb323470,Zm00001eb323470:0.00152055,SORBI_3002G329700,SORBI_3002G329700:0.000168019,NA,NA,NA,NA,NA,NA
20654at4447,2,Zm00001eb323470,Zm00001eb323470:0.00152055,SORBI_3002G329700,SORBI_3002G329700:0.000168019,NA,NA,NA,NA,NA,NA
20703at38820,2,Zm00001eb275680,Zm00001eb275680:0.00223435,NA,NA,NA,NA,HORVU.MOREX.r3.7HG0723730,HORVU.MOREX.r3.7HG0723730:0.00017129,NA,NA
20703at4447,2,Zm00001eb275680,Zm00001eb275680:0.00223435,NA,NA,NA,NA,HORVU.MOREX.r3.7HG0723730,HORVU.MOREX.r3.7HG0723730:0.00017129,NA,NA
210861at2759,2,Zm00001eb331430,Zm00001eb331430:1.12821e-06,NA,NA,NA,NA,HORVU.MOREX.r3.2HG0173180,HORVU.MOREX.r3.2HG0173180:6.83853e-05,NA,NA
210861at3193,2,Zm00001eb331430,Zm00001eb331430:1.12821e-06,NA,NA,NA,NA,HORVU.MOREX.r3.2HG0173180,HORVU.MOREX.r3.2HG0173180:6.83853e-05,NA,NA
210861at33090,2,Zm00001eb331430,Zm00001eb331430:1.12821e-06,NA,NA,NA,NA,HORVU.MOREX.r3.2HG0173180,HORVU.MOREX.r3.2HG0173180:6.83853e-05,NA,NA
211433at2759,2,Zm00001eb019800,Zm00001eb019800:4.72906e-05,NA,NA,NA,NA,NA,NA,AT1G55250,AT1G55250:1.62826e-08
211433at3193,2,Zm00001eb019800,Zm00001eb019800:4.72906e-05,NA,NA,NA,NA,NA,NA,AT1G55250,AT1G55250:1.62826e-08
211433at33090,2,Zm00001eb019800,Zm00001eb019800:4.72906e-05,NA,NA,NA,NA,NA,NA,AT1G55250,AT1G55250:1.62826e-08
211644at2759,2,NA,NA,NA,NA,NA,NA,HORVU.MOREX.r3.2HG0097280,HORVU.MOREX.r3.2HG0097280:2.79491e-05,AT5G57460,AT5G57460:2.21616e-06
211644at3193,2,NA,NA,NA,NA,NA,NA,HORVU.MOREX.r3.2HG0097280,HORVU.MOREX.r3.2HG0097280:2.79491e-05,AT5G57460,AT5G57460:2.21616e-06
211644at33090,2,NA,NA,NA,NA,NA,NA,HORVU.MOREX.r3.2HG0097280,HORVU.MOREX.r3.2HG0097280:2.79491e-05,AT5G57460,AT5G57460:2.21616e-06
2126835at2759,2,Zm00001eb290750,Zm00001eb290750:3.37543e-05,NA,NA,NA,NA,HORVU.MOREX.r3.4HG0379050,HORVU.MOREX.r3.4HG0379050:1.74999e-09,NA,NA
21406at4447,2,Zm00001eb173420,Zm00001eb173420:0.000800314,NA,NA,LOC_Os08g01220,LOC_Os08g01220:0.000357076,NA,NA,NA,NA
215204at2759,2,Zm00001eb145810;Zm00001eb288440,Zm00001eb145810:0.00181235;Zm00001eb288440:2.96585e-05,NA,NA,NA,NA,HORVU.MOREX.r3.3HG0307560,HORVU.MOREX.r3.3HG0307560:1.60178e-05,NA,NA
215204at3193,2,Zm00001eb145810;Zm00001eb288440,Zm00001eb145810:0.00181235;Zm00001eb288440:2.96585e-05,NA,NA,NA,NA,HORVU.MOREX.r3.3HG0307560,HORVU.MOREX.r3.3HG0307560:1.60178e-05,NA,NA
215204at33090,2,Zm00001eb145810;Zm00001eb288440,Zm00001eb145810:0.00181235;Zm00001eb288440:2.96585e-05,NA,NA,NA,NA,HORVU.MOREX.r3.3HG0307560,HORVU.MOREX.r3.3HG0307560:1.60178e-05,NA,NA
215388at3193,2,Zm00001eb323450,Zm00001eb323450:0.00152055,SORBI_3002G329500,SORBI_3002G329500:0.000168019,NA,NA,NA,NA,NA,NA
21557at38820,2,Zm00001eb078670;Zm00001eb078680,Zm00001eb078670:0.00226918;Zm00001eb078680:0.00226918,NA,NA,NA,NA,HORVU.MOREX.r3.2HG0178160,HORVU.MOREX.r3.2HG0178160:9.51404e-07,NA,NA
21557at4447,2,Zm00001eb078670;Zm00001eb078680,Zm00001eb078670:0.00226918;Zm00001eb078680:0.00226918,NA,NA,NA,NA,HORVU.MOREX.r3.2HG0178160,HORVU.MOREX.r3.2HG0178160:9.51404e-07,NA,NA
216482at2759,2,Zm00001eb193240,Zm00001eb193240:0.000369776,NA,NA,NA,NA,NA,NA,AT2G41940,AT2G41940:0.000163928
216482at3193,2,Zm00001eb193240,Zm00001eb193240:0.000369776,NA,NA,NA,NA,NA,NA,AT2G41940,AT2G41940:0.000163928
216482at33090,2,Zm00001eb193240,Zm00001eb193240:0.000369776,NA,NA,NA,NA,NA,NA,AT2G41940,AT2G41940:0.000163928
2174516at2759,2,Zm00001eb003230;Zm00001eb183820;Zm00001eb269550;Zm00001eb406670,Zm00001eb003230:0.000401963;Zm00001eb183820:0.00021932;Zm00001eb269550:0.000471329;Zm00001eb406670:8.49055e-06,NA,NA,NA,NA,NA,NA,AT1G13140;AT1G13150;AT1G34540;AT5G58860,AT1G13140:5.51111e-06;AT1G13150:5.51111e-06;AT1G34540:0.000260894;AT5G58860:8.2332e-05
217567at3193,2,Zm00001eb256460,Zm00001eb256460:0.00294078,SORBI_3009G061200,SORBI_3009G061200:0.000153435,NA,NA,NA,NA,NA,NA
217634at33090,2,NA,NA,NA,NA,NA,NA,HORVU.MOREX.r3.2HG0180490,HORVU.MOREX.r3.2HG0180490:4.23304e-05,AT1G65930,AT1G65930:0.000274888
21766at4447,2,Zm00001eb431510;Zm00001eb431520,Zm00001eb431510:0.00162111;Zm00001eb431520:0.00162111,NA,NA,NA,NA,HORVU.MOREX.r3.2HG0214200,HORVU.MOREX.r3.2HG0214200:0.000221064,NA,NA
217809at3193,2,Zm00001eb126670,Zm00001eb126670:4.62719e-09,NA,NA,NA,NA,NA,NA,AT5G58950,AT5G58950:8.60625e-06
217809at33090,2,Zm00001eb126670,Zm00001eb126670:4.62719e-09,NA,NA,NA,NA,NA,NA,AT5G58950,AT5G58950:8.60625e-06
217975at3193,2,Zm00001eb257510;Zm00001eb370990,Zm00001eb257510:0.00194803;Zm00001eb370990:0.00102758,NA,NA,NA,NA,NA,NA,AT1G06410;AT1G68020;AT2G18700,AT1G06410:3.95378e-07;AT1G68020:7.087e-14;AT2G18700:4.64522e-06
2184at38820,2,Zm00001eb149810;Zm00001eb369060,Zm00001eb149810:0.000300746;Zm00001eb369060:0.00160071,NA,NA,NA,NA,HORVU.MOREX.r3.3HG0296630,HORVU.MOREX.r3.3HG0296630:2.05416e-07,NA,NA
2184at4447,2,Zm00001eb149810;Zm00001eb369060,Zm00001eb149810:0.000300746;Zm00001eb369060:0.00160071,NA,NA,NA,NA,HORVU.MOREX.r3.3HG0296630,HORVU.MOREX.r3.3HG0296630:2.05416e-07,NA,NA
21933at38820,2,Zm00001eb156850;Zm00001eb295680,Zm00001eb156850:0.000681095;Zm00001eb295680:0.000234129,NA,NA,LOC_Os01g06770,LOC_Os01g06770:3.45987e-05,NA,NA,NA,NA
21933at4447,2,Zm00001eb156850;Zm00001eb295680,Zm00001eb156850:0.000681095;Zm00001eb295680:0.000234129,NA,NA,LOC_Os01g06770,LOC_Os01g06770:3.45987e-05,NA,NA,NA,NA
219861at2759,2,Zm00001eb176110,Zm00001eb176110:0.00153192,SORBI_3002G134100,SORBI_3002G134100:0.00209998,NA,NA,NA,NA,NA,NA
219861at3193,2,Zm00001eb176110,Zm00001eb176110:0.00153192,SORBI_3002G134100,SORBI_3002G134100:0.00209998,NA,NA,NA,NA,NA,NA
219861at33090,2,Zm00001eb176110,Zm00001eb176110:0.00153192,SORBI_3002G134100,SORBI_3002G134100:0.00209998,NA,NA,NA,NA,NA,NA
219954at2759,2,Zm00001eb050660,Zm00001eb050660:0.00111695,NA,NA,NA,NA,NA,NA,AT2G34710,AT2G34710:0.00020009
219954at3193,2,Zm00001eb050660,Zm00001eb050660:0.00111695,NA,NA,NA,NA,NA,NA,AT2G34710,AT2G34710:0.00020009
219954at33090,2,Zm00001eb050660,Zm00001eb050660:0.00111695,NA,NA,NA,NA,NA,NA,AT2G34710,AT2G34710:0.00020009
220351at3193,2,Zm00001eb274710,Zm00001eb274710:0.0011462,NA,NA,NA,NA,HORVU.MOREX.r3.7HG0739540;HORVU.MOREX.r3.7HG0739550,HORVU.MOREX.r3.7HG0739540:0.000434387;HORVU.MOREX.r3.7HG0739550:0.000434387,NA,NA
220351at33090,2,Zm00001eb274710,Zm00001eb274710:0.0011462,NA,NA,NA,NA,HORVU.MOREX.r3.7HG0739540;HORVU.MOREX.r3.7HG0739550,HORVU.MOREX.r3.7HG0739540:0.000434387;HORVU.MOREX.r3.7HG0739550:0.000434387,NA,NA
221291at3193,2,Zm00001eb142170,Zm00001eb142170:0.000722393,SORBI_3003G416800,SORBI_3003G416800:0.000474187,NA,NA,NA,NA,NA,NA
222025at2759,2,Zm00001eb244100,Zm00001eb244100:0.00063505,SORBI_3006G214700,SORBI_3006G214700:0.0016607,NA,NA,NA,NA,NA,NA
222025at3193,2,Zm00001eb244100,Zm00001eb244100:0.00063505,SORBI_3006G214700,SORBI_3006G214700:0.0016607,NA,NA,NA,NA,NA,NA
222025at33090,2,Zm00001eb244100,Zm00001eb244100:0.00063505,SORBI_3006G214700,SORBI_3006G214700:0.0016607,NA,NA,NA,NA,NA,NA
2228772at2759,2,Zm00001eb331350,Zm00001eb331350:1.12821e-06,NA,NA,NA,NA,NA,NA,AT5G47040,AT5G47040:1.81983e-05
223207at2759,2,Zm00001eb289660,Zm00001eb289660:0.00307403,NA,NA,NA,NA,NA,NA,AT2G01480,AT2G01480:0.000227439
223207at3193,2,Zm00001eb289660,Zm00001eb289660:0.00307403,NA,NA,NA,NA,NA,NA,AT2G01480,AT2G01480:0.000227439
223207at33090,2,Zm00001eb289660,Zm00001eb289660:0.00307403,NA,NA,NA,NA,NA,NA,AT2G01480,AT2G01480:0.000227439
223428at3193,2,NA,NA,NA,NA,NA,NA,HORVU.MOREX.r3.2HG0195200,HORVU.MOREX.r3.2HG0195200:0.000107534,AT5G21040,AT5G21040:9.85979e-07
224277at3193,2,NA,NA,SORBI_3003G310100,SORBI_3003G310100:0.00255585,NA,NA,NA,NA,AT4G33460,AT4G33460:9.78574e-05
224277at33090,2,NA,NA,SORBI_3003G310100,SORBI_3003G310100:0.00255585,NA,NA,NA,NA,AT4G33460,AT4G33460:9.78574e-05
225436at2759,2,Zm00001eb064780,Zm00001eb064780:0.000658806,NA,NA,NA,NA,NA,NA,AT3G14000,AT3G14000:5.79577e-07
225436at3193,2,Zm00001eb064780,Zm00001eb064780:0.000658806,NA,NA,NA,NA,NA,NA,AT3G14000,AT3G14000:5.79577e-07
225436at33090,2,Zm00001eb064780,Zm00001eb064780:0.000658806,NA,NA,NA,NA,NA,NA,AT3G14000,AT3G14000:5.79577e-07
225934at2759,2,NA,NA,NA,NA,LOC_Os07g01810,LOC_Os07g01810:0.000154342,HORVU.MOREX.r3.4HG0333910,HORVU.MOREX.r3.4HG0333910:1.06034e-09,NA,NA
225934at3193,2,NA,NA,NA,NA,LOC_Os07g01810,LOC_Os07g01810:0.000154342,HORVU.MOREX.r3.4HG0333910,HORVU.MOREX.r3.4HG0333910:1.06034e-09,NA,NA
225934at33090,2,NA,NA,NA,NA,LOC_Os07g01810,LOC_Os07g01810:0.000154342,HORVU.MOREX.r3.4HG0333910,HORVU.MOREX.r3.4HG0333910:1.06034e-09,NA,NA
226316at3193,2,NA,NA,SORBI_3002G221700,SORBI_3002G221700:0.00224492,NA,NA,NA,NA,AT1G14690,AT1G14690:0.000207918
226420at3193,2,Zm00001eb372200,Zm00001eb372200:0.00258309,NA,NA,NA,NA,NA,NA,AT5G51830,AT5G51830:2.12444e-07
226565at2759,2,NA,NA,NA,NA,LOC_Os03g01920,LOC_Os03g01920:6.54964e-05,NA,NA,AT2G13840,AT2G13840:0.000276453
226565at3193,2,NA,NA,NA,NA,LOC_Os03g01920,LOC_Os03g01920:6.54964e-05,NA,NA,AT2G13840,AT2G13840:0.000276453
226565at33090,2,NA,NA,NA,NA,LOC_Os03g01920,LOC_Os03g01920:6.54964e-05,NA,NA,AT2G13840,AT2G13840:0.000276453
226901at2759,2,Zm00001eb323460,Zm00001eb323460:0.00152055,NA,NA,NA,NA,NA,NA,AT4G05180,AT4G05180:1.72182e-05
226901at3193,2,Zm00001eb323460,Zm00001eb323460:0.00152055,NA,NA,NA,NA,NA,NA,AT4G05180,AT4G05180:1.72182e-05
226901at33090,2,Zm00001eb323460,Zm00001eb323460:0.00152055,NA,NA,NA,NA,NA,NA,AT4G05180,AT4G05180:1.72182e-05
227049at33090,2,Zm00001eb369940;Zm00001eb380190,Zm00001eb369940:0.00281971;Zm00001eb380190:0.000683019,NA,NA,NA,NA,NA,NA,AT3G02740,AT3G02740:0.000187096
227496at2759,2,NA,NA,SORBI_3001G211400,SORBI_3001G211400:0.00089745,NA,NA,HORVU.MOREX.r3.1HG0046700,HORVU.MOREX.r3.1HG0046700:2.27689e-05,NA,NA
227496at3193,2,NA,NA,SORBI_3001G211400,SORBI_3001G211400:0.00089745,NA,NA,HORVU.MOREX.r3.1HG0046700,HORVU.MOREX.r3.1HG0046700:2.27689e-05,NA,NA
227496at33090,2,NA,NA,SORBI_3001G211400,SORBI_3001G211400:0.00089745,NA,NA,HORVU.MOREX.r3.1HG0046700,HORVU.MOREX.r3.1HG0046700:2.27689e-05,NA,NA
227899at2759,2,Zm00001eb186170,Zm00001eb186170:0.00121872,NA,NA,NA,NA,NA,NA,AT5G66330,AT5G66330:8.90604e-05
227899at3193,2,Zm00001eb186170,Zm00001eb186170:0.00121872,NA,NA,NA,NA,NA,NA,AT5G66330,AT5G66330:8.90604e-05
227899at33090,2,Zm00001eb186170,Zm00001eb186170:0.00121872,NA,NA,NA,NA,NA,NA,AT5G66330,AT5G66330:8.90604e-05
227935at3193,2,Zm00001eb029710,Zm00001eb029710:6.15261e-05,NA,NA,NA,NA,NA,NA,AT3G01040,AT3G01040:0.000174354
227935at33090,2,Zm00001eb029710,Zm00001eb029710:6.15261e-05,NA,NA,NA,NA,NA,NA,AT3G01040;AT5G54690,AT3G01040:0.000174354;AT5G54690:1.43388e-08
228257at2759,2,Zm00001eb403710,Zm00001eb403710:0.000257747,NA,NA,NA,NA,NA,NA,AT5G41390,AT5G41390:9.51764e-06
228257at33090,2,Zm00001eb403710,Zm00001eb403710:0.000257747,NA,NA,NA,NA,NA,NA,AT5G41390,AT5G41390:9.51764e-06
22830at38820,2,Zm00001eb107910,Zm00001eb107910:0.000192507,NA,NA,NA,NA,HORVU.MOREX.r3.2HG0130900,HORVU.MOREX.r3.2HG0130900:0.00011356,NA,NA
228611at33090,2,NA,NA,NA,NA,LOC_Os10g05630,LOC_Os10g05630:0.000117665,NA,NA,AT3G60340,AT3G60340:6.30154e-10
228768at2759,2,Zm00001eb013180,Zm00001eb013180:0.000782228,NA,NA,NA,NA,NA,NA,AT2G37090,AT2G37090:0.000263936
228768at3193,2,Zm00001eb013180,Zm00001eb013180:0.000782228,NA,NA,NA,NA,NA,NA,AT2G37090,AT2G37090:0.000263936
228768at33090,2,Zm00001eb013180,Zm00001eb013180:0.000782228,NA,NA,NA,NA,NA,NA,AT2G37090,AT2G37090:0.000263936
229609at2759,2,Zm00001eb004020,Zm00001eb004020:0.000433659,NA,NA,NA,NA,NA,NA,AT3G20310,AT3G20310:5.5399e-05
229609at3193,2,Zm00001eb004020,Zm00001eb004020:0.000433659,NA,NA,NA,NA,NA,NA,AT3G20310,AT3G20310:5.5399e-05
229609at33090,2,Zm00001eb004020,Zm00001eb004020:0.000433659,NA,NA,NA,NA,NA,NA,AT3G20310,AT3G20310:5.5399e-05
229666at3193,2,Zm00001eb002040;Zm00001eb277480,Zm00001eb002040:0.00087009;Zm00001eb277480:0.00275038,NA,NA,NA,NA,NA,NA,AT5G11800;AT5G51710,AT5G11800:0.000117208;AT5G51710:0.000247105
229798at2759,2,Zm00001eb010910,Zm00001eb010910:0.00193539,NA,NA,NA,NA,NA,NA,AT1G53700,AT1G53700:6.41469e-06
229798at3193,2,Zm00001eb010910,Zm00001eb010910:0.00193539,NA,NA,NA,NA,NA,NA,AT1G53700,AT1G53700:6.41469e-06
229798at33090,2,Zm00001eb010910,Zm00001eb010910:0.00193539,NA,NA,NA,NA,NA,NA,AT1G53700,AT1G53700:6.41469e-06
22at38820,2,Zm00001eb377420,Zm00001eb377420:0.00124504,SORBI_3010G030800,SORBI_3010G030800:0.00149968,NA,NA,NA,NA,NA,NA
22at4447,2,Zm00001eb377420,Zm00001eb377420:0.00124504,SORBI_3010G030800,SORBI_3010G030800:0.00149968,NA,NA,NA,NA,NA,NA
230405at3193,2,Zm00001eb290750,Zm00001eb290750:3.37543e-05,NA,NA,NA,NA,HORVU.MOREX.r3.4HG0379050,HORVU.MOREX.r3.4HG0379050:1.74999e-09,NA,NA
230405at33090,2,Zm00001eb290750,Zm00001eb290750:3.37543e-05,NA,NA,NA,NA,HORVU.MOREX.r3.4HG0379050,HORVU.MOREX.r3.4HG0379050:1.74999e-09,NA,NA
230594at3193,2,Zm00001eb056720,Zm00001eb056720:0.00172632,NA,NA,NA,NA,HORVU.MOREX.r3.5HG0509380,HORVU.MOREX.r3.5HG0509380:1.96179e-05,NA,NA
232190at2759,2,Zm00001eb290760;Zm00001eb352090,Zm00001eb290760:3.37543e-05;Zm00001eb352090:2.07969e-05,NA,NA,LOC_Os01g08190,LOC_Os01g08190:0.000149628,NA,NA,NA,NA
232190at3193,2,Zm00001eb290760;Zm00001eb352090,Zm00001eb290760:3.37543e-05;Zm00001eb352090:2.07969e-05,NA,NA,LOC_Os01g08190,LOC_Os01g08190:0.000149628,NA,NA,NA,NA
232190at33090,2,Zm00001eb290760;Zm00001eb352090,Zm00001eb290760:3.37543e-05;Zm00001eb352090:2.07969e-05,NA,NA,LOC_Os01g08190,LOC_Os01g08190:0.000149628,NA,NA,NA,NA
232880at3193,2,Zm00001eb063770,Zm00001eb063770:0.00152764,NA,NA,NA,NA,NA,NA,AT3G26420,AT3G26420:4.18959e-05
23415at38820,2,Zm00001eb253970,Zm00001eb253970:8.41725e-06,NA,NA,NA,NA,HORVU.MOREX.r3.6HG0616300,HORVU.MOREX.r3.6HG0616300:0.000135461,NA,NA
23415at4447,2,Zm00001eb055280;Zm00001eb253970,Zm00001eb055280:0.00123954;Zm00001eb253970:8.41725e-06,NA,NA,NA,NA,HORVU.MOREX.r3.6HG0616300,HORVU.MOREX.r3.6HG0616300:0.000135461,NA,NA
236291at2759,2,Zm00001eb291660,Zm00001eb291660:0.00109197,NA,NA,LOC_Os05g04960,LOC_Os05g04960:5.40616e-05,NA,NA,NA,NA
236291at3193,2,Zm00001eb291660,Zm00001eb291660:0.00109197,NA,NA,LOC_Os05g04960,LOC_Os05g04960:5.40616e-05,NA,NA,NA,NA
236291at33090,2,Zm00001eb291660,Zm00001eb291660:0.00109197,NA,NA,LOC_Os05g04960,LOC_Os05g04960:5.40616e-05,NA,NA,NA,NA
237782at3193,2,Zm00001eb191500,Zm00001eb191500:0.000532538,NA,NA,NA,NA,HORVU.MOREX.r3.6HG0629060,HORVU.MOREX.r3.6HG0629060:0.000348197,NA,NA
237782at33090,2,Zm00001eb191500,Zm00001eb191500:0.000532538,NA,NA,NA,NA,HORVU.MOREX.r3.6HG0629060,HORVU.MOREX.r3.6HG0629060:0.000348197,NA,NA
238726at3193,2,Zm00001eb142350,Zm00001eb142350:0.000945981,NA,NA,NA,NA,NA,NA,AT1G02880;AT2G44750,AT1G02880:4.68126e-06;AT2G44750:0.000105258
239073at33090,2,Zm00001eb243200,Zm00001eb243200:0.00123566,SORBI_3006G182500,SORBI_3006G182500:0.00211764,NA,NA,NA,NA,NA,NA
23930at4447,2,Zm00001eb253230,Zm00001eb253230:0.00095006,NA,NA,NA,NA,HORVU.MOREX.r3.6HG0611060,HORVU.MOREX.r3.6HG0611060:1.26299e-05,NA,NA
239518at3193,2,Zm00001eb363100,Zm00001eb363100:0.000976404,NA,NA,NA,NA,NA,NA,AT3G57130,AT3G57130:0.000195861
240779at2759,2,Zm00001eb295180,Zm00001eb295180:3.216e-05,NA,NA,NA,NA,NA,NA,AT3G16250,AT3G16250:7.29552e-05
240779at33090,2,Zm00001eb295180,Zm00001eb295180:3.216e-05,NA,NA,NA,NA,NA,NA,AT3G16250,AT3G16250:7.29552e-05
24080at38820,2,Zm00001eb011320,Zm00001eb011320:0.000447427,SORBI_3001G430500,SORBI_3001G430500:0.00146192,NA,NA,NA,NA,NA,NA
24080at4447,2,Zm00001eb011320,Zm00001eb011320:0.000447427,SORBI_3001G430500,SORBI_3001G430500:0.00146192,NA,NA,NA,NA,NA,NA
243000at3193,2,Zm00001eb398890,Zm00001eb398890:0.00113232,SORBI_3001G270800,SORBI_3001G270800:0.00411904,NA,NA,NA,NA,NA,NA
243046at2759,2,Zm00001eb315620,Zm00001eb315620:0.00086564,NA,NA,NA,NA,HORVU.MOREX.r3.5HG0488010,HORVU.MOREX.r3.5HG0488010:0.000301697,NA,NA
243046at3193,2,Zm00001eb315620,Zm00001eb315620:0.00086564,NA,NA,NA,NA,HORVU.MOREX.r3.5HG0488010,HORVU.MOREX.r3.5HG0488010:0.000301697,NA,NA
243046at33090,2,Zm00001eb315620,Zm00001eb315620:0.00086564,NA,NA,NA,NA,HORVU.MOREX.r3.5HG0488010,HORVU.MOREX.r3.5HG0488010:0.000301697,NA,NA
243772at2759,2,Zm00001eb157310,Zm00001eb157310:6.26504e-06,SORBI_3008G084200,SORBI_3008G084200:0.00240887,NA,NA,NA,NA,NA,NA
243772at3193,2,Zm00001eb157310,Zm00001eb157310:6.26504e-06,SORBI_3008G084200,SORBI_3008G084200:0.00240887,NA,NA,NA,NA,NA,NA
243772at33090,2,Zm00001eb157310,Zm00001eb157310:6.26504e-06,SORBI_3008G084200,SORBI_3008G084200:0.00240887,NA,NA,NA,NA,NA,NA
2445478at2759,2,Zm00001eb193580,Zm00001eb193580:0.00238707,SORBI_3002G224100,SORBI_3002G224100:7.08378e-05,NA,NA,NA,NA,NA,NA
2467431at2759,2,NA,NA,NA,NA,LOC_Os08g04480,LOC_Os08g04480:0.00029823,NA,NA,AT4G05160,AT4G05160:0.000230673
247570at2759,2,Zm00001eb293200,Zm00001eb293200:0.00286214,SORBI_3003G282100;SORBI_3003G282200;SORBI_3003G282300,SORBI_3003G282100:0.00254385;SORBI_3003G282200:0.00254385;SORBI_3003G282300:0.00254385,NA,NA,NA,NA,NA,NA
247570at3193,2,Zm00001eb293200,Zm00001eb293200:0.00286214,SORBI_3003G282100;SORBI_3003G282200;SORBI_3003G282300,SORBI_3003G282100:0.00254385;SORBI_3003G282200:0.00254385;SORBI_3003G282300:0.00254385,NA,NA,NA,NA,NA,NA
247570at33090,2,Zm00001eb293200,Zm00001eb293200:0.00286214,SORBI_3003G282100;SORBI_3003G282200;SORBI_3003G282300,SORBI_3003G282100:0.00254385;SORBI_3003G282200:0.00254385;SORBI_3003G282300:0.00254385,NA,NA,NA,NA,NA,NA
24820at38820,2,Zm00001eb144570,Zm00001eb144570:0.00125528,NA,NA,LOC_Os01g08990,LOC_Os01g08990:0.000165574,NA,NA,NA,NA
24820at4447,2,Zm00001eb144570,Zm00001eb144570:0.00125528,NA,NA,LOC_Os01g08990,LOC_Os01g08990:0.000165574,NA,NA,NA,NA
249755at3193,2,NA,NA,NA,NA,NA,NA,HORVU.MOREX.r3.1HG0073130,HORVU.MOREX.r3.1HG0073130:8.62234e-06,AT5G02580,AT5G02580:1.10537e-12
25192at38820,2,Zm00001eb036760,Zm00001eb036760:0.00168855,NA,NA,NA,NA,HORVU.MOREX.r3.7HG0684240,HORVU.MOREX.r3.7HG0684240:6.22084e-06,NA,NA
25192at4447,2,Zm00001eb036760,Zm00001eb036760:0.00168855,NA,NA,NA,NA,HORVU.MOREX.r3.7HG0684240,HORVU.MOREX.r3.7HG0684240:6.22084e-06,NA,NA
258494at3193,2,Zm00001eb283020,Zm00001eb283020:0.000208962,NA,NA,NA,NA,NA,NA,AT1G15550,AT1G15550:9.80916e-05
258494at33090,2,Zm00001eb283020,Zm00001eb283020:0.000208962,NA,NA,NA,NA,NA,NA,AT1G15550,AT1G15550:9.80916e-05
259032at2759,2,NA,NA,SORBI_3001G134200,SORBI_3001G134200:0.00198218,NA,NA,HORVU.MOREX.r3.4HG0334820,HORVU.MOREX.r3.4HG0334820:0.000129485,NA,NA
259032at3193,2,NA,NA,SORBI_3001G134200,SORBI_3001G134200:0.00198218,NA,NA,HORVU.MOREX.r3.4HG0334820,HORVU.MOREX.r3.4HG0334820:0.000129485,NA,NA
259032at33090,2,NA,NA,SORBI_3001G134200,SORBI_3001G134200:0.00198218,NA,NA,HORVU.MOREX.r3.4HG0334820,HORVU.MOREX.r3.4HG0334820:0.000129485,NA,NA
25903at4447,2,Zm00001eb193360,Zm00001eb193360:7.20686e-05,SORBI_3002G221900,SORBI_3002G221900:0.00224492,NA,NA,NA,NA,NA,NA
260429at3193,2,NA,NA,NA,NA,NA,NA,HORVU.MOREX.r3.3HG0285070,HORVU.MOREX.r3.3HG0285070:2.33972e-05,AT2G41380;AT3G61210,AT2G41380:5.31984e-06;AT3G61210:3.61906e-06
2604778at2759,2,Zm00001eb247890,Zm00001eb247890:0.0020949,NA,NA,NA,NA,NA,NA,AT2G39260,AT2G39260:9.00108e-05
261239at2759,2,Zm00001eb348850;Zm00001eb366440,Zm00001eb348850:0.000467745;Zm00001eb366440:0.000377028,NA,NA,NA,NA,HORVU.MOREX.r3.1HG0066850,HORVU.MOREX.r3.1HG0066850:0.000274486,NA,NA
261239at3193,2,Zm00001eb348850;Zm00001eb366440,Zm00001eb348850:0.000467745;Zm00001eb366440:0.000377028,NA,NA,NA,NA,HORVU.MOREX.r3.1HG0066850,HORVU.MOREX.r3.1HG0066850:0.000274486,NA,NA
261239at33090,2,Zm00001eb348850;Zm00001eb366440,Zm00001eb348850:0.000467745;Zm00001eb366440:0.000377028,NA,NA,NA,NA,HORVU.MOREX.r3.1HG0066850,HORVU.MOREX.r3.1HG0066850:0.000274486,NA,NA
2612708at2759,2,Zm00001eb068600,Zm00001eb068600:0.00163654,NA,NA,NA,NA,HORVU.MOREX.r3.3HG0284830,HORVU.MOREX.r3.3HG0284830:0.000393856,NA,NA
2617408at2759,2,Zm00001eb183830,Zm00001eb183830:0.00021932,NA,NA,NA,NA,NA,NA,AT2G19830,AT2G19830:5.02727e-05
262551at3193,2,Zm00001eb038230,Zm00001eb038230:0.00240434,NA,NA,NA,NA,NA,NA,AT3G50520,AT3G50520:0.000335663
262614at2759,2,Zm00001eb142150,Zm00001eb142150:0.000722393,SORBI_3003G416900;SORBI_3003G417100,SORBI_3003G416900:0.000474187;SORBI_3003G417100:0.000474187,NA,NA,NA,NA,NA,NA
262614at3193,2,Zm00001eb142150,Zm00001eb142150:0.000722393,SORBI_3003G416900;SORBI_3003G417100,SORBI_3003G416900:0.000474187;SORBI_3003G417100:0.000474187,NA,NA,NA,NA,NA,NA
262614at33090,2,Zm00001eb142150,Zm00001eb142150:0.000722393,SORBI_3003G416900;SORBI_3003G417100,SORBI_3003G416900:0.000474187;SORBI_3003G417100:0.000474187,NA,NA,NA,NA,NA,NA
262707at2759,2,Zm00001eb251500,Zm00001eb251500:0.0025901,NA,NA,NA,NA,NA,NA,AT1G31940,AT1G31940:1.35099e-06
262707at3193,2,Zm00001eb251500,Zm00001eb251500:0.0025901,NA,NA,NA,NA,NA,NA,AT1G31940,AT1G31940:1.35099e-06
262707at33090,2,Zm00001eb251500,Zm00001eb251500:0.0025901,NA,NA,NA,NA,NA,NA,AT1G31940,AT1G31940:1.35099e-06
263678at2759,2,Zm00001eb188280,Zm00001eb188280:0.0030517,NA,NA,NA,NA,NA,NA,AT1G30100,AT1G30100:0.000137629
263678at33090,2,Zm00001eb188280,Zm00001eb188280:0.0030517,NA,NA,NA,NA,NA,NA,AT1G30100,AT1G30100:0.000137629
2654958at2759,2,Zm00001eb362490,Zm00001eb362490:0.000173436,NA,NA,NA,NA,NA,NA,AT4G25740;AT5G41520,AT4G25740:3.02947e-05;AT5G41520:8.12901e-07
265915at2759,2,NA,NA,NA,NA,NA,NA,HORVU.MOREX.r3.3HG0306300,HORVU.MOREX.r3.3HG0306300:0.000187665,AT3G59830,AT3G59830:5.3081e-05
265915at3193,2,NA,NA,NA,NA,NA,NA,HORVU.MOREX.r3.3HG0306300,HORVU.MOREX.r3.3HG0306300:0.000187665,AT3G59830,AT3G59830:5.3081e-05
265915at33090,2,NA,NA,NA,NA,NA,NA,HORVU.MOREX.r3.3HG0306300,HORVU.MOREX.r3.3HG0306300:0.000187665,AT3G59830,AT3G59830:5.3081e-05
267197at3193,2,Zm00001eb386630,Zm00001eb386630:0.00262704,NA,NA,NA,NA,NA,NA,AT1G06220,AT1G06220:0.000131749
2678129at2759,2,Zm00001eb154130,Zm00001eb154130:0.000756128,NA,NA,LOC_Os01g07310,LOC_Os01g07310:0.000319788,NA,NA,NA,NA
2679262at2759,2,Zm00001eb111020;Zm00001eb330180,Zm00001eb111020:0.000460079;Zm00001eb330180:0.00142548,NA,NA,NA,NA,NA,NA,AT5G57655,AT5G57655:0.000323597
268464at3193,2,Zm00001eb102850,Zm00001eb102850:2.83849e-05,NA,NA,NA,NA,HORVU.MOREX.r3.5HG0496860,HORVU.MOREX.r3.5HG0496860:0.000123004,NA,NA
268694at2759,2,Zm00001eb375380,Zm00001eb375380:0.000370524,NA,NA,NA,NA,NA,NA,AT1G78070,AT1G78070:0.000157889
268694at33090,2,Zm00001eb375380,Zm00001eb375380:0.000370524,NA,NA,NA,NA,NA,NA,AT1G78070,AT1G78070:0.000157889
2690913at2759,2,Zm00001eb193280;Zm00001eb288430,Zm00001eb193280:0.000722203;Zm00001eb288430:2.96585e-05,NA,NA,NA,NA,NA,NA,AT4G23790,AT4G23790:1.67632e-06
269212at3193,2,Zm00001eb317180,Zm00001eb317180:0.000472205,NA,NA,NA,NA,NA,NA,AT4G34620,AT4G34620:0.000112038
2696685at2759,2,Zm00001eb046740,Zm00001eb046740:0.00314915,NA,NA,NA,NA,NA,NA,AT5G18650,AT5G18650:9.92608e-07
2715296at2759,2,Zm00001eb250910,Zm00001eb250910:0.000386246,SORBI_3004G279500,SORBI_3004G279500:0.0018205,NA,NA,NA,NA,NA,NA
272363at3193,2,Zm00001eb374080,Zm00001eb374080:0.0024754,NA,NA,NA,NA,HORVU.MOREX.r3.6HG0621490,HORVU.MOREX.r3.6HG0621490:1.40936e-05,NA,NA
272389at3193,2,Zm00001eb432010,Zm00001eb432010:0.000207661,SORBI_3006G211800,SORBI_3006G211800:0.000128523,NA,NA,NA,NA,NA,NA
272389at33090,2,Zm00001eb432010,Zm00001eb432010:0.000207661,SORBI_3006G211800,SORBI_3006G211800:0.000128523,NA,NA,NA,NA,NA,NA
272662at3193,2,NA,NA,SORBI_3004G255500,SORBI_3004G255500:9.56812e-05,NA,NA,HORVU.MOREX.r3.6HG0611050,HORVU.MOREX.r3.6HG0611050:1.26299e-05,NA,NA
272662at33090,2,NA,NA,SORBI_3004G255500,SORBI_3004G255500:9.56812e-05,NA,NA,HORVU.MOREX.r3.6HG0611050,HORVU.MOREX.r3.6HG0611050:1.26299e-05,NA,NA
273219at2759,2,Zm00001eb402290,Zm00001eb402290:0.00253203,NA,NA,NA,NA,NA,NA,AT2G35290,AT2G35290:0.000204555
273219at3193,2,Zm00001eb402290,Zm00001eb402290:0.00253203,NA,NA,NA,NA,NA,NA,AT2G35290,AT2G35290:0.000204555
273219at33090,2,Zm00001eb402290,Zm00001eb402290:0.00253203,NA,NA,NA,NA,NA,NA,AT2G35290,AT2G35290:0.000204555
273255at3193,2,Zm00001eb281180,Zm00001eb281180:0.00244235,NA,NA,NA,NA,HORVU.MOREX.r3.7HG0667610;HORVU.MOREX.r3.7HG0667620,HORVU.MOREX.r3.7HG0667610:8.67287e-05;HORVU.MOREX.r3.7HG0667620:5.71583e-07,NA,NA
273255at33090,2,Zm00001eb281180,Zm00001eb281180:0.00244235,NA,NA,NA,NA,HORVU.MOREX.r3.7HG0667610;HORVU.MOREX.r3.7HG0667620,HORVU.MOREX.r3.7HG0667610:8.67287e-05;HORVU.MOREX.r3.7HG0667620:5.71583e-07,NA,NA
2735448at2759,2,Zm00001eb361700,Zm00001eb361700:0.00231754,NA,NA,LOC_Os02g02290,LOC_Os02g02290:8.94428e-05,NA,NA,NA,NA
27602at38820,2,Zm00001eb055260,Zm00001eb055260:0.00123954,NA,NA,LOC_Os08g03850,LOC_Os08g03850:0.000291968,NA,NA,NA,NA
27602at4447,2,Zm00001eb055260,Zm00001eb055260:0.00123954,NA,NA,LOC_Os08g03850,LOC_Os08g03850:0.000291968,NA,NA,NA,NA
276142at3193,2,NA,NA,NA,NA,NA,NA,HORVU.MOREX.r3.2HG0183830,HORVU.MOREX.r3.2HG0183830:2.14053e-06,AT4G28270,AT4G28270:2.06617e-05
276142at33090,2,NA,NA,NA,NA,NA,NA,HORVU.MOREX.r3.2HG0183830,HORVU.MOREX.r3.2HG0183830:2.14053e-06,AT4G28270,AT4G28270:2.06617e-05
28131at38820,2,NA,NA,SORBI_3004G255100,SORBI_3004G255100:9.56812e-05,NA,NA,HORVU.MOREX.r3.6HG0611070,HORVU.MOREX.r3.6HG0611070:1.26299e-05,NA,NA
28131at4447,2,NA,NA,SORBI_3004G255100,SORBI_3004G255100:9.56812e-05,NA,NA,HORVU.MOREX.r3.6HG0611070,HORVU.MOREX.r3.6HG0611070:1.26299e-05,NA,NA
281570at2759,2,Zm00001eb035960,Zm00001eb035960:0.000189984,NA,NA,NA,NA,NA,NA,AT1G65580,AT1G65580:8.39883e-05
281570at3193,2,Zm00001eb035960,Zm00001eb035960:0.000189984,NA,NA,NA,NA,NA,NA,AT1G65580,AT1G65580:8.39883e-05
281570at33090,2,Zm00001eb035960,Zm00001eb035960:0.000189984,NA,NA,NA,NA,NA,NA,AT1G65580,AT1G65580:8.39883e-05
282869at2759,2,Zm00001eb156850;Zm00001eb295680,Zm00001eb156850:0.000681095;Zm00001eb295680:0.000234129,NA,NA,LOC_Os01g06770,LOC_Os01g06770:3.45987e-05,NA,NA,NA,NA
282869at33090,2,Zm00001eb156850;Zm00001eb295680,Zm00001eb156850:0.000681095;Zm00001eb295680:0.000234129,NA,NA,LOC_Os01g06770,LOC_Os01g06770:3.45987e-05,NA,NA,NA,NA
28323at38820,2,Zm00001eb172410,Zm00001eb172410:0.00175539,SORBI_3007G047700,SORBI_3007G047700:0.00142599,NA,NA,NA,NA,NA,NA
28323at4447,2,Zm00001eb172410,Zm00001eb172410:0.00175539,SORBI_3007G047700,SORBI_3007G047700:0.00142599,NA,NA,NA,NA,NA,NA
283769at3193,2,Zm00001eb390710,Zm00001eb390710:0.000252712,SORBI_3001G293000,SORBI_3001G293000:0.00356636,NA,NA,NA,NA,NA,NA
283769at33090,2,Zm00001eb390710,Zm00001eb390710:0.000252712,SORBI_3001G293000,SORBI_3001G293000:0.00356636,NA,NA,NA,NA,NA,NA
285939at2759,2,Zm00001eb108400;Zm00001eb326620,Zm00001eb108400:0.0030443;Zm00001eb326620:0.00217033,NA,NA,NA,NA,NA,NA,AT1G74330,AT1G74330:0.00037315
285939at3193,2,Zm00001eb108400;Zm00001eb326620,Zm00001eb108400:0.0030443;Zm00001eb326620:0.00217033,NA,NA,NA,NA,NA,NA,AT1G74330,AT1G74330:0.00037315
285939at33090,2,Zm00001eb108400;Zm00001eb326620,Zm00001eb108400:0.0030443;Zm00001eb326620:0.00217033,NA,NA,NA,NA,NA,NA,AT1G74330,AT1G74330:0.00037315
286317at2759,2,Zm00001eb110000,Zm00001eb110000:0.000765852,NA,NA,NA,NA,NA,NA,AT3G62190,AT3G62190:0.000356223
286317at3193,2,Zm00001eb110000,Zm00001eb110000:0.000765852,NA,NA,NA,NA,NA,NA,AT3G62190,AT3G62190:0.000356223
286317at33090,2,Zm00001eb110000,Zm00001eb110000:0.000765852,NA,NA,NA,NA,NA,NA,AT3G62190,AT3G62190:0.000356223
287849at3193,2,Zm00001eb151480,Zm00001eb151480:0.00219412,NA,NA,NA,NA,NA,NA,AT1G61250,AT1G61250:5.04422e-05
28950at2759,2,Zm00001eb317180,Zm00001eb317180:0.000472205,NA,NA,NA,NA,NA,NA,AT4G34620,AT4G34620:0.000112038
28953at38820,2,NA,NA,NA,NA,LOC_Os08g04810,LOC_Os08g04810:0.000344153,HORVU.MOREX.r3.7HG0647640,HORVU.MOREX.r3.7HG0647640:5.13175e-05,NA,NA
28953at4447,2,NA,NA,NA,NA,LOC_Os08g04810,LOC_Os08g04810:0.000344153,HORVU.MOREX.r3.7HG0647640,HORVU.MOREX.r3.7HG0647640:5.13175e-05,NA,NA
290209at2759,2,Zm00001eb007730;Zm00001eb402750,Zm00001eb007730:0.00191165;Zm00001eb402750:0.0019166,SORBI_3002G180300,SORBI_3002G180300:7.63918e-09,NA,NA,NA,NA,NA,NA
290209at33090,2,Zm00001eb007730;Zm00001eb402750,Zm00001eb007730:0.00191165;Zm00001eb402750:0.0019166,SORBI_3002G180300,SORBI_3002G180300:7.63918e-09,NA,NA,NA,NA,NA,NA
29096at38820,2,Zm00001eb281180,Zm00001eb281180:0.00244235,NA,NA,NA,NA,HORVU.MOREX.r3.7HG0667610;HORVU.MOREX.r3.7HG0667620,HORVU.MOREX.r3.7HG0667610:8.67287e-05;HORVU.MOREX.r3.7HG0667620:5.71583e-07,NA,NA
29096at4447,2,Zm00001eb281180,Zm00001eb281180:0.00244235,NA,NA,NA,NA,HORVU.MOREX.r3.7HG0667610;HORVU.MOREX.r3.7HG0667620,HORVU.MOREX.r3.7HG0667610:8.67287e-05;HORVU.MOREX.r3.7HG0667620:5.71583e-07,NA,NA
29155at38820,2,Zm00001eb253230,Zm00001eb253230:0.00095006,NA,NA,NA,NA,HORVU.MOREX.r3.6HG0611060,HORVU.MOREX.r3.6HG0611060:1.26299e-05,NA,NA
291785at3193,2,Zm00001eb346120,Zm00001eb346120:0.00131413,NA,NA,NA,NA,HORVU.MOREX.r3.3HG0252850,HORVU.MOREX.r3.3HG0252850:0.000111238,NA,NA
293860at2759,2,Zm00001eb038540,Zm00001eb038540:0.000763449,SORBI_3004G218000,SORBI_3004G218000:0.00165424,NA,NA,NA,NA,NA,NA
293860at3193,2,Zm00001eb038540,Zm00001eb038540:0.000763449,SORBI_3004G218000,SORBI_3004G218000:0.00165424,NA,NA,NA,NA,NA,NA
293860at33090,2,Zm00001eb038540,Zm00001eb038540:0.000763449,SORBI_3004G218000,SORBI_3004G218000:0.00165424,NA,NA,NA,NA,NA,NA
294520at3193,2,Zm00001eb013110,Zm00001eb013110:0.00188664,NA,NA,NA,NA,HORVU.MOREX.r3.2HG0107750,HORVU.MOREX.r3.2HG0107750:7.41783e-06,NA,NA
29832at38820,2,NA,NA,SORBI_3004G255500,SORBI_3004G255500:9.56812e-05,NA,NA,HORVU.MOREX.r3.6HG0611050,HORVU.MOREX.r3.6HG0611050:1.26299e-05,NA,NA
29832at4447,2,NA,NA,SORBI_3004G255500,SORBI_3004G255500:9.56812e-05,NA,NA,HORVU.MOREX.r3.6HG0611050,HORVU.MOREX.r3.6HG0611050:1.26299e-05,NA,NA
298811at3193,2,Zm00001eb319720,Zm00001eb319720:0.00165736,NA,NA,NA,NA,NA,NA,AT1G29760,AT1G29760:1.73055e-06
298811at33090,2,Zm00001eb319720,Zm00001eb319720:0.00165736,NA,NA,NA,NA,NA,NA,AT1G29760,AT1G29760:1.73055e-06
300176at3193,2,Zm00001eb038210,Zm00001eb038210:0.00240434,SORBI_3002G229700,SORBI_3002G229700:0.00113179,NA,NA,NA,NA,NA,NA
300176at33090,2,Zm00001eb038210,Zm00001eb038210:0.00240434,SORBI_3002G229700,SORBI_3002G229700:0.00113179,NA,NA,NA,NA,NA,NA
301827at2759,2,NA,NA,SORBI_3010G104400,SORBI_3010G104400:0.00110304,NA,NA,NA,NA,AT2G01660,AT2G01660:0.000147605
301827at3193,2,NA,NA,SORBI_3010G104400,SORBI_3010G104400:0.00110304,NA,NA,NA,NA,AT2G01660,AT2G01660:0.000147605
301827at33090,2,NA,NA,SORBI_3010G104400,SORBI_3010G104400:0.00110304,NA,NA,NA,NA,AT2G01660,AT2G01660:0.000147605
301834at33090,2,Zm00001eb100420,Zm00001eb100420:0.000615548,SORBI_3002G224000;SORBI_3007G154800;SORBI_3007G155000,SORBI_3002G224000:7.08378e-05;SORBI_3007G154800:0.0023024;SORBI_3007G155000:0.0023024,NA,NA,NA,NA,NA,NA
30552at38820,2,Zm00001eb291660,Zm00001eb291660:0.00109197,NA,NA,LOC_Os05g04960,LOC_Os05g04960:5.40616e-05,NA,NA,NA,NA
30552at4447,2,Zm00001eb291660,Zm00001eb291660:0.00109197,NA,NA,LOC_Os05g04960,LOC_Os05g04960:5.40616e-05,NA,NA,NA,NA
30744at38820,2,Zm00001eb047740,Zm00001eb047740:0.00149113,NA,NA,NA,NA,HORVU.MOREX.r3.7HG0667940,HORVU.MOREX.r3.7HG0667940:0.000100859,NA,NA
30744at4447,2,Zm00001eb047740,Zm00001eb047740:0.00149113,NA,NA,NA,NA,HORVU.MOREX.r3.7HG0667940,HORVU.MOREX.r3.7HG0667940:0.000100859,NA,NA
30772at4447,2,Zm00001eb315060,Zm00001eb315060:0.000719488,SORBI_3002G224800;SORBI_3002G224900,SORBI_3002G224800:7.53979e-05;SORBI_3002G224900:7.53979e-05,NA,NA,NA,NA,NA,NA
30777at4447,2,Zm00001eb292360,Zm00001eb292360:0.00300555,NA,NA,NA,NA,HORVU.MOREX.r3.4HG0340910,HORVU.MOREX.r3.4HG0340910:3.85104e-05,NA,NA
307849at2759,2,NA,NA,NA,NA,NA,NA,HORVU.MOREX.r3.2HG0176950,HORVU.MOREX.r3.2HG0176950:3.6636e-05,AT1G19380,AT1G19380:0.000192742
307849at3193,2,NA,NA,NA,NA,NA,NA,HORVU.MOREX.r3.2HG0176950,HORVU.MOREX.r3.2HG0176950:3.6636e-05,AT1G19380,AT1G19380:0.000192742
307849at33090,2,NA,NA,NA,NA,NA,NA,HORVU.MOREX.r3.2HG0176950,HORVU.MOREX.r3.2HG0176950:3.6636e-05,AT1G19380,AT1G19380:0.000192742
308151at2759,2,Zm00001eb043950,Zm00001eb043950:3.74498e-05,NA,NA,NA,NA,NA,NA,AT5G58960,AT5G58960:0.000385562
308151at3193,2,Zm00001eb043950,Zm00001eb043950:3.74498e-05,NA,NA,NA,NA,NA,NA,AT5G58960,AT5G58960:0.000385562
308151at33090,2,Zm00001eb043950,Zm00001eb043950:3.74498e-05,NA,NA,NA,NA,NA,NA,AT5G58960,AT5G58960:0.000385562
309257at2759,2,Zm00001eb390720,Zm00001eb390720:0.000252712,NA,NA,NA,NA,NA,NA,AT2G44650,AT2G44650:0.00013591
309257at3193,2,Zm00001eb390720,Zm00001eb390720:0.000252712,NA,NA,NA,NA,NA,NA,AT2G44650,AT2G44650:0.00013591
309257at33090,2,Zm00001eb390720,Zm00001eb390720:0.000252712,NA,NA,NA,NA,NA,NA,AT2G44650,AT2G44650:0.00013591
30943at2759,2,NA,NA,NA,NA,NA,NA,HORVU.MOREX.r3.2HG0156100,HORVU.MOREX.r3.2HG0156100:0.000258781,AT1G13950,AT1G13950:0.000240273
30968at3193,2,Zm00001eb212060,Zm00001eb212060:0.00205168,NA,NA,NA,NA,NA,NA,AT3G08620,AT3G08620:4.2177e-06
31124at2759,2,NA,NA,SORBI_3006G115200,SORBI_3006G115200:0.00376586,NA,NA,NA,NA,AT5G56110,AT5G56110:0.000206207
31124at3193,2,NA,NA,SORBI_3006G115200,SORBI_3006G115200:0.00376586,NA,NA,NA,NA,AT5G56110,AT5G56110:0.000206207
31124at33090,2,NA,NA,SORBI_3006G115200,SORBI_3006G115200:0.00376586,NA,NA,NA,NA,AT5G56110,AT5G56110:0.000206207
313129at3193,2,Zm00001eb035770;Zm00001eb369510,Zm00001eb035770:0.000568269;Zm00001eb369510:0.00248042,NA,NA,NA,NA,NA,NA,AT3G62250,AT3G62250:0.000147285
317534at2759,2,Zm00001eb137810,Zm00001eb137810:0.000807151,NA,NA,NA,NA,NA,NA,AT5G18980,AT5G18980:0.000260073
317534at3193,2,Zm00001eb137810,Zm00001eb137810:0.000807151,NA,NA,NA,NA,NA,NA,AT5G18980,AT5G18980:0.000260073
317534at33090,2,Zm00001eb137810,Zm00001eb137810:0.000807151,NA,NA,NA,NA,NA,NA,AT5G18980,AT5G18980:0.000260073
322144at2759,2,Zm00001eb252680,Zm00001eb252680:0.00100449,NA,NA,NA,NA,NA,NA,AT2G33630,AT2G33630:0.000279331
322653at2759,2,Zm00001eb163270,Zm00001eb163270:0.00064304,NA,NA,LOC_Os11g01074,LOC_Os11g01074:0.000218903,NA,NA,NA,NA
322653at3193,2,Zm00001eb163270,Zm00001eb163270:0.00064304,NA,NA,LOC_Os11g01074,LOC_Os11g01074:0.000218903,NA,NA,NA,NA
322653at33090,2,Zm00001eb163270,Zm00001eb163270:0.00064304,NA,NA,LOC_Os11g01074,LOC_Os11g01074:0.000218903,NA,NA,NA,NA
32285at4447,2,Zm00001eb094220;Zm00001eb331520,Zm00001eb094220:0.00284143;Zm00001eb331520:0.00274039,NA,NA,NA,NA,HORVU.MOREX.r3.2HG0108460,HORVU.MOREX.r3.2HG0108460:0.000395525,NA,NA
3246085at2759,2,Zm00001eb292100,Zm00001eb292100:0.000982874,NA,NA,NA,NA,NA,NA,AT5G04590,AT5G04590:0.00017891
324745at2759,2,Zm00001eb048160;Zm00001eb212670,Zm00001eb048160:0.000954927;Zm00001eb212670:0.000595228,SORBI_3001G080800,SORBI_3001G080800:0.00352494,NA,NA,NA,NA,NA,NA
32553at38820,2,Zm00001eb374080,Zm00001eb374080:0.0024754,NA,NA,NA,NA,HORVU.MOREX.r3.6HG0621490,HORVU.MOREX.r3.6HG0621490:1.40936e-05,NA,NA
326456at3193,2,NA,NA,NA,NA,LOC_Os12g05740,LOC_Os12g05740:0.000130845,HORVU.MOREX.r3.2HG0102700,HORVU.MOREX.r3.2HG0102700:5.39107e-05,NA,NA
328034at2759,2,Zm00001eb023690,Zm00001eb023690:0.00109632,NA,NA,NA,NA,NA,NA,AT3G60320,AT3G60320:0.000120122
328034at3193,2,Zm00001eb023690,Zm00001eb023690:0.00109632,NA,NA,NA,NA,NA,NA,AT3G60320,AT3G60320:0.000120122
328034at33090,2,Zm00001eb023690,Zm00001eb023690:0.00109632,NA,NA,NA,NA,NA,NA,AT3G60320,AT3G60320:0.000120122
329at38820,2,NA,NA,SORBI_3001G134200,SORBI_3001G134200:0.00198218,NA,NA,HORVU.MOREX.r3.4HG0334820,HORVU.MOREX.r3.4HG0334820:0.000129485,NA,NA
329at4447,2,NA,NA,SORBI_3001G134200,SORBI_3001G134200:0.00198218,NA,NA,HORVU.MOREX.r3.4HG0334820,HORVU.MOREX.r3.4HG0334820:0.000129485,NA,NA
33096at38820,2,Zm00001eb274720,Zm00001eb274720:0.0011462,SORBI_3006G231900,SORBI_3006G231900:1.30929e-06,NA,NA,NA,NA,NA,NA
33096at4447,2,Zm00001eb274720,Zm00001eb274720:0.0011462,SORBI_3006G231900,SORBI_3006G231900:1.30929e-06,NA,NA,NA,NA,NA,NA
33145at4447,2,NA,NA,NA,NA,LOC_Os07g01810,LOC_Os07g01810:0.000154342,HORVU.MOREX.r3.4HG0333910,HORVU.MOREX.r3.4HG0333910:1.06034e-09,NA,NA
333484at2759,2,Zm00001eb365740,Zm00001eb365740:1.72057e-07,NA,NA,NA,NA,NA,NA,AT1G65470,AT1G65470:0.000353224
333484at3193,2,Zm00001eb365740,Zm00001eb365740:1.72057e-07,NA,NA,NA,NA,NA,NA,AT1G65470,AT1G65470:0.000353224
333484at33090,2,Zm00001eb365740,Zm00001eb365740:1.72057e-07,NA,NA,NA,NA,NA,NA,AT1G65470,AT1G65470:0.000353224
333734at2759,2,Zm00001eb402440,Zm00001eb402440:0.000368538,NA,NA,NA,NA,NA,NA,AT1G13990,AT1G13990:0.000316142
333734at3193,2,Zm00001eb402440,Zm00001eb402440:0.000368538,NA,NA,NA,NA,NA,NA,AT1G13990,AT1G13990:0.000316142
333734at33090,2,Zm00001eb402440,Zm00001eb402440:0.000368538,NA,NA,NA,NA,NA,NA,AT1G13990,AT1G13990:0.000316142
33915at2759,2,Zm00001eb080670,Zm00001eb080670:1.0918e-05,NA,NA,NA,NA,NA,NA,AT3G57230;AT5G60910,AT3G57230:9.87091e-05;AT5G60910:0.000129343
33915at3193,2,Zm00001eb080670,Zm00001eb080670:1.0918e-05,NA,NA,NA,NA,NA,NA,AT3G57230;AT5G60910,AT3G57230:9.87091e-05;AT5G60910:0.000129343
33915at33090,2,Zm00001eb080670,Zm00001eb080670:1.0918e-05,NA,NA,NA,NA,NA,NA,AT3G57230;AT5G60910,AT3G57230:9.87091e-05;AT5G60910:0.000129343
339495at2759,2,NA,NA,NA,NA,NA,NA,HORVU.MOREX.r3.3HG0249580,HORVU.MOREX.r3.3HG0249580:9.43635e-09,AT4G23930,AT4G23930:7.99516e-07
339495at3193,2,NA,NA,NA,NA,NA,NA,HORVU.MOREX.r3.3HG0249580,HORVU.MOREX.r3.3HG0249580:9.43635e-09,AT4G23930,AT4G23930:7.99516e-07
339495at33090,2,NA,NA,NA,NA,NA,NA,HORVU.MOREX.r3.3HG0249580,HORVU.MOREX.r3.3HG0249580:9.43635e-09,AT4G23930,AT4G23930:7.99516e-07
3402248at2759,2,Zm00001eb128780;Zm00001eb430920,Zm00001eb128780:0.00225276;Zm00001eb430920:0.00101822,SORBI_3006G215000,SORBI_3006G215000:0.0016607,NA,NA,NA,NA,NA,NA
34079at38820,2,NA,NA,SORBI_3003G427900,SORBI_3003G427900:0.000900258,NA,NA,HORVU.MOREX.r3.3HG0320700;HORVU.MOREX.r3.3HG0320720;HORVU.MOREX.r3.3HG0320740,HORVU.MOREX.r3.3HG0320700:0.000203866;HORVU.MOREX.r3.3HG0320720:0.000259938;HORVU.MOREX.r3.3HG0320740:0.000259938,NA,NA
34079at4447,2,NA,NA,SORBI_3003G427900,SORBI_3003G427900:0.000900258,NA,NA,HORVU.MOREX.r3.3HG0320700;HORVU.MOREX.r3.3HG0320720;HORVU.MOREX.r3.3HG0320740,HORVU.MOREX.r3.3HG0320700:0.000203866;HORVU.MOREX.r3.3HG0320720:0.000259938;HORVU.MOREX.r3.3HG0320740:0.000259938,NA,NA
34342at4447,2,Zm00001eb390710,Zm00001eb390710:0.000252712,SORBI_3001G293000,SORBI_3001G293000:0.00356636,NA,NA,NA,NA,NA,NA
343587at2759,2,Zm00001eb284700,Zm00001eb284700:0.000645348,SORBI_3001G071700,SORBI_3001G071700:0.0022517,NA,NA,NA,NA,NA,NA
343587at3193,2,Zm00001eb284700,Zm00001eb284700:0.000645348,SORBI_3001G071700,SORBI_3001G071700:0.0022517,NA,NA,NA,NA,NA,NA
343587at33090,2,Zm00001eb284700,Zm00001eb284700:0.000645348,SORBI_3001G071700,SORBI_3001G071700:0.0022517,NA,NA,NA,NA,NA,NA
343908at3193,2,Zm00001eb362490,Zm00001eb362490:0.000173436,NA,NA,NA,NA,NA,NA,AT4G25740;AT5G41520,AT4G25740:3.02947e-05;AT5G41520:8.12901e-07
343908at33090,2,Zm00001eb362490,Zm00001eb362490:0.000173436,NA,NA,NA,NA,NA,NA,AT4G25740;AT5G41520,AT4G25740:3.02947e-05;AT5G41520:8.12901e-07
35025at38820,2,Zm00001eb292850,Zm00001eb292850:0.00288015,NA,NA,NA,NA,HORVU.MOREX.r3.7HG0747490,HORVU.MOREX.r3.7HG0747490:9.55369e-05,NA,NA
350659at33090,2,Zm00001eb002040;Zm00001eb277480,Zm00001eb002040:0.00087009;Zm00001eb277480:0.00275038,NA,NA,NA,NA,NA,NA,AT5G11800;AT5G51710,AT5G11800:0.000117208;AT5G51710:0.000247105
35114at3193,2,Zm00001eb055280;Zm00001eb253970,Zm00001eb055280:0.00123954;Zm00001eb253970:8.41725e-06,NA,NA,NA,NA,HORVU.MOREX.r3.6HG0616300,HORVU.MOREX.r3.6HG0616300:0.000135461,NA,NA
35114at33090,2,Zm00001eb055280;Zm00001eb253970,Zm00001eb055280:0.00123954;Zm00001eb253970:8.41725e-06,NA,NA,NA,NA,HORVU.MOREX.r3.6HG0616300,HORVU.MOREX.r3.6HG0616300:0.000135461,NA,NA
35191at4447,2,Zm00001eb107910,Zm00001eb107910:0.000192507,NA,NA,NA,NA,HORVU.MOREX.r3.2HG0130900,HORVU.MOREX.r3.2HG0130900:0.00011356,NA,NA
35669at38820,2,Zm00001eb130750;Zm00001eb340500,Zm00001eb130750:0.000547086;Zm00001eb340500:0.000388196,NA,NA,LOC_Os01g03190,LOC_Os01g03190:0.000248773,NA,NA,NA,NA
35669at4447,2,Zm00001eb130750;Zm00001eb340500,Zm00001eb130750:0.000547086;Zm00001eb340500:0.000388196,NA,NA,LOC_Os01g03190,LOC_Os01g03190:0.000248773,NA,NA,NA,NA
35784at38820,2,Zm00001eb392430,Zm00001eb392430:0.000240813,NA,NA,NA,NA,HORVU.MOREX.r3.7HG0725980,HORVU.MOREX.r3.7HG0725980:0.000366794,NA,NA
35784at4447,2,Zm00001eb392430,Zm00001eb392430:0.000240813,NA,NA,NA,NA,HORVU.MOREX.r3.7HG0725980,HORVU.MOREX.r3.7HG0725980:0.000366794,NA,NA
35807at38820,2,Zm00001eb338020,Zm00001eb338020:0.000434819,NA,NA,NA,NA,HORVU.MOREX.r3.3HG0243960,HORVU.MOREX.r3.3HG0243960:1.13844e-07,NA,NA
35807at4447,2,Zm00001eb338020,Zm00001eb338020:0.000434819,NA,NA,NA,NA,HORVU.MOREX.r3.3HG0243960,HORVU.MOREX.r3.3HG0243960:1.13844e-07,NA,NA
360292at3193,2,Zm00001eb292360,Zm00001eb292360:0.00300555,NA,NA,NA,NA,HORVU.MOREX.r3.4HG0340910,HORVU.MOREX.r3.4HG0340910:3.85104e-05,NA,NA
36197at38820,2,Zm00001eb145870,Zm00001eb145870:0.00308591,SORBI_3003G376100,SORBI_3003G376100:0.000684675,NA,NA,NA,NA,NA,NA
36197at4447,2,Zm00001eb145870,Zm00001eb145870:0.00308591,SORBI_3003G376100,SORBI_3003G376100:0.000684675,NA,NA,NA,NA,NA,NA
36441at38820,2,Zm00001eb043650,Zm00001eb043650:0.000202622,SORBI_3001G195800,SORBI_3001G195800:0.001795,NA,NA,NA,NA,NA,NA
36441at4447,2,Zm00001eb043650,Zm00001eb043650:0.000202622,SORBI_3001G195800,SORBI_3001G195800:0.001795,NA,NA,NA,NA,NA,NA
366977at3193,2,Zm00001eb046740,Zm00001eb046740:0.00314915,NA,NA,NA,NA,NA,NA,AT5G18650,AT5G18650:9.92608e-07
367260at2759,2,Zm00001eb066940;Zm00001eb352080,Zm00001eb066940:0.00159122;Zm00001eb352080:2.07969e-05,NA,NA,NA,NA,NA,NA,AT3G08690;AT4G27960,AT3G08690:0.000110941;AT4G27960:0.00011452
367260at3193,2,Zm00001eb066940;Zm00001eb352080,Zm00001eb066940:0.00159122;Zm00001eb352080:2.07969e-05,NA,NA,NA,NA,NA,NA,AT3G08690;AT4G27960,AT3G08690:0.000110941;AT4G27960:0.00011452
367260at33090,2,Zm00001eb066940;Zm00001eb352080,Zm00001eb066940:0.00159122;Zm00001eb352080:2.07969e-05,NA,NA,NA,NA,NA,NA,AT3G08690;AT4G27960,AT3G08690:0.000110941;AT4G27960:0.00011452
369773at2759,2,NA,NA,SORBI_3006G028300;SORBI_3006G028400,SORBI_3006G028300:0.000119797;SORBI_3006G028400:0.000119797,NA,NA,HORVU.MOREX.r3.2HG0099040,HORVU.MOREX.r3.2HG0099040:1.17971e-06,NA,NA
369773at3193,2,NA,NA,SORBI_3006G028300;SORBI_3006G028400,SORBI_3006G028300:0.000119797;SORBI_3006G028400:0.000119797,NA,NA,HORVU.MOREX.r3.2HG0099040,HORVU.MOREX.r3.2HG0099040:1.17971e-06,NA,NA
369773at33090,2,NA,NA,SORBI_3006G028300;SORBI_3006G028400,SORBI_3006G028300:0.000119797;SORBI_3006G028400:0.000119797,NA,NA,HORVU.MOREX.r3.2HG0099040,HORVU.MOREX.r3.2HG0099040:1.17971e-06,NA,NA
37152at38820,2,Zm00001eb431510;Zm00001eb431520,Zm00001eb431510:0.00162111;Zm00001eb431520:0.00162111,NA,NA,NA,NA,HORVU.MOREX.r3.2HG0214200,HORVU.MOREX.r3.2HG0214200:0.000221064,NA,NA
3722at38820,2,Zm00001eb145810;Zm00001eb288440,Zm00001eb145810:0.00181235;Zm00001eb288440:2.96585e-05,NA,NA,NA,NA,HORVU.MOREX.r3.3HG0307560,HORVU.MOREX.r3.3HG0307560:1.60178e-05,NA,NA
3722at4447,2,Zm00001eb145810;Zm00001eb288440,Zm00001eb145810:0.00181235;Zm00001eb288440:2.96585e-05,NA,NA,NA,NA,HORVU.MOREX.r3.3HG0307560,HORVU.MOREX.r3.3HG0307560:1.60178e-05,NA,NA
37509at38820,2,Zm00001eb271130,Zm00001eb271130:1.36564e-05,NA,NA,NA,NA,HORVU.MOREX.r3.7HG0653390,HORVU.MOREX.r3.7HG0653390:1.16418e-11,NA,NA
37792at38820,2,Zm00001eb173420,Zm00001eb173420:0.000800314,NA,NA,LOC_Os08g01220,LOC_Os08g01220:0.000357076,NA,NA,NA,NA
3784778at2759,2,NA,NA,NA,NA,LOC_Os05g01060,LOC_Os05g01060:0.000356876,NA,NA,AT4G06634,AT4G06634:0.000222102
38000at38820,2,Zm00001eb426650,Zm00001eb426650:0.000298494,NA,NA,NA,NA,HORVU.MOREX.r3.2HG0181700,HORVU.MOREX.r3.2HG0181700:2.46665e-05,NA,NA
38000at4447,2,Zm00001eb426650,Zm00001eb426650:0.000298494,NA,NA,NA,NA,HORVU.MOREX.r3.2HG0181700,HORVU.MOREX.r3.2HG0181700:2.46665e-05,NA,NA
38105at38820,2,Zm00001eb253240,Zm00001eb253240:0.00095006,NA,NA,NA,NA,HORVU.MOREX.r3.6HG0611080,HORVU.MOREX.r3.6HG0611080:1.26299e-05,NA,NA
38105at4447,2,Zm00001eb253240,Zm00001eb253240:0.00095006,NA,NA,NA,NA,HORVU.MOREX.r3.6HG0611080,HORVU.MOREX.r3.6HG0611080:1.26299e-05,NA,NA
3837426at2759,2,Zm00001eb295950;Zm00001eb359780,Zm00001eb295950:0.00177822;Zm00001eb359780:0.0029422,NA,NA,NA,NA,NA,NA,AT3G14600,AT3G14600:3.76243e-05
38402at38820,2,Zm00001eb253220,Zm00001eb253220:0.00095006,SORBI_3004G255300,SORBI_3004G255300:9.56812e-05,NA,NA,NA,NA,NA,NA
38402at4447,2,Zm00001eb253220,Zm00001eb253220:0.00095006,SORBI_3004G255300,SORBI_3004G255300:9.56812e-05,NA,NA,NA,NA,NA,NA
384618at3193,2,Zm00001eb106130,Zm00001eb106130:0.0019172,SORBI_3002G002700;SORBI_3002G321400,SORBI_3002G002700:0.0039799;SORBI_3002G321400:0.000861879,NA,NA,NA,NA,NA,NA
384618at33090,2,Zm00001eb106130,Zm00001eb106130:0.0019172,SORBI_3002G002700;SORBI_3002G321400,SORBI_3002G002700:0.0039799;SORBI_3002G321400:0.000861879,NA,NA,NA,NA,NA,NA
384659at3193,2,NA,NA,NA,NA,LOC_Os01g08510,LOC_Os01g08510:0.000219197,NA,NA,AT3G54090,AT3G54090:0.000297801
385098at2759,2,Zm00001eb194240,Zm00001eb194240:0.000231566,NA,NA,NA,NA,NA,NA,AT4G36640,AT4G36640:0.000189406
388517at2759,2,Zm00001eb311800,Zm00001eb311800:0.00210555,NA,NA,LOC_Os06g02380,LOC_Os06g02380:0.000207499,NA,NA,NA,NA
388517at3193,2,Zm00001eb311800,Zm00001eb311800:0.00210555,NA,NA,LOC_Os06g02380,LOC_Os06g02380:0.000207499,NA,NA,NA,NA
388517at33090,2,Zm00001eb311800,Zm00001eb311800:0.00210555,NA,NA,LOC_Os06g02380,LOC_Os06g02380:0.000207499,NA,NA,NA,NA
38870at38820,2,Zm00001eb379070,Zm00001eb379070:0.00315029,NA,NA,NA,NA,HORVU.MOREX.r3.7HG0638850,HORVU.MOREX.r3.7HG0638850:0.000157624,NA,NA
38870at4447,2,Zm00001eb379070,Zm00001eb379070:0.00315029,NA,NA,NA,NA,HORVU.MOREX.r3.7HG0638850,HORVU.MOREX.r3.7HG0638850:0.000157624,NA,NA
388878at33090,2,Zm00001eb173410,Zm00001eb173410:0.000800314,NA,NA,NA,NA,NA,NA,AT1G13440;AT1G16300,AT1G13440:2.13551e-05;AT1G16300:0.000355463
388896at33090,2,Zm00001eb334390,Zm00001eb334390:0.000702925,NA,NA,NA,NA,NA,NA,AT3G42830,AT3G42830:2.60156e-06
389839at2759,2,Zm00001eb408100,Zm00001eb408100:0.00259546,NA,NA,NA,NA,NA,NA,AT1G35510,AT1G35510:0.000236168
389839at3193,2,Zm00001eb408100,Zm00001eb408100:0.00259546,NA,NA,NA,NA,NA,NA,AT1G35510,AT1G35510:0.000236168
389839at33090,2,Zm00001eb408100,Zm00001eb408100:0.00259546,NA,NA,NA,NA,NA,NA,AT1G35510,AT1G35510:0.000236168
392985at2759,2,Zm00001eb145900,Zm00001eb145900:0.00302481,NA,NA,NA,NA,NA,NA,AT1G09812,AT1G09812:0.000254639
392985at3193,2,Zm00001eb145900,Zm00001eb145900:0.00302481,NA,NA,NA,NA,NA,NA,AT1G09812,AT1G09812:0.000254639
392985at33090,2,Zm00001eb145900,Zm00001eb145900:0.00302481,NA,NA,NA,NA,NA,NA,AT1G09812,AT1G09812:0.000254639
3933at38820,2,Zm00001eb105040,Zm00001eb105040:0.00284698,NA,NA,LOC_Os07g04850,LOC_Os07g04850:0.000153768,NA,NA,NA,NA
3933at4447,2,Zm00001eb105040,Zm00001eb105040:0.00284698,NA,NA,LOC_Os07g04850,LOC_Os07g04850:0.000153768,NA,NA,NA,NA
39370at38820,2,Zm00001eb398890,Zm00001eb398890:0.00113232,SORBI_3001G270800,SORBI_3001G270800:0.00411904,NA,NA,NA,NA,NA,NA
39370at4447,2,Zm00001eb398890,Zm00001eb398890:0.00113232,SORBI_3001G270800,SORBI_3001G270800:0.00411904,NA,NA,NA,NA,NA,NA
3945at4447,2,Zm00001eb423980,Zm00001eb423980:0.00178976,NA,NA,NA,NA,HORVU.MOREX.r3.2HG0173040,HORVU.MOREX.r3.2HG0173040:0.000340203,NA,NA
394674at3193,2,Zm00001eb344020,Zm00001eb344020:0.0016135,NA,NA,NA,NA,NA,NA,AT1G19450;AT1G54730,AT1G19450:0.000258525;AT1G54730:0.000348448
394674at33090,2,Zm00001eb344020,Zm00001eb344020:0.0016135,NA,NA,NA,NA,NA,NA,AT1G19450;AT1G54730,AT1G19450:0.000258525;AT1G54730:0.000348448
395068at3193,2,Zm00001eb142090;Zm00001eb142130,Zm00001eb142090:0.000722393;Zm00001eb142130:0.000722393,SORBI_3003G417200,SORBI_3003G417200:0.000474187,NA,NA,NA,NA,NA,NA
395068at33090,2,Zm00001eb142090;Zm00001eb142130,Zm00001eb142090:0.000722393;Zm00001eb142130:0.000722393,SORBI_3003G417200,SORBI_3003G417200:0.000474187,NA,NA,NA,NA,NA,NA
395619at3193,2,Zm00001eb295950;Zm00001eb359780,Zm00001eb295950:0.00177822;Zm00001eb359780:0.0029422,NA,NA,NA,NA,NA,NA,AT3G14600,AT3G14600:3.76243e-05
3959at38820,2,NA,NA,SORBI_3004G010000,SORBI_3004G010000:0.0030034,NA,NA,HORVU.MOREX.r3.6HG0544350,HORVU.MOREX.r3.6HG0544350:0.000443785,NA,NA
3959at4447,2,NA,NA,SORBI_3004G010000,SORBI_3004G010000:0.0030034,NA,NA,HORVU.MOREX.r3.6HG0544350,HORVU.MOREX.r3.6HG0544350:0.000443785,NA,NA
396081at33090,2,Zm00001eb270040,Zm00001eb270040:1.62474e-05,NA,NA,NA,NA,NA,NA,AT1G62880,AT1G62880:0.000114002
39609at38820,2,Zm00001eb361700,Zm00001eb361700:0.00231754,NA,NA,LOC_Os02g02290,LOC_Os02g02290:8.94428e-05,NA,NA,NA,NA
39609at4447,2,Zm00001eb361700,Zm00001eb361700:0.00231754,NA,NA,LOC_Os02g02290,LOC_Os02g02290:8.94428e-05,NA,NA,NA,NA
396214at3193,2,Zm00001eb367890,Zm00001eb367890:0.000602308,NA,NA,NA,NA,NA,NA,AT3G55440,AT3G55440:5.42088e-05
396214at33090,2,Zm00001eb367890,Zm00001eb367890:0.000602308,NA,NA,NA,NA,NA,NA,AT3G55440,AT3G55440:5.42088e-05
396224at2759,2,Zm00001eb003150,Zm00001eb003150:0.00101532,SORBI_3002G177400,SORBI_3002G177400:0.000637822,NA,NA,NA,NA,NA,NA
396224at33090,2,Zm00001eb003150,Zm00001eb003150:0.00101532,SORBI_3002G177400,SORBI_3002G177400:0.000637822,NA,NA,NA,NA,NA,NA
401079at3193,2,Zm00001eb370650,Zm00001eb370650:0.00146431,NA,NA,NA,NA,NA,NA,AT1G30070,AT1G30070:0.000295054
40570at38820,2,Zm00001eb225650,Zm00001eb225650:0.00059586,SORBI_3010G236600,SORBI_3010G236600:0.00274971,NA,NA,NA,NA,NA,NA
40570at4447,2,Zm00001eb225650,Zm00001eb225650:0.00059586,SORBI_3010G236600,SORBI_3010G236600:0.00274971,NA,NA,NA,NA,NA,NA
40872at38820,2,NA,NA,SORBI_3002G321300,SORBI_3002G321300:0.000861879,NA,NA,HORVU.MOREX.r3.5HG0538180,HORVU.MOREX.r3.5HG0538180:6.78541e-08,NA,NA
40872at4447,2,NA,NA,SORBI_3002G321300,SORBI_3002G321300:0.000861879,NA,NA,HORVU.MOREX.r3.5HG0538180,HORVU.MOREX.r3.5HG0538180:6.78541e-08,NA,NA
41013at38820,2,Zm00001eb103720,Zm00001eb103720:0.00160201,SORBI_3002G279000,SORBI_3002G279000:0.00084549,NA,NA,NA,NA,NA,NA
41013at4447,2,Zm00001eb103720,Zm00001eb103720:0.00160201,SORBI_3002G279000,SORBI_3002G279000:0.00084549,NA,NA,NA,NA,NA,NA
4103828at2759,2,Zm00001eb150960,Zm00001eb150960:0.0009985,NA,NA,NA,NA,NA,NA,AT5G54940,AT5G54940:1.15072e-09
410480at2759,2,NA,NA,NA,NA,LOC_Os08g02204,LOC_Os08g02204:0.000294336,NA,NA,AT3G62170,AT3G62170:0.000356223
411396at3193,2,Zm00001eb013950,Zm00001eb013950:0.00108056,NA,NA,NA,NA,NA,NA,AT4G02500,AT4G02500:0.000301516
412870at2759,2,Zm00001eb205250;Zm00001eb240190,Zm00001eb205250:0.00180904;Zm00001eb240190:0.00164527,NA,NA,NA,NA,NA,NA,AT1G10430;AT1G69960;AT3G19980,AT1G10430:0.000198088;AT1G69960:0.000119846;AT3G19980:4.9371e-16
41305at38820,2,Zm00001eb013110,Zm00001eb013110:0.00188664,NA,NA,NA,NA,HORVU.MOREX.r3.2HG0107750,HORVU.MOREX.r3.2HG0107750:7.41783e-06,NA,NA
41305at4447,2,Zm00001eb013110,Zm00001eb013110:0.00188664,NA,NA,NA,NA,HORVU.MOREX.r3.2HG0107750,HORVU.MOREX.r3.2HG0107750:7.41783e-06,NA,NA
4145474at2759,2,Zm00001eb420600,Zm00001eb420600:3.62041e-05,NA,NA,NA,NA,NA,NA,AT5G60980,AT5G60980:0.000129343
415840at3193,2,Zm00001eb253990,Zm00001eb253990:8.41725e-06,NA,NA,NA,NA,HORVU.MOREX.r3.6HG0616230,HORVU.MOREX.r3.6HG0616230:0.000155553,NA,NA
41908at38820,2,Zm00001eb324180,Zm00001eb324180:0.00128739,SORBI_3002G338500,SORBI_3002G338500:0.00416232,NA,NA,NA,NA,NA,NA
420262at2759,2,Zm00001eb023910,Zm00001eb023910:0.000739952,NA,NA,NA,NA,NA,NA,AT2G44680;AT3G60250,AT2G44680:0.000144356;AT3G60250:3.99833e-06
426043at3193,2,NA,NA,SORBI_3001G067000,SORBI_3001G067000:0.00102495,NA,NA,NA,NA,AT3G20800,AT3G20800:1.20933e-07
426640at3193,2,Zm00001eb250910,Zm00001eb250910:0.000386246,SORBI_3004G279500,SORBI_3004G279500:0.0018205,NA,NA,NA,NA,NA,NA
429114at33090,2,Zm00001eb256540,Zm00001eb256540:0.00143195,NA,NA,NA,NA,NA,NA,AT2G39450,AT2G39450:0.000129717
42970at38820,2,Zm00001eb206110,Zm00001eb206110:0.00303734,NA,NA,NA,NA,HORVU.MOREX.r3.6HG0573850,HORVU.MOREX.r3.6HG0573850:0.000104872,NA,NA
42970at4447,2,Zm00001eb206110,Zm00001eb206110:0.00303734,NA,NA,NA,NA,HORVU.MOREX.r3.6HG0573850,HORVU.MOREX.r3.6HG0573850:0.000104872,NA,NA
430022at3193,2,Zm00001eb056240,Zm00001eb056240:0.00270952,NA,NA,NA,NA,NA,NA,AT4G34350,AT4G34350:2.94177e-05
4316099at2759,2,NA,NA,SORBI_3010G033400,SORBI_3010G033400:0.00278461,NA,NA,NA,NA,AT5G42300,AT5G42300:1.02206e-07
434009at2759,2,Zm00001eb015460,Zm00001eb015460:0.000861206,NA,NA,NA,NA,HORVU.MOREX.r3.2HG0211880,HORVU.MOREX.r3.2HG0211880:0.000349413,NA,NA
442385at2759,2,Zm00001eb043610,Zm00001eb043610:0.000652244,NA,NA,NA,NA,NA,NA,AT4G10390,AT4G10390:8.28318e-05
442385at3193,2,Zm00001eb043610,Zm00001eb043610:0.000652244,NA,NA,NA,NA,NA,NA,AT4G10390,AT4G10390:8.28318e-05
442385at33090,2,Zm00001eb043610,Zm00001eb043610:0.000652244,NA,NA,NA,NA,NA,NA,AT4G10390,AT4G10390:8.28318e-05
4434014at2759,2,Zm00001eb139410,Zm00001eb139410:0.00254746,NA,NA,NA,NA,NA,NA,AT1G09980,AT1G09980:0.000315785
44712at38820,2,Zm00001eb274710,Zm00001eb274710:0.0011462,NA,NA,NA,NA,HORVU.MOREX.r3.7HG0739540;HORVU.MOREX.r3.7HG0739550,HORVU.MOREX.r3.7HG0739540:0.000434387;HORVU.MOREX.r3.7HG0739550:0.000434387,NA,NA
44712at4447,2,Zm00001eb274710,Zm00001eb274710:0.0011462,NA,NA,NA,NA,HORVU.MOREX.r3.7HG0739540;HORVU.MOREX.r3.7HG0739550,HORVU.MOREX.r3.7HG0739540:0.000434387;HORVU.MOREX.r3.7HG0739550:0.000434387,NA,NA
45140at38820,2,Zm00001eb058360,Zm00001eb058360:0.00194734,SORBI_3001G079600,SORBI_3001G079600:0.00159137,NA,NA,NA,NA,NA,NA
45140at4447,2,Zm00001eb058360,Zm00001eb058360:0.00194734,SORBI_3001G079600,SORBI_3001G079600:0.00159137,NA,NA,NA,NA,NA,NA
45548at38820,2,Zm00001eb006010,Zm00001eb006010:2.16945e-05,NA,NA,NA,NA,HORVU.MOREX.r3.4HG0405310,HORVU.MOREX.r3.4HG0405310:0.00043016,NA,NA
45548at4447,2,Zm00001eb006010,Zm00001eb006010:2.16945e-05,NA,NA,NA,NA,HORVU.MOREX.r3.4HG0405310,HORVU.MOREX.r3.4HG0405310:0.00043016,NA,NA
4586791at2759,2,Zm00001eb426650,Zm00001eb426650:0.000298494,NA,NA,NA,NA,HORVU.MOREX.r3.2HG0181700,HORVU.MOREX.r3.2HG0181700:2.46665e-05,NA,NA
4590808at2759,2,Zm00001eb005530,Zm00001eb005530:2.36612e-05,NA,NA,NA,NA,NA,NA,AT1G26930,AT1G26930:1.26806e-06
4592at38820,2,Zm00001eb146070,Zm00001eb146070:0.00163238,SORBI_3003G374200,SORBI_3003G374200:8.36508e-05,NA,NA,NA,NA,NA,NA
4592at4447,2,Zm00001eb146070,Zm00001eb146070:0.00163238,SORBI_3003G374200,SORBI_3003G374200:8.36508e-05,NA,NA,NA,NA,NA,NA
4598369at2759,2,NA,NA,NA,NA,LOC_Os08g01330,LOC_Os08g01330:4.09347e-05,NA,NA,AT5G39890,AT5G39890:6.18714e-06
459990at2759,2,Zm00001eb106130,Zm00001eb106130:0.0019172,SORBI_3002G002700;SORBI_3002G321400,SORBI_3002G002700:0.0039799;SORBI_3002G321400:0.000861879,NA,NA,NA,NA,NA,NA
4611623at2759,2,Zm00001eb001270,Zm00001eb001270:0.00224653,SORBI_3009G081500,SORBI_3009G081500:0.000101486,NA,NA,NA,NA,NA,NA
46134at38820,2,Zm00001eb110250;Zm00001eb328990;Zm00001eb394250,Zm00001eb110250:0.0030538;Zm00001eb328990:0.00103518;Zm00001eb394250:0.00203288,SORBI_3001G361300,SORBI_3001G361300:0.00231401,NA,NA,NA,NA,NA,NA
46134at4447,2,Zm00001eb110250;Zm00001eb328990;Zm00001eb394250,Zm00001eb110250:0.0030538;Zm00001eb328990:0.00103518;Zm00001eb394250:0.00203288,SORBI_3001G361300,SORBI_3001G361300:0.00231401,NA,NA,NA,NA,NA,NA
4616901at2759,2,Zm00001eb328970,Zm00001eb328970:0.000236311,NA,NA,NA,NA,NA,NA,AT1G56700,AT1G56700:1.69525e-06
464974at2759,2,Zm00001eb006350,Zm00001eb006350:0.00051877,NA,NA,NA,NA,NA,NA,AT5G18480,AT5G18480:8.97759e-06
465249at2759,2,Zm00001eb216320,Zm00001eb216320:0.000859362,NA,NA,NA,NA,NA,NA,AT1G70650,AT1G70650:1.26005e-05
465249at3193,2,Zm00001eb216320,Zm00001eb216320:0.000859362,NA,NA,NA,NA,NA,NA,AT1G70650,AT1G70650:1.26005e-05
465249at33090,2,Zm00001eb216320,Zm00001eb216320:0.000859362,NA,NA,NA,NA,NA,NA,AT1G70650,AT1G70650:1.26005e-05
4662890at2759,2,Zm00001eb013120,Zm00001eb013120:0.00188664,NA,NA,NA,NA,NA,NA,AT1G12500,AT1G12500:0.000205768
469239at2759,2,Zm00001eb243180,Zm00001eb243180:0.00011111,NA,NA,NA,NA,NA,NA,AT1G43710;AT4G28680,AT1G43710:9.80033e-05;AT4G28680:7.04097e-05
4693185at2759,2,NA,NA,NA,NA,NA,NA,HORVU.MOREX.r3.5HG0429810,HORVU.MOREX.r3.5HG0429810:0.000225701,AT2G13290,AT2G13290:0.00018882
470054at2759,2,Zm00001eb161640,Zm00001eb161640:0.000691314,NA,NA,NA,NA,NA,NA,AT5G57230,AT5G57230:3.39464e-05
470054at3193,2,Zm00001eb161640,Zm00001eb161640:0.000691314,NA,NA,NA,NA,NA,NA,AT5G57230,AT5G57230:3.39464e-05
470054at33090,2,Zm00001eb161640,Zm00001eb161640:0.000691314,NA,NA,NA,NA,NA,NA,AT5G57230,AT5G57230:3.39464e-05
471821at3193,2,NA,NA,NA,NA,NA,NA,HORVU.MOREX.r3.2HG0205830;HORVU.MOREX.r3.6HG0615160,HORVU.MOREX.r3.2HG0205830:0.00035558;HORVU.MOREX.r3.6HG0615160:1.74247e-06,AT1G26830,AT1G26830:3.1773e-06
472190at2759,2,Zm00001eb035370,Zm00001eb035370:0.00047983,NA,NA,NA,NA,NA,NA,AT3G60030,AT3G60030:6.51514e-05
472190at3193,2,Zm00001eb035370,Zm00001eb035370:0.00047983,NA,NA,NA,NA,NA,NA,AT3G60030,AT3G60030:6.51514e-05
472190at33090,2,Zm00001eb035370,Zm00001eb035370:0.00047983,NA,NA,NA,NA,NA,NA,AT3G60030,AT3G60030:6.51514e-05
4727740at2759,2,Zm00001eb325410,Zm00001eb325410:0.00179382,NA,NA,NA,NA,NA,NA,AT1G76570;AT3G61470,AT1G76570:5.99697e-07;AT3G61470:0.000359957
47303at38820,2,Zm00001eb378930,Zm00001eb378930:0.00230025,SORBI_3010G011200,SORBI_3010G011200:0.00189963,NA,NA,NA,NA,NA,NA
47303at4447,2,Zm00001eb378930,Zm00001eb378930:0.00230025,SORBI_3010G011200,SORBI_3010G011200:0.00189963,NA,NA,NA,NA,NA,NA
4750521at2759,2,Zm00001eb113080,Zm00001eb113080:0.000567889,NA,NA,NA,NA,NA,NA,AT1G21460;AT3G14770;AT5G13170,AT1G21460:0.000160062;AT3G14770:9.8556e-05;AT5G13170:7.81575e-05
4750734at2759,2,Zm00001eb270040,Zm00001eb270040:1.62474e-05,NA,NA,NA,NA,NA,NA,AT1G62880,AT1G62880:0.000114002
4754802at2759,2,NA,NA,SORBI_3004G252400,SORBI_3004G252400:0.000922038,NA,NA,NA,NA,AT1G13580,AT1G13580:1.26501e-07
4760669at2759,2,Zm00001eb013110,Zm00001eb013110:0.00188664,NA,NA,NA,NA,HORVU.MOREX.r3.2HG0107750,HORVU.MOREX.r3.2HG0107750:7.41783e-06,NA,NA
4761699at2759,2,Zm00001eb110240,Zm00001eb110240:0.0030538,NA,NA,NA,NA,NA,NA,AT1G26800,AT1G26800:2.36353e-06
4762392at2759,2,Zm00001eb344020,Zm00001eb344020:0.0016135,NA,NA,NA,NA,NA,NA,AT1G19450;AT1G54730,AT1G19450:0.000258525;AT1G54730:0.000348448
4763661at2759,2,Zm00001eb165450,Zm00001eb165450:0.00252571,NA,NA,NA,NA,NA,NA,AT2G47600,AT2G47600:3.71427e-06
47734at38820,2,Zm00001eb106130,Zm00001eb106130:0.0019172,SORBI_3002G321400,SORBI_3002G321400:0.000861879,NA,NA,NA,NA,NA,NA
47734at4447,2,Zm00001eb106130,Zm00001eb106130:0.0019172,SORBI_3002G321400,SORBI_3002G321400:0.000861879,NA,NA,NA,NA,NA,NA
4773835at2759,2,Zm00001eb057410,Zm00001eb057410:0.000898657,NA,NA,NA,NA,NA,NA,AT4G16420,AT4G16420:0.000314994
477561at2759,2,Zm00001eb294600,Zm00001eb294600:0.000190924,NA,NA,NA,NA,NA,NA,AT1G76950,AT1G76950:6.44517e-16
477561at33090,2,Zm00001eb294600,Zm00001eb294600:0.000190924,NA,NA,NA,NA,NA,NA,AT1G76950,AT1G76950:6.44517e-16
4777991at2759,2,Zm00001eb002620,Zm00001eb002620:0.00296786,NA,NA,NA,NA,NA,NA,AT3G12500,AT3G12500:0.000177319
4778626at2759,2,Zm00001eb117050,Zm00001eb117050:1.80197e-06,NA,NA,NA,NA,HORVU.MOREX.r3.5HG0518510,HORVU.MOREX.r3.5HG0518510:5.45948e-07,NA,NA
47800at4447,2,Zm00001eb031700,Zm00001eb031700:0.000219771,NA,NA,NA,NA,HORVU.MOREX.r3.6HG0566320,HORVU.MOREX.r3.6HG0566320:4.70064e-05,NA,NA
4782124at2759,2,Zm00001eb068710;Zm00001eb369820,Zm00001eb068710:0.00054134;Zm00001eb369820:0.0028602,NA,NA,NA,NA,NA,NA,AT2G24610,AT2G24610:0.000183347
4805209at2759,2,Zm00001eb346120,Zm00001eb346120:0.00131413,NA,NA,NA,NA,HORVU.MOREX.r3.3HG0252850,HORVU.MOREX.r3.3HG0252850:0.000111238,NA,NA
4806464at2759,2,NA,NA,SORBI_3006G232500,SORBI_3006G232500:1.30929e-06,NA,NA,NA,NA,AT1G68290,AT1G68290:0.000379605
4808232at2759,2,NA,NA,NA,NA,NA,NA,HORVU.MOREX.r3.3HG0291190,HORVU.MOREX.r3.3HG0291190:0.000195435,AT3G55610,AT3G55610:0.000165636
4809112at2759,2,Zm00001eb064450,Zm00001eb064450:0.000891866,NA,NA,NA,NA,NA,NA,AT1G56360;AT3G20500;AT4G36350,AT1G56360:1.62826e-08;AT3G20500:5.43109e-08;AT4G36350:1.09377e-05
4811936at2759,2,Zm00001eb274710,Zm00001eb274710:0.0011462,NA,NA,NA,NA,HORVU.MOREX.r3.7HG0739540;HORVU.MOREX.r3.7HG0739550,HORVU.MOREX.r3.7HG0739540:0.000434387;HORVU.MOREX.r3.7HG0739550:0.000434387,NA,NA
4812491at2759,2,Zm00001eb364100,Zm00001eb364100:0.0014933,NA,NA,NA,NA,NA,NA,AT3G61710,AT3G61710:8.51004e-05
481573at2759,2,Zm00001eb312390,Zm00001eb312390:0.00185174,SORBI_3002G198600,SORBI_3002G198600:0.00336919,NA,NA,NA,NA,NA,NA
481573at3193,2,Zm00001eb312390,Zm00001eb312390:0.00185174,SORBI_3002G198600,SORBI_3002G198600:0.00336919,NA,NA,NA,NA,NA,NA
481573at33090,2,Zm00001eb312390,Zm00001eb312390:0.00185174,SORBI_3002G198600,SORBI_3002G198600:0.00336919,NA,NA,NA,NA,NA,NA
4815789at2759,2,Zm00001eb403670,Zm00001eb403670:0.000367158,NA,NA,NA,NA,NA,NA,AT5G41560,AT5G41560:0.000174337
4817020at2759,2,Zm00001eb002040;Zm00001eb277480,Zm00001eb002040:0.00087009;Zm00001eb277480:0.00275038,NA,NA,NA,NA,NA,NA,AT5G11800;AT5G51710,AT5G11800:0.000117208;AT5G51710:0.000247105
4818at38820,2,NA,NA,NA,NA,LOC_Os01g07110,LOC_Os01g07110:0.000338531,HORVU.MOREX.r3.3HG0284270,HORVU.MOREX.r3.3HG0284270:0.000157418,NA,NA
4818at4447,2,NA,NA,NA,NA,LOC_Os01g07110,LOC_Os01g07110:0.000338531,HORVU.MOREX.r3.3HG0284270,HORVU.MOREX.r3.3HG0284270:0.000157418,NA,NA
4819467at2759,2,Zm00001eb316100,Zm00001eb316100:0.00299135,SORBI_3004G255800,SORBI_3004G255800:0.00137758,NA,NA,NA,NA,NA,NA
4819771at2759,2,NA,NA,SORBI_3001G206900,SORBI_3001G206900:0.00380886,NA,NA,NA,NA,AT1G15130,AT1G15130:1.48335e-06
4820964at2759,2,NA,NA,NA,NA,NA,NA,HORVU.MOREX.r3.4HG0332850,HORVU.MOREX.r3.4HG0332850:2.75453e-05,AT5G43370,AT5G43370:0.000149194
4822122at2759,2,Zm00001eb295890;Zm00001eb333460,Zm00001eb295890:0.0031163;Zm00001eb333460:2.10935e-05,NA,NA,NA,NA,NA,NA,AT1G04990;AT2G47850,AT1G04990:4.59244e-05;AT2G47850:1.22308e-06
4822178at2759,2,Zm00001eb076780;Zm00001eb427000,Zm00001eb076780:0.000858878;Zm00001eb427000:0.00093664,NA,NA,NA,NA,HORVU.MOREX.r3.2HG0183300,HORVU.MOREX.r3.2HG0183300:7.07836e-05,NA,NA
4824004at2759,2,Zm00001eb225650,Zm00001eb225650:0.00059586,SORBI_3010G236600,SORBI_3010G236600:0.00274971,NA,NA,NA,NA,NA,NA
482636at33090,2,Zm00001eb056240,Zm00001eb056240:0.00270952,NA,NA,NA,NA,NA,NA,AT4G34350,AT4G34350:2.94177e-05
4833872at2759,2,Zm00001eb355060,Zm00001eb355060:0.000544718,NA,NA,NA,NA,NA,NA,AT3G20530,AT3G20530:5.43109e-08
4836032at2759,2,Zm00001eb173410,Zm00001eb173410:0.000800314,NA,NA,NA,NA,NA,NA,AT1G13440;AT1G16300,AT1G13440:2.13551e-05;AT1G16300:0.000355463
4836927at2759,2,Zm00001eb202580,Zm00001eb202580:2.3699e-06,SORBI_3002G043600,SORBI_3002G043600:0.00436136,NA,NA,NA,NA,NA,NA
4837154at2759,2,Zm00001eb367890,Zm00001eb367890:0.000602308,NA,NA,NA,NA,NA,NA,AT3G55440,AT3G55440:5.42088e-05
4837993at2759,2,Zm00001eb038230;Zm00001eb194260,Zm00001eb038230:0.00240434;Zm00001eb194260:0.000231566,NA,NA,NA,NA,NA,NA,AT3G50520,AT3G50520:0.000335663
4839028at2759,2,Zm00001eb038210,Zm00001eb038210:0.00240434,SORBI_3002G229700,SORBI_3002G229700:0.00113179,NA,NA,NA,NA,NA,NA
4840291at2759,2,Zm00001eb309610,Zm00001eb309610:0.00070818,NA,NA,LOC_Os03g02150,LOC_Os03g02150:0.000129411,NA,NA,NA,NA
4841398at2759,2,NA,NA,SORBI_3009G196300,SORBI_3009G196300:0.000709989,NA,NA,HORVU.MOREX.r3.2HG0105050;HORVU.MOREX.r3.2HG0105070,HORVU.MOREX.r3.2HG0105050:5.79003e-06;HORVU.MOREX.r3.2HG0105070:5.79003e-06,NA,NA
4842648at2759,2,Zm00001eb245020,Zm00001eb245020:0.000188119,NA,NA,NA,NA,NA,NA,AT1G18720,AT1G18720:2.71234e-06
4842898at2759,2,Zm00001eb140540,Zm00001eb140540:0.00276624,SORBI_3003G431900,SORBI_3003G431900:2.39386e-06,NA,NA,NA,NA,NA,NA
4844390at2759,2,Zm00001eb396860,Zm00001eb396860:0.000720849,NA,NA,NA,NA,NA,NA,AT5G58510,AT5G58510:0.000309542
4848236at2759,2,Zm00001eb257630,Zm00001eb257630:0.000720937,NA,NA,NA,NA,NA,NA,AT4G25650,AT4G25650:3.02947e-05
4852307at2759,2,Zm00001eb372200,Zm00001eb372200:0.00258309,NA,NA,NA,NA,NA,NA,AT5G51830,AT5G51830:2.12444e-07
4858584at2759,2,Zm00001eb240650,Zm00001eb240650:0.00246703,NA,NA,NA,NA,NA,NA,AT5G36160,AT5G36160:0.000146775
4858592at2759,2,NA,NA,NA,NA,NA,NA,HORVU.MOREX.r3.2HG0097600,HORVU.MOREX.r3.2HG0097600:7.17648e-05,AT2G39830,AT2G39830:3.06203e-08
4858627at2759,2,Zm00001eb386630,Zm00001eb386630:0.00262704,NA,NA,NA,NA,NA,NA,AT1G06220,AT1G06220:0.000131749
4863284at2759,2,Zm00001eb146760,Zm00001eb146760:0.00151775,NA,NA,NA,NA,NA,NA,AT5G58060,AT5G58060:9.38891e-05
48835at38820,2,Zm00001eb371800,Zm00001eb371800:0.000701907,NA,NA,NA,NA,HORVU.MOREX.r3.7HG0668320,HORVU.MOREX.r3.7HG0668320:9.22819e-05,NA,NA
48835at4447,2,Zm00001eb371800,Zm00001eb371800:0.000701907,NA,NA,NA,NA,HORVU.MOREX.r3.7HG0668320,HORVU.MOREX.r3.7HG0668320:9.22819e-05,NA,NA
488419at33090,2,Zm00001eb047740,Zm00001eb047740:0.00149113,NA,NA,NA,NA,HORVU.MOREX.r3.7HG0667940,HORVU.MOREX.r3.7HG0667940:0.000100859,NA,NA
4887834at2759,2,Zm00001eb105060,Zm00001eb105060:0.00284698,NA,NA,NA,NA,NA,NA,AT5G56680,AT5G56680:0.000141794
4888905at2759,2,Zm00001eb004290,Zm00001eb004290:0.000810899,SORBI_3001G003500,SORBI_3001G003500:0.0013433,NA,NA,NA,NA,NA,NA
4889204at2759,2,Zm00001eb070580,Zm00001eb070580:4.20132e-05,NA,NA,NA,NA,HORVU.MOREX.r3.6HG0611090,HORVU.MOREX.r3.6HG0611090:1.26299e-05,NA,NA
4893567at2759,2,NA,NA,NA,NA,NA,NA,HORVU.MOREX.r3.3HG0301920,HORVU.MOREX.r3.3HG0301920:1.20722e-05,AT3G54020,AT3G54020:0.000201874
4895548at2759,2,NA,NA,NA,NA,NA,NA,HORVU.MOREX.r3.2HG0183890,HORVU.MOREX.r3.2HG0183890:2.52087e-07,AT1G63220,AT1G63220:5.02347e-05
48959at38820,2,Zm00001eb366700,Zm00001eb366700:0.00205554,SORBI_3003G368100,SORBI_3003G368100:0.00427276,NA,NA,NA,NA,NA,NA
48959at4447,2,Zm00001eb366700,Zm00001eb366700:0.00205554,SORBI_3003G368100,SORBI_3003G368100:0.00427276,NA,NA,NA,NA,NA,NA
4896435at2759,2,Zm00001eb416760,Zm00001eb416760:0.00123868,NA,NA,NA,NA,NA,NA,AT5G54580,AT5G54580:0.000158589
490911at2759,2,Zm00001eb369070,Zm00001eb369070:0.00160071,NA,NA,NA,NA,HORVU.MOREX.r3.3HG0296620,HORVU.MOREX.r3.3HG0296620:2.05416e-07,NA,NA
490911at3193,2,Zm00001eb369070,Zm00001eb369070:0.00160071,NA,NA,NA,NA,HORVU.MOREX.r3.3HG0296620,HORVU.MOREX.r3.3HG0296620:2.05416e-07,NA,NA
490911at33090,2,Zm00001eb369070,Zm00001eb369070:0.00160071,NA,NA,NA,NA,HORVU.MOREX.r3.3HG0296620,HORVU.MOREX.r3.3HG0296620:2.05416e-07,NA,NA
491676at3193,2,Zm00001eb038710,Zm00001eb038710:0.00176647,NA,NA,LOC_Os04g04590,LOC_Os04g04590:0.000284506,NA,NA,NA,NA
4923639at2759,2,Zm00001eb055280;Zm00001eb253970,Zm00001eb055280:0.00123954;Zm00001eb253970:8.41725e-06,NA,NA,NA,NA,HORVU.MOREX.r3.6HG0616300,HORVU.MOREX.r3.6HG0616300:0.000135461,NA,NA
4925430at2759,2,Zm00001eb015210;Zm00001eb041140;Zm00001eb110020;Zm00001eb330600;Zm00001eb338250,Zm00001eb015210:0.00144065;Zm00001eb041140:0.000632244;Zm00001eb110020:0.000765852;Zm00001eb330600:0.00202391;Zm00001eb338250:3.51232e-05,NA,NA,NA,NA,NA,NA,AT1G30270;AT5G35410,AT1G30270:9.15629e-05;AT5G35410:0.000233708
4926418at2759,2,Zm00001eb212040,Zm00001eb212040:0.00205168,SORBI_3003G176900,SORBI_3003G176900:0.00302166,NA,NA,NA,NA,NA,NA
4932650at2759,2,Zm00001eb161610;Zm00001eb315040,Zm00001eb161610:0.00201079;Zm00001eb315040:0.000719488,NA,NA,NA,NA,NA,NA,AT2G41000,AT2G41000:0.000197021
49333at38820,2,Zm00001eb076780;Zm00001eb427000,Zm00001eb076780:0.000858878;Zm00001eb427000:0.00093664,NA,NA,NA,NA,HORVU.MOREX.r3.2HG0183300,HORVU.MOREX.r3.2HG0183300:7.07836e-05,NA,NA
49333at4447,2,Zm00001eb076780;Zm00001eb427000,Zm00001eb076780:0.000858878;Zm00001eb427000:0.00093664,NA,NA,NA,NA,HORVU.MOREX.r3.2HG0183300,HORVU.MOREX.r3.2HG0183300:7.07836e-05,NA,NA
493728at2759,2,NA,NA,SORBI_3002G002600,SORBI_3002G002600:0.0039799,NA,NA,NA,NA,AT3G19090,AT3G19090:2.75512e-08
493728at3193,2,NA,NA,SORBI_3002G002600,SORBI_3002G002600:0.0039799,NA,NA,NA,NA,AT3G19090,AT3G19090:2.75512e-08
493728at33090,2,NA,NA,SORBI_3002G002600,SORBI_3002G002600:0.0039799,NA,NA,NA,NA,AT3G19090,AT3G19090:2.75512e-08
4940074at2759,2,Zm00001eb106470,Zm00001eb106470:0.00234353,SORBI_3002G330100,SORBI_3002G330100:0.000168019,NA,NA,NA,NA,NA,NA
49447at38820,2,Zm00001eb400550,Zm00001eb400550:0.00223162,NA,NA,NA,NA,HORVU.MOREX.r3.4HG0397970,HORVU.MOREX.r3.4HG0397970:3.03927e-08,NA,NA
49447at4447,2,Zm00001eb400550,Zm00001eb400550:0.00223162,NA,NA,NA,NA,HORVU.MOREX.r3.4HG0397970,HORVU.MOREX.r3.4HG0397970:3.03927e-08,NA,NA
49453at4447,2,Zm00001eb032780,Zm00001eb032780:0.00245109,NA,NA,NA,NA,HORVU.MOREX.r3.4HG0334360,HORVU.MOREX.r3.4HG0334360:0.000106888,NA,NA
4946633at2759,2,Zm00001eb137100;Zm00001eb296480,Zm00001eb137100:0.0022504;Zm00001eb296480:6.84832e-08,NA,NA,NA,NA,NA,NA,AT1G30820,AT1G30820:6.2352e-05
4955488at2759,2,Zm00001eb071670;Zm00001eb362860,Zm00001eb071670:0.000140687;Zm00001eb362860:0.00257981,NA,NA,LOC_Os05g01530,LOC_Os05g01530:1.36409e-06,NA,NA,NA,NA
495563at2759,2,Zm00001eb074030;Zm00001eb173390,Zm00001eb074030:0.00159696;Zm00001eb173390:0.000800314,NA,NA,NA,NA,NA,NA,AT1G47670,AT1G47670:0.000125084
495563at33090,2,Zm00001eb074030;Zm00001eb173390,Zm00001eb074030:0.00159696;Zm00001eb173390:0.000800314,NA,NA,NA,NA,NA,NA,AT1G47670,AT1G47670:0.000125084
495621at3193,2,NA,NA,SORBI_3001G135100,SORBI_3001G135100:0.000335157,NA,NA,NA,NA,AT5G22830,AT5G22830:0.000114327
495621at33090,2,NA,NA,SORBI_3001G135100,SORBI_3001G135100:0.000335157,NA,NA,NA,NA,AT5G22830,AT5G22830:0.000114327
4961at38820,2,Zm00001eb265410,Zm00001eb265410:0.00100188,NA,NA,LOC_Os05g01250,LOC_Os05g01250:4.2861e-05,NA,NA,NA,NA
4961at4447,2,Zm00001eb265410,Zm00001eb265410:0.00100188,NA,NA,LOC_Os05g01250,LOC_Os05g01250:4.2861e-05,NA,NA,NA,NA
4965332at2759,2,Zm00001eb047740,Zm00001eb047740:0.00149113,NA,NA,NA,NA,HORVU.MOREX.r3.7HG0667940,HORVU.MOREX.r3.7HG0667940:0.000100859,NA,NA
4969593at2759,2,Zm00001eb030760,Zm00001eb030760:0.00208471,NA,NA,LOC_Os12g05960,LOC_Os12g05960:0.000201603,NA,NA,NA,NA
4971695at2759,2,NA,NA,NA,NA,NA,NA,HORVU.MOREX.r3.4HG0397450,HORVU.MOREX.r3.4HG0397450:0.000375508,AT5G20890,AT5G20890:0.000112621
4971798at2759,2,Zm00001eb042030,Zm00001eb042030:0.000457576,SORBI_3002G175400,SORBI_3002G175400:2.97418e-05,NA,NA,NA,NA,NA,NA
4972221at2759,2,Zm00001eb064310;Zm00001eb427510,Zm00001eb064310:0.000129209;Zm00001eb427510:0.00066957,NA,NA,NA,NA,NA,NA,AT1G45332,AT1G45332:4.18789e-05
4973646at2759,2,NA,NA,SORBI_3004G046500,SORBI_3004G046500:0.00128612,NA,NA,NA,NA,AT5G39900,AT5G39900:4.73964e-07
4974506at2759,2,Zm00001eb368680,Zm00001eb368680:0.000430664,SORBI_3004G253200,SORBI_3004G253200:0.00195332,NA,NA,NA,NA,NA,NA
4977778at2759,2,Zm00001eb399460,Zm00001eb399460:0.00165536,NA,NA,NA,NA,NA,NA,AT5G58370,AT5G58370:2.57576e-07
4980569at2759,2,Zm00001eb334390,Zm00001eb334390:0.000702925,NA,NA,NA,NA,NA,NA,AT3G42830,AT3G42830:2.60156e-06
4985510at2759,2,Zm00001eb275020;Zm00001eb313000,Zm00001eb275020:0.00178506;Zm00001eb313000:0.00141901,NA,NA,NA,NA,NA,NA,AT1G31340,AT1G31340:8.93509e-05
498741at2759,2,Zm00001eb038710;Zm00001eb425050,Zm00001eb038710:0.00176647;Zm00001eb425050:0.000375122,NA,NA,LOC_Os04g04590,LOC_Os04g04590:0.000284506,NA,NA,NA,NA
498741at33090,2,Zm00001eb038710;Zm00001eb425050,Zm00001eb038710:0.00176647;Zm00001eb425050:0.000375122,NA,NA,LOC_Os04g04590,LOC_Os04g04590:0.000284506,NA,NA,NA,NA
4988919at2759,2,Zm00001eb336800,Zm00001eb336800:0.0030365,NA,NA,NA,NA,NA,NA,AT1G29250,AT1G29250:7.55164e-05
4990361at2759,2,Zm00001eb145870,Zm00001eb145870:0.00308591,SORBI_3003G376100,SORBI_3003G376100:0.000684675,NA,NA,NA,NA,NA,NA
4991005at2759,2,NA,NA,NA,NA,NA,NA,HORVU.MOREX.r3.4HG0332900,HORVU.MOREX.r3.4HG0332900:0.000265822,AT2G36900,AT2G36900:0.000213517
4996329at2759,2,NA,NA,SORBI_3009G112600,SORBI_3009G112600:0.00384161,NA,NA,NA,NA,AT5G59290,AT5G59290:4.8713e-10
4998877at2759,2,Zm00001eb117070,Zm00001eb117070:0.00145838,NA,NA,NA,NA,NA,NA,AT3G13670,AT3G13670:9.94588e-05
4999301at2759,2,Zm00001eb228530,Zm00001eb228530:0.000433813,NA,NA,NA,NA,NA,NA,AT5G03650,AT5G03650:8.25379e-06
4999782at2759,2,Zm00001eb276760,Zm00001eb276760:0.000912765,NA,NA,NA,NA,HORVU.MOREX.r3.3HG0244000,HORVU.MOREX.r3.3HG0244000:5.07952e-06,NA,NA
4999798at2759,2,Zm00001eb366470,Zm00001eb366470:0.000377028,NA,NA,NA,NA,NA,NA,AT4G13930,AT4G13930:7.83758e-05
5000066at2759,2,NA,NA,SORBI_3004G217800,SORBI_3004G217800:0.00165424,NA,NA,NA,NA,AT3G24290;AT3G24300;AT4G13510,AT3G24290:0.000265496;AT3G24300:0.000265496;AT4G13510:5.33862e-05
5000442at2759,2,Zm00001eb107540;Zm00001eb325380,Zm00001eb107540:9.42654e-06;Zm00001eb325380:0.00179382,NA,NA,NA,NA,NA,NA,AT3G13550,AT3G13550:0.000299491
5000452at2759,2,Zm00001eb432010,Zm00001eb432010:0.000207661,SORBI_3006G211800,SORBI_3006G211800:0.000128523,NA,NA,NA,NA,NA,NA
5000645at2759,2,Zm00001eb056240,Zm00001eb056240:0.00270952,NA,NA,NA,NA,NA,NA,AT4G34350,AT4G34350:2.94177e-05
5000869at2759,2,Zm00001eb212060,Zm00001eb212060:0.00205168,NA,NA,NA,NA,NA,NA,AT3G08620,AT3G08620:4.2177e-06
5000976at2759,2,NA,NA,SORBI_3002G280200,SORBI_3002G280200:0.000414082,NA,NA,HORVU.MOREX.r3.7HG0636660,HORVU.MOREX.r3.7HG0636660:2.35979e-05,NA,NA
5001316at2759,2,NA,NA,SORBI_3004G011566,SORBI_3004G011566:0.00211111,NA,NA,NA,NA,AT4G35090,AT4G35090:0.000218771
5001608at2759,2,Zm00001eb408010,Zm00001eb408010:2.51041e-06,NA,NA,NA,NA,NA,NA,AT4G38970,AT4G38970:0.000196545
5001747at2759,2,Zm00001eb400330,Zm00001eb400330:0.00108276,NA,NA,NA,NA,HORVU.MOREX.r3.3HG0284290,HORVU.MOREX.r3.3HG0284290:0.000157418,NA,NA
5001763at2759,2,Zm00001eb256540,Zm00001eb256540:0.00143195,NA,NA,NA,NA,NA,NA,AT2G39450,AT2G39450:0.000129717
5001827at2759,2,Zm00001eb368390,Zm00001eb368390:0.0011419,NA,NA,NA,NA,HORVU.MOREX.r3.2HG0211900,HORVU.MOREX.r3.2HG0211900:0.000349413,NA,NA
5001853at2759,2,Zm00001eb102030,Zm00001eb102030:0.000843262,NA,NA,NA,NA,NA,NA,AT1G76490,AT1G76490:1.51276e-05
5002075at2759,2,Zm00001eb070260,Zm00001eb070260:0.000686561,NA,NA,NA,NA,NA,NA,AT2G43640,AT2G43640:0.000118682
5002160at2759,2,Zm00001eb100420,Zm00001eb100420:0.000615548,SORBI_3002G224000;SORBI_3007G154800;SORBI_3007G155000,SORBI_3002G224000:7.08378e-05;SORBI_3007G154800:0.0023024;SORBI_3007G155000:0.0023024,NA,NA,NA,NA,NA,NA
5002246at2759,2,Zm00001eb304610,Zm00001eb304610:0.000491758,NA,NA,NA,NA,NA,NA,AT1G80830,AT1G80830:9.25726e-05
5002325at2759,2,NA,NA,NA,NA,LOC_Os07g01900,LOC_Os07g01900:0.000143756,NA,NA,AT2G45290;AT3G60750,AT2G45290:2.25355e-07;AT3G60750:8.20683e-07
5002350at2759,2,Zm00001eb370610,Zm00001eb370610:0.00146431,NA,NA,NA,NA,HORVU.MOREX.r3.2HG0168790;HORVU.MOREX.r3.2HG0168820,HORVU.MOREX.r3.2HG0168790:3.97292e-05;HORVU.MOREX.r3.2HG0168820:4.47856e-05,NA,NA
5002528at2759,2,Zm00001eb126670,Zm00001eb126670:4.62719e-09,NA,NA,NA,NA,NA,NA,AT5G58950,AT5G58950:8.60625e-06
5002547at2759,2,Zm00001eb006870,Zm00001eb006870:0.00271738,NA,NA,NA,NA,NA,NA,AT4G39910,AT4G39910:0.000252534
5002752at2759,2,Zm00001eb427200,Zm00001eb427200:0.00200672,NA,NA,NA,NA,HORVU.MOREX.r3.2HG0183820,HORVU.MOREX.r3.2HG0183820:2.14053e-06,NA,NA
5003351at2759,2,Zm00001eb398890,Zm00001eb398890:0.00113232,SORBI_3001G270800,SORBI_3001G270800:0.00411904,NA,NA,NA,NA,NA,NA
5003499at2759,2,Zm00001eb206110,Zm00001eb206110:0.00303734,NA,NA,NA,NA,HORVU.MOREX.r3.6HG0573850,HORVU.MOREX.r3.6HG0573850:0.000104872,NA,NA
5003509at2759,2,Zm00001eb142350,Zm00001eb142350:0.000945981,NA,NA,NA,NA,NA,NA,AT1G02880;AT2G44750,AT1G02880:4.68126e-06;AT2G44750:0.000105258
5003549at2759,2,NA,NA,SORBI_3002G199100,SORBI_3002G199100:0.00336919,NA,NA,NA,NA,AT1G26550,AT1G26550:0.000220049
5003725at2759,2,NA,NA,NA,NA,NA,NA,HORVU.MOREX.r3.2HG0183850,HORVU.MOREX.r3.2HG0183850:2.14053e-06,AT1G03680,AT1G03680:5.83214e-05
5003738at2759,2,Zm00001eb220220,Zm00001eb220220:0.000264052,SORBI_3001G193700,SORBI_3001G193700:0.00201,NA,NA,NA,NA,NA,NA
5003886at2759,2,Zm00001eb298700,Zm00001eb298700:0.00131305,SORBI_3001G080700,SORBI_3001G080700:0.00352494,NA,NA,NA,NA,NA,NA
5004039at2759,2,Zm00001eb292360,Zm00001eb292360:0.00300555,NA,NA,NA,NA,HORVU.MOREX.r3.4HG0340910,HORVU.MOREX.r3.4HG0340910:3.85104e-05,NA,NA
5004208at2759,2,NA,NA,SORBI_3004G217700,SORBI_3004G217700:0.00165424,NA,NA,NA,NA,AT4G10300;AT4G28703,AT4G10300:0.000351186;AT4G28703:6.93622e-06
5004253at2759,2,NA,NA,NA,NA,NA,NA,HORVU.MOREX.r3.5HG0490180,HORVU.MOREX.r3.5HG0490180:8.92462e-07,AT5G56010,AT5G56010:2.02387e-07
5004281at2759,2,Zm00001eb076650;Zm00001eb349040,Zm00001eb076650:0.000968088;Zm00001eb349040:0.00295819,NA,NA,NA,NA,NA,NA,AT1G71900,AT1G71900:0.000278544
5004521at2759,2,Zm00001eb323450,Zm00001eb323450:0.00152055,SORBI_3002G329500,SORBI_3002G329500:0.000168019,NA,NA,NA,NA,NA,NA
5004538at2759,2,Zm00001eb298660,Zm00001eb298660:0.00196684,NA,NA,LOC_Os12g05790,LOC_Os12g05790:0.000309876,NA,NA,NA,NA
5004863at2759,2,Zm00001eb303780,Zm00001eb303780:4.44649e-05,SORBI_3010G250900,SORBI_3010G250900:0.00289695,NA,NA,NA,NA,NA,NA
5004938at2759,2,Zm00001eb323470,Zm00001eb323470:0.00152055,SORBI_3002G329700,SORBI_3002G329700:0.000168019,NA,NA,NA,NA,NA,NA
5005174at2759,2,NA,NA,NA,NA,NA,NA,HORVU.MOREX.r3.1HG0013050,HORVU.MOREX.r3.1HG0013050:5.0985e-05,AT2G37990,AT2G37990:0.000113556
5005287at2759,2,NA,NA,SORBI_3003G310100,SORBI_3003G310100:0.00255585,NA,NA,NA,NA,AT4G33460,AT4G33460:9.78574e-05
5005315at2759,2,NA,NA,SORBI_3010G004300,SORBI_3010G004300:0.00371859,NA,NA,NA,NA,AT3G09600,AT3G09600:0.000322995
5005739at2759,2,NA,NA,NA,NA,NA,NA,HORVU.MOREX.r3.6HG0592120,HORVU.MOREX.r3.6HG0592120:0.00013953,AT3G27260,AT3G27260:1.62837e-07
5006030at2759,2,Zm00001eb126360;Zm00001eb334400,Zm00001eb126360:0.00248713;Zm00001eb334400:0.000702925,NA,NA,NA,NA,NA,NA,AT1G10250,AT1G10250:3.65342e-05
5006068at2759,2,Zm00001eb296000,Zm00001eb296000:0.000999181,NA,NA,NA,NA,HORVU.MOREX.r3.1HG0088680,HORVU.MOREX.r3.1HG0088680:0.000140822,NA,NA
5006080at2759,2,Zm00001eb278650,Zm00001eb278650:0.0028319,NA,NA,NA,NA,NA,NA,AT3G25585,AT3G25585:0.000212388
5006540at2759,2,Zm00001eb431360,Zm00001eb431360:0.00284656,NA,NA,NA,NA,HORVU.MOREX.r3.2HG0198180,HORVU.MOREX.r3.2HG0198180:2.95572e-05,NA,NA
5006758at2759,2,Zm00001eb361670,Zm00001eb361670:0.000735559,NA,NA,NA,NA,HORVU.MOREX.r3.3HG0285740,HORVU.MOREX.r3.3HG0285740:2.00699e-05,NA,NA
5012534at2759,2,Zm00001eb219490,Zm00001eb219490:0.000790722,NA,NA,NA,NA,NA,NA,AT1G26910;AT1G66580,AT1G26910:2.04378e-07;AT1G66580:0.000194161
5012544at2759,2,Zm00001eb062250;Zm00001eb212030,Zm00001eb062250:0.00151123;Zm00001eb212030:0.00205168,NA,NA,NA,NA,NA,NA,AT2G40510,AT2G40510:0.000363876
5012821at2759,2,Zm00001eb192860;Zm00001eb374200,Zm00001eb192860:0.00196631;Zm00001eb374200:1.65178e-05,NA,NA,NA,NA,NA,NA,AT1G41880,AT1G41880:0.000277875
5013074at2759,2,Zm00001eb142090;Zm00001eb142130,Zm00001eb142090:0.000722393;Zm00001eb142130:0.000722393,SORBI_3003G417200,SORBI_3003G417200:0.000474187,NA,NA,NA,NA,NA,NA
5013275at2759,2,NA,NA,NA,NA,NA,NA,HORVU.MOREX.r3.3HG0300700,HORVU.MOREX.r3.3HG0300700:5.16271e-06,AT1G08360,AT1G08360:1.98967e-05
5013402at2759,2,NA,NA,SORBI_3001G067000,SORBI_3001G067000:0.00102495,NA,NA,NA,NA,AT3G20800,AT3G20800:1.20933e-07
5013657at2759,2,Zm00001eb184610,Zm00001eb184610:0.00291088,NA,NA,NA,NA,NA,NA,AT4G12440,AT4G12440:3.2507e-05
5013682at2759,2,Zm00001eb035770;Zm00001eb369510,Zm00001eb035770:0.000568269;Zm00001eb369510:0.00248042,NA,NA,NA,NA,NA,NA,AT3G62250,AT3G62250:0.000147285
5013867at2759,2,Zm00001eb064920,Zm00001eb064920:0.00312928,NA,NA,NA,NA,NA,NA,AT1G15370,AT1G15370:7.20998e-05
5013870at2759,2,Zm00001eb256550,Zm00001eb256550:0.00143195,NA,NA,NA,NA,HORVU.MOREX.r3.5HG0455450,HORVU.MOREX.r3.5HG0455450:8.9739e-05,NA,NA
5013888at2759,2,Zm00001eb011900,Zm00001eb011900:0.001445,NA,NA,NA,NA,HORVU.MOREX.r3.3HG0225040;HORVU.MOREX.r3.3HG0225320,HORVU.MOREX.r3.3HG0225040:9.28825e-05;HORVU.MOREX.r3.3HG0225320:0.000342548,NA,NA
5014046at2759,2,NA,NA,NA,NA,NA,NA,HORVU.MOREX.r3.7HG0726010,HORVU.MOREX.r3.7HG0726010:0.000366794,AT5G58710,AT5G58710:5.60427e-05
5014181at2759,2,NA,NA,NA,NA,LOC_Os02g01800,LOC_Os02g01800:8.13793e-05,NA,NA,AT2G25070,AT2G25070:1.57913e-05
5014240at2759,2,NA,NA,NA,NA,LOC_Os10g05630,LOC_Os10g05630:0.000117665,NA,NA,AT3G60340,AT3G60340:6.30154e-10
5014320at2759,2,Zm00001eb298570,Zm00001eb298570:0.000564192,NA,NA,LOC_Os03g02140,LOC_Os03g02140:4.46651e-05,NA,NA,NA,NA
5014620at2759,2,Zm00001eb369830,Zm00001eb369830:0.0028602,NA,NA,NA,NA,HORVU.MOREX.r3.3HG0293760;HORVU.MOREX.r3.7HG0701630,HORVU.MOREX.r3.3HG0293760:0.00012803;HORVU.MOREX.r3.7HG0701630:3.73406e-05,NA,NA
5014903at2759,2,NA,NA,SORBI_3003G432100,SORBI_3003G432100:2.39386e-06,NA,NA,NA,NA,AT3G21070,AT3G21070:5.46168e-06
5015443at2759,2,Zm00001eb337140,Zm00001eb337140:0.00116433,NA,NA,NA,NA,NA,NA,AT2G06990,AT2G06990:9.86643e-05
5015745at2759,2,Zm00001eb004550;Zm00001eb178810,Zm00001eb004550:0.000414834;Zm00001eb178810:2.29735e-05,NA,NA,NA,NA,HORVU.MOREX.r3.2HG0204020;HORVU.MOREX.r3.4HG0401980;HORVU.MOREX.r3.7HG0741010,HORVU.MOREX.r3.2HG0204020:6.3049e-05;HORVU.MOREX.r3.4HG0401980:0.000426321;HORVU.MOREX.r3.7HG0741010:6.19602e-05,NA,NA
5015838at2759,2,Zm00001eb195970,Zm00001eb195970:1.04747e-06,NA,NA,NA,NA,HORVU.MOREX.r3.3HG0248540,HORVU.MOREX.r3.3HG0248540:3.02335e-05,NA,NA
5016070at2759,2,Zm00001eb055910;Zm00001eb257330,Zm00001eb055910:0.000713306;Zm00001eb257330:0.00017723,NA,NA,NA,NA,NA,NA,AT4G25770,AT4G25770:4.08394e-06
5017101at2759,2,Zm00001eb210480,Zm00001eb210480:0.000589806,NA,NA,NA,NA,NA,NA,AT2G44620,AT2G44620:0.000316654
5017462at2759,2,Zm00001eb191500,Zm00001eb191500:0.000532538,NA,NA,NA,NA,HORVU.MOREX.r3.6HG0629060,HORVU.MOREX.r3.6HG0629060:0.000348197,NA,NA
5017489at2759,2,Zm00001eb111000;Zm00001eb215750,Zm00001eb111000:0.000460079;Zm00001eb215750:0.000993521,NA,NA,NA,NA,NA,NA,AT5G64960,AT5G64960:0.000163346
5017687at2759,2,Zm00001eb290730,Zm00001eb290730:3.37543e-05,NA,NA,NA,NA,NA,NA,AT1G43560;AT1G50320;AT1G76760,AT1G43560:8.8376e-05;AT1G50320:0.000180412;AT1G76760:3.99346e-05
5017799at2759,2,Zm00001eb105950;Zm00001eb192230;Zm00001eb430620,Zm00001eb105950:0.00236673;Zm00001eb192230:0.000710108;Zm00001eb430620:0.000420499,NA,NA,NA,NA,NA,NA,AT2G33700,AT2G33700:0.000325335
5018051at2759,2,NA,NA,SORBI_3010G239800,SORBI_3010G239800:0.000658726,NA,NA,NA,NA,AT5G13570,AT5G13570:1.48917e-05
5018207at2759,2,Zm00001eb369940;Zm00001eb380190,Zm00001eb369940:0.00281971;Zm00001eb380190:0.000683019,NA,NA,NA,NA,NA,NA,AT3G02740,AT3G02740:0.000187096
5018399at2759,2,Zm00001eb351610,Zm00001eb351610:0.000192086,NA,NA,NA,NA,NA,NA,AT2G37290,AT2G37290:1.14956e-05
5018642at2759,2,Zm00001eb245170,Zm00001eb245170:0.00228083,NA,NA,NA,NA,NA,NA,AT1G25500,AT1G25500:1.14668e-10
5018936at2759,2,Zm00001eb244590,Zm00001eb244590:0.000368429,NA,NA,NA,NA,HORVU.MOREX.r3.2HG0198000,HORVU.MOREX.r3.2HG0198000:3.85525e-05,NA,NA
5019154at2759,2,NA,NA,NA,NA,NA,NA,HORVU.MOREX.r3.2HG0169970,HORVU.MOREX.r3.2HG0169970:0.000230671,AT5G08630,AT5G08630:6.75608e-05
5019313at2759,2,Zm00001eb004170,Zm00001eb004170:0.00232177,NA,NA,NA,NA,NA,NA,AT3G53230,AT3G53230:0.000185562
5019356at2759,2,Zm00001eb056720,Zm00001eb056720:0.00172632,NA,NA,NA,NA,HORVU.MOREX.r3.5HG0509380,HORVU.MOREX.r3.5HG0509380:1.96179e-05,NA,NA
5019596at2759,2,Zm00001eb319720,Zm00001eb319720:0.00165736,NA,NA,NA,NA,NA,NA,AT1G29760,AT1G29760:1.73055e-06
5019720at2759,2,Zm00001eb243200,Zm00001eb243200:0.00123566,SORBI_3006G182500,SORBI_3006G182500:0.00211764,NA,NA,NA,NA,NA,NA
5019987at2759,2,NA,NA,SORBI_3003G428000,SORBI_3003G428000:0.000900258,NA,NA,HORVU.MOREX.r3.3HG0320710,HORVU.MOREX.r3.3HG0320710:0.000203866,NA,NA
5020284at2759,2,Zm00001eb063770,Zm00001eb063770:0.00152764,NA,NA,NA,NA,NA,NA,AT3G26420,AT3G26420:4.18959e-05
5020326at2759,2,Zm00001eb272770,Zm00001eb272770:1.47983e-05,SORBI_3010G255700,SORBI_3010G255700:0.00324054,NA,NA,NA,NA,NA,NA
5023426at2759,2,Zm00001eb144760,Zm00001eb144760:0.00207183,NA,NA,NA,NA,NA,NA,AT5G39740,AT5G39740:0.000126653
5023858at2759,2,Zm00001eb418000,Zm00001eb418000:0.00125288,NA,NA,NA,NA,NA,NA,AT5G40200,AT5G40200:4.06871e-05
5024375at2759,2,Zm00001eb370650,Zm00001eb370650:0.00146431,NA,NA,NA,NA,NA,NA,AT1G30070,AT1G30070:0.000295054
503361at3193,2,Zm00001eb420600,Zm00001eb420600:3.62041e-05,NA,NA,NA,NA,NA,NA,AT5G60980,AT5G60980:0.000129343
503361at33090,2,Zm00001eb420600,Zm00001eb420600:3.62041e-05,NA,NA,NA,NA,NA,NA,AT5G60980,AT5G60980:0.000129343
505121at2759,2,Zm00001eb100770,Zm00001eb100770:3.75952e-07,SORBI_3001G361100;SORBI_3006G182800,SORBI_3001G361100:0.00231401;SORBI_3006G182800:0.00211764,NA,NA,NA,NA,NA,NA
505165at2759,2,Zm00001eb058410;Zm00001eb214220,Zm00001eb058410:0.000523119;Zm00001eb214220:0.00304524,SORBI_3001G079200,SORBI_3001G079200:0.00159137,NA,NA,NA,NA,NA,NA
505165at3193,2,Zm00001eb058410;Zm00001eb214220,Zm00001eb058410:0.000523119;Zm00001eb214220:0.00304524,SORBI_3001G079200,SORBI_3001G079200:0.00159137,NA,NA,NA,NA,NA,NA
505165at33090,2,Zm00001eb058410;Zm00001eb214220,Zm00001eb058410:0.000523119;Zm00001eb214220:0.00304524,SORBI_3001G079200,SORBI_3001G079200:0.00159137,NA,NA,NA,NA,NA,NA
505961at3193,2,NA,NA,SORBI_3004G253400,SORBI_3004G253400:0.00195332,NA,NA,NA,NA,AT2G47840,AT2G47840:1.08759e-06
50679at38820,2,Zm00001eb430930,Zm00001eb430930:0.00101822,SORBI_3006G215100,SORBI_3006G215100:0.0016607,NA,NA,NA,NA,NA,NA
50679at4447,2,Zm00001eb430930,Zm00001eb430930:0.00101822,SORBI_3006G215100,SORBI_3006G215100:0.0016607,NA,NA,NA,NA,NA,NA
507569at2759,2,Zm00001eb146510,Zm00001eb146510:0.00199686,NA,NA,NA,NA,NA,NA,AT1G44575,AT1G44575:0.000158439
507569at3193,2,Zm00001eb146510,Zm00001eb146510:0.00199686,NA,NA,NA,NA,NA,NA,AT1G44575,AT1G44575:0.000158439
507569at33090,2,Zm00001eb146510,Zm00001eb146510:0.00199686,NA,NA,NA,NA,NA,NA,AT1G44575,AT1G44575:0.000158439
508224at2759,2,Zm00001eb001280,Zm00001eb001280:0.00224653,NA,NA,NA,NA,NA,NA,AT4G25433,AT4G25433:2.95311e-05
508224at3193,2,Zm00001eb001280,Zm00001eb001280:0.00224653,NA,NA,NA,NA,NA,NA,AT4G25433,AT4G25433:2.95311e-05
508224at33090,2,Zm00001eb001280,Zm00001eb001280:0.00224653,NA,NA,NA,NA,NA,NA,AT4G25433,AT4G25433:2.95311e-05
508625at3193,2,Zm00001eb055910;Zm00001eb257330,Zm00001eb055910:0.000713306;Zm00001eb257330:0.00017723,NA,NA,NA,NA,NA,NA,AT4G25770,AT4G25770:4.08394e-06
511039at2759,2,Zm00001eb283560,Zm00001eb283560:0.00277385,NA,NA,NA,NA,NA,NA,AT3G16500,AT3G16500:4.58104e-05
511039at3193,2,Zm00001eb283560,Zm00001eb283560:0.00277385,NA,NA,NA,NA,NA,NA,AT3G16500,AT3G16500:4.58104e-05
511039at33090,2,Zm00001eb283560,Zm00001eb283560:0.00277385,NA,NA,NA,NA,NA,NA,AT3G16500,AT3G16500:4.58104e-05
51156at38820,2,Zm00001eb030760,Zm00001eb030760:0.00208471,NA,NA,LOC_Os12g05960,LOC_Os12g05960:0.000201603,NA,NA,NA,NA
51156at4447,2,Zm00001eb030760,Zm00001eb030760:0.00208471,NA,NA,LOC_Os12g05960,LOC_Os12g05960:0.000201603,NA,NA,NA,NA
5115at38820,2,Zm00001eb276250,Zm00001eb276250:0.000315999,NA,NA,LOC_Os12g01120,LOC_Os12g01120:2.68626e-05,NA,NA,NA,NA
5115at4447,2,Zm00001eb276250,Zm00001eb276250:0.000315999,NA,NA,LOC_Os12g01120,LOC_Os12g01120:2.68626e-05,NA,NA,NA,NA
511887at2759,2,NA,NA,NA,NA,NA,NA,HORVU.MOREX.r3.5HG0533710,HORVU.MOREX.r3.5HG0533710:0.000127804,AT3G01980,AT3G01980:4.86962e-05
511887at3193,2,NA,NA,NA,NA,NA,NA,HORVU.MOREX.r3.5HG0533710,HORVU.MOREX.r3.5HG0533710:0.000127804,AT3G01980,AT3G01980:4.86962e-05
511887at33090,2,NA,NA,NA,NA,NA,NA,HORVU.MOREX.r3.5HG0533710,HORVU.MOREX.r3.5HG0533710:0.000127804,AT3G01980,AT3G01980:4.86962e-05
51241at4447,2,Zm00001eb191920;Zm00001eb258330,Zm00001eb191920:0.000654793;Zm00001eb258330:0.00132468,NA,NA,NA,NA,HORVU.MOREX.r3.2HG0180680,HORVU.MOREX.r3.2HG0180680:3.32295e-05,NA,NA
513274at2759,2,Zm00001eb122550,Zm00001eb122550:0.00012141,NA,NA,NA,NA,NA,NA,AT2G03500,AT2G03500:0.000359103
513274at3193,2,Zm00001eb122550,Zm00001eb122550:0.00012141,NA,NA,NA,NA,NA,NA,AT2G03500,AT2G03500:0.000359103
513274at33090,2,Zm00001eb122550,Zm00001eb122550:0.00012141,NA,NA,NA,NA,NA,NA,AT2G03500,AT2G03500:0.000359103
513932at33090,2,Zm00001eb298660,Zm00001eb298660:0.00196684,NA,NA,LOC_Os12g05790,LOC_Os12g05790:0.000309876,NA,NA,NA,NA
51415at38820,2,NA,NA,SORBI_3003G431700,SORBI_3003G431700:2.39386e-06,NA,NA,HORVU.MOREX.r3.7HG0636640,HORVU.MOREX.r3.7HG0636640:2.35979e-05,NA,NA
51415at4447,2,NA,NA,SORBI_3003G431700,SORBI_3003G431700:2.39386e-06,NA,NA,HORVU.MOREX.r3.7HG0636640,HORVU.MOREX.r3.7HG0636640:2.35979e-05,NA,NA
51470at4447,2,Zm00001eb194210,Zm00001eb194210:8.74675e-05,NA,NA,NA,NA,HORVU.MOREX.r3.6HG0614370,HORVU.MOREX.r3.6HG0614370:5.26069e-05,NA,NA
516174at2759,2,Zm00001eb253540;Zm00001eb380200,Zm00001eb253540:0.00162122;Zm00001eb380200:0.000683019,NA,NA,NA,NA,NA,NA,AT1G25480,AT1G25480:1.6796e-12
516174at3193,2,Zm00001eb253540;Zm00001eb380200,Zm00001eb253540:0.00162122;Zm00001eb380200:0.000683019,NA,NA,NA,NA,NA,NA,AT1G25480,AT1G25480:1.6796e-12
516174at33090,2,Zm00001eb253540;Zm00001eb380200,Zm00001eb253540:0.00162122;Zm00001eb380200:0.000683019,NA,NA,NA,NA,NA,NA,AT1G25480,AT1G25480:1.6796e-12
51707at38820,2,Zm00001eb293200,Zm00001eb293200:0.00286214,SORBI_3003G282100;SORBI_3003G282200,SORBI_3003G282100:0.00254385;SORBI_3003G282200:0.00254385,NA,NA,NA,NA,NA,NA
51707at4447,2,Zm00001eb293200,Zm00001eb293200:0.00286214,SORBI_3003G282100;SORBI_3003G282200,SORBI_3003G282100:0.00254385;SORBI_3003G282200:0.00254385,NA,NA,NA,NA,NA,NA
51746at38820,2,Zm00001eb361670,Zm00001eb361670:0.000735559,NA,NA,NA,NA,HORVU.MOREX.r3.3HG0285740,HORVU.MOREX.r3.3HG0285740:2.00699e-05,NA,NA
51746at4447,2,Zm00001eb361670,Zm00001eb361670:0.000735559,NA,NA,NA,NA,HORVU.MOREX.r3.3HG0285740,HORVU.MOREX.r3.3HG0285740:2.00699e-05,NA,NA
51819at38820,2,Zm00001eb294580,Zm00001eb294580:0.00233402,NA,NA,LOC_Os05g05450,LOC_Os05g05450:0.000271261,NA,NA,NA,NA
51819at4447,2,Zm00001eb294580,Zm00001eb294580:0.00233402,NA,NA,LOC_Os05g05450,LOC_Os05g05450:0.000271261,NA,NA,NA,NA
51831at38820,2,Zm00001eb212690;Zm00001eb302680,Zm00001eb212690:0.000595228;Zm00001eb302680:0.000662787,NA,NA,LOC_Os07g01940,LOC_Os07g01940:0.000343174,NA,NA,NA,NA
51831at4447,2,Zm00001eb212690;Zm00001eb302680,Zm00001eb212690:0.000595228;Zm00001eb302680:0.000662787,NA,NA,LOC_Os07g01940,LOC_Os07g01940:0.000343174,NA,NA,NA,NA
519240at3193,2,NA,NA,NA,NA,NA,NA,HORVU.MOREX.r3.3HG0301920,HORVU.MOREX.r3.3HG0301920:1.20722e-05,AT3G54020,AT3G54020:0.000201874
519240at33090,2,NA,NA,NA,NA,NA,NA,HORVU.MOREX.r3.3HG0301920,HORVU.MOREX.r3.3HG0301920:1.20722e-05,AT3G54020,AT3G54020:0.000201874
521284at3193,2,Zm00001eb030760,Zm00001eb030760:0.00208471,NA,NA,LOC_Os12g05960,LOC_Os12g05960:0.000201603,NA,NA,NA,NA
521342at33090,2,Zm00001eb038230,Zm00001eb038230:0.00240434,NA,NA,NA,NA,NA,NA,AT3G50520,AT3G50520:0.000335663
522435at3193,2,NA,NA,NA,NA,NA,NA,HORVU.MOREX.r3.2HG0183890,HORVU.MOREX.r3.2HG0183890:2.52087e-07,AT1G63220,AT1G63220:5.02347e-05
522703at33090,2,Zm00001eb374080,Zm00001eb374080:0.0024754,NA,NA,NA,NA,HORVU.MOREX.r3.6HG0621490,HORVU.MOREX.r3.6HG0621490:1.40936e-05,NA,NA
523434at3193,2,NA,NA,NA,NA,NA,NA,HORVU.MOREX.r3.1HG0013050,HORVU.MOREX.r3.1HG0013050:5.0985e-05,AT2G37990,AT2G37990:0.000113556
523434at33090,2,NA,NA,NA,NA,NA,NA,HORVU.MOREX.r3.1HG0013050,HORVU.MOREX.r3.1HG0013050:5.0985e-05,AT2G37990,AT2G37990:0.000113556
52367at38820,2,Zm00001eb363490,Zm00001eb363490:0.00140661,SORBI_3003G416500,SORBI_3003G416500:0.000474187,NA,NA,NA,NA,NA,NA
52367at4447,2,Zm00001eb363490,Zm00001eb363490:0.00140661,SORBI_3003G416500,SORBI_3003G416500:0.000474187,NA,NA,NA,NA,NA,NA
524414at2759,2,NA,NA,NA,NA,NA,NA,HORVU.MOREX.r3.5HG0513910,HORVU.MOREX.r3.5HG0513910:0.000442965,AT1G26850;AT1G78240;AT4G00740,AT1G26850:6.18399e-06;AT1G78240:2.69827e-05;AT4G00740:0.000148168
525560at2759,2,Zm00001eb374080,Zm00001eb374080:0.0024754,NA,NA,NA,NA,HORVU.MOREX.r3.6HG0621490,HORVU.MOREX.r3.6HG0621490:1.40936e-05,NA,NA
528963at3193,2,NA,NA,SORBI_3004G011566,SORBI_3004G011566:0.00211111,NA,NA,NA,NA,AT4G35090,AT4G35090:0.000218771
528963at33090,2,NA,NA,SORBI_3004G011566,SORBI_3004G011566:0.00211111,NA,NA,NA,NA,AT4G35090,AT4G35090:0.000218771
529580at3193,2,Zm00001eb364100,Zm00001eb364100:0.0014933,NA,NA,NA,NA,NA,NA,AT3G61710,AT3G61710:8.51004e-05
529913at3193,2,Zm00001eb146760,Zm00001eb146760:0.00151775,NA,NA,NA,NA,NA,NA,AT5G58060,AT5G58060:9.38891e-05
529913at33090,2,Zm00001eb146760,Zm00001eb146760:0.00151775,NA,NA,NA,NA,NA,NA,AT5G58060,AT5G58060:9.38891e-05
529987at3193,2,Zm00001eb212690;Zm00001eb302680,Zm00001eb212690:0.000595228;Zm00001eb302680:0.000662787,NA,NA,LOC_Os07g01940,LOC_Os07g01940:0.000343174,NA,NA,NA,NA
530213at2759,2,Zm00001eb333570,Zm00001eb333570:0.00240731,NA,NA,NA,NA,NA,NA,AT5G46860,AT5G46860:0.000103621
530213at3193,2,Zm00001eb333570,Zm00001eb333570:0.00240731,NA,NA,NA,NA,NA,NA,AT5G46860,AT5G46860:0.000103621
530213at33090,2,Zm00001eb333570,Zm00001eb333570:0.00240731,NA,NA,NA,NA,NA,NA,AT5G46860,AT5G46860:0.000103621
530311at3193,2,Zm00001eb192860;Zm00001eb374200,Zm00001eb192860:0.00196631;Zm00001eb374200:1.65178e-05,NA,NA,NA,NA,NA,NA,AT1G41880,AT1G41880:0.000277875
530447at33090,2,Zm00001eb372200,Zm00001eb372200:0.00258309,NA,NA,NA,NA,NA,NA,AT5G51830,AT5G51830:2.12444e-07
53058at38820,2,Zm00001eb191650;Zm00001eb258520,Zm00001eb191650:0.000965105;Zm00001eb258520:0.00019597,NA,NA,NA,NA,HORVU.MOREX.r3.6HG0627940,HORVU.MOREX.r3.6HG0627940:4.33629e-09,NA,NA
53058at4447,2,Zm00001eb191650;Zm00001eb258520,Zm00001eb191650:0.000965105;Zm00001eb258520:0.00019597,NA,NA,NA,NA,HORVU.MOREX.r3.6HG0627940,HORVU.MOREX.r3.6HG0627940:4.33629e-09,NA,NA
530678at3193,2,Zm00001eb157870,Zm00001eb157870:0.00120156,NA,NA,NA,NA,NA,NA,AT4G23730;AT5G57330,AT4G23730:1.89531e-05;AT5G57330:9.99353e-07
530678at33090,2,Zm00001eb157870,Zm00001eb157870:0.00120156,NA,NA,NA,NA,NA,NA,AT4G23730;AT5G57330,AT4G23730:1.89531e-05;AT5G57330:9.99353e-07
531027at33090,2,Zm00001eb035770;Zm00001eb369510,Zm00001eb035770:0.000568269;Zm00001eb369510:0.00248042,NA,NA,NA,NA,NA,NA,AT3G62250,AT3G62250:0.000147285
531509at2759,2,Zm00001eb218880,Zm00001eb218880:0.00115683,NA,NA,NA,NA,HORVU.MOREX.r3.4HG0340900,HORVU.MOREX.r3.4HG0340900:3.85104e-05,NA,NA
531509at3193,2,Zm00001eb218880,Zm00001eb218880:0.00115683,NA,NA,NA,NA,HORVU.MOREX.r3.4HG0340900,HORVU.MOREX.r3.4HG0340900:3.85104e-05,NA,NA
531509at33090,2,Zm00001eb218880,Zm00001eb218880:0.00115683,NA,NA,NA,NA,HORVU.MOREX.r3.4HG0340900,HORVU.MOREX.r3.4HG0340900:3.85104e-05,NA,NA
532053at33090,2,Zm00001eb325410,Zm00001eb325410:0.00179382,NA,NA,NA,NA,NA,NA,AT3G61470,AT3G61470:0.000359957
532077at33090,2,Zm00001eb202580,Zm00001eb202580:2.3699e-06,SORBI_3002G043600,SORBI_3002G043600:0.00436136,NA,NA,NA,NA,NA,NA
532226at3193,2,Zm00001eb064310,Zm00001eb064310:0.000129209,NA,NA,NA,NA,NA,NA,AT1G45332,AT1G45332:4.18789e-05
532431at33090,2,Zm00001eb194240,Zm00001eb194240:0.000231566,NA,NA,NA,NA,NA,NA,AT4G36640,AT4G36640:0.000189406
53267at38820,2,Zm00001eb431360,Zm00001eb431360:0.00284656,NA,NA,NA,NA,HORVU.MOREX.r3.2HG0198180,HORVU.MOREX.r3.2HG0198180:2.95572e-05,NA,NA
53267at4447,2,Zm00001eb431360,Zm00001eb431360:0.00284656,NA,NA,NA,NA,HORVU.MOREX.r3.2HG0198180,HORVU.MOREX.r3.2HG0198180:2.95572e-05,NA,NA
53273at38820,2,NA,NA,NA,NA,LOC_Os08g04470,LOC_Os08g04470:0.000252842,HORVU.MOREX.r3.1HG0058280,HORVU.MOREX.r3.1HG0058280:0.000148424,NA,NA
53273at4447,2,NA,NA,NA,NA,LOC_Os08g04470,LOC_Os08g04470:0.000252842,HORVU.MOREX.r3.1HG0058280,HORVU.MOREX.r3.1HG0058280:0.000148424,NA,NA
533125at33090,2,Zm00001eb243180,Zm00001eb243180:0.00011111,NA,NA,NA,NA,NA,NA,AT1G43710,AT1G43710:9.80033e-05
533335at3193,2,Zm00001eb245020,Zm00001eb245020:0.000188119,NA,NA,NA,NA,NA,NA,AT1G18720,AT1G18720:2.71234e-06
533859at2759,2,Zm00001eb345070,Zm00001eb345070:0.000403638,NA,NA,NA,NA,NA,NA,AT3G15650,AT3G15650:3.95596e-08
533859at3193,2,Zm00001eb345070,Zm00001eb345070:0.000403638,NA,NA,NA,NA,NA,NA,AT3G15650,AT3G15650:3.95596e-08
533859at33090,2,Zm00001eb345070,Zm00001eb345070:0.000403638,NA,NA,NA,NA,NA,NA,AT3G15650,AT3G15650:3.95596e-08
534225at2759,2,Zm00001eb043650;Zm00001eb279660,Zm00001eb043650:0.000202622;Zm00001eb279660:0.0026222,SORBI_3001G195800,SORBI_3001G195800:0.001795,NA,NA,NA,NA,NA,NA
534334at3193,2,Zm00001eb361700,Zm00001eb361700:0.00231754,NA,NA,LOC_Os02g02290,LOC_Os02g02290:8.94428e-05,NA,NA,NA,NA
534454at3193,2,Zm00001eb117050,Zm00001eb117050:1.80197e-06,NA,NA,NA,NA,HORVU.MOREX.r3.5HG0518510,HORVU.MOREX.r3.5HG0518510:5.45948e-07,NA,NA
535714at3193,2,Zm00001eb076780;Zm00001eb427000,Zm00001eb076780:0.000858878;Zm00001eb427000:0.00093664,NA,NA,NA,NA,HORVU.MOREX.r3.2HG0183300,HORVU.MOREX.r3.2HG0183300:7.07836e-05,NA,NA
535714at33090,2,Zm00001eb076780;Zm00001eb427000,Zm00001eb076780:0.000858878;Zm00001eb427000:0.00093664,NA,NA,NA,NA,HORVU.MOREX.r3.2HG0183300,HORVU.MOREX.r3.2HG0183300:7.07836e-05,NA,NA
536124at3193,2,Zm00001eb312420,Zm00001eb312420:0.00185174,SORBI_3002G199000,SORBI_3002G199000:0.00336919,NA,NA,NA,NA,NA,NA
536124at33090,2,Zm00001eb312420,Zm00001eb312420:0.00185174,SORBI_3002G199000,SORBI_3002G199000:0.00336919,NA,NA,NA,NA,NA,NA
536511at3193,2,Zm00001eb418000,Zm00001eb418000:0.00125288,NA,NA,NA,NA,NA,NA,AT5G40200,AT5G40200:4.06871e-05
537384at2759,2,Zm00001eb038680,Zm00001eb038680:0.0031356,SORBI_3007G163400,SORBI_3007G163400:0.00175441,NA,NA,NA,NA,NA,NA
537384at3193,2,Zm00001eb038680,Zm00001eb038680:0.0031356,SORBI_3007G163400,SORBI_3007G163400:0.00175441,NA,NA,NA,NA,NA,NA
537384at33090,2,Zm00001eb038680,Zm00001eb038680:0.0031356,SORBI_3007G163400,SORBI_3007G163400:0.00175441,NA,NA,NA,NA,NA,NA
537715at3193,2,NA,NA,SORBI_3003G273300,SORBI_3003G273300:0.00100853,LOC_Os01g07080,LOC_Os01g07080:1.83396e-07,NA,NA,NA,NA
539051at3193,2,Zm00001eb298700,Zm00001eb298700:0.00131305,SORBI_3001G080700,SORBI_3001G080700:0.00352494,NA,NA,NA,NA,NA,NA
539108at2759,2,NA,NA,SORBI_3010G252900,SORBI_3010G252900:0.00133288,NA,NA,NA,NA,AT5G35338,AT5G35338:0.000374752
539108at3193,2,NA,NA,SORBI_3010G252900,SORBI_3010G252900:0.00133288,NA,NA,NA,NA,AT5G35338,AT5G35338:0.000374752
539108at33090,2,NA,NA,SORBI_3010G252900,SORBI_3010G252900:0.00133288,NA,NA,NA,NA,AT5G35338,AT5G35338:0.000374752
539483at2759,2,Zm00001eb295650,Zm00001eb295650:0.00250023,NA,NA,NA,NA,NA,NA,AT3G14880,AT3G14880:6.48752e-05
539483at3193,2,Zm00001eb295650,Zm00001eb295650:0.00250023,NA,NA,NA,NA,NA,NA,AT3G14880,AT3G14880:6.48752e-05
539483at33090,2,Zm00001eb295650,Zm00001eb295650:0.00250023,NA,NA,NA,NA,NA,NA,AT3G14880,AT3G14880:6.48752e-05
539915at3193,2,Zm00001eb309610,Zm00001eb309610:0.00070818,NA,NA,LOC_Os03g02150,LOC_Os03g02150:0.000129411,NA,NA,NA,NA
540093at3193,2,Zm00001eb360650,Zm00001eb360650:0.00224639,NA,NA,NA,NA,NA,NA,AT3G27610,AT3G27610:0.000362674
540554at2759,2,NA,NA,NA,NA,NA,NA,HORVU.MOREX.r3.6HG0632800,HORVU.MOREX.r3.6HG0632800:0.00010199,AT1G17940,AT1G17940:3.17449e-05
540554at3193,2,NA,NA,NA,NA,NA,NA,HORVU.MOREX.r3.6HG0632800,HORVU.MOREX.r3.6HG0632800:0.00010199,AT1G17940,AT1G17940:3.17449e-05
540554at33090,2,NA,NA,NA,NA,NA,NA,HORVU.MOREX.r3.6HG0632800,HORVU.MOREX.r3.6HG0632800:0.00010199,AT1G17940,AT1G17940:3.17449e-05
541070at2759,2,NA,NA,SORBI_3009G045100,SORBI_3009G045100:0.00135371,LOC_Os05g01500,LOC_Os05g01500:2.04684e-05,NA,NA,NA,NA
54133at38820,2,Zm00001eb163270,Zm00001eb163270:0.00064304,NA,NA,LOC_Os11g01074,LOC_Os11g01074:0.000218903,NA,NA,NA,NA
54133at4447,2,Zm00001eb163270,Zm00001eb163270:0.00064304,NA,NA,LOC_Os11g01074,LOC_Os11g01074:0.000218903,NA,NA,NA,NA
541443at3193,2,NA,NA,SORBI_3009G045100,SORBI_3009G045100:0.00135371,LOC_Os05g01500,LOC_Os05g01500:2.04684e-05,NA,NA,NA,NA
541675at2759,2,NA,NA,NA,NA,NA,NA,HORVU.MOREX.r3.7HG0684020,HORVU.MOREX.r3.7HG0684020:0.000134809,AT2G03710,AT2G03710:0.00020272
541675at3193,2,NA,NA,NA,NA,NA,NA,HORVU.MOREX.r3.7HG0684020,HORVU.MOREX.r3.7HG0684020:0.000134809,AT2G03710,AT2G03710:0.00020272
541675at33090,2,NA,NA,NA,NA,NA,NA,HORVU.MOREX.r3.7HG0684020,HORVU.MOREX.r3.7HG0684020:0.000134809,AT2G03710,AT2G03710:0.00020272
54229at38820,2,Zm00001eb102850,Zm00001eb102850:2.83849e-05,NA,NA,NA,NA,HORVU.MOREX.r3.5HG0496860,HORVU.MOREX.r3.5HG0496860:0.000123004,NA,NA
54229at4447,2,Zm00001eb102850,Zm00001eb102850:2.83849e-05,NA,NA,NA,NA,HORVU.MOREX.r3.5HG0496860,HORVU.MOREX.r3.5HG0496860:0.000123004,NA,NA
543375at2759,2,NA,NA,SORBI_3003G336100,SORBI_3003G336100:0.00378126,NA,NA,HORVU.MOREX.r3.6HG0633840,HORVU.MOREX.r3.6HG0633840:0.000261686,NA,NA
543375at33090,2,NA,NA,SORBI_3003G336100,SORBI_3003G336100:0.00378126,NA,NA,HORVU.MOREX.r3.6HG0633840,HORVU.MOREX.r3.6HG0633840:0.000261686,NA,NA
543415at33090,2,Zm00001eb257380;Zm00001eb323570,Zm00001eb257380:0.000185963;Zm00001eb323570:0.000428379,NA,NA,NA,NA,NA,NA,AT3G57190,AT3G57190:9.87091e-05
543978at2759,2,Zm00001eb146270,Zm00001eb146270:0.00252845,NA,NA,NA,NA,NA,NA,AT1G34320;AT5G08660,AT1G34320:0.000263593;AT5G08660:0.000376131
543978at33090,2,Zm00001eb146270,Zm00001eb146270:0.00252845,NA,NA,NA,NA,NA,NA,AT1G34320;AT5G08660,AT1G34320:0.000263593;AT5G08660:0.000376131
544015at3193,2,Zm00001eb298660,Zm00001eb298660:0.00196684,NA,NA,LOC_Os12g05790,LOC_Os12g05790:0.000309876,NA,NA,NA,NA
544140at3193,2,Zm00001eb430920,Zm00001eb430920:0.00101822,SORBI_3006G215000,SORBI_3006G215000:0.0016607,NA,NA,NA,NA,NA,NA
545516at3193,2,NA,NA,SORBI_3002G199100,SORBI_3002G199100:0.00336919,NA,NA,NA,NA,AT1G26550,AT1G26550:0.000220049
545516at33090,2,NA,NA,SORBI_3002G199100,SORBI_3002G199100:0.00336919,NA,NA,NA,NA,AT1G26550,AT1G26550:0.000220049
546348at2759,2,NA,NA,NA,NA,LOC_Os01g07110,LOC_Os01g07110:0.000338531,HORVU.MOREX.r3.3HG0284270,HORVU.MOREX.r3.3HG0284270:0.000157418,NA,NA
546650at2759,2,Zm00001eb267110,Zm00001eb267110:0.000329666,NA,NA,LOC_Os05g01080,LOC_Os05g01080:0.000300097,NA,NA,NA,NA
546650at3193,2,Zm00001eb267110,Zm00001eb267110:0.000329666,NA,NA,LOC_Os05g01080,LOC_Os05g01080:0.000300097,NA,NA,NA,NA
546650at33090,2,Zm00001eb267110,Zm00001eb267110:0.000329666,NA,NA,LOC_Os05g01080,LOC_Os05g01080:0.000300097,NA,NA,NA,NA
546961at2759,2,Zm00001eb199780,Zm00001eb199780:0.00178767,NA,NA,LOC_Os08g05040,LOC_Os08g05040:0.000163983,NA,NA,NA,NA
546961at3193,2,Zm00001eb199780,Zm00001eb199780:0.00178767,NA,NA,LOC_Os08g05040,LOC_Os08g05040:0.000163983,NA,NA,NA,NA
546961at33090,2,Zm00001eb199780,Zm00001eb199780:0.00178767,NA,NA,LOC_Os08g05040,LOC_Os08g05040:0.000163983,NA,NA,NA,NA
548267at2759,2,Zm00001eb157080;Zm00001eb295700,Zm00001eb157080:0.00253271;Zm00001eb295700:0.000234129,NA,NA,LOC_Os01g06740,LOC_Os01g06740:0.000279153,NA,NA,NA,NA
548267at3193,2,Zm00001eb157080;Zm00001eb295700,Zm00001eb157080:0.00253271;Zm00001eb295700:0.000234129,NA,NA,LOC_Os01g06740,LOC_Os01g06740:0.000279153,NA,NA,NA,NA
548267at33090,2,Zm00001eb157080;Zm00001eb295700,Zm00001eb157080:0.00253271;Zm00001eb295700:0.000234129,NA,NA,LOC_Os01g06740,LOC_Os01g06740:0.000279153,NA,NA,NA,NA
5486at38820,2,Zm00001eb324170,Zm00001eb324170:0.00128739,SORBI_3002G338400,SORBI_3002G338400:0.00416232,NA,NA,NA,NA,NA,NA
5486at4447,2,Zm00001eb324170,Zm00001eb324170:0.00128739,SORBI_3002G338400,SORBI_3002G338400:0.00416232,NA,NA,NA,NA,NA,NA
549178at3193,2,Zm00001eb361670,Zm00001eb361670:0.000735559,NA,NA,NA,NA,HORVU.MOREX.r3.3HG0285740,HORVU.MOREX.r3.3HG0285740:2.00699e-05,NA,NA
549178at33090,2,Zm00001eb361670,Zm00001eb361670:0.000735559,NA,NA,NA,NA,HORVU.MOREX.r3.3HG0285740,HORVU.MOREX.r3.3HG0285740:2.00699e-05,NA,NA
550320at2759,2,NA,NA,NA,NA,NA,NA,HORVU.MOREX.r3.5HG0488680,HORVU.MOREX.r3.5HG0488680:0.000407612,AT1G13190,AT1G13190:5.51111e-06
550320at3193,2,NA,NA,NA,NA,NA,NA,HORVU.MOREX.r3.5HG0488680,HORVU.MOREX.r3.5HG0488680:0.000407612,AT1G13190,AT1G13190:5.51111e-06
550320at33090,2,NA,NA,NA,NA,NA,NA,HORVU.MOREX.r3.5HG0488680,HORVU.MOREX.r3.5HG0488680:0.000407612,AT1G13190,AT1G13190:5.51111e-06
553212at3193,2,Zm00001eb173410,Zm00001eb173410:0.000800314,NA,NA,NA,NA,NA,NA,AT1G13440;AT1G16300,AT1G13440:2.13551e-05;AT1G16300:0.000355463
553748at2759,2,Zm00001eb215470,Zm00001eb215470:0.00204681,NA,NA,NA,NA,NA,NA,AT1G25380,AT1G25380:2.88293e-09
5543at38820,2,Zm00001eb323450,Zm00001eb323450:0.00152055,SORBI_3002G329500,SORBI_3002G329500:0.000168019,NA,NA,NA,NA,NA,NA
5543at4447,2,Zm00001eb323450,Zm00001eb323450:0.00152055,SORBI_3002G329500,SORBI_3002G329500:0.000168019,NA,NA,NA,NA,NA,NA
55450at38820,2,Zm00001eb194210,Zm00001eb194210:8.74675e-05,NA,NA,NA,NA,HORVU.MOREX.r3.6HG0614370,HORVU.MOREX.r3.6HG0614370:5.26069e-05,NA,NA
557225at33090,2,Zm00001eb015210;Zm00001eb041140;Zm00001eb110020;Zm00001eb330600;Zm00001eb338250,Zm00001eb015210:0.00144065;Zm00001eb041140:0.000632244;Zm00001eb110020:0.000765852;Zm00001eb330600:0.00202391;Zm00001eb338250:3.51232e-05,NA,NA,NA,NA,NA,NA,AT1G30270;AT5G35410,AT1G30270:9.15629e-05;AT5G35410:0.000233708
559310at2759,2,Zm00001eb427160,Zm00001eb427160:6.56978e-05,NA,NA,NA,NA,NA,NA,AT3G09020,AT3G09020:0.000227024
559310at3193,2,Zm00001eb427160,Zm00001eb427160:6.56978e-05,NA,NA,NA,NA,NA,NA,AT3G09020,AT3G09020:0.000227024
559310at33090,2,Zm00001eb427160,Zm00001eb427160:6.56978e-05,NA,NA,NA,NA,NA,NA,AT3G09020,AT3G09020:0.000227024
56771at4447,2,Zm00001eb117050,Zm00001eb117050:1.80197e-06,NA,NA,NA,NA,HORVU.MOREX.r3.5HG0518510,HORVU.MOREX.r3.5HG0518510:5.45948e-07,NA,NA
57339at38820,2,Zm00001eb038680,Zm00001eb038680:0.0031356,SORBI_3007G163400,SORBI_3007G163400:0.00175441,NA,NA,NA,NA,NA,NA
57962at38820,2,Zm00001eb003170;Zm00001eb046210,Zm00001eb003170:0.00101532;Zm00001eb046210:5.36948e-05,NA,NA,NA,NA,HORVU.MOREX.r3.4HG0411460,HORVU.MOREX.r3.4HG0411460:5.27039e-06,NA,NA
58164at38820,2,NA,NA,SORBI_3001G071000,SORBI_3001G071000:0.0033504,NA,NA,HORVU.MOREX.r3.5HG0514340;HORVU.MOREX.r3.5HG0514350,HORVU.MOREX.r3.5HG0514340:2.87242e-07;HORVU.MOREX.r3.5HG0514350:2.87242e-07,NA,NA
58164at4447,2,NA,NA,SORBI_3001G071000,SORBI_3001G071000:0.0033504,NA,NA,HORVU.MOREX.r3.5HG0514340;HORVU.MOREX.r3.5HG0514350,HORVU.MOREX.r3.5HG0514340:2.87242e-07;HORVU.MOREX.r3.5HG0514350:2.87242e-07,NA,NA
583332at3193,2,Zm00001eb403710,Zm00001eb403710:0.000257747,NA,NA,NA,NA,NA,NA,AT5G41390,AT5G41390:9.51764e-06
583781at3193,2,Zm00001eb160380,Zm00001eb160380:0.000645681,NA,NA,NA,NA,NA,NA,AT4G36360,AT4G36360:1.24438e-05
583781at33090,2,Zm00001eb160380,Zm00001eb160380:0.000645681,NA,NA,NA,NA,NA,NA,AT4G36360,AT4G36360:1.24438e-05
584030at3193,2,Zm00001eb278650,Zm00001eb278650:0.0028319,NA,NA,NA,NA,NA,NA,AT3G25585,AT3G25585:0.000212388
584272at2759,2,NA,NA,NA,NA,NA,NA,HORVU.MOREX.r3.5HG0511330;HORVU.MOREX.r3.6HG0627960,HORVU.MOREX.r3.5HG0511330:4.65763e-05;HORVU.MOREX.r3.6HG0627960:4.33629e-09,AT5G60920,AT5G60920:0.000129343
584272at3193,2,NA,NA,NA,NA,NA,NA,HORVU.MOREX.r3.5HG0511330;HORVU.MOREX.r3.6HG0627960,HORVU.MOREX.r3.5HG0511330:4.65763e-05;HORVU.MOREX.r3.6HG0627960:4.33629e-09,AT5G60920,AT5G60920:0.000129343
584272at33090,2,NA,NA,NA,NA,NA,NA,HORVU.MOREX.r3.5HG0511330;HORVU.MOREX.r3.6HG0627960,HORVU.MOREX.r3.5HG0511330:4.65763e-05;HORVU.MOREX.r3.6HG0627960:4.33629e-09,AT5G60920,AT5G60920:0.000129343
584553at3193,2,Zm00001eb369830,Zm00001eb369830:0.0028602,NA,NA,NA,NA,HORVU.MOREX.r3.3HG0293760;HORVU.MOREX.r3.7HG0701630,HORVU.MOREX.r3.3HG0293760:0.00012803;HORVU.MOREX.r3.7HG0701630:3.73406e-05,NA,NA
584553at33090,2,Zm00001eb369830,Zm00001eb369830:0.0028602,NA,NA,NA,NA,HORVU.MOREX.r3.3HG0293760;HORVU.MOREX.r3.7HG0701630,HORVU.MOREX.r3.3HG0293760:0.00012803;HORVU.MOREX.r3.7HG0701630:3.73406e-05,NA,NA
584617at3193,2,Zm00001eb433910,Zm00001eb433910:1.18484e-05,NA,NA,NA,NA,NA,NA,AT2G38180,AT2G38180:0.000244786
584667at2759,2,NA,NA,NA,NA,NA,NA,HORVU.MOREX.r3.7HG0737550,HORVU.MOREX.r3.7HG0737550:0.000391415,AT5G58920,AT5G58920:0.000285026
584667at3193,2,NA,NA,NA,NA,NA,NA,HORVU.MOREX.r3.7HG0737550,HORVU.MOREX.r3.7HG0737550:0.000391415,AT5G58920,AT5G58920:0.000285026
584667at33090,2,NA,NA,NA,NA,NA,NA,HORVU.MOREX.r3.7HG0737550,HORVU.MOREX.r3.7HG0737550:0.000391415,AT5G58920,AT5G58920:0.000285026
584709at2759,2,NA,NA,SORBI_3009G112500,SORBI_3009G112500:0.00384161,NA,NA,NA,NA,AT2G39410,AT2G39410:8.03963e-05
584709at3193,2,NA,NA,SORBI_3009G112500,SORBI_3009G112500:0.00384161,NA,NA,NA,NA,AT2G39410,AT2G39410:8.03963e-05
584709at33090,2,NA,NA,SORBI_3009G112500,SORBI_3009G112500:0.00384161,NA,NA,NA,NA,AT2G39410,AT2G39410:8.03963e-05
584753at2759,2,Zm00001eb149810;Zm00001eb369060,Zm00001eb149810:0.000300746;Zm00001eb369060:0.00160071,NA,NA,NA,NA,HORVU.MOREX.r3.3HG0296630,HORVU.MOREX.r3.3HG0296630:2.05416e-07,NA,NA
584753at3193,2,Zm00001eb149810;Zm00001eb369060,Zm00001eb149810:0.000300746;Zm00001eb369060:0.00160071,NA,NA,NA,NA,HORVU.MOREX.r3.3HG0296630,HORVU.MOREX.r3.3HG0296630:2.05416e-07,NA,NA
584753at33090,2,Zm00001eb149810;Zm00001eb369060,Zm00001eb149810:0.000300746;Zm00001eb369060:0.00160071,NA,NA,NA,NA,HORVU.MOREX.r3.3HG0296630,HORVU.MOREX.r3.3HG0296630:2.05416e-07,NA,NA
584777at3193,2,NA,NA,SORBI_3010G239800,SORBI_3010G239800:0.000658726,NA,NA,NA,NA,AT5G13570,AT5G13570:1.48917e-05
585142at3193,2,NA,NA,NA,NA,NA,NA,HORVU.MOREX.r3.4HG0413910,HORVU.MOREX.r3.4HG0413910:0.000371987,AT1G55120,AT1G55120:2.14259e-05
586126at3193,2,Zm00001eb005530,Zm00001eb005530:2.36612e-05,NA,NA,NA,NA,NA,NA,AT1G26930,AT1G26930:1.26806e-06
586126at33090,2,Zm00001eb005530,Zm00001eb005530:2.36612e-05,NA,NA,NA,NA,NA,NA,AT1G26930,AT1G26930:1.26806e-06
586267at3193,2,Zm00001eb110600,Zm00001eb110600:3.52032e-07,NA,NA,NA,NA,NA,NA,AT5G58740,AT5G58740:2.15715e-05
586834at2759,2,Zm00001eb248640;Zm00001eb324980,Zm00001eb248640:0.00285154;Zm00001eb324980:0.000697605,NA,NA,NA,NA,NA,NA,AT1G08465;AT2G26580;AT2G45190,AT1G08465:9.77434e-06;AT2G26580:6.21454e-05;AT2G45190:0.000253684
586834at3193,2,Zm00001eb248640;Zm00001eb324980,Zm00001eb248640:0.00285154;Zm00001eb324980:0.000697605,NA,NA,NA,NA,NA,NA,AT1G08465;AT2G26580;AT2G45190,AT1G08465:9.77434e-06;AT2G26580:6.21454e-05;AT2G45190:0.000253684
586834at33090,2,Zm00001eb248640;Zm00001eb324980,Zm00001eb248640:0.00285154;Zm00001eb324980:0.000697605,NA,NA,NA,NA,NA,NA,AT1G08465;AT2G26580;AT2G45190,AT1G08465:9.77434e-06;AT2G26580:6.21454e-05;AT2G45190:0.000253684
587012at3193,2,Zm00001eb006870,Zm00001eb006870:0.00271738,NA,NA,NA,NA,NA,NA,AT4G39910,AT4G39910:0.000252534
587073at2759,2,NA,NA,SORBI_3009G045300,SORBI_3009G045300:1.7038e-05,NA,NA,NA,NA,AT1G12820,AT1G12820:1.36588e-06
587073at3193,2,NA,NA,SORBI_3009G045300,SORBI_3009G045300:1.7038e-05,NA,NA,NA,NA,AT1G12820,AT1G12820:1.36588e-06
587073at33090,2,NA,NA,SORBI_3009G045300,SORBI_3009G045300:1.7038e-05,NA,NA,NA,NA,AT1G12820,AT1G12820:1.36588e-06
587105at2759,2,NA,NA,NA,NA,NA,NA,HORVU.MOREX.r3.4HG0409700,HORVU.MOREX.r3.4HG0409700:7.51612e-05,AT5G60520,AT5G60520:4.41794e-06
587105at33090,2,NA,NA,NA,NA,NA,NA,HORVU.MOREX.r3.4HG0409700,HORVU.MOREX.r3.4HG0409700:7.51612e-05,AT5G60520,AT5G60520:4.41794e-06
587161at2759,2,Zm00001eb146070,Zm00001eb146070:0.00163238,SORBI_3003G374200,SORBI_3003G374200:8.36508e-05,NA,NA,NA,NA,NA,NA
587161at3193,2,Zm00001eb146070,Zm00001eb146070:0.00163238,SORBI_3003G374200,SORBI_3003G374200:8.36508e-05,NA,NA,NA,NA,NA,NA
587161at33090,2,Zm00001eb146070,Zm00001eb146070:0.00163238,SORBI_3003G374200,SORBI_3003G374200:8.36508e-05,NA,NA,NA,NA,NA,NA
587307at3193,2,Zm00001eb186790,Zm00001eb186790:0.00193941,NA,NA,NA,NA,NA,NA,AT4G25590,AT4G25590:1.65442e-05
587322at3193,2,Zm00001eb064920,Zm00001eb064920:0.00312928,NA,NA,NA,NA,NA,NA,AT1G15370,AT1G15370:7.20998e-05
587387at3193,2,NA,NA,NA,NA,LOC_Os01g07110,LOC_Os01g07110:0.000338531,HORVU.MOREX.r3.3HG0284270,HORVU.MOREX.r3.3HG0284270:0.000157418,NA,NA
587536at2759,2,Zm00001eb373920,Zm00001eb373920:0.00293297,NA,NA,NA,NA,NA,NA,AT3G22540,AT3G22540:0.000281113
587536at3193,2,Zm00001eb373920,Zm00001eb373920:0.00293297,NA,NA,NA,NA,NA,NA,AT3G22540,AT3G22540:0.000281113
587536at33090,2,Zm00001eb373920,Zm00001eb373920:0.00293297,NA,NA,NA,NA,NA,NA,AT3G22540,AT3G22540:0.000281113
587683at3193,2,NA,NA,NA,NA,LOC_Os02g01800,LOC_Os02g01800:8.13793e-05,NA,NA,AT2G25070,AT2G25070:1.57913e-05
587819at2759,2,Zm00001eb325120,Zm00001eb325120:0.00144453,NA,NA,NA,NA,NA,NA,AT1G55360;AT3G13510;AT5G18460;AT5G56530,AT1G55360:0.000140971;AT3G13510:0.000299491;AT5G18460:2.36777e-06;AT5G56530:0.000358544
587819at3193,2,Zm00001eb325120,Zm00001eb325120:0.00144453,NA,NA,NA,NA,NA,NA,AT1G55360;AT3G13510;AT5G18460;AT5G56530,AT1G55360:0.000140971;AT3G13510:0.000299491;AT5G18460:2.36777e-06;AT5G56530:0.000358544
587819at33090,2,Zm00001eb325120,Zm00001eb325120:0.00144453,NA,NA,NA,NA,NA,NA,AT1G55360;AT3G13510;AT5G18460;AT5G56530,AT1G55360:0.000140971;AT3G13510:0.000299491;AT5G18460:2.36777e-06;AT5G56530:0.000358544
588412at33090,2,Zm00001eb333460,Zm00001eb333460:2.10935e-05,NA,NA,NA,NA,NA,NA,AT1G04990;AT2G47850,AT1G04990:4.59244e-05;AT2G47850:1.22308e-06
588513at2759,2,Zm00001eb151470;Zm00001eb244600;Zm00001eb261890;Zm00001eb308690;Zm00001eb313010;Zm00001eb405800;Zm00001eb405820,Zm00001eb151470:0.00219412;Zm00001eb244600:0.000368429;Zm00001eb261890:0.000104195;Zm00001eb308690:0.00107848;Zm00001eb313010:0.00141901;Zm00001eb405800:3.60063e-06;Zm00001eb405820:3.60063e-06,NA,NA,NA,NA,NA,NA,AT1G03010,AT1G03010:1.94001e-06
588513at33090,2,Zm00001eb151470;Zm00001eb244600;Zm00001eb261890;Zm00001eb308690;Zm00001eb313010;Zm00001eb405800;Zm00001eb405820,Zm00001eb151470:0.00219412;Zm00001eb244600:0.000368429;Zm00001eb261890:0.000104195;Zm00001eb308690:0.00107848;Zm00001eb313010:0.00141901;Zm00001eb405800:3.60063e-06;Zm00001eb405820:3.60063e-06,NA,NA,NA,NA,NA,NA,AT1G03010,AT1G03010:1.94001e-06
589053at3193,2,Zm00001eb015210,Zm00001eb015210:0.00144065,NA,NA,NA,NA,NA,NA,AT1G30270,AT1G30270:9.15629e-05
589270at3193,2,Zm00001eb260460,Zm00001eb260460:0.00205006,NA,NA,NA,NA,NA,NA,AT1G10280,AT1G10280:8.92722e-05
589309at2759,2,Zm00001eb194330,Zm00001eb194330:0.000418332,NA,NA,NA,NA,NA,NA,AT3G01050,AT3G01050:0.000174354
589309at33090,2,Zm00001eb194330,Zm00001eb194330:0.000418332,NA,NA,NA,NA,NA,NA,AT3G01050,AT3G01050:0.000174354
589497at3193,2,NA,NA,SORBI_3009G134600,SORBI_3009G134600:0.000135321,NA,NA,NA,NA,AT3G05120,AT3G05120:6.06507e-05
589497at33090,2,NA,NA,SORBI_3009G134600,SORBI_3009G134600:0.000135321,NA,NA,NA,NA,AT3G05120,AT3G05120:6.06507e-05
590050at3193,2,Zm00001eb139410,Zm00001eb139410:0.00254746,NA,NA,NA,NA,NA,NA,AT1G09980,AT1G09980:0.000315785
590106at2759,2,Zm00001eb249020;Zm00001eb426920;Zm00001eb426930;Zm00001eb426940,Zm00001eb249020:6.09255e-05;Zm00001eb426920:8.81586e-05;Zm00001eb426930:8.81586e-05;Zm00001eb426940:8.81586e-05,NA,NA,NA,NA,NA,NA,AT1G65730,AT1G65730:0.000315007
590290at3193,2,Zm00001eb326840,Zm00001eb326840:3.50559e-05,NA,NA,NA,NA,HORVU.MOREX.r3.4HG0417300,HORVU.MOREX.r3.4HG0417300:0.000397978,NA,NA
590539at2759,2,Zm00001eb002610;Zm00001eb065720,Zm00001eb002610:0.00296786;Zm00001eb065720:0.00217603,NA,NA,NA,NA,NA,NA,AT3G54030;AT5G41260,AT3G54030:0.000120099;AT5G41260:0.000376623
590539at3193,2,Zm00001eb065720,Zm00001eb065720:0.00217603,NA,NA,NA,NA,NA,NA,AT3G54030;AT5G41260,AT3G54030:0.000120099;AT5G41260:0.000376623
590539at33090,2,Zm00001eb002610;Zm00001eb065720,Zm00001eb002610:0.00296786;Zm00001eb065720:0.00217603,NA,NA,NA,NA,NA,NA,AT3G54030;AT5G41260,AT3G54030:0.000120099;AT5G41260:0.000376623
590888at3193,2,Zm00001eb184610,Zm00001eb184610:0.00291088,NA,NA,NA,NA,NA,NA,AT4G12440,AT4G12440:3.2507e-05
590888at33090,2,Zm00001eb184610,Zm00001eb184610:0.00291088,NA,NA,NA,NA,NA,NA,AT4G12440,AT4G12440:3.2507e-05
591574at2759,2,Zm00001eb330610;Zm00001eb430810,Zm00001eb330610:0.00202391;Zm00001eb430810:1.27964e-05,NA,NA,NA,NA,NA,NA,AT2G40540,AT2G40540:0.000250724
591574at3193,2,Zm00001eb330610,Zm00001eb330610:0.00202391,NA,NA,NA,NA,NA,NA,AT2G40540,AT2G40540:0.000250724
591574at33090,2,Zm00001eb330610,Zm00001eb330610:0.00202391,NA,NA,NA,NA,NA,NA,AT2G40540,AT2G40540:0.000250724
591622at2759,2,Zm00001eb418060,Zm00001eb418060:0.00013224,NA,NA,NA,NA,NA,NA,AT1G02930,AT1G02930:0.000133877
591622at3193,2,Zm00001eb418060,Zm00001eb418060:0.00013224,NA,NA,NA,NA,NA,NA,AT1G02930,AT1G02930:0.000133877
591622at33090,2,Zm00001eb418060,Zm00001eb418060:0.00013224,NA,NA,NA,NA,NA,NA,AT1G02930,AT1G02930:0.000133877
592322at2759,2,Zm00001eb204360;Zm00001eb271130;Zm00001eb277860,Zm00001eb204360:2.56332e-05;Zm00001eb271130:1.36564e-05;Zm00001eb277860:0.00150867,NA,NA,NA,NA,HORVU.MOREX.r3.7HG0653390;HORVU.MOREX.r3.7HG0653450,HORVU.MOREX.r3.7HG0653390:1.16418e-11;HORVU.MOREX.r3.7HG0653450:1.16418e-11,NA,NA
592322at3193,2,Zm00001eb204360;Zm00001eb271130;Zm00001eb277860,Zm00001eb204360:2.56332e-05;Zm00001eb271130:1.36564e-05;Zm00001eb277860:0.00150867,NA,NA,NA,NA,HORVU.MOREX.r3.7HG0653390;HORVU.MOREX.r3.7HG0653450,HORVU.MOREX.r3.7HG0653390:1.16418e-11;HORVU.MOREX.r3.7HG0653450:1.16418e-11,NA,NA
592322at33090,2,Zm00001eb204360;Zm00001eb271130;Zm00001eb277860,Zm00001eb204360:2.56332e-05;Zm00001eb271130:1.36564e-05;Zm00001eb277860:0.00150867,NA,NA,NA,NA,HORVU.MOREX.r3.7HG0653390;HORVU.MOREX.r3.7HG0653450,HORVU.MOREX.r3.7HG0653390:1.16418e-11;HORVU.MOREX.r3.7HG0653450:1.16418e-11,NA,NA
592437at3193,2,Zm00001eb272770,Zm00001eb272770:1.47983e-05,SORBI_3010G255700,SORBI_3010G255700:0.00324054,NA,NA,NA,NA,NA,NA
592437at33090,2,Zm00001eb272770,Zm00001eb272770:1.47983e-05,SORBI_3010G255700,SORBI_3010G255700:0.00324054,NA,NA,NA,NA,NA,NA
594017at3193,2,Zm00001eb001830,Zm00001eb001830:0.00202016,NA,NA,NA,NA,NA,NA,AT4G23500,AT4G23500:0.000107284
594248at2759,2,Zm00001eb056620,Zm00001eb056620:0.000167028,NA,NA,NA,NA,HORVU.MOREX.r3.3HG0326430,HORVU.MOREX.r3.3HG0326430:0.000100368,NA,NA
594248at3193,2,Zm00001eb056620,Zm00001eb056620:0.000167028,NA,NA,NA,NA,HORVU.MOREX.r3.3HG0326430,HORVU.MOREX.r3.3HG0326430:0.000100368,NA,NA
594248at33090,2,Zm00001eb056620,Zm00001eb056620:0.000167028,NA,NA,NA,NA,HORVU.MOREX.r3.3HG0326430,HORVU.MOREX.r3.3HG0326430:0.000100368,NA,NA
594630at3193,2,NA,NA,NA,NA,NA,NA,HORVU.MOREX.r3.7HG0725990,HORVU.MOREX.r3.7HG0725990:0.000366794,AT5G16470,AT5G16470:0.000261213
595285at33090,2,Zm00001eb298570,Zm00001eb298570:0.000564192,NA,NA,LOC_Os03g02140,LOC_Os03g02140:4.46651e-05,NA,NA,NA,NA
595610at3193,2,NA,NA,SORBI_3004G010000,SORBI_3004G010000:0.0030034,NA,NA,HORVU.MOREX.r3.6HG0544350,HORVU.MOREX.r3.6HG0544350:0.000443785,NA,NA
595948at3193,2,Zm00001eb294860,Zm00001eb294860:0.00143411,NA,NA,NA,NA,NA,NA,AT1G68230,AT1G68230:6.24174e-06
59642at4447,2,Zm00001eb311800,Zm00001eb311800:0.00210555,NA,NA,LOC_Os06g02380,LOC_Os06g02380:0.000207499,NA,NA,NA,NA
597113at2759,2,Zm00001eb154650,Zm00001eb154650:7.13073e-06,SORBI_3003G209600,SORBI_3003G209600:0.000558406,NA,NA,NA,NA,NA,NA
597113at33090,2,Zm00001eb154650,Zm00001eb154650:7.13073e-06,SORBI_3003G209600,SORBI_3003G209600:0.000558406,NA,NA,NA,NA,NA,NA
597178at3193,2,NA,NA,SORBI_3002G279900,SORBI_3002G279900:0.000414082,NA,NA,HORVU.MOREX.r3.1HG0066860,HORVU.MOREX.r3.1HG0066860:0.000274486,NA,NA
597178at33090,2,NA,NA,SORBI_3002G279900,SORBI_3002G279900:0.000414082,NA,NA,HORVU.MOREX.r3.1HG0066860,HORVU.MOREX.r3.1HG0066860:0.000274486,NA,NA
597263at2759,2,Zm00001eb336480;Zm00001eb402380,Zm00001eb336480:0.000107728;Zm00001eb402380:0.00253203,SORBI_3004G253500,SORBI_3004G253500:0.00195332,NA,NA,NA,NA,NA,NA
597263at3193,2,Zm00001eb336480;Zm00001eb402380,Zm00001eb336480:0.000107728;Zm00001eb402380:0.00253203,SORBI_3004G253500,SORBI_3004G253500:0.00195332,NA,NA,NA,NA,NA,NA
597263at33090,2,Zm00001eb336480;Zm00001eb402380,Zm00001eb336480:0.000107728;Zm00001eb402380:0.00253203,SORBI_3004G253500,SORBI_3004G253500:0.00195332,NA,NA,NA,NA,NA,NA
597309at3193,2,Zm00001eb350510,Zm00001eb350510:0.000249073,NA,NA,NA,NA,NA,NA,AT1G51460,AT1G51460:1.45224e-05
597667at3193,2,Zm00001eb220220,Zm00001eb220220:0.000264052,SORBI_3001G193700,SORBI_3001G193700:0.00201,NA,NA,NA,NA,NA,NA
597667at33090,2,Zm00001eb220220,Zm00001eb220220:0.000264052,SORBI_3001G193700,SORBI_3001G193700:0.00201,NA,NA,NA,NA,NA,NA
597742at3193,2,NA,NA,NA,NA,NA,NA,HORVU.MOREX.r3.7HG0726010,HORVU.MOREX.r3.7HG0726010:0.000366794,AT5G58710,AT5G58710:5.60427e-05
597878at3193,2,Zm00001eb377420,Zm00001eb377420:0.00124504,SORBI_3010G030800,SORBI_3010G030800:0.00149968,NA,NA,NA,NA,NA,NA
597878at33090,2,Zm00001eb377420,Zm00001eb377420:0.00124504,SORBI_3010G030800,SORBI_3010G030800:0.00149968,NA,NA,NA,NA,NA,NA
598015at2759,2,NA,NA,NA,NA,NA,NA,HORVU.MOREX.r3.2HG0180490,HORVU.MOREX.r3.2HG0180490:4.23304e-05,AT1G65930,AT1G65930:0.000274888
598928at3193,2,Zm00001eb408010,Zm00001eb408010:2.51041e-06,NA,NA,NA,NA,NA,NA,AT4G38970,AT4G38970:0.000196545
598928at33090,2,Zm00001eb408010,Zm00001eb408010:2.51041e-06,NA,NA,NA,NA,NA,NA,AT4G38970,AT4G38970:0.000196545
599013at3193,2,NA,NA,SORBI_3006G232500,SORBI_3006G232500:1.30929e-06,NA,NA,NA,NA,AT1G68290,AT1G68290:0.000379605
599013at33090,2,NA,NA,SORBI_3006G232500,SORBI_3006G232500:1.30929e-06,NA,NA,NA,NA,AT1G68290,AT1G68290:0.000379605
599376at33090,2,NA,NA,NA,NA,NA,NA,HORVU.MOREX.r3.7HG0726010,HORVU.MOREX.r3.7HG0726010:0.000366794,AT5G58710,AT5G58710:5.60427e-05
599482at3193,2,NA,NA,NA,NA,NA,NA,HORVU.MOREX.r3.4HG0397450,HORVU.MOREX.r3.4HG0397450:0.000375508,AT5G20890,AT5G20890:0.000112621
599760at3193,2,Zm00001eb003170;Zm00001eb046210,Zm00001eb003170:0.00101532;Zm00001eb046210:5.36948e-05,NA,NA,NA,NA,HORVU.MOREX.r3.4HG0411460,HORVU.MOREX.r3.4HG0411460:5.27039e-06,NA,NA
599971at3193,2,Zm00001eb275020;Zm00001eb313000,Zm00001eb275020:0.00178506;Zm00001eb313000:0.00141901,NA,NA,NA,NA,NA,NA,AT1G31340,AT1G31340:8.93509e-05
599971at33090,2,Zm00001eb275020;Zm00001eb313000,Zm00001eb275020:0.00178506;Zm00001eb313000:0.00141901,NA,NA,NA,NA,NA,NA,AT1G31340,AT1G31340:8.93509e-05
600036at2759,2,Zm00001eb274250,Zm00001eb274250:0.00281625,SORBI_3001G070900,SORBI_3001G070900:0.0033504,NA,NA,NA,NA,NA,NA
600036at3193,2,Zm00001eb274250,Zm00001eb274250:0.00281625,SORBI_3001G070900,SORBI_3001G070900:0.0033504,NA,NA,NA,NA,NA,NA
600036at33090,2,Zm00001eb274250,Zm00001eb274250:0.00281625,SORBI_3001G070900,SORBI_3001G070900:0.0033504,NA,NA,NA,NA,NA,NA
600413at2759,2,NA,NA,SORBI_3010G250400,SORBI_3010G250400:0.00289695,NA,NA,NA,NA,AT1G30600,AT1G30600:0.000337957
600413at33090,2,NA,NA,SORBI_3010G250400,SORBI_3010G250400:0.00289695,NA,NA,NA,NA,AT1G30600,AT1G30600:0.000337957
600910at3193,2,Zm00001eb150960,Zm00001eb150960:0.0009985,NA,NA,NA,NA,NA,NA,AT5G54940,AT5G54940:1.15072e-09
601148at2759,2,NA,NA,SORBI_3007G160700,SORBI_3007G160700:0.00236742,LOC_Os08g04800,LOC_Os08g04800:0.000104809,NA,NA,NA,NA
601148at3193,2,NA,NA,SORBI_3007G160700,SORBI_3007G160700:0.00236742,LOC_Os08g04800,LOC_Os08g04800:0.000104809,NA,NA,NA,NA
601148at33090,2,NA,NA,SORBI_3007G160700,SORBI_3007G160700:0.00236742,LOC_Os08g04800,LOC_Os08g04800:0.000104809,NA,NA,NA,NA
601823at2759,2,Zm00001eb146060,Zm00001eb146060:0.00163238,SORBI_3003G374300,SORBI_3003G374300:8.36508e-05,NA,NA,NA,NA,NA,NA
601823at3193,2,Zm00001eb146060,Zm00001eb146060:0.00163238,SORBI_3003G374300,SORBI_3003G374300:8.36508e-05,NA,NA,NA,NA,NA,NA
601823at33090,2,Zm00001eb146060,Zm00001eb146060:0.00163238,SORBI_3003G374300,SORBI_3003G374300:8.36508e-05,NA,NA,NA,NA,NA,NA
602138at3193,2,Zm00001eb312000,Zm00001eb312000:0.00298481,NA,NA,NA,NA,NA,NA,AT2G01850,AT2G01850:3.01458e-06
60218at38820,2,NA,NA,SORBI_3006G028300;SORBI_3006G028400,SORBI_3006G028300:0.000119797;SORBI_3006G028400:0.000119797,NA,NA,HORVU.MOREX.r3.2HG0099040,HORVU.MOREX.r3.2HG0099040:1.17971e-06,NA,NA
60218at4447,2,NA,NA,SORBI_3006G028300;SORBI_3006G028400,SORBI_3006G028300:0.000119797;SORBI_3006G028400:0.000119797,NA,NA,HORVU.MOREX.r3.2HG0099040,HORVU.MOREX.r3.2HG0099040:1.17971e-06,NA,NA
602408at2759,2,Zm00001eb267000,Zm00001eb267000:1.85153e-05,NA,NA,NA,NA,HORVU.MOREX.r3.1HG0004310,HORVU.MOREX.r3.1HG0004310:0.00019084,NA,NA
602408at3193,2,Zm00001eb267000,Zm00001eb267000:1.85153e-05,NA,NA,NA,NA,HORVU.MOREX.r3.1HG0004310,HORVU.MOREX.r3.1HG0004310:0.00019084,NA,NA
602408at33090,2,Zm00001eb267000,Zm00001eb267000:1.85153e-05,NA,NA,NA,NA,HORVU.MOREX.r3.1HG0004310,HORVU.MOREX.r3.1HG0004310:0.00019084,NA,NA
602466at2759,2,Zm00001eb097940,Zm00001eb097940:0.0022512,NA,NA,LOC_Os01g06660,LOC_Os01g06660:0.000329543,NA,NA,NA,NA
602466at3193,2,Zm00001eb097940,Zm00001eb097940:0.0022512,NA,NA,LOC_Os01g06660,LOC_Os01g06660:0.000329543,NA,NA,NA,NA
602466at33090,2,Zm00001eb097940,Zm00001eb097940:0.0022512,NA,NA,LOC_Os01g06660,LOC_Os01g06660:0.000329543,NA,NA,NA,NA
602547at3193,2,Zm00001eb071670;Zm00001eb362860,Zm00001eb071670:0.000140687;Zm00001eb362860:0.00257981,NA,NA,LOC_Os05g01530,LOC_Os05g01530:1.36409e-06,NA,NA,NA,NA
603206at2759,2,Zm00001eb427290,Zm00001eb427290:0.00200672,NA,NA,NA,NA,HORVU.MOREX.r3.7HG0653480,HORVU.MOREX.r3.7HG0653480:1.16418e-11,NA,NA
603206at33090,2,Zm00001eb427290,Zm00001eb427290:0.00200672,NA,NA,NA,NA,HORVU.MOREX.r3.7HG0653480,HORVU.MOREX.r3.7HG0653480:1.16418e-11,NA,NA
603208at2759,2,Zm00001eb295880,Zm00001eb295880:0.0031163,NA,NA,NA,NA,NA,NA,AT5G44170,AT5G44170:4.28808e-06
603208at3193,2,Zm00001eb295880,Zm00001eb295880:0.0031163,NA,NA,NA,NA,NA,NA,AT5G44170,AT5G44170:4.28808e-06
603208at33090,2,Zm00001eb295880,Zm00001eb295880:0.0031163,NA,NA,NA,NA,NA,NA,AT5G44170,AT5G44170:4.28808e-06
603223at3193,2,Zm00001eb323470,Zm00001eb323470:0.00152055,SORBI_3002G329700,SORBI_3002G329700:0.000168019,NA,NA,NA,NA,NA,NA
603223at33090,2,Zm00001eb323470,Zm00001eb323470:0.00152055,SORBI_3002G329700,SORBI_3002G329700:0.000168019,NA,NA,NA,NA,NA,NA
603388at3193,2,Zm00001eb240650,Zm00001eb240650:0.00246703,NA,NA,NA,NA,NA,NA,AT5G36160,AT5G36160:0.000146775
603583at3193,2,NA,NA,SORBI_3001G263600,SORBI_3001G263600:0.000759097,NA,NA,NA,NA,AT2G40930,AT2G40930:0.000367146
604126at2759,2,Zm00001eb078670;Zm00001eb078680;Zm00001eb078700,Zm00001eb078670:0.00226918;Zm00001eb078680:0.00226918;Zm00001eb078700:0.000385015,NA,NA,NA,NA,HORVU.MOREX.r3.2HG0178160,HORVU.MOREX.r3.2HG0178160:9.51404e-07,NA,NA
604126at3193,2,Zm00001eb078670;Zm00001eb078680,Zm00001eb078670:0.00226918;Zm00001eb078680:0.00226918,NA,NA,NA,NA,HORVU.MOREX.r3.2HG0178160,HORVU.MOREX.r3.2HG0178160:9.51404e-07,NA,NA
604126at33090,2,Zm00001eb078670;Zm00001eb078680,Zm00001eb078670:0.00226918;Zm00001eb078680:0.00226918,NA,NA,NA,NA,HORVU.MOREX.r3.2HG0178160,HORVU.MOREX.r3.2HG0178160:9.51404e-07,NA,NA
604318at3193,2,Zm00001eb427290,Zm00001eb427290:0.00200672,NA,NA,NA,NA,HORVU.MOREX.r3.7HG0653480,HORVU.MOREX.r3.7HG0653480:1.16418e-11,NA,NA
604335at2759,2,Zm00001eb431510;Zm00001eb431520,Zm00001eb431510:0.00162111;Zm00001eb431520:0.00162111,NA,NA,NA,NA,HORVU.MOREX.r3.2HG0214200,HORVU.MOREX.r3.2HG0214200:0.000221064,NA,NA
604335at3193,2,Zm00001eb431510;Zm00001eb431520,Zm00001eb431510:0.00162111;Zm00001eb431520:0.00162111,NA,NA,NA,NA,HORVU.MOREX.r3.2HG0214200,HORVU.MOREX.r3.2HG0214200:0.000221064,NA,NA
604335at33090,2,Zm00001eb431510;Zm00001eb431520,Zm00001eb431510:0.00162111;Zm00001eb431520:0.00162111,NA,NA,NA,NA,HORVU.MOREX.r3.2HG0214200,HORVU.MOREX.r3.2HG0214200:0.000221064,NA,NA
604424at3193,2,Zm00001eb333460,Zm00001eb333460:2.10935e-05,NA,NA,NA,NA,NA,NA,AT2G47850,AT2G47850:1.22308e-06
604502at3193,2,Zm00001eb156850;Zm00001eb295680,Zm00001eb156850:0.000681095;Zm00001eb295680:0.000234129,NA,NA,LOC_Os01g06770,LOC_Os01g06770:3.45987e-05,NA,NA,NA,NA
604603at2759,2,Zm00001eb147650,Zm00001eb147650:0.00190607,NA,NA,NA,NA,NA,NA,AT2G39980,AT2G39980:0.000288532
604603at3193,2,Zm00001eb147650,Zm00001eb147650:0.00190607,NA,NA,NA,NA,NA,NA,AT2G39980,AT2G39980:0.000288532
604603at33090,2,Zm00001eb147650,Zm00001eb147650:0.00190607,NA,NA,NA,NA,NA,NA,AT2G39980,AT2G39980:0.000288532
604819at3193,2,Zm00001eb270040,Zm00001eb270040:1.62474e-05,NA,NA,NA,NA,NA,NA,AT1G62880,AT1G62880:0.000114002
605542at3193,2,Zm00001eb173250,Zm00001eb173250:0.00302176,NA,NA,LOC_Os12g06110,LOC_Os12g06110:0.000302855,NA,NA,NA,NA
605993at2759,2,Zm00001eb252530;Zm00001eb281360,Zm00001eb252530:0.00160777;Zm00001eb281360:0.00146678,NA,NA,NA,NA,NA,NA,AT5G44670,AT5G44670:0.000267542
605993at3193,2,Zm00001eb252530;Zm00001eb281360,Zm00001eb252530:0.00160777;Zm00001eb281360:0.00146678,NA,NA,NA,NA,NA,NA,AT5G44670,AT5G44670:0.000267542
605993at33090,2,Zm00001eb252530;Zm00001eb281360,Zm00001eb252530:0.00160777;Zm00001eb281360:0.00146678,NA,NA,NA,NA,NA,NA,AT5G44670,AT5G44670:0.000267542
606253at3193,2,Zm00001eb004170,Zm00001eb004170:0.00232177,NA,NA,NA,NA,NA,NA,AT3G53230,AT3G53230:0.000185562
606253at33090,2,Zm00001eb004170,Zm00001eb004170:0.00232177,NA,NA,NA,NA,NA,NA,AT3G53230,AT3G53230:0.000185562
606318at2759,2,Zm00001eb031700;Zm00001eb066640,Zm00001eb031700:0.000219771;Zm00001eb066640:0.00188184,NA,NA,NA,NA,HORVU.MOREX.r3.6HG0566320,HORVU.MOREX.r3.6HG0566320:4.70064e-05,NA,NA
606318at3193,2,Zm00001eb031700;Zm00001eb066640,Zm00001eb031700:0.000219771;Zm00001eb066640:0.00188184,NA,NA,NA,NA,HORVU.MOREX.r3.6HG0566320,HORVU.MOREX.r3.6HG0566320:4.70064e-05,NA,NA
606318at33090,2,Zm00001eb031700;Zm00001eb066640,Zm00001eb031700:0.000219771;Zm00001eb066640:0.00188184,NA,NA,NA,NA,HORVU.MOREX.r3.6HG0566320,HORVU.MOREX.r3.6HG0566320:4.70064e-05,NA,NA
606630at3193,2,Zm00001eb396860,Zm00001eb396860:0.000720849,NA,NA,NA,NA,NA,NA,AT5G58510,AT5G58510:0.000309542
60747at38820,2,Zm00001eb072810,Zm00001eb072810:0.000230722,SORBI_3004G279100,SORBI_3004G279100:0.00292991,NA,NA,NA,NA,NA,NA
60747at4447,2,Zm00001eb072810,Zm00001eb072810:0.000230722,SORBI_3004G279100,SORBI_3004G279100:0.00292991,NA,NA,NA,NA,NA,NA
607761at2759,2,Zm00001eb036760,Zm00001eb036760:0.00168855,NA,NA,NA,NA,HORVU.MOREX.r3.7HG0684240,HORVU.MOREX.r3.7HG0684240:6.22084e-06,NA,NA
607761at3193,2,Zm00001eb036760,Zm00001eb036760:0.00168855,NA,NA,NA,NA,HORVU.MOREX.r3.7HG0684240,HORVU.MOREX.r3.7HG0684240:6.22084e-06,NA,NA
607761at33090,2,Zm00001eb036760,Zm00001eb036760:0.00168855,NA,NA,NA,NA,HORVU.MOREX.r3.7HG0684240,HORVU.MOREX.r3.7HG0684240:6.22084e-06,NA,NA
608019at33090,2,NA,NA,NA,NA,NA,NA,HORVU.MOREX.r3.4HG0332850,HORVU.MOREX.r3.4HG0332850:2.75453e-05,AT5G43370,AT5G43370:0.000149194
608448at2759,2,NA,NA,NA,NA,NA,NA,HORVU.MOREX.r3.1HG0069260,HORVU.MOREX.r3.1HG0069260:0.000339809,AT1G56710,AT1G56710:1.69525e-06
608448at3193,2,NA,NA,NA,NA,NA,NA,HORVU.MOREX.r3.1HG0069260,HORVU.MOREX.r3.1HG0069260:0.000339809,AT1G56710,AT1G56710:1.69525e-06
608448at33090,2,NA,NA,NA,NA,NA,NA,HORVU.MOREX.r3.1HG0069260,HORVU.MOREX.r3.1HG0069260:0.000339809,AT1G56710,AT1G56710:1.69525e-06
608472at2759,2,Zm00001eb193360,Zm00001eb193360:7.20686e-05,SORBI_3002G221900,SORBI_3002G221900:0.00224492,NA,NA,NA,NA,NA,NA
608472at3193,2,Zm00001eb193360,Zm00001eb193360:7.20686e-05,SORBI_3002G221900,SORBI_3002G221900:0.00224492,NA,NA,NA,NA,NA,NA
608472at33090,2,Zm00001eb193360,Zm00001eb193360:7.20686e-05,SORBI_3002G221900,SORBI_3002G221900:0.00224492,NA,NA,NA,NA,NA,NA
60874at38820,2,NA,NA,SORBI_3009G045100,SORBI_3009G045100:0.00135371,LOC_Os05g01500,LOC_Os05g01500:2.04684e-05,NA,NA,NA,NA
60874at4447,2,NA,NA,SORBI_3009G045100,SORBI_3009G045100:0.00135371,LOC_Os05g01500,LOC_Os05g01500:2.04684e-05,NA,NA,NA,NA
609306at2759,2,Zm00001eb011910,Zm00001eb011910:0.001445,SORBI_3001G196100,SORBI_3001G196100:0.00114088,NA,NA,NA,NA,NA,NA
609306at33090,2,Zm00001eb011910,Zm00001eb011910:0.001445,SORBI_3001G196100,SORBI_3001G196100:0.00114088,NA,NA,NA,NA,NA,NA
609870at3193,2,Zm00001eb137100;Zm00001eb296480,Zm00001eb137100:0.0022504;Zm00001eb296480:6.84832e-08,NA,NA,NA,NA,NA,NA,AT1G30820,AT1G30820:6.2352e-05
609870at33090,2,Zm00001eb137100;Zm00001eb296480,Zm00001eb137100:0.0022504;Zm00001eb296480:6.84832e-08,NA,NA,NA,NA,NA,NA,AT1G30820,AT1G30820:6.2352e-05
610150at2759,2,Zm00001eb403660,Zm00001eb403660:0.00262406,NA,NA,NA,NA,NA,NA,AT1G47330;AT2G14520,AT1G47330:0.000254205;AT2G14520:0.000136781
610150at33090,2,Zm00001eb403660,Zm00001eb403660:0.00262406,NA,NA,NA,NA,NA,NA,AT1G47330;AT2G14520,AT1G47330:0.000254205;AT2G14520:0.000136781
610643at2759,2,NA,NA,NA,NA,LOC_Os12g01250,LOC_Os12g01250:0.000171007,NA,NA,AT1G08810,AT1G08810:0.0003826
610643at3193,2,NA,NA,NA,NA,LOC_Os12g01250,LOC_Os12g01250:0.000171007,NA,NA,AT1G08810,AT1G08810:0.0003826
610643at33090,2,NA,NA,NA,NA,LOC_Os12g01250,LOC_Os12g01250:0.000171007,NA,NA,AT1G08810,AT1G08810:0.0003826
610892at2759,2,Zm00001eb172410,Zm00001eb172410:0.00175539,SORBI_3007G047700,SORBI_3007G047700:0.00142599,NA,NA,NA,NA,NA,NA
610892at3193,2,Zm00001eb172410,Zm00001eb172410:0.00175539,SORBI_3007G047700,SORBI_3007G047700:0.00142599,NA,NA,NA,NA,NA,NA
610892at33090,2,Zm00001eb172410,Zm00001eb172410:0.00175539,SORBI_3007G047700,SORBI_3007G047700:0.00142599,NA,NA,NA,NA,NA,NA
611154at3193,2,Zm00001eb165450,Zm00001eb165450:0.00252571,NA,NA,NA,NA,NA,NA,AT2G47600,AT2G47600:3.71427e-06
611219at3193,2,NA,NA,NA,NA,NA,NA,HORVU.MOREX.r3.2HG0169970,HORVU.MOREX.r3.2HG0169970:0.000230671,AT5G08630,AT5G08630:6.75608e-05
611219at33090,2,NA,NA,NA,NA,NA,NA,HORVU.MOREX.r3.2HG0169970,HORVU.MOREX.r3.2HG0169970:0.000230671,AT5G08630,AT5G08630:6.75608e-05
611258at3193,2,Zm00001eb164310,Zm00001eb164310:0.00209334,NA,NA,NA,NA,NA,NA,AT5G58970,AT5G58970:0.000376094
611295at2759,2,Zm00001eb008930;Zm00001eb107530;Zm00001eb399910,Zm00001eb008930:0.00288154;Zm00001eb107530:9.42654e-06;Zm00001eb399910:0.00184689,NA,NA,NA,NA,NA,NA,AT5G56590,AT5G56590:1.44044e-05
611295at33090,2,Zm00001eb008930;Zm00001eb107530;Zm00001eb399910,Zm00001eb008930:0.00288154;Zm00001eb107530:9.42654e-06;Zm00001eb399910:0.00184689,NA,NA,NA,NA,NA,NA,AT5G56590,AT5G56590:1.44044e-05
611513at3193,2,NA,NA,NA,NA,NA,NA,HORVU.MOREX.r3.2HG0156100,HORVU.MOREX.r3.2HG0156100:0.000258781,AT1G13950,AT1G13950:0.000240273
611513at33090,2,NA,NA,NA,NA,NA,NA,HORVU.MOREX.r3.2HG0156100,HORVU.MOREX.r3.2HG0156100:0.000258781,AT1G13950,AT1G13950:0.000240273
611522at2759,2,NA,NA,NA,NA,LOC_Os08g04810,LOC_Os08g04810:0.000344153,HORVU.MOREX.r3.7HG0647640,HORVU.MOREX.r3.7HG0647640:5.13175e-05,NA,NA
611522at3193,2,NA,NA,NA,NA,LOC_Os08g04810,LOC_Os08g04810:0.000344153,HORVU.MOREX.r3.7HG0647640,HORVU.MOREX.r3.7HG0647640:5.13175e-05,NA,NA
611522at33090,2,NA,NA,NA,NA,LOC_Os08g04810,LOC_Os08g04810:0.000344153,HORVU.MOREX.r3.7HG0647640,HORVU.MOREX.r3.7HG0647640:5.13175e-05,NA,NA
612043at33090,2,Zm00001eb004550;Zm00001eb178810,Zm00001eb004550:0.000414834;Zm00001eb178810:2.29735e-05,NA,NA,NA,NA,HORVU.MOREX.r3.2HG0204020;HORVU.MOREX.r3.4HG0401980;HORVU.MOREX.r3.7HG0741010,HORVU.MOREX.r3.2HG0204020:6.3049e-05;HORVU.MOREX.r3.4HG0401980:0.000426321;HORVU.MOREX.r3.7HG0741010:6.19602e-05,NA,NA
61211at38820,2,Zm00001eb058410;Zm00001eb214220,Zm00001eb058410:0.000523119;Zm00001eb214220:0.00304524,SORBI_3001G079200,SORBI_3001G079200:0.00159137,NA,NA,NA,NA,NA,NA
61211at4447,2,Zm00001eb058410;Zm00001eb214220,Zm00001eb058410:0.000523119;Zm00001eb214220:0.00304524,SORBI_3001G079200,SORBI_3001G079200:0.00159137,NA,NA,NA,NA,NA,NA
612680at2759,2,Zm00001eb000660;Zm00001eb312000,Zm00001eb000660:0.00271935;Zm00001eb312000:0.00298481,NA,NA,NA,NA,NA,NA,AT2G01850;AT2G06850;AT3G23730;AT4G14130;AT5G57530,AT2G01850:3.01458e-06;AT2G06850:0.000185834;AT3G23730:6.80952e-05;AT4G14130:2.02822e-05;AT5G57530:8.57888e-06
612680at33090,2,Zm00001eb000660;Zm00001eb312000,Zm00001eb000660:0.00271935;Zm00001eb312000:0.00298481,NA,NA,NA,NA,NA,NA,AT2G01850;AT2G06850;AT3G23730;AT4G14130;AT5G57530,AT2G01850:3.01458e-06;AT2G06850:0.000185834;AT3G23730:6.80952e-05;AT4G14130:2.02822e-05;AT5G57530:8.57888e-06
613147at3193,2,Zm00001eb334390,Zm00001eb334390:0.000702925,NA,NA,NA,NA,NA,NA,AT3G42830,AT3G42830:2.60156e-06
61333at38820,2,Zm00001eb296000,Zm00001eb296000:0.000999181,NA,NA,NA,NA,HORVU.MOREX.r3.1HG0088680,HORVU.MOREX.r3.1HG0088680:0.000140822,NA,NA
61333at4447,2,Zm00001eb296000,Zm00001eb296000:0.000999181,NA,NA,NA,NA,HORVU.MOREX.r3.1HG0088680,HORVU.MOREX.r3.1HG0088680:0.000140822,NA,NA
613341at2759,2,Zm00001eb315060,Zm00001eb315060:0.000719488,SORBI_3002G224800;SORBI_3002G224900,SORBI_3002G224800:7.53979e-05;SORBI_3002G224900:7.53979e-05,NA,NA,NA,NA,NA,NA
613341at3193,2,Zm00001eb315060,Zm00001eb315060:0.000719488,SORBI_3002G224800;SORBI_3002G224900,SORBI_3002G224800:7.53979e-05;SORBI_3002G224900:7.53979e-05,NA,NA,NA,NA,NA,NA
613341at33090,2,Zm00001eb315060,Zm00001eb315060:0.000719488,SORBI_3002G224800;SORBI_3002G224900,SORBI_3002G224800:7.53979e-05;SORBI_3002G224900:7.53979e-05,NA,NA,NA,NA,NA,NA
614010at3193,2,NA,NA,NA,NA,NA,NA,HORVU.MOREX.r3.2HG0197870,HORVU.MOREX.r3.2HG0197870:3.61397e-05,AT2G06925,AT2G06925:0.000245693
614114at3193,2,Zm00001eb002620,Zm00001eb002620:0.00296786,NA,NA,NA,NA,NA,NA,AT3G12500,AT3G12500:0.000177319
614114at33090,2,Zm00001eb002620,Zm00001eb002620:0.00296786,NA,NA,NA,NA,NA,NA,AT3G12500,AT3G12500:0.000177319
614510at2759,2,Zm00001eb110070;Zm00001eb423560,Zm00001eb110070:0.00167801;Zm00001eb423560:0.00158991,NA,NA,NA,NA,NA,NA,AT1G14010;AT1G57620,AT1G14010:0.000158057;AT1G57620:4.96276e-05
614510at33090,2,Zm00001eb110070;Zm00001eb423560,Zm00001eb110070:0.00167801;Zm00001eb423560:0.00158991,NA,NA,NA,NA,NA,NA,AT1G14010;AT1G57620,AT1G14010:0.000158057;AT1G57620:4.96276e-05
614854at3193,2,Zm00001eb094220;Zm00001eb331520,Zm00001eb094220:0.00284143;Zm00001eb331520:0.00274039,NA,NA,NA,NA,HORVU.MOREX.r3.2HG0108460,HORVU.MOREX.r3.2HG0108460:0.000395525,NA,NA
614936at3193,2,Zm00001eb337140,Zm00001eb337140:0.00116433,NA,NA,NA,NA,NA,NA,AT2G06990,AT2G06990:9.86643e-05
615326at2759,2,Zm00001eb337980,Zm00001eb337980:0.00115053,NA,NA,NA,NA,NA,NA,AT5G11640,AT5G11640:4.82509e-05
615326at3193,2,Zm00001eb337980,Zm00001eb337980:0.00115053,NA,NA,NA,NA,NA,NA,AT5G11640,AT5G11640:4.82509e-05
615326at33090,2,Zm00001eb337980,Zm00001eb337980:0.00115053,NA,NA,NA,NA,NA,NA,AT5G11640,AT5G11640:4.82509e-05
615441at3193,2,Zm00001eb059860,Zm00001eb059860:0.0011508,SORBI_3001G066700,SORBI_3001G066700:0.00102495,NA,NA,NA,NA,NA,NA
615618at2759,2,Zm00001eb298980,Zm00001eb298980:0.00137896,NA,NA,NA,NA,HORVU.MOREX.r3.7HG0734670,HORVU.MOREX.r3.7HG0734670:9.25396e-05,NA,NA
615665at2759,2,Zm00001eb274720,Zm00001eb274720:0.0011462,SORBI_3006G231900,SORBI_3006G231900:1.30929e-06,NA,NA,NA,NA,NA,NA
615665at3193,2,Zm00001eb274720,Zm00001eb274720:0.0011462,SORBI_3006G231900,SORBI_3006G231900:1.30929e-06,NA,NA,NA,NA,NA,NA
615665at33090,2,Zm00001eb274720,Zm00001eb274720:0.0011462,SORBI_3006G231900,SORBI_3006G231900:1.30929e-06,NA,NA,NA,NA,NA,NA
616407at3193,2,Zm00001eb206110,Zm00001eb206110:0.00303734,NA,NA,NA,NA,HORVU.MOREX.r3.6HG0573850,HORVU.MOREX.r3.6HG0573850:0.000104872,NA,NA
616407at33090,2,Zm00001eb206110,Zm00001eb206110:0.00303734,NA,NA,NA,NA,HORVU.MOREX.r3.6HG0573850,HORVU.MOREX.r3.6HG0573850:0.000104872,NA,NA
616648at2759,2,NA,NA,SORBI_3003G427900,SORBI_3003G427900:0.000900258,NA,NA,HORVU.MOREX.r3.3HG0320700;HORVU.MOREX.r3.3HG0320720;HORVU.MOREX.r3.3HG0320740,HORVU.MOREX.r3.3HG0320700:0.000203866;HORVU.MOREX.r3.3HG0320720:0.000259938;HORVU.MOREX.r3.3HG0320740:0.000259938,NA,NA
616648at3193,2,NA,NA,SORBI_3003G427900,SORBI_3003G427900:0.000900258,NA,NA,HORVU.MOREX.r3.3HG0320700;HORVU.MOREX.r3.3HG0320720;HORVU.MOREX.r3.3HG0320740,HORVU.MOREX.r3.3HG0320700:0.000203866;HORVU.MOREX.r3.3HG0320720:0.000259938;HORVU.MOREX.r3.3HG0320740:0.000259938,NA,NA
616648at33090,2,NA,NA,SORBI_3003G427900,SORBI_3003G427900:0.000900258,NA,NA,HORVU.MOREX.r3.3HG0320700;HORVU.MOREX.r3.3HG0320720;HORVU.MOREX.r3.3HG0320740,HORVU.MOREX.r3.3HG0320700:0.000203866;HORVU.MOREX.r3.3HG0320720:0.000259938;HORVU.MOREX.r3.3HG0320740:0.000259938,NA,NA
616750at3193,2,NA,NA,NA,NA,NA,NA,HORVU.MOREX.r3.2HG0097600,HORVU.MOREX.r3.2HG0097600:7.17648e-05,AT2G39830,AT2G39830:3.06203e-08
616758at33090,2,NA,NA,NA,NA,LOC_Os08g01330,LOC_Os08g01330:4.09347e-05,NA,NA,AT5G39890,AT5G39890:6.18714e-06
616803at33090,2,Zm00001eb298700,Zm00001eb298700:0.00131305,SORBI_3001G080700,SORBI_3001G080700:0.00352494,NA,NA,NA,NA,NA,NA
616823at33090,2,Zm00001eb304610,Zm00001eb304610:0.000491758,NA,NA,NA,NA,NA,NA,AT1G80830,AT1G80830:9.25726e-05
617760at2759,2,Zm00001eb107910,Zm00001eb107910:0.000192507,NA,NA,NA,NA,HORVU.MOREX.r3.2HG0130900,HORVU.MOREX.r3.2HG0130900:0.00011356,NA,NA
617760at3193,2,Zm00001eb107910,Zm00001eb107910:0.000192507,NA,NA,NA,NA,HORVU.MOREX.r3.2HG0130900,HORVU.MOREX.r3.2HG0130900:0.00011356,NA,NA
617760at33090,2,Zm00001eb107910,Zm00001eb107910:0.000192507,NA,NA,NA,NA,HORVU.MOREX.r3.2HG0130900,HORVU.MOREX.r3.2HG0130900:0.00011356,NA,NA
618238at2759,2,Zm00001eb130750;Zm00001eb340500,Zm00001eb130750:0.000547086;Zm00001eb340500:0.000388196,NA,NA,LOC_Os01g03190,LOC_Os01g03190:0.000248773,NA,NA,NA,NA
618238at3193,2,Zm00001eb130750;Zm00001eb340500,Zm00001eb130750:0.000547086;Zm00001eb340500:0.000388196,NA,NA,LOC_Os01g03190,LOC_Os01g03190:0.000248773,NA,NA,NA,NA
618238at33090,2,Zm00001eb130750;Zm00001eb340500,Zm00001eb130750:0.000547086;Zm00001eb340500:0.000388196,NA,NA,LOC_Os01g03190,LOC_Os01g03190:0.000248773,NA,NA,NA,NA
618353at3193,2,Zm00001eb392430,Zm00001eb392430:0.000240813,NA,NA,NA,NA,HORVU.MOREX.r3.7HG0725980,HORVU.MOREX.r3.7HG0725980:0.000366794,NA,NA
618376at2759,2,Zm00001eb338020,Zm00001eb338020:0.000434819,NA,NA,NA,NA,HORVU.MOREX.r3.3HG0243960,HORVU.MOREX.r3.3HG0243960:1.13844e-07,NA,NA
618376at3193,2,Zm00001eb338020,Zm00001eb338020:0.000434819,NA,NA,NA,NA,HORVU.MOREX.r3.3HG0243960,HORVU.MOREX.r3.3HG0243960:1.13844e-07,NA,NA
618376at33090,2,Zm00001eb338020,Zm00001eb338020:0.000434819,NA,NA,NA,NA,HORVU.MOREX.r3.3HG0243960,HORVU.MOREX.r3.3HG0243960:1.13844e-07,NA,NA
618766at3193,2,Zm00001eb145870,Zm00001eb145870:0.00308591,SORBI_3003G376100,SORBI_3003G376100:0.000684675,NA,NA,NA,NA,NA,NA
618766at33090,2,Zm00001eb145870,Zm00001eb145870:0.00308591,SORBI_3003G376100,SORBI_3003G376100:0.000684675,NA,NA,NA,NA,NA,NA
618909at3193,2,Zm00001eb366700,Zm00001eb366700:0.00205554,SORBI_3003G368100,SORBI_3003G368100:0.00427276,NA,NA,NA,NA,NA,NA
619146at3193,2,Zm00001eb183820,Zm00001eb183820:0.00021932,NA,NA,NA,NA,NA,NA,AT1G13140;AT1G13150;AT5G58860,AT1G13140:5.51111e-06;AT1G13150:5.51111e-06;AT5G58860:8.2332e-05
619276at2759,2,Zm00001eb102360,Zm00001eb102360:0.00265463,SORBI_3010G033300,SORBI_3010G033300:0.00278461,NA,NA,NA,NA,NA,NA
619276at33090,2,Zm00001eb102360,Zm00001eb102360:0.00265463,SORBI_3010G033300,SORBI_3010G033300:0.00278461,NA,NA,NA,NA,NA,NA
619502at33090,2,Zm00001eb068710,Zm00001eb068710:0.00054134,NA,NA,NA,NA,NA,NA,AT2G24610,AT2G24610:0.000183347
619630at2759,2,Zm00001eb013650,Zm00001eb013650:0.00248832,NA,NA,NA,NA,NA,NA,AT5G58520,AT5G58520:0.000198532
619630at3193,2,Zm00001eb013650,Zm00001eb013650:0.00248832,NA,NA,NA,NA,NA,NA,AT5G58520,AT5G58520:0.000198532
619630at33090,2,Zm00001eb013650,Zm00001eb013650:0.00248832,NA,NA,NA,NA,NA,NA,AT5G58520,AT5G58520:0.000198532
619777at3193,2,Zm00001eb325410,Zm00001eb325410:0.00179382,NA,NA,NA,NA,NA,NA,AT3G61470,AT3G61470:0.000359957
620096at2759,2,Zm00001eb398090,Zm00001eb398090:0.000579908,NA,NA,NA,NA,NA,NA,AT3G57020,AT3G57020:0.000174209
620126at2759,2,Zm00001eb330810;Zm00001eb405650,Zm00001eb330810:0.00306613;Zm00001eb405650:0.0009459,NA,NA,NA,NA,HORVU.MOREX.r3.2HG0111640,HORVU.MOREX.r3.2HG0111640:0.000355176,NA,NA
620126at3193,2,Zm00001eb330810;Zm00001eb405650,Zm00001eb330810:0.00306613;Zm00001eb405650:0.0009459,NA,NA,NA,NA,HORVU.MOREX.r3.2HG0111640,HORVU.MOREX.r3.2HG0111640:0.000355176,NA,NA
620126at33090,2,Zm00001eb330810;Zm00001eb405650,Zm00001eb330810:0.00306613;Zm00001eb405650:0.0009459,NA,NA,NA,NA,HORVU.MOREX.r3.2HG0111640,HORVU.MOREX.r3.2HG0111640:0.000355176,NA,NA
620210at2759,2,Zm00001eb433400,Zm00001eb433400:0.000523805,NA,NA,NA,NA,NA,NA,AT2G39270,AT2G39270:8.51495e-05
620210at3193,2,Zm00001eb433400,Zm00001eb433400:0.000523805,NA,NA,NA,NA,NA,NA,AT2G39270,AT2G39270:8.51495e-05
620210at33090,2,Zm00001eb433400,Zm00001eb433400:0.000523805,NA,NA,NA,NA,NA,NA,AT2G39270,AT2G39270:8.51495e-05
620241at3193,2,Zm00001eb004550,Zm00001eb004550:0.000414834,NA,NA,NA,NA,HORVU.MOREX.r3.4HG0401980,HORVU.MOREX.r3.4HG0401980:0.000426321,NA,NA
620329at3193,2,NA,NA,NA,NA,NA,NA,HORVU.MOREX.r3.2HG0198070,HORVU.MOREX.r3.2HG0198070:2.71283e-05,AT3G47860,AT3G47860:0.000260926
620449at33090,2,Zm00001eb244590,Zm00001eb244590:0.000368429,NA,NA,NA,NA,HORVU.MOREX.r3.2HG0198000,HORVU.MOREX.r3.2HG0198000:3.85525e-05,NA,NA
620884at3193,2,Zm00001eb316100,Zm00001eb316100:0.00299135,SORBI_3004G255800,SORBI_3004G255800:0.00137758,NA,NA,NA,NA,NA,NA
620884at33090,2,Zm00001eb316100,Zm00001eb316100:0.00299135,SORBI_3004G255800,SORBI_3004G255800:0.00137758,NA,NA,NA,NA,NA,NA
620971at2759,2,Zm00001eb253220,Zm00001eb253220:0.00095006,SORBI_3004G255300,SORBI_3004G255300:9.56812e-05,NA,NA,NA,NA,NA,NA
620971at3193,2,Zm00001eb253220,Zm00001eb253220:0.00095006,SORBI_3004G255300,SORBI_3004G255300:9.56812e-05,NA,NA,NA,NA,NA,NA
620971at33090,2,Zm00001eb253220,Zm00001eb253220:0.00095006,SORBI_3004G255300,SORBI_3004G255300:9.56812e-05,NA,NA,NA,NA,NA,NA
621821at33090,2,Zm00001eb276760,Zm00001eb276760:0.000912765,NA,NA,NA,NA,HORVU.MOREX.r3.3HG0244000,HORVU.MOREX.r3.3HG0244000:5.07952e-06,NA,NA
621852at3193,2,Zm00001eb250070,Zm00001eb250070:1.02739e-05,NA,NA,NA,NA,NA,NA,AT3G14810,AT3G14810:0.000252287
622171at3193,2,NA,NA,SORBI_3004G046500,SORBI_3004G046500:0.00128612,NA,NA,NA,NA,AT5G39900,AT5G39900:4.73964e-07
622262at33090,2,Zm00001eb055910;Zm00001eb257330,Zm00001eb055910:0.000713306;Zm00001eb257330:0.00017723,NA,NA,NA,NA,NA,NA,AT4G25770,AT4G25770:4.08394e-06
623129at3193,2,Zm00001eb193090,Zm00001eb193090:1.42981e-06,NA,NA,NA,NA,NA,NA,AT3G42950,AT3G42950:0.00025749
623139at3193,2,Zm00001eb225650,Zm00001eb225650:0.00059586,SORBI_3010G236600,SORBI_3010G236600:0.00274971,NA,NA,NA,NA,NA,NA
623139at33090,2,Zm00001eb225650,Zm00001eb225650:0.00059586,SORBI_3010G236600,SORBI_3010G236600:0.00274971,NA,NA,NA,NA,NA,NA
623259at3193,2,Zm00001eb126360;Zm00001eb334400,Zm00001eb126360:0.00248713;Zm00001eb334400:0.000702925,NA,NA,NA,NA,NA,NA,AT1G10250,AT1G10250:3.65342e-05
623259at33090,2,Zm00001eb126360;Zm00001eb334400,Zm00001eb126360:0.00248713;Zm00001eb334400:0.000702925,NA,NA,NA,NA,NA,NA,AT1G10250,AT1G10250:3.65342e-05
623294at2759,2,Zm00001eb298940,Zm00001eb298940:0.00137896,NA,NA,NA,NA,NA,NA,AT5G48730,AT5G48730:2.21646e-05
623294at3193,2,Zm00001eb298940,Zm00001eb298940:0.00137896,NA,NA,NA,NA,NA,NA,AT5G48730,AT5G48730:2.21646e-05
623294at33090,2,Zm00001eb298940,Zm00001eb298940:0.00137896,NA,NA,NA,NA,NA,NA,AT5G48730,AT5G48730:2.21646e-05
623431at3193,2,Zm00001eb074030,Zm00001eb074030:0.00159696,NA,NA,NA,NA,NA,NA,AT1G47670,AT1G47670:0.000125084
623458at3193,2,Zm00001eb304610,Zm00001eb304610:0.000491758,NA,NA,NA,NA,NA,NA,AT1G80830,AT1G80830:9.25726e-05
623582at3193,2,Zm00001eb103720,Zm00001eb103720:0.00160201,SORBI_3002G279000,SORBI_3002G279000:0.00084549,NA,NA,NA,NA,NA,NA
623863at3193,2,Zm00001eb426230,Zm00001eb426230:0.0020821,NA,NA,NA,NA,HORVU.MOREX.r3.6HG0629070,HORVU.MOREX.r3.6HG0629070:0.000348197,NA,NA
623863at33090,2,Zm00001eb426230,Zm00001eb426230:0.0020821,NA,NA,NA,NA,HORVU.MOREX.r3.6HG0629070,HORVU.MOREX.r3.6HG0629070:0.000348197,NA,NA
62404at38820,2,Zm00001eb253990,Zm00001eb253990:8.41725e-06,NA,NA,NA,NA,HORVU.MOREX.r3.6HG0616230,HORVU.MOREX.r3.6HG0616230:0.000155553,NA,NA
62404at4447,2,Zm00001eb253990,Zm00001eb253990:8.41725e-06,NA,NA,NA,NA,HORVU.MOREX.r3.6HG0616230,HORVU.MOREX.r3.6HG0616230:0.000155553,NA,NA
624064at2759,2,Zm00001eb134850;Zm00001eb214240,Zm00001eb134850:0.00152692;Zm00001eb214240:0.00304524,SORBI_3001G080000,SORBI_3001G080000:0.00385571,NA,NA,NA,NA,NA,NA
624064at3193,2,Zm00001eb134850;Zm00001eb214240,Zm00001eb134850:0.00152692;Zm00001eb214240:0.00304524,SORBI_3001G080000,SORBI_3001G080000:0.00385571,NA,NA,NA,NA,NA,NA
624064at33090,2,Zm00001eb134850;Zm00001eb214240,Zm00001eb134850:0.00152692;Zm00001eb214240:0.00304524,SORBI_3001G080000,SORBI_3001G080000:0.00385571,NA,NA,NA,NA,NA,NA
624681at3193,2,Zm00001eb400330,Zm00001eb400330:0.00108276,NA,NA,NA,NA,HORVU.MOREX.r3.3HG0284290,HORVU.MOREX.r3.3HG0284290:0.000157418,NA,NA
625467at33090,2,Zm00001eb228530,Zm00001eb228530:0.000433813,NA,NA,NA,NA,NA,NA,AT5G03650,AT5G03650:8.25379e-06
625738at3193,2,Zm00001eb102470,Zm00001eb102470:8.13015e-05,SORBI_3001G080200,SORBI_3001G080200:0.00385571,NA,NA,NA,NA,NA,NA
62588at4447,2,Zm00001eb295640,Zm00001eb295640:0.00250023,NA,NA,LOC_Os01g06750,LOC_Os01g06750:0.000336405,NA,NA,NA,NA
625983at2759,2,Zm00001eb006270,Zm00001eb006270:0.00279665,NA,NA,NA,NA,NA,NA,AT3G14350,AT3G14350:4.24362e-05
625983at3193,2,Zm00001eb006270,Zm00001eb006270:0.00279665,NA,NA,NA,NA,NA,NA,AT3G14350,AT3G14350:4.24362e-05
625983at33090,2,Zm00001eb006270,Zm00001eb006270:0.00279665,NA,NA,NA,NA,NA,NA,AT3G14350,AT3G14350:4.24362e-05
626765at2759,2,NA,NA,SORBI_3006G171050,SORBI_3006G171050:0.000252628,NA,NA,NA,NA,AT3G60520,AT3G60520:7.44986e-05
626765at3193,2,NA,NA,SORBI_3006G171050,SORBI_3006G171050:0.000252628,NA,NA,NA,NA,AT3G60520,AT3G60520:7.44986e-05
626765at33090,2,NA,NA,SORBI_3006G171050,SORBI_3006G171050:0.000252628,NA,NA,NA,NA,AT3G60520,AT3G60520:7.44986e-05
627054at33090,2,Zm00001eb302700,Zm00001eb302700:0.000662787,NA,NA,NA,NA,NA,NA,AT1G02130,AT1G02130:0.00017725
627264at2759,2,NA,NA,SORBI_3002G280400,SORBI_3002G280400:0.000414082,NA,NA,NA,NA,AT4G25050,AT4G25050:0.000245781
627264at3193,2,NA,NA,SORBI_3002G280400,SORBI_3002G280400:0.000414082,NA,NA,NA,NA,AT4G25050,AT4G25050:0.000245781
627264at33090,2,NA,NA,SORBI_3002G280400,SORBI_3002G280400:0.000414082,NA,NA,NA,NA,AT4G25050,AT4G25050:0.000245781
627709at2759,2,Zm00001eb058360,Zm00001eb058360:0.00194734,SORBI_3001G079600,SORBI_3001G079600:0.00159137,NA,NA,NA,NA,NA,NA
627709at3193,2,Zm00001eb058360,Zm00001eb058360:0.00194734,SORBI_3001G079600,SORBI_3001G079600:0.00159137,NA,NA,NA,NA,NA,NA
627709at33090,2,Zm00001eb058360,Zm00001eb058360:0.00194734,SORBI_3001G079600,SORBI_3001G079600:0.00159137,NA,NA,NA,NA,NA,NA
627874at2759,2,NA,NA,NA,NA,LOC_Os12g01260,LOC_Os12g01260:0.000144492,NA,NA,AT3G03620,AT3G03620:0.000259412
627874at3193,2,NA,NA,NA,NA,LOC_Os12g01260,LOC_Os12g01260:0.000144492,NA,NA,AT3G03620,AT3G03620:0.000259412
627874at33090,2,NA,NA,NA,NA,LOC_Os12g01260,LOC_Os12g01260:0.000144492,NA,NA,AT3G03620,AT3G03620:0.000259412
628117at2759,2,Zm00001eb006010,Zm00001eb006010:2.16945e-05,NA,NA,NA,NA,HORVU.MOREX.r3.4HG0405310,HORVU.MOREX.r3.4HG0405310:0.00043016,NA,NA
628117at3193,2,Zm00001eb006010,Zm00001eb006010:2.16945e-05,NA,NA,NA,NA,HORVU.MOREX.r3.4HG0405310,HORVU.MOREX.r3.4HG0405310:0.00043016,NA,NA
628117at33090,2,Zm00001eb006010,Zm00001eb006010:2.16945e-05,NA,NA,NA,NA,HORVU.MOREX.r3.4HG0405310,HORVU.MOREX.r3.4HG0405310:0.00043016,NA,NA
628161at2759,2,Zm00001eb058150;Zm00001eb193100;Zm00001eb275670,Zm00001eb058150:0.00274737;Zm00001eb193100:1.42981e-06;Zm00001eb275670:0.000155207,NA,NA,NA,NA,HORVU.MOREX.r3.5HG0425620,HORVU.MOREX.r3.5HG0425620:2.24253e-05,NA,NA
628166at2759,2,Zm00001eb215520,Zm00001eb215520:0.00303681,NA,NA,NA,NA,NA,NA,AT1G28700,AT1G28700:0.000286078
628166at3193,2,Zm00001eb215520,Zm00001eb215520:0.00303681,NA,NA,NA,NA,NA,NA,AT1G28700,AT1G28700:0.000286078
628166at33090,2,Zm00001eb215520,Zm00001eb215520:0.00303681,NA,NA,NA,NA,NA,NA,AT1G28700,AT1G28700:0.000286078
62820at33090,2,Zm00001eb374100,Zm00001eb374100:0.00223689,NA,NA,NA,NA,NA,NA,AT3G19450;AT4G34230,AT3G19450:0.000341615;AT4G34230:0.000372592
628243at3193,2,Zm00001eb369940,Zm00001eb369940:0.00281971,NA,NA,NA,NA,NA,NA,AT3G02740,AT3G02740:0.000187096
628271at2759,2,Zm00001eb213920,Zm00001eb213920:0.000684159,NA,NA,NA,NA,NA,NA,AT5G42660,AT5G42660:0.000134703
628271at3193,2,Zm00001eb213920,Zm00001eb213920:0.000684159,NA,NA,NA,NA,NA,NA,AT5G42660,AT5G42660:0.000134703
628271at33090,2,Zm00001eb213920,Zm00001eb213920:0.000684159,NA,NA,NA,NA,NA,NA,AT5G42660,AT5G42660:0.000134703
628703at3193,2,Zm00001eb110250;Zm00001eb328990;Zm00001eb394250,Zm00001eb110250:0.0030538;Zm00001eb328990:0.00103518;Zm00001eb394250:0.00203288,SORBI_3001G361300,SORBI_3001G361300:0.00231401,NA,NA,NA,NA,NA,NA
628703at33090,2,Zm00001eb110250;Zm00001eb328990;Zm00001eb394250,Zm00001eb110250:0.0030538;Zm00001eb328990:0.00103518;Zm00001eb394250:0.00203288,SORBI_3001G361300,SORBI_3001G361300:0.00231401,NA,NA,NA,NA,NA,NA
629555at3193,2,Zm00001eb351610,Zm00001eb351610:0.000192086,NA,NA,NA,NA,NA,NA,AT2G37290,AT2G37290:1.14956e-05
629555at33090,2,Zm00001eb351610,Zm00001eb351610:0.000192086,NA,NA,NA,NA,NA,NA,AT2G37290,AT2G37290:1.14956e-05
630162at2759,2,Zm00001eb205180,Zm00001eb205180:0.00200652,NA,NA,NA,NA,HORVU.MOREX.r3.2HG0182650,HORVU.MOREX.r3.2HG0182650:2.75785e-05,NA,NA
630225at3193,2,NA,NA,SORBI_3004G217700,SORBI_3004G217700:0.00165424,NA,NA,NA,NA,AT4G10300,AT4G10300:0.000351186
630225at33090,2,NA,NA,SORBI_3004G217700,SORBI_3004G217700:0.00165424,NA,NA,NA,NA,AT4G10300;AT4G28703,AT4G10300:0.000351186;AT4G28703:6.93622e-06
630255at2759,2,Zm00001eb041050,Zm00001eb041050:0.00293164,SORBI_3004G252200,SORBI_3004G252200:0.000922038,NA,NA,NA,NA,NA,NA
630255at33090,2,Zm00001eb041050,Zm00001eb041050:0.00293164,SORBI_3004G252200,SORBI_3004G252200:0.000922038,NA,NA,NA,NA,NA,NA
630865at2759,2,Zm00001eb379070,Zm00001eb379070:0.00315029,NA,NA,NA,NA,HORVU.MOREX.r3.7HG0638850,HORVU.MOREX.r3.7HG0638850:0.000157624,NA,NA
630865at3193,2,Zm00001eb379070,Zm00001eb379070:0.00315029,NA,NA,NA,NA,HORVU.MOREX.r3.7HG0638850,HORVU.MOREX.r3.7HG0638850:0.000157624,NA,NA
630865at33090,2,Zm00001eb379070,Zm00001eb379070:0.00315029,NA,NA,NA,NA,HORVU.MOREX.r3.7HG0638850,HORVU.MOREX.r3.7HG0638850:0.000157624,NA,NA
631010at2759,2,Zm00001eb100780,Zm00001eb100780:3.75952e-07,NA,NA,NA,NA,NA,NA,AT4G19230,AT4G19230:5.67989e-06
631010at3193,2,Zm00001eb100780,Zm00001eb100780:3.75952e-07,NA,NA,NA,NA,NA,NA,AT4G19230,AT4G19230:5.67989e-06
631010at33090,2,Zm00001eb100780,Zm00001eb100780:3.75952e-07,NA,NA,NA,NA,NA,NA,AT4G19230,AT4G19230:5.67989e-06
631390at33090,2,Zm00001eb192230,Zm00001eb192230:0.000710108,NA,NA,NA,NA,NA,NA,AT2G33700,AT2G33700:0.000325335
631404at2759,2,Zm00001eb371800,Zm00001eb371800:0.000701907,NA,NA,NA,NA,HORVU.MOREX.r3.7HG0668320,HORVU.MOREX.r3.7HG0668320:9.22819e-05,NA,NA
631404at3193,2,Zm00001eb371800,Zm00001eb371800:0.000701907,NA,NA,NA,NA,HORVU.MOREX.r3.7HG0668320,HORVU.MOREX.r3.7HG0668320:9.22819e-05,NA,NA
631404at33090,2,Zm00001eb371800,Zm00001eb371800:0.000701907,NA,NA,NA,NA,HORVU.MOREX.r3.7HG0668320,HORVU.MOREX.r3.7HG0668320:9.22819e-05,NA,NA
631527at2759,2,Zm00001eb343000,Zm00001eb343000:0.00110727,NA,NA,NA,NA,HORVU.MOREX.r3.2HG0103170;HORVU.MOREX.r3.2HG0103190;HORVU.MOREX.r3.5HG0496870,HORVU.MOREX.r3.2HG0103170:0.000115698;HORVU.MOREX.r3.2HG0103190:0.000115698;HORVU.MOREX.r3.5HG0496870:0.000123004,NA,NA
631527at33090,2,Zm00001eb343000,Zm00001eb343000:0.00110727,NA,NA,NA,NA,HORVU.MOREX.r3.2HG0103170;HORVU.MOREX.r3.2HG0103190;HORVU.MOREX.r3.5HG0496870,HORVU.MOREX.r3.2HG0103170:0.000115698;HORVU.MOREX.r3.2HG0103190:0.000115698;HORVU.MOREX.r3.5HG0496870:0.000123004,NA,NA
632016at2759,2,Zm00001eb400550,Zm00001eb400550:0.00223162,NA,NA,NA,NA,HORVU.MOREX.r3.4HG0397970,HORVU.MOREX.r3.4HG0397970:3.03927e-08,NA,NA
632016at3193,2,Zm00001eb400550,Zm00001eb400550:0.00223162,NA,NA,NA,NA,HORVU.MOREX.r3.4HG0397970,HORVU.MOREX.r3.4HG0397970:3.03927e-08,NA,NA
632016at33090,2,Zm00001eb400550,Zm00001eb400550:0.00223162,NA,NA,NA,NA,HORVU.MOREX.r3.4HG0397970,HORVU.MOREX.r3.4HG0397970:3.03927e-08,NA,NA
632022at2759,2,Zm00001eb032780,Zm00001eb032780:0.00245109,NA,NA,NA,NA,HORVU.MOREX.r3.4HG0334360,HORVU.MOREX.r3.4HG0334360:0.000106888,NA,NA
632022at3193,2,Zm00001eb032780,Zm00001eb032780:0.00245109,NA,NA,NA,NA,HORVU.MOREX.r3.4HG0334360,HORVU.MOREX.r3.4HG0334360:0.000106888,NA,NA
632022at33090,2,Zm00001eb032780,Zm00001eb032780:0.00245109,NA,NA,NA,NA,HORVU.MOREX.r3.4HG0334360,HORVU.MOREX.r3.4HG0334360:0.000106888,NA,NA
632036at3193,2,Zm00001eb292620,Zm00001eb292620:0.000105303,NA,NA,NA,NA,NA,NA,AT3G01060,AT3G01060:0.000174354
632053at3193,2,NA,NA,NA,NA,LOC_Os07g01860,LOC_Os07g01860:0.000120292,NA,NA,AT1G19730;AT1G45145,AT1G19730:0.000236994;AT1G45145:0.000298006
632146at2759,2,Zm00001eb117130,Zm00001eb117130:0.00145838,NA,NA,NA,NA,NA,NA,AT5G58480,AT5G58480:9.12414e-06
632146at33090,2,Zm00001eb117130,Zm00001eb117130:0.00145838,NA,NA,NA,NA,NA,NA,AT5G58480,AT5G58480:9.12414e-06
632191at3193,2,Zm00001eb041050,Zm00001eb041050:0.00293164,SORBI_3004G252200,SORBI_3004G252200:0.000922038,NA,NA,NA,NA,NA,NA
632322at3193,2,NA,NA,SORBI_3004G217800,SORBI_3004G217800:0.00165424,NA,NA,NA,NA,AT3G24290;AT3G24300;AT4G13510,AT3G24290:0.000265496;AT3G24300:0.000265496;AT4G13510:5.33862e-05
63240at38820,2,Zm00001eb369070,Zm00001eb369070:0.00160071,NA,NA,NA,NA,HORVU.MOREX.r3.3HG0296620,HORVU.MOREX.r3.3HG0296620:2.05416e-07,NA,NA
63240at4447,2,Zm00001eb369070,Zm00001eb369070:0.00160071,NA,NA,NA,NA,HORVU.MOREX.r3.3HG0296620,HORVU.MOREX.r3.3HG0296620:2.05416e-07,NA,NA
632621at3193,2,NA,NA,SORBI_3003G374000,SORBI_3003G374000:8.36508e-05,NA,NA,NA,NA,AT4G06599,AT4G06599:0.000381917
632648at2759,2,Zm00001eb374270,Zm00001eb374270:0.00088344,NA,NA,NA,NA,NA,NA,AT1G73500;AT3G21220,AT1G73500:0.000194041;AT3G21220:5.89806e-06
632648at3193,2,Zm00001eb374270,Zm00001eb374270:0.00088344,NA,NA,NA,NA,NA,NA,AT1G73500;AT3G21220,AT1G73500:0.000194041;AT3G21220:5.89806e-06
632648at33090,2,Zm00001eb374270,Zm00001eb374270:0.00088344,NA,NA,NA,NA,NA,NA,AT1G73500;AT3G21220,AT1G73500:0.000194041;AT3G21220:5.89806e-06
633362at3193,2,NA,NA,SORBI_3001G136300,SORBI_3001G136300:0.000553523,NA,NA,HORVU.MOREX.r3.4HG0334480,HORVU.MOREX.r3.4HG0334480:0.000316557,NA,NA
633605at2759,2,NA,NA,SORBI_3002G222200,SORBI_3002G222200:0.00224492,NA,NA,HORVU.MOREX.r3.5HG0527530,HORVU.MOREX.r3.5HG0527530:1.16478e-05,NA,NA
633605at33090,2,NA,NA,SORBI_3002G222200,SORBI_3002G222200:0.00224492,NA,NA,HORVU.MOREX.r3.5HG0527530,HORVU.MOREX.r3.5HG0527530:1.16478e-05,NA,NA
633984at3193,2,NA,NA,SORBI_3003G431700,SORBI_3003G431700:2.39386e-06,NA,NA,HORVU.MOREX.r3.7HG0636640,HORVU.MOREX.r3.7HG0636640:2.35979e-05,NA,NA
63401at38820,2,Zm00001eb427200,Zm00001eb427200:0.00200672,NA,NA,NA,NA,HORVU.MOREX.r3.2HG0183820,HORVU.MOREX.r3.2HG0183820:2.14053e-06,NA,NA
63401at4447,2,Zm00001eb427200,Zm00001eb427200:0.00200672,NA,NA,NA,NA,HORVU.MOREX.r3.2HG0183820,HORVU.MOREX.r3.2HG0183820:2.14053e-06,NA,NA
634388at2759,2,Zm00001eb101640;Zm00001eb294580,Zm00001eb101640:0.00175347;Zm00001eb294580:0.00233402,NA,NA,LOC_Os05g05450,LOC_Os05g05450:0.000271261,NA,NA,NA,NA
634388at3193,2,Zm00001eb294580,Zm00001eb294580:0.00233402,NA,NA,LOC_Os05g05450,LOC_Os05g05450:0.000271261,NA,NA,NA,NA
634388at33090,2,Zm00001eb101640;Zm00001eb294580,Zm00001eb101640:0.00175347;Zm00001eb294580:0.00233402,NA,NA,LOC_Os05g05450,LOC_Os05g05450:0.000271261,NA,NA,NA,NA
634606at2759,2,NA,NA,SORBI_3004G252600,SORBI_3004G252600:0.000922038,NA,NA,NA,NA,AT1G13600,AT1G13600:9.21132e-06
634606at3193,2,NA,NA,SORBI_3004G252600,SORBI_3004G252600:0.000922038,NA,NA,NA,NA,AT1G13600,AT1G13600:9.21132e-06
634606at33090,2,NA,NA,SORBI_3004G252600,SORBI_3004G252600:0.000922038,NA,NA,NA,NA,AT1G13600,AT1G13600:9.21132e-06
634883at33090,2,Zm00001eb400330,Zm00001eb400330:0.00108276,NA,NA,NA,NA,HORVU.MOREX.r3.3HG0284290,HORVU.MOREX.r3.3HG0284290:0.000157418,NA,NA
635367at3193,2,NA,NA,NA,NA,NA,NA,HORVU.MOREX.r3.1HG0082770,HORVU.MOREX.r3.1HG0082770:0.00015713,AT4G23630,AT4G23630:3.2832e-06
635627at3193,2,Zm00001eb191650;Zm00001eb258520,Zm00001eb191650:0.000965105;Zm00001eb258520:0.00019597,NA,NA,NA,NA,HORVU.MOREX.r3.6HG0627940,HORVU.MOREX.r3.6HG0627940:4.33629e-09,NA,NA
635627at33090,2,Zm00001eb191650;Zm00001eb258520,Zm00001eb191650:0.000965105;Zm00001eb258520:0.00019597,NA,NA,NA,NA,HORVU.MOREX.r3.6HG0627940,HORVU.MOREX.r3.6HG0627940:4.33629e-09,NA,NA
635836at3193,2,Zm00001eb431360,Zm00001eb431360:0.00284656,NA,NA,NA,NA,HORVU.MOREX.r3.2HG0198180,HORVU.MOREX.r3.2HG0198180:2.95572e-05,NA,NA
635836at33090,2,Zm00001eb431360,Zm00001eb431360:0.00284656,NA,NA,NA,NA,HORVU.MOREX.r3.2HG0198180,HORVU.MOREX.r3.2HG0198180:2.95572e-05,NA,NA
637001at2759,2,Zm00001eb225410,Zm00001eb225410:0.00199344,SORBI_3010G234000,SORBI_3010G234000:0.00342904,NA,NA,NA,NA,NA,NA
637001at3193,2,Zm00001eb225410,Zm00001eb225410:0.00199344,SORBI_3010G234000,SORBI_3010G234000:0.00342904,NA,NA,NA,NA,NA,NA
637001at33090,2,Zm00001eb225410,Zm00001eb225410:0.00199344,SORBI_3010G234000,SORBI_3010G234000:0.00342904,NA,NA,NA,NA,NA,NA
637238at3193,2,Zm00001eb193580,Zm00001eb193580:0.00238707,SORBI_3002G224100,SORBI_3002G224100:7.08378e-05,NA,NA,NA,NA,NA,NA
637585at3193,2,Zm00001eb253160,Zm00001eb253160:0.000272947,NA,NA,NA,NA,NA,NA,AT5G57100,AT5G57100:0.000267041
637586at3193,2,Zm00001eb194740,Zm00001eb194740:0.00104456,NA,NA,NA,NA,NA,NA,AT5G40150,AT5G40150:4.06871e-05
637632at2759,2,Zm00001eb425100,Zm00001eb425100:0.000855321,NA,NA,NA,NA,HORVU.MOREX.r3.3HG0306270,HORVU.MOREX.r3.3HG0306270:0.000187665,NA,NA
637632at3193,2,Zm00001eb425100,Zm00001eb425100:0.000855321,NA,NA,NA,NA,HORVU.MOREX.r3.3HG0306270,HORVU.MOREX.r3.3HG0306270:0.000187665,NA,NA
637632at33090,2,Zm00001eb425100,Zm00001eb425100:0.000855321,NA,NA,NA,NA,HORVU.MOREX.r3.3HG0306270,HORVU.MOREX.r3.3HG0306270:0.000187665,NA,NA
637706at2759,2,Zm00001eb149740,Zm00001eb149740:2.8591e-05,SORBI_3003G335900,SORBI_3003G335900:0.00378126,NA,NA,NA,NA,NA,NA
637706at3193,2,Zm00001eb149740,Zm00001eb149740:2.8591e-05,SORBI_3003G335900,SORBI_3003G335900:0.00378126,NA,NA,NA,NA,NA,NA
637706at33090,2,Zm00001eb149740,Zm00001eb149740:2.8591e-05,SORBI_3003G335900,SORBI_3003G335900:0.00378126,NA,NA,NA,NA,NA,NA
638084at2759,2,Zm00001eb001830;Zm00001eb063370;Zm00001eb193090,Zm00001eb001830:0.00202016;Zm00001eb063370:6.09523e-05;Zm00001eb193090:1.42981e-06,NA,NA,NA,NA,NA,NA,AT3G42950;AT4G23500,AT3G42950:0.00025749;AT4G23500:0.000107284
638186at2759,2,Zm00001eb013950,Zm00001eb013950:0.00108056,NA,NA,NA,NA,NA,NA,AT4G02500,AT4G02500:0.000301516
638186at33090,2,Zm00001eb013950,Zm00001eb013950:0.00108056,NA,NA,NA,NA,NA,NA,AT4G02500,AT4G02500:0.000301516
638298at3193,2,Zm00001eb289860,Zm00001eb289860:0.00263665,NA,NA,NA,NA,NA,NA,AT2G37060,AT2G37060:0.000248066
638298at33090,2,Zm00001eb289860,Zm00001eb289860:0.00263665,NA,NA,NA,NA,NA,NA,AT2G37060,AT2G37060:0.000248066
639062at2759,2,Zm00001eb215350,Zm00001eb215350:0.000376481,SORBI_3002G043300,SORBI_3002G043300:0.00436136,NA,NA,NA,NA,NA,NA
639062at33090,2,Zm00001eb215350,Zm00001eb215350:0.000376481,SORBI_3002G043300,SORBI_3002G043300:0.00436136,NA,NA,NA,NA,NA,NA
639463at3193,2,Zm00001eb230870,Zm00001eb230870:0.000686749,NA,NA,NA,NA,NA,NA,AT4G17600,AT4G17600:0.000212129
639476at3193,2,NA,NA,NA,NA,LOC_Os06g02250,LOC_Os06g02250:8.23041e-06,NA,NA,AT1G56330,AT1G56330:1.62826e-08
63983at38820,2,NA,NA,SORBI_3001G211400,SORBI_3001G211400:0.00089745,NA,NA,HORVU.MOREX.r3.1HG0046700,HORVU.MOREX.r3.1HG0046700:2.27689e-05,NA,NA
63983at4447,2,NA,NA,SORBI_3001G211400,SORBI_3001G211400:0.00089745,NA,NA,HORVU.MOREX.r3.1HG0046700,HORVU.MOREX.r3.1HG0046700:2.27689e-05,NA,NA
640186at3193,2,NA,NA,NA,NA,NA,NA,HORVU.MOREX.r3.5HG0509720,HORVU.MOREX.r3.5HG0509720:3.9647e-05,AT5G64560,AT5G64560:0.000271607
640245at2759,2,Zm00001eb092810,Zm00001eb092810:0.000802889,NA,NA,NA,NA,NA,NA,AT5G35210,AT5G35210:0.00014609
640245at3193,2,Zm00001eb092810,Zm00001eb092810:0.000802889,NA,NA,NA,NA,NA,NA,AT5G35210,AT5G35210:0.00014609
640245at33090,2,Zm00001eb092810,Zm00001eb092810:0.000802889,NA,NA,NA,NA,NA,NA,AT5G35210,AT5G35210:0.00014609
640523at3193,2,Zm00001eb402260,Zm00001eb402260:0.00253203,NA,NA,NA,NA,NA,NA,AT2G02800,AT2G02800:3.79819e-05
64057at38820,2,Zm00001eb430920,Zm00001eb430920:0.00101822,SORBI_3006G215000,SORBI_3006G215000:0.0016607,NA,NA,NA,NA,NA,NA
64057at4447,2,Zm00001eb430920,Zm00001eb430920:0.00101822,SORBI_3006G215000,SORBI_3006G215000:0.0016607,NA,NA,NA,NA,NA,NA
640733at2759,2,NA,NA,SORBI_3001G071000,SORBI_3001G071000:0.0033504,NA,NA,HORVU.MOREX.r3.5HG0514340;HORVU.MOREX.r3.5HG0514350,HORVU.MOREX.r3.5HG0514340:2.87242e-07;HORVU.MOREX.r3.5HG0514350:2.87242e-07,NA,NA
640733at3193,2,NA,NA,SORBI_3001G071000,SORBI_3001G071000:0.0033504,NA,NA,HORVU.MOREX.r3.5HG0514340;HORVU.MOREX.r3.5HG0514350,HORVU.MOREX.r3.5HG0514340:2.87242e-07;HORVU.MOREX.r3.5HG0514350:2.87242e-07,NA,NA
640733at33090,2,NA,NA,SORBI_3001G071000,SORBI_3001G071000:0.0033504,NA,NA,HORVU.MOREX.r3.5HG0514340;HORVU.MOREX.r3.5HG0514350,HORVU.MOREX.r3.5HG0514340:2.87242e-07;HORVU.MOREX.r3.5HG0514350:2.87242e-07,NA,NA
641310at3193,2,Zm00001eb294600,Zm00001eb294600:0.000190924,NA,NA,NA,NA,NA,NA,AT1G76950,AT1G76950:6.44517e-16
641355at2759,2,Zm00001eb338010,Zm00001eb338010:0.000434819,NA,NA,NA,NA,NA,NA,AT1G53050,AT1G53050:0.00027216
641355at3193,2,Zm00001eb338010,Zm00001eb338010:0.000434819,NA,NA,NA,NA,NA,NA,AT1G53050,AT1G53050:0.00027216
641355at33090,2,Zm00001eb338010,Zm00001eb338010:0.000434819,NA,NA,NA,NA,NA,NA,AT1G53050,AT1G53050:0.00027216
641741at2759,2,Zm00001eb250070,Zm00001eb250070:1.02739e-05,NA,NA,NA,NA,NA,NA,AT3G14810,AT3G14810:0.000252287
641741at33090,2,Zm00001eb250070,Zm00001eb250070:1.02739e-05,NA,NA,NA,NA,NA,NA,AT3G14810,AT3G14810:0.000252287
641817at33090,2,Zm00001eb076650;Zm00001eb349040,Zm00001eb076650:0.000968088;Zm00001eb349040:0.00295819,NA,NA,NA,NA,NA,NA,AT1G71900,AT1G71900:0.000278544
641971at3193,2,Zm00001eb001270,Zm00001eb001270:0.00224653,SORBI_3009G081500,SORBI_3009G081500:0.000101486,NA,NA,NA,NA,NA,NA
642100at2759,2,Zm00001eb333980,Zm00001eb333980:4.21046e-05,NA,NA,NA,NA,NA,NA,AT2G43750,AT2G43750:0.00010531
642100at3193,2,Zm00001eb333980,Zm00001eb333980:4.21046e-05,NA,NA,NA,NA,NA,NA,AT2G43750,AT2G43750:0.00010531
642100at33090,2,Zm00001eb333980,Zm00001eb333980:4.21046e-05,NA,NA,NA,NA,NA,NA,AT2G43750,AT2G43750:0.00010531
642147at3193,2,Zm00001eb260620,Zm00001eb260620:0.000398879,NA,NA,NA,NA,NA,NA,AT1G71691,AT1G71691:9.25899e-05
642147at33090,2,Zm00001eb260620,Zm00001eb260620:0.000398879,NA,NA,NA,NA,NA,NA,AT1G71691,AT1G71691:9.25899e-05
642256at2759,2,NA,NA,SORBI_3010G010700,SORBI_3010G010700:0.00189963,NA,NA,NA,NA,AT5G16680,AT5G16680:0.000295931
642256at3193,2,NA,NA,SORBI_3010G010700,SORBI_3010G010700:0.00189963,NA,NA,NA,NA,AT5G16680,AT5G16680:0.000295931
642256at33090,2,NA,NA,SORBI_3010G010700,SORBI_3010G010700:0.00189963,NA,NA,NA,NA,AT5G16680,AT5G16680:0.000295931
642279at2759,2,Zm00001eb136450,Zm00001eb136450:0.00288225,NA,NA,NA,NA,NA,NA,AT5G42340,AT5G42340:0.000272788
642279at33090,2,Zm00001eb136450,Zm00001eb136450:0.00288225,NA,NA,NA,NA,NA,NA,AT5G42340,AT5G42340:0.000272788
642332at3193,2,NA,NA,NA,NA,NA,NA,HORVU.MOREX.r3.5HG0490180,HORVU.MOREX.r3.5HG0490180:8.92462e-07,AT5G56010,AT5G56010:2.02387e-07
642545at2759,2,NA,NA,SORBI_3010G030300,SORBI_3010G030300:0.00149968,NA,NA,NA,NA,AT5G51270,AT5G51270:1.85041e-08
642545at3193,2,NA,NA,SORBI_3010G030300,SORBI_3010G030300:0.00149968,NA,NA,NA,NA,AT5G51270,AT5G51270:1.85041e-08
642545at33090,2,NA,NA,SORBI_3010G030300,SORBI_3010G030300:0.00149968,NA,NA,NA,NA,AT5G51270,AT5G51270:1.85041e-08
642597at2759,2,Zm00001eb154170,Zm00001eb154170:0.000756128,NA,NA,NA,NA,NA,NA,AT1G29280,AT1G29280:0.000256034
642597at3193,2,Zm00001eb154170,Zm00001eb154170:0.000756128,NA,NA,NA,NA,NA,NA,AT1G29280,AT1G29280:0.000256034
642597at33090,2,Zm00001eb154170,Zm00001eb154170:0.000756128,NA,NA,NA,NA,NA,NA,AT1G29280,AT1G29280:0.000256034
64268at33090,2,Zm00001eb295950;Zm00001eb359780,Zm00001eb295950:0.00177822;Zm00001eb359780:0.0029422,NA,NA,NA,NA,NA,NA,AT3G14600,AT3G14600:3.76243e-05
643431at3193,2,NA,NA,SORBI_3004G252400,SORBI_3004G252400:0.000922038,NA,NA,NA,NA,AT1G13580,AT1G13580:1.26501e-07
643813at3193,2,Zm00001eb247890,Zm00001eb247890:0.0020949,NA,NA,NA,NA,NA,NA,AT2G39260,AT2G39260:9.00108e-05
643813at33090,2,Zm00001eb247890,Zm00001eb247890:0.0020949,NA,NA,NA,NA,NA,NA,AT2G39260,AT2G39260:9.00108e-05
643902at3193,2,Zm00001eb296000,Zm00001eb296000:0.000999181,NA,NA,NA,NA,HORVU.MOREX.r3.1HG0088680,HORVU.MOREX.r3.1HG0088680:0.000140822,NA,NA
643902at33090,2,Zm00001eb296000,Zm00001eb296000:0.000999181,NA,NA,NA,NA,HORVU.MOREX.r3.1HG0088680,HORVU.MOREX.r3.1HG0088680:0.000140822,NA,NA
644034at2759,2,Zm00001eb130200,Zm00001eb130200:3.50925e-05,NA,NA,NA,NA,NA,NA,AT4G16160,AT4G16160:8.18279e-05
644034at3193,2,Zm00001eb130200,Zm00001eb130200:3.50925e-05,NA,NA,NA,NA,NA,NA,AT4G16160,AT4G16160:8.18279e-05
644034at33090,2,Zm00001eb130200,Zm00001eb130200:3.50925e-05,NA,NA,NA,NA,NA,NA,AT4G16160,AT4G16160:8.18279e-05
644142at2759,2,Zm00001eb290720,Zm00001eb290720:3.37543e-05,NA,NA,NA,NA,NA,NA,AT1G68830,AT1G68830:5.81691e-06
644142at33090,2,Zm00001eb290720,Zm00001eb290720:3.37543e-05,NA,NA,NA,NA,NA,NA,AT1G68830,AT1G68830:5.81691e-06
644527at3193,2,Zm00001eb021390,Zm00001eb021390:0.000174828,NA,NA,NA,NA,NA,NA,AT5G52120,AT5G52120:1.14308e-07
644540at3193,2,Zm00001eb256890,Zm00001eb256890:0.00232593,NA,NA,NA,NA,NA,NA,AT5G20580,AT5G20580:1.2245e-08
645053at2759,2,Zm00001eb075580,Zm00001eb075580:0.00162842,NA,NA,NA,NA,NA,NA,AT5G38630,AT5G38630:0.000172442
645140at33090,2,NA,NA,SORBI_3001G206900,SORBI_3001G206900:0.00380886,NA,NA,NA,NA,AT1G15130,AT1G15130:1.48335e-06
64541at38820,2,Zm00001eb004550,Zm00001eb004550:0.000414834,NA,NA,NA,NA,HORVU.MOREX.r3.4HG0401980,HORVU.MOREX.r3.4HG0401980:0.000426321,NA,NA
64541at4447,2,Zm00001eb004550,Zm00001eb004550:0.000414834,NA,NA,NA,NA,HORVU.MOREX.r3.4HG0401980,HORVU.MOREX.r3.4HG0401980:0.000426321,NA,NA
645766at3193,2,Zm00001eb144760,Zm00001eb144760:0.00207183,NA,NA,NA,NA,NA,NA,AT5G39740,AT5G39740:0.000126653
645766at33090,2,Zm00001eb144760,Zm00001eb144760:0.00207183,NA,NA,NA,NA,NA,NA,AT5G39740,AT5G39740:0.000126653
646050at3193,2,Zm00001eb076650;Zm00001eb349040,Zm00001eb076650:0.000968088;Zm00001eb349040:0.00295819,NA,NA,NA,NA,NA,NA,AT1G71900,AT1G71900:0.000278544
646075at2759,2,NA,NA,NA,NA,NA,NA,HORVU.MOREX.r3.6HG0615840,HORVU.MOREX.r3.6HG0615840:2.40037e-05,AT1G70170,AT1G70170:0.000132179
646075at3193,2,NA,NA,NA,NA,NA,NA,HORVU.MOREX.r3.6HG0615840,HORVU.MOREX.r3.6HG0615840:2.40037e-05,AT1G70170,AT1G70170:0.000132179
646075at33090,2,NA,NA,NA,NA,NA,NA,HORVU.MOREX.r3.6HG0615840,HORVU.MOREX.r3.6HG0615840:2.40037e-05,AT1G70170,AT1G70170:0.000132179
646098at3193,2,Zm00001eb215750,Zm00001eb215750:0.000993521,NA,NA,NA,NA,NA,NA,AT5G64960,AT5G64960:0.000163346
646098at33090,2,Zm00001eb111000;Zm00001eb215750,Zm00001eb111000:0.000460079;Zm00001eb215750:0.000993521,NA,NA,NA,NA,NA,NA,AT5G64960,AT5G64960:0.000163346
646111at33090,2,Zm00001eb023910,Zm00001eb023910:0.000739952,NA,NA,NA,NA,NA,NA,AT2G44680;AT3G60250,AT2G44680:0.000144356;AT3G60250:3.99833e-06
646531at2759,2,Zm00001eb034870,Zm00001eb034870:0.00107295,NA,NA,NA,NA,NA,NA,AT3G20820,AT3G20820:0.000319259
646531at3193,2,Zm00001eb034870,Zm00001eb034870:0.00107295,NA,NA,NA,NA,NA,NA,AT3G20820,AT3G20820:0.000319259
646531at33090,2,Zm00001eb034870,Zm00001eb034870:0.00107295,NA,NA,NA,NA,NA,NA,AT3G20820,AT3G20820:0.000319259
646604at3193,2,NA,NA,NA,NA,NA,NA,HORVU.MOREX.r3.1HG0017310,HORVU.MOREX.r3.1HG0017310:3.53626e-05,AT2G38120,AT2G38120:0.000366235
646988at3193,2,Zm00001eb110070,Zm00001eb110070:0.00167801,NA,NA,NA,NA,NA,NA,AT1G14010,AT1G14010:0.000158057
647042at2759,2,NA,NA,SORBI_3004G011100,SORBI_3004G011100:0.00211111,NA,NA,NA,NA,AT4G25560,AT4G25560:0.000150636
647042at3193,2,NA,NA,SORBI_3004G011100,SORBI_3004G011100:0.00211111,NA,NA,NA,NA,AT4G25560,AT4G25560:0.000150636
647042at33090,2,NA,NA,SORBI_3004G011100,SORBI_3004G011100:0.00211111,NA,NA,NA,NA,AT4G25560,AT4G25560:0.000150636
647284at2759,2,Zm00001eb369340,Zm00001eb369340:0.000695903,NA,NA,NA,NA,NA,NA,AT5G06150,AT5G06150:0.00028663
647284at3193,2,Zm00001eb369340,Zm00001eb369340:0.000695903,NA,NA,NA,NA,NA,NA,AT5G06150,AT5G06150:0.00028663
647284at33090,2,Zm00001eb369340,Zm00001eb369340:0.000695903,NA,NA,NA,NA,NA,NA,AT5G06150,AT5G06150:0.00028663
647471at2759,2,Zm00001eb272750;Zm00001eb294870;Zm00001eb294880,Zm00001eb272750:0.00122443;Zm00001eb294870:0.00143411;Zm00001eb294880:0.00143411,NA,NA,NA,NA,NA,NA,AT5G38170,AT5G38170:0.000338578
647471at3193,2,Zm00001eb272750;Zm00001eb294870;Zm00001eb294880,Zm00001eb272750:0.00122443;Zm00001eb294870:0.00143411;Zm00001eb294880:0.00143411,NA,NA,NA,NA,NA,NA,AT5G38170,AT5G38170:0.000338578
647471at33090,2,Zm00001eb272750;Zm00001eb294870;Zm00001eb294880,Zm00001eb272750:0.00122443;Zm00001eb294870:0.00143411;Zm00001eb294880:0.00143411,NA,NA,NA,NA,NA,NA,AT5G38170,AT5G38170:0.000338578
647743at2759,2,Zm00001eb265830,Zm00001eb265830:0.0021708,NA,NA,NA,NA,NA,NA,AT5G13580,AT5G13580:1.48917e-05
647743at3193,2,Zm00001eb265830,Zm00001eb265830:0.0021708,NA,NA,NA,NA,NA,NA,AT5G13580,AT5G13580:1.48917e-05
647743at33090,2,Zm00001eb265830,Zm00001eb265830:0.0021708,NA,NA,NA,NA,NA,NA,AT5G13580,AT5G13580:1.48917e-05
647996at3193,2,Zm00001eb154130,Zm00001eb154130:0.000756128,NA,NA,LOC_Os01g07310,LOC_Os01g07310:0.000319788,NA,NA,NA,NA
647996at33090,2,Zm00001eb154130,Zm00001eb154130:0.000756128,NA,NA,LOC_Os01g07310,LOC_Os01g07310:0.000319788,NA,NA,NA,NA
648791at2759,2,Zm00001eb364850,Zm00001eb364850:0.00119991,NA,NA,NA,NA,NA,NA,AT3G23690,AT3G23690:6.80952e-05
648791at3193,2,Zm00001eb364850,Zm00001eb364850:0.00119991,NA,NA,NA,NA,NA,NA,AT3G23690,AT3G23690:6.80952e-05
648791at33090,2,Zm00001eb364850,Zm00001eb364850:0.00119991,NA,NA,NA,NA,NA,NA,AT3G23690,AT3G23690:6.80952e-05
648971at2759,2,Zm00001eb002250,Zm00001eb002250:0.00287333,NA,NA,NA,NA,NA,NA,AT2G33670,AT2G33670:7.31914e-06
648971at33090,2,Zm00001eb002250,Zm00001eb002250:0.00287333,NA,NA,NA,NA,NA,NA,AT2G33670,AT2G33670:7.31914e-06
649581at2759,2,Zm00001eb253230,Zm00001eb253230:0.00095006,NA,NA,NA,NA,HORVU.MOREX.r3.6HG0611060,HORVU.MOREX.r3.6HG0611060:1.26299e-05,NA,NA
649581at3193,2,Zm00001eb253230,Zm00001eb253230:0.00095006,NA,NA,NA,NA,HORVU.MOREX.r3.6HG0611060,HORVU.MOREX.r3.6HG0611060:1.26299e-05,NA,NA
649581at33090,2,Zm00001eb253230,Zm00001eb253230:0.00095006,NA,NA,NA,NA,HORVU.MOREX.r3.6HG0611060,HORVU.MOREX.r3.6HG0611060:1.26299e-05,NA,NA
649750at2759,2,NA,NA,NA,NA,NA,NA,HORVU.MOREX.r3.6HG0633800,HORVU.MOREX.r3.6HG0633800:7.40418e-05,AT4G09060,AT4G09060:5.4094e-05
649750at3193,2,NA,NA,NA,NA,NA,NA,HORVU.MOREX.r3.6HG0633800,HORVU.MOREX.r3.6HG0633800:7.40418e-05,AT4G09060,AT4G09060:5.4094e-05
649750at33090,2,NA,NA,NA,NA,NA,NA,HORVU.MOREX.r3.6HG0633800,HORVU.MOREX.r3.6HG0633800:7.40418e-05,AT4G09060,AT4G09060:5.4094e-05
650263at3193,2,Zm00001eb219490,Zm00001eb219490:0.000790722,NA,NA,NA,NA,NA,NA,AT1G26910;AT1G66580,AT1G26910:2.04378e-07;AT1G66580:0.000194161
650313at3193,2,NA,NA,SORBI_3010G004300,SORBI_3010G004300:0.00371859,NA,NA,NA,NA,AT3G09600,AT3G09600:0.000322995
650313at33090,2,NA,NA,SORBI_3010G004300,SORBI_3010G004300:0.00371859,NA,NA,NA,NA,AT3G09600,AT3G09600:0.000322995
650581at3193,2,Zm00001eb040700,Zm00001eb040700:0.00154931,NA,NA,NA,NA,HORVU.MOREX.r3.5HG0481310,HORVU.MOREX.r3.5HG0481310:0.000323166,NA,NA
650883at3193,2,Zm00001eb423560,Zm00001eb423560:0.00158991,NA,NA,NA,NA,NA,NA,AT1G57620,AT1G57620:4.96276e-05
650895at3193,2,Zm00001eb331410,Zm00001eb331410:1.12821e-06,NA,NA,NA,NA,NA,NA,AT1G47380;AT1G68410,AT1G47380:5.6173e-05;AT1G68410:1.05872e-07
65096at38820,2,Zm00001eb326840,Zm00001eb326840:3.50559e-05,NA,NA,NA,NA,HORVU.MOREX.r3.4HG0417300,HORVU.MOREX.r3.4HG0417300:0.000397978,NA,NA
65096at4447,2,Zm00001eb326840,Zm00001eb326840:3.50559e-05,NA,NA,NA,NA,HORVU.MOREX.r3.4HG0417300,HORVU.MOREX.r3.4HG0417300:0.000397978,NA,NA
651258at3193,2,Zm00001eb068640;Zm00001eb244120,Zm00001eb068640:0.000481384;Zm00001eb244120:0.00063505,SORBI_3003G374400,SORBI_3003G374400:8.36508e-05,NA,NA,NA,NA,NA,NA
652460at3193,2,NA,NA,SORBI_3002G280200,SORBI_3002G280200:0.000414082,NA,NA,HORVU.MOREX.r3.7HG0636660,HORVU.MOREX.r3.7HG0636660:2.35979e-05,NA,NA
652742at3193,2,NA,NA,NA,NA,NA,NA,HORVU.MOREX.r3.2HG0168730,HORVU.MOREX.r3.2HG0168730:5.93378e-05,AT3G50500,AT3G50500:0.000374678
652811at3193,2,Zm00001eb076800,Zm00001eb076800:0.000858878,NA,NA,NA,NA,NA,NA,AT5G23220,AT5G23220:0.000164464
653715at3193,2,Zm00001eb072870;Zm00001eb250940,Zm00001eb072870:0.000252369;Zm00001eb250940:0.000386246,SORBI_3004G279300,SORBI_3004G279300:0.0018205,NA,NA,NA,NA,NA,NA
653776at3193,2,Zm00001eb291900,Zm00001eb291900:0.00220451,NA,NA,NA,NA,NA,NA,AT3G20680,AT3G20680:2.38182e-06
653988at3193,2,NA,NA,SORBI_3003G428000,SORBI_3003G428000:0.000900258,NA,NA,HORVU.MOREX.r3.3HG0320710,HORVU.MOREX.r3.3HG0320710:0.000203866,NA,NA
653988at33090,2,NA,NA,SORBI_3003G428000,SORBI_3003G428000:0.000900258,NA,NA,HORVU.MOREX.r3.3HG0320710,HORVU.MOREX.r3.3HG0320710:0.000203866,NA,NA
654073at3193,2,Zm00001eb002250,Zm00001eb002250:0.00287333,NA,NA,NA,NA,NA,NA,AT2G33670,AT2G33670:7.31914e-06
654194at2759,2,Zm00001eb433940,Zm00001eb433940:1.18484e-05,NA,NA,NA,NA,NA,NA,AT5G35520,AT5G35520:9.78721e-06
654194at3193,2,Zm00001eb433940,Zm00001eb433940:1.18484e-05,NA,NA,NA,NA,NA,NA,AT5G35520,AT5G35520:9.78721e-06
654194at33090,2,Zm00001eb433940,Zm00001eb433940:1.18484e-05,NA,NA,NA,NA,NA,NA,AT5G35520,AT5G35520:9.78721e-06
65427at38820,2,Zm00001eb154130,Zm00001eb154130:0.000756128,NA,NA,LOC_Os01g07310,LOC_Os01g07310:0.000319788,NA,NA,NA,NA
65427at4447,2,Zm00001eb154130,Zm00001eb154130:0.000756128,NA,NA,LOC_Os01g07310,LOC_Os01g07310:0.000319788,NA,NA,NA,NA
654309at2759,2,Zm00001eb405770,Zm00001eb405770:3.60063e-06,NA,NA,NA,NA,HORVU.MOREX.r3.5HG0537840,HORVU.MOREX.r3.5HG0537840:1.87177e-06,NA,NA
654309at3193,2,Zm00001eb405770,Zm00001eb405770:3.60063e-06,NA,NA,NA,NA,HORVU.MOREX.r3.5HG0537840,HORVU.MOREX.r3.5HG0537840:1.87177e-06,NA,NA
654309at33090,2,Zm00001eb405770,Zm00001eb405770:3.60063e-06,NA,NA,NA,NA,HORVU.MOREX.r3.5HG0537840,HORVU.MOREX.r3.5HG0537840:1.87177e-06,NA,NA
654385at2759,2,Zm00001eb074930,Zm00001eb074930:0.00012056,NA,NA,NA,NA,NA,NA,AT5G47220,AT5G47220:0.000339262
654385at3193,2,Zm00001eb074930,Zm00001eb074930:0.00012056,NA,NA,NA,NA,NA,NA,AT5G47220,AT5G47220:0.000339262
654385at33090,2,Zm00001eb074930,Zm00001eb074930:0.00012056,NA,NA,NA,NA,NA,NA,AT5G47220,AT5G47220:0.000339262
654468at3193,2,Zm00001eb057410,Zm00001eb057410:0.000898657,NA,NA,NA,NA,NA,NA,AT4G16420,AT4G16420:0.000314994
654673at2759,2,Zm00001eb320440,Zm00001eb320440:0.00232519,NA,NA,NA,NA,NA,NA,AT5G57520,AT5G57520:0.000346131
654673at3193,2,Zm00001eb320440,Zm00001eb320440:0.00232519,NA,NA,NA,NA,NA,NA,AT5G57520,AT5G57520:0.000346131
654673at33090,2,Zm00001eb320440,Zm00001eb320440:0.00232519,NA,NA,NA,NA,NA,NA,AT5G57520,AT5G57520:0.000346131
654837at2759,2,NA,NA,NA,NA,NA,NA,HORVU.MOREX.r3.7HG0732460,HORVU.MOREX.r3.7HG0732460:1.58348e-05,AT2G37870;AT5G05960,AT2G37870:5.41244e-05;AT5G05960:0.000349257
654837at3193,2,NA,NA,NA,NA,NA,NA,HORVU.MOREX.r3.7HG0732460,HORVU.MOREX.r3.7HG0732460:1.58348e-05,AT2G37870;AT5G05960,AT2G37870:5.41244e-05;AT5G05960:0.000349257
654837at33090,2,NA,NA,NA,NA,NA,NA,HORVU.MOREX.r3.7HG0732460,HORVU.MOREX.r3.7HG0732460:1.58348e-05,AT2G37870;AT5G05960,AT2G37870:5.41244e-05;AT5G05960:0.000349257
655175at33090,2,Zm00001eb249020;Zm00001eb426920;Zm00001eb426930;Zm00001eb426940,Zm00001eb249020:6.09255e-05;Zm00001eb426920:8.81586e-05;Zm00001eb426930:8.81586e-05;Zm00001eb426940:8.81586e-05,NA,NA,NA,NA,NA,NA,AT1G65730,AT1G65730:0.000315007
655258at3193,2,NA,NA,NA,NA,LOC_Os05g01060,LOC_Os05g01060:0.000356876,NA,NA,AT4G06634,AT4G06634:0.000222102
655258at33090,2,NA,NA,NA,NA,LOC_Os05g01060,LOC_Os05g01060:0.000356876,NA,NA,AT4G06634,AT4G06634:0.000222102
65535at38820,2,Zm00001eb323440,Zm00001eb323440:0.00152055,SORBI_3002G329300,SORBI_3002G329300:0.000434848,NA,NA,NA,NA,NA,NA
65535at4447,2,Zm00001eb323440,Zm00001eb323440:0.00152055,SORBI_3002G329300,SORBI_3002G329300:0.000434848,NA,NA,NA,NA,NA,NA
655900at2759,2,Zm00001eb246550,Zm00001eb246550:0.00210184,SORBI_3004G207700,SORBI_3004G207700:0.00417239,NA,NA,NA,NA,NA,NA
655900at3193,2,Zm00001eb246550,Zm00001eb246550:0.00210184,SORBI_3004G207700,SORBI_3004G207700:0.00417239,NA,NA,NA,NA,NA,NA
655900at33090,2,Zm00001eb246550,Zm00001eb246550:0.00210184,SORBI_3004G207700,SORBI_3004G207700:0.00417239,NA,NA,NA,NA,NA,NA
656798at2759,2,Zm00001eb211200,Zm00001eb211200:0.00139128,NA,NA,NA,NA,NA,NA,AT1G73210,AT1G73210:3.00357e-05
656798at33090,2,Zm00001eb211200,Zm00001eb211200:0.00139128,NA,NA,NA,NA,NA,NA,AT1G73210,AT1G73210:3.00357e-05
656944at3193,2,Zm00001eb070260,Zm00001eb070260:0.000686561,NA,NA,NA,NA,NA,NA,AT2G43640,AT2G43640:0.000118682
657263at2759,2,Zm00001eb336130,Zm00001eb336130:0.00267076,NA,NA,NA,NA,NA,NA,AT3G11200,AT3G11200:1.23194e-06
657263at3193,2,Zm00001eb336130,Zm00001eb336130:0.00267076,NA,NA,NA,NA,NA,NA,AT3G11200,AT3G11200:1.23194e-06
657263at33090,2,Zm00001eb336130,Zm00001eb336130:0.00267076,NA,NA,NA,NA,NA,NA,AT3G11200,AT3G11200:1.23194e-06
657281at2759,2,Zm00001eb331360,Zm00001eb331360:1.12821e-06,NA,NA,NA,NA,NA,NA,AT1G69510,AT1G69510:5.9655e-06
657281at3193,2,Zm00001eb331360,Zm00001eb331360:1.12821e-06,NA,NA,NA,NA,NA,NA,AT1G69510,AT1G69510:5.9655e-06
657281at33090,2,Zm00001eb331360,Zm00001eb331360:1.12821e-06,NA,NA,NA,NA,NA,NA,AT1G69510,AT1G69510:5.9655e-06
657394at2759,2,Zm00001eb331390,Zm00001eb331390:1.12821e-06,NA,NA,NA,NA,NA,NA,AT2G47440,AT2G47440:0.000235171
657394at3193,2,Zm00001eb331390,Zm00001eb331390:1.12821e-06,NA,NA,NA,NA,NA,NA,AT2G47440,AT2G47440:0.000235171
657394at33090,2,Zm00001eb331390,Zm00001eb331390:1.12821e-06,NA,NA,NA,NA,NA,NA,AT2G47440,AT2G47440:0.000235171
657873at2759,2,Zm00001eb213260,Zm00001eb213260:0.00313742,NA,NA,NA,NA,NA,NA,AT3G52370,AT3G52370:0.000177938
657873at3193,2,Zm00001eb213260,Zm00001eb213260:0.00313742,NA,NA,NA,NA,NA,NA,AT3G52370,AT3G52370:0.000177938
657873at33090,2,Zm00001eb213260,Zm00001eb213260:0.00313742,NA,NA,NA,NA,NA,NA,AT3G52370,AT3G52370:0.000177938
658049at3193,2,NA,NA,SORBI_3001G206900,SORBI_3001G206900:0.00380886,NA,NA,NA,NA,AT1G15130,AT1G15130:1.48335e-06
658411at2759,2,NA,NA,NA,NA,NA,NA,HORVU.MOREX.r3.7HG0732420,HORVU.MOREX.r3.7HG0732420:8.18186e-07,AT1G76750,AT1G76750:3.99346e-05
658411at3193,2,NA,NA,NA,NA,NA,NA,HORVU.MOREX.r3.7HG0732420,HORVU.MOREX.r3.7HG0732420:8.18186e-07,AT1G76750,AT1G76750:3.99346e-05
658411at33090,2,NA,NA,NA,NA,NA,NA,HORVU.MOREX.r3.7HG0732420,HORVU.MOREX.r3.7HG0732420:8.18186e-07,AT1G76750,AT1G76750:3.99346e-05
658467at2759,2,Zm00001eb275680,Zm00001eb275680:0.00223435,NA,NA,NA,NA,HORVU.MOREX.r3.7HG0723730,HORVU.MOREX.r3.7HG0723730:0.00017129,NA,NA
658467at3193,2,Zm00001eb275680,Zm00001eb275680:0.00223435,NA,NA,NA,NA,HORVU.MOREX.r3.7HG0723730,HORVU.MOREX.r3.7HG0723730:0.00017129,NA,NA
658467at33090,2,Zm00001eb275680,Zm00001eb275680:0.00223435,NA,NA,NA,NA,HORVU.MOREX.r3.7HG0723730,HORVU.MOREX.r3.7HG0723730:0.00017129,NA,NA
658519at2759,2,Zm00001eb208830,Zm00001eb208830:0.00205427,SORBI_3008G083200,SORBI_3008G083200:0.00144621,NA,NA,NA,NA,NA,NA
658519at3193,2,Zm00001eb208830,Zm00001eb208830:0.00205427,SORBI_3008G083200,SORBI_3008G083200:0.00144621,NA,NA,NA,NA,NA,NA
658519at33090,2,Zm00001eb208830,Zm00001eb208830:0.00205427,SORBI_3008G083200,SORBI_3008G083200:0.00144621,NA,NA,NA,NA,NA,NA
658587at2759,2,NA,NA,NA,NA,NA,NA,HORVU.MOREX.r3.3HG0309130,HORVU.MOREX.r3.3HG0309130:2.11663e-06,AT3G07460;AT3G07470,AT3G07460:7.66541e-05;AT3G07470:1.13764e-07
658587at3193,2,NA,NA,NA,NA,NA,NA,HORVU.MOREX.r3.3HG0309130,HORVU.MOREX.r3.3HG0309130:2.11663e-06,AT3G07460;AT3G07470,AT3G07460:7.66541e-05;AT3G07470:1.13764e-07
658587at33090,2,NA,NA,NA,NA,NA,NA,HORVU.MOREX.r3.3HG0309130,HORVU.MOREX.r3.3HG0309130:2.11663e-06,AT3G07460;AT3G07470,AT3G07460:7.66541e-05;AT3G07470:1.13764e-07
659109at2759,2,Zm00001eb401240,Zm00001eb401240:0.0020595,NA,NA,LOC_Os10g03700,LOC_Os10g03700:0.000105866,NA,NA,NA,NA
659109at3193,2,Zm00001eb401240,Zm00001eb401240:0.0020595,NA,NA,LOC_Os10g03700,LOC_Os10g03700:0.000105866,NA,NA,NA,NA
659109at33090,2,Zm00001eb401240,Zm00001eb401240:0.0020595,NA,NA,LOC_Os10g03700,LOC_Os10g03700:0.000105866,NA,NA,NA,NA
659352at2759,2,Zm00001eb249590;Zm00001eb249600,Zm00001eb249590:0.000222523;Zm00001eb249600:0.000222523,SORBI_3006G171100;SORBI_3006G171200;SORBI_3006G171300,SORBI_3006G171100:0.000252628;SORBI_3006G171200:0.000252628;SORBI_3006G171300:0.000252628,NA,NA,NA,NA,NA,NA
659352at3193,2,Zm00001eb249590;Zm00001eb249600,Zm00001eb249590:0.000222523;Zm00001eb249600:0.000222523,SORBI_3006G171100;SORBI_3006G171200;SORBI_3006G171300,SORBI_3006G171100:0.000252628;SORBI_3006G171200:0.000252628;SORBI_3006G171300:0.000252628,NA,NA,NA,NA,NA,NA
659352at33090,2,Zm00001eb249590;Zm00001eb249600,Zm00001eb249590:0.000222523;Zm00001eb249600:0.000222523,SORBI_3006G171100;SORBI_3006G171200;SORBI_3006G171300,SORBI_3006G171100:0.000252628;SORBI_3006G171200:0.000252628;SORBI_3006G171300:0.000252628,NA,NA,NA,NA,NA,NA
659686at3193,2,Zm00001eb102030,Zm00001eb102030:0.000843262,NA,NA,NA,NA,NA,NA,AT1G76490,AT1G76490:1.51276e-05
659686at33090,2,Zm00001eb102030,Zm00001eb102030:0.000843262,NA,NA,NA,NA,NA,NA,AT1G76490,AT1G76490:1.51276e-05
659715at2759,2,Zm00001eb135130,Zm00001eb135130:0.00310617,NA,NA,LOC_Os01g07020,LOC_Os01g07020:1.68133e-05,NA,NA,NA,NA
659715at3193,2,Zm00001eb135130,Zm00001eb135130:0.00310617,NA,NA,LOC_Os01g07020,LOC_Os01g07020:1.68133e-05,NA,NA,NA,NA
659715at33090,2,Zm00001eb135130,Zm00001eb135130:0.00310617,NA,NA,LOC_Os01g07020,LOC_Os01g07020:1.68133e-05,NA,NA,NA,NA
660145at2759,2,Zm00001eb145860,Zm00001eb145860:0.00308591,SORBI_3003G376200,SORBI_3003G376200:0.000684675,NA,NA,NA,NA,NA,NA
660145at3193,2,Zm00001eb145860,Zm00001eb145860:0.00308591,SORBI_3003G376200,SORBI_3003G376200:0.000684675,NA,NA,NA,NA,NA,NA
660145at33090,2,Zm00001eb145860,Zm00001eb145860:0.00308591,SORBI_3003G376200,SORBI_3003G376200:0.000684675,NA,NA,NA,NA,NA,NA
660630at33090,2,NA,NA,SORBI_3004G217800,SORBI_3004G217800:0.00165424,NA,NA,NA,NA,AT3G24290;AT3G24300;AT4G13510,AT3G24290:0.000265496;AT3G24300:0.000265496;AT4G13510:5.33862e-05
661053at3193,2,Zm00001eb154350,Zm00001eb154350:0.000744756,NA,NA,NA,NA,NA,NA,AT1G29640,AT1G29640:0.000246324
661139at2759,2,Zm00001eb394240,Zm00001eb394240:0.00203288,SORBI_3001G361000,SORBI_3001G361000:0.00231401,NA,NA,NA,NA,NA,NA
661139at3193,2,Zm00001eb394240,Zm00001eb394240:0.00203288,SORBI_3001G361000,SORBI_3001G361000:0.00231401,NA,NA,NA,NA,NA,NA
661139at33090,2,Zm00001eb394240,Zm00001eb394240:0.00203288,SORBI_3001G361000,SORBI_3001G361000:0.00231401,NA,NA,NA,NA,NA,NA
661416at2759,2,NA,NA,NA,NA,NA,NA,HORVU.MOREX.r3.2HG0159040,HORVU.MOREX.r3.2HG0159040:0.000141954,AT4G29930,AT4G29930:2.29304e-05
661416at3193,2,NA,NA,NA,NA,NA,NA,HORVU.MOREX.r3.2HG0159040,HORVU.MOREX.r3.2HG0159040:0.000141954,AT4G29930,AT4G29930:2.29304e-05
661416at33090,2,NA,NA,NA,NA,NA,NA,HORVU.MOREX.r3.2HG0159040,HORVU.MOREX.r3.2HG0159040:0.000141954,AT4G29930,AT4G29930:2.29304e-05
661594at3193,2,Zm00001eb335710,Zm00001eb335710:0.00229357,NA,NA,NA,NA,HORVU.MOREX.r3.4HG0338080,HORVU.MOREX.r3.4HG0338080:0.000455667,NA,NA
661779at33090,2,NA,NA,NA,NA,NA,NA,HORVU.MOREX.r3.2HG0183850,HORVU.MOREX.r3.2HG0183850:2.14053e-06,AT1G03680,AT1G03680:5.83214e-05
661942at2759,2,Zm00001eb336020,Zm00001eb336020:0.000412847,SORBI_3003G068200,SORBI_3003G068200:0.00406461,NA,NA,NA,NA,NA,NA
661942at3193,2,Zm00001eb336020,Zm00001eb336020:0.000412847,SORBI_3003G068200,SORBI_3003G068200:0.00406461,NA,NA,NA,NA,NA,NA
661942at33090,2,Zm00001eb336020,Zm00001eb336020:0.000412847,SORBI_3003G068200,SORBI_3003G068200:0.00406461,NA,NA,NA,NA,NA,NA
662372at2759,2,Zm00001eb213150,Zm00001eb213150:0.00290622,NA,NA,NA,NA,NA,NA,AT5G35220,AT5G35220:0.000341758
662372at3193,2,Zm00001eb213150,Zm00001eb213150:0.00290622,NA,NA,NA,NA,NA,NA,AT5G35220,AT5G35220:0.000341758
662372at33090,2,Zm00001eb213150,Zm00001eb213150:0.00290622,NA,NA,NA,NA,NA,NA,AT5G35220,AT5G35220:0.000341758
662628at2759,2,Zm00001eb275040,Zm00001eb275040:0.000272214,NA,NA,NA,NA,NA,NA,AT5G57970,AT5G57970:7.89927e-05
662628at3193,2,Zm00001eb275040,Zm00001eb275040:0.000272214,NA,NA,NA,NA,NA,NA,AT5G57970,AT5G57970:7.89927e-05
662628at33090,2,Zm00001eb275040,Zm00001eb275040:0.000272214,NA,NA,NA,NA,NA,NA,AT5G57970,AT5G57970:7.89927e-05
662695at2759,2,Zm00001eb080700,Zm00001eb080700:0.000161833,NA,NA,NA,NA,NA,NA,AT5G39610,AT5G39610:0.000144006
662695at3193,2,Zm00001eb080700,Zm00001eb080700:0.000161833,NA,NA,NA,NA,NA,NA,AT5G39610,AT5G39610:0.000144006
662695at33090,2,Zm00001eb080700,Zm00001eb080700:0.000161833,NA,NA,NA,NA,NA,NA,AT5G39610,AT5G39610:0.000144006
662758at2759,2,Zm00001eb035320;Zm00001eb101980,Zm00001eb035320:0.000636286;Zm00001eb101980:0.000568838,NA,NA,NA,NA,NA,NA,AT2G33620,AT2G33620:0.000279331
662758at3193,2,Zm00001eb035320;Zm00001eb101980,Zm00001eb035320:0.000636286;Zm00001eb101980:0.000568838,NA,NA,NA,NA,NA,NA,AT2G33620,AT2G33620:0.000279331
662758at33090,2,Zm00001eb035320;Zm00001eb101980,Zm00001eb035320:0.000636286;Zm00001eb101980:0.000568838,NA,NA,NA,NA,NA,NA,AT2G33620,AT2G33620:0.000279331
662901at3193,2,NA,NA,NA,NA,NA,NA,HORVU.MOREX.r3.1HG0082530,HORVU.MOREX.r3.1HG0082530:0.000214753,AT1G64060,AT1G64060:8.85811e-05
663276at3193,2,Zm00001eb211050,Zm00001eb211050:0.00222541,NA,NA,NA,NA,NA,NA,AT1G71870,AT1G71870:0.000269664
663363at3193,2,Zm00001eb301430,Zm00001eb301430:0.000369779,NA,NA,NA,NA,HORVU.MOREX.r3.1HG0088870,HORVU.MOREX.r3.1HG0088870:0.000207334,NA,NA
663580at2759,2,Zm00001eb072020;Zm00001eb430130,Zm00001eb072020:0.00217507;Zm00001eb430130:0.000276915,NA,NA,NA,NA,NA,NA,AT1G30650;AT2G34830,AT1G30650:1.85091e-05;AT2G34830:0.000349281
663580at3193,2,Zm00001eb072020;Zm00001eb430130,Zm00001eb072020:0.00217507;Zm00001eb430130:0.000276915,NA,NA,NA,NA,NA,NA,AT1G30650;AT2G34830,AT1G30650:1.85091e-05;AT2G34830:0.000349281
663580at33090,2,Zm00001eb072020;Zm00001eb430130,Zm00001eb072020:0.00217507;Zm00001eb430130:0.000276915,NA,NA,NA,NA,NA,NA,AT1G30650;AT2G34830,AT1G30650:1.85091e-05;AT2G34830:0.000349281
663841at2759,2,Zm00001eb377440,Zm00001eb377440:0.00124504,SORBI_3010G030600,SORBI_3010G030600:0.00149968,NA,NA,NA,NA,NA,NA
663841at3193,2,Zm00001eb377440,Zm00001eb377440:0.00124504,SORBI_3010G030600,SORBI_3010G030600:0.00149968,NA,NA,NA,NA,NA,NA
663841at33090,2,Zm00001eb377440,Zm00001eb377440:0.00124504,SORBI_3010G030600,SORBI_3010G030600:0.00149968,NA,NA,NA,NA,NA,NA
663970at3193,2,Zm00001eb110240,Zm00001eb110240:0.0030538,NA,NA,NA,NA,NA,NA,AT1G26800,AT1G26800:2.36353e-06
663970at33090,2,Zm00001eb110240,Zm00001eb110240:0.0030538,NA,NA,NA,NA,NA,NA,AT1G26800,AT1G26800:2.36353e-06
664080at3193,2,Zm00001eb368390,Zm00001eb368390:0.0011419,NA,NA,NA,NA,HORVU.MOREX.r3.2HG0211900,HORVU.MOREX.r3.2HG0211900:0.000349413,NA,NA
665013at2759,2,Zm00001eb416250,Zm00001eb416250:0.00277236,SORBI_3007G041000,SORBI_3007G041000:0.000184461,NA,NA,NA,NA,NA,NA
665013at3193,2,Zm00001eb416250,Zm00001eb416250:0.00277236,SORBI_3007G041000,SORBI_3007G041000:0.000184461,NA,NA,NA,NA,NA,NA
665013at33090,2,Zm00001eb416250,Zm00001eb416250:0.00277236,SORBI_3007G041000,SORBI_3007G041000:0.000184461,NA,NA,NA,NA,NA,NA
665330at2759,2,Zm00001eb156040,Zm00001eb156040:0.00242758,NA,NA,NA,NA,NA,NA,AT1G68840,AT1G68840:3.25178e-05
665330at3193,2,Zm00001eb156040,Zm00001eb156040:0.00242758,NA,NA,NA,NA,NA,NA,AT1G68840,AT1G68840:3.25178e-05
665330at33090,2,Zm00001eb156040,Zm00001eb156040:0.00242758,NA,NA,NA,NA,NA,NA,AT1G68840,AT1G68840:3.25178e-05
665920at2759,2,Zm00001eb067150,Zm00001eb067150:0.000701435,NA,NA,NA,NA,NA,NA,AT2G42130,AT2G42130:1.66933e-06
665920at3193,2,Zm00001eb067150,Zm00001eb067150:0.000701435,NA,NA,NA,NA,NA,NA,AT2G42130,AT2G42130:1.66933e-06
665920at33090,2,Zm00001eb067150,Zm00001eb067150:0.000701435,NA,NA,NA,NA,NA,NA,AT2G42130,AT2G42130:1.66933e-06
665945at3193,2,Zm00001eb213310;Zm00001eb249430,Zm00001eb213310:0.00313742;Zm00001eb249430:0.00133748,NA,NA,NA,NA,HORVU.MOREX.r3.6HG0603550,HORVU.MOREX.r3.6HG0603550:9.53583e-05,NA,NA
666712at2759,2,Zm00001eb055260,Zm00001eb055260:0.00123954,NA,NA,LOC_Os08g03850,LOC_Os08g03850:0.000291968,NA,NA,NA,NA
666712at3193,2,Zm00001eb055260,Zm00001eb055260:0.00123954,NA,NA,LOC_Os08g03850,LOC_Os08g03850:0.000291968,NA,NA,NA,NA
666712at33090,2,Zm00001eb055260,Zm00001eb055260:0.00123954,NA,NA,LOC_Os08g03850,LOC_Os08g03850:0.000291968,NA,NA,NA,NA
666922at3193,2,NA,NA,NA,NA,NA,NA,HORVU.MOREX.r3.6HG0592120,HORVU.MOREX.r3.6HG0592120:0.00013953,AT3G27260,AT3G27260:1.62837e-07
666922at33090,2,NA,NA,NA,NA,NA,NA,HORVU.MOREX.r3.6HG0592120,HORVU.MOREX.r3.6HG0592120:0.00013953,AT3G27260,AT3G27260:1.62837e-07
666932at2759,2,Zm00001eb375580,Zm00001eb375580:0.00267825,NA,NA,NA,NA,NA,NA,AT4G06746,AT4G06746:0.000164727
666932at3193,2,Zm00001eb375580,Zm00001eb375580:0.00267825,NA,NA,NA,NA,NA,NA,AT4G06746,AT4G06746:0.000164727
666932at33090,2,Zm00001eb375580,Zm00001eb375580:0.00267825,NA,NA,NA,NA,NA,NA,AT4G06746,AT4G06746:0.000164727
667955at33090,2,Zm00001eb075580,Zm00001eb075580:0.00162842,NA,NA,NA,NA,NA,NA,AT5G38630,AT5G38630:0.000172442
667997at3193,2,Zm00001eb424650,Zm00001eb424650:0.0018461,SORBI_3006G115100,SORBI_3006G115100:0.00376586,NA,NA,NA,NA,NA,NA
668486at2759,2,NA,NA,SORBI_3001G206400,SORBI_3001G206400:0.00380886,NA,NA,NA,NA,AT1G13380;AT1G68220,AT1G13380:9.6318e-10;AT1G68220:0.000306188
668486at3193,2,NA,NA,SORBI_3001G206400,SORBI_3001G206400:0.00380886,NA,NA,NA,NA,AT1G13380;AT1G68220,AT1G13380:9.6318e-10;AT1G68220:0.000306188
668486at33090,2,NA,NA,SORBI_3001G206400,SORBI_3001G206400:0.00380886,NA,NA,NA,NA,AT1G13380;AT1G68220,AT1G13380:9.6318e-10;AT1G68220:0.000306188
668519at2759,2,Zm00001eb187370;Zm00001eb427970,Zm00001eb187370:0.00248355;Zm00001eb427970:0.000531501,NA,NA,NA,NA,HORVU.MOREX.r3.6HG0604470,HORVU.MOREX.r3.6HG0604470:1.21271e-06,NA,NA
668519at3193,2,Zm00001eb187370;Zm00001eb427970,Zm00001eb187370:0.00248355;Zm00001eb427970:0.000531501,NA,NA,NA,NA,HORVU.MOREX.r3.6HG0604470,HORVU.MOREX.r3.6HG0604470:1.21271e-06,NA,NA
668519at33090,2,Zm00001eb187370;Zm00001eb427970,Zm00001eb187370:0.00248355;Zm00001eb427970:0.000531501,NA,NA,NA,NA,HORVU.MOREX.r3.6HG0604470,HORVU.MOREX.r3.6HG0604470:1.21271e-06,NA,NA
66854at2759,2,Zm00001eb395380,Zm00001eb395380:0.00298474,NA,NA,NA,NA,NA,NA,AT5G18270,AT5G18270:0.000299191
66854at3193,2,Zm00001eb395380,Zm00001eb395380:0.00298474,NA,NA,NA,NA,NA,NA,AT5G18270,AT5G18270:0.000299191
66854at33090,2,Zm00001eb395380,Zm00001eb395380:0.00298474,NA,NA,NA,NA,NA,NA,AT5G18270,AT5G18270:0.000299191
669757at3193,2,Zm00001eb423980,Zm00001eb423980:0.00178976,NA,NA,NA,NA,HORVU.MOREX.r3.2HG0173040,HORVU.MOREX.r3.2HG0173040:0.000340203,NA,NA
669898at2759,2,Zm00001eb190930,Zm00001eb190930:0.000246543,NA,NA,NA,NA,NA,NA,AT2G27950,AT2G27950:0.000195157
669898at3193,2,Zm00001eb190930,Zm00001eb190930:0.000246543,NA,NA,NA,NA,NA,NA,AT2G27950,AT2G27950:0.000195157
669898at33090,2,Zm00001eb190930,Zm00001eb190930:0.000246543,NA,NA,NA,NA,NA,NA,AT2G27950,AT2G27950:0.000195157
670464at2759,2,NA,NA,SORBI_3002G281100,SORBI_3002G281100:0.000858851,NA,NA,HORVU.MOREX.r3.5HG0500850,HORVU.MOREX.r3.5HG0500850:0.00013933,NA,NA
670464at3193,2,NA,NA,SORBI_3002G281100,SORBI_3002G281100:0.000858851,NA,NA,HORVU.MOREX.r3.5HG0500850,HORVU.MOREX.r3.5HG0500850:0.00013933,NA,NA
670464at33090,2,NA,NA,SORBI_3002G281100,SORBI_3002G281100:0.000858851,NA,NA,HORVU.MOREX.r3.5HG0500850,HORVU.MOREX.r3.5HG0500850:0.00013933,NA,NA
670705at3193,2,Zm00001eb100420,Zm00001eb100420:0.000615548,SORBI_3002G224000,SORBI_3002G224000:7.08378e-05,NA,NA,NA,NA,NA,NA
670973at2759,2,Zm00001eb394050,Zm00001eb394050:0.00069974,NA,NA,NA,NA,HORVU.MOREX.r3.4HG0397570,HORVU.MOREX.r3.4HG0397570:9.99208e-05,NA,NA
670973at3193,2,Zm00001eb394050,Zm00001eb394050:0.00069974,NA,NA,NA,NA,HORVU.MOREX.r3.4HG0397570,HORVU.MOREX.r3.4HG0397570:9.99208e-05,NA,NA
670973at33090,2,Zm00001eb394050,Zm00001eb394050:0.00069974,NA,NA,NA,NA,HORVU.MOREX.r3.4HG0397570,HORVU.MOREX.r3.4HG0397570:9.99208e-05,NA,NA
671131at3193,2,NA,NA,SORBI_3004G009400;SORBI_3004G009500,SORBI_3004G009400:0.0030034;SORBI_3004G009500:0.0030034,NA,NA,NA,NA,AT5G60780,AT5G60780:1.41219e-12
67186at3193,2,Zm00001eb149750;Zm00001eb370150,Zm00001eb149750:0.000975282;Zm00001eb370150:3.33878e-06,NA,NA,NA,NA,NA,NA,AT1G31300,AT1G31300:1.78874e-07
672098at3193,2,Zm00001eb032800;Zm00001eb217370,Zm00001eb032800:0.00245109;Zm00001eb217370:0.000106322,NA,NA,LOC_Os12g06360,LOC_Os12g06360:0.000149295,NA,NA,NA,NA
672098at33090,2,Zm00001eb032800;Zm00001eb217370,Zm00001eb032800:0.00245109;Zm00001eb217370:0.000106322,NA,NA,LOC_Os12g06360,LOC_Os12g06360:0.000149295,NA,NA,NA,NA
672312at2759,2,Zm00001eb057420,Zm00001eb057420:0.000898657,NA,NA,NA,NA,NA,NA,AT4G17240,AT4G17240:0.000333887
672312at3193,2,Zm00001eb057420,Zm00001eb057420:0.000898657,NA,NA,NA,NA,NA,NA,AT4G17240,AT4G17240:0.000333887
672312at33090,2,Zm00001eb057420,Zm00001eb057420:0.000898657,NA,NA,NA,NA,NA,NA,AT4G17240,AT4G17240:0.000333887
672340at3193,2,Zm00001eb140540,Zm00001eb140540:0.00276624,SORBI_3003G431900,SORBI_3003G431900:2.39386e-06,NA,NA,NA,NA,NA,NA
672418at2759,2,Zm00001eb255520,Zm00001eb255520:0.00208323,SORBI_3002G179800;SORBI_3003G396100,SORBI_3002G179800:0.000577828;SORBI_3003G396100:8.74251e-05,NA,NA,NA,NA,NA,NA
672418at3193,2,Zm00001eb255520,Zm00001eb255520:0.00208323,SORBI_3002G179800;SORBI_3003G396100,SORBI_3002G179800:0.000577828;SORBI_3003G396100:8.74251e-05,NA,NA,NA,NA,NA,NA
672418at33090,2,Zm00001eb255520,Zm00001eb255520:0.00208323,SORBI_3002G179800;SORBI_3003G396100,SORBI_3002G179800:0.000577828;SORBI_3003G396100:8.74251e-05,NA,NA,NA,NA,NA,NA
67275at38820,2,Zm00001eb406820,Zm00001eb406820:0.00147354,NA,NA,LOC_Os02g04400,LOC_Os02g04400:7.30232e-05,NA,NA,NA,NA
67275at4447,2,Zm00001eb406820,Zm00001eb406820:0.00147354,NA,NA,LOC_Os02g04400,LOC_Os02g04400:7.30232e-05,NA,NA,NA,NA
673065at2759,2,Zm00001eb426750,Zm00001eb426750:0.00302302,NA,NA,NA,NA,NA,NA,AT5G60680,AT5G60680:1.79799e-05
673065at3193,2,Zm00001eb426750,Zm00001eb426750:0.00302302,NA,NA,NA,NA,NA,NA,AT5G60680,AT5G60680:1.79799e-05
673065at33090,2,Zm00001eb426750,Zm00001eb426750:0.00302302,NA,NA,NA,NA,NA,NA,AT5G60680,AT5G60680:1.79799e-05
673121at3193,2,NA,NA,SORBI_3002G175500,SORBI_3002G175500:2.97418e-05,NA,NA,NA,NA,AT3G12240,AT3G12240:4.14136e-06
673191at2759,2,Zm00001eb372230,Zm00001eb372230:6.71624e-06,NA,NA,NA,NA,NA,NA,AT1G14160,AT1G14160:0.00028302
673191at3193,2,Zm00001eb372230,Zm00001eb372230:6.71624e-06,NA,NA,NA,NA,NA,NA,AT1G14160,AT1G14160:0.00028302
673191at33090,2,Zm00001eb372230,Zm00001eb372230:6.71624e-06,NA,NA,NA,NA,NA,NA,AT1G14160,AT1G14160:0.00028302
673302at2759,2,Zm00001eb192560,Zm00001eb192560:0.000208286,NA,NA,NA,NA,NA,NA,AT2G24970,AT2G24970:0.000131875
673302at3193,2,Zm00001eb192560,Zm00001eb192560:0.000208286,NA,NA,NA,NA,NA,NA,AT2G24970,AT2G24970:0.000131875
673302at33090,2,Zm00001eb192560,Zm00001eb192560:0.000208286,NA,NA,NA,NA,NA,NA,AT2G24970,AT2G24970:0.000131875
673541at3193,2,Zm00001eb161660,Zm00001eb161660:0.000691314,NA,NA,NA,NA,NA,NA,AT2G01170,AT2G01170:6.65382e-05
67358at2759,2,Zm00001eb288730,Zm00001eb288730:0.00171407,NA,NA,NA,NA,NA,NA,AT2G38090,AT2G38090:1.2409e-05
67358at3193,2,Zm00001eb288730,Zm00001eb288730:0.00171407,NA,NA,NA,NA,NA,NA,AT2G38090,AT2G38090:1.2409e-05
67358at33090,2,Zm00001eb288730,Zm00001eb288730:0.00171407,NA,NA,NA,NA,NA,NA,AT2G38090,AT2G38090:1.2409e-05
673768at2759,2,Zm00001eb100410,Zm00001eb100410:0.000615548,SORBI_3002G224200,SORBI_3002G224200:7.08378e-05,NA,NA,NA,NA,NA,NA
673768at3193,2,Zm00001eb100410,Zm00001eb100410:0.000615548,SORBI_3002G224200,SORBI_3002G224200:7.08378e-05,NA,NA,NA,NA,NA,NA
673768at33090,2,Zm00001eb100410,Zm00001eb100410:0.000615548,SORBI_3002G224200,SORBI_3002G224200:7.08378e-05,NA,NA,NA,NA,NA,NA
674190at2759,2,Zm00001eb272740,Zm00001eb272740:0.00122443,SORBI_3010G256200,SORBI_3010G256200:0.00324054,NA,NA,NA,NA,NA,NA
674190at3193,2,Zm00001eb272740,Zm00001eb272740:0.00122443,SORBI_3010G256200,SORBI_3010G256200:0.00324054,NA,NA,NA,NA,NA,NA
674190at33090,2,Zm00001eb272740,Zm00001eb272740:0.00122443,SORBI_3010G256200,SORBI_3010G256200:0.00324054,NA,NA,NA,NA,NA,NA
674432at2759,2,NA,NA,SORBI_3003G396600,SORBI_3003G396600:8.74251e-05,NA,NA,NA,NA,AT3G44750,AT3G44750:0.000225286
674432at3193,2,NA,NA,SORBI_3003G396600,SORBI_3003G396600:8.74251e-05,NA,NA,NA,NA,AT3G44750,AT3G44750:0.000225286
674432at33090,2,NA,NA,SORBI_3003G396600,SORBI_3003G396600:8.74251e-05,NA,NA,NA,NA,AT3G44750,AT3G44750:0.000225286
674490at33090,2,NA,NA,NA,NA,LOC_Os08g04480,LOC_Os08g04480:0.00029823,NA,NA,AT4G05160,AT4G05160:0.000230673
675415at33090,2,Zm00001eb336800,Zm00001eb336800:0.0030365,NA,NA,NA,NA,NA,NA,AT1G29250,AT1G29250:7.55164e-05
675450at3193,2,Zm00001eb070580,Zm00001eb070580:4.20132e-05,NA,NA,NA,NA,HORVU.MOREX.r3.6HG0611090,HORVU.MOREX.r3.6HG0611090:1.26299e-05,NA,NA
676031at3193,2,Zm00001eb011900,Zm00001eb011900:0.001445,NA,NA,NA,NA,HORVU.MOREX.r3.3HG0225040;HORVU.MOREX.r3.3HG0225320,HORVU.MOREX.r3.3HG0225040:9.28825e-05;HORVU.MOREX.r3.3HG0225320:0.000342548,NA,NA
676031at33090,2,Zm00001eb011900,Zm00001eb011900:0.001445,NA,NA,NA,NA,HORVU.MOREX.r3.3HG0225040;HORVU.MOREX.r3.3HG0225320,HORVU.MOREX.r3.3HG0225040:9.28825e-05;HORVU.MOREX.r3.3HG0225320:0.000342548,NA,NA
676650at2759,2,NA,NA,SORBI_3003G031900,SORBI_3003G031900:0.00160575,NA,NA,NA,NA,AT5G11930,AT5G11930:0.000179916
676650at3193,2,NA,NA,SORBI_3003G031900,SORBI_3003G031900:0.00160575,NA,NA,NA,NA,AT5G11930,AT5G11930:0.000179916
676650at33090,2,NA,NA,SORBI_3003G031900,SORBI_3003G031900:0.00160575,NA,NA,NA,NA,AT5G11930,AT5G11930:0.000179916
67669at3193,2,NA,NA,NA,NA,LOC_Os10g05630,LOC_Os10g05630:0.000117665,NA,NA,AT3G60340,AT3G60340:6.30154e-10
677486at2759,2,Zm00001eb221150,Zm00001eb221150:0.000188302,SORBI_3001G207000,SORBI_3001G207000:0.00380886,NA,NA,NA,NA,NA,NA
677486at3193,2,Zm00001eb221150,Zm00001eb221150:0.000188302,SORBI_3001G207000,SORBI_3001G207000:0.00380886,NA,NA,NA,NA,NA,NA
677486at33090,2,Zm00001eb221150,Zm00001eb221150:0.000188302,SORBI_3001G207000,SORBI_3001G207000:0.00380886,NA,NA,NA,NA,NA,NA
67754at33090,2,Zm00001eb212060,Zm00001eb212060:0.00205168,NA,NA,NA,NA,NA,NA,AT3G08620,AT3G08620:4.2177e-06
677586at3193,2,NA,NA,SORBI_3002G040300,SORBI_3002G040300:0.00333843,NA,NA,NA,NA,AT1G62780,AT1G62780:5.99559e-05
677710at2759,2,Zm00001eb296750;Zm00001eb356320,Zm00001eb296750:0.000146898;Zm00001eb356320:0.00101038,NA,NA,LOC_Os05g05780,LOC_Os05g05780:9.69473e-05,NA,NA,NA,NA
677710at3193,2,Zm00001eb296750;Zm00001eb356320,Zm00001eb296750:0.000146898;Zm00001eb356320:0.00101038,NA,NA,LOC_Os05g05780,LOC_Os05g05780:9.69473e-05,NA,NA,NA,NA
677710at33090,2,Zm00001eb296750;Zm00001eb356320,Zm00001eb296750:0.000146898;Zm00001eb356320:0.00101038,NA,NA,LOC_Os05g05780,LOC_Os05g05780:9.69473e-05,NA,NA,NA,NA
6777at4447,2,Zm00001eb249590;Zm00001eb249600,Zm00001eb249590:0.000222523;Zm00001eb249600:0.000222523,SORBI_3006G171100;SORBI_3006G171200;SORBI_3006G171300,SORBI_3006G171100:0.000252628;SORBI_3006G171200:0.000252628;SORBI_3006G171300:0.000252628,NA,NA,NA,NA,NA,NA
678143at2759,2,Zm00001eb434360,Zm00001eb434360:0.000654816,NA,NA,NA,NA,HORVU.MOREX.r3.2HG0215900,HORVU.MOREX.r3.2HG0215900:5.88443e-06,NA,NA
678143at3193,2,Zm00001eb434360,Zm00001eb434360:0.000654816,NA,NA,NA,NA,HORVU.MOREX.r3.2HG0215900,HORVU.MOREX.r3.2HG0215900:5.88443e-06,NA,NA
678143at33090,2,Zm00001eb434360,Zm00001eb434360:0.000654816,NA,NA,NA,NA,HORVU.MOREX.r3.2HG0215900,HORVU.MOREX.r3.2HG0215900:5.88443e-06,NA,NA
678476at3193,2,Zm00001eb023610,Zm00001eb023610:0.00204621,NA,NA,NA,NA,NA,NA,AT1G12110,AT1G12110:3.38682e-05
67884at38820,2,Zm00001eb312420,Zm00001eb312420:0.00185174,SORBI_3002G199000,SORBI_3002G199000:0.00336919,NA,NA,NA,NA,NA,NA
67884at4447,2,Zm00001eb312420,Zm00001eb312420:0.00185174,SORBI_3002G199000,SORBI_3002G199000:0.00336919,NA,NA,NA,NA,NA,NA
678936at2759,2,Zm00001eb398790,Zm00001eb398790:0.00257247,NA,NA,NA,NA,HORVU.MOREX.r3.2HG0105470,HORVU.MOREX.r3.2HG0105470:0.000116688,NA,NA
678936at3193,2,Zm00001eb398790,Zm00001eb398790:0.00257247,NA,NA,NA,NA,HORVU.MOREX.r3.2HG0105470,HORVU.MOREX.r3.2HG0105470:0.000116688,NA,NA
678936at33090,2,Zm00001eb398790,Zm00001eb398790:0.00257247,NA,NA,NA,NA,HORVU.MOREX.r3.2HG0105470,HORVU.MOREX.r3.2HG0105470:0.000116688,NA,NA
679178at2759,2,Zm00001eb323590,Zm00001eb323590:0.000378898,NA,NA,NA,NA,HORVU.MOREX.r3.2HG0137420,HORVU.MOREX.r3.2HG0137420:0.000123753,NA,NA
679178at3193,2,Zm00001eb323590,Zm00001eb323590:0.000378898,NA,NA,NA,NA,HORVU.MOREX.r3.2HG0137420,HORVU.MOREX.r3.2HG0137420:0.000123753,NA,NA
679178at33090,2,Zm00001eb323590,Zm00001eb323590:0.000378898,NA,NA,NA,NA,HORVU.MOREX.r3.2HG0137420,HORVU.MOREX.r3.2HG0137420:0.000123753,NA,NA
679361at2759,2,NA,NA,SORBI_3003G205000,SORBI_3003G205000:0.000297438,NA,NA,HORVU.MOREX.r3.2HG0213840,HORVU.MOREX.r3.2HG0213840:7.48611e-06,NA,NA
679361at3193,2,NA,NA,SORBI_3003G205000,SORBI_3003G205000:0.000297438,NA,NA,HORVU.MOREX.r3.2HG0213840,HORVU.MOREX.r3.2HG0213840:7.48611e-06,NA,NA
679361at33090,2,NA,NA,SORBI_3003G205000,SORBI_3003G205000:0.000297438,NA,NA,HORVU.MOREX.r3.2HG0213840,HORVU.MOREX.r3.2HG0213840:7.48611e-06,NA,NA
679527at2759,2,Zm00001eb199500,Zm00001eb199500:0.000464995,NA,NA,LOC_Os08g04990,LOC_Os08g04990:0.000275228,NA,NA,NA,NA
679527at3193,2,Zm00001eb199500,Zm00001eb199500:0.000464995,NA,NA,LOC_Os08g04990,LOC_Os08g04990:0.000275228,NA,NA,NA,NA
679527at33090,2,Zm00001eb199500,Zm00001eb199500:0.000464995,NA,NA,LOC_Os08g04990,LOC_Os08g04990:0.000275228,NA,NA,NA,NA
67973at38820,2,Zm00001eb159580,Zm00001eb159580:0.00094868,SORBI_3009G250200,SORBI_3009G250200:0.000769411,NA,NA,NA,NA,NA,NA
67973at4447,2,Zm00001eb159580,Zm00001eb159580:0.00094868,SORBI_3009G250200,SORBI_3009G250200:0.000769411,NA,NA,NA,NA,NA,NA
679816at2759,2,Zm00001eb433510,Zm00001eb433510:0.000242074,NA,NA,NA,NA,NA,NA,AT1G48940,AT1G48940:5.52085e-05
679816at3193,2,Zm00001eb433510,Zm00001eb433510:0.000242074,NA,NA,NA,NA,NA,NA,AT1G48940,AT1G48940:5.52085e-05
679816at33090,2,Zm00001eb433510,Zm00001eb433510:0.000242074,NA,NA,NA,NA,NA,NA,AT1G48940,AT1G48940:5.52085e-05
68012at38820,2,Zm00001eb040700,Zm00001eb040700:0.00154931,NA,NA,NA,NA,HORVU.MOREX.r3.5HG0481310,HORVU.MOREX.r3.5HG0481310:0.000323166,NA,NA
68012at4447,2,Zm00001eb040700,Zm00001eb040700:0.00154931,NA,NA,NA,NA,HORVU.MOREX.r3.5HG0481310,HORVU.MOREX.r3.5HG0481310:0.000323166,NA,NA
680753at2759,2,Zm00001eb073830,Zm00001eb073830:0.000535195,NA,NA,NA,NA,HORVU.MOREX.r3.2HG0187780,HORVU.MOREX.r3.2HG0187780:8.339e-08,NA,NA
680753at3193,2,Zm00001eb073830,Zm00001eb073830:0.000535195,NA,NA,NA,NA,HORVU.MOREX.r3.2HG0187780,HORVU.MOREX.r3.2HG0187780:8.339e-08,NA,NA
680753at33090,2,Zm00001eb073830,Zm00001eb073830:0.000535195,NA,NA,NA,NA,HORVU.MOREX.r3.2HG0187780,HORVU.MOREX.r3.2HG0187780:8.339e-08,NA,NA
680876at2759,2,Zm00001eb292650,Zm00001eb292650:0.000105303,NA,NA,NA,NA,NA,NA,AT1G26600,AT1G26600:4.58984e-05
680876at3193,2,Zm00001eb292650,Zm00001eb292650:0.000105303,NA,NA,NA,NA,NA,NA,AT1G26600,AT1G26600:4.58984e-05
680876at33090,2,Zm00001eb292650,Zm00001eb292650:0.000105303,NA,NA,NA,NA,NA,NA,AT1G26600,AT1G26600:4.58984e-05
681748at3193,2,Zm00001eb058000;Zm00001eb388840,Zm00001eb058000:0.000878144;Zm00001eb388840:0.000871577,NA,NA,NA,NA,HORVU.MOREX.r3.2HG0195210,HORVU.MOREX.r3.2HG0195210:0.000240149,NA,NA
681748at33090,2,Zm00001eb058000;Zm00001eb388840,Zm00001eb058000:0.000878144;Zm00001eb388840:0.000871577,NA,NA,NA,NA,HORVU.MOREX.r3.2HG0195210,HORVU.MOREX.r3.2HG0195210:0.000240149,NA,NA
682726at2759,2,Zm00001eb217550,Zm00001eb217550:0.00219111,NA,NA,NA,NA,HORVU.MOREX.r3.4HG0333940,HORVU.MOREX.r3.4HG0333940:1.06034e-09,NA,NA
682726at3193,2,Zm00001eb217550,Zm00001eb217550:0.00219111,NA,NA,NA,NA,HORVU.MOREX.r3.4HG0333940,HORVU.MOREX.r3.4HG0333940:1.06034e-09,NA,NA
682726at33090,2,Zm00001eb217550,Zm00001eb217550:0.00219111,NA,NA,NA,NA,HORVU.MOREX.r3.4HG0333940,HORVU.MOREX.r3.4HG0333940:1.06034e-09,NA,NA
683015at2759,2,Zm00001eb102840,Zm00001eb102840:2.83849e-05,NA,NA,NA,NA,HORVU.MOREX.r3.5HG0496850,HORVU.MOREX.r3.5HG0496850:0.000123004,NA,NA
683015at3193,2,Zm00001eb102840,Zm00001eb102840:2.83849e-05,NA,NA,NA,NA,HORVU.MOREX.r3.5HG0496850,HORVU.MOREX.r3.5HG0496850:0.000123004,NA,NA
683015at33090,2,Zm00001eb102840,Zm00001eb102840:2.83849e-05,NA,NA,NA,NA,HORVU.MOREX.r3.5HG0496850,HORVU.MOREX.r3.5HG0496850:0.000123004,NA,NA
683217at3193,2,Zm00001eb106470,Zm00001eb106470:0.00234353,SORBI_3002G330100,SORBI_3002G330100:0.000168019,NA,NA,NA,NA,NA,NA
683217at33090,2,Zm00001eb106470,Zm00001eb106470:0.00234353,SORBI_3002G330100,SORBI_3002G330100:0.000168019,NA,NA,NA,NA,NA,NA
683298at2759,2,Zm00001eb225470,Zm00001eb225470:0.00120382,NA,NA,NA,NA,HORVU.MOREX.r3.7HG0731970,HORVU.MOREX.r3.7HG0731970:2.12619e-05,NA,NA
683298at3193,2,Zm00001eb225470,Zm00001eb225470:0.00120382,NA,NA,NA,NA,HORVU.MOREX.r3.7HG0731970,HORVU.MOREX.r3.7HG0731970:2.12619e-05,NA,NA
683298at33090,2,Zm00001eb225470,Zm00001eb225470:0.00120382,NA,NA,NA,NA,HORVU.MOREX.r3.7HG0731970,HORVU.MOREX.r3.7HG0731970:2.12619e-05,NA,NA
683604at33090,2,Zm00001eb337140,Zm00001eb337140:0.00116433,NA,NA,NA,NA,NA,NA,AT2G06990,AT2G06990:9.86643e-05
683772at2759,2,Zm00001eb278230;Zm00001eb295940,Zm00001eb278230:1.78772e-05;Zm00001eb295940:0.00177822,NA,NA,NA,NA,NA,NA,AT3G14595,AT3G14595:1.56651e-06
683772at3193,2,Zm00001eb278230;Zm00001eb295940,Zm00001eb278230:1.78772e-05;Zm00001eb295940:0.00177822,NA,NA,NA,NA,NA,NA,AT3G14595,AT3G14595:1.56651e-06
683772at33090,2,Zm00001eb278230;Zm00001eb295940,Zm00001eb278230:1.78772e-05;Zm00001eb295940:0.00177822,NA,NA,NA,NA,NA,NA,AT3G14595,AT3G14595:1.56651e-06
683828at2759,2,NA,NA,SORBI_3010G015900,SORBI_3010G015900:0.00235303,NA,NA,NA,NA,AT4G25520,AT4G25520:6.27449e-07
683828at3193,2,NA,NA,SORBI_3010G015900,SORBI_3010G015900:0.00235303,NA,NA,NA,NA,AT4G25520,AT4G25520:6.27449e-07
683828at33090,2,NA,NA,SORBI_3010G015900,SORBI_3010G015900:0.00235303,NA,NA,NA,NA,AT4G25520,AT4G25520:6.27449e-07
683844at2759,2,Zm00001eb327450,Zm00001eb327450:0.00230875,NA,NA,NA,NA,NA,NA,AT1G19180,AT1G19180:0.000142592
683844at3193,2,Zm00001eb327450,Zm00001eb327450:0.00230875,NA,NA,NA,NA,NA,NA,AT1G19180,AT1G19180:0.000142592
683844at33090,2,Zm00001eb327450,Zm00001eb327450:0.00230875,NA,NA,NA,NA,NA,NA,AT1G19180,AT1G19180:0.000142592
684151at2759,2,NA,NA,SORBI_3006G211701,SORBI_3006G211701:0.000128523,NA,NA,NA,NA,AT3G22120,AT3G22120:0.000134401
684151at3193,2,NA,NA,SORBI_3006G211701,SORBI_3006G211701:0.000128523,NA,NA,NA,NA,AT3G22120,AT3G22120:0.000134401
684151at33090,2,NA,NA,SORBI_3006G211701,SORBI_3006G211701:0.000128523,NA,NA,NA,NA,AT3G22120,AT3G22120:0.000134401
684342at2759,2,Zm00001eb323430,Zm00001eb323430:0.00152055,SORBI_3002G329200,SORBI_3002G329200:0.000434848,NA,NA,NA,NA,NA,NA
684342at3193,2,Zm00001eb323430,Zm00001eb323430:0.00152055,SORBI_3002G329200,SORBI_3002G329200:0.000434848,NA,NA,NA,NA,NA,NA
684342at33090,2,Zm00001eb323430,Zm00001eb323430:0.00152055,SORBI_3002G329200,SORBI_3002G329200:0.000434848,NA,NA,NA,NA,NA,NA
684923at2759,2,NA,NA,SORBI_3002G198500,SORBI_3002G198500:0.00336919,NA,NA,NA,NA,AT1G68810;AT3G25710,AT1G68810:5.58084e-06;AT3G25710:0.000264856
684923at3193,2,NA,NA,SORBI_3002G198500,SORBI_3002G198500:0.00336919,NA,NA,NA,NA,AT1G68810;AT3G25710,AT1G68810:5.58084e-06;AT3G25710:0.000264856
684923at33090,2,NA,NA,SORBI_3002G198500,SORBI_3002G198500:0.00336919,NA,NA,NA,NA,AT1G68810;AT3G25710,AT1G68810:5.58084e-06;AT3G25710:0.000264856
685038at2759,2,Zm00001eb145150,Zm00001eb145150:0.00217452,NA,NA,NA,NA,HORVU.MOREX.r3.1HG0066110,HORVU.MOREX.r3.1HG0066110:3.41978e-05,NA,NA
685038at3193,2,Zm00001eb145150,Zm00001eb145150:0.00217452,NA,NA,NA,NA,HORVU.MOREX.r3.1HG0066110,HORVU.MOREX.r3.1HG0066110:3.41978e-05,NA,NA
685038at33090,2,Zm00001eb145150,Zm00001eb145150:0.00217452,NA,NA,NA,NA,HORVU.MOREX.r3.1HG0066110,HORVU.MOREX.r3.1HG0066110:3.41978e-05,NA,NA
685579at2759,2,NA,NA,NA,NA,NA,NA,HORVU.MOREX.r3.1HG0071320;HORVU.MOREX.r3.3HG0234710,HORVU.MOREX.r3.1HG0071320:1.97415e-05;HORVU.MOREX.r3.3HG0234710:0.000136022,AT2G40475,AT2G40475:0.000382428
685579at3193,2,NA,NA,NA,NA,NA,NA,HORVU.MOREX.r3.1HG0071320;HORVU.MOREX.r3.3HG0234710,HORVU.MOREX.r3.1HG0071320:1.97415e-05;HORVU.MOREX.r3.3HG0234710:0.000136022,AT2G40475,AT2G40475:0.000382428
685579at33090,2,NA,NA,NA,NA,NA,NA,HORVU.MOREX.r3.1HG0071320;HORVU.MOREX.r3.3HG0234710,HORVU.MOREX.r3.1HG0071320:1.97415e-05;HORVU.MOREX.r3.3HG0234710:0.000136022,AT2G40475,AT2G40475:0.000382428
686085at2759,2,Zm00001eb253240,Zm00001eb253240:0.00095006,NA,NA,NA,NA,HORVU.MOREX.r3.6HG0611080,HORVU.MOREX.r3.6HG0611080:1.26299e-05,NA,NA
686085at3193,2,Zm00001eb253240,Zm00001eb253240:0.00095006,NA,NA,NA,NA,HORVU.MOREX.r3.6HG0611080,HORVU.MOREX.r3.6HG0611080:1.26299e-05,NA,NA
686085at33090,2,Zm00001eb253240,Zm00001eb253240:0.00095006,NA,NA,NA,NA,HORVU.MOREX.r3.6HG0611080,HORVU.MOREX.r3.6HG0611080:1.26299e-05,NA,NA
686131at2759,2,Zm00001eb134600,Zm00001eb134600:0.000119136,NA,NA,NA,NA,NA,NA,AT3G15790,AT3G15790:5.38056e-10
686131at3193,2,Zm00001eb134600,Zm00001eb134600:0.000119136,NA,NA,NA,NA,NA,NA,AT3G15790,AT3G15790:5.38056e-10
686131at33090,2,Zm00001eb134600,Zm00001eb134600:0.000119136,NA,NA,NA,NA,NA,NA,AT3G15790,AT3G15790:5.38056e-10
686574at2759,2,NA,NA,NA,NA,LOC_Os07g01520,LOC_Os07g01520:0.000263285,NA,NA,AT1G30210,AT1G30210:8.76964e-05
686574at3193,2,NA,NA,NA,NA,LOC_Os07g01520,LOC_Os07g01520:0.000263285,NA,NA,AT1G30210,AT1G30210:8.76964e-05
686574at33090,2,NA,NA,NA,NA,LOC_Os07g01520,LOC_Os07g01520:0.000263285,NA,NA,AT1G30210,AT1G30210:8.76964e-05
68689at4447,2,Zm00001eb244120,Zm00001eb244120:0.00063505,SORBI_3003G374400,SORBI_3003G374400:8.36508e-05,NA,NA,NA,NA,NA,NA
686987at2759,2,Zm00001eb338030,Zm00001eb338030:0.000434819,NA,NA,NA,NA,HORVU.MOREX.r3.3HG0243920,HORVU.MOREX.r3.3HG0243920:6.73371e-06,NA,NA
686987at3193,2,Zm00001eb338030,Zm00001eb338030:0.000434819,NA,NA,NA,NA,HORVU.MOREX.r3.3HG0243920,HORVU.MOREX.r3.3HG0243920:6.73371e-06,NA,NA
686987at33090,2,Zm00001eb338030,Zm00001eb338030:0.000434819,NA,NA,NA,NA,HORVU.MOREX.r3.3HG0243920,HORVU.MOREX.r3.3HG0243920:6.73371e-06,NA,NA
68751at38820,2,NA,NA,SORBI_3001G136300,SORBI_3001G136300:0.000553523,NA,NA,HORVU.MOREX.r3.4HG0334480,HORVU.MOREX.r3.4HG0334480:0.000316557,NA,NA
68751at4447,2,NA,NA,SORBI_3001G136300,SORBI_3001G136300:0.000553523,NA,NA,HORVU.MOREX.r3.4HG0334480,HORVU.MOREX.r3.4HG0334480:0.000316557,NA,NA
687636at2759,2,Zm00001eb193730,Zm00001eb193730:8.88801e-05,NA,NA,NA,NA,HORVU.MOREX.r3.6HG0617830,HORVU.MOREX.r3.6HG0617830:2.25908e-06,NA,NA
687636at3193,2,Zm00001eb193730,Zm00001eb193730:8.88801e-05,NA,NA,NA,NA,HORVU.MOREX.r3.6HG0617830,HORVU.MOREX.r3.6HG0617830:2.25908e-06,NA,NA
687636at33090,2,Zm00001eb193730,Zm00001eb193730:8.88801e-05,NA,NA,NA,NA,HORVU.MOREX.r3.6HG0617830,HORVU.MOREX.r3.6HG0617830:2.25908e-06,NA,NA
687955at2759,2,Zm00001eb108730,Zm00001eb108730:0.00261365,NA,NA,NA,NA,HORVU.MOREX.r3.2HG0111620,HORVU.MOREX.r3.2HG0111620:2.16575e-07,NA,NA
687955at3193,2,Zm00001eb108730,Zm00001eb108730:0.00261365,NA,NA,NA,NA,HORVU.MOREX.r3.2HG0111620,HORVU.MOREX.r3.2HG0111620:2.16575e-07,NA,NA
687955at33090,2,Zm00001eb108730,Zm00001eb108730:0.00261365,NA,NA,NA,NA,HORVU.MOREX.r3.2HG0111620,HORVU.MOREX.r3.2HG0111620:2.16575e-07,NA,NA
688071at2759,2,Zm00001eb057960,Zm00001eb057960:0.00260651,NA,NA,NA,NA,HORVU.MOREX.r3.5HG0512210,HORVU.MOREX.r3.5HG0512210:2.82449e-05,NA,NA
688071at3193,2,Zm00001eb057960,Zm00001eb057960:0.00260651,NA,NA,NA,NA,HORVU.MOREX.r3.5HG0512210,HORVU.MOREX.r3.5HG0512210:2.82449e-05,NA,NA
688071at33090,2,Zm00001eb057960,Zm00001eb057960:0.00260651,NA,NA,NA,NA,HORVU.MOREX.r3.5HG0512210,HORVU.MOREX.r3.5HG0512210:2.82449e-05,NA,NA
688500at2759,2,NA,NA,NA,NA,NA,NA,HORVU.MOREX.r3.2HG0169150,HORVU.MOREX.r3.2HG0169150:3.5777e-05,AT1G14687,AT1G14687:1.96943e-06
688500at3193,2,NA,NA,NA,NA,NA,NA,HORVU.MOREX.r3.2HG0169150,HORVU.MOREX.r3.2HG0169150:3.5777e-05,AT1G14687,AT1G14687:1.96943e-06
688500at33090,2,NA,NA,NA,NA,NA,NA,HORVU.MOREX.r3.2HG0169150,HORVU.MOREX.r3.2HG0169150:3.5777e-05,AT1G14687,AT1G14687:1.96943e-06
68947at38820,2,Zm00001eb212470;Zm00001eb303080,Zm00001eb212470:0.000142213;Zm00001eb303080:5.185e-06,SORBI_3002G074200,SORBI_3002G074200:9.12302e-05,NA,NA,NA,NA,NA,NA
68947at4447,2,Zm00001eb212470;Zm00001eb303080,Zm00001eb212470:0.000142213;Zm00001eb303080:5.185e-06,SORBI_3002G074200,SORBI_3002G074200:9.12302e-05,NA,NA,NA,NA,NA,NA
689716at2759,2,Zm00001eb406350,Zm00001eb406350:0.00285083,NA,NA,NA,NA,HORVU.MOREX.r3.5HG0459140,HORVU.MOREX.r3.5HG0459140:0.000284734,NA,NA
689716at3193,2,Zm00001eb406350,Zm00001eb406350:0.00285083,NA,NA,NA,NA,HORVU.MOREX.r3.5HG0459140,HORVU.MOREX.r3.5HG0459140:0.000284734,NA,NA
689716at33090,2,Zm00001eb406350,Zm00001eb406350:0.00285083,NA,NA,NA,NA,HORVU.MOREX.r3.5HG0459140,HORVU.MOREX.r3.5HG0459140:0.000284734,NA,NA
690060at2759,2,NA,NA,NA,NA,NA,NA,HORVU.MOREX.r3.2HG0167410,HORVU.MOREX.r3.2HG0167410:3.50159e-05,AT1G68765;AT3G25655,AT1G68765:3.27566e-05;AT3G25655:8.77572e-05
690060at3193,2,NA,NA,NA,NA,NA,NA,HORVU.MOREX.r3.2HG0167410,HORVU.MOREX.r3.2HG0167410:3.50159e-05,AT1G68765;AT3G25655,AT1G68765:3.27566e-05;AT3G25655:8.77572e-05
690060at33090,2,NA,NA,NA,NA,NA,NA,HORVU.MOREX.r3.2HG0167410,HORVU.MOREX.r3.2HG0167410:3.50159e-05,AT1G68765;AT3G25655,AT1G68765:3.27566e-05;AT3G25655:8.77572e-05
69070at38820,2,NA,NA,SORBI_3007G160700,SORBI_3007G160700:0.00236742,LOC_Os08g04800,LOC_Os08g04800:0.000104809,NA,NA,NA,NA
69070at4447,2,NA,NA,SORBI_3007G160700,SORBI_3007G160700:0.00236742,LOC_Os08g04800,LOC_Os08g04800:0.000104809,NA,NA,NA,NA
691284at2759,2,Zm00001eb422000,Zm00001eb422000:0.0021635,NA,NA,NA,NA,NA,NA,AT3G11600,AT3G11600:0.000204923
691284at3193,2,Zm00001eb422000,Zm00001eb422000:0.0021635,NA,NA,NA,NA,NA,NA,AT3G11600,AT3G11600:0.000204923
691284at33090,2,Zm00001eb422000,Zm00001eb422000:0.0021635,NA,NA,NA,NA,NA,NA,AT3G11600,AT3G11600:0.000204923
691501at2759,2,Zm00001eb208430,Zm00001eb208430:1.86602e-05,NA,NA,NA,NA,NA,NA,AT1G66070,AT1G66070:8.75492e-05
691501at33090,2,Zm00001eb208430,Zm00001eb208430:1.86602e-05,NA,NA,NA,NA,NA,NA,AT1G66070,AT1G66070:8.75492e-05
69160at33090,2,Zm00001eb064450,Zm00001eb064450:0.000891866,NA,NA,NA,NA,NA,NA,AT1G56360;AT4G36350,AT1G56360:1.62826e-08;AT4G36350:1.09377e-05
691819at2759,2,NA,NA,NA,NA,NA,NA,HORVU.MOREX.r3.1HG0008860,HORVU.MOREX.r3.1HG0008860:2.29251e-05,AT1G68795,AT1G68795:3.34305e-07
691819at3193,2,NA,NA,NA,NA,NA,NA,HORVU.MOREX.r3.1HG0008860,HORVU.MOREX.r3.1HG0008860:2.29251e-05,AT1G68795,AT1G68795:3.34305e-07
691819at33090,2,NA,NA,NA,NA,NA,NA,HORVU.MOREX.r3.1HG0008860,HORVU.MOREX.r3.1HG0008860:2.29251e-05,AT1G68795,AT1G68795:3.34305e-07
691967at3193,2,Zm00001eb059960;Zm00001eb117520,Zm00001eb059960:0.00012095;Zm00001eb117520:0.00167981,NA,NA,NA,NA,NA,NA,AT3G07560,AT3G07560:0.000342871
692341at3193,2,Zm00001eb004290,Zm00001eb004290:0.000810899,SORBI_3001G003500,SORBI_3001G003500:0.0013433,NA,NA,NA,NA,NA,NA
692744at2759,2,Zm00001eb354450,Zm00001eb354450:0.00240537,NA,NA,NA,NA,NA,NA,AT3G62070,AT3G62070:3.28329e-07
692744at3193,2,Zm00001eb354450,Zm00001eb354450:0.00240537,NA,NA,NA,NA,NA,NA,AT3G62070,AT3G62070:3.28329e-07
692744at33090,2,Zm00001eb354450,Zm00001eb354450:0.00240537,NA,NA,NA,NA,NA,NA,AT3G62070,AT3G62070:3.28329e-07
692790at2759,2,Zm00001eb401230,Zm00001eb401230:0.0020595,NA,NA,NA,NA,NA,NA,AT2G13820,AT2G13820:1.62235e-05
692790at3193,2,Zm00001eb401230,Zm00001eb401230:0.0020595,NA,NA,NA,NA,NA,NA,AT2G13820,AT2G13820:1.62235e-05
692790at33090,2,Zm00001eb401230,Zm00001eb401230:0.0020595,NA,NA,NA,NA,NA,NA,AT2G13820,AT2G13820:1.62235e-05
694221at2759,2,NA,NA,NA,NA,LOC_Os12g05540,LOC_Os12g05540:0.000127722,NA,NA,AT5G27860,AT5G27860:0.000288079
694221at3193,2,NA,NA,NA,NA,LOC_Os12g05540,LOC_Os12g05540:0.000127722,NA,NA,AT5G27860,AT5G27860:0.000288079
694221at33090,2,NA,NA,NA,NA,LOC_Os12g05540,LOC_Os12g05540:0.000127722,NA,NA,AT5G27860,AT5G27860:0.000288079
695290at2759,2,Zm00001eb102650;Zm00001eb181410;Zm00001eb425430,Zm00001eb102650:0.00151913;Zm00001eb181410:0.00245083;Zm00001eb425430:0.000241632,NA,NA,NA,NA,NA,NA,AT1G65480,AT1G65480:0.00033613
695290at3193,2,Zm00001eb181410;Zm00001eb425430,Zm00001eb181410:0.00245083;Zm00001eb425430:0.000241632,NA,NA,NA,NA,NA,NA,AT1G65480,AT1G65480:0.00033613
695290at33090,2,Zm00001eb102650;Zm00001eb181410;Zm00001eb425430,Zm00001eb102650:0.00151913;Zm00001eb181410:0.00245083;Zm00001eb425430:0.000241632,NA,NA,NA,NA,NA,NA,AT1G65480,AT1G65480:0.00033613
696952at2759,2,Zm00001eb201900,Zm00001eb201900:0.000832111,NA,NA,NA,NA,NA,NA,AT2G33580,AT2G33580:0.000279331
696952at3193,2,Zm00001eb201900,Zm00001eb201900:0.000832111,NA,NA,NA,NA,NA,NA,AT2G33580,AT2G33580:0.000279331
696952at33090,2,Zm00001eb201900,Zm00001eb201900:0.000832111,NA,NA,NA,NA,NA,NA,AT2G33580,AT2G33580:0.000279331
697966at2759,2,Zm00001eb007670,Zm00001eb007670:0.000937123,NA,NA,NA,NA,NA,NA,AT3G24420,AT3G24420:0.00013376
697966at3193,2,Zm00001eb007670,Zm00001eb007670:0.000937123,NA,NA,NA,NA,NA,NA,AT3G24420,AT3G24420:0.00013376
697966at33090,2,Zm00001eb007670,Zm00001eb007670:0.000937123,NA,NA,NA,NA,NA,NA,AT3G24420,AT3G24420:0.00013376
698679at2759,2,Zm00001eb110600,Zm00001eb110600:3.52032e-07,NA,NA,NA,NA,NA,NA,AT5G58740,AT5G58740:2.15715e-05
69891at38820,2,NA,NA,SORBI_3002G280200,SORBI_3002G280200:0.000414082,NA,NA,HORVU.MOREX.r3.7HG0636660,HORVU.MOREX.r3.7HG0636660:2.35979e-05,NA,NA
69891at4447,2,NA,NA,SORBI_3002G280200,SORBI_3002G280200:0.000414082,NA,NA,HORVU.MOREX.r3.7HG0636660,HORVU.MOREX.r3.7HG0636660:2.35979e-05,NA,NA
69967at38820,2,Zm00001eb145860,Zm00001eb145860:0.00308591,SORBI_3003G376200,SORBI_3003G376200:0.000684675,NA,NA,NA,NA,NA,NA
69967at4447,2,Zm00001eb145860,Zm00001eb145860:0.00308591,SORBI_3003G376200,SORBI_3003G376200:0.000684675,NA,NA,NA,NA,NA,NA
699710at3193,2,Zm00001eb426650,Zm00001eb426650:0.000298494,NA,NA,NA,NA,HORVU.MOREX.r3.2HG0181700,HORVU.MOREX.r3.2HG0181700:2.46665e-05,NA,NA
701945at3193,2,Zm00001eb366470,Zm00001eb366470:0.000377028,NA,NA,NA,NA,NA,NA,AT4G13930,AT4G13930:7.83758e-05
701945at33090,2,Zm00001eb366470,Zm00001eb366470:0.000377028,NA,NA,NA,NA,NA,NA,AT4G13930,AT4G13930:7.83758e-05
702123at3193,2,Zm00001eb228530,Zm00001eb228530:0.000433813,NA,NA,NA,NA,NA,NA,AT5G03650,AT5G03650:8.25379e-06
702559at3193,2,Zm00001eb328970,Zm00001eb328970:0.000236311,NA,NA,NA,NA,NA,NA,AT1G56700,AT1G56700:1.69525e-06
702984at3193,2,Zm00001eb287070,Zm00001eb287070:2.24506e-05,NA,NA,NA,NA,NA,NA,AT5G13500,AT5G13500:1.48917e-05
703012at3193,2,Zm00001eb426920;Zm00001eb426930;Zm00001eb426940,Zm00001eb426920:8.81586e-05;Zm00001eb426930:8.81586e-05;Zm00001eb426940:8.81586e-05,NA,NA,NA,NA,NA,NA,AT1G65730,AT1G65730:0.000315007
703283at2759,2,NA,NA,NA,NA,NA,NA,HORVU.MOREX.r3.2HG0141250,HORVU.MOREX.r3.2HG0141250:0.000184413,AT5G57700,AT5G57700:0.00027131
703283at3193,2,NA,NA,NA,NA,NA,NA,HORVU.MOREX.r3.2HG0141250,HORVU.MOREX.r3.2HG0141250:0.000184413,AT5G57700,AT5G57700:0.00027131
703283at33090,2,NA,NA,NA,NA,NA,NA,HORVU.MOREX.r3.2HG0141250,HORVU.MOREX.r3.2HG0141250:0.000184413,AT5G57700,AT5G57700:0.00027131
705727at33090,2,Zm00001eb366700,Zm00001eb366700:0.00205554,SORBI_3003G368100,SORBI_3003G368100:0.00427276,NA,NA,NA,NA,NA,NA
706191at2759,2,Zm00001eb182490,Zm00001eb182490:0.000619996,NA,NA,NA,NA,NA,NA,AT1G14510;AT3G42790,AT1G14510:1.07504e-06;AT3G42790:0.000144815
706191at3193,2,Zm00001eb182490,Zm00001eb182490:0.000619996,NA,NA,NA,NA,NA,NA,AT1G14510;AT3G42790,AT1G14510:1.07504e-06;AT3G42790:0.000144815
706191at33090,2,Zm00001eb182490,Zm00001eb182490:0.000619996,NA,NA,NA,NA,NA,NA,AT1G14510;AT3G42790,AT1G14510:1.07504e-06;AT3G42790:0.000144815
707298at3193,2,Zm00001eb107190;Zm00001eb212430;Zm00001eb368360,Zm00001eb107190:0.00272225;Zm00001eb212430:0.000142213;Zm00001eb368360:0.0011419,NA,NA,NA,NA,NA,NA,AT2G41860;AT3G51850,AT2G41860:0.000202491;AT3G51850:1.12613e-05
70753at38820,2,Zm00001eb045620,Zm00001eb045620:0.000183746,SORBI_3001G217100,SORBI_3001G217100:0.00299651,NA,NA,NA,NA,NA,NA
70753at4447,2,Zm00001eb045620,Zm00001eb045620:0.000183746,SORBI_3001G217100,SORBI_3001G217100:0.00299651,NA,NA,NA,NA,NA,NA
708412at3193,2,Zm00001eb243180,Zm00001eb243180:0.00011111,NA,NA,NA,NA,NA,NA,AT1G43710,AT1G43710:9.80033e-05
708811at3193,2,Zm00001eb146270,Zm00001eb146270:0.00252845,NA,NA,NA,NA,NA,NA,AT1G34320;AT5G08660,AT1G34320:0.000263593;AT5G08660:0.000376131
71396at38820,2,Zm00001eb191500,Zm00001eb191500:0.000532538,NA,NA,NA,NA,HORVU.MOREX.r3.6HG0629060,HORVU.MOREX.r3.6HG0629060:0.000348197,NA,NA
71396at4447,2,Zm00001eb191500,Zm00001eb191500:0.000532538,NA,NA,NA,NA,HORVU.MOREX.r3.6HG0629060,HORVU.MOREX.r3.6HG0629060:0.000348197,NA,NA
71419at38820,2,NA,NA,SORBI_3003G428000,SORBI_3003G428000:0.000900258,NA,NA,HORVU.MOREX.r3.3HG0320710,HORVU.MOREX.r3.3HG0320710:0.000203866,NA,NA
71419at4447,2,NA,NA,SORBI_3003G428000,SORBI_3003G428000:0.000900258,NA,NA,HORVU.MOREX.r3.3HG0320710,HORVU.MOREX.r3.3HG0320710:0.000203866,NA,NA
7143at3193,2,Zm00001eb023910,Zm00001eb023910:0.000739952,NA,NA,NA,NA,NA,NA,AT2G44680;AT3G60250,AT2G44680:0.000144356;AT3G60250:3.99833e-06
717312at3193,2,Zm00001eb205250;Zm00001eb240190,Zm00001eb205250:0.00180904;Zm00001eb240190:0.00164527,NA,NA,NA,NA,NA,NA,AT1G10430,AT1G10430:0.000198088
717312at33090,2,Zm00001eb205250;Zm00001eb240190,Zm00001eb205250:0.00180904;Zm00001eb240190:0.00164527,NA,NA,NA,NA,NA,NA,AT1G10430,AT1G10430:0.000198088
717359at3193,2,Zm00001eb001260,Zm00001eb001260:0.00224653,NA,NA,LOC_Os01g08970,LOC_Os01g08970:0.000346251,NA,NA,NA,NA
71740at38820,2,Zm00001eb405770,Zm00001eb405770:3.60063e-06,NA,NA,NA,NA,HORVU.MOREX.r3.5HG0537840,HORVU.MOREX.r3.5HG0537840:1.87177e-06,NA,NA
71740at4447,2,Zm00001eb405770,Zm00001eb405770:3.60063e-06,NA,NA,NA,NA,HORVU.MOREX.r3.5HG0537840,HORVU.MOREX.r3.5HG0537840:1.87177e-06,NA,NA
717554at3193,2,Zm00001eb303780,Zm00001eb303780:4.44649e-05,SORBI_3010G250900,SORBI_3010G250900:0.00289695,NA,NA,NA,NA,NA,NA
717554at33090,2,Zm00001eb303780,Zm00001eb303780:4.44649e-05,SORBI_3010G250900,SORBI_3010G250900:0.00289695,NA,NA,NA,NA,NA,NA
717965at3193,2,Zm00001eb403670,Zm00001eb403670:0.000367158,NA,NA,NA,NA,NA,NA,AT5G41560,AT5G41560:0.000174337
717965at33090,2,Zm00001eb403670,Zm00001eb403670:0.000367158,NA,NA,NA,NA,NA,NA,AT5G41560,AT5G41560:0.000174337
718428at33090,2,Zm00001eb155450;Zm00001eb242750,Zm00001eb155450:0.000371846;Zm00001eb242750:0.0003246,NA,NA,LOC_Os08g04600,LOC_Os08g04600:0.000205061,NA,NA,NA,NA
718738at2759,2,Zm00001eb295640;Zm00001eb343580,Zm00001eb295640:0.00250023;Zm00001eb343580:0.000192322,NA,NA,LOC_Os01g06750,LOC_Os01g06750:0.000336405,NA,NA,NA,NA
718738at3193,2,Zm00001eb295640;Zm00001eb343580,Zm00001eb295640:0.00250023;Zm00001eb343580:0.000192322,NA,NA,LOC_Os01g06750,LOC_Os01g06750:0.000336405,NA,NA,NA,NA
718738at33090,2,Zm00001eb295640;Zm00001eb343580,Zm00001eb295640:0.00250023;Zm00001eb343580:0.000192322,NA,NA,LOC_Os01g06750,LOC_Os01g06750:0.000336405,NA,NA,NA,NA
719129at3193,2,Zm00001eb252680,Zm00001eb252680:0.00100449,NA,NA,NA,NA,NA,NA,AT2G33630,AT2G33630:0.000279331
719129at33090,2,Zm00001eb252680,Zm00001eb252680:0.00100449,NA,NA,NA,NA,NA,NA,AT2G33630,AT2G33630:0.000279331
719192at3193,2,Zm00001eb338260,Zm00001eb338260:3.51232e-05,NA,NA,NA,NA,NA,NA,AT1G03980,AT1G03980:0.000271146
719192at33090,2,Zm00001eb338260,Zm00001eb338260:3.51232e-05,NA,NA,NA,NA,NA,NA,AT1G03980,AT1G03980:0.000271146
719913at2759,2,Zm00001eb004500,Zm00001eb004500:0.000414834,SORBI_3004G240800,SORBI_3004G240800:0.00321063,NA,NA,NA,NA,NA,NA
719913at3193,2,Zm00001eb004500,Zm00001eb004500:0.000414834,SORBI_3004G240800,SORBI_3004G240800:0.00321063,NA,NA,NA,NA,NA,NA
719913at33090,2,Zm00001eb004500,Zm00001eb004500:0.000414834,SORBI_3004G240800,SORBI_3004G240800:0.00321063,NA,NA,NA,NA,NA,NA
720399at2759,2,Zm00001eb283570;Zm00001eb349990,Zm00001eb283570:0.00274679;Zm00001eb349990:0.00240325,NA,NA,NA,NA,NA,NA,AT2G13560,AT2G13560:2.81084e-05
720399at33090,2,Zm00001eb283570;Zm00001eb349990,Zm00001eb283570:0.00274679;Zm00001eb349990:0.00240325,NA,NA,NA,NA,NA,NA,AT2G13560,AT2G13560:2.81084e-05
720826at2759,2,Zm00001eb011320,Zm00001eb011320:0.000447427,SORBI_3001G430500,SORBI_3001G430500:0.00146192,NA,NA,NA,NA,NA,NA
720826at3193,2,Zm00001eb011320,Zm00001eb011320:0.000447427,SORBI_3001G430500,SORBI_3001G430500:0.00146192,NA,NA,NA,NA,NA,NA
720826at33090,2,Zm00001eb011320,Zm00001eb011320:0.000447427,SORBI_3001G430500,SORBI_3001G430500:0.00146192,NA,NA,NA,NA,NA,NA
720856at2759,2,Zm00001eb164310,Zm00001eb164310:0.00209334,NA,NA,NA,NA,NA,NA,AT5G58970,AT5G58970:0.000376094
721449at2759,2,Zm00001eb045620;Zm00001eb102530,Zm00001eb045620:0.000183746;Zm00001eb102530:0.00288266,SORBI_3001G217100,SORBI_3001G217100:0.00299651,NA,NA,NA,NA,NA,NA
721449at3193,2,Zm00001eb045620;Zm00001eb102530,Zm00001eb045620:0.000183746;Zm00001eb102530:0.00288266,SORBI_3001G217100,SORBI_3001G217100:0.00299651,NA,NA,NA,NA,NA,NA
721449at33090,2,Zm00001eb045620;Zm00001eb102530,Zm00001eb045620:0.000183746;Zm00001eb102530:0.00288266,SORBI_3001G217100,SORBI_3001G217100:0.00299651,NA,NA,NA,NA,NA,NA
723138at33090,2,NA,NA,NA,NA,NA,NA,HORVU.MOREX.r3.5HG0429810,HORVU.MOREX.r3.5HG0429810:0.000225701,AT2G13290,AT2G13290:0.00018882
723209at33090,2,Zm00001eb292100,Zm00001eb292100:0.000982874,NA,NA,NA,NA,NA,NA,AT5G04590,AT5G04590:0.00017891
723325at33090,2,NA,NA,SORBI_3010G239800,SORBI_3010G239800:0.000658726,NA,NA,NA,NA,AT5G13570,AT5G13570:1.48917e-05
723392at2759,2,Zm00001eb401220,Zm00001eb401220:0.0020595,NA,NA,NA,NA,NA,NA,AT4G39800,AT4G39800:5.44239e-05
723696at2759,2,Zm00001eb350510,Zm00001eb350510:0.000249073,NA,NA,NA,NA,NA,NA,AT1G51460,AT1G51460:1.45224e-05
723696at33090,2,Zm00001eb350510,Zm00001eb350510:0.000249073,NA,NA,NA,NA,NA,NA,AT1G51460,AT1G51460:1.45224e-05
724272at3193,2,Zm00001eb427200,Zm00001eb427200:0.00200672,NA,NA,NA,NA,HORVU.MOREX.r3.2HG0183820,HORVU.MOREX.r3.2HG0183820:2.14053e-06,NA,NA
724272at33090,2,Zm00001eb427200,Zm00001eb427200:0.00200672,NA,NA,NA,NA,HORVU.MOREX.r3.2HG0183820,HORVU.MOREX.r3.2HG0183820:2.14053e-06,NA,NA
72717at38820,2,Zm00001eb225410,Zm00001eb225410:0.00199344,SORBI_3010G234000,SORBI_3010G234000:0.00342904,NA,NA,NA,NA,NA,NA
72717at4447,2,Zm00001eb225410,Zm00001eb225410:0.00199344,SORBI_3010G234000,SORBI_3010G234000:0.00342904,NA,NA,NA,NA,NA,NA
72831at38820,2,Zm00001eb142170,Zm00001eb142170:0.000722393,SORBI_3003G416800,SORBI_3003G416800:0.000474187,NA,NA,NA,NA,NA,NA
72831at4447,2,Zm00001eb142170,Zm00001eb142170:0.000722393,SORBI_3003G416800,SORBI_3003G416800:0.000474187,NA,NA,NA,NA,NA,NA
73331at38820,2,Zm00001eb246550,Zm00001eb246550:0.00210184,SORBI_3004G207700,SORBI_3004G207700:0.00417239,NA,NA,NA,NA,NA,NA
73331at4447,2,Zm00001eb246550,Zm00001eb246550:0.00210184,SORBI_3004G207700,SORBI_3004G207700:0.00417239,NA,NA,NA,NA,NA,NA
73392at38820,2,Zm00001eb032800;Zm00001eb217370,Zm00001eb032800:0.00245109;Zm00001eb217370:0.000106322,NA,NA,LOC_Os12g06360,LOC_Os12g06360:0.000149295,NA,NA,NA,NA
741800at33090,2,Zm00001eb006020;Zm00001eb398750,Zm00001eb006020:2.16945e-05;Zm00001eb398750:0.00257247,NA,NA,NA,NA,NA,NA,AT1G68530,AT1G68530:3.12181e-09
741905at2759,2,Zm00001eb212690;Zm00001eb302680,Zm00001eb212690:0.000595228;Zm00001eb302680:0.000662787,NA,NA,LOC_Os07g01940,LOC_Os07g01940:0.000343174,NA,NA,NA,NA
741905at33090,2,Zm00001eb212690;Zm00001eb302680,Zm00001eb212690:0.000595228;Zm00001eb302680:0.000662787,NA,NA,LOC_Os07g01940,LOC_Os07g01940:0.000343174,NA,NA,NA,NA
742961at33090,2,NA,NA,NA,NA,LOC_Os01g07110,LOC_Os01g07110:0.000338531,HORVU.MOREX.r3.3HG0284270,HORVU.MOREX.r3.3HG0284270:0.000157418,NA,NA
742966at33090,2,Zm00001eb323450,Zm00001eb323450:0.00152055,SORBI_3002G329500,SORBI_3002G329500:0.000168019,NA,NA,NA,NA,NA,NA
743020at33090,2,NA,NA,SORBI_3002G280200,SORBI_3002G280200:0.000414082,NA,NA,HORVU.MOREX.r3.7HG0636660,HORVU.MOREX.r3.7HG0636660:2.35979e-05,NA,NA
743822at33090,2,Zm00001eb219490,Zm00001eb219490:0.000790722,NA,NA,NA,NA,NA,NA,AT1G26910;AT1G66580,AT1G26910:2.04378e-07;AT1G66580:0.000194161
744308at33090,2,Zm00001eb006870,Zm00001eb006870:0.00271738,NA,NA,NA,NA,NA,NA,AT4G39910,AT4G39910:0.000252534
744910at33090,2,Zm00001eb240650,Zm00001eb240650:0.00246703,NA,NA,NA,NA,NA,NA,AT5G36160,AT5G36160:0.000146775
745194at33090,2,NA,NA,SORBI_3009G045100,SORBI_3009G045100:0.00135371,LOC_Os05g01500,LOC_Os05g01500:2.04684e-05,NA,NA,NA,NA
745701at33090,2,NA,NA,NA,NA,LOC_Os02g01800,LOC_Os02g01800:8.13793e-05,NA,NA,AT2G25070,AT2G25070:1.57913e-05
745981at33090,2,Zm00001eb103720,Zm00001eb103720:0.00160201,SORBI_3002G279000,SORBI_3002G279000:0.00084549,NA,NA,NA,NA,NA,NA
746111at2759,2,Zm00001eb256460,Zm00001eb256460:0.00294078,SORBI_3009G061200,SORBI_3009G061200:0.000153435,NA,NA,NA,NA,NA,NA
746111at33090,2,Zm00001eb256460,Zm00001eb256460:0.00294078,SORBI_3009G061200,SORBI_3009G061200:0.000153435,NA,NA,NA,NA,NA,NA
746207at33090,2,Zm00001eb346120,Zm00001eb346120:0.00131413,NA,NA,NA,NA,HORVU.MOREX.r3.3HG0252850,HORVU.MOREX.r3.3HG0252850:0.000111238,NA,NA
746908at33090,2,Zm00001eb164310,Zm00001eb164310:0.00209334,NA,NA,NA,NA,NA,NA,AT5G58970,AT5G58970:0.000376094
747217at2759,2,NA,NA,NA,NA,NA,NA,HORVU.MOREX.r3.1HG0017310,HORVU.MOREX.r3.1HG0017310:3.53626e-05,AT2G38120,AT2G38120:0.000366235
747217at33090,2,NA,NA,NA,NA,NA,NA,HORVU.MOREX.r3.1HG0017310,HORVU.MOREX.r3.1HG0017310:3.53626e-05,AT2G38120,AT2G38120:0.000366235
747716at33090,2,Zm00001eb139410,Zm00001eb139410:0.00254746,NA,NA,NA,NA,NA,NA,AT1G09980,AT1G09980:0.000315785
747727at33090,2,Zm00001eb013110,Zm00001eb013110:0.00188664,NA,NA,NA,NA,HORVU.MOREX.r3.2HG0107750,HORVU.MOREX.r3.2HG0107750:7.41783e-06,NA,NA
747860at2759,2,Zm00001eb058000;Zm00001eb388840,Zm00001eb058000:0.000878144;Zm00001eb388840:0.000871577,NA,NA,NA,NA,HORVU.MOREX.r3.2HG0195210,HORVU.MOREX.r3.2HG0195210:0.000240149,NA,NA
748480at2759,2,NA,NA,SORBI_3004G009400;SORBI_3004G009500,SORBI_3004G009400:0.0030034;SORBI_3004G009500:0.0030034,NA,NA,NA,NA,AT5G60780,AT5G60780:1.41219e-12
748480at33090,2,NA,NA,SORBI_3004G009400;SORBI_3004G009500,SORBI_3004G009400:0.0030034;SORBI_3004G009500:0.0030034,NA,NA,NA,NA,AT5G60780,AT5G60780:1.41219e-12
748573at33090,2,Zm00001eb140540,Zm00001eb140540:0.00276624,SORBI_3003G431900,SORBI_3003G431900:2.39386e-06,NA,NA,NA,NA,NA,NA
748857at2759,2,NA,NA,NA,NA,NA,NA,HORVU.MOREX.r3.3HG0285070,HORVU.MOREX.r3.3HG0285070:2.33972e-05,AT2G41380;AT3G61210,AT2G41380:5.31984e-06;AT3G61210:3.61906e-06
748857at33090,2,NA,NA,NA,NA,NA,NA,HORVU.MOREX.r3.3HG0285070,HORVU.MOREX.r3.3HG0285070:2.33972e-05,AT2G41380;AT3G61210,AT2G41380:5.31984e-06;AT3G61210:3.61906e-06
749346at2759,2,Zm00001eb230870,Zm00001eb230870:0.000686749,NA,NA,NA,NA,NA,NA,AT4G17600,AT4G17600:0.000212129
749346at33090,2,Zm00001eb230870,Zm00001eb230870:0.000686749,NA,NA,NA,NA,NA,NA,AT4G17600,AT4G17600:0.000212129
749480at33090,2,Zm00001eb165450,Zm00001eb165450:0.00252571,NA,NA,NA,NA,NA,NA,AT2G47600,AT2G47600:3.71427e-06
749708at2759,2,NA,NA,SORBI_3004G253400,SORBI_3004G253400:0.00195332,NA,NA,NA,NA,AT2G47840,AT2G47840:1.08759e-06
749708at33090,2,NA,NA,SORBI_3004G253400,SORBI_3004G253400:0.00195332,NA,NA,NA,NA,AT2G47840,AT2G47840:1.08759e-06
749911at33090,2,Zm00001eb426650,Zm00001eb426650:0.000298494,NA,NA,NA,NA,HORVU.MOREX.r3.2HG0181700,HORVU.MOREX.r3.2HG0181700:2.46665e-05,NA,NA
749960at33090,2,Zm00001eb046740,Zm00001eb046740:0.00314915,NA,NA,NA,NA,NA,NA,AT5G18650,AT5G18650:9.92608e-07
749986at33090,2,Zm00001eb418000,Zm00001eb418000:0.00125288,NA,NA,NA,NA,NA,NA,AT5G40200,AT5G40200:4.06871e-05
750834at2759,2,Zm00001eb172390,Zm00001eb172390:0.00175539,SORBI_3007G048200,SORBI_3007G048200:0.00142599,NA,NA,NA,NA,NA,NA
750834at33090,2,Zm00001eb172390,Zm00001eb172390:0.00175539,SORBI_3007G048200,SORBI_3007G048200:0.00142599,NA,NA,NA,NA,NA,NA
752922at2759,2,Zm00001eb102850,Zm00001eb102850:2.83849e-05,NA,NA,NA,NA,HORVU.MOREX.r3.5HG0496860,HORVU.MOREX.r3.5HG0496860:0.000123004,NA,NA
752922at33090,2,Zm00001eb102850,Zm00001eb102850:2.83849e-05,NA,NA,NA,NA,HORVU.MOREX.r3.5HG0496860,HORVU.MOREX.r3.5HG0496860:0.000123004,NA,NA
752936at2759,2,Zm00001eb424650,Zm00001eb424650:0.0018461,SORBI_3006G115100,SORBI_3006G115100:0.00376586,NA,NA,NA,NA,NA,NA
752936at33090,2,Zm00001eb424650,Zm00001eb424650:0.0018461,SORBI_3006G115100,SORBI_3006G115100:0.00376586,NA,NA,NA,NA,NA,NA
753474at2759,2,NA,NA,SORBI_3003G273300,SORBI_3003G273300:0.00100853,LOC_Os01g07080,LOC_Os01g07080:1.83396e-07,NA,NA,NA,NA
753474at33090,2,NA,NA,SORBI_3003G273300,SORBI_3003G273300:0.00100853,LOC_Os01g07080,LOC_Os01g07080:1.83396e-07,NA,NA,NA,NA
753957at2759,2,Zm00001eb076800,Zm00001eb076800:0.000858878,NA,NA,NA,NA,NA,NA,AT5G23220,AT5G23220:0.000164464
753957at33090,2,Zm00001eb076800,Zm00001eb076800:0.000858878,NA,NA,NA,NA,NA,NA,AT5G23220,AT5G23220:0.000164464
754320at33090,2,Zm00001eb003230;Zm00001eb183820;Zm00001eb269550;Zm00001eb406670,Zm00001eb003230:0.000401963;Zm00001eb183820:0.00021932;Zm00001eb269550:0.000471329;Zm00001eb406670:8.49055e-06,NA,NA,NA,NA,NA,NA,AT1G13140;AT1G13150;AT1G34540;AT5G58860,AT1G13140:5.51111e-06;AT1G13150:5.51111e-06;AT1G34540:0.000260894;AT5G58860:8.2332e-05
756246at2759,2,NA,NA,SORBI_3002G202300,SORBI_3002G202300:0.00231912,NA,NA,NA,NA,AT2G45200,AT2G45200:0.000253684
756246at33090,2,NA,NA,SORBI_3002G202300,SORBI_3002G202300:0.00231912,NA,NA,NA,NA,AT2G45200,AT2G45200:0.000253684
7564at38820,2,Zm00001eb030890,Zm00001eb030890:0.00266151,NA,NA,LOC_Os12g05970,LOC_Os12g05970:0.000201603,NA,NA,NA,NA
7564at4447,2,Zm00001eb030890,Zm00001eb030890:0.00266151,NA,NA,LOC_Os12g05970,LOC_Os12g05970:0.000201603,NA,NA,NA,NA
756605at2759,2,Zm00001eb142170,Zm00001eb142170:0.000722393,SORBI_3003G416800,SORBI_3003G416800:0.000474187,NA,NA,NA,NA,NA,NA
756605at33090,2,Zm00001eb142170,Zm00001eb142170:0.000722393,SORBI_3003G416800,SORBI_3003G416800:0.000474187,NA,NA,NA,NA,NA,NA
756622at2759,2,NA,NA,NA,NA,NA,NA,HORVU.MOREX.r3.2HG0197870,HORVU.MOREX.r3.2HG0197870:3.61397e-05,AT2G06925,AT2G06925:0.000245693
756622at33090,2,NA,NA,NA,NA,NA,NA,HORVU.MOREX.r3.2HG0197870,HORVU.MOREX.r3.2HG0197870:3.61397e-05,AT2G06925,AT2G06925:0.000245693
757640at33090,2,Zm00001eb250910,Zm00001eb250910:0.000386246,SORBI_3004G279500,SORBI_3004G279500:0.0018205,NA,NA,NA,NA,NA,NA
757669at33090,2,NA,NA,NA,NA,NA,NA,HORVU.MOREX.r3.2HG0097600,HORVU.MOREX.r3.2HG0097600:7.17648e-05,AT2G39830,AT2G39830:3.06203e-08
759037at2759,2,NA,NA,NA,NA,NA,NA,HORVU.MOREX.r3.7HG0741190,HORVU.MOREX.r3.7HG0741190:0.000165097,AT3G16650,AT3G16650:0.000328774
759542at33090,2,Zm00001eb070580,Zm00001eb070580:4.20132e-05,NA,NA,NA,NA,HORVU.MOREX.r3.6HG0611090,HORVU.MOREX.r3.6HG0611090:1.26299e-05,NA,NA
760392at2759,2,Zm00001eb271090;Zm00001eb433910,Zm00001eb271090:1.36564e-05;Zm00001eb433910:1.18484e-05,NA,NA,NA,NA,NA,NA,AT2G38180,AT2G38180:0.000244786
760392at33090,2,Zm00001eb271090;Zm00001eb433910,Zm00001eb271090:1.36564e-05;Zm00001eb433910:1.18484e-05,NA,NA,NA,NA,NA,NA,AT2G38180,AT2G38180:0.000244786
761487at33090,2,Zm00001eb398890,Zm00001eb398890:0.00113232,SORBI_3001G270800,SORBI_3001G270800:0.00411904,NA,NA,NA,NA,NA,NA
761695at33090,2,Zm00001eb030760,Zm00001eb030760:0.00208471,NA,NA,LOC_Os12g05960,LOC_Os12g05960:0.000201603,NA,NA,NA,NA
762456at2759,2,Zm00001eb166540,Zm00001eb166540:0.00173973,NA,NA,NA,NA,NA,NA,AT1G72630;AT2G06255,AT1G72630:7.35208e-05;AT2G06255:9.64302e-05
762456at33090,2,Zm00001eb166540,Zm00001eb166540:0.00173973,NA,NA,NA,NA,NA,NA,AT1G72630;AT2G06255,AT1G72630:7.35208e-05;AT2G06255:9.64302e-05
763708at33090,2,Zm00001eb056720,Zm00001eb056720:0.00172632,NA,NA,NA,NA,HORVU.MOREX.r3.5HG0509380,HORVU.MOREX.r3.5HG0509380:1.96179e-05,NA,NA
765125at33090,2,Zm00001eb257630,Zm00001eb257630:0.000720937,NA,NA,NA,NA,NA,NA,AT4G25650,AT4G25650:3.02947e-05
766189at2759,2,Zm00001eb338260,Zm00001eb338260:3.51232e-05,NA,NA,NA,NA,NA,NA,AT1G03980,AT1G03980:0.000271146
766392at33090,2,NA,NA,NA,NA,NA,NA,HORVU.MOREX.r3.2HG0183890,HORVU.MOREX.r3.2HG0183890:2.52087e-07,AT1G63220,AT1G63220:5.02347e-05
766898at33090,2,Zm00001eb063770,Zm00001eb063770:0.00152764,NA,NA,NA,NA,NA,NA,AT3G26420,AT3G26420:4.18959e-05
767179at33090,2,Zm00001eb057410,Zm00001eb057410:0.000898657,NA,NA,NA,NA,NA,NA,AT4G16420,AT4G16420:0.000314994
767413at33090,2,Zm00001eb328970,Zm00001eb328970:0.000236311,NA,NA,NA,NA,NA,NA,AT1G56700,AT1G56700:1.69525e-06
768205at33090,2,Zm00001eb058150;Zm00001eb193100;Zm00001eb275670,Zm00001eb058150:0.00274737;Zm00001eb193100:1.42981e-06;Zm00001eb275670:0.000155207,NA,NA,NA,NA,HORVU.MOREX.r3.5HG0425620,HORVU.MOREX.r3.5HG0425620:2.24253e-05,NA,NA
7705at4447,2,Zm00001eb368580,Zm00001eb368580:0.00172232,NA,NA,LOC_Os12g01080,LOC_Os12g01080:2.15876e-06,NA,NA,NA,NA
773316at33090,2,Zm00001eb396860,Zm00001eb396860:0.000720849,NA,NA,NA,NA,NA,NA,AT5G58510,AT5G58510:0.000309542
776979at33090,2,Zm00001eb303120,Zm00001eb303120:0.00218491,NA,NA,NA,NA,NA,NA,AT4G36000;AT4G36010,AT4G36000:0.000285076;AT4G36010:1.49552e-05
777528at2759,2,Zm00001eb108620;Zm00001eb209160;Zm00001eb358890,Zm00001eb108620:0.00165323;Zm00001eb209160:0.000679168;Zm00001eb358890:0.00270912,NA,NA,NA,NA,NA,NA,AT2G01450,AT2G01450:0.000219866
777528at33090,2,Zm00001eb108620;Zm00001eb209160;Zm00001eb358890,Zm00001eb108620:0.00165323;Zm00001eb209160:0.000679168;Zm00001eb358890:0.00270912,NA,NA,NA,NA,NA,NA,AT2G01450,AT2G01450:0.000219866
782557at33090,2,Zm00001eb117070,Zm00001eb117070:0.00145838,NA,NA,NA,NA,NA,NA,AT3G13670,AT3G13670:9.94588e-05
78259at38820,2,Zm00001eb267110,Zm00001eb267110:0.000329666,NA,NA,LOC_Os05g01080,LOC_Os05g01080:0.000300097,NA,NA,NA,NA
78259at4447,2,Zm00001eb267110,Zm00001eb267110:0.000329666,NA,NA,LOC_Os05g01080,LOC_Os05g01080:0.000300097,NA,NA,NA,NA
782650at2759,2,NA,NA,NA,NA,NA,NA,HORVU.MOREX.r3.2HG0168730,HORVU.MOREX.r3.2HG0168730:5.93378e-05,AT3G50500,AT3G50500:0.000374678
782650at33090,2,NA,NA,NA,NA,NA,NA,HORVU.MOREX.r3.2HG0168730,HORVU.MOREX.r3.2HG0168730:5.93378e-05,AT3G50500,AT3G50500:0.000374678
782673at33090,2,NA,NA,SORBI_3001G067000,SORBI_3001G067000:0.00102495,NA,NA,NA,NA,AT3G20800,AT3G20800:1.20933e-07
782798at33090,2,Zm00001eb317180,Zm00001eb317180:0.000472205,NA,NA,NA,NA,NA,NA,AT4G34620,AT4G34620:0.000112038
782915at33090,2,Zm00001eb361700,Zm00001eb361700:0.00231754,NA,NA,LOC_Os02g02290,LOC_Os02g02290:8.94428e-05,NA,NA,NA,NA
783061at33090,2,Zm00001eb111020;Zm00001eb330180,Zm00001eb111020:0.000460079;Zm00001eb330180:0.00142548,NA,NA,NA,NA,NA,NA,AT5G57655,AT5G57655:0.000323597
783106at33090,2,Zm00001eb256550,Zm00001eb256550:0.00143195,NA,NA,NA,NA,HORVU.MOREX.r3.5HG0455450,HORVU.MOREX.r3.5HG0455450:8.9739e-05,NA,NA
783254at33090,2,Zm00001eb192860;Zm00001eb374200,Zm00001eb192860:0.00196631;Zm00001eb374200:1.65178e-05,NA,NA,NA,NA,NA,NA,AT1G41880,AT1G41880:0.000277875
783636at2759,2,Zm00001eb389720,Zm00001eb389720:0.00140791,NA,NA,NA,NA,NA,NA,AT1G43670,AT1G43670:2.47798e-07
783636at33090,2,Zm00001eb389720,Zm00001eb389720:0.00140791,NA,NA,NA,NA,NA,NA,AT1G43670,AT1G43670:2.47798e-07
784076at33090,2,NA,NA,NA,NA,NA,NA,HORVU.MOREX.r3.3HG0300700,HORVU.MOREX.r3.3HG0300700:5.16271e-06,AT1G08360,AT1G08360:1.98967e-05
784278at33090,2,Zm00001eb064920,Zm00001eb064920:0.00312928,NA,NA,NA,NA,NA,NA,AT1G15370,AT1G15370:7.20998e-05
784489at2759,2,Zm00001eb059860,Zm00001eb059860:0.0011508,SORBI_3001G066700,SORBI_3001G066700:0.00102495,NA,NA,NA,NA,NA,NA
784489at33090,2,Zm00001eb059860,Zm00001eb059860:0.0011508,SORBI_3001G066700,SORBI_3001G066700:0.00102495,NA,NA,NA,NA,NA,NA
784668at33090,2,NA,NA,NA,NA,NA,NA,HORVU.MOREX.r3.4HG0397450,HORVU.MOREX.r3.4HG0397450:0.000375508,AT5G20890,AT5G20890:0.000112621
784716at33090,2,Zm00001eb150960,Zm00001eb150960:0.0009985,NA,NA,NA,NA,NA,NA,AT5G54940,AT5G54940:1.15072e-09
784921at2759,2,Zm00001eb157870,Zm00001eb157870:0.00120156,NA,NA,NA,NA,NA,NA,AT4G23730;AT5G57330,AT4G23730:1.89531e-05;AT5G57330:9.99353e-07
784927at33090,2,NA,NA,NA,NA,NA,NA,HORVU.MOREX.r3.4HG0332900,HORVU.MOREX.r3.4HG0332900:0.000265822,AT2G36900,AT2G36900:0.000213517
785014at33090,2,NA,NA,SORBI_3004G046500,SORBI_3004G046500:0.00128612,NA,NA,NA,NA,AT5G39900,AT5G39900:4.73964e-07
785196at33090,2,NA,NA,SORBI_3003G374000,SORBI_3003G374000:8.36508e-05,NA,NA,NA,NA,AT4G06599,AT4G06599:0.000381917
785264at33090,2,Zm00001eb062250;Zm00001eb212030,Zm00001eb062250:0.00151123;Zm00001eb212030:0.00205168,NA,NA,NA,NA,NA,NA,AT2G40510,AT2G40510:0.000363876
785333at33090,2,Zm00001eb213310;Zm00001eb249430,Zm00001eb213310:0.00313742;Zm00001eb249430:0.00133748,NA,NA,NA,NA,HORVU.MOREX.r3.6HG0603550,HORVU.MOREX.r3.6HG0603550:9.53583e-05,NA,NA
785476at33090,2,Zm00001eb392430,Zm00001eb392430:0.000240813,NA,NA,NA,NA,HORVU.MOREX.r3.7HG0725980,HORVU.MOREX.r3.7HG0725980:0.000366794,NA,NA
785536at2759,2,Zm00001eb360650,Zm00001eb360650:0.00224639,NA,NA,NA,NA,NA,NA,AT3G27610,AT3G27610:0.000362674
785536at33090,2,Zm00001eb360650,Zm00001eb360650:0.00224639,NA,NA,NA,NA,NA,NA,AT3G27610,AT3G27610:0.000362674
785644at33090,2,Zm00001eb070260,Zm00001eb070260:0.000686561,NA,NA,NA,NA,NA,NA,AT2G43640,AT2G43640:0.000118682
78570at38820,2,Zm00001eb394240,Zm00001eb394240:0.00203288,SORBI_3001G361000,SORBI_3001G361000:0.00231401,NA,NA,NA,NA,NA,NA
78570at4447,2,Zm00001eb394240,Zm00001eb394240:0.00203288,SORBI_3001G361000,SORBI_3001G361000:0.00231401,NA,NA,NA,NA,NA,NA
785729at33090,2,NA,NA,NA,NA,NA,NA,HORVU.MOREX.r3.5HG0490180,HORVU.MOREX.r3.5HG0490180:8.92462e-07,AT5G56010,AT5G56010:2.02387e-07
785771at33090,2,NA,NA,SORBI_3004G252400,SORBI_3004G252400:0.000922038,NA,NA,NA,NA,AT1G13580,AT1G13580:1.26501e-07
786921at33090,2,Zm00001eb292360,Zm00001eb292360:0.00300555,NA,NA,NA,NA,HORVU.MOREX.r3.4HG0340910,HORVU.MOREX.r3.4HG0340910:3.85104e-05,NA,NA
787453at33090,2,Zm00001eb386630,Zm00001eb386630:0.00262704,NA,NA,NA,NA,NA,NA,AT1G06220,AT1G06220:0.000131749
787712at2759,2,NA,NA,NA,NA,NA,NA,HORVU.MOREX.r3.2HG0198070,HORVU.MOREX.r3.2HG0198070:2.71283e-05,AT3G47860,AT3G47860:0.000260926
787712at33090,2,NA,NA,NA,NA,NA,NA,HORVU.MOREX.r3.2HG0198070,HORVU.MOREX.r3.2HG0198070:2.71283e-05,AT3G47860,AT3G47860:0.000260926
787870at33090,2,Zm00001eb368680,Zm00001eb368680:0.000430664,SORBI_3004G253200,SORBI_3004G253200:0.00195332,NA,NA,NA,NA,NA,NA
788163at2759,2,NA,NA,NA,NA,NA,NA,HORVU.MOREX.r3.1HG0073130,HORVU.MOREX.r3.1HG0073130:8.62234e-06,AT5G02580,AT5G02580:1.10537e-12
788163at33090,2,NA,NA,NA,NA,NA,NA,HORVU.MOREX.r3.1HG0073130,HORVU.MOREX.r3.1HG0073130:8.62234e-06,AT5G02580,AT5G02580:1.10537e-12
788316at2759,2,NA,NA,NA,NA,NA,NA,HORVU.MOREX.r3.7HG0725990,HORVU.MOREX.r3.7HG0725990:0.000366794,AT5G16470,AT5G16470:0.000261213
788316at33090,2,NA,NA,NA,NA,NA,NA,HORVU.MOREX.r3.7HG0725990,HORVU.MOREX.r3.7HG0725990:0.000366794,AT5G16470,AT5G16470:0.000261213
788470at2759,2,Zm00001eb173250,Zm00001eb173250:0.00302176,NA,NA,LOC_Os12g06110,LOC_Os12g06110:0.000302855,NA,NA,NA,NA
788470at33090,2,Zm00001eb173250,Zm00001eb173250:0.00302176,NA,NA,LOC_Os12g06110,LOC_Os12g06110:0.000302855,NA,NA,NA,NA
788483at2759,2,Zm00001eb056930,Zm00001eb056930:0.00106773,NA,NA,NA,NA,NA,NA,AT4G27450,AT4G27450:9.82975e-05
788483at33090,2,Zm00001eb056930,Zm00001eb056930:0.00106773,NA,NA,NA,NA,NA,NA,AT4G27450,AT4G27450:9.82975e-05
790032at2759,2,NA,NA,NA,NA,NA,NA,HORVU.MOREX.r3.5HG0509720,HORVU.MOREX.r3.5HG0509720:3.9647e-05,AT5G64560,AT5G64560:0.000271607
790032at33090,2,NA,NA,NA,NA,NA,NA,HORVU.MOREX.r3.5HG0509720,HORVU.MOREX.r3.5HG0509720:3.9647e-05,AT5G64560,AT5G64560:0.000271607
790324at33090,2,Zm00001eb370650,Zm00001eb370650:0.00146431,NA,NA,NA,NA,NA,NA,AT1G30070,AT1G30070:0.000295054
790542at2759,2,Zm00001eb040700,Zm00001eb040700:0.00154931,NA,NA,NA,NA,HORVU.MOREX.r3.5HG0481310,HORVU.MOREX.r3.5HG0481310:0.000323166,NA,NA
790542at33090,2,Zm00001eb040700,Zm00001eb040700:0.00154931,NA,NA,NA,NA,HORVU.MOREX.r3.5HG0481310,HORVU.MOREX.r3.5HG0481310:0.000323166,NA,NA
791678at2759,2,Zm00001eb253990,Zm00001eb253990:8.41725e-06,NA,NA,NA,NA,HORVU.MOREX.r3.6HG0616230,HORVU.MOREX.r3.6HG0616230:0.000155553,NA,NA
791678at33090,2,Zm00001eb253990,Zm00001eb253990:8.41725e-06,NA,NA,NA,NA,HORVU.MOREX.r3.6HG0616230,HORVU.MOREX.r3.6HG0616230:0.000155553,NA,NA
791855at2759,2,NA,NA,NA,NA,NA,NA,HORVU.MOREX.r3.2HG0195200,HORVU.MOREX.r3.2HG0195200:0.000107534,AT5G21040,AT5G21040:9.85979e-07
791855at33090,2,NA,NA,NA,NA,NA,NA,HORVU.MOREX.r3.2HG0195200,HORVU.MOREX.r3.2HG0195200:0.000107534,AT5G21040,AT5G21040:9.85979e-07
791935at2759,2,Zm00001eb154350,Zm00001eb154350:0.000744756,NA,NA,NA,NA,NA,NA,AT1G29640,AT1G29640:0.000246324
791935at33090,2,Zm00001eb154350,Zm00001eb154350:0.000744756,NA,NA,NA,NA,NA,NA,AT1G29640,AT1G29640:0.000246324
792254at2759,2,Zm00001eb260460,Zm00001eb260460:0.00205006,NA,NA,NA,NA,NA,NA,AT1G10280;AT3G21310,AT1G10280:8.92722e-05;AT3G21310:0.000101009
792254at33090,2,Zm00001eb260460,Zm00001eb260460:0.00205006,NA,NA,NA,NA,NA,NA,AT1G10280;AT3G21310,AT1G10280:8.92722e-05;AT3G21310:0.000101009
792348at33090,2,Zm00001eb368390,Zm00001eb368390:0.0011419,NA,NA,NA,NA,HORVU.MOREX.r3.2HG0211900,HORVU.MOREX.r3.2HG0211900:0.000349413,NA,NA
792539at2759,2,Zm00001eb211050,Zm00001eb211050:0.00222541,NA,NA,NA,NA,NA,NA,AT1G71870,AT1G71870:0.000269664
792539at33090,2,Zm00001eb211050,Zm00001eb211050:0.00222541,NA,NA,NA,NA,NA,NA,AT1G71870,AT1G71870:0.000269664
792806at2759,2,NA,NA,NA,NA,NA,NA,HORVU.MOREX.r3.1HG0082530,HORVU.MOREX.r3.1HG0082530:0.000214753,AT1G64060,AT1G64060:8.85811e-05
792806at33090,2,NA,NA,NA,NA,NA,NA,HORVU.MOREX.r3.1HG0082530,HORVU.MOREX.r3.1HG0082530:0.000214753,AT1G64060,AT1G64060:8.85811e-05
793218at2759,2,NA,NA,SORBI_3002G221700,SORBI_3002G221700:0.00224492,NA,NA,NA,NA,AT1G14690,AT1G14690:0.000207918
793218at33090,2,NA,NA,SORBI_3002G221700,SORBI_3002G221700:0.00224492,NA,NA,NA,NA,AT1G14690,AT1G14690:0.000207918
793249at2759,2,Zm00001eb021390,Zm00001eb021390:0.000174828,NA,NA,NA,NA,NA,NA,AT5G52120,AT5G52120:1.14308e-07
793249at33090,2,Zm00001eb021390,Zm00001eb021390:0.000174828,NA,NA,NA,NA,NA,NA,AT5G52120,AT5G52120:1.14308e-07
793678at2759,2,NA,NA,SORBI_3002G040300,SORBI_3002G040300:0.00333843,NA,NA,NA,NA,AT1G62780,AT1G62780:5.99559e-05
793678at33090,2,NA,NA,SORBI_3002G040300,SORBI_3002G040300:0.00333843,NA,NA,NA,NA,AT1G62780,AT1G62780:5.99559e-05
79373at38820,2,Zm00001eb336020,Zm00001eb336020:0.000412847,SORBI_3003G068200,SORBI_3003G068200:0.00406461,NA,NA,NA,NA,NA,NA
79373at4447,2,Zm00001eb336020,Zm00001eb336020:0.000412847,SORBI_3003G068200,SORBI_3003G068200:0.00406461,NA,NA,NA,NA,NA,NA
793804at2759,2,Zm00001eb377420,Zm00001eb377420:0.00124504,SORBI_3010G030800,SORBI_3010G030800:0.00149968,NA,NA,NA,NA,NA,NA
794108at2759,2,Zm00001eb363830,Zm00001eb363830:0.000279626,SORBI_3006G165800,SORBI_3006G165800:0.00275356,NA,NA,NA,NA,NA,NA
794108at33090,2,Zm00001eb363830,Zm00001eb363830:0.000279626,SORBI_3006G165800,SORBI_3006G165800:0.00275356,NA,NA,NA,NA,NA,NA
794518at2759,2,Zm00001eb059960;Zm00001eb117520,Zm00001eb059960:0.00012095;Zm00001eb117520:0.00167981,NA,NA,NA,NA,NA,NA,AT3G07560,AT3G07560:0.000342871
794518at33090,2,Zm00001eb059960;Zm00001eb117520,Zm00001eb059960:0.00012095;Zm00001eb117520:0.00167981,NA,NA,NA,NA,NA,NA,AT3G07560,AT3G07560:0.000342871
794577at2759,2,Zm00001eb331410,Zm00001eb331410:1.12821e-06,NA,NA,NA,NA,NA,NA,AT1G47380;AT1G68410,AT1G47380:5.6173e-05;AT1G68410:1.05872e-07
794577at33090,2,Zm00001eb331410,Zm00001eb331410:1.12821e-06,NA,NA,NA,NA,NA,NA,AT1G47380;AT1G68410,AT1G47380:5.6173e-05;AT1G68410:1.05872e-07
794820at33090,2,Zm00001eb364100,Zm00001eb364100:0.0014933,NA,NA,NA,NA,NA,NA,AT3G61710,AT3G61710:8.51004e-05
795932at33090,2,Zm00001eb309610,Zm00001eb309610:0.00070818,NA,NA,LOC_Os03g02150,LOC_Os03g02150:0.000129411,NA,NA,NA,NA
796239at2759,2,Zm00001eb256890,Zm00001eb256890:0.00232593,NA,NA,NA,NA,NA,NA,AT5G20580,AT5G20580:1.2245e-08
796239at33090,2,Zm00001eb256890,Zm00001eb256890:0.00232593,NA,NA,NA,NA,NA,NA,AT5G20580,AT5G20580:1.2245e-08
796281at2759,2,Zm00001eb001260,Zm00001eb001260:0.00224653,NA,NA,LOC_Os01g08970,LOC_Os01g08970:0.000346251,NA,NA,NA,NA
796281at33090,2,Zm00001eb001260,Zm00001eb001260:0.00224653,NA,NA,LOC_Os01g08970,LOC_Os01g08970:0.000346251,NA,NA,NA,NA
796752at33090,2,Zm00001eb149750;Zm00001eb370150,Zm00001eb149750:0.000975282;Zm00001eb370150:3.33878e-06,NA,NA,NA,NA,NA,NA,AT1G31300,AT1G31300:1.78874e-07
79777at2759,2,Zm00001eb363100,Zm00001eb363100:0.000976404,NA,NA,NA,NA,NA,NA,AT3G57130,AT3G57130:0.000195861
79777at33090,2,Zm00001eb363100,Zm00001eb363100:0.000976404,NA,NA,NA,NA,NA,NA,AT3G57130,AT3G57130:0.000195861
800548at33090,2,Zm00001eb064310;Zm00001eb427510,Zm00001eb064310:0.000129209;Zm00001eb427510:0.00066957,NA,NA,NA,NA,NA,NA,AT1G45332,AT1G45332:4.18789e-05
801097at2759,2,Zm00001eb292620,Zm00001eb292620:0.000105303,NA,NA,NA,NA,NA,NA,AT3G01060,AT3G01060:0.000174354
801097at33090,2,Zm00001eb292620,Zm00001eb292620:0.000105303,NA,NA,NA,NA,NA,NA,AT3G01060,AT3G01060:0.000174354
801205at33090,2,Zm00001eb401220,Zm00001eb401220:0.0020595,NA,NA,NA,NA,NA,NA,AT4G39800,AT4G39800:5.44239e-05
801274at33090,2,Zm00001eb094220;Zm00001eb331520,Zm00001eb094220:0.00284143;Zm00001eb331520:0.00274039,NA,NA,NA,NA,HORVU.MOREX.r3.2HG0108460,HORVU.MOREX.r3.2HG0108460:0.000395525,NA,NA
801325at33090,2,Zm00001eb331350,Zm00001eb331350:1.12821e-06,NA,NA,NA,NA,NA,NA,AT5G47040,AT5G47040:1.81983e-05
801523at33090,2,Zm00001eb117050,Zm00001eb117050:1.80197e-06,NA,NA,NA,NA,HORVU.MOREX.r3.5HG0518510,HORVU.MOREX.r3.5HG0518510:5.45948e-07,NA,NA
801574at33090,2,NA,NA,NA,NA,NA,NA,HORVU.MOREX.r3.2HG0205830;HORVU.MOREX.r3.6HG0615160,HORVU.MOREX.r3.2HG0205830:0.00035558;HORVU.MOREX.r3.6HG0615160:1.74247e-06,AT1G26830,AT1G26830:3.1773e-06
801765at33090,2,Zm00001eb193580,Zm00001eb193580:0.00238707,SORBI_3002G224100,SORBI_3002G224100:7.08378e-05,NA,NA,NA,NA,NA,NA
802861at33090,2,Zm00001eb110600,Zm00001eb110600:3.52032e-07,NA,NA,NA,NA,NA,NA,AT5G58740,AT5G58740:2.15715e-05
803248at2759,2,Zm00001eb149750;Zm00001eb370150,Zm00001eb149750:0.000975282;Zm00001eb370150:3.33878e-06,NA,NA,NA,NA,NA,NA,AT1G31300,AT1G31300:1.78874e-07
803501at2759,2,Zm00001eb287070,Zm00001eb287070:2.24506e-05,NA,NA,NA,NA,NA,NA,AT5G13500,AT5G13500:1.48917e-05
803501at33090,2,Zm00001eb287070,Zm00001eb287070:2.24506e-05,NA,NA,NA,NA,NA,NA,AT5G13500,AT5G13500:1.48917e-05
803714at33090,2,Zm00001eb278650,Zm00001eb278650:0.0028319,NA,NA,NA,NA,NA,NA,AT3G25585,AT3G25585:0.000212388
803849at2759,2,Zm00001eb291900,Zm00001eb291900:0.00220451,NA,NA,NA,NA,NA,NA,AT3G20680,AT3G20680:2.38182e-06
803849at33090,2,Zm00001eb291900,Zm00001eb291900:0.00220451,NA,NA,NA,NA,NA,NA,AT3G20680,AT3G20680:2.38182e-06
804748at2759,2,Zm00001eb068640;Zm00001eb244120,Zm00001eb068640:0.000481384;Zm00001eb244120:0.00063505,SORBI_3003G374400,SORBI_3003G374400:8.36508e-05,NA,NA,NA,NA,NA,NA
804748at33090,2,Zm00001eb068640;Zm00001eb244120,Zm00001eb068640:0.000481384;Zm00001eb244120:0.00063505,SORBI_3003G374400,SORBI_3003G374400:8.36508e-05,NA,NA,NA,NA,NA,NA
806059at33090,2,Zm00001eb142350,Zm00001eb142350:0.000945981,NA,NA,NA,NA,NA,NA,AT1G02880;AT2G44750,AT1G02880:4.68126e-06;AT2G44750:0.000105258
806409at33090,2,Zm00001eb004290,Zm00001eb004290:0.000810899,SORBI_3001G003500,SORBI_3001G003500:0.0013433,NA,NA,NA,NA,NA,NA
806735at2759,2,Zm00001eb423980,Zm00001eb423980:0.00178976,NA,NA,NA,NA,HORVU.MOREX.r3.2HG0173040,HORVU.MOREX.r3.2HG0173040:0.000340203,NA,NA
806735at33090,2,Zm00001eb423980,Zm00001eb423980:0.00178976,NA,NA,NA,NA,HORVU.MOREX.r3.2HG0173040,HORVU.MOREX.r3.2HG0173040:0.000340203,NA,NA
80718at38820,2,Zm00001eb296750,Zm00001eb296750:0.000146898,NA,NA,LOC_Os05g05780,LOC_Os05g05780:9.69473e-05,NA,NA,NA,NA
80718at4447,2,Zm00001eb296750,Zm00001eb296750:0.000146898,NA,NA,LOC_Os05g05780,LOC_Os05g05780:9.69473e-05,NA,NA,NA,NA
80794at38820,2,Zm00001eb301430,Zm00001eb301430:0.000369779,NA,NA,NA,NA,HORVU.MOREX.r3.1HG0088870,HORVU.MOREX.r3.1HG0088870:0.000207334,NA,NA
80794at4447,2,Zm00001eb301430,Zm00001eb301430:0.000369779,NA,NA,NA,NA,HORVU.MOREX.r3.1HG0088870,HORVU.MOREX.r3.1HG0088870:0.000207334,NA,NA
808379at33090,2,Zm00001eb245020,Zm00001eb245020:0.000188119,NA,NA,NA,NA,NA,NA,AT1G18720,AT1G18720:2.71234e-06
809293at33090,2,Zm00001eb071670;Zm00001eb362860,Zm00001eb071670:0.000140687;Zm00001eb362860:0.00257981,NA,NA,LOC_Os05g01530,LOC_Os05g01530:1.36409e-06,NA,NA,NA,NA
809774at2759,2,Zm00001eb433500,Zm00001eb433500:0.000242074,SORBI_3003G428300,SORBI_3003G428300:0.000900258,NA,NA,NA,NA,NA,NA
809774at33090,2,Zm00001eb433500,Zm00001eb433500:0.000242074,SORBI_3003G428300,SORBI_3003G428300:0.000900258,NA,NA,NA,NA,NA,NA
809874at33090,2,Zm00001eb001830;Zm00001eb063370;Zm00001eb193090,Zm00001eb001830:0.00202016;Zm00001eb063370:6.09523e-05;Zm00001eb193090:1.42981e-06,NA,NA,NA,NA,NA,NA,AT3G42950;AT4G23500,AT3G42950:0.00025749;AT4G23500:0.000107284
81272at38820,2,Zm00001eb377440,Zm00001eb377440:0.00124504,SORBI_3010G030600,SORBI_3010G030600:0.00149968,NA,NA,NA,NA,NA,NA
81272at4447,2,Zm00001eb377440,Zm00001eb377440:0.00124504,SORBI_3010G030600,SORBI_3010G030600:0.00149968,NA,NA,NA,NA,NA,NA
81292at2759,2,Zm00001eb408270;Zm00001eb427140,Zm00001eb408270:0.00159246;Zm00001eb427140:6.56978e-05,NA,NA,NA,NA,NA,NA,AT5G54200,AT5G54200:6.38647e-05
81292at3193,2,Zm00001eb408270;Zm00001eb427140,Zm00001eb408270:0.00159246;Zm00001eb427140:6.56978e-05,NA,NA,NA,NA,NA,NA,AT5G54200,AT5G54200:6.38647e-05
81292at33090,2,Zm00001eb408270;Zm00001eb427140,Zm00001eb408270:0.00159246;Zm00001eb427140:6.56978e-05,NA,NA,NA,NA,NA,NA,AT5G54200,AT5G54200:6.38647e-05
812at38820,2,Zm00001eb123200,Zm00001eb123200:0.000961121,NA,NA,LOC_Os05g01690,LOC_Os05g01690:9.75153e-05,NA,NA,NA,NA
812at4447,2,Zm00001eb123200,Zm00001eb123200:0.000961121,NA,NA,LOC_Os05g01690,LOC_Os05g01690:9.75153e-05,NA,NA,NA,NA
81340at38820,2,Zm00001eb056720,Zm00001eb056720:0.00172632,NA,NA,NA,NA,HORVU.MOREX.r3.5HG0509380,HORVU.MOREX.r3.5HG0509380:1.96179e-05,NA,NA
81340at4447,2,Zm00001eb056720,Zm00001eb056720:0.00172632,NA,NA,NA,NA,HORVU.MOREX.r3.5HG0509380,HORVU.MOREX.r3.5HG0509380:1.96179e-05,NA,NA
81673at38820,2,Zm00001eb218880,Zm00001eb218880:0.00115683,NA,NA,NA,NA,HORVU.MOREX.r3.4HG0340900,HORVU.MOREX.r3.4HG0340900:3.85104e-05,NA,NA
81673at4447,2,Zm00001eb218880,Zm00001eb218880:0.00115683,NA,NA,NA,NA,HORVU.MOREX.r3.4HG0340900,HORVU.MOREX.r3.4HG0340900:3.85104e-05,NA,NA
82444at38820,2,Zm00001eb416250,Zm00001eb416250:0.00277236,SORBI_3007G041000,SORBI_3007G041000:0.000184461,NA,NA,NA,NA,NA,NA
82444at4447,2,Zm00001eb416250,Zm00001eb416250:0.00277236,SORBI_3007G041000,SORBI_3007G041000:0.000184461,NA,NA,NA,NA,NA,NA
82995at38820,2,Zm00001eb135130,Zm00001eb135130:0.00310617,NA,NA,LOC_Os01g07020,LOC_Os01g07020:1.68133e-05,NA,NA,NA,NA
82995at4447,2,Zm00001eb135130,Zm00001eb135130:0.00310617,NA,NA,LOC_Os01g07020,LOC_Os01g07020:1.68133e-05,NA,NA,NA,NA
85428at38820,2,Zm00001eb424650,Zm00001eb424650:0.0018461,SORBI_3006G115100,SORBI_3006G115100:0.00376586,NA,NA,NA,NA,NA,NA
85428at4447,2,Zm00001eb424650,Zm00001eb424650:0.0018461,SORBI_3006G115100,SORBI_3006G115100:0.00376586,NA,NA,NA,NA,NA,NA
85507at38820,2,Zm00001eb142090;Zm00001eb142130,Zm00001eb142090:0.000722393;Zm00001eb142130:0.000722393,SORBI_3003G417200,SORBI_3003G417200:0.000474187,NA,NA,NA,NA,NA,NA
85507at4447,2,Zm00001eb142090;Zm00001eb142130,Zm00001eb142090:0.000722393;Zm00001eb142130:0.000722393,SORBI_3003G417200,SORBI_3003G417200:0.000474187,NA,NA,NA,NA,NA,NA
85711at38820,2,NA,NA,SORBI_3003G273300,SORBI_3003G273300:0.00100853,LOC_Os01g07080,LOC_Os01g07080:1.83396e-07,NA,NA,NA,NA
85711at4447,2,NA,NA,SORBI_3003G273300,SORBI_3003G273300:0.00100853,LOC_Os01g07080,LOC_Os01g07080:1.83396e-07,NA,NA,NA,NA
85950at38820,2,Zm00001eb187370;Zm00001eb427970,Zm00001eb187370:0.00248355;Zm00001eb427970:0.000531501,NA,NA,NA,NA,HORVU.MOREX.r3.6HG0604470,HORVU.MOREX.r3.6HG0604470:1.21271e-06,NA,NA
85950at4447,2,Zm00001eb187370;Zm00001eb427970,Zm00001eb187370:0.00248355;Zm00001eb427970:0.000531501,NA,NA,NA,NA,HORVU.MOREX.r3.6HG0604470,HORVU.MOREX.r3.6HG0604470:1.21271e-06,NA,NA
86399at38820,2,Zm00001eb011900,Zm00001eb011900:0.001445,NA,NA,NA,NA,HORVU.MOREX.r3.3HG0225320,HORVU.MOREX.r3.3HG0225320:0.000342548,NA,NA
87895at38820,2,NA,NA,SORBI_3002G281100,SORBI_3002G281100:0.000858851,NA,NA,HORVU.MOREX.r3.5HG0500850,HORVU.MOREX.r3.5HG0500850:0.00013933,NA,NA
87895at4447,2,NA,NA,SORBI_3002G281100,SORBI_3002G281100:0.000858851,NA,NA,HORVU.MOREX.r3.5HG0500850,HORVU.MOREX.r3.5HG0500850:0.00013933,NA,NA
88136at38820,2,Zm00001eb100420,Zm00001eb100420:0.000615548,SORBI_3002G224000,SORBI_3002G224000:7.08378e-05,NA,NA,NA,NA,NA,NA
88136at4447,2,Zm00001eb100420,Zm00001eb100420:0.000615548,SORBI_3002G224000,SORBI_3002G224000:7.08378e-05,NA,NA,NA,NA,NA,NA
88228at38820,2,Zm00001eb348850,Zm00001eb348850:0.000467745,NA,NA,NA,NA,HORVU.MOREX.r3.1HG0066850,HORVU.MOREX.r3.1HG0066850:0.000274486,NA,NA
88228at4447,2,Zm00001eb348850,Zm00001eb348850:0.000467745,NA,NA,NA,NA,HORVU.MOREX.r3.1HG0066850,HORVU.MOREX.r3.1HG0066850:0.000274486,NA,NA
88404at38820,2,Zm00001eb394050,Zm00001eb394050:0.00069974,NA,NA,NA,NA,HORVU.MOREX.r3.4HG0397570,HORVU.MOREX.r3.4HG0397570:9.99208e-05,NA,NA
88404at4447,2,Zm00001eb394050,Zm00001eb394050:0.00069974,NA,NA,NA,NA,HORVU.MOREX.r3.4HG0397570,HORVU.MOREX.r3.4HG0397570:9.99208e-05,NA,NA
88747at38820,2,Zm00001eb142150,Zm00001eb142150:0.000722393,SORBI_3003G416900;SORBI_3003G417100,SORBI_3003G416900:0.000474187;SORBI_3003G417100:0.000474187,NA,NA,NA,NA,NA,NA
88747at4447,2,Zm00001eb142150,Zm00001eb142150:0.000722393,SORBI_3003G416900;SORBI_3003G417100,SORBI_3003G416900:0.000474187;SORBI_3003G417100:0.000474187,NA,NA,NA,NA,NA,NA
89052at38820,2,NA,NA,SORBI_3001G070800,SORBI_3001G070800:0.0033504,NA,NA,HORVU.MOREX.r3.5HG0514410;HORVU.MOREX.r3.5HG0514460,HORVU.MOREX.r3.5HG0514410:0.000308695;HORVU.MOREX.r3.5HG0514460:0.000308695,NA,NA
89052at4447,2,NA,NA,SORBI_3001G070800,SORBI_3001G070800:0.0033504,NA,NA,HORVU.MOREX.r3.5HG0514410;HORVU.MOREX.r3.5HG0514460,HORVU.MOREX.r3.5HG0514410:0.000308695;HORVU.MOREX.r3.5HG0514460:0.000308695,NA,NA
89081at38820,2,Zm00001eb072870;Zm00001eb250940,Zm00001eb072870:0.000252369;Zm00001eb250940:0.000386246,SORBI_3004G279300,SORBI_3004G279300:0.0018205,NA,NA,NA,NA,NA,NA
89081at4447,2,Zm00001eb072870;Zm00001eb250940,Zm00001eb072870:0.000252369;Zm00001eb250940:0.000386246,SORBI_3004G279300,SORBI_3004G279300:0.0018205,NA,NA,NA,NA,NA,NA
89771at4447,2,Zm00001eb140540,Zm00001eb140540:0.00276624,SORBI_3003G431900,SORBI_3003G431900:2.39386e-06,NA,NA,NA,NA,NA,NA
89849at4447,2,Zm00001eb255520,Zm00001eb255520:0.00208323,SORBI_3002G179800;SORBI_3003G396100,SORBI_3002G179800:0.000577828;SORBI_3003G396100:8.74251e-05,NA,NA,NA,NA,NA,NA
89894at38820,2,Zm00001eb429450,Zm00001eb429450:0.00122872,NA,NA,LOC_Os04g05550,LOC_Os04g05550:0.000101938,NA,NA,NA,NA
89894at4447,2,Zm00001eb429450,Zm00001eb429450:0.00122872,NA,NA,LOC_Os04g05550,LOC_Os04g05550:0.000101938,NA,NA,NA,NA
90695at4447,2,Zm00001eb032800;Zm00001eb217370,Zm00001eb032800:0.00245109;Zm00001eb217370:0.000106322,NA,NA,LOC_Os12g06360,LOC_Os12g06360:0.000149295,NA,NA,NA,NA
91193at3193,2,Zm00001eb280690;Zm00001eb319480,Zm00001eb280690:0.000911695;Zm00001eb319480:0.000796352,NA,NA,NA,NA,NA,NA,AT1G70710,AT1G70710:0.000102823
91199at38820,2,Zm00001eb100410,Zm00001eb100410:0.000615548,SORBI_3002G224200,SORBI_3002G224200:7.08378e-05,NA,NA,NA,NA,NA,NA
91199at4447,2,Zm00001eb100410,Zm00001eb100410:0.000615548,SORBI_3002G224200,SORBI_3002G224200:7.08378e-05,NA,NA,NA,NA,NA,NA
91313at2759,2,Zm00001eb151480,Zm00001eb151480:0.00219412,NA,NA,NA,NA,NA,NA,AT1G61250,AT1G61250:5.04422e-05
91313at33090,2,Zm00001eb151480,Zm00001eb151480:0.00219412,NA,NA,NA,NA,NA,NA,AT1G61250,AT1G61250:5.04422e-05
91621at38820,2,Zm00001eb272740,Zm00001eb272740:0.00122443,SORBI_3010G256200,SORBI_3010G256200:0.00324054,NA,NA,NA,NA,NA,NA
91621at4447,2,Zm00001eb272740,Zm00001eb272740:0.00122443,SORBI_3010G256200,SORBI_3010G256200:0.00324054,NA,NA,NA,NA,NA,NA
91862at38820,2,Zm00001eb106450;Zm00001eb106460,Zm00001eb106450:0.00234353;Zm00001eb106460:0.00234353,SORBI_3002G329900;SORBI_3002G330000,SORBI_3002G329900:0.000168019;SORBI_3002G330000:0.000168019,NA,NA,NA,NA,NA,NA
91862at4447,2,Zm00001eb106450;Zm00001eb106460,Zm00001eb106450:0.00234353;Zm00001eb106460:0.00234353,SORBI_3002G329900;SORBI_3002G330000,SORBI_3002G329900:0.000168019;SORBI_3002G330000:0.000168019,NA,NA,NA,NA,NA,NA
93462at4447,2,Zm00001eb011900,Zm00001eb011900:0.001445,NA,NA,NA,NA,HORVU.MOREX.r3.3HG0225040;HORVU.MOREX.r3.3HG0225320,HORVU.MOREX.r3.3HG0225040:9.28825e-05;HORVU.MOREX.r3.3HG0225320:0.000342548,NA,NA
94143at38820,2,Zm00001eb400520,Zm00001eb400520:0.00223162,NA,NA,NA,NA,HORVU.MOREX.r3.4HG0397890,HORVU.MOREX.r3.4HG0397890:4.33982e-05,NA,NA
94143at4447,2,Zm00001eb400520,Zm00001eb400520:0.00223162,NA,NA,NA,NA,HORVU.MOREX.r3.4HG0397890,HORVU.MOREX.r3.4HG0397890:4.33982e-05,NA,NA
9421at38820,2,Zm00001eb149740,Zm00001eb149740:2.8591e-05,SORBI_3003G335900,SORBI_3003G335900:0.00378126,NA,NA,NA,NA,NA,NA
9421at4447,2,Zm00001eb149740,Zm00001eb149740:2.8591e-05,SORBI_3003G335900,SORBI_3003G335900:0.00378126,NA,NA,NA,NA,NA,NA
94321at2759,2,Zm00001eb370620,Zm00001eb370620:0.00146431,SORBI_3002G330400,SORBI_3002G330400:2.52102e-05,NA,NA,NA,NA,NA,NA
94321at33090,2,Zm00001eb370620,Zm00001eb370620:0.00146431,SORBI_3002G330400,SORBI_3002G330400:2.52102e-05,NA,NA,NA,NA,NA,NA
94577at38820,2,Zm00001eb352220,Zm00001eb352220:0.000314607,NA,NA,NA,NA,HORVU.MOREX.r3.5HG0524500,HORVU.MOREX.r3.5HG0524500:0.0003068,NA,NA
94577at4447,2,Zm00001eb352220,Zm00001eb352220:0.000314607,NA,NA,NA,NA,HORVU.MOREX.r3.5HG0524500,HORVU.MOREX.r3.5HG0524500:0.0003068,NA,NA
94917at38820,2,Zm00001eb221150,Zm00001eb221150:0.000188302,SORBI_3001G207000,SORBI_3001G207000:0.00380886,NA,NA,NA,NA,NA,NA
94917at4447,2,Zm00001eb221150,Zm00001eb221150:0.000188302,SORBI_3001G207000,SORBI_3001G207000:0.00380886,NA,NA,NA,NA,NA,NA
94990at38820,2,Zm00001eb312390,Zm00001eb312390:0.00185174,SORBI_3002G198600,SORBI_3002G198600:0.00336919,NA,NA,NA,NA,NA,NA
94990at4447,2,Zm00001eb312390,Zm00001eb312390:0.00185174,SORBI_3002G198600,SORBI_3002G198600:0.00336919,NA,NA,NA,NA,NA,NA
9547at4447,2,Zm00001eb432010,Zm00001eb432010:0.000207661,SORBI_3006G211800,SORBI_3006G211800:0.000128523,NA,NA,NA,NA,NA,NA
95574at38820,2,Zm00001eb434360,Zm00001eb434360:0.000654816,NA,NA,NA,NA,HORVU.MOREX.r3.2HG0215900,HORVU.MOREX.r3.2HG0215900:5.88443e-06,NA,NA
95574at4447,2,Zm00001eb434360,Zm00001eb434360:0.000654816,NA,NA,NA,NA,HORVU.MOREX.r3.2HG0215900,HORVU.MOREX.r3.2HG0215900:5.88443e-06,NA,NA
95998at38820,2,Zm00001eb290760;Zm00001eb352090,Zm00001eb290760:3.37543e-05;Zm00001eb352090:2.07969e-05,NA,NA,LOC_Os01g08190,LOC_Os01g08190:0.000149628,NA,NA,NA,NA
95998at4447,2,Zm00001eb290760;Zm00001eb352090,Zm00001eb290760:3.37543e-05;Zm00001eb352090:2.07969e-05,NA,NA,LOC_Os01g08190,LOC_Os01g08190:0.000149628,NA,NA,NA,NA
96367at38820,2,Zm00001eb398790,Zm00001eb398790:0.00257247,NA,NA,NA,NA,HORVU.MOREX.r3.2HG0105470,HORVU.MOREX.r3.2HG0105470:0.000116688,NA,NA
96367at4447,2,Zm00001eb398790,Zm00001eb398790:0.00257247,NA,NA,NA,NA,HORVU.MOREX.r3.2HG0105470,HORVU.MOREX.r3.2HG0105470:0.000116688,NA,NA
96609at38820,2,Zm00001eb323590,Zm00001eb323590:0.000378898,NA,NA,NA,NA,HORVU.MOREX.r3.2HG0137420,HORVU.MOREX.r3.2HG0137420:0.000123753,NA,NA
96609at4447,2,Zm00001eb323590,Zm00001eb323590:0.000378898,NA,NA,NA,NA,HORVU.MOREX.r3.2HG0137420,HORVU.MOREX.r3.2HG0137420:0.000123753,NA,NA
96890at38820,2,Zm00001eb172390,Zm00001eb172390:0.00175539,SORBI_3007G048200,SORBI_3007G048200:0.00142599,NA,NA,NA,NA,NA,NA
96890at4447,2,Zm00001eb172390,Zm00001eb172390:0.00175539,SORBI_3007G048200,SORBI_3007G048200:0.00142599,NA,NA,NA,NA,NA,NA
96958at38820,2,Zm00001eb199500,Zm00001eb199500:0.000464995,NA,NA,LOC_Os08g04990,LOC_Os08g04990:0.000275228,NA,NA,NA,NA
96958at4447,2,Zm00001eb199500,Zm00001eb199500:0.000464995,NA,NA,LOC_Os08g04990,LOC_Os08g04990:0.000275228,NA,NA,NA,NA
97007at38820,2,Zm00001eb058370;Zm00001eb214230,Zm00001eb058370:0.00194734;Zm00001eb214230:0.00304524,SORBI_3001G079500,SORBI_3001G079500:0.00159137,NA,NA,NA,NA,NA,NA
97007at4447,2,Zm00001eb058370;Zm00001eb214230,Zm00001eb058370:0.00194734;Zm00001eb214230:0.00304524,SORBI_3001G079500,SORBI_3001G079500:0.00159137,NA,NA,NA,NA,NA,NA
97118at38820,2,Zm00001eb298660,Zm00001eb298660:0.00196684,NA,NA,LOC_Os12g05790,LOC_Os12g05790:0.000309876,NA,NA,NA,NA
97118at4447,2,Zm00001eb298660,Zm00001eb298660:0.00196684,NA,NA,LOC_Os12g05790,LOC_Os12g05790:0.000309876,NA,NA,NA,NA
9753at4447,2,Zm00001eb271130,Zm00001eb271130:1.36564e-05,NA,NA,NA,NA,HORVU.MOREX.r3.7HG0653390,HORVU.MOREX.r3.7HG0653390:1.16418e-11,NA,NA
98184at38820,2,Zm00001eb073830,Zm00001eb073830:0.000535195,NA,NA,NA,NA,HORVU.MOREX.r3.2HG0187780,HORVU.MOREX.r3.2HG0187780:8.339e-08,NA,NA
98184at4447,2,Zm00001eb073830,Zm00001eb073830:0.000535195,NA,NA,NA,NA,HORVU.MOREX.r3.2HG0187780,HORVU.MOREX.r3.2HG0187780:8.339e-08,NA,NA
98456at38820,2,Zm00001eb038210,Zm00001eb038210:0.00240434,SORBI_3002G229700,SORBI_3002G229700:0.00113179,NA,NA,NA,NA,NA,NA
98456at4447,2,Zm00001eb038210,Zm00001eb038210:0.00240434,SORBI_3002G229700,SORBI_3002G229700:0.00113179,NA,NA,NA,NA,NA,NA
9868at38820,2,Zm00001eb272770,Zm00001eb272770:1.47983e-05,SORBI_3010G255700,SORBI_3010G255700:0.00324054,NA,NA,NA,NA,NA,NA
9868at4447,2,Zm00001eb272770,Zm00001eb272770:1.47983e-05,SORBI_3010G255700,SORBI_3010G255700:0.00324054,NA,NA,NA,NA,NA,NA
98839at3193,2,Zm00001eb043650,Zm00001eb043650:0.000202622,SORBI_3001G195800,SORBI_3001G195800:0.001795,NA,NA,NA,NA,NA,NA
98839at33090,2,Zm00001eb043650,Zm00001eb043650:0.000202622,SORBI_3001G195800,SORBI_3001G195800:0.001795,NA,NA,NA,NA,NA,NA
99436at38820,2,Zm00001eb283080,Zm00001eb283080:0.000369508,SORBI_3009G064000;SORBI_3009G064100,SORBI_3009G064000:0.00411849;SORBI_3009G064100:0.00411849,NA,NA,NA,NA,NA,NA
99436at4447,2,Zm00001eb283080,Zm00001eb283080:0.000369508,SORBI_3009G064000;SORBI_3009G064100,SORBI_3009G064000:0.00411849;SORBI_3009G064100:0.00411849,NA,NA,NA,NA,NA,NA
