Orthogroup,Gene_count,Maize_gene,Maize_pvalue_max,Sorghum_gene,Sorghum_pvalue_max,Rice_gene,Rice_pvalue_max,Barley_gene,Barley_pvalue_max,Arabidopsis_gene,Arabidopsis_pvalue_max
5017799at2759,5,Zm00001eb192230;Zm00001eb258010;Zm00001eb430620,Zm00001eb192230:0.00103308;Zm00001eb258010:0.00140369;Zm00001eb430620:0.00203078,SORBI_3010G180700,SORBI_3010G180700:0.00124911,LOC_Os04g04520,LOC_Os04g04520:0.00115129,HORVU.MOREX.r3.4HG0384700,HORVU.MOREX.r3.4HG0384700:0.00132453,AT1G22280;AT1G34750;AT2G30020;AT4G31750,AT1G22280:0.000823248;AT1G34750:0.00182121;AT2G30020:0.000661597;AT4G31750:0.00195382
158457at33090,4,Zm00001eb277700;Zm00001eb401400,Zm00001eb277700:0.00145047;Zm00001eb401400:0.00348864,SORBI_3002G388100,SORBI_3002G388100:0.00335164,NA,NA,HORVU.MOREX.r3.5HG0471130,HORVU.MOREX.r3.5HG0471130:0.00199881,AT1G06400;AT1G16920;AT2G33870;AT3G46830,AT1G06400:0.000707823;AT1G16920:0.00173813;AT2G33870:0.00103432;AT3G46830:0.00127115
1873865at2759,4,NA,NA,SORBI_3006G191700,SORBI_3006G191700:0.000119406,LOC_Os03g08220,LOC_Os03g08220:0.000581488,HORVU.MOREX.r3.3HG0256620;HORVU.MOREX.r3.7HG0723940,HORVU.MOREX.r3.3HG0256620:0.00234532;HORVU.MOREX.r3.7HG0723940:0.00271408,AT5G05290;AT5G39270;AT5G39300,AT5G05290:0.00102132;AT5G39270:0.00096647;AT5G39300:0.000116261
2746941at2759,4,Zm00001eb071890,Zm00001eb071890:0.00221693,SORBI_3004G270500,SORBI_3004G270500:0.00261362,NA,NA,HORVU.MOREX.r3.2HG0193690,HORVU.MOREX.r3.2HG0193690:0.000902936,AT1G32350;AT5G64210,AT1G32350:0.000616036;AT5G64210:0.000802884
35153at2759,4,Zm00001eb227990;Zm00001eb277700;Zm00001eb319220;Zm00001eb401400,Zm00001eb227990:0.00223783;Zm00001eb277700:0.00145047;Zm00001eb319220:0.00062123;Zm00001eb401400:0.00348864,SORBI_3002G388100,SORBI_3002G388100:0.00335164,NA,NA,HORVU.MOREX.r3.5HG0471130,HORVU.MOREX.r3.5HG0471130:0.00199881,AT1G06400;AT1G16920;AT2G33870;AT3G46830,AT1G06400:0.000707823;AT1G16920:0.00173813;AT2G33870:0.00103432;AT3G46830:0.00127115
381908at2759,4,Zm00001eb289980,Zm00001eb289980:0.000176878,SORBI_3003G341900,SORBI_3003G341900:0.00117037,NA,NA,HORVU.MOREX.r3.2HG0198640;HORVU.MOREX.r3.7HG0650710;HORVU.MOREX.r3.7HG0650790,HORVU.MOREX.r3.2HG0198640:0.00263471;HORVU.MOREX.r3.7HG0650710:0.00254317;HORVU.MOREX.r3.7HG0650790:0.00254317,AT2G04570;AT5G33370,AT2G04570:0.00201079;AT5G33370:0.000340291
433140at33090,4,NA,NA,SORBI_3006G191700,SORBI_3006G191700:0.000119406,LOC_Os03g08220,LOC_Os03g08220:0.000581488,HORVU.MOREX.r3.3HG0256620;HORVU.MOREX.r3.7HG0723940,HORVU.MOREX.r3.3HG0256620:0.00234532;HORVU.MOREX.r3.7HG0723940:0.00271408,AT5G05290;AT5G39270;AT5G39300,AT5G05290:0.00102132;AT5G39270:0.00096647;AT5G39300:0.000116261
434009at2759,4,Zm00001eb395470,Zm00001eb395470:0.00350266,NA,NA,LOC_Os11g01280,LOC_Os11g01280:0.000981973,HORVU.MOREX.r3.5HG0425710,HORVU.MOREX.r3.5HG0425710:0.00058846,AT1G67410;AT5G16890,AT1G67410:7.553e-05;AT5G16890:0.00116094
4837463at2759,4,Zm00001eb082560,Zm00001eb082560:0.00143419,SORBI_3008G057900,SORBI_3008G057900:0.000489145,NA,NA,HORVU.MOREX.r3.2HG0169250,HORVU.MOREX.r3.2HG0169250:0.00236596,AT3G09640,AT3G09640:0.001662
4854762at2759,4,Zm00001eb130000;Zm00001eb251980;Zm00001eb352400,Zm00001eb130000:0.0018943;Zm00001eb251980:0.00424916;Zm00001eb352400:0.000807401,NA,NA,LOC_Os09g04260,LOC_Os09g04260:0.00131763,HORVU.MOREX.r3.1HG0069540,HORVU.MOREX.r3.1HG0069540:0.0029998,AT4G01440;AT4G30420;AT5G07050,AT4G01440:0.000890698;AT4G30420:0.00160344;AT5G07050:2.39713e-05
5016646at2759,4,Zm00001eb055110;Zm00001eb214900;Zm00001eb379100,Zm00001eb055110:0.00161375;Zm00001eb214900:0.00191231;Zm00001eb379100:0.00123059,SORBI_3001G115300,SORBI_3001G115300:3.96909e-06,NA,NA,HORVU.MOREX.r3.2HG0197560,HORVU.MOREX.r3.2HG0197560:0.000393292,AT4G17720,AT4G17720:0.00176126
585262at33090,4,Zm00001eb289980,Zm00001eb289980:0.000176878,SORBI_3003G341900,SORBI_3003G341900:0.00117037,NA,NA,HORVU.MOREX.r3.2HG0198640;HORVU.MOREX.r3.7HG0650710;HORVU.MOREX.r3.7HG0650790,HORVU.MOREX.r3.2HG0198640:0.00263471;HORVU.MOREX.r3.7HG0650710:0.00254317;HORVU.MOREX.r3.7HG0650790:0.00254317,AT2G04570,AT2G04570:0.00201079
598458at3193,4,Zm00001eb055110;Zm00001eb379100,Zm00001eb055110:0.00161375;Zm00001eb379100:0.00123059,SORBI_3001G115300,SORBI_3001G115300:3.96909e-06,NA,NA,HORVU.MOREX.r3.2HG0197560,HORVU.MOREX.r3.2HG0197560:0.000393292,AT4G17720,AT4G17720:0.00176126
598458at33090,4,Zm00001eb055110;Zm00001eb214900;Zm00001eb379100,Zm00001eb055110:0.00161375;Zm00001eb214900:0.00191231;Zm00001eb379100:0.00123059,SORBI_3001G115300,SORBI_3001G115300:3.96909e-06,NA,NA,HORVU.MOREX.r3.2HG0197560,HORVU.MOREX.r3.2HG0197560:0.000393292,AT4G17720,AT4G17720:0.00176126
603900at3193,4,Zm00001eb071890,Zm00001eb071890:0.00221693,SORBI_3004G270500,SORBI_3004G270500:0.00261362,NA,NA,HORVU.MOREX.r3.2HG0193690,HORVU.MOREX.r3.2HG0193690:0.000902936,AT1G32350;AT5G64210,AT1G32350:0.000616036;AT5G64210:0.000802884
614510at2759,4,Zm00001eb110070,Zm00001eb110070:0.000189141,SORBI_3002G386700,SORBI_3002G386700:0.000986209,LOC_Os03g03760,LOC_Os03g03760:0.00140008,HORVU.MOREX.r3.6HG0619260,HORVU.MOREX.r3.6HG0619260:0.000644693,NA,NA
614510at33090,4,Zm00001eb110070,Zm00001eb110070:0.000189141,SORBI_3002G386700,SORBI_3002G386700:0.000986209,LOC_Os03g03760,LOC_Os03g03760:0.00140008,HORVU.MOREX.r3.6HG0619260,HORVU.MOREX.r3.6HG0619260:0.000644693,NA,NA
627237at2759,4,Zm00001eb126980;Zm00001eb162570;Zm00001eb251130;Zm00001eb304390;Zm00001eb371840,Zm00001eb126980:0.000425816;Zm00001eb162570:0.00236765;Zm00001eb251130:0.00279698;Zm00001eb304390:0.00422823;Zm00001eb371840:0.00306784,SORBI_3001G133900;SORBI_3010G127800,SORBI_3001G133900:0.00122726;SORBI_3010G127800:0.00321938,NA,NA,HORVU.MOREX.r3.3HG0228230;HORVU.MOREX.r3.5HG0420230;HORVU.MOREX.r3.7HG0715890,HORVU.MOREX.r3.3HG0228230:0.00094269;HORVU.MOREX.r3.5HG0420230:0.00290277;HORVU.MOREX.r3.7HG0715890:0.00146919,AT1G12110;AT1G18880;AT1G32450;AT1G52190;AT1G59740;AT5G46050;AT5G62680,AT1G12110:0.00188858;AT1G18880:0.000397282;AT1G32450:0.000244964;AT1G52190:0.000437445;AT1G59740:0.000381457;AT5G46050:0.00169165;AT5G62680:0.00166676
629188at33090,4,Zm00001eb126980;Zm00001eb162570;Zm00001eb251130;Zm00001eb304390;Zm00001eb371840,Zm00001eb126980:0.000425816;Zm00001eb162570:0.00236765;Zm00001eb251130:0.00279698;Zm00001eb304390:0.00422823;Zm00001eb371840:0.00306784,SORBI_3001G133900;SORBI_3010G127800,SORBI_3001G133900:0.00122726;SORBI_3010G127800:0.00321938,NA,NA,HORVU.MOREX.r3.3HG0228230;HORVU.MOREX.r3.5HG0420230;HORVU.MOREX.r3.7HG0715890,HORVU.MOREX.r3.3HG0228230:0.00094269;HORVU.MOREX.r3.5HG0420230:0.00290277;HORVU.MOREX.r3.7HG0715890:0.00146919,AT1G12110;AT1G18880;AT1G32450;AT1G52190;AT1G59740;AT5G46050;AT5G62680,AT1G12110:0.00188858;AT1G18880:0.000397282;AT1G32450:0.000244964;AT1G52190:0.000437445;AT1G59740:0.000381457;AT5G46050:0.00169165;AT5G62680:0.00166676
630162at2759,4,Zm00001eb121500,Zm00001eb121500:0.000425939,SORBI_3006G151500,SORBI_3006G151500:0.00149394,LOC_Os01g09400,LOC_Os01g09400:0.001243,HORVU.MOREX.r3.7HG0747720,HORVU.MOREX.r3.7HG0747720:0.000828945,NA,NA
640662at2759,4,Zm00001eb001560;Zm00001eb022050;Zm00001eb067730;Zm00001eb068210;Zm00001eb151190;Zm00001eb240670;Zm00001eb264870;Zm00001eb425840,Zm00001eb001560:0.0031139;Zm00001eb022050:2.88239e-06;Zm00001eb067730:0.00318966;Zm00001eb068210:0.00453995;Zm00001eb151190:0.000642734;Zm00001eb240670:8.28397e-05;Zm00001eb264870:0.000786917;Zm00001eb425840:0.00354265,SORBI_3001G189200;SORBI_3001G379400,SORBI_3001G189200:0.000186705;SORBI_3001G379400:0.00152786,NA,NA,HORVU.MOREX.r3.1HG0067930;HORVU.MOREX.r3.6HG0618250,HORVU.MOREX.r3.1HG0067930:0.00176581;HORVU.MOREX.r3.6HG0618250:0.00128438,AT2G24800;AT2G34060;AT2G37130;AT4G30170;AT4G37520;AT5G24070;AT5G40150;AT5G51890,AT2G24800:0.00103849;AT2G34060:0.000831095;AT2G37130:0.00110365;AT4G30170:0.000459692;AT4G37520:0.00109189;AT5G24070:0.00197464;AT5G40150:0.00111712;AT5G51890:0.000917367
643341at2759,4,Zm00001eb032940;Zm00001eb066630;Zm00001eb070510;Zm00001eb073370;Zm00001eb105400;Zm00001eb112170;Zm00001eb167830;Zm00001eb256740;Zm00001eb290670;Zm00001eb402940;Zm00001eb403550;Zm00001eb428530,Zm00001eb032940:0.00239341;Zm00001eb066630:0.00276142;Zm00001eb070510:0.00108301;Zm00001eb073370:0.00246715;Zm00001eb105400:0.00306269;Zm00001eb112170:0.00165336;Zm00001eb167830:0.00452177;Zm00001eb256740:0.000539718;Zm00001eb290670:0.00356496;Zm00001eb402940:0.00163499;Zm00001eb403550:0.00232466;Zm00001eb428530:0.00093885,SORBI_3001G074000;SORBI_3003G052100;SORBI_3007G144600,SORBI_3001G074000:0.00228545;SORBI_3003G052100:0.00222966;SORBI_3007G144600:0.000556227,NA,NA,HORVU.MOREX.r3.1HG0088480;HORVU.MOREX.r3.6HG0543250;HORVU.MOREX.r3.7HG0718040,HORVU.MOREX.r3.1HG0088480:0.0024883;HORVU.MOREX.r3.6HG0543250:0.00236361;HORVU.MOREX.r3.7HG0718040:0.00118129,AT2G02220;AT5G61480,AT2G02220:0.000664221;AT5G61480:0.00120925
643341at33090,4,Zm00001eb032940;Zm00001eb066630;Zm00001eb070510;Zm00001eb073370;Zm00001eb105400;Zm00001eb112170;Zm00001eb167830;Zm00001eb256740;Zm00001eb290670;Zm00001eb402940;Zm00001eb403550;Zm00001eb428530,Zm00001eb032940:0.00239341;Zm00001eb066630:0.00276142;Zm00001eb070510:0.00108301;Zm00001eb073370:0.00246715;Zm00001eb105400:0.00306269;Zm00001eb112170:0.00165336;Zm00001eb167830:0.00452177;Zm00001eb256740:0.000539718;Zm00001eb290670:0.00356496;Zm00001eb402940:0.00163499;Zm00001eb403550:0.00232466;Zm00001eb428530:0.00093885,SORBI_3001G074000;SORBI_3003G052100;SORBI_3007G144600,SORBI_3001G074000:0.00228545;SORBI_3003G052100:0.00222966;SORBI_3007G144600:0.000556227,NA,NA,HORVU.MOREX.r3.1HG0088480;HORVU.MOREX.r3.6HG0543250;HORVU.MOREX.r3.7HG0718040,HORVU.MOREX.r3.1HG0088480:0.0024883;HORVU.MOREX.r3.6HG0543250:0.00236361;HORVU.MOREX.r3.7HG0718040:0.00118129,AT2G02220;AT5G61480,AT2G02220:0.000664221;AT5G61480:0.00120925
705275at2759,4,Zm00001eb362000,Zm00001eb362000:0.000385446,NA,NA,LOC_Os07g04370,LOC_Os07g04370:0.000747777,HORVU.MOREX.r3.2HG0096800,HORVU.MOREX.r3.2HG0096800:6.74823e-05,AT4G28720,AT4G28720:0.00137231
705275at3193,4,Zm00001eb362000,Zm00001eb362000:0.000385446,NA,NA,LOC_Os07g04370,LOC_Os07g04370:0.000747777,HORVU.MOREX.r3.2HG0096800,HORVU.MOREX.r3.2HG0096800:6.74823e-05,AT4G28720,AT4G28720:0.00137231
705275at33090,4,Zm00001eb362000,Zm00001eb362000:0.000385446,NA,NA,LOC_Os07g04370,LOC_Os07g04370:0.000747777,HORVU.MOREX.r3.2HG0096800,HORVU.MOREX.r3.2HG0096800:6.74823e-05,AT4G28720,AT4G28720:0.00137231
748146at33090,4,Zm00001eb071890,Zm00001eb071890:0.00221693,SORBI_3004G270500,SORBI_3004G270500:0.00261362,NA,NA,HORVU.MOREX.r3.2HG0193690,HORVU.MOREX.r3.2HG0193690:0.000902936,AT1G32350;AT5G64210,AT1G32350:0.000616036;AT5G64210:0.000802884
777528at2759,4,Zm00001eb157530;Zm00001eb296060,Zm00001eb157530:0.00294054;Zm00001eb296060:0.00404844,SORBI_3004G032800,SORBI_3004G032800:3.21351e-05,NA,NA,HORVU.MOREX.r3.7HG0712330,HORVU.MOREX.r3.7HG0712330:0.00168375,AT1G53510;AT2G01450,AT1G53510:0.00166031;AT2G01450:0.000394994
777528at33090,4,Zm00001eb157530;Zm00001eb296060,Zm00001eb157530:0.00294054;Zm00001eb296060:0.00404844,SORBI_3004G032800,SORBI_3004G032800:3.21351e-05,NA,NA,HORVU.MOREX.r3.7HG0712330,HORVU.MOREX.r3.7HG0712330:0.00168375,AT1G53510;AT2G01450,AT1G53510:0.00166031;AT2G01450:0.000394994
788776at33090,4,Zm00001eb430620,Zm00001eb430620:0.00203078,NA,NA,LOC_Os04g04520,LOC_Os04g04520:0.00115129,HORVU.MOREX.r3.4HG0384700,HORVU.MOREX.r3.4HG0384700:0.00132453,AT1G22280;AT1G34750;AT2G30020;AT4G31750,AT1G22280:0.000823248;AT1G34750:0.00182121;AT2G30020:0.000661597;AT4G31750:0.00195382
91193at2759,4,Zm00001eb042070;Zm00001eb319480;Zm00001eb371630,Zm00001eb042070:0.00157185;Zm00001eb319480:0.00288273;Zm00001eb371630:0.00236856,SORBI_3010G266100,SORBI_3010G266100:0.00113799,NA,NA,HORVU.MOREX.r3.6HG0560140,HORVU.MOREX.r3.6HG0560140:0.00310114,AT5G49720,AT5G49720:0.000200567
91193at33090,4,Zm00001eb042070;Zm00001eb319480;Zm00001eb371630,Zm00001eb042070:0.00157185;Zm00001eb319480:0.00288273;Zm00001eb371630:0.00236856,SORBI_3010G266100,SORBI_3010G266100:0.00113799,NA,NA,HORVU.MOREX.r3.6HG0560140,HORVU.MOREX.r3.6HG0560140:0.00310114,AT5G49720,AT5G49720:0.000200567
107572at3193,3,Zm00001eb280120,Zm00001eb280120:0.0018719,NA,NA,NA,NA,HORVU.MOREX.r3.7HG0668730,HORVU.MOREX.r3.7HG0668730:0.00142134,AT1G12000,AT1G12000:0.00121029
107572at33090,3,Zm00001eb280120,Zm00001eb280120:0.0018719,NA,NA,NA,NA,HORVU.MOREX.r3.7HG0668730,HORVU.MOREX.r3.7HG0668730:0.00142134,AT1G12000,AT1G12000:0.00121029
108630at3193,3,Zm00001eb363730,Zm00001eb363730:0.00331481,SORBI_3005G126800,SORBI_3005G126800:0.00193769,LOC_Os11g05160,LOC_Os11g05160:0.00109708,NA,NA,NA,NA
110816at2759,3,Zm00001eb355170;Zm00001eb404540,Zm00001eb355170:0.00268329;Zm00001eb404540:0.00011401,NA,NA,NA,NA,HORVU.MOREX.r3.1HG0014680;HORVU.MOREX.r3.5HG0515880,HORVU.MOREX.r3.1HG0014680:0.00268113;HORVU.MOREX.r3.5HG0515880:0.000746068,AT2G23810,AT2G23810:0.00143391
110816at33090,3,Zm00001eb355170;Zm00001eb404540,Zm00001eb355170:0.00268329;Zm00001eb404540:0.00011401,NA,NA,NA,NA,HORVU.MOREX.r3.1HG0014680;HORVU.MOREX.r3.5HG0515880,HORVU.MOREX.r3.1HG0014680:0.00268113;HORVU.MOREX.r3.5HG0515880:0.000746068,AT2G23810,AT2G23810:0.00143391
111046at38820,3,Zm00001eb044660,Zm00001eb044660:0.0044642,NA,NA,LOC_Os10g04960,LOC_Os10g04960:0.000637215,HORVU.MOREX.r3.1HG0046890,HORVU.MOREX.r3.1HG0046890:0.000688391,NA,NA
111046at4447,3,Zm00001eb044660,Zm00001eb044660:0.0044642,NA,NA,LOC_Os10g04960,LOC_Os10g04960:0.000637215,HORVU.MOREX.r3.1HG0046890,HORVU.MOREX.r3.1HG0046890:0.000688391,NA,NA
131670at33090,3,Zm00001eb146720;Zm00001eb292770;Zm00001eb407680,Zm00001eb146720:0.000502528;Zm00001eb292770:0.000244579;Zm00001eb407680:0.00108941,NA,NA,LOC_Os07g06670,LOC_Os07g06670:0.000288562,NA,NA,AT5G18680,AT5G18680:0.000104021
1547149at2759,3,Zm00001eb070690;Zm00001eb152650,Zm00001eb070690:0.000654821;Zm00001eb152650:0.00171427,NA,NA,NA,NA,HORVU.MOREX.r3.3HG0289950,HORVU.MOREX.r3.3HG0289950:0.00149091,AT5G44740,AT5G44740:0.00108454
159147at3193,3,Zm00001eb222960;Zm00001eb430440,Zm00001eb222960:0.0039762;Zm00001eb430440:0.00192144,SORBI_3006G206800,SORBI_3006G206800:0.00287746,NA,NA,NA,NA,AT3G63380,AT3G63380:0.000106637
167653at2759,3,NA,NA,SORBI_3002G012300;SORBI_3002G012400;SORBI_3003G022200,SORBI_3002G012300:0.00191444;SORBI_3002G012400:0.00191444;SORBI_3003G022200:0.00138159,LOC_Os07g01200,LOC_Os07g01200:2.66704e-05,HORVU.MOREX.r3.4HG0412780,HORVU.MOREX.r3.4HG0412780:0.00156478,NA,NA
167653at3193,3,NA,NA,SORBI_3002G012300;SORBI_3002G012400;SORBI_3003G022200,SORBI_3002G012300:0.00191444;SORBI_3002G012400:0.00191444;SORBI_3003G022200:0.00138159,LOC_Os07g01200,LOC_Os07g01200:2.66704e-05,HORVU.MOREX.r3.4HG0412780,HORVU.MOREX.r3.4HG0412780:0.00156478,NA,NA
167653at33090,3,NA,NA,SORBI_3002G012300;SORBI_3002G012400;SORBI_3003G022200,SORBI_3002G012300:0.00191444;SORBI_3002G012400:0.00191444;SORBI_3003G022200:0.00138159,LOC_Os07g01200,LOC_Os07g01200:2.66704e-05,HORVU.MOREX.r3.4HG0412780,HORVU.MOREX.r3.4HG0412780:0.00156478,NA,NA
17138at38820,3,Zm00001eb082560,Zm00001eb082560:0.00143419,SORBI_3008G057900,SORBI_3008G057900:0.000489145,NA,NA,HORVU.MOREX.r3.2HG0169250,HORVU.MOREX.r3.2HG0169250:0.00236596,NA,NA
17138at4447,3,Zm00001eb082560,Zm00001eb082560:0.00143419,SORBI_3008G057900,SORBI_3008G057900:0.000489145,NA,NA,HORVU.MOREX.r3.2HG0169250,HORVU.MOREX.r3.2HG0169250:0.00236596,NA,NA
176783at3193,3,Zm00001eb066570;Zm00001eb433500,Zm00001eb066570:0.00192247;Zm00001eb433500:0.000820257,SORBI_3006G151800,SORBI_3006G151800:0.00149394,NA,NA,NA,NA,AT2G41310,AT2G41310:0.00151858
179088at33090,3,NA,NA,SORBI_3003G341500,SORBI_3003G341500:0.00117037,NA,NA,HORVU.MOREX.r3.7HG0716920;HORVU.MOREX.r3.7HG0716940,HORVU.MOREX.r3.7HG0716920:0.00270459;HORVU.MOREX.r3.7HG0716940:0.00270459,AT3G09220,AT3G09220:0.000478335
18327at38820,3,Zm00001eb067720,Zm00001eb067720:0.00318966,SORBI_3001G114400,SORBI_3001G114400:3.96909e-06,NA,NA,HORVU.MOREX.r3.1HG0080750,HORVU.MOREX.r3.1HG0080750:0.000139259,NA,NA
18327at4447,3,Zm00001eb067720,Zm00001eb067720:0.00318966,SORBI_3001G114400,SORBI_3001G114400:3.96909e-06,NA,NA,HORVU.MOREX.r3.1HG0080750,HORVU.MOREX.r3.1HG0080750:0.000139259,NA,NA
183897at3193,3,Zm00001eb328460,Zm00001eb328460:0.000340631,SORBI_3002G387300,SORBI_3002G387300:0.000986209,NA,NA,NA,NA,AT5G14290,AT5G14290:0.000927774
183897at33090,3,Zm00001eb328460,Zm00001eb328460:0.000340631,SORBI_3002G387300,SORBI_3002G387300:0.000986209,NA,NA,NA,NA,AT5G14290,AT5G14290:0.000927774
187007at3193,3,Zm00001eb397150,Zm00001eb397150:0.00024328,NA,NA,NA,NA,HORVU.MOREX.r3.4HG0385690,HORVU.MOREX.r3.4HG0385690:0.00110036,AT3G10290,AT3G10290:0.00185418
187007at33090,3,Zm00001eb397150,Zm00001eb397150:0.00024328,NA,NA,NA,NA,HORVU.MOREX.r3.4HG0385690,HORVU.MOREX.r3.4HG0385690:0.00110036,AT3G10290,AT3G10290:0.00185418
19240at4447,3,Zm00001eb044590,Zm00001eb044590:0.00318481,SORBI_3001G205350;SORBI_3001G205700,SORBI_3001G205350:0.000964868;SORBI_3001G205700:0.000964868,LOC_Os10g04980,LOC_Os10g04980:0.0011977,NA,NA,NA,NA
194710at2759,3,Zm00001eb036270,Zm00001eb036270:0.00318317,NA,NA,NA,NA,HORVU.MOREX.r3.3HG0280890,HORVU.MOREX.r3.3HG0280890:0.000526371,AT1G26370,AT1G26370:0.000641903
2042608at2759,3,Zm00001eb211960,Zm00001eb211960:0.00280054,NA,NA,NA,NA,HORVU.MOREX.r3.3HG0222580;HORVU.MOREX.r3.4HG0412770;HORVU.MOREX.r3.7HG0651280,HORVU.MOREX.r3.3HG0222580:0.00211795;HORVU.MOREX.r3.4HG0412770:0.000908046;HORVU.MOREX.r3.7HG0651280:3.65352e-05,AT4G27250;AT4G30470,AT4G27250:0.000962858;AT4G30470:0.00073677
217567at3193,3,Zm00001eb289460,Zm00001eb289460:0.000290039,SORBI_3003G051600,SORBI_3003G051600:0.00222966,NA,NA,NA,NA,AT3G17020,AT3G17020:0.000263744
217975at3193,3,Zm00001eb009160,Zm00001eb009160:0.00084674,SORBI_3007G144300,SORBI_3007G144300:0.000556227,NA,NA,NA,NA,AT2G18700,AT2G18700:0.000889338
225436at2759,3,Zm00001eb251710,Zm00001eb251710:0.00167853,SORBI_3004G270100,SORBI_3004G270100:0.00261362,NA,NA,NA,NA,AT3G14000,AT3G14000:0.000587824
225436at3193,3,Zm00001eb251710,Zm00001eb251710:0.00167853,SORBI_3004G270100,SORBI_3004G270100:0.00261362,NA,NA,NA,NA,AT3G14000,AT3G14000:0.000587824
225436at33090,3,Zm00001eb251710,Zm00001eb251710:0.00167853,SORBI_3004G270100,SORBI_3004G270100:0.00261362,NA,NA,NA,NA,AT3G14000,AT3G14000:0.000587824
227017at2759,3,Zm00001eb053710;Zm00001eb098070;Zm00001eb170720,Zm00001eb053710:0.00325319;Zm00001eb098070:0.00154294;Zm00001eb170720:0.00144339,NA,NA,NA,NA,HORVU.MOREX.r3.3HG0290220,HORVU.MOREX.r3.3HG0290220:0.000833183,AT2G05760;AT2G34190;AT5G49990,AT2G05760:0.00146849;AT2G34190:0.000237307;AT5G49990:0.000742835
227017at3193,3,Zm00001eb053710;Zm00001eb098070;Zm00001eb170720,Zm00001eb053710:0.00325319;Zm00001eb098070:0.00154294;Zm00001eb170720:0.00144339,NA,NA,NA,NA,HORVU.MOREX.r3.3HG0290220,HORVU.MOREX.r3.3HG0290220:0.000833183,AT2G05760;AT2G34190;AT5G49990,AT2G05760:0.00146849;AT2G34190:0.000237307;AT5G49990:0.000742835
227017at33090,3,Zm00001eb053710;Zm00001eb098070;Zm00001eb170720,Zm00001eb053710:0.00325319;Zm00001eb098070:0.00154294;Zm00001eb170720:0.00144339,NA,NA,NA,NA,HORVU.MOREX.r3.3HG0290220,HORVU.MOREX.r3.3HG0290220:0.000833183,AT2G05760;AT2G34190;AT5G49990,AT2G05760:0.00146849;AT2G34190:0.000237307;AT5G49990:0.000742835
238199at3193,3,Zm00001eb193100,Zm00001eb193100:0.000710272,NA,NA,NA,NA,HORVU.MOREX.r3.6HG0620440;HORVU.MOREX.r3.6HG0620630,HORVU.MOREX.r3.6HG0620440:0.00269105;HORVU.MOREX.r3.6HG0620630:0.00046271,AT2G05920,AT2G05920:0.0017133
263678at2759,3,Zm00001eb309770,Zm00001eb309770:0.00281133,NA,NA,NA,NA,HORVU.MOREX.r3.5HG0419880,HORVU.MOREX.r3.5HG0419880:0.00172733,AT1G30100,AT1G30100:0.00144045
2639218at2759,3,Zm00001eb067720,Zm00001eb067720:0.00318966,SORBI_3001G114400,SORBI_3001G114400:3.96909e-06,NA,NA,HORVU.MOREX.r3.1HG0080750,HORVU.MOREX.r3.1HG0080750:0.000139259,NA,NA
267412at3193,3,Zm00001eb333590,Zm00001eb333590:0.00127453,SORBI_3003G115900,SORBI_3003G115900:0.00143673,NA,NA,NA,NA,AT5G27030,AT5G27030:0.00179251
2690913at2759,3,Zm00001eb098840;Zm00001eb230090,Zm00001eb098840:0.001174;Zm00001eb230090:0.00256239,NA,NA,NA,NA,HORVU.MOREX.r3.6HG0618100,HORVU.MOREX.r3.6HG0618100:0.000529466,AT5G19160,AT5G19160:0.00109554
269485at33090,3,Zm00001eb152900,Zm00001eb152900:0.00145239,NA,NA,NA,NA,HORVU.MOREX.r3.3HG0276050,HORVU.MOREX.r3.3HG0276050:1.72714e-07,AT2G31960;AT2G36850;AT5G13000,AT2G31960:3.31585e-05;AT2G36850:0.00150769;AT5G13000:0.000758852
27182at4447,3,Zm00001eb125920,Zm00001eb125920:0.00270266,SORBI_3003G095200,SORBI_3003G095200:0.000277069,NA,NA,HORVU.MOREX.r3.6HG0553280;HORVU.MOREX.r3.6HG0553290,HORVU.MOREX.r3.6HG0553280:3.11168e-05;HORVU.MOREX.r3.6HG0553290:3.11168e-05,NA,NA
27276at38820,3,Zm00001eb373960,Zm00001eb373960:0.00308078,SORBI_3004G319800,SORBI_3004G319800:0.000165494,NA,NA,HORVU.MOREX.r3.6HG0620920,HORVU.MOREX.r3.6HG0620920:0.00311159,NA,NA
27276at4447,3,Zm00001eb373960,Zm00001eb373960:0.00308078,SORBI_3004G319800,SORBI_3004G319800:0.000165494,NA,NA,HORVU.MOREX.r3.6HG0620920,HORVU.MOREX.r3.6HG0620920:0.00311159,NA,NA
286608at3193,3,Zm00001eb152650,Zm00001eb152650:0.00171427,NA,NA,NA,NA,HORVU.MOREX.r3.3HG0289950,HORVU.MOREX.r3.3HG0289950:0.00149091,AT5G44740,AT5G44740:0.00108454
294520at3193,3,Zm00001eb397170,Zm00001eb397170:0.00024328,NA,NA,NA,NA,HORVU.MOREX.r3.5HG0507470,HORVU.MOREX.r3.5HG0507470:0.00286363,AT5G22630,AT5G22630:0.00137394
295827at2759,3,Zm00001eb300120,Zm00001eb300120:0.000502043,SORBI_3001G065800;SORBI_3002G361100,SORBI_3001G065800:0.000536804;SORBI_3002G361100:0.00208475,NA,NA,HORVU.MOREX.r3.2HG0214670,HORVU.MOREX.r3.2HG0214670:0.00192454,NA,NA
295827at3193,3,Zm00001eb300120,Zm00001eb300120:0.000502043,SORBI_3001G065800;SORBI_3002G361100,SORBI_3001G065800:0.000536804;SORBI_3002G361100:0.00208475,NA,NA,HORVU.MOREX.r3.2HG0214670,HORVU.MOREX.r3.2HG0214670:0.00192454,NA,NA
295827at33090,3,Zm00001eb300120,Zm00001eb300120:0.000502043,SORBI_3001G065800;SORBI_3002G361100,SORBI_3001G065800:0.000536804;SORBI_3002G361100:0.00208475,NA,NA,HORVU.MOREX.r3.2HG0214670,HORVU.MOREX.r3.2HG0214670:0.00192454,NA,NA
29694at4447,3,Zm00001eb242940;Zm00001eb242950;Zm00001eb242990,Zm00001eb242940:0.00309787;Zm00001eb242950:0.00309787;Zm00001eb242990:0.00309787,SORBI_3004G147700,SORBI_3004G147700:0.000813643,LOC_Os02g05370,LOC_Os02g05370:0.00116219,NA,NA,NA,NA
322501at33090,3,Zm00001eb348810,Zm00001eb348810:0.00172256,SORBI_3009G147700,SORBI_3009G147700:0.000329596,NA,NA,HORVU.MOREX.r3.2HG0095520,HORVU.MOREX.r3.2HG0095520:0.00206975,NA,NA
32272at38820,3,Zm00001eb071890,Zm00001eb071890:0.00221693,SORBI_3004G270500,SORBI_3004G270500:0.00261362,NA,NA,HORVU.MOREX.r3.2HG0193690,HORVU.MOREX.r3.2HG0193690:0.000902936,NA,NA
32272at4447,3,Zm00001eb071890,Zm00001eb071890:0.00221693,SORBI_3004G270500,SORBI_3004G270500:0.00261362,NA,NA,HORVU.MOREX.r3.2HG0193690,HORVU.MOREX.r3.2HG0193690:0.000902936,NA,NA
324745at2759,3,Zm00001eb291180,Zm00001eb291180:0.000106539,SORBI_3001G205900,SORBI_3001G205900:0.000964868,NA,NA,NA,NA,AT3G28480,AT3G28480:0.00160577
33915at2759,3,Zm00001eb080670;Zm00001eb118120;Zm00001eb298680,Zm00001eb080670:0.00162674;Zm00001eb118120:0.00236755;Zm00001eb298680:0.00416087,SORBI_3007G135301,SORBI_3007G135301:0.00215155,NA,NA,NA,NA,AT3G57230,AT3G57230:2.71087e-05
33915at3193,3,Zm00001eb080670;Zm00001eb118120;Zm00001eb298680,Zm00001eb080670:0.00162674;Zm00001eb118120:0.00236755;Zm00001eb298680:0.00416087,SORBI_3007G135301,SORBI_3007G135301:0.00215155,NA,NA,NA,NA,AT3G57230,AT3G57230:2.71087e-05
33915at33090,3,Zm00001eb080670;Zm00001eb118120;Zm00001eb298680,Zm00001eb080670:0.00162674;Zm00001eb118120:0.00236755;Zm00001eb298680:0.00416087,SORBI_3007G135301,SORBI_3007G135301:0.00215155,NA,NA,NA,NA,AT3G57230,AT3G57230:2.71087e-05
3957436at2759,3,Zm00001eb050630,Zm00001eb050630:0.00203133,SORBI_3003G022600,SORBI_3003G022600:0.00138159,NA,NA,NA,NA,AT5G04770,AT5G04770:0.00134652
407166at2759,3,Zm00001eb176880,Zm00001eb176880:0.00070896,NA,NA,NA,NA,HORVU.MOREX.r3.5HG0482660,HORVU.MOREX.r3.5HG0482660:0.000380857,AT4G30710,AT4G30710:0.000222779
407166at3193,3,Zm00001eb176880,Zm00001eb176880:0.00070896,NA,NA,NA,NA,HORVU.MOREX.r3.5HG0482660,HORVU.MOREX.r3.5HG0482660:0.000380857,AT4G30710,AT4G30710:0.000222779
407166at33090,3,Zm00001eb176880,Zm00001eb176880:0.00070896,NA,NA,NA,NA,HORVU.MOREX.r3.5HG0482660,HORVU.MOREX.r3.5HG0482660:0.000380857,AT4G30710,AT4G30710:0.000222779
4098531at2759,3,NA,NA,SORBI_3009G064200,SORBI_3009G064200:0.00228261,LOC_Os12g05660,LOC_Os12g05660:0.00113887,NA,NA,AT2G47160,AT2G47160:0.0015399
412870at2759,3,Zm00001eb061450,Zm00001eb061450:0.0037225,NA,NA,NA,NA,HORVU.MOREX.r3.7HG0716180,HORVU.MOREX.r3.7HG0716180:0.000291619,AT1G10430,AT1G10430:0.000363183
4382965at2759,3,Zm00001eb146720;Zm00001eb292770;Zm00001eb407680,Zm00001eb146720:0.000502528;Zm00001eb292770:0.000244579;Zm00001eb407680:0.00108941,NA,NA,LOC_Os07g06670,LOC_Os07g06670:0.000288562,NA,NA,AT5G18680,AT5G18680:0.000104021
447116at2759,3,Zm00001eb154560;Zm00001eb366540,Zm00001eb154560:0.000676579;Zm00001eb366540:0.000150875,NA,NA,NA,NA,HORVU.MOREX.r3.4HG0405580,HORVU.MOREX.r3.4HG0405580:0.00295588,AT4G09460,AT4G09460:0.00130985
4495752at2759,3,NA,NA,SORBI_3003G341500,SORBI_3003G341500:0.00117037,NA,NA,HORVU.MOREX.r3.7HG0716920;HORVU.MOREX.r3.7HG0716940,HORVU.MOREX.r3.7HG0716920:0.00270459;HORVU.MOREX.r3.7HG0716940:0.00270459,AT3G09220,AT3G09220:0.000478335
4662890at2759,3,Zm00001eb397150,Zm00001eb397150:0.00024328,NA,NA,NA,NA,HORVU.MOREX.r3.4HG0385690,HORVU.MOREX.r3.4HG0385690:0.00110036,AT3G10290,AT3G10290:0.00185418
475388at2759,3,Zm00001eb009160,Zm00001eb009160:0.00084674,SORBI_3007G144300,SORBI_3007G144300:0.000556227,NA,NA,NA,NA,AT2G18700,AT2G18700:0.000889338
475388at33090,3,Zm00001eb009160,Zm00001eb009160:0.00084674,SORBI_3007G144300,SORBI_3007G144300:0.000556227,NA,NA,NA,NA,AT2G18700,AT2G18700:0.000889338
4755763at2759,3,Zm00001eb222960;Zm00001eb430440,Zm00001eb222960:0.0039762;Zm00001eb430440:0.00192144,SORBI_3006G206800,SORBI_3006G206800:0.00287746,NA,NA,NA,NA,AT3G63380,AT3G63380:0.000106637
4760669at2759,3,Zm00001eb397170,Zm00001eb397170:0.00024328,NA,NA,NA,NA,HORVU.MOREX.r3.5HG0507470,HORVU.MOREX.r3.5HG0507470:0.00286363,AT5G22630,AT5G22630:0.00137394
4760724at2759,3,Zm00001eb214320,Zm00001eb214320:0.00202346,SORBI_3006G192200,SORBI_3006G192200:0.000119406,NA,NA,NA,NA,AT4G33920,AT4G33920:0.00125902
4761080at2759,3,Zm00001eb363730,Zm00001eb363730:0.00331481,SORBI_3005G126800,SORBI_3005G126800:0.00193769,LOC_Os11g05160,LOC_Os11g05160:0.00109708,NA,NA,NA,NA
4767552at2759,3,Zm00001eb328460,Zm00001eb328460:0.000340631,SORBI_3002G387300,SORBI_3002G387300:0.000986209,NA,NA,NA,NA,AT5G14290,AT5G14290:0.000927774
477561at2759,3,Zm00001eb187440,Zm00001eb187440:0.00125933,SORBI_3006G191900;SORBI_3009G217400,SORBI_3006G191900:0.000119406;SORBI_3009G217400:0.000202206,NA,NA,NA,NA,AT5G19420,AT5G19420:0.000357091
477561at33090,3,Zm00001eb187440,Zm00001eb187440:0.00125933,SORBI_3006G191900;SORBI_3009G217400,SORBI_3006G191900:0.000119406;SORBI_3009G217400:0.000202206,NA,NA,NA,NA,AT5G19420,AT5G19420:0.000357091
477981at3193,3,Zm00001eb373960,Zm00001eb373960:0.00308078,SORBI_3004G319800,SORBI_3004G319800:0.000165494,NA,NA,HORVU.MOREX.r3.6HG0620920,HORVU.MOREX.r3.6HG0620920:0.00311159,NA,NA
4805980at2759,3,Zm00001eb076810;Zm00001eb113170;Zm00001eb329580,Zm00001eb076810:0.00162443;Zm00001eb113170:0.000638855;Zm00001eb329580:0.00205068,NA,NA,NA,NA,HORVU.MOREX.r3.1HG0019330;HORVU.MOREX.r3.4HG0411760;HORVU.MOREX.r3.6HG0623790,HORVU.MOREX.r3.1HG0019330:0.000448823;HORVU.MOREX.r3.4HG0411760:0.000916378;HORVU.MOREX.r3.6HG0623790:0.000292597,AT1G11080;AT4G30610;AT4G30810,AT1G11080:0.00196119;AT4G30610:0.00106472;AT4G30810:0.000222779
4819201at2759,3,NA,NA,SORBI_3010G088100,SORBI_3010G088100:0.000420413,NA,NA,HORVU.MOREX.r3.5HG0422600,HORVU.MOREX.r3.5HG0422600:0.00134198,AT2G24765,AT2G24765:0.00115298
4819616at2759,3,Zm00001eb044880;Zm00001eb123230;Zm00001eb221090,Zm00001eb044880:0.00162251;Zm00001eb123230:0.00100752;Zm00001eb221090:0.00400347,SORBI_3002G125000;SORBI_3002G125200;SORBI_3002G125300,SORBI_3002G125000:0.00291783;SORBI_3002G125200:0.00291783;SORBI_3002G125300:0.00291783,NA,NA,NA,NA,AT2G16850;AT2G37180;AT5G47450,AT2G16850:0.00178635;AT2G37180:1.88166e-05;AT5G47450:0.000579423
4825199at2759,3,Zm00001eb018860,Zm00001eb018860:3.42114e-07,NA,NA,NA,NA,HORVU.MOREX.r3.6HG0540760,HORVU.MOREX.r3.6HG0540760:0.00217974,AT5G64200,AT5G64200:0.00152179
4836117at2759,3,Zm00001eb212250;Zm00001eb407780,Zm00001eb212250:0.00236336;Zm00001eb407780:0.00141551,SORBI_3001G041800,SORBI_3001G041800:0.00182139,NA,NA,NA,NA,AT4G18480,AT4G18480:0.00030376
4840713at2759,3,Zm00001eb328560,Zm00001eb328560:4.06014e-05,SORBI_3002G388400,SORBI_3002G388400:0.00335164,NA,NA,HORVU.MOREX.r3.4HG0335910,HORVU.MOREX.r3.4HG0335910:0.0012657,NA,NA
4917248at2759,3,Zm00001eb394480,Zm00001eb394480:0.00124417,NA,NA,NA,NA,HORVU.MOREX.r3.7HG0752890,HORVU.MOREX.r3.7HG0752890:0.00141628,AT1G10900,AT1G10900:0.00108167
4923491at2759,3,Zm00001eb100630,Zm00001eb100630:0.000256475,NA,NA,NA,NA,HORVU.MOREX.r3.7HG0674710,HORVU.MOREX.r3.7HG0674710:0.000161492,AT2G42820,AT2G42820:0.00173326
4925430at2759,3,Zm00001eb110020;Zm00001eb163480;Zm00001eb196030;Zm00001eb197050;Zm00001eb292760,Zm00001eb110020:0.0013808;Zm00001eb163480:0.00361155;Zm00001eb196030:0.000105406;Zm00001eb197050:0.00349472;Zm00001eb292760:0.000244579,SORBI_3001G379600;SORBI_3002G424500;SORBI_3003G139500,SORBI_3001G379600:0.00152786;SORBI_3002G424500:0.00120259;SORBI_3003G139500:0.00336262,NA,NA,NA,NA,AT1G30270;AT4G24400;AT5G35410;AT5G57630,AT1G30270:0.00129436;AT4G24400:0.000204854;AT5G35410:0.00161527;AT5G57630:0.0015636
4932650at2759,3,Zm00001eb315040,Zm00001eb315040:0.00413065,SORBI_3001G032700,SORBI_3001G032700:0.00280014,LOC_Os09g04600,LOC_Os09g04600:0.000765061,NA,NA,NA,NA
4955488at2759,3,Zm00001eb017330,Zm00001eb017330:0.00409796,NA,NA,NA,NA,HORVU.MOREX.r3.1HG0022910,HORVU.MOREX.r3.1HG0022910:0.000548274,AT4G30160,AT4G30160:9.57656e-05
4971880at2759,3,Zm00001eb320430;Zm00001eb432420,Zm00001eb320430:0.00109882;Zm00001eb432420:0.00136101,SORBI_3002G295100;SORBI_3007G088000,SORBI_3002G295100:0.00245796;SORBI_3007G088000:0.00294223,NA,NA,NA,NA,AT4G30210,AT4G30210:0.000360906
4988228at2759,3,Zm00001eb403780,Zm00001eb403780:0.000818639,NA,NA,NA,NA,HORVU.MOREX.r3.3HG0316960,HORVU.MOREX.r3.3HG0316960:0.00103467,AT3G12390;AT4G10480,AT3G12390:0.000479985;AT4G10480:0.00155075
499238at33090,3,NA,NA,SORBI_3009G064200,SORBI_3009G064200:0.00228261,LOC_Os12g05660,LOC_Os12g05660:0.00113887,NA,NA,AT2G47160,AT2G47160:0.0015399
4999845at2759,3,Zm00001eb088800,Zm00001eb088800:0.000914601,NA,NA,NA,NA,HORVU.MOREX.r3.1HG0008130;HORVU.MOREX.r3.3HG0313010;HORVU.MOREX.r3.3HG0313020,HORVU.MOREX.r3.1HG0008130:0.00295848;HORVU.MOREX.r3.3HG0313010:0.00161227;HORVU.MOREX.r3.3HG0313020:9.82756e-05,AT4G39330,AT4G39330:0.00130653
5000668at2759,3,Zm00001eb252200,Zm00001eb252200:0.000661626,NA,NA,NA,NA,HORVU.MOREX.r3.4HG0332540,HORVU.MOREX.r3.4HG0332540:0.00310241,AT3G52880,AT3G52880:0.00186716
5002283at2759,3,Zm00001eb348810,Zm00001eb348810:0.00172256,SORBI_3009G147700,SORBI_3009G147700:0.000329596,NA,NA,HORVU.MOREX.r3.2HG0095520,HORVU.MOREX.r3.2HG0095520:0.00206975,NA,NA
5004621at2759,3,Zm00001eb074350;Zm00001eb429430,Zm00001eb074350:3.0598e-05;Zm00001eb429430:0.00382096,SORBI_3001G378700,SORBI_3001G378700:0.00285646,NA,NA,NA,NA,AT1G63460,AT1G63460:1.42391e-07
5013265at2759,3,Zm00001eb214940;Zm00001eb351340;Zm00001eb368000,Zm00001eb214940:0.000662569;Zm00001eb351340:0.000723112;Zm00001eb368000:0.000161479,NA,NA,NA,NA,HORVU.MOREX.r3.3HG0290320,HORVU.MOREX.r3.3HG0290320:0.00294913,AT3G09440;AT3G12580,AT3G09440:9.81007e-05;AT3G12580:0.00121662
5013292at2759,3,Zm00001eb001710,Zm00001eb001710:0.00234165,NA,NA,NA,NA,HORVU.MOREX.r3.5HG0474580,HORVU.MOREX.r3.5HG0474580:0.00240893,AT4G22910,AT4G22910:0.000494143
5013741at2759,3,Zm00001eb121540,Zm00001eb121540:0.00341881,NA,NA,LOC_Os10g04760,LOC_Os10g04760:0.000708819,NA,NA,AT4G33080,AT4G33080:0.000531384
5014320at2759,3,Zm00001eb369460;Zm00001eb369470,Zm00001eb369460:0.00140655;Zm00001eb369470:0.00140655,NA,NA,LOC_Os09g05060,LOC_Os09g05060:0.00061761,HORVU.MOREX.r3.4HG0412730,HORVU.MOREX.r3.4HG0412730:0.000908046,NA,NA
5016666at2759,3,Zm00001eb212400,Zm00001eb212400:0.00424957,SORBI_3001G043800,SORBI_3001G043800:0.0033107,NA,NA,NA,NA,AT5G66720,AT5G66720:0.000896586
5018015at2759,3,Zm00001eb061500,Zm00001eb061500:0.0037225,SORBI_3001G048700,SORBI_3001G048700:0.00191605,NA,NA,NA,NA,AT3G02460,AT3G02460:0.000165621
5024325at2759,3,Zm00001eb280120,Zm00001eb280120:0.0018719,NA,NA,NA,NA,HORVU.MOREX.r3.7HG0668730,HORVU.MOREX.r3.7HG0668730:0.00142134,AT1G12000,AT1G12000:0.00121029
503753at2759,3,Zm00001eb189200,Zm00001eb189200:0.00187072,NA,NA,LOC_Os09g02530,LOC_Os09g02530:0.00042605,NA,NA,AT2G04410,AT2G04410:5.29811e-05
503753at3193,3,Zm00001eb189200,Zm00001eb189200:0.00187072,NA,NA,LOC_Os09g02530,LOC_Os09g02530:0.00042605,NA,NA,AT2G04410,AT2G04410:5.29811e-05
503753at33090,3,Zm00001eb189200,Zm00001eb189200:0.00187072,NA,NA,LOC_Os09g02530,LOC_Os09g02530:0.00042605,NA,NA,AT2G04410,AT2G04410:5.29811e-05
505948at3193,3,Zm00001eb212400,Zm00001eb212400:0.00424957,SORBI_3001G043800,SORBI_3001G043800:0.0033107,NA,NA,NA,NA,AT5G66720,AT5G66720:0.000896586
505948at33090,3,Zm00001eb212400,Zm00001eb212400:0.00424957,SORBI_3001G043800,SORBI_3001G043800:0.0033107,NA,NA,NA,NA,AT5G66720,AT5G66720:0.000896586
51578at4447,3,NA,NA,SORBI_3002G012300,SORBI_3002G012300:0.00191444,LOC_Os07g01200,LOC_Os07g01200:2.66704e-05,HORVU.MOREX.r3.4HG0412780,HORVU.MOREX.r3.4HG0412780:0.00156478,NA,NA
516269at2759,3,Zm00001eb247710,Zm00001eb247710:0.000908812,NA,NA,LOC_Os07g05810,LOC_Os07g05810:0.000412067,NA,NA,AT1G06890;AT1G77610;AT5G42420,AT1G06890:0.00196271;AT1G77610:0.00133717;AT5G42420:0.000917472
524414at2759,3,Zm00001eb045860;Zm00001eb073630;Zm00001eb428660,Zm00001eb045860:0.000685402;Zm00001eb073630:0.000692055;Zm00001eb428660:6.16761e-06,NA,NA,NA,NA,HORVU.MOREX.r3.5HG0513910,HORVU.MOREX.r3.5HG0513910:0.00110584,AT1G04430;AT1G19430;AT5G14430,AT1G04430:0.00162978;AT1G19430:0.00198059;AT5G14430:0.00078334
529827at3193,3,Zm00001eb320430;Zm00001eb432420,Zm00001eb320430:0.00109882;Zm00001eb432420:0.00136101,SORBI_3002G295100;SORBI_3007G088000,SORBI_3002G295100:0.00245796;SORBI_3007G088000:0.00294223,NA,NA,NA,NA,AT4G30210,AT4G30210:0.000360906
534225at2759,3,Zm00001eb254540,Zm00001eb254540:0.000409653,NA,NA,NA,NA,HORVU.MOREX.r3.7HG0751150,HORVU.MOREX.r3.7HG0751150:0.00175647,AT4G10380,AT4G10380:0.00155553
535791at3193,3,Zm00001eb061500,Zm00001eb061500:0.0037225,SORBI_3001G048700,SORBI_3001G048700:0.00191605,NA,NA,NA,NA,AT3G02460,AT3G02460:0.000165621
535791at33090,3,Zm00001eb061500,Zm00001eb061500:0.0037225,SORBI_3001G048700,SORBI_3001G048700:0.00191605,NA,NA,NA,NA,AT3G02460,AT3G02460:0.000165621
536116at33090,3,Zm00001eb395470,Zm00001eb395470:0.00350266,NA,NA,LOC_Os11g01280,LOC_Os11g01280:0.000981973,NA,NA,AT1G67410,AT1G67410:7.553e-05
537499at2759,3,Zm00001eb044590,Zm00001eb044590:0.00318481,SORBI_3001G205350;SORBI_3001G205700,SORBI_3001G205350:0.000964868;SORBI_3001G205700:0.000964868,LOC_Os10g04980,LOC_Os10g04980:0.0011977,NA,NA,NA,NA
537499at33090,3,Zm00001eb044590,Zm00001eb044590:0.00318481,SORBI_3001G205350;SORBI_3001G205700,SORBI_3001G205350:0.000964868;SORBI_3001G205700:0.000964868,LOC_Os10g04980,LOC_Os10g04980:0.0011977,NA,NA,NA,NA
538797at33090,3,Zm00001eb070690;Zm00001eb152650,Zm00001eb070690:0.000654821;Zm00001eb152650:0.00171427,NA,NA,NA,NA,HORVU.MOREX.r3.3HG0289950,HORVU.MOREX.r3.3HG0289950:0.00149091,AT5G44740,AT5G44740:0.00108454
543746at33090,3,Zm00001eb015960;Zm00001eb330740,Zm00001eb015960:3.28967e-05;Zm00001eb330740:0.00398422,SORBI_3001G382000,SORBI_3001G382000:0.000360303,NA,NA,NA,NA,AT3G08730,AT3G08730:0.00120539
557225at33090,3,Zm00001eb110020;Zm00001eb163480;Zm00001eb196030;Zm00001eb197050;Zm00001eb292760,Zm00001eb110020:0.0013808;Zm00001eb163480:0.00361155;Zm00001eb196030:0.000105406;Zm00001eb197050:0.00349472;Zm00001eb292760:0.000244579,SORBI_3001G379600;SORBI_3002G424500;SORBI_3003G139500,SORBI_3001G379600:0.00152786;SORBI_3002G424500:0.00120259;SORBI_3003G139500:0.00336262,NA,NA,NA,NA,AT1G30270;AT4G24400;AT5G35410;AT5G57630,AT1G30270:0.00129436;AT4G24400:0.000204854;AT5G35410:0.00161527;AT5G57630:0.0015636
569036at2759,3,Zm00001eb015960;Zm00001eb330740,Zm00001eb015960:3.28967e-05;Zm00001eb330740:0.00398422,SORBI_3001G382000,SORBI_3001G382000:0.000360303,NA,NA,NA,NA,AT3G08730,AT3G08730:0.00120539
584272at2759,3,Zm00001eb057580,Zm00001eb057580:0.00156272,NA,NA,NA,NA,HORVU.MOREX.r3.3HG0226220,HORVU.MOREX.r3.3HG0226220:0.00216394,AT5G15630,AT5G15630:0.00169923
584272at3193,3,Zm00001eb057580,Zm00001eb057580:0.00156272,NA,NA,NA,NA,HORVU.MOREX.r3.3HG0226220,HORVU.MOREX.r3.3HG0226220:0.00216394,AT5G15630,AT5G15630:0.00169923
584272at33090,3,Zm00001eb057580,Zm00001eb057580:0.00156272,NA,NA,NA,NA,HORVU.MOREX.r3.3HG0226220,HORVU.MOREX.r3.3HG0226220:0.00216394,AT5G15630,AT5G15630:0.00169923
587765at33090,3,Zm00001eb211960,Zm00001eb211960:0.00280054,NA,NA,NA,NA,HORVU.MOREX.r3.3HG0222580;HORVU.MOREX.r3.4HG0412770;HORVU.MOREX.r3.7HG0651280,HORVU.MOREX.r3.3HG0222580:0.00211795;HORVU.MOREX.r3.4HG0412770:0.000908046;HORVU.MOREX.r3.7HG0651280:3.65352e-05,AT4G27250,AT4G27250:0.000962858
589053at3193,3,Zm00001eb163480;Zm00001eb196030,Zm00001eb163480:0.00361155;Zm00001eb196030:0.000105406,SORBI_3002G424500,SORBI_3002G424500:0.00120259,NA,NA,NA,NA,AT1G30270,AT1G30270:0.00129436
589535at2759,3,Zm00001eb039590,Zm00001eb039590:0.00310492,NA,NA,NA,NA,HORVU.MOREX.r3.4HG0332500;HORVU.MOREX.r3.4HG0332520;HORVU.MOREX.r3.4HG0332600,HORVU.MOREX.r3.4HG0332500:0.00310241;HORVU.MOREX.r3.4HG0332520:0.00310241;HORVU.MOREX.r3.4HG0332600:0.000524574,AT1G80100;AT3G29350;AT5G39340,AT1G80100:0.000423194;AT3G29350:0.00187845;AT5G39340:0.000449501
589535at33090,3,Zm00001eb039590,Zm00001eb039590:0.00310492,NA,NA,NA,NA,HORVU.MOREX.r3.4HG0332500;HORVU.MOREX.r3.4HG0332520;HORVU.MOREX.r3.4HG0332600,HORVU.MOREX.r3.4HG0332500:0.00310241;HORVU.MOREX.r3.4HG0332520:0.00310241;HORVU.MOREX.r3.4HG0332600:0.000524574,AT1G80100;AT3G29350;AT5G39340,AT1G80100:0.000423194;AT3G29350:0.00187845;AT5G39340:0.000449501
590106at2759,3,Zm00001eb249020;Zm00001eb426920;Zm00001eb426930;Zm00001eb426940,Zm00001eb249020:0.00306125;Zm00001eb426920:0.000603997;Zm00001eb426930:0.000603997;Zm00001eb426940:0.000603997,SORBI_3004G299700,SORBI_3004G299700:0.00278953,NA,NA,NA,NA,AT3G27020,AT3G27020:0.00196225
590956at2759,3,NA,NA,SORBI_3003G309600,SORBI_3003G309600:7.38465e-06,NA,NA,HORVU.MOREX.r3.7HG0653830,HORVU.MOREX.r3.7HG0653830:0.000735,AT3G49210,AT3G49210:0.00179537
590956at3193,3,NA,NA,SORBI_3003G309600,SORBI_3003G309600:7.38465e-06,NA,NA,HORVU.MOREX.r3.7HG0653830,HORVU.MOREX.r3.7HG0653830:0.000735,AT3G49210,AT3G49210:0.00179537
590956at33090,3,NA,NA,SORBI_3003G309600,SORBI_3003G309600:7.38465e-06,NA,NA,HORVU.MOREX.r3.7HG0653830,HORVU.MOREX.r3.7HG0653830:0.000735,AT3G49210,AT3G49210:0.00179537
591359at2759,3,Zm00001eb333590,Zm00001eb333590:0.00127453,SORBI_3003G115900,SORBI_3003G115900:0.00143673,NA,NA,NA,NA,AT5G27030,AT5G27030:0.00179251
591359at33090,3,Zm00001eb333590,Zm00001eb333590:0.00127453,SORBI_3003G115900,SORBI_3003G115900:0.00143673,NA,NA,NA,NA,AT5G27030,AT5G27030:0.00179251
591574at2759,3,Zm00001eb016160,Zm00001eb016160:1.65944e-05,SORBI_3006G062100,SORBI_3006G062100:0.000575179,NA,NA,NA,NA,AT1G60160;AT5G14880,AT1G60160:0.00143901;AT5G14880:0.000156471
592385at2759,3,Zm00001eb303110,Zm00001eb303110:0.00421485,SORBI_3001G021500,SORBI_3001G021500:0.00153408,NA,NA,HORVU.MOREX.r3.5HG0482670,HORVU.MOREX.r3.5HG0482670:0.000380857,NA,NA
592385at3193,3,Zm00001eb303110,Zm00001eb303110:0.00421485,SORBI_3001G021500,SORBI_3001G021500:0.00153408,NA,NA,HORVU.MOREX.r3.5HG0482670,HORVU.MOREX.r3.5HG0482670:0.000380857,NA,NA
592385at33090,3,Zm00001eb303110,Zm00001eb303110:0.00421485,SORBI_3001G021500,SORBI_3001G021500:0.00153408,NA,NA,HORVU.MOREX.r3.5HG0482670,HORVU.MOREX.r3.5HG0482670:0.000380857,NA,NA
595285at33090,3,Zm00001eb369460;Zm00001eb369470,Zm00001eb369460:0.00140655;Zm00001eb369470:0.00140655,NA,NA,LOC_Os09g05060,LOC_Os09g05060:0.00061761,HORVU.MOREX.r3.4HG0412730,HORVU.MOREX.r3.4HG0412730:0.000908046,NA,NA
599086at3193,3,NA,NA,SORBI_3009G064200,SORBI_3009G064200:0.00228261,LOC_Os12g05660,LOC_Os12g05660:0.00113887,NA,NA,AT2G47160,AT2G47160:0.0015399
600896at3193,3,Zm00001eb067720,Zm00001eb067720:0.00318966,SORBI_3001G114400,SORBI_3001G114400:3.96909e-06,NA,NA,HORVU.MOREX.r3.1HG0080750,HORVU.MOREX.r3.1HG0080750:0.000139259,NA,NA
601600at33090,3,Zm00001eb247710,Zm00001eb247710:0.000908812,NA,NA,LOC_Os07g05810,LOC_Os07g05810:0.000412067,NA,NA,AT1G06890;AT5G42420,AT1G06890:0.00196271;AT5G42420:0.000917472
601809at3193,3,Zm00001eb044590,Zm00001eb044590:0.00318481,SORBI_3001G205350;SORBI_3001G205700,SORBI_3001G205350:0.000964868;SORBI_3001G205700:0.000964868,LOC_Os10g04980,LOC_Os10g04980:0.0011977,NA,NA,NA,NA
602547at3193,3,Zm00001eb017330,Zm00001eb017330:0.00409796,NA,NA,NA,NA,HORVU.MOREX.r3.1HG0022910,HORVU.MOREX.r3.1HG0022910:0.000548274,AT4G30160,AT4G30160:9.57656e-05
603177at33090,3,Zm00001eb050630,Zm00001eb050630:0.00203133,SORBI_3003G022600,SORBI_3003G022600:0.00138159,NA,NA,NA,NA,AT5G04770,AT5G04770:0.00134652
604603at2759,3,Zm00001eb147650,Zm00001eb147650:0.00194887,SORBI_3007G165800,SORBI_3007G165800:0.00165865,NA,NA,HORVU.MOREX.r3.7HG0748890,HORVU.MOREX.r3.7HG0748890:0.00163996,NA,NA
604603at3193,3,Zm00001eb147650,Zm00001eb147650:0.00194887,SORBI_3007G165800,SORBI_3007G165800:0.00165865,NA,NA,HORVU.MOREX.r3.7HG0748890,HORVU.MOREX.r3.7HG0748890:0.00163996,NA,NA
604603at33090,3,Zm00001eb147650,Zm00001eb147650:0.00194887,SORBI_3007G165800,SORBI_3007G165800:0.00165865,NA,NA,HORVU.MOREX.r3.7HG0748890,HORVU.MOREX.r3.7HG0748890:0.00163996,NA,NA
606318at2759,3,Zm00001eb066640,Zm00001eb066640:0.00276142,SORBI_3004G051900,SORBI_3004G051900:0.000439762,NA,NA,NA,NA,AT1G19850,AT1G19850:0.000988846
606318at3193,3,Zm00001eb066640,Zm00001eb066640:0.00276142,SORBI_3004G051900,SORBI_3004G051900:0.000439762,NA,NA,NA,NA,AT1G19850,AT1G19850:0.000988846
606318at33090,3,Zm00001eb066640,Zm00001eb066640:0.00276142,SORBI_3004G051900,SORBI_3004G051900:0.000439762,NA,NA,NA,NA,AT1G19850,AT1G19850:0.000988846
609751at2759,3,Zm00001eb125920,Zm00001eb125920:0.00270266,SORBI_3003G095200,SORBI_3003G095200:0.000277069,NA,NA,HORVU.MOREX.r3.6HG0553280;HORVU.MOREX.r3.6HG0553290,HORVU.MOREX.r3.6HG0553280:3.11168e-05;HORVU.MOREX.r3.6HG0553290:3.11168e-05,NA,NA
609751at3193,3,Zm00001eb125920,Zm00001eb125920:0.00270266,SORBI_3003G095200,SORBI_3003G095200:0.000277069,NA,NA,HORVU.MOREX.r3.6HG0553280;HORVU.MOREX.r3.6HG0553290,HORVU.MOREX.r3.6HG0553280:3.11168e-05;HORVU.MOREX.r3.6HG0553290:3.11168e-05,NA,NA
609751at33090,3,Zm00001eb125920,Zm00001eb125920:0.00270266,SORBI_3003G095200,SORBI_3003G095200:0.000277069,NA,NA,HORVU.MOREX.r3.6HG0553280;HORVU.MOREX.r3.6HG0553290,HORVU.MOREX.r3.6HG0553280:3.11168e-05;HORVU.MOREX.r3.6HG0553290:3.11168e-05,NA,NA
609836at2759,3,Zm00001eb057440,Zm00001eb057440:0.00268438,NA,NA,NA,NA,HORVU.MOREX.r3.7HG0642050,HORVU.MOREX.r3.7HG0642050:0.00119092,AT1G09930,AT1G09930:0.000597893
609836at33090,3,Zm00001eb057440,Zm00001eb057440:0.00268438,NA,NA,NA,NA,HORVU.MOREX.r3.7HG0642050,HORVU.MOREX.r3.7HG0642050:0.00119092,AT1G09930,AT1G09930:0.000597893
611295at2759,3,Zm00001eb091470;Zm00001eb256330,Zm00001eb091470:0.00450778;Zm00001eb256330:0.000521978,NA,NA,NA,NA,HORVU.MOREX.r3.2HG0193700,HORVU.MOREX.r3.2HG0193700:0.000902936,AT5G56590,AT5G56590:0.000800796
611295at33090,3,Zm00001eb091470;Zm00001eb256330,Zm00001eb091470:0.00450778;Zm00001eb256330:0.000521978,NA,NA,NA,NA,HORVU.MOREX.r3.2HG0193700,HORVU.MOREX.r3.2HG0193700:0.000902936,AT5G56590,AT5G56590:0.000800796
612263at2759,3,Zm00001eb242940;Zm00001eb242950;Zm00001eb242990,Zm00001eb242940:0.00309787;Zm00001eb242950:0.00309787;Zm00001eb242990:0.00309787,SORBI_3004G147700,SORBI_3004G147700:0.000813643,LOC_Os02g05370,LOC_Os02g05370:0.00116219,NA,NA,NA,NA
612263at3193,3,Zm00001eb242940;Zm00001eb242950;Zm00001eb242990,Zm00001eb242940:0.00309787;Zm00001eb242950:0.00309787;Zm00001eb242990:0.00309787,SORBI_3004G147700,SORBI_3004G147700:0.000813643,LOC_Os02g05370,LOC_Os02g05370:0.00116219,NA,NA,NA,NA
612263at33090,3,Zm00001eb242940;Zm00001eb242950;Zm00001eb242990,Zm00001eb242940:0.00309787;Zm00001eb242950:0.00309787;Zm00001eb242990:0.00309787,SORBI_3004G147700,SORBI_3004G147700:0.000813643,LOC_Os02g05370,LOC_Os02g05370:0.00116219,NA,NA,NA,NA
612680at2759,3,Zm00001eb226450;Zm00001eb312000,Zm00001eb226450:0.00369511;Zm00001eb312000:0.000873226,SORBI_3010G246700,SORBI_3010G246700:0.000520906,NA,NA,NA,NA,AT1G11545;AT2G01850;AT2G36870;AT4G14130,AT1G11545:0.00145177;AT2G01850:0.00195429;AT2G36870:0.0018014;AT4G14130:0.00177485
612680at3193,3,Zm00001eb226450,Zm00001eb226450:0.00369511,SORBI_3010G246700,SORBI_3010G246700:0.000520906,NA,NA,NA,NA,AT4G14130,AT4G14130:0.00177485
612680at33090,3,Zm00001eb226450;Zm00001eb312000,Zm00001eb226450:0.00369511;Zm00001eb312000:0.000873226,SORBI_3010G246700,SORBI_3010G246700:0.000520906,NA,NA,NA,NA,AT1G11545;AT2G01850;AT2G36870;AT4G14130,AT1G11545:0.00145177;AT2G01850:0.00195429;AT2G36870:0.0018014;AT4G14130:0.00177485
614903at2759,3,Zm00001eb254390,Zm00001eb254390:0.00355341,NA,NA,NA,NA,HORVU.MOREX.r3.7HG0666880,HORVU.MOREX.r3.7HG0666880:0.00148016,AT1G23080;AT1G73590,AT1G23080:0.000477047;AT1G73590:0.00192243
614903at3193,3,Zm00001eb254390,Zm00001eb254390:0.00355341,NA,NA,NA,NA,HORVU.MOREX.r3.7HG0666880,HORVU.MOREX.r3.7HG0666880:0.00148016,AT1G23080;AT1G73590,AT1G23080:0.000477047;AT1G73590:0.00192243
614903at33090,3,Zm00001eb254390,Zm00001eb254390:0.00355341,NA,NA,NA,NA,HORVU.MOREX.r3.7HG0666880,HORVU.MOREX.r3.7HG0666880:0.00148016,AT1G23080;AT1G73590,AT1G23080:0.000477047;AT1G73590:0.00192243
615485at2759,3,NA,NA,SORBI_3001G079300,SORBI_3001G079300:0.000476756,NA,NA,HORVU.MOREX.r3.2HG0129450,HORVU.MOREX.r3.2HG0129450:0.0017958,AT4G33880,AT4G33880:0.000641973
615485at3193,3,NA,NA,SORBI_3001G079300,SORBI_3001G079300:0.000476756,NA,NA,HORVU.MOREX.r3.2HG0129450,HORVU.MOREX.r3.2HG0129450:0.0017958,AT4G33880,AT4G33880:0.000641973
615485at33090,3,NA,NA,SORBI_3001G079300,SORBI_3001G079300:0.000476756,NA,NA,HORVU.MOREX.r3.2HG0129450,HORVU.MOREX.r3.2HG0129450:0.0017958,AT4G33880,AT4G33880:0.000641973
615511at33090,3,Zm00001eb363730,Zm00001eb363730:0.00331481,SORBI_3005G126800,SORBI_3005G126800:0.00193769,LOC_Os11g05160,LOC_Os11g05160:0.00109708,NA,NA,NA,NA
618550at33090,3,Zm00001eb214320,Zm00001eb214320:0.00202346,SORBI_3006G192200,SORBI_3006G192200:0.000119406,NA,NA,NA,NA,AT4G33920,AT4G33920:0.00125902
624064at2759,3,Zm00001eb067690;Zm00001eb134850;Zm00001eb214240;Zm00001eb432530,Zm00001eb067690:0.00447193;Zm00001eb134850:0.000848045;Zm00001eb214240:0.00128363;Zm00001eb432530:3.00465e-05,SORBI_3006G248500,SORBI_3006G248500:0.00142724,NA,NA,NA,NA,AT2G24530,AT2G24530:0.00170021
624064at3193,3,Zm00001eb067690;Zm00001eb134850;Zm00001eb214240;Zm00001eb432530,Zm00001eb067690:0.00447193;Zm00001eb134850:0.000848045;Zm00001eb214240:0.00128363;Zm00001eb432530:3.00465e-05,SORBI_3006G248500,SORBI_3006G248500:0.00142724,NA,NA,NA,NA,AT2G24530,AT2G24530:0.00170021
624064at33090,3,Zm00001eb067690;Zm00001eb134850;Zm00001eb214240;Zm00001eb432530,Zm00001eb067690:0.00447193;Zm00001eb134850:0.000848045;Zm00001eb214240:0.00128363;Zm00001eb432530:3.00465e-05,SORBI_3006G248500,SORBI_3006G248500:0.00142724,NA,NA,NA,NA,AT2G24530,AT2G24530:0.00170021
624469at2759,3,Zm00001eb122300;Zm00001eb282950,Zm00001eb122300:0.000243312;Zm00001eb282950:0.00405268,NA,NA,LOC_Os01g01790,LOC_Os01g01790:0.00035306,HORVU.MOREX.r3.3HG0239530,HORVU.MOREX.r3.3HG0239530:0.00053704,NA,NA
624469at3193,3,Zm00001eb122300;Zm00001eb282950,Zm00001eb122300:0.000243312;Zm00001eb282950:0.00405268,NA,NA,LOC_Os01g01790,LOC_Os01g01790:0.00035306,HORVU.MOREX.r3.3HG0239530,HORVU.MOREX.r3.3HG0239530:0.00053704,NA,NA
624469at33090,3,Zm00001eb122300;Zm00001eb282950,Zm00001eb122300:0.000243312;Zm00001eb282950:0.00405268,NA,NA,LOC_Os01g01790,LOC_Os01g01790:0.00035306,HORVU.MOREX.r3.3HG0239530,HORVU.MOREX.r3.3HG0239530:0.00053704,NA,NA
625489at3193,3,Zm00001eb352400,Zm00001eb352400:0.000807401,NA,NA,NA,NA,HORVU.MOREX.r3.1HG0069540,HORVU.MOREX.r3.1HG0069540:0.0029998,AT5G07050,AT5G07050:2.39713e-05
625489at33090,3,Zm00001eb352400,Zm00001eb352400:0.000807401,NA,NA,NA,NA,HORVU.MOREX.r3.1HG0069540,HORVU.MOREX.r3.1HG0069540:0.0029998,AT5G07050,AT5G07050:2.39713e-05
625618at3193,3,Zm00001eb402940,Zm00001eb402940:0.00163499,NA,NA,NA,NA,HORVU.MOREX.r3.6HG0543250,HORVU.MOREX.r3.6HG0543250:0.00236361,AT5G61480,AT5G61480:0.00120925
625990at2759,3,Zm00001eb042050,Zm00001eb042050:0.00157185,NA,NA,NA,NA,HORVU.MOREX.r3.7HG0725450,HORVU.MOREX.r3.7HG0725450:0.00267401,AT2G46320,AT2G46320:0.00183608
625990at3193,3,Zm00001eb042050,Zm00001eb042050:0.00157185,NA,NA,NA,NA,HORVU.MOREX.r3.7HG0725450,HORVU.MOREX.r3.7HG0725450:0.00267401,AT2G46320,AT2G46320:0.00183608
625990at33090,3,Zm00001eb042050,Zm00001eb042050:0.00157185,NA,NA,NA,NA,HORVU.MOREX.r3.7HG0725450,HORVU.MOREX.r3.7HG0725450:0.00267401,AT2G46320,AT2G46320:0.00183608
627305at3193,3,Zm00001eb015960;Zm00001eb330740,Zm00001eb015960:3.28967e-05;Zm00001eb330740:0.00398422,SORBI_3001G382000,SORBI_3001G382000:0.000360303,NA,NA,NA,NA,AT3G08730,AT3G08730:0.00120539
628161at2759,3,Zm00001eb193100,Zm00001eb193100:0.000710272,NA,NA,NA,NA,HORVU.MOREX.r3.6HG0620440;HORVU.MOREX.r3.6HG0620630,HORVU.MOREX.r3.6HG0620440:0.00269105;HORVU.MOREX.r3.6HG0620630:0.00046271,AT2G05920,AT2G05920:0.0017133
62820at33090,3,Zm00001eb088800,Zm00001eb088800:0.000914601,NA,NA,NA,NA,HORVU.MOREX.r3.1HG0008130;HORVU.MOREX.r3.3HG0313010;HORVU.MOREX.r3.3HG0313020,HORVU.MOREX.r3.1HG0008130:0.00295848;HORVU.MOREX.r3.3HG0313010:0.00161227;HORVU.MOREX.r3.3HG0313020:9.82756e-05,AT4G39330,AT4G39330:0.00130653
630100at3193,3,Zm00001eb076810,Zm00001eb076810:0.00162443,NA,NA,NA,NA,HORVU.MOREX.r3.1HG0019330;HORVU.MOREX.r3.6HG0623790,HORVU.MOREX.r3.1HG0019330:0.000448823;HORVU.MOREX.r3.6HG0623790:0.000292597,AT1G11080;AT4G30610;AT4G30810,AT1G11080:0.00196119;AT4G30610:0.00106472;AT4G30810:0.000222779
630100at33090,3,Zm00001eb076810;Zm00001eb113170;Zm00001eb329580,Zm00001eb076810:0.00162443;Zm00001eb113170:0.000638855;Zm00001eb329580:0.00205068,NA,NA,NA,NA,HORVU.MOREX.r3.1HG0019330;HORVU.MOREX.r3.4HG0411760;HORVU.MOREX.r3.6HG0623790,HORVU.MOREX.r3.1HG0019330:0.000448823;HORVU.MOREX.r3.4HG0411760:0.000916378;HORVU.MOREX.r3.6HG0623790:0.000292597,AT1G11080;AT4G30610;AT4G30810,AT1G11080:0.00196119;AT4G30610:0.00106472;AT4G30810:0.000222779
630255at2759,3,Zm00001eb054260;Zm00001eb182940;Zm00001eb414790,Zm00001eb054260:0.00312845;Zm00001eb182940:0.00100692;Zm00001eb414790:0.000457756,SORBI_3003G051100,SORBI_3003G051100:0.00222966,NA,NA,NA,NA,AT1G34210;AT4G33430,AT1G34210:4.4467e-05;AT4G33430:0.00129708
630255at33090,3,Zm00001eb054260;Zm00001eb182940;Zm00001eb414790,Zm00001eb054260:0.00312845;Zm00001eb182940:0.00100692;Zm00001eb414790:0.000457756,SORBI_3003G051100,SORBI_3003G051100:0.00222966,NA,NA,NA,NA,AT1G34210;AT4G33430,AT1G34210:4.4467e-05;AT4G33430:0.00129708
631585at2759,3,Zm00001eb333640,Zm00001eb333640:0.00457835,SORBI_3003G115400,SORBI_3003G115400:0.000928865,NA,NA,NA,NA,AT4G18590,AT4G18590:0.000897079
631585at3193,3,Zm00001eb333640,Zm00001eb333640:0.00457835,SORBI_3003G115400,SORBI_3003G115400:0.000928865,NA,NA,NA,NA,AT4G18590,AT4G18590:0.000897079
631585at33090,3,Zm00001eb333640,Zm00001eb333640:0.00457835,SORBI_3003G115400,SORBI_3003G115400:0.000928865,NA,NA,NA,NA,AT4G18590,AT4G18590:0.000897079
632146at2759,3,Zm00001eb218220,Zm00001eb218220:0.00126461,SORBI_3004G036800,SORBI_3004G036800:0.000918079,NA,NA,NA,NA,AT5G64790,AT5G64790:0.000822186
632146at33090,3,Zm00001eb218220,Zm00001eb218220:0.00126461,SORBI_3004G036800,SORBI_3004G036800:0.000918079,NA,NA,NA,NA,AT5G64790,AT5G64790:0.000822186
634459at3193,3,NA,NA,NA,NA,LOC_Os03g08220,LOC_Os03g08220:0.000581488,HORVU.MOREX.r3.3HG0256620,HORVU.MOREX.r3.3HG0256620:0.00234532,AT5G05290;AT5G39270;AT5G39300,AT5G05290:0.00102132;AT5G39270:0.00096647;AT5G39300:0.000116261
637034at3193,3,Zm00001eb157530;Zm00001eb296060,Zm00001eb157530:0.00294054;Zm00001eb296060:0.00404844,NA,NA,NA,NA,HORVU.MOREX.r3.7HG0712330,HORVU.MOREX.r3.7HG0712330:0.00168375,AT1G53510,AT1G53510:0.00166031
637561at3193,3,Zm00001eb088800,Zm00001eb088800:0.000914601,NA,NA,NA,NA,HORVU.MOREX.r3.1HG0008130,HORVU.MOREX.r3.1HG0008130:0.00295848,AT4G39330,AT4G39330:0.00130653
638084at2759,3,Zm00001eb001830;Zm00001eb193090;Zm00001eb410050,Zm00001eb001830:6.72426e-05;Zm00001eb193090:0.000710272;Zm00001eb410050:0.00253435,SORBI_3004G319600,SORBI_3004G319600:0.000165494,NA,NA,NA,NA,AT3G62110,AT3G62110:0.00104672
638531at3193,3,Zm00001eb214940;Zm00001eb351340;Zm00001eb368000,Zm00001eb214940:0.000662569;Zm00001eb351340:0.000723112;Zm00001eb368000:0.000161479,NA,NA,NA,NA,HORVU.MOREX.r3.3HG0290320,HORVU.MOREX.r3.3HG0290320:0.00294913,AT3G09440;AT3G12580,AT3G09440:9.81007e-05;AT3G12580:0.00121662
638616at33090,3,Zm00001eb355810;Zm00001eb402260,Zm00001eb355810:0.00451319;Zm00001eb402260:0.00352473,NA,NA,NA,NA,HORVU.MOREX.r3.1HG0005040,HORVU.MOREX.r3.1HG0005040:0.00216576,AT1G76360;AT2G28930;AT4G35600,AT1G76360:0.00144637;AT2G28930:0.00122529;AT4G35600:0.000934722
64419at38820,3,Zm00001eb110070,Zm00001eb110070:0.000189141,SORBI_3002G386700,SORBI_3002G386700:0.000986209,LOC_Os03g03760,LOC_Os03g03760:0.00140008,NA,NA,NA,NA
64419at4447,3,Zm00001eb110070,Zm00001eb110070:0.000189141,SORBI_3002G386700,SORBI_3002G386700:0.000986209,LOC_Os03g03760,LOC_Os03g03760:0.00140008,NA,NA,NA,NA
644422at2759,3,Zm00001eb353580,Zm00001eb353580:0.000105986,SORBI_3006G191600,SORBI_3006G191600:0.000119406,NA,NA,NA,NA,AT5G56550,AT5G56550:0.00151531
644422at3193,3,Zm00001eb353580,Zm00001eb353580:0.000105986,SORBI_3006G191600,SORBI_3006G191600:0.000119406,NA,NA,NA,NA,AT5G56550,AT5G56550:0.00151531
644422at33090,3,Zm00001eb353580,Zm00001eb353580:0.000105986,SORBI_3006G191600,SORBI_3006G191600:0.000119406,NA,NA,NA,NA,AT5G56550,AT5G56550:0.00151531
645053at2759,3,Zm00001eb248610,Zm00001eb248610:6.89736e-05,NA,NA,LOC_Os08g03840,LOC_Os08g03840:0.000860097,NA,NA,AT4G25570;AT5G38630,AT4G25570:0.000139567;AT5G38630:5.08259e-05
646988at3193,3,Zm00001eb110070,Zm00001eb110070:0.000189141,SORBI_3002G386700,SORBI_3002G386700:0.000986209,LOC_Os03g03760,LOC_Os03g03760:0.00140008,NA,NA,NA,NA
649540at2759,3,Zm00001eb082150,Zm00001eb082150:0.00157508,SORBI_3004G178500,SORBI_3004G178500:0.000558139,NA,NA,HORVU.MOREX.r3.3HG0313110,HORVU.MOREX.r3.3HG0313110:0.000472991,NA,NA
649540at3193,3,Zm00001eb082150,Zm00001eb082150:0.00157508,SORBI_3004G178500,SORBI_3004G178500:0.000558139,NA,NA,HORVU.MOREX.r3.3HG0313110,HORVU.MOREX.r3.3HG0313110:0.000472991,NA,NA
649540at33090,3,Zm00001eb082150,Zm00001eb082150:0.00157508,SORBI_3004G178500,SORBI_3004G178500:0.000558139,NA,NA,HORVU.MOREX.r3.3HG0313110,HORVU.MOREX.r3.3HG0313110:0.000472991,NA,NA
650895at3193,3,Zm00001eb331410;Zm00001eb392700,Zm00001eb331410:0.00275582;Zm00001eb392700:0.00305828,NA,NA,NA,NA,HORVU.MOREX.r3.2HG0171990,HORVU.MOREX.r3.2HG0171990:0.000621485,AT1G68410,AT1G68410:0.00153207
655175at33090,3,Zm00001eb249020;Zm00001eb426920;Zm00001eb426930;Zm00001eb426940,Zm00001eb249020:0.00306125;Zm00001eb426920:0.000603997;Zm00001eb426930:0.000603997;Zm00001eb426940:0.000603997,SORBI_3004G299700,SORBI_3004G299700:0.00278953,NA,NA,NA,NA,AT3G27020,AT3G27020:0.00196225
656109at3193,3,Zm00001eb403780,Zm00001eb403780:0.000818639,NA,NA,NA,NA,HORVU.MOREX.r3.3HG0316960,HORVU.MOREX.r3.3HG0316960:0.00103467,AT3G12390;AT4G10480,AT3G12390:0.000479985;AT4G10480:0.00155075
65976at33090,3,Zm00001eb044880;Zm00001eb123230;Zm00001eb221090,Zm00001eb044880:0.00162251;Zm00001eb123230:0.00100752;Zm00001eb221090:0.00400347,SORBI_3002G125000;SORBI_3002G125200;SORBI_3002G125300,SORBI_3002G125000:0.00291783;SORBI_3002G125200:0.00291783;SORBI_3002G125300:0.00291783,NA,NA,NA,NA,AT2G16850;AT2G37180;AT5G47450,AT2G16850:0.00178635;AT2G37180:1.88166e-05;AT5G47450:0.000579423
662733at2759,3,Zm00001eb247540,Zm00001eb247540:0.00443049,SORBI_3010G055000;SORBI_3010G055100,SORBI_3010G055000:0.000243356;SORBI_3010G055100:0.000243356,NA,NA,HORVU.MOREX.r3.3HG0219240;HORVU.MOREX.r3.3HG0219270,HORVU.MOREX.r3.3HG0219240:0.000450859;HORVU.MOREX.r3.3HG0219270:0.000450859,NA,NA
662733at3193,3,Zm00001eb247540,Zm00001eb247540:0.00443049,SORBI_3010G055000;SORBI_3010G055100,SORBI_3010G055000:0.000243356;SORBI_3010G055100:0.000243356,NA,NA,HORVU.MOREX.r3.3HG0219240;HORVU.MOREX.r3.3HG0219270,HORVU.MOREX.r3.3HG0219240:0.000450859;HORVU.MOREX.r3.3HG0219270:0.000450859,NA,NA
662733at33090,3,Zm00001eb247540,Zm00001eb247540:0.00443049,SORBI_3010G055000;SORBI_3010G055100,SORBI_3010G055000:0.000243356;SORBI_3010G055100:0.000243356,NA,NA,HORVU.MOREX.r3.3HG0219240;HORVU.MOREX.r3.3HG0219270,HORVU.MOREX.r3.3HG0219240:0.000450859;HORVU.MOREX.r3.3HG0219270:0.000450859,NA,NA
667955at33090,3,Zm00001eb248610,Zm00001eb248610:6.89736e-05,NA,NA,LOC_Os08g03840,LOC_Os08g03840:0.000860097,NA,NA,AT4G25570;AT5G38630,AT4G25570:0.000139567;AT5G38630:5.08259e-05
669507at3193,3,Zm00001eb015950,Zm00001eb015950:3.28967e-05,SORBI_3001G382100,SORBI_3001G382100:0.000360303,LOC_Os03g03334,LOC_Os03g03334:0.00117327,NA,NA,NA,NA
672418at2759,3,Zm00001eb255520,Zm00001eb255520:0.000708116,SORBI_3002G179800,SORBI_3002G179800:0.00183386,NA,NA,HORVU.MOREX.r3.7HG0665680,HORVU.MOREX.r3.7HG0665680:0.00139218,NA,NA
672418at3193,3,Zm00001eb255520,Zm00001eb255520:0.000708116,SORBI_3002G179800,SORBI_3002G179800:0.00183386,NA,NA,HORVU.MOREX.r3.7HG0665680,HORVU.MOREX.r3.7HG0665680:0.00139218,NA,NA
672418at33090,3,Zm00001eb255520,Zm00001eb255520:0.000708116,SORBI_3002G179800,SORBI_3002G179800:0.00183386,NA,NA,HORVU.MOREX.r3.7HG0665680,HORVU.MOREX.r3.7HG0665680:0.00139218,NA,NA
678337at2759,3,Zm00001eb255970,Zm00001eb255970:0.000271662,SORBI_3010G081800,SORBI_3010G081800:0.00278074,NA,NA,NA,NA,AT1G49720,AT1G49720:0.00100461
678337at3193,3,Zm00001eb255970,Zm00001eb255970:0.000271662,SORBI_3010G081800,SORBI_3010G081800:0.00278074,NA,NA,NA,NA,AT1G49720,AT1G49720:0.00100461
678337at33090,3,Zm00001eb255970,Zm00001eb255970:0.000271662,SORBI_3010G081800,SORBI_3010G081800:0.00278074,NA,NA,NA,NA,AT1G49720,AT1G49720:0.00100461
679576at2759,3,Zm00001eb058370;Zm00001eb214230,Zm00001eb058370:0.000331992;Zm00001eb214230:0.00128363,SORBI_3001G079500,SORBI_3001G079500:0.000476756,NA,NA,NA,NA,AT3G19580,AT3G19580:0.000805599
679576at3193,3,Zm00001eb058370;Zm00001eb214230,Zm00001eb058370:0.000331992;Zm00001eb214230:0.00128363,SORBI_3001G079500,SORBI_3001G079500:0.000476756,NA,NA,NA,NA,AT3G19580,AT3G19580:0.000805599
679576at33090,3,Zm00001eb058370;Zm00001eb214230,Zm00001eb058370:0.000331992;Zm00001eb214230:0.00128363,SORBI_3001G079500,SORBI_3001G079500:0.000476756,NA,NA,NA,NA,AT3G19580,AT3G19580:0.000805599
679856at3193,3,Zm00001eb082560,Zm00001eb082560:0.00143419,SORBI_3008G057900,SORBI_3008G057900:0.000489145,NA,NA,HORVU.MOREX.r3.2HG0169250,HORVU.MOREX.r3.2HG0169250:0.00236596,NA,NA
681845at2759,3,Zm00001eb220790,Zm00001eb220790:0.00162806,SORBI_3001G202400,SORBI_3001G202400:0.00065632,NA,NA,HORVU.MOREX.r3.1HG0048030,HORVU.MOREX.r3.1HG0048030:0.00131637,NA,NA
681845at3193,3,Zm00001eb220790,Zm00001eb220790:0.00162806,SORBI_3001G202400,SORBI_3001G202400:0.00065632,NA,NA,HORVU.MOREX.r3.1HG0048030,HORVU.MOREX.r3.1HG0048030:0.00131637,NA,NA
681845at33090,3,Zm00001eb220790,Zm00001eb220790:0.00162806,SORBI_3001G202400,SORBI_3001G202400:0.00065632,NA,NA,HORVU.MOREX.r3.1HG0048030,HORVU.MOREX.r3.1HG0048030:0.00131637,NA,NA
683187at2759,3,Zm00001eb050910;Zm00001eb403360,Zm00001eb050910:0.00186109;Zm00001eb403360:8.46235e-05,SORBI_3001G244400,SORBI_3001G244400:0.00309537,NA,NA,NA,NA,AT4G14750,AT4G14750:0.00198479
683187at3193,3,Zm00001eb050910;Zm00001eb403360,Zm00001eb050910:0.00186109;Zm00001eb403360:8.46235e-05,SORBI_3001G244400,SORBI_3001G244400:0.00309537,NA,NA,NA,NA,AT4G14750,AT4G14750:0.00198479
683187at33090,3,Zm00001eb050910;Zm00001eb403360,Zm00001eb050910:0.00186109;Zm00001eb403360:8.46235e-05,SORBI_3001G244400,SORBI_3001G244400:0.00309537,NA,NA,NA,NA,AT4G14750,AT4G14750:0.00198479
693615at2759,3,Zm00001eb044660,Zm00001eb044660:0.0044642,NA,NA,LOC_Os10g04960,LOC_Os10g04960:0.000637215,HORVU.MOREX.r3.1HG0046890,HORVU.MOREX.r3.1HG0046890:0.000688391,NA,NA
693615at3193,3,Zm00001eb044660,Zm00001eb044660:0.0044642,NA,NA,LOC_Os10g04960,LOC_Os10g04960:0.000637215,HORVU.MOREX.r3.1HG0046890,HORVU.MOREX.r3.1HG0046890:0.000688391,NA,NA
693615at33090,3,Zm00001eb044660,Zm00001eb044660:0.0044642,NA,NA,LOC_Os10g04960,LOC_Os10g04960:0.000637215,HORVU.MOREX.r3.1HG0046890,HORVU.MOREX.r3.1HG0046890:0.000688391,NA,NA
695290at2759,3,NA,NA,NA,NA,LOC_Os12g01520,LOC_Os12g01520:0.000442674,HORVU.MOREX.r3.3HG0219250,HORVU.MOREX.r3.3HG0219250:0.000450859,AT4G20370,AT4G20370:0.00184862
695290at33090,3,NA,NA,NA,NA,LOC_Os12g01520,LOC_Os12g01520:0.000442674,HORVU.MOREX.r3.3HG0219250,HORVU.MOREX.r3.3HG0219250:0.000450859,AT4G20370,AT4G20370:0.00184862
715at38820,3,Zm00001eb300120,Zm00001eb300120:0.000502043,SORBI_3001G065800;SORBI_3002G361100,SORBI_3001G065800:0.000536804;SORBI_3002G361100:0.00208475,NA,NA,HORVU.MOREX.r3.2HG0214670,HORVU.MOREX.r3.2HG0214670:0.00192454,NA,NA
715at4447,3,Zm00001eb300120,Zm00001eb300120:0.000502043,SORBI_3001G065800;SORBI_3002G361100,SORBI_3001G065800:0.000536804;SORBI_3002G361100:0.00208475,NA,NA,HORVU.MOREX.r3.2HG0214670,HORVU.MOREX.r3.2HG0214670:0.00192454,NA,NA
717333at3193,3,Zm00001eb060140;Zm00001eb190570;Zm00001eb213280,Zm00001eb060140:0.000101925;Zm00001eb190570:0.00149601;Zm00001eb213280:0.00114131,SORBI_3001G063300;SORBI_3002G040800,SORBI_3001G063300:0.00146118;SORBI_3002G040800:0.00138282,NA,NA,NA,NA,AT4G09570,AT4G09570:0.00199607
723263at33090,3,Zm00001eb214940;Zm00001eb351340;Zm00001eb368000,Zm00001eb214940:0.000662569;Zm00001eb351340:0.000723112;Zm00001eb368000:0.000161479,NA,NA,NA,NA,HORVU.MOREX.r3.3HG0290320,HORVU.MOREX.r3.3HG0290320:0.00294913,AT3G09440;AT3G12580,AT3G09440:9.81007e-05;AT3G12580:0.00121662
743214at33090,3,Zm00001eb018860,Zm00001eb018860:3.42114e-07,NA,NA,NA,NA,HORVU.MOREX.r3.6HG0540760,HORVU.MOREX.r3.6HG0540760:0.00217974,AT5G64200,AT5G64200:0.00152179
743677at33090,3,Zm00001eb082560,Zm00001eb082560:0.00143419,SORBI_3008G057900,SORBI_3008G057900:0.000489145,NA,NA,HORVU.MOREX.r3.2HG0169250,HORVU.MOREX.r3.2HG0169250:0.00236596,NA,NA
746111at2759,3,Zm00001eb289460,Zm00001eb289460:0.000290039,SORBI_3003G051600,SORBI_3003G051600:0.00222966,NA,NA,NA,NA,AT3G17020,AT3G17020:0.000263744
746111at33090,3,Zm00001eb289460,Zm00001eb289460:0.000290039,SORBI_3003G051600,SORBI_3003G051600:0.00222966,NA,NA,NA,NA,AT3G17020,AT3G17020:0.000263744
747727at33090,3,Zm00001eb397170,Zm00001eb397170:0.00024328,NA,NA,NA,NA,HORVU.MOREX.r3.5HG0507470,HORVU.MOREX.r3.5HG0507470:0.00286363,AT5G22630,AT5G22630:0.00137394
758952at33090,3,Zm00001eb403780,Zm00001eb403780:0.000818639,NA,NA,NA,NA,HORVU.MOREX.r3.3HG0316960,HORVU.MOREX.r3.3HG0316960:0.00103467,AT3G12390;AT4G10480,AT3G12390:0.000479985;AT4G10480:0.00155075
76462at2759,3,Zm00001eb208880,Zm00001eb208880:0.00423669,SORBI_3009G231400,SORBI_3009G231400:0.00152934,NA,NA,NA,NA,AT1G59725,AT1G59725:0.000576503
768205at33090,3,Zm00001eb193100,Zm00001eb193100:0.000710272,NA,NA,NA,NA,HORVU.MOREX.r3.6HG0620440;HORVU.MOREX.r3.6HG0620630,HORVU.MOREX.r3.6HG0620440:0.00269105;HORVU.MOREX.r3.6HG0620630:0.00046271,AT2G05920,AT2G05920:0.0017133
783636at2759,3,Zm00001eb146750,Zm00001eb146750:0.000502528,NA,NA,NA,NA,HORVU.MOREX.r3.7HG0738760,HORVU.MOREX.r3.7HG0738760:0.000245905,AT1G43670,AT1G43670:0.00133892
783636at33090,3,Zm00001eb146750,Zm00001eb146750:0.000502528,NA,NA,NA,NA,HORVU.MOREX.r3.7HG0738760,HORVU.MOREX.r3.7HG0738760:0.000245905,AT1G43670,AT1G43670:0.00133892
784720at33090,3,Zm00001eb320430;Zm00001eb432420,Zm00001eb320430:0.00109882;Zm00001eb432420:0.00136101,SORBI_3002G295100;SORBI_3007G088000,SORBI_3002G295100:0.00245796;SORBI_3007G088000:0.00294223,NA,NA,NA,NA,AT4G30210,AT4G30210:0.000360906
785050at2759,3,Zm00001eb373960,Zm00001eb373960:0.00308078,SORBI_3004G319800,SORBI_3004G319800:0.000165494,NA,NA,HORVU.MOREX.r3.6HG0620920,HORVU.MOREX.r3.6HG0620920:0.00311159,NA,NA
785050at33090,3,Zm00001eb373960,Zm00001eb373960:0.00308078,SORBI_3004G319800,SORBI_3004G319800:0.000165494,NA,NA,HORVU.MOREX.r3.6HG0620920,HORVU.MOREX.r3.6HG0620920:0.00311159,NA,NA
787554at2759,3,Zm00001eb060140;Zm00001eb107190;Zm00001eb190570;Zm00001eb212430;Zm00001eb213280,Zm00001eb060140:0.000101925;Zm00001eb107190:0.00392846;Zm00001eb190570:0.00149601;Zm00001eb212430:0.00424957;Zm00001eb213280:0.00114131,SORBI_3001G063300;SORBI_3002G040800;SORBI_3003G225200,SORBI_3001G063300:0.00146118;SORBI_3002G040800:0.00138282;SORBI_3003G225200:6.89305e-05,NA,NA,NA,NA,AT2G41140;AT4G09570;AT4G21940,AT2G41140:0.000351242;AT4G09570:0.00199607;AT4G21940:0.000299599
787554at33090,3,Zm00001eb060140;Zm00001eb107190;Zm00001eb190570;Zm00001eb212430;Zm00001eb213280,Zm00001eb060140:0.000101925;Zm00001eb107190:0.00392846;Zm00001eb190570:0.00149601;Zm00001eb212430:0.00424957;Zm00001eb213280:0.00114131,SORBI_3001G063300;SORBI_3002G040800;SORBI_3003G225200,SORBI_3001G063300:0.00146118;SORBI_3002G040800:0.00138282;SORBI_3003G225200:6.89305e-05,NA,NA,NA,NA,AT4G09570;AT4G21940,AT4G09570:0.00199607;AT4G21940:0.000299599
787699at2759,3,Zm00001eb015950,Zm00001eb015950:3.28967e-05,SORBI_3001G382100,SORBI_3001G382100:0.000360303,LOC_Os03g03334,LOC_Os03g03334:0.00117327,NA,NA,NA,NA
787699at33090,3,Zm00001eb015950,Zm00001eb015950:3.28967e-05,SORBI_3001G382100,SORBI_3001G382100:0.000360303,LOC_Os03g03334,LOC_Os03g03334:0.00117327,NA,NA,NA,NA
787791at33090,3,Zm00001eb222960;Zm00001eb430440,Zm00001eb222960:0.0039762;Zm00001eb430440:0.00192144,SORBI_3006G206800,SORBI_3006G206800:0.00287746,NA,NA,NA,NA,AT3G63380,AT3G63380:0.000106637
788495at2759,3,Zm00001eb355810;Zm00001eb402260,Zm00001eb355810:0.00451319;Zm00001eb402260:0.00352473,NA,NA,NA,NA,HORVU.MOREX.r3.1HG0005040;HORVU.MOREX.r3.5HG0495250,HORVU.MOREX.r3.1HG0005040:0.00216576;HORVU.MOREX.r3.5HG0495250:0.00103982,AT1G76360;AT2G28930;AT4G35600,AT1G76360:0.00144637;AT2G28930:0.00122529;AT4G35600:0.000934722
789025at33090,3,Zm00001eb394480,Zm00001eb394480:0.00124417,NA,NA,NA,NA,HORVU.MOREX.r3.7HG0752890,HORVU.MOREX.r3.7HG0752890:0.00141628,AT1G10900,AT1G10900:0.00108167
790455at33090,3,Zm00001eb252200,Zm00001eb252200:0.000661626,NA,NA,NA,NA,HORVU.MOREX.r3.4HG0332540,HORVU.MOREX.r3.4HG0332540:0.00310241,AT3G52880,AT3G52880:0.00186716
794577at2759,3,Zm00001eb331410;Zm00001eb392700,Zm00001eb331410:0.00275582;Zm00001eb392700:0.00305828,NA,NA,NA,NA,HORVU.MOREX.r3.2HG0171990,HORVU.MOREX.r3.2HG0171990:0.000621485,AT1G68410,AT1G68410:0.00153207
794577at33090,3,Zm00001eb331410;Zm00001eb392700,Zm00001eb331410:0.00275582;Zm00001eb392700:0.00305828,NA,NA,NA,NA,HORVU.MOREX.r3.2HG0171990,HORVU.MOREX.r3.2HG0171990:0.000621485,AT1G68410,AT1G68410:0.00153207
794814at2759,3,Zm00001eb032760;Zm00001eb062530;Zm00001eb217750;Zm00001eb249220,Zm00001eb032760:0.00154998;Zm00001eb062530:0.000881052;Zm00001eb217750:0.000806361;Zm00001eb249220:0.000874952,NA,NA,LOC_Os03g01460,LOC_Os03g01460:0.00126639,HORVU.MOREX.r3.2HG0217920;HORVU.MOREX.r3.3HG0228240;HORVU.MOREX.r3.3HG0228250,HORVU.MOREX.r3.2HG0217920:0.00211687;HORVU.MOREX.r3.3HG0228240:0.000746461;HORVU.MOREX.r3.3HG0228250:0.000746461,NA,NA
800577at33090,3,Zm00001eb067720,Zm00001eb067720:0.00318966,SORBI_3001G114400,SORBI_3001G114400:3.96909e-06,NA,NA,HORVU.MOREX.r3.1HG0080750,HORVU.MOREX.r3.1HG0080750:0.000139259,NA,NA
800996at33090,3,Zm00001eb121540,Zm00001eb121540:0.00341881,NA,NA,LOC_Os10g04760,LOC_Os10g04760:0.000708819,NA,NA,AT4G33080,AT4G33080:0.000531384
802609at33090,3,Zm00001eb328560,Zm00001eb328560:4.06014e-05,SORBI_3002G388400,SORBI_3002G388400:0.00335164,NA,NA,HORVU.MOREX.r3.4HG0335910,HORVU.MOREX.r3.4HG0335910:0.0012657,NA,NA
803223at33090,3,Zm00001eb291180,Zm00001eb291180:0.000106539,SORBI_3001G205900,SORBI_3001G205900:0.000964868,NA,NA,NA,NA,AT3G28480,AT3G28480:0.00160577
809293at33090,3,Zm00001eb017330,Zm00001eb017330:0.00409796,NA,NA,NA,NA,HORVU.MOREX.r3.1HG0022910,HORVU.MOREX.r3.1HG0022910:0.000548274,AT4G30160,AT4G30160:9.57656e-05
809774at2759,3,Zm00001eb066570;Zm00001eb433500,Zm00001eb066570:0.00192247;Zm00001eb433500:0.000820257,SORBI_3006G151800,SORBI_3006G151800:0.00149394,NA,NA,NA,NA,AT2G41310,AT2G41310:0.00151858
809774at33090,3,Zm00001eb066570;Zm00001eb433500,Zm00001eb066570:0.00192247;Zm00001eb433500:0.000820257,SORBI_3006G151800,SORBI_3006G151800:0.00149394,NA,NA,NA,NA,AT2G41310,AT2G41310:0.00151858
809874at33090,3,Zm00001eb001830;Zm00001eb193090;Zm00001eb410050,Zm00001eb001830:6.72426e-05;Zm00001eb193090:0.000710272;Zm00001eb410050:0.00253435,SORBI_3004G319600,SORBI_3004G319600:0.000165494,NA,NA,NA,NA,AT3G62110,AT3G62110:0.00104672
86938at38820,3,Zm00001eb015950,Zm00001eb015950:3.28967e-05,SORBI_3001G382100,SORBI_3001G382100:0.000360303,LOC_Os03g03334,LOC_Os03g03334:0.00117327,NA,NA,NA,NA
86938at4447,3,Zm00001eb015950,Zm00001eb015950:3.28967e-05,SORBI_3001G382100,SORBI_3001G382100:0.000360303,LOC_Os03g03334,LOC_Os03g03334:0.00117327,NA,NA,NA,NA
89849at4447,3,Zm00001eb255520,Zm00001eb255520:0.000708116,SORBI_3002G179800,SORBI_3002G179800:0.00183386,NA,NA,HORVU.MOREX.r3.7HG0665680,HORVU.MOREX.r3.7HG0665680:0.00139218,NA,NA
89856at38820,3,NA,NA,SORBI_3002G012300,SORBI_3002G012300:0.00191444,LOC_Os07g01200,LOC_Os07g01200:2.66704e-05,HORVU.MOREX.r3.4HG0412780,HORVU.MOREX.r3.4HG0412780:0.00156478,NA,NA
94946at38820,3,Zm00001eb220790,Zm00001eb220790:0.00162806,SORBI_3001G202400,SORBI_3001G202400:0.00065632,NA,NA,HORVU.MOREX.r3.1HG0048030,HORVU.MOREX.r3.1HG0048030:0.00131637,NA,NA
94946at4447,3,Zm00001eb220790,Zm00001eb220790:0.00162806,SORBI_3001G202400,SORBI_3001G202400:0.00065632,NA,NA,HORVU.MOREX.r3.1HG0048030,HORVU.MOREX.r3.1HG0048030:0.00131637,NA,NA
954229at2759,3,Zm00001eb152900,Zm00001eb152900:0.00145239,NA,NA,NA,NA,HORVU.MOREX.r3.3HG0276050,HORVU.MOREX.r3.3HG0276050:1.72714e-07,AT2G31960;AT2G36850;AT5G13000,AT2G31960:3.31585e-05;AT2G36850:0.00150769;AT5G13000:0.000758852
9550at38820,3,Zm00001eb122300;Zm00001eb282950,Zm00001eb122300:0.000243312;Zm00001eb282950:0.00405268,NA,NA,LOC_Os01g01790,LOC_Os01g01790:0.00035306,HORVU.MOREX.r3.3HG0239530,HORVU.MOREX.r3.3HG0239530:0.00053704,NA,NA
9550at4447,3,Zm00001eb122300;Zm00001eb282950,Zm00001eb122300:0.000243312;Zm00001eb282950:0.00405268,NA,NA,LOC_Os01g01790,LOC_Os01g01790:0.00035306,HORVU.MOREX.r3.3HG0239530,HORVU.MOREX.r3.3HG0239530:0.00053704,NA,NA
9775at38820,3,Zm00001eb363730,Zm00001eb363730:0.00331481,SORBI_3005G126800,SORBI_3005G126800:0.00193769,LOC_Os11g05160,LOC_Os11g05160:0.00109708,NA,NA,NA,NA
9775at4447,3,Zm00001eb363730,Zm00001eb363730:0.00331481,SORBI_3005G126800,SORBI_3005G126800:0.00193769,LOC_Os11g05160,LOC_Os11g05160:0.00109708,NA,NA,NA,NA
100205at2759,2,Zm00001eb300140,Zm00001eb300140:0.000502043,NA,NA,NA,NA,NA,NA,AT2G34600,AT2G34600:0.000131787
100205at3193,2,Zm00001eb300140,Zm00001eb300140:0.000502043,NA,NA,NA,NA,NA,NA,AT2G34600,AT2G34600:0.000131787
100205at33090,2,Zm00001eb300140,Zm00001eb300140:0.000502043,NA,NA,NA,NA,NA,NA,AT2G34600,AT2G34600:0.000131787
100401at38820,2,Zm00001eb153070,Zm00001eb153070:0.00299434,SORBI_3009G200700,SORBI_3009G200700:0.0020325,NA,NA,NA,NA,NA,NA
100401at4447,2,Zm00001eb153070,Zm00001eb153070:0.00299434,SORBI_3009G200700,SORBI_3009G200700:0.0020325,NA,NA,NA,NA,NA,NA
100602at38820,2,Zm00001eb377500,Zm00001eb377500:0.00334144,NA,NA,NA,NA,HORVU.MOREX.r3.7HG0648140,HORVU.MOREX.r3.7HG0648140:0.00101155,NA,NA
100602at4447,2,Zm00001eb377500,Zm00001eb377500:0.00334144,NA,NA,NA,NA,HORVU.MOREX.r3.7HG0648140,HORVU.MOREX.r3.7HG0648140:0.00101155,NA,NA
101208at38820,2,NA,NA,SORBI_3004G087100,SORBI_3004G087100:6.11672e-05,NA,NA,HORVU.MOREX.r3.6HG0553250,HORVU.MOREX.r3.6HG0553250:0.000850732,NA,NA
101208at4447,2,NA,NA,SORBI_3004G087100,SORBI_3004G087100:6.11672e-05,NA,NA,HORVU.MOREX.r3.6HG0553250,HORVU.MOREX.r3.6HG0553250:0.000850732,NA,NA
101263at38820,2,Zm00001eb366460,Zm00001eb366460:0.00386749,NA,NA,LOC_Os01g08750,LOC_Os01g08750:0.000944472,NA,NA,NA,NA
101263at4447,2,Zm00001eb366460,Zm00001eb366460:0.00386749,NA,NA,LOC_Os01g08750,LOC_Os01g08750:0.000944472,NA,NA,NA,NA
101274at38820,2,Zm00001eb305500,Zm00001eb305500:0.000559538,SORBI_3002G119200,SORBI_3002G119200:0.00114327,NA,NA,NA,NA,NA,NA
101274at4447,2,Zm00001eb305500,Zm00001eb305500:0.000559538,SORBI_3002G119200,SORBI_3002G119200:0.00114327,NA,NA,NA,NA,NA,NA
101580at38820,2,NA,NA,SORBI_3004G320300,SORBI_3004G320300:0.000165494,NA,NA,HORVU.MOREX.r3.6HG0621170,HORVU.MOREX.r3.6HG0621170:0.000185264,NA,NA
101580at4447,2,NA,NA,SORBI_3004G320300,SORBI_3004G320300:0.000165494,NA,NA,HORVU.MOREX.r3.6HG0621170,HORVU.MOREX.r3.6HG0621170:0.000185264,NA,NA
103817at38820,2,Zm00001eb213050,Zm00001eb213050:0.000582644,NA,NA,NA,NA,HORVU.MOREX.r3.5HG0518540,HORVU.MOREX.r3.5HG0518540:0.002719,NA,NA
103817at4447,2,Zm00001eb213050,Zm00001eb213050:0.000582644,NA,NA,NA,NA,HORVU.MOREX.r3.5HG0518540,HORVU.MOREX.r3.5HG0518540:0.002719,NA,NA
104575at38820,2,Zm00001eb061540,Zm00001eb061540:0.00378684,SORBI_3001G048000,SORBI_3001G048000:0.00191605,NA,NA,NA,NA,NA,NA
104575at4447,2,Zm00001eb061540,Zm00001eb061540:0.00378684,SORBI_3001G048000,SORBI_3001G048000:0.00191605,NA,NA,NA,NA,NA,NA
104624at3193,2,Zm00001eb277700,Zm00001eb277700:0.00145047,NA,NA,NA,NA,NA,NA,AT1G06400;AT1G16920,AT1G06400:0.000707823;AT1G16920:0.00173813
104798at3193,2,NA,NA,NA,NA,NA,NA,HORVU.MOREX.r3.4HG0333970,HORVU.MOREX.r3.4HG0333970:0.00124481,AT4G08160,AT4G08160:0.00135227
104798at33090,2,NA,NA,NA,NA,NA,NA,HORVU.MOREX.r3.4HG0333970,HORVU.MOREX.r3.4HG0333970:0.00124481,AT4G08160,AT4G08160:0.00135227
104997at38820,2,NA,NA,NA,NA,LOC_Os09g04460,LOC_Os09g04460:0.00130339,HORVU.MOREX.r3.2HG0106230,HORVU.MOREX.r3.2HG0106230:0.00182252,NA,NA
104997at4447,2,NA,NA,NA,NA,LOC_Os09g04460,LOC_Os09g04460:0.00130339,HORVU.MOREX.r3.2HG0106230,HORVU.MOREX.r3.2HG0106230:0.00182252,NA,NA
105162at3193,2,Zm00001eb395470,Zm00001eb395470:0.00350266,NA,NA,LOC_Os11g01280,LOC_Os11g01280:0.000981973,NA,NA,NA,NA
105250at38820,2,Zm00001eb146800,Zm00001eb146800:0.000719215,NA,NA,LOC_Os01g08660,LOC_Os01g08660:0.000297793,NA,NA,NA,NA
105250at4447,2,Zm00001eb146800,Zm00001eb146800:0.000719215,NA,NA,LOC_Os01g08660,LOC_Os01g08660:0.000297793,NA,NA,NA,NA
105916at38820,2,Zm00001eb229660,Zm00001eb229660:0.000149622,SORBI_3004G007900,SORBI_3004G007900:0.00187195,NA,NA,NA,NA,NA,NA
105916at4447,2,Zm00001eb229660,Zm00001eb229660:0.000149622,SORBI_3004G007900,SORBI_3004G007900:0.00187195,NA,NA,NA,NA,NA,NA
105955at2759,2,NA,NA,SORBI_3003G341700;SORBI_3003G341800,SORBI_3003G341700:0.00117037;SORBI_3003G341800:0.00117037,NA,NA,NA,NA,AT3G09520,AT3G09520:0.00114813
105955at33090,2,NA,NA,SORBI_3003G341700;SORBI_3003G341800,SORBI_3003G341700:0.00117037;SORBI_3003G341800:0.00117037,NA,NA,NA,NA,AT3G09520,AT3G09520:0.00114813
106011at33090,2,Zm00001eb100630,Zm00001eb100630:0.000256475,NA,NA,NA,NA,HORVU.MOREX.r3.7HG0674710,HORVU.MOREX.r3.7HG0674710:0.000161492,NA,NA
106400at33090,2,Zm00001eb062600;Zm00001eb186790,Zm00001eb062600:0.0036522;Zm00001eb186790:0.00452113,NA,NA,NA,NA,NA,NA,AT5G59880,AT5G59880:0.00137055
107214at38820,2,NA,NA,SORBI_3002G263400,SORBI_3002G263400:0.000571952,NA,NA,HORVU.MOREX.r3.5HG0496150,HORVU.MOREX.r3.5HG0496150:0.00287904,NA,NA
107214at4447,2,NA,NA,SORBI_3002G263400,SORBI_3002G263400:0.000571952,NA,NA,HORVU.MOREX.r3.5HG0496150,HORVU.MOREX.r3.5HG0496150:0.00287904,NA,NA
107355at38820,2,Zm00001eb374680,Zm00001eb374680:0.00248964,NA,NA,NA,NA,HORVU.MOREX.r3.7HG0659020,HORVU.MOREX.r3.7HG0659020:0.000182906,NA,NA
107355at4447,2,Zm00001eb374680,Zm00001eb374680:0.00248964,NA,NA,NA,NA,HORVU.MOREX.r3.7HG0659020,HORVU.MOREX.r3.7HG0659020:0.000182906,NA,NA
107507at38820,2,Zm00001eb228000,Zm00001eb228000:0.00223783,SORBI_3010G265500,SORBI_3010G265500:0.00113799,NA,NA,NA,NA,NA,NA
107507at4447,2,Zm00001eb228000,Zm00001eb228000:0.00223783,SORBI_3010G265500,SORBI_3010G265500:0.00113799,NA,NA,NA,NA,NA,NA
108062at38820,2,Zm00001eb328450,Zm00001eb328450:0.000340631,SORBI_3002G387200,SORBI_3002G387200:0.000986209,NA,NA,NA,NA,NA,NA
108071at2759,2,Zm00001eb160170,Zm00001eb160170:8.74501e-05,NA,NA,NA,NA,NA,NA,AT3G25530,AT3G25530:0.000603613
108190at2759,2,Zm00001eb299200,Zm00001eb299200:0.000830471,SORBI_3001G076700,SORBI_3001G076700:0.00129588,NA,NA,NA,NA,NA,NA
108190at3193,2,Zm00001eb299200,Zm00001eb299200:0.000830471,SORBI_3001G076700,SORBI_3001G076700:0.00129588,NA,NA,NA,NA,NA,NA
108190at33090,2,Zm00001eb299200,Zm00001eb299200:0.000830471,SORBI_3001G076700,SORBI_3001G076700:0.00129588,NA,NA,NA,NA,NA,NA
10828at2759,2,Zm00001eb108330,Zm00001eb108330:0.000219232,SORBI_3002G361500,SORBI_3002G361500:0.00335657,NA,NA,NA,NA,NA,NA
10828at3193,2,Zm00001eb108330,Zm00001eb108330:0.000219232,SORBI_3002G361500,SORBI_3002G361500:0.00335657,NA,NA,NA,NA,NA,NA
10828at33090,2,Zm00001eb108330,Zm00001eb108330:0.000219232,SORBI_3002G361500,SORBI_3002G361500:0.00335657,NA,NA,NA,NA,NA,NA
108404at4447,2,Zm00001eb328450,Zm00001eb328450:0.000340631,SORBI_3002G387200,SORBI_3002G387200:0.000986209,NA,NA,NA,NA,NA,NA
109965at38820,2,Zm00001eb376510,Zm00001eb376510:0.00367172,NA,NA,NA,NA,HORVU.MOREX.r3.7HG0653850,HORVU.MOREX.r3.7HG0653850:0.000735,NA,NA
109965at4447,2,Zm00001eb376510,Zm00001eb376510:0.00367172,NA,NA,NA,NA,HORVU.MOREX.r3.7HG0653850,HORVU.MOREX.r3.7HG0653850:0.000735,NA,NA
109998at33090,2,Zm00001eb064830,Zm00001eb064830:0.00195608,SORBI_3003G002700,SORBI_3003G002700:0.000908638,NA,NA,NA,NA,NA,NA
110145at2759,2,Zm00001eb043390,Zm00001eb043390:0.00235525,NA,NA,NA,NA,NA,NA,AT1G64650,AT1G64650:0.0018321
110378at3193,2,Zm00001eb349990,Zm00001eb349990:0.000987541,NA,NA,NA,NA,NA,NA,AT5G11670,AT5G11670:0.00144603
110618at38820,2,Zm00001eb187720,Zm00001eb187720:0.000211894,SORBI_3004G275500,SORBI_3004G275500:0.00305658,NA,NA,NA,NA,NA,NA
110618at4447,2,Zm00001eb187720,Zm00001eb187720:0.000211894,SORBI_3004G275500,SORBI_3004G275500:0.00305658,NA,NA,NA,NA,NA,NA
111430at38820,2,Zm00001eb035860,Zm00001eb035860:0.00106849,SORBI_3007G200100,SORBI_3007G200100:0.0028998,NA,NA,NA,NA,NA,NA
111430at4447,2,Zm00001eb035860,Zm00001eb035860:0.00106849,SORBI_3007G200100,SORBI_3007G200100:0.0028998,NA,NA,NA,NA,NA,NA
111950at38820,2,Zm00001eb108360,Zm00001eb108360:0.000219232,SORBI_3002G361900,SORBI_3002G361900:0.00335657,NA,NA,NA,NA,NA,NA
111950at4447,2,Zm00001eb108360,Zm00001eb108360:0.000219232,SORBI_3002G361900,SORBI_3002G361900:0.00335657,NA,NA,NA,NA,NA,NA
11233at38820,2,NA,NA,SORBI_3010G082700,SORBI_3010G082700:0.00205156,NA,NA,HORVU.MOREX.r3.3HG0255870;HORVU.MOREX.r3.7HG0663870,HORVU.MOREX.r3.3HG0255870:0.00044008;HORVU.MOREX.r3.7HG0663870:0.00194212,NA,NA
11233at4447,2,NA,NA,SORBI_3010G082700,SORBI_3010G082700:0.00205156,NA,NA,HORVU.MOREX.r3.3HG0255870;HORVU.MOREX.r3.7HG0663870,HORVU.MOREX.r3.3HG0255870:0.00044008;HORVU.MOREX.r3.7HG0663870:0.00194212,NA,NA
11422at4447,2,Zm00001eb302460,Zm00001eb302460:0.00208315,SORBI_3001G052300,SORBI_3001G052300:0.000693508,NA,NA,NA,NA,NA,NA
11614at38820,2,Zm00001eb231800,Zm00001eb231800:0.000249985,SORBI_3004G034500,SORBI_3004G034500:0.00103889,NA,NA,NA,NA,NA,NA
11614at4447,2,Zm00001eb231800,Zm00001eb231800:0.000249985,SORBI_3004G034500,SORBI_3004G034500:0.00103889,NA,NA,NA,NA,NA,NA
1186at38820,2,Zm00001eb067680,Zm00001eb067680:0.00447193,SORBI_3006G248600,SORBI_3006G248600:0.00142724,NA,NA,NA,NA,NA,NA
1186at4447,2,Zm00001eb067680,Zm00001eb067680:0.00447193,SORBI_3006G248600,SORBI_3006G248600:0.00142724,NA,NA,NA,NA,NA,NA
11948at38820,2,Zm00001eb163480;Zm00001eb196030,Zm00001eb163480:0.00361155;Zm00001eb196030:0.000105406,SORBI_3002G424500,SORBI_3002G424500:0.00120259,NA,NA,NA,NA,NA,NA
11948at4447,2,Zm00001eb163480;Zm00001eb196030,Zm00001eb163480:0.00361155;Zm00001eb196030:0.000105406,SORBI_3002G424500,SORBI_3002G424500:0.00120259,NA,NA,NA,NA,NA,NA
12507at4447,2,Zm00001eb376490,Zm00001eb376490:0.00367172,NA,NA,NA,NA,HORVU.MOREX.r3.7HG0653740,HORVU.MOREX.r3.7HG0653740:9.32661e-05,NA,NA
127372at2759,2,NA,NA,SORBI_3010G082600,SORBI_3010G082600:0.00205156,NA,NA,HORVU.MOREX.r3.7HG0663850;HORVU.MOREX.r3.7HG0663860,HORVU.MOREX.r3.7HG0663850:0.00194212;HORVU.MOREX.r3.7HG0663860:0.00194212,NA,NA
127372at3193,2,NA,NA,SORBI_3010G082600,SORBI_3010G082600:0.00205156,NA,NA,HORVU.MOREX.r3.7HG0663850;HORVU.MOREX.r3.7HG0663860,HORVU.MOREX.r3.7HG0663850:0.00194212;HORVU.MOREX.r3.7HG0663860:0.00194212,NA,NA
127372at33090,2,NA,NA,SORBI_3010G082600,SORBI_3010G082600:0.00205156,NA,NA,HORVU.MOREX.r3.7HG0663850;HORVU.MOREX.r3.7HG0663860,HORVU.MOREX.r3.7HG0663850:0.00194212;HORVU.MOREX.r3.7HG0663860:0.00194212,NA,NA
128459at2759,2,Zm00001eb377810,Zm00001eb377810:0.00415289,NA,NA,NA,NA,NA,NA,AT4G36110,AT4G36110:0.00132608
128459at3193,2,Zm00001eb377810,Zm00001eb377810:0.00415289,NA,NA,NA,NA,NA,NA,AT4G36110,AT4G36110:0.00132608
128459at33090,2,Zm00001eb377810,Zm00001eb377810:0.00415289,NA,NA,NA,NA,NA,NA,AT4G36110,AT4G36110:0.00132608
128682at3193,2,NA,NA,NA,NA,LOC_Os10g04780,LOC_Os10g04780:9.19467e-05,NA,NA,AT5G28490,AT5G28490:0.000907424
128682at33090,2,NA,NA,NA,NA,LOC_Os10g04780,LOC_Os10g04780:9.19467e-05,NA,NA,AT5G28490,AT5G28490:0.000907424
129073at2759,2,Zm00001eb427810,Zm00001eb427810:0.00183172,NA,NA,NA,NA,NA,NA,AT5G07440,AT5G07440:0.00171393
129073at3193,2,Zm00001eb427810,Zm00001eb427810:0.00183172,NA,NA,NA,NA,NA,NA,AT5G07440,AT5G07440:0.00171393
129073at33090,2,Zm00001eb427810,Zm00001eb427810:0.00183172,NA,NA,NA,NA,NA,NA,AT5G07440,AT5G07440:0.00171393
132787at33090,2,Zm00001eb002470;Zm00001eb241950,Zm00001eb002470:0.000219138;Zm00001eb241950:0.00400791,NA,NA,NA,NA,NA,NA,AT3G07070,AT3G07070:4.1367e-05
135702at2759,2,Zm00001eb271450,Zm00001eb271450:0.00238889,SORBI_3004G348300,SORBI_3004G348300:0.00119591,NA,NA,NA,NA,NA,NA
135702at33090,2,Zm00001eb271450,Zm00001eb271450:0.00238889,SORBI_3004G348300,SORBI_3004G348300:0.00119591,NA,NA,NA,NA,NA,NA
136265at33090,2,Zm00001eb103070,Zm00001eb103070:0.00277929,SORBI_3007G182000,SORBI_3007G182000:0.00175142,NA,NA,NA,NA,NA,NA
136507at33090,2,Zm00001eb274870,Zm00001eb274870:0.000128536,NA,NA,NA,NA,NA,NA,AT1G72970,AT1G72970:0.000443964
13719at4447,2,NA,NA,SORBI_3001G284100,SORBI_3001G284100:0.000829029,NA,NA,HORVU.MOREX.r3.5HG0536340,HORVU.MOREX.r3.5HG0536340:0.00279496,NA,NA
138101at2759,2,Zm00001eb018360;Zm00001eb041470;Zm00001eb179660,Zm00001eb018360:0.00206025;Zm00001eb041470:0.00294719;Zm00001eb179660:0.00338872,SORBI_3001G356500,SORBI_3001G356500:0.000766523,NA,NA,NA,NA,NA,NA
138101at3193,2,Zm00001eb018360;Zm00001eb041470;Zm00001eb179660,Zm00001eb018360:0.00206025;Zm00001eb041470:0.00294719;Zm00001eb179660:0.00338872,SORBI_3001G356500,SORBI_3001G356500:0.000766523,NA,NA,NA,NA,NA,NA
138101at33090,2,Zm00001eb018360;Zm00001eb041470;Zm00001eb179660,Zm00001eb018360:0.00206025;Zm00001eb041470:0.00294719;Zm00001eb179660:0.00338872,SORBI_3001G356500,SORBI_3001G356500:0.000766523,NA,NA,NA,NA,NA,NA
139695at2759,2,Zm00001eb296230,Zm00001eb296230:0.00249969,SORBI_3004G086800,SORBI_3004G086800:6.11672e-05,NA,NA,NA,NA,NA,NA
14023at38820,2,NA,NA,SORBI_3006G280100,SORBI_3006G280100:0.00318491,NA,NA,HORVU.MOREX.r3.2HG0198730,HORVU.MOREX.r3.2HG0198730:0.00127374,NA,NA
14023at4447,2,NA,NA,SORBI_3006G280100,SORBI_3006G280100:0.00318491,NA,NA,HORVU.MOREX.r3.2HG0198730,HORVU.MOREX.r3.2HG0198730:0.00127374,NA,NA
14147at4447,2,NA,NA,NA,NA,LOC_Os03g01460,LOC_Os03g01460:0.00126639,HORVU.MOREX.r3.2HG0217920,HORVU.MOREX.r3.2HG0217920:0.00211687,NA,NA
14163at4447,2,Zm00001eb110020,Zm00001eb110020:0.0013808,SORBI_3003G139500,SORBI_3003G139500:0.00336262,NA,NA,NA,NA,NA,NA
14206at38820,2,NA,NA,SORBI_3004G088450,SORBI_3004G088450:0.000571358,NA,NA,HORVU.MOREX.r3.7HG0648880,HORVU.MOREX.r3.7HG0648880:0.00214811,NA,NA
14206at4447,2,NA,NA,SORBI_3004G088450,SORBI_3004G088450:0.000571358,NA,NA,HORVU.MOREX.r3.7HG0648880,HORVU.MOREX.r3.7HG0648880:0.00214811,NA,NA
143419at2759,2,Zm00001eb261170,Zm00001eb261170:0.00167433,NA,NA,NA,NA,NA,NA,AT1G76990,AT1G76990:0.000132662
143419at33090,2,Zm00001eb261170,Zm00001eb261170:0.00167433,NA,NA,NA,NA,NA,NA,AT1G76990,AT1G76990:0.000132662
143673at2759,2,Zm00001eb329220,Zm00001eb329220:8.45219e-05,NA,NA,NA,NA,NA,NA,AT3G50620,AT3G50620:0.000795547
143673at3193,2,Zm00001eb329220,Zm00001eb329220:8.45219e-05,NA,NA,NA,NA,NA,NA,AT3G50620,AT3G50620:0.000795547
143673at33090,2,Zm00001eb329220,Zm00001eb329220:8.45219e-05,NA,NA,NA,NA,NA,NA,AT3G50620,AT3G50620:0.000795547
14393at38820,2,Zm00001eb333590,Zm00001eb333590:0.00127453,SORBI_3003G115900,SORBI_3003G115900:0.00143673,NA,NA,NA,NA,NA,NA
14393at4447,2,Zm00001eb333590,Zm00001eb333590:0.00127453,SORBI_3003G115900,SORBI_3003G115900:0.00143673,NA,NA,NA,NA,NA,NA
147853at3193,2,Zm00001eb015330,Zm00001eb015330:0.00379878,NA,NA,NA,NA,NA,NA,AT1G31160,AT1G31160:0.000757401
147853at33090,2,Zm00001eb015330,Zm00001eb015330:0.00379878,NA,NA,NA,NA,NA,NA,AT1G31160,AT1G31160:0.000757401
148788at3193,2,NA,NA,SORBI_3001G351000,SORBI_3001G351000:0.00273508,NA,NA,NA,NA,AT1G22410,AT1G22410:0.00198765
148788at33090,2,NA,NA,SORBI_3001G351000,SORBI_3001G351000:0.00273508,NA,NA,NA,NA,AT1G22410,AT1G22410:0.00198765
150555at3193,2,Zm00001eb185040,Zm00001eb185040:0.00379622,NA,NA,NA,NA,NA,NA,AT3G23410;AT4G28570,AT3G23410:0.00180601;AT4G28570:0.00160032
150555at33090,2,Zm00001eb185040,Zm00001eb185040:0.00379622,NA,NA,NA,NA,NA,NA,AT3G23410;AT4G28570,AT3G23410:0.00180601;AT4G28570:0.00160032
153283at33090,2,Zm00001eb097160,Zm00001eb097160:0.00134146,NA,NA,NA,NA,NA,NA,AT4G35790,AT4G35790:0.00107933
15574at38820,2,Zm00001eb251700,Zm00001eb251700:0.00167853,SORBI_3004G270200,SORBI_3004G270200:0.00261362,NA,NA,NA,NA,NA,NA
15574at4447,2,Zm00001eb251700,Zm00001eb251700:0.00167853,SORBI_3004G270200,SORBI_3004G270200:0.00261362,NA,NA,NA,NA,NA,NA
157436at2759,2,Zm00001eb058970,Zm00001eb058970:6.72187e-05,SORBI_3001G074400,SORBI_3001G074400:0.00228545,NA,NA,NA,NA,NA,NA
157436at33090,2,Zm00001eb058970,Zm00001eb058970:6.72187e-05,SORBI_3001G074400,SORBI_3001G074400:0.00228545,NA,NA,NA,NA,NA,NA
157453at3193,2,Zm00001eb296700;Zm00001eb303720,Zm00001eb296700:0.00193811;Zm00001eb303720:2.45987e-05,NA,NA,NA,NA,NA,NA,AT2G32060,AT2G32060:0.000656702
157453at33090,2,Zm00001eb296700;Zm00001eb303720,Zm00001eb296700:0.00193811;Zm00001eb303720:2.45987e-05,NA,NA,NA,NA,NA,NA,AT2G32060,AT2G32060:0.000656702
157628at33090,2,Zm00001eb367490,Zm00001eb367490:0.00276792,NA,NA,NA,NA,NA,NA,AT3G54130,AT3G54130:0.00156508
157876at3193,2,Zm00001eb055730,Zm00001eb055730:0.00406513,NA,NA,NA,NA,HORVU.MOREX.r3.4HG0338600,HORVU.MOREX.r3.4HG0338600:0.000484738,NA,NA
15855at38820,2,Zm00001eb280120,Zm00001eb280120:0.0018719,NA,NA,NA,NA,HORVU.MOREX.r3.7HG0668730,HORVU.MOREX.r3.7HG0668730:0.00142134,NA,NA
15855at4447,2,Zm00001eb280120,Zm00001eb280120:0.0018719,NA,NA,NA,NA,HORVU.MOREX.r3.7HG0668730,HORVU.MOREX.r3.7HG0668730:0.00142134,NA,NA
15889at4447,2,Zm00001eb379100,Zm00001eb379100:0.00123059,NA,NA,NA,NA,HORVU.MOREX.r3.2HG0197560,HORVU.MOREX.r3.2HG0197560:0.000393292,NA,NA
159883at2759,2,NA,NA,SORBI_3003G225300,SORBI_3003G225300:6.89305e-05,NA,NA,NA,NA,AT2G46225,AT2G46225:0.00147345
159883at3193,2,NA,NA,SORBI_3003G225300,SORBI_3003G225300:6.89305e-05,NA,NA,NA,NA,AT2G46225,AT2G46225:0.00147345
159883at33090,2,NA,NA,SORBI_3003G225300,SORBI_3003G225300:6.89305e-05,NA,NA,NA,NA,AT2G46225,AT2G46225:0.00147345
160884at2759,2,Zm00001eb147120;Zm00001eb305260;Zm00001eb305270,Zm00001eb147120:0.00310227;Zm00001eb305260:0.00413925;Zm00001eb305270:0.00413925,NA,NA,NA,NA,HORVU.MOREX.r3.3HG0303990,HORVU.MOREX.r3.3HG0303990:0.00109671,NA,NA
160884at3193,2,Zm00001eb147120;Zm00001eb305260;Zm00001eb305270,Zm00001eb147120:0.00310227;Zm00001eb305260:0.00413925;Zm00001eb305270:0.00413925,NA,NA,NA,NA,HORVU.MOREX.r3.3HG0303990,HORVU.MOREX.r3.3HG0303990:0.00109671,NA,NA
160884at33090,2,Zm00001eb147120;Zm00001eb305260;Zm00001eb305270,Zm00001eb147120:0.00310227;Zm00001eb305260:0.00413925;Zm00001eb305270:0.00413925,NA,NA,NA,NA,HORVU.MOREX.r3.3HG0303990,HORVU.MOREX.r3.3HG0303990:0.00109671,NA,NA
16345at3193,2,Zm00001eb105040;Zm00001eb255170,Zm00001eb105040:0.00113567;Zm00001eb255170:0.00243565,NA,NA,NA,NA,NA,NA,AT1G35910;AT1G78090,AT1G35910:0.00088439;AT1G78090:0.00185977
164184at3193,2,Zm00001eb058860;Zm00001eb292590,Zm00001eb058860:0.00243292;Zm00001eb292590:0.00155098,NA,NA,NA,NA,NA,NA,AT3G07330,AT3G07330:0.000429014
164184at33090,2,Zm00001eb058860;Zm00001eb292590,Zm00001eb058860:0.00243292;Zm00001eb292590:0.00155098,NA,NA,NA,NA,NA,NA,AT3G07330,AT3G07330:0.000429014
16579at38820,2,Zm00001eb291890,Zm00001eb291890:0.00400718,NA,NA,NA,NA,HORVU.MOREX.r3.1HG0067910,HORVU.MOREX.r3.1HG0067910:0.00176581,NA,NA
16628at4447,2,Zm00001eb325330,Zm00001eb325330:0.00159657,NA,NA,NA,NA,HORVU.MOREX.r3.4HG0338170,HORVU.MOREX.r3.4HG0338170:0.00222456,NA,NA
168202at33090,2,Zm00001eb428910,Zm00001eb428910:0.000472997,NA,NA,NA,NA,HORVU.MOREX.r3.7HG0750280,HORVU.MOREX.r3.7HG0750280:0.000450225,NA,NA
172872at2759,2,Zm00001eb430610,Zm00001eb430610:0.00203078,NA,NA,NA,NA,HORVU.MOREX.r3.2HG0192000;HORVU.MOREX.r3.2HG0192050,HORVU.MOREX.r3.2HG0192000:0.00211331;HORVU.MOREX.r3.2HG0192050:0.00166754,NA,NA
172872at3193,2,Zm00001eb430610,Zm00001eb430610:0.00203078,NA,NA,NA,NA,HORVU.MOREX.r3.2HG0192000;HORVU.MOREX.r3.2HG0192050,HORVU.MOREX.r3.2HG0192000:0.00211331;HORVU.MOREX.r3.2HG0192050:0.00166754,NA,NA
172872at33090,2,Zm00001eb430610,Zm00001eb430610:0.00203078,NA,NA,NA,NA,HORVU.MOREX.r3.2HG0192000;HORVU.MOREX.r3.2HG0192050,HORVU.MOREX.r3.2HG0192000:0.00211331;HORVU.MOREX.r3.2HG0192050:0.00166754,NA,NA
173945at3193,2,Zm00001eb355240,Zm00001eb355240:0.00344057,NA,NA,NA,NA,NA,NA,AT2G28550;AT4G36920,AT2G28550:0.00119435;AT4G36920:0.00084382
1741856at2759,2,NA,NA,NA,NA,LOC_Os01g05870,LOC_Os01g05870:0.000392567,NA,NA,AT3G28710,AT3G28710:0.00193823
17638at38820,2,NA,NA,SORBI_3010G081700,SORBI_3010G081700:0.00278074,NA,NA,HORVU.MOREX.r3.5HG0496160,HORVU.MOREX.r3.5HG0496160:0.00287904,NA,NA
17638at4447,2,NA,NA,SORBI_3010G081700,SORBI_3010G081700:0.00278074,NA,NA,HORVU.MOREX.r3.5HG0496160,HORVU.MOREX.r3.5HG0496160:0.00287904,NA,NA
177009at3193,2,NA,NA,NA,NA,NA,NA,HORVU.MOREX.r3.4HG0384700,HORVU.MOREX.r3.4HG0384700:0.00132453,AT2G30020,AT2G30020:0.000661597
17823at38820,2,Zm00001eb231840,Zm00001eb231840:0.00300538,SORBI_3004G035000,SORBI_3004G035000:0.00190954,NA,NA,NA,NA,NA,NA
17823at4447,2,Zm00001eb231840,Zm00001eb231840:0.00300538,SORBI_3004G035000,SORBI_3004G035000:0.00190954,NA,NA,NA,NA,NA,NA
178787at2759,2,Zm00001eb222880,Zm00001eb222880:0.00452436,SORBI_3001G244600,SORBI_3001G244600:0.00309537,NA,NA,NA,NA,NA,NA
178787at3193,2,Zm00001eb222880,Zm00001eb222880:0.00452436,SORBI_3001G244600,SORBI_3001G244600:0.00309537,NA,NA,NA,NA,NA,NA
178787at33090,2,Zm00001eb222880,Zm00001eb222880:0.00452436,SORBI_3001G244600,SORBI_3001G244600:0.00309537,NA,NA,NA,NA,NA,NA
17938at38820,2,Zm00001eb061500,Zm00001eb061500:0.0037225,SORBI_3001G048700,SORBI_3001G048700:0.00191605,NA,NA,NA,NA,NA,NA
17938at4447,2,Zm00001eb061500,Zm00001eb061500:0.0037225,SORBI_3001G048700,SORBI_3001G048700:0.00191605,NA,NA,NA,NA,NA,NA
180226at3193,2,Zm00001eb104660,Zm00001eb104660:0.000854787,SORBI_3002G295700,SORBI_3002G295700:0.00245796,NA,NA,NA,NA,NA,NA
18128at38820,2,Zm00001eb327780,Zm00001eb327780:0.0038375,SORBI_3001G350700,SORBI_3001G350700:0.00273508,NA,NA,NA,NA,NA,NA
18128at4447,2,Zm00001eb327780,Zm00001eb327780:0.0038375,SORBI_3001G350700,SORBI_3001G350700:0.00273508,NA,NA,NA,NA,NA,NA
184525at2759,2,Zm00001eb218250,Zm00001eb218250:0.00126461,NA,NA,LOC_Os03g01800,LOC_Os03g01800:0.00106511,NA,NA,NA,NA
184525at33090,2,Zm00001eb218250,Zm00001eb218250:0.00126461,NA,NA,LOC_Os03g01800,LOC_Os03g01800:0.00106511,NA,NA,NA,NA
186553at3193,2,Zm00001eb044880;Zm00001eb221090,Zm00001eb044880:0.00162251;Zm00001eb221090:0.00400347,NA,NA,NA,NA,NA,NA,AT5G47450,AT5G47450:0.000579423
186724at2759,2,Zm00001eb108360;Zm00001eb400520,Zm00001eb108360:0.000219232;Zm00001eb400520:0.00360987,SORBI_3002G361900,SORBI_3002G361900:0.00335657,NA,NA,NA,NA,NA,NA
186724at3193,2,Zm00001eb108360;Zm00001eb400520,Zm00001eb108360:0.000219232;Zm00001eb400520:0.00360987,SORBI_3002G361900,SORBI_3002G361900:0.00335657,NA,NA,NA,NA,NA,NA
186724at33090,2,Zm00001eb108360;Zm00001eb400520,Zm00001eb108360:0.000219232;Zm00001eb400520:0.00360987,SORBI_3002G361900,SORBI_3002G361900:0.00335657,NA,NA,NA,NA,NA,NA
186at38820,2,Zm00001eb284430,Zm00001eb284430:0.00345536,SORBI_3009G088600,SORBI_3009G088600:1.43083e-05,NA,NA,NA,NA,NA,NA
186at4447,2,Zm00001eb284430,Zm00001eb284430:0.00345536,SORBI_3009G088600,SORBI_3009G088600:1.43083e-05,NA,NA,NA,NA,NA,NA
1873676at2759,2,Zm00001eb303120,Zm00001eb303120:0.00421485,SORBI_3002G278300;SORBI_3008G024400,SORBI_3002G278300:0.00220176;SORBI_3008G024400:0.00208453,NA,NA,NA,NA,NA,NA
19033at38820,2,Zm00001eb291160,Zm00001eb291160:0.000106539,SORBI_3003G333800,SORBI_3003G333800:0.00314808,NA,NA,NA,NA,NA,NA
19033at4447,2,Zm00001eb291160,Zm00001eb291160:0.000106539,SORBI_3003G333800,SORBI_3003G333800:0.00314808,NA,NA,NA,NA,NA,NA
190960at3193,2,NA,NA,SORBI_3007G151900,SORBI_3007G151900:0.00315401,NA,NA,HORVU.MOREX.r3.2HG0106220,HORVU.MOREX.r3.2HG0106220:0.00182252,NA,NA
191083at3193,2,Zm00001eb244590,Zm00001eb244590:0.00120651,NA,NA,NA,NA,NA,NA,AT1G49600,AT1G49600:0.0018354
191745at2759,2,Zm00001eb157850,Zm00001eb157850:0.00016655,NA,NA,NA,NA,NA,NA,AT4G11150,AT4G11150:3.04353e-05
192396at3193,2,Zm00001eb117430,Zm00001eb117430:0.000454117,NA,NA,NA,NA,NA,NA,AT3G11780,AT3G11780:7.53048e-06
19240at38820,2,Zm00001eb044590,Zm00001eb044590:0.00318481,SORBI_3001G205350;SORBI_3001G205700,SORBI_3001G205350:0.000964868;SORBI_3001G205700:0.000964868,NA,NA,NA,NA,NA,NA
19290at2759,2,Zm00001eb288390,Zm00001eb288390:0.00252585,NA,NA,NA,NA,NA,NA,AT1G77000,AT1G77000:0.00089699
19290at3193,2,Zm00001eb288390,Zm00001eb288390:0.00252585,NA,NA,NA,NA,NA,NA,AT1G77000,AT1G77000:0.00089699
19290at33090,2,Zm00001eb288390,Zm00001eb288390:0.00252585,NA,NA,NA,NA,NA,NA,AT1G77000,AT1G77000:0.00089699
193072at2759,2,Zm00001eb218820,Zm00001eb218820:0.000935336,NA,NA,NA,NA,NA,NA,AT4G14740,AT4G14740:0.0012174
193072at3193,2,Zm00001eb218820,Zm00001eb218820:0.000935336,NA,NA,NA,NA,NA,NA,AT4G14740,AT4G14740:0.0012174
193072at33090,2,Zm00001eb218820,Zm00001eb218820:0.000935336,NA,NA,NA,NA,NA,NA,AT4G14740,AT4G14740:0.0012174
193350at33090,2,Zm00001eb221480,Zm00001eb221480:0.00230232,NA,NA,NA,NA,HORVU.MOREX.r3.7HG0641090,HORVU.MOREX.r3.7HG0641090:0.000114124,NA,NA
195289at3193,2,Zm00001eb001840,Zm00001eb001840:6.72426e-05,NA,NA,NA,NA,NA,NA,AT4G01310,AT4G01310:0.00160083
195289at33090,2,Zm00001eb001840,Zm00001eb001840:6.72426e-05,NA,NA,NA,NA,NA,NA,AT4G01310,AT4G01310:0.00160083
196363at3193,2,Zm00001eb214330,Zm00001eb214330:0.00202346,NA,NA,NA,NA,NA,NA,AT2G14880;AT2G35605,AT2G14880:0.00176624;AT2G35605:0.000776415
196363at33090,2,Zm00001eb214330,Zm00001eb214330:0.00202346,NA,NA,NA,NA,NA,NA,AT2G14880;AT2G35605,AT2G14880:0.00176624;AT2G35605:0.000776415
196380at3193,2,Zm00001eb425840,Zm00001eb425840:0.00354265,NA,NA,NA,NA,NA,NA,AT2G24800,AT2G24800:0.00103849
196380at33090,2,Zm00001eb425840,Zm00001eb425840:0.00354265,NA,NA,NA,NA,NA,NA,AT2G24800,AT2G24800:0.00103849
19663at38820,2,NA,NA,SORBI_3003G360300,SORBI_3003G360300:0.000163944,NA,NA,HORVU.MOREX.r3.7HG0651120,HORVU.MOREX.r3.7HG0651120:0.00205492,NA,NA
19663at4447,2,NA,NA,SORBI_3003G360300,SORBI_3003G360300:0.000163944,NA,NA,HORVU.MOREX.r3.7HG0651120,HORVU.MOREX.r3.7HG0651120:0.00205492,NA,NA
19781at38820,2,Zm00001eb377530,Zm00001eb377530:0.00188345,NA,NA,NA,NA,HORVU.MOREX.r3.7HG0648080,HORVU.MOREX.r3.7HG0648080:0.00293818,NA,NA
19781at4447,2,Zm00001eb377530,Zm00001eb377530:0.00188345,NA,NA,NA,NA,HORVU.MOREX.r3.7HG0648080,HORVU.MOREX.r3.7HG0648080:0.00293818,NA,NA
19829at38820,2,Zm00001eb338920,Zm00001eb338920:0.00186428,SORBI_3003G012900,SORBI_3003G012900:0.00189565,NA,NA,NA,NA,NA,NA
19829at4447,2,Zm00001eb338920,Zm00001eb338920:0.00186428,SORBI_3003G012900,SORBI_3003G012900:0.00189565,NA,NA,NA,NA,NA,NA
1989349at2759,2,Zm00001eb426370,Zm00001eb426370:0.00102356,SORBI_3006G130800,SORBI_3006G130800:0.000794148,NA,NA,NA,NA,NA,NA
20032at38820,2,NA,NA,SORBI_3004G143475,SORBI_3004G143475:0.000859134,NA,NA,HORVU.MOREX.r3.6HG0586400,HORVU.MOREX.r3.6HG0586400:0.000108605,NA,NA
20032at4447,2,NA,NA,SORBI_3004G143475,SORBI_3004G143475:0.000859134,NA,NA,HORVU.MOREX.r3.6HG0586400,HORVU.MOREX.r3.6HG0586400:0.000108605,NA,NA
20216at38820,2,Zm00001eb368430,Zm00001eb368430:0.00211559,NA,NA,NA,NA,HORVU.MOREX.r3.3HG0303970,HORVU.MOREX.r3.3HG0303970:0.00109671,NA,NA
20216at4447,2,Zm00001eb368430,Zm00001eb368430:0.00211559,NA,NA,NA,NA,HORVU.MOREX.r3.3HG0303970,HORVU.MOREX.r3.3HG0303970:0.00109671,NA,NA
202899at2759,2,Zm00001eb220030,Zm00001eb220030:0.000379335,SORBI_3001G044100,SORBI_3001G044100:0.0033107,NA,NA,NA,NA,NA,NA
202899at33090,2,Zm00001eb220030,Zm00001eb220030:0.000379335,SORBI_3001G044100,SORBI_3001G044100:0.0033107,NA,NA,NA,NA,NA,NA
20333at38820,2,Zm00001eb330810,Zm00001eb330810:0.00237063,NA,NA,LOC_Os03g03300,LOC_Os03g03300:0.00114998,NA,NA,NA,NA
20333at4447,2,Zm00001eb330810,Zm00001eb330810:0.00237063,NA,NA,LOC_Os03g03300,LOC_Os03g03300:0.00114998,NA,NA,NA,NA
20363at3193,2,Zm00001eb261170,Zm00001eb261170:0.00167433,NA,NA,NA,NA,NA,NA,AT1G76990,AT1G76990:0.000132662
20507at38820,2,NA,NA,SORBI_3010G064700,SORBI_3010G064700:0.00250385,NA,NA,HORVU.MOREX.r3.7HG0658780,HORVU.MOREX.r3.7HG0658780:0.0015124,NA,NA
20507at4447,2,NA,NA,SORBI_3010G064700,SORBI_3010G064700:0.00250385,NA,NA,HORVU.MOREX.r3.7HG0658780,HORVU.MOREX.r3.7HG0658780:0.0015124,NA,NA
205574at3193,2,Zm00001eb349080,Zm00001eb349080:0.00222526,NA,NA,NA,NA,NA,NA,AT1G11050,AT1G11050:0.000143152
205574at33090,2,Zm00001eb349080,Zm00001eb349080:0.00222526,NA,NA,NA,NA,NA,NA,AT1G11050,AT1G11050:0.000143152
2126835at2759,2,Zm00001eb330760;Zm00001eb338910,Zm00001eb330760:0.00398422;Zm00001eb338910:0.00186428,SORBI_3001G382700;SORBI_3003G013000,SORBI_3001G382700:0.000360303;SORBI_3003G013000:0.00189565,NA,NA,NA,NA,NA,NA
215388at3193,2,Zm00001eb323450,Zm00001eb323450:0.00192651,NA,NA,NA,NA,NA,NA,AT4G15210,AT4G15210:0.000532662
215792at3193,2,Zm00001eb045860,Zm00001eb045860:0.000685402,NA,NA,NA,NA,NA,NA,AT1G04430;AT5G14430,AT1G04430:0.00162978;AT5G14430:0.00078334
215792at33090,2,Zm00001eb045860,Zm00001eb045860:0.000685402,NA,NA,NA,NA,NA,NA,AT1G04430;AT5G14430,AT1G04430:0.00162978;AT5G14430:0.00078334
216044at3193,2,Zm00001eb137920;Zm00001eb427340,Zm00001eb137920:0.000290797;Zm00001eb427340:0.00389974,NA,NA,NA,NA,NA,NA,AT2G39900,AT2G39900:0.00193261
216044at33090,2,Zm00001eb137920;Zm00001eb427340,Zm00001eb137920:0.000290797;Zm00001eb427340:0.00389974,NA,NA,NA,NA,NA,NA,AT2G39900,AT2G39900:0.00193261
217086at3193,2,Zm00001eb103070,Zm00001eb103070:0.00277929,SORBI_3007G182000,SORBI_3007G182000:0.00175142,NA,NA,NA,NA,NA,NA
217161at33090,2,NA,NA,NA,NA,NA,NA,HORVU.MOREX.r3.6HG0618100,HORVU.MOREX.r3.6HG0618100:0.000529466,AT5G19160,AT5G19160:0.00109554
217973at33090,2,Zm00001eb216020,Zm00001eb216020:0.00282437,NA,NA,NA,NA,NA,NA,AT1G09570,AT1G09570:0.00197972
218261at3193,2,Zm00001eb368430,Zm00001eb368430:0.00211559,NA,NA,NA,NA,HORVU.MOREX.r3.3HG0303970,HORVU.MOREX.r3.3HG0303970:0.00109671,NA,NA
2182805at2759,2,Zm00001eb325330,Zm00001eb325330:0.00159657,NA,NA,NA,NA,HORVU.MOREX.r3.4HG0338170,HORVU.MOREX.r3.4HG0338170:0.00222456,NA,NA
219954at2759,2,Zm00001eb031670;Zm00001eb136060,Zm00001eb031670:0.000997052;Zm00001eb136060:0.00306412,NA,NA,NA,NA,NA,NA,AT2G34710,AT2G34710:0.00169511
219954at3193,2,Zm00001eb031670;Zm00001eb136060,Zm00001eb031670:0.000997052;Zm00001eb136060:0.00306412,NA,NA,NA,NA,NA,NA,AT2G34710,AT2G34710:0.00169511
219954at33090,2,Zm00001eb031670;Zm00001eb136060,Zm00001eb031670:0.000997052;Zm00001eb136060:0.00306412,NA,NA,NA,NA,NA,NA,AT2G34710,AT2G34710:0.00169511
220610at3193,2,NA,NA,SORBI_3003G341500,SORBI_3003G341500:0.00117037,NA,NA,NA,NA,AT3G09220,AT3G09220:0.000478335
221341at3193,2,Zm00001eb240670,Zm00001eb240670:8.28397e-05,NA,NA,NA,NA,NA,NA,AT5G51890,AT5G51890:0.000917367
221341at33090,2,Zm00001eb240670,Zm00001eb240670:8.28397e-05,NA,NA,NA,NA,NA,NA,AT5G51890,AT5G51890:0.000917367
2217459at2759,2,Zm00001eb368990,Zm00001eb368990:0.000175983,NA,NA,NA,NA,NA,NA,AT1G09780,AT1G09780:0.000716716
221960at3193,2,Zm00001eb074350;Zm00001eb429430,Zm00001eb074350:3.0598e-05;Zm00001eb429430:0.00382096,SORBI_3001G378700,SORBI_3001G378700:0.00285646,NA,NA,NA,NA,NA,NA
221960at33090,2,Zm00001eb074350;Zm00001eb429430,Zm00001eb074350:3.0598e-05;Zm00001eb429430:0.00382096,SORBI_3001G378700,SORBI_3001G378700:0.00285646,NA,NA,NA,NA,NA,NA
222020at2759,2,NA,NA,NA,NA,LOC_Os01g09500,LOC_Os01g09500:0.000643967,HORVU.MOREX.r3.7HG0636800;HORVU.MOREX.r3.7HG0648120,HORVU.MOREX.r3.7HG0636800:0.00273283;HORVU.MOREX.r3.7HG0648120:0.00101155,NA,NA
222020at3193,2,NA,NA,NA,NA,LOC_Os01g09500,LOC_Os01g09500:0.000643967,HORVU.MOREX.r3.7HG0636800;HORVU.MOREX.r3.7HG0648120,HORVU.MOREX.r3.7HG0636800:0.00273283;HORVU.MOREX.r3.7HG0648120:0.00101155,NA,NA
222020at33090,2,NA,NA,NA,NA,LOC_Os01g09500,LOC_Os01g09500:0.000643967,HORVU.MOREX.r3.7HG0636800;HORVU.MOREX.r3.7HG0648120,HORVU.MOREX.r3.7HG0636800:0.00273283;HORVU.MOREX.r3.7HG0648120:0.00101155,NA,NA
22220at38820,2,Zm00001eb288730,Zm00001eb288730:0.000227471,SORBI_3003G359800,SORBI_3003G359800:1.22879e-05,NA,NA,NA,NA,NA,NA
22220at4447,2,Zm00001eb288730,Zm00001eb288730:0.000227471,SORBI_3003G359800,SORBI_3003G359800:1.22879e-05,NA,NA,NA,NA,NA,NA
223872at3193,2,Zm00001eb126310,Zm00001eb126310:0.0025103,SORBI_3003G098900,SORBI_3003G098900:0.001303,NA,NA,NA,NA,NA,NA
223916at3193,2,Zm00001eb058970,Zm00001eb058970:6.72187e-05,SORBI_3001G074400,SORBI_3001G074400:0.00228545,NA,NA,NA,NA,NA,NA
223986at3193,2,NA,NA,SORBI_3001G133900,SORBI_3001G133900:0.00122726,NA,NA,HORVU.MOREX.r3.5HG0420230,HORVU.MOREX.r3.5HG0420230:0.00290277,NA,NA
224830at3193,2,Zm00001eb001710,Zm00001eb001710:0.00234165,NA,NA,NA,NA,NA,NA,AT4G22910,AT4G22910:0.000494143
224830at33090,2,Zm00001eb001710,Zm00001eb001710:0.00234165,NA,NA,NA,NA,NA,NA,AT4G22910,AT4G22910:0.000494143
225537at2759,2,NA,NA,SORBI_3002G046900,SORBI_3002G046900:0.0012936,NA,NA,NA,NA,AT2G23840,AT2G23840:0.0018844
225537at3193,2,NA,NA,SORBI_3002G046900,SORBI_3002G046900:0.0012936,NA,NA,NA,NA,AT2G23840,AT2G23840:0.0018844
225537at33090,2,NA,NA,SORBI_3002G046900,SORBI_3002G046900:0.0012936,NA,NA,NA,NA,AT2G23840,AT2G23840:0.0018844
226151at3193,2,Zm00001eb121540,Zm00001eb121540:0.00341881,NA,NA,NA,NA,NA,NA,AT4G33080,AT4G33080:0.000531384
226419at2759,2,NA,NA,SORBI_3002G338500,SORBI_3002G338500:2.10207e-05,NA,NA,NA,NA,AT1G50310;AT3G19930,AT1G50310:7.28254e-05;AT3G19930:0.000937984
226419at3193,2,NA,NA,SORBI_3002G338500,SORBI_3002G338500:2.10207e-05,NA,NA,NA,NA,AT1G50310;AT3G19930,AT1G50310:7.28254e-05;AT3G19930:0.000937984
226419at33090,2,NA,NA,SORBI_3002G338500,SORBI_3002G338500:2.10207e-05,NA,NA,NA,NA,AT1G50310;AT3G19930,AT1G50310:7.28254e-05;AT3G19930:0.000937984
227936at3193,2,Zm00001eb043390,Zm00001eb043390:0.00235525,NA,NA,NA,NA,NA,NA,AT1G64650,AT1G64650:0.0018321
228238at3193,2,NA,NA,NA,NA,NA,NA,HORVU.MOREX.r3.7HG0648840,HORVU.MOREX.r3.7HG0648840:0.000410909,AT1G23090,AT1G23090:0.00120254
22841at38820,2,Zm00001eb111570;Zm00001eb330690,Zm00001eb111570:0.000744065;Zm00001eb330690:0.00219068,SORBI_3002G418200,SORBI_3002G418200:0.000400866,NA,NA,NA,NA,NA,NA
22841at4447,2,Zm00001eb111570;Zm00001eb330690,Zm00001eb111570:0.000744065;Zm00001eb330690:0.00219068,SORBI_3002G418200,SORBI_3002G418200:0.000400866,NA,NA,NA,NA,NA,NA
228768at2759,2,Zm00001eb013180,Zm00001eb013180:0.00280412,NA,NA,NA,NA,HORVU.MOREX.r3.4HG0385330,HORVU.MOREX.r3.4HG0385330:3.59044e-05,NA,NA
228768at3193,2,Zm00001eb013180,Zm00001eb013180:0.00280412,NA,NA,NA,NA,HORVU.MOREX.r3.4HG0385330,HORVU.MOREX.r3.4HG0385330:3.59044e-05,NA,NA
228768at33090,2,Zm00001eb013180,Zm00001eb013180:0.00280412,NA,NA,NA,NA,HORVU.MOREX.r3.4HG0385330,HORVU.MOREX.r3.4HG0385330:3.59044e-05,NA,NA
228791at2759,2,NA,NA,NA,NA,NA,NA,HORVU.MOREX.r3.2HG0211190,HORVU.MOREX.r3.2HG0211190:0.000618895,AT2G24330,AT2G24330:0.000178629
228791at3193,2,NA,NA,NA,NA,NA,NA,HORVU.MOREX.r3.2HG0211190,HORVU.MOREX.r3.2HG0211190:0.000618895,AT2G24330,AT2G24330:0.000178629
228791at33090,2,NA,NA,NA,NA,NA,NA,HORVU.MOREX.r3.2HG0211190,HORVU.MOREX.r3.2HG0211190:0.000618895,AT2G24330,AT2G24330:0.000178629
228979at3193,2,Zm00001eb407780,Zm00001eb407780:0.00141551,NA,NA,NA,NA,NA,NA,AT4G18480,AT4G18480:0.00030376
228979at33090,2,Zm00001eb407780,Zm00001eb407780:0.00141551,NA,NA,NA,NA,NA,NA,AT4G18480,AT4G18480:0.00030376
22931at38820,2,Zm00001eb246710,Zm00001eb246710:0.000476804,NA,NA,NA,NA,HORVU.MOREX.r3.3HG0306300,HORVU.MOREX.r3.3HG0306300:0.00264177,NA,NA
22931at4447,2,Zm00001eb246710,Zm00001eb246710:0.000476804,NA,NA,NA,NA,HORVU.MOREX.r3.3HG0306300,HORVU.MOREX.r3.3HG0306300:0.00264177,NA,NA
229328at2759,2,Zm00001eb023230,Zm00001eb023230:0.00313769,NA,NA,NA,NA,NA,NA,AT5G47440,AT5G47440:0.000667131
229328at3193,2,Zm00001eb023230,Zm00001eb023230:0.00313769,NA,NA,NA,NA,NA,NA,AT5G47440,AT5G47440:0.000667131
229328at33090,2,Zm00001eb023230,Zm00001eb023230:0.00313769,NA,NA,NA,NA,NA,NA,AT5G47440,AT5G47440:0.000667131
229609at2759,2,Zm00001eb004020,Zm00001eb004020:0.000190667,NA,NA,NA,NA,NA,NA,AT3G20310,AT3G20310:1.51131e-06
229609at3193,2,Zm00001eb004020,Zm00001eb004020:0.000190667,NA,NA,NA,NA,NA,NA,AT3G20310,AT3G20310:1.51131e-06
229609at33090,2,Zm00001eb004020,Zm00001eb004020:0.000190667,NA,NA,NA,NA,NA,NA,AT3G20310,AT3G20310:1.51131e-06
230198at3193,2,Zm00001eb365010,Zm00001eb365010:0.00273146,NA,NA,NA,NA,NA,NA,AT3G23980,AT3G23980:4.19e-05
230405at3193,2,Zm00001eb330760;Zm00001eb338910,Zm00001eb330760:0.00398422;Zm00001eb338910:0.00186428,SORBI_3001G382700;SORBI_3003G013000,SORBI_3001G382700:0.000360303;SORBI_3003G013000:0.00189565,NA,NA,NA,NA,NA,NA
230405at33090,2,Zm00001eb330760;Zm00001eb338910,Zm00001eb330760:0.00398422;Zm00001eb338910:0.00186428,SORBI_3001G382700;SORBI_3003G013000,SORBI_3001G382700:0.000360303;SORBI_3003G013000:0.00189565,NA,NA,NA,NA,NA,NA
230460at2759,2,Zm00001eb400510,Zm00001eb400510:0.00360987,SORBI_3002G362000,SORBI_3002G362000:0.00335657,NA,NA,NA,NA,NA,NA
231389at2759,2,Zm00001eb110100,Zm00001eb110100:0.000306908,NA,NA,NA,NA,NA,NA,AT2G37220,AT2G37220:0.000638014
231389at3193,2,Zm00001eb110100,Zm00001eb110100:0.000306908,NA,NA,NA,NA,NA,NA,AT2G37220,AT2G37220:0.000638014
231389at33090,2,Zm00001eb110100,Zm00001eb110100:0.000306908,NA,NA,NA,NA,NA,NA,AT2G37220,AT2G37220:0.000638014
2326at38820,2,Zm00001eb345530,Zm00001eb345530:0.00119717,NA,NA,LOC_Os05g05950,LOC_Os05g05950:0.000952537,NA,NA,NA,NA
2326at4447,2,Zm00001eb345530,Zm00001eb345530:0.00119717,NA,NA,LOC_Os05g05950,LOC_Os05g05950:0.000952537,NA,NA,NA,NA
234746at3193,2,Zm00001eb376510,Zm00001eb376510:0.00367172,NA,NA,NA,NA,HORVU.MOREX.r3.7HG0653850,HORVU.MOREX.r3.7HG0653850:0.000735,NA,NA
235323at2759,2,Zm00001eb356840,Zm00001eb356840:9.12825e-05,NA,NA,NA,NA,NA,NA,AT1G62710,AT1G62710:0.00195885
237708at2759,2,Zm00001eb431760,Zm00001eb431760:0.00431008,NA,NA,NA,NA,NA,NA,AT5G10030,AT5G10030:0.000514342
237708at3193,2,Zm00001eb431760,Zm00001eb431760:0.00431008,NA,NA,NA,NA,NA,NA,AT5G10030,AT5G10030:0.000514342
237708at33090,2,Zm00001eb431760,Zm00001eb431760:0.00431008,NA,NA,NA,NA,NA,NA,AT5G10030,AT5G10030:0.000514342
238517at3193,2,Zm00001eb328560,Zm00001eb328560:4.06014e-05,SORBI_3002G388400,SORBI_3002G388400:0.00335164,NA,NA,NA,NA,NA,NA
238726at3193,2,NA,NA,NA,NA,NA,NA,HORVU.MOREX.r3.3HG0313090,HORVU.MOREX.r3.3HG0313090:0.000472991,AT1G02880,AT1G02880:7.64056e-05
24070at38820,2,Zm00001eb098070;Zm00001eb170720,Zm00001eb098070:0.00154294;Zm00001eb170720:0.00144339,NA,NA,NA,NA,HORVU.MOREX.r3.3HG0290220,HORVU.MOREX.r3.3HG0290220:0.000833183,NA,NA
24070at4447,2,Zm00001eb098070;Zm00001eb170720,Zm00001eb098070:0.00154294;Zm00001eb170720:0.00144339,NA,NA,NA,NA,HORVU.MOREX.r3.3HG0290220,HORVU.MOREX.r3.3HG0290220:0.000833183,NA,NA
241978at3193,2,Zm00001eb416890;Zm00001eb428460,Zm00001eb416890:1.06442e-06;Zm00001eb428460:0.00173847,NA,NA,NA,NA,NA,NA,AT4G15240,AT4G15240:0.00099291
241978at33090,2,Zm00001eb416890;Zm00001eb428460,Zm00001eb416890:1.06442e-06;Zm00001eb428460:0.00173847,NA,NA,NA,NA,NA,NA,AT4G15240,AT4G15240:0.00099291
242233at2759,2,Zm00001eb375190,Zm00001eb375190:0.000563973,NA,NA,NA,NA,NA,NA,AT3G57050,AT3G57050:0.000268986
242360at2759,2,Zm00001eb255510,Zm00001eb255510:0.000708116,NA,NA,NA,NA,NA,NA,AT1G22500,AT1G22500:0.00122277
242360at3193,2,Zm00001eb255510,Zm00001eb255510:0.000708116,NA,NA,NA,NA,NA,NA,AT1G22500,AT1G22500:0.00122277
242360at33090,2,Zm00001eb255510,Zm00001eb255510:0.000708116,NA,NA,NA,NA,NA,NA,AT1G22500,AT1G22500:0.00122277
24251at38820,2,Zm00001eb199540,Zm00001eb199540:0.000797241,NA,NA,LOC_Os08g05000,LOC_Os08g05000:0.00149371,NA,NA,NA,NA
24251at4447,2,Zm00001eb199540,Zm00001eb199540:0.000797241,NA,NA,LOC_Os08g05000,LOC_Os08g05000:0.00149371,NA,NA,NA,NA
24266at38820,2,Zm00001eb299200,Zm00001eb299200:0.000830471,SORBI_3001G076700,SORBI_3001G076700:0.00129588,NA,NA,NA,NA,NA,NA
24266at4447,2,Zm00001eb299200,Zm00001eb299200:0.000830471,SORBI_3001G076700,SORBI_3001G076700:0.00129588,NA,NA,NA,NA,NA,NA
243772at2759,2,Zm00001eb157310,Zm00001eb157310:0.00126702,NA,NA,NA,NA,NA,NA,AT1G03870,AT1G03870:0.000798458
243772at3193,2,Zm00001eb157310,Zm00001eb157310:0.00126702,NA,NA,NA,NA,NA,NA,AT1G03870,AT1G03870:0.000798458
243772at33090,2,Zm00001eb157310,Zm00001eb157310:0.00126702,NA,NA,NA,NA,NA,NA,AT1G03870,AT1G03870:0.000798458
24617at38820,2,Zm00001eb119580,Zm00001eb119580:0.003753,SORBI_3003G013100,SORBI_3003G013100:0.00189565,NA,NA,NA,NA,NA,NA
24617at4447,2,Zm00001eb119580,Zm00001eb119580:0.003753,SORBI_3003G013100,SORBI_3003G013100:0.00189565,NA,NA,NA,NA,NA,NA
2467431at2759,2,Zm00001eb187910,Zm00001eb187910:0.000696468,NA,NA,NA,NA,NA,NA,AT1G51680,AT1G51680:0.000615879
2481at2759,2,Zm00001eb243380,Zm00001eb243380:0.00168803,NA,NA,NA,NA,NA,NA,AT1G35580,AT1G35580:0.00164422
2481at3193,2,Zm00001eb243380,Zm00001eb243380:0.00168803,NA,NA,NA,NA,NA,NA,AT1G35580,AT1G35580:0.00164422
2481at33090,2,Zm00001eb243380,Zm00001eb243380:0.00168803,NA,NA,NA,NA,NA,NA,AT1G35580,AT1G35580:0.00164422
24981at38820,2,Zm00001eb216690,Zm00001eb216690:0.00110846,NA,NA,NA,NA,HORVU.MOREX.r3.4HG0336430,HORVU.MOREX.r3.4HG0336430:0.00104404,NA,NA
24981at4447,2,Zm00001eb216690,Zm00001eb216690:0.00110846,NA,NA,NA,NA,HORVU.MOREX.r3.4HG0336430,HORVU.MOREX.r3.4HG0336430:0.00104404,NA,NA
25076at38820,2,Zm00001eb067660,Zm00001eb067660:0.00447193,SORBI_3006G248700,SORBI_3006G248700:0.00142724,NA,NA,NA,NA,NA,NA
25076at4447,2,Zm00001eb067660,Zm00001eb067660:0.00447193,SORBI_3006G248700,SORBI_3006G248700:0.00142724,NA,NA,NA,NA,NA,NA
25154at38820,2,Zm00001eb212400,Zm00001eb212400:0.00424957,SORBI_3001G043800,SORBI_3001G043800:0.0033107,NA,NA,NA,NA,NA,NA
25154at4447,2,Zm00001eb212400,Zm00001eb212400:0.00424957,SORBI_3001G043800,SORBI_3001G043800:0.0033107,NA,NA,NA,NA,NA,NA
254425at3193,2,Zm00001eb325330,Zm00001eb325330:0.00159657,NA,NA,NA,NA,HORVU.MOREX.r3.4HG0338170,HORVU.MOREX.r3.4HG0338170:0.00222456,NA,NA
2547374at2759,2,Zm00001eb290330,Zm00001eb290330:0.00243177,NA,NA,NA,NA,HORVU.MOREX.r3.2HG0095510,HORVU.MOREX.r3.2HG0095510:0.00206975,NA,NA
2565614at2759,2,Zm00001eb045870,Zm00001eb045870:0.000685402,NA,NA,LOC_Os10g04770,LOC_Os10g04770:0.000173253,NA,NA,NA,NA
25687at38820,2,Zm00001eb433950,Zm00001eb433950:0.00267352,NA,NA,LOC_Os04g06820,LOC_Os04g06820:0.000286296,NA,NA,NA,NA
25687at4447,2,Zm00001eb433950,Zm00001eb433950:0.00267352,NA,NA,LOC_Os04g06820,LOC_Os04g06820:0.000286296,NA,NA,NA,NA
257321at2759,2,Zm00001eb369640,Zm00001eb369640:0.00174821,NA,NA,NA,NA,NA,NA,AT1G04680,AT1G04680:0.00184818
257321at33090,2,Zm00001eb369640,Zm00001eb369640:0.00174821,NA,NA,NA,NA,NA,NA,AT1G04680,AT1G04680:0.00184818
258828at2759,2,NA,NA,SORBI_3010G082700,SORBI_3010G082700:0.00205156,NA,NA,HORVU.MOREX.r3.3HG0255870;HORVU.MOREX.r3.7HG0663870,HORVU.MOREX.r3.3HG0255870:0.00044008;HORVU.MOREX.r3.7HG0663870:0.00194212,NA,NA
258828at3193,2,NA,NA,SORBI_3010G082700,SORBI_3010G082700:0.00205156,NA,NA,HORVU.MOREX.r3.3HG0255870;HORVU.MOREX.r3.7HG0663870,HORVU.MOREX.r3.3HG0255870:0.00044008;HORVU.MOREX.r3.7HG0663870:0.00194212,NA,NA
258828at33090,2,NA,NA,SORBI_3010G082700,SORBI_3010G082700:0.00205156,NA,NA,HORVU.MOREX.r3.3HG0255870;HORVU.MOREX.r3.7HG0663870,HORVU.MOREX.r3.3HG0255870:0.00044008;HORVU.MOREX.r3.7HG0663870:0.00194212,NA,NA
2589318at2759,2,Zm00001eb185040,Zm00001eb185040:0.00379622,NA,NA,NA,NA,NA,NA,AT3G23410;AT4G28570,AT3G23410:0.00180601;AT4G28570:0.00160032
259965at2759,2,Zm00001eb214870,Zm00001eb214870:0.00191231,NA,NA,NA,NA,HORVU.MOREX.r3.5HG0510700,HORVU.MOREX.r3.5HG0510700:0.00165765,NA,NA
259965at33090,2,Zm00001eb214870,Zm00001eb214870:0.00191231,NA,NA,NA,NA,HORVU.MOREX.r3.5HG0510700,HORVU.MOREX.r3.5HG0510700:0.00165765,NA,NA
2603886at2759,2,NA,NA,NA,NA,NA,NA,HORVU.MOREX.r3.2HG0192900;HORVU.MOREX.r3.2HG0192910,HORVU.MOREX.r3.2HG0192900:0.00283981;HORVU.MOREX.r3.2HG0192910:0.00283981,AT4G30280,AT4G30280:0.000514736
2605298at2759,2,Zm00001eb330650,Zm00001eb330650:0.00366179,NA,NA,NA,NA,NA,NA,AT5G08380,AT5G08380:0.00080375
2612708at2759,2,Zm00001eb294170,Zm00001eb294170:0.000363609,NA,NA,NA,NA,NA,NA,AT1G22740,AT1G22740:0.000692549
26180at38820,2,Zm00001eb300130,Zm00001eb300130:0.000502043,SORBI_3001G065600,SORBI_3001G065600:0.00231649,NA,NA,NA,NA,NA,NA
26180at4447,2,Zm00001eb300130,Zm00001eb300130:0.000502043,SORBI_3001G065600,SORBI_3001G065600:0.00231649,NA,NA,NA,NA,NA,NA
26182at38820,2,Zm00001eb108340,Zm00001eb108340:0.000219232,SORBI_3002G361600,SORBI_3002G361600:0.00335657,NA,NA,NA,NA,NA,NA
26182at4447,2,Zm00001eb108340,Zm00001eb108340:0.000219232,SORBI_3002G361600,SORBI_3002G361600:0.00335657,NA,NA,NA,NA,NA,NA
262399at3193,2,Zm00001eb291240,Zm00001eb291240:0.00394339,NA,NA,NA,NA,NA,NA,AT1G77940,AT1G77940:0.00142956
26282at3193,2,NA,NA,NA,NA,LOC_Os09g04260,LOC_Os09g04260:0.00131763,NA,NA,AT4G30420,AT4G30420:0.00160344
26282at33090,2,NA,NA,NA,NA,LOC_Os09g04260,LOC_Os09g04260:0.00131763,NA,NA,AT4G30420,AT4G30420:0.00160344
263678at33090,2,NA,NA,NA,NA,NA,NA,HORVU.MOREX.r3.5HG0419880,HORVU.MOREX.r3.5HG0419880:0.00172733,AT1G30100,AT1G30100:0.00144045
2646123at2759,2,Zm00001eb416890;Zm00001eb428460,Zm00001eb416890:1.06442e-06;Zm00001eb428460:0.00173847,NA,NA,NA,NA,NA,NA,AT4G15240,AT4G15240:0.00099291
265320at3193,2,NA,NA,NA,NA,LOC_Os04g04520,LOC_Os04g04520:0.00115129,NA,NA,AT1G22280;AT1G34750,AT1G22280:0.000823248;AT1G34750:0.00182121
265786at2759,2,NA,NA,SORBI_3010G081700,SORBI_3010G081700:0.00278074,NA,NA,HORVU.MOREX.r3.5HG0496160,HORVU.MOREX.r3.5HG0496160:0.00287904,NA,NA
265786at3193,2,NA,NA,SORBI_3010G081700,SORBI_3010G081700:0.00278074,NA,NA,HORVU.MOREX.r3.5HG0496160,HORVU.MOREX.r3.5HG0496160:0.00287904,NA,NA
265786at33090,2,NA,NA,SORBI_3010G081700,SORBI_3010G081700:0.00278074,NA,NA,HORVU.MOREX.r3.5HG0496160,HORVU.MOREX.r3.5HG0496160:0.00287904,NA,NA
265915at2759,2,Zm00001eb246710,Zm00001eb246710:0.000476804,NA,NA,NA,NA,HORVU.MOREX.r3.3HG0306300,HORVU.MOREX.r3.3HG0306300:0.00264177,NA,NA
265915at3193,2,Zm00001eb246710,Zm00001eb246710:0.000476804,NA,NA,NA,NA,HORVU.MOREX.r3.3HG0306300,HORVU.MOREX.r3.3HG0306300:0.00264177,NA,NA
265915at33090,2,Zm00001eb246710,Zm00001eb246710:0.000476804,NA,NA,NA,NA,HORVU.MOREX.r3.3HG0306300,HORVU.MOREX.r3.3HG0306300:0.00264177,NA,NA
266682at3193,2,Zm00001eb187440,Zm00001eb187440:0.00125933,SORBI_3006G191900,SORBI_3006G191900:0.000119406,NA,NA,NA,NA,NA,NA
2675043at2759,2,NA,NA,NA,NA,NA,NA,HORVU.MOREX.r3.7HG0636750,HORVU.MOREX.r3.7HG0636750:0.00215388,AT3G53010,AT3G53010:0.00165356
267729at2759,2,Zm00001eb070050,Zm00001eb070050:0.00245817,NA,NA,NA,NA,HORVU.MOREX.r3.7HG0702200,HORVU.MOREX.r3.7HG0702200:0.0025839,NA,NA
267729at3193,2,Zm00001eb070050,Zm00001eb070050:0.00245817,NA,NA,NA,NA,HORVU.MOREX.r3.7HG0702200,HORVU.MOREX.r3.7HG0702200:0.0025839,NA,NA
267729at33090,2,Zm00001eb070050,Zm00001eb070050:0.00245817,NA,NA,NA,NA,HORVU.MOREX.r3.7HG0702200,HORVU.MOREX.r3.7HG0702200:0.0025839,NA,NA
2679804at2759,2,NA,NA,NA,NA,NA,NA,HORVU.MOREX.r3.3HG0223740,HORVU.MOREX.r3.3HG0223740:0.00043624,AT2G37040,AT2G37040:0.00135155
2682822at2759,2,Zm00001eb367960,Zm00001eb367960:0.000161479,NA,NA,LOC_Os01g08410,LOC_Os01g08410:0.000631478,NA,NA,NA,NA
2684792at2759,2,Zm00001eb293530,Zm00001eb293530:0.000850157,NA,NA,NA,NA,NA,NA,AT4G26270,AT4G26270:0.000892128
2695386at2759,2,Zm00001eb216690,Zm00001eb216690:0.00110846,NA,NA,NA,NA,HORVU.MOREX.r3.4HG0336430,HORVU.MOREX.r3.4HG0336430:0.00104404,NA,NA
269555at2759,2,Zm00001eb302460,Zm00001eb302460:0.00208315,SORBI_3001G052300,SORBI_3001G052300:0.000693508,NA,NA,NA,NA,NA,NA
269555at3193,2,Zm00001eb302460,Zm00001eb302460:0.00208315,SORBI_3001G052300,SORBI_3001G052300:0.000693508,NA,NA,NA,NA,NA,NA
269555at33090,2,Zm00001eb302460,Zm00001eb302460:0.00208315,SORBI_3001G052300,SORBI_3001G052300:0.000693508,NA,NA,NA,NA,NA,NA
26977at4447,2,Zm00001eb070050,Zm00001eb070050:0.00245817,NA,NA,NA,NA,HORVU.MOREX.r3.7HG0702200,HORVU.MOREX.r3.7HG0702200:0.0025839,NA,NA
270448at3193,2,Zm00001eb002320,Zm00001eb002320:0.00395445,NA,NA,NA,NA,NA,NA,AT2G02050,AT2G02050:0.00143751
270448at33090,2,Zm00001eb002320,Zm00001eb002320:0.00395445,NA,NA,NA,NA,NA,NA,AT2G02050,AT2G02050:0.00143751
27062at38820,2,Zm00001eb058760;Zm00001eb117900,Zm00001eb058760:0.00398865;Zm00001eb117900:0.00231564,SORBI_3001G076400,SORBI_3001G076400:0.00129588,NA,NA,NA,NA,NA,NA
27062at4447,2,Zm00001eb058760;Zm00001eb117900,Zm00001eb058760:0.00398865;Zm00001eb117900:0.00231564,SORBI_3001G076400,SORBI_3001G076400:0.00129588,NA,NA,NA,NA,NA,NA
2706502at2759,2,Zm00001eb001840,Zm00001eb001840:6.72426e-05,NA,NA,NA,NA,NA,NA,AT4G01310,AT4G01310:0.00160083
2706959at2759,2,Zm00001eb213010,Zm00001eb213010:0.000582644,SORBI_3008G119501,SORBI_3008G119501:0.00285357,NA,NA,NA,NA,NA,NA
2711at4447,2,NA,NA,NA,NA,LOC_Os07g04370,LOC_Os07g04370:0.000747777,HORVU.MOREX.r3.2HG0096800,HORVU.MOREX.r3.2HG0096800:6.74823e-05,NA,NA
27138at38820,2,Zm00001eb348810,Zm00001eb348810:0.00172256,SORBI_3009G147700,SORBI_3009G147700:0.000329596,NA,NA,NA,NA,NA,NA
27138at4447,2,Zm00001eb348810,Zm00001eb348810:0.00172256,SORBI_3009G147700,SORBI_3009G147700:0.000329596,NA,NA,NA,NA,NA,NA
27182at38820,2,Zm00001eb125920,Zm00001eb125920:0.00270266,SORBI_3003G095200,SORBI_3003G095200:0.000277069,NA,NA,NA,NA,NA,NA
272851at3193,2,Zm00001eb406890,Zm00001eb406890:0.00352938,NA,NA,NA,NA,NA,NA,AT2G25100,AT2G25100:0.000475299
273255at33090,2,Zm00001eb151190,Zm00001eb151190:0.000642734,NA,NA,NA,NA,HORVU.MOREX.r3.1HG0067930,HORVU.MOREX.r3.1HG0067930:0.00176581,NA,NA
27343at38820,2,Zm00001eb102550,Zm00001eb102550:0.00341907,NA,NA,NA,NA,HORVU.MOREX.r3.5HG0494840,HORVU.MOREX.r3.5HG0494840:0.000690188,NA,NA
27343at4447,2,Zm00001eb102550,Zm00001eb102550:0.00341907,NA,NA,NA,NA,HORVU.MOREX.r3.5HG0494840,HORVU.MOREX.r3.5HG0494840:0.000690188,NA,NA
2747976at2759,2,Zm00001eb015940;Zm00001eb330750,Zm00001eb015940:3.28967e-05;Zm00001eb330750:0.00398422,SORBI_3001G382200,SORBI_3001G382200:0.000360303,NA,NA,NA,NA,NA,NA
276821at3193,2,Zm00001eb216020,Zm00001eb216020:0.00282437,NA,NA,NA,NA,NA,NA,AT1G09570,AT1G09570:0.00197972
27738at4447,2,Zm00001eb375010,Zm00001eb375010:0.00436105,SORBI_3010G061800,SORBI_3010G061800:0.000863186,NA,NA,NA,NA,NA,NA
277579at3193,2,Zm00001eb291160,Zm00001eb291160:0.000106539,SORBI_3003G333800,SORBI_3003G333800:0.00314808,NA,NA,NA,NA,NA,NA
279864at3193,2,Zm00001eb097160,Zm00001eb097160:0.00134146,NA,NA,NA,NA,NA,NA,AT4G35790,AT4G35790:0.00107933
280567at2759,2,Zm00001eb336490,Zm00001eb336490:0.00212513,NA,NA,NA,NA,NA,NA,AT4G33180,AT4G33180:6.51351e-05
280567at3193,2,Zm00001eb336490,Zm00001eb336490:0.00212513,NA,NA,NA,NA,NA,NA,AT4G33180,AT4G33180:6.51351e-05
280567at33090,2,Zm00001eb336490,Zm00001eb336490:0.00212513,NA,NA,NA,NA,NA,NA,AT4G33180,AT4G33180:6.51351e-05
28201at33090,2,Zm00001eb330650,Zm00001eb330650:0.00366179,NA,NA,NA,NA,NA,NA,AT5G08380,AT5G08380:0.00080375
2852at38820,2,Zm00001eb083790,Zm00001eb083790:0.00263402,NA,NA,NA,NA,HORVU.MOREX.r3.4HG0413910,HORVU.MOREX.r3.4HG0413910:0.000176484,NA,NA
2852at4447,2,Zm00001eb083790,Zm00001eb083790:0.00263402,NA,NA,NA,NA,HORVU.MOREX.r3.4HG0413910,HORVU.MOREX.r3.4HG0413910:0.000176484,NA,NA
285701at2759,2,Zm00001eb069630,Zm00001eb069630:0.00317152,NA,NA,NA,NA,NA,NA,AT1G73220,AT1G73220:0.00148649
28593at38820,2,Zm00001eb218320,Zm00001eb218320:0.00355481,NA,NA,NA,NA,HORVU.MOREX.r3.4HG0333100,HORVU.MOREX.r3.4HG0333100:3.93042e-05,NA,NA
28593at4447,2,Zm00001eb218320,Zm00001eb218320:0.00355481,NA,NA,NA,NA,HORVU.MOREX.r3.4HG0333100,HORVU.MOREX.r3.4HG0333100:3.93042e-05,NA,NA
287518at3193,2,Zm00001eb122340,Zm00001eb122340:0.000243312,NA,NA,NA,NA,HORVU.MOREX.r3.2HG0174320,HORVU.MOREX.r3.2HG0174320:6.44514e-05,NA,NA
288450at2759,2,Zm00001eb433320,Zm00001eb433320:0.00421526,NA,NA,LOC_Os04g06700,LOC_Os04g06700:0.00105121,NA,NA,NA,NA
288450at3193,2,Zm00001eb433320,Zm00001eb433320:0.00421526,NA,NA,LOC_Os04g06700,LOC_Os04g06700:0.00105121,NA,NA,NA,NA
288450at33090,2,Zm00001eb433320,Zm00001eb433320:0.00421526,NA,NA,LOC_Os04g06700,LOC_Os04g06700:0.00105121,NA,NA,NA,NA
289694at3193,2,Zm00001eb128250,Zm00001eb128250:0.00294723,NA,NA,NA,NA,HORVU.MOREX.r3.3HG0255220,HORVU.MOREX.r3.3HG0255220:0.00248968,NA,NA
289694at33090,2,Zm00001eb128250,Zm00001eb128250:0.00294723,NA,NA,NA,NA,HORVU.MOREX.r3.3HG0255220,HORVU.MOREX.r3.3HG0255220:0.00248968,NA,NA
29124at3193,2,Zm00001eb153090,Zm00001eb153090:0.00299434,NA,NA,NA,NA,NA,NA,AT1G53140,AT1G53140:0.000773443
29124at33090,2,Zm00001eb153090,Zm00001eb153090:0.00299434,NA,NA,NA,NA,NA,NA,AT1G53140,AT1G53140:0.000773443
293760at2759,2,NA,NA,SORBI_3003G099400,SORBI_3003G099400:0.001303,NA,NA,HORVU.MOREX.r3.3HG0219130,HORVU.MOREX.r3.3HG0219130:0.000859699,NA,NA
293760at3193,2,NA,NA,SORBI_3003G099400,SORBI_3003G099400:0.001303,NA,NA,HORVU.MOREX.r3.3HG0219130,HORVU.MOREX.r3.3HG0219130:0.000859699,NA,NA
293760at33090,2,NA,NA,SORBI_3003G099400,SORBI_3003G099400:0.001303,NA,NA,HORVU.MOREX.r3.3HG0219130,HORVU.MOREX.r3.3HG0219130:0.000859699,NA,NA
293860at2759,2,NA,NA,SORBI_3006G280100,SORBI_3006G280100:0.00318491,NA,NA,HORVU.MOREX.r3.2HG0198730,HORVU.MOREX.r3.2HG0198730:0.00127374,NA,NA
293860at3193,2,NA,NA,SORBI_3006G280100,SORBI_3006G280100:0.00318491,NA,NA,HORVU.MOREX.r3.2HG0198730,HORVU.MOREX.r3.2HG0198730:0.00127374,NA,NA
293860at33090,2,NA,NA,SORBI_3006G280100,SORBI_3006G280100:0.00318491,NA,NA,HORVU.MOREX.r3.2HG0198730,HORVU.MOREX.r3.2HG0198730:0.00127374,NA,NA
294243at2759,2,NA,NA,SORBI_3004G345600,SORBI_3004G345600:0.000402037,NA,NA,NA,NA,AT2G33310;AT4G28640,AT2G33310:0.000449935;AT4G28640:0.000324762
294243at3193,2,NA,NA,SORBI_3004G345600,SORBI_3004G345600:0.000402037,NA,NA,NA,NA,AT2G33310;AT4G28640,AT2G33310:0.000449935;AT4G28640:0.000324762
294243at33090,2,NA,NA,SORBI_3004G345600,SORBI_3004G345600:0.000402037,NA,NA,NA,NA,AT2G33310;AT4G28640,AT2G33310:0.000449935;AT4G28640:0.000324762
295004at2759,2,NA,NA,NA,NA,NA,NA,HORVU.MOREX.r3.7HG0725440,HORVU.MOREX.r3.7HG0725440:0.00267401,AT4G35110,AT4G35110:0.000322401
295004at3193,2,NA,NA,NA,NA,NA,NA,HORVU.MOREX.r3.7HG0725440,HORVU.MOREX.r3.7HG0725440:0.00267401,AT4G35110,AT4G35110:0.000322401
295004at33090,2,NA,NA,NA,NA,NA,NA,HORVU.MOREX.r3.7HG0725440,HORVU.MOREX.r3.7HG0725440:0.00267401,AT4G35110,AT4G35110:0.000322401
2957at38820,2,NA,NA,NA,NA,LOC_Os01g09500,LOC_Os01g09500:0.000643967,HORVU.MOREX.r3.7HG0636800;HORVU.MOREX.r3.7HG0648120,HORVU.MOREX.r3.7HG0636800:0.00273283;HORVU.MOREX.r3.7HG0648120:0.00101155,NA,NA
2957at4447,2,NA,NA,NA,NA,LOC_Os01g09500,LOC_Os01g09500:0.000643967,HORVU.MOREX.r3.7HG0636800;HORVU.MOREX.r3.7HG0648120,HORVU.MOREX.r3.7HG0636800:0.00273283;HORVU.MOREX.r3.7HG0648120:0.00101155,NA,NA
30032at4447,2,Zm00001eb100630,Zm00001eb100630:0.000256475,NA,NA,NA,NA,HORVU.MOREX.r3.7HG0674710,HORVU.MOREX.r3.7HG0674710:0.000161492,NA,NA
301709at2759,2,Zm00001eb275550,Zm00001eb275550:0.0013755,NA,NA,NA,NA,NA,NA,AT4G22130,AT4G22130:0.00094308
301709at3193,2,Zm00001eb275550,Zm00001eb275550:0.0013755,NA,NA,NA,NA,NA,NA,AT4G22130,AT4G22130:0.00094308
301709at33090,2,Zm00001eb275550,Zm00001eb275550:0.0013755,NA,NA,NA,NA,NA,NA,AT4G22130,AT4G22130:0.00094308
3018at38820,2,NA,NA,SORBI_3004G345500,SORBI_3004G345500:0.000402037,NA,NA,HORVU.MOREX.r3.6HG0629820,HORVU.MOREX.r3.6HG0629820:0.000825285,NA,NA
3018at4447,2,NA,NA,SORBI_3004G345500,SORBI_3004G345500:0.000402037,NA,NA,HORVU.MOREX.r3.6HG0629820,HORVU.MOREX.r3.6HG0629820:0.000825285,NA,NA
302879at2759,2,Zm00001eb399100,Zm00001eb399100:0.00119333,NA,NA,NA,NA,NA,NA,AT1G24625,AT1G24625:0.00189992
302879at3193,2,Zm00001eb399100,Zm00001eb399100:0.00119333,NA,NA,NA,NA,NA,NA,AT1G24625,AT1G24625:0.00189992
302879at33090,2,Zm00001eb399100,Zm00001eb399100:0.00119333,NA,NA,NA,NA,NA,NA,AT1G24625,AT1G24625:0.00189992
306346at2759,2,Zm00001eb093140;Zm00001eb196530,Zm00001eb093140:0.000994909;Zm00001eb196530:0.00263971,NA,NA,NA,NA,NA,NA,AT4G36380,AT4G36380:0.000523776
306346at3193,2,Zm00001eb093140;Zm00001eb196530,Zm00001eb093140:0.000994909;Zm00001eb196530:0.00263971,NA,NA,NA,NA,NA,NA,AT4G36380,AT4G36380:0.000523776
306346at33090,2,Zm00001eb093140;Zm00001eb196530,Zm00001eb093140:0.000994909;Zm00001eb196530:0.00263971,NA,NA,NA,NA,NA,NA,AT4G36380,AT4G36380:0.000523776
30772at38820,2,Zm00001eb280200,Zm00001eb280200:0.00242493,SORBI_3002G224800;SORBI_3002G224900,SORBI_3002G224800:0.00186282;SORBI_3002G224900:0.00186282,NA,NA,NA,NA,NA,NA
30772at4447,2,Zm00001eb280200;Zm00001eb315060,Zm00001eb280200:0.00242493;Zm00001eb315060:0.00413065,SORBI_3002G224800;SORBI_3002G224900,SORBI_3002G224800:0.00186282;SORBI_3002G224900:0.00186282,NA,NA,NA,NA,NA,NA
308984at33090,2,Zm00001eb290330,Zm00001eb290330:0.00243177,NA,NA,NA,NA,HORVU.MOREX.r3.2HG0095510,HORVU.MOREX.r3.2HG0095510:0.00206975,NA,NA
3098969at2759,2,Zm00001eb314710;Zm00001eb348660,Zm00001eb314710:0.0021173;Zm00001eb348660:0.00262203,NA,NA,NA,NA,HORVU.MOREX.r3.1HG0075570,HORVU.MOREX.r3.1HG0075570:0.000985393,NA,NA
311215at2759,2,Zm00001eb395580,Zm00001eb395580:0.00119489,NA,NA,NA,NA,NA,NA,AT5G49620,AT5G49620:0.00178611
311215at3193,2,Zm00001eb395580,Zm00001eb395580:0.00119489,NA,NA,NA,NA,NA,NA,AT5G49620,AT5G49620:0.00178611
311215at33090,2,Zm00001eb395580,Zm00001eb395580:0.00119489,NA,NA,NA,NA,NA,NA,AT5G49620,AT5G49620:0.00178611
311829at33090,2,NA,NA,SORBI_3001G351100,SORBI_3001G351100:0.00273508,NA,NA,NA,NA,AT4G25110,AT4G25110:0.00173902
312619at2759,2,Zm00001eb117920;Zm00001eb193680,Zm00001eb117920:0.00231564;Zm00001eb193680:0.00394279,SORBI_3010G082100;SORBI_3010G082300,SORBI_3010G082100:0.00205156;SORBI_3010G082300:0.00205156,NA,NA,NA,NA,NA,NA
312619at33090,2,Zm00001eb117920;Zm00001eb193680,Zm00001eb117920:0.00231564;Zm00001eb193680:0.00394279,SORBI_3010G082100;SORBI_3010G082300,SORBI_3010G082100:0.00205156;SORBI_3010G082300:0.00205156,NA,NA,NA,NA,NA,NA
31264at4447,2,NA,NA,SORBI_3004G003401,SORBI_3004G003401:0.00336801,NA,NA,HORVU.MOREX.r3.6HG0540780,HORVU.MOREX.r3.6HG0540780:0.00217974,NA,NA
3149789at2759,2,Zm00001eb165010;Zm00001eb293700,Zm00001eb165010:0.00107963;Zm00001eb293700:0.00262109,NA,NA,NA,NA,NA,NA,AT3G17060,AT3G17060:0.000263744
31548at4447,2,Zm00001eb117920;Zm00001eb193680,Zm00001eb117920:0.00231564;Zm00001eb193680:0.00394279,SORBI_3010G082100;SORBI_3010G082300,SORBI_3010G082100:0.00205156;SORBI_3010G082300:0.00205156,NA,NA,NA,NA,NA,NA
316636at2759,2,Zm00001eb307290,Zm00001eb307290:0.0037374,NA,NA,NA,NA,HORVU.MOREX.r3.2HG0126960,HORVU.MOREX.r3.2HG0126960:0.00278012,NA,NA
316636at3193,2,Zm00001eb307290,Zm00001eb307290:0.0037374,NA,NA,NA,NA,HORVU.MOREX.r3.2HG0126960,HORVU.MOREX.r3.2HG0126960:0.00278012,NA,NA
316636at33090,2,Zm00001eb307290,Zm00001eb307290:0.0037374,NA,NA,NA,NA,HORVU.MOREX.r3.2HG0126960,HORVU.MOREX.r3.2HG0126960:0.00278012,NA,NA
318457at2759,2,Zm00001eb104670,Zm00001eb104670:0.000854787,SORBI_3002G295800,SORBI_3002G295800:0.00245796,NA,NA,NA,NA,NA,NA
318457at3193,2,Zm00001eb104670,Zm00001eb104670:0.000854787,SORBI_3002G295800,SORBI_3002G295800:0.00245796,NA,NA,NA,NA,NA,NA
318457at33090,2,Zm00001eb104670,Zm00001eb104670:0.000854787,SORBI_3002G295800,SORBI_3002G295800:0.00245796,NA,NA,NA,NA,NA,NA
320767at2759,2,Zm00001eb189290,Zm00001eb189290:0.00172218,NA,NA,LOC_Os02g07180,LOC_Os02g07180:0.00143836,NA,NA,NA,NA
320767at3193,2,Zm00001eb189290,Zm00001eb189290:0.00172218,NA,NA,LOC_Os02g07180,LOC_Os02g07180:0.00143836,NA,NA,NA,NA
320767at33090,2,Zm00001eb189290,Zm00001eb189290:0.00172218,NA,NA,LOC_Os02g07180,LOC_Os02g07180:0.00143836,NA,NA,NA,NA
320921at3193,2,Zm00001eb327790,Zm00001eb327790:0.0038375,NA,NA,NA,NA,NA,NA,AT5G10360,AT5G10360:0.000393452
32195at38820,2,Zm00001eb045870,Zm00001eb045870:0.000685402,NA,NA,LOC_Os10g04770,LOC_Os10g04770:0.000173253,NA,NA,NA,NA
32195at4447,2,Zm00001eb045870,Zm00001eb045870:0.000685402,NA,NA,LOC_Os10g04770,LOC_Os10g04770:0.000173253,NA,NA,NA,NA
322501at3193,2,Zm00001eb348810,Zm00001eb348810:0.00172256,SORBI_3009G147700,SORBI_3009G147700:0.000329596,NA,NA,NA,NA,NA,NA
32394at38820,2,Zm00001eb325640,Zm00001eb325640:0.00416513,SORBI_3002G353900;SORBI_3002G354000;SORBI_3002G354100;SORBI_3002G354200,SORBI_3002G353900:0.0013367;SORBI_3002G354000:0.0013367;SORBI_3002G354100:0.0013367;SORBI_3002G354200:0.0013367,NA,NA,NA,NA,NA,NA
32394at4447,2,Zm00001eb325640,Zm00001eb325640:0.00416513,SORBI_3002G353900;SORBI_3002G354000;SORBI_3002G354100;SORBI_3002G354200,SORBI_3002G353900:0.0013367;SORBI_3002G354000:0.0013367;SORBI_3002G354100:0.0013367;SORBI_3002G354200:0.0013367,NA,NA,NA,NA,NA,NA
326892at2759,2,NA,NA,NA,NA,LOC_Os10g04780,LOC_Os10g04780:9.19467e-05,NA,NA,AT5G28490,AT5G28490:0.000907424
3277at38820,2,Zm00001eb108330,Zm00001eb108330:0.000219232,SORBI_3002G361500,SORBI_3002G361500:0.00335657,NA,NA,NA,NA,NA,NA
3277at4447,2,Zm00001eb108330,Zm00001eb108330:0.000219232,SORBI_3002G361500,SORBI_3002G361500:0.00335657,NA,NA,NA,NA,NA,NA
32794at38820,2,NA,NA,SORBI_3001G033000,SORBI_3001G033000:0.00280014,NA,NA,HORVU.MOREX.r3.5HG0526750,HORVU.MOREX.r3.5HG0526750:0.00106859,NA,NA
32794at4447,2,NA,NA,SORBI_3001G033000,SORBI_3001G033000:0.00280014,NA,NA,HORVU.MOREX.r3.5HG0526750,HORVU.MOREX.r3.5HG0526750:0.00106859,NA,NA
32799at3193,2,Zm00001eb163460,Zm00001eb163460:0.00135984,NA,NA,LOC_Os12g01330,LOC_Os12g01330:0.00138129,NA,NA,NA,NA
32799at33090,2,Zm00001eb163460,Zm00001eb163460:0.00135984,NA,NA,LOC_Os12g01330,LOC_Os12g01330:0.00138129,NA,NA,NA,NA
328749at33090,2,Zm00001eb210570,Zm00001eb210570:0.00190937,NA,NA,NA,NA,HORVU.MOREX.r3.5HG0535930,HORVU.MOREX.r3.5HG0535930:0.000555394,NA,NA
331706at2759,2,Zm00001eb402240,Zm00001eb402240:0.00352473,NA,NA,NA,NA,NA,NA,AT1G14345,AT1G14345:2.32868e-05
331706at3193,2,Zm00001eb402240,Zm00001eb402240:0.00352473,NA,NA,NA,NA,NA,NA,AT1G14345,AT1G14345:2.32868e-05
331706at33090,2,Zm00001eb402240,Zm00001eb402240:0.00352473,NA,NA,NA,NA,NA,NA,AT1G14345,AT1G14345:2.32868e-05
337371at2759,2,NA,NA,SORBI_3008G013300,SORBI_3008G013300:5.6374e-05,NA,NA,NA,NA,AT1G03730;AT4G28330,AT1G03730:0.00181236;AT4G28330:0.000168153
337371at3193,2,NA,NA,SORBI_3008G013300,SORBI_3008G013300:5.6374e-05,NA,NA,NA,NA,AT1G03730;AT4G28330,AT1G03730:0.00181236;AT4G28330:0.000168153
337371at33090,2,NA,NA,SORBI_3008G013300,SORBI_3008G013300:5.6374e-05,NA,NA,NA,NA,AT1G03730;AT4G28330,AT1G03730:0.00181236;AT4G28330:0.000168153
33786at38820,2,Zm00001eb197050,Zm00001eb197050:0.00349472,SORBI_3001G379600,SORBI_3001G379600:0.00152786,NA,NA,NA,NA,NA,NA
33786at4447,2,Zm00001eb197050,Zm00001eb197050:0.00349472,SORBI_3001G379600,SORBI_3001G379600:0.00152786,NA,NA,NA,NA,NA,NA
338175at2759,2,Zm00001eb187720,Zm00001eb187720:0.000211894,SORBI_3004G275500,SORBI_3004G275500:0.00305658,NA,NA,NA,NA,NA,NA
338175at3193,2,Zm00001eb187720,Zm00001eb187720:0.000211894,SORBI_3004G275500,SORBI_3004G275500:0.00305658,NA,NA,NA,NA,NA,NA
338175at33090,2,Zm00001eb187720,Zm00001eb187720:0.000211894,SORBI_3004G275500,SORBI_3004G275500:0.00305658,NA,NA,NA,NA,NA,NA
338475at2759,2,Zm00001eb389210,Zm00001eb389210:0.00189423,NA,NA,NA,NA,NA,NA,AT1G11130,AT1G11130:0.000485533
338475at3193,2,Zm00001eb389210,Zm00001eb389210:0.00189423,NA,NA,NA,NA,NA,NA,AT1G11130,AT1G11130:0.000485533
338475at33090,2,Zm00001eb389210,Zm00001eb389210:0.00189423,NA,NA,NA,NA,NA,NA,AT1G11130,AT1G11130:0.000485533
338848at3193,2,NA,NA,NA,NA,NA,NA,HORVU.MOREX.r3.7HG0636450,HORVU.MOREX.r3.7HG0636450:0.00151164,AT5G24000,AT5G24000:0.000928725
338848at33090,2,NA,NA,NA,NA,NA,NA,HORVU.MOREX.r3.7HG0636450,HORVU.MOREX.r3.7HG0636450:0.00151164,AT5G24000,AT5G24000:0.000928725
338878at2759,2,Zm00001eb159340,Zm00001eb159340:0.00251922,NA,NA,NA,NA,NA,NA,AT4G18170,AT4G18170:0.000511104
338878at3193,2,Zm00001eb159340,Zm00001eb159340:0.00251922,NA,NA,NA,NA,NA,NA,AT4G18170,AT4G18170:0.000511104
338878at33090,2,Zm00001eb159340,Zm00001eb159340:0.00251922,NA,NA,NA,NA,NA,NA,AT4G18170,AT4G18170:0.000511104
338925at2759,2,Zm00001eb256730,Zm00001eb256730:0.000539718,NA,NA,NA,NA,HORVU.MOREX.r3.7HG0662690,HORVU.MOREX.r3.7HG0662690:0.000312703,NA,NA
338925at3193,2,Zm00001eb256730,Zm00001eb256730:0.000539718,NA,NA,NA,NA,HORVU.MOREX.r3.7HG0662690,HORVU.MOREX.r3.7HG0662690:0.000312703,NA,NA
338925at33090,2,Zm00001eb256730,Zm00001eb256730:0.000539718,NA,NA,NA,NA,HORVU.MOREX.r3.7HG0662690,HORVU.MOREX.r3.7HG0662690:0.000312703,NA,NA
3402248at2759,2,Zm00001eb428910,Zm00001eb428910:0.000472997,NA,NA,NA,NA,HORVU.MOREX.r3.7HG0750280,HORVU.MOREX.r3.7HG0750280:0.000450225,NA,NA
3406738at2759,2,Zm00001eb274870,Zm00001eb274870:0.000128536,NA,NA,NA,NA,NA,NA,AT1G72970,AT1G72970:0.000443964
34079at38820,2,NA,NA,NA,NA,LOC_Os01g09520,LOC_Os01g09520:0.00141929,HORVU.MOREX.r3.3HG0320720;HORVU.MOREX.r3.3HG0320740,HORVU.MOREX.r3.3HG0320720:0.00312113;HORVU.MOREX.r3.3HG0320740:0.00312113,NA,NA
34079at4447,2,NA,NA,NA,NA,LOC_Os01g09520,LOC_Os01g09520:0.00141929,HORVU.MOREX.r3.3HG0320720;HORVU.MOREX.r3.3HG0320740,HORVU.MOREX.r3.3HG0320720:0.00312113;HORVU.MOREX.r3.3HG0320740:0.00312113,NA,NA
34317at38820,2,Zm00001eb151190,Zm00001eb151190:0.000642734,NA,NA,NA,NA,HORVU.MOREX.r3.1HG0067930,HORVU.MOREX.r3.1HG0067930:0.00176581,NA,NA
34317at4447,2,Zm00001eb151190,Zm00001eb151190:0.000642734,NA,NA,NA,NA,HORVU.MOREX.r3.1HG0067930,HORVU.MOREX.r3.1HG0067930:0.00176581,NA,NA
3442at38820,2,Zm00001eb064830,Zm00001eb064830:0.00195608,SORBI_3003G002700,SORBI_3003G002700:0.000908638,NA,NA,NA,NA,NA,NA
3442at4447,2,Zm00001eb064830,Zm00001eb064830:0.00195608,SORBI_3003G002700,SORBI_3003G002700:0.000908638,NA,NA,NA,NA,NA,NA
34462at38820,2,Zm00001eb375040,Zm00001eb375040:0.00436105,SORBI_3004G333900,SORBI_3004G333900:0.00160705,NA,NA,NA,NA,NA,NA
34462at4447,2,Zm00001eb375040,Zm00001eb375040:0.00436105,SORBI_3004G333900,SORBI_3004G333900:0.00160705,NA,NA,NA,NA,NA,NA
345792at2759,2,NA,NA,NA,NA,LOC_Os05g01760,LOC_Os05g01760:0.0013349,NA,NA,AT4G25630,AT4G25630:0.00121051
3459473at2759,2,Zm00001eb020330,Zm00001eb020330:0.000619408,NA,NA,NA,NA,HORVU.MOREX.r3.6HG0568470,HORVU.MOREX.r3.6HG0568470:0.00150234,NA,NA
34900at38820,2,Zm00001eb254390,Zm00001eb254390:0.00355341,NA,NA,NA,NA,HORVU.MOREX.r3.7HG0666880,HORVU.MOREX.r3.7HG0666880:0.00148016,NA,NA
34900at4447,2,Zm00001eb254390,Zm00001eb254390:0.00355341,NA,NA,NA,NA,HORVU.MOREX.r3.7HG0666880,HORVU.MOREX.r3.7HG0666880:0.00148016,NA,NA
34968at4447,2,Zm00001eb003540,Zm00001eb003540:0.00225991,NA,NA,NA,NA,HORVU.MOREX.r3.6HG0629220,HORVU.MOREX.r3.6HG0629220:0.00136409,NA,NA
3498at38820,2,Zm00001eb055730,Zm00001eb055730:0.00406513,NA,NA,NA,NA,HORVU.MOREX.r3.4HG0338600,HORVU.MOREX.r3.4HG0338600:0.000484738,NA,NA
3498at4447,2,Zm00001eb055730,Zm00001eb055730:0.00406513,NA,NA,NA,NA,HORVU.MOREX.r3.4HG0338600,HORVU.MOREX.r3.4HG0338600:0.000484738,NA,NA
354447at2759,2,Zm00001eb097180,Zm00001eb097180:0.00134146,NA,NA,NA,NA,NA,NA,AT4G28510,AT4G28510:0.00154311
355132at3193,2,Zm00001eb038370,Zm00001eb038370:0.000925425,SORBI_3002G124900,SORBI_3002G124900:0.00291783,NA,NA,NA,NA,NA,NA
3564at38820,2,Zm00001eb272730,Zm00001eb272730:0.00392605,SORBI_3010G256500,SORBI_3010G256500:0.00171967,NA,NA,NA,NA,NA,NA
3564at4447,2,Zm00001eb272730,Zm00001eb272730:0.00392605,SORBI_3010G256500,SORBI_3010G256500:0.00171967,NA,NA,NA,NA,NA,NA
361262at2759,2,Zm00001eb327790,Zm00001eb327790:0.0038375,NA,NA,NA,NA,NA,NA,AT5G10360,AT5G10360:0.000393452
361830at3193,2,Zm00001eb066560,Zm00001eb066560:0.00192247,NA,NA,NA,NA,NA,NA,AT3G18630,AT3G18630:0.0013929
361830at33090,2,Zm00001eb066560,Zm00001eb066560:0.00192247,NA,NA,NA,NA,NA,NA,AT3G18630,AT3G18630:0.0013929
365051at2759,2,NA,NA,SORBI_3009G231700,SORBI_3009G231700:0.00152934,NA,NA,NA,NA,AT5G46070,AT5G46070:0.00169165
365051at3193,2,NA,NA,SORBI_3009G231700,SORBI_3009G231700:0.00152934,NA,NA,NA,NA,AT5G46070,AT5G46070:0.00169165
365051at33090,2,NA,NA,SORBI_3009G231700,SORBI_3009G231700:0.00152934,NA,NA,NA,NA,AT5G46070,AT5G46070:0.00169165
36743at38820,2,Zm00001eb042050,Zm00001eb042050:0.00157185,NA,NA,NA,NA,HORVU.MOREX.r3.7HG0725450,HORVU.MOREX.r3.7HG0725450:0.00267401,NA,NA
36743at4447,2,Zm00001eb042050,Zm00001eb042050:0.00157185,NA,NA,NA,NA,HORVU.MOREX.r3.7HG0725450,HORVU.MOREX.r3.7HG0725450:0.00267401,NA,NA
369038at2759,2,Zm00001eb111570;Zm00001eb330690,Zm00001eb111570:0.000744065;Zm00001eb330690:0.00219068,SORBI_3002G418200,SORBI_3002G418200:0.000400866,NA,NA,NA,NA,NA,NA
369038at3193,2,Zm00001eb111570;Zm00001eb330690,Zm00001eb111570:0.000744065;Zm00001eb330690:0.00219068,SORBI_3002G418200,SORBI_3002G418200:0.000400866,NA,NA,NA,NA,NA,NA
369038at33090,2,Zm00001eb111570;Zm00001eb330690,Zm00001eb111570:0.000744065;Zm00001eb330690:0.00219068,SORBI_3002G418200,SORBI_3002G418200:0.000400866,NA,NA,NA,NA,NA,NA
369452at2759,2,Zm00001eb168220,Zm00001eb168220:0.00380674,SORBI_3004G088300,SORBI_3004G088300:0.000571358,NA,NA,NA,NA,NA,NA
369452at3193,2,Zm00001eb168220,Zm00001eb168220:0.00380674,SORBI_3004G088300,SORBI_3004G088300:0.000571358,NA,NA,NA,NA,NA,NA
369452at33090,2,Zm00001eb168220,Zm00001eb168220:0.00380674,SORBI_3004G088300,SORBI_3004G088300:0.000571358,NA,NA,NA,NA,NA,NA
370094at3193,2,Zm00001eb322380,Zm00001eb322380:0.00148767,NA,NA,NA,NA,NA,NA,AT2G20635,AT2G20635:0.00141525
370094at33090,2,Zm00001eb322380,Zm00001eb322380:0.00148767,NA,NA,NA,NA,NA,NA,AT2G20635,AT2G20635:0.00141525
37235at38820,2,Zm00001eb055110,Zm00001eb055110:0.00161375,SORBI_3001G115300,SORBI_3001G115300:3.96909e-06,NA,NA,NA,NA,NA,NA
37235at4447,2,Zm00001eb055110,Zm00001eb055110:0.00161375,SORBI_3001G115300,SORBI_3001G115300:3.96909e-06,NA,NA,NA,NA,NA,NA
37262at38820,2,NA,NA,SORBI_3004G033000,SORBI_3004G033000:3.21351e-05,LOC_Os02g01355,LOC_Os02g01355:1.10286e-05,NA,NA,NA,NA
37576at38820,2,Zm00001eb242940,Zm00001eb242940:0.00309787,NA,NA,LOC_Os02g05370,LOC_Os02g05370:0.00116219,NA,NA,NA,NA
375954at3193,2,NA,NA,NA,NA,NA,NA,HORVU.MOREX.r3.5HG0427160,HORVU.MOREX.r3.5HG0427160:0.000519091,AT1G10830,AT1G10830:0.00157185
375954at33090,2,NA,NA,NA,NA,NA,NA,HORVU.MOREX.r3.5HG0427160,HORVU.MOREX.r3.5HG0427160:0.000519091,AT1G10830,AT1G10830:0.00157185
380130at2759,2,Zm00001eb229650,Zm00001eb229650:0.000149622,SORBI_3004G007800,SORBI_3004G007800:0.00187195,NA,NA,NA,NA,NA,NA
380130at3193,2,Zm00001eb229650,Zm00001eb229650:0.000149622,SORBI_3004G007800,SORBI_3004G007800:0.00187195,NA,NA,NA,NA,NA,NA
380130at33090,2,Zm00001eb229650,Zm00001eb229650:0.000149622,SORBI_3004G007800,SORBI_3004G007800:0.00187195,NA,NA,NA,NA,NA,NA
381809at2759,2,NA,NA,NA,NA,NA,NA,HORVU.MOREX.r3.7HG0728390,HORVU.MOREX.r3.7HG0728390:0.00220844,AT4G31540,AT4G31540:0.00135479
381809at3193,2,NA,NA,NA,NA,NA,NA,HORVU.MOREX.r3.7HG0728390,HORVU.MOREX.r3.7HG0728390:0.00220844,AT4G31540,AT4G31540:0.00135479
381809at33090,2,NA,NA,NA,NA,NA,NA,HORVU.MOREX.r3.7HG0728390,HORVU.MOREX.r3.7HG0728390:0.00220844,AT4G31540,AT4G31540:0.00135479
384603at2759,2,Zm00001eb403080,Zm00001eb403080:0.0010115,NA,NA,NA,NA,NA,NA,AT2G39030,AT2G39030:0.00201216
385098at2759,2,Zm00001eb055730,Zm00001eb055730:0.00406513,NA,NA,NA,NA,HORVU.MOREX.r3.4HG0338600,HORVU.MOREX.r3.4HG0338600:0.000484738,NA,NA
388517at2759,2,Zm00001eb099030,Zm00001eb099030:0.00106938,NA,NA,NA,NA,NA,NA,AT5G62560,AT5G62560:0.0010642
388517at3193,2,Zm00001eb099030,Zm00001eb099030:0.00106938,NA,NA,NA,NA,NA,NA,AT5G62560,AT5G62560:0.0010642
388517at33090,2,Zm00001eb099030,Zm00001eb099030:0.00106938,NA,NA,NA,NA,NA,NA,AT5G62560,AT5G62560:0.0010642
388896at33090,2,Zm00001eb334390,Zm00001eb334390:0.00175319,NA,NA,NA,NA,NA,NA,AT3G42830,AT3G42830:0.00197526
38954at38820,2,Zm00001eb329540,Zm00001eb329540:0.00205068,NA,NA,NA,NA,HORVU.MOREX.r3.2HG0117640,HORVU.MOREX.r3.2HG0117640:0.00190655,NA,NA
39050at4447,2,Zm00001eb422410,Zm00001eb422410:8.42894e-05,NA,NA,NA,NA,HORVU.MOREX.r3.3HG0254950,HORVU.MOREX.r3.3HG0254950:0.002079,NA,NA
393430at2759,2,Zm00001eb124920,Zm00001eb124920:0.000361531,NA,NA,NA,NA,HORVU.MOREX.r3.3HG0226230,HORVU.MOREX.r3.3HG0226230:0.00216394,NA,NA
393430at3193,2,Zm00001eb124920,Zm00001eb124920:0.000361531,NA,NA,NA,NA,HORVU.MOREX.r3.3HG0226230,HORVU.MOREX.r3.3HG0226230:0.00216394,NA,NA
393430at33090,2,Zm00001eb124920,Zm00001eb124920:0.000361531,NA,NA,NA,NA,HORVU.MOREX.r3.3HG0226230,HORVU.MOREX.r3.3HG0226230:0.00216394,NA,NA
395306at2759,2,Zm00001eb108340,Zm00001eb108340:0.000219232,SORBI_3002G361600,SORBI_3002G361600:0.00335657,NA,NA,NA,NA,NA,NA
395306at3193,2,Zm00001eb108340,Zm00001eb108340:0.000219232,SORBI_3002G361600,SORBI_3002G361600:0.00335657,NA,NA,NA,NA,NA,NA
395306at33090,2,Zm00001eb108340,Zm00001eb108340:0.000219232,SORBI_3002G361600,SORBI_3002G361600:0.00335657,NA,NA,NA,NA,NA,NA
396177at2759,2,NA,NA,SORBI_3003G309500,SORBI_3003G309500:7.38465e-06,NA,NA,NA,NA,AT2G34640,AT2G34640:0.000131787
396177at3193,2,NA,NA,SORBI_3003G309500,SORBI_3003G309500:7.38465e-06,NA,NA,NA,NA,AT2G34640,AT2G34640:0.000131787
396177at33090,2,NA,NA,SORBI_3003G309500,SORBI_3003G309500:7.38465e-06,NA,NA,NA,NA,AT2G34640,AT2G34640:0.000131787
397167at3193,2,Zm00001eb109330;Zm00001eb402570,Zm00001eb109330:0.000896862;Zm00001eb402570:0.00425814,NA,NA,NA,NA,NA,NA,AT1G72370,AT1G72370:0.000281933
397167at33090,2,Zm00001eb109330;Zm00001eb402570,Zm00001eb109330:0.000896862;Zm00001eb402570:0.00425814,NA,NA,NA,NA,NA,NA,AT1G72370,AT1G72370:0.000281933
39770at38820,2,Zm00001eb315040,Zm00001eb315040:0.00413065,NA,NA,LOC_Os09g04600,LOC_Os09g04600:0.000765061,NA,NA,NA,NA
39770at4447,2,Zm00001eb315040,Zm00001eb315040:0.00413065,NA,NA,LOC_Os09g04600,LOC_Os09g04600:0.000765061,NA,NA,NA,NA
39938at4447,2,NA,NA,SORBI_3001G133900,SORBI_3001G133900:0.00122726,NA,NA,HORVU.MOREX.r3.5HG0420230,HORVU.MOREX.r3.5HG0420230:0.00290277,NA,NA
4000041at2759,2,Zm00001eb222210,Zm00001eb222210:0.000945569,SORBI_3008G024200,SORBI_3008G024200:0.00208453,NA,NA,NA,NA,NA,NA
401446at3193,2,Zm00001eb043380,Zm00001eb043380:0.00235525,NA,NA,NA,NA,NA,NA,AT1G72750,AT1G72750:0.000437594
401446at33090,2,Zm00001eb043380,Zm00001eb043380:0.00235525,NA,NA,NA,NA,NA,NA,AT1G72750,AT1G72750:0.000437594
40443at2759,2,Zm00001eb258330,Zm00001eb258330:0.00237609,NA,NA,NA,NA,NA,NA,AT2G38970,AT2G38970:0.00173259
40443at3193,2,Zm00001eb258330,Zm00001eb258330:0.00237609,NA,NA,NA,NA,NA,NA,AT2G38970,AT2G38970:0.00173259
40443at33090,2,Zm00001eb258330,Zm00001eb258330:0.00237609,NA,NA,NA,NA,NA,NA,AT2G38970,AT2G38970:0.00173259
40635at38820,2,Zm00001eb405620,Zm00001eb405620:0.000377636,NA,NA,NA,NA,HORVU.MOREX.r3.7HG0651330,HORVU.MOREX.r3.7HG0651330:3.65352e-05,NA,NA
40635at4447,2,Zm00001eb405620,Zm00001eb405620:0.000377636,NA,NA,NA,NA,HORVU.MOREX.r3.7HG0651330,HORVU.MOREX.r3.7HG0651330:3.65352e-05,NA,NA
40822at38820,2,Zm00001eb152650,Zm00001eb152650:0.00171427,NA,NA,NA,NA,HORVU.MOREX.r3.3HG0289950,HORVU.MOREX.r3.3HG0289950:0.00149091,NA,NA
40822at4447,2,Zm00001eb152650,Zm00001eb152650:0.00171427,NA,NA,NA,NA,HORVU.MOREX.r3.3HG0289950,HORVU.MOREX.r3.3HG0289950:0.00149091,NA,NA
4103828at2759,2,NA,NA,NA,NA,NA,NA,HORVU.MOREX.r3.1HG0068140;HORVU.MOREX.r3.3HG0294710,HORVU.MOREX.r3.1HG0068140:0.00174723;HORVU.MOREX.r3.3HG0294710:0.00128587,AT4G27130,AT4G27130:0.00151403
410480at2759,2,NA,NA,NA,NA,LOC_Os08g02204,LOC_Os08g02204:0.00074503,NA,NA,AT3G62170,AT3G62170:0.000911506
413980at3193,2,Zm00001eb386550,Zm00001eb386550:0.00261203,NA,NA,LOC_Os09g02580,LOC_Os09g02580:0.0013309,NA,NA,NA,NA
413980at33090,2,Zm00001eb386550,Zm00001eb386550:0.00261203,NA,NA,LOC_Os09g02580,LOC_Os09g02580:0.0013309,NA,NA,NA,NA
4145474at2759,2,NA,NA,NA,NA,NA,NA,HORVU.MOREX.r3.2HG0126910,HORVU.MOREX.r3.2HG0126910:0.00278012,AT5G48650,AT5G48650:0.00169242
41495at38820,2,Zm00001eb067690;Zm00001eb432530,Zm00001eb067690:0.00447193;Zm00001eb432530:3.00465e-05,SORBI_3006G248500,SORBI_3006G248500:0.00142724,NA,NA,NA,NA,NA,NA
41495at4447,2,Zm00001eb067690;Zm00001eb432530,Zm00001eb067690:0.00447193;Zm00001eb432530:3.00465e-05,SORBI_3006G248500,SORBI_3006G248500:0.00142724,NA,NA,NA,NA,NA,NA
415343at2759,2,Zm00001eb368060,Zm00001eb368060:0.00298189,NA,NA,NA,NA,NA,NA,AT4G25030,AT4G25030:0.000794344
415343at3193,2,Zm00001eb368060,Zm00001eb368060:0.00298189,NA,NA,NA,NA,NA,NA,AT4G25030,AT4G25030:0.000794344
415343at33090,2,Zm00001eb368060,Zm00001eb368060:0.00298189,NA,NA,NA,NA,NA,NA,AT4G25030,AT4G25030:0.000794344
415809at3193,2,NA,NA,SORBI_3006G191700,SORBI_3006G191700:0.000119406,NA,NA,HORVU.MOREX.r3.7HG0723940,HORVU.MOREX.r3.7HG0723940:0.00271408,NA,NA
416399at3193,2,Zm00001eb328580,Zm00001eb328580:0.00388548,NA,NA,NA,NA,NA,NA,AT1G65030,AT1G65030:0.000834814
41644at38820,2,Zm00001eb015940;Zm00001eb330750,Zm00001eb015940:3.28967e-05;Zm00001eb330750:0.00398422,SORBI_3001G382200,SORBI_3001G382200:0.000360303,NA,NA,NA,NA,NA,NA
41644at4447,2,Zm00001eb015940;Zm00001eb330750,Zm00001eb015940:3.28967e-05;Zm00001eb330750:0.00398422,SORBI_3001G382200,SORBI_3001G382200:0.000360303,NA,NA,NA,NA,NA,NA
416504at3193,2,NA,NA,NA,NA,NA,NA,HORVU.MOREX.r3.3HG0230700,HORVU.MOREX.r3.3HG0230700:0.000625382,AT1G17760,AT1G17760:0.00124373
41738at38820,2,Zm00001eb397150,Zm00001eb397150:0.00024328,NA,NA,NA,NA,HORVU.MOREX.r3.4HG0385690,HORVU.MOREX.r3.4HG0385690:0.00110036,NA,NA
41738at4447,2,Zm00001eb397150,Zm00001eb397150:0.00024328,NA,NA,NA,NA,HORVU.MOREX.r3.4HG0385690,HORVU.MOREX.r3.4HG0385690:0.00110036,NA,NA
419791at2759,2,NA,NA,NA,NA,NA,NA,HORVU.MOREX.r3.7HG0651300,HORVU.MOREX.r3.7HG0651300:3.65352e-05,AT4G33710;AT4G33720;AT5G26130,AT4G33710:0.00106359;AT4G33720:0.0012324;AT5G26130:0.000580895
420262at2759,2,Zm00001eb075050,Zm00001eb075050:0.00351692,NA,NA,NA,NA,NA,NA,AT2G44680,AT2G44680:0.00185882
421177at2759,2,Zm00001eb369960,Zm00001eb369960:0.00118058,NA,NA,NA,NA,NA,NA,AT2G36835,AT2G36835:0.00150769
421177at3193,2,Zm00001eb369960,Zm00001eb369960:0.00118058,NA,NA,NA,NA,NA,NA,AT2G36835,AT2G36835:0.00150769
421177at33090,2,Zm00001eb369960,Zm00001eb369960:0.00118058,NA,NA,NA,NA,NA,NA,AT2G36835,AT2G36835:0.00150769
423396at3193,2,Zm00001eb222210,Zm00001eb222210:0.000945569,SORBI_3008G024200,SORBI_3008G024200:0.00208453,NA,NA,NA,NA,NA,NA
423396at33090,2,Zm00001eb222210,Zm00001eb222210:0.000945569,SORBI_3008G024200,SORBI_3008G024200:0.00208453,NA,NA,NA,NA,NA,NA
423967at2759,2,Zm00001eb145080;Zm00001eb328590,Zm00001eb145080:0.00144038;Zm00001eb328590:0.00388548,NA,NA,NA,NA,NA,NA,AT3G09410,AT3G09410:0.00134041
423967at33090,2,Zm00001eb145080;Zm00001eb328590,Zm00001eb145080:0.00144038;Zm00001eb328590:0.00388548,NA,NA,NA,NA,NA,NA,AT3G09410,AT3G09410:0.00134041
42477at4447,2,Zm00001eb367530,Zm00001eb367530:0.00276792,NA,NA,NA,NA,HORVU.MOREX.r3.2HG0107720,HORVU.MOREX.r3.2HG0107720:8.43698e-05,NA,NA
425007at3193,2,NA,NA,NA,NA,LOC_Os09g05060,LOC_Os09g05060:0.00061761,HORVU.MOREX.r3.4HG0412730,HORVU.MOREX.r3.4HG0412730:0.000908046,NA,NA
426043at3193,2,Zm00001eb070960;Zm00001eb213450,Zm00001eb070960:7.41264e-05;Zm00001eb213450:0.00444612,NA,NA,NA,NA,NA,NA,AT3G20800,AT3G20800:0.000248049
42920at38820,2,Zm00001eb352400,Zm00001eb352400:0.000807401,NA,NA,NA,NA,HORVU.MOREX.r3.1HG0069540,HORVU.MOREX.r3.1HG0069540:0.0029998,NA,NA
42920at4447,2,Zm00001eb352400,Zm00001eb352400:0.000807401,NA,NA,NA,NA,HORVU.MOREX.r3.1HG0069540,HORVU.MOREX.r3.1HG0069540:0.0029998,NA,NA
4309134at2759,2,Zm00001eb210570,Zm00001eb210570:0.00190937,NA,NA,NA,NA,HORVU.MOREX.r3.5HG0535930,HORVU.MOREX.r3.5HG0535930:0.000555394,NA,NA
43108at38820,2,Zm00001eb348660,Zm00001eb348660:0.00262203,NA,NA,NA,NA,HORVU.MOREX.r3.1HG0075570,HORVU.MOREX.r3.1HG0075570:0.000985393,NA,NA
43108at4447,2,Zm00001eb348660,Zm00001eb348660:0.00262203,NA,NA,NA,NA,HORVU.MOREX.r3.1HG0075570,HORVU.MOREX.r3.1HG0075570:0.000985393,NA,NA
431403at3193,2,Zm00001eb251130;Zm00001eb304390,Zm00001eb251130:0.00279698;Zm00001eb304390:0.00422823,NA,NA,NA,NA,NA,NA,AT1G32450,AT1G32450:0.000244964
432180at2759,2,NA,NA,NA,NA,NA,NA,HORVU.MOREX.r3.5HG0464440,HORVU.MOREX.r3.5HG0464440:0.00250865,AT5G58350,AT5G58350:0.000386304
432180at3193,2,NA,NA,NA,NA,NA,NA,HORVU.MOREX.r3.5HG0464440,HORVU.MOREX.r3.5HG0464440:0.00250865,AT5G58350,AT5G58350:0.000386304
432180at33090,2,NA,NA,NA,NA,NA,NA,HORVU.MOREX.r3.5HG0464440,HORVU.MOREX.r3.5HG0464440:0.00250865,AT5G58350,AT5G58350:0.000386304
43231at38820,2,Zm00001eb161780,Zm00001eb161780:0.00335743,NA,NA,LOC_Os01g06090,LOC_Os01g06090:0.000161981,NA,NA,NA,NA
43231at4447,2,Zm00001eb161780;Zm00001eb161790,Zm00001eb161780:0.00335743;Zm00001eb161790:0.00335743,NA,NA,LOC_Os01g06090,LOC_Os01g06090:0.000161981,NA,NA,NA,NA
432616at3193,2,NA,NA,SORBI_3004G087100,SORBI_3004G087100:6.11672e-05,NA,NA,HORVU.MOREX.r3.3HG0240580;HORVU.MOREX.r3.6HG0553250,HORVU.MOREX.r3.3HG0240580:0.0011844;HORVU.MOREX.r3.6HG0553250:0.000850732,NA,NA
432616at33090,2,NA,NA,SORBI_3004G087100,SORBI_3004G087100:6.11672e-05,NA,NA,HORVU.MOREX.r3.3HG0240580;HORVU.MOREX.r3.6HG0553250,HORVU.MOREX.r3.3HG0240580:0.0011844;HORVU.MOREX.r3.6HG0553250:0.000850732,NA,NA
433096at2759,2,Zm00001eb329540,Zm00001eb329540:0.00205068,NA,NA,NA,NA,HORVU.MOREX.r3.2HG0117640,HORVU.MOREX.r3.2HG0117640:0.00190655,NA,NA
433096at3193,2,Zm00001eb329540,Zm00001eb329540:0.00205068,NA,NA,NA,NA,HORVU.MOREX.r3.2HG0117640,HORVU.MOREX.r3.2HG0117640:0.00190655,NA,NA
433096at33090,2,Zm00001eb329540,Zm00001eb329540:0.00205068,NA,NA,NA,NA,HORVU.MOREX.r3.2HG0117640,HORVU.MOREX.r3.2HG0117640:0.00190655,NA,NA
434009at33090,2,NA,NA,NA,NA,NA,NA,HORVU.MOREX.r3.5HG0425710,HORVU.MOREX.r3.5HG0425710:0.00058846,AT5G16890,AT5G16890:0.00116094
434022at2759,2,Zm00001eb248300,Zm00001eb248300:0.000120329,NA,NA,LOC_Os10g04890,LOC_Os10g04890:0.00045244,NA,NA,NA,NA
434022at3193,2,Zm00001eb248300,Zm00001eb248300:0.000120329,NA,NA,LOC_Os10g04890,LOC_Os10g04890:0.00045244,NA,NA,NA,NA
434022at33090,2,Zm00001eb248300,Zm00001eb248300:0.000120329,NA,NA,LOC_Os10g04890,LOC_Os10g04890:0.00045244,NA,NA,NA,NA
434872at2759,2,Zm00001eb400680,Zm00001eb400680:0.00144603,NA,NA,NA,NA,NA,NA,AT4G37630,AT4G37630:0.000273973
434872at3193,2,Zm00001eb400680,Zm00001eb400680:0.00144603,NA,NA,NA,NA,NA,NA,AT4G37630,AT4G37630:0.000273973
434872at33090,2,Zm00001eb400680,Zm00001eb400680:0.00144603,NA,NA,NA,NA,NA,NA,AT4G37630,AT4G37630:0.000273973
4359603at2759,2,NA,NA,SORBI_3001G382400,SORBI_3001G382400:0.000360303,NA,NA,NA,NA,AT5G38990,AT5G38990:2.22425e-05
43813at33090,2,Zm00001eb105040;Zm00001eb109730;Zm00001eb255170,Zm00001eb105040:0.00113567;Zm00001eb109730:0.000432951;Zm00001eb255170:0.00243565,NA,NA,NA,NA,NA,NA,AT1G35910;AT1G78090,AT1G35910:0.00088439;AT1G78090:0.00185977
438277at3193,2,Zm00001eb160170,Zm00001eb160170:8.74501e-05,NA,NA,NA,NA,NA,NA,AT3G25530,AT3G25530:0.000603613
438277at33090,2,Zm00001eb160170,Zm00001eb160170:8.74501e-05,NA,NA,NA,NA,NA,NA,AT3G25530,AT3G25530:0.000603613
4388267at2759,2,Zm00001eb375030,Zm00001eb375030:0.00436105,SORBI_3004G333600,SORBI_3004G333600:0.00160705,NA,NA,NA,NA,NA,NA
439142at2759,2,Zm00001eb367490,Zm00001eb367490:0.00276792,NA,NA,NA,NA,NA,NA,AT3G54130,AT3G54130:0.00156508
440690at2759,2,NA,NA,SORBI_3010G010900,SORBI_3010G010900:0.0019052,NA,NA,HORVU.MOREX.r3.7HG0639360,HORVU.MOREX.r3.7HG0639360:0.00150057,NA,NA
440690at3193,2,NA,NA,SORBI_3010G010900,SORBI_3010G010900:0.0019052,NA,NA,HORVU.MOREX.r3.7HG0639360,HORVU.MOREX.r3.7HG0639360:0.00150057,NA,NA
440690at33090,2,NA,NA,SORBI_3010G010900,SORBI_3010G010900:0.0019052,NA,NA,HORVU.MOREX.r3.7HG0639360,HORVU.MOREX.r3.7HG0639360:0.00150057,NA,NA
4417054at2759,2,Zm00001eb126310,Zm00001eb126310:0.0025103,SORBI_3003G098900,SORBI_3003G098900:0.001303,NA,NA,NA,NA,NA,NA
4417784at2759,2,Zm00001eb293710,Zm00001eb293710:0.00262109,NA,NA,NA,NA,NA,NA,AT2G25740,AT2G25740:2.90934e-05
441876at3193,2,Zm00001eb097180,Zm00001eb097180:0.00134146,NA,NA,NA,NA,NA,NA,AT4G28510,AT4G28510:0.00154311
4419782at2759,2,NA,NA,SORBI_3004G019600,SORBI_3004G019600:0.00240395,NA,NA,NA,NA,AT2G45640,AT2G45640:0.000554026
44421at38820,2,Zm00001eb187440,Zm00001eb187440:0.00125933,SORBI_3006G191900,SORBI_3006G191900:0.000119406,NA,NA,NA,NA,NA,NA
44421at4447,2,Zm00001eb187440,Zm00001eb187440:0.00125933,SORBI_3006G191900,SORBI_3006G191900:0.000119406,NA,NA,NA,NA,NA,NA
444486at2759,2,Zm00001eb323440,Zm00001eb323440:0.00192651,NA,NA,LOC_Os07g05430,LOC_Os07g05430:0.000850707,NA,NA,NA,NA
444486at3193,2,Zm00001eb323440,Zm00001eb323440:0.00192651,NA,NA,LOC_Os07g05430,LOC_Os07g05430:0.000850707,NA,NA,NA,NA
444486at33090,2,Zm00001eb323440,Zm00001eb323440:0.00192651,NA,NA,LOC_Os07g05430,LOC_Os07g05430:0.000850707,NA,NA,NA,NA
4445803at2759,2,Zm00001eb402930,Zm00001eb402930:0.00163499,NA,NA,NA,NA,NA,NA,AT2G32750,AT2G32750:0.000296801
44736at38820,2,Zm00001eb015960;Zm00001eb330740,Zm00001eb015960:3.28967e-05;Zm00001eb330740:0.00398422,SORBI_3001G382000,SORBI_3001G382000:0.000360303,NA,NA,NA,NA,NA,NA
44736at4447,2,Zm00001eb015960;Zm00001eb330740,Zm00001eb015960:3.28967e-05;Zm00001eb330740:0.00398422,SORBI_3001G382000,SORBI_3001G382000:0.000360303,NA,NA,NA,NA,NA,NA
4494at38820,2,Zm00001eb103070,Zm00001eb103070:0.00277929,SORBI_3007G182000,SORBI_3007G182000:0.00175142,NA,NA,NA,NA,NA,NA
4494at4447,2,Zm00001eb103070,Zm00001eb103070:0.00277929,SORBI_3007G182000,SORBI_3007G182000:0.00175142,NA,NA,NA,NA,NA,NA
44985at38820,2,Zm00001eb060140,Zm00001eb060140:0.000101925,SORBI_3001G063300;SORBI_3002G040800,SORBI_3001G063300:0.00146118;SORBI_3002G040800:0.00138282,NA,NA,NA,NA,NA,NA
44985at4447,2,Zm00001eb060140;Zm00001eb213280,Zm00001eb060140:0.000101925;Zm00001eb213280:0.00114131,SORBI_3001G063300;SORBI_3002G040800,SORBI_3001G063300:0.00146118;SORBI_3002G040800:0.00138282,NA,NA,NA,NA,NA,NA
45011at38820,2,Zm00001eb134710,Zm00001eb134710:0.000327231,NA,NA,NA,NA,HORVU.MOREX.r3.5HG0484470,HORVU.MOREX.r3.5HG0484470:0.000540804,NA,NA
45011at4447,2,Zm00001eb134710,Zm00001eb134710:0.000327231,NA,NA,NA,NA,HORVU.MOREX.r3.5HG0484470,HORVU.MOREX.r3.5HG0484470:0.000540804,NA,NA
450379at3193,2,Zm00001eb018860,Zm00001eb018860:3.42114e-07,NA,NA,NA,NA,NA,NA,AT5G64200,AT5G64200:0.00152179
45140at38820,2,Zm00001eb058360,Zm00001eb058360:0.000331992,SORBI_3001G079600,SORBI_3001G079600:0.000476756,NA,NA,NA,NA,NA,NA
45140at4447,2,Zm00001eb058360,Zm00001eb058360:0.000331992,SORBI_3001G079600,SORBI_3001G079600:0.000476756,NA,NA,NA,NA,NA,NA
45166at38820,2,Zm00001eb231860,Zm00001eb231860:0.00300538,SORBI_3004G035300,SORBI_3004G035300:0.00190954,NA,NA,NA,NA,NA,NA
45166at4447,2,Zm00001eb231860,Zm00001eb231860:0.00300538,SORBI_3004G035300,SORBI_3004G035300:0.00190954,NA,NA,NA,NA,NA,NA
453328at2759,2,NA,NA,SORBI_3003G360300,SORBI_3003G360300:0.000163944,NA,NA,HORVU.MOREX.r3.7HG0651120,HORVU.MOREX.r3.7HG0651120:0.00205492,NA,NA
453328at3193,2,NA,NA,SORBI_3003G360300,SORBI_3003G360300:0.000163944,NA,NA,HORVU.MOREX.r3.7HG0651120,HORVU.MOREX.r3.7HG0651120:0.00205492,NA,NA
453328at33090,2,NA,NA,SORBI_3003G360300,SORBI_3003G360300:0.000163944,NA,NA,HORVU.MOREX.r3.7HG0651120,HORVU.MOREX.r3.7HG0651120:0.00205492,NA,NA
4534085at2759,2,Zm00001eb257930,Zm00001eb257930:0.000814953,NA,NA,NA,NA,NA,NA,AT5G35160,AT5G35160:0.00130097
45379at38820,2,NA,NA,SORBI_3007G035300;SORBI_3007G035500,SORBI_3007G035300:8.87367e-05;SORBI_3007G035500:8.87367e-05,NA,NA,HORVU.MOREX.r3.2HG0205310,HORVU.MOREX.r3.2HG0205310:0.00145913,NA,NA
45379at4447,2,NA,NA,SORBI_3007G035300;SORBI_3007G035500,SORBI_3007G035300:8.87367e-05;SORBI_3007G035500:8.87367e-05,NA,NA,HORVU.MOREX.r3.2HG0205310,HORVU.MOREX.r3.2HG0205310:0.00145913,NA,NA
45505at38820,2,Zm00001eb193090,Zm00001eb193090:0.000710272,SORBI_3004G319600,SORBI_3004G319600:0.000165494,NA,NA,NA,NA,NA,NA
45505at4447,2,Zm00001eb193090,Zm00001eb193090:0.000710272,SORBI_3004G319600,SORBI_3004G319600:0.000165494,NA,NA,NA,NA,NA,NA
4552370at2759,2,Zm00001eb200460,Zm00001eb200460:0.00297994,NA,NA,NA,NA,NA,NA,AT1G22240,AT1G22240:0.00189165
455483at2759,2,Zm00001eb284410;Zm00001eb320950,Zm00001eb284410:0.00345536;Zm00001eb320950:0.000758263,NA,NA,NA,NA,NA,NA,AT4G24020,AT4G24020:0.000591381
455483at3193,2,Zm00001eb284410;Zm00001eb320950,Zm00001eb284410:0.00345536;Zm00001eb320950:0.000758263,NA,NA,NA,NA,NA,NA,AT4G24020,AT4G24020:0.000591381
455483at33090,2,Zm00001eb284410;Zm00001eb320950,Zm00001eb284410:0.00345536;Zm00001eb320950:0.000758263,NA,NA,NA,NA,NA,NA,AT4G24020,AT4G24020:0.000591381
4564369at2759,2,NA,NA,NA,NA,NA,NA,HORVU.MOREX.r3.4HG0333050,HORVU.MOREX.r3.4HG0333050:0.00145776,AT4G18160;AT5G46370,AT4G18160:0.000739818;AT5G46370:0.000599383
4598369at2759,2,Zm00001eb121630,Zm00001eb121630:0.00148408,NA,NA,NA,NA,NA,NA,AT5G39890,AT5G39890:0.0011449
459946at2759,2,Zm00001eb197020,Zm00001eb197020:0.000326771,NA,NA,NA,NA,NA,NA,AT1G05670,AT1G05670:0.00158541
4605459at2759,2,Zm00001eb103070,Zm00001eb103070:0.00277929,SORBI_3007G182000,SORBI_3007G182000:0.00175142,NA,NA,NA,NA,NA,NA
463175at3193,2,Zm00001eb376640,Zm00001eb376640:0.00118358,NA,NA,NA,NA,HORVU.MOREX.r3.4HG0385780,HORVU.MOREX.r3.4HG0385780:0.00255285,NA,NA
464738at2759,2,NA,NA,SORBI_3004G037100,SORBI_3004G037100:0.000918079,NA,NA,NA,NA,AT3G45130,AT3G45130:0.00111297
464974at2759,2,Zm00001eb006350;Zm00001eb426690,Zm00001eb006350:0.00113298;Zm00001eb426690:2.86655e-05,SORBI_3003G360500,SORBI_3003G360500:0.000163944,NA,NA,NA,NA,NA,NA
4653520at2759,2,Zm00001eb400530,Zm00001eb400530:0.00360987,NA,NA,LOC_Os12g01090,LOC_Os12g01090:0.00147649,NA,NA,NA,NA
46621at4447,2,Zm00001eb163460,Zm00001eb163460:0.00135984,NA,NA,LOC_Os12g01330,LOC_Os12g01330:0.00138129,NA,NA,NA,NA
466627at3193,2,NA,NA,NA,NA,NA,NA,HORVU.MOREX.r3.3HG0229660,HORVU.MOREX.r3.3HG0229660:0.00253276,AT3G45590,AT3G45590:0.00138901
4688596at2759,2,Zm00001eb280210,Zm00001eb280210:0.00242493,NA,NA,NA,NA,NA,NA,AT4G22200,AT4G22200:0.000911716
46908at38820,2,NA,NA,SORBI_3001G196600;SORBI_3001G196700,SORBI_3001G196600:0.00232225;SORBI_3001G196700:0.00232225,NA,NA,HORVU.MOREX.r3.1HG0049770,HORVU.MOREX.r3.1HG0049770:0.000171053,NA,NA
46908at4447,2,NA,NA,SORBI_3001G196600;SORBI_3001G196700,SORBI_3001G196600:0.00232225;SORBI_3001G196700:0.00232225,NA,NA,HORVU.MOREX.r3.1HG0049770,HORVU.MOREX.r3.1HG0049770:0.000171053,NA,NA
469463at3193,2,Zm00001eb218330,Zm00001eb218330:0.00355481,NA,NA,NA,NA,HORVU.MOREX.r3.4HG0333040,HORVU.MOREX.r3.4HG0333040:0.00145776,NA,NA
469803at2759,2,NA,NA,SORBI_3001G047900,SORBI_3001G047900:0.00191605,NA,NA,NA,NA,AT5G28150,AT5G28150:0.000237684
469803at3193,2,NA,NA,SORBI_3001G047900,SORBI_3001G047900:0.00191605,NA,NA,NA,NA,AT5G28150,AT5G28150:0.000237684
469803at33090,2,NA,NA,SORBI_3001G047900,SORBI_3001G047900:0.00191605,NA,NA,NA,NA,AT5G28150,AT5G28150:0.000237684
4699434at2759,2,NA,NA,SORBI_3001G284100,SORBI_3001G284100:0.000829029,NA,NA,HORVU.MOREX.r3.5HG0536340,HORVU.MOREX.r3.5HG0536340:0.00279496,NA,NA
4701650at2759,2,NA,NA,NA,NA,NA,NA,HORVU.MOREX.r3.4HG0333970,HORVU.MOREX.r3.4HG0333970:0.00124481,AT4G08160,AT4G08160:0.00135227
47095at4447,2,Zm00001eb080670,Zm00001eb080670:0.00162674,SORBI_3007G135301,SORBI_3007G135301:0.00215155,NA,NA,NA,NA,NA,NA
47109at38820,2,Zm00001eb176880,Zm00001eb176880:0.00070896,NA,NA,NA,NA,HORVU.MOREX.r3.5HG0482660,HORVU.MOREX.r3.5HG0482660:0.000380857,NA,NA
47109at4447,2,Zm00001eb176880,Zm00001eb176880:0.00070896,NA,NA,NA,NA,HORVU.MOREX.r3.5HG0482660,HORVU.MOREX.r3.5HG0482660:0.000380857,NA,NA
471126at2759,2,Zm00001eb058860;Zm00001eb292590,Zm00001eb058860:0.00243292;Zm00001eb292590:0.00155098,NA,NA,NA,NA,NA,NA,AT3G07330,AT3G07330:0.000429014
4725244at2759,2,Zm00001eb070550;Zm00001eb319250,Zm00001eb070550:4.3719e-05;Zm00001eb319250:0.00062123,NA,NA,NA,NA,NA,NA,AT1G12780,AT1G12780:0.00182431
47315at4447,2,Zm00001eb193100,Zm00001eb193100:0.000710272,NA,NA,NA,NA,HORVU.MOREX.r3.6HG0620440;HORVU.MOREX.r3.6HG0620630,HORVU.MOREX.r3.6HG0620440:0.00269105;HORVU.MOREX.r3.6HG0620630:0.00046271,NA,NA
474147at2759,2,Zm00001eb328450,Zm00001eb328450:0.000340631,SORBI_3002G387200,SORBI_3002G387200:0.000986209,NA,NA,NA,NA,NA,NA
4747719at2759,2,Zm00001eb297640;Zm00001eb361230,Zm00001eb297640:0.002482;Zm00001eb361230:0.00136367,NA,NA,NA,NA,HORVU.MOREX.r3.3HG0255230,HORVU.MOREX.r3.3HG0255230:0.00248968,NA,NA
4755090at2759,2,Zm00001eb214330,Zm00001eb214330:0.00202346,NA,NA,NA,NA,NA,NA,AT2G14880;AT2G35605,AT2G14880:0.00176624;AT2G35605:0.000776415
4763844at2759,2,NA,NA,SORBI_3001G206000,SORBI_3001G206000:0.000964868,NA,NA,HORVU.MOREX.r3.1HG0046900,HORVU.MOREX.r3.1HG0046900:0.000688391,NA,NA
47732at38820,2,Zm00001eb214870,Zm00001eb214870:0.00191231,NA,NA,NA,NA,HORVU.MOREX.r3.5HG0510700,HORVU.MOREX.r3.5HG0510700:0.00165765,NA,NA
47732at4447,2,Zm00001eb214870,Zm00001eb214870:0.00191231,NA,NA,NA,NA,HORVU.MOREX.r3.5HG0510700,HORVU.MOREX.r3.5HG0510700:0.00165765,NA,NA
4776008at2759,2,Zm00001eb043380,Zm00001eb043380:0.00235525,NA,NA,NA,NA,NA,NA,AT1G72750,AT1G72750:0.000437594
4782124at2759,2,Zm00001eb247690,Zm00001eb247690:0.000908812,NA,NA,NA,NA,NA,NA,AT4G30560,AT4G30560:2.83657e-05
4804807at2759,2,Zm00001eb062600;Zm00001eb186790,Zm00001eb062600:0.0036522;Zm00001eb186790:0.00452113,NA,NA,NA,NA,NA,NA,AT5G59880,AT5G59880:0.00137055
4806332at2759,2,NA,NA,NA,NA,NA,NA,HORVU.MOREX.r3.7HG0675190,HORVU.MOREX.r3.7HG0675190:0.000391707,AT2G04750;AT5G35700,AT2G04750:0.00192253;AT5G35700:0.00114328
4807239at2759,2,Zm00001eb243010;Zm00001eb278510;Zm00001eb328770,Zm00001eb243010:0.00309787;Zm00001eb278510:0.00306816;Zm00001eb328770:0.00444273,NA,NA,NA,NA,NA,NA,AT3G11630,AT3G11630:0.00180512
4809112at2759,2,Zm00001eb421880,Zm00001eb421880:0.00134496,NA,NA,LOC_Os12g01510,LOC_Os12g01510:0.00142093,NA,NA,NA,NA
4810817at2759,2,Zm00001eb302300;Zm00001eb375010,Zm00001eb302300:0.00110934;Zm00001eb375010:0.00436105,SORBI_3002G278500;SORBI_3010G061800,SORBI_3002G278500:0.00220176;SORBI_3010G061800:0.000863186,NA,NA,NA,NA,NA,NA
4811040at2759,2,Zm00001eb206580;Zm00001eb286760,Zm00001eb206580:0.0043773;Zm00001eb286760:0.00431982,NA,NA,NA,NA,HORVU.MOREX.r3.3HG0318840,HORVU.MOREX.r3.3HG0318840:0.000543248,NA,NA
4813329at2759,2,Zm00001eb386550,Zm00001eb386550:0.00261203,NA,NA,LOC_Os09g02580,LOC_Os09g02580:0.0013309,NA,NA,NA,NA
481573at2759,2,NA,NA,SORBI_3002G198600,SORBI_3002G198600:0.00292635,NA,NA,HORVU.MOREX.r3.5HG0484900,HORVU.MOREX.r3.5HG0484900:0.000669973,NA,NA
481573at3193,2,NA,NA,SORBI_3002G198600,SORBI_3002G198600:0.00292635,NA,NA,HORVU.MOREX.r3.5HG0484900,HORVU.MOREX.r3.5HG0484900:0.000669973,NA,NA
481573at33090,2,NA,NA,SORBI_3002G198600,SORBI_3002G198600:0.00292635,NA,NA,HORVU.MOREX.r3.5HG0484900,HORVU.MOREX.r3.5HG0484900:0.000669973,NA,NA
4815789at2759,2,Zm00001eb403670,Zm00001eb403670:0.00372508,NA,NA,NA,NA,NA,NA,AT5G41560,AT5G41560:0.000389886
4820964at2759,2,NA,NA,NA,NA,NA,NA,HORVU.MOREX.r3.4HG0408810;HORVU.MOREX.r3.4HG0411330,HORVU.MOREX.r3.4HG0408810:0.00132411;HORVU.MOREX.r3.4HG0411330:0.00108018,AT2G38940;AT5G43350,AT2G38940:0.000869571;AT5G43350:0.000835592
4822122at2759,2,Zm00001eb090510,Zm00001eb090510:0.00314804,NA,NA,NA,NA,NA,NA,AT1G04990;AT5G63260,AT1G04990:0.000983263;AT5G63260:0.00146188
48248at3193,2,NA,NA,NA,NA,NA,NA,HORVU.MOREX.r3.5HG0513910,HORVU.MOREX.r3.5HG0513910:0.00110584,AT1G19430,AT1G19430:0.00198059
48248at33090,2,NA,NA,NA,NA,NA,NA,HORVU.MOREX.r3.5HG0513910,HORVU.MOREX.r3.5HG0513910:0.00110584,AT1G19430,AT1G19430:0.00198059
482605at33090,2,Zm00001eb040890;Zm00001eb068270,Zm00001eb040890:0.00160068;Zm00001eb068270:0.000884253,NA,NA,NA,NA,NA,NA,AT3G19480,AT3G19480:0.000805599
4833872at2759,2,Zm00001eb002470;Zm00001eb241950,Zm00001eb002470:0.000219138;Zm00001eb241950:0.00400791,NA,NA,NA,NA,NA,NA,AT3G07070,AT3G07070:4.1367e-05
4836116at2759,2,Zm00001eb128250,Zm00001eb128250:0.00294723,NA,NA,NA,NA,HORVU.MOREX.r3.3HG0255220,HORVU.MOREX.r3.3HG0255220:0.00248968,NA,NA
4836422at2759,2,Zm00001eb102550,Zm00001eb102550:0.00341907,NA,NA,NA,NA,HORVU.MOREX.r3.5HG0494840,HORVU.MOREX.r3.5HG0494840:0.000690188,NA,NA
4838174at2759,2,NA,NA,NA,NA,NA,NA,HORVU.MOREX.r3.2HG0116500,HORVU.MOREX.r3.2HG0116500:0.00133573,AT5G44560,AT5G44560:0.000315575
4839657at2759,2,Zm00001eb250380,Zm00001eb250380:0.00191755,NA,NA,NA,NA,NA,NA,AT5G42000,AT5G42000:0.00070745
4841008at2759,2,Zm00001eb231810,Zm00001eb231810:0.000249985,SORBI_3004G034600,SORBI_3004G034600:0.00103889,NA,NA,NA,NA,NA,NA
4841398at2759,2,NA,NA,NA,NA,NA,NA,HORVU.MOREX.r3.2HG0105050;HORVU.MOREX.r3.2HG0105070,HORVU.MOREX.r3.2HG0105050:0.0008946;HORVU.MOREX.r3.2HG0105070:0.0008946,AT1G02400;AT1G78440,AT1G02400:0.000330454;AT1G78440:0.00113548
4842190at2759,2,NA,NA,SORBI_3010G092700,SORBI_3010G092700:0.002025,NA,NA,HORVU.MOREX.r3.5HG0441100,HORVU.MOREX.r3.5HG0441100:0.002595,NA,NA
484359at3193,2,Zm00001eb231810,Zm00001eb231810:0.000249985,SORBI_3004G034600,SORBI_3004G034600:0.00103889,NA,NA,NA,NA,NA,NA
484359at33090,2,Zm00001eb231810,Zm00001eb231810:0.000249985,SORBI_3004G034600,SORBI_3004G034600:0.00103889,NA,NA,NA,NA,NA,NA
4851837at2759,2,NA,NA,SORBI_3004G345500,SORBI_3004G345500:0.000402037,NA,NA,HORVU.MOREX.r3.6HG0629820,HORVU.MOREX.r3.6HG0629820:0.000825285,NA,NA
4852307at2759,2,Zm00001eb144910,Zm00001eb144910:0.000214363,NA,NA,NA,NA,NA,NA,AT5G51830,AT5G51830:0.00137282
485902at3193,2,Zm00001eb073360;Zm00001eb206740,Zm00001eb073360:0.00246715;Zm00001eb206740:0.000375561,NA,NA,NA,NA,HORVU.MOREX.r3.6HG0568510,HORVU.MOREX.r3.6HG0568510:0.000656906,NA,NA
4859897at2759,2,NA,NA,SORBI_3007G136100,SORBI_3007G136100:0.00137022,NA,NA,HORVU.MOREX.r3.7HG0640780,HORVU.MOREX.r3.7HG0640780:0.000119339,NA,NA
4862664at2759,2,Zm00001eb191710,Zm00001eb191710:0.00370276,NA,NA,NA,NA,NA,NA,AT5G02270,AT5G02270:0.00121364
4871369at2759,2,Zm00001eb114790,Zm00001eb114790:0.00031777,NA,NA,NA,NA,NA,NA,AT4G36390,AT4G36390:0.00187638
4886954at2759,2,Zm00001eb067440,Zm00001eb067440:2.56534e-05,NA,NA,NA,NA,NA,NA,AT3G11270,AT3G11270:0.0019455
4899967at2759,2,Zm00001eb322380,Zm00001eb322380:0.00148767,NA,NA,NA,NA,NA,NA,AT2G20635,AT2G20635:0.00141525
49016at38820,2,Zm00001eb333640,Zm00001eb333640:0.00457835,SORBI_3003G115400,SORBI_3003G115400:0.000928865,NA,NA,NA,NA,NA,NA
49016at4447,2,Zm00001eb333640,Zm00001eb333640:0.00457835,SORBI_3003G115400,SORBI_3003G115400:0.000928865,NA,NA,NA,NA,NA,NA
490911at2759,2,NA,NA,SORBI_3003G334300,SORBI_3003G334300:0.00315089,LOC_Os01g08160,LOC_Os01g08160:0.000361491,NA,NA,NA,NA
490911at3193,2,NA,NA,SORBI_3003G334300,SORBI_3003G334300:0.00315089,LOC_Os01g08160,LOC_Os01g08160:0.000361491,NA,NA,NA,NA
490911at33090,2,NA,NA,SORBI_3003G334300,SORBI_3003G334300:0.00315089,LOC_Os01g08160,LOC_Os01g08160:0.000361491,NA,NA,NA,NA
491427at2759,2,Zm00001eb149830,Zm00001eb149830:8.88394e-05,SORBI_3003G334100,SORBI_3003G334100:0.00315089,NA,NA,NA,NA,NA,NA
491427at3193,2,Zm00001eb149830,Zm00001eb149830:8.88394e-05,SORBI_3003G334100,SORBI_3003G334100:0.00315089,NA,NA,NA,NA,NA,NA
491427at33090,2,Zm00001eb149830,Zm00001eb149830:8.88394e-05,SORBI_3003G334100,SORBI_3003G334100:0.00315089,NA,NA,NA,NA,NA,NA
4917551at2759,2,NA,NA,SORBI_3001G196600;SORBI_3001G196700,SORBI_3001G196600:0.00232225;SORBI_3001G196700:0.00232225,NA,NA,HORVU.MOREX.r3.1HG0049770,HORVU.MOREX.r3.1HG0049770:0.000171053,NA,NA
4925035at2759,2,NA,NA,SORBI_3004G333700,SORBI_3004G333700:0.00160705,NA,NA,NA,NA,AT4G01420,AT4G01420:0.000308604
4926339at2759,2,Zm00001eb120470,Zm00001eb120470:0.000250462,NA,NA,NA,NA,NA,NA,AT1G11090,AT1G11090:0.00180171
4930848at2759,2,Zm00001eb302280,Zm00001eb302280:0.00110934,NA,NA,NA,NA,NA,NA,AT3G52190,AT3G52190:0.00200359
4932230at2759,2,Zm00001eb157520,Zm00001eb157520:0.00294054,NA,NA,NA,NA,HORVU.MOREX.r3.3HG0273790,HORVU.MOREX.r3.3HG0273790:0.000852083,NA,NA
4939042at2759,2,Zm00001eb128470,Zm00001eb128470:0.000758362,NA,NA,NA,NA,NA,NA,AT1G77390,AT1G77390:0.00172249
4944676at2759,2,Zm00001eb429920,Zm00001eb429920:0.00112434,NA,NA,NA,NA,HORVU.MOREX.r3.4HG0336400,HORVU.MOREX.r3.4HG0336400:0.00104404,NA,NA
4945593at2759,2,Zm00001eb328580,Zm00001eb328580:0.00388548,NA,NA,NA,NA,NA,NA,AT1G65030,AT1G65030:0.000834814
495340at2759,2,Zm00001eb255980,Zm00001eb255980:0.000271662,SORBI_3002G225000,SORBI_3002G225000:0.00186282,NA,NA,NA,NA,NA,NA
495340at3193,2,Zm00001eb255980,Zm00001eb255980:0.000271662,SORBI_3002G225000,SORBI_3002G225000:0.00186282,NA,NA,NA,NA,NA,NA
495340at33090,2,Zm00001eb255980,Zm00001eb255980:0.000271662,SORBI_3002G225000,SORBI_3002G225000:0.00186282,NA,NA,NA,NA,NA,NA
495563at2759,2,Zm00001eb412940,Zm00001eb412940:0.00367679,NA,NA,NA,NA,NA,NA,AT1G25530,AT1G25530:0.000429145
495563at33090,2,Zm00001eb412940,Zm00001eb412940:0.00367679,NA,NA,NA,NA,NA,NA,AT1G25530,AT1G25530:0.000429145
496123at3193,2,Zm00001eb160160,Zm00001eb160160:8.74501e-05,NA,NA,NA,NA,HORVU.MOREX.r3.3HG0267220,HORVU.MOREX.r3.3HG0267220:0.000886836,NA,NA
4964211at2759,2,NA,NA,SORBI_3001G047800,SORBI_3001G047800:0.00191605,NA,NA,NA,NA,AT4G32470,AT4G32470:0.000375365
4968942at2759,2,Zm00001eb376670,Zm00001eb376670:0.00118358,NA,NA,NA,NA,NA,NA,AT3G26340,AT3G26340:6.07853e-05
49692at38820,2,Zm00001eb430440,Zm00001eb430440:0.00192144,SORBI_3006G206800,SORBI_3006G206800:0.00287746,NA,NA,NA,NA,NA,NA
49692at4447,2,Zm00001eb430440,Zm00001eb430440:0.00192144,SORBI_3006G206800,SORBI_3006G206800:0.00287746,NA,NA,NA,NA,NA,NA
4969600at2759,2,Zm00001eb376510,Zm00001eb376510:0.00367172,NA,NA,NA,NA,HORVU.MOREX.r3.7HG0653850,HORVU.MOREX.r3.7HG0653850:0.000735,NA,NA
4969676at2759,2,Zm00001eb377530,Zm00001eb377530:0.00188345,NA,NA,NA,NA,HORVU.MOREX.r3.7HG0648080,HORVU.MOREX.r3.7HG0648080:0.00293818,NA,NA
4969792at2759,2,Zm00001eb076820,Zm00001eb076820:0.00162443,NA,NA,NA,NA,HORVU.MOREX.r3.3HG0227890,HORVU.MOREX.r3.3HG0227890:0.00145521,NA,NA
4971251at2759,2,Zm00001eb004030,Zm00001eb004030:0.000190667,NA,NA,NA,NA,NA,NA,AT1G79210;AT5G42790,AT1G79210:0.0012954;AT5G42790:8.7849e-06
4971652at2759,2,Zm00001eb083790,Zm00001eb083790:0.00263402,NA,NA,NA,NA,HORVU.MOREX.r3.4HG0413910,HORVU.MOREX.r3.4HG0413910:0.000176484,NA,NA
4972197at2759,2,Zm00001eb375040,Zm00001eb375040:0.00436105,SORBI_3004G333900,SORBI_3004G333900:0.00160705,NA,NA,NA,NA,NA,NA
4974506at2759,2,Zm00001eb368680,Zm00001eb368680:0.000121146,NA,NA,NA,NA,HORVU.MOREX.r3.6HG0611340,HORVU.MOREX.r3.6HG0611340:0.00241328,NA,NA
4975053at2759,2,Zm00001eb031800,Zm00001eb031800:0.00389114,NA,NA,NA,NA,HORVU.MOREX.r3.5HG0475780,HORVU.MOREX.r3.5HG0475780:0.0004623,NA,NA
4977573at2759,2,Zm00001eb369030,Zm00001eb369030:0.000175983,NA,NA,NA,NA,NA,NA,AT1G09575;AT1G57610,AT1G09575:0.00185657;AT1G57610:0.00179463
4977996at2759,2,NA,NA,SORBI_3006G062200,SORBI_3006G062200:0.000575179,NA,NA,NA,NA,AT3G26680,AT3G26680:0.00055644
4980569at2759,2,Zm00001eb334390,Zm00001eb334390:0.00175319,NA,NA,NA,NA,NA,NA,AT3G42830,AT3G42830:0.00197526
4999147at2759,2,Zm00001eb399220,Zm00001eb399220:0.0038611,NA,NA,NA,NA,NA,NA,AT2G02010,AT2G02010:0.000923279
4999290at2759,2,NA,NA,NA,NA,LOC_Os09g03750,LOC_Os09g03750:0.000700557,NA,NA,AT2G36530,AT2G36530:0.00201159
4999447at2759,2,Zm00001eb197410,Zm00001eb197410:0.00184041,NA,NA,NA,NA,NA,NA,AT5G38410;AT5G38430,AT5G38410:0.000124657;AT5G38430:0.00144254
4999782at2759,2,Zm00001eb120610,Zm00001eb120610:0.0027873,NA,NA,NA,NA,NA,NA,AT3G24040,AT3G24040:0.00160345
5000147at2759,2,Zm00001eb365600,Zm00001eb365600:0.00413873,NA,NA,NA,NA,HORVU.MOREX.r3.3HG0319320,HORVU.MOREX.r3.3HG0319320:0.000634905,NA,NA
5000152at2759,2,Zm00001eb231820,Zm00001eb231820:0.00271627,SORBI_3004G034700,SORBI_3004G034700:0.00103889,NA,NA,NA,NA,NA,NA
5000260at2759,2,NA,NA,SORBI_3001G351000,SORBI_3001G351000:0.00273508,NA,NA,NA,NA,AT1G22410,AT1G22410:0.00198765
5000332at2759,2,Zm00001eb221240,Zm00001eb221240:0.00448632,NA,NA,NA,NA,HORVU.MOREX.r3.7HG0634380,HORVU.MOREX.r3.7HG0634380:0.000188861,NA,NA
5000391at2759,2,Zm00001eb199540,Zm00001eb199540:0.000797241,NA,NA,LOC_Os08g05000,LOC_Os08g05000:0.00149371,NA,NA,NA,NA
5000462at2759,2,Zm00001eb291160,Zm00001eb291160:0.000106539,SORBI_3003G333800,SORBI_3003G333800:0.00314808,NA,NA,NA,NA,NA,NA
5000514at2759,2,Zm00001eb187240,Zm00001eb187240:0.000394643,NA,NA,NA,NA,NA,NA,AT4G01320,AT4G01320:0.00160083
5000569at2759,2,NA,NA,NA,NA,NA,NA,HORVU.MOREX.r3.3HG0230700,HORVU.MOREX.r3.3HG0230700:0.000625382,AT1G17760,AT1G17760:0.00124373
5000721at2759,2,Zm00001eb105040;Zm00001eb109730;Zm00001eb255170,Zm00001eb105040:0.00113567;Zm00001eb109730:0.000432951;Zm00001eb255170:0.00243565,NA,NA,NA,NA,NA,NA,AT1G35910;AT1G78090,AT1G35910:0.00088439;AT1G78090:0.00185977
5000869at2759,2,Zm00001eb212060,Zm00001eb212060:0.00384008,NA,NA,NA,NA,NA,NA,AT4G26480,AT4G26480:0.000525572
5001538at2759,2,NA,NA,SORBI_3001G062900,SORBI_3001G062900:0.00146118,NA,NA,HORVU.MOREX.r3.3HG0287740,HORVU.MOREX.r3.3HG0287740:0.00235031,NA,NA
5001818at2759,2,Zm00001eb074360,Zm00001eb074360:3.0598e-05,NA,NA,LOC_Os04g05560,LOC_Os04g05560:0.000654904,NA,NA,NA,NA
5001827at2759,2,Zm00001eb066790;Zm00001eb194970;Zm00001eb368390,Zm00001eb066790:0.0029543;Zm00001eb194970:0.00357327;Zm00001eb368390:0.00078221,NA,NA,LOC_Os01g08320,LOC_Os01g08320:0.00123679,NA,NA,NA,NA
5002017at2759,2,NA,NA,NA,NA,NA,NA,HORVU.MOREX.r3.1HG0052940,HORVU.MOREX.r3.1HG0052940:0.0019243,AT5G12290,AT5G12290:0.000449905
5002173at2759,2,Zm00001eb214920,Zm00001eb214920:0.00191231,NA,NA,NA,NA,NA,NA,AT2G17530,AT2G17530:0.00187063
5002246at2759,2,Zm00001eb097120,Zm00001eb097120:0.00134146,NA,NA,NA,NA,NA,NA,AT5G67330,AT5G67330:0.000282117
5002325at2759,2,NA,NA,SORBI_3009G135500,SORBI_3009G135500:0.000999838,NA,NA,NA,NA,AT4G15560,AT4G15560:0.000804794
5002350at2759,2,Zm00001eb066520,Zm00001eb066520:0.00192247,SORBI_3007G090200,SORBI_3007G090200:0.0026857,NA,NA,NA,NA,NA,NA
5002688at2759,2,NA,NA,NA,NA,NA,NA,HORVU.MOREX.r3.5HG0427160,HORVU.MOREX.r3.5HG0427160:0.000519091,AT1G10830,AT1G10830:0.00157185
5002737at2759,2,NA,NA,SORBI_3003G113800,SORBI_3003G113800:4.96091e-05,NA,NA,NA,NA,AT1G09840,AT1G09840:0.00106301
5002918at2759,2,NA,NA,NA,NA,NA,NA,HORVU.MOREX.r3.5HG0510760,HORVU.MOREX.r3.5HG0510760:0.00165765,AT5G20930,AT5G20930:3.08466e-05
5003145at2759,2,Zm00001eb040890;Zm00001eb068270,Zm00001eb040890:0.00160068;Zm00001eb068270:0.000884253,NA,NA,NA,NA,NA,NA,AT3G19480,AT3G19480:0.000805599
5003509at2759,2,NA,NA,NA,NA,NA,NA,HORVU.MOREX.r3.3HG0313090,HORVU.MOREX.r3.3HG0313090:0.000472991,AT1G02880,AT1G02880:7.64056e-05
5003842at2759,2,Zm00001eb103030,Zm00001eb103030:9.58075e-06,NA,NA,NA,NA,NA,NA,AT5G62190,AT5G62190:0.00104243
5003886at2759,2,Zm00001eb118100,Zm00001eb118100:0.00250375,NA,NA,NA,NA,NA,NA,AT2G23080,AT2G23080:0.00160246
5004208at2759,2,Zm00001eb247420,Zm00001eb247420:0.00204998,NA,NA,NA,NA,NA,NA,AT4G28703,AT4G28703:0.00113813
5004212at2759,2,Zm00001eb053840,Zm00001eb053840:0.00417675,NA,NA,NA,NA,NA,NA,AT2G37210,AT2G37210:0.000655334
5004273at2759,2,Zm00001eb329590,Zm00001eb329590:0.00221093,NA,NA,NA,NA,NA,NA,AT1G18830,AT1G18830:0.000983055
5004281at2759,2,Zm00001eb288370,Zm00001eb288370:0.00252585,SORBI_3004G151300,SORBI_3004G151300:0.00191912,NA,NA,NA,NA,NA,NA
5004521at2759,2,Zm00001eb003440;Zm00001eb222250;Zm00001eb323450;Zm00001eb390820,Zm00001eb003440:0.00191892;Zm00001eb222250:0.000945569;Zm00001eb323450:0.00192651;Zm00001eb390820:0.00366647,NA,NA,NA,NA,NA,NA,AT4G00490;AT4G15210;AT5G18670,AT4G00490:0.001095;AT4G15210:0.000532662;AT5G18670:0.000104021
5005099at2759,2,Zm00001eb104660,Zm00001eb104660:0.000854787,SORBI_3002G295700,SORBI_3002G295700:0.00245796,NA,NA,NA,NA,NA,NA
5005196at2759,2,Zm00001eb064830,Zm00001eb064830:0.00195608,SORBI_3003G002700,SORBI_3003G002700:0.000908638,NA,NA,NA,NA,NA,NA
5005315at2759,2,Zm00001eb187260,Zm00001eb187260:0.000394643,NA,NA,NA,NA,NA,NA,AT5G02840,AT5G02840:0.000810978
5005323at2759,2,NA,NA,SORBI_3001G351100,SORBI_3001G351100:0.00273508,NA,NA,NA,NA,AT4G25110,AT4G25110:0.00173902
5005398at2759,2,NA,NA,NA,NA,NA,NA,HORVU.MOREX.r3.7HG0636450,HORVU.MOREX.r3.7HG0636450:0.00151164,AT5G24000,AT5G24000:0.000928725
5005935at2759,2,Zm00001eb280090,Zm00001eb280090:0.0014512,NA,NA,NA,NA,NA,NA,AT3G48160,AT3G48160:0.000190745
5006323at2759,2,Zm00001eb230050,Zm00001eb230050:0.00256239,NA,NA,NA,NA,HORVU.MOREX.r3.6HG0546530,HORVU.MOREX.r3.6HG0546530:0.00270043,NA,NA
5006357at2759,2,Zm00001eb221480,Zm00001eb221480:0.00230232,NA,NA,NA,NA,HORVU.MOREX.r3.7HG0641090,HORVU.MOREX.r3.7HG0641090:0.000114124,NA,NA
5006434at2759,2,Zm00001eb187450,Zm00001eb187450:0.00125933,SORBI_3006G192100,SORBI_3006G192100:0.000119406,NA,NA,NA,NA,NA,NA
5012988at2759,2,NA,NA,SORBI_3006G131000,SORBI_3006G131000:0.000794148,NA,NA,NA,NA,AT1G05890,AT1G05890:0.0015463
5012991at2759,2,Zm00001eb109330;Zm00001eb402570,Zm00001eb109330:0.000896862;Zm00001eb402570:0.00425814,NA,NA,NA,NA,NA,NA,AT1G72370,AT1G72370:0.000281933
5013402at2759,2,Zm00001eb070960;Zm00001eb213450,Zm00001eb070960:7.41264e-05;Zm00001eb213450:0.00444612,NA,NA,NA,NA,NA,NA,AT3G20800,AT3G20800:0.000248049
5013540at2759,2,NA,NA,SORBI_3004G088450,SORBI_3004G088450:0.000571358,NA,NA,HORVU.MOREX.r3.7HG0648880,HORVU.MOREX.r3.7HG0648880:0.00214811,NA,NA
5013657at2759,2,Zm00001eb030440;Zm00001eb247050,Zm00001eb030440:0.00190746;Zm00001eb247050:0.00370615,NA,NA,NA,NA,NA,NA,AT4G12440,AT4G12440:0.00167347
5013813at2759,2,Zm00001eb291250;Zm00001eb352250,Zm00001eb291250:0.00394339;Zm00001eb352250:0.000195814,NA,NA,NA,NA,NA,NA,AT1G22200;AT1G36050,AT1G22200:0.000404159;AT1G36050:0.00168267
5013833at2759,2,Zm00001eb389780,Zm00001eb389780:0.0015803,SORBI_3001G066300,SORBI_3001G066300:0.000536804,NA,NA,NA,NA,NA,NA
5013969at2759,2,Zm00001eb109300;Zm00001eb300130,Zm00001eb109300:0.000896862;Zm00001eb300130:0.000502043,SORBI_3001G065600,SORBI_3001G065600:0.00231649,NA,NA,NA,NA,NA,NA
5014036at2759,2,NA,NA,NA,NA,NA,NA,HORVU.MOREX.r3.2HG0110060,HORVU.MOREX.r3.2HG0110060:0.00102146,AT2G24270,AT2G24270:0.00124819
5014204at2759,2,Zm00001eb063410;Zm00001eb212270,Zm00001eb063410:0.000112588;Zm00001eb212270:0.00236336,SORBI_3001G402200,SORBI_3001G402200:0.0032254,NA,NA,NA,NA,NA,NA
5014238at2759,2,Zm00001eb015330,Zm00001eb015330:0.00379878,NA,NA,NA,NA,NA,NA,AT1G31160,AT1G31160:0.000757401
5014239at2759,2,Zm00001eb137920;Zm00001eb427340,Zm00001eb137920:0.000290797;Zm00001eb427340:0.00389974,NA,NA,NA,NA,NA,NA,AT2G39900,AT2G39900:0.00193261
5014358at2759,2,Zm00001eb153090,Zm00001eb153090:0.00299434,NA,NA,NA,NA,NA,NA,AT1G53140,AT1G53140:0.000773443
5014377at2759,2,Zm00001eb368430,Zm00001eb368430:0.00211559,NA,NA,NA,NA,HORVU.MOREX.r3.3HG0303970,HORVU.MOREX.r3.3HG0303970:0.00109671,NA,NA
5014449at2759,2,NA,NA,SORBI_3010G081900,SORBI_3010G081900:0.00278074,NA,NA,HORVU.MOREX.r3.6HG0619740,HORVU.MOREX.r3.6HG0619740:0.000874309,NA,NA
5014515at2759,2,Zm00001eb002320,Zm00001eb002320:0.00395445,NA,NA,NA,NA,NA,NA,AT2G02050,AT2G02050:0.00143751
5014650at2759,2,Zm00001eb226150;Zm00001eb247830;Zm00001eb337550,Zm00001eb226150:0.000156811;Zm00001eb247830:0.00303402;Zm00001eb337550:0.000259807,NA,NA,NA,NA,HORVU.MOREX.r3.7HG0730680,HORVU.MOREX.r3.7HG0730680:0.000858944,NA,NA
5015019at2759,2,Zm00001eb139130;Zm00001eb152540,Zm00001eb139130:0.00444794;Zm00001eb152540:0.00226771,NA,NA,NA,NA,NA,NA,AT4G36360,AT4G36360:0.00135536
5015334at2759,2,Zm00001eb231840,Zm00001eb231840:0.00300538,SORBI_3004G035000,SORBI_3004G035000:0.00190954,NA,NA,NA,NA,NA,NA
5015436at2759,2,Zm00001eb160160,Zm00001eb160160:8.74501e-05,NA,NA,NA,NA,HORVU.MOREX.r3.3HG0267220,HORVU.MOREX.r3.3HG0267220:0.000886836,NA,NA
5015634at2759,2,Zm00001eb400730,Zm00001eb400730:0.00144603,NA,NA,NA,NA,NA,NA,AT1G28490,AT1G28490:0.00118051
5015745at2759,2,NA,NA,NA,NA,NA,NA,HORVU.MOREX.r3.5HG0484810;HORVU.MOREX.r3.7HG0648840,HORVU.MOREX.r3.5HG0484810:0.000215643;HORVU.MOREX.r3.7HG0648840:0.000410909,AT1G23090,AT1G23090:0.00120254
5016531at2759,2,Zm00001eb066560,Zm00001eb066560:0.00192247,NA,NA,NA,NA,NA,NA,AT3G18630,AT3G18630:0.0013929
5016725at2759,2,NA,NA,SORBI_3005G059600,SORBI_3005G059600:0.00270835,NA,NA,NA,NA,AT2G37160,AT2G37160:0.000270356
5017101at2759,2,NA,NA,NA,NA,LOC_Os05g03770,LOC_Os05g03770:0.000415931,HORVU.MOREX.r3.5HG0536490,HORVU.MOREX.r3.5HG0536490:0.000916491,NA,NA
5017406at2759,2,Zm00001eb251700,Zm00001eb251700:0.00167853,SORBI_3004G270200,SORBI_3004G270200:0.00261362,NA,NA,NA,NA,NA,NA
5017489at2759,2,Zm00001eb215750;Zm00001eb330080,Zm00001eb215750:0.00119356;Zm00001eb330080:0.000609376,NA,NA,NA,NA,HORVU.MOREX.r3.2HG0114920,HORVU.MOREX.r3.2HG0114920:0.00297901,NA,NA
5017643at2759,2,Zm00001eb368150,Zm00001eb368150:8.6038e-06,NA,NA,NA,NA,NA,NA,AT5G18520,AT5G18520:0.000945813
5017759at2759,2,Zm00001eb067210,Zm00001eb067210:0.00130332,NA,NA,NA,NA,NA,NA,AT5G55280,AT5G55280:4.46921e-05
5017832at2759,2,Zm00001eb327130,Zm00001eb327130:0.000347168,SORBI_3004G009000,SORBI_3004G009000:0.000203108,NA,NA,NA,NA,NA,NA
5018139at2759,2,Zm00001eb063470;Zm00001eb351350,Zm00001eb063470:0.000112588;Zm00001eb351350:0.000723112,NA,NA,NA,NA,NA,NA,AT5G38830,AT5G38830:0.00191143
5018319at2759,2,Zm00001eb349080,Zm00001eb349080:0.00222526,NA,NA,NA,NA,NA,NA,AT1G11050,AT1G11050:0.000143152
5018399at2759,2,Zm00001eb289920;Zm00001eb351610,Zm00001eb289920:0.000490776;Zm00001eb351610:0.00417231,NA,NA,NA,NA,NA,NA,AT2G37290,AT2G37290:0.00164203
5018603at2759,2,Zm00001eb398400,Zm00001eb398400:0.00374223,NA,NA,NA,NA,NA,NA,AT5G19080,AT5G19080:0.00185463
5018786at2759,2,Zm00001eb433950,Zm00001eb433950:0.00267352,NA,NA,LOC_Os04g06820,LOC_Os04g06820:0.000286296,NA,NA,NA,NA
5018936at2759,2,Zm00001eb244590,Zm00001eb244590:0.00120651,NA,NA,NA,NA,NA,NA,AT1G11650;AT1G49600,AT1G11650:0.00155799;AT1G49600:0.0018354
5019035at2759,2,NA,NA,NA,NA,NA,NA,HORVU.MOREX.r3.4HG0385210,HORVU.MOREX.r3.4HG0385210:0.00121783,AT3G52260,AT3G52260:0.000748565
50199at38820,2,Zm00001eb330080,Zm00001eb330080:0.000609376,NA,NA,NA,NA,HORVU.MOREX.r3.2HG0114920,HORVU.MOREX.r3.2HG0114920:0.00297901,NA,NA
50199at4447,2,Zm00001eb330080,Zm00001eb330080:0.000609376,NA,NA,NA,NA,HORVU.MOREX.r3.2HG0114920,HORVU.MOREX.r3.2HG0114920:0.00297901,NA,NA
5020326at2759,2,Zm00001eb231790,Zm00001eb231790:0.000249985,SORBI_3004G034400,SORBI_3004G034400:0.00103889,NA,NA,NA,NA,NA,NA
5024558at2759,2,Zm00001eb051090,Zm00001eb051090:0.0019429,NA,NA,NA,NA,NA,NA,AT2G30580,AT2G30580:0.0015303
502475at2759,2,NA,NA,SORBI_3001G196200,SORBI_3001G196200:0.00206097,NA,NA,NA,NA,AT2G21350,AT2G21350:0.00143273
502475at3193,2,NA,NA,SORBI_3001G196200,SORBI_3001G196200:0.00206097,NA,NA,NA,NA,AT2G21350,AT2G21350:0.00143273
502475at33090,2,NA,NA,SORBI_3001G196200,SORBI_3001G196200:0.00206097,NA,NA,NA,NA,AT2G21350,AT2G21350:0.00143273
502986at33090,2,NA,NA,NA,NA,NA,NA,HORVU.MOREX.r3.4HG0333050,HORVU.MOREX.r3.4HG0333050:0.00145776,AT4G18160;AT5G46370,AT4G18160:0.000739818;AT5G46370:0.000599383
503361at33090,2,NA,NA,NA,NA,NA,NA,HORVU.MOREX.r3.2HG0126910,HORVU.MOREX.r3.2HG0126910:0.00278012,AT5G48650,AT5G48650:0.00169242
503925at2759,2,NA,NA,SORBI_3004G143475,SORBI_3004G143475:0.000859134,NA,NA,HORVU.MOREX.r3.6HG0586400,HORVU.MOREX.r3.6HG0586400:0.000108605,NA,NA
503925at3193,2,NA,NA,SORBI_3004G143475,SORBI_3004G143475:0.000859134,NA,NA,HORVU.MOREX.r3.6HG0586400,HORVU.MOREX.r3.6HG0586400:0.000108605,NA,NA
503925at33090,2,NA,NA,SORBI_3004G143475,SORBI_3004G143475:0.000859134,NA,NA,HORVU.MOREX.r3.6HG0586400,HORVU.MOREX.r3.6HG0586400:0.000108605,NA,NA
504760at2759,2,NA,NA,SORBI_3001G062700,SORBI_3001G062700:0.00146118,NA,NA,NA,NA,AT4G36240,AT4G36240:0.0018346
504760at3193,2,NA,NA,SORBI_3001G062700,SORBI_3001G062700:0.00146118,NA,NA,NA,NA,AT4G36240,AT4G36240:0.0018346
504760at33090,2,NA,NA,SORBI_3001G062700,SORBI_3001G062700:0.00146118,NA,NA,NA,NA,AT4G36240,AT4G36240:0.0018346
505527at2759,2,NA,NA,SORBI_3001G079100,SORBI_3001G079100:0.000476756,NA,NA,NA,NA,AT1G49520,AT1G49520:0.00121804
505527at3193,2,NA,NA,SORBI_3001G079100,SORBI_3001G079100:0.000476756,NA,NA,NA,NA,AT1G49520,AT1G49520:0.00121804
505527at33090,2,NA,NA,SORBI_3001G079100,SORBI_3001G079100:0.000476756,NA,NA,NA,NA,AT1G49520,AT1G49520:0.00121804
505918at2759,2,Zm00001eb427520,Zm00001eb427520:0.000718204,NA,NA,NA,NA,NA,NA,AT3G43630,AT3G43630:0.000344658
505918at33090,2,Zm00001eb427520,Zm00001eb427520:0.000718204,NA,NA,NA,NA,NA,NA,AT3G43630,AT3G43630:0.000344658
50967at38820,2,NA,NA,SORBI_3003G123200,SORBI_3003G123200:0.000224872,NA,NA,HORVU.MOREX.r3.3HG0255500,HORVU.MOREX.r3.3HG0255500:0.000246479,NA,NA
50967at4447,2,NA,NA,SORBI_3003G123200,SORBI_3003G123200:0.000224872,NA,NA,HORVU.MOREX.r3.3HG0255500,HORVU.MOREX.r3.3HG0255500:0.000246479,NA,NA
511633at2759,2,Zm00001eb380990,Zm00001eb380990:0.000400829,NA,NA,NA,NA,NA,NA,AT3G07650,AT3G07650:0.00182915
511633at3193,2,Zm00001eb380990,Zm00001eb380990:0.000400829,NA,NA,NA,NA,NA,NA,AT3G07650,AT3G07650:0.00182915
511633at33090,2,Zm00001eb380990,Zm00001eb380990:0.000400829,NA,NA,NA,NA,NA,NA,AT3G07650,AT3G07650:0.00182915
51182at38820,2,Zm00001eb320430,Zm00001eb320430:0.00109882,SORBI_3002G295100,SORBI_3002G295100:0.00245796,NA,NA,NA,NA,NA,NA
51327at38820,2,Zm00001eb363390,Zm00001eb363390:0.0037133,NA,NA,NA,NA,HORVU.MOREX.r3.3HG0314770,HORVU.MOREX.r3.3HG0314770:2.18094e-06,NA,NA
51327at4447,2,Zm00001eb363390,Zm00001eb363390:0.0037133,NA,NA,NA,NA,HORVU.MOREX.r3.3HG0314770,HORVU.MOREX.r3.3HG0314770:2.18094e-06,NA,NA
514219at3193,2,Zm00001eb328450,Zm00001eb328450:0.000340631,SORBI_3002G387200,SORBI_3002G387200:0.000986209,NA,NA,NA,NA,NA,NA
514219at33090,2,Zm00001eb328450,Zm00001eb328450:0.000340631,SORBI_3002G387200,SORBI_3002G387200:0.000986209,NA,NA,NA,NA,NA,NA
515665at2759,2,Zm00001eb108290,Zm00001eb108290:0.00148236,SORBI_3002G360500,SORBI_3002G360500:0.00208475,NA,NA,NA,NA,NA,NA
515665at3193,2,Zm00001eb108290,Zm00001eb108290:0.00148236,SORBI_3002G360500,SORBI_3002G360500:0.00208475,NA,NA,NA,NA,NA,NA
515665at33090,2,Zm00001eb108290,Zm00001eb108290:0.00148236,SORBI_3002G360500,SORBI_3002G360500:0.00208475,NA,NA,NA,NA,NA,NA
51608at38820,2,Zm00001eb104660,Zm00001eb104660:0.000854787,SORBI_3002G295700,SORBI_3002G295700:0.00245796,NA,NA,NA,NA,NA,NA
51608at4447,2,Zm00001eb104660,Zm00001eb104660:0.000854787,SORBI_3002G295700,SORBI_3002G295700:0.00245796,NA,NA,NA,NA,NA,NA
517397at33090,2,NA,NA,SORBI_3003G113800,SORBI_3003G113800:4.96091e-05,NA,NA,NA,NA,AT1G09840,AT1G09840:0.00106301
51896at4447,2,Zm00001eb220030,Zm00001eb220030:0.000379335,SORBI_3001G044100,SORBI_3001G044100:0.0033107,NA,NA,NA,NA,NA,NA
519790at3193,2,Zm00001eb020320,Zm00001eb020320:0.000619408,NA,NA,NA,NA,NA,NA,AT3G01050,AT3G01050:0.00122336
520992at2759,2,Zm00001eb107900,Zm00001eb107900:0.00117274,SORBI_3002G354600,SORBI_3002G354600:0.0013367,NA,NA,NA,NA,NA,NA
520992at3193,2,Zm00001eb107900,Zm00001eb107900:0.00117274,SORBI_3002G354600,SORBI_3002G354600:0.0013367,NA,NA,NA,NA,NA,NA
520992at33090,2,Zm00001eb107900,Zm00001eb107900:0.00117274,SORBI_3002G354600,SORBI_3002G354600:0.0013367,NA,NA,NA,NA,NA,NA
521813at2759,2,Zm00001eb315340,Zm00001eb315340:0.000222362,NA,NA,NA,NA,HORVU.MOREX.r3.3HG0274780,HORVU.MOREX.r3.3HG0274780:0.000103292,NA,NA
521813at33090,2,Zm00001eb315340,Zm00001eb315340:0.000222362,NA,NA,NA,NA,HORVU.MOREX.r3.3HG0274780,HORVU.MOREX.r3.3HG0274780:0.000103292,NA,NA
522703at33090,2,NA,NA,SORBI_3004G321100,SORBI_3004G321100:0.000472227,NA,NA,NA,NA,AT1G22620,AT1G22620:0.000901857
52412at38820,2,Zm00001eb104670,Zm00001eb104670:0.000854787,SORBI_3002G295800,SORBI_3002G295800:0.00245796,NA,NA,NA,NA,NA,NA
52412at4447,2,Zm00001eb104670,Zm00001eb104670:0.000854787,SORBI_3002G295800,SORBI_3002G295800:0.00245796,NA,NA,NA,NA,NA,NA
52553at38820,2,Zm00001eb058970,Zm00001eb058970:6.72187e-05,SORBI_3001G074400,SORBI_3001G074400:0.00228545,NA,NA,NA,NA,NA,NA
52553at4447,2,Zm00001eb058970,Zm00001eb058970:6.72187e-05,SORBI_3001G074400,SORBI_3001G074400:0.00228545,NA,NA,NA,NA,NA,NA
525560at2759,2,NA,NA,SORBI_3004G321100,SORBI_3004G321100:0.000472227,NA,NA,NA,NA,AT1G22620,AT1G22620:0.000901857
52815at38820,2,NA,NA,SORBI_3002G362400,SORBI_3002G362400:0.00335657,NA,NA,HORVU.MOREX.r3.5HG0525790,HORVU.MOREX.r3.5HG0525790:0.000159504,NA,NA
52815at4447,2,NA,NA,SORBI_3002G362400,SORBI_3002G362400:0.00335657,NA,NA,HORVU.MOREX.r3.5HG0525790,HORVU.MOREX.r3.5HG0525790:0.000159504,NA,NA
529044at3193,2,NA,NA,SORBI_3004G345500,SORBI_3004G345500:0.000402037,NA,NA,HORVU.MOREX.r3.6HG0629820,HORVU.MOREX.r3.6HG0629820:0.000825285,NA,NA
529047at3193,2,NA,NA,NA,NA,LOC_Os03g01460,LOC_Os03g01460:0.00126639,HORVU.MOREX.r3.2HG0217920,HORVU.MOREX.r3.2HG0217920:0.00211687,NA,NA
529079at3193,2,Zm00001eb376670,Zm00001eb376670:0.00118358,NA,NA,NA,NA,NA,NA,AT3G26340,AT3G26340:6.07853e-05
529197at2759,2,Zm00001eb376640;Zm00001eb415940,Zm00001eb376640:0.00118358;Zm00001eb415940:0.00375936,NA,NA,NA,NA,HORVU.MOREX.r3.4HG0385780,HORVU.MOREX.r3.4HG0385780:0.00255285,NA,NA
529197at33090,2,Zm00001eb376640;Zm00001eb415940,Zm00001eb376640:0.00118358;Zm00001eb415940:0.00375936,NA,NA,NA,NA,HORVU.MOREX.r3.4HG0385780,HORVU.MOREX.r3.4HG0385780:0.00255285,NA,NA
529373at3193,2,Zm00001eb243010,Zm00001eb243010:0.00309787,NA,NA,NA,NA,NA,NA,AT3G11630,AT3G11630:0.00180512
529720at33090,2,Zm00001eb399220,Zm00001eb399220:0.0038611,NA,NA,NA,NA,NA,NA,AT2G02010,AT2G02010:0.000923279
530301at2759,2,NA,NA,NA,NA,NA,NA,HORVU.MOREX.r3.1HG0004220,HORVU.MOREX.r3.1HG0004220:0.000593498,AT1G20850;AT3G19400,AT1G20850:0.000998557;AT3G19400:0.000608676
530301at3193,2,NA,NA,NA,NA,NA,NA,HORVU.MOREX.r3.1HG0004220,HORVU.MOREX.r3.1HG0004220:0.000593498,AT1G20850;AT3G19400,AT1G20850:0.000998557;AT3G19400:0.000608676
530301at33090,2,NA,NA,NA,NA,NA,NA,HORVU.MOREX.r3.1HG0004220,HORVU.MOREX.r3.1HG0004220:0.000593498,AT1G20850;AT3G19400,AT1G20850:0.000998557;AT3G19400:0.000608676
530447at33090,2,Zm00001eb144910,Zm00001eb144910:0.000214363,NA,NA,NA,NA,NA,NA,AT5G51830,AT5G51830:0.00137282
530461at2759,2,Zm00001eb231800,Zm00001eb231800:0.000249985,SORBI_3004G034500,SORBI_3004G034500:0.00103889,NA,NA,NA,NA,NA,NA
530461at3193,2,Zm00001eb231800,Zm00001eb231800:0.000249985,SORBI_3004G034500,SORBI_3004G034500:0.00103889,NA,NA,NA,NA,NA,NA
530461at33090,2,Zm00001eb231800,Zm00001eb231800:0.000249985,SORBI_3004G034500,SORBI_3004G034500:0.00103889,NA,NA,NA,NA,NA,NA
530678at3193,2,Zm00001eb067700;Zm00001eb296350,Zm00001eb067700:0.00447193;Zm00001eb296350:0.000910128,SORBI_3006G248400,SORBI_3006G248400:0.00142724,NA,NA,NA,NA,NA,NA
530678at33090,2,Zm00001eb067700;Zm00001eb296350,Zm00001eb067700:0.00447193;Zm00001eb296350:0.000910128,SORBI_3006G248400,SORBI_3006G248400:0.00142724,NA,NA,NA,NA,NA,NA
530847at3193,2,Zm00001eb231820,Zm00001eb231820:0.00271627,SORBI_3004G034700,SORBI_3004G034700:0.00103889,NA,NA,NA,NA,NA,NA
530872at3193,2,Zm00001eb377530,Zm00001eb377530:0.00188345,NA,NA,NA,NA,HORVU.MOREX.r3.7HG0648080,HORVU.MOREX.r3.7HG0648080:0.00293818,NA,NA
530872at33090,2,Zm00001eb377530,Zm00001eb377530:0.00188345,NA,NA,NA,NA,HORVU.MOREX.r3.7HG0648080,HORVU.MOREX.r3.7HG0648080:0.00293818,NA,NA
531009at2759,2,Zm00001eb402600,Zm00001eb402600:0.00425814,NA,NA,NA,NA,NA,NA,AT1G42430,AT1G42430:0.000413091
531009at3193,2,Zm00001eb402600,Zm00001eb402600:0.00425814,NA,NA,NA,NA,NA,NA,AT1G42430,AT1G42430:0.000413091
531009at33090,2,Zm00001eb402600,Zm00001eb402600:0.00425814,NA,NA,NA,NA,NA,NA,AT1G42430,AT1G42430:0.000413091
531173at2759,2,Zm00001eb248290,Zm00001eb248290:0.000120329,NA,NA,NA,NA,NA,NA,AT3G44300,AT3G44300:0.00186205
531243at2759,2,Zm00001eb216020,Zm00001eb216020:0.00282437,NA,NA,NA,NA,NA,NA,AT1G09570,AT1G09570:0.00197972
531540at33090,2,Zm00001eb043390,Zm00001eb043390:0.00235525,NA,NA,NA,NA,NA,NA,AT1G64650,AT1G64650:0.0018321
53191at4447,2,Zm00001eb432320,Zm00001eb432320:0.00403447,NA,NA,NA,NA,HORVU.MOREX.r3.7HG0751000,HORVU.MOREX.r3.7HG0751000:7.23038e-06,NA,NA
532119at3193,2,Zm00001eb157850,Zm00001eb157850:0.00016655,NA,NA,NA,NA,NA,NA,AT4G11150,AT4G11150:3.04353e-05
532119at33090,2,Zm00001eb157850,Zm00001eb157850:0.00016655,NA,NA,NA,NA,NA,NA,AT4G11150,AT4G11150:3.04353e-05
532175at3193,2,Zm00001eb293710,Zm00001eb293710:0.00262109,NA,NA,NA,NA,NA,NA,AT2G25740,AT2G25740:2.90934e-05
532431at33090,2,Zm00001eb055730,Zm00001eb055730:0.00406513,NA,NA,NA,NA,HORVU.MOREX.r3.4HG0338600,HORVU.MOREX.r3.4HG0338600:0.000484738,NA,NA
532611at3193,2,Zm00001eb107420,Zm00001eb107420:0.00258674,NA,NA,NA,NA,NA,NA,AT5G67520,AT5G67520:0.0016761
533082at3193,2,Zm00001eb146720;Zm00001eb407680,Zm00001eb146720:0.000502528;Zm00001eb407680:0.00108941,NA,NA,LOC_Os07g06670,LOC_Os07g06670:0.000288562,NA,NA,NA,NA
533640at3193,2,Zm00001eb110020,Zm00001eb110020:0.0013808,SORBI_3003G139500,SORBI_3003G139500:0.00336262,NA,NA,NA,NA,NA,NA
534216at33090,2,Zm00001eb191710,Zm00001eb191710:0.00370276,NA,NA,NA,NA,NA,NA,AT5G02270,AT5G02270:0.00121364
53422at38820,2,Zm00001eb074360,Zm00001eb074360:3.0598e-05,NA,NA,LOC_Os04g05560,LOC_Os04g05560:0.000654904,NA,NA,NA,NA
53422at4447,2,Zm00001eb074360,Zm00001eb074360:3.0598e-05,NA,NA,LOC_Os04g05560,LOC_Os04g05560:0.000654904,NA,NA,NA,NA
534297at2759,2,Zm00001eb006940,Zm00001eb006940:0.000895035,NA,NA,NA,NA,NA,NA,AT2G22290,AT2G22290:0.00156743
534671at2759,2,Zm00001eb009090,Zm00001eb009090:0.00253387,NA,NA,NA,NA,NA,NA,AT1G66200,AT1G66200:0.000589856
534751at3193,2,NA,NA,SORBI_3005G059600,SORBI_3005G059600:0.00270835,NA,NA,NA,NA,AT2G37160,AT2G37160:0.000270356
534751at33090,2,NA,NA,SORBI_3005G059600,SORBI_3005G059600:0.00270835,NA,NA,NA,NA,AT2G37160,AT2G37160:0.000270356
535679at3193,2,Zm00001eb079180;Zm00001eb365580,Zm00001eb079180:0.0039486;Zm00001eb365580:0.00419969,NA,NA,NA,NA,NA,NA,AT1G67600,AT1G67600:0.00177335
535743at2759,2,Zm00001eb296700;Zm00001eb303720,Zm00001eb296700:0.00193811;Zm00001eb303720:2.45987e-05,NA,NA,NA,NA,NA,NA,AT2G32060,AT2G32060:0.000656702
536006at3193,2,Zm00001eb368150,Zm00001eb368150:8.6038e-06,NA,NA,NA,NA,NA,NA,AT5G18520,AT5G18520:0.000945813
536470at33090,2,NA,NA,SORBI_3001G062900,SORBI_3001G062900:0.00146118,NA,NA,HORVU.MOREX.r3.3HG0287740,HORVU.MOREX.r3.3HG0287740:0.00235031,NA,NA
537511at3193,2,Zm00001eb375190,Zm00001eb375190:0.000563973,NA,NA,NA,NA,NA,NA,AT3G57050,AT3G57050:0.000268986
537511at33090,2,Zm00001eb375190,Zm00001eb375190:0.000563973,NA,NA,NA,NA,NA,NA,AT3G57050,AT3G57050:0.000268986
537715at3193,2,Zm00001eb361200,Zm00001eb361200:0.00256398,NA,NA,LOC_Os01g07080,LOC_Os01g07080:0.000655899,NA,NA,NA,NA
538611at3193,2,Zm00001eb157440,Zm00001eb157440:0.00354705,NA,NA,NA,NA,NA,NA,AT4G18260,AT4G18260:0.00185782
539051at3193,2,Zm00001eb118100,Zm00001eb118100:0.00250375,NA,NA,NA,NA,NA,NA,AT2G23080,AT2G23080:0.00160246
539135at2759,2,Zm00001eb081920,Zm00001eb081920:0.00452482,NA,NA,NA,NA,NA,NA,AT4G27900,AT4G27900:0.00096488
539135at3193,2,Zm00001eb081920,Zm00001eb081920:0.00452482,NA,NA,NA,NA,NA,NA,AT4G27900,AT4G27900:0.00096488
539135at33090,2,Zm00001eb081920,Zm00001eb081920:0.00452482,NA,NA,NA,NA,NA,NA,AT4G27900,AT4G27900:0.00096488
539997at3193,2,Zm00001eb091470,Zm00001eb091470:0.00450778,NA,NA,NA,NA,HORVU.MOREX.r3.2HG0193700,HORVU.MOREX.r3.2HG0193700:0.000902936,NA,NA
540112at3193,2,Zm00001eb290310,Zm00001eb290310:0.00243177,SORBI_3003G341600,SORBI_3003G341600:0.00117037,NA,NA,NA,NA,NA,NA
542308at3193,2,Zm00001eb231840,Zm00001eb231840:0.00300538,SORBI_3004G035000,SORBI_3004G035000:0.00190954,NA,NA,NA,NA,NA,NA
542308at33090,2,Zm00001eb231840,Zm00001eb231840:0.00300538,SORBI_3004G035000,SORBI_3004G035000:0.00190954,NA,NA,NA,NA,NA,NA
543280at2759,2,Zm00001eb433100,Zm00001eb433100:0.00225216,NA,NA,NA,NA,NA,NA,AT5G54670,AT5G54670:0.00198646
543394at33090,2,Zm00001eb368430,Zm00001eb368430:0.00211559,NA,NA,NA,NA,HORVU.MOREX.r3.3HG0303970,HORVU.MOREX.r3.3HG0303970:0.00109671,NA,NA
543849at2759,2,Zm00001eb228930,Zm00001eb228930:0.00160172,NA,NA,NA,NA,HORVU.MOREX.r3.7HG0749600,HORVU.MOREX.r3.7HG0749600:0.000291635,NA,NA
543849at3193,2,Zm00001eb228930,Zm00001eb228930:0.00160172,NA,NA,NA,NA,HORVU.MOREX.r3.7HG0749600,HORVU.MOREX.r3.7HG0749600:0.000291635,NA,NA
543849at33090,2,Zm00001eb228930,Zm00001eb228930:0.00160172,NA,NA,NA,NA,HORVU.MOREX.r3.7HG0749600,HORVU.MOREX.r3.7HG0749600:0.000291635,NA,NA
544966at2759,2,NA,NA,SORBI_3004G088400,SORBI_3004G088400:0.000571358,NA,NA,NA,NA,AT4G13350,AT4G13350:0.0014792
544966at3193,2,NA,NA,SORBI_3004G088400,SORBI_3004G088400:0.000571358,NA,NA,NA,NA,AT4G13350,AT4G13350:0.0014792
544966at33090,2,NA,NA,SORBI_3004G088400,SORBI_3004G088400:0.000571358,NA,NA,NA,NA,AT4G13350,AT4G13350:0.0014792
545862at3193,2,Zm00001eb100630,Zm00001eb100630:0.000256475,NA,NA,NA,NA,HORVU.MOREX.r3.7HG0674710,HORVU.MOREX.r3.7HG0674710:0.000161492,NA,NA
547429at3193,2,Zm00001eb063470;Zm00001eb351350,Zm00001eb063470:0.000112588;Zm00001eb351350:0.000723112,NA,NA,NA,NA,NA,NA,AT5G38830,AT5G38830:0.00191143
547429at33090,2,Zm00001eb063470;Zm00001eb351350,Zm00001eb063470:0.000112588;Zm00001eb351350:0.000723112,NA,NA,NA,NA,NA,NA,AT5G38830,AT5G38830:0.00191143
548343at3193,2,Zm00001eb051090,Zm00001eb051090:0.0019429,NA,NA,NA,NA,NA,NA,AT2G30580,AT2G30580:0.0015303
548343at33090,2,Zm00001eb051090,Zm00001eb051090:0.0019429,NA,NA,NA,NA,NA,NA,AT2G30580,AT2G30580:0.0015303
549717at3193,2,Zm00001eb367960,Zm00001eb367960:0.000161479,NA,NA,LOC_Os01g08410,LOC_Os01g08410:0.000631478,NA,NA,NA,NA
549717at33090,2,Zm00001eb367960,Zm00001eb367960:0.000161479,NA,NA,LOC_Os01g08410,LOC_Os01g08410:0.000631478,NA,NA,NA,NA
549779at2759,2,Zm00001eb152670,Zm00001eb152670:0.00171427,NA,NA,NA,NA,NA,NA,AT1G78430,AT1G78430:0.00177213
549779at3193,2,Zm00001eb152670,Zm00001eb152670:0.00171427,NA,NA,NA,NA,NA,NA,AT1G78430,AT1G78430:0.00177213
549779at33090,2,Zm00001eb152670,Zm00001eb152670:0.00171427,NA,NA,NA,NA,NA,NA,AT1G78430,AT1G78430:0.00177213
55154at38820,2,Zm00001eb126920,Zm00001eb126920:0.00300428,NA,NA,NA,NA,HORVU.MOREX.r3.3HG0231430,HORVU.MOREX.r3.3HG0231430:0.00226323,NA,NA
55154at4447,2,Zm00001eb126920,Zm00001eb126920:0.00300428,NA,NA,NA,NA,HORVU.MOREX.r3.3HG0231430,HORVU.MOREX.r3.3HG0231430:0.00226323,NA,NA
55163at38820,2,Zm00001eb229650,Zm00001eb229650:0.000149622,SORBI_3004G007800,SORBI_3004G007800:0.00187195,NA,NA,NA,NA,NA,NA
55228at38820,2,Zm00001eb212410,Zm00001eb212410:0.00424957,SORBI_3001G044000,SORBI_3001G044000:0.0033107,NA,NA,NA,NA,NA,NA
55228at4447,2,Zm00001eb212410,Zm00001eb212410:0.00424957,SORBI_3001G044000,SORBI_3001G044000:0.0033107,NA,NA,NA,NA,NA,NA
553734at33090,2,Zm00001eb365600,Zm00001eb365600:0.00413873,NA,NA,NA,NA,HORVU.MOREX.r3.3HG0319320,HORVU.MOREX.r3.3HG0319320:0.000634905,NA,NA
55512at38820,2,Zm00001eb163460,Zm00001eb163460:0.00135984,NA,NA,LOC_Os12g01330,LOC_Os12g01330:0.00138129,NA,NA,NA,NA
557378at3193,2,NA,NA,SORBI_3004G037100,SORBI_3004G037100:0.000918079,NA,NA,NA,NA,AT3G45130,AT3G45130:0.00111297
557378at33090,2,NA,NA,SORBI_3004G037100,SORBI_3004G037100:0.000918079,NA,NA,NA,NA,AT3G45130,AT3G45130:0.00111297
55763at38820,2,Zm00001eb375010,Zm00001eb375010:0.00436105,SORBI_3010G061800,SORBI_3010G061800:0.000863186,NA,NA,NA,NA,NA,NA
56047at38820,2,Zm00001eb355810,Zm00001eb355810:0.00451319,NA,NA,NA,NA,HORVU.MOREX.r3.1HG0005040,HORVU.MOREX.r3.1HG0005040:0.00216576,NA,NA
56047at4447,2,Zm00001eb355810,Zm00001eb355810:0.00451319,NA,NA,NA,NA,HORVU.MOREX.r3.1HG0005040,HORVU.MOREX.r3.1HG0005040:0.00216576,NA,NA
56121at38820,2,Zm00001eb328460,Zm00001eb328460:0.000340631,SORBI_3002G387300,SORBI_3002G387300:0.000986209,NA,NA,NA,NA,NA,NA
56121at4447,2,Zm00001eb328460,Zm00001eb328460:0.000340631,SORBI_3002G387300,SORBI_3002G387300:0.000986209,NA,NA,NA,NA,NA,NA
56552at38820,2,Zm00001eb222210,Zm00001eb222210:0.000945569,SORBI_3008G024200,SORBI_3008G024200:0.00208453,NA,NA,NA,NA,NA,NA
56552at4447,2,Zm00001eb222210,Zm00001eb222210:0.000945569,SORBI_3008G024200,SORBI_3008G024200:0.00208453,NA,NA,NA,NA,NA,NA
56904at38820,2,Zm00001eb330760,Zm00001eb330760:0.00398422,SORBI_3001G382700,SORBI_3001G382700:0.000360303,NA,NA,NA,NA,NA,NA
56904at4447,2,Zm00001eb330760,Zm00001eb330760:0.00398422,SORBI_3001G382700,SORBI_3001G382700:0.000360303,NA,NA,NA,NA,NA,NA
56907at38820,2,NA,NA,SORBI_3003G115800,SORBI_3003G115800:0.000928865,LOC_Os06g02250,LOC_Os06g02250:0.00150275,NA,NA,NA,NA
56907at4447,2,NA,NA,SORBI_3003G115800,SORBI_3003G115800:0.000928865,LOC_Os06g02250,LOC_Os06g02250:0.00150275,NA,NA,NA,NA
57465at4447,2,Zm00001eb147120;Zm00001eb305260;Zm00001eb305270,Zm00001eb147120:0.00310227;Zm00001eb305260:0.00413925;Zm00001eb305270:0.00413925,NA,NA,NA,NA,HORVU.MOREX.r3.3HG0303990,HORVU.MOREX.r3.3HG0303990:0.00109671,NA,NA
57526at38820,2,Zm00001eb367530,Zm00001eb367530:0.00276792,NA,NA,NA,NA,HORVU.MOREX.r3.2HG0107720,HORVU.MOREX.r3.2HG0107720:8.43698e-05,NA,NA
5754at38820,2,Zm00001eb400510,Zm00001eb400510:0.00360987,SORBI_3002G362000,SORBI_3002G362000:0.00335657,NA,NA,NA,NA,NA,NA
5754at4447,2,Zm00001eb400510,Zm00001eb400510:0.00360987,SORBI_3002G362000,SORBI_3002G362000:0.00335657,NA,NA,NA,NA,NA,NA
5756at38820,2,Zm00001eb231820,Zm00001eb231820:0.00271627,SORBI_3004G034700,SORBI_3004G034700:0.00103889,NA,NA,NA,NA,NA,NA
5756at4447,2,Zm00001eb231820,Zm00001eb231820:0.00271627,SORBI_3004G034700,SORBI_3004G034700:0.00103889,NA,NA,NA,NA,NA,NA
58029at33090,2,Zm00001eb214920,Zm00001eb214920:0.00191231,NA,NA,NA,NA,NA,NA,AT2G17530,AT2G17530:0.00187063
58179at38820,2,Zm00001eb167240,Zm00001eb167240:0.00332018,NA,NA,NA,NA,HORVU.MOREX.r3.7HG0647550,HORVU.MOREX.r3.7HG0647550:0.000135421,NA,NA
58179at4447,2,Zm00001eb167240,Zm00001eb167240:0.00332018,NA,NA,NA,NA,HORVU.MOREX.r3.7HG0647550,HORVU.MOREX.r3.7HG0647550:0.000135421,NA,NA
5824at38820,2,Zm00001eb074350;Zm00001eb429430,Zm00001eb074350:3.0598e-05;Zm00001eb429430:0.00382096,SORBI_3001G378700,SORBI_3001G378700:0.00285646,NA,NA,NA,NA,NA,NA
5824at4447,2,Zm00001eb074350;Zm00001eb429430,Zm00001eb074350:3.0598e-05;Zm00001eb429430:0.00382096,SORBI_3001G378700,SORBI_3001G378700:0.00285646,NA,NA,NA,NA,NA,NA
582755at2759,2,Zm00001eb284430,Zm00001eb284430:0.00345536,SORBI_3009G088600,SORBI_3009G088600:1.43083e-05,NA,NA,NA,NA,NA,NA
582755at3193,2,Zm00001eb284430,Zm00001eb284430:0.00345536,SORBI_3009G088600,SORBI_3009G088600:1.43083e-05,NA,NA,NA,NA,NA,NA
582755at33090,2,Zm00001eb284430,Zm00001eb284430:0.00345536,SORBI_3009G088600,SORBI_3009G088600:1.43083e-05,NA,NA,NA,NA,NA,NA
582829at3193,2,Zm00001eb219270,Zm00001eb219270:0.000241476,NA,NA,NA,NA,NA,NA,AT5G15650,AT5G15650:0.00153921
583084at2759,2,NA,NA,NA,NA,NA,NA,HORVU.MOREX.r3.4HG0412760,HORVU.MOREX.r3.4HG0412760:0.000908046,AT2G18196,AT2G18196:0.00185993
583084at3193,2,NA,NA,NA,NA,NA,NA,HORVU.MOREX.r3.4HG0412760,HORVU.MOREX.r3.4HG0412760:0.000908046,AT2G18196,AT2G18196:0.00185993
583084at33090,2,NA,NA,NA,NA,NA,NA,HORVU.MOREX.r3.4HG0412760,HORVU.MOREX.r3.4HG0412760:0.000908046,AT2G18196,AT2G18196:0.00185993
583934at3193,2,Zm00001eb294170,Zm00001eb294170:0.000363609,NA,NA,NA,NA,NA,NA,AT1G22740,AT1G22740:0.000692549
583934at33090,2,Zm00001eb294170,Zm00001eb294170:0.000363609,NA,NA,NA,NA,NA,NA,AT1G22740,AT1G22740:0.000692549
584116at3193,2,NA,NA,NA,NA,LOC_Os01g05870,LOC_Os01g05870:0.000392567,NA,NA,AT3G28710,AT3G28710:0.00193823
584116at33090,2,NA,NA,NA,NA,LOC_Os01g05870,LOC_Os01g05870:0.000392567,NA,NA,AT3G28710,AT3G28710:0.00193823
584406at2759,2,Zm00001eb434250,Zm00001eb434250:0.00149981,NA,NA,NA,NA,NA,NA,AT2G37320,AT2G37320:0.000638014
584406at3193,2,Zm00001eb434250,Zm00001eb434250:0.00149981,NA,NA,NA,NA,NA,NA,AT2G37320,AT2G37320:0.000638014
584406at33090,2,Zm00001eb434250,Zm00001eb434250:0.00149981,NA,NA,NA,NA,NA,NA,AT2G37320,AT2G37320:0.000638014
584499at2759,2,Zm00001eb126380;Zm00001eb191650,Zm00001eb126380:0.000601458;Zm00001eb191650:0.00304307,NA,NA,NA,NA,NA,NA,AT2G03240;AT3G23430,AT2G03240:0.00114261;AT3G23430:0.0012856
584709at2759,2,Zm00001eb360560,Zm00001eb360560:0.00319269,NA,NA,NA,NA,NA,NA,AT2G39410;AT2G39420,AT2G39410:0.00115661;AT2G39420:0.0012544
584895at2759,2,Zm00001eb345530,Zm00001eb345530:0.00119717,NA,NA,LOC_Os05g05950,LOC_Os05g05950:0.000952537,NA,NA,NA,NA
584895at3193,2,Zm00001eb345530,Zm00001eb345530:0.00119717,NA,NA,LOC_Os05g05950,LOC_Os05g05950:0.000952537,NA,NA,NA,NA
584895at33090,2,Zm00001eb345530,Zm00001eb345530:0.00119717,NA,NA,LOC_Os05g05950,LOC_Os05g05950:0.000952537,NA,NA,NA,NA
585142at3193,2,Zm00001eb083790,Zm00001eb083790:0.00263402,NA,NA,NA,NA,HORVU.MOREX.r3.4HG0413910,HORVU.MOREX.r3.4HG0413910:0.000176484,NA,NA
585142at33090,2,Zm00001eb083790,Zm00001eb083790:0.00263402,NA,NA,NA,NA,HORVU.MOREX.r3.4HG0413910,HORVU.MOREX.r3.4HG0413910:0.000176484,NA,NA
585672at3193,2,Zm00001eb009090,Zm00001eb009090:0.00253387,NA,NA,NA,NA,NA,NA,AT1G66200,AT1G66200:0.000589856
585883at3193,2,Zm00001eb291250;Zm00001eb352250,Zm00001eb291250:0.00394339;Zm00001eb352250:0.000195814,NA,NA,NA,NA,NA,NA,AT1G22200;AT1G36050,AT1G22200:0.000404159;AT1G36050:0.00168267
585883at33090,2,Zm00001eb291250;Zm00001eb352250,Zm00001eb291250:0.00394339;Zm00001eb352250:0.000195814,NA,NA,NA,NA,NA,NA,AT1G22200;AT1G36050,AT1G22200:0.000404159;AT1G36050:0.00168267
586011at3193,2,Zm00001eb064830,Zm00001eb064830:0.00195608,SORBI_3003G002700,SORBI_3003G002700:0.000908638,NA,NA,NA,NA,NA,NA
586133at2759,2,Zm00001eb272730,Zm00001eb272730:0.00392605,SORBI_3010G256500,SORBI_3010G256500:0.00171967,NA,NA,NA,NA,NA,NA
586133at3193,2,Zm00001eb272730,Zm00001eb272730:0.00392605,SORBI_3010G256500,SORBI_3010G256500:0.00171967,NA,NA,NA,NA,NA,NA
586133at33090,2,Zm00001eb272730,Zm00001eb272730:0.00392605,SORBI_3010G256500,SORBI_3010G256500:0.00171967,NA,NA,NA,NA,NA,NA
586368at3193,2,Zm00001eb375030,Zm00001eb375030:0.00436105,SORBI_3004G333600,SORBI_3004G333600:0.00160705,NA,NA,NA,NA,NA,NA
586368at33090,2,Zm00001eb375030,Zm00001eb375030:0.00436105,SORBI_3004G333600,SORBI_3004G333600:0.00160705,NA,NA,NA,NA,NA,NA
586569at3193,2,Zm00001eb356840,Zm00001eb356840:9.12825e-05,NA,NA,NA,NA,NA,NA,AT1G62710,AT1G62710:0.00195885
586569at33090,2,Zm00001eb356840,Zm00001eb356840:9.12825e-05,NA,NA,NA,NA,NA,NA,AT1G62710,AT1G62710:0.00195885
586662at2759,2,Zm00001eb376490,Zm00001eb376490:0.00367172,NA,NA,NA,NA,HORVU.MOREX.r3.7HG0653740,HORVU.MOREX.r3.7HG0653740:9.32661e-05,NA,NA
586662at33090,2,Zm00001eb376490,Zm00001eb376490:0.00367172,NA,NA,NA,NA,HORVU.MOREX.r3.7HG0653740,HORVU.MOREX.r3.7HG0653740:9.32661e-05,NA,NA
586837at3193,2,Zm00001eb410050,Zm00001eb410050:0.00253435,NA,NA,NA,NA,NA,NA,AT3G62110,AT3G62110:0.00104672
587169at3193,2,Zm00001eb330650,Zm00001eb330650:0.00366179,NA,NA,NA,NA,NA,NA,AT5G08380,AT5G08380:0.00080375
587307at3193,2,Zm00001eb186790,Zm00001eb186790:0.00452113,NA,NA,NA,NA,NA,NA,AT5G59880,AT5G59880:0.00137055
588055at2759,2,NA,NA,SORBI_3002G338400,SORBI_3002G338400:2.10207e-05,NA,NA,NA,NA,AT5G54240,AT5G54240:0.00203729
588055at3193,2,NA,NA,SORBI_3002G338400,SORBI_3002G338400:2.10207e-05,NA,NA,NA,NA,AT5G54240,AT5G54240:0.00203729
588055at33090,2,NA,NA,SORBI_3002G338400,SORBI_3002G338400:2.10207e-05,NA,NA,NA,NA,AT5G54240,AT5G54240:0.00203729
588412at33090,2,Zm00001eb090510,Zm00001eb090510:0.00314804,NA,NA,NA,NA,NA,NA,AT1G04990;AT5G63260,AT1G04990:0.000983263;AT5G63260:0.00146188
588513at2759,2,Zm00001eb050610;Zm00001eb244600;Zm00001eb405800;Zm00001eb405820,Zm00001eb050610:8.67742e-05;Zm00001eb244600:0.00120651;Zm00001eb405800:2.47129e-05;Zm00001eb405820:2.47129e-05,NA,NA,NA,NA,HORVU.MOREX.r3.5HG0483030,HORVU.MOREX.r3.5HG0483030:0.00140924,NA,NA
588513at33090,2,Zm00001eb050610;Zm00001eb244600;Zm00001eb405800;Zm00001eb405820,Zm00001eb050610:8.67742e-05;Zm00001eb244600:0.00120651;Zm00001eb405800:2.47129e-05;Zm00001eb405820:2.47129e-05,NA,NA,NA,NA,HORVU.MOREX.r3.5HG0483030,HORVU.MOREX.r3.5HG0483030:0.00140924,NA,NA
588632at33090,2,NA,NA,NA,NA,LOC_Os09g03750,LOC_Os09g03750:0.000700557,NA,NA,AT2G36530,AT2G36530:0.00201159
588659at3193,2,Zm00001eb302280,Zm00001eb302280:0.00110934,NA,NA,NA,NA,NA,NA,AT3G52190,AT3G52190:0.00200359
588659at33090,2,Zm00001eb302280,Zm00001eb302280:0.00110934,NA,NA,NA,NA,NA,NA,AT3G52190,AT3G52190:0.00200359
588921at2759,2,Zm00001eb425960,Zm00001eb425960:0.00260961,NA,NA,NA,NA,HORVU.MOREX.r3.6HG0593900,HORVU.MOREX.r3.6HG0593900:0.00066289,NA,NA
588921at3193,2,Zm00001eb425960,Zm00001eb425960:0.00260961,NA,NA,NA,NA,HORVU.MOREX.r3.6HG0593900,HORVU.MOREX.r3.6HG0593900:0.00066289,NA,NA
588921at33090,2,Zm00001eb425960,Zm00001eb425960:0.00260961,NA,NA,NA,NA,HORVU.MOREX.r3.6HG0593900,HORVU.MOREX.r3.6HG0593900:0.00066289,NA,NA
589116at3193,2,Zm00001eb053840,Zm00001eb053840:0.00417675,NA,NA,NA,NA,NA,NA,AT2G37210,AT2G37210:0.000655334
589301at3193,2,Zm00001eb226150,Zm00001eb226150:0.000156811,NA,NA,NA,NA,HORVU.MOREX.r3.7HG0730680,HORVU.MOREX.r3.7HG0730680:0.000858944,NA,NA
589301at33090,2,Zm00001eb226150,Zm00001eb226150:0.000156811,NA,NA,NA,NA,HORVU.MOREX.r3.7HG0730680,HORVU.MOREX.r3.7HG0730680:0.000858944,NA,NA
589309at2759,2,Zm00001eb020320,Zm00001eb020320:0.000619408,NA,NA,NA,NA,NA,NA,AT1G22050;AT3G01050,AT1G22050:0.00140983;AT3G01050:0.00122336
589309at33090,2,Zm00001eb020320,Zm00001eb020320:0.000619408,NA,NA,NA,NA,NA,NA,AT1G22050;AT3G01050,AT1G22050:0.00140983;AT3G01050:0.00122336
589442at2759,2,Zm00001eb414090,Zm00001eb414090:0.00378495,NA,NA,NA,NA,NA,NA,AT2G19160,AT2G19160:5.65199e-05
589442at3193,2,Zm00001eb414090,Zm00001eb414090:0.00378495,NA,NA,NA,NA,NA,NA,AT2G19160,AT2G19160:5.65199e-05
589442at33090,2,Zm00001eb414090,Zm00001eb414090:0.00378495,NA,NA,NA,NA,NA,NA,AT2G19160,AT2G19160:5.65199e-05
589805at2759,2,Zm00001eb402160,Zm00001eb402160:0.00207783,NA,NA,LOC_Os03g01720,LOC_Os03g01720:0.00135426,NA,NA,NA,NA
589805at3193,2,Zm00001eb402160,Zm00001eb402160:0.00207783,NA,NA,LOC_Os03g01720,LOC_Os03g01720:0.00135426,NA,NA,NA,NA
589805at33090,2,Zm00001eb402160,Zm00001eb402160:0.00207783,NA,NA,LOC_Os03g01720,LOC_Os03g01720:0.00135426,NA,NA,NA,NA
589915at3193,2,NA,NA,SORBI_3002G125000;SORBI_3002G125200;SORBI_3002G125300,SORBI_3002G125000:0.00291783;SORBI_3002G125200:0.00291783;SORBI_3002G125300:0.00291783,NA,NA,NA,NA,AT2G16850;AT2G37180,AT2G16850:0.00178635;AT2G37180:1.88166e-05
589952at3193,2,Zm00001eb045520,Zm00001eb045520:0.0020516,NA,NA,NA,NA,HORVU.MOREX.r3.3HG0229650,HORVU.MOREX.r3.3HG0229650:0.00253276,NA,NA
589973at2759,2,Zm00001eb426900,Zm00001eb426900:0.000603997,SORBI_3006G151600,SORBI_3006G151600:0.00149394,NA,NA,NA,NA,NA,NA
589973at3193,2,Zm00001eb426900,Zm00001eb426900:0.000603997,SORBI_3006G151600,SORBI_3006G151600:0.00149394,NA,NA,NA,NA,NA,NA
589973at33090,2,Zm00001eb426900,Zm00001eb426900:0.000603997,SORBI_3006G151600,SORBI_3006G151600:0.00149394,NA,NA,NA,NA,NA,NA
590346at2759,2,Zm00001eb224260,Zm00001eb224260:0.00246648,NA,NA,NA,NA,HORVU.MOREX.r3.2HG0097830;HORVU.MOREX.r3.2HG0097840;HORVU.MOREX.r3.2HG0097850,HORVU.MOREX.r3.2HG0097830:0.00236705;HORVU.MOREX.r3.2HG0097840:0.00236705;HORVU.MOREX.r3.2HG0097850:0.00236705,NA,NA
590346at3193,2,Zm00001eb224260,Zm00001eb224260:0.00246648,NA,NA,NA,NA,HORVU.MOREX.r3.2HG0097830;HORVU.MOREX.r3.2HG0097840;HORVU.MOREX.r3.2HG0097850,HORVU.MOREX.r3.2HG0097830:0.00236705;HORVU.MOREX.r3.2HG0097840:0.00236705;HORVU.MOREX.r3.2HG0097850:0.00236705,NA,NA
590346at33090,2,Zm00001eb224260,Zm00001eb224260:0.00246648,NA,NA,NA,NA,HORVU.MOREX.r3.2HG0097830;HORVU.MOREX.r3.2HG0097840;HORVU.MOREX.r3.2HG0097850,HORVU.MOREX.r3.2HG0097830:0.00236705;HORVU.MOREX.r3.2HG0097840:0.00236705;HORVU.MOREX.r3.2HG0097850:0.00236705,NA,NA
590539at2759,2,Zm00001eb002610;Zm00001eb390580;Zm00001eb402560,Zm00001eb002610:0.000793828;Zm00001eb390580:0.00309882;Zm00001eb402560:0.00425814,NA,NA,NA,NA,NA,NA,AT1G63500,AT1G63500:4.84244e-06
590539at33090,2,Zm00001eb002610;Zm00001eb390580;Zm00001eb402560,Zm00001eb002610:0.000793828;Zm00001eb390580:0.00309882;Zm00001eb402560:0.00425814,NA,NA,NA,NA,NA,NA,AT1G63500,AT1G63500:4.84244e-06
590791at3193,2,Zm00001eb389780,Zm00001eb389780:0.0015803,SORBI_3001G066300,SORBI_3001G066300:0.000536804,NA,NA,NA,NA,NA,NA
590888at3193,2,Zm00001eb030440;Zm00001eb247050,Zm00001eb030440:0.00190746;Zm00001eb247050:0.00370615,NA,NA,NA,NA,NA,NA,AT4G12440,AT4G12440:0.00167347
590888at33090,2,Zm00001eb030440;Zm00001eb247050,Zm00001eb030440:0.00190746;Zm00001eb247050:0.00370615,NA,NA,NA,NA,NA,NA,AT4G12440,AT4G12440:0.00167347
591222at2759,2,Zm00001eb108350,Zm00001eb108350:0.000219232,SORBI_3001G021700,SORBI_3001G021700:0.00153408,NA,NA,NA,NA,NA,NA
591222at3193,2,Zm00001eb108350,Zm00001eb108350:0.000219232,SORBI_3001G021700,SORBI_3001G021700:0.00153408,NA,NA,NA,NA,NA,NA
591222at33090,2,Zm00001eb108350,Zm00001eb108350:0.000219232,SORBI_3001G021700,SORBI_3001G021700:0.00153408,NA,NA,NA,NA,NA,NA
591574at3193,2,Zm00001eb016160,Zm00001eb016160:1.65944e-05,NA,NA,NA,NA,NA,NA,AT5G14880,AT5G14880:0.000156471
591574at33090,2,Zm00001eb016160,Zm00001eb016160:1.65944e-05,NA,NA,NA,NA,NA,NA,AT5G14880,AT5G14880:0.000156471
592322at2759,2,Zm00001eb277860;Zm00001eb376530,Zm00001eb277860:0.00115083;Zm00001eb376530:0.00367172,NA,NA,NA,NA,HORVU.MOREX.r3.7HG0653450,HORVU.MOREX.r3.7HG0653450:0.00321008,NA,NA
592322at3193,2,Zm00001eb277860;Zm00001eb376530,Zm00001eb277860:0.00115083;Zm00001eb376530:0.00367172,NA,NA,NA,NA,HORVU.MOREX.r3.7HG0653450,HORVU.MOREX.r3.7HG0653450:0.00321008,NA,NA
592322at33090,2,Zm00001eb277860;Zm00001eb376530,Zm00001eb277860:0.00115083;Zm00001eb376530:0.00367172,NA,NA,NA,NA,HORVU.MOREX.r3.7HG0653450,HORVU.MOREX.r3.7HG0653450:0.00321008,NA,NA
592437at3193,2,Zm00001eb231790,Zm00001eb231790:0.000249985,SORBI_3004G034400,SORBI_3004G034400:0.00103889,NA,NA,NA,NA,NA,NA
592437at33090,2,Zm00001eb231790,Zm00001eb231790:0.000249985,SORBI_3004G034400,SORBI_3004G034400:0.00103889,NA,NA,NA,NA,NA,NA
592507at3193,2,NA,NA,SORBI_3010G081900,SORBI_3010G081900:0.00278074,NA,NA,HORVU.MOREX.r3.6HG0619740,HORVU.MOREX.r3.6HG0619740:0.000874309,NA,NA
592507at33090,2,NA,NA,SORBI_3010G081900,SORBI_3010G081900:0.00278074,NA,NA,HORVU.MOREX.r3.6HG0619740,HORVU.MOREX.r3.6HG0619740:0.000874309,NA,NA
593329at2759,2,NA,NA,SORBI_3004G087100,SORBI_3004G087100:6.11672e-05,NA,NA,HORVU.MOREX.r3.3HG0240580;HORVU.MOREX.r3.6HG0553250,HORVU.MOREX.r3.3HG0240580:0.0011844;HORVU.MOREX.r3.6HG0553250:0.000850732,NA,NA
593899at3193,2,Zm00001eb067440,Zm00001eb067440:2.56534e-05,NA,NA,NA,NA,NA,NA,AT3G11270,AT3G11270:0.0019455
594121at2759,2,NA,NA,SORBI_3002G048800,SORBI_3002G048800:0.000569637,NA,NA,NA,NA,AT4G14830,AT4G14830:7.36028e-06
594121at3193,2,NA,NA,SORBI_3002G048800,SORBI_3002G048800:0.000569637,NA,NA,NA,NA,AT4G14830,AT4G14830:7.36028e-06
594121at33090,2,NA,NA,SORBI_3002G048800,SORBI_3002G048800:0.000569637,NA,NA,NA,NA,AT4G14830,AT4G14830:7.36028e-06
594370at2759,2,NA,NA,NA,NA,NA,NA,HORVU.MOREX.r3.3HG0255700,HORVU.MOREX.r3.3HG0255700:0.000535278,AT4G36850,AT4G36850:0.000158249
594370at3193,2,NA,NA,NA,NA,NA,NA,HORVU.MOREX.r3.3HG0255700,HORVU.MOREX.r3.3HG0255700:0.000535278,AT4G36850,AT4G36850:0.000158249
594370at33090,2,NA,NA,NA,NA,NA,NA,HORVU.MOREX.r3.3HG0255700,HORVU.MOREX.r3.3HG0255700:0.000535278,AT4G36850,AT4G36850:0.000158249
594515at3193,2,Zm00001eb121630,Zm00001eb121630:0.00148408,NA,NA,NA,NA,NA,NA,AT5G39890,AT5G39890:0.0011449
595076at3193,2,Zm00001eb376490,Zm00001eb376490:0.00367172,NA,NA,NA,NA,HORVU.MOREX.r3.7HG0653740,HORVU.MOREX.r3.7HG0653740:9.32661e-05,NA,NA
595333at2759,2,NA,NA,NA,NA,NA,NA,HORVU.MOREX.r3.5HG0427210;HORVU.MOREX.r3.7HG0687760;HORVU.MOREX.r3.7HG0750970,HORVU.MOREX.r3.5HG0427210:0.000519091;HORVU.MOREX.r3.7HG0687760:0.000111419;HORVU.MOREX.r3.7HG0750970:3.56713e-06,AT1G11670,AT1G11670:0.00152241
595664at3193,2,Zm00001eb250380,Zm00001eb250380:0.00191755,NA,NA,NA,NA,NA,NA,AT5G42000,AT5G42000:0.00070745
59588at4447,2,Zm00001eb320430;Zm00001eb432420,Zm00001eb320430:0.00109882;Zm00001eb432420:0.00136101,SORBI_3002G295100;SORBI_3007G088000,SORBI_3002G295100:0.00245796;SORBI_3007G088000:0.00294223,NA,NA,NA,NA,NA,NA
596318at3193,2,Zm00001eb249220,Zm00001eb249220:0.000874952,NA,NA,NA,NA,HORVU.MOREX.r3.3HG0228240;HORVU.MOREX.r3.3HG0228250,HORVU.MOREX.r3.3HG0228240:0.000746461;HORVU.MOREX.r3.3HG0228250:0.000746461,NA,NA
596625at3193,2,Zm00001eb145080;Zm00001eb328590,Zm00001eb145080:0.00144038;Zm00001eb328590:0.00388548,NA,NA,NA,NA,NA,NA,AT3G09410,AT3G09410:0.00134041
59697at38820,2,Zm00001eb108290,Zm00001eb108290:0.00148236,SORBI_3002G360500,SORBI_3002G360500:0.00208475,NA,NA,NA,NA,NA,NA
59697at4447,2,Zm00001eb108290,Zm00001eb108290:0.00148236,SORBI_3002G360500,SORBI_3002G360500:0.00208475,NA,NA,NA,NA,NA,NA
597263at2759,2,Zm00001eb402380,Zm00001eb402380:0.00352473,NA,NA,NA,NA,NA,NA,AT5G15740,AT5G15740:0.00154843
597263at3193,2,Zm00001eb402380,Zm00001eb402380:0.00352473,NA,NA,NA,NA,NA,NA,AT5G15740,AT5G15740:0.00154843
597263at33090,2,Zm00001eb402380,Zm00001eb402380:0.00352473,NA,NA,NA,NA,NA,NA,AT5G15740,AT5G15740:0.00154843
598143at3193,2,Zm00001eb251700,Zm00001eb251700:0.00167853,SORBI_3004G270200,SORBI_3004G270200:0.00261362,NA,NA,NA,NA,NA,NA
598457at3193,2,Zm00001eb366540,Zm00001eb366540:0.000150875,NA,NA,NA,NA,NA,NA,AT4G09460,AT4G09460:0.00130985
599299at2759,2,Zm00001eb403580,Zm00001eb403580:0.00232466,NA,NA,NA,NA,NA,NA,AT1G71930;AT5G66300,AT1G71930:0.00111419;AT5G66300:0.00191551
599299at3193,2,Zm00001eb403580,Zm00001eb403580:0.00232466,NA,NA,NA,NA,NA,NA,AT1G71930;AT5G66300,AT1G71930:0.00111419;AT5G66300:0.00191551
599299at33090,2,Zm00001eb403580,Zm00001eb403580:0.00232466,NA,NA,NA,NA,NA,NA,AT1G71930;AT5G66300,AT1G71930:0.00111419;AT5G66300:0.00191551
600223at3193,2,Zm00001eb197050,Zm00001eb197050:0.00349472,SORBI_3001G379600,SORBI_3001G379600:0.00152786,NA,NA,NA,NA,NA,NA
600612at2759,2,NA,NA,SORBI_3001G042800,SORBI_3001G042800:0.000844662,NA,NA,NA,NA,AT3G26690,AT3G26690:0.00128558
600612at33090,2,NA,NA,SORBI_3001G042800,SORBI_3001G042800:0.000844662,NA,NA,NA,NA,AT3G26690,AT3G26690:0.00128558
60061at38820,2,Zm00001eb222880,Zm00001eb222880:0.00452436,SORBI_3001G244600,SORBI_3001G244600:0.00309537,NA,NA,NA,NA,NA,NA
60061at4447,2,Zm00001eb222880,Zm00001eb222880:0.00452436,SORBI_3001G244600,SORBI_3001G244600:0.00309537,NA,NA,NA,NA,NA,NA
600647at3193,2,NA,NA,NA,NA,NA,NA,HORVU.MOREX.r3.3HG0276050,HORVU.MOREX.r3.3HG0276050:1.72714e-07,AT2G31960;AT5G13000,AT2G31960:3.31585e-05;AT5G13000:0.000758852
600787at2759,2,Zm00001eb070520,Zm00001eb070520:0.00108301,NA,NA,NA,NA,HORVU.MOREX.r3.5HG0515900,HORVU.MOREX.r3.5HG0515900:0.000746068,NA,NA
600787at3193,2,Zm00001eb070520,Zm00001eb070520:0.00108301,NA,NA,NA,NA,HORVU.MOREX.r3.5HG0515900,HORVU.MOREX.r3.5HG0515900:0.000746068,NA,NA
600787at33090,2,Zm00001eb070520,Zm00001eb070520:0.00108301,NA,NA,NA,NA,HORVU.MOREX.r3.5HG0515900,HORVU.MOREX.r3.5HG0515900:0.000746068,NA,NA
600910at3193,2,NA,NA,NA,NA,NA,NA,HORVU.MOREX.r3.1HG0068140;HORVU.MOREX.r3.3HG0294710,HORVU.MOREX.r3.1HG0068140:0.00174723;HORVU.MOREX.r3.3HG0294710:0.00128587,AT4G27130,AT4G27130:0.00151403
600930at3193,2,Zm00001eb399220,Zm00001eb399220:0.0038611,NA,NA,NA,NA,NA,NA,AT2G02010,AT2G02010:0.000923279
601051at2759,2,Zm00001eb289360,Zm00001eb289360:0.00165018,NA,NA,NA,NA,NA,NA,AT1G22610;AT3G57880;AT5G06850,AT1G22610:6.32088e-05;AT3G57880:0.00202597;AT5G06850:8.54605e-05
601051at3193,2,Zm00001eb289360,Zm00001eb289360:0.00165018,NA,NA,NA,NA,NA,NA,AT1G22610;AT3G57880;AT5G06850,AT1G22610:6.32088e-05;AT3G57880:0.00202597;AT5G06850:8.54605e-05
601051at33090,2,Zm00001eb289360,Zm00001eb289360:0.00165018,NA,NA,NA,NA,NA,NA,AT1G22610;AT3G57880;AT5G06850,AT1G22610:6.32088e-05;AT3G57880:0.00202597;AT5G06850:8.54605e-05
601600at3193,2,NA,NA,NA,NA,LOC_Os07g05810,LOC_Os07g05810:0.000412067,NA,NA,AT5G42420,AT5G42420:0.000917472
601655at3193,2,Zm00001eb109300;Zm00001eb300130,Zm00001eb109300:0.000896862;Zm00001eb300130:0.000502043,SORBI_3001G065600,SORBI_3001G065600:0.00231649,NA,NA,NA,NA,NA,NA
601784at3193,2,Zm00001eb319250,Zm00001eb319250:0.00062123,NA,NA,NA,NA,NA,NA,AT1G12780,AT1G12780:0.00182431
602138at3193,2,Zm00001eb312000,Zm00001eb312000:0.000873226,NA,NA,NA,NA,NA,NA,AT2G01850,AT2G01850:0.00195429
602398at2759,2,Zm00001eb338920,Zm00001eb338920:0.00186428,SORBI_3003G012900,SORBI_3003G012900:0.00189565,NA,NA,NA,NA,NA,NA
602398at3193,2,Zm00001eb338920,Zm00001eb338920:0.00186428,SORBI_3003G012900,SORBI_3003G012900:0.00189565,NA,NA,NA,NA,NA,NA
602398at33090,2,Zm00001eb338920,Zm00001eb338920:0.00186428,SORBI_3003G012900,SORBI_3003G012900:0.00189565,NA,NA,NA,NA,NA,NA
603076at2759,2,NA,NA,SORBI_3010G064700,SORBI_3010G064700:0.00250385,NA,NA,HORVU.MOREX.r3.7HG0658780,HORVU.MOREX.r3.7HG0658780:0.0015124,NA,NA
603076at3193,2,NA,NA,SORBI_3010G064700,SORBI_3010G064700:0.00250385,NA,NA,HORVU.MOREX.r3.7HG0658780,HORVU.MOREX.r3.7HG0658780:0.0015124,NA,NA
603076at33090,2,NA,NA,SORBI_3010G064700,SORBI_3010G064700:0.00250385,NA,NA,HORVU.MOREX.r3.7HG0658780,HORVU.MOREX.r3.7HG0658780:0.0015124,NA,NA
603177at3193,2,Zm00001eb050630,Zm00001eb050630:0.00203133,SORBI_3003G022600,SORBI_3003G022600:0.00138159,NA,NA,NA,NA,NA,NA
603399at2759,2,NA,NA,SORBI_3001G328500,SORBI_3001G328500:0.00301936,NA,NA,NA,NA,AT5G67420,AT5G67420:0.00154828
603399at3193,2,NA,NA,SORBI_3001G328500,SORBI_3001G328500:0.00301936,NA,NA,NA,NA,AT5G67420,AT5G67420:0.00154828
603399at33090,2,NA,NA,SORBI_3001G328500,SORBI_3001G328500:0.00301936,NA,NA,NA,NA,AT5G67420,AT5G67420:0.00154828
603459at2759,2,Zm00001eb210620,Zm00001eb210620:0.00190937,NA,NA,NA,NA,HORVU.MOREX.r3.7HG0750650,HORVU.MOREX.r3.7HG0750650:0.00102463,NA,NA
603459at3193,2,Zm00001eb210620,Zm00001eb210620:0.00190937,NA,NA,NA,NA,HORVU.MOREX.r3.7HG0750650,HORVU.MOREX.r3.7HG0750650:0.00102463,NA,NA
603459at33090,2,Zm00001eb210620,Zm00001eb210620:0.00190937,NA,NA,NA,NA,HORVU.MOREX.r3.7HG0750650,HORVU.MOREX.r3.7HG0750650:0.00102463,NA,NA
603557at2759,2,Zm00001eb226220,Zm00001eb226220:0.000131524,NA,NA,NA,NA,NA,NA,AT2G24490,AT2G24490:0.00157472
604416at2759,2,NA,NA,NA,NA,NA,NA,HORVU.MOREX.r3.2HG0114460,HORVU.MOREX.r3.2HG0114460:0.00280391,AT5G07500,AT5G07500:0.00193933
604416at3193,2,NA,NA,NA,NA,NA,NA,HORVU.MOREX.r3.2HG0114460,HORVU.MOREX.r3.2HG0114460:0.00280391,AT5G07500,AT5G07500:0.00193933
604416at33090,2,NA,NA,NA,NA,NA,NA,HORVU.MOREX.r3.2HG0114460,HORVU.MOREX.r3.2HG0114460:0.00280391,AT5G07500,AT5G07500:0.00193933
604634at3193,2,NA,NA,SORBI_3009G135500,SORBI_3009G135500:0.000999838,NA,NA,NA,NA,AT4G15560,AT4G15560:0.000804794
604634at33090,2,NA,NA,SORBI_3009G135500,SORBI_3009G135500:0.000999838,NA,NA,NA,NA,AT4G15560,AT4G15560:0.000804794
604726at3193,2,Zm00001eb280090,Zm00001eb280090:0.0014512,NA,NA,NA,NA,NA,NA,AT3G48160,AT3G48160:0.000190745
605123at3193,2,Zm00001eb293530,Zm00001eb293530:0.000850157,NA,NA,NA,NA,NA,NA,AT4G26270,AT4G26270:0.000892128
605123at33090,2,Zm00001eb293530,Zm00001eb293530:0.000850157,NA,NA,NA,NA,NA,NA,AT4G26270,AT4G26270:0.000892128
605928at2759,2,Zm00001eb214950,Zm00001eb214950:0.000662569,SORBI_3004G344901,SORBI_3004G344901:0.000402037,NA,NA,NA,NA,NA,NA
605928at3193,2,Zm00001eb214950,Zm00001eb214950:0.000662569,SORBI_3004G344901,SORBI_3004G344901:0.000402037,NA,NA,NA,NA,NA,NA
605928at33090,2,Zm00001eb214950,Zm00001eb214950:0.000662569,SORBI_3004G344901,SORBI_3004G344901:0.000402037,NA,NA,NA,NA,NA,NA
605955at3193,2,Zm00001eb401400,Zm00001eb401400:0.00348864,NA,NA,NA,NA,HORVU.MOREX.r3.5HG0471130,HORVU.MOREX.r3.5HG0471130:0.00199881,NA,NA
60637at38820,2,Zm00001eb102560,Zm00001eb102560:0.00341907,NA,NA,NA,NA,HORVU.MOREX.r3.5HG0494850,HORVU.MOREX.r3.5HG0494850:0.000690188,NA,NA
60637at4447,2,Zm00001eb102560,Zm00001eb102560:0.00341907,NA,NA,NA,NA,HORVU.MOREX.r3.5HG0494850,HORVU.MOREX.r3.5HG0494850:0.000690188,NA,NA
606674at3193,2,NA,NA,NA,NA,NA,NA,HORVU.MOREX.r3.7HG0675190,HORVU.MOREX.r3.7HG0675190:0.000391707,AT2G04750;AT5G35700,AT2G04750:0.00192253;AT5G35700:0.00114328
606820at3193,2,Zm00001eb199540,Zm00001eb199540:0.000797241,NA,NA,LOC_Os08g05000,LOC_Os08g05000:0.00149371,NA,NA,NA,NA
60703at38820,2,Zm00001eb039590,Zm00001eb039590:0.00310492,NA,NA,NA,NA,HORVU.MOREX.r3.4HG0332500;HORVU.MOREX.r3.4HG0332520;HORVU.MOREX.r3.4HG0332600,HORVU.MOREX.r3.4HG0332500:0.00310241;HORVU.MOREX.r3.4HG0332520:0.00310241;HORVU.MOREX.r3.4HG0332600:0.000524574,NA,NA
60703at4447,2,Zm00001eb039590,Zm00001eb039590:0.00310492,NA,NA,NA,NA,HORVU.MOREX.r3.4HG0332500;HORVU.MOREX.r3.4HG0332520;HORVU.MOREX.r3.4HG0332600,HORVU.MOREX.r3.4HG0332500:0.00310241;HORVU.MOREX.r3.4HG0332520:0.00310241;HORVU.MOREX.r3.4HG0332600:0.000524574,NA,NA
607186at2759,2,Zm00001eb119580,Zm00001eb119580:0.003753,SORBI_3003G013100,SORBI_3003G013100:0.00189565,NA,NA,NA,NA,NA,NA
607186at3193,2,Zm00001eb119580,Zm00001eb119580:0.003753,SORBI_3003G013100,SORBI_3003G013100:0.00189565,NA,NA,NA,NA,NA,NA
607186at33090,2,Zm00001eb119580,Zm00001eb119580:0.003753,SORBI_3003G013100,SORBI_3003G013100:0.00189565,NA,NA,NA,NA,NA,NA
607550at3193,2,Zm00001eb216690,Zm00001eb216690:0.00110846,NA,NA,NA,NA,HORVU.MOREX.r3.4HG0336430,HORVU.MOREX.r3.4HG0336430:0.00104404,NA,NA
607550at33090,2,Zm00001eb216690,Zm00001eb216690:0.00110846,NA,NA,NA,NA,HORVU.MOREX.r3.4HG0336430,HORVU.MOREX.r3.4HG0336430:0.00104404,NA,NA
607576at3193,2,Zm00001eb197410,Zm00001eb197410:0.00184041,NA,NA,NA,NA,NA,NA,AT5G38410;AT5G38430,AT5G38410:0.000124657;AT5G38430:0.00144254
607576at33090,2,Zm00001eb197410,Zm00001eb197410:0.00184041,NA,NA,NA,NA,NA,NA,AT5G38410;AT5G38430,AT5G38410:0.000124657;AT5G38430:0.00144254
607645at2759,2,Zm00001eb067660,Zm00001eb067660:0.00447193,SORBI_3006G248700,SORBI_3006G248700:0.00142724,NA,NA,NA,NA,NA,NA
607645at3193,2,Zm00001eb067660,Zm00001eb067660:0.00447193,SORBI_3006G248700,SORBI_3006G248700:0.00142724,NA,NA,NA,NA,NA,NA
607645at33090,2,Zm00001eb067660,Zm00001eb067660:0.00447193,SORBI_3006G248700,SORBI_3006G248700:0.00142724,NA,NA,NA,NA,NA,NA
608019at33090,2,NA,NA,NA,NA,NA,NA,HORVU.MOREX.r3.4HG0408810;HORVU.MOREX.r3.4HG0411330,HORVU.MOREX.r3.4HG0408810:0.00132411;HORVU.MOREX.r3.4HG0411330:0.00108018,AT2G38940;AT5G43350,AT2G38940:0.000869571;AT5G43350:0.000835592
608201at2759,2,Zm00001eb284840,Zm00001eb284840:0.00260047,NA,NA,NA,NA,NA,NA,AT3G59110;AT5G18500,AT3G59110:0.00107095;AT5G18500:0.000372837
608201at3193,2,Zm00001eb284840,Zm00001eb284840:0.00260047,NA,NA,NA,NA,NA,NA,AT3G59110;AT5G18500,AT3G59110:0.00107095;AT5G18500:0.000372837
608201at33090,2,Zm00001eb284840,Zm00001eb284840:0.00260047,NA,NA,NA,NA,NA,NA,AT3G59110;AT5G18500,AT3G59110:0.00107095;AT5G18500:0.000372837
608547at3193,2,Zm00001eb187240,Zm00001eb187240:0.000394643,NA,NA,NA,NA,NA,NA,AT4G01320,AT4G01320:0.00160083
608547at33090,2,Zm00001eb187240,Zm00001eb187240:0.000394643,NA,NA,NA,NA,NA,NA,AT4G01320,AT4G01320:0.00160083
609171at3193,2,Zm00001eb213010,Zm00001eb213010:0.000582644,SORBI_3008G119501,SORBI_3008G119501:0.00285357,NA,NA,NA,NA,NA,NA
609171at33090,2,Zm00001eb213010,Zm00001eb213010:0.000582644,SORBI_3008G119501,SORBI_3008G119501:0.00285357,NA,NA,NA,NA,NA,NA
609631at2759,2,Zm00001eb058760;Zm00001eb117900,Zm00001eb058760:0.00398865;Zm00001eb117900:0.00231564,SORBI_3001G076400,SORBI_3001G076400:0.00129588,NA,NA,NA,NA,NA,NA
609631at3193,2,Zm00001eb058760;Zm00001eb117900,Zm00001eb058760:0.00398865;Zm00001eb117900:0.00231564,SORBI_3001G076400,SORBI_3001G076400:0.00129588,NA,NA,NA,NA,NA,NA
609631at33090,2,Zm00001eb058760;Zm00001eb117900,Zm00001eb058760:0.00398865;Zm00001eb117900:0.00231564,SORBI_3001G076400,SORBI_3001G076400:0.00129588,NA,NA,NA,NA,NA,NA
609699at2759,2,NA,NA,SORBI_3001G033200,SORBI_3001G033200:0.00280014,NA,NA,NA,NA,AT1G07520,AT1G07520:0.0013181
609699at3193,2,NA,NA,SORBI_3001G033200,SORBI_3001G033200:0.00280014,NA,NA,NA,NA,AT1G07520,AT1G07520:0.0013181
609699at33090,2,NA,NA,SORBI_3001G033200,SORBI_3001G033200:0.00280014,NA,NA,NA,NA,AT1G07520,AT1G07520:0.0013181
609912at3193,2,Zm00001eb102550,Zm00001eb102550:0.00341907,NA,NA,NA,NA,HORVU.MOREX.r3.5HG0494840,HORVU.MOREX.r3.5HG0494840:0.000690188,NA,NA
609944at3193,2,NA,NA,NA,NA,NA,NA,HORVU.MOREX.r3.4HG0332540,HORVU.MOREX.r3.4HG0332540:0.00310241,AT3G52880,AT3G52880:0.00186716
610150at2759,2,NA,NA,NA,NA,NA,NA,HORVU.MOREX.r3.4HG0334060,HORVU.MOREX.r3.4HG0334060:0.000417802,AT4G33700,AT4G33700:0.00156718
610150at3193,2,NA,NA,NA,NA,NA,NA,HORVU.MOREX.r3.4HG0334060,HORVU.MOREX.r3.4HG0334060:0.000417802,AT4G33700,AT4G33700:0.00156718
610150at33090,2,NA,NA,NA,NA,NA,NA,HORVU.MOREX.r3.4HG0334060,HORVU.MOREX.r3.4HG0334060:0.000417802,AT4G33700,AT4G33700:0.00156718
610498at3193,2,Zm00001eb114790,Zm00001eb114790:0.00031777,NA,NA,NA,NA,NA,NA,AT4G36390,AT4G36390:0.00187638
610498at33090,2,Zm00001eb114790,Zm00001eb114790:0.00031777,NA,NA,NA,NA,NA,NA,AT4G36390,AT4G36390:0.00187638
611162at3193,2,Zm00001eb218320,Zm00001eb218320:0.00355481,NA,NA,NA,NA,HORVU.MOREX.r3.4HG0333100,HORVU.MOREX.r3.4HG0333100:3.93042e-05,NA,NA
611162at33090,2,Zm00001eb218320,Zm00001eb218320:0.00355481,NA,NA,NA,NA,HORVU.MOREX.r3.4HG0333100,HORVU.MOREX.r3.4HG0333100:3.93042e-05,NA,NA
611692at33090,2,Zm00001eb421880,Zm00001eb421880:0.00134496,NA,NA,LOC_Os12g01510,LOC_Os12g01510:0.00142093,NA,NA,NA,NA
6116at38820,2,Zm00001eb386550,Zm00001eb386550:0.00261203,NA,NA,LOC_Os09g02580,LOC_Os09g02580:0.0013309,NA,NA,NA,NA
6116at4447,2,Zm00001eb386550,Zm00001eb386550:0.00261203,NA,NA,LOC_Os09g02580,LOC_Os09g02580:0.0013309,NA,NA,NA,NA
611908at2759,2,Zm00001eb324240;Zm00001eb357740,Zm00001eb324240:0.00447297;Zm00001eb357740:0.00170027,NA,NA,NA,NA,NA,NA,AT2G05070,AT2G05070:0.0011886
611908at3193,2,Zm00001eb324240;Zm00001eb357740,Zm00001eb324240:0.00447297;Zm00001eb357740:0.00170027,NA,NA,NA,NA,NA,NA,AT2G05070,AT2G05070:0.0011886
611908at33090,2,Zm00001eb324240;Zm00001eb357740,Zm00001eb324240:0.00447297;Zm00001eb357740:0.00170027,NA,NA,NA,NA,NA,NA,AT2G05070,AT2G05070:0.0011886
611946at2759,2,Zm00001eb039720,Zm00001eb039720:0.00145338,NA,NA,NA,NA,NA,NA,AT3G11750,AT3G11750:0.00150738
611946at33090,2,Zm00001eb039720,Zm00001eb039720:0.00145338,NA,NA,NA,NA,NA,NA,AT3G11750,AT3G11750:0.00150738
612043at33090,2,NA,NA,NA,NA,NA,NA,HORVU.MOREX.r3.5HG0484810;HORVU.MOREX.r3.7HG0648840,HORVU.MOREX.r3.5HG0484810:0.000215643;HORVU.MOREX.r3.7HG0648840:0.000410909,AT1G23090,AT1G23090:0.00120254
612172at2759,2,NA,NA,SORBI_3004G300300,SORBI_3004G300300:0.00278953,NA,NA,NA,NA,AT3G61890,AT3G61890:0.00192753
612172at3193,2,NA,NA,SORBI_3004G300300,SORBI_3004G300300:0.00278953,NA,NA,NA,NA,AT3G61890,AT3G61890:0.00192753
612172at33090,2,NA,NA,SORBI_3004G300300,SORBI_3004G300300:0.00278953,NA,NA,NA,NA,AT3G61890,AT3G61890:0.00192753
613147at3193,2,Zm00001eb334390,Zm00001eb334390:0.00175319,NA,NA,NA,NA,NA,NA,AT3G42830,AT3G42830:0.00197526
613245at2759,2,Zm00001eb005700,Zm00001eb005700:0.00169093,NA,NA,NA,NA,NA,NA,AT5G15640,AT5G15640:0.000350655
613245at33090,2,Zm00001eb005700,Zm00001eb005700:0.00169093,NA,NA,NA,NA,NA,NA,AT5G15640,AT5G15640:0.000350655
613289at2759,2,Zm00001eb319470,Zm00001eb319470:0.00288273,NA,NA,NA,NA,NA,NA,AT5G43700,AT5G43700:0.00175065
613289at3193,2,Zm00001eb319470,Zm00001eb319470:0.00288273,NA,NA,NA,NA,NA,NA,AT5G43700,AT5G43700:0.00175065
613289at33090,2,Zm00001eb319470,Zm00001eb319470:0.00288273,NA,NA,NA,NA,NA,NA,AT5G43700,AT5G43700:0.00175065
613341at2759,2,Zm00001eb280200;Zm00001eb315060,Zm00001eb280200:0.00242493;Zm00001eb315060:0.00413065,SORBI_3002G224800;SORBI_3002G224900,SORBI_3002G224800:0.00186282;SORBI_3002G224900:0.00186282,NA,NA,NA,NA,NA,NA
613341at3193,2,Zm00001eb280200;Zm00001eb315060,Zm00001eb280200:0.00242493;Zm00001eb315060:0.00413065,SORBI_3002G224800;SORBI_3002G224900,SORBI_3002G224800:0.00186282;SORBI_3002G224900:0.00186282,NA,NA,NA,NA,NA,NA
613341at33090,2,Zm00001eb280200;Zm00001eb315060,Zm00001eb280200:0.00242493;Zm00001eb315060:0.00413065,SORBI_3002G224800;SORBI_3002G224900,SORBI_3002G224800:0.00186282;SORBI_3002G224900:0.00186282,NA,NA,NA,NA,NA,NA
613833at2759,2,NA,NA,SORBI_3004G003401,SORBI_3004G003401:0.00336801,NA,NA,HORVU.MOREX.r3.6HG0540780,HORVU.MOREX.r3.6HG0540780:0.00217974,NA,NA
613833at3193,2,NA,NA,SORBI_3004G003401,SORBI_3004G003401:0.00336801,NA,NA,HORVU.MOREX.r3.6HG0540780,HORVU.MOREX.r3.6HG0540780:0.00217974,NA,NA
613833at33090,2,NA,NA,SORBI_3004G003401,SORBI_3004G003401:0.00336801,NA,NA,HORVU.MOREX.r3.6HG0540780,HORVU.MOREX.r3.6HG0540780:0.00217974,NA,NA
614117at3193,2,Zm00001eb117920;Zm00001eb193680,Zm00001eb117920:0.00231564;Zm00001eb193680:0.00394279,SORBI_3010G082100;SORBI_3010G082300,SORBI_3010G082100:0.00205156;SORBI_3010G082300:0.00205156,NA,NA,NA,NA,NA,NA
615304at2759,2,NA,NA,NA,NA,LOC_Os08g05240,LOC_Os08g05240:0.00118741,NA,NA,AT2G18770,AT2G18770:0.00105663
615304at3193,2,NA,NA,NA,NA,LOC_Os08g05240,LOC_Os08g05240:0.00118741,NA,NA,AT2G18770,AT2G18770:0.00105663
615304at33090,2,NA,NA,NA,NA,LOC_Os08g05240,LOC_Os08g05240:0.00118741,NA,NA,AT2G18770,AT2G18770:0.00105663
615363at3193,2,NA,NA,SORBI_3001G033000,SORBI_3001G033000:0.00280014,NA,NA,HORVU.MOREX.r3.5HG0526750,HORVU.MOREX.r3.5HG0526750:0.00106859,NA,NA
615367at3193,2,NA,NA,NA,NA,NA,NA,HORVU.MOREX.r3.7HG0752890,HORVU.MOREX.r3.7HG0752890:0.00141628,AT1G10900,AT1G10900:0.00108167
615552at2759,2,NA,NA,NA,NA,NA,NA,HORVU.MOREX.r3.3HG0219660,HORVU.MOREX.r3.3HG0219660:0.00147469,AT2G18740,AT2G18740:0.00105663
61622at38820,2,NA,NA,SORBI_3003G309600,SORBI_3003G309600:7.38465e-06,NA,NA,HORVU.MOREX.r3.7HG0653830,HORVU.MOREX.r3.7HG0653830:0.000735,NA,NA
61622at4447,2,NA,NA,SORBI_3003G309600,SORBI_3003G309600:7.38465e-06,NA,NA,HORVU.MOREX.r3.7HG0653830,HORVU.MOREX.r3.7HG0653830:0.000735,NA,NA
61653at38820,2,Zm00001eb073360;Zm00001eb206740,Zm00001eb073360:0.00246715;Zm00001eb206740:0.000375561,NA,NA,NA,NA,HORVU.MOREX.r3.6HG0568510,HORVU.MOREX.r3.6HG0568510:0.000656906,NA,NA
61653at4447,2,Zm00001eb073360;Zm00001eb206740,Zm00001eb073360:0.00246715;Zm00001eb206740:0.000375561,NA,NA,NA,NA,HORVU.MOREX.r3.6HG0568510,HORVU.MOREX.r3.6HG0568510:0.000656906,NA,NA
616648at2759,2,NA,NA,NA,NA,LOC_Os01g09520,LOC_Os01g09520:0.00141929,HORVU.MOREX.r3.3HG0320720;HORVU.MOREX.r3.3HG0320740,HORVU.MOREX.r3.3HG0320720:0.00312113;HORVU.MOREX.r3.3HG0320740:0.00312113,NA,NA
616648at3193,2,NA,NA,NA,NA,LOC_Os01g09520,LOC_Os01g09520:0.00141929,HORVU.MOREX.r3.3HG0320720;HORVU.MOREX.r3.3HG0320740,HORVU.MOREX.r3.3HG0320720:0.00312113;HORVU.MOREX.r3.3HG0320740:0.00312113,NA,NA
616648at33090,2,NA,NA,NA,NA,LOC_Os01g09520,LOC_Os01g09520:0.00141929,HORVU.MOREX.r3.3HG0320720;HORVU.MOREX.r3.3HG0320740,HORVU.MOREX.r3.3HG0320720:0.00312113;HORVU.MOREX.r3.3HG0320740:0.00312113,NA,NA
616758at33090,2,Zm00001eb121630,Zm00001eb121630:0.00148408,NA,NA,NA,NA,NA,NA,AT5G39890,AT5G39890:0.0011449
616803at33090,2,Zm00001eb118100,Zm00001eb118100:0.00250375,NA,NA,NA,NA,NA,NA,AT2G23080,AT2G23080:0.00160246
616823at33090,2,Zm00001eb097120,Zm00001eb097120:0.00134146,NA,NA,NA,NA,NA,NA,AT5G67330,AT5G67330:0.000282117
616886at3193,2,Zm00001eb151190,Zm00001eb151190:0.000642734,NA,NA,NA,NA,HORVU.MOREX.r3.1HG0067930,HORVU.MOREX.r3.1HG0067930:0.00176581,NA,NA
617031at3193,2,Zm00001eb375040,Zm00001eb375040:0.00436105,SORBI_3004G333900,SORBI_3004G333900:0.00160705,NA,NA,NA,NA,NA,NA
617104at2759,2,Zm00001eb291260;Zm00001eb352260,Zm00001eb291260:0.00394339;Zm00001eb352260:0.000195814,SORBI_3003G225000;SORBI_3003G309900,SORBI_3003G225000:6.89305e-05;SORBI_3003G309900:7.38465e-06,NA,NA,NA,NA,NA,NA
617104at3193,2,Zm00001eb291260;Zm00001eb352260,Zm00001eb291260:0.00394339;Zm00001eb352260:0.000195814,SORBI_3003G225000;SORBI_3003G309900,SORBI_3003G225000:6.89305e-05;SORBI_3003G309900:7.38465e-06,NA,NA,NA,NA,NA,NA
617104at33090,2,Zm00001eb291260;Zm00001eb352260,Zm00001eb291260:0.00394339;Zm00001eb352260:0.000195814,SORBI_3003G225000;SORBI_3003G309900,SORBI_3003G225000:6.89305e-05;SORBI_3003G309900:7.38465e-06,NA,NA,NA,NA,NA,NA
617537at2759,2,Zm00001eb003540,Zm00001eb003540:0.00225991,NA,NA,NA,NA,HORVU.MOREX.r3.6HG0629220,HORVU.MOREX.r3.6HG0629220:0.00136409,NA,NA
617537at3193,2,Zm00001eb003540,Zm00001eb003540:0.00225991,NA,NA,NA,NA,HORVU.MOREX.r3.6HG0629220,HORVU.MOREX.r3.6HG0629220:0.00136409,NA,NA
617537at33090,2,Zm00001eb003540,Zm00001eb003540:0.00225991,NA,NA,NA,NA,HORVU.MOREX.r3.6HG0629220,HORVU.MOREX.r3.6HG0629220:0.00136409,NA,NA
61755at4447,2,Zm00001eb291890,Zm00001eb291890:0.00400718,NA,NA,NA,NA,HORVU.MOREX.r3.1HG0067910,HORVU.MOREX.r3.1HG0067910:0.00176581,NA,NA
618357at2759,2,NA,NA,NA,NA,NA,NA,HORVU.MOREX.r3.4HG0334050,HORVU.MOREX.r3.4HG0334050:0.000417802,AT1G69450,AT1G69450:6.8569e-05
618357at3193,2,NA,NA,NA,NA,NA,NA,HORVU.MOREX.r3.4HG0334050,HORVU.MOREX.r3.4HG0334050:0.000417802,AT1G69450,AT1G69450:6.8569e-05
618357at33090,2,NA,NA,NA,NA,NA,NA,HORVU.MOREX.r3.4HG0334050,HORVU.MOREX.r3.4HG0334050:0.000417802,AT1G69450,AT1G69450:6.8569e-05
618706at3193,2,NA,NA,SORBI_3006G131000,SORBI_3006G131000:0.000794148,NA,NA,NA,NA,AT1G05890,AT1G05890:0.0015463
618909at3193,2,Zm00001eb146710,Zm00001eb146710:0.000502528,NA,NA,NA,NA,NA,NA,AT5G41040,AT5G41040:0.00152163
619131at3193,2,Zm00001eb214970,Zm00001eb214970:0.00180836,SORBI_3002G049200,SORBI_3002G049200:0.000569637,NA,NA,NA,NA,NA,NA
619172at3193,2,Zm00001eb249020,Zm00001eb249020:0.00306125,SORBI_3004G299700,SORBI_3004G299700:0.00278953,NA,NA,NA,NA,NA,NA
619276at2759,2,Zm00001eb377350,Zm00001eb377350:0.00197826,SORBI_3004G088100;SORBI_3010G180400,SORBI_3004G088100:0.000571358;SORBI_3010G180400:0.00124911,NA,NA,NA,NA,NA,NA
619276at33090,2,Zm00001eb377350,Zm00001eb377350:0.00197826,SORBI_3004G088100;SORBI_3010G180400,SORBI_3004G088100:0.000571358;SORBI_3010G180400:0.00124911,NA,NA,NA,NA,NA,NA
619502at33090,2,Zm00001eb247690,Zm00001eb247690:0.000908812,NA,NA,NA,NA,NA,NA,AT4G30560,AT4G30560:2.83657e-05
619630at2759,2,Zm00001eb396880,Zm00001eb396880:0.00409536,NA,NA,NA,NA,NA,NA,AT5G58520,AT5G58520:0.00170069
619630at3193,2,Zm00001eb396880,Zm00001eb396880:0.00409536,NA,NA,NA,NA,NA,NA,AT5G58520,AT5G58520:0.00170069
619630at33090,2,Zm00001eb396880,Zm00001eb396880:0.00409536,NA,NA,NA,NA,NA,NA,AT5G58520,AT5G58520:0.00170069
619657at3193,2,Zm00001eb020330,Zm00001eb020330:0.000619408,NA,NA,NA,NA,HORVU.MOREX.r3.6HG0568470,HORVU.MOREX.r3.6HG0568470:0.00150234,NA,NA
619657at33090,2,Zm00001eb020330,Zm00001eb020330:0.000619408,NA,NA,NA,NA,HORVU.MOREX.r3.6HG0568470,HORVU.MOREX.r3.6HG0568470:0.00150234,NA,NA
61990at38820,2,Zm00001eb018360,Zm00001eb018360:0.00206025,SORBI_3001G356500,SORBI_3001G356500:0.000766523,NA,NA,NA,NA,NA,NA
61990at4447,2,Zm00001eb018360,Zm00001eb018360:0.00206025,SORBI_3001G356500,SORBI_3001G356500:0.000766523,NA,NA,NA,NA,NA,NA
620126at2759,2,Zm00001eb330810;Zm00001eb405650,Zm00001eb330810:0.00237063;Zm00001eb405650:0.000377636,NA,NA,LOC_Os03g03300,LOC_Os03g03300:0.00114998,NA,NA,NA,NA
620126at3193,2,Zm00001eb330810;Zm00001eb405650,Zm00001eb330810:0.00237063;Zm00001eb405650:0.000377636,NA,NA,LOC_Os03g03300,LOC_Os03g03300:0.00114998,NA,NA,NA,NA
620126at33090,2,Zm00001eb330810;Zm00001eb405650,Zm00001eb330810:0.00237063;Zm00001eb405650:0.000377636,NA,NA,LOC_Os03g03300,LOC_Os03g03300:0.00114998,NA,NA,NA,NA
620449at33090,2,Zm00001eb244590,Zm00001eb244590:0.00120651,NA,NA,NA,NA,NA,NA,AT1G11650;AT1G49600,AT1G11650:0.00155799;AT1G49600:0.0018354
621148at3193,2,NA,NA,NA,NA,NA,NA,HORVU.MOREX.r3.4HG0409900,HORVU.MOREX.r3.4HG0409900:0.000637472,AT5G23690,AT5G23690:0.000325209
621567at2759,2,Zm00001eb215560,Zm00001eb215560:0.00268193,SORBI_3005G150900,SORBI_3005G150900:0.00108449,NA,NA,NA,NA,NA,NA
621567at3193,2,Zm00001eb215560,Zm00001eb215560:0.00268193,SORBI_3005G150900,SORBI_3005G150900:0.00108449,NA,NA,NA,NA,NA,NA
621567at33090,2,Zm00001eb215560,Zm00001eb215560:0.00268193,SORBI_3005G150900,SORBI_3005G150900:0.00108449,NA,NA,NA,NA,NA,NA
621814at33090,2,NA,NA,SORBI_3006G131000,SORBI_3006G131000:0.000794148,NA,NA,NA,NA,AT1G05890,AT1G05890:0.0015463
621821at33090,2,Zm00001eb120610,Zm00001eb120610:0.0027873,NA,NA,NA,NA,NA,NA,AT3G24040,AT3G24040:0.00160345
622339at3193,2,Zm00001eb315040,Zm00001eb315040:0.00413065,NA,NA,LOC_Os09g04600,LOC_Os09g04600:0.000765061,NA,NA,NA,NA
622674at2759,2,NA,NA,SORBI_3004G033200,SORBI_3004G033200:0.000971273,NA,NA,NA,NA,AT5G11810,AT5G11810:0.00113279
622674at3193,2,NA,NA,SORBI_3004G033200,SORBI_3004G033200:0.000971273,NA,NA,NA,NA,AT5G11810,AT5G11810:0.00113279
622674at33090,2,NA,NA,SORBI_3004G033200,SORBI_3004G033200:0.000971273,NA,NA,NA,NA,AT5G11810,AT5G11810:0.00113279
622801at3193,2,Zm00001eb365600,Zm00001eb365600:0.00413873,NA,NA,NA,NA,HORVU.MOREX.r3.3HG0319320,HORVU.MOREX.r3.3HG0319320:0.000634905,NA,NA
622812at2759,2,Zm00001eb393060,Zm00001eb393060:0.000280482,NA,NA,NA,NA,NA,NA,AT1G49740,AT1G49740:0.000795218
622812at3193,2,Zm00001eb393060,Zm00001eb393060:0.000280482,NA,NA,NA,NA,NA,NA,AT1G49740,AT1G49740:0.000795218
622812at33090,2,Zm00001eb393060,Zm00001eb393060:0.000280482,NA,NA,NA,NA,NA,NA,AT1G49740,AT1G49740:0.000795218
623124at3193,2,Zm00001eb257930,Zm00001eb257930:0.000814953,NA,NA,NA,NA,NA,NA,AT5G35160,AT5G35160:0.00130097
623124at33090,2,Zm00001eb257930,Zm00001eb257930:0.000814953,NA,NA,NA,NA,NA,NA,AT5G35160,AT5G35160:0.00130097
623129at3193,2,Zm00001eb193090,Zm00001eb193090:0.000710272,SORBI_3004G319600,SORBI_3004G319600:0.000165494,NA,NA,NA,NA,NA,NA
623204at2759,2,Zm00001eb405620,Zm00001eb405620:0.000377636,NA,NA,NA,NA,HORVU.MOREX.r3.7HG0651330,HORVU.MOREX.r3.7HG0651330:3.65352e-05,NA,NA
623204at3193,2,Zm00001eb405620,Zm00001eb405620:0.000377636,NA,NA,NA,NA,HORVU.MOREX.r3.7HG0651330,HORVU.MOREX.r3.7HG0651330:3.65352e-05,NA,NA
623204at33090,2,Zm00001eb405620,Zm00001eb405620:0.000377636,NA,NA,NA,NA,HORVU.MOREX.r3.7HG0651330,HORVU.MOREX.r3.7HG0651330:3.65352e-05,NA,NA
623441at2759,2,Zm00001eb122470;Zm00001eb161780;Zm00001eb161790;Zm00001eb310230;Zm00001eb322880,Zm00001eb122470:0.0002937;Zm00001eb161780:0.00335743;Zm00001eb161790:0.00335743;Zm00001eb310230:0.00259645;Zm00001eb322880:0.00359392,NA,NA,LOC_Os01g06090,LOC_Os01g06090:0.000161981,NA,NA,NA,NA
623441at3193,2,Zm00001eb122470;Zm00001eb161780;Zm00001eb161790;Zm00001eb310230;Zm00001eb322880,Zm00001eb122470:0.0002937;Zm00001eb161780:0.00335743;Zm00001eb161790:0.00335743;Zm00001eb310230:0.00259645;Zm00001eb322880:0.00359392,NA,NA,LOC_Os01g06090,LOC_Os01g06090:0.000161981,NA,NA,NA,NA
623441at33090,2,Zm00001eb122470;Zm00001eb161780;Zm00001eb161790;Zm00001eb310230;Zm00001eb322880,Zm00001eb122470:0.0002937;Zm00001eb161780:0.00335743;Zm00001eb161790:0.00335743;Zm00001eb310230:0.00259645;Zm00001eb322880:0.00359392,NA,NA,LOC_Os01g06090,LOC_Os01g06090:0.000161981,NA,NA,NA,NA
624213at3193,2,Zm00001eb015940;Zm00001eb330750,Zm00001eb015940:3.28967e-05;Zm00001eb330750:0.00398422,SORBI_3001G382200,SORBI_3001G382200:0.000360303,NA,NA,NA,NA,NA,NA
6242at3193,2,NA,NA,NA,NA,LOC_Os07g02080,LOC_Os07g02080:0.00133535,NA,NA,AT2G39590,AT2G39590:3.63107e-05
624924at33090,2,Zm00001eb402930,Zm00001eb402930:0.00163499,NA,NA,NA,NA,NA,NA,AT2G32750,AT2G32750:0.000296801
625016at2759,2,Zm00001eb327750,Zm00001eb327750:0.00349479,NA,NA,NA,NA,HORVU.MOREX.r3.5HG0487790,HORVU.MOREX.r3.5HG0487790:0.00209954,NA,NA
625016at3193,2,Zm00001eb327750,Zm00001eb327750:0.00349479,NA,NA,NA,NA,HORVU.MOREX.r3.5HG0487790,HORVU.MOREX.r3.5HG0487790:0.00209954,NA,NA
625016at33090,2,Zm00001eb327750,Zm00001eb327750:0.00349479,NA,NA,NA,NA,HORVU.MOREX.r3.5HG0487790,HORVU.MOREX.r3.5HG0487790:0.00209954,NA,NA
625046at2759,2,Zm00001eb367530,Zm00001eb367530:0.00276792,NA,NA,NA,NA,HORVU.MOREX.r3.2HG0107720,HORVU.MOREX.r3.2HG0107720:8.43698e-05,NA,NA
625046at3193,2,Zm00001eb367530,Zm00001eb367530:0.00276792,NA,NA,NA,NA,HORVU.MOREX.r3.2HG0107720,HORVU.MOREX.r3.2HG0107720:8.43698e-05,NA,NA
625046at33090,2,Zm00001eb367530,Zm00001eb367530:0.00276792,NA,NA,NA,NA,HORVU.MOREX.r3.2HG0107720,HORVU.MOREX.r3.2HG0107720:8.43698e-05,NA,NA
625256at3193,2,NA,NA,NA,NA,NA,NA,HORVU.MOREX.r3.7HG0636750,HORVU.MOREX.r3.7HG0636750:0.00215388,AT3G53010,AT3G53010:0.00165356
62556at2759,2,NA,NA,NA,NA,NA,NA,HORVU.MOREX.r3.7HG0750690,HORVU.MOREX.r3.7HG0750690:0.000395352,AT2G17450,AT2G17450:0.00135675
62556at3193,2,NA,NA,NA,NA,NA,NA,HORVU.MOREX.r3.7HG0750690,HORVU.MOREX.r3.7HG0750690:0.000395352,AT2G17450,AT2G17450:0.00135675
62556at33090,2,NA,NA,NA,NA,NA,NA,HORVU.MOREX.r3.7HG0750690,HORVU.MOREX.r3.7HG0750690:0.000395352,AT2G17450,AT2G17450:0.00135675
625677at3193,2,Zm00001eb348660,Zm00001eb348660:0.00262203,NA,NA,NA,NA,HORVU.MOREX.r3.1HG0075570,HORVU.MOREX.r3.1HG0075570:0.000985393,NA,NA
625738at3193,2,Zm00001eb067730,Zm00001eb067730:0.00318966,NA,NA,NA,NA,NA,NA,AT4G30170;AT4G37520,AT4G30170:0.000459692;AT4G37520:0.00109189
625738at33090,2,Zm00001eb067730,Zm00001eb067730:0.00318966,NA,NA,NA,NA,NA,NA,AT2G34060;AT4G30170;AT4G37520;AT5G40150,AT2G34060:0.000831095;AT4G30170:0.000459692;AT4G37520:0.00109189;AT5G40150:0.00111712
626205at33090,2,Zm00001eb291160,Zm00001eb291160:0.000106539,SORBI_3003G333800,SORBI_3003G333800:0.00314808,NA,NA,NA,NA,NA,NA
626260at2759,2,Zm00001eb403030,Zm00001eb403030:0.00304809,SORBI_3001G261700;SORBI_3004G348800,SORBI_3001G261700:0.0031008;SORBI_3004G348800:0.00119591,NA,NA,NA,NA,NA,NA
626260at3193,2,Zm00001eb403030,Zm00001eb403030:0.00304809,SORBI_3001G261700;SORBI_3004G348800,SORBI_3001G261700:0.0031008;SORBI_3004G348800:0.00119591,NA,NA,NA,NA,NA,NA
626260at33090,2,Zm00001eb403030,Zm00001eb403030:0.00304809,SORBI_3001G261700;SORBI_3004G348800,SORBI_3001G261700:0.0031008;SORBI_3004G348800:0.00119591,NA,NA,NA,NA,NA,NA
626283at2759,2,Zm00001eb111630,Zm00001eb111630:0.00400124,NA,NA,NA,NA,NA,NA,AT3G23590,AT3G23590:0.000402738
626283at3193,2,Zm00001eb111630,Zm00001eb111630:0.00400124,NA,NA,NA,NA,NA,NA,AT3G23590,AT3G23590:0.000402738
626283at33090,2,Zm00001eb111630,Zm00001eb111630:0.00400124,NA,NA,NA,NA,NA,NA,AT3G23590,AT3G23590:0.000402738
627054at33090,2,Zm00001eb249220,Zm00001eb249220:0.000874952,NA,NA,NA,NA,HORVU.MOREX.r3.3HG0228240;HORVU.MOREX.r3.3HG0228250,HORVU.MOREX.r3.3HG0228240:0.000746461;HORVU.MOREX.r3.3HG0228250:0.000746461,NA,NA
627580at2759,2,Zm00001eb134710,Zm00001eb134710:0.000327231,NA,NA,NA,NA,HORVU.MOREX.r3.5HG0484470,HORVU.MOREX.r3.5HG0484470:0.000540804,NA,NA
627580at3193,2,Zm00001eb134710,Zm00001eb134710:0.000327231,NA,NA,NA,NA,HORVU.MOREX.r3.5HG0484470,HORVU.MOREX.r3.5HG0484470:0.000540804,NA,NA
627580at33090,2,Zm00001eb134710,Zm00001eb134710:0.000327231,NA,NA,NA,NA,HORVU.MOREX.r3.5HG0484470,HORVU.MOREX.r3.5HG0484470:0.000540804,NA,NA
627696at3193,2,Zm00001eb031800,Zm00001eb031800:0.00389114,NA,NA,NA,NA,HORVU.MOREX.r3.5HG0475780,HORVU.MOREX.r3.5HG0475780:0.0004623,NA,NA
627696at33090,2,Zm00001eb031800,Zm00001eb031800:0.00389114,NA,NA,NA,NA,HORVU.MOREX.r3.5HG0475780,HORVU.MOREX.r3.5HG0475780:0.0004623,NA,NA
627709at2759,2,Zm00001eb058360,Zm00001eb058360:0.000331992,SORBI_3001G079600,SORBI_3001G079600:0.000476756,NA,NA,NA,NA,NA,NA
627709at3193,2,Zm00001eb058360,Zm00001eb058360:0.000331992,SORBI_3001G079600,SORBI_3001G079600:0.000476756,NA,NA,NA,NA,NA,NA
627709at33090,2,Zm00001eb058360,Zm00001eb058360:0.000331992,SORBI_3001G079600,SORBI_3001G079600:0.000476756,NA,NA,NA,NA,NA,NA
627735at2759,2,Zm00001eb231860,Zm00001eb231860:0.00300538,SORBI_3004G035300,SORBI_3004G035300:0.00190954,NA,NA,NA,NA,NA,NA
627735at3193,2,Zm00001eb231860,Zm00001eb231860:0.00300538,SORBI_3004G035300,SORBI_3004G035300:0.00190954,NA,NA,NA,NA,NA,NA
627735at33090,2,Zm00001eb231860,Zm00001eb231860:0.00300538,SORBI_3004G035300,SORBI_3004G035300:0.00190954,NA,NA,NA,NA,NA,NA
627948at2759,2,NA,NA,SORBI_3007G035300;SORBI_3007G035500,SORBI_3007G035300:8.87367e-05;SORBI_3007G035500:8.87367e-05,NA,NA,HORVU.MOREX.r3.2HG0205310,HORVU.MOREX.r3.2HG0205310:0.00145913,NA,NA
627948at3193,2,NA,NA,SORBI_3007G035300;SORBI_3007G035500,SORBI_3007G035300:8.87367e-05;SORBI_3007G035500:8.87367e-05,NA,NA,HORVU.MOREX.r3.2HG0205310,HORVU.MOREX.r3.2HG0205310:0.00145913,NA,NA
627948at33090,2,NA,NA,SORBI_3007G035300;SORBI_3007G035500,SORBI_3007G035300:8.87367e-05;SORBI_3007G035500:8.87367e-05,NA,NA,HORVU.MOREX.r3.2HG0205310,HORVU.MOREX.r3.2HG0205310:0.00145913,NA,NA
628011at3193,2,NA,NA,SORBI_3004G088450,SORBI_3004G088450:0.000571358,NA,NA,HORVU.MOREX.r3.7HG0648880,HORVU.MOREX.r3.7HG0648880:0.00214811,NA,NA
628273at33090,2,Zm00001eb165010;Zm00001eb293700,Zm00001eb165010:0.00107963;Zm00001eb293700:0.00262109,NA,NA,NA,NA,NA,NA,AT3G17060,AT3G17060:0.000263744
628419at2759,2,Zm00001eb394470,Zm00001eb394470:0.00124417,NA,NA,NA,NA,NA,NA,AT1G09920,AT1G09920:0.00089126
628419at3193,2,Zm00001eb394470,Zm00001eb394470:0.00124417,NA,NA,NA,NA,NA,NA,AT1G09920,AT1G09920:0.00089126
628419at33090,2,Zm00001eb394470,Zm00001eb394470:0.00124417,NA,NA,NA,NA,NA,NA,AT1G09920,AT1G09920:0.00089126
62844at3193,2,Zm00001eb214320,Zm00001eb214320:0.00202346,NA,NA,NA,NA,NA,NA,AT4G33920,AT4G33920:0.00125902
629477at3193,2,NA,NA,SORBI_3001G196600;SORBI_3001G196700,SORBI_3001G196600:0.00232225;SORBI_3001G196700:0.00232225,NA,NA,HORVU.MOREX.r3.1HG0049770,HORVU.MOREX.r3.1HG0049770:0.000171053,NA,NA
629477at33090,2,NA,NA,SORBI_3001G196600;SORBI_3001G196700,SORBI_3001G196600:0.00232225;SORBI_3001G196700:0.00232225,NA,NA,HORVU.MOREX.r3.1HG0049770,HORVU.MOREX.r3.1HG0049770:0.000171053,NA,NA
629555at3193,2,Zm00001eb289920;Zm00001eb351610,Zm00001eb289920:0.000490776;Zm00001eb351610:0.00417231,NA,NA,NA,NA,NA,NA,AT2G37290,AT2G37290:0.00164203
629555at33090,2,Zm00001eb289920;Zm00001eb351610,Zm00001eb289920:0.000490776;Zm00001eb351610:0.00417231,NA,NA,NA,NA,NA,NA,AT2G37290,AT2G37290:0.00164203
62999at38820,2,Zm00001eb160160,Zm00001eb160160:8.74501e-05,NA,NA,NA,NA,HORVU.MOREX.r3.3HG0267220,HORVU.MOREX.r3.3HG0267220:0.000886836,NA,NA
62999at4447,2,Zm00001eb160160,Zm00001eb160160:8.74501e-05,NA,NA,NA,NA,HORVU.MOREX.r3.3HG0267220,HORVU.MOREX.r3.3HG0267220:0.000886836,NA,NA
63003at38820,2,Zm00001eb328560,Zm00001eb328560:4.06014e-05,SORBI_3002G388400,SORBI_3002G388400:0.00335164,NA,NA,NA,NA,NA,NA
63003at4447,2,Zm00001eb328560,Zm00001eb328560:4.06014e-05,SORBI_3002G388400,SORBI_3002G388400:0.00335164,NA,NA,NA,NA,NA,NA
630225at33090,2,Zm00001eb247420,Zm00001eb247420:0.00204998,NA,NA,NA,NA,NA,NA,AT4G28703,AT4G28703:0.00113813
630255at3193,2,Zm00001eb182940;Zm00001eb414790,Zm00001eb182940:0.00100692;Zm00001eb414790:0.000457756,NA,NA,NA,NA,NA,NA,AT1G34210;AT4G33430,AT1G34210:4.4467e-05;AT4G33430:0.00129708
630301at3193,2,Zm00001eb214870,Zm00001eb214870:0.00191231,NA,NA,NA,NA,HORVU.MOREX.r3.5HG0510700,HORVU.MOREX.r3.5HG0510700:0.00165765,NA,NA
630559at3193,2,Zm00001eb006940,Zm00001eb006940:0.000895035,NA,NA,NA,NA,NA,NA,AT2G22290,AT2G22290:0.00156743
630947at2759,2,Zm00001eb422410,Zm00001eb422410:8.42894e-05,NA,NA,NA,NA,HORVU.MOREX.r3.3HG0254950,HORVU.MOREX.r3.3HG0254950:0.002079,NA,NA
631390at3193,2,Zm00001eb192230;Zm00001eb258010,Zm00001eb192230:0.00103308;Zm00001eb258010:0.00140369,SORBI_3010G180700,SORBI_3010G180700:0.00124911,NA,NA,NA,NA,NA,NA
631390at33090,2,Zm00001eb192230;Zm00001eb258010,Zm00001eb192230:0.00103308;Zm00001eb258010:0.00140369,SORBI_3010G180700,SORBI_3010G180700:0.00124911,NA,NA,NA,NA,NA,NA
631515at2759,2,NA,NA,NA,NA,NA,NA,HORVU.MOREX.r3.1HG0019340,HORVU.MOREX.r3.1HG0019340:0.000448823,AT4G02920,AT4G02920:3.88972e-05
631515at3193,2,NA,NA,NA,NA,NA,NA,HORVU.MOREX.r3.1HG0019340,HORVU.MOREX.r3.1HG0019340:0.000448823,AT4G02920,AT4G02920:3.88972e-05
631515at33090,2,NA,NA,NA,NA,NA,NA,HORVU.MOREX.r3.1HG0019340,HORVU.MOREX.r3.1HG0019340:0.000448823,AT4G02920,AT4G02920:3.88972e-05
632146at3193,2,Zm00001eb218220,Zm00001eb218220:0.00126461,NA,NA,NA,NA,NA,NA,AT5G64790,AT5G64790:0.000822186
63240at38820,2,NA,NA,SORBI_3003G334300,SORBI_3003G334300:0.00315089,LOC_Os01g08160,LOC_Os01g08160:0.000361491,NA,NA,NA,NA
63240at4447,2,NA,NA,SORBI_3003G334300,SORBI_3003G334300:0.00315089,LOC_Os01g08160,LOC_Os01g08160:0.000361491,NA,NA,NA,NA
632627at2759,2,Zm00001eb102560,Zm00001eb102560:0.00341907,NA,NA,NA,NA,HORVU.MOREX.r3.5HG0494850,HORVU.MOREX.r3.5HG0494850:0.000690188,NA,NA
632627at3193,2,Zm00001eb102560,Zm00001eb102560:0.00341907,NA,NA,NA,NA,HORVU.MOREX.r3.5HG0494850,HORVU.MOREX.r3.5HG0494850:0.000690188,NA,NA
632627at33090,2,Zm00001eb102560,Zm00001eb102560:0.00341907,NA,NA,NA,NA,HORVU.MOREX.r3.5HG0494850,HORVU.MOREX.r3.5HG0494850:0.000690188,NA,NA
632648at2759,2,Zm00001eb055090;Zm00001eb216150;Zm00001eb374270,Zm00001eb055090:0.00161375;Zm00001eb216150:0.00147053;Zm00001eb374270:0.00202987,NA,NA,NA,NA,NA,NA,AT1G32320;AT1G73500;AT3G21220,AT1G32320:0.000933725;AT1G73500:0.000946597;AT3G21220:0.000439958
632648at3193,2,Zm00001eb055090;Zm00001eb216150;Zm00001eb374270,Zm00001eb055090:0.00161375;Zm00001eb216150:0.00147053;Zm00001eb374270:0.00202987,NA,NA,NA,NA,NA,NA,AT1G32320;AT1G73500;AT3G21220,AT1G32320:0.000933725;AT1G73500:0.000946597;AT3G21220:0.000439958
632648at33090,2,Zm00001eb055090;Zm00001eb216150;Zm00001eb374270,Zm00001eb055090:0.00161375;Zm00001eb216150:0.00147053;Zm00001eb374270:0.00202987,NA,NA,NA,NA,NA,NA,AT1G32320;AT1G73500;AT3G21220,AT1G32320:0.000933725;AT1G73500:0.000946597;AT3G21220:0.000439958
632768at3193,2,Zm00001eb330080,Zm00001eb330080:0.000609376,NA,NA,NA,NA,HORVU.MOREX.r3.2HG0114920,HORVU.MOREX.r3.2HG0114920:0.00297901,NA,NA
633288at2759,2,Zm00001eb221920;Zm00001eb402760,Zm00001eb221920:0.00253634;Zm00001eb402760:0.00301599,NA,NA,NA,NA,NA,NA,AT2G32710,AT2G32710:0.00152861
633288at3193,2,Zm00001eb221920;Zm00001eb402760,Zm00001eb221920:0.00253634;Zm00001eb402760:0.00301599,NA,NA,NA,NA,NA,NA,AT2G32710,AT2G32710:0.00152861
633288at33090,2,Zm00001eb221920;Zm00001eb402760,Zm00001eb221920:0.00253634;Zm00001eb402760:0.00301599,NA,NA,NA,NA,NA,NA,AT2G32710,AT2G32710:0.00152861
633362at33090,2,Zm00001eb302300;Zm00001eb375010,Zm00001eb302300:0.00110934;Zm00001eb375010:0.00436105,SORBI_3002G278500;SORBI_3010G061800,SORBI_3002G278500:0.00220176;SORBI_3010G061800:0.000863186,NA,NA,NA,NA,NA,NA
633480at2759,2,Zm00001eb037610;Zm00001eb319240;Zm00001eb322570,Zm00001eb037610:0.00339078;Zm00001eb319240:0.00062123;Zm00001eb322570:0.000566423,NA,NA,NA,NA,HORVU.MOREX.r3.7HG0687050,HORVU.MOREX.r3.7HG0687050:0.00280809,NA,NA
633480at3193,2,Zm00001eb319240;Zm00001eb322570,Zm00001eb319240:0.00062123;Zm00001eb322570:0.000566423,NA,NA,NA,NA,HORVU.MOREX.r3.7HG0687050,HORVU.MOREX.r3.7HG0687050:0.00280809,NA,NA
633480at33090,2,Zm00001eb037610;Zm00001eb319240;Zm00001eb322570,Zm00001eb037610:0.00339078;Zm00001eb319240:0.00062123;Zm00001eb322570:0.000566423,NA,NA,NA,NA,HORVU.MOREX.r3.7HG0687050,HORVU.MOREX.r3.7HG0687050:0.00280809,NA,NA
633536at2759,2,NA,NA,SORBI_3003G123200,SORBI_3003G123200:0.000224872,NA,NA,HORVU.MOREX.r3.3HG0255500,HORVU.MOREX.r3.3HG0255500:0.000246479,NA,NA
633536at3193,2,NA,NA,SORBI_3003G123200,SORBI_3003G123200:0.000224872,NA,NA,HORVU.MOREX.r3.3HG0255500,HORVU.MOREX.r3.3HG0255500:0.000246479,NA,NA
633536at33090,2,NA,NA,SORBI_3003G123200,SORBI_3003G123200:0.000224872,NA,NA,HORVU.MOREX.r3.3HG0255500,HORVU.MOREX.r3.3HG0255500:0.000246479,NA,NA
633896at2759,2,Zm00001eb363390,Zm00001eb363390:0.0037133,NA,NA,NA,NA,HORVU.MOREX.r3.3HG0314770,HORVU.MOREX.r3.3HG0314770:2.18094e-06,NA,NA
633896at3193,2,Zm00001eb363390,Zm00001eb363390:0.0037133,NA,NA,NA,NA,HORVU.MOREX.r3.3HG0314770,HORVU.MOREX.r3.3HG0314770:2.18094e-06,NA,NA
633896at33090,2,Zm00001eb363390,Zm00001eb363390:0.0037133,NA,NA,NA,NA,HORVU.MOREX.r3.3HG0314770,HORVU.MOREX.r3.3HG0314770:2.18094e-06,NA,NA
634388at2759,2,Zm00001eb101640,Zm00001eb101640:0.00043556,NA,NA,NA,NA,HORVU.MOREX.r3.3HG0283120,HORVU.MOREX.r3.3HG0283120:7.03455e-05,NA,NA
634388at33090,2,Zm00001eb101640,Zm00001eb101640:0.00043556,NA,NA,NA,NA,HORVU.MOREX.r3.3HG0283120,HORVU.MOREX.r3.3HG0283120:7.03455e-05,NA,NA
634465at3193,2,Zm00001eb220030,Zm00001eb220030:0.000379335,SORBI_3001G044100,SORBI_3001G044100:0.0033107,NA,NA,NA,NA,NA,NA
634646at3193,2,NA,NA,SORBI_3006G062200,SORBI_3006G062200:0.000575179,NA,NA,NA,NA,AT3G26680,AT3G26680:0.00055644
6352at38820,2,Zm00001eb425960,Zm00001eb425960:0.00260961,NA,NA,NA,NA,HORVU.MOREX.r3.6HG0593900,HORVU.MOREX.r3.6HG0593900:0.00066289,NA,NA
6352at4447,2,Zm00001eb425960,Zm00001eb425960:0.00260961,NA,NA,NA,NA,HORVU.MOREX.r3.6HG0593900,HORVU.MOREX.r3.6HG0593900:0.00066289,NA,NA
635367at2759,2,Zm00001eb293480,Zm00001eb293480:0.000850157,NA,NA,NA,NA,HORVU.MOREX.r3.1HG0018150,HORVU.MOREX.r3.1HG0018150:0.00151814,NA,NA
635367at3193,2,Zm00001eb293480,Zm00001eb293480:0.000850157,NA,NA,NA,NA,HORVU.MOREX.r3.1HG0018150,HORVU.MOREX.r3.1HG0018150:0.00151814,NA,NA
635367at33090,2,Zm00001eb293480,Zm00001eb293480:0.000850157,NA,NA,NA,NA,HORVU.MOREX.r3.1HG0018150,HORVU.MOREX.r3.1HG0018150:0.00151814,NA,NA
635384at2759,2,NA,NA,SORBI_3002G362400,SORBI_3002G362400:0.00335657,NA,NA,HORVU.MOREX.r3.5HG0525790,HORVU.MOREX.r3.5HG0525790:0.000159504,NA,NA
635384at3193,2,NA,NA,SORBI_3002G362400,SORBI_3002G362400:0.00335657,NA,NA,HORVU.MOREX.r3.5HG0525790,HORVU.MOREX.r3.5HG0525790:0.000159504,NA,NA
635384at33090,2,NA,NA,SORBI_3002G362400,SORBI_3002G362400:0.00335657,NA,NA,HORVU.MOREX.r3.5HG0525790,HORVU.MOREX.r3.5HG0525790:0.000159504,NA,NA
635627at3193,2,Zm00001eb126380;Zm00001eb191650,Zm00001eb126380:0.000601458;Zm00001eb191650:0.00304307,NA,NA,NA,NA,NA,NA,AT3G23430,AT3G23430:0.0012856
635627at33090,2,Zm00001eb126380;Zm00001eb191650,Zm00001eb126380:0.000601458;Zm00001eb191650:0.00304307,NA,NA,NA,NA,NA,NA,AT2G03240;AT3G23430,AT2G03240:0.00114261;AT3G23430:0.0012856
63571at38820,2,Zm00001eb210570,Zm00001eb210570:0.00190937,NA,NA,NA,NA,HORVU.MOREX.r3.5HG0535930,HORVU.MOREX.r3.5HG0535930:0.000555394,NA,NA
63571at4447,2,Zm00001eb210570,Zm00001eb210570:0.00190937,NA,NA,NA,NA,HORVU.MOREX.r3.5HG0535930,HORVU.MOREX.r3.5HG0535930:0.000555394,NA,NA
635760at2759,2,Zm00001eb432320,Zm00001eb432320:0.00403447,NA,NA,NA,NA,HORVU.MOREX.r3.7HG0751000,HORVU.MOREX.r3.7HG0751000:7.23038e-06,NA,NA
635760at3193,2,Zm00001eb432320,Zm00001eb432320:0.00403447,NA,NA,NA,NA,HORVU.MOREX.r3.7HG0751000,HORVU.MOREX.r3.7HG0751000:7.23038e-06,NA,NA
635760at33090,2,Zm00001eb432320,Zm00001eb432320:0.00403447,NA,NA,NA,NA,HORVU.MOREX.r3.7HG0751000,HORVU.MOREX.r3.7HG0751000:7.23038e-06,NA,NA
635842at3193,2,Zm00001eb040890;Zm00001eb068270,Zm00001eb040890:0.00160068;Zm00001eb068270:0.000884253,NA,NA,NA,NA,NA,NA,AT3G19480,AT3G19480:0.000805599
635991at3193,2,Zm00001eb074360,Zm00001eb074360:3.0598e-05,NA,NA,LOC_Os04g05560,LOC_Os04g05560:0.000654904,NA,NA,NA,NA
637001at2759,2,Zm00001eb208480,Zm00001eb208480:0.00323847,NA,NA,NA,NA,NA,NA,AT4G27280,AT4G27280:0.000165881
637001at3193,2,Zm00001eb208480,Zm00001eb208480:0.00323847,NA,NA,NA,NA,NA,NA,AT4G27280,AT4G27280:0.000165881
637001at33090,2,Zm00001eb208480,Zm00001eb208480:0.00323847,NA,NA,NA,NA,NA,NA,AT4G27280,AT4G27280:0.000165881
637234at3193,2,Zm00001eb082570,Zm00001eb082570:0.00143419,NA,NA,NA,NA,HORVU.MOREX.r3.2HG0169240,HORVU.MOREX.r3.2HG0169240:0.00236596,NA,NA
637632at2759,2,Zm00001eb144120,Zm00001eb144120:8.05748e-05,NA,NA,NA,NA,HORVU.MOREX.r3.3HG0306270,HORVU.MOREX.r3.3HG0306270:0.00264177,NA,NA
637632at3193,2,Zm00001eb144120,Zm00001eb144120:8.05748e-05,NA,NA,NA,NA,HORVU.MOREX.r3.3HG0306270,HORVU.MOREX.r3.3HG0306270:0.00264177,NA,NA
637632at33090,2,Zm00001eb144120,Zm00001eb144120:8.05748e-05,NA,NA,NA,NA,HORVU.MOREX.r3.3HG0306270,HORVU.MOREX.r3.3HG0306270:0.00264177,NA,NA
637723at3193,2,Zm00001eb126920,Zm00001eb126920:0.00300428,NA,NA,NA,NA,HORVU.MOREX.r3.3HG0231430,HORVU.MOREX.r3.3HG0231430:0.00226323,NA,NA
637797at2759,2,Zm00001eb212410,Zm00001eb212410:0.00424957,SORBI_3001G044000,SORBI_3001G044000:0.0033107,NA,NA,NA,NA,NA,NA
637797at3193,2,Zm00001eb212410,Zm00001eb212410:0.00424957,SORBI_3001G044000,SORBI_3001G044000:0.0033107,NA,NA,NA,NA,NA,NA
637797at33090,2,Zm00001eb212410,Zm00001eb212410:0.00424957,SORBI_3001G044000,SORBI_3001G044000:0.0033107,NA,NA,NA,NA,NA,NA
637999at3193,2,Zm00001eb230050,Zm00001eb230050:0.00256239,NA,NA,NA,NA,HORVU.MOREX.r3.6HG0546530,HORVU.MOREX.r3.6HG0546530:0.00270043,NA,NA
637999at33090,2,Zm00001eb230050,Zm00001eb230050:0.00256239,NA,NA,NA,NA,HORVU.MOREX.r3.6HG0546530,HORVU.MOREX.r3.6HG0546530:0.00270043,NA,NA
638616at3193,2,Zm00001eb355810,Zm00001eb355810:0.00451319,NA,NA,NA,NA,HORVU.MOREX.r3.1HG0005040,HORVU.MOREX.r3.1HG0005040:0.00216576,NA,NA
638620at3193,2,Zm00001eb214920,Zm00001eb214920:0.00191231,NA,NA,NA,NA,NA,NA,AT2G17530,AT2G17530:0.00187063
638635at3193,2,NA,NA,SORBI_3004G019600,SORBI_3004G019600:0.00240395,NA,NA,NA,NA,AT2G45640,AT2G45640:0.000554026
639098at2759,2,Zm00001eb345510,Zm00001eb345510:0.00119717,NA,NA,NA,NA,NA,NA,AT4G02900,AT4G02900:3.88972e-05
639098at3193,2,Zm00001eb345510,Zm00001eb345510:0.00119717,NA,NA,NA,NA,NA,NA,AT4G02900,AT4G02900:3.88972e-05
639098at33090,2,Zm00001eb345510,Zm00001eb345510:0.00119717,NA,NA,NA,NA,NA,NA,AT4G02900,AT4G02900:3.88972e-05
639246at3193,2,Zm00001eb039720,Zm00001eb039720:0.00145338,NA,NA,NA,NA,NA,NA,AT3G11750,AT3G11750:0.00150738
639476at3193,2,NA,NA,SORBI_3003G115800,SORBI_3003G115800:0.000928865,LOC_Os06g02250,LOC_Os06g02250:0.00150275,NA,NA,NA,NA
639498at3193,2,NA,NA,SORBI_3001G032800,SORBI_3001G032800:0.00280014,NA,NA,NA,NA,AT3G09350,AT3G09350:0.000906726
640256at3193,2,NA,NA,NA,NA,NA,NA,HORVU.MOREX.r3.1HG0052940,HORVU.MOREX.r3.1HG0052940:0.0019243,AT5G12290,AT5G12290:0.000449905
640662at3193,2,Zm00001eb068210,Zm00001eb068210:0.00453995,SORBI_3001G379400,SORBI_3001G379400:0.00152786,NA,NA,NA,NA,NA,NA
640662at33090,2,Zm00001eb068210,Zm00001eb068210:0.00453995,SORBI_3001G379400,SORBI_3001G379400:0.00152786,NA,NA,NA,NA,NA,NA
640748at2759,2,Zm00001eb167240,Zm00001eb167240:0.00332018,NA,NA,NA,NA,HORVU.MOREX.r3.7HG0647550,HORVU.MOREX.r3.7HG0647550:0.000135421,NA,NA
640748at3193,2,Zm00001eb167240,Zm00001eb167240:0.00332018,NA,NA,NA,NA,HORVU.MOREX.r3.7HG0647550,HORVU.MOREX.r3.7HG0647550:0.000135421,NA,NA
640748at33090,2,Zm00001eb167240,Zm00001eb167240:0.00332018,NA,NA,NA,NA,HORVU.MOREX.r3.7HG0647550,HORVU.MOREX.r3.7HG0647550:0.000135421,NA,NA
64076at38820,2,Zm00001eb206750;Zm00001eb275130,Zm00001eb206750:0.000375561;Zm00001eb275130:0.00188833,NA,NA,NA,NA,HORVU.MOREX.r3.7HG0744040,HORVU.MOREX.r3.7HG0744040:0.000167223,NA,NA
64076at4447,2,Zm00001eb206750;Zm00001eb275130,Zm00001eb206750:0.000375561;Zm00001eb275130:0.00188833,NA,NA,NA,NA,HORVU.MOREX.r3.7HG0744040,HORVU.MOREX.r3.7HG0744040:0.000167223,NA,NA
641817at33090,2,Zm00001eb288370,Zm00001eb288370:0.00252585,SORBI_3004G151300,SORBI_3004G151300:0.00191912,NA,NA,NA,NA,NA,NA
64188at2759,2,Zm00001eb163460,Zm00001eb163460:0.00135984,NA,NA,LOC_Os12g01330,LOC_Os12g01330:0.00138129,NA,NA,NA,NA
641909at3193,2,NA,NA,NA,NA,NA,NA,HORVU.MOREX.r3.5HG0510760,HORVU.MOREX.r3.5HG0510760:0.00165765,AT5G20930,AT5G20930:3.08466e-05
641909at33090,2,NA,NA,NA,NA,NA,NA,HORVU.MOREX.r3.5HG0510760,HORVU.MOREX.r3.5HG0510760:0.00165765,AT5G20930,AT5G20930:3.08466e-05
642279at2759,2,Zm00001eb136450,Zm00001eb136450:0.000394398,NA,NA,NA,NA,HORVU.MOREX.r3.4HG0388130,HORVU.MOREX.r3.4HG0388130:0.00201053,NA,NA
642279at3193,2,Zm00001eb136450,Zm00001eb136450:0.000394398,NA,NA,NA,NA,HORVU.MOREX.r3.4HG0388130,HORVU.MOREX.r3.4HG0388130:0.00201053,NA,NA
642279at33090,2,Zm00001eb136450,Zm00001eb136450:0.000394398,NA,NA,NA,NA,HORVU.MOREX.r3.4HG0388130,HORVU.MOREX.r3.4HG0388130:0.00201053,NA,NA
642338at3193,2,Zm00001eb157520,Zm00001eb157520:0.00294054,NA,NA,NA,NA,HORVU.MOREX.r3.3HG0273790,HORVU.MOREX.r3.3HG0273790:0.000852083,NA,NA
642338at33090,2,Zm00001eb157520,Zm00001eb157520:0.00294054,NA,NA,NA,NA,HORVU.MOREX.r3.3HG0273790,HORVU.MOREX.r3.3HG0273790:0.000852083,NA,NA
642800at2759,2,NA,NA,NA,NA,LOC_Os11g05920,LOC_Os11g05920:0.000688333,NA,NA,AT3G04720,AT3G04720:0.00037151
642800at3193,2,NA,NA,NA,NA,LOC_Os11g05920,LOC_Os11g05920:0.000688333,NA,NA,AT3G04720,AT3G04720:0.00037151
642800at33090,2,NA,NA,NA,NA,LOC_Os11g05920,LOC_Os11g05920:0.000688333,NA,NA,AT3G04720,AT3G04720:0.00037151
643272at3193,2,Zm00001eb039590,Zm00001eb039590:0.00310492,NA,NA,NA,NA,HORVU.MOREX.r3.4HG0332500;HORVU.MOREX.r3.4HG0332520;HORVU.MOREX.r3.4HG0332600,HORVU.MOREX.r3.4HG0332500:0.00310241;HORVU.MOREX.r3.4HG0332520:0.00310241;HORVU.MOREX.r3.4HG0332600:0.000524574,NA,NA
643at38820,2,NA,NA,SORBI_3007G151900,SORBI_3007G151900:0.00315401,NA,NA,HORVU.MOREX.r3.2HG0106220,HORVU.MOREX.r3.2HG0106220:0.00182252,NA,NA
643at4447,2,NA,NA,SORBI_3007G151900,SORBI_3007G151900:0.00315401,NA,NA,HORVU.MOREX.r3.2HG0106220,HORVU.MOREX.r3.2HG0106220:0.00182252,NA,NA
644324at2759,2,Zm00001eb291890,Zm00001eb291890:0.00400718,NA,NA,NA,NA,HORVU.MOREX.r3.1HG0067910,HORVU.MOREX.r3.1HG0067910:0.00176581,NA,NA
644324at3193,2,Zm00001eb291890,Zm00001eb291890:0.00400718,NA,NA,NA,NA,HORVU.MOREX.r3.1HG0067910,HORVU.MOREX.r3.1HG0067910:0.00176581,NA,NA
644324at33090,2,Zm00001eb291890,Zm00001eb291890:0.00400718,NA,NA,NA,NA,HORVU.MOREX.r3.1HG0067910,HORVU.MOREX.r3.1HG0067910:0.00176581,NA,NA
646098at33090,2,Zm00001eb215750;Zm00001eb330080,Zm00001eb215750:0.00119356;Zm00001eb330080:0.000609376,NA,NA,NA,NA,HORVU.MOREX.r3.2HG0114920,HORVU.MOREX.r3.2HG0114920:0.00297901,NA,NA
646111at33090,2,Zm00001eb075050,Zm00001eb075050:0.00351692,NA,NA,NA,NA,NA,NA,AT2G44680,AT2G44680:0.00185882
646140at3193,2,Zm00001eb210570,Zm00001eb210570:0.00190937,NA,NA,NA,NA,HORVU.MOREX.r3.5HG0535930,HORVU.MOREX.r3.5HG0535930:0.000555394,NA,NA
646218at2759,2,Zm00001eb433330,Zm00001eb433330:0.00421526,NA,NA,NA,NA,NA,NA,AT1G47128,AT1G47128:0.000914426
646218at33090,2,Zm00001eb433330,Zm00001eb433330:0.00421526,NA,NA,NA,NA,NA,NA,AT1G47128,AT1G47128:0.000914426
646613at2759,2,NA,NA,NA,NA,NA,NA,HORVU.MOREX.r3.2HG0106600;HORVU.MOREX.r3.5HG0497840;HORVU.MOREX.r3.7HG0730560,HORVU.MOREX.r3.2HG0106600:2.18891e-05;HORVU.MOREX.r3.5HG0497840:0.00207642;HORVU.MOREX.r3.7HG0730560:0.00192501,AT3G10080;AT5G38950,AT3G10080:0.0016538;AT5G38950:2.22425e-05
646645at2759,2,Zm00001eb206750;Zm00001eb275130,Zm00001eb206750:0.000375561;Zm00001eb275130:0.00188833,NA,NA,NA,NA,HORVU.MOREX.r3.7HG0744040,HORVU.MOREX.r3.7HG0744040:0.000167223,NA,NA
646645at3193,2,Zm00001eb206750;Zm00001eb275130,Zm00001eb206750:0.000375561;Zm00001eb275130:0.00188833,NA,NA,NA,NA,HORVU.MOREX.r3.7HG0744040,HORVU.MOREX.r3.7HG0744040:0.000167223,NA,NA
646645at33090,2,Zm00001eb206750;Zm00001eb275130,Zm00001eb206750:0.000375561;Zm00001eb275130:0.00188833,NA,NA,NA,NA,HORVU.MOREX.r3.7HG0744040,HORVU.MOREX.r3.7HG0744040:0.000167223,NA,NA
647458at2759,2,Zm00001eb375200,Zm00001eb375200:0.000563973,SORBI_3004G334400,SORBI_3004G334400:0.00160705,NA,NA,NA,NA,NA,NA
647458at33090,2,Zm00001eb375200,Zm00001eb375200:0.000563973,SORBI_3004G334400,SORBI_3004G334400:0.00160705,NA,NA,NA,NA,NA,NA
647492at2759,2,Zm00001eb186260,Zm00001eb186260:0.00243048,NA,NA,NA,NA,NA,NA,AT3G24340,AT3G24340:0.00120873
647492at3193,2,Zm00001eb186260,Zm00001eb186260:0.00243048,NA,NA,NA,NA,NA,NA,AT3G24340,AT3G24340:0.00120873
647492at33090,2,Zm00001eb186260,Zm00001eb186260:0.00243048,NA,NA,NA,NA,NA,NA,AT3G24340,AT3G24340:0.00120873
647743at2759,2,Zm00001eb355370;Zm00001eb368160,Zm00001eb355370:0.000529743;Zm00001eb368160:8.6038e-06,NA,NA,NA,NA,NA,NA,AT2G39350;AT5G13580,AT2G39350:0.0017926;AT5G13580:0.00169983
647743at3193,2,Zm00001eb355370;Zm00001eb368160,Zm00001eb355370:0.000529743;Zm00001eb368160:8.6038e-06,NA,NA,NA,NA,NA,NA,AT2G39350;AT5G13580,AT2G39350:0.0017926;AT5G13580:0.00169983
647743at33090,2,Zm00001eb355370;Zm00001eb368160,Zm00001eb355370:0.000529743;Zm00001eb368160:8.6038e-06,NA,NA,NA,NA,NA,NA,AT2G39350;AT5G13580,AT2G39350:0.0017926;AT5G13580:0.00169983
648051at2759,2,Zm00001eb296470,Zm00001eb296470:7.48689e-05,NA,NA,NA,NA,HORVU.MOREX.r3.6HG0620460,HORVU.MOREX.r3.6HG0620460:0.00269105,NA,NA
648051at3193,2,Zm00001eb296470,Zm00001eb296470:7.48689e-05,NA,NA,NA,NA,HORVU.MOREX.r3.6HG0620460,HORVU.MOREX.r3.6HG0620460:0.00269105,NA,NA
648051at33090,2,Zm00001eb296470,Zm00001eb296470:7.48689e-05,NA,NA,NA,NA,HORVU.MOREX.r3.6HG0620460,HORVU.MOREX.r3.6HG0620460:0.00269105,NA,NA
648102at2759,2,Zm00001eb403790,Zm00001eb403790:0.000818639,NA,NA,NA,NA,NA,NA,AT4G21790,AT4G21790:6.61348e-05
648102at33090,2,Zm00001eb403790,Zm00001eb403790:0.000818639,NA,NA,NA,NA,NA,NA,AT4G21790,AT4G21790:6.61348e-05
648775at3193,2,Zm00001eb428910,Zm00001eb428910:0.000472997,NA,NA,NA,NA,HORVU.MOREX.r3.7HG0750280,HORVU.MOREX.r3.7HG0750280:0.000450225,NA,NA
649533at2759,2,NA,NA,SORBI_3003G099300,SORBI_3003G099300:0.001303,NA,NA,HORVU.MOREX.r3.3HG0219160,HORVU.MOREX.r3.3HG0219160:0.000859699,NA,NA
649533at3193,2,NA,NA,SORBI_3003G099300,SORBI_3003G099300:0.001303,NA,NA,HORVU.MOREX.r3.3HG0219160,HORVU.MOREX.r3.3HG0219160:0.000859699,NA,NA
649533at33090,2,NA,NA,SORBI_3003G099300,SORBI_3003G099300:0.001303,NA,NA,HORVU.MOREX.r3.3HG0219160,HORVU.MOREX.r3.3HG0219160:0.000859699,NA,NA
649724at3193,2,NA,NA,SORBI_3001G042500,SORBI_3001G042500:0.000844662,NA,NA,HORVU.MOREX.r3.7HG0659410,HORVU.MOREX.r3.7HG0659410:0.000851964,NA,NA
650313at3193,2,Zm00001eb187260,Zm00001eb187260:0.000394643,NA,NA,NA,NA,NA,NA,AT5G02840,AT5G02840:0.000810978
650313at33090,2,Zm00001eb187260,Zm00001eb187260:0.000394643,NA,NA,NA,NA,NA,NA,AT5G02840,AT5G02840:0.000810978
650409at3193,2,Zm00001eb429920,Zm00001eb429920:0.00112434,NA,NA,NA,NA,HORVU.MOREX.r3.4HG0336400,HORVU.MOREX.r3.4HG0336400:0.00104404,NA,NA
65043at2759,2,Zm00001eb031830,Zm00001eb031830:0.00389114,NA,NA,NA,NA,NA,NA,AT4G18395,AT4G18395:0.000178595
65043at3193,2,Zm00001eb031830,Zm00001eb031830:0.00389114,NA,NA,NA,NA,NA,NA,AT4G18395,AT4G18395:0.000178595
65043at33090,2,Zm00001eb031830,Zm00001eb031830:0.00389114,NA,NA,NA,NA,NA,NA,AT4G18395,AT4G18395:0.000178595
650454at2759,2,Zm00001eb099490,Zm00001eb099490:0.00410519,NA,NA,NA,NA,HORVU.MOREX.r3.5HG0484180,HORVU.MOREX.r3.5HG0484180:0.0013124,NA,NA
650454at3193,2,Zm00001eb099490,Zm00001eb099490:0.00410519,NA,NA,NA,NA,HORVU.MOREX.r3.5HG0484180,HORVU.MOREX.r3.5HG0484180:0.0013124,NA,NA
650454at33090,2,Zm00001eb099490,Zm00001eb099490:0.00410519,NA,NA,NA,NA,HORVU.MOREX.r3.5HG0484180,HORVU.MOREX.r3.5HG0484180:0.0013124,NA,NA
650459at2759,2,Zm00001eb321070,Zm00001eb321070:0.00201875,NA,NA,NA,NA,HORVU.MOREX.r3.5HG0502430;HORVU.MOREX.r3.5HG0502470,HORVU.MOREX.r3.5HG0502430:0.00165305;HORVU.MOREX.r3.5HG0502470:0.00165305,NA,NA
650459at3193,2,Zm00001eb321070,Zm00001eb321070:0.00201875,NA,NA,NA,NA,HORVU.MOREX.r3.5HG0502430;HORVU.MOREX.r3.5HG0502470,HORVU.MOREX.r3.5HG0502430:0.00165305;HORVU.MOREX.r3.5HG0502470:0.00165305,NA,NA
650459at33090,2,Zm00001eb321070,Zm00001eb321070:0.00201875,NA,NA,NA,NA,HORVU.MOREX.r3.5HG0502430;HORVU.MOREX.r3.5HG0502470,HORVU.MOREX.r3.5HG0502430:0.00165305;HORVU.MOREX.r3.5HG0502470:0.00165305,NA,NA
650642at2759,2,Zm00001eb151300;Zm00001eb151310;Zm00001eb323640,Zm00001eb151300:0.00386657;Zm00001eb151310:0.00386657;Zm00001eb323640:0.00422004,SORBI_3001G190100,SORBI_3001G190100:0.000829332,NA,NA,NA,NA,NA,NA
650642at3193,2,Zm00001eb151300;Zm00001eb151310;Zm00001eb323640,Zm00001eb151300:0.00386657;Zm00001eb151310:0.00386657;Zm00001eb323640:0.00422004,SORBI_3001G190100,SORBI_3001G190100:0.000829332,NA,NA,NA,NA,NA,NA
650642at33090,2,Zm00001eb151300;Zm00001eb151310;Zm00001eb323640,Zm00001eb151300:0.00386657;Zm00001eb151310:0.00386657;Zm00001eb323640:0.00422004,SORBI_3001G190100,SORBI_3001G190100:0.000829332,NA,NA,NA,NA,NA,NA
650782at2759,2,Zm00001eb210650,Zm00001eb210650:0.00190937,NA,NA,NA,NA,NA,NA,AT5G65660,AT5G65660:0.00134379
650782at3193,2,Zm00001eb210650,Zm00001eb210650:0.00190937,NA,NA,NA,NA,NA,NA,AT5G65660,AT5G65660:0.00134379
650782at33090,2,Zm00001eb210650,Zm00001eb210650:0.00190937,NA,NA,NA,NA,NA,NA,AT5G65660,AT5G65660:0.00134379
650802at3193,2,Zm00001eb149270;Zm00001eb351960,Zm00001eb149270:0.000875184;Zm00001eb351960:0.00358819,SORBI_3003G341300,SORBI_3003G341300:0.00117037,NA,NA,NA,NA,NA,NA
650970at2759,2,Zm00001eb031590,Zm00001eb031590:0.00269549,NA,NA,NA,NA,NA,NA,AT1G16670,AT1G16670:3.63415e-05
650970at3193,2,Zm00001eb031590,Zm00001eb031590:0.00269549,NA,NA,NA,NA,NA,NA,AT1G16670,AT1G16670:3.63415e-05
650970at33090,2,Zm00001eb031590,Zm00001eb031590:0.00269549,NA,NA,NA,NA,NA,NA,AT1G16670,AT1G16670:3.63415e-05
651322at3193,2,NA,NA,SORBI_3001G206000,SORBI_3001G206000:0.000964868,NA,NA,HORVU.MOREX.r3.1HG0046900,HORVU.MOREX.r3.1HG0046900:0.000688391,NA,NA
651322at33090,2,NA,NA,SORBI_3001G206000,SORBI_3001G206000:0.000964868,NA,NA,HORVU.MOREX.r3.1HG0046900,HORVU.MOREX.r3.1HG0046900:0.000688391,NA,NA
651425at2759,2,Zm00001eb253560,Zm00001eb253560:0.00401438,NA,NA,NA,NA,NA,NA,AT3G20930,AT3G20930:0.00195323
651425at3193,2,Zm00001eb253560,Zm00001eb253560:0.00401438,NA,NA,NA,NA,NA,NA,AT3G20930,AT3G20930:0.00195323
651425at33090,2,Zm00001eb253560,Zm00001eb253560:0.00401438,NA,NA,NA,NA,NA,NA,AT3G20930,AT3G20930:0.00195323
651777at2759,2,NA,NA,SORBI_3002G224500,SORBI_3002G224500:0.00186282,NA,NA,NA,NA,AT3G50330,AT3G50330:0.00126861
651777at3193,2,NA,NA,SORBI_3002G224500,SORBI_3002G224500:0.00186282,NA,NA,NA,NA,AT3G50330,AT3G50330:0.00126861
651777at33090,2,NA,NA,SORBI_3002G224500,SORBI_3002G224500:0.00186282,NA,NA,NA,NA,AT3G50330,AT3G50330:0.00126861
652660at2759,2,Zm00001eb040900,Zm00001eb040900:0.00160068,NA,NA,NA,NA,NA,NA,AT2G24762,AT2G24762:0.001165
652660at3193,2,Zm00001eb040900,Zm00001eb040900:0.00160068,NA,NA,NA,NA,NA,NA,AT2G24762,AT2G24762:0.001165
652660at33090,2,Zm00001eb040900,Zm00001eb040900:0.00160068,NA,NA,NA,NA,NA,NA,AT2G24762,AT2G24762:0.001165
652669at3193,2,Zm00001eb208440,Zm00001eb208440:0.00323847,SORBI_3004G020100,SORBI_3004G020100:0.00240395,NA,NA,NA,NA,NA,NA
652742at3193,2,Zm00001eb327780,Zm00001eb327780:0.0038375,SORBI_3001G350700,SORBI_3001G350700:0.00273508,NA,NA,NA,NA,NA,NA
6529at38820,2,Zm00001eb231810,Zm00001eb231810:0.000249985,SORBI_3004G034600,SORBI_3004G034600:0.00103889,NA,NA,NA,NA,NA,NA
6529at4447,2,Zm00001eb231810,Zm00001eb231810:0.000249985,SORBI_3004G034600,SORBI_3004G034600:0.00103889,NA,NA,NA,NA,NA,NA
653108at3193,2,Zm00001eb067210,Zm00001eb067210:0.00130332,NA,NA,NA,NA,NA,NA,AT5G55280,AT5G55280:4.46921e-05
653108at33090,2,Zm00001eb067210,Zm00001eb067210:0.00130332,NA,NA,NA,NA,NA,NA,AT5G55280,AT5G55280:4.46921e-05
653715at3193,2,Zm00001eb187450,Zm00001eb187450:0.00125933,SORBI_3006G192100,SORBI_3006G192100:0.000119406,NA,NA,NA,NA,NA,NA
653776at3193,2,Zm00001eb291900,Zm00001eb291900:0.00400718,NA,NA,NA,NA,HORVU.MOREX.r3.1HG0067900,HORVU.MOREX.r3.1HG0067900:0.00176581,NA,NA
654309at2759,2,Zm00001eb405770,Zm00001eb405770:2.47129e-05,NA,NA,NA,NA,HORVU.MOREX.r3.7HG0636780,HORVU.MOREX.r3.7HG0636780:0.00215388,NA,NA
654309at3193,2,Zm00001eb405770,Zm00001eb405770:2.47129e-05,NA,NA,NA,NA,HORVU.MOREX.r3.7HG0636780,HORVU.MOREX.r3.7HG0636780:0.00215388,NA,NA
654309at33090,2,Zm00001eb405770,Zm00001eb405770:2.47129e-05,NA,NA,NA,NA,HORVU.MOREX.r3.7HG0636780,HORVU.MOREX.r3.7HG0636780:0.00215388,NA,NA
654719at2759,2,Zm00001eb062560,Zm00001eb062560:0.000881052,NA,NA,NA,NA,HORVU.MOREX.r3.5HG0525990,HORVU.MOREX.r3.5HG0525990:0.00176066,NA,NA
654719at3193,2,Zm00001eb062560,Zm00001eb062560:0.000881052,NA,NA,NA,NA,HORVU.MOREX.r3.5HG0525990,HORVU.MOREX.r3.5HG0525990:0.00176066,NA,NA
654719at33090,2,Zm00001eb062560,Zm00001eb062560:0.000881052,NA,NA,NA,NA,HORVU.MOREX.r3.5HG0525990,HORVU.MOREX.r3.5HG0525990:0.00176066,NA,NA
65482at38820,2,Zm00001eb296470,Zm00001eb296470:7.48689e-05,NA,NA,NA,NA,HORVU.MOREX.r3.6HG0620460,HORVU.MOREX.r3.6HG0620460:0.00269105,NA,NA
65482at4447,2,Zm00001eb296470,Zm00001eb296470:7.48689e-05,NA,NA,NA,NA,HORVU.MOREX.r3.6HG0620460,HORVU.MOREX.r3.6HG0620460:0.00269105,NA,NA
654966at2759,2,Zm00001eb290350,Zm00001eb290350:0.00243177,SORBI_3003G341100,SORBI_3003G341100:0.00117037,NA,NA,NA,NA,NA,NA
654966at3193,2,Zm00001eb290350,Zm00001eb290350:0.00243177,SORBI_3003G341100,SORBI_3003G341100:0.00117037,NA,NA,NA,NA,NA,NA
654966at33090,2,Zm00001eb290350,Zm00001eb290350:0.00243177,SORBI_3003G341100,SORBI_3003G341100:0.00117037,NA,NA,NA,NA,NA,NA
65535at38820,2,Zm00001eb323440,Zm00001eb323440:0.00192651,NA,NA,LOC_Os07g05430,LOC_Os07g05430:0.000850707,NA,NA,NA,NA
65535at4447,2,Zm00001eb323440,Zm00001eb323440:0.00192651,NA,NA,LOC_Os07g05430,LOC_Os07g05430:0.000850707,NA,NA,NA,NA
655496at2759,2,Zm00001eb041840,Zm00001eb041840:0.00132703,SORBI_3006G280400,SORBI_3006G280400:0.00318491,NA,NA,NA,NA,NA,NA
655496at33090,2,Zm00001eb041840,Zm00001eb041840:0.00132703,SORBI_3006G280400,SORBI_3006G280400:0.00318491,NA,NA,NA,NA,NA,NA
655534at2759,2,Zm00001eb096790,Zm00001eb096790:0.00456818,NA,NA,NA,NA,HORVU.MOREX.r3.6HG0620470,HORVU.MOREX.r3.6HG0620470:0.00269105,NA,NA
655534at3193,2,Zm00001eb096790,Zm00001eb096790:0.00456818,NA,NA,NA,NA,HORVU.MOREX.r3.6HG0620470,HORVU.MOREX.r3.6HG0620470:0.00269105,NA,NA
655534at33090,2,Zm00001eb096790,Zm00001eb096790:0.00456818,NA,NA,NA,NA,HORVU.MOREX.r3.6HG0620470,HORVU.MOREX.r3.6HG0620470:0.00269105,NA,NA
655635at2759,2,Zm00001eb146830,Zm00001eb146830:0.00130209,NA,NA,NA,NA,HORVU.MOREX.r3.2HG0213610,HORVU.MOREX.r3.2HG0213610:0.00139917,NA,NA
655635at3193,2,Zm00001eb146830,Zm00001eb146830:0.00130209,NA,NA,NA,NA,HORVU.MOREX.r3.2HG0213610,HORVU.MOREX.r3.2HG0213610:0.00139917,NA,NA
655635at33090,2,Zm00001eb146830,Zm00001eb146830:0.00130209,NA,NA,NA,NA,HORVU.MOREX.r3.2HG0213610,HORVU.MOREX.r3.2HG0213610:0.00139917,NA,NA
655726at2759,2,NA,NA,SORBI_3006G025066;SORBI_3007G125400,SORBI_3006G025066:0.00101292;SORBI_3007G125400:0.000474859,NA,NA,HORVU.MOREX.r3.3HG0293930,HORVU.MOREX.r3.3HG0293930:0.00114663,NA,NA
655726at3193,2,NA,NA,SORBI_3006G025066;SORBI_3007G125400,SORBI_3006G025066:0.00101292;SORBI_3007G125400:0.000474859,NA,NA,HORVU.MOREX.r3.3HG0293930,HORVU.MOREX.r3.3HG0293930:0.00114663,NA,NA
655726at33090,2,NA,NA,SORBI_3006G025066;SORBI_3007G125400,SORBI_3006G025066:0.00101292;SORBI_3007G125400:0.000474859,NA,NA,HORVU.MOREX.r3.3HG0293930,HORVU.MOREX.r3.3HG0293930:0.00114663,NA,NA
656439at3193,2,Zm00001eb228010,Zm00001eb228010:0.00223783,SORBI_3010G265800,SORBI_3010G265800:0.00113799,NA,NA,NA,NA,NA,NA
657263at2759,2,Zm00001eb211910,Zm00001eb211910:0.00280054,NA,NA,NA,NA,NA,NA,AT3G11200,AT3G11200:0.00169624
657263at3193,2,Zm00001eb211910,Zm00001eb211910:0.00280054,NA,NA,NA,NA,NA,NA,AT3G11200,AT3G11200:0.00169624
657263at33090,2,Zm00001eb211910,Zm00001eb211910:0.00280054,NA,NA,NA,NA,NA,NA,AT3G11200,AT3G11200:0.00169624
657394at2759,2,Zm00001eb014470;Zm00001eb331390,Zm00001eb014470:0.00195508;Zm00001eb331390:0.00275582,NA,NA,NA,NA,NA,NA,AT2G47440;AT4G02100,AT2G47440:0.00189273;AT4G02100:0.000111129
657394at3193,2,Zm00001eb014470;Zm00001eb331390,Zm00001eb014470:0.00195508;Zm00001eb331390:0.00275582,NA,NA,NA,NA,NA,NA,AT2G47440;AT4G02100,AT2G47440:0.00189273;AT4G02100:0.000111129
657394at33090,2,Zm00001eb014470;Zm00001eb331390,Zm00001eb014470:0.00195508;Zm00001eb331390:0.00275582,NA,NA,NA,NA,NA,NA,AT2G47440;AT4G02100,AT2G47440:0.00189273;AT4G02100:0.000111129
657422at3193,2,NA,NA,SORBI_3007G136100,SORBI_3007G136100:0.00137022,NA,NA,HORVU.MOREX.r3.7HG0640780,HORVU.MOREX.r3.7HG0640780:0.000119339,NA,NA
657422at33090,2,NA,NA,SORBI_3007G136100,SORBI_3007G136100:0.00137022,NA,NA,HORVU.MOREX.r3.7HG0640780,HORVU.MOREX.r3.7HG0640780:0.000119339,NA,NA
657636at3193,2,NA,NA,NA,NA,LOC_Os08g03840,LOC_Os08g03840:0.000860097,NA,NA,AT5G38630,AT5G38630:5.08259e-05
657882at2759,2,Zm00001eb102580,Zm00001eb102580:6.82433e-06,NA,NA,LOC_Os05g01030,LOC_Os05g01030:0.000852497,NA,NA,NA,NA
657882at3193,2,Zm00001eb102580,Zm00001eb102580:6.82433e-06,NA,NA,LOC_Os05g01030,LOC_Os05g01030:0.000852497,NA,NA,NA,NA
657882at33090,2,Zm00001eb102580,Zm00001eb102580:6.82433e-06,NA,NA,LOC_Os05g01030,LOC_Os05g01030:0.000852497,NA,NA,NA,NA
658308at3193,2,Zm00001eb404060,Zm00001eb404060:0.00108914,SORBI_3001G196400,SORBI_3001G196400:0.00232225,NA,NA,NA,NA,NA,NA
658485at2759,2,Zm00001eb034780,Zm00001eb034780:0.00311978,NA,NA,NA,NA,NA,NA,AT3G20830,AT3G20830:0.0015869
658485at3193,2,Zm00001eb034780,Zm00001eb034780:0.00311978,NA,NA,NA,NA,NA,NA,AT3G20830,AT3G20830:0.0015869
658485at33090,2,Zm00001eb034780,Zm00001eb034780:0.00311978,NA,NA,NA,NA,NA,NA,AT3G20830,AT3G20830:0.0015869
658567at2759,2,Zm00001eb302270,Zm00001eb302270:0.00110934,NA,NA,NA,NA,HORVU.MOREX.r3.5HG0531860,HORVU.MOREX.r3.5HG0531860:0.00171839,NA,NA
658567at3193,2,Zm00001eb302270,Zm00001eb302270:0.00110934,NA,NA,NA,NA,HORVU.MOREX.r3.5HG0531860,HORVU.MOREX.r3.5HG0531860:0.00171839,NA,NA
658567at33090,2,Zm00001eb302270,Zm00001eb302270:0.00110934,NA,NA,NA,NA,HORVU.MOREX.r3.5HG0531860,HORVU.MOREX.r3.5HG0531860:0.00171839,NA,NA
659137at3193,2,Zm00001eb221480,Zm00001eb221480:0.00230232,NA,NA,NA,NA,HORVU.MOREX.r3.7HG0641090,HORVU.MOREX.r3.7HG0641090:0.000114124,NA,NA
659197at3193,2,Zm00001eb377350,Zm00001eb377350:0.00197826,SORBI_3004G088100;SORBI_3010G180400,SORBI_3004G088100:0.000571358;SORBI_3010G180400:0.00124911,NA,NA,NA,NA,NA,NA
65929at38820,2,NA,NA,SORBI_3010G010900,SORBI_3010G010900:0.0019052,NA,NA,HORVU.MOREX.r3.7HG0639360,HORVU.MOREX.r3.7HG0639360:0.00150057,NA,NA
65929at4447,2,NA,NA,SORBI_3010G010900,SORBI_3010G010900:0.0019052,NA,NA,HORVU.MOREX.r3.7HG0639360,HORVU.MOREX.r3.7HG0639360:0.00150057,NA,NA
659694at3193,2,Zm00001eb336190,Zm00001eb336190:0.00318461,NA,NA,NA,NA,NA,NA,AT4G33070,AT4G33070:0.0013117
659835at2759,2,Zm00001eb062680,Zm00001eb062680:0.00353092,NA,NA,NA,NA,NA,NA,AT1G07630;AT2G35350,AT1G07630:0.000635452;AT2G35350:0.00165953
659835at3193,2,Zm00001eb062680,Zm00001eb062680:0.00353092,NA,NA,NA,NA,NA,NA,AT1G07630;AT2G35350,AT1G07630:0.000635452;AT2G35350:0.00165953
659835at33090,2,Zm00001eb062680,Zm00001eb062680:0.00353092,NA,NA,NA,NA,NA,NA,AT1G07630;AT2G35350,AT1G07630:0.000635452;AT2G35350:0.00165953
659983at3193,2,Zm00001eb291180,Zm00001eb291180:0.000106539,NA,NA,NA,NA,NA,NA,AT3G28480,AT3G28480:0.00160577
661790at3193,2,NA,NA,NA,NA,LOC_Os05g01760,LOC_Os05g01760:0.0013349,NA,NA,AT4G25630,AT4G25630:0.00121051
661878at3193,2,Zm00001eb212250,Zm00001eb212250:0.00236336,SORBI_3001G041800,SORBI_3001G041800:0.00182139,NA,NA,NA,NA,NA,NA
661923at3193,2,Zm00001eb398400,Zm00001eb398400:0.00374223,NA,NA,NA,NA,NA,NA,AT5G19080,AT5G19080:0.00185463
661923at33090,2,Zm00001eb398400,Zm00001eb398400:0.00374223,NA,NA,NA,NA,NA,NA,AT5G19080,AT5G19080:0.00185463
66206at4447,2,Zm00001eb428910,Zm00001eb428910:0.000472997,NA,NA,NA,NA,HORVU.MOREX.r3.7HG0750280,HORVU.MOREX.r3.7HG0750280:0.000450225,NA,NA
662704at2759,2,NA,NA,SORBI_3004G033000,SORBI_3004G033000:3.21351e-05,LOC_Os02g01355,LOC_Os02g01355:1.10286e-05,NA,NA,NA,NA
662704at3193,2,NA,NA,SORBI_3004G033000,SORBI_3004G033000:3.21351e-05,LOC_Os02g01355,LOC_Os02g01355:1.10286e-05,NA,NA,NA,NA
662704at33090,2,NA,NA,SORBI_3004G033000,SORBI_3004G033000:3.21351e-05,LOC_Os02g01355,LOC_Os02g01355:1.10286e-05,NA,NA,NA,NA
662758at2759,2,Zm00001eb316850,Zm00001eb316850:0.00142837,NA,NA,NA,NA,NA,NA,AT2G33620,AT2G33620:0.000235711
662758at3193,2,Zm00001eb316850,Zm00001eb316850:0.00142837,NA,NA,NA,NA,NA,NA,AT2G33620,AT2G33620:0.000235711
662758at33090,2,Zm00001eb316850,Zm00001eb316850:0.00142837,NA,NA,NA,NA,NA,NA,AT2G33620,AT2G33620:0.000235711
662901at3193,2,Zm00001eb313960,Zm00001eb313960:0.00437751,NA,NA,NA,NA,NA,NA,AT5G51060,AT5G51060:0.00177075
66309at4447,2,Zm00001eb124920,Zm00001eb124920:0.000361531,NA,NA,NA,NA,HORVU.MOREX.r3.3HG0226230,HORVU.MOREX.r3.3HG0226230:0.00216394,NA,NA
66311at38820,2,Zm00001eb363070,Zm00001eb363070:0.00323108,NA,NA,NA,NA,HORVU.MOREX.r3.3HG0320240,HORVU.MOREX.r3.3HG0320240:0.00145634,NA,NA
66311at4447,2,Zm00001eb141000;Zm00001eb363070,Zm00001eb141000:0.00426546;Zm00001eb363070:0.00323108,NA,NA,NA,NA,HORVU.MOREX.r3.3HG0320240,HORVU.MOREX.r3.3HG0320240:0.00145634,NA,NA
663124at2759,2,Zm00001eb119430,Zm00001eb119430:0.00324004,SORBI_3003G225600,SORBI_3003G225600:0.0022979,NA,NA,NA,NA,NA,NA
663124at3193,2,Zm00001eb119430,Zm00001eb119430:0.00324004,SORBI_3003G225600,SORBI_3003G225600:0.0022979,NA,NA,NA,NA,NA,NA
663124at33090,2,Zm00001eb119430,Zm00001eb119430:0.00324004,SORBI_3003G225600,SORBI_3003G225600:0.0022979,NA,NA,NA,NA,NA,NA
663580at2759,2,NA,NA,NA,NA,NA,NA,HORVU.MOREX.r3.5HG0536370,HORVU.MOREX.r3.5HG0536370:0.00142403,AT2G34830,AT2G34830:0.000576465
663580at3193,2,NA,NA,NA,NA,NA,NA,HORVU.MOREX.r3.5HG0536370,HORVU.MOREX.r3.5HG0536370:0.00142403,AT2G34830,AT2G34830:0.000576465
663580at33090,2,NA,NA,NA,NA,NA,NA,HORVU.MOREX.r3.5HG0536370,HORVU.MOREX.r3.5HG0536370:0.00142403,AT2G34830,AT2G34830:0.000576465
664080at3193,2,Zm00001eb066790;Zm00001eb194970;Zm00001eb368390,Zm00001eb066790:0.0029543;Zm00001eb194970:0.00357327;Zm00001eb368390:0.00078221,NA,NA,LOC_Os01g08320,LOC_Os01g08320:0.00123679,NA,NA,NA,NA
664106at3193,2,Zm00001eb403790,Zm00001eb403790:0.000818639,NA,NA,NA,NA,NA,NA,AT4G21790,AT4G21790:6.61348e-05
66500at38820,2,Zm00001eb375030,Zm00001eb375030:0.00436105,SORBI_3004G333600,SORBI_3004G333600:0.00160705,NA,NA,NA,NA,NA,NA
66500at4447,2,Zm00001eb375030,Zm00001eb375030:0.00436105,SORBI_3004G333600,SORBI_3004G333600:0.00160705,NA,NA,NA,NA,NA,NA
665380at2759,2,Zm00001eb218310,Zm00001eb218310:0.00355481,NA,NA,NA,NA,HORVU.MOREX.r3.4HG0333110,HORVU.MOREX.r3.4HG0333110:3.93042e-05,NA,NA
665380at3193,2,Zm00001eb218310,Zm00001eb218310:0.00355481,NA,NA,NA,NA,HORVU.MOREX.r3.4HG0333110,HORVU.MOREX.r3.4HG0333110:3.93042e-05,NA,NA
665380at33090,2,Zm00001eb218310,Zm00001eb218310:0.00355481,NA,NA,NA,NA,HORVU.MOREX.r3.4HG0333110,HORVU.MOREX.r3.4HG0333110:3.93042e-05,NA,NA
665708at3193,2,Zm00001eb369030,Zm00001eb369030:0.000175983,NA,NA,NA,NA,NA,NA,AT1G09575;AT1G57610,AT1G09575:0.00185657;AT1G57610:0.00179463
665708at33090,2,Zm00001eb369030,Zm00001eb369030:0.000175983,NA,NA,NA,NA,NA,NA,AT1G09575;AT1G57610,AT1G09575:0.00185657;AT1G57610:0.00179463
666546at2759,2,Zm00001eb325640,Zm00001eb325640:0.00416513,SORBI_3002G353900;SORBI_3002G354000;SORBI_3002G354100;SORBI_3002G354200,SORBI_3002G353900:0.0013367;SORBI_3002G354000:0.0013367;SORBI_3002G354100:0.0013367;SORBI_3002G354200:0.0013367,NA,NA,NA,NA,NA,NA
666546at3193,2,Zm00001eb325640,Zm00001eb325640:0.00416513,SORBI_3002G353900;SORBI_3002G354000;SORBI_3002G354100;SORBI_3002G354200,SORBI_3002G353900:0.0013367;SORBI_3002G354000:0.0013367;SORBI_3002G354100:0.0013367;SORBI_3002G354200:0.0013367,NA,NA,NA,NA,NA,NA
666546at33090,2,Zm00001eb325640,Zm00001eb325640:0.00416513,SORBI_3002G353900;SORBI_3002G354000;SORBI_3002G354100;SORBI_3002G354200,SORBI_3002G353900:0.0013367;SORBI_3002G354000:0.0013367;SORBI_3002G354100:0.0013367;SORBI_3002G354200:0.0013367,NA,NA,NA,NA,NA,NA
666657at2759,2,Zm00001eb187650,Zm00001eb187650:0.00148778,NA,NA,NA,NA,HORVU.MOREX.r3.2HG0196570,HORVU.MOREX.r3.2HG0196570:0.0028336,NA,NA
666657at3193,2,Zm00001eb187650,Zm00001eb187650:0.00148778,NA,NA,NA,NA,HORVU.MOREX.r3.2HG0196570,HORVU.MOREX.r3.2HG0196570:0.0028336,NA,NA
666657at33090,2,Zm00001eb187650,Zm00001eb187650:0.00148778,NA,NA,NA,NA,HORVU.MOREX.r3.2HG0196570,HORVU.MOREX.r3.2HG0196570:0.0028336,NA,NA
666727at2759,2,Zm00001eb168830,Zm00001eb168830:0.000284058,NA,NA,NA,NA,NA,NA,AT1G05870;AT2G31560,AT1G05870:0.0017036;AT2G31560:0.000963366
666727at3193,2,Zm00001eb168830,Zm00001eb168830:0.000284058,NA,NA,NA,NA,NA,NA,AT1G05870;AT2G31560,AT1G05870:0.0017036;AT2G31560:0.000963366
666727at33090,2,Zm00001eb168830,Zm00001eb168830:0.000284058,NA,NA,NA,NA,NA,NA,AT1G05870;AT2G31560,AT1G05870:0.0017036;AT2G31560:0.000963366
666932at2759,2,NA,NA,SORBI_3010G052600,SORBI_3010G052600:0.00216069,NA,NA,NA,NA,AT3G50260;AT5G67190,AT3G50260:0.00061617;AT5G67190:0.000614681
666932at3193,2,NA,NA,SORBI_3010G052600,SORBI_3010G052600:0.00216069,NA,NA,NA,NA,AT3G50260;AT5G67190,AT3G50260:0.00061617;AT5G67190:0.000614681
666932at33090,2,NA,NA,SORBI_3010G052600,SORBI_3010G052600:0.00216069,NA,NA,NA,NA,AT3G50260;AT5G67190,AT3G50260:0.00061617;AT5G67190:0.000614681
667104at2759,2,NA,NA,NA,NA,LOC_Os09g04000,LOC_Os09g04000:0.000792993,HORVU.MOREX.r3.5HG0479000;HORVU.MOREX.r3.5HG0479030,HORVU.MOREX.r3.5HG0479000:0.00237909;HORVU.MOREX.r3.5HG0479030:0.00128524,NA,NA
667104at3193,2,NA,NA,NA,NA,LOC_Os09g04000,LOC_Os09g04000:0.000792993,HORVU.MOREX.r3.5HG0479000;HORVU.MOREX.r3.5HG0479030,HORVU.MOREX.r3.5HG0479000:0.00237909;HORVU.MOREX.r3.5HG0479030:0.00128524,NA,NA
667104at33090,2,NA,NA,NA,NA,LOC_Os09g04000,LOC_Os09g04000:0.000792993,HORVU.MOREX.r3.5HG0479000;HORVU.MOREX.r3.5HG0479030,HORVU.MOREX.r3.5HG0479000:0.00237909;HORVU.MOREX.r3.5HG0479030:0.00128524,NA,NA
667700at3193,2,Zm00001eb357790,Zm00001eb357790:0.00375224,NA,NA,NA,NA,NA,NA,AT1G48950,AT1G48950:0.000466975
667804at2759,2,NA,NA,SORBI_3003G099000,SORBI_3003G099000:0.001303,NA,NA,NA,NA,AT5G37800,AT5G37800:0.00159279
667804at3193,2,NA,NA,SORBI_3003G099000,SORBI_3003G099000:0.001303,NA,NA,NA,NA,AT5G37800,AT5G37800:0.00159279
667804at33090,2,NA,NA,SORBI_3003G099000,SORBI_3003G099000:0.001303,NA,NA,NA,NA,AT5G37800,AT5G37800:0.00159279
668486at2759,2,Zm00001eb411880;Zm00001eb433800,Zm00001eb411880:0.000648258;Zm00001eb433800:0.000245986,NA,NA,NA,NA,NA,NA,AT1G68220,AT1G68220:0.00114612
668486at3193,2,Zm00001eb411880;Zm00001eb433800,Zm00001eb411880:0.000648258;Zm00001eb433800:0.000245986,NA,NA,NA,NA,NA,NA,AT1G68220,AT1G68220:0.00114612
668486at33090,2,Zm00001eb411880;Zm00001eb433800,Zm00001eb411880:0.000648258;Zm00001eb433800:0.000245986,NA,NA,NA,NA,NA,NA,AT1G68220,AT1G68220:0.00114612
66854at38820,2,Zm00001eb107900,Zm00001eb107900:0.00117274,SORBI_3002G354600,SORBI_3002G354600:0.0013367,NA,NA,NA,NA,NA,NA
66854at4447,2,Zm00001eb107900,Zm00001eb107900:0.00117274,SORBI_3002G354600,SORBI_3002G354600:0.0013367,NA,NA,NA,NA,NA,NA
669085at3193,2,NA,NA,SORBI_3001G047800,SORBI_3001G047800:0.00191605,NA,NA,NA,NA,AT4G32470,AT4G32470:0.000375365
669155at2759,2,Zm00001eb355240,Zm00001eb355240:0.00344057,NA,NA,NA,NA,NA,NA,AT2G28550;AT4G36920,AT2G28550:0.00119435;AT4G36920:0.00084382
669155at33090,2,Zm00001eb355240,Zm00001eb355240:0.00344057,NA,NA,NA,NA,NA,NA,AT2G28550;AT4G36920,AT2G28550:0.00119435;AT4G36920:0.00084382
669219at2759,2,Zm00001eb334140,Zm00001eb334140:0.000954728,NA,NA,LOC_Os10g03300,LOC_Os10g03300:0.00138296,NA,NA,NA,NA
669219at3193,2,Zm00001eb334140,Zm00001eb334140:0.000954728,NA,NA,LOC_Os10g03300,LOC_Os10g03300:0.00138296,NA,NA,NA,NA
669219at33090,2,Zm00001eb334140,Zm00001eb334140:0.000954728,NA,NA,LOC_Os10g03300,LOC_Os10g03300:0.00138296,NA,NA,NA,NA
669393at3193,2,Zm00001eb206580;Zm00001eb286760,Zm00001eb206580:0.0043773;Zm00001eb286760:0.00431982,NA,NA,NA,NA,HORVU.MOREX.r3.3HG0318840,HORVU.MOREX.r3.3HG0318840:0.000543248,NA,NA
669393at33090,2,Zm00001eb206580;Zm00001eb286760,Zm00001eb206580:0.0043773;Zm00001eb286760:0.00431982,NA,NA,NA,NA,HORVU.MOREX.r3.3HG0318840,HORVU.MOREX.r3.3HG0318840:0.000543248,NA,NA
66956at38820,2,Zm00001eb128250,Zm00001eb128250:0.00294723,NA,NA,NA,NA,HORVU.MOREX.r3.3HG0255220,HORVU.MOREX.r3.3HG0255220:0.00248968,NA,NA
66956at4447,2,Zm00001eb128250,Zm00001eb128250:0.00294723,NA,NA,NA,NA,HORVU.MOREX.r3.3HG0255220,HORVU.MOREX.r3.3HG0255220:0.00248968,NA,NA
66964at38820,2,NA,NA,SORBI_3003G099300,SORBI_3003G099300:0.001303,NA,NA,HORVU.MOREX.r3.3HG0219160,HORVU.MOREX.r3.3HG0219160:0.000859699,NA,NA
66964at4447,2,NA,NA,SORBI_3003G099300,SORBI_3003G099300:0.001303,NA,NA,HORVU.MOREX.r3.3HG0219160,HORVU.MOREX.r3.3HG0219160:0.000859699,NA,NA
66971at38820,2,Zm00001eb082150,Zm00001eb082150:0.00157508,SORBI_3004G178500,SORBI_3004G178500:0.000558139,NA,NA,NA,NA,NA,NA
66971at4447,2,Zm00001eb082150,Zm00001eb082150:0.00157508,SORBI_3004G178500,SORBI_3004G178500:0.000558139,NA,NA,NA,NA,NA,NA
670007at33090,2,Zm00001eb109300;Zm00001eb300130,Zm00001eb109300:0.000896862;Zm00001eb300130:0.000502043,SORBI_3001G065600,SORBI_3001G065600:0.00231649,NA,NA,NA,NA,NA,NA
670286at2759,2,Zm00001eb323790,Zm00001eb323790:0.0011721,NA,NA,NA,NA,NA,NA,AT1G11380,AT1G11380:0.00103001
670286at3193,2,Zm00001eb323790,Zm00001eb323790:0.0011721,NA,NA,NA,NA,NA,NA,AT1G11380,AT1G11380:0.00103001
670286at33090,2,Zm00001eb323790,Zm00001eb323790:0.0011721,NA,NA,NA,NA,NA,NA,AT1G11380,AT1G11380:0.00103001
670572at3193,2,Zm00001eb002470,Zm00001eb002470:0.000219138,NA,NA,NA,NA,NA,NA,AT3G07070,AT3G07070:4.1367e-05
671131at3193,2,NA,NA,SORBI_3004G009200;SORBI_3004G009400;SORBI_3004G009500,SORBI_3004G009200:0.000203108;SORBI_3004G009400:0.000203108;SORBI_3004G009500:0.000203108,NA,NA,NA,NA,AT5G60770;AT5G60780,AT5G60770:0.00199039;AT5G60780:0.000715556
671510at2759,2,Zm00001eb118040,Zm00001eb118040:6.58596e-05,SORBI_3002G012000;SORBI_3002G012200,SORBI_3002G012000:0.00191444;SORBI_3002G012200:0.00191444,NA,NA,NA,NA,NA,NA
671510at3193,2,Zm00001eb118040,Zm00001eb118040:6.58596e-05,SORBI_3002G012000;SORBI_3002G012200,SORBI_3002G012000:0.00191444;SORBI_3002G012200:0.00191444,NA,NA,NA,NA,NA,NA
671510at33090,2,Zm00001eb118040,Zm00001eb118040:6.58596e-05,SORBI_3002G012000;SORBI_3002G012200,SORBI_3002G012000:0.00191444;SORBI_3002G012200:0.00191444,NA,NA,NA,NA,NA,NA
67155at38820,2,NA,NA,SORBI_3001G042500,SORBI_3001G042500:0.000844662,NA,NA,HORVU.MOREX.r3.7HG0659410,HORVU.MOREX.r3.7HG0659410:0.000851964,NA,NA
67155at4447,2,NA,NA,SORBI_3001G042500,SORBI_3001G042500:0.000844662,NA,NA,HORVU.MOREX.r3.7HG0659410,HORVU.MOREX.r3.7HG0659410:0.000851964,NA,NA
671689at2759,2,Zm00001eb212230,Zm00001eb212230:0.00236336,SORBI_3001G041400,SORBI_3001G041400:0.00182139,NA,NA,NA,NA,NA,NA
671689at3193,2,Zm00001eb212230,Zm00001eb212230:0.00236336,SORBI_3001G041400,SORBI_3001G041400:0.00182139,NA,NA,NA,NA,NA,NA
671689at33090,2,Zm00001eb212230,Zm00001eb212230:0.00236336,SORBI_3001G041400,SORBI_3001G041400:0.00182139,NA,NA,NA,NA,NA,NA
671819at2759,2,Zm00001eb334830,Zm00001eb334830:0.00284004,NA,NA,LOC_Os01g01210,LOC_Os01g01210:0.00096012,NA,NA,NA,NA
671819at3193,2,Zm00001eb334830,Zm00001eb334830:0.00284004,NA,NA,LOC_Os01g01210,LOC_Os01g01210:0.00096012,NA,NA,NA,NA
671819at33090,2,Zm00001eb334830,Zm00001eb334830:0.00284004,NA,NA,LOC_Os01g01210,LOC_Os01g01210:0.00096012,NA,NA,NA,NA
671880at2759,2,Zm00001eb402430,Zm00001eb402430:0.00133078,SORBI_3002G387000,SORBI_3002G387000:0.000986209,NA,NA,NA,NA,NA,NA
671880at3193,2,Zm00001eb402430,Zm00001eb402430:0.00133078,SORBI_3002G387000,SORBI_3002G387000:0.000986209,NA,NA,NA,NA,NA,NA
671880at33090,2,Zm00001eb402430,Zm00001eb402430:0.00133078,SORBI_3002G387000,SORBI_3002G387000:0.000986209,NA,NA,NA,NA,NA,NA
672748at2759,2,Zm00001eb370220,Zm00001eb370220:0.00327386,NA,NA,NA,NA,HORVU.MOREX.r3.3HG0291450,HORVU.MOREX.r3.3HG0291450:0.00158953,NA,NA
672748at3193,2,Zm00001eb370220,Zm00001eb370220:0.00327386,NA,NA,NA,NA,HORVU.MOREX.r3.3HG0291450,HORVU.MOREX.r3.3HG0291450:0.00158953,NA,NA
672748at33090,2,Zm00001eb370220,Zm00001eb370220:0.00327386,NA,NA,NA,NA,HORVU.MOREX.r3.3HG0291450,HORVU.MOREX.r3.3HG0291450:0.00158953,NA,NA
673017at2759,2,Zm00001eb298650,Zm00001eb298650:0.00151773,NA,NA,NA,NA,HORVU.MOREX.r3.4HG0408300,HORVU.MOREX.r3.4HG0408300:0.00118764,NA,NA
673017at3193,2,Zm00001eb298650,Zm00001eb298650:0.00151773,NA,NA,NA,NA,HORVU.MOREX.r3.4HG0408300,HORVU.MOREX.r3.4HG0408300:0.00118764,NA,NA
673017at33090,2,Zm00001eb298650,Zm00001eb298650:0.00151773,NA,NA,NA,NA,HORVU.MOREX.r3.4HG0408300,HORVU.MOREX.r3.4HG0408300:0.00118764,NA,NA
673166at2759,2,Zm00001eb397010,Zm00001eb397010:0.00145615,NA,NA,NA,NA,NA,NA,AT2G30010,AT2G30010:0.00117987
673166at3193,2,Zm00001eb397010,Zm00001eb397010:0.00145615,NA,NA,NA,NA,NA,NA,AT2G30010,AT2G30010:0.00117987
673166at33090,2,Zm00001eb397010,Zm00001eb397010:0.00145615,NA,NA,NA,NA,NA,NA,AT2G30010,AT2G30010:0.00117987
6732at38820,2,Zm00001eb226150,Zm00001eb226150:0.000156811,NA,NA,NA,NA,HORVU.MOREX.r3.7HG0730680,HORVU.MOREX.r3.7HG0730680:0.000858944,NA,NA
6732at4447,2,Zm00001eb226150,Zm00001eb226150:0.000156811,NA,NA,NA,NA,HORVU.MOREX.r3.7HG0730680,HORVU.MOREX.r3.7HG0730680:0.000858944,NA,NA
673381at3193,2,Zm00001eb111560;Zm00001eb139480;Zm00001eb330680,Zm00001eb111560:0.000744065;Zm00001eb139480:0.00179587;Zm00001eb330680:0.00219068,SORBI_3002G418100,SORBI_3002G418100:0.000400866,NA,NA,NA,NA,NA,NA
67358at2759,2,Zm00001eb288730,Zm00001eb288730:0.000227471,SORBI_3003G359800,SORBI_3003G359800:1.22879e-05,NA,NA,NA,NA,NA,NA
67358at3193,2,Zm00001eb288730,Zm00001eb288730:0.000227471,SORBI_3003G359800,SORBI_3003G359800:1.22879e-05,NA,NA,NA,NA,NA,NA
67358at33090,2,Zm00001eb288730,Zm00001eb288730:0.000227471,SORBI_3003G359800,SORBI_3003G359800:1.22879e-05,NA,NA,NA,NA,NA,NA
673621at3193,2,Zm00001eb375200,Zm00001eb375200:0.000563973,SORBI_3004G334400,SORBI_3004G334400:0.00160705,NA,NA,NA,NA,NA,NA
674129at2759,2,Zm00001eb368420,Zm00001eb368420:0.00211559,NA,NA,NA,NA,HORVU.MOREX.r3.3HG0303960,HORVU.MOREX.r3.3HG0303960:0.00109671,NA,NA
674129at3193,2,Zm00001eb368420,Zm00001eb368420:0.00211559,NA,NA,NA,NA,HORVU.MOREX.r3.3HG0303960,HORVU.MOREX.r3.3HG0303960:0.00109671,NA,NA
674129at33090,2,Zm00001eb368420,Zm00001eb368420:0.00211559,NA,NA,NA,NA,HORVU.MOREX.r3.3HG0303960,HORVU.MOREX.r3.3HG0303960:0.00109671,NA,NA
674282at2759,2,Zm00001eb213430,Zm00001eb213430:0.00444612,SORBI_3001G066100,SORBI_3001G066100:0.000536804,NA,NA,NA,NA,NA,NA
674282at3193,2,Zm00001eb213430,Zm00001eb213430:0.00444612,SORBI_3001G066100,SORBI_3001G066100:0.000536804,NA,NA,NA,NA,NA,NA
674282at33090,2,Zm00001eb213430,Zm00001eb213430:0.00444612,SORBI_3001G066100,SORBI_3001G066100:0.000536804,NA,NA,NA,NA,NA,NA
674436at2759,2,Zm00001eb401390,Zm00001eb401390:0.00348864,NA,NA,NA,NA,HORVU.MOREX.r3.4HG0406870,HORVU.MOREX.r3.4HG0406870:0.000373169,NA,NA
674436at3193,2,Zm00001eb401390,Zm00001eb401390:0.00348864,NA,NA,NA,NA,HORVU.MOREX.r3.4HG0406870,HORVU.MOREX.r3.4HG0406870:0.000373169,NA,NA
674436at33090,2,Zm00001eb401390,Zm00001eb401390:0.00348864,NA,NA,NA,NA,HORVU.MOREX.r3.4HG0406870,HORVU.MOREX.r3.4HG0406870:0.000373169,NA,NA
674490at3193,2,Zm00001eb187910,Zm00001eb187910:0.000696468,NA,NA,NA,NA,NA,NA,AT1G51680,AT1G51680:0.000615879
674490at33090,2,Zm00001eb187910,Zm00001eb187910:0.000696468,NA,NA,NA,NA,NA,NA,AT1G51680,AT1G51680:0.000615879
674504at2759,2,Zm00001eb108640;Zm00001eb323310,Zm00001eb108640:0.00423521;Zm00001eb323310:0.00278104,NA,NA,NA,NA,HORVU.MOREX.r3.5HG0501470;HORVU.MOREX.r3.5HG0501480,HORVU.MOREX.r3.5HG0501470:0.000150012;HORVU.MOREX.r3.5HG0501480:0.000150012,NA,NA
674504at3193,2,Zm00001eb108640;Zm00001eb323310,Zm00001eb108640:0.00423521;Zm00001eb323310:0.00278104,NA,NA,NA,NA,HORVU.MOREX.r3.5HG0501470;HORVU.MOREX.r3.5HG0501480,HORVU.MOREX.r3.5HG0501470:0.000150012;HORVU.MOREX.r3.5HG0501480:0.000150012,NA,NA
674504at33090,2,Zm00001eb108640;Zm00001eb323310,Zm00001eb108640:0.00423521;Zm00001eb323310:0.00278104,NA,NA,NA,NA,HORVU.MOREX.r3.5HG0501470;HORVU.MOREX.r3.5HG0501480,HORVU.MOREX.r3.5HG0501470:0.000150012;HORVU.MOREX.r3.5HG0501480:0.000150012,NA,NA
67452at38820,2,Zm00001eb368390,Zm00001eb368390:0.00078221,NA,NA,LOC_Os01g08320,LOC_Os01g08320:0.00123679,NA,NA,NA,NA
67452at4447,2,Zm00001eb368390,Zm00001eb368390:0.00078221,NA,NA,LOC_Os01g08320,LOC_Os01g08320:0.00123679,NA,NA,NA,NA
674725at3193,2,Zm00001eb221240,Zm00001eb221240:0.00448632,NA,NA,NA,NA,HORVU.MOREX.r3.7HG0634380,HORVU.MOREX.r3.7HG0634380:0.000188861,NA,NA
674725at33090,2,Zm00001eb221240,Zm00001eb221240:0.00448632,NA,NA,NA,NA,HORVU.MOREX.r3.7HG0634380,HORVU.MOREX.r3.7HG0634380:0.000188861,NA,NA
674768at3193,2,Zm00001eb063410;Zm00001eb212270,Zm00001eb063410:0.000112588;Zm00001eb212270:0.00236336,SORBI_3001G402200,SORBI_3001G402200:0.0032254,NA,NA,NA,NA,NA,NA
674868at3193,2,Zm00001eb327130,Zm00001eb327130:0.000347168,SORBI_3004G009000,SORBI_3004G009000:0.000203108,NA,NA,NA,NA,NA,NA
674868at33090,2,Zm00001eb327130,Zm00001eb327130:0.000347168,SORBI_3004G009000,SORBI_3004G009000:0.000203108,NA,NA,NA,NA,NA,NA
675910at2759,2,NA,NA,SORBI_3009G217200,SORBI_3009G217200:0.000202206,NA,NA,NA,NA,AT3G57660,AT3G57660:0.00187131
675910at3193,2,NA,NA,SORBI_3009G217200,SORBI_3009G217200:0.000202206,NA,NA,NA,NA,AT3G57660,AT3G57660:0.00187131
675910at33090,2,NA,NA,SORBI_3009G217200,SORBI_3009G217200:0.000202206,NA,NA,NA,NA,AT3G57660,AT3G57660:0.00187131
676370at2759,2,Zm00001eb288380,Zm00001eb288380:0.00252585,NA,NA,NA,NA,HORVU.MOREX.r3.3HG0323750,HORVU.MOREX.r3.3HG0323750:3.02484e-05,NA,NA
676370at3193,2,Zm00001eb288380,Zm00001eb288380:0.00252585,NA,NA,NA,NA,HORVU.MOREX.r3.3HG0323750,HORVU.MOREX.r3.3HG0323750:3.02484e-05,NA,NA
676370at33090,2,Zm00001eb288380,Zm00001eb288380:0.00252585,NA,NA,NA,NA,HORVU.MOREX.r3.3HG0323750,HORVU.MOREX.r3.3HG0323750:3.02484e-05,NA,NA
676501at2759,2,Zm00001eb144450,Zm00001eb144450:0.00456079,NA,NA,NA,NA,NA,NA,AT2G43140,AT2G43140:0.000922976
676501at3193,2,Zm00001eb144450,Zm00001eb144450:0.00456079,NA,NA,NA,NA,NA,NA,AT2G43140,AT2G43140:0.000922976
676501at33090,2,Zm00001eb144450,Zm00001eb144450:0.00456079,NA,NA,NA,NA,NA,NA,AT2G43140,AT2G43140:0.000922976
676568at2759,2,Zm00001eb073360;Zm00001eb206740,Zm00001eb073360:0.00246715;Zm00001eb206740:0.000375561,NA,NA,NA,NA,HORVU.MOREX.r3.6HG0568510,HORVU.MOREX.r3.6HG0568510:0.000656906,NA,NA
677511at2759,2,Zm00001eb141000;Zm00001eb363070,Zm00001eb141000:0.00426546;Zm00001eb363070:0.00323108,NA,NA,NA,NA,HORVU.MOREX.r3.3HG0320240,HORVU.MOREX.r3.3HG0320240:0.00145634,NA,NA
677511at3193,2,Zm00001eb141000;Zm00001eb363070,Zm00001eb141000:0.00426546;Zm00001eb363070:0.00323108,NA,NA,NA,NA,HORVU.MOREX.r3.3HG0320240,HORVU.MOREX.r3.3HG0320240:0.00145634,NA,NA
677511at33090,2,Zm00001eb141000;Zm00001eb363070,Zm00001eb141000:0.00426546;Zm00001eb363070:0.00323108,NA,NA,NA,NA,HORVU.MOREX.r3.3HG0320240,HORVU.MOREX.r3.3HG0320240:0.00145634,NA,NA
67754at33090,2,Zm00001eb212060,Zm00001eb212060:0.00384008,NA,NA,NA,NA,NA,NA,AT4G26480,AT4G26480:0.000525572
677586at3193,2,NA,NA,SORBI_3002G040300,SORBI_3002G040300:6.43278e-06,NA,NA,NA,NA,AT1G62780,AT1G62780:0.000291505
677860at2759,2,NA,NA,SORBI_3002G362500,SORBI_3002G362500:0.00335657,NA,NA,NA,NA,AT3G29170,AT3G29170:0.000527173
677860at3193,2,NA,NA,SORBI_3002G362500,SORBI_3002G362500:0.00335657,NA,NA,NA,NA,AT3G29170,AT3G29170:0.000527173
677860at33090,2,NA,NA,SORBI_3002G362500,SORBI_3002G362500:0.00335657,NA,NA,NA,NA,AT3G29170,AT3G29170:0.000527173
678476at3193,2,Zm00001eb162570,Zm00001eb162570:0.00236765,NA,NA,NA,NA,NA,NA,AT1G12110,AT1G12110:0.00188858
678704at3193,2,Zm00001eb112170;Zm00001eb167830,Zm00001eb112170:0.00165336;Zm00001eb167830:0.00452177,SORBI_3001G074000,SORBI_3001G074000:0.00228545,NA,NA,NA,NA,NA,NA
67885at38820,2,Zm00001eb099490,Zm00001eb099490:0.00410519,NA,NA,NA,NA,HORVU.MOREX.r3.5HG0484180,HORVU.MOREX.r3.5HG0484180:0.0013124,NA,NA
67885at4447,2,Zm00001eb099490,Zm00001eb099490:0.00410519,NA,NA,NA,NA,HORVU.MOREX.r3.5HG0484180,HORVU.MOREX.r3.5HG0484180:0.0013124,NA,NA
67890at38820,2,Zm00001eb321070,Zm00001eb321070:0.00201875,NA,NA,NA,NA,HORVU.MOREX.r3.5HG0502430,HORVU.MOREX.r3.5HG0502430:0.00165305,NA,NA
67890at4447,2,Zm00001eb321070,Zm00001eb321070:0.00201875,NA,NA,NA,NA,HORVU.MOREX.r3.5HG0502430;HORVU.MOREX.r3.5HG0502470,HORVU.MOREX.r3.5HG0502430:0.00165305;HORVU.MOREX.r3.5HG0502470:0.00165305,NA,NA
678984at3193,2,Zm00001eb066630,Zm00001eb066630:0.00276142,NA,NA,NA,NA,NA,NA,AT2G02220,AT2G02220:0.000664221
679692at2759,2,NA,NA,SORBI_3001G041500,SORBI_3001G041500:0.00182139,NA,NA,NA,NA,AT2G41130,AT2G41130:0.00203751
679692at3193,2,NA,NA,SORBI_3001G041500,SORBI_3001G041500:0.00182139,NA,NA,NA,NA,AT2G41130,AT2G41130:0.00203751
679692at33090,2,NA,NA,SORBI_3001G041500,SORBI_3001G041500:0.00182139,NA,NA,NA,NA,AT2G41130,AT2G41130:0.00203751
679816at2759,2,Zm00001eb433510,Zm00001eb433510:0.000820257,NA,NA,NA,NA,NA,NA,AT1G48940,AT1G48940:0.00073011
679816at3193,2,Zm00001eb433510,Zm00001eb433510:0.000820257,NA,NA,NA,NA,NA,NA,AT1G48940,AT1G48940:0.00073011
679816at33090,2,Zm00001eb433510,Zm00001eb433510:0.000820257,NA,NA,NA,NA,NA,NA,AT1G48940,AT1G48940:0.00073011
680096at3193,2,Zm00001eb146750,Zm00001eb146750:0.000502528,NA,NA,NA,NA,NA,NA,AT1G43670,AT1G43670:0.00133892
680226at2759,2,Zm00001eb082130,Zm00001eb082130:0.00013321,SORBI_3004G178000,SORBI_3004G178000:0.000558139,NA,NA,NA,NA,NA,NA
680226at3193,2,Zm00001eb082130,Zm00001eb082130:0.00013321,SORBI_3004G178000,SORBI_3004G178000:0.000558139,NA,NA,NA,NA,NA,NA
680226at33090,2,Zm00001eb082130,Zm00001eb082130:0.00013321,SORBI_3004G178000,SORBI_3004G178000:0.000558139,NA,NA,NA,NA,NA,NA
680367at2759,2,Zm00001eb081280;Zm00001eb081290,Zm00001eb081280:0.00238479;Zm00001eb081290:0.00238479,NA,NA,NA,NA,HORVU.MOREX.r3.2HG0172200,HORVU.MOREX.r3.2HG0172200:0.000159951,NA,NA
680367at3193,2,Zm00001eb081280;Zm00001eb081290,Zm00001eb081280:0.00238479;Zm00001eb081290:0.00238479,NA,NA,NA,NA,HORVU.MOREX.r3.2HG0172200,HORVU.MOREX.r3.2HG0172200:0.000159951,NA,NA
680367at33090,2,Zm00001eb081280;Zm00001eb081290,Zm00001eb081280:0.00238479;Zm00001eb081290:0.00238479,NA,NA,NA,NA,HORVU.MOREX.r3.2HG0172200,HORVU.MOREX.r3.2HG0172200:0.000159951,NA,NA
68073at4447,2,Zm00001eb151300;Zm00001eb151310;Zm00001eb323640,Zm00001eb151300:0.00386657;Zm00001eb151310:0.00386657;Zm00001eb323640:0.00422004,SORBI_3001G190100,SORBI_3001G190100:0.000829332,NA,NA,NA,NA,NA,NA
680753at2759,2,Zm00001eb250240,Zm00001eb250240:0.00376106,NA,NA,NA,NA,HORVU.MOREX.r3.2HG0187780,HORVU.MOREX.r3.2HG0187780:6.47297e-05,NA,NA
680753at3193,2,Zm00001eb250240,Zm00001eb250240:0.00376106,NA,NA,NA,NA,HORVU.MOREX.r3.2HG0187780,HORVU.MOREX.r3.2HG0187780:6.47297e-05,NA,NA
680753at33090,2,Zm00001eb250240,Zm00001eb250240:0.00376106,NA,NA,NA,NA,HORVU.MOREX.r3.2HG0187780,HORVU.MOREX.r3.2HG0187780:6.47297e-05,NA,NA
680987at2759,2,Zm00001eb355150;Zm00001eb397130,Zm00001eb355150:0.00268329;Zm00001eb397130:0.00024328,SORBI_3001G409200,SORBI_3001G409200:0.00334031,NA,NA,NA,NA,NA,NA
680987at3193,2,Zm00001eb355150;Zm00001eb397130,Zm00001eb355150:0.00268329;Zm00001eb397130:0.00024328,SORBI_3001G409200,SORBI_3001G409200:0.00334031,NA,NA,NA,NA,NA,NA
680987at33090,2,Zm00001eb355150;Zm00001eb397130,Zm00001eb355150:0.00268329;Zm00001eb397130:0.00024328,SORBI_3001G409200,SORBI_3001G409200:0.00334031,NA,NA,NA,NA,NA,NA
681007at2759,2,Zm00001eb152920,Zm00001eb152920:0.00271766,NA,NA,NA,NA,HORVU.MOREX.r3.3HG0289380,HORVU.MOREX.r3.3HG0289380:0.00155144,NA,NA
681007at3193,2,Zm00001eb152920,Zm00001eb152920:0.00271766,NA,NA,NA,NA,HORVU.MOREX.r3.3HG0289380,HORVU.MOREX.r3.3HG0289380:0.00155144,NA,NA
681007at33090,2,Zm00001eb152920,Zm00001eb152920:0.00271766,NA,NA,NA,NA,HORVU.MOREX.r3.3HG0289380,HORVU.MOREX.r3.3HG0289380:0.00155144,NA,NA
682132at2759,2,Zm00001eb394940,Zm00001eb394940:0.00155449,NA,NA,NA,NA,NA,NA,AT5G27770,AT5G27770:0.000265261
682164at2759,2,Zm00001eb209300,Zm00001eb209300:0.00120694,NA,NA,NA,NA,HORVU.MOREX.r3.6HG0547910,HORVU.MOREX.r3.6HG0547910:0.000798632,NA,NA
682164at3193,2,Zm00001eb209300,Zm00001eb209300:0.00120694,NA,NA,NA,NA,HORVU.MOREX.r3.6HG0547910,HORVU.MOREX.r3.6HG0547910:0.000798632,NA,NA
682164at33090,2,Zm00001eb209300,Zm00001eb209300:0.00120694,NA,NA,NA,NA,HORVU.MOREX.r3.6HG0547910,HORVU.MOREX.r3.6HG0547910:0.000798632,NA,NA
682472at2759,2,Zm00001eb231850,Zm00001eb231850:0.00300538,SORBI_3004G035200,SORBI_3004G035200:0.00190954,NA,NA,NA,NA,NA,NA
682472at3193,2,Zm00001eb231850,Zm00001eb231850:0.00300538,SORBI_3004G035200,SORBI_3004G035200:0.00190954,NA,NA,NA,NA,NA,NA
682472at33090,2,Zm00001eb231850,Zm00001eb231850:0.00300538,SORBI_3004G035200,SORBI_3004G035200:0.00190954,NA,NA,NA,NA,NA,NA
682970at2759,2,Zm00001eb153070,Zm00001eb153070:0.00299434,SORBI_3009G200700,SORBI_3009G200700:0.0020325,NA,NA,NA,NA,NA,NA
682970at3193,2,Zm00001eb153070,Zm00001eb153070:0.00299434,SORBI_3009G200700,SORBI_3009G200700:0.0020325,NA,NA,NA,NA,NA,NA
682970at33090,2,Zm00001eb153070,Zm00001eb153070:0.00299434,SORBI_3009G200700,SORBI_3009G200700:0.0020325,NA,NA,NA,NA,NA,NA
683010at2759,2,Zm00001eb296280,Zm00001eb296280:0.000857976,NA,NA,NA,NA,HORVU.MOREX.r3.3HG0274650,HORVU.MOREX.r3.3HG0274650:0.000130063,NA,NA
683010at3193,2,Zm00001eb296280,Zm00001eb296280:0.000857976,NA,NA,NA,NA,HORVU.MOREX.r3.3HG0274650,HORVU.MOREX.r3.3HG0274650:0.000130063,NA,NA
683010at33090,2,Zm00001eb296280,Zm00001eb296280:0.000857976,NA,NA,NA,NA,HORVU.MOREX.r3.3HG0274650,HORVU.MOREX.r3.3HG0274650:0.000130063,NA,NA
683171at2759,2,Zm00001eb377500,Zm00001eb377500:0.00334144,NA,NA,NA,NA,HORVU.MOREX.r3.7HG0648140,HORVU.MOREX.r3.7HG0648140:0.00101155,NA,NA
683171at3193,2,Zm00001eb377500,Zm00001eb377500:0.00334144,NA,NA,NA,NA,HORVU.MOREX.r3.7HG0648140,HORVU.MOREX.r3.7HG0648140:0.00101155,NA,NA
683171at33090,2,Zm00001eb377500,Zm00001eb377500:0.00334144,NA,NA,NA,NA,HORVU.MOREX.r3.7HG0648140,HORVU.MOREX.r3.7HG0648140:0.00101155,NA,NA
683791at2759,2,Zm00001eb327710,Zm00001eb327710:0.0043942,SORBI_3001G189700;SORBI_3001G189800,SORBI_3001G189700:0.000186705;SORBI_3001G189800:0.000186705,NA,NA,NA,NA,NA,NA
683791at3193,2,Zm00001eb327710,Zm00001eb327710:0.0043942,SORBI_3001G189700;SORBI_3001G189800,SORBI_3001G189700:0.000186705;SORBI_3001G189800:0.000186705,NA,NA,NA,NA,NA,NA
683791at33090,2,Zm00001eb327710,Zm00001eb327710:0.0043942,SORBI_3001G189700;SORBI_3001G189800,SORBI_3001G189700:0.000186705;SORBI_3001G189800:0.000186705,NA,NA,NA,NA,NA,NA
683832at2759,2,Zm00001eb366460,Zm00001eb366460:0.00386749,NA,NA,LOC_Os01g08750,LOC_Os01g08750:0.000944472,NA,NA,NA,NA
683832at3193,2,Zm00001eb366460,Zm00001eb366460:0.00386749,NA,NA,LOC_Os01g08750,LOC_Os01g08750:0.000944472,NA,NA,NA,NA
683832at33090,2,Zm00001eb366460,Zm00001eb366460:0.00386749,NA,NA,LOC_Os01g08750,LOC_Os01g08750:0.000944472,NA,NA,NA,NA
683843at2759,2,Zm00001eb305500,Zm00001eb305500:0.000559538,SORBI_3002G119200,SORBI_3002G119200:0.00114327,NA,NA,NA,NA,NA,NA
683843at3193,2,Zm00001eb305500,Zm00001eb305500:0.000559538,SORBI_3002G119200,SORBI_3002G119200:0.00114327,NA,NA,NA,NA,NA,NA
683843at33090,2,Zm00001eb305500,Zm00001eb305500:0.000559538,SORBI_3002G119200,SORBI_3002G119200:0.00114327,NA,NA,NA,NA,NA,NA
683851at3193,2,Zm00001eb427520,Zm00001eb427520:0.000718204,NA,NA,NA,NA,NA,NA,AT3G43630,AT3G43630:0.000344658
684127at2759,2,Zm00001eb244610;Zm00001eb244620,Zm00001eb244610:0.00120651;Zm00001eb244620:0.00120651,NA,NA,NA,NA,HORVU.MOREX.r3.2HG0172080,HORVU.MOREX.r3.2HG0172080:0.00122518,NA,NA
684127at3193,2,Zm00001eb244610;Zm00001eb244620,Zm00001eb244610:0.00120651;Zm00001eb244620:0.00120651,NA,NA,NA,NA,HORVU.MOREX.r3.2HG0172080,HORVU.MOREX.r3.2HG0172080:0.00122518,NA,NA
684127at33090,2,Zm00001eb244610;Zm00001eb244620,Zm00001eb244610:0.00120651;Zm00001eb244620:0.00120651,NA,NA,NA,NA,HORVU.MOREX.r3.2HG0172080,HORVU.MOREX.r3.2HG0172080:0.00122518,NA,NA
684149at2759,2,NA,NA,SORBI_3004G320300,SORBI_3004G320300:0.000165494,NA,NA,HORVU.MOREX.r3.6HG0621170,HORVU.MOREX.r3.6HG0621170:0.000185264,NA,NA
684149at3193,2,NA,NA,SORBI_3004G320300,SORBI_3004G320300:0.000165494,NA,NA,HORVU.MOREX.r3.6HG0621170,HORVU.MOREX.r3.6HG0621170:0.000185264,NA,NA
684149at33090,2,NA,NA,SORBI_3004G320300,SORBI_3004G320300:0.000165494,NA,NA,HORVU.MOREX.r3.6HG0621170,HORVU.MOREX.r3.6HG0621170:0.000185264,NA,NA
684437at2759,2,Zm00001eb170530,Zm00001eb170530:0.00347161,NA,NA,NA,NA,NA,NA,AT3G26744,AT3G26744:0.0019671
684437at3193,2,Zm00001eb170530,Zm00001eb170530:0.00347161,NA,NA,NA,NA,NA,NA,AT3G26744,AT3G26744:0.0019671
684437at33090,2,Zm00001eb170530,Zm00001eb170530:0.00347161,NA,NA,NA,NA,NA,NA,AT3G26744,AT3G26744:0.0019671
684900at2759,2,Zm00001eb058770,Zm00001eb058770:0.00398865,SORBI_3001G076300,SORBI_3001G076300:0.00129588,NA,NA,NA,NA,NA,NA
684900at3193,2,Zm00001eb058770,Zm00001eb058770:0.00398865,SORBI_3001G076300,SORBI_3001G076300:0.00129588,NA,NA,NA,NA,NA,NA
684900at33090,2,Zm00001eb058770,Zm00001eb058770:0.00398865,SORBI_3001G076300,SORBI_3001G076300:0.00129588,NA,NA,NA,NA,NA,NA
684923at2759,2,Zm00001eb041610,Zm00001eb041610:0.00409307,SORBI_3002G198500,SORBI_3002G198500:0.00292635,NA,NA,NA,NA,NA,NA
684923at3193,2,Zm00001eb041610,Zm00001eb041610:0.00409307,SORBI_3002G198500,SORBI_3002G198500:0.00292635,NA,NA,NA,NA,NA,NA
684923at33090,2,Zm00001eb041610,Zm00001eb041610:0.00409307,SORBI_3002G198500,SORBI_3002G198500:0.00292635,NA,NA,NA,NA,NA,NA
68622at38820,2,Zm00001eb220030,Zm00001eb220030:0.000379335,SORBI_3001G044100,SORBI_3001G044100:0.0033107,NA,NA,NA,NA,NA,NA
686270at2759,2,Zm00001eb433250,Zm00001eb433250:0.00371748,NA,NA,NA,NA,NA,NA,AT1G12020,AT1G12020:0.000316853
686270at3193,2,Zm00001eb433250,Zm00001eb433250:0.00371748,NA,NA,NA,NA,NA,NA,AT1G12020,AT1G12020:0.000316853
686270at33090,2,Zm00001eb433250,Zm00001eb433250:0.00371748,NA,NA,NA,NA,NA,NA,AT1G12020,AT1G12020:0.000316853
68699at38820,2,Zm00001eb058770,Zm00001eb058770:0.00398865,SORBI_3001G076300,SORBI_3001G076300:0.00129588,NA,NA,NA,NA,NA,NA
68699at4447,2,Zm00001eb058770,Zm00001eb058770:0.00398865,SORBI_3001G076300,SORBI_3001G076300:0.00129588,NA,NA,NA,NA,NA,NA
687144at2759,2,Zm00001eb061540,Zm00001eb061540:0.00378684,SORBI_3001G048000,SORBI_3001G048000:0.00191605,NA,NA,NA,NA,NA,NA
687144at3193,2,Zm00001eb061540,Zm00001eb061540:0.00378684,SORBI_3001G048000,SORBI_3001G048000:0.00191605,NA,NA,NA,NA,NA,NA
687144at33090,2,Zm00001eb061540,Zm00001eb061540:0.00378684,SORBI_3001G048000,SORBI_3001G048000:0.00191605,NA,NA,NA,NA,NA,NA
687448at2759,2,NA,NA,NA,NA,NA,NA,HORVU.MOREX.r3.3HG0280920,HORVU.MOREX.r3.3HG0280920:0.000493458,AT5G17350,AT5G17350:0.000782906
687448at3193,2,NA,NA,NA,NA,NA,NA,HORVU.MOREX.r3.3HG0280920,HORVU.MOREX.r3.3HG0280920:0.000493458,AT5G17350,AT5G17350:0.000782906
687448at33090,2,NA,NA,NA,NA,NA,NA,HORVU.MOREX.r3.3HG0280920,HORVU.MOREX.r3.3HG0280920:0.000493458,AT5G17350,AT5G17350:0.000782906
687520at2759,2,Zm00001eb067680;Zm00001eb274770,Zm00001eb067680:0.00447193;Zm00001eb274770:0.0011837,SORBI_3006G248600,SORBI_3006G248600:0.00142724,NA,NA,NA,NA,NA,NA
687520at3193,2,Zm00001eb067680;Zm00001eb274770,Zm00001eb067680:0.00447193;Zm00001eb274770:0.0011837,SORBI_3006G248600,SORBI_3006G248600:0.00142724,NA,NA,NA,NA,NA,NA
687520at33090,2,Zm00001eb067680;Zm00001eb274770,Zm00001eb067680:0.00447193;Zm00001eb274770:0.0011837,SORBI_3006G248600,SORBI_3006G248600:0.00142724,NA,NA,NA,NA,NA,NA
68753at38820,2,NA,NA,SORBI_3001G206000,SORBI_3001G206000:0.000964868,NA,NA,HORVU.MOREX.r3.1HG0046900,HORVU.MOREX.r3.1HG0046900:0.000688391,NA,NA
68753at4447,2,NA,NA,SORBI_3001G206000,SORBI_3001G206000:0.000964868,NA,NA,HORVU.MOREX.r3.1HG0046900,HORVU.MOREX.r3.1HG0046900:0.000688391,NA,NA
687819at2759,2,Zm00001eb146800,Zm00001eb146800:0.000719215,NA,NA,LOC_Os01g08660,LOC_Os01g08660:0.000297793,NA,NA,NA,NA
687819at3193,2,Zm00001eb146800,Zm00001eb146800:0.000719215,NA,NA,LOC_Os01g08660,LOC_Os01g08660:0.000297793,NA,NA,NA,NA
687819at33090,2,Zm00001eb146800,Zm00001eb146800:0.000719215,NA,NA,LOC_Os01g08660,LOC_Os01g08660:0.000297793,NA,NA,NA,NA
688044at33090,2,Zm00001eb160160,Zm00001eb160160:8.74501e-05,NA,NA,NA,NA,HORVU.MOREX.r3.3HG0267220,HORVU.MOREX.r3.3HG0267220:0.000886836,NA,NA
688263at3193,2,Zm00001eb367490,Zm00001eb367490:0.00276792,NA,NA,NA,NA,NA,NA,AT3G54130,AT3G54130:0.00156508
688449at2759,2,Zm00001eb213050,Zm00001eb213050:0.000582644,NA,NA,NA,NA,HORVU.MOREX.r3.5HG0518540,HORVU.MOREX.r3.5HG0518540:0.002719,NA,NA
688449at3193,2,Zm00001eb213050,Zm00001eb213050:0.000582644,NA,NA,NA,NA,HORVU.MOREX.r3.5HG0518540,HORVU.MOREX.r3.5HG0518540:0.002719,NA,NA
688449at33090,2,Zm00001eb213050,Zm00001eb213050:0.000582644,NA,NA,NA,NA,HORVU.MOREX.r3.5HG0518540,HORVU.MOREX.r3.5HG0518540:0.002719,NA,NA
688485at2759,2,Zm00001eb229660,Zm00001eb229660:0.000149622,SORBI_3004G007900,SORBI_3004G007900:0.00187195,NA,NA,NA,NA,NA,NA
688485at3193,2,Zm00001eb229660,Zm00001eb229660:0.000149622,SORBI_3004G007900,SORBI_3004G007900:0.00187195,NA,NA,NA,NA,NA,NA
688485at33090,2,Zm00001eb229660,Zm00001eb229660:0.000149622,SORBI_3004G007900,SORBI_3004G007900:0.00187195,NA,NA,NA,NA,NA,NA
68858at3193,2,Zm00001eb400510,Zm00001eb400510:0.00360987,SORBI_3002G362000,SORBI_3002G362000:0.00335657,NA,NA,NA,NA,NA,NA
689144at2759,2,Zm00001eb015430,Zm00001eb015430:8.10831e-05,SORBI_3003G333000,SORBI_3003G333000:0.00314808,NA,NA,NA,NA,NA,NA
689144at3193,2,Zm00001eb015430,Zm00001eb015430:8.10831e-05,SORBI_3003G333000,SORBI_3003G333000:0.00314808,NA,NA,NA,NA,NA,NA
689144at33090,2,Zm00001eb015430,Zm00001eb015430:8.10831e-05,SORBI_3003G333000,SORBI_3003G333000:0.00314808,NA,NA,NA,NA,NA,NA
689341at2759,2,Zm00001eb371980,Zm00001eb371980:0.00149424,NA,NA,NA,NA,NA,NA,AT5G44190,AT5G44190:0.00199848
689341at3193,2,Zm00001eb371980,Zm00001eb371980:0.00149424,NA,NA,NA,NA,NA,NA,AT5G44190,AT5G44190:0.00199848
689341at33090,2,Zm00001eb371980,Zm00001eb371980:0.00149424,NA,NA,NA,NA,NA,NA,AT5G44190,AT5G44190:0.00199848
689544at2759,2,NA,NA,SORBI_3002G264100,SORBI_3002G264100:0.000571952,NA,NA,NA,NA,AT1G06070,AT1G06070:0.00107182
689544at3193,2,NA,NA,SORBI_3002G264100,SORBI_3002G264100:0.000571952,NA,NA,NA,NA,AT1G06070,AT1G06070:0.00107182
689544at33090,2,NA,NA,SORBI_3002G264100,SORBI_3002G264100:0.000571952,NA,NA,NA,NA,AT1G06070,AT1G06070:0.00107182
689783at2759,2,NA,NA,SORBI_3002G263400,SORBI_3002G263400:0.000571952,NA,NA,HORVU.MOREX.r3.5HG0496150,HORVU.MOREX.r3.5HG0496150:0.00287904,NA,NA
689783at3193,2,NA,NA,SORBI_3002G263400,SORBI_3002G263400:0.000571952,NA,NA,HORVU.MOREX.r3.5HG0496150,HORVU.MOREX.r3.5HG0496150:0.00287904,NA,NA
689783at33090,2,NA,NA,SORBI_3002G263400,SORBI_3002G263400:0.000571952,NA,NA,HORVU.MOREX.r3.5HG0496150,HORVU.MOREX.r3.5HG0496150:0.00287904,NA,NA
689860at2759,2,Zm00001eb305470,Zm00001eb305470:0.00253166,SORBI_3003G033300,SORBI_3003G033300:5.78036e-05,NA,NA,NA,NA,NA,NA
689860at3193,2,Zm00001eb305470,Zm00001eb305470:0.00253166,SORBI_3003G033300,SORBI_3003G033300:5.78036e-05,NA,NA,NA,NA,NA,NA
689860at33090,2,Zm00001eb305470,Zm00001eb305470:0.00253166,SORBI_3003G033300,SORBI_3003G033300:5.78036e-05,NA,NA,NA,NA,NA,NA
689924at2759,2,Zm00001eb374680,Zm00001eb374680:0.00248964,NA,NA,NA,NA,HORVU.MOREX.r3.7HG0659020,HORVU.MOREX.r3.7HG0659020:0.000182906,NA,NA
689924at3193,2,Zm00001eb374680,Zm00001eb374680:0.00248964,NA,NA,NA,NA,HORVU.MOREX.r3.7HG0659020,HORVU.MOREX.r3.7HG0659020:0.000182906,NA,NA
689924at33090,2,Zm00001eb374680,Zm00001eb374680:0.00248964,NA,NA,NA,NA,HORVU.MOREX.r3.7HG0659020,HORVU.MOREX.r3.7HG0659020:0.000182906,NA,NA
690076at2759,2,Zm00001eb228000,Zm00001eb228000:0.00223783,SORBI_3010G265500,SORBI_3010G265500:0.00113799,NA,NA,NA,NA,NA,NA
690076at3193,2,Zm00001eb228000,Zm00001eb228000:0.00223783,SORBI_3010G265500,SORBI_3010G265500:0.00113799,NA,NA,NA,NA,NA,NA
690076at33090,2,Zm00001eb228000,Zm00001eb228000:0.00223783,SORBI_3010G265500,SORBI_3010G265500:0.00113799,NA,NA,NA,NA,NA,NA
691284at2759,2,Zm00001eb242930,Zm00001eb242930:0.00309787,NA,NA,LOC_Os04g04150,LOC_Os04g04150:0.000716473,NA,NA,NA,NA
691284at3193,2,Zm00001eb242930,Zm00001eb242930:0.00309787,NA,NA,LOC_Os04g04150,LOC_Os04g04150:0.000716473,NA,NA,NA,NA
691284at33090,2,Zm00001eb242930,Zm00001eb242930:0.00309787,NA,NA,LOC_Os04g04150,LOC_Os04g04150:0.000716473,NA,NA,NA,NA
691692at2759,2,Zm00001eb157360,Zm00001eb157360:0.000865322,NA,NA,NA,NA,NA,NA,AT2G33880,AT2G33880:0.000831095
691692at3193,2,Zm00001eb157360,Zm00001eb157360:0.000865322,NA,NA,NA,NA,NA,NA,AT2G33880,AT2G33880:0.000831095
691692at33090,2,Zm00001eb157360,Zm00001eb157360:0.000865322,NA,NA,NA,NA,NA,NA,AT2G33880,AT2G33880:0.000831095
692284at3193,2,Zm00001eb294180,Zm00001eb294180:0.000363609,NA,NA,NA,NA,HORVU.MOREX.r3.1HG0080940,HORVU.MOREX.r3.1HG0080940:0.00236355,NA,NA
693565at2759,2,NA,NA,NA,NA,LOC_Os03g01520,LOC_Os03g01520:0.00136246,NA,NA,AT5G60800,AT5G60800:0.000522191
693565at3193,2,NA,NA,NA,NA,LOC_Os03g01520,LOC_Os03g01520:0.00136246,NA,NA,AT5G60800,AT5G60800:0.000522191
693565at33090,2,NA,NA,NA,NA,LOC_Os03g01520,LOC_Os03g01520:0.00136246,NA,NA,AT5G60800,AT5G60800:0.000522191
693815at2759,2,NA,NA,NA,NA,NA,NA,HORVU.MOREX.r3.1HG0014350,HORVU.MOREX.r3.1HG0014350:7.98463e-05,AT2G37100,AT2G37100:3.05263e-08
693815at3193,2,NA,NA,NA,NA,NA,NA,HORVU.MOREX.r3.1HG0014350,HORVU.MOREX.r3.1HG0014350:7.98463e-05,AT2G37100,AT2G37100:3.05263e-08
693815at33090,2,NA,NA,NA,NA,NA,NA,HORVU.MOREX.r3.1HG0014350,HORVU.MOREX.r3.1HG0014350:7.98463e-05,AT2G37100,AT2G37100:3.05263e-08
693999at2759,2,Zm00001eb035860,Zm00001eb035860:0.00106849,SORBI_3007G200100,SORBI_3007G200100:0.0028998,NA,NA,NA,NA,NA,NA
693999at3193,2,Zm00001eb035860,Zm00001eb035860:0.00106849,SORBI_3007G200100,SORBI_3007G200100:0.0028998,NA,NA,NA,NA,NA,NA
693999at33090,2,Zm00001eb035860,Zm00001eb035860:0.00106849,SORBI_3007G200100,SORBI_3007G200100:0.0028998,NA,NA,NA,NA,NA,NA
69446at4447,2,Zm00001eb066570;Zm00001eb433500,Zm00001eb066570:0.00192247;Zm00001eb433500:0.000820257,SORBI_3006G151800,SORBI_3006G151800:0.00149394,NA,NA,NA,NA,NA,NA
695278at3193,2,Zm00001eb368990,Zm00001eb368990:0.000175983,NA,NA,NA,NA,NA,NA,AT1G09780,AT1G09780:0.000716716
695290at3193,2,NA,NA,NA,NA,LOC_Os12g01520,LOC_Os12g01520:0.000442674,NA,NA,AT4G20370,AT4G20370:0.00184862
69574at38820,2,Zm00001eb323310,Zm00001eb323310:0.00278104,NA,NA,NA,NA,HORVU.MOREX.r3.5HG0501470;HORVU.MOREX.r3.5HG0501480,HORVU.MOREX.r3.5HG0501470:0.000150012;HORVU.MOREX.r3.5HG0501480:0.000150012,NA,NA
697966at2759,2,Zm00001eb400720,Zm00001eb400720:0.00144603,NA,NA,NA,NA,NA,NA,AT4G37470,AT4G37470:0.00157648
697966at3193,2,Zm00001eb400720,Zm00001eb400720:0.00144603,NA,NA,NA,NA,NA,NA,AT4G37470,AT4G37470:0.00157648
697966at33090,2,Zm00001eb400720,Zm00001eb400720:0.00144603,NA,NA,NA,NA,NA,NA,AT4G37470,AT4G37470:0.00157648
698485at3193,2,Zm00001eb400530,Zm00001eb400530:0.00360987,NA,NA,LOC_Os12g01090,LOC_Os12g01090:0.00147649,NA,NA,NA,NA
698485at33090,2,Zm00001eb400530,Zm00001eb400530:0.00360987,NA,NA,LOC_Os12g01090,LOC_Os12g01090:0.00147649,NA,NA,NA,NA
70100at38820,2,Zm00001eb208440,Zm00001eb208440:0.00323847,SORBI_3004G020100,SORBI_3004G020100:0.00240395,NA,NA,NA,NA,NA,NA
70100at4447,2,Zm00001eb208440,Zm00001eb208440:0.00323847,SORBI_3004G020100,SORBI_3004G020100:0.00240395,NA,NA,NA,NA,NA,NA
701459at3193,2,Zm00001eb433950,Zm00001eb433950:0.00267352,NA,NA,LOC_Os04g06820,LOC_Os04g06820:0.000286296,NA,NA,NA,NA
701459at33090,2,Zm00001eb433950,Zm00001eb433950:0.00267352,NA,NA,LOC_Os04g06820,LOC_Os04g06820:0.000286296,NA,NA,NA,NA
701516at3193,2,Zm00001eb371630,Zm00001eb371630:0.00236856,NA,NA,NA,NA,HORVU.MOREX.r3.6HG0560140,HORVU.MOREX.r3.6HG0560140:0.00310114,NA,NA
703230at3193,2,Zm00001eb422410,Zm00001eb422410:8.42894e-05,NA,NA,NA,NA,HORVU.MOREX.r3.3HG0254950,HORVU.MOREX.r3.3HG0254950:0.002079,NA,NA
703230at33090,2,Zm00001eb422410,Zm00001eb422410:8.42894e-05,NA,NA,NA,NA,HORVU.MOREX.r3.3HG0254950,HORVU.MOREX.r3.3HG0254950:0.002079,NA,NA
705727at2759,2,Zm00001eb078220;Zm00001eb146710;Zm00001eb176400;Zm00001eb246860,Zm00001eb078220:0.00450159;Zm00001eb146710:0.000502528;Zm00001eb176400:0.00409306;Zm00001eb246860:0.00343842,NA,NA,NA,NA,NA,NA,AT5G41040,AT5G41040:0.00152163
705727at33090,2,Zm00001eb078220;Zm00001eb146710;Zm00001eb246860,Zm00001eb078220:0.00450159;Zm00001eb146710:0.000502528;Zm00001eb246860:0.00343842,NA,NA,NA,NA,NA,NA,AT5G41040,AT5G41040:0.00152163
706792at3193,2,NA,NA,SORBI_3001G284100,SORBI_3001G284100:0.000829029,NA,NA,HORVU.MOREX.r3.5HG0536340,HORVU.MOREX.r3.5HG0536340:0.00279496,NA,NA
706792at33090,2,NA,NA,SORBI_3001G284100,SORBI_3001G284100:0.000829029,NA,NA,HORVU.MOREX.r3.5HG0536340,HORVU.MOREX.r3.5HG0536340:0.00279496,NA,NA
706884at3193,2,NA,NA,NA,NA,NA,NA,HORVU.MOREX.r3.4HG0385210,HORVU.MOREX.r3.4HG0385210:0.00121783,AT3G52260,AT3G52260:0.000748565
706884at33090,2,NA,NA,NA,NA,NA,NA,HORVU.MOREX.r3.4HG0385210,HORVU.MOREX.r3.4HG0385210:0.00121783,AT3G52260,AT3G52260:0.000748565
708049at3193,2,Zm00001eb403080,Zm00001eb403080:0.0010115,NA,NA,NA,NA,NA,NA,AT2G39030,AT2G39030:0.00201216
708049at33090,2,Zm00001eb403080,Zm00001eb403080:0.0010115,NA,NA,NA,NA,NA,NA,AT2G39030,AT2G39030:0.00201216
708342at3193,2,Zm00001eb045870,Zm00001eb045870:0.000685402,NA,NA,LOC_Os10g04770,LOC_Os10g04770:0.000173253,NA,NA,NA,NA
71062at38820,2,Zm00001eb082570,Zm00001eb082570:0.00143419,NA,NA,NA,NA,HORVU.MOREX.r3.2HG0169240,HORVU.MOREX.r3.2HG0169240:0.00236596,NA,NA
71062at4447,2,Zm00001eb082570,Zm00001eb082570:0.00143419,NA,NA,NA,NA,HORVU.MOREX.r3.2HG0169240,HORVU.MOREX.r3.2HG0169240:0.00236596,NA,NA
712006at2759,2,NA,NA,NA,NA,NA,NA,HORVU.MOREX.r3.7HG0641080,HORVU.MOREX.r3.7HG0641080:0.000114124,AT2G06200,AT2G06200:0.00014845
712006at3193,2,NA,NA,NA,NA,NA,NA,HORVU.MOREX.r3.7HG0641080,HORVU.MOREX.r3.7HG0641080:0.000114124,AT2G06200,AT2G06200:0.00014845
712006at33090,2,NA,NA,NA,NA,NA,NA,HORVU.MOREX.r3.7HG0641080,HORVU.MOREX.r3.7HG0641080:0.000114124,AT2G06200,AT2G06200:0.00014845
71207at38820,2,Zm00001eb291900,Zm00001eb291900:0.00400718,NA,NA,NA,NA,HORVU.MOREX.r3.1HG0067900,HORVU.MOREX.r3.1HG0067900:0.00176581,NA,NA
71207at4447,2,Zm00001eb291900,Zm00001eb291900:0.00400718,NA,NA,NA,NA,HORVU.MOREX.r3.1HG0067900,HORVU.MOREX.r3.1HG0067900:0.00176581,NA,NA
7143at3193,2,Zm00001eb075050,Zm00001eb075050:0.00351692,NA,NA,NA,NA,NA,NA,AT2G44680,AT2G44680:0.00185882
717312at3193,2,NA,NA,NA,NA,NA,NA,HORVU.MOREX.r3.7HG0716180,HORVU.MOREX.r3.7HG0716180:0.000291619,AT1G10430,AT1G10430:0.000363183
717312at33090,2,NA,NA,NA,NA,NA,NA,HORVU.MOREX.r3.7HG0716180,HORVU.MOREX.r3.7HG0716180:0.000291619,AT1G10430,AT1G10430:0.000363183
717331at2759,2,Zm00001eb218320,Zm00001eb218320:0.00355481,NA,NA,NA,NA,HORVU.MOREX.r3.4HG0333100,HORVU.MOREX.r3.4HG0333100:3.93042e-05,NA,NA
71740at38820,2,Zm00001eb405770,Zm00001eb405770:2.47129e-05,NA,NA,NA,NA,HORVU.MOREX.r3.7HG0636780,HORVU.MOREX.r3.7HG0636780:0.00215388,NA,NA
71740at4447,2,Zm00001eb405770,Zm00001eb405770:2.47129e-05,NA,NA,NA,NA,HORVU.MOREX.r3.7HG0636780,HORVU.MOREX.r3.7HG0636780:0.00215388,NA,NA
717438at3193,2,Zm00001eb397710,Zm00001eb397710:0.000956127,NA,NA,NA,NA,NA,NA,AT3G09300,AT3G09300:0.000505053
717587at3193,2,NA,NA,NA,NA,NA,NA,HORVU.MOREX.r3.4HG0408810;HORVU.MOREX.r3.4HG0411330,HORVU.MOREX.r3.4HG0408810:0.00132411;HORVU.MOREX.r3.4HG0411330:0.00108018,AT2G38940;AT5G43350,AT2G38940:0.000869571;AT5G43350:0.000835592
717965at3193,2,Zm00001eb403670,Zm00001eb403670:0.00372508,NA,NA,NA,NA,NA,NA,AT5G41560,AT5G41560:0.000389886
717965at33090,2,Zm00001eb403670,Zm00001eb403670:0.00372508,NA,NA,NA,NA,NA,NA,AT5G41560,AT5G41560:0.000389886
718165at3193,2,Zm00001eb247710,Zm00001eb247710:0.000908812,NA,NA,NA,NA,NA,NA,AT1G06890,AT1G06890:0.00196271
718378at3193,2,NA,NA,SORBI_3001G382400,SORBI_3001G382400:0.000360303,NA,NA,NA,NA,AT5G38990,AT5G38990:2.22425e-05
718378at33090,2,NA,NA,SORBI_3001G382400,SORBI_3001G382400:0.000360303,NA,NA,NA,NA,AT5G38990,AT5G38990:2.22425e-05
718428at33090,2,NA,NA,NA,NA,NA,NA,HORVU.MOREX.r3.2HG0106600,HORVU.MOREX.r3.2HG0106600:2.18891e-05,AT3G10080,AT3G10080:0.0016538
719218at2759,2,Zm00001eb291240,Zm00001eb291240:0.00394339,NA,NA,NA,NA,NA,NA,AT1G77940,AT1G77940:0.00142956
719589at3193,2,Zm00001eb400730,Zm00001eb400730:0.00144603,NA,NA,NA,NA,NA,NA,AT1G28490,AT1G28490:0.00118051
719589at33090,2,Zm00001eb400730,Zm00001eb400730:0.00144603,NA,NA,NA,NA,NA,NA,AT1G28490,AT1G28490:0.00118051
719850at2759,2,NA,NA,SORBI_3004G333800,SORBI_3004G333800:0.00160705,NA,NA,NA,NA,AT3G23940,AT3G23940:0.000213678
720399at2759,2,Zm00001eb220780;Zm00001eb349990,Zm00001eb220780:0.00173135;Zm00001eb349990:0.000987541,NA,NA,NA,NA,NA,NA,AT5G11670,AT5G11670:0.00144603
720399at33090,2,Zm00001eb220780;Zm00001eb349990,Zm00001eb220780:0.00173135;Zm00001eb349990:0.000987541,NA,NA,NA,NA,NA,NA,AT5G11670,AT5G11670:0.00144603
720736at2759,2,NA,NA,NA,NA,NA,NA,HORVU.MOREX.r3.3HG0314810,HORVU.MOREX.r3.3HG0314810:0.00096791,AT2G20230;AT4G28770,AT2G20230:0.00141211;AT4G28770:0.00162605
720736at3193,2,NA,NA,NA,NA,NA,NA,HORVU.MOREX.r3.3HG0314810,HORVU.MOREX.r3.3HG0314810:0.00096791,AT2G20230;AT4G28770,AT2G20230:0.00141211;AT4G28770:0.00162605
720736at33090,2,NA,NA,NA,NA,NA,NA,HORVU.MOREX.r3.3HG0314810,HORVU.MOREX.r3.3HG0314810:0.00096791,AT2G20230;AT4G28770,AT2G20230:0.00141211;AT4G28770:0.00162605
72150at38820,2,Zm00001eb062560,Zm00001eb062560:0.000881052,NA,NA,NA,NA,HORVU.MOREX.r3.5HG0525990,HORVU.MOREX.r3.5HG0525990:0.00176066,NA,NA
72150at4447,2,Zm00001eb062560,Zm00001eb062560:0.000881052,NA,NA,NA,NA,HORVU.MOREX.r3.5HG0525990,HORVU.MOREX.r3.5HG0525990:0.00176066,NA,NA
723203at2759,2,Zm00001eb097160,Zm00001eb097160:0.00134146,NA,NA,NA,NA,NA,NA,AT4G35790,AT4G35790:0.00107933
723441at2759,2,Zm00001eb324450,Zm00001eb324450:0.00329588,NA,NA,NA,NA,HORVU.MOREX.r3.7HG0749410,HORVU.MOREX.r3.7HG0749410:0.000293394,NA,NA
723441at3193,2,Zm00001eb324450,Zm00001eb324450:0.00329588,NA,NA,NA,NA,HORVU.MOREX.r3.7HG0749410,HORVU.MOREX.r3.7HG0749410:0.000293394,NA,NA
723441at33090,2,Zm00001eb324450,Zm00001eb324450:0.00329588,NA,NA,NA,NA,HORVU.MOREX.r3.7HG0749410,HORVU.MOREX.r3.7HG0749410:0.000293394,NA,NA
7236at38820,2,Zm00001eb402160,Zm00001eb402160:0.00207783,NA,NA,LOC_Os03g01720,LOC_Os03g01720:0.00135426,NA,NA,NA,NA
7236at4447,2,Zm00001eb402160,Zm00001eb402160:0.00207783,NA,NA,LOC_Os03g01720,LOC_Os03g01720:0.00135426,NA,NA,NA,NA
7244at4447,2,Zm00001eb329540,Zm00001eb329540:0.00205068,NA,NA,NA,NA,HORVU.MOREX.r3.2HG0117640,HORVU.MOREX.r3.2HG0117640:0.00190655,NA,NA
72965at38820,2,Zm00001eb096790,Zm00001eb096790:0.00456818,NA,NA,NA,NA,HORVU.MOREX.r3.6HG0620470,HORVU.MOREX.r3.6HG0620470:0.00269105,NA,NA
72965at4447,2,Zm00001eb096790,Zm00001eb096790:0.00456818,NA,NA,NA,NA,HORVU.MOREX.r3.6HG0620470,HORVU.MOREX.r3.6HG0620470:0.00269105,NA,NA
73066at38820,2,Zm00001eb146830,Zm00001eb146830:0.00130209,NA,NA,NA,NA,HORVU.MOREX.r3.2HG0213610,HORVU.MOREX.r3.2HG0213610:0.00139917,NA,NA
73066at4447,2,Zm00001eb146830,Zm00001eb146830:0.00130209,NA,NA,NA,NA,HORVU.MOREX.r3.2HG0213610,HORVU.MOREX.r3.2HG0213610:0.00139917,NA,NA
73409at38820,2,Zm00001eb126310,Zm00001eb126310:0.0025103,SORBI_3003G098900,SORBI_3003G098900:0.001303,NA,NA,NA,NA,NA,NA
73409at4447,2,Zm00001eb126310,Zm00001eb126310:0.0025103,SORBI_3003G098900,SORBI_3003G098900:0.001303,NA,NA,NA,NA,NA,NA
7383at38820,2,Zm00001eb045520,Zm00001eb045520:0.0020516,NA,NA,NA,NA,HORVU.MOREX.r3.3HG0229650,HORVU.MOREX.r3.3HG0229650:0.00253276,NA,NA
7383at4447,2,Zm00001eb045520,Zm00001eb045520:0.0020516,NA,NA,NA,NA,HORVU.MOREX.r3.3HG0229650,HORVU.MOREX.r3.3HG0229650:0.00253276,NA,NA
73870at38820,2,Zm00001eb228010,Zm00001eb228010:0.00223783,SORBI_3010G265800,SORBI_3010G265800:0.00113799,NA,NA,NA,NA,NA,NA
73870at4447,2,Zm00001eb228010,Zm00001eb228010:0.00223783,SORBI_3010G265800,SORBI_3010G265800:0.00113799,NA,NA,NA,NA,NA,NA
7404at38820,2,Zm00001eb426900,Zm00001eb426900:0.000603997,SORBI_3006G151600,SORBI_3006G151600:0.00149394,NA,NA,NA,NA,NA,NA
7404at4447,2,Zm00001eb426900,Zm00001eb426900:0.000603997,SORBI_3006G151600,SORBI_3006G151600:0.00149394,NA,NA,NA,NA,NA,NA
740608at2759,2,Zm00001eb219270,Zm00001eb219270:0.000241476,NA,NA,NA,NA,NA,NA,AT5G15650,AT5G15650:0.00153921
740608at33090,2,Zm00001eb219270,Zm00001eb219270:0.000241476,NA,NA,NA,NA,NA,NA,AT5G15650,AT5G15650:0.00153921
741053at33090,2,Zm00001eb368990,Zm00001eb368990:0.000175983,NA,NA,NA,NA,NA,NA,AT1G09780,AT1G09780:0.000716716
741477at33090,2,Zm00001eb400510,Zm00001eb400510:0.00360987,SORBI_3002G362000,SORBI_3002G362000:0.00335657,NA,NA,NA,NA,NA,NA
741508at33090,2,Zm00001eb006940,Zm00001eb006940:0.000895035,NA,NA,NA,NA,NA,NA,AT2G22290,AT2G22290:0.00156743
741800at33090,2,Zm00001eb296230,Zm00001eb296230:0.00249969,SORBI_3004G086800,SORBI_3004G086800:6.11672e-05,NA,NA,NA,NA,NA,NA
742266at2759,2,NA,NA,NA,NA,LOC_Os07g02080,LOC_Os07g02080:0.00133535,NA,NA,AT2G39590,AT2G39590:3.63107e-05
742266at33090,2,NA,NA,NA,NA,LOC_Os07g02080,LOC_Os07g02080:0.00133535,NA,NA,AT2G39590,AT2G39590:3.63107e-05
742474at2759,2,Zm00001eb218330,Zm00001eb218330:0.00355481,NA,NA,NA,NA,HORVU.MOREX.r3.4HG0333040,HORVU.MOREX.r3.4HG0333040:0.00145776,NA,NA
742474at33090,2,Zm00001eb218330,Zm00001eb218330:0.00355481,NA,NA,NA,NA,HORVU.MOREX.r3.4HG0333040,HORVU.MOREX.r3.4HG0333040:0.00145776,NA,NA
742765at2759,2,Zm00001eb190590,Zm00001eb190590:0.00149601,NA,NA,NA,NA,HORVU.MOREX.r3.7HG0639980,HORVU.MOREX.r3.7HG0639980:0.00270441,NA,NA
742765at33090,2,Zm00001eb190590,Zm00001eb190590:0.00149601,NA,NA,NA,NA,HORVU.MOREX.r3.7HG0639980,HORVU.MOREX.r3.7HG0639980:0.00270441,NA,NA
742966at33090,2,Zm00001eb003440;Zm00001eb222250;Zm00001eb323450;Zm00001eb390820,Zm00001eb003440:0.00191892;Zm00001eb222250:0.000945569;Zm00001eb323450:0.00192651;Zm00001eb390820:0.00366647,NA,NA,NA,NA,NA,NA,AT4G00490;AT4G15210,AT4G00490:0.001095;AT4G15210:0.000532662
74554at3193,2,Zm00001eb073590,Zm00001eb073590:0.0043487,NA,NA,NA,NA,NA,NA,AT1G58340,AT1G58340:0.00126655
748480at2759,2,NA,NA,SORBI_3004G009200;SORBI_3004G009400;SORBI_3004G009500,SORBI_3004G009200:0.000203108;SORBI_3004G009400:0.000203108;SORBI_3004G009500:0.000203108,NA,NA,NA,NA,AT5G60770;AT5G60780,AT5G60770:0.00199039;AT5G60780:0.000715556
748480at33090,2,NA,NA,SORBI_3004G009200;SORBI_3004G009400;SORBI_3004G009500,SORBI_3004G009200:0.000203108;SORBI_3004G009400:0.000203108;SORBI_3004G009500:0.000203108,NA,NA,NA,NA,AT5G60770;AT5G60780,AT5G60770:0.00199039;AT5G60780:0.000715556
74853at38820,2,NA,NA,SORBI_3007G136100,SORBI_3007G136100:0.00137022,NA,NA,HORVU.MOREX.r3.7HG0640780,HORVU.MOREX.r3.7HG0640780:0.000119339,NA,NA
74853at4447,2,NA,NA,SORBI_3007G136100,SORBI_3007G136100:0.00137022,NA,NA,HORVU.MOREX.r3.7HG0640780,HORVU.MOREX.r3.7HG0640780:0.000119339,NA,NA
748563at33090,2,NA,NA,SORBI_3009G231400,SORBI_3009G231400:0.00152934,NA,NA,NA,NA,AT1G59725,AT1G59725:0.000576503
748905at2759,2,Zm00001eb249230,Zm00001eb249230:0.000874952,NA,NA,NA,NA,NA,NA,AT1G06800;AT4G18550,AT1G06800:1.62847e-05;AT4G18550:3.02632e-06
748905at33090,2,Zm00001eb249230,Zm00001eb249230:0.000874952,NA,NA,NA,NA,NA,NA,AT1G06800;AT4G18550,AT1G06800:1.62847e-05;AT4G18550:3.02632e-06
749317at33090,2,Zm00001eb199540,Zm00001eb199540:0.000797241,NA,NA,LOC_Os08g05000,LOC_Os08g05000:0.00149371,NA,NA,NA,NA
7497at38820,2,Zm00001eb067700,Zm00001eb067700:0.00447193,SORBI_3006G248400,SORBI_3006G248400:0.00142724,NA,NA,NA,NA,NA,NA
7497at4447,2,Zm00001eb067700,Zm00001eb067700:0.00447193,SORBI_3006G248400,SORBI_3006G248400:0.00142724,NA,NA,NA,NA,NA,NA
750680at2759,2,Zm00001eb336190,Zm00001eb336190:0.00318461,NA,NA,NA,NA,NA,NA,AT4G33070,AT4G33070:0.0013117
750680at33090,2,Zm00001eb336190,Zm00001eb336190:0.00318461,NA,NA,NA,NA,NA,NA,AT4G33070,AT4G33070:0.0013117
751446at33090,2,NA,NA,SORBI_3004G019600,SORBI_3004G019600:0.00240395,NA,NA,NA,NA,AT2G45640,AT2G45640:0.000554026
751579at33090,2,NA,NA,SORBI_3004G088450,SORBI_3004G088450:0.000571358,NA,NA,HORVU.MOREX.r3.7HG0648880,HORVU.MOREX.r3.7HG0648880:0.00214811,NA,NA
752433at33090,2,NA,NA,NA,NA,LOC_Os03g01460,LOC_Os03g01460:0.00126639,HORVU.MOREX.r3.2HG0217920,HORVU.MOREX.r3.2HG0217920:0.00211687,NA,NA
752753at2759,2,Zm00001eb290310,Zm00001eb290310:0.00243177,SORBI_3003G341600,SORBI_3003G341600:0.00117037,NA,NA,NA,NA,NA,NA
752753at33090,2,Zm00001eb290310,Zm00001eb290310:0.00243177,SORBI_3003G341600,SORBI_3003G341600:0.00117037,NA,NA,NA,NA,NA,NA
75317at38820,2,Zm00001eb338910,Zm00001eb338910:0.00186428,SORBI_3003G013000,SORBI_3003G013000:0.00189565,NA,NA,NA,NA,NA,NA
75317at4447,2,Zm00001eb338910,Zm00001eb338910:0.00186428,SORBI_3003G013000,SORBI_3003G013000:0.00189565,NA,NA,NA,NA,NA,NA
753474at2759,2,Zm00001eb361200,Zm00001eb361200:0.00256398,NA,NA,LOC_Os01g07080,LOC_Os01g07080:0.000655899,NA,NA,NA,NA
753474at33090,2,Zm00001eb361200,Zm00001eb361200:0.00256398,NA,NA,LOC_Os01g07080,LOC_Os01g07080:0.000655899,NA,NA,NA,NA
753957at2759,2,Zm00001eb076800,Zm00001eb076800:0.00162443,NA,NA,NA,NA,HORVU.MOREX.r3.7HG0655100,HORVU.MOREX.r3.7HG0655100:0.00201104,NA,NA
754513at2759,2,Zm00001eb294180,Zm00001eb294180:0.000363609,NA,NA,NA,NA,HORVU.MOREX.r3.1HG0080940,HORVU.MOREX.r3.1HG0080940:0.00236355,NA,NA
754513at33090,2,Zm00001eb294180,Zm00001eb294180:0.000363609,NA,NA,NA,NA,HORVU.MOREX.r3.1HG0080940,HORVU.MOREX.r3.1HG0080940:0.00236355,NA,NA
755063at33090,2,NA,NA,NA,NA,NA,NA,HORVU.MOREX.r3.7HG0636750,HORVU.MOREX.r3.7HG0636750:0.00215388,AT3G53010,AT3G53010:0.00165356
755348at2759,2,Zm00001eb369010,Zm00001eb369010:0.000175983,SORBI_3009G089000,SORBI_3009G089000:1.43083e-05,NA,NA,NA,NA,NA,NA
755348at33090,2,Zm00001eb369010,Zm00001eb369010:0.000175983,SORBI_3009G089000,SORBI_3009G089000:1.43083e-05,NA,NA,NA,NA,NA,NA
755387at2759,2,Zm00001eb344110,Zm00001eb344110:0.000821787,NA,NA,NA,NA,NA,NA,AT5G39830,AT5G39830:0.000305468
755594at33090,2,NA,NA,SORBI_3001G047800,SORBI_3001G047800:0.00191605,NA,NA,NA,NA,AT4G32470,AT4G32470:0.000375365
756207at33090,2,Zm00001eb073360;Zm00001eb206740,Zm00001eb073360:0.00246715;Zm00001eb206740:0.000375561,NA,NA,NA,NA,HORVU.MOREX.r3.6HG0568510,HORVU.MOREX.r3.6HG0568510:0.000656906,NA,NA
756860at33090,2,Zm00001eb070550;Zm00001eb319250,Zm00001eb070550:4.3719e-05;Zm00001eb319250:0.00062123,NA,NA,NA,NA,NA,NA,AT1G12780,AT1G12780:0.00182431
75739at38820,2,Zm00001eb404060,Zm00001eb404060:0.00108914,SORBI_3001G196400,SORBI_3001G196400:0.00232225,NA,NA,NA,NA,NA,NA
75739at4447,2,Zm00001eb404060,Zm00001eb404060:0.00108914,SORBI_3001G196400,SORBI_3001G196400:0.00232225,NA,NA,NA,NA,NA,NA
75903at3193,2,Zm00001eb375010,Zm00001eb375010:0.00436105,SORBI_3010G061800,SORBI_3010G061800:0.000863186,NA,NA,NA,NA,NA,NA
759637at2759,2,Zm00001eb117430,Zm00001eb117430:0.000454117,NA,NA,NA,NA,NA,NA,AT3G11780,AT3G11780:7.53048e-06
759637at33090,2,Zm00001eb117430,Zm00001eb117430:0.000454117,NA,NA,NA,NA,NA,NA,AT3G11780,AT3G11780:7.53048e-06
75998at4447,2,Zm00001eb302270,Zm00001eb302270:0.00110934,NA,NA,NA,NA,HORVU.MOREX.r3.5HG0531860,HORVU.MOREX.r3.5HG0531860:0.00171839,NA,NA
760392at2759,2,Zm00001eb433910,Zm00001eb433910:0.00267352,NA,NA,NA,NA,NA,NA,AT5G45920,AT5G45920:0.00031054
760392at33090,2,Zm00001eb433910,Zm00001eb433910:0.00267352,NA,NA,NA,NA,NA,NA,AT5G45920,AT5G45920:0.00031054
760476at33090,2,Zm00001eb328580,Zm00001eb328580:0.00388548,NA,NA,NA,NA,NA,NA,AT1G65030,AT1G65030:0.000834814
761455at2759,2,Zm00001eb031410,Zm00001eb031410:0.00302924,NA,NA,NA,NA,HORVU.MOREX.r3.2HG0176560,HORVU.MOREX.r3.2HG0176560:0.000148752,NA,NA
761455at33090,2,Zm00001eb031410,Zm00001eb031410:0.00302924,NA,NA,NA,NA,HORVU.MOREX.r3.2HG0176560,HORVU.MOREX.r3.2HG0176560:0.000148752,NA,NA
761578at33090,2,Zm00001eb126310,Zm00001eb126310:0.0025103,SORBI_3003G098900,SORBI_3003G098900:0.001303,NA,NA,NA,NA,NA,NA
761736at2759,2,Zm00001eb079180;Zm00001eb365580,Zm00001eb079180:0.0039486;Zm00001eb365580:0.00419969,NA,NA,NA,NA,NA,NA,AT1G67600,AT1G67600:0.00177335
761736at33090,2,Zm00001eb079180;Zm00001eb365580,Zm00001eb079180:0.0039486;Zm00001eb365580:0.00419969,NA,NA,NA,NA,NA,NA,AT1G67600,AT1G67600:0.00177335
762508at33090,2,Zm00001eb366540,Zm00001eb366540:0.000150875,NA,NA,NA,NA,NA,NA,AT4G09460,AT4G09460:0.00130985
762815at33090,2,Zm00001eb063410;Zm00001eb212270,Zm00001eb063410:0.000112588;Zm00001eb212270:0.00236336,SORBI_3001G402200,SORBI_3001G402200:0.0032254,NA,NA,NA,NA,NA,NA
762992at33090,2,Zm00001eb315040,Zm00001eb315040:0.00413065,NA,NA,LOC_Os09g04600,LOC_Os09g04600:0.000765061,NA,NA,NA,NA
763546at2759,2,Zm00001eb157440,Zm00001eb157440:0.00354705,NA,NA,NA,NA,NA,NA,AT4G18260,AT4G18260:0.00185782
763546at33090,2,Zm00001eb157440,Zm00001eb157440:0.00354705,NA,NA,NA,NA,NA,NA,AT4G18260,AT4G18260:0.00185782
764233at2759,2,Zm00001eb404060,Zm00001eb404060:0.00108914,SORBI_3001G196400,SORBI_3001G196400:0.00232225,NA,NA,NA,NA,NA,NA
764233at33090,2,Zm00001eb404060,Zm00001eb404060:0.00108914,SORBI_3001G196400,SORBI_3001G196400:0.00232225,NA,NA,NA,NA,NA,NA
764317at2759,2,Zm00001eb111560;Zm00001eb139480;Zm00001eb330680,Zm00001eb111560:0.000744065;Zm00001eb139480:0.00179587;Zm00001eb330680:0.00219068,SORBI_3002G418100,SORBI_3002G418100:0.000400866,NA,NA,NA,NA,NA,NA
764317at33090,2,Zm00001eb111560;Zm00001eb139480;Zm00001eb330680,Zm00001eb111560:0.000744065;Zm00001eb139480:0.00179587;Zm00001eb330680:0.00219068,SORBI_3002G418100,SORBI_3002G418100:0.000400866,NA,NA,NA,NA,NA,NA
764414at2759,2,Zm00001eb082570,Zm00001eb082570:0.00143419,NA,NA,NA,NA,HORVU.MOREX.r3.2HG0169240,HORVU.MOREX.r3.2HG0169240:0.00236596,NA,NA
764414at33090,2,Zm00001eb082570,Zm00001eb082570:0.00143419,NA,NA,NA,NA,HORVU.MOREX.r3.2HG0169240,HORVU.MOREX.r3.2HG0169240:0.00236596,NA,NA
764714at33090,2,Zm00001eb069630,Zm00001eb069630:0.00317152,NA,NA,NA,NA,NA,NA,AT1G73220,AT1G73220:0.00148649
765624at2759,2,NA,NA,NA,NA,NA,NA,HORVU.MOREX.r3.4HG0409900,HORVU.MOREX.r3.4HG0409900:0.000637472,AT5G23690,AT5G23690:0.000325209
765624at33090,2,NA,NA,NA,NA,NA,NA,HORVU.MOREX.r3.4HG0409900,HORVU.MOREX.r3.4HG0409900:0.000637472,AT5G23690,AT5G23690:0.000325209
76568at38820,2,Zm00001eb221480,Zm00001eb221480:0.00230232,NA,NA,NA,NA,HORVU.MOREX.r3.7HG0641090,HORVU.MOREX.r3.7HG0641090:0.000114124,NA,NA
76568at4447,2,Zm00001eb221480,Zm00001eb221480:0.00230232,NA,NA,NA,NA,HORVU.MOREX.r3.7HG0641090,HORVU.MOREX.r3.7HG0641090:0.000114124,NA,NA
765886at33090,2,Zm00001eb045870,Zm00001eb045870:0.000685402,NA,NA,LOC_Os10g04770,LOC_Os10g04770:0.000173253,NA,NA,NA,NA
766198at2759,2,Zm00001eb126920,Zm00001eb126920:0.00300428,NA,NA,NA,NA,HORVU.MOREX.r3.3HG0231430,HORVU.MOREX.r3.3HG0231430:0.00226323,NA,NA
766198at33090,2,Zm00001eb126920,Zm00001eb126920:0.00300428,NA,NA,NA,NA,HORVU.MOREX.r3.3HG0231430,HORVU.MOREX.r3.3HG0231430:0.00226323,NA,NA
76628at38820,2,Zm00001eb377350,Zm00001eb377350:0.00197826,SORBI_3004G088100;SORBI_3010G180400,SORBI_3004G088100:0.000571358;SORBI_3010G180400:0.00124911,NA,NA,NA,NA,NA,NA
76628at4447,2,Zm00001eb377350,Zm00001eb377350:0.00197826,SORBI_3004G088100;SORBI_3010G180400,SORBI_3004G088100:0.000571358;SORBI_3010G180400:0.00124911,NA,NA,NA,NA,NA,NA
766297at2759,2,NA,NA,NA,NA,NA,NA,HORVU.MOREX.r3.3HG0229660,HORVU.MOREX.r3.3HG0229660:0.00253276,AT3G45590,AT3G45590:0.00138901
766297at33090,2,NA,NA,NA,NA,NA,NA,HORVU.MOREX.r3.3HG0229660,HORVU.MOREX.r3.3HG0229660:0.00253276,AT3G45590,AT3G45590:0.00138901
76962at38820,2,Zm00001eb149830,Zm00001eb149830:8.88394e-05,SORBI_3003G334100,SORBI_3003G334100:0.00315089,NA,NA,NA,NA,NA,NA
76962at4447,2,Zm00001eb149830,Zm00001eb149830:8.88394e-05,SORBI_3003G334100,SORBI_3003G334100:0.00315089,NA,NA,NA,NA,NA,NA
770195at33090,2,NA,NA,NA,NA,NA,NA,HORVU.MOREX.r3.1HG0052940,HORVU.MOREX.r3.1HG0052940:0.0019243,AT5G12290,AT5G12290:0.000449905
771033at2759,2,Zm00001eb228010,Zm00001eb228010:0.00223783,SORBI_3010G265800,SORBI_3010G265800:0.00113799,NA,NA,NA,NA,NA,NA
771033at33090,2,Zm00001eb228010,Zm00001eb228010:0.00223783,SORBI_3010G265800,SORBI_3010G265800:0.00113799,NA,NA,NA,NA,NA,NA
7723at38820,2,Zm00001eb249220,Zm00001eb249220:0.000874952,NA,NA,NA,NA,HORVU.MOREX.r3.3HG0228240;HORVU.MOREX.r3.3HG0228250,HORVU.MOREX.r3.3HG0228240:0.000746461;HORVU.MOREX.r3.3HG0228250:0.000746461,NA,NA
7723at4447,2,Zm00001eb249220,Zm00001eb249220:0.000874952,NA,NA,NA,NA,HORVU.MOREX.r3.3HG0228240;HORVU.MOREX.r3.3HG0228250,HORVU.MOREX.r3.3HG0228240:0.000746461;HORVU.MOREX.r3.3HG0228250:0.000746461,NA,NA
772577at2759,2,Zm00001eb365010,Zm00001eb365010:0.00273146,NA,NA,NA,NA,NA,NA,AT3G23980,AT3G23980:4.19e-05
772577at33090,2,Zm00001eb365010,Zm00001eb365010:0.00273146,NA,NA,NA,NA,NA,NA,AT3G23980,AT3G23980:4.19e-05
772778at2759,2,Zm00001eb214970,Zm00001eb214970:0.00180836,SORBI_3002G049200,SORBI_3002G049200:0.000569637,NA,NA,NA,NA,NA,NA
772778at33090,2,Zm00001eb214970,Zm00001eb214970:0.00180836,SORBI_3002G049200,SORBI_3002G049200:0.000569637,NA,NA,NA,NA,NA,NA
772967at33090,2,Zm00001eb187450,Zm00001eb187450:0.00125933,SORBI_3006G192100,SORBI_3006G192100:0.000119406,NA,NA,NA,NA,NA,NA
776979at33090,2,Zm00001eb303120,Zm00001eb303120:0.00421485,SORBI_3002G278300;SORBI_3008G024400,SORBI_3002G278300:0.00220176;SORBI_3008G024400:0.00208453,NA,NA,NA,NA,NA,NA
7777at38820,2,Zm00001eb224260,Zm00001eb224260:0.00246648,NA,NA,NA,NA,HORVU.MOREX.r3.2HG0097830;HORVU.MOREX.r3.2HG0097840;HORVU.MOREX.r3.2HG0097850,HORVU.MOREX.r3.2HG0097830:0.00236705;HORVU.MOREX.r3.2HG0097840:0.00236705;HORVU.MOREX.r3.2HG0097850:0.00236705,NA,NA
7777at4447,2,Zm00001eb224260,Zm00001eb224260:0.00246648,NA,NA,NA,NA,HORVU.MOREX.r3.2HG0097830;HORVU.MOREX.r3.2HG0097840;HORVU.MOREX.r3.2HG0097850,HORVU.MOREX.r3.2HG0097830:0.00236705;HORVU.MOREX.r3.2HG0097840:0.00236705;HORVU.MOREX.r3.2HG0097850:0.00236705,NA,NA
782650at2759,2,Zm00001eb327780,Zm00001eb327780:0.0038375,SORBI_3001G350700,SORBI_3001G350700:0.00273508,NA,NA,NA,NA,NA,NA
782650at33090,2,Zm00001eb327780,Zm00001eb327780:0.0038375,SORBI_3001G350700,SORBI_3001G350700:0.00273508,NA,NA,NA,NA,NA,NA
782673at33090,2,Zm00001eb070960;Zm00001eb213450,Zm00001eb070960:7.41264e-05;Zm00001eb213450:0.00444612,NA,NA,NA,NA,NA,NA,AT3G20800,AT3G20800:0.000248049
782783at33090,2,NA,NA,SORBI_3004G345500,SORBI_3004G345500:0.000402037,NA,NA,HORVU.MOREX.r3.6HG0629820,HORVU.MOREX.r3.6HG0629820:0.000825285,NA,NA
783299at2759,2,Zm00001eb107420,Zm00001eb107420:0.00258674,NA,NA,NA,NA,NA,NA,AT4G14680;AT5G67520,AT4G14680:7.56172e-05;AT5G67520:0.0016761
783299at33090,2,Zm00001eb107420,Zm00001eb107420:0.00258674,NA,NA,NA,NA,NA,NA,AT5G67520,AT5G67520:0.0016761
783369at2759,2,Zm00001eb397710,Zm00001eb397710:0.000956127,NA,NA,NA,NA,NA,NA,AT3G09300,AT3G09300:0.000505053
783369at33090,2,Zm00001eb397710,Zm00001eb397710:0.000956127,NA,NA,NA,NA,NA,NA,AT3G09300,AT3G09300:0.000505053
783446at33090,2,Zm00001eb291240,Zm00001eb291240:0.00394339,NA,NA,NA,NA,NA,NA,AT1G77940,AT1G77940:0.00142956
783883at33090,2,Zm00001eb097180,Zm00001eb097180:0.00134146,NA,NA,NA,NA,NA,NA,AT4G28510,AT4G28510:0.00154311
784215at33090,2,Zm00001eb297640;Zm00001eb361230,Zm00001eb297640:0.002482;Zm00001eb361230:0.00136367,NA,NA,NA,NA,HORVU.MOREX.r3.3HG0255230,HORVU.MOREX.r3.3HG0255230:0.00248968,NA,NA
784227at33090,2,Zm00001eb314710;Zm00001eb348660,Zm00001eb314710:0.0021173;Zm00001eb348660:0.00262203,NA,NA,NA,NA,HORVU.MOREX.r3.1HG0075570,HORVU.MOREX.r3.1HG0075570:0.000985393,NA,NA
784238at33090,2,Zm00001eb250380,Zm00001eb250380:0.00191755,NA,NA,NA,NA,NA,NA,AT5G42000,AT5G42000:0.00070745
78447at38820,2,Zm00001eb319240,Zm00001eb319240:0.00062123,NA,NA,NA,NA,HORVU.MOREX.r3.7HG0687050,HORVU.MOREX.r3.7HG0687050:0.00280809,NA,NA
78447at4447,2,Zm00001eb319240,Zm00001eb319240:0.00062123,NA,NA,NA,NA,HORVU.MOREX.r3.7HG0687050,HORVU.MOREX.r3.7HG0687050:0.00280809,NA,NA
784716at33090,2,NA,NA,NA,NA,NA,NA,HORVU.MOREX.r3.1HG0068140;HORVU.MOREX.r3.3HG0294710,HORVU.MOREX.r3.1HG0068140:0.00174723;HORVU.MOREX.r3.3HG0294710:0.00128587,AT4G27130,AT4G27130:0.00151403
784723at33090,2,Zm00001eb389780,Zm00001eb389780:0.0015803,SORBI_3001G066300,SORBI_3001G066300:0.000536804,NA,NA,NA,NA,NA,NA
784756at33090,2,Zm00001eb053840,Zm00001eb053840:0.00417675,NA,NA,NA,NA,NA,NA,AT2G37210,AT2G37210:0.000655334
784921at2759,2,Zm00001eb067700;Zm00001eb296350,Zm00001eb067700:0.00447193;Zm00001eb296350:0.000910128,SORBI_3006G248400,SORBI_3006G248400:0.00142724,NA,NA,NA,NA,NA,NA
785761at33090,2,Zm00001eb368150,Zm00001eb368150:8.6038e-06,NA,NA,NA,NA,NA,NA,AT5G18520,AT5G18520:0.000945813
786181at2759,2,Zm00001eb038370,Zm00001eb038370:0.000925425,SORBI_3002G124900,SORBI_3002G124900:0.00291783,NA,NA,NA,NA,NA,NA
786181at33090,2,Zm00001eb038370,Zm00001eb038370:0.000925425,SORBI_3002G124900,SORBI_3002G124900:0.00291783,NA,NA,NA,NA,NA,NA
786814at33090,2,Zm00001eb325330,Zm00001eb325330:0.00159657,NA,NA,NA,NA,HORVU.MOREX.r3.4HG0338170,HORVU.MOREX.r3.4HG0338170:0.00222456,NA,NA
787166at2759,2,NA,NA,SORBI_3001G033000,SORBI_3001G033000:0.00280014,NA,NA,HORVU.MOREX.r3.5HG0526750,HORVU.MOREX.r3.5HG0526750:0.00106859,NA,NA
787166at33090,2,NA,NA,SORBI_3001G033000,SORBI_3001G033000:0.00280014,NA,NA,HORVU.MOREX.r3.5HG0526750,HORVU.MOREX.r3.5HG0526750:0.00106859,NA,NA
78769at38820,2,Zm00001eb149270,Zm00001eb149270:0.000875184,SORBI_3003G341300,SORBI_3003G341300:0.00117037,NA,NA,NA,NA,NA,NA
78769at4447,2,Zm00001eb149270,Zm00001eb149270:0.000875184,SORBI_3003G341300,SORBI_3003G341300:0.00117037,NA,NA,NA,NA,NA,NA
787870at33090,2,Zm00001eb368680,Zm00001eb368680:0.000121146,NA,NA,NA,NA,HORVU.MOREX.r3.6HG0611340,HORVU.MOREX.r3.6HG0611340:0.00241328,NA,NA
788253at2759,2,Zm00001eb149270;Zm00001eb351960,Zm00001eb149270:0.000875184;Zm00001eb351960:0.00358819,SORBI_3003G341300,SORBI_3003G341300:0.00117037,NA,NA,NA,NA,NA,NA
788253at33090,2,Zm00001eb149270;Zm00001eb351960,Zm00001eb149270:0.000875184;Zm00001eb351960:0.00358819,SORBI_3003G341300,SORBI_3003G341300:0.00117037,NA,NA,NA,NA,NA,NA
788555at33090,2,NA,NA,SORBI_3010G092700,SORBI_3010G092700:0.002025,NA,NA,HORVU.MOREX.r3.5HG0441100,HORVU.MOREX.r3.5HG0441100:0.002595,NA,NA
789677at33090,2,Zm00001eb429920,Zm00001eb429920:0.00112434,NA,NA,NA,NA,HORVU.MOREX.r3.4HG0336400,HORVU.MOREX.r3.4HG0336400:0.00104404,NA,NA
790441at2759,2,Zm00001eb320540,Zm00001eb320540:0.00188268,NA,NA,NA,NA,NA,NA,AT5G44370,AT5G44370:0.000271716
790591at2759,2,Zm00001eb208440,Zm00001eb208440:0.00323847,SORBI_3004G020100,SORBI_3004G020100:0.00240395,NA,NA,NA,NA,NA,NA
790591at33090,2,Zm00001eb208440,Zm00001eb208440:0.00323847,SORBI_3004G020100,SORBI_3004G020100:0.00240395,NA,NA,NA,NA,NA,NA
790669at33090,2,Zm00001eb293710,Zm00001eb293710:0.00262109,NA,NA,NA,NA,NA,NA,AT2G25740,AT2G25740:2.90934e-05
791494at33090,2,NA,NA,NA,NA,NA,NA,HORVU.MOREX.r3.3HG0230700,HORVU.MOREX.r3.3HG0230700:0.000625382,AT1G17760,AT1G17760:0.00124373
791615at2759,2,NA,NA,SORBI_3001G032800,SORBI_3001G032800:0.00280014,NA,NA,NA,NA,AT3G09350,AT3G09350:0.000906726
791615at33090,2,NA,NA,SORBI_3001G032800,SORBI_3001G032800:0.00280014,NA,NA,NA,NA,AT3G09350,AT3G09350:0.000906726
791738at33090,2,Zm00001eb426370,Zm00001eb426370:0.00102356,SORBI_3006G130800,SORBI_3006G130800:0.000794148,NA,NA,NA,NA,NA,NA
791763at2759,2,NA,NA,SORBI_3007G151900,SORBI_3007G151900:0.00315401,NA,NA,HORVU.MOREX.r3.2HG0106220,HORVU.MOREX.r3.2HG0106220:0.00182252,NA,NA
791763at33090,2,NA,NA,SORBI_3007G151900,SORBI_3007G151900:0.00315401,NA,NA,HORVU.MOREX.r3.2HG0106220,HORVU.MOREX.r3.2HG0106220:0.00182252,NA,NA
791916at33090,2,Zm00001eb406890,Zm00001eb406890:0.00352938,NA,NA,NA,NA,NA,NA,AT2G25100,AT2G25100:0.000475299
791927at33090,2,Zm00001eb104660,Zm00001eb104660:0.000854787,SORBI_3002G295700,SORBI_3002G295700:0.00245796,NA,NA,NA,NA,NA,NA
791993at33090,2,Zm00001eb280090,Zm00001eb280090:0.0014512,NA,NA,NA,NA,NA,NA,AT3G48160,AT3G48160:0.000190745
792254at2759,2,Zm00001eb260460,Zm00001eb260460:0.00295682,NA,NA,NA,NA,NA,NA,AT1G10880;AT3G21310,AT1G10880:0.00125431;AT3G21310:0.00135848
792254at33090,2,Zm00001eb260460,Zm00001eb260460:0.00295682,NA,NA,NA,NA,NA,NA,AT1G10880;AT3G21310,AT1G10880:0.00125431;AT3G21310:0.00135848
792348at33090,2,Zm00001eb066790;Zm00001eb194970;Zm00001eb368390,Zm00001eb066790:0.0029543;Zm00001eb194970:0.00357327;Zm00001eb368390:0.00078221,NA,NA,LOC_Os01g08320,LOC_Os01g08320:0.00123679,NA,NA,NA,NA
792539at2759,2,Zm00001eb073590;Zm00001eb211050,Zm00001eb073590:0.0043487;Zm00001eb211050:0.00128247,NA,NA,NA,NA,NA,NA,AT1G58340,AT1G58340:0.00126655
792539at33090,2,Zm00001eb073590;Zm00001eb211050,Zm00001eb073590:0.0043487;Zm00001eb211050:0.00128247,NA,NA,NA,NA,NA,NA,AT1G58340,AT1G58340:0.00126655
792637at33090,2,NA,NA,SORBI_3006G062200,SORBI_3006G062200:0.000575179,NA,NA,NA,NA,AT3G26680,AT3G26680:0.00055644
792806at2759,2,Zm00001eb313960,Zm00001eb313960:0.00437751,NA,NA,NA,NA,NA,NA,AT5G51060,AT5G51060:0.00177075
792806at33090,2,Zm00001eb313960,Zm00001eb313960:0.00437751,NA,NA,NA,NA,NA,NA,AT5G51060,AT5G51060:0.00177075
793047at33090,2,Zm00001eb280210,Zm00001eb280210:0.00242493,NA,NA,NA,NA,NA,NA,AT4G22200,AT4G22200:0.000911716
79309at38820,2,Zm00001eb212250,Zm00001eb212250:0.00236336,SORBI_3001G041800,SORBI_3001G041800:0.00182139,NA,NA,NA,NA,NA,NA
79309at4447,2,Zm00001eb212250,Zm00001eb212250:0.00236336,SORBI_3001G041800,SORBI_3001G041800:0.00182139,NA,NA,NA,NA,NA,NA
793678at2759,2,NA,NA,SORBI_3002G040300,SORBI_3002G040300:6.43278e-06,NA,NA,NA,NA,AT1G62780,AT1G62780:0.000291505
793678at33090,2,NA,NA,SORBI_3002G040300,SORBI_3002G040300:6.43278e-06,NA,NA,NA,NA,AT1G62780,AT1G62780:0.000291505
793689at2759,2,Zm00001eb357790,Zm00001eb357790:0.00375224,NA,NA,NA,NA,NA,NA,AT1G48950,AT1G48950:0.000466975
793689at33090,2,Zm00001eb357790,Zm00001eb357790:0.00375224,NA,NA,NA,NA,NA,NA,AT1G48950,AT1G48950:0.000466975
794108at2759,2,NA,NA,NA,NA,LOC_Os01g09270,LOC_Os01g09270:0.000578456,NA,NA,AT1G73100,AT1G73100:0.000778987
794108at33090,2,NA,NA,NA,NA,LOC_Os01g09270,LOC_Os01g09270:0.000578456,NA,NA,AT1G73100,AT1G73100:0.000778987
796164at33090,2,NA,NA,NA,NA,NA,NA,HORVU.MOREX.r3.7HG0675190,HORVU.MOREX.r3.7HG0675190:0.000391707,AT2G04750;AT5G35700,AT2G04750:0.00192253;AT5G35700:0.00114328
800400at33090,2,NA,NA,NA,NA,LOC_Os05g01760,LOC_Os05g01760:0.0013349,NA,NA,AT4G25630,AT4G25630:0.00121051
800565at33090,2,Zm00001eb231820,Zm00001eb231820:0.00271627,SORBI_3004G034700,SORBI_3004G034700:0.00103889,NA,NA,NA,NA,NA,NA
800573at33090,2,Zm00001eb045520,Zm00001eb045520:0.0020516,NA,NA,NA,NA,HORVU.MOREX.r3.3HG0229650,HORVU.MOREX.r3.3HG0229650:0.00253276,NA,NA
800666at33090,2,Zm00001eb102550,Zm00001eb102550:0.00341907,NA,NA,NA,NA,HORVU.MOREX.r3.5HG0494840,HORVU.MOREX.r3.5HG0494840:0.000690188,NA,NA
800678at33090,2,Zm00001eb243010,Zm00001eb243010:0.00309787,NA,NA,NA,NA,NA,NA,AT3G11630,AT3G11630:0.00180512
800681at33090,2,Zm00001eb376670,Zm00001eb376670:0.00118358,NA,NA,NA,NA,NA,NA,AT3G26340,AT3G26340:6.07853e-05
80135at4447,2,NA,NA,SORBI_3004G033000,SORBI_3004G033000:3.21351e-05,LOC_Os02g01355,LOC_Os02g01355:1.10286e-05,NA,NA,NA,NA
801601at33090,2,Zm00001eb212250,Zm00001eb212250:0.00236336,SORBI_3001G041800,SORBI_3001G041800:0.00182139,NA,NA,NA,NA,NA,NA
80164at4447,2,Zm00001eb247540,Zm00001eb247540:0.00443049,SORBI_3010G055000;SORBI_3010G055100,SORBI_3010G055000:0.000243356;SORBI_3010G055100:0.000243356,NA,NA,NA,NA,NA,NA
801796at33090,2,Zm00001eb067440,Zm00001eb067440:2.56534e-05,NA,NA,NA,NA,NA,NA,AT3G11270,AT3G11270:0.0019455
801993at33090,2,Zm00001eb015940;Zm00001eb330750,Zm00001eb015940:3.28967e-05;Zm00001eb330750:0.00398422,SORBI_3001G382200,SORBI_3001G382200:0.000360303,NA,NA,NA,NA,NA,NA
802046at33090,2,Zm00001eb344110,Zm00001eb344110:0.000821787,NA,NA,NA,NA,NA,NA,AT5G39830,AT5G39830:0.000305468
802583at33090,2,Zm00001eb327790,Zm00001eb327790:0.0038375,NA,NA,NA,NA,NA,NA,AT5G10360,AT5G10360:0.000393452
8032at38820,2,Zm00001eb376490,Zm00001eb376490:0.00367172,NA,NA,NA,NA,HORVU.MOREX.r3.7HG0653740,HORVU.MOREX.r3.7HG0653740:9.32661e-05,NA,NA
803663at33090,2,Zm00001eb074360,Zm00001eb074360:3.0598e-05,NA,NA,LOC_Os04g05560,LOC_Os04g05560:0.000654904,NA,NA,NA,NA
803849at2759,2,Zm00001eb291900,Zm00001eb291900:0.00400718,NA,NA,NA,NA,HORVU.MOREX.r3.1HG0067900,HORVU.MOREX.r3.1HG0067900:0.00176581,NA,NA
803849at33090,2,Zm00001eb291900,Zm00001eb291900:0.00400718,NA,NA,NA,NA,HORVU.MOREX.r3.1HG0067900,HORVU.MOREX.r3.1HG0067900:0.00176581,NA,NA
805926at33090,2,Zm00001eb251700,Zm00001eb251700:0.00167853,SORBI_3004G270200,SORBI_3004G270200:0.00261362,NA,NA,NA,NA,NA,NA
806054at33090,2,Zm00001eb375040,Zm00001eb375040:0.00436105,SORBI_3004G333900,SORBI_3004G333900:0.00160705,NA,NA,NA,NA,NA,NA
806059at33090,2,NA,NA,NA,NA,NA,NA,HORVU.MOREX.r3.3HG0313090,HORVU.MOREX.r3.3HG0313090:0.000472991,AT1G02880,AT1G02880:7.64056e-05
806147at33090,2,Zm00001eb009090,Zm00001eb009090:0.00253387,NA,NA,NA,NA,NA,NA,AT1G66200,AT1G66200:0.000589856
80708at38820,2,Zm00001eb367960,Zm00001eb367960:0.000161479,NA,NA,LOC_Os01g08410,LOC_Os01g08410:0.000631478,NA,NA,NA,NA
80708at4447,2,Zm00001eb367960,Zm00001eb367960:0.000161479,NA,NA,LOC_Os01g08410,LOC_Os01g08410:0.000631478,NA,NA,NA,NA
807140at2759,2,NA,NA,SORBI_3003G115800,SORBI_3003G115800:0.000928865,LOC_Os06g02250,LOC_Os06g02250:0.00150275,NA,NA,NA,NA
807140at33090,2,NA,NA,SORBI_3003G115800,SORBI_3003G115800:0.000928865,LOC_Os06g02250,LOC_Os06g02250:0.00150275,NA,NA,NA,NA
807753at2759,2,Zm00001eb406890,Zm00001eb406890:0.00352938,NA,NA,NA,NA,NA,NA,AT2G25100,AT2G25100:0.000475299
809680at2759,2,NA,NA,SORBI_3001G042500,SORBI_3001G042500:0.000844662,NA,NA,HORVU.MOREX.r3.7HG0659410,HORVU.MOREX.r3.7HG0659410:0.000851964,NA,NA
809680at33090,2,NA,NA,SORBI_3001G042500,SORBI_3001G042500:0.000844662,NA,NA,HORVU.MOREX.r3.7HG0659410,HORVU.MOREX.r3.7HG0659410:0.000851964,NA,NA
810657at33090,2,Zm00001eb376510,Zm00001eb376510:0.00367172,NA,NA,NA,NA,HORVU.MOREX.r3.7HG0653850,HORVU.MOREX.r3.7HG0653850:0.000735,NA,NA
81131at38820,2,Zm00001eb251710,Zm00001eb251710:0.00167853,SORBI_3004G270100,SORBI_3004G270100:0.00261362,NA,NA,NA,NA,NA,NA
81131at4447,2,Zm00001eb251710,Zm00001eb251710:0.00167853,SORBI_3004G270100,SORBI_3004G270100:0.00261362,NA,NA,NA,NA,NA,NA
81637at3193,2,Zm00001eb248610,Zm00001eb248610:6.89736e-05,NA,NA,NA,NA,NA,NA,AT4G25570,AT4G25570:0.000139567
81820at38820,2,Zm00001eb218330,Zm00001eb218330:0.00355481,NA,NA,NA,NA,HORVU.MOREX.r3.4HG0333040,HORVU.MOREX.r3.4HG0333040:0.00145776,NA,NA
81820at4447,2,Zm00001eb218330,Zm00001eb218330:0.00355481,NA,NA,NA,NA,HORVU.MOREX.r3.4HG0333040,HORVU.MOREX.r3.4HG0333040:0.00145776,NA,NA
82811at38820,2,Zm00001eb218310,Zm00001eb218310:0.00355481,NA,NA,NA,NA,HORVU.MOREX.r3.4HG0333110,HORVU.MOREX.r3.4HG0333110:3.93042e-05,NA,NA
82811at4447,2,Zm00001eb218310,Zm00001eb218310:0.00355481,NA,NA,NA,NA,HORVU.MOREX.r3.4HG0333110,HORVU.MOREX.r3.4HG0333110:3.93042e-05,NA,NA
84088at38820,2,Zm00001eb187650,Zm00001eb187650:0.00148778,NA,NA,NA,NA,HORVU.MOREX.r3.2HG0196570,HORVU.MOREX.r3.2HG0196570:0.0028336,NA,NA
84088at4447,2,Zm00001eb187650,Zm00001eb187650:0.00148778,NA,NA,NA,NA,HORVU.MOREX.r3.2HG0196570,HORVU.MOREX.r3.2HG0196570:0.0028336,NA,NA
84535at38820,2,NA,NA,NA,NA,LOC_Os09g04000,LOC_Os09g04000:0.000792993,HORVU.MOREX.r3.5HG0479000;HORVU.MOREX.r3.5HG0479030,HORVU.MOREX.r3.5HG0479000:0.00237909;HORVU.MOREX.r3.5HG0479030:0.00128524,NA,NA
84535at4447,2,NA,NA,NA,NA,LOC_Os09g04000,LOC_Os09g04000:0.000792993,HORVU.MOREX.r3.5HG0479000;HORVU.MOREX.r3.5HG0479030,HORVU.MOREX.r3.5HG0479000:0.00237909;HORVU.MOREX.r3.5HG0479030:0.00128524,NA,NA
84733at38820,2,Zm00001eb038370,Zm00001eb038370:0.000925425,SORBI_3002G124900,SORBI_3002G124900:0.00291783,NA,NA,NA,NA,NA,NA
84733at4447,2,Zm00001eb038370,Zm00001eb038370:0.000925425,SORBI_3002G124900,SORBI_3002G124900:0.00291783,NA,NA,NA,NA,NA,NA
85423at38820,2,NA,NA,SORBI_3010G082600,SORBI_3010G082600:0.00205156,NA,NA,HORVU.MOREX.r3.7HG0663850;HORVU.MOREX.r3.7HG0663860,HORVU.MOREX.r3.7HG0663850:0.00194212;HORVU.MOREX.r3.7HG0663860:0.00194212,NA,NA
85423at4447,2,NA,NA,SORBI_3010G082600,SORBI_3010G082600:0.00205156,NA,NA,HORVU.MOREX.r3.7HG0663850;HORVU.MOREX.r3.7HG0663860,HORVU.MOREX.r3.7HG0663850:0.00194212;HORVU.MOREX.r3.7HG0663860:0.00194212,NA,NA
85711at38820,2,Zm00001eb361200,Zm00001eb361200:0.00256398,NA,NA,LOC_Os01g07080,LOC_Os01g07080:0.000655899,NA,NA,NA,NA
85711at4447,2,Zm00001eb361200,Zm00001eb361200:0.00256398,NA,NA,LOC_Os01g07080,LOC_Os01g07080:0.000655899,NA,NA,NA,NA
8653at38820,2,Zm00001eb108350,Zm00001eb108350:0.000219232,SORBI_3001G021700,SORBI_3001G021700:0.00153408,NA,NA,NA,NA,NA,NA
8653at4447,2,Zm00001eb108350,Zm00001eb108350:0.000219232,SORBI_3001G021700,SORBI_3001G021700:0.00153408,NA,NA,NA,NA,NA,NA
86707at4447,2,Zm00001eb013180,Zm00001eb013180:0.00280412,NA,NA,NA,NA,HORVU.MOREX.r3.4HG0385330,HORVU.MOREX.r3.4HG0385330:3.59044e-05,NA,NA
87026at3193,2,Zm00001eb103030,Zm00001eb103030:9.58075e-06,NA,NA,NA,NA,NA,NA,AT5G62190,AT5G62190:0.00104243
87026at33090,2,Zm00001eb103030,Zm00001eb103030:9.58075e-06,NA,NA,NA,NA,NA,NA,AT5G62190,AT5G62190:0.00104243
87539at38820,2,NA,NA,SORBI_3004G003401,SORBI_3004G003401:0.00336801,NA,NA,HORVU.MOREX.r3.6HG0540780,HORVU.MOREX.r3.6HG0540780:0.00217974,NA,NA
88158at2759,2,Zm00001eb122340,Zm00001eb122340:0.000243312,NA,NA,NA,NA,HORVU.MOREX.r3.2HG0174320,HORVU.MOREX.r3.2HG0174320:6.44514e-05,NA,NA
88158at33090,2,Zm00001eb122340,Zm00001eb122340:0.000243312,NA,NA,NA,NA,HORVU.MOREX.r3.2HG0174320,HORVU.MOREX.r3.2HG0174320:6.44514e-05,NA,NA
88438at38820,2,Zm00001eb193100,Zm00001eb193100:0.000710272,NA,NA,NA,NA,HORVU.MOREX.r3.6HG0620440;HORVU.MOREX.r3.6HG0620630,HORVU.MOREX.r3.6HG0620440:0.00269105;HORVU.MOREX.r3.6HG0620630:0.00046271,NA,NA
88941at38820,2,Zm00001eb118040,Zm00001eb118040:6.58596e-05,SORBI_3002G012000;SORBI_3002G012200,SORBI_3002G012000:0.00191444;SORBI_3002G012200:0.00191444,NA,NA,NA,NA,NA,NA
88941at4447,2,Zm00001eb118040,Zm00001eb118040:6.58596e-05,SORBI_3002G012000;SORBI_3002G012200,SORBI_3002G012000:0.00191444;SORBI_3002G012200:0.00191444,NA,NA,NA,NA,NA,NA
89081at38820,2,Zm00001eb187450,Zm00001eb187450:0.00125933,SORBI_3006G192100,SORBI_3006G192100:0.000119406,NA,NA,NA,NA,NA,NA
89081at4447,2,Zm00001eb187450,Zm00001eb187450:0.00125933,SORBI_3006G192100,SORBI_3006G192100:0.000119406,NA,NA,NA,NA,NA,NA
89120at38820,2,Zm00001eb212230,Zm00001eb212230:0.00236336,SORBI_3001G041400,SORBI_3001G041400:0.00182139,NA,NA,NA,NA,NA,NA
89120at4447,2,Zm00001eb212230,Zm00001eb212230:0.00236336,SORBI_3001G041400,SORBI_3001G041400:0.00182139,NA,NA,NA,NA,NA,NA
89250at38820,2,Zm00001eb334830,Zm00001eb334830:0.00284004,NA,NA,LOC_Os01g01210,LOC_Os01g01210:0.00096012,NA,NA,NA,NA
89250at4447,2,Zm00001eb334830,Zm00001eb334830:0.00284004,NA,NA,LOC_Os01g01210,LOC_Os01g01210:0.00096012,NA,NA,NA,NA
89366at4447,2,Zm00001eb229650,Zm00001eb229650:0.000149622,SORBI_3004G007800,SORBI_3004G007800:0.00187195,NA,NA,NA,NA,NA,NA
90179at38820,2,Zm00001eb370220,Zm00001eb370220:0.00327386,NA,NA,NA,NA,HORVU.MOREX.r3.3HG0291450,HORVU.MOREX.r3.3HG0291450:0.00158953,NA,NA
90179at4447,2,Zm00001eb370220,Zm00001eb370220:0.00327386,NA,NA,NA,NA,HORVU.MOREX.r3.3HG0291450,HORVU.MOREX.r3.3HG0291450:0.00158953,NA,NA
90448at38820,2,Zm00001eb298650,Zm00001eb298650:0.00151773,NA,NA,NA,NA,HORVU.MOREX.r3.4HG0408300,HORVU.MOREX.r3.4HG0408300:0.00118764,NA,NA
90448at4447,2,Zm00001eb298650,Zm00001eb298650:0.00151773,NA,NA,NA,NA,HORVU.MOREX.r3.4HG0408300,HORVU.MOREX.r3.4HG0408300:0.00118764,NA,NA
90812at38820,2,Zm00001eb111560;Zm00001eb330680,Zm00001eb111560:0.000744065;Zm00001eb330680:0.00219068,SORBI_3002G418100,SORBI_3002G418100:0.000400866,NA,NA,NA,NA,NA,NA
90812at4447,2,Zm00001eb111560;Zm00001eb330680,Zm00001eb111560:0.000744065;Zm00001eb330680:0.00219068,SORBI_3002G418100,SORBI_3002G418100:0.000400866,NA,NA,NA,NA,NA,NA
90913at38820,2,Zm00001eb430610,Zm00001eb430610:0.00203078,NA,NA,NA,NA,HORVU.MOREX.r3.2HG0192000;HORVU.MOREX.r3.2HG0192050,HORVU.MOREX.r3.2HG0192000:0.00211331;HORVU.MOREX.r3.2HG0192050:0.00166754,NA,NA
90913at4447,2,Zm00001eb430610,Zm00001eb430610:0.00203078,NA,NA,NA,NA,HORVU.MOREX.r3.2HG0192000;HORVU.MOREX.r3.2HG0192050,HORVU.MOREX.r3.2HG0192000:0.00211331;HORVU.MOREX.r3.2HG0192050:0.00166754,NA,NA
91052at4447,2,Zm00001eb375200,Zm00001eb375200:0.000563973,SORBI_3004G334400,SORBI_3004G334400:0.00160705,NA,NA,NA,NA,NA,NA
9112at38820,2,Zm00001eb013180,Zm00001eb013180:0.00280412,NA,NA,NA,NA,HORVU.MOREX.r3.4HG0385330,HORVU.MOREX.r3.4HG0385330:3.59044e-05,NA,NA
91169at38820,2,Zm00001eb189290,Zm00001eb189290:0.00172218,NA,NA,LOC_Os02g07180,LOC_Os02g07180:0.00143836,NA,NA,NA,NA
91169at4447,2,Zm00001eb189290,Zm00001eb189290:0.00172218,NA,NA,LOC_Os02g07180,LOC_Os02g07180:0.00143836,NA,NA,NA,NA
91560at38820,2,Zm00001eb368420,Zm00001eb368420:0.00211559,NA,NA,NA,NA,HORVU.MOREX.r3.3HG0303960,HORVU.MOREX.r3.3HG0303960:0.00109671,NA,NA
91560at4447,2,Zm00001eb368420,Zm00001eb368420:0.00211559,NA,NA,NA,NA,HORVU.MOREX.r3.3HG0303960,HORVU.MOREX.r3.3HG0303960:0.00109671,NA,NA
91713at38820,2,Zm00001eb213430,Zm00001eb213430:0.00444612,SORBI_3001G066100,SORBI_3001G066100:0.000536804,NA,NA,NA,NA,NA,NA
91713at4447,2,Zm00001eb213430,Zm00001eb213430:0.00444612,SORBI_3001G066100,SORBI_3001G066100:0.000536804,NA,NA,NA,NA,NA,NA
91867at38820,2,Zm00001eb401390,Zm00001eb401390:0.00348864,NA,NA,NA,NA,HORVU.MOREX.r3.4HG0406870,HORVU.MOREX.r3.4HG0406870:0.000373169,NA,NA
91867at4447,2,Zm00001eb401390,Zm00001eb401390:0.00348864,NA,NA,NA,NA,HORVU.MOREX.r3.4HG0406870,HORVU.MOREX.r3.4HG0406870:0.000373169,NA,NA
91935at4447,2,Zm00001eb108640;Zm00001eb323310,Zm00001eb108640:0.00423521;Zm00001eb323310:0.00278104,NA,NA,NA,NA,HORVU.MOREX.r3.5HG0501470;HORVU.MOREX.r3.5HG0501480,HORVU.MOREX.r3.5HG0501470:0.000150012;HORVU.MOREX.r3.5HG0501480:0.000150012,NA,NA
92096at2759,2,NA,NA,SORBI_3004G320000,SORBI_3004G320000:0.000165494,NA,NA,NA,NA,AT5G49710,AT5G49710:0.000681069
92096at3193,2,NA,NA,SORBI_3004G320000,SORBI_3004G320000:0.000165494,NA,NA,NA,NA,AT5G49710,AT5G49710:0.000681069
92096at33090,2,NA,NA,SORBI_3004G320000,SORBI_3004G320000:0.000165494,NA,NA,NA,NA,AT5G49710,AT5G49710:0.000681069
92236at2759,2,NA,NA,SORBI_3003G360200,SORBI_3003G360200:0.000163944,NA,NA,HORVU.MOREX.r3.5HG0467090,HORVU.MOREX.r3.5HG0467090:0.000905285,NA,NA
92236at3193,2,NA,NA,SORBI_3003G360200,SORBI_3003G360200:0.000163944,NA,NA,HORVU.MOREX.r3.5HG0467090,HORVU.MOREX.r3.5HG0467090:0.000905285,NA,NA
92236at33090,2,NA,NA,SORBI_3003G360200,SORBI_3003G360200:0.000163944,NA,NA,HORVU.MOREX.r3.5HG0467090,HORVU.MOREX.r3.5HG0467090:0.000905285,NA,NA
92299at38820,2,Zm00001eb327130,Zm00001eb327130:0.000347168,SORBI_3004G009000,SORBI_3004G009000:0.000203108,NA,NA,NA,NA,NA,NA
92299at4447,2,Zm00001eb327130,Zm00001eb327130:0.000347168,SORBI_3004G009000,SORBI_3004G009000:0.000203108,NA,NA,NA,NA,NA,NA
9292at38820,2,Zm00001eb248300,Zm00001eb248300:0.000120329,NA,NA,LOC_Os10g04890,LOC_Os10g04890:0.00045244,NA,NA,NA,NA
9292at4447,2,Zm00001eb248300,Zm00001eb248300:0.000120329,NA,NA,LOC_Os10g04890,LOC_Os10g04890:0.00045244,NA,NA,NA,NA
93384at2759,2,NA,NA,NA,NA,LOC_Os09g04460,LOC_Os09g04460:0.00130339,HORVU.MOREX.r3.2HG0106230,HORVU.MOREX.r3.2HG0106230:0.00182252,NA,NA
93384at3193,2,NA,NA,NA,NA,LOC_Os09g04460,LOC_Os09g04460:0.00130339,HORVU.MOREX.r3.2HG0106230,HORVU.MOREX.r3.2HG0106230:0.00182252,NA,NA
93384at33090,2,NA,NA,NA,NA,LOC_Os09g04460,LOC_Os09g04460:0.00130339,HORVU.MOREX.r3.2HG0106230,HORVU.MOREX.r3.2HG0106230:0.00182252,NA,NA
93690at38820,2,Zm00001eb228930,Zm00001eb228930:0.00160172,NA,NA,NA,NA,HORVU.MOREX.r3.7HG0749600,HORVU.MOREX.r3.7HG0749600:0.000291635,NA,NA
93690at4447,2,Zm00001eb228930,Zm00001eb228930:0.00160172,NA,NA,NA,NA,HORVU.MOREX.r3.7HG0749600,HORVU.MOREX.r3.7HG0749600:0.000291635,NA,NA
93769at38820,2,Zm00001eb334140,Zm00001eb334140:0.000954728,NA,NA,LOC_Os10g03300,LOC_Os10g03300:0.00138296,NA,NA,NA,NA
93769at4447,2,Zm00001eb334140,Zm00001eb334140:0.000954728,NA,NA,LOC_Os10g03300,LOC_Os10g03300:0.00138296,NA,NA,NA,NA
942405at2759,2,Zm00001eb045520,Zm00001eb045520:0.0020516,NA,NA,NA,NA,HORVU.MOREX.r3.3HG0229650,HORVU.MOREX.r3.3HG0229650:0.00253276,NA,NA
94719at38820,2,Zm00001eb433320,Zm00001eb433320:0.00421526,NA,NA,LOC_Os04g06700,LOC_Os04g06700:0.00105121,NA,NA,NA,NA
94719at4447,2,Zm00001eb433320,Zm00001eb433320:0.00421526,NA,NA,LOC_Os04g06700,LOC_Os04g06700:0.00105121,NA,NA,NA,NA
94990at38820,2,NA,NA,SORBI_3002G198600,SORBI_3002G198600:0.00292635,NA,NA,HORVU.MOREX.r3.5HG0484900,HORVU.MOREX.r3.5HG0484900:0.000669973,NA,NA
94990at4447,2,NA,NA,SORBI_3002G198600,SORBI_3002G198600:0.00292635,NA,NA,HORVU.MOREX.r3.5HG0484900,HORVU.MOREX.r3.5HG0484900:0.000669973,NA,NA
95701at38820,2,Zm00001eb290310,Zm00001eb290310:0.00243177,SORBI_3003G341600,SORBI_3003G341600:0.00117037,NA,NA,NA,NA,NA,NA
95701at4447,2,Zm00001eb290310,Zm00001eb290310:0.00243177,SORBI_3003G341600,SORBI_3003G341600:0.00117037,NA,NA,NA,NA,NA,NA
95768at38820,2,Zm00001eb255970,Zm00001eb255970:0.000271662,SORBI_3010G081800,SORBI_3010G081800:0.00278074,NA,NA,NA,NA,NA,NA
95768at4447,2,Zm00001eb255970,Zm00001eb255970:0.000271662,SORBI_3010G081800,SORBI_3010G081800:0.00278074,NA,NA,NA,NA,NA,NA
96325at38820,2,NA,NA,SORBI_3003G099400,SORBI_3003G099400:0.001303,NA,NA,HORVU.MOREX.r3.3HG0219130,HORVU.MOREX.r3.3HG0219130:0.000859699,NA,NA
96325at4447,2,NA,NA,SORBI_3003G099400,SORBI_3003G099400:0.001303,NA,NA,HORVU.MOREX.r3.3HG0219130,HORVU.MOREX.r3.3HG0219130:0.000859699,NA,NA
97007at38820,2,Zm00001eb058370;Zm00001eb214230,Zm00001eb058370:0.000331992;Zm00001eb214230:0.00128363,SORBI_3001G079500,SORBI_3001G079500:0.000476756,NA,NA,NA,NA,NA,NA
97007at4447,2,Zm00001eb058370;Zm00001eb214230,Zm00001eb058370:0.000331992;Zm00001eb214230:0.00128363,SORBI_3001G079500,SORBI_3001G079500:0.000476756,NA,NA,NA,NA,NA,NA
97657at38820,2,Zm00001eb082130,Zm00001eb082130:0.00013321,SORBI_3004G178000,SORBI_3004G178000:0.000558139,NA,NA,NA,NA,NA,NA
97657at4447,2,Zm00001eb082130,Zm00001eb082130:0.00013321,SORBI_3004G178000,SORBI_3004G178000:0.000558139,NA,NA,NA,NA,NA,NA
97798at4447,2,Zm00001eb081280;Zm00001eb081290,Zm00001eb081280:0.00238479;Zm00001eb081290:0.00238479,NA,NA,NA,NA,HORVU.MOREX.r3.2HG0172200,HORVU.MOREX.r3.2HG0172200:0.000159951,NA,NA
97816at38820,2,Zm00001eb397130,Zm00001eb397130:0.00024328,SORBI_3001G409200,SORBI_3001G409200:0.00334031,NA,NA,NA,NA,NA,NA
97816at4447,2,Zm00001eb397130,Zm00001eb397130:0.00024328,SORBI_3001G409200,SORBI_3001G409200:0.00334031,NA,NA,NA,NA,NA,NA
98079at38820,2,Zm00001eb402940,Zm00001eb402940:0.00163499,NA,NA,NA,NA,HORVU.MOREX.r3.6HG0543250,HORVU.MOREX.r3.6HG0543250:0.00236361,NA,NA
98079at4447,2,Zm00001eb402940,Zm00001eb402940:0.00163499,NA,NA,NA,NA,HORVU.MOREX.r3.6HG0543250,HORVU.MOREX.r3.6HG0543250:0.00236361,NA,NA
98184at38820,2,Zm00001eb250240,Zm00001eb250240:0.00376106,NA,NA,NA,NA,HORVU.MOREX.r3.2HG0187780,HORVU.MOREX.r3.2HG0187780:6.47297e-05,NA,NA
98184at4447,2,Zm00001eb250240,Zm00001eb250240:0.00376106,NA,NA,NA,NA,HORVU.MOREX.r3.2HG0187780,HORVU.MOREX.r3.2HG0187780:6.47297e-05,NA,NA
98438at38820,2,Zm00001eb152920,Zm00001eb152920:0.00271766,NA,NA,NA,NA,HORVU.MOREX.r3.3HG0289380,HORVU.MOREX.r3.3HG0289380:0.00155144,NA,NA
98438at4447,2,Zm00001eb152920,Zm00001eb152920:0.00271766,NA,NA,NA,NA,HORVU.MOREX.r3.3HG0289380,HORVU.MOREX.r3.3HG0289380:0.00155144,NA,NA
9868at38820,2,Zm00001eb231790,Zm00001eb231790:0.000249985,SORBI_3004G034400,SORBI_3004G034400:0.00103889,NA,NA,NA,NA,NA,NA
9868at4447,2,Zm00001eb231790,Zm00001eb231790:0.000249985,SORBI_3004G034400,SORBI_3004G034400:0.00103889,NA,NA,NA,NA,NA,NA
99372at2759,2,Zm00001eb428680,Zm00001eb428680:0.00209364,NA,NA,NA,NA,NA,NA,AT4G23060,AT4G23060:0.000348872
99372at3193,2,Zm00001eb428680,Zm00001eb428680:0.00209364,NA,NA,NA,NA,NA,NA,AT4G23060,AT4G23060:0.000348872
99372at33090,2,Zm00001eb428680,Zm00001eb428680:0.00209364,NA,NA,NA,NA,NA,NA,AT4G23060,AT4G23060:0.000348872
9938at38820,2,NA,NA,SORBI_3010G081900,SORBI_3010G081900:0.00278074,NA,NA,HORVU.MOREX.r3.6HG0619740,HORVU.MOREX.r3.6HG0619740:0.000874309,NA,NA
9938at4447,2,NA,NA,SORBI_3010G081900,SORBI_3010G081900:0.00278074,NA,NA,HORVU.MOREX.r3.6HG0619740,HORVU.MOREX.r3.6HG0619740:0.000874309,NA,NA
99595at38820,2,Zm00001eb209300,Zm00001eb209300:0.00120694,NA,NA,NA,NA,HORVU.MOREX.r3.6HG0547910,HORVU.MOREX.r3.6HG0547910:0.000798632,NA,NA
99595at4447,2,Zm00001eb209300,Zm00001eb209300:0.00120694,NA,NA,NA,NA,HORVU.MOREX.r3.6HG0547910,HORVU.MOREX.r3.6HG0547910:0.000798632,NA,NA
99903at38820,2,Zm00001eb231850,Zm00001eb231850:0.00300538,SORBI_3004G035200,SORBI_3004G035200:0.00190954,NA,NA,NA,NA,NA,NA
99903at4447,2,Zm00001eb231850,Zm00001eb231850:0.00300538,SORBI_3004G035200,SORBI_3004G035200:0.00190954,NA,NA,NA,NA,NA,NA
