Orthogroup,Gene_count,Maize_gene,Maize_pvalue_max,Sorghum_gene,Sorghum_pvalue_max,Rice_gene,Rice_pvalue_max,Barley_gene,Barley_pvalue_max,Arabidopsis_gene,Arabidopsis_pvalue_max
164184at3193,4,Zm00001eb058860,Zm00001eb058860:0.00183992,SORBI_3003G308100;SORBI_3007G090600,SORBI_3003G308100:3.68315e-05;SORBI_3007G090600:2.00221e-06,NA,NA,HORVU.MOREX.r3.1HG0077960;HORVU.MOREX.r3.5HG0513440,HORVU.MOREX.r3.1HG0077960:0.00160413;HORVU.MOREX.r3.5HG0513440:0.000326108,AT3G07330;AT4G07960,AT3G07330:0.000908193;AT4G07960:0.00257083
164184at33090,4,Zm00001eb058860,Zm00001eb058860:0.00183992,SORBI_3003G308100;SORBI_3007G090600,SORBI_3003G308100:3.68315e-05;SORBI_3007G090600:2.00221e-06,NA,NA,HORVU.MOREX.r3.1HG0077960;HORVU.MOREX.r3.5HG0513440,HORVU.MOREX.r3.1HG0077960:0.00160413;HORVU.MOREX.r3.5HG0513440:0.000326108,AT3G07330;AT4G07960,AT3G07330:0.000908193;AT4G07960:0.00257083
1873865at2759,4,Zm00001eb419530,Zm00001eb419530:0.00392525,NA,NA,LOC_Os03g08220,LOC_Os03g08220:0.00204256,HORVU.MOREX.r3.1HG0054180,HORVU.MOREX.r3.1HG0054180:0.000197892,AT1G12560,AT1G12560:0.000106801
2042608at2759,4,Zm00001eb211960;Zm00001eb326840,Zm00001eb211960:0.00100959;Zm00001eb326840:0.0039618,SORBI_3002G366200;SORBI_3003G342100;SORBI_3003G342200,SORBI_3002G366200:0.000115398;SORBI_3003G342100:9.25933e-06;SORBI_3003G342200:9.25933e-06,NA,NA,HORVU.MOREX.r3.4HG0412770;HORVU.MOREX.r3.7HG0651280,HORVU.MOREX.r3.4HG0412770:0.00101495;HORVU.MOREX.r3.7HG0651280:0.000124395,AT1G15950;AT4G30470,AT1G15950:0.00195533;AT4G30470:0.000694779
381908at2759,4,Zm00001eb270630,Zm00001eb270630:0.00430354,SORBI_3001G003600;SORBI_3003G341900,SORBI_3001G003600:3.40366e-05;SORBI_3003G341900:9.25933e-06,NA,NA,HORVU.MOREX.r3.2HG0097240;HORVU.MOREX.r3.5HG0468740,HORVU.MOREX.r3.2HG0097240:8.65481e-05;HORVU.MOREX.r3.5HG0468740:0.000685079,AT2G30310;AT2G31540,AT2G30310:0.000484386;AT2G31540:0.00215785
419791at2759,4,Zm00001eb257300;Zm00001eb257310,Zm00001eb257300:0.0043912;Zm00001eb257310:0.0043912,SORBI_3001G333400,SORBI_3001G333400:5.51172e-05,NA,NA,HORVU.MOREX.r3.6HG0622130;HORVU.MOREX.r3.7HG0651300,HORVU.MOREX.r3.6HG0622130:0.000298605;HORVU.MOREX.r3.7HG0651300:0.000124395,AT4G25790,AT4G25790:7.69144e-05
433140at33090,4,Zm00001eb419530,Zm00001eb419530:0.00392525,NA,NA,LOC_Os03g08220,LOC_Os03g08220:0.00204256,HORVU.MOREX.r3.1HG0054180,HORVU.MOREX.r3.1HG0054180:0.000197892,AT1G12560,AT1G12560:0.000106801
471126at2759,4,Zm00001eb058860,Zm00001eb058860:0.00183992,SORBI_3003G308100;SORBI_3007G090600,SORBI_3003G308100:3.68315e-05;SORBI_3007G090600:2.00221e-06,NA,NA,HORVU.MOREX.r3.1HG0077960;HORVU.MOREX.r3.5HG0513440,HORVU.MOREX.r3.1HG0077960:0.00160413;HORVU.MOREX.r3.5HG0513440:0.000326108,AT3G07330;AT4G07960,AT3G07330:0.000908193;AT4G07960:0.00257083
4805980at2759,4,Zm00001eb257750,Zm00001eb257750:0.00313312,SORBI_3008G073700,SORBI_3008G073700:2.78957e-05,NA,NA,HORVU.MOREX.r3.3HG0303660;HORVU.MOREX.r3.4HG0332980;HORVU.MOREX.r3.6HG0623790,HORVU.MOREX.r3.3HG0303660:0.00292857;HORVU.MOREX.r3.4HG0332980:0.00251104;HORVU.MOREX.r3.6HG0623790:0.000420147,AT4G30610;AT4G30810,AT4G30610:0.000113884;AT4G30810:5.07042e-05
4809112at2759,4,Zm00001eb202100,Zm00001eb202100:0.000592079,SORBI_3007G091100,SORBI_3007G091100:3.80207e-08,LOC_Os12g01510,LOC_Os12g01510:0.00198295,HORVU.MOREX.r3.5HG0461970,HORVU.MOREX.r3.5HG0461970:0.00174082,NA,NA
585262at33090,4,Zm00001eb270630,Zm00001eb270630:0.00430354,SORBI_3001G003600;SORBI_3003G341900,SORBI_3001G003600:3.40366e-05;SORBI_3003G341900:9.25933e-06,NA,NA,HORVU.MOREX.r3.2HG0097240;HORVU.MOREX.r3.5HG0468740,HORVU.MOREX.r3.2HG0097240:8.65481e-05;HORVU.MOREX.r3.5HG0468740:0.000685079,AT2G30310;AT2G31540,AT2G30310:0.000484386;AT2G31540:0.00215785
587765at33090,4,Zm00001eb211960;Zm00001eb326840,Zm00001eb211960:0.00100959;Zm00001eb326840:0.0039618,SORBI_3002G366200;SORBI_3003G342100;SORBI_3003G342200,SORBI_3002G366200:0.000115398;SORBI_3003G342100:9.25933e-06;SORBI_3003G342200:9.25933e-06,NA,NA,HORVU.MOREX.r3.4HG0412770;HORVU.MOREX.r3.7HG0651280,HORVU.MOREX.r3.4HG0412770:0.00101495;HORVU.MOREX.r3.7HG0651280:0.000124395,AT1G15950,AT1G15950:0.00195533
612680at2759,4,Zm00001eb069640;Zm00001eb312000,Zm00001eb069640:0.000652943;Zm00001eb312000:0.00297187,NA,NA,LOC_Os06g06970,LOC_Os06g06970:0.000570818,HORVU.MOREX.r3.7HG0728750,HORVU.MOREX.r3.7HG0728750:0.00123709,AT1G11545;AT2G01850;AT4G28850,AT1G11545:0.000781639;AT2G01850:0.000440349;AT4G28850:0.000537167
612680at33090,4,Zm00001eb069640;Zm00001eb312000,Zm00001eb069640:0.000652943;Zm00001eb312000:0.00297187,NA,NA,LOC_Os06g06970,LOC_Os06g06970:0.000570818,HORVU.MOREX.r3.7HG0728750,HORVU.MOREX.r3.7HG0728750:0.00123709,AT1G11545;AT2G01850;AT4G28850,AT1G11545:0.000781639;AT2G01850:0.000440349;AT4G28850:0.000537167
627237at2759,4,Zm00001eb082170;Zm00001eb112180;Zm00001eb126980;Zm00001eb289290;Zm00001eb304390,Zm00001eb082170:0.00129807;Zm00001eb112180:0.000492567;Zm00001eb126980:0.0045993;Zm00001eb289290:0.000457584;Zm00001eb304390:0.0008613,SORBI_3001G133900;SORBI_3001G223200;SORBI_3004G276200,SORBI_3001G133900:1.33064e-05;SORBI_3001G223200:4.58897e-05;SORBI_3004G276200:3.17183e-07,NA,NA,HORVU.MOREX.r3.2HG0177940;HORVU.MOREX.r3.5HG0510530,HORVU.MOREX.r3.2HG0177940:0.000151349;HORVU.MOREX.r3.5HG0510530:3.70895e-05,AT1G12110;AT3G45660,AT1G12110:0.00176349;AT3G45660:0.00119977
629188at33090,4,Zm00001eb082170;Zm00001eb112180;Zm00001eb126980;Zm00001eb289290;Zm00001eb304390,Zm00001eb082170:0.00129807;Zm00001eb112180:0.000492567;Zm00001eb126980:0.0045993;Zm00001eb289290:0.000457584;Zm00001eb304390:0.0008613,SORBI_3001G133900;SORBI_3001G223200;SORBI_3004G276200,SORBI_3001G133900:1.33064e-05;SORBI_3001G223200:4.58897e-05;SORBI_3004G276200:3.17183e-07,NA,NA,HORVU.MOREX.r3.2HG0177940;HORVU.MOREX.r3.5HG0510530,HORVU.MOREX.r3.2HG0177940:0.000151349;HORVU.MOREX.r3.5HG0510530:3.70895e-05,AT1G12110;AT3G45660,AT1G12110:0.00176349;AT3G45660:0.00119977
630100at33090,4,Zm00001eb257750,Zm00001eb257750:0.00313312,SORBI_3008G073700,SORBI_3008G073700:2.78957e-05,NA,NA,HORVU.MOREX.r3.3HG0303660;HORVU.MOREX.r3.4HG0332980;HORVU.MOREX.r3.6HG0623790,HORVU.MOREX.r3.3HG0303660:0.00292857;HORVU.MOREX.r3.4HG0332980:0.00251104;HORVU.MOREX.r3.6HG0623790:0.000420147,AT4G30610;AT4G30810,AT4G30610:0.000113884;AT4G30810:5.07042e-05
640662at2759,4,Zm00001eb009940;Zm00001eb009950;Zm00001eb043110;Zm00001eb058260;Zm00001eb067730;Zm00001eb195200;Zm00001eb195210;Zm00001eb204960;Zm00001eb225230;Zm00001eb251340;Zm00001eb291850;Zm00001eb383860;Zm00001eb383870,Zm00001eb009940:0.00432377;Zm00001eb009950:0.00432377;Zm00001eb043110:0.00117009;Zm00001eb058260:0.00132073;Zm00001eb067730:0.00141403;Zm00001eb195200:3.99621e-05;Zm00001eb195210:3.99621e-05;Zm00001eb204960:0.00349325;Zm00001eb225230:0.000671643;Zm00001eb251340:0.00192423;Zm00001eb291850:0.00182543;Zm00001eb383860:0.00221929;Zm00001eb383870:0.00221929,NA,NA,LOC_Os01g07870,LOC_Os01g07870:0.000377989,HORVU.MOREX.r3.5HG0494460;HORVU.MOREX.r3.6HG0618250,HORVU.MOREX.r3.5HG0494460:0.00107914;HORVU.MOREX.r3.6HG0618250:0.000331314,AT2G38380;AT4G37520;AT5G05340,AT2G38380:0.000460378;AT4G37520:0.00189472;AT5G05340:0.000741017
787554at2759,4,Zm00001eb061860;Zm00001eb072810;Zm00001eb093410;Zm00001eb107190;Zm00001eb212430;Zm00001eb369270;Zm00001eb429270,Zm00001eb061860:0.00188196;Zm00001eb072810:0.00132706;Zm00001eb093410:0.00218079;Zm00001eb107190:0.00248974;Zm00001eb212430:0.00170799;Zm00001eb369270:0.00250539;Zm00001eb429270:0.000403675,SORBI_3003G225200,SORBI_3003G225200:4.85292e-05,NA,NA,HORVU.MOREX.r3.6HG0633900,HORVU.MOREX.r3.6HG0633900:0.000213192,AT4G21940;AT5G04870,AT4G21940:0.000936898;AT5G04870:0.00143042
787554at33090,4,Zm00001eb061860;Zm00001eb072810;Zm00001eb093410;Zm00001eb107190;Zm00001eb212430;Zm00001eb369270;Zm00001eb429270,Zm00001eb061860:0.00188196;Zm00001eb072810:0.00132706;Zm00001eb093410:0.00218079;Zm00001eb107190:0.00248974;Zm00001eb212430:0.00170799;Zm00001eb369270:0.00250539;Zm00001eb429270:0.000403675,SORBI_3003G225200,SORBI_3003G225200:4.85292e-05,NA,NA,HORVU.MOREX.r3.6HG0633900,HORVU.MOREX.r3.6HG0633900:0.000213192,AT4G21940;AT5G04870,AT4G21940:0.000936898;AT5G04870:0.00143042
106400at33090,3,Zm00001eb010370;Zm00001eb062600,Zm00001eb010370:0.00136245;Zm00001eb062600:0.00425278,NA,NA,NA,NA,HORVU.MOREX.r3.1HG0006570,HORVU.MOREX.r3.1HG0006570:0.00261864,AT4G25590;AT5G59880,AT4G25590:0.00010457;AT5G59880:0.00154505
11040at2759,3,Zm00001eb098630;Zm00001eb198790;Zm00001eb259960,Zm00001eb098630:8.76476e-05;Zm00001eb198790:0.000843962;Zm00001eb259960:0.00313907,NA,NA,NA,NA,HORVU.MOREX.r3.6HG0545670,HORVU.MOREX.r3.6HG0545670:0.00182419,AT1G22990,AT1G22990:0.00221339
11040at3193,3,Zm00001eb098630;Zm00001eb198790;Zm00001eb259960,Zm00001eb098630:8.76476e-05;Zm00001eb198790:0.000843962;Zm00001eb259960:0.00313907,NA,NA,NA,NA,HORVU.MOREX.r3.6HG0545670,HORVU.MOREX.r3.6HG0545670:0.00182419,AT1G22990,AT1G22990:0.00221339
11040at33090,3,Zm00001eb098630;Zm00001eb198790;Zm00001eb259960,Zm00001eb098630:8.76476e-05;Zm00001eb198790:0.000843962;Zm00001eb259960:0.00313907,NA,NA,NA,NA,HORVU.MOREX.r3.6HG0545670,HORVU.MOREX.r3.6HG0545670:0.00182419,AT1G22990,AT1G22990:0.00221339
117243at2759,3,Zm00001eb258790,Zm00001eb258790:8.60146e-05,NA,NA,LOC_Os01g06640,LOC_Os01g06640:0.00210191,NA,NA,AT4G17740,AT4G17740:0.000966362
128682at3193,3,Zm00001eb290220;Zm00001eb368530,Zm00001eb290220:0.00402537;Zm00001eb368530:0.00230744,NA,NA,NA,NA,HORVU.MOREX.r3.3HG0304120,HORVU.MOREX.r3.3HG0304120:0.00113664,AT1G07090,AT1G07090:2.28494e-05
128682at33090,3,Zm00001eb290220;Zm00001eb368530,Zm00001eb290220:0.00402537;Zm00001eb368530:0.00230744,NA,NA,NA,NA,HORVU.MOREX.r3.3HG0304120,HORVU.MOREX.r3.3HG0304120:0.00113664,AT1G07090,AT1G07090:2.28494e-05
132787at33090,3,Zm00001eb002470;Zm00001eb402510,Zm00001eb002470:0.00198137;Zm00001eb402510:0.000824493,NA,NA,NA,NA,HORVU.MOREX.r3.3HG0331000,HORVU.MOREX.r3.3HG0331000:0.00135087,AT5G13160,AT5G13160:0.0018887
139695at2759,3,Zm00001eb296590,Zm00001eb296590:0.000374482,NA,NA,NA,NA,HORVU.MOREX.r3.7HG0714140,HORVU.MOREX.r3.7HG0714140:0.00255555,AT1G01120,AT1G01120:0.00207513
16791at38820,3,Zm00001eb178270,Zm00001eb178270:0.000221887,SORBI_3007G087400,SORBI_3007G087400:3.12185e-06,NA,NA,HORVU.MOREX.r3.3HG0307240;HORVU.MOREX.r3.3HG0307250,HORVU.MOREX.r3.3HG0307240:0.00202857;HORVU.MOREX.r3.3HG0307250:0.00135417,NA,NA
16791at4447,3,Zm00001eb178270,Zm00001eb178270:0.000221887,SORBI_3007G087400,SORBI_3007G087400:3.12185e-06,NA,NA,HORVU.MOREX.r3.3HG0307240;HORVU.MOREX.r3.3HG0307250,HORVU.MOREX.r3.3HG0307240:0.00202857;HORVU.MOREX.r3.3HG0307250:0.00135417,NA,NA
2217459at2759,3,Zm00001eb368990,Zm00001eb368990:0.000371986,NA,NA,NA,NA,HORVU.MOREX.r3.3HG0297100,HORVU.MOREX.r3.3HG0297100:0.00261929,AT3G08590,AT3G08590:0.000657292
2617408at2759,3,Zm00001eb061610;Zm00001eb183830,Zm00001eb061610:0.00275329;Zm00001eb183830:0.00306819,SORBI_3001G047400,SORBI_3001G047400:6.25028e-07,NA,NA,NA,NA,AT5G63880,AT5G63880:3.04971e-05
27062at38820,3,Zm00001eb058760;Zm00001eb117900,Zm00001eb058760:0.00122097;Zm00001eb117900:0.00353088,SORBI_3001G076400,SORBI_3001G076400:1.75935e-07,NA,NA,HORVU.MOREX.r3.5HG0513310,HORVU.MOREX.r3.5HG0513310:0.00224211,NA,NA
27062at4447,3,Zm00001eb058760;Zm00001eb117900,Zm00001eb058760:0.00122097;Zm00001eb117900:0.00353088,SORBI_3001G076400,SORBI_3001G076400:1.75935e-07,NA,NA,HORVU.MOREX.r3.5HG0513310,HORVU.MOREX.r3.5HG0513310:0.00224211,NA,NA
281993at2759,3,Zm00001eb051830,Zm00001eb051830:0.00245616,NA,NA,LOC_Os08g01220,LOC_Os08g01220:0.00234958,HORVU.MOREX.r3.4HG0334450,HORVU.MOREX.r3.4HG0334450:0.00111823,NA,NA
317514at3193,3,Zm00001eb071570,Zm00001eb071570:0.00186944,SORBI_3006G206700,SORBI_3006G206700:1.60805e-05,NA,NA,NA,NA,AT4G26050,AT4G26050:0.00130509
317514at33090,3,Zm00001eb071570,Zm00001eb071570:0.00186944,SORBI_3006G206700,SORBI_3006G206700:1.60805e-05,NA,NA,NA,NA,AT4G26050,AT4G26050:0.00130509
326892at2759,3,Zm00001eb290220;Zm00001eb368530,Zm00001eb290220:0.00402537;Zm00001eb368530:0.00230744,NA,NA,NA,NA,HORVU.MOREX.r3.3HG0304120,HORVU.MOREX.r3.3HG0304120:0.00113664,AT1G07090,AT1G07090:2.28494e-05
385098at2759,3,Zm00001eb055730;Zm00001eb128290,Zm00001eb055730:0.00242801;Zm00001eb128290:0.000875036,NA,NA,LOC_Os02g07520,LOC_Os02g07520:0.00144686,NA,NA,AT1G22180,AT1G22180:0.000931002
4103828at2759,3,Zm00001eb291810,Zm00001eb291810:0.000402879,NA,NA,NA,NA,HORVU.MOREX.r3.3HG0294710,HORVU.MOREX.r3.3HG0294710:0.00232082,AT5G54940,AT5G54940:0.000149936
419791at33090,3,Zm00001eb257300;Zm00001eb257310,Zm00001eb257300:0.0043912;Zm00001eb257310:0.0043912,NA,NA,NA,NA,HORVU.MOREX.r3.6HG0622130,HORVU.MOREX.r3.6HG0622130:0.000298605,AT4G25790,AT4G25790:7.69144e-05
4350256at2759,3,Zm00001eb008450;Zm00001eb400380,Zm00001eb008450:0.00462573;Zm00001eb400380:0.00339024,NA,NA,NA,NA,HORVU.MOREX.r3.2HG0207170,HORVU.MOREX.r3.2HG0207170:0.000800681,AT5G15470,AT5G15470:0.000776874
43813at33090,3,Zm00001eb109730,Zm00001eb109730:0.000966135,NA,NA,LOC_Os07g04850,LOC_Os07g04850:0.00219201,NA,NA,AT1G22210,AT1G22210:0.00183702
4388267at2759,3,Zm00001eb375030,Zm00001eb375030:0.00300986,NA,NA,NA,NA,HORVU.MOREX.r3.4HG0397460,HORVU.MOREX.r3.4HG0397460:0.0023358,AT5G07830,AT5G07830:0.00225753
4564369at2759,3,Zm00001eb057500,Zm00001eb057500:0.00404676,NA,NA,NA,NA,HORVU.MOREX.r3.5HG0511110,HORVU.MOREX.r3.5HG0511110:0.000400078,AT4G18160;AT5G46360,AT4G18160:0.00153747;AT5G46360:0.00267252
4804807at2759,3,Zm00001eb010370;Zm00001eb062600,Zm00001eb010370:0.00136245;Zm00001eb062600:0.00425278,NA,NA,NA,NA,HORVU.MOREX.r3.1HG0006570,HORVU.MOREX.r3.1HG0006570:0.00261864,AT4G25590;AT5G59880,AT4G25590:0.00010457;AT5G59880:0.00154505
4810817at2759,3,Zm00001eb281880;Zm00001eb302300;Zm00001eb375010;Zm00001eb421140,Zm00001eb281880:0.00365047;Zm00001eb302300:0.00426285;Zm00001eb375010:0.00300986;Zm00001eb421140:0.00167674,NA,NA,NA,NA,HORVU.MOREX.r3.5HG0420080,HORVU.MOREX.r3.5HG0420080:0.00217352,AT4G34950;AT5G14120,AT4G34950:0.00177709;AT5G14120:0.00259126
482605at33090,3,Zm00001eb040890;Zm00001eb389520,Zm00001eb040890:0.00229025;Zm00001eb389520:0.00268748,NA,NA,NA,NA,HORVU.MOREX.r3.1HG0058280,HORVU.MOREX.r3.1HG0058280:0.000346158,AT1G17745,AT1G17745:0.000311707
4833872at2759,3,Zm00001eb002470;Zm00001eb402510,Zm00001eb002470:0.00198137;Zm00001eb402510:0.000824493,NA,NA,NA,NA,HORVU.MOREX.r3.3HG0331000,HORVU.MOREX.r3.3HG0331000:0.00135087,AT5G13160,AT5G13160:0.0018887
4840713at2759,3,NA,NA,SORBI_3002G388400,SORBI_3002G388400:0.000121526,LOC_Os01g09730,LOC_Os01g09730:0.00215371,HORVU.MOREX.r3.4HG0335960,HORVU.MOREX.r3.4HG0335960:0.00166204,NA,NA
4840860at2759,3,Zm00001eb292390,Zm00001eb292390:0.00176598,SORBI_3003G427400,SORBI_3003G427400:4.42912e-10,NA,NA,NA,NA,AT1G48900,AT1G48900:0.00224105
4841034at2759,3,Zm00001eb395780,Zm00001eb395780:0.00250515,SORBI_3003G344200,SORBI_3003G344200:3.40388e-10,NA,NA,NA,NA,AT3G55990,AT3G55990:0.00118714
4900375at2759,3,Zm00001eb108600,Zm00001eb108600:0.00119217,NA,NA,NA,NA,HORVU.MOREX.r3.3HG0307010,HORVU.MOREX.r3.3HG0307010:0.00189376,AT5G49010,AT5G49010:0.00198079
4925035at2759,3,Zm00001eb176900,Zm00001eb176900:0.000693407,NA,NA,LOC_Os02g02910,LOC_Os02g02910:0.0023486,NA,NA,AT5G24270,AT5G24270:0.00205722
4932650at2759,3,Zm00001eb161610;Zm00001eb315040,Zm00001eb161610:0.00421771;Zm00001eb315040:0.00032834,SORBI_3007G104600,SORBI_3007G104600:9.03007e-07,NA,NA,HORVU.MOREX.r3.3HG0270430,HORVU.MOREX.r3.3HG0270430:0.00170204,NA,NA
495563at2759,3,Zm00001eb429210,Zm00001eb429210:0.000746221,SORBI_3007G092400,SORBI_3007G092400:4.04432e-09,NA,NA,NA,NA,AT1G25530,AT1G25530:0.00201949
495563at33090,3,Zm00001eb429210,Zm00001eb429210:0.000746221,SORBI_3007G092400,SORBI_3007G092400:4.04432e-09,NA,NA,NA,NA,AT1G25530,AT1G25530:0.00201949
4976991at2759,3,NA,NA,SORBI_3001G296900,SORBI_3001G296900:5.42259e-05,NA,NA,HORVU.MOREX.r3.1HG0057910,HORVU.MOREX.r3.1HG0057910:0.000357183,AT2G35680,AT2G35680:0.000445131
4999845at2759,3,Zm00001eb071040;Zm00001eb374100,Zm00001eb071040:0.000786451;Zm00001eb374100:0.000907721,NA,NA,NA,NA,HORVU.MOREX.r3.2HG0104870;HORVU.MOREX.r3.2HG0104880,HORVU.MOREX.r3.2HG0104870:0.000583584;HORVU.MOREX.r3.2HG0104880:0.000583584,AT4G34230,AT4G34230:0.00116322
5000721at2759,3,Zm00001eb109730,Zm00001eb109730:0.000966135,NA,NA,LOC_Os07g04850,LOC_Os07g04850:0.00219201,NA,NA,AT1G22210,AT1G22210:0.00183702
5002746at2759,3,Zm00001eb071570,Zm00001eb071570:0.00186944,SORBI_3006G206700,SORBI_3006G206700:1.60805e-05,NA,NA,NA,NA,AT4G26050,AT4G26050:0.00130509
5003145at2759,3,Zm00001eb040890;Zm00001eb389520,Zm00001eb040890:0.00229025;Zm00001eb389520:0.00268748,NA,NA,NA,NA,HORVU.MOREX.r3.1HG0058280,HORVU.MOREX.r3.1HG0058280:0.000346158,AT1G17745,AT1G17745:0.000311707
5004621at2759,3,Zm00001eb394400,Zm00001eb394400:0.00222831,SORBI_3006G272900,SORBI_3006G272900:4.16316e-10,NA,NA,NA,NA,AT2G31570,AT2G31570:0.00248923
5012868at2759,3,Zm00001eb061480;Zm00001eb061490,Zm00001eb061480:0.000826143;Zm00001eb061490:0.000826143,NA,NA,NA,NA,HORVU.MOREX.r3.2HG0177820,HORVU.MOREX.r3.2HG0177820:0.00188349,AT5G20090,AT5G20090:0.00168153
5014204at2759,3,NA,NA,SORBI_3001G402200,SORBI_3001G402200:4.3618e-09,NA,NA,HORVU.MOREX.r3.3HG0307280,HORVU.MOREX.r3.3HG0307280:0.00135417,AT3G05260,AT3G05260:0.000623975
5016646at2759,3,Zm00001eb072190;Zm00001eb430040;Zm00001eb431910,Zm00001eb072190:0.00160098;Zm00001eb430040:0.00193673;Zm00001eb431910:0.00263555,NA,NA,NA,NA,HORVU.MOREX.r3.5HG0510500,HORVU.MOREX.r3.5HG0510500:3.70895e-05,AT1G67950,AT1G67950:0.00121656
5016666at2759,3,Zm00001eb212400,Zm00001eb212400:0.00170799,NA,NA,NA,NA,HORVU.MOREX.r3.5HG0523150,HORVU.MOREX.r3.5HG0523150:0.00165472,AT2G30170,AT2G30170:0.00204623
5017799at2759,3,Zm00001eb192230,Zm00001eb192230:0.000536986,SORBI_3008G071300;SORBI_3010G062500,SORBI_3008G071300:6.39587e-06;SORBI_3010G062500:4.23078e-06,NA,NA,NA,NA,AT4G31750,AT4G31750:0.00110532
502986at33090,3,Zm00001eb057500,Zm00001eb057500:0.00404676,NA,NA,NA,NA,HORVU.MOREX.r3.5HG0511110,HORVU.MOREX.r3.5HG0511110:0.000400078,AT4G18160;AT5G46360,AT4G18160:0.00153747;AT5G46360:0.00267252
524414at2759,3,Zm00001eb045860;Zm00001eb428660,Zm00001eb045860:0.00351126;Zm00001eb428660:5.30204e-05,NA,NA,NA,NA,HORVU.MOREX.r3.1HG0059350;HORVU.MOREX.r3.3HG0307120,HORVU.MOREX.r3.1HG0059350:0.000774735;HORVU.MOREX.r3.3HG0307120:0.00277903,AT1G04430;AT1G19430,AT1G04430:0.00014799;AT1G19430:0.00249378
529197at2759,3,Zm00001eb232260,Zm00001eb232260:0.00134414,NA,NA,NA,NA,HORVU.MOREX.r3.1HG0052130,HORVU.MOREX.r3.1HG0052130:0.00150476,AT3G45640,AT3G45640:0.000828595
529197at33090,3,Zm00001eb232260,Zm00001eb232260:0.00134414,NA,NA,NA,NA,HORVU.MOREX.r3.1HG0052130,HORVU.MOREX.r3.1HG0052130:0.00150476,AT3G45640,AT3G45640:0.000828595
529437at2759,3,Zm00001eb249130,Zm00001eb249130:0.00172523,NA,NA,NA,NA,HORVU.MOREX.r3.2HG0101260,HORVU.MOREX.r3.2HG0101260:0.0019183,AT1G03620,AT1G03620:0.00112289
531243at2759,3,Zm00001eb055460;Zm00001eb057490;Zm00001eb214800,Zm00001eb055460:0.000589956;Zm00001eb057490:0.00404676;Zm00001eb214800:0.00160852,NA,NA,NA,NA,HORVU.MOREX.r3.5HG0511090,HORVU.MOREX.r3.5HG0511090:0.000400078,AT4G16250,AT4G16250:0.00202875
532431at33090,3,Zm00001eb055730;Zm00001eb128290,Zm00001eb055730:0.00242801;Zm00001eb128290:0.000875036,NA,NA,LOC_Os02g07520,LOC_Os02g07520:0.00144686,NA,NA,AT1G22180,AT1G22180:0.000931002
53645at38820,3,Zm00001eb251540;Zm00001eb251550;Zm00001eb430150,Zm00001eb251540:0.0018335;Zm00001eb251550:0.0018335;Zm00001eb430150:0.00430652,NA,NA,LOC_Os02g06990,LOC_Os02g06990:9.18752e-05,HORVU.MOREX.r3.6HG0606340,HORVU.MOREX.r3.6HG0606340:0.00203166,NA,NA
53645at4447,3,Zm00001eb251540;Zm00001eb251550;Zm00001eb430150,Zm00001eb251540:0.0018335;Zm00001eb251550:0.0018335;Zm00001eb430150:0.00430652,NA,NA,LOC_Os02g06990,LOC_Os02g06990:9.18752e-05,HORVU.MOREX.r3.6HG0606340,HORVU.MOREX.r3.6HG0606340:0.00203166,NA,NA
584709at2759,3,Zm00001eb130610,Zm00001eb130610:0.0033058,NA,NA,NA,NA,HORVU.MOREX.r3.1HG0060640,HORVU.MOREX.r3.1HG0060640:0.000254326,AT3G55180,AT3G55180:9.01815e-06
584709at3193,3,Zm00001eb130610,Zm00001eb130610:0.0033058,NA,NA,NA,NA,HORVU.MOREX.r3.1HG0060640,HORVU.MOREX.r3.1HG0060640:0.000254326,AT3G55180,AT3G55180:9.01815e-06
584709at33090,3,Zm00001eb130610,Zm00001eb130610:0.0033058,NA,NA,NA,NA,HORVU.MOREX.r3.1HG0060640,HORVU.MOREX.r3.1HG0060640:0.000254326,AT3G55180,AT3G55180:9.01815e-06
585119at3193,3,Zm00001eb061480;Zm00001eb061490,Zm00001eb061480:0.000826143;Zm00001eb061490:0.000826143,NA,NA,NA,NA,HORVU.MOREX.r3.2HG0177820,HORVU.MOREX.r3.2HG0177820:0.00188349,AT5G20090,AT5G20090:0.00168153
585119at33090,3,Zm00001eb061480;Zm00001eb061490,Zm00001eb061480:0.000826143;Zm00001eb061490:0.000826143,NA,NA,NA,NA,HORVU.MOREX.r3.2HG0177820,HORVU.MOREX.r3.2HG0177820:0.00188349,AT5G20090,AT5G20090:0.00168153
586368at3193,3,Zm00001eb375030,Zm00001eb375030:0.00300986,NA,NA,NA,NA,HORVU.MOREX.r3.4HG0397460,HORVU.MOREX.r3.4HG0397460:0.0023358,AT5G07830,AT5G07830:0.00225753
586368at33090,3,Zm00001eb375030,Zm00001eb375030:0.00300986,NA,NA,NA,NA,HORVU.MOREX.r3.4HG0397460,HORVU.MOREX.r3.4HG0397460:0.0023358,AT5G07830,AT5G07830:0.00225753
588139at3193,3,Zm00001eb128290,Zm00001eb128290:0.000875036,NA,NA,LOC_Os02g07520,LOC_Os02g07520:0.00144686,NA,NA,AT1G22180,AT1G22180:0.000931002
593748at3193,3,NA,NA,SORBI_3001G296900,SORBI_3001G296900:5.42259e-05,NA,NA,HORVU.MOREX.r3.1HG0057910,HORVU.MOREX.r3.1HG0057910:0.000357183,AT2G35680,AT2G35680:0.000445131
593748at33090,3,NA,NA,SORBI_3001G296900,SORBI_3001G296900:5.42259e-05,NA,NA,HORVU.MOREX.r3.1HG0057910,HORVU.MOREX.r3.1HG0057910:0.000357183,AT2G35680,AT2G35680:0.000445131
598458at33090,3,Zm00001eb072190;Zm00001eb430040;Zm00001eb431910,Zm00001eb072190:0.00160098;Zm00001eb430040:0.00193673;Zm00001eb431910:0.00263555,NA,NA,NA,NA,HORVU.MOREX.r3.5HG0510500,HORVU.MOREX.r3.5HG0510500:3.70895e-05,AT1G67950,AT1G67950:0.00121656
599360at2759,3,Zm00001eb178270,Zm00001eb178270:0.000221887,SORBI_3007G087400,SORBI_3007G087400:3.12185e-06,NA,NA,HORVU.MOREX.r3.3HG0307240;HORVU.MOREX.r3.3HG0307250,HORVU.MOREX.r3.3HG0307240:0.00202857;HORVU.MOREX.r3.3HG0307250:0.00135417,NA,NA
599360at3193,3,Zm00001eb178270,Zm00001eb178270:0.000221887,SORBI_3007G087400,SORBI_3007G087400:3.12185e-06,NA,NA,HORVU.MOREX.r3.3HG0307240;HORVU.MOREX.r3.3HG0307250,HORVU.MOREX.r3.3HG0307240:0.00202857;HORVU.MOREX.r3.3HG0307250:0.00135417,NA,NA
599360at33090,3,Zm00001eb178270,Zm00001eb178270:0.000221887,SORBI_3007G087400,SORBI_3007G087400:3.12185e-06,NA,NA,HORVU.MOREX.r3.3HG0307240;HORVU.MOREX.r3.3HG0307250,HORVU.MOREX.r3.3HG0307240:0.00202857;HORVU.MOREX.r3.3HG0307250:0.00135417,NA,NA
600413at2759,3,NA,NA,SORBI_3003G309400,SORBI_3003G309400:9.85633e-06,LOC_Os06g07000,LOC_Os06g07000:0.000415182,NA,NA,AT1G30600,AT1G30600:0.000901039
600413at33090,3,NA,NA,SORBI_3003G309400,SORBI_3003G309400:9.85633e-06,LOC_Os06g07000,LOC_Os06g07000:0.000415182,NA,NA,AT1G30600,AT1G30600:0.000901039
600910at3193,3,Zm00001eb291810,Zm00001eb291810:0.000402879,NA,NA,NA,NA,HORVU.MOREX.r3.3HG0294710,HORVU.MOREX.r3.3HG0294710:0.00232082,AT5G54940,AT5G54940:0.000149936
601051at2759,3,Zm00001eb300760;Zm00001eb348770,Zm00001eb300760:0.00219601;Zm00001eb348770:0.00375788,SORBI_3006G272800,SORBI_3006G272800:4.16316e-10,NA,NA,HORVU.MOREX.r3.4HG0333010;HORVU.MOREX.r3.6HG0629000,HORVU.MOREX.r3.4HG0333010:0.00251104;HORVU.MOREX.r3.6HG0629000:5.36317e-06,NA,NA
601051at3193,3,Zm00001eb348770,Zm00001eb348770:0.00375788,SORBI_3006G272800,SORBI_3006G272800:4.16316e-10,NA,NA,HORVU.MOREX.r3.6HG0629000,HORVU.MOREX.r3.6HG0629000:5.36317e-06,NA,NA
601051at33090,3,Zm00001eb300760;Zm00001eb348770,Zm00001eb300760:0.00219601;Zm00001eb348770:0.00375788,SORBI_3006G272800,SORBI_3006G272800:4.16316e-10,NA,NA,HORVU.MOREX.r3.4HG0333010;HORVU.MOREX.r3.6HG0629000,HORVU.MOREX.r3.4HG0333010:0.00251104;HORVU.MOREX.r3.6HG0629000:5.36317e-06,NA,NA
604603at2759,3,Zm00001eb147650;Zm00001eb347850,Zm00001eb147650:0.00221767;Zm00001eb347850:0.00125089,NA,NA,LOC_Os01g08540,LOC_Os01g08540:0.00206671,NA,NA,AT2G39980;AT5G07850,AT2G39980:4.95545e-05;AT5G07850:0.00217314
604603at3193,3,Zm00001eb147650;Zm00001eb347850,Zm00001eb147650:0.00221767;Zm00001eb347850:0.00125089,NA,NA,LOC_Os01g08540,LOC_Os01g08540:0.00206671,NA,NA,AT2G39980;AT5G07850,AT2G39980:4.95545e-05;AT5G07850:0.00217314
604603at33090,3,Zm00001eb147650;Zm00001eb347850,Zm00001eb147650:0.00221767;Zm00001eb347850:0.00125089,NA,NA,LOC_Os01g08540,LOC_Os01g08540:0.00206671,NA,NA,AT2G39980;AT5G07850,AT2G39980:4.95545e-05;AT5G07850:0.00217314
608312at3193,3,Zm00001eb051830,Zm00001eb051830:0.00245616,NA,NA,LOC_Os08g01220,LOC_Os08g01220:0.00234958,HORVU.MOREX.r3.4HG0334450,HORVU.MOREX.r3.4HG0334450:0.00111823,NA,NA
609631at2759,3,Zm00001eb058760;Zm00001eb117900,Zm00001eb058760:0.00122097;Zm00001eb117900:0.00353088,SORBI_3001G076400,SORBI_3001G076400:1.75935e-07,NA,NA,HORVU.MOREX.r3.5HG0513310,HORVU.MOREX.r3.5HG0513310:0.00224211,NA,NA
609631at3193,3,Zm00001eb058760;Zm00001eb117900,Zm00001eb058760:0.00122097;Zm00001eb117900:0.00353088,SORBI_3001G076400,SORBI_3001G076400:1.75935e-07,NA,NA,HORVU.MOREX.r3.5HG0513310,HORVU.MOREX.r3.5HG0513310:0.00224211,NA,NA
609631at33090,3,Zm00001eb058760;Zm00001eb117900,Zm00001eb058760:0.00122097;Zm00001eb117900:0.00353088,SORBI_3001G076400,SORBI_3001G076400:1.75935e-07,NA,NA,HORVU.MOREX.r3.5HG0513310,HORVU.MOREX.r3.5HG0513310:0.00224211,NA,NA
612680at3193,3,NA,NA,NA,NA,LOC_Os06g06970,LOC_Os06g06970:0.000570818,HORVU.MOREX.r3.7HG0728750,HORVU.MOREX.r3.7HG0728750:0.00123709,AT4G28850,AT4G28850:0.000537167
625738at3193,3,Zm00001eb058260;Zm00001eb067730,Zm00001eb058260:0.00132073;Zm00001eb067730:0.00141403,NA,NA,NA,NA,HORVU.MOREX.r3.5HG0494460,HORVU.MOREX.r3.5HG0494460:0.00107914,AT4G37520,AT4G37520:0.00189472
625738at33090,3,Zm00001eb058260;Zm00001eb067730,Zm00001eb058260:0.00132073;Zm00001eb067730:0.00141403,NA,NA,NA,NA,HORVU.MOREX.r3.5HG0494460,HORVU.MOREX.r3.5HG0494460:0.00107914,AT4G37520,AT4G37520:0.00189472
628161at2759,3,Zm00001eb103410;Zm00001eb275670;Zm00001eb305600,Zm00001eb103410:0.00215367;Zm00001eb275670:0.00380833;Zm00001eb305600:0.00322448,NA,NA,NA,NA,HORVU.MOREX.r3.4HG0401620,HORVU.MOREX.r3.4HG0401620:0.00134102,AT5G67090,AT5G67090:3.7699e-05
62820at33090,3,Zm00001eb071040;Zm00001eb374100,Zm00001eb071040:0.000786451;Zm00001eb374100:0.000907721,NA,NA,NA,NA,HORVU.MOREX.r3.2HG0104870;HORVU.MOREX.r3.2HG0104880,HORVU.MOREX.r3.2HG0104870:0.000583584;HORVU.MOREX.r3.2HG0104880:0.000583584,AT4G34230,AT4G34230:0.00116322
630100at3193,3,Zm00001eb257750,Zm00001eb257750:0.00313312,NA,NA,NA,NA,HORVU.MOREX.r3.3HG0303660;HORVU.MOREX.r3.6HG0623790,HORVU.MOREX.r3.3HG0303660:0.00292857;HORVU.MOREX.r3.6HG0623790:0.000420147,AT4G30610;AT4G30810,AT4G30610:0.000113884;AT4G30810:5.07042e-05
630255at2759,3,Zm00001eb041050;Zm00001eb253390;Zm00001eb414790,Zm00001eb041050:0.00148982;Zm00001eb253390:0.000194288;Zm00001eb414790:0.00292043,NA,NA,NA,NA,HORVU.MOREX.r3.2HG0172990,HORVU.MOREX.r3.2HG0172990:3.56637e-05,AT1G71830;AT4G33430,AT1G71830:0.00119812;AT4G33430:0.00194401
630255at3193,3,Zm00001eb414790,Zm00001eb414790:0.00292043,NA,NA,NA,NA,HORVU.MOREX.r3.2HG0172990,HORVU.MOREX.r3.2HG0172990:3.56637e-05,AT1G71830;AT4G33430,AT1G71830:0.00119812;AT4G33430:0.00194401
630255at33090,3,Zm00001eb041050;Zm00001eb253390;Zm00001eb414790,Zm00001eb041050:0.00148982;Zm00001eb253390:0.000194288;Zm00001eb414790:0.00292043,NA,NA,NA,NA,HORVU.MOREX.r3.2HG0172990,HORVU.MOREX.r3.2HG0172990:3.56637e-05,AT1G71830;AT4G33430,AT1G71830:0.00119812;AT4G33430:0.00194401
630373at2759,3,NA,NA,SORBI_3004G248700,SORBI_3004G248700:9.32744e-05,LOC_Os09g04010,LOC_Os09g04010:0.00111809,HORVU.MOREX.r3.6HG0612680,HORVU.MOREX.r3.6HG0612680:0.00034203,NA,NA
630373at3193,3,NA,NA,SORBI_3004G248700,SORBI_3004G248700:9.32744e-05,LOC_Os09g04010,LOC_Os09g04010:0.00111809,HORVU.MOREX.r3.6HG0612680,HORVU.MOREX.r3.6HG0612680:0.00034203,NA,NA
630373at33090,3,NA,NA,SORBI_3004G248700,SORBI_3004G248700:9.32744e-05,LOC_Os09g04010,LOC_Os09g04010:0.00111809,HORVU.MOREX.r3.6HG0612680,HORVU.MOREX.r3.6HG0612680:0.00034203,NA,NA
633362at33090,3,Zm00001eb281880;Zm00001eb302300;Zm00001eb375010;Zm00001eb421140,Zm00001eb281880:0.00365047;Zm00001eb302300:0.00426285;Zm00001eb375010:0.00300986;Zm00001eb421140:0.00167674,NA,NA,NA,NA,HORVU.MOREX.r3.5HG0420080,HORVU.MOREX.r3.5HG0420080:0.00217352,AT4G34950;AT5G14120,AT4G34950:0.00177709;AT5G14120:0.00259126
635842at3193,3,Zm00001eb040890;Zm00001eb389520,Zm00001eb040890:0.00229025;Zm00001eb389520:0.00268748,NA,NA,NA,NA,HORVU.MOREX.r3.1HG0058280,HORVU.MOREX.r3.1HG0058280:0.000346158,AT1G17745,AT1G17745:0.000311707
636214at2759,3,Zm00001eb251540;Zm00001eb251550;Zm00001eb430150,Zm00001eb251540:0.0018335;Zm00001eb251550:0.0018335;Zm00001eb430150:0.00430652,NA,NA,LOC_Os02g06990,LOC_Os02g06990:9.18752e-05,HORVU.MOREX.r3.6HG0606340,HORVU.MOREX.r3.6HG0606340:0.00203166,NA,NA
636214at3193,3,Zm00001eb251540;Zm00001eb251550;Zm00001eb430150,Zm00001eb251540:0.0018335;Zm00001eb251550:0.0018335;Zm00001eb430150:0.00430652,NA,NA,LOC_Os02g06990,LOC_Os02g06990:9.18752e-05,HORVU.MOREX.r3.6HG0606340,HORVU.MOREX.r3.6HG0606340:0.00203166,NA,NA
636214at33090,3,Zm00001eb251540;Zm00001eb251550;Zm00001eb430150,Zm00001eb251540:0.0018335;Zm00001eb251550:0.0018335;Zm00001eb430150:0.00430652,NA,NA,LOC_Os02g06990,LOC_Os02g06990:9.18752e-05,HORVU.MOREX.r3.6HG0606340,HORVU.MOREX.r3.6HG0606340:0.00203166,NA,NA
639062at2759,3,Zm00001eb117190,Zm00001eb117190:0.00311659,NA,NA,NA,NA,HORVU.MOREX.r3.2HG0139400,HORVU.MOREX.r3.2HG0139400:0.00119027,AT5G08080,AT5G08080:0.000197975
639062at3193,3,Zm00001eb117190,Zm00001eb117190:0.00311659,NA,NA,NA,NA,HORVU.MOREX.r3.2HG0139400,HORVU.MOREX.r3.2HG0139400:0.00119027,AT5G08080,AT5G08080:0.000197975
639062at33090,3,Zm00001eb117190,Zm00001eb117190:0.00311659,NA,NA,NA,NA,HORVU.MOREX.r3.2HG0139400,HORVU.MOREX.r3.2HG0139400:0.00119027,AT5G08080,AT5G08080:0.000197975
643341at2759,3,Zm00001eb026550;Zm00001eb066630;Zm00001eb070510;Zm00001eb077980;Zm00001eb134240;Zm00001eb167830;Zm00001eb222050;Zm00001eb256740;Zm00001eb362650;Zm00001eb384580;Zm00001eb402940;Zm00001eb428530,Zm00001eb026550:0.00102212;Zm00001eb066630:6.9049e-05;Zm00001eb070510:0.000750678;Zm00001eb077980:0.00432628;Zm00001eb134240:0.000564508;Zm00001eb167830:0.00376697;Zm00001eb222050:0.00391994;Zm00001eb256740:0.000422711;Zm00001eb362650:0.00449222;Zm00001eb384580:0.00323288;Zm00001eb402940:0.00266713;Zm00001eb428530:0.00410561,NA,NA,NA,NA,HORVU.MOREX.r3.1HG0088480;HORVU.MOREX.r3.7HG0718040,HORVU.MOREX.r3.1HG0088480:0.000341968;HORVU.MOREX.r3.7HG0718040:0.000245535,AT2G02220,AT2G02220:5.37532e-05
643341at33090,3,Zm00001eb026550;Zm00001eb066630;Zm00001eb070510;Zm00001eb077980;Zm00001eb134240;Zm00001eb167830;Zm00001eb222050;Zm00001eb256740;Zm00001eb384580;Zm00001eb402940;Zm00001eb428530,Zm00001eb026550:0.00102212;Zm00001eb066630:6.9049e-05;Zm00001eb070510:0.000750678;Zm00001eb077980:0.00432628;Zm00001eb134240:0.000564508;Zm00001eb167830:0.00376697;Zm00001eb222050:0.00391994;Zm00001eb256740:0.000422711;Zm00001eb384580:0.00323288;Zm00001eb402940:0.00266713;Zm00001eb428530:0.00410561,NA,NA,NA,NA,HORVU.MOREX.r3.1HG0088480;HORVU.MOREX.r3.7HG0718040,HORVU.MOREX.r3.1HG0088480:0.000341968;HORVU.MOREX.r3.7HG0718040:0.000245535,AT2G02220,AT2G02220:5.37532e-05
657882at2759,3,Zm00001eb318020,Zm00001eb318020:0.000851513,NA,NA,LOC_Os05g01030,LOC_Os05g01030:0.00230708,NA,NA,AT5G50915,AT5G50915:0.000666682
657882at3193,3,Zm00001eb318020,Zm00001eb318020:0.000851513,NA,NA,LOC_Os05g01030,LOC_Os05g01030:0.00230708,NA,NA,AT5G50915,AT5G50915:0.000666682
657882at33090,3,Zm00001eb318020,Zm00001eb318020:0.000851513,NA,NA,LOC_Os05g01030,LOC_Os05g01030:0.00230708,NA,NA,AT5G50915,AT5G50915:0.000666682
669270at3193,3,Zm00001eb108600,Zm00001eb108600:0.00119217,NA,NA,NA,NA,HORVU.MOREX.r3.3HG0307010,HORVU.MOREX.r3.3HG0307010:0.00189376,AT5G49010,AT5G49010:0.00198079
669270at33090,3,Zm00001eb108600,Zm00001eb108600:0.00119217,NA,NA,NA,NA,HORVU.MOREX.r3.3HG0307010,HORVU.MOREX.r3.3HG0307010:0.00189376,AT5G49010,AT5G49010:0.00198079
676069at2759,3,Zm00001eb108530;Zm00001eb326830,Zm00001eb108530:0.000807242;Zm00001eb326830:0.0039618,SORBI_3001G085200;SORBI_3002G366000,SORBI_3001G085200:5.80548e-06;SORBI_3002G366000:0.000115398,NA,NA,NA,NA,AT1G18650;AT5G61130,AT1G18650:0.000151115;AT5G61130:0.00219792
676069at3193,3,Zm00001eb108530;Zm00001eb326830,Zm00001eb108530:0.000807242;Zm00001eb326830:0.0039618,SORBI_3001G085200;SORBI_3002G366000,SORBI_3001G085200:5.80548e-06;SORBI_3002G366000:0.000115398,NA,NA,NA,NA,AT1G18650;AT5G61130,AT1G18650:0.000151115;AT5G61130:0.00219792
676069at33090,3,Zm00001eb108530;Zm00001eb326830,Zm00001eb108530:0.000807242;Zm00001eb326830:0.0039618,SORBI_3001G085200;SORBI_3002G366000,SORBI_3001G085200:5.80548e-06;SORBI_3002G366000:0.000115398,NA,NA,NA,NA,AT1G18650;AT5G61130,AT1G18650:0.000151115;AT5G61130:0.00219792
680124at2759,3,Zm00001eb302250;Zm00001eb397500,Zm00001eb302250:0.00426285;Zm00001eb397500:0.000239165,NA,NA,NA,NA,HORVU.MOREX.r3.6HG0545630;HORVU.MOREX.r3.6HG0558810,HORVU.MOREX.r3.6HG0545630:0.00182419;HORVU.MOREX.r3.6HG0558810:4.58786e-05,AT5G02560,AT5G02560:0.00159409
680124at3193,3,Zm00001eb302250;Zm00001eb397500,Zm00001eb302250:0.00426285;Zm00001eb397500:0.000239165,NA,NA,NA,NA,HORVU.MOREX.r3.6HG0545630;HORVU.MOREX.r3.6HG0558810,HORVU.MOREX.r3.6HG0545630:0.00182419;HORVU.MOREX.r3.6HG0558810:4.58786e-05,AT5G02560,AT5G02560:0.00159409
680124at33090,3,Zm00001eb302250;Zm00001eb397500,Zm00001eb302250:0.00426285;Zm00001eb397500:0.000239165,NA,NA,NA,NA,HORVU.MOREX.r3.6HG0545630;HORVU.MOREX.r3.6HG0558810,HORVU.MOREX.r3.6HG0545630:0.00182419;HORVU.MOREX.r3.6HG0558810:4.58786e-05,AT5G02560,AT5G02560:0.00159409
682132at2759,3,Zm00001eb111360;Zm00001eb394940,Zm00001eb111360:0.00177572;Zm00001eb394940:0.00249745,SORBI_3001G376600,SORBI_3001G376600:5.51618e-05,NA,NA,NA,NA,AT5G27770,AT5G27770:0.000486492
695278at3193,3,Zm00001eb368990,Zm00001eb368990:0.000371986,NA,NA,NA,NA,HORVU.MOREX.r3.3HG0297100,HORVU.MOREX.r3.3HG0297100:0.00261929,AT3G08590,AT3G08590:0.000657292
717333at3193,3,Zm00001eb072810,Zm00001eb072810:0.00132706,NA,NA,NA,NA,HORVU.MOREX.r3.6HG0633900,HORVU.MOREX.r3.6HG0633900:0.000213192,AT5G04870,AT5G04870:0.00143042
718954at2759,3,Zm00001eb012800,Zm00001eb012800:0.000166873,NA,NA,NA,NA,HORVU.MOREX.r3.5HG0496910,HORVU.MOREX.r3.5HG0496910:0.000326614,AT2G31820,AT2G31820:0.000385994
718954at3193,3,Zm00001eb012800,Zm00001eb012800:0.000166873,NA,NA,NA,NA,HORVU.MOREX.r3.5HG0496910,HORVU.MOREX.r3.5HG0496910:0.000326614,AT2G31820,AT2G31820:0.000385994
718954at33090,3,Zm00001eb012800,Zm00001eb012800:0.000166873,NA,NA,NA,NA,HORVU.MOREX.r3.5HG0496910,HORVU.MOREX.r3.5HG0496910:0.000326614,AT2G31820,AT2G31820:0.000385994
741053at33090,3,Zm00001eb368990,Zm00001eb368990:0.000371986,NA,NA,NA,NA,HORVU.MOREX.r3.3HG0297100,HORVU.MOREX.r3.3HG0297100:0.00261929,AT3G08590,AT3G08590:0.000657292
741800at33090,3,Zm00001eb296590,Zm00001eb296590:0.000374482,NA,NA,NA,NA,HORVU.MOREX.r3.7HG0714140,HORVU.MOREX.r3.7HG0714140:0.00255555,AT1G01120,AT1G01120:0.00207513
748905at2759,3,Zm00001eb023740;Zm00001eb350800,Zm00001eb023740:0.00421672;Zm00001eb350800:0.00192755,NA,NA,NA,NA,HORVU.MOREX.r3.1HG0090920,HORVU.MOREX.r3.1HG0090920:0.00129773,AT4G18550,AT4G18550:2.95684e-05
748905at33090,3,Zm00001eb023740;Zm00001eb350800,Zm00001eb023740:0.00421672;Zm00001eb350800:0.00192755,NA,NA,NA,NA,HORVU.MOREX.r3.1HG0090920,HORVU.MOREX.r3.1HG0090920:0.00129773,AT4G18550,AT4G18550:2.95684e-05
755348at2759,3,Zm00001eb369010,Zm00001eb369010:0.000371986,SORBI_3001G027900,SORBI_3001G027900:0.00011442,LOC_Os05g04850,LOC_Os05g04850:0.000145677,NA,NA,NA,NA
755348at33090,3,Zm00001eb369010,Zm00001eb369010:0.000371986,SORBI_3001G027900,SORBI_3001G027900:0.00011442,LOC_Os05g04850,LOC_Os05g04850:0.000145677,NA,NA,NA,NA
762815at33090,3,NA,NA,SORBI_3001G402200,SORBI_3001G402200:4.3618e-09,NA,NA,HORVU.MOREX.r3.3HG0307280,HORVU.MOREX.r3.3HG0307280:0.00135417,AT3G05260,AT3G05260:0.000623975
768205at33090,3,Zm00001eb103410;Zm00001eb275670;Zm00001eb305600,Zm00001eb103410:0.00215367;Zm00001eb275670:0.00380833;Zm00001eb305600:0.00322448,NA,NA,NA,NA,HORVU.MOREX.r3.4HG0401620,HORVU.MOREX.r3.4HG0401620:0.00134102,AT5G67090,AT5G67090:3.7699e-05
784716at33090,3,Zm00001eb291810,Zm00001eb291810:0.000402879,NA,NA,NA,NA,HORVU.MOREX.r3.3HG0294710,HORVU.MOREX.r3.3HG0294710:0.00232082,AT5G54940,AT5G54940:0.000149936
792539at2759,3,Zm00001eb211050,Zm00001eb211050:0.000163443,NA,NA,NA,NA,HORVU.MOREX.r3.7HG0717980,HORVU.MOREX.r3.7HG0717980:8.21027e-06,AT1G71870,AT1G71870:9.31719e-05
792539at33090,3,Zm00001eb211050,Zm00001eb211050:0.000163443,NA,NA,NA,NA,HORVU.MOREX.r3.7HG0717980,HORVU.MOREX.r3.7HG0717980:8.21027e-06,AT1G71870,AT1G71870:9.31719e-05
794814at2759,3,Zm00001eb062530;Zm00001eb116350;Zm00001eb403120,Zm00001eb062530:0.00425278;Zm00001eb116350:0.00135365;Zm00001eb403120:9.82028e-05,NA,NA,NA,NA,HORVU.MOREX.r3.3HG0228240;HORVU.MOREX.r3.3HG0228250,HORVU.MOREX.r3.3HG0228240:0.000743658;HORVU.MOREX.r3.3HG0228250:0.000743658,AT5G03530,AT5G03530:0.00243672
800737at33090,3,Zm00001eb051830,Zm00001eb051830:0.00245616,NA,NA,LOC_Os08g01220,LOC_Os08g01220:0.00234958,HORVU.MOREX.r3.4HG0334450,HORVU.MOREX.r3.4HG0334450:0.00111823,NA,NA
802609at33090,3,NA,NA,SORBI_3002G388400,SORBI_3002G388400:0.000121526,LOC_Os01g09730,LOC_Os01g09730:0.00215371,HORVU.MOREX.r3.4HG0335960,HORVU.MOREX.r3.4HG0335960:0.00166204,NA,NA
81436at4447,3,Zm00001eb058860,Zm00001eb058860:0.00183992,SORBI_3003G308100,SORBI_3003G308100:3.68315e-05,NA,NA,HORVU.MOREX.r3.1HG0077960;HORVU.MOREX.r3.5HG0513440,HORVU.MOREX.r3.1HG0077960:0.00160413;HORVU.MOREX.r3.5HG0513440:0.000326108,NA,NA
100009at38820,2,Zm00001eb273800,Zm00001eb273800:0.00108984,SORBI_3010G229300,SORBI_3010G229300:5.36375e-05,NA,NA,NA,NA,NA,NA
100009at4447,2,Zm00001eb273800,Zm00001eb273800:0.00108984,SORBI_3010G229300,SORBI_3010G229300:5.36375e-05,NA,NA,NA,NA,NA,NA
100237at38820,2,Zm00001eb204590,Zm00001eb204590:5.80826e-05,SORBI_3004G107100,SORBI_3004G107100:0.00012669,NA,NA,NA,NA,NA,NA
100237at4447,2,Zm00001eb204590,Zm00001eb204590:5.80826e-05,SORBI_3004G107100,SORBI_3004G107100:0.00012669,NA,NA,NA,NA,NA,NA
100415at38820,2,Zm00001eb271600,Zm00001eb271600:0.00344442,NA,NA,NA,NA,HORVU.MOREX.r3.7HG0656100,HORVU.MOREX.r3.7HG0656100:5.61581e-05,NA,NA
100415at4447,2,Zm00001eb271600,Zm00001eb271600:0.00344442,NA,NA,NA,NA,HORVU.MOREX.r3.7HG0656100,HORVU.MOREX.r3.7HG0656100:5.61581e-05,NA,NA
100896at4447,2,Zm00001eb302250;Zm00001eb397500,Zm00001eb302250:0.00426285;Zm00001eb397500:0.000239165,NA,NA,NA,NA,HORVU.MOREX.r3.6HG0545630,HORVU.MOREX.r3.6HG0545630:0.00182419,NA,NA
101180at38820,2,Zm00001eb384580,Zm00001eb384580:0.00323288,NA,NA,NA,NA,HORVU.MOREX.r3.7HG0718040,HORVU.MOREX.r3.7HG0718040:0.000245535,NA,NA
101180at4447,2,Zm00001eb384580,Zm00001eb384580:0.00323288,NA,NA,NA,NA,HORVU.MOREX.r3.7HG0718040,HORVU.MOREX.r3.7HG0718040:0.000245535,NA,NA
101245at38820,2,Zm00001eb157080,Zm00001eb157080:0.000474133,NA,NA,LOC_Os01g06740,LOC_Os01g06740:0.00108337,NA,NA,NA,NA
101245at4447,2,Zm00001eb157080,Zm00001eb157080:0.000474133,NA,NA,LOC_Os01g06740,LOC_Os01g06740:0.00108337,NA,NA,NA,NA
101937at38820,2,NA,NA,SORBI_3001G046800,SORBI_3001G046800:8.35849e-05,NA,NA,HORVU.MOREX.r3.5HG0522630,HORVU.MOREX.r3.5HG0522630:0.000171045,NA,NA
101937at4447,2,NA,NA,SORBI_3001G046800,SORBI_3001G046800:8.35849e-05,NA,NA,HORVU.MOREX.r3.5HG0522630,HORVU.MOREX.r3.5HG0522630:0.000171045,NA,NA
102130at38820,2,NA,NA,NA,NA,LOC_Os01g07720,LOC_Os01g07720:0.00197038,HORVU.MOREX.r3.3HG0292380,HORVU.MOREX.r3.3HG0292380:0.000549576,NA,NA
102130at4447,2,NA,NA,NA,NA,LOC_Os01g07720,LOC_Os01g07720:0.00197038,HORVU.MOREX.r3.3HG0292380,HORVU.MOREX.r3.3HG0292380:0.000549576,NA,NA
102233at2759,2,Zm00001eb208100,Zm00001eb208100:0.000322983,SORBI_3004G038000,SORBI_3004G038000:1.55242e-07,NA,NA,NA,NA,NA,NA
102233at3193,2,Zm00001eb208100,Zm00001eb208100:0.000322983,SORBI_3004G038000,SORBI_3004G038000:1.55242e-07,NA,NA,NA,NA,NA,NA
102233at33090,2,Zm00001eb208100,Zm00001eb208100:0.000322983,SORBI_3004G038000,SORBI_3004G038000:1.55242e-07,NA,NA,NA,NA,NA,NA
103112at38820,2,Zm00001eb291140,Zm00001eb291140:0.00141761,NA,NA,NA,NA,HORVU.MOREX.r3.1HG0070150,HORVU.MOREX.r3.1HG0070150:0.0022076,NA,NA
103112at4447,2,Zm00001eb291140,Zm00001eb291140:0.00141761,NA,NA,NA,NA,HORVU.MOREX.r3.1HG0070150,HORVU.MOREX.r3.1HG0070150:0.0022076,NA,NA
104014at38820,2,Zm00001eb302250;Zm00001eb397500,Zm00001eb302250:0.00426285;Zm00001eb397500:0.000239165,NA,NA,NA,NA,HORVU.MOREX.r3.6HG0545630,HORVU.MOREX.r3.6HG0545630:0.00182419,NA,NA
104792at38820,2,Zm00001eb434070,Zm00001eb434070:0.00106804,SORBI_3006G273000,SORBI_3006G273000:4.16316e-10,NA,NA,NA,NA,NA,NA
104792at4447,2,Zm00001eb434070,Zm00001eb434070:0.00106804,SORBI_3006G273000,SORBI_3006G273000:4.16316e-10,NA,NA,NA,NA,NA,NA
104798at3193,2,Zm00001eb217500,Zm00001eb217500:0.00140911,NA,NA,NA,NA,HORVU.MOREX.r3.4HG0333970,HORVU.MOREX.r3.4HG0333970:0.000144304,NA,NA
104798at33090,2,Zm00001eb217500,Zm00001eb217500:0.00140911,NA,NA,NA,NA,HORVU.MOREX.r3.4HG0333970,HORVU.MOREX.r3.4HG0333970:0.000144304,NA,NA
10520at4447,2,Zm00001eb424010,Zm00001eb424010:3.32116e-05,NA,NA,NA,NA,HORVU.MOREX.r3.7HG0662100,HORVU.MOREX.r3.7HG0662100:0.00273239,NA,NA
105430at38820,2,Zm00001eb068530,Zm00001eb068530:7.44109e-05,NA,NA,NA,NA,HORVU.MOREX.r3.2HG0204820,HORVU.MOREX.r3.2HG0204820:0.000151087,NA,NA
105430at4447,2,Zm00001eb068530,Zm00001eb068530:7.44109e-05,NA,NA,NA,NA,HORVU.MOREX.r3.2HG0204820,HORVU.MOREX.r3.2HG0204820:0.000151087,NA,NA
105755at38820,2,Zm00001eb143140,Zm00001eb143140:0.000227571,NA,NA,NA,NA,HORVU.MOREX.r3.3HG0310750,HORVU.MOREX.r3.3HG0310750:0.00281965,NA,NA
105755at4447,2,Zm00001eb143140,Zm00001eb143140:0.000227571,NA,NA,NA,NA,HORVU.MOREX.r3.3HG0310750,HORVU.MOREX.r3.3HG0310750:0.00281965,NA,NA
10580at38820,2,Zm00001eb425580,Zm00001eb425580:0.00244052,NA,NA,NA,NA,HORVU.MOREX.r3.2HG0177740,HORVU.MOREX.r3.2HG0177740:0.00197693,NA,NA
10580at4447,2,Zm00001eb425580,Zm00001eb425580:0.00244052,NA,NA,NA,NA,HORVU.MOREX.r3.2HG0177740,HORVU.MOREX.r3.2HG0177740:0.00197693,NA,NA
105889at33090,2,NA,NA,NA,NA,LOC_Os01g06000,LOC_Os01g06000:0.00204172,NA,NA,AT2G19680,AT2G19680:0.00168545
105955at2759,2,NA,NA,SORBI_3003G341700;SORBI_3003G341800,SORBI_3003G341700:9.25933e-06;SORBI_3003G341800:9.25933e-06,NA,NA,NA,NA,AT5G03540,AT5G03540:0.00167518
105955at33090,2,NA,NA,SORBI_3003G341700;SORBI_3003G341800,SORBI_3003G341700:9.25933e-06;SORBI_3003G341800:9.25933e-06,NA,NA,NA,NA,AT5G03540,AT5G03540:0.00167518
106589at38820,2,Zm00001eb209780,Zm00001eb209780:1.57242e-05,NA,NA,NA,NA,HORVU.MOREX.r3.6HG0542720,HORVU.MOREX.r3.6HG0542720:0.00225837,NA,NA
106589at4447,2,Zm00001eb209780,Zm00001eb209780:1.57242e-05,NA,NA,NA,NA,HORVU.MOREX.r3.6HG0542720,HORVU.MOREX.r3.6HG0542720:0.00225837,NA,NA
106871at38820,2,Zm00001eb108530;Zm00001eb326830,Zm00001eb108530:0.000807242;Zm00001eb326830:0.0039618,SORBI_3002G366000,SORBI_3002G366000:0.000115398,NA,NA,NA,NA,NA,NA
106871at4447,2,Zm00001eb108530;Zm00001eb326830,Zm00001eb108530:0.000807242;Zm00001eb326830:0.0039618,SORBI_3002G366000,SORBI_3002G366000:0.000115398,NA,NA,NA,NA,NA,NA
106940at2759,2,Zm00001eb034940;Zm00001eb101880;Zm00001eb323880,Zm00001eb034940:0.00432034;Zm00001eb101880:0.00350437;Zm00001eb323880:0.003004,NA,NA,NA,NA,HORVU.MOREX.r3.5HG0490730,HORVU.MOREX.r3.5HG0490730:4.85877e-05,NA,NA
106940at3193,2,Zm00001eb034940;Zm00001eb101880;Zm00001eb323880,Zm00001eb034940:0.00432034;Zm00001eb101880:0.00350437;Zm00001eb323880:0.003004,NA,NA,NA,NA,HORVU.MOREX.r3.5HG0490730,HORVU.MOREX.r3.5HG0490730:4.85877e-05,NA,NA
106940at33090,2,Zm00001eb034940;Zm00001eb101880;Zm00001eb323880,Zm00001eb034940:0.00432034;Zm00001eb101880:0.00350437;Zm00001eb323880:0.003004,NA,NA,NA,NA,HORVU.MOREX.r3.5HG0490730,HORVU.MOREX.r3.5HG0490730:4.85877e-05,NA,NA
106961at4447,2,Zm00001eb296620,Zm00001eb296620:0.000374482,NA,NA,NA,NA,HORVU.MOREX.r3.1HG0091020,HORVU.MOREX.r3.1HG0091020:0.00144519,NA,NA
108190at2759,2,Zm00001eb213930;Zm00001eb299200,Zm00001eb213930:0.000119307;Zm00001eb299200:0.00278275,SORBI_3001G076700,SORBI_3001G076700:1.75935e-07,NA,NA,NA,NA,NA,NA
108190at3193,2,Zm00001eb213930;Zm00001eb299200,Zm00001eb213930:0.000119307;Zm00001eb299200:0.00278275,SORBI_3001G076700,SORBI_3001G076700:1.75935e-07,NA,NA,NA,NA,NA,NA
108190at33090,2,Zm00001eb213930;Zm00001eb299200,Zm00001eb213930:0.000119307;Zm00001eb299200:0.00278275,SORBI_3001G076700,SORBI_3001G076700:1.75935e-07,NA,NA,NA,NA,NA,NA
10828at2759,2,Zm00001eb108330;Zm00001eb151250,Zm00001eb108330:0.000497159;Zm00001eb151250:0.00156298,NA,NA,NA,NA,HORVU.MOREX.r3.2HG0180880,HORVU.MOREX.r3.2HG0180880:0.000682386,NA,NA
10995at38820,2,NA,NA,SORBI_3007G092600,SORBI_3007G092600:1.02107e-06,NA,NA,HORVU.MOREX.r3.6HG0623070,HORVU.MOREX.r3.6HG0623070:0.00142167,NA,NA
10995at4447,2,NA,NA,SORBI_3007G092600,SORBI_3007G092600:1.02107e-06,NA,NA,HORVU.MOREX.r3.6HG0623070,HORVU.MOREX.r3.6HG0623070:0.00142167,NA,NA
110015at3193,2,Zm00001eb183770,Zm00001eb183770:0.0028616,NA,NA,NA,NA,NA,NA,AT4G20360,AT4G20360:0.00124927
110713at2759,2,Zm00001eb227170;Zm00001eb389680,Zm00001eb227170:1.18479e-05;Zm00001eb389680:0.00215617,SORBI_3010G219100,SORBI_3010G219100:4.82697e-07,NA,NA,NA,NA,NA,NA
110713at3193,2,Zm00001eb227170;Zm00001eb389680,Zm00001eb227170:1.18479e-05;Zm00001eb389680:0.00215617,SORBI_3010G219100,SORBI_3010G219100:4.82697e-07,NA,NA,NA,NA,NA,NA
110713at33090,2,Zm00001eb227170;Zm00001eb389680,Zm00001eb227170:1.18479e-05;Zm00001eb389680:0.00215617,SORBI_3010G219100,SORBI_3010G219100:4.82697e-07,NA,NA,NA,NA,NA,NA
110816at2759,2,Zm00001eb362070,Zm00001eb362070:0.000952707,NA,NA,NA,NA,NA,NA,AT5G46700,AT5G46700:0.000838176
110816at33090,2,Zm00001eb362070,Zm00001eb362070:0.000952707,NA,NA,NA,NA,NA,NA,AT5G46700,AT5G46700:0.000838176
110848at38820,2,Zm00001eb059550,Zm00001eb059550:0.00292873,NA,NA,NA,NA,HORVU.MOREX.r3.5HG0515400,HORVU.MOREX.r3.5HG0515400:0.00110948,NA,NA
110848at4447,2,Zm00001eb059550,Zm00001eb059550:0.00292873,NA,NA,NA,NA,HORVU.MOREX.r3.5HG0515400,HORVU.MOREX.r3.5HG0515400:0.00110948,NA,NA
111430at38820,2,Zm00001eb035860,Zm00001eb035860:0.00093373,NA,NA,NA,NA,HORVU.MOREX.r3.7HG0682220,HORVU.MOREX.r3.7HG0682220:3.34001e-07,NA,NA
111430at4447,2,Zm00001eb035860,Zm00001eb035860:0.00093373,NA,NA,NA,NA,HORVU.MOREX.r3.7HG0682220,HORVU.MOREX.r3.7HG0682220:3.34001e-07,NA,NA
11163at38820,2,Zm00001eb425590,Zm00001eb425590:0.00244052,NA,NA,NA,NA,HORVU.MOREX.r3.2HG0177600,HORVU.MOREX.r3.2HG0177600:0.00249326,NA,NA
11163at4447,2,Zm00001eb425590,Zm00001eb425590:0.00244052,NA,NA,NA,NA,HORVU.MOREX.r3.2HG0177600,HORVU.MOREX.r3.2HG0177600:0.00249326,NA,NA
11179at38820,2,NA,NA,SORBI_3001G296900,SORBI_3001G296900:5.42259e-05,NA,NA,HORVU.MOREX.r3.1HG0057910,HORVU.MOREX.r3.1HG0057910:0.000357183,NA,NA
11179at4447,2,NA,NA,SORBI_3001G296900,SORBI_3001G296900:5.42259e-05,NA,NA,HORVU.MOREX.r3.1HG0057910,HORVU.MOREX.r3.1HG0057910:0.000357183,NA,NA
113144at3193,2,Zm00001eb287420,Zm00001eb287420:0.00201187,NA,NA,NA,NA,NA,NA,AT4G14230,AT4G14230:0.00255562
117118at2759,2,Zm00001eb061640,Zm00001eb061640:0.00275329,SORBI_3001G047000,SORBI_3001G047000:6.25028e-07,NA,NA,NA,NA,NA,NA
117118at3193,2,Zm00001eb061640,Zm00001eb061640:0.00275329,SORBI_3001G047000,SORBI_3001G047000:6.25028e-07,NA,NA,NA,NA,NA,NA
117118at33090,2,Zm00001eb061640,Zm00001eb061640:0.00275329,SORBI_3001G047000,SORBI_3001G047000:6.25028e-07,NA,NA,NA,NA,NA,NA
1200726at2759,2,Zm00001eb103570;Zm00001eb319760,Zm00001eb103570:0.000631707;Zm00001eb319760:0.000759287,NA,NA,NA,NA,NA,NA,AT2G41630,AT2G41630:0.000920203
12632at38820,2,Zm00001eb057490;Zm00001eb214800,Zm00001eb057490:0.00404676;Zm00001eb214800:0.00160852,NA,NA,NA,NA,HORVU.MOREX.r3.5HG0511090,HORVU.MOREX.r3.5HG0511090:0.000400078,NA,NA
12632at4447,2,Zm00001eb057490;Zm00001eb214800,Zm00001eb057490:0.00404676;Zm00001eb214800:0.00160852,NA,NA,NA,NA,HORVU.MOREX.r3.5HG0511090,HORVU.MOREX.r3.5HG0511090:0.000400078,NA,NA
127486at3193,2,Zm00001eb183220,Zm00001eb183220:0.00329644,NA,NA,LOC_Os02g05800,LOC_Os02g05800:0.000826122,NA,NA,NA,NA
12785at38820,2,Zm00001eb256120,Zm00001eb256120:0.00225281,NA,NA,NA,NA,HORVU.MOREX.r3.6HG0619230,HORVU.MOREX.r3.6HG0619230:0.000655793,NA,NA
12785at4447,2,Zm00001eb256120,Zm00001eb256120:0.00225281,NA,NA,NA,NA,HORVU.MOREX.r3.6HG0619230,HORVU.MOREX.r3.6HG0619230:0.000655793,NA,NA
127936at2759,2,Zm00001eb280100,Zm00001eb280100:0.000246428,NA,NA,NA,NA,NA,NA,AT3G48140,AT3G48140:0.00221166
127936at3193,2,Zm00001eb280100,Zm00001eb280100:0.000246428,NA,NA,NA,NA,NA,NA,AT3G48140,AT3G48140:0.00221166
127936at33090,2,Zm00001eb280100,Zm00001eb280100:0.000246428,NA,NA,NA,NA,NA,NA,AT3G48140,AT3G48140:0.00221166
128152at2759,2,Zm00001eb296620,Zm00001eb296620:0.000374482,NA,NA,NA,NA,HORVU.MOREX.r3.1HG0091020,HORVU.MOREX.r3.1HG0091020:0.00144519,NA,NA
128152at3193,2,Zm00001eb296620,Zm00001eb296620:0.000374482,NA,NA,NA,NA,HORVU.MOREX.r3.1HG0091020,HORVU.MOREX.r3.1HG0091020:0.00144519,NA,NA
128152at33090,2,Zm00001eb296620,Zm00001eb296620:0.000374482,NA,NA,NA,NA,HORVU.MOREX.r3.1HG0091020,HORVU.MOREX.r3.1HG0091020:0.00144519,NA,NA
129707at33090,2,Zm00001eb397360,Zm00001eb397360:0.00347474,NA,NA,NA,NA,HORVU.MOREX.r3.1HG0060630,HORVU.MOREX.r3.1HG0060630:0.000254326,NA,NA
13065at33090,2,Zm00001eb020090;Zm00001eb040260,Zm00001eb020090:0.00023152;Zm00001eb040260:0.00147156,NA,NA,NA,NA,NA,NA,AT3G49360,AT3G49360:3.72014e-05
133119at3193,2,NA,NA,NA,NA,NA,NA,HORVU.MOREX.r3.7HG0714120,HORVU.MOREX.r3.7HG0714120:0.00255555,AT1G52730,AT1G52730:0.000585021
133119at33090,2,NA,NA,NA,NA,NA,NA,HORVU.MOREX.r3.7HG0714120,HORVU.MOREX.r3.7HG0714120:0.00255555,AT1G52730,AT1G52730:0.000585021
13801at38820,2,Zm00001eb061570,Zm00001eb061570:0.00275329,SORBI_3001G047600,SORBI_3001G047600:6.25028e-07,NA,NA,NA,NA,NA,NA
13801at4447,2,Zm00001eb061570,Zm00001eb061570:0.00275329,SORBI_3001G047600,SORBI_3001G047600:6.25028e-07,NA,NA,NA,NA,NA,NA
139484at3193,2,Zm00001eb103410,Zm00001eb103410:0.00215367,NA,NA,NA,NA,HORVU.MOREX.r3.4HG0401620,HORVU.MOREX.r3.4HG0401620:0.00134102,NA,NA
14056at38820,2,Zm00001eb071760,Zm00001eb071760:0.00277098,SORBI_3004G269400,SORBI_3004G269400:7.56581e-05,NA,NA,NA,NA,NA,NA
14056at4447,2,Zm00001eb071760,Zm00001eb071760:0.00277098,SORBI_3004G269400,SORBI_3004G269400:7.56581e-05,NA,NA,NA,NA,NA,NA
143846at3193,2,Zm00001eb297320,Zm00001eb297320:0.00423659,NA,NA,NA,NA,HORVU.MOREX.r3.1HG0094520,HORVU.MOREX.r3.1HG0094520:0.000297767,NA,NA
145858at3193,2,Zm00001eb208540,Zm00001eb208540:0.00193173,NA,NA,NA,NA,NA,NA,AT2G21250;AT2G21260,AT2G21250:0.00212283;AT2G21260:4.05462e-05
14617at38820,2,Zm00001eb257320,Zm00001eb257320:0.0043912,NA,NA,NA,NA,HORVU.MOREX.r3.6HG0622300,HORVU.MOREX.r3.6HG0622300:0.00267277,NA,NA
14617at4447,2,Zm00001eb257320,Zm00001eb257320:0.0043912,NA,NA,NA,NA,HORVU.MOREX.r3.6HG0622300,HORVU.MOREX.r3.6HG0622300:0.00267277,NA,NA
14710at38820,2,Zm00001eb129490,Zm00001eb129490:0.00226917,NA,NA,NA,NA,HORVU.MOREX.r3.1HG0018590,HORVU.MOREX.r3.1HG0018590:0.000404945,NA,NA
14710at4447,2,Zm00001eb129490,Zm00001eb129490:0.00226917,NA,NA,NA,NA,HORVU.MOREX.r3.1HG0018590,HORVU.MOREX.r3.1HG0018590:0.000404945,NA,NA
1471867at2759,2,NA,NA,NA,NA,NA,NA,HORVU.MOREX.r3.5HG0503610,HORVU.MOREX.r3.5HG0503610:0.00291418,AT1G13820,AT1G13820:0.0010891
14749at38820,2,Zm00001eb257750,Zm00001eb257750:0.00313312,NA,NA,NA,NA,HORVU.MOREX.r3.6HG0623790,HORVU.MOREX.r3.6HG0623790:0.000420147,NA,NA
14749at4447,2,Zm00001eb257750,Zm00001eb257750:0.00313312,NA,NA,NA,NA,HORVU.MOREX.r3.6HG0623790,HORVU.MOREX.r3.6HG0623790:0.000420147,NA,NA
14909at38820,2,Zm00001eb219960,Zm00001eb219960:0.00278326,NA,NA,NA,NA,HORVU.MOREX.r3.2HG0188620,HORVU.MOREX.r3.2HG0188620:0.00179537,NA,NA
151851at2759,2,Zm00001eb321010,Zm00001eb321010:0.000701085,NA,NA,NA,NA,NA,NA,AT4G16650,AT4G16650:0.0024835
151851at3193,2,Zm00001eb321010,Zm00001eb321010:0.000701085,NA,NA,NA,NA,NA,NA,AT4G16650,AT4G16650:0.0024835
151851at33090,2,Zm00001eb321010,Zm00001eb321010:0.000701085,NA,NA,NA,NA,NA,NA,AT4G16650,AT4G16650:0.0024835
153283at33090,2,Zm00001eb001370;Zm00001eb122860;Zm00001eb331700,Zm00001eb001370:0.00271807;Zm00001eb122860:0.0019452;Zm00001eb331700:0.000948802,NA,NA,NA,NA,NA,NA,AT3G15730,AT3G15730:0.00146691
153709at3193,2,Zm00001eb331540,Zm00001eb331540:0.0044475,NA,NA,NA,NA,NA,NA,AT2G38280,AT2G38280:0.00182531
15426at38820,2,Zm00001eb325340,Zm00001eb325340:0.00237857,NA,NA,NA,NA,HORVU.MOREX.r3.4HG0333410,HORVU.MOREX.r3.4HG0333410:0.000974654,NA,NA
1546at38820,2,Zm00001eb344490,Zm00001eb344490:0.000485628,NA,NA,NA,NA,HORVU.MOREX.r3.1HG0091430,HORVU.MOREX.r3.1HG0091430:0.00161567,NA,NA
1546at4447,2,Zm00001eb344490,Zm00001eb344490:0.000485628,NA,NA,NA,NA,HORVU.MOREX.r3.1HG0091430,HORVU.MOREX.r3.1HG0091430:0.00161567,NA,NA
1547at38820,2,Zm00001eb160620,Zm00001eb160620:0.00435772,NA,NA,LOC_Os01g05870,LOC_Os01g05870:0.00209126,NA,NA,NA,NA
1547at4447,2,Zm00001eb160620,Zm00001eb160620:0.00435772,NA,NA,LOC_Os01g05870,LOC_Os01g05870:0.00209126,NA,NA,NA,NA
15502at2759,2,Zm00001eb260690;Zm00001eb372310,Zm00001eb260690:0.00415266;Zm00001eb372310:5.8844e-06,NA,NA,NA,NA,NA,NA,AT1G71691;AT1G74460,AT1G71691:0.00246545;AT1G74460:0.000180267
158179at2759,2,Zm00001eb208230,Zm00001eb208230:0.00400983,NA,NA,NA,NA,NA,NA,AT4G35020,AT4G35020:0.00181576
158179at3193,2,Zm00001eb208230,Zm00001eb208230:0.00400983,NA,NA,NA,NA,NA,NA,AT4G35020,AT4G35020:0.00181576
158179at33090,2,Zm00001eb208230,Zm00001eb208230:0.00400983,NA,NA,NA,NA,NA,NA,AT4G35020,AT4G35020:0.00181576
158457at33090,2,Zm00001eb328530,Zm00001eb328530:0.00183868,NA,NA,NA,NA,HORVU.MOREX.r3.3HG0288930;HORVU.MOREX.r3.5HG0471130,HORVU.MOREX.r3.3HG0288930:6.99314e-05;HORVU.MOREX.r3.5HG0471130:5.20703e-10,NA,NA
159045at3193,2,Zm00001eb369010,Zm00001eb369010:0.000371986,NA,NA,LOC_Os05g04850,LOC_Os05g04850:0.000145677,NA,NA,NA,NA
159147at3193,2,Zm00001eb030420;Zm00001eb222960;Zm00001eb430440,Zm00001eb030420:0.000561409;Zm00001eb222960:0.00192906;Zm00001eb430440:0.00307772,SORBI_3006G206800,SORBI_3006G206800:1.60805e-05,NA,NA,NA,NA,NA,NA
162741at2759,2,Zm00001eb331520,Zm00001eb331520:0.0044475,SORBI_3005G004400,SORBI_3005G004400:6.86274e-05,NA,NA,NA,NA,NA,NA
16345at3193,2,NA,NA,NA,NA,LOC_Os07g04850,LOC_Os07g04850:0.00219201,NA,NA,AT1G22210,AT1G22210:0.00183702
167873at3193,2,Zm00001eb096850,Zm00001eb096850:0.0019882,NA,NA,NA,NA,NA,NA,AT3G04470,AT3G04470:0.00148046
16842at38820,2,Zm00001eb071720,Zm00001eb071720:0.000127382,SORBI_3004G269200,SORBI_3004G269200:7.56581e-05,NA,NA,NA,NA,NA,NA
16842at4447,2,Zm00001eb071720,Zm00001eb071720:0.000127382,SORBI_3004G269200,SORBI_3004G269200:7.56581e-05,NA,NA,NA,NA,NA,NA
17211at38820,2,NA,NA,NA,NA,LOC_Os05g01160,LOC_Os05g01160:0.000707667,HORVU.MOREX.r3.3HG0329530,HORVU.MOREX.r3.3HG0329530:0.00265337,NA,NA
17211at4447,2,NA,NA,NA,NA,LOC_Os05g01160,LOC_Os05g01160:0.000707667,HORVU.MOREX.r3.3HG0329530,HORVU.MOREX.r3.3HG0329530:0.00265337,NA,NA
1741856at2759,2,Zm00001eb160620,Zm00001eb160620:0.00435772,NA,NA,LOC_Os01g05870,LOC_Os01g05870:0.00209126,NA,NA,NA,NA
1748at3193,2,Zm00001eb429220,Zm00001eb429220:0.000746221,NA,NA,NA,NA,NA,NA,AT5G66920,AT5G66920:0.00159624
1748at33090,2,Zm00001eb429220,Zm00001eb429220:0.000746221,NA,NA,NA,NA,NA,NA,AT5G66920,AT5G66920:0.00159624
177706at3193,2,Zm00001eb292760,Zm00001eb292760:0.002135,NA,NA,NA,NA,NA,NA,AT4G18700,AT4G18700:0.00256042
178907at2759,2,NA,NA,NA,NA,NA,NA,HORVU.MOREX.r3.5HG0501870,HORVU.MOREX.r3.5HG0501870:0.000643795,AT1G07240;AT1G07250,AT1G07240:0.0011015;AT1G07250:0.000641889
178907at3193,2,NA,NA,NA,NA,NA,NA,HORVU.MOREX.r3.5HG0501870,HORVU.MOREX.r3.5HG0501870:0.000643795,AT1G07240;AT1G07250,AT1G07240:0.0011015;AT1G07250:0.000641889
178907at33090,2,NA,NA,NA,NA,NA,NA,HORVU.MOREX.r3.5HG0501870,HORVU.MOREX.r3.5HG0501870:0.000643795,AT1G07240;AT1G07250,AT1G07240:0.0011015;AT1G07250:0.000641889
179088at33090,2,Zm00001eb195100;Zm00001eb254960,Zm00001eb195100:0.00393012;Zm00001eb254960:3.40827e-05,SORBI_3003G341500,SORBI_3003G341500:9.25933e-06,NA,NA,NA,NA,NA,NA
181010at2759,2,Zm00001eb316790,Zm00001eb316790:0.00153563,NA,NA,NA,NA,NA,NA,AT5G13020,AT5G13020:0.000655587
181010at3193,2,Zm00001eb316790,Zm00001eb316790:0.00153563,NA,NA,NA,NA,NA,NA,AT5G13020,AT5G13020:0.000655587
181010at33090,2,Zm00001eb316790,Zm00001eb316790:0.00153563,NA,NA,NA,NA,NA,NA,AT5G13020,AT5G13020:0.000655587
181294at2759,2,Zm00001eb428650,Zm00001eb428650:5.30204e-05,NA,NA,NA,NA,NA,NA,AT3G61060,AT3G61060:0.00233896
181294at3193,2,Zm00001eb428650,Zm00001eb428650:5.30204e-05,NA,NA,NA,NA,NA,NA,AT3G61060,AT3G61060:0.00233896
181294at33090,2,Zm00001eb428650,Zm00001eb428650:5.30204e-05,NA,NA,NA,NA,NA,NA,AT3G61060,AT3G61060:0.00233896
181680at2759,2,Zm00001eb171700,Zm00001eb171700:0.0010716,NA,NA,NA,NA,HORVU.MOREX.r3.1HG0012340,HORVU.MOREX.r3.1HG0012340:0.000108096,NA,NA
184525at2759,2,Zm00001eb218250,Zm00001eb218250:0.000669997,NA,NA,NA,NA,HORVU.MOREX.r3.4HG0333170;HORVU.MOREX.r3.4HG0404980,HORVU.MOREX.r3.4HG0333170:0.00085545;HORVU.MOREX.r3.4HG0404980:0.000294587,NA,NA
184525at33090,2,Zm00001eb218250,Zm00001eb218250:0.000669997,NA,NA,NA,NA,HORVU.MOREX.r3.4HG0333170;HORVU.MOREX.r3.4HG0404980,HORVU.MOREX.r3.4HG0333170:0.00085545;HORVU.MOREX.r3.4HG0404980:0.000294587,NA,NA
186008at3193,2,NA,NA,SORBI_3004G248900,SORBI_3004G248900:9.32744e-05,NA,NA,NA,NA,AT5G64650,AT5G64650:0.00240631
186008at33090,2,NA,NA,SORBI_3004G248900,SORBI_3004G248900:9.32744e-05,NA,NA,NA,NA,AT5G64650,AT5G64650:0.00240631
186516at3193,2,Zm00001eb329190,Zm00001eb329190:0.00237845,NA,NA,LOC_Os07g06440,LOC_Os07g06440:0.00201145,NA,NA,NA,NA
186724at2759,2,Zm00001eb108360;Zm00001eb400520,Zm00001eb108360:0.000497159;Zm00001eb400520:0.00237242,NA,NA,LOC_Os03g02090,LOC_Os03g02090:0.00235007,NA,NA,NA,NA
186724at3193,2,Zm00001eb108360;Zm00001eb400520,Zm00001eb108360:0.000497159;Zm00001eb400520:0.00237242,NA,NA,LOC_Os03g02090,LOC_Os03g02090:0.00235007,NA,NA,NA,NA
186724at33090,2,Zm00001eb108360;Zm00001eb400520,Zm00001eb108360:0.000497159;Zm00001eb400520:0.00237242,NA,NA,LOC_Os03g02090,LOC_Os03g02090:0.00235007,NA,NA,NA,NA
187007at33090,2,Zm00001eb397150,Zm00001eb397150:7.33571e-05,NA,NA,NA,NA,NA,NA,AT1G12500,AT1G12500:0.00223025
1873676at2759,2,Zm00001eb010450;Zm00001eb164410;Zm00001eb303120,Zm00001eb010450:0.00339357;Zm00001eb164410:0.000431103;Zm00001eb303120:0.00110887,NA,NA,NA,NA,HORVU.MOREX.r3.5HG0492490,HORVU.MOREX.r3.5HG0492490:0.00257875,NA,NA
18767at38820,2,Zm00001eb159820,Zm00001eb159820:0.00255376,NA,NA,LOC_Os01g05600,LOC_Os01g05600:0.00139257,NA,NA,NA,NA
18767at4447,2,Zm00001eb159820,Zm00001eb159820:0.00255376,NA,NA,LOC_Os01g05600,LOC_Os01g05600:0.00139257,NA,NA,NA,NA
188508at3193,2,Zm00001eb003210;Zm00001eb402810,Zm00001eb003210:0.000536088;Zm00001eb402810:0.00459158,NA,NA,NA,NA,HORVU.MOREX.r3.4HG0354170,HORVU.MOREX.r3.4HG0354170:1.21018e-05,NA,NA
191659at2759,2,Zm00001eb092880,Zm00001eb092880:0.00283196,NA,NA,LOC_Os01g08260,LOC_Os01g08260:0.000671622,NA,NA,NA,NA
191659at3193,2,Zm00001eb092880,Zm00001eb092880:0.00283196,NA,NA,LOC_Os01g08260,LOC_Os01g08260:0.000671622,NA,NA,NA,NA
191659at33090,2,Zm00001eb092880,Zm00001eb092880:0.00283196,NA,NA,LOC_Os01g08260,LOC_Os01g08260:0.000671622,NA,NA,NA,NA
194710at2759,2,Zm00001eb120110;Zm00001eb363860;Zm00001eb395790,Zm00001eb120110:0.00139257;Zm00001eb363860:0.00275982;Zm00001eb395790:0.00250515,NA,NA,NA,NA,NA,NA,AT1G26370,AT1G26370:0.00106616
19663at38820,2,Zm00001eb147610,Zm00001eb147610:0.00282314,SORBI_3003G360300,SORBI_3003G360300:4.35547e-09,NA,NA,NA,NA,NA,NA
19663at4447,2,Zm00001eb147610,Zm00001eb147610:0.00282314,SORBI_3003G360300,SORBI_3003G360300:4.35547e-09,NA,NA,NA,NA,NA,NA
19743at4447,2,Zm00001eb325340,Zm00001eb325340:0.00237857,NA,NA,NA,NA,HORVU.MOREX.r3.4HG0333410,HORVU.MOREX.r3.4HG0333410:0.000974654,NA,NA
197486at2759,2,NA,NA,NA,NA,NA,NA,HORVU.MOREX.r3.2HG0110130,HORVU.MOREX.r3.2HG0110130:0.0026295,AT1G09250,AT1G09250:0.00104886
197486at3193,2,NA,NA,NA,NA,NA,NA,HORVU.MOREX.r3.2HG0110130,HORVU.MOREX.r3.2HG0110130:0.0026295,AT1G09250,AT1G09250:0.00104886
197486at33090,2,NA,NA,NA,NA,NA,NA,HORVU.MOREX.r3.2HG0110130,HORVU.MOREX.r3.2HG0110130:0.0026295,AT1G09250,AT1G09250:0.00104886
19781at38820,2,NA,NA,NA,NA,LOC_Os02g07700,LOC_Os02g07700:0.00200542,HORVU.MOREX.r3.1HG0091010;HORVU.MOREX.r3.7HG0648080,HORVU.MOREX.r3.1HG0091010:0.00144519;HORVU.MOREX.r3.7HG0648080:0.000348323,NA,NA
19781at4447,2,NA,NA,NA,NA,LOC_Os02g07700,LOC_Os02g07700:0.00200542,HORVU.MOREX.r3.1HG0091010;HORVU.MOREX.r3.7HG0648080,HORVU.MOREX.r3.1HG0091010:0.00144519;HORVU.MOREX.r3.7HG0648080:0.000348323,NA,NA
1978876at2759,2,NA,NA,NA,NA,NA,NA,HORVU.MOREX.r3.4HG0360060,HORVU.MOREX.r3.4HG0360060:0.00121219,AT4G32930,AT4G32930:0.00226467
19811at38820,2,Zm00001eb057230,Zm00001eb057230:0.00259826,NA,NA,NA,NA,HORVU.MOREX.r3.5HG0510590;HORVU.MOREX.r3.5HG0510640,HORVU.MOREX.r3.5HG0510590:0.00206094;HORVU.MOREX.r3.5HG0510640:0.000804153,NA,NA
19811at4447,2,Zm00001eb057230,Zm00001eb057230:0.00259826,NA,NA,NA,NA,HORVU.MOREX.r3.5HG0510590;HORVU.MOREX.r3.5HG0510640,HORVU.MOREX.r3.5HG0510590:0.00206094;HORVU.MOREX.r3.5HG0510640:0.000804153,NA,NA
202744at2759,2,Zm00001eb073440,Zm00001eb073440:0.0011644,NA,NA,NA,NA,HORVU.MOREX.r3.5HG0493200,HORVU.MOREX.r3.5HG0493200:0.000821701,NA,NA
202744at3193,2,Zm00001eb073440,Zm00001eb073440:0.0011644,NA,NA,NA,NA,HORVU.MOREX.r3.5HG0493200,HORVU.MOREX.r3.5HG0493200:0.000821701,NA,NA
202744at33090,2,Zm00001eb073440,Zm00001eb073440:0.0011644,NA,NA,NA,NA,HORVU.MOREX.r3.5HG0493200,HORVU.MOREX.r3.5HG0493200:0.000821701,NA,NA
20885at3193,2,Zm00001eb061510,Zm00001eb061510:0.000826143,NA,NA,NA,NA,NA,NA,AT4G25650,AT4G25650:3.35386e-05
210861at2759,2,Zm00001eb331430;Zm00001eb424030,Zm00001eb331430:0.0041207;Zm00001eb424030:3.32116e-05,NA,NA,NA,NA,NA,NA,AT5G49180,AT5G49180:0.00118124
210861at3193,2,Zm00001eb331430;Zm00001eb424030,Zm00001eb331430:0.0041207;Zm00001eb424030:3.32116e-05,NA,NA,NA,NA,NA,NA,AT5G49180,AT5G49180:0.00118124
210861at33090,2,Zm00001eb331430;Zm00001eb424030,Zm00001eb331430:0.0041207;Zm00001eb424030:3.32116e-05,NA,NA,NA,NA,NA,NA,AT5G49180,AT5G49180:0.00118124
210880at2759,2,Zm00001eb389710,Zm00001eb389710:0.00215617,SORBI_3010G219600,SORBI_3010G219600:4.82697e-07,NA,NA,NA,NA,NA,NA
210880at3193,2,Zm00001eb389710,Zm00001eb389710:0.00215617,SORBI_3010G219600,SORBI_3010G219600:4.82697e-07,NA,NA,NA,NA,NA,NA
210880at33090,2,Zm00001eb389710,Zm00001eb389710:0.00215617,SORBI_3010G219600,SORBI_3010G219600:4.82697e-07,NA,NA,NA,NA,NA,NA
211862at33090,2,Zm00001eb183830,Zm00001eb183830:0.00306819,NA,NA,NA,NA,NA,NA,AT5G63880,AT5G63880:3.04971e-05
2126835at2759,2,Zm00001eb015890;Zm00001eb330760;Zm00001eb338910,Zm00001eb015890:0.00181942;Zm00001eb330760:0.00208468;Zm00001eb338910:0.00131824,NA,NA,NA,NA,HORVU.MOREX.r3.2HG0111790,HORVU.MOREX.r3.2HG0111790:0.0014822,NA,NA
2140at38820,2,Zm00001eb130610,Zm00001eb130610:0.0033058,NA,NA,NA,NA,HORVU.MOREX.r3.1HG0060640,HORVU.MOREX.r3.1HG0060640:0.000254326,NA,NA
2140at4447,2,Zm00001eb130610,Zm00001eb130610:0.0033058,NA,NA,NA,NA,HORVU.MOREX.r3.1HG0060640,HORVU.MOREX.r3.1HG0060640:0.000254326,NA,NA
215121at3193,2,NA,NA,NA,NA,NA,NA,HORVU.MOREX.r3.1HG0054180,HORVU.MOREX.r3.1HG0054180:0.000197892,AT1G12560,AT1G12560:0.000106801
2151at38820,2,Zm00001eb107720,Zm00001eb107720:0.00194565,NA,NA,NA,NA,HORVU.MOREX.r3.2HG0131310,HORVU.MOREX.r3.2HG0131310:0.00240455,NA,NA
2151at4447,2,Zm00001eb107720,Zm00001eb107720:0.00194565,NA,NA,NA,NA,HORVU.MOREX.r3.2HG0131310,HORVU.MOREX.r3.2HG0131310:0.00240455,NA,NA
215792at3193,2,Zm00001eb045860,Zm00001eb045860:0.00351126,NA,NA,NA,NA,NA,NA,AT1G04430,AT1G04430:0.00014799
215792at33090,2,Zm00001eb045860,Zm00001eb045860:0.00351126,NA,NA,NA,NA,NA,NA,AT1G04430,AT1G04430:0.00014799
215877at2759,2,Zm00001eb046700,Zm00001eb046700:0.000677777,NA,NA,NA,NA,NA,NA,AT2G18510,AT2G18510:0.000468109
216044at3193,2,Zm00001eb075650,Zm00001eb075650:0.00228762,NA,NA,NA,NA,NA,NA,AT3G55770,AT3G55770:0.00230756
216044at33090,2,Zm00001eb075650,Zm00001eb075650:0.00228762,NA,NA,NA,NA,NA,NA,AT3G55770,AT3G55770:0.00230756
216577at3193,2,NA,NA,NA,NA,NA,NA,HORVU.MOREX.r3.7HG0639980,HORVU.MOREX.r3.7HG0639980:0.00202244,AT4G02280,AT4G02280:0.00194379
216888at3193,2,Zm00001eb389720,Zm00001eb389720:0.00215617,SORBI_3010G219700,SORBI_3010G219700:4.82697e-07,NA,NA,NA,NA,NA,NA
2174516at2759,2,Zm00001eb009080;Zm00001eb140910;Zm00001eb183820,Zm00001eb009080:0.000522842;Zm00001eb140910:0.00325626;Zm00001eb183820:0.00306819,SORBI_3003G360600;SORBI_3003G427500,SORBI_3003G360600:4.35547e-09;SORBI_3003G427500:4.42912e-10,NA,NA,NA,NA,NA,NA
21761at38820,2,Zm00001eb207530,Zm00001eb207530:0.000172397,NA,NA,NA,NA,HORVU.MOREX.r3.7HG0734480,HORVU.MOREX.r3.7HG0734480:0.000310415,NA,NA
21761at4447,2,Zm00001eb207530,Zm00001eb207530:0.000172397,NA,NA,NA,NA,HORVU.MOREX.r3.7HG0734480,HORVU.MOREX.r3.7HG0734480:0.000310415,NA,NA
217808at3193,2,NA,NA,NA,NA,LOC_Os02g02910,LOC_Os02g02910:0.0023486,NA,NA,AT5G24270,AT5G24270:0.00205722
218043at3193,2,NA,NA,NA,NA,NA,NA,HORVU.MOREX.r3.2HG0101260,HORVU.MOREX.r3.2HG0101260:0.0019183,AT1G03620,AT1G03620:0.00112289
218043at33090,2,NA,NA,NA,NA,NA,NA,HORVU.MOREX.r3.2HG0101260,HORVU.MOREX.r3.2HG0101260:0.0019183,AT1G03620,AT1G03620:0.00112289
218259at3193,2,Zm00001eb159820,Zm00001eb159820:0.00255376,NA,NA,LOC_Os01g05600,LOC_Os01g05600:0.00139257,NA,NA,NA,NA
219806at3193,2,Zm00001eb363860,Zm00001eb363860:0.00275982,NA,NA,NA,NA,NA,NA,AT1G26370,AT1G26370:0.00106616
219872at3193,2,Zm00001eb008400,Zm00001eb008400:0.00462573,NA,NA,NA,NA,NA,NA,AT5G26360,AT5G26360:1.37518e-05
220610at3193,2,Zm00001eb195100;Zm00001eb254960,Zm00001eb195100:0.00393012;Zm00001eb254960:3.40827e-05,SORBI_3003G341500,SORBI_3003G341500:9.25933e-06,NA,NA,NA,NA,NA,NA
220705at3193,2,Zm00001eb258790,Zm00001eb258790:8.60146e-05,NA,NA,NA,NA,NA,NA,AT4G17740,AT4G17740:0.000966362
220705at33090,2,Zm00001eb258790,Zm00001eb258790:8.60146e-05,NA,NA,NA,NA,NA,NA,AT4G17740,AT4G17740:0.000966362
220852at2759,2,NA,NA,SORBI_3003G308000,SORBI_3003G308000:3.68315e-05,NA,NA,HORVU.MOREX.r3.2HG0195220,HORVU.MOREX.r3.2HG0195220:0.000316442,NA,NA
220852at3193,2,NA,NA,SORBI_3003G308000,SORBI_3003G308000:3.68315e-05,NA,NA,HORVU.MOREX.r3.2HG0195220,HORVU.MOREX.r3.2HG0195220:0.000316442,NA,NA
220852at33090,2,NA,NA,SORBI_3003G308000,SORBI_3003G308000:3.68315e-05,NA,NA,HORVU.MOREX.r3.2HG0195220,HORVU.MOREX.r3.2HG0195220:0.000316442,NA,NA
22188at38820,2,Zm00001eb243750,Zm00001eb243750:0.00123709,NA,NA,LOC_Os02g05550,LOC_Os02g05550:0.00144453,NA,NA,NA,NA
22188at4447,2,Zm00001eb243750,Zm00001eb243750:0.00123709,NA,NA,LOC_Os02g05550,LOC_Os02g05550:0.00144453,NA,NA,NA,NA
222995at2759,2,Zm00001eb294520;Zm00001eb294530,Zm00001eb294520:0.00413598;Zm00001eb294530:0.00413598,NA,NA,NA,NA,HORVU.MOREX.r3.6HG0552470,HORVU.MOREX.r3.6HG0552470:0.00163862,NA,NA
222995at33090,2,Zm00001eb294520;Zm00001eb294530,Zm00001eb294520:0.00413598;Zm00001eb294530:0.00413598,NA,NA,NA,NA,HORVU.MOREX.r3.6HG0552470,HORVU.MOREX.r3.6HG0552470:0.00163862,NA,NA
223313at3193,2,Zm00001eb106140,Zm00001eb106140:0.00040615,SORBI_3002G321500,SORBI_3002G321500:2.30458e-05,NA,NA,NA,NA,NA,NA
223313at33090,2,Zm00001eb106140,Zm00001eb106140:0.00040615,SORBI_3002G321500,SORBI_3002G321500:2.30458e-05,NA,NA,NA,NA,NA,NA
227017at2759,2,Zm00001eb098070,Zm00001eb098070:0.000941737,NA,NA,NA,NA,NA,NA,AT2G05760,AT2G05760:0.000543626
227017at3193,2,Zm00001eb098070,Zm00001eb098070:0.000941737,NA,NA,NA,NA,NA,NA,AT2G05760,AT2G05760:0.000543626
227017at33090,2,Zm00001eb098070,Zm00001eb098070:0.000941737,NA,NA,NA,NA,NA,NA,AT2G05760,AT2G05760:0.000543626
227049at33090,2,Zm00001eb369940,Zm00001eb369940:0.00366045,NA,NA,NA,NA,NA,NA,AT2G36670,AT2G36670:0.000395926
227935at3193,2,Zm00001eb008450;Zm00001eb400380,Zm00001eb008450:0.00462573;Zm00001eb400380:0.00339024,NA,NA,NA,NA,NA,NA,AT5G15470,AT5G15470:0.000776874
227935at33090,2,Zm00001eb008450;Zm00001eb400380,Zm00001eb008450:0.00462573;Zm00001eb400380:0.00339024,NA,NA,NA,NA,NA,NA,AT5G15470,AT5G15470:0.000776874
22796at4447,2,Zm00001eb192230,Zm00001eb192230:0.000536986,SORBI_3010G062500,SORBI_3010G062500:4.23078e-06,NA,NA,NA,NA,NA,NA
228107at2759,2,Zm00001eb107930;Zm00001eb325800,Zm00001eb107930:0.000759116;Zm00001eb325800:0.00437747,SORBI_3002G355300,SORBI_3002G355300:7.44519e-05,NA,NA,NA,NA,NA,NA
228107at3193,2,Zm00001eb107930;Zm00001eb325800,Zm00001eb107930:0.000759116;Zm00001eb325800:0.00437747,SORBI_3002G355300,SORBI_3002G355300:7.44519e-05,NA,NA,NA,NA,NA,NA
228107at33090,2,Zm00001eb107930;Zm00001eb325800,Zm00001eb107930:0.000759116;Zm00001eb325800:0.00437747,SORBI_3002G355300,SORBI_3002G355300:7.44519e-05,NA,NA,NA,NA,NA,NA
228287at3193,2,Zm00001eb356330,Zm00001eb356330:0.000818548,NA,NA,NA,NA,NA,NA,AT4G01560,AT4G01560:0.000617151
228287at33090,2,Zm00001eb356330,Zm00001eb356330:0.000818548,NA,NA,NA,NA,NA,NA,AT4G01560,AT4G01560:0.000617151
230405at3193,2,Zm00001eb015890;Zm00001eb330760;Zm00001eb338910,Zm00001eb015890:0.00181942;Zm00001eb330760:0.00208468;Zm00001eb338910:0.00131824,NA,NA,NA,NA,HORVU.MOREX.r3.2HG0111790,HORVU.MOREX.r3.2HG0111790:0.0014822,NA,NA
230405at33090,2,Zm00001eb015890;Zm00001eb330760;Zm00001eb338910,Zm00001eb015890:0.00181942;Zm00001eb330760:0.00208468;Zm00001eb338910:0.00131824,NA,NA,NA,NA,HORVU.MOREX.r3.2HG0111790,HORVU.MOREX.r3.2HG0111790:0.0014822,NA,NA
231361at3193,2,Zm00001eb373090,Zm00001eb373090:0.000673961,NA,NA,NA,NA,HORVU.MOREX.r3.7HG0664050,HORVU.MOREX.r3.7HG0664050:0.00028443,NA,NA
232206at3193,2,Zm00001eb140270,Zm00001eb140270:0.000561153,NA,NA,NA,NA,NA,NA,AT1G43560,AT1G43560:0.00243586
23350at38820,2,Zm00001eb260050,Zm00001eb260050:0.00310741,NA,NA,NA,NA,HORVU.MOREX.r3.7HG0706740,HORVU.MOREX.r3.7HG0706740:0.000958839,NA,NA
23350at4447,2,Zm00001eb260050,Zm00001eb260050:0.00310741,NA,NA,NA,NA,HORVU.MOREX.r3.7HG0706740,HORVU.MOREX.r3.7HG0706740:0.000958839,NA,NA
234279at3193,2,Zm00001eb137310,Zm00001eb137310:0.00279538,NA,NA,NA,NA,HORVU.MOREX.r3.3HG0233880,HORVU.MOREX.r3.3HG0233880:0.00263194,NA,NA
235323at2759,2,Zm00001eb162210;Zm00001eb356840,Zm00001eb162210:0.00364514;Zm00001eb356840:0.00175721,NA,NA,NA,NA,NA,NA,AT4G32940,AT4G32940:0.00110909
236291at2759,2,NA,NA,NA,NA,LOC_Os05g04960,LOC_Os05g04960:0.000820862,NA,NA,AT5G04000,AT5G04000:0.00214866
236291at3193,2,NA,NA,NA,NA,LOC_Os05g04960,LOC_Os05g04960:0.000820862,NA,NA,AT5G04000,AT5G04000:0.00214866
236291at33090,2,NA,NA,NA,NA,LOC_Os05g04960,LOC_Os05g04960:0.000820862,NA,NA,AT5G04000,AT5G04000:0.00214866
236649at3193,2,NA,NA,SORBI_3003G344200,SORBI_3003G344200:3.40388e-10,NA,NA,NA,NA,AT3G55990,AT3G55990:0.00118714
236649at33090,2,NA,NA,SORBI_3003G344200,SORBI_3003G344200:3.40388e-10,NA,NA,NA,NA,AT3G55990,AT3G55990:0.00118714
238517at3193,2,NA,NA,SORBI_3002G388400,SORBI_3002G388400:0.000121526,LOC_Os01g09730,LOC_Os01g09730:0.00215371,NA,NA,NA,NA
241407at2759,2,NA,NA,SORBI_3010G233000,SORBI_3010G233000:4.06341e-09,NA,NA,HORVU.MOREX.r3.7HG0732480,HORVU.MOREX.r3.7HG0732480:0.00288155,NA,NA
241407at3193,2,NA,NA,SORBI_3010G233000,SORBI_3010G233000:4.06341e-09,NA,NA,HORVU.MOREX.r3.7HG0732480,HORVU.MOREX.r3.7HG0732480:0.00288155,NA,NA
241407at33090,2,NA,NA,SORBI_3010G233000,SORBI_3010G233000:4.06341e-09,NA,NA,HORVU.MOREX.r3.7HG0732480,HORVU.MOREX.r3.7HG0732480:0.00288155,NA,NA
241976at2759,2,Zm00001eb243450,Zm00001eb243450:0.0039302,NA,NA,NA,NA,HORVU.MOREX.r3.6HG0622140,HORVU.MOREX.r3.6HG0622140:0.000298605,NA,NA
241976at3193,2,Zm00001eb243450,Zm00001eb243450:0.0039302,NA,NA,NA,NA,HORVU.MOREX.r3.6HG0622140,HORVU.MOREX.r3.6HG0622140:0.000298605,NA,NA
241976at33090,2,Zm00001eb243450,Zm00001eb243450:0.0039302,NA,NA,NA,NA,HORVU.MOREX.r3.6HG0622140,HORVU.MOREX.r3.6HG0622140:0.000298605,NA,NA
241978at3193,2,Zm00001eb012070,Zm00001eb012070:0.00445007,NA,NA,NA,NA,HORVU.MOREX.r3.6HG0604280,HORVU.MOREX.r3.6HG0604280:0.00028866,NA,NA
241978at33090,2,Zm00001eb012070,Zm00001eb012070:0.00445007,NA,NA,NA,NA,HORVU.MOREX.r3.6HG0604280,HORVU.MOREX.r3.6HG0604280:0.00028866,NA,NA
24229at38820,2,Zm00001eb140910,Zm00001eb140910:0.00325626,SORBI_3003G427500,SORBI_3003G427500:4.42912e-10,NA,NA,NA,NA,NA,NA
24229at4447,2,Zm00001eb140910,Zm00001eb140910:0.00325626,SORBI_3003G427500,SORBI_3003G427500:4.42912e-10,NA,NA,NA,NA,NA,NA
24266at38820,2,Zm00001eb213930;Zm00001eb299200,Zm00001eb213930:0.000119307;Zm00001eb299200:0.00278275,SORBI_3001G076700,SORBI_3001G076700:1.75935e-07,NA,NA,NA,NA,NA,NA
24266at4447,2,Zm00001eb213930;Zm00001eb299200,Zm00001eb213930:0.000119307;Zm00001eb299200:0.00278275,SORBI_3001G076700,SORBI_3001G076700:1.75935e-07,NA,NA,NA,NA,NA,NA
244225at2759,2,Zm00001eb405040,Zm00001eb405040:0.00345282,SORBI_3005G030100,SORBI_3005G030100:4.36621e-05,NA,NA,NA,NA,NA,NA
244225at3193,2,Zm00001eb405040,Zm00001eb405040:0.00345282,SORBI_3005G030100,SORBI_3005G030100:4.36621e-05,NA,NA,NA,NA,NA,NA
244225at33090,2,Zm00001eb405040,Zm00001eb405040:0.00345282,SORBI_3005G030100,SORBI_3005G030100:4.36621e-05,NA,NA,NA,NA,NA,NA
2467431at2759,2,Zm00001eb002570;Zm00001eb233720,Zm00001eb002570:0.00255102;Zm00001eb233720:0.00419949,NA,NA,NA,NA,HORVU.MOREX.r3.4HG0341970,HORVU.MOREX.r3.4HG0341970:0.000627065,NA,NA
249377at2759,2,NA,NA,NA,NA,NA,NA,HORVU.MOREX.r3.4HG0403130,HORVU.MOREX.r3.4HG0403130:0.000110853,AT2G44280,AT2G44280:0.00169204
249377at3193,2,NA,NA,NA,NA,NA,NA,HORVU.MOREX.r3.4HG0403130,HORVU.MOREX.r3.4HG0403130:0.000110853,AT2G44280,AT2G44280:0.00169204
249377at33090,2,NA,NA,NA,NA,NA,NA,HORVU.MOREX.r3.4HG0403130,HORVU.MOREX.r3.4HG0403130:0.000110853,AT2G44280,AT2G44280:0.00169204
249883at2759,2,Zm00001eb048020,Zm00001eb048020:0.0040254,NA,NA,NA,NA,HORVU.MOREX.r3.7HG0751250,HORVU.MOREX.r3.7HG0751250:1.76441e-05,NA,NA
249883at3193,2,Zm00001eb048020,Zm00001eb048020:0.0040254,NA,NA,NA,NA,HORVU.MOREX.r3.7HG0751250,HORVU.MOREX.r3.7HG0751250:1.76441e-05,NA,NA
249883at33090,2,Zm00001eb048020,Zm00001eb048020:0.0040254,NA,NA,NA,NA,HORVU.MOREX.r3.7HG0751250,HORVU.MOREX.r3.7HG0751250:1.76441e-05,NA,NA
25154at38820,2,Zm00001eb212400,Zm00001eb212400:0.00170799,NA,NA,NA,NA,HORVU.MOREX.r3.5HG0523150,HORVU.MOREX.r3.5HG0523150:0.00165472,NA,NA
25154at4447,2,Zm00001eb212400,Zm00001eb212400:0.00170799,NA,NA,NA,NA,HORVU.MOREX.r3.5HG0523150,HORVU.MOREX.r3.5HG0523150:0.00165472,NA,NA
2547374at2759,2,Zm00001eb208540;Zm00001eb290330,Zm00001eb208540:0.00193173;Zm00001eb290330:0.000102904,NA,NA,NA,NA,NA,NA,AT2G21250;AT2G21260,AT2G21250:0.00212283;AT2G21260:4.05462e-05
2550at38820,2,Zm00001eb061480;Zm00001eb061490,Zm00001eb061480:0.000826143;Zm00001eb061490:0.000826143,NA,NA,NA,NA,HORVU.MOREX.r3.2HG0177820,HORVU.MOREX.r3.2HG0177820:0.00188349,NA,NA
2550at4447,2,Zm00001eb061480;Zm00001eb061490,Zm00001eb061480:0.000826143;Zm00001eb061490:0.000826143,NA,NA,NA,NA,HORVU.MOREX.r3.2HG0177820,HORVU.MOREX.r3.2HG0177820:0.00188349,NA,NA
25695at38820,2,Zm00001eb061550,Zm00001eb061550:0.00235671,SORBI_3001G047900,SORBI_3001G047900:1.94366e-05,NA,NA,NA,NA,NA,NA
25695at4447,2,Zm00001eb061550,Zm00001eb061550:0.00235671,SORBI_3001G047900,SORBI_3001G047900:1.94366e-05,NA,NA,NA,NA,NA,NA
25778at38820,2,Zm00001eb368990,Zm00001eb368990:0.000371986,NA,NA,NA,NA,HORVU.MOREX.r3.3HG0297100,HORVU.MOREX.r3.3HG0297100:0.00261929,NA,NA
25778at4447,2,Zm00001eb368990,Zm00001eb368990:0.000371986,NA,NA,NA,NA,HORVU.MOREX.r3.3HG0297100,HORVU.MOREX.r3.3HG0297100:0.00261929,NA,NA
259965at2759,2,Zm00001eb057230;Zm00001eb057250,Zm00001eb057230:0.00259826;Zm00001eb057250:0.00259826,NA,NA,NA,NA,HORVU.MOREX.r3.5HG0510590;HORVU.MOREX.r3.5HG0510640,HORVU.MOREX.r3.5HG0510590:0.00206094;HORVU.MOREX.r3.5HG0510640:0.000804153,NA,NA
259965at33090,2,Zm00001eb057230;Zm00001eb057250,Zm00001eb057230:0.00259826;Zm00001eb057250:0.00259826,NA,NA,NA,NA,HORVU.MOREX.r3.5HG0510590;HORVU.MOREX.r3.5HG0510640,HORVU.MOREX.r3.5HG0510590:0.00206094;HORVU.MOREX.r3.5HG0510640:0.000804153,NA,NA
261585at3193,2,Zm00001eb057200,Zm00001eb057200:0.000450347,NA,NA,NA,NA,NA,NA,AT4G16440,AT4G16440:0.00266194
261585at33090,2,Zm00001eb057200,Zm00001eb057200:0.000450347,NA,NA,NA,NA,NA,NA,AT4G16440,AT4G16440:0.00266194
262399at3193,2,Zm00001eb332790,Zm00001eb332790:0.00262017,NA,NA,NA,NA,NA,NA,AT1G77940,AT1G77940:0.000269723
263067at33090,2,Zm00001eb394400,Zm00001eb394400:0.00222831,NA,NA,NA,NA,NA,NA,AT2G31570,AT2G31570:0.00248923
263181at3193,2,Zm00001eb432950,Zm00001eb432950:0.00437039,NA,NA,NA,NA,NA,NA,AT1G19880,AT1G19880:0.00187322
263181at33090,2,Zm00001eb432950,Zm00001eb432950:0.00437039,NA,NA,NA,NA,NA,NA,AT1G19880,AT1G19880:0.00187322
263746at2759,2,Zm00001eb014150,Zm00001eb014150:0.000209438,SORBI_3001G399400,SORBI_3001G399400:2.9157e-06,NA,NA,NA,NA,NA,NA
263746at3193,2,Zm00001eb014150,Zm00001eb014150:0.000209438,SORBI_3001G399400,SORBI_3001G399400:2.9157e-06,NA,NA,NA,NA,NA,NA
263746at33090,2,Zm00001eb014150,Zm00001eb014150:0.000209438,SORBI_3001G399400,SORBI_3001G399400:2.9157e-06,NA,NA,NA,NA,NA,NA
2646123at2759,2,Zm00001eb012070,Zm00001eb012070:0.00445007,NA,NA,NA,NA,HORVU.MOREX.r3.6HG0604280,HORVU.MOREX.r3.6HG0604280:0.00028866,NA,NA
265119at2759,2,Zm00001eb260090,Zm00001eb260090:0.00310741,NA,NA,NA,NA,NA,NA,AT1G09157,AT1G09157:0.00190549
265119at3193,2,Zm00001eb260090,Zm00001eb260090:0.00310741,NA,NA,NA,NA,NA,NA,AT1G09157,AT1G09157:0.00190549
265119at33090,2,Zm00001eb260090,Zm00001eb260090:0.00310741,NA,NA,NA,NA,NA,NA,AT1G09157,AT1G09157:0.00190549
265151at3193,2,Zm00001eb244170,Zm00001eb244170:0.00229625,NA,NA,NA,NA,NA,NA,AT2G02390,AT2G02390:0.000493324
26568at38820,2,Zm00001eb057500,Zm00001eb057500:0.00404676,NA,NA,NA,NA,HORVU.MOREX.r3.5HG0511110,HORVU.MOREX.r3.5HG0511110:0.000400078,NA,NA
26568at4447,2,Zm00001eb057500,Zm00001eb057500:0.00404676,NA,NA,NA,NA,HORVU.MOREX.r3.5HG0511110,HORVU.MOREX.r3.5HG0511110:0.000400078,NA,NA
268694at2759,2,NA,NA,NA,NA,NA,NA,HORVU.MOREX.r3.6HG0610720,HORVU.MOREX.r3.6HG0610720:0.00136256,AT1G78070,AT1G78070:0.000591229
268694at33090,2,NA,NA,NA,NA,NA,NA,HORVU.MOREX.r3.6HG0610720,HORVU.MOREX.r3.6HG0610720:0.00136256,AT1G78070,AT1G78070:0.000591229
2690913at2759,2,Zm00001eb164580;Zm00001eb321890,Zm00001eb164580:0.00382067;Zm00001eb321890:0.00392336,NA,NA,LOC_Os04g05080,LOC_Os04g05080:0.00194134,NA,NA,NA,NA
27001at38820,2,Zm00001eb269490,Zm00001eb269490:0.00442812,NA,NA,NA,NA,HORVU.MOREX.r3.7HG0643200,HORVU.MOREX.r3.7HG0643200:6.95424e-07,NA,NA
27001at4447,2,Zm00001eb269490,Zm00001eb269490:0.00442812,NA,NA,NA,NA,HORVU.MOREX.r3.7HG0643200,HORVU.MOREX.r3.7HG0643200:6.95424e-07,NA,NA
27101at4447,2,Zm00001eb399460,Zm00001eb399460:0.000953658,NA,NA,NA,NA,HORVU.MOREX.r3.3HG0286830,HORVU.MOREX.r3.3HG0286830:0.000964125,NA,NA
27276at38820,2,Zm00001eb373960,Zm00001eb373960:1.34997e-05,NA,NA,NA,NA,HORVU.MOREX.r3.6HG0620920,HORVU.MOREX.r3.6HG0620920:0.00194271,NA,NA
27276at4447,2,Zm00001eb373960,Zm00001eb373960:1.34997e-05,NA,NA,NA,NA,HORVU.MOREX.r3.6HG0620920,HORVU.MOREX.r3.6HG0620920:0.00194271,NA,NA
2732284at2759,2,Zm00001eb433650,Zm00001eb433650:0.0045964,NA,NA,NA,NA,NA,NA,AT5G19690,AT5G19690:0.00181829
273255at33090,2,Zm00001eb291850,Zm00001eb291850:0.00182543,NA,NA,LOC_Os01g07870,LOC_Os01g07870:0.000377989,NA,NA,NA,NA
27343at38820,2,Zm00001eb102550;Zm00001eb317910,Zm00001eb102550:0.00324625;Zm00001eb317910:0.000222624,NA,NA,NA,NA,HORVU.MOREX.r3.5HG0494840,HORVU.MOREX.r3.5HG0494840:0.00223712,NA,NA
27343at4447,2,Zm00001eb102550;Zm00001eb317910,Zm00001eb102550:0.00324625;Zm00001eb317910:0.000222624,NA,NA,NA,NA,HORVU.MOREX.r3.5HG0494840,HORVU.MOREX.r3.5HG0494840:0.00223712,NA,NA
273605at2759,2,Zm00001eb304060;Zm00001eb304070,Zm00001eb304060:0.00345913;Zm00001eb304070:0.00345913,NA,NA,NA,NA,HORVU.MOREX.r3.3HG0324480,HORVU.MOREX.r3.3HG0324480:0.00139918,NA,NA
273605at3193,2,Zm00001eb304060;Zm00001eb304070,Zm00001eb304060:0.00345913;Zm00001eb304070:0.00345913,NA,NA,NA,NA,HORVU.MOREX.r3.3HG0324480,HORVU.MOREX.r3.3HG0324480:0.00139918,NA,NA
273605at33090,2,Zm00001eb304060;Zm00001eb304070,Zm00001eb304060:0.00345913;Zm00001eb304070:0.00345913,NA,NA,NA,NA,HORVU.MOREX.r3.3HG0324480,HORVU.MOREX.r3.3HG0324480:0.00139918,NA,NA
2747976at2759,2,Zm00001eb330750,Zm00001eb330750:0.00208468,NA,NA,NA,NA,HORVU.MOREX.r3.2HG0111800,HORVU.MOREX.r3.2HG0111800:0.0014822,NA,NA
27693at38820,2,Zm00001eb432440,Zm00001eb432440:0.00303097,SORBI_3006G245800,SORBI_3006G245800:1.15432e-05,NA,NA,NA,NA,NA,NA
27693at4447,2,Zm00001eb432440,Zm00001eb432440:0.00303097,SORBI_3006G245800,SORBI_3006G245800:1.15432e-05,NA,NA,NA,NA,NA,NA
279068at3193,2,Zm00001eb103570;Zm00001eb319760,Zm00001eb103570:0.000631707;Zm00001eb319760:0.000759287,NA,NA,NA,NA,NA,NA,AT2G41630,AT2G41630:0.000920203
281100at3193,2,Zm00001eb296120,Zm00001eb296120:0.00044958,NA,NA,NA,NA,HORVU.MOREX.r3.1HG0018190,HORVU.MOREX.r3.1HG0018190:0.00127514,NA,NA
284688at2759,2,Zm00001eb364620,Zm00001eb364620:0.00238577,NA,NA,NA,NA,NA,NA,AT5G20280,AT5G20280:0.00237514
284688at33090,2,Zm00001eb364620,Zm00001eb364620:0.00238577,NA,NA,NA,NA,NA,NA,AT5G20280,AT5G20280:0.00237514
28503at38820,2,Zm00001eb208100,Zm00001eb208100:0.000322983,SORBI_3004G038000,SORBI_3004G038000:1.55242e-07,NA,NA,NA,NA,NA,NA
28503at4447,2,Zm00001eb208100,Zm00001eb208100:0.000322983,SORBI_3004G038000,SORBI_3004G038000:1.55242e-07,NA,NA,NA,NA,NA,NA
28581at4447,2,NA,NA,SORBI_3001G333400,SORBI_3001G333400:5.51172e-05,NA,NA,HORVU.MOREX.r3.7HG0651300,HORVU.MOREX.r3.7HG0651300:0.000124395,NA,NA
28593at38820,2,Zm00001eb218320,Zm00001eb218320:0.00142061,NA,NA,NA,NA,HORVU.MOREX.r3.4HG0333100,HORVU.MOREX.r3.4HG0333100:0.000825117,NA,NA
28593at4447,2,Zm00001eb218320,Zm00001eb218320:0.00142061,NA,NA,NA,NA,HORVU.MOREX.r3.4HG0333100,HORVU.MOREX.r3.4HG0333100:0.000825117,NA,NA
28620at38820,2,Zm00001eb331410,Zm00001eb331410:0.0041207,SORBI_3001G399300,SORBI_3001G399300:2.9157e-06,NA,NA,NA,NA,NA,NA
28620at4447,2,Zm00001eb331410,Zm00001eb331410:0.0041207,SORBI_3001G399300,SORBI_3001G399300:2.9157e-06,NA,NA,NA,NA,NA,NA
287518at3193,2,Zm00001eb115940;Zm00001eb122340,Zm00001eb115940:0.00156652;Zm00001eb122340:0.000124067,SORBI_3001G399200,SORBI_3001G399200:2.9157e-06,NA,NA,NA,NA,NA,NA
287849at3193,2,Zm00001eb151480,Zm00001eb151480:0.00272841,NA,NA,NA,NA,NA,NA,AT2G20840,AT2G20840:0.000135284
289694at3193,2,Zm00001eb128250,Zm00001eb128250:0.000338374,NA,NA,NA,NA,NA,NA,AT1G74470,AT1G74470:0.00046947
289694at33090,2,Zm00001eb128250,Zm00001eb128250:0.000338374,NA,NA,NA,NA,NA,NA,AT1G74470,AT1G74470:0.00046947
290209at2759,2,Zm00001eb160640,Zm00001eb160640:0.00435772,NA,NA,NA,NA,NA,NA,AT5G67500,AT5G67500:0.0013219
290209at33090,2,Zm00001eb160640,Zm00001eb160640:0.00435772,NA,NA,NA,NA,NA,NA,AT5G67500,AT5G67500:0.0013219
29144at38820,2,Zm00001eb071020;Zm00001eb430740,Zm00001eb071020:0.000786451;Zm00001eb430740:0.000952313,SORBI_3010G229600,SORBI_3010G229600:5.36375e-05,NA,NA,NA,NA,NA,NA
29144at4447,2,Zm00001eb071020;Zm00001eb430740,Zm00001eb071020:0.000786451;Zm00001eb430740:0.000952313,SORBI_3010G229600,SORBI_3010G229600:5.36375e-05,NA,NA,NA,NA,NA,NA
292389at2759,2,Zm00001eb053500;Zm00001eb103470,Zm00001eb053500:0.000342776;Zm00001eb103470:0.00220077,NA,NA,NA,NA,NA,NA,AT3G61130,AT3G61130:0.000832992
292389at3193,2,Zm00001eb053500;Zm00001eb103470,Zm00001eb053500:0.000342776;Zm00001eb103470:0.00220077,NA,NA,NA,NA,NA,NA,AT3G61130,AT3G61130:0.000832992
292389at33090,2,Zm00001eb053500;Zm00001eb103470,Zm00001eb053500:0.000342776;Zm00001eb103470:0.00220077,NA,NA,NA,NA,NA,NA,AT3G61130,AT3G61130:0.000832992
292737at2759,2,Zm00001eb225720,Zm00001eb225720:0.00132462,NA,NA,LOC_Os06g06870,LOC_Os06g06870:0.00208892,NA,NA,NA,NA
292737at3193,2,Zm00001eb225720,Zm00001eb225720:0.00132462,NA,NA,LOC_Os06g06870,LOC_Os06g06870:0.00208892,NA,NA,NA,NA
292737at33090,2,Zm00001eb225720,Zm00001eb225720:0.00132462,NA,NA,LOC_Os06g06870,LOC_Os06g06870:0.00208892,NA,NA,NA,NA
29351at2759,2,NA,NA,SORBI_3007G092600,SORBI_3007G092600:1.02107e-06,NA,NA,HORVU.MOREX.r3.6HG0623070,HORVU.MOREX.r3.6HG0623070:0.00142167,NA,NA
29351at3193,2,NA,NA,SORBI_3007G092600,SORBI_3007G092600:1.02107e-06,NA,NA,HORVU.MOREX.r3.6HG0623070,HORVU.MOREX.r3.6HG0623070:0.00142167,NA,NA
29351at33090,2,NA,NA,SORBI_3007G092600,SORBI_3007G092600:1.02107e-06,NA,NA,HORVU.MOREX.r3.6HG0623070,HORVU.MOREX.r3.6HG0623070:0.00142167,NA,NA
294132at2759,2,Zm00001eb196650,Zm00001eb196650:0.00390722,NA,NA,NA,NA,NA,NA,AT5G63680,AT5G63680:0.000342246
294520at3193,2,Zm00001eb397170,Zm00001eb397170:7.33571e-05,NA,NA,NA,NA,NA,NA,AT5G22630,AT5G22630:0.00228251
294739at2759,2,NA,NA,NA,NA,NA,NA,HORVU.MOREX.r3.2HG0213160,HORVU.MOREX.r3.2HG0213160:0.00101588,AT1G04985,AT1G04985:0.00164572
294739at3193,2,NA,NA,NA,NA,NA,NA,HORVU.MOREX.r3.2HG0213160,HORVU.MOREX.r3.2HG0213160:0.00101588,AT1G04985,AT1G04985:0.00164572
294739at33090,2,NA,NA,NA,NA,NA,NA,HORVU.MOREX.r3.2HG0213160,HORVU.MOREX.r3.2HG0213160:0.00101588,AT1G04985,AT1G04985:0.00164572
30111at38820,2,NA,NA,NA,NA,LOC_Os06g06970,LOC_Os06g06970:0.000570818,HORVU.MOREX.r3.7HG0728750,HORVU.MOREX.r3.7HG0728750:0.00123709,NA,NA
30111at4447,2,NA,NA,NA,NA,LOC_Os06g06970,LOC_Os06g06970:0.000570818,HORVU.MOREX.r3.7HG0728750,HORVU.MOREX.r3.7HG0728750:0.00123709,NA,NA
301827at2759,2,Zm00001eb186090,Zm00001eb186090:0.00079186,SORBI_3004G247300,SORBI_3004G247300:3.48137e-05,NA,NA,NA,NA,NA,NA
301827at3193,2,Zm00001eb186090,Zm00001eb186090:0.00079186,SORBI_3004G247300,SORBI_3004G247300:3.48137e-05,NA,NA,NA,NA,NA,NA
301827at33090,2,Zm00001eb186090,Zm00001eb186090:0.00079186,SORBI_3004G247300,SORBI_3004G247300:3.48137e-05,NA,NA,NA,NA,NA,NA
301834at33090,2,Zm00001eb100420,Zm00001eb100420:0.00281968,NA,NA,NA,NA,HORVU.MOREX.r3.1HG0095080,HORVU.MOREX.r3.1HG0095080:0.00104246,NA,NA
302469at3193,2,NA,NA,NA,NA,NA,NA,HORVU.MOREX.r3.4HG0332230,HORVU.MOREX.r3.4HG0332230:0.00218561,AT3G44530,AT3G44530:0.00232358
3032at38820,2,Zm00001eb257310,Zm00001eb257310:0.0043912,NA,NA,NA,NA,HORVU.MOREX.r3.6HG0622130,HORVU.MOREX.r3.6HG0622130:0.000298605,NA,NA
3032at4447,2,Zm00001eb257310,Zm00001eb257310:0.0043912,NA,NA,NA,NA,HORVU.MOREX.r3.6HG0622130,HORVU.MOREX.r3.6HG0622130:0.000298605,NA,NA
303819at3193,2,Zm00001eb291170;Zm00001eb372690,Zm00001eb291170:0.00190013;Zm00001eb372690:0.00132005,NA,NA,NA,NA,HORVU.MOREX.r3.4HG0401950,HORVU.MOREX.r3.4HG0401950:0.000659688,NA,NA
304797at3193,2,Zm00001eb433650,Zm00001eb433650:0.0045964,NA,NA,NA,NA,NA,NA,AT5G19690,AT5G19690:0.00181829
3051664at2759,2,Zm00001eb296120,Zm00001eb296120:0.00044958,NA,NA,NA,NA,HORVU.MOREX.r3.1HG0018190,HORVU.MOREX.r3.1HG0018190:0.00127514,NA,NA
306346at2759,2,Zm00001eb093140,Zm00001eb093140:0.0042834,SORBI_3005G030400,SORBI_3005G030400:4.36621e-05,NA,NA,NA,NA,NA,NA
306346at3193,2,Zm00001eb093140,Zm00001eb093140:0.0042834,SORBI_3005G030400,SORBI_3005G030400:4.36621e-05,NA,NA,NA,NA,NA,NA
306346at33090,2,Zm00001eb093140,Zm00001eb093140:0.0042834,SORBI_3005G030400,SORBI_3005G030400:4.36621e-05,NA,NA,NA,NA,NA,NA
308103at3193,2,Zm00001eb303240,Zm00001eb303240:0.00080333,NA,NA,NA,NA,HORVU.MOREX.r3.5HG0523110,HORVU.MOREX.r3.5HG0523110:0.000193195,NA,NA
308103at33090,2,Zm00001eb303240,Zm00001eb303240:0.00080333,NA,NA,NA,NA,HORVU.MOREX.r3.5HG0523110,HORVU.MOREX.r3.5HG0523110:0.000193195,NA,NA
30812at38820,2,Zm00001eb147630,Zm00001eb147630:0.00282314,SORBI_3003G360200,SORBI_3003G360200:4.35547e-09,NA,NA,NA,NA,NA,NA
30812at4447,2,Zm00001eb147630,Zm00001eb147630:0.00282314,SORBI_3003G360200,SORBI_3003G360200:4.35547e-09,NA,NA,NA,NA,NA,NA
308151at2759,2,Zm00001eb043950,Zm00001eb043950:0.00112307,NA,NA,NA,NA,NA,NA,AT5G58960,AT5G58960:0.000665052
308151at3193,2,Zm00001eb043950,Zm00001eb043950:0.00112307,NA,NA,NA,NA,NA,NA,AT5G58960,AT5G58960:0.000665052
308151at33090,2,Zm00001eb043950,Zm00001eb043950:0.00112307,NA,NA,NA,NA,NA,NA,AT5G58960,AT5G58960:0.000665052
308984at33090,2,Zm00001eb208540;Zm00001eb290330,Zm00001eb208540:0.00193173;Zm00001eb290330:0.000102904,NA,NA,NA,NA,NA,NA,AT2G21250;AT2G21260,AT2G21250:0.00212283;AT2G21260:4.05462e-05
3103at38820,2,Zm00001eb190340,Zm00001eb190340:0.00251109,SORBI_3004G247000,SORBI_3004G247000:3.48137e-05,NA,NA,NA,NA,NA,NA
3103at4447,2,Zm00001eb190340,Zm00001eb190340:0.00251109,SORBI_3004G247000,SORBI_3004G247000:3.48137e-05,NA,NA,NA,NA,NA,NA
310803at2759,2,Zm00001eb022950,Zm00001eb022950:0.00118609,NA,NA,NA,NA,HORVU.MOREX.r3.6HG0631600,HORVU.MOREX.r3.6HG0631600:0.00229604,NA,NA
310803at3193,2,Zm00001eb022950,Zm00001eb022950:0.00118609,NA,NA,NA,NA,HORVU.MOREX.r3.6HG0631600,HORVU.MOREX.r3.6HG0631600:0.00229604,NA,NA
310803at33090,2,Zm00001eb022950,Zm00001eb022950:0.00118609,NA,NA,NA,NA,HORVU.MOREX.r3.6HG0631600,HORVU.MOREX.r3.6HG0631600:0.00229604,NA,NA
31377at38820,2,Zm00001eb191530,Zm00001eb191530:0.00037218,NA,NA,NA,NA,HORVU.MOREX.r3.6HG0628830,HORVU.MOREX.r3.6HG0628830:7.1548e-05,NA,NA
31377at4447,2,Zm00001eb191530,Zm00001eb191530:0.00037218,NA,NA,NA,NA,HORVU.MOREX.r3.6HG0628830,HORVU.MOREX.r3.6HG0628830:7.1548e-05,NA,NA
31524at38820,2,Zm00001eb241670,Zm00001eb241670:0.000127121,NA,NA,NA,NA,HORVU.MOREX.r3.5HG0519580,HORVU.MOREX.r3.5HG0519580:0.00248725,NA,NA
31524at4447,2,Zm00001eb241670,Zm00001eb241670:0.000127121,NA,NA,NA,NA,HORVU.MOREX.r3.5HG0519580,HORVU.MOREX.r3.5HG0519580:0.00248725,NA,NA
31699at38820,2,Zm00001eb389680,Zm00001eb389680:0.00215617,SORBI_3010G219100,SORBI_3010G219100:4.82697e-07,NA,NA,NA,NA,NA,NA
31699at4447,2,Zm00001eb389680,Zm00001eb389680:0.00215617,SORBI_3010G219100,SORBI_3010G219100:4.82697e-07,NA,NA,NA,NA,NA,NA
31851at38820,2,Zm00001eb147650;Zm00001eb347850,Zm00001eb147650:0.00221767;Zm00001eb347850:0.00125089,NA,NA,LOC_Os01g08540,LOC_Os01g08540:0.00206671,NA,NA,NA,NA
31851at4447,2,Zm00001eb147650;Zm00001eb347850,Zm00001eb147650:0.00221767;Zm00001eb347850:0.00125089,NA,NA,LOC_Os01g08540,LOC_Os01g08540:0.00206671,NA,NA,NA,NA
32285at4447,2,Zm00001eb331520,Zm00001eb331520:0.0044475,SORBI_3005G004400,SORBI_3005G004400:6.86274e-05,NA,NA,NA,NA,NA,NA
32335at4447,2,Zm00001eb362860,Zm00001eb362860:0.000560177,SORBI_3003G427600,SORBI_3003G427600:4.42912e-10,NA,NA,NA,NA,NA,NA
3236242at2759,2,Zm00001eb363130,Zm00001eb363130:0.00349968,NA,NA,NA,NA,HORVU.MOREX.r3.3HG0319800,HORVU.MOREX.r3.3HG0319800:8.07627e-05,NA,NA
324745at2759,2,Zm00001eb116380;Zm00001eb259330;Zm00001eb291180,Zm00001eb116380:0.00070764;Zm00001eb259330:0.000840431;Zm00001eb291180:0.00190013,NA,NA,NA,NA,NA,NA,AT2G17720,AT2G17720:0.00065258
32489at38820,2,Zm00001eb389710,Zm00001eb389710:0.00215617,SORBI_3010G219600,SORBI_3010G219600:4.82697e-07,NA,NA,NA,NA,NA,NA
32489at4447,2,Zm00001eb389710,Zm00001eb389710:0.00215617,SORBI_3010G219600,SORBI_3010G219600:4.82697e-07,NA,NA,NA,NA,NA,NA
327813at2759,2,Zm00001eb371580;Zm00001eb426360,Zm00001eb371580:0.000501399;Zm00001eb426360:5.54756e-05,NA,NA,NA,NA,NA,NA,AT1G23240,AT1G23240:0.00152225
327813at3193,2,Zm00001eb371580,Zm00001eb371580:0.000501399,NA,NA,NA,NA,NA,NA,AT1G23240,AT1G23240:0.00152225
327813at33090,2,Zm00001eb371580;Zm00001eb426360,Zm00001eb371580:0.000501399;Zm00001eb426360:5.54756e-05,NA,NA,NA,NA,NA,NA,AT1G23240,AT1G23240:0.00152225
3286406at2759,2,Zm00001eb297320,Zm00001eb297320:0.00423659,NA,NA,NA,NA,HORVU.MOREX.r3.1HG0094520,HORVU.MOREX.r3.1HG0094520:0.000297767,NA,NA
333893at2759,2,Zm00001eb273800,Zm00001eb273800:0.00108984,SORBI_3010G229300,SORBI_3010G229300:5.36375e-05,NA,NA,NA,NA,NA,NA
333893at3193,2,Zm00001eb273800,Zm00001eb273800:0.00108984,SORBI_3010G229300,SORBI_3010G229300:5.36375e-05,NA,NA,NA,NA,NA,NA
333893at33090,2,Zm00001eb273800,Zm00001eb273800:0.00108984,SORBI_3010G229300,SORBI_3010G229300:5.36375e-05,NA,NA,NA,NA,NA,NA
33915at2759,2,NA,NA,NA,NA,NA,NA,HORVU.MOREX.r3.2HG0156870,HORVU.MOREX.r3.2HG0156870:0.00194817,AT1G69120,AT1G69120:0.00108443
33915at3193,2,NA,NA,NA,NA,NA,NA,HORVU.MOREX.r3.2HG0156870,HORVU.MOREX.r3.2HG0156870:0.00194817,AT1G69120,AT1G69120:0.00108443
33915at33090,2,NA,NA,NA,NA,NA,NA,HORVU.MOREX.r3.2HG0156870,HORVU.MOREX.r3.2HG0156870:0.00194817,AT1G69120,AT1G69120:0.00108443
34079at38820,2,NA,NA,SORBI_3003G427700;SORBI_3003G427800,SORBI_3003G427700:4.42912e-10;SORBI_3003G427800:4.42912e-10,LOC_Os01g09520,LOC_Os01g09520:0.000524971,NA,NA,NA,NA
34079at4447,2,NA,NA,SORBI_3003G427700;SORBI_3003G427800,SORBI_3003G427700:4.42912e-10;SORBI_3003G427800:4.42912e-10,LOC_Os01g09520,LOC_Os01g09520:0.000524971,NA,NA,NA,NA
342363at2759,2,NA,NA,NA,NA,NA,NA,HORVU.MOREX.r3.4HG0332220,HORVU.MOREX.r3.4HG0332220:0.00218561,AT5G03610,AT5G03610:1.22654e-06
342363at3193,2,NA,NA,NA,NA,NA,NA,HORVU.MOREX.r3.4HG0332220,HORVU.MOREX.r3.4HG0332220:0.00218561,AT5G03610,AT5G03610:1.22654e-06
342363at33090,2,NA,NA,NA,NA,NA,NA,HORVU.MOREX.r3.4HG0332220,HORVU.MOREX.r3.4HG0332220:0.00218561,AT5G03610,AT5G03610:1.22654e-06
342937at33090,2,Zm00001eb402540,Zm00001eb402540:0.000824493,NA,NA,NA,NA,NA,NA,AT2G17190,AT2G17190:0.00103241
343587at2759,2,Zm00001eb119400,Zm00001eb119400:0.00344374,NA,NA,NA,NA,NA,NA,AT4G34440,AT4G34440:0.000153288
343587at3193,2,Zm00001eb119400,Zm00001eb119400:0.00344374,NA,NA,NA,NA,NA,NA,AT4G34440,AT4G34440:0.000153288
343587at33090,2,Zm00001eb119400,Zm00001eb119400:0.00344374,NA,NA,NA,NA,NA,NA,AT4G34440,AT4G34440:0.000153288
343889at2759,2,Zm00001eb011960,Zm00001eb011960:0.00268415,NA,NA,NA,NA,HORVU.MOREX.r3.4HG0389240,HORVU.MOREX.r3.4HG0389240:0.000850603,NA,NA
343889at3193,2,Zm00001eb011960,Zm00001eb011960:0.00268415,NA,NA,NA,NA,HORVU.MOREX.r3.4HG0389240,HORVU.MOREX.r3.4HG0389240:0.000850603,NA,NA
343889at33090,2,Zm00001eb011960,Zm00001eb011960:0.00268415,NA,NA,NA,NA,HORVU.MOREX.r3.4HG0389240,HORVU.MOREX.r3.4HG0389240:0.000850603,NA,NA
3459473at2759,2,NA,NA,SORBI_3001G333500,SORBI_3001G333500:5.51172e-05,NA,NA,NA,NA,AT1G74310,AT1G74310:0.00265974
346177at2759,2,Zm00001eb123800,Zm00001eb123800:0.000256444,NA,NA,NA,NA,NA,NA,AT2G28670;AT3G55230,AT2G28670:0.000578719;AT3G55230:0.001811
346177at3193,2,Zm00001eb123800,Zm00001eb123800:0.000256444,NA,NA,NA,NA,NA,NA,AT2G28670;AT3G55230,AT2G28670:0.000578719;AT3G55230:0.001811
346177at33090,2,Zm00001eb123800,Zm00001eb123800:0.000256444,NA,NA,NA,NA,NA,NA,AT2G28670;AT3G55230,AT2G28670:0.000578719;AT3G55230:0.001811
34917at4447,2,Zm00001eb115940,Zm00001eb115940:0.00156652,SORBI_3001G399200,SORBI_3001G399200:2.9157e-06,NA,NA,NA,NA,NA,NA
34968at38820,2,Zm00001eb247160,Zm00001eb247160:0.000707699,NA,NA,NA,NA,HORVU.MOREX.r3.6HG0595030,HORVU.MOREX.r3.6HG0595030:0.00230979,NA,NA
34968at4447,2,Zm00001eb247160,Zm00001eb247160:0.000707699,NA,NA,NA,NA,HORVU.MOREX.r3.6HG0595030,HORVU.MOREX.r3.6HG0595030:0.00230979,NA,NA
35153at2759,2,Zm00001eb319220;Zm00001eb328530,Zm00001eb319220:0.00366278;Zm00001eb328530:0.00183868,NA,NA,NA,NA,HORVU.MOREX.r3.3HG0288930;HORVU.MOREX.r3.5HG0471130,HORVU.MOREX.r3.3HG0288930:6.99314e-05;HORVU.MOREX.r3.5HG0471130:5.20703e-10,NA,NA
3551at4447,2,Zm00001eb043120,Zm00001eb043120:0.00117009,NA,NA,NA,NA,HORVU.MOREX.r3.3HG0315590,HORVU.MOREX.r3.3HG0315590:4.11637e-05,NA,NA
36153at4447,2,Zm00001eb057970,Zm00001eb057970:0.00306059,NA,NA,NA,NA,HORVU.MOREX.r3.5HG0512230,HORVU.MOREX.r3.5HG0512230:0.00210454,NA,NA
36205at33090,2,NA,NA,NA,NA,LOC_Os02g02910,LOC_Os02g02910:0.0023486,NA,NA,AT5G24270,AT5G24270:0.00205722
36266at3193,2,Zm00001eb209770,Zm00001eb209770:1.57242e-05,NA,NA,NA,NA,HORVU.MOREX.r3.6HG0542730,HORVU.MOREX.r3.6HG0542730:0.00225837,NA,NA
36266at33090,2,Zm00001eb209770,Zm00001eb209770:1.57242e-05,NA,NA,NA,NA,HORVU.MOREX.r3.6HG0542730,HORVU.MOREX.r3.6HG0542730:0.00225837,NA,NA
36581at38820,2,Zm00001eb038270,Zm00001eb038270:0.00123057,NA,NA,NA,NA,HORVU.MOREX.r3.4HG0403430,HORVU.MOREX.r3.4HG0403430:3.29473e-05,NA,NA
36581at4447,2,Zm00001eb038270,Zm00001eb038270:0.00123057,NA,NA,NA,NA,HORVU.MOREX.r3.4HG0403430,HORVU.MOREX.r3.4HG0403430:3.29473e-05,NA,NA
36704at4447,2,Zm00001eb103410,Zm00001eb103410:0.00215367,NA,NA,NA,NA,HORVU.MOREX.r3.4HG0401620,HORVU.MOREX.r3.4HG0401620:0.00134102,NA,NA
36730at38820,2,Zm00001eb037710,Zm00001eb037710:0.000130668,NA,NA,NA,NA,HORVU.MOREX.r3.1HG0052350,HORVU.MOREX.r3.1HG0052350:5.85764e-06,NA,NA
36730at4447,2,Zm00001eb037710,Zm00001eb037710:0.000130668,NA,NA,NA,NA,HORVU.MOREX.r3.1HG0052350,HORVU.MOREX.r3.1HG0052350:5.85764e-06,NA,NA
36801at38820,2,NA,NA,SORBI_3003G161600,SORBI_3003G161600:1.23411e-05,NA,NA,HORVU.MOREX.r3.3HG0219800,HORVU.MOREX.r3.3HG0219800:0.00214127,NA,NA
36801at4447,2,NA,NA,SORBI_3003G161600,SORBI_3003G161600:1.23411e-05,NA,NA,HORVU.MOREX.r3.3HG0219800,HORVU.MOREX.r3.3HG0219800:0.00214127,NA,NA
369452at2759,2,Zm00001eb277050,Zm00001eb277050:0.00185754,NA,NA,LOC_Os02g05630,LOC_Os02g05630:0.00168584,NA,NA,NA,NA
369452at3193,2,Zm00001eb277050,Zm00001eb277050:0.00185754,NA,NA,LOC_Os02g05630,LOC_Os02g05630:0.00168584,NA,NA,NA,NA
369452at33090,2,Zm00001eb277050,Zm00001eb277050:0.00185754,NA,NA,LOC_Os02g05630,LOC_Os02g05630:0.00168584,NA,NA,NA,NA
37777at38820,2,Zm00001eb061560,Zm00001eb061560:0.00235671,SORBI_3001G047800,SORBI_3001G047800:6.25028e-07,NA,NA,NA,NA,NA,NA
37777at4447,2,Zm00001eb061560,Zm00001eb061560:0.00235671,SORBI_3001G047800,SORBI_3001G047800:6.25028e-07,NA,NA,NA,NA,NA,NA
37871at38820,2,NA,NA,SORBI_3003G308000,SORBI_3003G308000:3.68315e-05,NA,NA,HORVU.MOREX.r3.2HG0195220,HORVU.MOREX.r3.2HG0195220:0.000316442,NA,NA
37871at4447,2,NA,NA,SORBI_3003G308000,SORBI_3003G308000:3.68315e-05,NA,NA,HORVU.MOREX.r3.2HG0195220,HORVU.MOREX.r3.2HG0195220:0.000316442,NA,NA
379044at3193,2,Zm00001eb140910,Zm00001eb140910:0.00325626,SORBI_3003G427500,SORBI_3003G427500:4.42912e-10,NA,NA,NA,NA,NA,NA
380169at3193,2,Zm00001eb432760,Zm00001eb432760:0.00307027,NA,NA,NA,NA,NA,NA,AT1G22100,AT1G22100:7.31376e-05
380169at33090,2,Zm00001eb432760,Zm00001eb432760:0.00307027,NA,NA,NA,NA,NA,NA,AT1G22100,AT1G22100:7.31376e-05
384618at3193,2,Zm00001eb106130,Zm00001eb106130:0.00040615,SORBI_3002G321400,SORBI_3002G321400:2.30458e-05,NA,NA,NA,NA,NA,NA
384618at33090,2,Zm00001eb106130,Zm00001eb106130:0.00040615,SORBI_3002G321400,SORBI_3002G321400:2.30458e-05,NA,NA,NA,NA,NA,NA
38813at38820,2,Zm00001eb286760,Zm00001eb286760:0.00373417,NA,NA,NA,NA,HORVU.MOREX.r3.3HG0319130;HORVU.MOREX.r3.7HG0750120,HORVU.MOREX.r3.3HG0319130:0.00235883;HORVU.MOREX.r3.7HG0750120:0.00142889,NA,NA
38813at4447,2,Zm00001eb286760,Zm00001eb286760:0.00373417,NA,NA,NA,NA,HORVU.MOREX.r3.3HG0319130;HORVU.MOREX.r3.7HG0750120,HORVU.MOREX.r3.3HG0319130:0.00235883;HORVU.MOREX.r3.7HG0750120:0.00142889,NA,NA
388878at3193,2,NA,NA,NA,NA,NA,NA,HORVU.MOREX.r3.2HG0173220,HORVU.MOREX.r3.2HG0173220:0.00239893,AT3G26650,AT3G26650:0.00203249
388878at33090,2,NA,NA,NA,NA,NA,NA,HORVU.MOREX.r3.2HG0173220;HORVU.MOREX.r3.7HG0737970,HORVU.MOREX.r3.2HG0173220:0.00239893;HORVU.MOREX.r3.7HG0737970:0.00214327,AT3G26650,AT3G26650:0.00203249
388935at3193,2,NA,NA,NA,NA,LOC_Os01g06000,LOC_Os01g06000:0.00204172,NA,NA,AT2G19680,AT2G19680:0.00168545
38987at38820,2,Zm00001eb059220,Zm00001eb059220:0.000498376,NA,NA,NA,NA,HORVU.MOREX.r3.5HG0513960,HORVU.MOREX.r3.5HG0513960:0.0013042,NA,NA
38987at4447,2,Zm00001eb059220,Zm00001eb059220:0.000498376,NA,NA,NA,NA,HORVU.MOREX.r3.5HG0513960,HORVU.MOREX.r3.5HG0513960:0.0013042,NA,NA
39050at4447,2,Zm00001eb083140,Zm00001eb083140:0.00211838,SORBI_3003G183300,SORBI_3003G183300:0.000149026,NA,NA,NA,NA,NA,NA
395466at3193,2,Zm00001eb384580,Zm00001eb384580:0.00323288,NA,NA,NA,NA,HORVU.MOREX.r3.7HG0718040,HORVU.MOREX.r3.7HG0718040:0.000245535,NA,NA
39557at38820,2,Zm00001eb107930;Zm00001eb325800,Zm00001eb107930:0.000759116;Zm00001eb325800:0.00437747,SORBI_3002G355300,SORBI_3002G355300:7.44519e-05,NA,NA,NA,NA,NA,NA
396214at3193,2,Zm00001eb103580;Zm00001eb319770,Zm00001eb103580:0.000631707;Zm00001eb319770:0.000759287,NA,NA,NA,NA,NA,NA,AT3G55440,AT3G55440:0.000200676
396214at33090,2,Zm00001eb103580;Zm00001eb319770,Zm00001eb103580:0.000631707;Zm00001eb319770:0.000759287,NA,NA,NA,NA,NA,NA,AT3G55440,AT3G55440:0.000200676
39671at38820,2,Zm00001eb185290,Zm00001eb185290:8.19584e-05,SORBI_3006G149600,SORBI_3006G149600:9.0007e-05,NA,NA,NA,NA,NA,NA
39671at4447,2,Zm00001eb185290,Zm00001eb185290:8.19584e-05,SORBI_3006G149600,SORBI_3006G149600:9.0007e-05,NA,NA,NA,NA,NA,NA
398145at2759,2,Zm00001eb142430,Zm00001eb142430:0.000948505,NA,NA,NA,NA,NA,NA,AT3G26700,AT3G26700:0.00259909
398145at3193,2,Zm00001eb142430,Zm00001eb142430:0.000948505,NA,NA,NA,NA,NA,NA,AT3G26700,AT3G26700:0.00259909
398145at33090,2,Zm00001eb142430,Zm00001eb142430:0.000948505,NA,NA,NA,NA,NA,NA,AT3G26700,AT3G26700:0.00259909
4000041at2759,2,Zm00001eb222210,Zm00001eb222210:0.0013401,NA,NA,NA,NA,NA,NA,AT4G35490,AT4G35490:0.000640093
40066at38820,2,Zm00001eb362860,Zm00001eb362860:0.000560177,SORBI_3003G427600,SORBI_3003G427600:4.42912e-10,NA,NA,NA,NA,NA,NA
403995at2759,2,NA,NA,NA,NA,LOC_Os01g07720,LOC_Os01g07720:0.00197038,HORVU.MOREX.r3.3HG0292380,HORVU.MOREX.r3.3HG0292380:0.000549576,NA,NA
403995at3193,2,NA,NA,NA,NA,LOC_Os01g07720,LOC_Os01g07720:0.00197038,HORVU.MOREX.r3.3HG0292380,HORVU.MOREX.r3.3HG0292380:0.000549576,NA,NA
403995at33090,2,NA,NA,NA,NA,LOC_Os01g07720,LOC_Os01g07720:0.00197038,HORVU.MOREX.r3.3HG0292380,HORVU.MOREX.r3.3HG0292380:0.000549576,NA,NA
40440at38820,2,Zm00001eb369010,Zm00001eb369010:0.000371986,NA,NA,LOC_Os05g04850,LOC_Os05g04850:0.000145677,NA,NA,NA,NA
40440at4447,2,Zm00001eb369010,Zm00001eb369010:0.000371986,NA,NA,LOC_Os05g04850,LOC_Os05g04850:0.000145677,NA,NA,NA,NA
404753at33090,2,Zm00001eb015870,Zm00001eb015870:0.00181942,NA,NA,NA,NA,HORVU.MOREX.r3.7HG0647990,HORVU.MOREX.r3.7HG0647990:0.000541806,NA,NA
411396at3193,2,Zm00001eb396610,Zm00001eb396610:0.0043188,NA,NA,NA,NA,NA,NA,AT4G02500,AT4G02500:0.000327056
411720at3193,2,NA,NA,SORBI_3010G213400,SORBI_3010G213400:6.28468e-05,NA,NA,HORVU.MOREX.r3.7HG0741050,HORVU.MOREX.r3.7HG0741050:0.00105266,NA,NA
412870at2759,2,Zm00001eb061450;Zm00001eb277250,Zm00001eb061450:0.000826143;Zm00001eb277250:0.00249088,NA,NA,NA,NA,HORVU.MOREX.r3.5HG0491570,HORVU.MOREX.r3.5HG0491570:6.19405e-05,NA,NA
41435at38820,2,Zm00001eb414960,Zm00001eb414960:0.00381057,NA,NA,NA,NA,HORVU.MOREX.r3.4HG0411620,HORVU.MOREX.r3.4HG0411620:0.00277755,NA,NA
41435at4447,2,Zm00001eb414960,Zm00001eb414960:0.00381057,NA,NA,NA,NA,HORVU.MOREX.r3.4HG0411620,HORVU.MOREX.r3.4HG0411620:0.00277755,NA,NA
416913at3193,2,Zm00001eb061570,Zm00001eb061570:0.00275329,SORBI_3001G047600,SORBI_3001G047600:6.25028e-07,NA,NA,NA,NA,NA,NA
416913at33090,2,Zm00001eb061570,Zm00001eb061570:0.00275329,SORBI_3001G047600,SORBI_3001G047600:6.25028e-07,NA,NA,NA,NA,NA,NA
423396at3193,2,Zm00001eb222210,Zm00001eb222210:0.0013401,NA,NA,NA,NA,NA,NA,AT4G35490,AT4G35490:0.000640093
423396at33090,2,Zm00001eb222210,Zm00001eb222210:0.0013401,NA,NA,NA,NA,NA,NA,AT4G35490,AT4G35490:0.000640093
423967at2759,2,Zm00001eb071760,Zm00001eb071760:0.00277098,SORBI_3002G388600;SORBI_3004G269400,SORBI_3002G388600:0.000121526;SORBI_3004G269400:7.56581e-05,NA,NA,NA,NA,NA,NA
423967at33090,2,Zm00001eb071760,Zm00001eb071760:0.00277098,SORBI_3002G388600;SORBI_3004G269400,SORBI_3002G388600:0.000121526;SORBI_3004G269400:7.56581e-05,NA,NA,NA,NA,NA,NA
42512at38820,2,Zm00001eb207690,Zm00001eb207690:0.0039533,SORBI_3010G235500;SORBI_3010G235600;SORBI_3010G235700;SORBI_3010G235800,SORBI_3010G235500:0.000139621;SORBI_3010G235600:0.000139621;SORBI_3010G235700:0.000139621;SORBI_3010G235800:0.000139621,NA,NA,NA,NA,NA,NA
42512at4447,2,Zm00001eb207690,Zm00001eb207690:0.0039533,SORBI_3010G235500;SORBI_3010G235600;SORBI_3010G235700;SORBI_3010G235800,SORBI_3010G235500:0.000139621;SORBI_3010G235600:0.000139621;SORBI_3010G235700:0.000139621;SORBI_3010G235800:0.000139621,NA,NA,NA,NA,NA,NA
429505at2759,2,Zm00001eb010110,Zm00001eb010110:0.00296632,NA,NA,NA,NA,NA,NA,AT2G01900,AT2G01900:0.000415624
4304537at2759,2,Zm00001eb121010,Zm00001eb121010:0.00347832,NA,NA,NA,NA,NA,NA,AT5G03150,AT5G03150:0.00073936
431403at3193,2,Zm00001eb304390,Zm00001eb304390:0.0008613,SORBI_3004G276200,SORBI_3004G276200:3.17183e-07,NA,NA,NA,NA,NA,NA
434022at2759,2,Zm00001eb248300,Zm00001eb248300:0.00250427,NA,NA,LOC_Os10g04890,LOC_Os10g04890:0.002278,NA,NA,NA,NA
434022at3193,2,Zm00001eb248300,Zm00001eb248300:0.00250427,NA,NA,LOC_Os10g04890,LOC_Os10g04890:0.002278,NA,NA,NA,NA
434022at33090,2,Zm00001eb248300,Zm00001eb248300:0.00250427,NA,NA,LOC_Os10g04890,LOC_Os10g04890:0.002278,NA,NA,NA,NA
43577at38820,2,Zm00001eb137310,Zm00001eb137310:0.00279538,NA,NA,NA,NA,HORVU.MOREX.r3.3HG0233880,HORVU.MOREX.r3.3HG0233880:0.00263194,NA,NA
43577at4447,2,Zm00001eb137310,Zm00001eb137310:0.00279538,NA,NA,NA,NA,HORVU.MOREX.r3.3HG0233880,HORVU.MOREX.r3.3HG0233880:0.00263194,NA,NA
43725at38820,2,Zm00001eb065760,Zm00001eb065760:0.00110841,SORBI_3006G272500,SORBI_3006G272500:4.16316e-10,NA,NA,NA,NA,NA,NA
43725at4447,2,Zm00001eb065760,Zm00001eb065760:0.00110841,SORBI_3006G272500,SORBI_3006G272500:4.16316e-10,NA,NA,NA,NA,NA,NA
4385816at2759,2,Zm00001eb211510,Zm00001eb211510:0.00207816,NA,NA,NA,NA,HORVU.MOREX.r3.1HG0079040,HORVU.MOREX.r3.1HG0079040:0.00114816,NA,NA
4434208at2759,2,Zm00001eb194830,Zm00001eb194830:0.00350824,NA,NA,NA,NA,NA,NA,AT1G23550,AT1G23550:0.00263946
446102at33090,2,NA,NA,SORBI_3010G213400,SORBI_3010G213400:6.28468e-05,NA,NA,HORVU.MOREX.r3.7HG0741050,HORVU.MOREX.r3.7HG0741050:0.00105266,NA,NA
44652at38820,2,NA,NA,SORBI_3004G269600,SORBI_3004G269600:7.56581e-05,LOC_Os02g07020,LOC_Os02g07020:0.00153359,NA,NA,NA,NA
44652at4447,2,NA,NA,SORBI_3004G269600,SORBI_3004G269600:7.56581e-05,LOC_Os02g07020,LOC_Os02g07020:0.00153359,NA,NA,NA,NA
447116at2759,2,Zm00001eb289320;Zm00001eb361680;Zm00001eb366540,Zm00001eb289320:0.000457584;Zm00001eb361680:0.00115519;Zm00001eb366540:7.45311e-07,SORBI_3002G388700;SORBI_3003G164500,SORBI_3002G388700:0.000121526;SORBI_3003G164500:9.54032e-05,NA,NA,NA,NA,NA,NA
44727at38820,2,Zm00001eb161610,Zm00001eb161610:0.00421771,NA,NA,NA,NA,HORVU.MOREX.r3.3HG0270430,HORVU.MOREX.r3.3HG0270430:0.00170204,NA,NA
44727at4447,2,Zm00001eb161610,Zm00001eb161610:0.00421771,NA,NA,NA,NA,HORVU.MOREX.r3.3HG0270430,HORVU.MOREX.r3.3HG0270430:0.00170204,NA,NA
44728at38820,2,Zm00001eb291810,Zm00001eb291810:0.000402879,NA,NA,NA,NA,HORVU.MOREX.r3.3HG0294710,HORVU.MOREX.r3.3HG0294710:0.00232082,NA,NA
44728at4447,2,Zm00001eb291810,Zm00001eb291810:0.000402879,NA,NA,NA,NA,HORVU.MOREX.r3.3HG0294710,HORVU.MOREX.r3.3HG0294710:0.00232082,NA,NA
44736at38820,2,Zm00001eb330740,Zm00001eb330740:0.00208468,NA,NA,NA,NA,HORVU.MOREX.r3.2HG0111810,HORVU.MOREX.r3.2HG0111810:0.0014822,NA,NA
44736at4447,2,Zm00001eb330740,Zm00001eb330740:0.00208468,NA,NA,NA,NA,HORVU.MOREX.r3.2HG0111810,HORVU.MOREX.r3.2HG0111810:0.0014822,NA,NA
448798at2759,2,NA,NA,NA,NA,NA,NA,HORVU.MOREX.r3.7HG0701360,HORVU.MOREX.r3.7HG0701360:0.00117066,AT5G44460,AT5G44460:0.000200839
448798at3193,2,NA,NA,NA,NA,NA,NA,HORVU.MOREX.r3.7HG0701360,HORVU.MOREX.r3.7HG0701360:0.00117066,AT5G44460,AT5G44460:0.000200839
448798at33090,2,NA,NA,NA,NA,NA,NA,HORVU.MOREX.r3.7HG0701360,HORVU.MOREX.r3.7HG0701360:0.00117066,AT5G44460,AT5G44460:0.000200839
4495752at2759,2,Zm00001eb195100;Zm00001eb254960,Zm00001eb195100:0.00393012;Zm00001eb254960:3.40827e-05,SORBI_3003G341500,SORBI_3003G341500:9.25933e-06,NA,NA,NA,NA,NA,NA
45001at38820,2,Zm00001eb410070,Zm00001eb410070:0.000817836,NA,NA,NA,NA,HORVU.MOREX.r3.5HG0425060,HORVU.MOREX.r3.5HG0425060:0.00025206,NA,NA
45001at4447,2,Zm00001eb410070,Zm00001eb410070:0.000817836,NA,NA,NA,NA,HORVU.MOREX.r3.5HG0425060,HORVU.MOREX.r3.5HG0425060:0.00025206,NA,NA
452850at3193,2,NA,NA,NA,NA,NA,NA,HORVU.MOREX.r3.6HG0539990,HORVU.MOREX.r3.6HG0539990:0.00138343,AT5G07840,AT5G07840:0.00122977
45286at38820,2,Zm00001eb143570,Zm00001eb143570:0.000315212,NA,NA,NA,NA,HORVU.MOREX.r3.3HG0309330,HORVU.MOREX.r3.3HG0309330:0.00112773,NA,NA
45286at4447,2,Zm00001eb143570,Zm00001eb143570:0.000315212,NA,NA,NA,NA,HORVU.MOREX.r3.3HG0309330,HORVU.MOREX.r3.3HG0309330:0.00112773,NA,NA
453328at2759,2,Zm00001eb147610,Zm00001eb147610:0.00282314,SORBI_3003G360300,SORBI_3003G360300:4.35547e-09,NA,NA,NA,NA,NA,NA
453328at3193,2,Zm00001eb147610,Zm00001eb147610:0.00282314,SORBI_3003G360300,SORBI_3003G360300:4.35547e-09,NA,NA,NA,NA,NA,NA
453328at33090,2,Zm00001eb147610,Zm00001eb147610:0.00282314,SORBI_3003G360300,SORBI_3003G360300:4.35547e-09,NA,NA,NA,NA,NA,NA
45702at38820,2,Zm00001eb213920,Zm00001eb213920:0.000119307,SORBI_3001G076600,SORBI_3001G076600:1.75935e-07,NA,NA,NA,NA,NA,NA
45702at4447,2,Zm00001eb213920,Zm00001eb213920:0.000119307,SORBI_3001G076600,SORBI_3001G076600:1.75935e-07,NA,NA,NA,NA,NA,NA
45768at38820,2,Zm00001eb061640,Zm00001eb061640:0.00275329,SORBI_3001G047000,SORBI_3001G047000:6.25028e-07,NA,NA,NA,NA,NA,NA
45768at4447,2,Zm00001eb061640,Zm00001eb061640:0.00275329,SORBI_3001G047000,SORBI_3001G047000:6.25028e-07,NA,NA,NA,NA,NA,NA
4598369at2759,2,Zm00001eb433180,Zm00001eb433180:0.00451492,NA,NA,NA,NA,HORVU.MOREX.r3.5HG0425080;HORVU.MOREX.r3.5HG0425090,HORVU.MOREX.r3.5HG0425080:0.00025206;HORVU.MOREX.r3.5HG0425090:0.00025206,NA,NA
4599095at2759,2,Zm00001eb432760,Zm00001eb432760:0.00307027,NA,NA,NA,NA,NA,NA,AT1G22100,AT1G22100:7.31376e-05
459946at2759,2,NA,NA,NA,NA,NA,NA,HORVU.MOREX.r3.7HG0717330,HORVU.MOREX.r3.7HG0717330:0.000219842,AT1G05670,AT1G05670:0.000815917
459990at2759,2,Zm00001eb106130,Zm00001eb106130:0.00040615,SORBI_3002G321400,SORBI_3002G321400:2.30458e-05,NA,NA,NA,NA,NA,NA
464974at2759,2,Zm00001eb006350,Zm00001eb006350:0.00125166,SORBI_3003G360500,SORBI_3003G360500:4.35547e-09,NA,NA,NA,NA,NA,NA
4662890at2759,2,Zm00001eb397150,Zm00001eb397150:7.33571e-05,NA,NA,NA,NA,NA,NA,AT1G12500,AT1G12500:0.00223025
466988at3193,2,Zm00001eb257310,Zm00001eb257310:0.0043912,NA,NA,NA,NA,HORVU.MOREX.r3.6HG0622130,HORVU.MOREX.r3.6HG0622130:0.000298605,NA,NA
4684362at2759,2,Zm00001eb366670,Zm00001eb366670:0.00116123,NA,NA,NA,NA,NA,NA,AT2G18840,AT2G18840:0.0019583
4685703at2759,2,Zm00001eb427180,Zm00001eb427180:0.00230153,NA,NA,NA,NA,HORVU.MOREX.r3.2HG0170880,HORVU.MOREX.r3.2HG0170880:0.00115196,NA,NA
4696056at2759,2,Zm00001eb209770,Zm00001eb209770:1.57242e-05,NA,NA,NA,NA,HORVU.MOREX.r3.6HG0542730,HORVU.MOREX.r3.6HG0542730:0.00225837,NA,NA
469803at2759,2,Zm00001eb061550,Zm00001eb061550:0.00235671,SORBI_3001G047900,SORBI_3001G047900:1.94366e-05,NA,NA,NA,NA,NA,NA
469803at3193,2,Zm00001eb061550,Zm00001eb061550:0.00235671,SORBI_3001G047900,SORBI_3001G047900:1.94366e-05,NA,NA,NA,NA,NA,NA
469803at33090,2,Zm00001eb061550,Zm00001eb061550:0.00235671,SORBI_3001G047900,SORBI_3001G047900:1.94366e-05,NA,NA,NA,NA,NA,NA
4701650at2759,2,Zm00001eb217500,Zm00001eb217500:0.00140911,NA,NA,NA,NA,HORVU.MOREX.r3.4HG0333970,HORVU.MOREX.r3.4HG0333970:0.000144304,NA,NA
47191at4447,2,Zm00001eb270630,Zm00001eb270630:0.00430354,NA,NA,NA,NA,HORVU.MOREX.r3.2HG0097240,HORVU.MOREX.r3.2HG0097240:8.65481e-05,NA,NA
47230at38820,2,Zm00001eb162630,Zm00001eb162630:0.00119582,SORBI_3003G184500,SORBI_3003G184500:1.44582e-05,NA,NA,NA,NA,NA,NA
47230at4447,2,Zm00001eb162630,Zm00001eb162630:0.00119582,SORBI_3003G184500,SORBI_3003G184500:1.44582e-05,NA,NA,NA,NA,NA,NA
4747758at2759,2,Zm00001eb244170,Zm00001eb244170:0.00229625,NA,NA,NA,NA,NA,NA,AT2G02390,AT2G02390:0.000493324
4750521at2759,2,Zm00001eb236820,Zm00001eb236820:0.00014104,NA,NA,LOC_Os05g04260,LOC_Os05g04260:0.00117904,NA,NA,NA,NA
4755763at2759,2,Zm00001eb030420;Zm00001eb222960;Zm00001eb430440,Zm00001eb030420:0.000561409;Zm00001eb222960:0.00192906;Zm00001eb430440:0.00307772,SORBI_3006G206800,SORBI_3006G206800:1.60805e-05,NA,NA,NA,NA,NA,NA
4758429at2759,2,NA,NA,NA,NA,NA,NA,HORVU.MOREX.r3.5HG0495130,HORVU.MOREX.r3.5HG0495130:0.000714598,AT5G13480,AT5G13480:0.000593482
4760669at2759,2,Zm00001eb397170,Zm00001eb397170:7.33571e-05,NA,NA,NA,NA,NA,NA,AT5G22630,AT5G22630:0.00228251
4760724at2759,2,Zm00001eb058130;Zm00001eb214320,Zm00001eb058130:0.00151624;Zm00001eb214320:0.00259561,NA,NA,NA,NA,NA,NA,AT4G33920,AT4G33920:0.00197275
4765882at2759,2,Zm00001eb397490,Zm00001eb397490:0.000239165,NA,NA,NA,NA,NA,NA,AT1G02030;AT2G28710,AT1G02030:0.000173223;AT2G28710:0.00174815
4768297at2759,2,Zm00001eb366280,Zm00001eb366280:0.000282388,NA,NA,NA,NA,HORVU.MOREX.r3.3HG0307630,HORVU.MOREX.r3.3HG0307630:1.34732e-05,NA,NA
47686at38820,2,Zm00001eb414790,Zm00001eb414790:0.00292043,NA,NA,NA,NA,HORVU.MOREX.r3.2HG0172990,HORVU.MOREX.r3.2HG0172990:3.56637e-05,NA,NA
47686at4447,2,Zm00001eb414790,Zm00001eb414790:0.00292043,NA,NA,NA,NA,HORVU.MOREX.r3.2HG0172990,HORVU.MOREX.r3.2HG0172990:3.56637e-05,NA,NA
4771606at2759,2,Zm00001eb260930,Zm00001eb260930:0.000725655,NA,NA,LOC_Os08g01170,LOC_Os08g01170:0.00203094,NA,NA,NA,NA
47734at38820,2,Zm00001eb106130,Zm00001eb106130:0.00040615,SORBI_3002G321400,SORBI_3002G321400:2.30458e-05,NA,NA,NA,NA,NA,NA
47734at4447,2,Zm00001eb106130,Zm00001eb106130:0.00040615,SORBI_3002G321400,SORBI_3002G321400:2.30458e-05,NA,NA,NA,NA,NA,NA
4773835at2759,2,Zm00001eb214840,Zm00001eb214840:0.00160852,NA,NA,NA,NA,NA,NA,AT4G16420,AT4G16420:0.00145055
4777991at2759,2,Zm00001eb425600,Zm00001eb425600:0.00244052,NA,NA,NA,NA,HORVU.MOREX.r3.5HG0513420;HORVU.MOREX.r3.7HG0742440,HORVU.MOREX.r3.5HG0513420:0.000326108;HORVU.MOREX.r3.7HG0742440:0.000510988,NA,NA
477981at3193,2,Zm00001eb373960,Zm00001eb373960:1.34997e-05,NA,NA,NA,NA,HORVU.MOREX.r3.6HG0620920,HORVU.MOREX.r3.6HG0620920:0.00194271,NA,NA
47804at38820,2,NA,NA,SORBI_3004G248700,SORBI_3004G248700:9.32744e-05,NA,NA,HORVU.MOREX.r3.6HG0612680,HORVU.MOREX.r3.6HG0612680:0.00034203,NA,NA
47804at4447,2,NA,NA,SORBI_3004G248700,SORBI_3004G248700:9.32744e-05,NA,NA,HORVU.MOREX.r3.6HG0612680,HORVU.MOREX.r3.6HG0612680:0.00034203,NA,NA
47810at38820,2,NA,NA,SORBI_3004G249400,SORBI_3004G249400:9.32744e-05,NA,NA,HORVU.MOREX.r3.4HG0332260,HORVU.MOREX.r3.4HG0332260:0.00153994,NA,NA
47810at4447,2,NA,NA,SORBI_3004G249400,SORBI_3004G249400:9.32744e-05,NA,NA,HORVU.MOREX.r3.4HG0332260,HORVU.MOREX.r3.4HG0332260:0.00153994,NA,NA
4782124at2759,2,Zm00001eb068710;Zm00001eb247690,Zm00001eb068710:3.87327e-05;Zm00001eb247690:0.00242273,NA,NA,NA,NA,HORVU.MOREX.r3.6HG0618160,HORVU.MOREX.r3.6HG0618160:5.3166e-05,NA,NA
4804397at2759,2,Zm00001eb162230,Zm00001eb162230:0.00364514,NA,NA,NA,NA,NA,NA,AT5G42980,AT5G42980:0.00241181
4804625at2759,2,Zm00001eb159820,Zm00001eb159820:0.00255376,NA,NA,LOC_Os01g05600,LOC_Os01g05600:0.00139257,NA,NA,NA,NA
4805264at2759,2,Zm00001eb015870,Zm00001eb015870:0.00181942,NA,NA,NA,NA,HORVU.MOREX.r3.7HG0647990,HORVU.MOREX.r3.7HG0647990:0.000541806,NA,NA
4806464at2759,2,Zm00001eb068120,Zm00001eb068120:0.000478328,NA,NA,NA,NA,HORVU.MOREX.r3.2HG0207110,HORVU.MOREX.r3.2HG0207110:0.000800681,NA,NA
4811040at2759,2,Zm00001eb286760,Zm00001eb286760:0.00373417,NA,NA,NA,NA,HORVU.MOREX.r3.3HG0319100;HORVU.MOREX.r3.3HG0319130;HORVU.MOREX.r3.3HG0324070;HORVU.MOREX.r3.7HG0750120,HORVU.MOREX.r3.3HG0319100:0.00239328;HORVU.MOREX.r3.3HG0319130:0.00235883;HORVU.MOREX.r3.3HG0324070:0.000412579;HORVU.MOREX.r3.7HG0750120:0.00142889,NA,NA
4817050at2759,2,Zm00001eb212200,Zm00001eb212200:0.00445185,NA,NA,NA,NA,NA,NA,AT2G38730,AT2G38730:0.00108393
4819616at2759,2,NA,NA,SORBI_3002G125700;SORBI_3006G150100,SORBI_3002G125700:7.34712e-05;SORBI_3006G150100:9.0007e-05,NA,NA,NA,NA,AT1G01620,AT1G01620:0.000812721
482026at2759,2,Zm00001eb107150,Zm00001eb107150:1.49202e-05,NA,NA,NA,NA,HORVU.MOREX.r3.2HG0134190,HORVU.MOREX.r3.2HG0134190:0.000547232,NA,NA
482026at3193,2,Zm00001eb107150,Zm00001eb107150:1.49202e-05,NA,NA,NA,NA,HORVU.MOREX.r3.2HG0134190,HORVU.MOREX.r3.2HG0134190:0.000547232,NA,NA
482026at33090,2,Zm00001eb107150,Zm00001eb107150:1.49202e-05,NA,NA,NA,NA,HORVU.MOREX.r3.2HG0134190,HORVU.MOREX.r3.2HG0134190:0.000547232,NA,NA
4821863at2759,2,Zm00001eb331540,Zm00001eb331540:0.0044475,NA,NA,NA,NA,NA,NA,AT2G38280,AT2G38280:0.00182531
4836032at2759,2,NA,NA,NA,NA,NA,NA,HORVU.MOREX.r3.2HG0173220;HORVU.MOREX.r3.7HG0737970,HORVU.MOREX.r3.2HG0173220:0.00239893;HORVU.MOREX.r3.7HG0737970:0.00214327,AT3G26650,AT3G26650:0.00203249
4836116at2759,2,Zm00001eb128250,Zm00001eb128250:0.000338374,NA,NA,NA,NA,NA,NA,AT1G74470,AT1G74470:0.00046947
4836422at2759,2,Zm00001eb102550;Zm00001eb317910,Zm00001eb102550:0.00324625;Zm00001eb317910:0.000222624,NA,NA,NA,NA,HORVU.MOREX.r3.5HG0494840,HORVU.MOREX.r3.5HG0494840:0.00223712,NA,NA
4837017at2759,2,Zm00001eb163260,Zm00001eb163260:0.00223847,SORBI_3005G003800,SORBI_3005G003800:6.86274e-05,NA,NA,NA,NA,NA,NA
4837154at2759,2,Zm00001eb103580;Zm00001eb319770,Zm00001eb103580:0.000631707;Zm00001eb319770:0.000759287,NA,NA,NA,NA,NA,NA,AT3G55440,AT3G55440:0.000200676
4837456at2759,2,NA,NA,NA,NA,NA,NA,HORVU.MOREX.r3.7HG0714120,HORVU.MOREX.r3.7HG0714120:0.00255555,AT1G52730,AT1G52730:0.000585021
4837599at2759,2,Zm00001eb374410,Zm00001eb374410:0.0023928,NA,NA,NA,NA,NA,NA,AT4G00110,AT4G00110:0.000113357
4838354at2759,2,Zm00001eb403950,Zm00001eb403950:0.00244026,NA,NA,NA,NA,NA,NA,AT1G12600,AT1G12600:0.000210342
4839337at2759,2,Zm00001eb020090;Zm00001eb040260,Zm00001eb020090:0.00023152;Zm00001eb040260:0.00147156,NA,NA,NA,NA,NA,NA,AT3G49360,AT3G49360:3.72014e-05
4839657at2759,2,Zm00001eb187110,Zm00001eb187110:0.000901859,NA,NA,NA,NA,NA,NA,AT5G42000,AT5G42000:0.00196214
4840631at2759,2,Zm00001eb434030,Zm00001eb434030:0.00106804,SORBI_3006G272600,SORBI_3006G272600:4.16316e-10,NA,NA,NA,NA,NA,NA
4848236at2759,2,Zm00001eb061510;Zm00001eb257630,Zm00001eb061510:0.000826143;Zm00001eb257630:0.0025993,NA,NA,NA,NA,NA,NA,AT4G25650,AT4G25650:3.35386e-05
4850922at2759,2,Zm00001eb003210;Zm00001eb402810,Zm00001eb003210:0.000536088;Zm00001eb402810:0.00459158,NA,NA,NA,NA,HORVU.MOREX.r3.4HG0354170,HORVU.MOREX.r3.4HG0354170:1.21018e-05,NA,NA
4854762at2759,2,Zm00001eb256120;Zm00001eb313490;Zm00001eb313500,Zm00001eb256120:0.00225281;Zm00001eb313490:0.000169722;Zm00001eb313500:0.0034794,NA,NA,NA,NA,HORVU.MOREX.r3.3HG0219290;HORVU.MOREX.r3.3HG0220930;HORVU.MOREX.r3.6HG0619230,HORVU.MOREX.r3.3HG0219290:0.000691543;HORVU.MOREX.r3.3HG0220930:0.0022167;HORVU.MOREX.r3.6HG0619230:0.000655793,NA,NA
4862664at2759,2,Zm00001eb191710,Zm00001eb191710:2.65612e-05,NA,NA,NA,NA,NA,NA,AT5G02270,AT5G02270:0.000197579
4875149at2759,2,Zm00001eb432950,Zm00001eb432950:0.00437039,NA,NA,NA,NA,NA,NA,AT1G19880,AT1G19880:0.00187322
4893567at2759,2,Zm00001eb147900,Zm00001eb147900:0.00122994,NA,NA,NA,NA,HORVU.MOREX.r3.3HG0301920,HORVU.MOREX.r3.3HG0301920:0.000630656,NA,NA
489515at2759,2,Zm00001eb383310,Zm00001eb383310:0.00441318,NA,NA,NA,NA,NA,NA,AT4G18340,AT4G18340:0.00144556
489515at3193,2,Zm00001eb383310,Zm00001eb383310:0.00441318,NA,NA,NA,NA,NA,NA,AT4G18340,AT4G18340:0.00144556
489515at33090,2,Zm00001eb383310,Zm00001eb383310:0.00441318,NA,NA,NA,NA,NA,NA,AT4G18340,AT4G18340:0.00144556
48958at4447,2,Zm00001eb318570,Zm00001eb318570:0.00154831,NA,NA,NA,NA,HORVU.MOREX.r3.2HG0103170;HORVU.MOREX.r3.2HG0103190,HORVU.MOREX.r3.2HG0103170:0.000473957;HORVU.MOREX.r3.2HG0103190:0.000473957,NA,NA
4896227at2759,2,Zm00001eb071740,Zm00001eb071740:0.000127382,SORBI_3001G244300,SORBI_3001G244300:3.17002e-05,NA,NA,NA,NA,NA,NA
4896435at2759,2,Zm00001eb164590,Zm00001eb164590:0.00382067,NA,NA,NA,NA,HORVU.MOREX.r3.6HG0628900,HORVU.MOREX.r3.6HG0628900:0.00126293,NA,NA
4904778at2759,2,Zm00001eb065770;Zm00001eb434010,Zm00001eb065770:0.00110841;Zm00001eb434010:0.000916723,NA,NA,NA,NA,NA,NA,AT4G25550,AT4G25550:0.000623915
4908378at2759,2,Zm00001eb344490,Zm00001eb344490:0.000485628,NA,NA,NA,NA,HORVU.MOREX.r3.1HG0091430,HORVU.MOREX.r3.1HG0091430:0.00161567,NA,NA
491676at3193,2,Zm00001eb038710;Zm00001eb424060;Zm00001eb431930,Zm00001eb038710:0.00381111;Zm00001eb424060:0.00190702;Zm00001eb431930:0.00459931,NA,NA,LOC_Os04g04590,LOC_Os04g04590:0.00236254,NA,NA,NA,NA
4919501at2759,2,Zm00001eb071720,Zm00001eb071720:0.000127382,SORBI_3004G269200,SORBI_3004G269200:7.56581e-05,NA,NA,NA,NA,NA,NA
49234at4447,2,Zm00001eb107930;Zm00001eb325800,Zm00001eb107930:0.000759116;Zm00001eb325800:0.00437747,SORBI_3002G355300,SORBI_3002G355300:7.44519e-05,NA,NA,NA,NA,NA,NA
4925430at2759,2,Zm00001eb163480;Zm00001eb292760;Zm00001eb330600,Zm00001eb163480:0.00309374;Zm00001eb292760:0.002135;Zm00001eb330600:0.00163006,NA,NA,NA,NA,NA,NA,AT4G18700;AT5G21326,AT4G18700:0.00256042;AT5G21326:0.00262467
4928788at2759,2,Zm00001eb432480;Zm00001eb432490,Zm00001eb432480:0.00059058;Zm00001eb432490:0.00059058,SORBI_3006G246200;SORBI_3006G246300;SORBI_3006G246500,SORBI_3006G246200:1.15432e-05;SORBI_3006G246300:1.15432e-05;SORBI_3006G246500:1.15432e-05,NA,NA,NA,NA,NA,NA
4932230at2759,2,Zm00001eb157520,Zm00001eb157520:0.000422156,NA,NA,NA,NA,NA,NA,AT4G18140,AT4G18140:0.00122606
495210at2759,2,Zm00001eb107940;Zm00001eb325810,Zm00001eb107940:0.000759116;Zm00001eb325810:0.00437747,SORBI_3002G355400,SORBI_3002G355400:7.44519e-05,NA,NA,NA,NA,NA,NA
495210at3193,2,Zm00001eb107940;Zm00001eb325810,Zm00001eb107940:0.000759116;Zm00001eb325810:0.00437747,SORBI_3002G355400,SORBI_3002G355400:7.44519e-05,NA,NA,NA,NA,NA,NA
495210at33090,2,Zm00001eb107940;Zm00001eb325810,Zm00001eb107940:0.000759116;Zm00001eb325810:0.00437747,SORBI_3002G355400,SORBI_3002G355400:7.44519e-05,NA,NA,NA,NA,NA,NA
4955488at2759,2,Zm00001eb362860,Zm00001eb362860:0.000560177,SORBI_3003G427600,SORBI_3003G427600:4.42912e-10,NA,NA,NA,NA,NA,NA
4964211at2759,2,Zm00001eb061560,Zm00001eb061560:0.00235671,SORBI_3001G047800,SORBI_3001G047800:6.25028e-07,NA,NA,NA,NA,NA,NA
4968995at2759,2,Zm00001eb378880,Zm00001eb378880:0.000235588,NA,NA,NA,NA,HORVU.MOREX.r3.2HG0208270,HORVU.MOREX.r3.2HG0208270:0.00139915,NA,NA
49692at38820,2,Zm00001eb430440,Zm00001eb430440:0.00307772,SORBI_3006G206800,SORBI_3006G206800:1.60805e-05,NA,NA,NA,NA,NA,NA
49692at4447,2,Zm00001eb430440,Zm00001eb430440:0.00307772,SORBI_3006G206800,SORBI_3006G206800:1.60805e-05,NA,NA,NA,NA,NA,NA
4969676at2759,2,NA,NA,NA,NA,LOC_Os02g07700,LOC_Os02g07700:0.00200542,HORVU.MOREX.r3.1HG0091010;HORVU.MOREX.r3.7HG0648080,HORVU.MOREX.r3.1HG0091010:0.00144519;HORVU.MOREX.r3.7HG0648080:0.000348323,NA,NA
4970018at2759,2,Zm00001eb183770,Zm00001eb183770:0.0028616,NA,NA,NA,NA,NA,NA,AT4G20360,AT4G20360:0.00124927
4970387at2759,2,Zm00001eb045320,Zm00001eb045320:0.00346863,NA,NA,NA,NA,NA,NA,AT5G23290,AT5G23290:0.000401829
4971880at2759,2,Zm00001eb320430;Zm00001eb432420,Zm00001eb320430:0.000495608;Zm00001eb432420:0.000228283,SORBI_3007G088000,SORBI_3007G088000:2.5053e-09,NA,NA,NA,NA,NA,NA
4974562at2759,2,NA,NA,NA,NA,NA,NA,HORVU.MOREX.r3.4HG0332230,HORVU.MOREX.r3.4HG0332230:0.00218561,AT3G44530,AT3G44530:0.00232358
4977778at2759,2,Zm00001eb399460,Zm00001eb399460:0.000953658,NA,NA,NA,NA,HORVU.MOREX.r3.3HG0286830,HORVU.MOREX.r3.3HG0286830:0.000964125,NA,NA
4979533at2759,2,Zm00001eb061570,Zm00001eb061570:0.00275329,SORBI_3001G047600,SORBI_3001G047600:6.25028e-07,NA,NA,NA,NA,NA,NA
4981716at2759,2,NA,NA,SORBI_3003G161600,SORBI_3003G161600:1.23411e-05,NA,NA,HORVU.MOREX.r3.3HG0219800,HORVU.MOREX.r3.3HG0219800:0.00214127,NA,NA
49870at38820,2,Zm00001eb057970,Zm00001eb057970:0.00306059,NA,NA,NA,NA,HORVU.MOREX.r3.5HG0512230,HORVU.MOREX.r3.5HG0512230:0.00210454,NA,NA
498741at2759,2,Zm00001eb038710;Zm00001eb206350;Zm00001eb424060;Zm00001eb431930,Zm00001eb038710:0.00381111;Zm00001eb206350:0.000871593;Zm00001eb424060:0.00190702;Zm00001eb431930:0.00459931,NA,NA,LOC_Os04g04590,LOC_Os04g04590:0.00236254,NA,NA,NA,NA
498741at33090,2,Zm00001eb038710;Zm00001eb206350;Zm00001eb424060;Zm00001eb431930,Zm00001eb038710:0.00381111;Zm00001eb206350:0.000871593;Zm00001eb424060:0.00190702;Zm00001eb431930:0.00459931,NA,NA,LOC_Os04g04590,LOC_Os04g04590:0.00236254,NA,NA,NA,NA
498at38820,2,Zm00001eb061450,Zm00001eb061450:0.000826143,NA,NA,NA,NA,HORVU.MOREX.r3.5HG0491570,HORVU.MOREX.r3.5HG0491570:6.19405e-05,NA,NA
498at4447,2,Zm00001eb061450,Zm00001eb061450:0.000826143,NA,NA,NA,NA,HORVU.MOREX.r3.5HG0491570,HORVU.MOREX.r3.5HG0491570:6.19405e-05,NA,NA
49919at38820,2,Zm00001eb424060,Zm00001eb424060:0.00190702,NA,NA,LOC_Os04g04590,LOC_Os04g04590:0.00236254,NA,NA,NA,NA
4996329at2759,2,Zm00001eb397360,Zm00001eb397360:0.00347474,NA,NA,NA,NA,HORVU.MOREX.r3.1HG0060630,HORVU.MOREX.r3.1HG0060630:0.000254326,NA,NA
4999117at2759,2,Zm00001eb163250,Zm00001eb163250:0.00223847,NA,NA,NA,NA,NA,NA,AT3G08530,AT3G08530:6.62356e-05
4999307at2759,2,NA,NA,NA,NA,LOC_Os01g06000,LOC_Os01g06000:0.00204172,NA,NA,AT2G19680,AT2G19680:0.00168545
4999477at2759,2,Zm00001eb106140,Zm00001eb106140:0.00040615,SORBI_3002G321500,SORBI_3002G321500:2.30458e-05,NA,NA,NA,NA,NA,NA
5000144at2759,2,Zm00001eb410070,Zm00001eb410070:0.000817836,NA,NA,NA,NA,HORVU.MOREX.r3.5HG0425060,HORVU.MOREX.r3.5HG0425060:0.00025206,NA,NA
5001316at2759,2,Zm00001eb209570,Zm00001eb209570:0.00133914,NA,NA,NA,NA,NA,NA,AT1G20630;AT4G35090,AT1G20630:0.00225402;AT4G35090:0.000843634
5001422at2759,2,Zm00001eb356330,Zm00001eb356330:0.000818548,NA,NA,NA,NA,NA,NA,AT1G63780;AT4G01560,AT1G63780:0.00118108;AT4G01560:0.000617151
5001473at2759,2,Zm00001eb219520,Zm00001eb219520:0.000124271,NA,NA,NA,NA,NA,NA,AT2G04630,AT2G04630:0.000307582
5001635at2759,2,NA,NA,SORBI_3010G213400,SORBI_3010G213400:6.28468e-05,NA,NA,HORVU.MOREX.r3.7HG0741050,HORVU.MOREX.r3.7HG0741050:0.00105266,NA,NA
5002059at2759,2,NA,NA,SORBI_3001G333700,SORBI_3001G333700:5.51172e-05,NA,NA,HORVU.MOREX.r3.2HG0128270,HORVU.MOREX.r3.2HG0128270:0.000103808,NA,NA
5002160at2759,2,Zm00001eb100420,Zm00001eb100420:0.00281968,NA,NA,NA,NA,HORVU.MOREX.r3.1HG0095080,HORVU.MOREX.r3.1HG0095080:0.00104246,NA,NA
5002173at2759,2,Zm00001eb057180,Zm00001eb057180:0.000450347,NA,NA,NA,NA,NA,NA,AT4G35500,AT4G35500:0.000640093
5002325at2759,2,Zm00001eb377300,Zm00001eb377300:0.00152238,NA,NA,NA,NA,HORVU.MOREX.r3.7HG0645350,HORVU.MOREX.r3.7HG0645350:4.24568e-09,NA,NA
5002737at2759,2,Zm00001eb120370;Zm00001eb417200,Zm00001eb120370:0.00164972;Zm00001eb417200:0.00369615,NA,NA,NA,NA,NA,NA,AT1G09840,AT1G09840:0.00262255
5003622at2759,2,Zm00001eb243750,Zm00001eb243750:0.00123709,NA,NA,LOC_Os02g05550,LOC_Os02g05550:0.00144453,NA,NA,NA,NA
5003648at2759,2,Zm00001eb394950,Zm00001eb394950:0.00249745,SORBI_3001G376700,SORBI_3001G376700:5.51618e-05,NA,NA,NA,NA,NA,NA
5004212at2759,2,NA,NA,NA,NA,NA,NA,HORVU.MOREX.r3.1HG0094260,HORVU.MOREX.r3.1HG0094260:0.000263842,AT2G35990;AT4G35190,AT2G35990:0.0010418;AT4G35190:0.000144578
5004448at2759,2,Zm00001eb023810;Zm00001eb079380,Zm00001eb023810:0.00108975;Zm00001eb079380:0.000698002,NA,NA,NA,NA,NA,NA,AT5G07460,AT5G07460:0.000469848
5004521at2759,2,Zm00001eb118940;Zm00001eb222250;Zm00001eb390820,Zm00001eb118940:0.00147315;Zm00001eb222250:0.0013401;Zm00001eb390820:0.000123259,NA,NA,NA,NA,NA,NA,AT4G17090,AT4G17090:0.00244114
5004535at2759,2,Zm00001eb300740,Zm00001eb300740:0.00219601,NA,NA,NA,NA,HORVU.MOREX.r3.1HG0052290,HORVU.MOREX.r3.1HG0052290:0.000395757,NA,NA
5004538at2759,2,Zm00001eb298660,Zm00001eb298660:0.00136798,NA,NA,LOC_Os12g05790,LOC_Os12g05790:0.000500804,NA,NA,NA,NA
5004960at2759,2,Zm00001eb424010,Zm00001eb424010:3.32116e-05,NA,NA,NA,NA,HORVU.MOREX.r3.7HG0662100,HORVU.MOREX.r3.7HG0662100:0.00273239,NA,NA
5006073at2759,2,Zm00001eb034990;Zm00001eb072510;Zm00001eb376160,Zm00001eb034990:0.00133158;Zm00001eb072510:0.00101664;Zm00001eb376160:6.07898e-05,NA,NA,NA,NA,NA,NA,AT3G13080;AT3G59140,AT3G13080:7.74883e-05;AT3G59140:0.00217833
5012476at2759,2,Zm00001eb295080,Zm00001eb295080:0.00220279,NA,NA,NA,NA,NA,NA,AT5G38110,AT5G38110:0.00251292
5013265at2759,2,NA,NA,NA,NA,NA,NA,HORVU.MOREX.r3.6HG0545620,HORVU.MOREX.r3.6HG0545620:0.00284151,AT5G02500,AT5G02500:0.000878113
5013472at2759,2,Zm00001eb120410,Zm00001eb120410:0.000634773,NA,NA,NA,NA,NA,NA,AT2G21390,AT2G21390:0.00212423
5013741at2759,2,Zm00001eb121540;Zm00001eb346890,Zm00001eb121540:0.00229656;Zm00001eb346890:0.000401874,NA,NA,NA,NA,NA,NA,AT5G09890,AT5G09890:0.000956862
5014046at2759,2,NA,NA,SORBI_3010G257700;SORBI_3010G257800;SORBI_3010G258000,SORBI_3010G257700:0.000129951;SORBI_3010G257800:0.000129951;SORBI_3010G258000:0.000129951,NA,NA,NA,NA,AT2G21130,AT2G21130:5.64528e-05
5014220at2759,2,NA,NA,SORBI_3004G248900,SORBI_3004G248900:9.32744e-05,NA,NA,NA,NA,AT5G64650,AT5G64650:0.00240631
5014239at2759,2,Zm00001eb075650,Zm00001eb075650:0.00228762,NA,NA,NA,NA,NA,NA,AT3G55770,AT3G55770:0.00230756
5014569at2759,2,Zm00001eb420170,Zm00001eb420170:0.00294003,NA,NA,NA,NA,HORVU.MOREX.r3.2HG0209800,HORVU.MOREX.r3.2HG0209800:1.99003e-05,NA,NA
5014686at2759,2,Zm00001eb206930,Zm00001eb206930:0.000274411,NA,NA,NA,NA,HORVU.MOREX.r3.3HG0310450,HORVU.MOREX.r3.3HG0310450:0.00137921,NA,NA
5015019at2759,2,NA,NA,NA,NA,NA,NA,HORVU.MOREX.r3.7HG0641960,HORVU.MOREX.r3.7HG0641960:0.00158263,AT4G35010;AT4G36360;AT5G63800;AT5G63810,AT4G35010:0.00239742;AT4G36360:3.99057e-05;AT5G63800:0.000765579;AT5G63810:0.00154964
5015236at2759,2,Zm00001eb113880;Zm00001eb386990,Zm00001eb113880:0.00433789;Zm00001eb386990:0.00418768,NA,NA,NA,NA,NA,NA,AT5G20350,AT5G20350:0.00170598
5015694at2759,2,NA,NA,NA,NA,NA,NA,HORVU.MOREX.r3.5HG0532720,HORVU.MOREX.r3.5HG0532720:0.00262503,AT2G31865,AT2G31865:0.000481878
5015745at2759,2,Zm00001eb004550;Zm00001eb154590,Zm00001eb004550:0.00253337;Zm00001eb154590:0.00149798,NA,NA,NA,NA,NA,NA,AT1G23090,AT1G23090:0.00120889
5015996at2759,2,Zm00001eb099280;Zm00001eb206650,Zm00001eb099280:0.00115716;Zm00001eb206650:0.000788772,NA,NA,NA,NA,NA,NA,AT1G16190;AT5G38470,AT1G16190:0.00113534;AT5G38470:0.000524426
5016090at2759,2,Zm00001eb329190,Zm00001eb329190:0.00237845,NA,NA,LOC_Os07g06440,LOC_Os07g06440:0.00201145,NA,NA,NA,NA
5016131at2759,2,Zm00001eb191530,Zm00001eb191530:0.00037218,NA,NA,NA,NA,HORVU.MOREX.r3.6HG0628830,HORVU.MOREX.r3.6HG0628830:7.1548e-05,NA,NA
5017379at2759,2,Zm00001eb418760,Zm00001eb418760:0.000435421,NA,NA,NA,NA,NA,NA,AT5G26667,AT5G26667:0.00227187
5017643at2759,2,Zm00001eb368150,Zm00001eb368150:0.00071687,NA,NA,NA,NA,HORVU.MOREX.r3.1HG0073070,HORVU.MOREX.r3.1HG0073070:0.00235964,NA,NA
5017687at2759,2,Zm00001eb140270;Zm00001eb433660,Zm00001eb140270:0.000561153;Zm00001eb433660:0.0045964,NA,NA,NA,NA,NA,NA,AT1G43560,AT1G43560:0.00243586
5017809at2759,2,NA,NA,NA,NA,NA,NA,HORVU.MOREX.r3.5HG0510870,HORVU.MOREX.r3.5HG0510870:0.00131615,AT3G51420;AT3G51440,AT3G51420:0.000421645;AT3G51440:0.000619985
5018207at2759,2,Zm00001eb369940,Zm00001eb369940:0.00366045,NA,NA,NA,NA,NA,NA,AT2G36670,AT2G36670:0.000395926
5018439at2759,2,Zm00001eb303240,Zm00001eb303240:0.00080333,NA,NA,NA,NA,HORVU.MOREX.r3.5HG0523110,HORVU.MOREX.r3.5HG0523110:0.000193195,NA,NA
5018523at2759,2,NA,NA,SORBI_3001G016200,SORBI_3001G016200:0.000100703,NA,NA,HORVU.MOREX.r3.6HG0558840,HORVU.MOREX.r3.6HG0558840:4.58786e-05,NA,NA
5018817at2759,2,Zm00001eb342980,Zm00001eb342980:0.000323514,NA,NA,NA,NA,NA,NA,AT1G03250,AT1G03250:0.000605392
5018991at2759,2,Zm00001eb038270,Zm00001eb038270:0.00123057,NA,NA,NA,NA,HORVU.MOREX.r3.4HG0403430,HORVU.MOREX.r3.4HG0403430:3.29473e-05,NA,NA
5019055at2759,2,Zm00001eb331570,Zm00001eb331570:0.0044475,NA,NA,NA,NA,HORVU.MOREX.r3.2HG0108040,HORVU.MOREX.r3.2HG0108040:0.00104127,NA,NA
5019080at2759,2,Zm00001eb402540,Zm00001eb402540:0.000824493,NA,NA,NA,NA,NA,NA,AT2G17190,AT2G17190:0.00103241
5019134at2759,2,Zm00001eb007600,Zm00001eb007600:0.00314721,NA,NA,LOC_Os03g02050,LOC_Os03g02050:0.0017931,NA,NA,NA,NA
5020123at2759,2,Zm00001eb137860,Zm00001eb137860:0.00409356,NA,NA,NA,NA,HORVU.MOREX.r3.2HG0104890,HORVU.MOREX.r3.2HG0104890:4.92742e-05,NA,NA
5020459at2759,2,NA,NA,SORBI_3001G023900,SORBI_3001G023900:5.51535e-05,NA,NA,HORVU.MOREX.r3.3HG0330940,HORVU.MOREX.r3.3HG0330940:0.000993371,NA,NA
5020876at2759,2,Zm00001eb212180,Zm00001eb212180:0.00445185,NA,NA,NA,NA,NA,NA,AT5G20180,AT5G20180:0.00254305
50260at38820,2,Zm00001eb366280,Zm00001eb366280:0.000282388,NA,NA,NA,NA,HORVU.MOREX.r3.3HG0307630,HORVU.MOREX.r3.3HG0307630:1.34732e-05,NA,NA
50260at4447,2,Zm00001eb366280,Zm00001eb366280:0.000282388,NA,NA,NA,NA,HORVU.MOREX.r3.3HG0307630,HORVU.MOREX.r3.3HG0307630:1.34732e-05,NA,NA
502986at3193,2,Zm00001eb057500,Zm00001eb057500:0.00404676,NA,NA,NA,NA,HORVU.MOREX.r3.5HG0511110,HORVU.MOREX.r3.5HG0511110:0.000400078,NA,NA
503312at3193,2,Zm00001eb007600,Zm00001eb007600:0.00314721,NA,NA,LOC_Os03g02050,LOC_Os03g02050:0.0017931,NA,NA,NA,NA
503312at33090,2,Zm00001eb007600,Zm00001eb007600:0.00314721,NA,NA,LOC_Os03g02050,LOC_Os03g02050:0.0017931,NA,NA,NA,NA
503512at3193,2,Zm00001eb161610,Zm00001eb161610:0.00421771,NA,NA,NA,NA,HORVU.MOREX.r3.3HG0270430,HORVU.MOREX.r3.3HG0270430:0.00170204,NA,NA
503512at33090,2,Zm00001eb161610,Zm00001eb161610:0.00421771,NA,NA,NA,NA,HORVU.MOREX.r3.3HG0270430,HORVU.MOREX.r3.3HG0270430:0.00170204,NA,NA
50398at4447,2,Zm00001eb424060;Zm00001eb431930,Zm00001eb424060:0.00190702;Zm00001eb431930:0.00459931,NA,NA,LOC_Os04g04590,LOC_Os04g04590:0.00236254,NA,NA,NA,NA
505121at2759,2,Zm00001eb159390,Zm00001eb159390:0.00395054,SORBI_3003G226800,SORBI_3003G226800:3.23362e-05,NA,NA,NA,NA,NA,NA
505165at2759,2,NA,NA,NA,NA,NA,NA,HORVU.MOREX.r3.5HG0512750,HORVU.MOREX.r3.5HG0512750:0.00190209,AT5G66850,AT5G66850:0.00137522
505165at3193,2,NA,NA,NA,NA,NA,NA,HORVU.MOREX.r3.5HG0512750,HORVU.MOREX.r3.5HG0512750:0.00190209,AT5G66850,AT5G66850:0.00137522
505165at33090,2,NA,NA,NA,NA,NA,NA,HORVU.MOREX.r3.5HG0512750,HORVU.MOREX.r3.5HG0512750:0.00190209,AT5G66850,AT5G66850:0.00137522
505948at3193,2,Zm00001eb212400,Zm00001eb212400:0.00170799,NA,NA,NA,NA,HORVU.MOREX.r3.5HG0523150,HORVU.MOREX.r3.5HG0523150:0.00165472,NA,NA
505948at33090,2,Zm00001eb212400,Zm00001eb212400:0.00170799,NA,NA,NA,NA,HORVU.MOREX.r3.5HG0523150,HORVU.MOREX.r3.5HG0523150:0.00165472,NA,NA
50641at38820,2,Zm00001eb242740,Zm00001eb242740:0.00390581,SORBI_3006G068700;SORBI_3006G068800,SORBI_3006G068700:2.2425e-09;SORBI_3006G068800:2.2425e-09,NA,NA,NA,NA,NA,NA
50641at4447,2,Zm00001eb242740,Zm00001eb242740:0.00390581,SORBI_3006G068700;SORBI_3006G068800,SORBI_3006G068700:2.2425e-09;SORBI_3006G068800:2.2425e-09,NA,NA,NA,NA,NA,NA
508779at2759,2,NA,NA,NA,NA,NA,NA,HORVU.MOREX.r3.4HG0341300,HORVU.MOREX.r3.4HG0341300:0.000183645,AT5G09380,AT5G09380:0.000693639
508779at3193,2,NA,NA,NA,NA,NA,NA,HORVU.MOREX.r3.4HG0341300,HORVU.MOREX.r3.4HG0341300:0.000183645,AT5G09380,AT5G09380:0.000693639
508779at33090,2,NA,NA,NA,NA,NA,NA,HORVU.MOREX.r3.4HG0341300,HORVU.MOREX.r3.4HG0341300:0.000183645,AT5G09380,AT5G09380:0.000693639
511564at3193,2,Zm00001eb194830,Zm00001eb194830:0.00350824,NA,NA,NA,NA,NA,NA,AT1G23550,AT1G23550:0.00263946
511564at33090,2,Zm00001eb194830,Zm00001eb194830:0.00350824,NA,NA,NA,NA,NA,NA,AT1G23550,AT1G23550:0.00263946
51318at38820,2,Zm00001eb325360,Zm00001eb325360:0.00237857,SORBI_3001G296800,SORBI_3001G296800:5.42259e-05,NA,NA,NA,NA,NA,NA
51318at4447,2,Zm00001eb325360,Zm00001eb325360:0.00237857,SORBI_3001G296800,SORBI_3001G296800:5.42259e-05,NA,NA,NA,NA,NA,NA
513932at33090,2,Zm00001eb298660,Zm00001eb298660:0.00136798,NA,NA,LOC_Os12g05790,LOC_Os12g05790:0.000500804,NA,NA,NA,NA
517397at33090,2,Zm00001eb120370;Zm00001eb417200,Zm00001eb120370:0.00164972;Zm00001eb417200:0.00369615,NA,NA,NA,NA,NA,NA,AT1G09840,AT1G09840:0.00262255
51815at38820,2,Zm00001eb071570,Zm00001eb071570:0.00186944,SORBI_3006G206700,SORBI_3006G206700:1.60805e-05,NA,NA,NA,NA,NA,NA
51815at4447,2,Zm00001eb071570,Zm00001eb071570:0.00186944,SORBI_3006G206700,SORBI_3006G206700:1.60805e-05,NA,NA,NA,NA,NA,NA
518302at3193,2,Zm00001eb403950,Zm00001eb403950:0.00244026,NA,NA,NA,NA,NA,NA,AT1G12600,AT1G12600:0.000210342
51831at38820,2,Zm00001eb116400,Zm00001eb116400:0.00070764,NA,NA,LOC_Os07g01940,LOC_Os07g01940:0.00213291,NA,NA,NA,NA
51831at4447,2,Zm00001eb116400,Zm00001eb116400:0.00070764,NA,NA,LOC_Os07g01940,LOC_Os07g01940:0.00213291,NA,NA,NA,NA
519240at3193,2,Zm00001eb147900,Zm00001eb147900:0.00122994,NA,NA,NA,NA,HORVU.MOREX.r3.3HG0301920,HORVU.MOREX.r3.3HG0301920:0.000630656,NA,NA
519240at33090,2,Zm00001eb147900,Zm00001eb147900:0.00122994,NA,NA,NA,NA,HORVU.MOREX.r3.3HG0301920,HORVU.MOREX.r3.3HG0301920:0.000630656,NA,NA
520107at2759,2,Zm00001eb008400,Zm00001eb008400:0.00462573,NA,NA,NA,NA,NA,NA,AT5G26360,AT5G26360:1.37518e-05
521813at2759,2,NA,NA,NA,NA,NA,NA,HORVU.MOREX.r3.3HG0274780;HORVU.MOREX.r3.7HG0733480;HORVU.MOREX.r3.7HG0733490,HORVU.MOREX.r3.3HG0274780:1.71714e-05;HORVU.MOREX.r3.7HG0733480:1.57956e-06;HORVU.MOREX.r3.7HG0733490:1.57956e-06,AT1G70410,AT1G70410:0.00262799
521813at3193,2,NA,NA,NA,NA,NA,NA,HORVU.MOREX.r3.3HG0274780;HORVU.MOREX.r3.7HG0733480;HORVU.MOREX.r3.7HG0733490,HORVU.MOREX.r3.3HG0274780:1.71714e-05;HORVU.MOREX.r3.7HG0733480:1.57956e-06;HORVU.MOREX.r3.7HG0733490:1.57956e-06,AT1G70410,AT1G70410:0.00262799
521813at33090,2,NA,NA,NA,NA,NA,NA,HORVU.MOREX.r3.3HG0274780;HORVU.MOREX.r3.7HG0733480;HORVU.MOREX.r3.7HG0733490,HORVU.MOREX.r3.3HG0274780:1.71714e-05;HORVU.MOREX.r3.7HG0733480:1.57956e-06;HORVU.MOREX.r3.7HG0733490:1.57956e-06,AT1G70410,AT1G70410:0.00262799
523026at3193,2,Zm00001eb256120,Zm00001eb256120:0.00225281,NA,NA,NA,NA,HORVU.MOREX.r3.3HG0220930;HORVU.MOREX.r3.6HG0619230,HORVU.MOREX.r3.3HG0220930:0.0022167;HORVU.MOREX.r3.6HG0619230:0.000655793,NA,NA
523026at33090,2,Zm00001eb256120,Zm00001eb256120:0.00225281,NA,NA,NA,NA,HORVU.MOREX.r3.3HG0220930;HORVU.MOREX.r3.6HG0619230,HORVU.MOREX.r3.3HG0220930:0.0022167;HORVU.MOREX.r3.6HG0619230:0.000655793,NA,NA
528963at3193,2,Zm00001eb209570,Zm00001eb209570:0.00133914,NA,NA,NA,NA,NA,NA,AT1G20630;AT4G35090,AT1G20630:0.00225402;AT4G35090:0.000843634
528963at33090,2,Zm00001eb209570,Zm00001eb209570:0.00133914,NA,NA,NA,NA,NA,NA,AT1G20630;AT4G35090,AT1G20630:0.00225402;AT4G35090:0.000843634
529367at3193,2,Zm00001eb065770;Zm00001eb434010,Zm00001eb065770:0.00110841;Zm00001eb434010:0.000916723,NA,NA,NA,NA,NA,NA,AT4G25550,AT4G25550:0.000623915
529367at33090,2,Zm00001eb065770;Zm00001eb434010,Zm00001eb065770:0.00110841;Zm00001eb434010:0.000916723,NA,NA,NA,NA,NA,NA,AT4G25550,AT4G25550:0.000623915
529386at3193,2,Zm00001eb163250,Zm00001eb163250:0.00223847,NA,NA,NA,NA,NA,NA,AT3G08530,AT3G08530:6.62356e-05
529410at3193,2,Zm00001eb292390,Zm00001eb292390:0.00176598,NA,NA,NA,NA,NA,NA,AT1G48900,AT1G48900:0.00224105
529410at33090,2,Zm00001eb292390,Zm00001eb292390:0.00176598,NA,NA,NA,NA,NA,NA,AT1G48900,AT1G48900:0.00224105
529557at3193,2,Zm00001eb101090,Zm00001eb101090:0.00379489,NA,NA,NA,NA,NA,NA,AT4G24620,AT4G24620:0.00159099
529557at33090,2,Zm00001eb101090,Zm00001eb101090:0.00379489,NA,NA,NA,NA,NA,NA,AT4G24620,AT4G24620:0.00159099
529827at3193,2,Zm00001eb320430;Zm00001eb432420,Zm00001eb320430:0.000495608;Zm00001eb432420:0.000228283,SORBI_3007G088000,SORBI_3007G088000:2.5053e-09,NA,NA,NA,NA,NA,NA
529987at3193,2,Zm00001eb116400,Zm00001eb116400:0.00070764,NA,NA,LOC_Os07g01940,LOC_Os07g01940:0.00213291,NA,NA,NA,NA
530497at3193,2,Zm00001eb372310,Zm00001eb372310:5.8844e-06,NA,NA,NA,NA,NA,NA,AT1G74460,AT1G74460:0.000180267
530497at33090,2,Zm00001eb372310,Zm00001eb372310:5.8844e-06,NA,NA,NA,NA,NA,NA,AT1G74460,AT1G74460:0.000180267
530872at3193,2,NA,NA,NA,NA,LOC_Os02g07700,LOC_Os02g07700:0.00200542,HORVU.MOREX.r3.1HG0091010;HORVU.MOREX.r3.7HG0648080,HORVU.MOREX.r3.1HG0091010:0.00144519;HORVU.MOREX.r3.7HG0648080:0.000348323,NA,NA
530872at33090,2,NA,NA,NA,NA,LOC_Os02g07700,LOC_Os02g07700:0.00200542,HORVU.MOREX.r3.1HG0091010;HORVU.MOREX.r3.7HG0648080,HORVU.MOREX.r3.1HG0091010:0.00144519;HORVU.MOREX.r3.7HG0648080:0.000348323,NA,NA
530978at3193,2,Zm00001eb374410,Zm00001eb374410:0.0023928,NA,NA,NA,NA,NA,NA,AT4G00110,AT4G00110:0.000113357
531009at2759,2,Zm00001eb402600,Zm00001eb402600:0.00152072,NA,NA,NA,NA,NA,NA,AT1G42430,AT1G42430:0.000615516
531009at3193,2,Zm00001eb402600,Zm00001eb402600:0.00152072,NA,NA,NA,NA,NA,NA,AT1G42430,AT1G42430:0.000615516
531009at33090,2,Zm00001eb402600,Zm00001eb402600:0.00152072,NA,NA,NA,NA,NA,NA,AT1G42430,AT1G42430:0.000615516
531126at2759,2,NA,NA,NA,NA,LOC_Os05g01160,LOC_Os05g01160:0.000707667,HORVU.MOREX.r3.3HG0329530,HORVU.MOREX.r3.3HG0329530:0.00265337,NA,NA
531126at3193,2,NA,NA,NA,NA,LOC_Os05g01160,LOC_Os05g01160:0.000707667,HORVU.MOREX.r3.3HG0329530,HORVU.MOREX.r3.3HG0329530:0.00265337,NA,NA
531126at33090,2,NA,NA,NA,NA,LOC_Os05g01160,LOC_Os05g01160:0.000707667,HORVU.MOREX.r3.3HG0329530,HORVU.MOREX.r3.3HG0329530:0.00265337,NA,NA
53199at38820,2,Zm00001eb217500,Zm00001eb217500:0.00140911,NA,NA,NA,NA,HORVU.MOREX.r3.4HG0333970,HORVU.MOREX.r3.4HG0333970:0.000144304,NA,NA
53199at4447,2,Zm00001eb217500,Zm00001eb217500:0.00140911,NA,NA,NA,NA,HORVU.MOREX.r3.4HG0333970,HORVU.MOREX.r3.4HG0333970:0.000144304,NA,NA
53273at38820,2,Zm00001eb040890,Zm00001eb040890:0.00229025,NA,NA,NA,NA,HORVU.MOREX.r3.1HG0058280,HORVU.MOREX.r3.1HG0058280:0.000346158,NA,NA
53273at4447,2,Zm00001eb040890,Zm00001eb040890:0.00229025,NA,NA,NA,NA,HORVU.MOREX.r3.1HG0058280,HORVU.MOREX.r3.1HG0058280:0.000346158,NA,NA
534216at33090,2,Zm00001eb191710,Zm00001eb191710:2.65612e-05,NA,NA,NA,NA,NA,NA,AT5G02270,AT5G02270:0.000197579
534485at2759,2,Zm00001eb057200,Zm00001eb057200:0.000450347,NA,NA,NA,NA,NA,NA,AT4G16440,AT4G16440:0.00266194
534671at2759,2,Zm00001eb190340,Zm00001eb190340:0.00251109,SORBI_3004G247000,SORBI_3004G247000:3.48137e-05,NA,NA,NA,NA,NA,NA
534705at3193,2,Zm00001eb399680,Zm00001eb399680:1.23757e-05,NA,NA,NA,NA,NA,NA,AT2G01110,AT2G01110:0.00172194
535179at2759,2,Zm00001eb355790,Zm00001eb355790:0.00461805,NA,NA,NA,NA,NA,NA,AT2G28900,AT2G28900:7.82204e-05
535179at3193,2,Zm00001eb355790,Zm00001eb355790:0.00461805,NA,NA,NA,NA,NA,NA,AT2G28900,AT2G28900:7.82204e-05
535179at33090,2,Zm00001eb355790,Zm00001eb355790:0.00461805,NA,NA,NA,NA,NA,NA,AT2G28900,AT2G28900:7.82204e-05
535679at3193,2,Zm00001eb079180;Zm00001eb261530,Zm00001eb079180:0.00454669;Zm00001eb261530:0.000845163,NA,NA,NA,NA,NA,NA,AT1G24350,AT1G24350:0.000523508
536006at3193,2,Zm00001eb368150,Zm00001eb368150:0.00071687,NA,NA,NA,NA,HORVU.MOREX.r3.1HG0073070,HORVU.MOREX.r3.1HG0073070:0.00235964,NA,NA
536220at3193,2,Zm00001eb191530,Zm00001eb191530:0.00037218,NA,NA,NA,NA,HORVU.MOREX.r3.6HG0628830,HORVU.MOREX.r3.6HG0628830:7.1548e-05,NA,NA
538611at3193,2,Zm00001eb359760,Zm00001eb359760:0.000630242,NA,NA,NA,NA,NA,NA,AT4G18260,AT4G18260:0.00183108
540042at3193,2,NA,NA,SORBI_3003G161600,SORBI_3003G161600:1.23411e-05,NA,NA,HORVU.MOREX.r3.3HG0219800,HORVU.MOREX.r3.3HG0219800:0.00214127,NA,NA
540112at3193,2,Zm00001eb290310,Zm00001eb290310:0.000102904,SORBI_3003G341600,SORBI_3003G341600:9.25933e-06,NA,NA,NA,NA,NA,NA
540403at3193,2,Zm00001eb043120,Zm00001eb043120:0.00117009,NA,NA,NA,NA,HORVU.MOREX.r3.3HG0315590,HORVU.MOREX.r3.3HG0315590:4.11637e-05,NA,NA
54065at38820,2,Zm00001eb378900,Zm00001eb378900:0.000235588,NA,NA,NA,NA,HORVU.MOREX.r3.7HG0640490,HORVU.MOREX.r3.7HG0640490:4.80148e-05,NA,NA
54065at4447,2,Zm00001eb378900,Zm00001eb378900:0.000235588,NA,NA,NA,NA,HORVU.MOREX.r3.7HG0640490,HORVU.MOREX.r3.7HG0640490:4.80148e-05,NA,NA
540850at2759,2,Zm00001eb187660;Zm00001eb428280;Zm00001eb428290,Zm00001eb187660:0.00123661;Zm00001eb428280:0.0015189;Zm00001eb428290:0.0015189,NA,NA,NA,NA,NA,NA,AT4G18205,AT4G18205:0.00164093
540850at3193,2,Zm00001eb187660;Zm00001eb428280;Zm00001eb428290,Zm00001eb187660:0.00123661;Zm00001eb428280:0.0015189;Zm00001eb428290:0.0015189,NA,NA,NA,NA,NA,NA,AT4G18205,AT4G18205:0.00164093
540850at33090,2,Zm00001eb187660;Zm00001eb428280;Zm00001eb428290,Zm00001eb187660:0.00123661;Zm00001eb428280:0.0015189;Zm00001eb428290:0.0015189,NA,NA,NA,NA,NA,NA,AT4G18205,AT4G18205:0.00164093
541675at2759,2,NA,NA,NA,NA,NA,NA,HORVU.MOREX.r3.5HG0511250,HORVU.MOREX.r3.5HG0511250:0.00112185,AT1G24260,AT1G24260:0.000365137
541675at3193,2,NA,NA,NA,NA,NA,NA,HORVU.MOREX.r3.5HG0511250,HORVU.MOREX.r3.5HG0511250:0.00112185,AT1G24260,AT1G24260:0.000365137
541675at33090,2,NA,NA,NA,NA,NA,NA,HORVU.MOREX.r3.5HG0511250,HORVU.MOREX.r3.5HG0511250:0.00112185,AT1G24260,AT1G24260:0.000365137
541798at2759,2,NA,NA,NA,NA,NA,NA,HORVU.MOREX.r3.6HG0626050,HORVU.MOREX.r3.6HG0626050:0.00221427,AT1G18630,AT1G18630:0.00232281
543746at33090,2,Zm00001eb330740,Zm00001eb330740:0.00208468,NA,NA,NA,NA,HORVU.MOREX.r3.2HG0111810,HORVU.MOREX.r3.2HG0111810:0.0014822,NA,NA
544015at3193,2,Zm00001eb298660,Zm00001eb298660:0.00136798,NA,NA,LOC_Os12g05790,LOC_Os12g05790:0.000500804,NA,NA,NA,NA
544788at3193,2,Zm00001eb291210,Zm00001eb291210:0.00190013,NA,NA,NA,NA,HORVU.MOREX.r3.1HG0070000,HORVU.MOREX.r3.1HG0070000:0.00198196,NA,NA
545400at2759,2,Zm00001eb191510;Zm00001eb258820,Zm00001eb191510:0.00037218;Zm00001eb258820:8.60146e-05,NA,NA,NA,NA,NA,NA,AT2G20300,AT2G20300:0.00117117
545400at3193,2,Zm00001eb191510;Zm00001eb258820,Zm00001eb191510:0.00037218;Zm00001eb258820:8.60146e-05,NA,NA,NA,NA,NA,NA,AT2G20300,AT2G20300:0.00117117
545400at33090,2,Zm00001eb191510;Zm00001eb258820,Zm00001eb191510:0.00037218;Zm00001eb258820:8.60146e-05,NA,NA,NA,NA,NA,NA,AT2G20300,AT2G20300:0.00117117
54549at38820,2,Zm00001eb278980,Zm00001eb278980:0.000143367,NA,NA,NA,NA,HORVU.MOREX.r3.2HG0103880,HORVU.MOREX.r3.2HG0103880:0.00100839,NA,NA
54549at4447,2,Zm00001eb278980,Zm00001eb278980:0.000143367,NA,NA,NA,NA,HORVU.MOREX.r3.2HG0103880,HORVU.MOREX.r3.2HG0103880:0.00100839,NA,NA
546201at3193,2,Zm00001eb363130,Zm00001eb363130:0.00349968,NA,NA,NA,NA,HORVU.MOREX.r3.3HG0319800,HORVU.MOREX.r3.3HG0319800:8.07627e-05,NA,NA
546201at33090,2,Zm00001eb363130,Zm00001eb363130:0.00349968,NA,NA,NA,NA,HORVU.MOREX.r3.3HG0319800,HORVU.MOREX.r3.3HG0319800:8.07627e-05,NA,NA
54690at38820,2,Zm00001eb331000,Zm00001eb331000:0.00136963,NA,NA,NA,NA,HORVU.MOREX.r3.3HG0255050,HORVU.MOREX.r3.3HG0255050:0.00206976,NA,NA
54690at4447,2,Zm00001eb331000,Zm00001eb331000:0.00136963,NA,NA,NA,NA,HORVU.MOREX.r3.3HG0255050,HORVU.MOREX.r3.3HG0255050:0.00206976,NA,NA
548267at2759,2,Zm00001eb157080,Zm00001eb157080:0.000474133,NA,NA,LOC_Os01g06740,LOC_Os01g06740:0.00108337,NA,NA,NA,NA
548267at3193,2,Zm00001eb157080,Zm00001eb157080:0.000474133,NA,NA,LOC_Os01g06740,LOC_Os01g06740:0.00108337,NA,NA,NA,NA
548267at33090,2,Zm00001eb157080,Zm00001eb157080:0.000474133,NA,NA,LOC_Os01g06740,LOC_Os01g06740:0.00108337,NA,NA,NA,NA
551286at2759,2,Zm00001eb373100,Zm00001eb373100:0.000673961,NA,NA,NA,NA,HORVU.MOREX.r3.7HG0664030,HORVU.MOREX.r3.7HG0664030:0.00148635,NA,NA
551286at3193,2,Zm00001eb373100,Zm00001eb373100:0.000673961,NA,NA,NA,NA,HORVU.MOREX.r3.7HG0664030,HORVU.MOREX.r3.7HG0664030:0.00148635,NA,NA
551286at33090,2,Zm00001eb373100,Zm00001eb373100:0.000673961,NA,NA,NA,NA,HORVU.MOREX.r3.7HG0664030,HORVU.MOREX.r3.7HG0664030:0.00148635,NA,NA
552354at2759,2,Zm00001eb143140,Zm00001eb143140:0.000227571,NA,NA,NA,NA,HORVU.MOREX.r3.3HG0310750,HORVU.MOREX.r3.3HG0310750:0.00281965,NA,NA
552354at3193,2,Zm00001eb143140,Zm00001eb143140:0.000227571,NA,NA,NA,NA,HORVU.MOREX.r3.3HG0310750,HORVU.MOREX.r3.3HG0310750:0.00281965,NA,NA
552354at33090,2,Zm00001eb143140,Zm00001eb143140:0.000227571,NA,NA,NA,NA,HORVU.MOREX.r3.3HG0310750,HORVU.MOREX.r3.3HG0310750:0.00281965,NA,NA
557225at33090,2,Zm00001eb163480;Zm00001eb292760;Zm00001eb330600,Zm00001eb163480:0.00309374;Zm00001eb292760:0.002135;Zm00001eb330600:0.00163006,NA,NA,NA,NA,NA,NA,AT4G18700;AT5G21326,AT4G18700:0.00256042;AT5G21326:0.00262467
56234at38820,2,Zm00001eb302270,Zm00001eb302270:0.00426285,NA,NA,NA,NA,HORVU.MOREX.r3.7HG0639300,HORVU.MOREX.r3.7HG0639300:0.00183795,NA,NA
56493at38820,2,Zm00001eb117190,Zm00001eb117190:0.00311659,NA,NA,NA,NA,HORVU.MOREX.r3.2HG0139400,HORVU.MOREX.r3.2HG0139400:0.00119027,NA,NA
56493at4447,2,Zm00001eb117190,Zm00001eb117190:0.00311659,NA,NA,NA,NA,HORVU.MOREX.r3.2HG0139400,HORVU.MOREX.r3.2HG0139400:0.00119027,NA,NA
569036at2759,2,Zm00001eb330740,Zm00001eb330740:0.00208468,NA,NA,NA,NA,HORVU.MOREX.r3.2HG0111810,HORVU.MOREX.r3.2HG0111810:0.0014822,NA,NA
56904at38820,2,Zm00001eb015890;Zm00001eb330760,Zm00001eb015890:0.00181942;Zm00001eb330760:0.00208468,NA,NA,NA,NA,HORVU.MOREX.r3.2HG0111790,HORVU.MOREX.r3.2HG0111790:0.0014822,NA,NA
56904at4447,2,Zm00001eb015890;Zm00001eb330760,Zm00001eb015890:0.00181942;Zm00001eb330760:0.00208468,NA,NA,NA,NA,HORVU.MOREX.r3.2HG0111790,HORVU.MOREX.r3.2HG0111790:0.0014822,NA,NA
5698at38820,2,Zm00001eb147900,Zm00001eb147900:0.00122994,NA,NA,NA,NA,HORVU.MOREX.r3.3HG0301920,HORVU.MOREX.r3.3HG0301920:0.000630656,NA,NA
5698at4447,2,Zm00001eb147900,Zm00001eb147900:0.00122994,NA,NA,NA,NA,HORVU.MOREX.r3.3HG0301920,HORVU.MOREX.r3.3HG0301920:0.000630656,NA,NA
57254at38820,2,Zm00001eb101380,Zm00001eb101380:0.00343485,NA,NA,NA,NA,HORVU.MOREX.r3.5HG0488570,HORVU.MOREX.r3.5HG0488570:0.00178578,NA,NA
57254at4447,2,Zm00001eb101380;Zm00001eb380650,Zm00001eb101380:0.00343485;Zm00001eb380650:0.00169336,NA,NA,NA,NA,HORVU.MOREX.r3.5HG0488570,HORVU.MOREX.r3.5HG0488570:0.00178578,NA,NA
57384at38820,2,Zm00001eb368150,Zm00001eb368150:0.00071687,NA,NA,NA,NA,HORVU.MOREX.r3.1HG0073070,HORVU.MOREX.r3.1HG0073070:0.00235964,NA,NA
57782at4447,2,Zm00001eb325820,Zm00001eb325820:0.00437747,SORBI_3002G355500,SORBI_3002G355500:7.44519e-05,NA,NA,NA,NA,NA,NA
58029at33090,2,Zm00001eb057180,Zm00001eb057180:0.000450347,NA,NA,NA,NA,NA,NA,AT4G35500,AT4G35500:0.000640093
58113at38820,2,Zm00001eb434030,Zm00001eb434030:0.00106804,SORBI_3006G272600,SORBI_3006G272600:4.16316e-10,NA,NA,NA,NA,NA,NA
58113at4447,2,Zm00001eb434030,Zm00001eb434030:0.00106804,SORBI_3006G272600,SORBI_3006G272600:4.16316e-10,NA,NA,NA,NA,NA,NA
583067at3193,2,Zm00001eb061450,Zm00001eb061450:0.000826143,NA,NA,NA,NA,HORVU.MOREX.r3.5HG0491570,HORVU.MOREX.r3.5HG0491570:6.19405e-05,NA,NA
583067at33090,2,Zm00001eb061450,Zm00001eb061450:0.000826143,NA,NA,NA,NA,HORVU.MOREX.r3.5HG0491570,HORVU.MOREX.r3.5HG0491570:6.19405e-05,NA,NA
58348at38820,2,Zm00001eb352820,Zm00001eb352820:0.0033126,SORBI_3003G225000;SORBI_3003G309900,SORBI_3003G225000:4.85292e-05;SORBI_3003G309900:9.85633e-06,NA,NA,NA,NA,NA,NA
58348at4447,2,Zm00001eb352820,Zm00001eb352820:0.0033126,SORBI_3003G225000;SORBI_3003G309900,SORBI_3003G225000:4.85292e-05;SORBI_3003G309900:9.85633e-06,NA,NA,NA,NA,NA,NA
583524at3193,2,Zm00001eb122860,Zm00001eb122860:0.0019452,NA,NA,NA,NA,NA,NA,AT3G15730,AT3G15730:0.00146691
584115at3193,2,Zm00001eb344490,Zm00001eb344490:0.000485628,NA,NA,NA,NA,HORVU.MOREX.r3.1HG0091430,HORVU.MOREX.r3.1HG0091430:0.00161567,NA,NA
584115at33090,2,Zm00001eb344490,Zm00001eb344490:0.000485628,NA,NA,NA,NA,HORVU.MOREX.r3.1HG0091430,HORVU.MOREX.r3.1HG0091430:0.00161567,NA,NA
584116at3193,2,Zm00001eb160620,Zm00001eb160620:0.00435772,NA,NA,LOC_Os01g05870,LOC_Os01g05870:0.00209126,NA,NA,NA,NA
584116at33090,2,Zm00001eb160620,Zm00001eb160620:0.00435772,NA,NA,LOC_Os01g05870,LOC_Os01g05870:0.00209126,NA,NA,NA,NA
58445at38820,2,Zm00001eb014150,Zm00001eb014150:0.000209438,SORBI_3001G399400,SORBI_3001G399400:2.9157e-06,NA,NA,NA,NA,NA,NA
58445at4447,2,Zm00001eb014150,Zm00001eb014150:0.000209438,SORBI_3001G399400,SORBI_3001G399400:2.9157e-06,NA,NA,NA,NA,NA,NA
584699at3193,2,NA,NA,NA,NA,NA,NA,HORVU.MOREX.r3.7HG0651280,HORVU.MOREX.r3.7HG0651280:0.000124395,AT1G15950,AT1G15950:0.00195533
584720at2759,2,Zm00001eb107720,Zm00001eb107720:0.00194565,NA,NA,NA,NA,HORVU.MOREX.r3.2HG0131310,HORVU.MOREX.r3.2HG0131310:0.00240455,NA,NA
584720at3193,2,Zm00001eb107720,Zm00001eb107720:0.00194565,NA,NA,NA,NA,HORVU.MOREX.r3.2HG0131310,HORVU.MOREX.r3.2HG0131310:0.00240455,NA,NA
584720at33090,2,Zm00001eb107720,Zm00001eb107720:0.00194565,NA,NA,NA,NA,HORVU.MOREX.r3.2HG0131310,HORVU.MOREX.r3.2HG0131310:0.00240455,NA,NA
585262at3193,2,Zm00001eb270630,Zm00001eb270630:0.00430354,NA,NA,NA,NA,HORVU.MOREX.r3.2HG0097240,HORVU.MOREX.r3.2HG0097240:8.65481e-05,NA,NA
585553at3193,2,Zm00001eb342980,Zm00001eb342980:0.000323514,NA,NA,NA,NA,NA,NA,AT1G03250,AT1G03250:0.000605392
585553at33090,2,Zm00001eb342980,Zm00001eb342980:0.000323514,NA,NA,NA,NA,NA,NA,AT1G03250,AT1G03250:0.000605392
585672at3193,2,Zm00001eb190340,Zm00001eb190340:0.00251109,SORBI_3004G247000,SORBI_3004G247000:3.48137e-05,NA,NA,NA,NA,NA,NA
586569at3193,2,Zm00001eb162210;Zm00001eb356840,Zm00001eb162210:0.00364514;Zm00001eb356840:0.00175721,NA,NA,NA,NA,NA,NA,AT4G32940,AT4G32940:0.00110909
586569at33090,2,Zm00001eb162210;Zm00001eb356840,Zm00001eb162210:0.00364514;Zm00001eb356840:0.00175721,NA,NA,NA,NA,NA,NA,AT4G32940,AT4G32940:0.00110909
58695at38820,2,Zm00001eb267510,Zm00001eb267510:0.00314358,NA,NA,NA,NA,HORVU.MOREX.r3.1HG0002660,HORVU.MOREX.r3.1HG0002660:0.0015472,NA,NA
58695at4447,2,Zm00001eb267510,Zm00001eb267510:0.00314358,NA,NA,NA,NA,HORVU.MOREX.r3.1HG0002660,HORVU.MOREX.r3.1HG0002660:0.0015472,NA,NA
587307at3193,2,NA,NA,NA,NA,NA,NA,HORVU.MOREX.r3.1HG0006570,HORVU.MOREX.r3.1HG0006570:0.00261864,AT4G25590;AT5G59880,AT4G25590:0.00010457;AT5G59880:0.00154505
587343at3193,2,Zm00001eb093410;Zm00001eb369270,Zm00001eb093410:0.00218079;Zm00001eb369270:0.00250539,SORBI_3003G225200,SORBI_3003G225200:4.85292e-05,NA,NA,NA,NA,NA,NA
587379at2759,2,NA,NA,SORBI_3001G333900,SORBI_3001G333900:5.51172e-05,NA,NA,NA,NA,AT5G07920,AT5G07920:0.00162435
587379at3193,2,NA,NA,SORBI_3001G333900,SORBI_3001G333900:5.51172e-05,NA,NA,NA,NA,AT5G07920,AT5G07920:0.00162435
587379at33090,2,NA,NA,SORBI_3001G333900,SORBI_3001G333900:5.51172e-05,NA,NA,NA,NA,AT5G07920,AT5G07920:0.00162435
587819at2759,2,Zm00001eb061630;Zm00001eb162630,Zm00001eb061630:0.00275329;Zm00001eb162630:0.00119582,SORBI_3003G184500,SORBI_3003G184500:1.44582e-05,NA,NA,NA,NA,NA,NA
587819at3193,2,Zm00001eb061630;Zm00001eb162630,Zm00001eb061630:0.00275329;Zm00001eb162630:0.00119582,SORBI_3003G184500,SORBI_3003G184500:1.44582e-05,NA,NA,NA,NA,NA,NA
587819at33090,2,Zm00001eb061630;Zm00001eb162630,Zm00001eb061630:0.00275329;Zm00001eb162630:0.00119582,SORBI_3003G184500,SORBI_3003G184500:1.44582e-05,NA,NA,NA,NA,NA,NA
588513at2759,2,Zm00001eb056580;Zm00001eb069180;Zm00001eb079670;Zm00001eb405800;Zm00001eb405820,Zm00001eb056580:0.00361251;Zm00001eb069180:0.00295996;Zm00001eb079670:8.68713e-05;Zm00001eb405800:0.00190481;Zm00001eb405820:0.00190481,NA,NA,NA,NA,NA,NA,AT5G67385,AT5G67385:0.00245973
588513at33090,2,Zm00001eb056580;Zm00001eb069180;Zm00001eb079670;Zm00001eb405800;Zm00001eb405820,Zm00001eb056580:0.00361251;Zm00001eb069180:0.00295996;Zm00001eb079670:8.68713e-05;Zm00001eb405800:0.00190481;Zm00001eb405820:0.00190481,NA,NA,NA,NA,NA,NA,AT5G67385,AT5G67385:0.00245973
58859at38820,2,Zm00001eb011960,Zm00001eb011960:0.00268415,NA,NA,NA,NA,HORVU.MOREX.r3.4HG0389240,HORVU.MOREX.r3.4HG0389240:0.000850603,NA,NA
58859at4447,2,Zm00001eb011960,Zm00001eb011960:0.00268415,NA,NA,NA,NA,HORVU.MOREX.r3.4HG0389240,HORVU.MOREX.r3.4HG0389240:0.000850603,NA,NA
588646at2759,2,NA,NA,NA,NA,NA,NA,HORVU.MOREX.r3.4HG0409180;HORVU.MOREX.r3.4HG0409190,HORVU.MOREX.r3.4HG0409180:0.000512419;HORVU.MOREX.r3.4HG0409190:0.000512419,AT1G09640;AT4G02520,AT1G09640:0.00152977;AT4G02520:0.00187218
588870at3193,2,Zm00001eb208110,Zm00001eb208110:0.000322983,SORBI_3004G037900,SORBI_3004G037900:1.55242e-07,NA,NA,NA,NA,NA,NA
589053at3193,2,Zm00001eb163480,Zm00001eb163480:0.00309374,NA,NA,NA,NA,NA,NA,AT5G21326,AT5G21326:0.00262467
589116at3193,2,NA,NA,NA,NA,NA,NA,HORVU.MOREX.r3.1HG0094260,HORVU.MOREX.r3.1HG0094260:0.000263842,AT4G35190,AT4G35190:0.000144578
590106at2759,2,NA,NA,NA,NA,NA,NA,HORVU.MOREX.r3.2HG0182910,HORVU.MOREX.r3.2HG0182910:0.00240626,AT1G65730,AT1G65730:0.00126798
590290at3193,2,Zm00001eb326840,Zm00001eb326840:0.0039618,SORBI_3002G366200,SORBI_3002G366200:0.000115398,NA,NA,NA,NA,NA,NA
590539at2759,2,Zm00001eb211460;Zm00001eb402560;Zm00001eb434080,Zm00001eb211460:0.000352986;Zm00001eb402560:0.00152072;Zm00001eb434080:0.00372421,NA,NA,NA,NA,HORVU.MOREX.r3.2HG0214020,HORVU.MOREX.r3.2HG0214020:0.00011446,NA,NA
590539at3193,2,Zm00001eb211460;Zm00001eb434080,Zm00001eb211460:0.000352986;Zm00001eb434080:0.00372421,NA,NA,NA,NA,HORVU.MOREX.r3.2HG0214020,HORVU.MOREX.r3.2HG0214020:0.00011446,NA,NA
590539at33090,2,Zm00001eb211460;Zm00001eb402560;Zm00001eb434080,Zm00001eb211460:0.000352986;Zm00001eb402560:0.00152072;Zm00001eb434080:0.00372421,NA,NA,NA,NA,HORVU.MOREX.r3.2HG0214020,HORVU.MOREX.r3.2HG0214020:0.00011446,NA,NA
590839at2759,2,NA,NA,NA,NA,NA,NA,HORVU.MOREX.r3.1HG0090860;HORVU.MOREX.r3.2HG0208290,HORVU.MOREX.r3.1HG0090860:0.001867;HORVU.MOREX.r3.2HG0208290:0.00139915,AT2G03760,AT2G03760:0.00230842
592053at3193,2,Zm00001eb163260,Zm00001eb163260:0.00223847,SORBI_3005G003800,SORBI_3005G003800:6.86274e-05,NA,NA,NA,NA,NA,NA
593149at2759,2,Zm00001eb425580,Zm00001eb425580:0.00244052,NA,NA,NA,NA,HORVU.MOREX.r3.2HG0177740,HORVU.MOREX.r3.2HG0177740:0.00197693,NA,NA
593149at3193,2,Zm00001eb425580,Zm00001eb425580:0.00244052,NA,NA,NA,NA,HORVU.MOREX.r3.2HG0177740,HORVU.MOREX.r3.2HG0177740:0.00197693,NA,NA
593149at33090,2,Zm00001eb425580,Zm00001eb425580:0.00244052,NA,NA,NA,NA,HORVU.MOREX.r3.2HG0177740,HORVU.MOREX.r3.2HG0177740:0.00197693,NA,NA
593537at3193,2,Zm00001eb288200,Zm00001eb288200:0.00319798,NA,NA,NA,NA,NA,NA,AT2G44100,AT2G44100:0.00019088
593732at2759,2,Zm00001eb425590,Zm00001eb425590:0.00244052,NA,NA,NA,NA,HORVU.MOREX.r3.2HG0177600,HORVU.MOREX.r3.2HG0177600:0.00249326,NA,NA
593732at3193,2,Zm00001eb425590,Zm00001eb425590:0.00244052,NA,NA,NA,NA,HORVU.MOREX.r3.2HG0177600,HORVU.MOREX.r3.2HG0177600:0.00249326,NA,NA
593732at33090,2,Zm00001eb425590,Zm00001eb425590:0.00244052,NA,NA,NA,NA,HORVU.MOREX.r3.2HG0177600,HORVU.MOREX.r3.2HG0177600:0.00249326,NA,NA
594271at3193,2,Zm00001eb259330,Zm00001eb259330:0.000840431,NA,NA,NA,NA,NA,NA,AT2G17720,AT2G17720:0.00065258
595263at2759,2,Zm00001eb357860,Zm00001eb357860:0.000727015,NA,NA,NA,NA,HORVU.MOREX.r3.3HG0270500,HORVU.MOREX.r3.3HG0270500:0.000585178,NA,NA
595263at33090,2,Zm00001eb357860,Zm00001eb357860:0.000727015,NA,NA,NA,NA,HORVU.MOREX.r3.3HG0270500,HORVU.MOREX.r3.3HG0270500:0.000585178,NA,NA
595664at3193,2,Zm00001eb187110,Zm00001eb187110:0.000901859,NA,NA,NA,NA,NA,NA,AT5G42000,AT5G42000:0.00196214
59588at4447,2,Zm00001eb320430;Zm00001eb432420,Zm00001eb320430:0.000495608;Zm00001eb432420:0.000228283,SORBI_3007G088000,SORBI_3007G088000:2.5053e-09,NA,NA,NA,NA,NA,NA
596430at2759,2,Zm00001eb101380;Zm00001eb380650,Zm00001eb101380:0.00343485;Zm00001eb380650:0.00169336,NA,NA,NA,NA,HORVU.MOREX.r3.5HG0488570,HORVU.MOREX.r3.5HG0488570:0.00178578,NA,NA
596430at3193,2,Zm00001eb101380;Zm00001eb380650,Zm00001eb101380:0.00343485;Zm00001eb380650:0.00169336,NA,NA,NA,NA,HORVU.MOREX.r3.5HG0488570,HORVU.MOREX.r3.5HG0488570:0.00178578,NA,NA
596430at33090,2,Zm00001eb101380;Zm00001eb380650,Zm00001eb101380:0.00343485;Zm00001eb380650:0.00169336,NA,NA,NA,NA,HORVU.MOREX.r3.5HG0488570,HORVU.MOREX.r3.5HG0488570:0.00178578,NA,NA
596449at2759,2,Zm00001eb242740,Zm00001eb242740:0.00390581,SORBI_3006G068700;SORBI_3006G068800,SORBI_3006G068700:2.2425e-09;SORBI_3006G068800:2.2425e-09,NA,NA,NA,NA,NA,NA
596449at3193,2,Zm00001eb242740,Zm00001eb242740:0.00390581,SORBI_3006G068700;SORBI_3006G068800,SORBI_3006G068700:2.2425e-09;SORBI_3006G068800:2.2425e-09,NA,NA,NA,NA,NA,NA
596449at33090,2,Zm00001eb242740,Zm00001eb242740:0.00390581,SORBI_3006G068700;SORBI_3006G068800,SORBI_3006G068700:2.2425e-09;SORBI_3006G068800:2.2425e-09,NA,NA,NA,NA,NA,NA
596625at3193,2,Zm00001eb071760,Zm00001eb071760:0.00277098,SORBI_3002G388600;SORBI_3004G269400,SORBI_3002G388600:0.000121526;SORBI_3004G269400:7.56581e-05,NA,NA,NA,NA,NA,NA
597178at3193,2,NA,NA,NA,NA,NA,NA,HORVU.MOREX.r3.7HG0641960,HORVU.MOREX.r3.7HG0641960:0.00158263,AT4G35010;AT5G63800,AT4G35010:0.00239742;AT5G63800:0.000765579
597178at33090,2,NA,NA,NA,NA,NA,NA,HORVU.MOREX.r3.7HG0641960,HORVU.MOREX.r3.7HG0641960:0.00158263,AT4G35010;AT5G63800,AT4G35010:0.00239742;AT5G63800:0.000765579
597186at2759,2,Zm00001eb257320,Zm00001eb257320:0.0043912,NA,NA,NA,NA,HORVU.MOREX.r3.6HG0622300,HORVU.MOREX.r3.6HG0622300:0.00267277,NA,NA
597186at3193,2,Zm00001eb257320,Zm00001eb257320:0.0043912,NA,NA,NA,NA,HORVU.MOREX.r3.6HG0622300,HORVU.MOREX.r3.6HG0622300:0.00267277,NA,NA
597186at33090,2,Zm00001eb257320,Zm00001eb257320:0.0043912,NA,NA,NA,NA,HORVU.MOREX.r3.6HG0622300,HORVU.MOREX.r3.6HG0622300:0.00267277,NA,NA
597872at3193,2,Zm00001eb010110,Zm00001eb010110:0.00296632,NA,NA,NA,NA,NA,NA,AT2G01900,AT2G01900:0.000415624
597872at33090,2,Zm00001eb010110,Zm00001eb010110:0.00296632,NA,NA,NA,NA,NA,NA,AT2G01900,AT2G01900:0.000415624
597977at2759,2,Zm00001eb207530,Zm00001eb207530:0.000172397,NA,NA,NA,NA,HORVU.MOREX.r3.7HG0734480,HORVU.MOREX.r3.7HG0734480:0.000310415,NA,NA
597977at3193,2,Zm00001eb207530,Zm00001eb207530:0.000172397,NA,NA,NA,NA,HORVU.MOREX.r3.7HG0734480,HORVU.MOREX.r3.7HG0734480:0.000310415,NA,NA
597977at33090,2,Zm00001eb207530,Zm00001eb207530:0.000172397,NA,NA,NA,NA,HORVU.MOREX.r3.7HG0734480,HORVU.MOREX.r3.7HG0734480:0.000310415,NA,NA
598458at3193,2,Zm00001eb072190;Zm00001eb430040,Zm00001eb072190:0.00160098;Zm00001eb430040:0.00193673,NA,NA,NA,NA,NA,NA,AT1G67950,AT1G67950:0.00121656
599013at3193,2,Zm00001eb068120,Zm00001eb068120:0.000478328,NA,NA,NA,NA,HORVU.MOREX.r3.2HG0207110,HORVU.MOREX.r3.2HG0207110:0.000800681,NA,NA
599013at33090,2,Zm00001eb068120,Zm00001eb068120:0.000478328,NA,NA,NA,NA,HORVU.MOREX.r3.2HG0207110,HORVU.MOREX.r3.2HG0207110:0.000800681,NA,NA
599376at33090,2,NA,NA,SORBI_3010G257700;SORBI_3010G257800;SORBI_3010G258000,SORBI_3010G257700:0.000129951;SORBI_3010G257800:0.000129951;SORBI_3010G258000:0.000129951,NA,NA,NA,NA,AT2G21130,AT2G21130:5.64528e-05
599411at3193,2,Zm00001eb071720,Zm00001eb071720:0.000127382,SORBI_3004G269200,SORBI_3004G269200:7.56581e-05,NA,NA,NA,NA,NA,NA
599411at33090,2,Zm00001eb071720,Zm00001eb071720:0.000127382,SORBI_3004G269200,SORBI_3004G269200:7.56581e-05,NA,NA,NA,NA,NA,NA
59963at38820,2,Zm00001eb190330,Zm00001eb190330:0.00251109,SORBI_3004G247200,SORBI_3004G247200:3.48137e-05,NA,NA,NA,NA,NA,NA
59963at4447,2,Zm00001eb190330,Zm00001eb190330:0.00251109,SORBI_3004G247200,SORBI_3004G247200:3.48137e-05,NA,NA,NA,NA,NA,NA
600264at3193,2,Zm00001eb211960,Zm00001eb211960:0.00100959,SORBI_3003G342100;SORBI_3003G342200,SORBI_3003G342100:9.25933e-06;SORBI_3003G342200:9.25933e-06,NA,NA,NA,NA,NA,NA
60051at38820,2,Zm00001eb153660,Zm00001eb153660:0.00409479,NA,NA,NA,NA,HORVU.MOREX.r3.3HG0287760,HORVU.MOREX.r3.3HG0287760:0.00136379,NA,NA
60051at4447,2,Zm00001eb153660,Zm00001eb153660:0.00409479,NA,NA,NA,NA,HORVU.MOREX.r3.3HG0287760,HORVU.MOREX.r3.3HG0287760:0.00136379,NA,NA
601438at3193,2,Zm00001eb212200,Zm00001eb212200:0.00445185,NA,NA,NA,NA,NA,NA,AT2G38730,AT2G38730:0.00108393
602138at3193,2,Zm00001eb312000,Zm00001eb312000:0.00297187,NA,NA,NA,NA,NA,NA,AT2G01850,AT2G01850:0.000440349
602312at2759,2,Zm00001eb325340,Zm00001eb325340:0.00237857,NA,NA,NA,NA,HORVU.MOREX.r3.4HG0333410,HORVU.MOREX.r3.4HG0333410:0.000974654,NA,NA
602312at3193,2,Zm00001eb325340,Zm00001eb325340:0.00237857,NA,NA,NA,NA,HORVU.MOREX.r3.4HG0333410,HORVU.MOREX.r3.4HG0333410:0.000974654,NA,NA
602312at33090,2,Zm00001eb325340,Zm00001eb325340:0.00237857,NA,NA,NA,NA,HORVU.MOREX.r3.4HG0333410,HORVU.MOREX.r3.4HG0333410:0.000974654,NA,NA
602547at3193,2,Zm00001eb362860,Zm00001eb362860:0.000560177,SORBI_3003G427600,SORBI_3003G427600:4.42912e-10,NA,NA,NA,NA,NA,NA
602787at2759,2,Zm00001eb363360,Zm00001eb363360:0.00315579,NA,NA,NA,NA,HORVU.MOREX.r3.3HG0315280;HORVU.MOREX.r3.3HG0316110;HORVU.MOREX.r3.3HG0316120,HORVU.MOREX.r3.3HG0315280:0.0010091;HORVU.MOREX.r3.3HG0316110:0.00259977;HORVU.MOREX.r3.3HG0316120:0.00259977,NA,NA
602787at3193,2,Zm00001eb363360,Zm00001eb363360:0.00315579,NA,NA,NA,NA,HORVU.MOREX.r3.3HG0315280;HORVU.MOREX.r3.3HG0316110;HORVU.MOREX.r3.3HG0316120,HORVU.MOREX.r3.3HG0315280:0.0010091;HORVU.MOREX.r3.3HG0316110:0.00259977;HORVU.MOREX.r3.3HG0316120:0.00259977,NA,NA
602787at33090,2,Zm00001eb363360,Zm00001eb363360:0.00315579,NA,NA,NA,NA,HORVU.MOREX.r3.3HG0315280;HORVU.MOREX.r3.3HG0316110;HORVU.MOREX.r3.3HG0316120,HORVU.MOREX.r3.3HG0315280:0.0010091;HORVU.MOREX.r3.3HG0316110:0.00259977;HORVU.MOREX.r3.3HG0316120:0.00259977,NA,NA
603206at2759,2,Zm00001eb427290;Zm00001eb427300;Zm00001eb427320,Zm00001eb427290:0.00155066;Zm00001eb427300:0.00155066;Zm00001eb427320:0.00419276,NA,NA,NA,NA,HORVU.MOREX.r3.2HG0184050,HORVU.MOREX.r3.2HG0184050:0.00161336,NA,NA
603206at33090,2,Zm00001eb427290;Zm00001eb427300;Zm00001eb427320,Zm00001eb427290:0.00155066;Zm00001eb427300:0.00155066;Zm00001eb427320:0.00419276,NA,NA,NA,NA,HORVU.MOREX.r3.2HG0184050,HORVU.MOREX.r3.2HG0184050:0.00161336,NA,NA
60323at38820,2,Zm00001eb177740,Zm00001eb177740:0.00218023,NA,NA,NA,NA,HORVU.MOREX.r3.7HG0640480,HORVU.MOREX.r3.7HG0640480:4.80148e-05,NA,NA
60323at4447,2,Zm00001eb177740,Zm00001eb177740:0.00218023,NA,NA,NA,NA,HORVU.MOREX.r3.7HG0640480,HORVU.MOREX.r3.7HG0640480:4.80148e-05,NA,NA
604318at3193,2,Zm00001eb427290;Zm00001eb427300;Zm00001eb427320,Zm00001eb427290:0.00155066;Zm00001eb427300:0.00155066;Zm00001eb427320:0.00419276,NA,NA,NA,NA,HORVU.MOREX.r3.2HG0184050,HORVU.MOREX.r3.2HG0184050:0.00161336,NA,NA
60460at2759,2,NA,NA,NA,NA,NA,NA,HORVU.MOREX.r3.3HG0309360,HORVU.MOREX.r3.3HG0309360:0.00136459,AT5G49470,AT5G49470:0.00250506
60460at3193,2,NA,NA,NA,NA,NA,NA,HORVU.MOREX.r3.3HG0309360,HORVU.MOREX.r3.3HG0309360:0.00136459,AT5G49470,AT5G49470:0.00250506
60460at33090,2,NA,NA,NA,NA,NA,NA,HORVU.MOREX.r3.3HG0309360,HORVU.MOREX.r3.3HG0309360:0.00136459,AT5G49470,AT5G49470:0.00250506
604757at3193,2,Zm00001eb243750,Zm00001eb243750:0.00123709,NA,NA,LOC_Os02g05550,LOC_Os02g05550:0.00144453,NA,NA,NA,NA
605373at3193,2,Zm00001eb120410,Zm00001eb120410:0.000634773,NA,NA,NA,NA,NA,NA,AT2G21390,AT2G21390:0.00212423
605919at3193,2,Zm00001eb260050,Zm00001eb260050:0.00310741,NA,NA,NA,NA,HORVU.MOREX.r3.7HG0706740,HORVU.MOREX.r3.7HG0706740:0.000958839,NA,NA
605928at2759,2,Zm00001eb372280,Zm00001eb372280:5.8844e-06,NA,NA,NA,NA,NA,NA,AT1G17580,AT1G17580:0.00165964
605928at3193,2,Zm00001eb372280,Zm00001eb372280:5.8844e-06,NA,NA,NA,NA,NA,NA,AT1G17580,AT1G17580:0.00165964
605928at33090,2,Zm00001eb372280,Zm00001eb372280:5.8844e-06,NA,NA,NA,NA,NA,NA,AT1G17580,AT1G17580:0.00165964
606318at2759,2,Zm00001eb066640;Zm00001eb207450,Zm00001eb066640:6.9049e-05;Zm00001eb207450:0.00269716,NA,NA,NA,NA,NA,NA,AT1G19850,AT1G19850:0.000719611
606318at3193,2,Zm00001eb066640;Zm00001eb207450,Zm00001eb066640:6.9049e-05;Zm00001eb207450:0.00269716,NA,NA,NA,NA,NA,NA,AT1G19850,AT1G19850:0.000719611
606318at33090,2,Zm00001eb066640;Zm00001eb207450,Zm00001eb066640:6.9049e-05;Zm00001eb207450:0.00269716,NA,NA,NA,NA,NA,NA,AT1G19850,AT1G19850:0.000719611
60637at38820,2,Zm00001eb102560;Zm00001eb317920,Zm00001eb102560:0.00324625;Zm00001eb317920:0.000222624,NA,NA,NA,NA,HORVU.MOREX.r3.5HG0494850,HORVU.MOREX.r3.5HG0494850:0.00223712,NA,NA
60637at4447,2,Zm00001eb102560;Zm00001eb317920,Zm00001eb102560:0.00324625;Zm00001eb317920:0.000222624,NA,NA,NA,NA,HORVU.MOREX.r3.5HG0494850,HORVU.MOREX.r3.5HG0494850:0.00223712,NA,NA
606431at3193,2,NA,NA,NA,NA,NA,NA,HORVU.MOREX.r3.5HG0486060,HORVU.MOREX.r3.5HG0486060:0.000435788,AT5G66960,AT5G66960:0.00248576
606958at3193,2,Zm00001eb045320,Zm00001eb045320:0.00346863,NA,NA,NA,NA,NA,NA,AT5G23290,AT5G23290:0.000401829
606958at33090,2,Zm00001eb045320,Zm00001eb045320:0.00346863,NA,NA,NA,NA,NA,NA,AT5G23290,AT5G23290:0.000401829
607071at3193,2,Zm00001eb213160,Zm00001eb213160:7.1499e-05,NA,NA,NA,NA,NA,NA,AT2G39760,AT2G39760:0.000326984
60747at4447,2,Zm00001eb072810,Zm00001eb072810:0.00132706,NA,NA,NA,NA,HORVU.MOREX.r3.6HG0633900,HORVU.MOREX.r3.6HG0633900:0.000213192,NA,NA
60800at38820,2,Zm00001eb147890,Zm00001eb147890:0.00122994,NA,NA,NA,NA,HORVU.MOREX.r3.3HG0301890,HORVU.MOREX.r3.3HG0301890:0.000630656,NA,NA
60800at4447,2,Zm00001eb147890,Zm00001eb147890:0.00122994,NA,NA,NA,NA,HORVU.MOREX.r3.3HG0301890,HORVU.MOREX.r3.3HG0301890:0.000630656,NA,NA
608013at2759,2,Zm00001eb156100;Zm00001eb156130,Zm00001eb156100:0.00310867;Zm00001eb156130:0.00310867,NA,NA,NA,NA,NA,NA,AT1G10370;AT1G59700,AT1G10370:0.0021934;AT1G59700:0.00257151
608013at3193,2,Zm00001eb156100;Zm00001eb156130,Zm00001eb156100:0.00310867;Zm00001eb156130:0.00310867,NA,NA,NA,NA,NA,NA,AT1G10370;AT1G59700,AT1G10370:0.0021934;AT1G59700:0.00257151
608013at33090,2,Zm00001eb156100;Zm00001eb156130,Zm00001eb156100:0.00310867;Zm00001eb156130:0.00310867,NA,NA,NA,NA,NA,NA,AT1G10370;AT1G59700,AT1G10370:0.0021934;AT1G59700:0.00257151
608652at2759,2,Zm00001eb361860,Zm00001eb361860:0.00263637,NA,NA,NA,NA,NA,NA,AT1G05510;AT4G18920,AT1G05510:0.00153791;AT4G18920:0.00119622
608652at3193,2,Zm00001eb361860,Zm00001eb361860:0.00263637,NA,NA,NA,NA,NA,NA,AT4G18920,AT4G18920:0.00119622
608652at33090,2,Zm00001eb361860,Zm00001eb361860:0.00263637,NA,NA,NA,NA,NA,NA,AT1G05510;AT4G18920,AT1G05510:0.00153791;AT4G18920:0.00119622
609510at2759,2,Zm00001eb181120,Zm00001eb181120:0.00163276,NA,NA,NA,NA,NA,NA,AT2G31970,AT2G31970:0.000583058
609510at3193,2,Zm00001eb181120,Zm00001eb181120:0.00163276,NA,NA,NA,NA,NA,NA,AT2G31970,AT2G31970:0.000583058
609510at33090,2,Zm00001eb181120,Zm00001eb181120:0.00163276,NA,NA,NA,NA,NA,NA,AT2G31970,AT2G31970:0.000583058
609539at3193,2,Zm00001eb233070,Zm00001eb233070:0.000121576,NA,NA,NA,NA,NA,NA,AT1G56190,AT1G56190:0.000568805
609570at2759,2,Zm00001eb269490,Zm00001eb269490:0.00442812,NA,NA,NA,NA,HORVU.MOREX.r3.7HG0643200,HORVU.MOREX.r3.7HG0643200:6.95424e-07,NA,NA
609570at3193,2,Zm00001eb269490,Zm00001eb269490:0.00442812,NA,NA,NA,NA,HORVU.MOREX.r3.7HG0643200,HORVU.MOREX.r3.7HG0643200:6.95424e-07,NA,NA
609570at33090,2,Zm00001eb269490,Zm00001eb269490:0.00442812,NA,NA,NA,NA,HORVU.MOREX.r3.7HG0643200,HORVU.MOREX.r3.7HG0643200:6.95424e-07,NA,NA
609576at3193,2,Zm00001eb295080,Zm00001eb295080:0.00220279,NA,NA,NA,NA,NA,NA,AT5G38110,AT5G38110:0.00251292
609576at33090,2,Zm00001eb295080,Zm00001eb295080:0.00220279,NA,NA,NA,NA,NA,NA,AT5G38110,AT5G38110:0.00251292
609670at3193,2,Zm00001eb399460,Zm00001eb399460:0.000953658,NA,NA,NA,NA,HORVU.MOREX.r3.3HG0286830,HORVU.MOREX.r3.3HG0286830:0.000964125,NA,NA
609670at33090,2,Zm00001eb399460,Zm00001eb399460:0.000953658,NA,NA,NA,NA,HORVU.MOREX.r3.3HG0286830,HORVU.MOREX.r3.3HG0286830:0.000964125,NA,NA
609836at2759,2,Zm00001eb251350,Zm00001eb251350:0.00192423,NA,NA,NA,NA,HORVU.MOREX.r3.7HG0641950,HORVU.MOREX.r3.7HG0641950:0.00158263,NA,NA
609836at33090,2,Zm00001eb251350,Zm00001eb251350:0.00192423,NA,NA,NA,NA,HORVU.MOREX.r3.7HG0641950,HORVU.MOREX.r3.7HG0641950:0.00158263,NA,NA
609912at3193,2,Zm00001eb102550;Zm00001eb317910,Zm00001eb102550:0.00324625;Zm00001eb317910:0.000222624,NA,NA,NA,NA,HORVU.MOREX.r3.5HG0494840,HORVU.MOREX.r3.5HG0494840:0.00223712,NA,NA
610150at2759,2,Zm00001eb287420,Zm00001eb287420:0.00201187,NA,NA,NA,NA,NA,NA,AT4G14230,AT4G14230:0.00255562
610150at33090,2,Zm00001eb287420,Zm00001eb287420:0.00201187,NA,NA,NA,NA,NA,NA,AT4G14230,AT4G14230:0.00255562
610262at2759,2,Zm00001eb432440,Zm00001eb432440:0.00303097,SORBI_3006G245800,SORBI_3006G245800:1.15432e-05,NA,NA,NA,NA,NA,NA
610262at3193,2,Zm00001eb432440,Zm00001eb432440:0.00303097,SORBI_3006G245800,SORBI_3006G245800:1.15432e-05,NA,NA,NA,NA,NA,NA
610262at33090,2,Zm00001eb432440,Zm00001eb432440:0.00303097,SORBI_3006G245800,SORBI_3006G245800:1.15432e-05,NA,NA,NA,NA,NA,NA
610830at2759,2,NA,NA,NA,NA,NA,NA,HORVU.MOREX.r3.6HG0627420;HORVU.MOREX.r3.6HG0627440,HORVU.MOREX.r3.6HG0627420:0.000779311;HORVU.MOREX.r3.6HG0627440:0.000779311,AT5G07860,AT5G07860:0.00135597
610833at3193,2,NA,NA,SORBI_3003G341900,SORBI_3003G341900:9.25933e-06,NA,NA,NA,NA,AT2G30310;AT2G31540,AT2G30310:0.000484386;AT2G31540:0.00215785
610994at3193,2,NA,NA,SORBI_3003G309400,SORBI_3003G309400:9.85633e-06,NA,NA,NA,NA,AT1G30600,AT1G30600:0.000901039
611150at3193,2,NA,NA,SORBI_3001G333400,SORBI_3001G333400:5.51172e-05,NA,NA,HORVU.MOREX.r3.7HG0651300,HORVU.MOREX.r3.7HG0651300:0.000124395,NA,NA
611150at33090,2,NA,NA,SORBI_3001G333400,SORBI_3001G333400:5.51172e-05,NA,NA,HORVU.MOREX.r3.7HG0651300,HORVU.MOREX.r3.7HG0651300:0.000124395,NA,NA
611162at3193,2,Zm00001eb218320,Zm00001eb218320:0.00142061,NA,NA,NA,NA,HORVU.MOREX.r3.4HG0333100,HORVU.MOREX.r3.4HG0333100:0.000825117,NA,NA
611162at33090,2,Zm00001eb218320,Zm00001eb218320:0.00142061,NA,NA,NA,NA,HORVU.MOREX.r3.4HG0333100,HORVU.MOREX.r3.4HG0333100:0.000825117,NA,NA
611692at33090,2,Zm00001eb202100,Zm00001eb202100:0.000592079,NA,NA,LOC_Os12g01510,LOC_Os12g01510:0.00198295,NA,NA,NA,NA
611713at2759,2,Zm00001eb071020;Zm00001eb430740,Zm00001eb071020:0.000786451;Zm00001eb430740:0.000952313,SORBI_3010G229600,SORBI_3010G229600:5.36375e-05,NA,NA,NA,NA,NA,NA
611713at3193,2,Zm00001eb071020;Zm00001eb430740,Zm00001eb071020:0.000786451;Zm00001eb430740:0.000952313,SORBI_3010G229600,SORBI_3010G229600:5.36375e-05,NA,NA,NA,NA,NA,NA
611713at33090,2,Zm00001eb071020;Zm00001eb430740,Zm00001eb071020:0.000786451;Zm00001eb430740:0.000952313,SORBI_3010G229600,SORBI_3010G229600:5.36375e-05,NA,NA,NA,NA,NA,NA
611908at2759,2,Zm00001eb357740,Zm00001eb357740:0.0011767,NA,NA,NA,NA,NA,NA,AT2G34420,AT2G34420:0.00163843
611908at3193,2,Zm00001eb357740,Zm00001eb357740:0.0011767,NA,NA,NA,NA,NA,NA,AT2G34420,AT2G34420:0.00163843
611908at33090,2,Zm00001eb357740,Zm00001eb357740:0.0011767,NA,NA,NA,NA,NA,NA,AT2G34420,AT2G34420:0.00163843
612043at33090,2,Zm00001eb004550;Zm00001eb154590,Zm00001eb004550:0.00253337;Zm00001eb154590:0.00149798,NA,NA,NA,NA,NA,NA,AT1G23090,AT1G23090:0.00120889
613579at3193,2,Zm00001eb257300,Zm00001eb257300:0.0043912,NA,NA,NA,NA,NA,NA,AT4G25790,AT4G25790:7.69144e-05
614093at2759,2,Zm00001eb241670,Zm00001eb241670:0.000127121,NA,NA,NA,NA,HORVU.MOREX.r3.5HG0519580,HORVU.MOREX.r3.5HG0519580:0.00248725,NA,NA
614093at3193,2,Zm00001eb241670,Zm00001eb241670:0.000127121,NA,NA,NA,NA,HORVU.MOREX.r3.5HG0519580,HORVU.MOREX.r3.5HG0519580:0.00248725,NA,NA
614093at33090,2,Zm00001eb241670,Zm00001eb241670:0.000127121,NA,NA,NA,NA,HORVU.MOREX.r3.5HG0519580,HORVU.MOREX.r3.5HG0519580:0.00248725,NA,NA
614114at33090,2,Zm00001eb425600,Zm00001eb425600:0.00244052,NA,NA,NA,NA,HORVU.MOREX.r3.5HG0513420;HORVU.MOREX.r3.7HG0742440,HORVU.MOREX.r3.5HG0513420:0.000326108;HORVU.MOREX.r3.7HG0742440:0.000510988,NA,NA
61432at4447,2,Zm00001eb368150,Zm00001eb368150:0.00071687,NA,NA,NA,NA,HORVU.MOREX.r3.1HG0073070,HORVU.MOREX.r3.1HG0073070:0.00235964,NA,NA
614519at3193,2,Zm00001eb429270,Zm00001eb429270:0.000403675,NA,NA,NA,NA,NA,NA,AT4G21940,AT4G21940:0.000936898
614854at3193,2,Zm00001eb331520,Zm00001eb331520:0.0044475,SORBI_3005G004400,SORBI_3005G004400:6.86274e-05,NA,NA,NA,NA,NA,NA
615317at33090,2,Zm00001eb196650,Zm00001eb196650:0.00390722,NA,NA,NA,NA,NA,NA,AT5G63680,AT5G63680:0.000342246
615485at2759,2,Zm00001eb400660,Zm00001eb400660:0.00107758,NA,NA,LOC_Os12g05890,LOC_Os12g05890:0.0020728,NA,NA,NA,NA
615485at3193,2,Zm00001eb400660,Zm00001eb400660:0.00107758,NA,NA,LOC_Os12g05890,LOC_Os12g05890:0.0020728,NA,NA,NA,NA
615485at33090,2,Zm00001eb400660,Zm00001eb400660:0.00107758,NA,NA,LOC_Os12g05890,LOC_Os12g05890:0.0020728,NA,NA,NA,NA
615618at2759,2,Zm00001eb429220,Zm00001eb429220:0.000746221,NA,NA,NA,NA,NA,NA,AT5G66920,AT5G66920:0.00159624
615720at3193,2,Zm00001eb066060,Zm00001eb066060:0.00170095,NA,NA,NA,NA,NA,NA,AT1G03630,AT1G03630:0.00186898
61626at38820,2,Zm00001eb107150,Zm00001eb107150:1.49202e-05,NA,NA,NA,NA,HORVU.MOREX.r3.2HG0134190,HORVU.MOREX.r3.2HG0134190:0.000547232,NA,NA
61626at4447,2,Zm00001eb107150,Zm00001eb107150:1.49202e-05,NA,NA,NA,NA,HORVU.MOREX.r3.2HG0134190,HORVU.MOREX.r3.2HG0134190:0.000547232,NA,NA
616648at2759,2,NA,NA,SORBI_3003G427700;SORBI_3003G427800,SORBI_3003G427700:4.42912e-10;SORBI_3003G427800:4.42912e-10,LOC_Os01g09520,LOC_Os01g09520:0.000524971,NA,NA,NA,NA
616648at3193,2,NA,NA,SORBI_3003G427700;SORBI_3003G427800,SORBI_3003G427700:4.42912e-10;SORBI_3003G427800:4.42912e-10,LOC_Os01g09520,LOC_Os01g09520:0.000524971,NA,NA,NA,NA
616648at33090,2,NA,NA,SORBI_3003G427700;SORBI_3003G427800,SORBI_3003G427700:4.42912e-10;SORBI_3003G427800:4.42912e-10,LOC_Os01g09520,LOC_Os01g09520:0.000524971,NA,NA,NA,NA
61665at38820,2,Zm00001eb240100,Zm00001eb240100:0.000329184,SORBI_3010G173400,SORBI_3010G173400:2.17804e-07,NA,NA,NA,NA,NA,NA
61665at4447,2,Zm00001eb240100,Zm00001eb240100:0.000329184,SORBI_3010G173400,SORBI_3010G173400:2.17804e-07,NA,NA,NA,NA,NA,NA
616758at33090,2,Zm00001eb433180,Zm00001eb433180:0.00451492,NA,NA,NA,NA,HORVU.MOREX.r3.5HG0425080;HORVU.MOREX.r3.5HG0425090,HORVU.MOREX.r3.5HG0425080:0.00025206;HORVU.MOREX.r3.5HG0425090:0.00025206,NA,NA
617104at2759,2,Zm00001eb150090;Zm00001eb352820,Zm00001eb150090:0.00338274;Zm00001eb352820:0.0033126,SORBI_3003G225000;SORBI_3003G309900,SORBI_3003G225000:4.85292e-05;SORBI_3003G309900:9.85633e-06,NA,NA,NA,NA,NA,NA
617104at3193,2,Zm00001eb150090;Zm00001eb352820,Zm00001eb150090:0.00338274;Zm00001eb352820:0.0033126,SORBI_3003G225000;SORBI_3003G309900,SORBI_3003G225000:4.85292e-05;SORBI_3003G309900:9.85633e-06,NA,NA,NA,NA,NA,NA
617104at33090,2,Zm00001eb150090;Zm00001eb352820,Zm00001eb150090:0.00338274;Zm00001eb352820:0.0033126,SORBI_3003G225000;SORBI_3003G309900,SORBI_3003G225000:4.85292e-05;SORBI_3003G309900:9.85633e-06,NA,NA,NA,NA,NA,NA
617537at2759,2,Zm00001eb247160,Zm00001eb247160:0.000707699,NA,NA,NA,NA,HORVU.MOREX.r3.6HG0595030,HORVU.MOREX.r3.6HG0595030:0.00230979,NA,NA
617537at3193,2,Zm00001eb247160,Zm00001eb247160:0.000707699,NA,NA,NA,NA,HORVU.MOREX.r3.6HG0595030,HORVU.MOREX.r3.6HG0595030:0.00230979,NA,NA
617537at33090,2,Zm00001eb247160,Zm00001eb247160:0.000707699,NA,NA,NA,NA,HORVU.MOREX.r3.6HG0595030,HORVU.MOREX.r3.6HG0595030:0.00230979,NA,NA
618463at33090,2,Zm00001eb183770,Zm00001eb183770:0.0028616,NA,NA,NA,NA,NA,NA,AT4G20360,AT4G20360:0.00124927
618550at33090,2,Zm00001eb058130;Zm00001eb214320,Zm00001eb058130:0.00151624;Zm00001eb214320:0.00259561,NA,NA,NA,NA,NA,NA,AT4G33920,AT4G33920:0.00197275
618722at2759,2,Zm00001eb057970,Zm00001eb057970:0.00306059,NA,NA,NA,NA,HORVU.MOREX.r3.5HG0512230,HORVU.MOREX.r3.5HG0512230:0.00210454,NA,NA
618722at3193,2,Zm00001eb057970,Zm00001eb057970:0.00306059,NA,NA,NA,NA,HORVU.MOREX.r3.5HG0512230,HORVU.MOREX.r3.5HG0512230:0.00210454,NA,NA
618722at33090,2,Zm00001eb057970,Zm00001eb057970:0.00306059,NA,NA,NA,NA,HORVU.MOREX.r3.5HG0512230,HORVU.MOREX.r3.5HG0512230:0.00210454,NA,NA
619146at3193,2,Zm00001eb183820,Zm00001eb183820:0.00306819,SORBI_3003G360600,SORBI_3003G360600:4.35547e-09,NA,NA,NA,NA,NA,NA
619276at2759,2,Zm00001eb102360,Zm00001eb102360:0.000316756,NA,NA,NA,NA,HORVU.MOREX.r3.2HG0210580;HORVU.MOREX.r3.7HG0714350,HORVU.MOREX.r3.2HG0210580:0.000202267;HORVU.MOREX.r3.7HG0714350:4.41711e-05,NA,NA
619276at33090,2,Zm00001eb102360,Zm00001eb102360:0.000316756,NA,NA,NA,NA,HORVU.MOREX.r3.2HG0210580;HORVU.MOREX.r3.7HG0714350,HORVU.MOREX.r3.2HG0210580:0.000202267;HORVU.MOREX.r3.7HG0714350:4.41711e-05,NA,NA
62037at38820,2,Zm00001eb389720,Zm00001eb389720:0.00215617,SORBI_3010G219700,SORBI_3010G219700:4.82697e-07,NA,NA,NA,NA,NA,NA
62037at4447,2,Zm00001eb389720,Zm00001eb389720:0.00215617,SORBI_3010G219700,SORBI_3010G219700:4.82697e-07,NA,NA,NA,NA,NA,NA
620581at3193,2,NA,NA,NA,NA,NA,NA,HORVU.MOREX.r3.5HG0503610,HORVU.MOREX.r3.5HG0503610:0.00291418,AT1G13820,AT1G13820:0.0010891
621527at2759,2,Zm00001eb403060,Zm00001eb403060:0.000333939,NA,NA,NA,NA,NA,NA,AT5G04240,AT5G04240:0.000716922
621527at3193,2,Zm00001eb403060,Zm00001eb403060:0.000333939,NA,NA,NA,NA,NA,NA,AT5G04240,AT5G04240:0.000716922
621527at33090,2,Zm00001eb403060,Zm00001eb403060:0.000333939,NA,NA,NA,NA,NA,NA,AT5G04240,AT5G04240:0.000716922
621530at33090,2,NA,NA,NA,NA,NA,NA,HORVU.MOREX.r3.5HG0510870,HORVU.MOREX.r3.5HG0510870:0.00131615,AT3G51420;AT3G51440,AT3G51420:0.000421645;AT3G51440:0.000619985
622240at2759,2,Zm00001eb185290,Zm00001eb185290:8.19584e-05,SORBI_3006G149600,SORBI_3006G149600:9.0007e-05,NA,NA,NA,NA,NA,NA
622240at3193,2,Zm00001eb185290,Zm00001eb185290:8.19584e-05,SORBI_3006G149600,SORBI_3006G149600:9.0007e-05,NA,NA,NA,NA,NA,NA
622240at33090,2,Zm00001eb185290,Zm00001eb185290:8.19584e-05,SORBI_3006G149600,SORBI_3006G149600:9.0007e-05,NA,NA,NA,NA,NA,NA
623441at2759,2,Zm00001eb122470,Zm00001eb122470:0.000343454,NA,NA,NA,NA,HORVU.MOREX.r3.7HG0718170,HORVU.MOREX.r3.7HG0718170:0.000430157,NA,NA
623441at33090,2,Zm00001eb122470,Zm00001eb122470:0.000343454,NA,NA,NA,NA,HORVU.MOREX.r3.7HG0718170,HORVU.MOREX.r3.7HG0718170:0.000430157,NA,NA
624004at3193,2,Zm00001eb414960,Zm00001eb414960:0.00381057,NA,NA,NA,NA,HORVU.MOREX.r3.4HG0411620,HORVU.MOREX.r3.4HG0411620:0.00277755,NA,NA
624030at33090,2,Zm00001eb122880,Zm00001eb122880:0.000559322,NA,NA,NA,NA,HORVU.MOREX.r3.3HG0241770,HORVU.MOREX.r3.3HG0241770:6.14886e-07,NA,NA
624213at3193,2,Zm00001eb330750,Zm00001eb330750:0.00208468,NA,NA,NA,NA,HORVU.MOREX.r3.2HG0111800,HORVU.MOREX.r3.2HG0111800:0.0014822,NA,NA
624379at2759,2,NA,NA,SORBI_3001G333800,SORBI_3001G333800:5.51172e-05,NA,NA,NA,NA,AT1G13880,AT1G13880:0.000221069
624379at3193,2,NA,NA,SORBI_3001G333800,SORBI_3001G333800:5.51172e-05,NA,NA,NA,NA,AT1G13880,AT1G13880:0.000221069
624379at33090,2,NA,NA,SORBI_3001G333800,SORBI_3001G333800:5.51172e-05,NA,NA,NA,NA,AT1G13880,AT1G13880:0.000221069
624878at33090,2,Zm00001eb296120,Zm00001eb296120:0.00044958,NA,NA,NA,NA,HORVU.MOREX.r3.1HG0018190,HORVU.MOREX.r3.1HG0018190:0.00127514,NA,NA
625081at2759,2,Zm00001eb207690,Zm00001eb207690:0.0039533,SORBI_3010G235500;SORBI_3010G235600;SORBI_3010G235700;SORBI_3010G235800,SORBI_3010G235500:0.000139621;SORBI_3010G235600:0.000139621;SORBI_3010G235700:0.000139621;SORBI_3010G235800:0.000139621,NA,NA,NA,NA,NA,NA
625081at3193,2,Zm00001eb207690,Zm00001eb207690:0.0039533,SORBI_3010G235500;SORBI_3010G235600;SORBI_3010G235700;SORBI_3010G235800,SORBI_3010G235500:0.000139621;SORBI_3010G235600:0.000139621;SORBI_3010G235700:0.000139621;SORBI_3010G235800:0.000139621,NA,NA,NA,NA,NA,NA
625081at33090,2,Zm00001eb207690,Zm00001eb207690:0.0039533,SORBI_3010G235500;SORBI_3010G235600;SORBI_3010G235700;SORBI_3010G235800,SORBI_3010G235500:0.000139621;SORBI_3010G235600:0.000139621;SORBI_3010G235700:0.000139621;SORBI_3010G235800:0.000139621,NA,NA,NA,NA,NA,NA
625827at3193,2,Zm00001eb015870,Zm00001eb015870:0.00181942,NA,NA,NA,NA,HORVU.MOREX.r3.7HG0647990,HORVU.MOREX.r3.7HG0647990:0.000541806,NA,NA
625891at2759,2,Zm00001eb211500,Zm00001eb211500:0.00207816,NA,NA,NA,NA,NA,NA,AT5G55140,AT5G55140:7.02956e-07
625891at3193,2,Zm00001eb211500,Zm00001eb211500:0.00207816,NA,NA,NA,NA,NA,NA,AT5G55140,AT5G55140:7.02956e-07
625891at33090,2,Zm00001eb211500,Zm00001eb211500:0.00207816,NA,NA,NA,NA,NA,NA,AT5G55140,AT5G55140:7.02956e-07
626294at2759,2,Zm00001eb065760,Zm00001eb065760:0.00110841,SORBI_3006G272500,SORBI_3006G272500:4.16316e-10,NA,NA,NA,NA,NA,NA
626294at3193,2,Zm00001eb065760,Zm00001eb065760:0.00110841,SORBI_3006G272500,SORBI_3006G272500:4.16316e-10,NA,NA,NA,NA,NA,NA
626294at33090,2,Zm00001eb065760,Zm00001eb065760:0.00110841,SORBI_3006G272500,SORBI_3006G272500:4.16316e-10,NA,NA,NA,NA,NA,NA
627054at33090,2,Zm00001eb116350,Zm00001eb116350:0.00135365,NA,NA,NA,NA,HORVU.MOREX.r3.3HG0228240;HORVU.MOREX.r3.3HG0228250,HORVU.MOREX.r3.3HG0228240:0.000743658;HORVU.MOREX.r3.3HG0228250:0.000743658,NA,NA
627172at2759,2,Zm00001eb402300,Zm00001eb402300:0.00194388,NA,NA,NA,NA,NA,NA,AT5G09960,AT5G09960:0.00055325
627172at3193,2,Zm00001eb402300,Zm00001eb402300:0.00194388,NA,NA,NA,NA,NA,NA,AT5G09960,AT5G09960:0.00055325
627172at33090,2,Zm00001eb402300,Zm00001eb402300:0.00194388,NA,NA,NA,NA,NA,NA,AT5G09960,AT5G09960:0.00055325
627221at2759,2,NA,NA,SORBI_3004G269600,SORBI_3004G269600:7.56581e-05,LOC_Os02g07020,LOC_Os02g07020:0.00153359,NA,NA,NA,NA
627221at3193,2,NA,NA,SORBI_3004G269600,SORBI_3004G269600:7.56581e-05,LOC_Os02g07020,LOC_Os02g07020:0.00153359,NA,NA,NA,NA
627221at33090,2,NA,NA,SORBI_3004G269600,SORBI_3004G269600:7.56581e-05,LOC_Os02g07020,LOC_Os02g07020:0.00153359,NA,NA,NA,NA
627305at3193,2,Zm00001eb330740,Zm00001eb330740:0.00208468,NA,NA,NA,NA,HORVU.MOREX.r3.2HG0111810,HORVU.MOREX.r3.2HG0111810:0.0014822,NA,NA
627570at3193,2,Zm00001eb410070,Zm00001eb410070:0.000817836,NA,NA,NA,NA,HORVU.MOREX.r3.5HG0425060,HORVU.MOREX.r3.5HG0425060:0.00025206,NA,NA
628243at3193,2,Zm00001eb369940,Zm00001eb369940:0.00366045,NA,NA,NA,NA,NA,NA,AT2G36670,AT2G36670:0.000395926
628271at2759,2,Zm00001eb213920,Zm00001eb213920:0.000119307,SORBI_3001G076600,SORBI_3001G076600:1.75935e-07,NA,NA,NA,NA,NA,NA
628271at3193,2,Zm00001eb213920,Zm00001eb213920:0.000119307,SORBI_3001G076600,SORBI_3001G076600:1.75935e-07,NA,NA,NA,NA,NA,NA
628271at33090,2,Zm00001eb213920,Zm00001eb213920:0.000119307,SORBI_3001G076600,SORBI_3001G076600:1.75935e-07,NA,NA,NA,NA,NA,NA
62844at3193,2,Zm00001eb058130;Zm00001eb214320,Zm00001eb058130:0.00151624;Zm00001eb214320:0.00259561,NA,NA,NA,NA,NA,NA,AT4G33920,AT4G33920:0.00197275
62929at3193,2,Zm00001eb421140,Zm00001eb421140:0.00167674,NA,NA,NA,NA,NA,NA,AT5G14120,AT5G14120:0.00259126
629893at2759,2,NA,NA,NA,NA,NA,NA,HORVU.MOREX.r3.2HG0119120,HORVU.MOREX.r3.2HG0119120:0.00154126,AT3G06035,AT3G06035:1.96116e-05
629893at3193,2,NA,NA,NA,NA,NA,NA,HORVU.MOREX.r3.2HG0119120,HORVU.MOREX.r3.2HG0119120:0.00154126,AT3G06035,AT3G06035:1.96116e-05
629893at33090,2,NA,NA,NA,NA,NA,NA,HORVU.MOREX.r3.2HG0119120,HORVU.MOREX.r3.2HG0119120:0.00154126,AT3G06035,AT3G06035:1.96116e-05
6301at38820,2,Zm00001eb208110,Zm00001eb208110:0.000322983,SORBI_3004G037900,SORBI_3004G037900:1.55242e-07,NA,NA,NA,NA,NA,NA
6301at4447,2,Zm00001eb208110,Zm00001eb208110:0.000322983,SORBI_3004G037900,SORBI_3004G037900:1.55242e-07,NA,NA,NA,NA,NA,NA
630301at3193,2,Zm00001eb057230;Zm00001eb057250,Zm00001eb057230:0.00259826;Zm00001eb057250:0.00259826,NA,NA,NA,NA,HORVU.MOREX.r3.5HG0510590;HORVU.MOREX.r3.5HG0510640,HORVU.MOREX.r3.5HG0510590:0.00206094;HORVU.MOREX.r3.5HG0510640:0.000804153,NA,NA
630379at2759,2,NA,NA,SORBI_3004G249400,SORBI_3004G249400:9.32744e-05,NA,NA,HORVU.MOREX.r3.4HG0332260,HORVU.MOREX.r3.4HG0332260:0.00153994,NA,NA
630379at3193,2,NA,NA,SORBI_3004G249400,SORBI_3004G249400:9.32744e-05,NA,NA,HORVU.MOREX.r3.4HG0332260,HORVU.MOREX.r3.4HG0332260:0.00153994,NA,NA
630379at33090,2,NA,NA,SORBI_3004G249400,SORBI_3004G249400:9.32744e-05,NA,NA,HORVU.MOREX.r3.4HG0332260,HORVU.MOREX.r3.4HG0332260:0.00153994,NA,NA
630842at3193,2,Zm00001eb418760,Zm00001eb418760:0.000435421,NA,NA,NA,NA,NA,NA,AT5G26667,AT5G26667:0.00227187
630947at2759,2,Zm00001eb083140,Zm00001eb083140:0.00211838,SORBI_3003G183300,SORBI_3003G183300:0.000149026,NA,NA,NA,NA,NA,NA
63100at38820,2,Zm00001eb329190,Zm00001eb329190:0.00237845,NA,NA,LOC_Os07g06440,LOC_Os07g06440:0.00201145,NA,NA,NA,NA
63100at4447,2,Zm00001eb329190,Zm00001eb329190:0.00237845,NA,NA,LOC_Os07g06440,LOC_Os07g06440:0.00201145,NA,NA,NA,NA
631390at3193,2,Zm00001eb192230,Zm00001eb192230:0.000536986,SORBI_3010G062500,SORBI_3010G062500:4.23078e-06,NA,NA,NA,NA,NA,NA
631390at33090,2,Zm00001eb192230,Zm00001eb192230:0.000536986,SORBI_3010G062500,SORBI_3010G062500:4.23078e-06,NA,NA,NA,NA,NA,NA
631424at3193,2,Zm00001eb397490,Zm00001eb397490:0.000239165,NA,NA,NA,NA,NA,NA,AT1G02030;AT2G28710,AT1G02030:0.000173223;AT2G28710:0.00174815
631424at33090,2,Zm00001eb397490,Zm00001eb397490:0.000239165,NA,NA,NA,NA,NA,NA,AT1G02030;AT2G28710,AT1G02030:0.000173223;AT2G28710:0.00174815
631527at2759,2,Zm00001eb318570,Zm00001eb318570:0.00154831,NA,NA,NA,NA,HORVU.MOREX.r3.2HG0103170;HORVU.MOREX.r3.2HG0103190,HORVU.MOREX.r3.2HG0103170:0.000473957;HORVU.MOREX.r3.2HG0103190:0.000473957,NA,NA
631527at3193,2,Zm00001eb318570,Zm00001eb318570:0.00154831,NA,NA,NA,NA,HORVU.MOREX.r3.2HG0103170;HORVU.MOREX.r3.2HG0103190,HORVU.MOREX.r3.2HG0103170:0.000473957;HORVU.MOREX.r3.2HG0103190:0.000473957,NA,NA
631527at33090,2,Zm00001eb318570,Zm00001eb318570:0.00154831,NA,NA,NA,NA,HORVU.MOREX.r3.2HG0103170;HORVU.MOREX.r3.2HG0103190,HORVU.MOREX.r3.2HG0103170:0.000473957;HORVU.MOREX.r3.2HG0103190:0.000473957,NA,NA
631669at2759,2,Zm00001eb362730,Zm00001eb362730:0.00121813,NA,NA,NA,NA,NA,NA,AT1G09750,AT1G09750:0.00065208
631669at3193,2,Zm00001eb362730,Zm00001eb362730:0.00121813,NA,NA,NA,NA,NA,NA,AT1G09750,AT1G09750:0.00065208
631669at33090,2,Zm00001eb362730,Zm00001eb362730:0.00121813,NA,NA,NA,NA,NA,NA,AT1G09750,AT1G09750:0.00065208
632146at2759,2,Zm00001eb218220;Zm00001eb232030,Zm00001eb218220:0.000669997;Zm00001eb232030:0.00340828,NA,NA,NA,NA,NA,NA,AT3G04010,AT3G04010:0.00252298
632146at3193,2,Zm00001eb218220,Zm00001eb218220:0.000669997,NA,NA,NA,NA,NA,NA,AT3G04010,AT3G04010:0.00252298
632146at33090,2,Zm00001eb218220;Zm00001eb232030,Zm00001eb218220:0.000669997;Zm00001eb232030:0.00340828,NA,NA,NA,NA,NA,NA,AT3G04010,AT3G04010:0.00252298
632627at2759,2,Zm00001eb102560;Zm00001eb241900;Zm00001eb317920,Zm00001eb102560:0.00324625;Zm00001eb241900:0.00234222;Zm00001eb317920:0.000222624,NA,NA,NA,NA,HORVU.MOREX.r3.5HG0494850,HORVU.MOREX.r3.5HG0494850:0.00223712,NA,NA
632627at3193,2,Zm00001eb102560;Zm00001eb241900;Zm00001eb317920,Zm00001eb102560:0.00324625;Zm00001eb241900:0.00234222;Zm00001eb317920:0.000222624,NA,NA,NA,NA,HORVU.MOREX.r3.5HG0494850,HORVU.MOREX.r3.5HG0494850:0.00223712,NA,NA
632627at33090,2,Zm00001eb102560;Zm00001eb241900;Zm00001eb317920,Zm00001eb102560:0.00324625;Zm00001eb241900:0.00234222;Zm00001eb317920:0.000222624,NA,NA,NA,NA,HORVU.MOREX.r3.5HG0494850,HORVU.MOREX.r3.5HG0494850:0.00223712,NA,NA
633887at3193,2,Zm00001eb325360,Zm00001eb325360:0.00237857,SORBI_3001G296800,SORBI_3001G296800:5.42259e-05,NA,NA,NA,NA,NA,NA
634242at2759,2,NA,NA,NA,NA,NA,NA,HORVU.MOREX.r3.1HG0061330,HORVU.MOREX.r3.1HG0061330:0.00127691,AT3G06760;AT5G49230,AT3G06760:0.000633209;AT5G49230:0.001992
634242at3193,2,NA,NA,NA,NA,NA,NA,HORVU.MOREX.r3.1HG0061330,HORVU.MOREX.r3.1HG0061330:0.00127691,AT3G06760;AT5G49230,AT3G06760:0.000633209;AT5G49230:0.001992
634242at33090,2,NA,NA,NA,NA,NA,NA,HORVU.MOREX.r3.1HG0061330,HORVU.MOREX.r3.1HG0061330:0.00127691,AT3G06760;AT5G49230,AT3G06760:0.000633209;AT5G49230:0.001992
634459at3193,2,Zm00001eb419530,Zm00001eb419530:0.00392525,NA,NA,LOC_Os03g08220,LOC_Os03g08220:0.00204256,NA,NA,NA,NA
634869at3193,2,NA,NA,NA,NA,NA,NA,HORVU.MOREX.r3.5HG0532720,HORVU.MOREX.r3.5HG0532720:0.00262503,AT2G31865,AT2G31865:0.000481878
634869at33090,2,NA,NA,NA,NA,NA,NA,HORVU.MOREX.r3.5HG0532720,HORVU.MOREX.r3.5HG0532720:0.00262503,AT2G31865,AT2G31865:0.000481878
635187at2759,2,Zm00001eb291960,Zm00001eb291960:0.0028362,NA,NA,NA,NA,NA,NA,AT1G61660,AT1G61660:0.0023969
635187at3193,2,Zm00001eb291960,Zm00001eb291960:0.0028362,NA,NA,NA,NA,NA,NA,AT1G61660,AT1G61660:0.0023969
635187at33090,2,Zm00001eb291960,Zm00001eb291960:0.0028362,NA,NA,NA,NA,NA,NA,AT1G61660,AT1G61660:0.0023969
635367at2759,2,Zm00001eb059560;Zm00001eb119450,Zm00001eb059560:0.00292873;Zm00001eb119450:0.00236659,NA,NA,LOC_Os01g01390,LOC_Os01g01390:0.00141984,NA,NA,NA,NA
635367at33090,2,Zm00001eb059560;Zm00001eb119450,Zm00001eb059560:0.00292873;Zm00001eb119450:0.00236659,NA,NA,LOC_Os01g01390,LOC_Os01g01390:0.00141984,NA,NA,NA,NA
636634at2759,2,Zm00001eb378900,Zm00001eb378900:0.000235588,NA,NA,NA,NA,HORVU.MOREX.r3.7HG0640490,HORVU.MOREX.r3.7HG0640490:4.80148e-05,NA,NA
636634at3193,2,Zm00001eb378900,Zm00001eb378900:0.000235588,NA,NA,NA,NA,HORVU.MOREX.r3.7HG0640490,HORVU.MOREX.r3.7HG0640490:4.80148e-05,NA,NA
636634at33090,2,Zm00001eb378900,Zm00001eb378900:0.000235588,NA,NA,NA,NA,HORVU.MOREX.r3.7HG0640490,HORVU.MOREX.r3.7HG0640490:4.80148e-05,NA,NA
637118at2759,2,Zm00001eb278980,Zm00001eb278980:0.000143367,NA,NA,NA,NA,HORVU.MOREX.r3.2HG0103880,HORVU.MOREX.r3.2HG0103880:0.00100839,NA,NA
637118at3193,2,Zm00001eb278980,Zm00001eb278980:0.000143367,NA,NA,NA,NA,HORVU.MOREX.r3.2HG0103880,HORVU.MOREX.r3.2HG0103880:0.00100839,NA,NA
637118at33090,2,Zm00001eb278980,Zm00001eb278980:0.000143367,NA,NA,NA,NA,HORVU.MOREX.r3.2HG0103880,HORVU.MOREX.r3.2HG0103880:0.00100839,NA,NA
637561at3193,2,Zm00001eb071040,Zm00001eb071040:0.000786451,NA,NA,NA,NA,HORVU.MOREX.r3.2HG0104870;HORVU.MOREX.r3.2HG0104880,HORVU.MOREX.r3.2HG0104870:0.000583584;HORVU.MOREX.r3.2HG0104880:0.000583584,NA,NA
638084at2759,2,Zm00001eb063370;Zm00001eb260050;Zm00001eb304280,Zm00001eb063370:0.00237705;Zm00001eb260050:0.00310741;Zm00001eb304280:0.000100271,NA,NA,NA,NA,HORVU.MOREX.r3.4HG0412200;HORVU.MOREX.r3.7HG0706740,HORVU.MOREX.r3.4HG0412200:0.000411667;HORVU.MOREX.r3.7HG0706740:0.000958839,NA,NA
638186at2759,2,Zm00001eb396610,Zm00001eb396610:0.0043188,NA,NA,NA,NA,NA,NA,AT4G02500,AT4G02500:0.000327056
638186at33090,2,Zm00001eb396610,Zm00001eb396610:0.0043188,NA,NA,NA,NA,NA,NA,AT4G02500,AT4G02500:0.000327056
638340at3193,2,NA,NA,NA,NA,LOC_Os01g02190,LOC_Os01g02190:0.00177136,NA,NA,AT3G25545,AT3G25545:0.000842947
638531at3193,2,NA,NA,NA,NA,NA,NA,HORVU.MOREX.r3.6HG0545620,HORVU.MOREX.r3.6HG0545620:0.00284151,AT5G02500,AT5G02500:0.000878113
638576at33090,2,Zm00001eb034990;Zm00001eb072510;Zm00001eb376160,Zm00001eb034990:0.00133158;Zm00001eb072510:0.00101664;Zm00001eb376160:6.07898e-05,NA,NA,NA,NA,NA,NA,AT3G13080;AT3G59140,AT3G13080:7.74883e-05;AT3G59140:0.00217833
638616at33090,2,Zm00001eb402260;Zm00001eb402520,Zm00001eb402260:0.00194388;Zm00001eb402520:0.000824493,NA,NA,NA,NA,NA,NA,AT1G76360,AT1G76360:0.00121718
638620at3193,2,Zm00001eb057180,Zm00001eb057180:0.000450347,NA,NA,NA,NA,NA,NA,AT4G35500,AT4G35500:0.000640093
638716at3193,2,Zm00001eb222250;Zm00001eb390820,Zm00001eb222250:0.0013401;Zm00001eb390820:0.000123259,NA,NA,NA,NA,NA,NA,AT4G17090,AT4G17090:0.00244114
638783at2759,2,Zm00001eb322440,Zm00001eb322440:0.000827574,NA,NA,NA,NA,NA,NA,AT4G04610,AT4G04610:0.0019519
638783at3193,2,Zm00001eb322440,Zm00001eb322440:0.000827574,NA,NA,NA,NA,NA,NA,AT4G04610,AT4G04610:0.0019519
638783at33090,2,Zm00001eb322440,Zm00001eb322440:0.000827574,NA,NA,NA,NA,NA,NA,AT4G04610,AT4G04610:0.0019519
640385at2759,2,NA,NA,NA,NA,NA,NA,HORVU.MOREX.r3.7HG0688020,HORVU.MOREX.r3.7HG0688020:0.00269186,AT2G17680,AT2G17680:0.000200356
640385at3193,2,NA,NA,NA,NA,NA,NA,HORVU.MOREX.r3.7HG0688020,HORVU.MOREX.r3.7HG0688020:0.00269186,AT2G17680,AT2G17680:0.000200356
640385at33090,2,NA,NA,NA,NA,NA,NA,HORVU.MOREX.r3.7HG0688020,HORVU.MOREX.r3.7HG0688020:0.00269186,AT2G17680,AT2G17680:0.000200356
640662at3193,2,Zm00001eb195200;Zm00001eb195210;Zm00001eb204960;Zm00001eb383860;Zm00001eb383870,Zm00001eb195200:3.99621e-05;Zm00001eb195210:3.99621e-05;Zm00001eb204960:0.00349325;Zm00001eb383860:0.00221929;Zm00001eb383870:0.00221929,NA,NA,NA,NA,NA,NA,AT5G05340,AT5G05340:0.000741017
640662at33090,2,Zm00001eb195200;Zm00001eb195210;Zm00001eb204960;Zm00001eb383860;Zm00001eb383870,Zm00001eb195200:3.99621e-05;Zm00001eb195210:3.99621e-05;Zm00001eb204960:0.00349325;Zm00001eb383860:0.00221929;Zm00001eb383870:0.00221929,NA,NA,NA,NA,NA,NA,AT5G05340,AT5G05340:0.000741017
640682at3193,2,Zm00001eb434030,Zm00001eb434030:0.00106804,SORBI_3006G272600,SORBI_3006G272600:4.16316e-10,NA,NA,NA,NA,NA,NA
640682at33090,2,Zm00001eb434030,Zm00001eb434030:0.00106804,SORBI_3006G272600,SORBI_3006G272600:4.16316e-10,NA,NA,NA,NA,NA,NA
640726at3193,2,Zm00001eb072510,Zm00001eb072510:0.00101664,NA,NA,NA,NA,NA,NA,AT3G13080,AT3G13080:7.74883e-05
640780at2759,2,Zm00001eb171010,Zm00001eb171010:0.000464838,NA,NA,NA,NA,NA,NA,AT3G13060,AT3G13060:5.76394e-05
640780at3193,2,Zm00001eb171010,Zm00001eb171010:0.000464838,NA,NA,NA,NA,NA,NA,AT3G13060,AT3G13060:5.76394e-05
640780at33090,2,Zm00001eb171010,Zm00001eb171010:0.000464838,NA,NA,NA,NA,NA,NA,AT3G13060,AT3G13060:5.76394e-05
640992at2759,2,Zm00001eb213060,Zm00001eb213060:0.00376211,NA,NA,NA,NA,NA,NA,AT1G54490,AT1G54490:0.000708574
641264at2759,2,Zm00001eb267510,Zm00001eb267510:0.00314358,NA,NA,NA,NA,HORVU.MOREX.r3.1HG0002660,HORVU.MOREX.r3.1HG0002660:0.0015472,NA,NA
641264at3193,2,Zm00001eb267510,Zm00001eb267510:0.00314358,NA,NA,NA,NA,HORVU.MOREX.r3.1HG0002660,HORVU.MOREX.r3.1HG0002660:0.0015472,NA,NA
641264at33090,2,Zm00001eb267510,Zm00001eb267510:0.00314358,NA,NA,NA,NA,HORVU.MOREX.r3.1HG0002660,HORVU.MOREX.r3.1HG0002660:0.0015472,NA,NA
642034at3193,2,NA,NA,NA,NA,NA,NA,HORVU.MOREX.r3.4HG0346810,HORVU.MOREX.r3.4HG0346810:0.000264575,AT1G34420,AT1G34420:0.000902978
642147at3193,2,Zm00001eb260690,Zm00001eb260690:0.00415266,NA,NA,NA,NA,NA,NA,AT1G71691,AT1G71691:0.00246545
642147at33090,2,Zm00001eb260690,Zm00001eb260690:0.00415266,NA,NA,NA,NA,NA,NA,AT1G71691,AT1G71691:0.00246545
642160at3193,2,Zm00001eb137860,Zm00001eb137860:0.00409356,NA,NA,NA,NA,HORVU.MOREX.r3.2HG0104890,HORVU.MOREX.r3.2HG0104890:4.92742e-05,NA,NA
642160at33090,2,Zm00001eb137860,Zm00001eb137860:0.00409356,NA,NA,NA,NA,HORVU.MOREX.r3.2HG0104890,HORVU.MOREX.r3.2HG0104890:4.92742e-05,NA,NA
642338at3193,2,Zm00001eb157520,Zm00001eb157520:0.000422156,NA,NA,NA,NA,NA,NA,AT4G18140,AT4G18140:0.00122606
642338at33090,2,Zm00001eb157520,Zm00001eb157520:0.000422156,NA,NA,NA,NA,NA,NA,AT4G18140,AT4G18140:0.00122606
642620at2759,2,Zm00001eb153660,Zm00001eb153660:0.00409479,NA,NA,NA,NA,HORVU.MOREX.r3.3HG0287760,HORVU.MOREX.r3.3HG0287760:0.00136379,NA,NA
642620at3193,2,Zm00001eb153660,Zm00001eb153660:0.00409479,NA,NA,NA,NA,HORVU.MOREX.r3.3HG0287760,HORVU.MOREX.r3.3HG0287760:0.00136379,NA,NA
642620at33090,2,Zm00001eb153660,Zm00001eb153660:0.00409479,NA,NA,NA,NA,HORVU.MOREX.r3.3HG0287760,HORVU.MOREX.r3.3HG0287760:0.00136379,NA,NA
642892at3193,2,Zm00001eb177740,Zm00001eb177740:0.00218023,NA,NA,NA,NA,HORVU.MOREX.r3.7HG0640480,HORVU.MOREX.r3.7HG0640480:4.80148e-05,NA,NA
644225at2759,2,Zm00001eb061870,Zm00001eb061870:0.00188196,NA,NA,NA,NA,HORVU.MOREX.r3.3HG0331040,HORVU.MOREX.r3.3HG0331040:0.00116625,NA,NA
644225at3193,2,Zm00001eb061870,Zm00001eb061870:0.00188196,NA,NA,NA,NA,HORVU.MOREX.r3.3HG0331040,HORVU.MOREX.r3.3HG0331040:0.00116625,NA,NA
644225at33090,2,Zm00001eb061870,Zm00001eb061870:0.00188196,NA,NA,NA,NA,HORVU.MOREX.r3.3HG0331040,HORVU.MOREX.r3.3HG0331040:0.00116625,NA,NA
644234at2759,2,Zm00001eb240100,Zm00001eb240100:0.000329184,SORBI_3010G173400,SORBI_3010G173400:2.17804e-07,NA,NA,NA,NA,NA,NA
644234at3193,2,Zm00001eb240100,Zm00001eb240100:0.000329184,SORBI_3010G173400,SORBI_3010G173400:2.17804e-07,NA,NA,NA,NA,NA,NA
644234at33090,2,Zm00001eb240100,Zm00001eb240100:0.000329184,SORBI_3010G173400,SORBI_3010G173400:2.17804e-07,NA,NA,NA,NA,NA,NA
644966at2759,2,NA,NA,NA,NA,NA,NA,HORVU.MOREX.r3.5HG0510620,HORVU.MOREX.r3.5HG0510620:0.00206094,AT5G19020,AT5G19020:0.000725893
644966at3193,2,NA,NA,NA,NA,NA,NA,HORVU.MOREX.r3.5HG0510620,HORVU.MOREX.r3.5HG0510620:0.00206094,AT5G19020,AT5G19020:0.000725893
644966at33090,2,NA,NA,NA,NA,NA,NA,HORVU.MOREX.r3.5HG0510620,HORVU.MOREX.r3.5HG0510620:0.00206094,AT5G19020,AT5G19020:0.000725893
645246at2759,2,Zm00001eb103130;Zm00001eb318940,Zm00001eb103130:0.000785831;Zm00001eb318940:2.47428e-05,NA,NA,LOC_Os10g01950,LOC_Os10g01950:0.00180611,NA,NA,NA,NA
645781at2759,2,Zm00001eb061770;Zm00001eb212450,Zm00001eb061770:0.00231161;Zm00001eb212450:0.00170799,NA,NA,NA,NA,HORVU.MOREX.r3.4HG0396190,HORVU.MOREX.r3.4HG0396190:8.9044e-05,NA,NA
645781at3193,2,Zm00001eb061770;Zm00001eb212450,Zm00001eb061770:0.00231161;Zm00001eb212450:0.00170799,NA,NA,NA,NA,HORVU.MOREX.r3.4HG0396190,HORVU.MOREX.r3.4HG0396190:8.9044e-05,NA,NA
645781at33090,2,Zm00001eb061770;Zm00001eb212450,Zm00001eb061770:0.00231161;Zm00001eb212450:0.00170799,NA,NA,NA,NA,HORVU.MOREX.r3.4HG0396190,HORVU.MOREX.r3.4HG0396190:8.9044e-05,NA,NA
646613at2759,2,Zm00001eb242750,Zm00001eb242750:0.00390581,NA,NA,NA,NA,HORVU.MOREX.r3.5HG0522100,HORVU.MOREX.r3.5HG0522100:1.74292e-06,NA,NA
646654at2759,2,NA,NA,NA,NA,NA,NA,HORVU.MOREX.r3.4HG0411040,HORVU.MOREX.r3.4HG0411040:0.000823314,AT2G25560,AT2G25560:0.000274191
646654at3193,2,NA,NA,NA,NA,NA,NA,HORVU.MOREX.r3.4HG0411040,HORVU.MOREX.r3.4HG0411040:0.000823314,AT2G25560,AT2G25560:0.000274191
646654at33090,2,NA,NA,NA,NA,NA,NA,HORVU.MOREX.r3.4HG0411040,HORVU.MOREX.r3.4HG0411040:0.000823314,AT2G25560,AT2G25560:0.000274191
648061at2759,2,Zm00001eb135550,Zm00001eb135550:0.00363732,NA,NA,NA,NA,NA,NA,AT1G04250,AT1G04250:0.00198117
648061at3193,2,Zm00001eb135550,Zm00001eb135550:0.00363732,NA,NA,NA,NA,NA,NA,AT1G04250,AT1G04250:0.00198117
648061at33090,2,Zm00001eb135550,Zm00001eb135550:0.00363732,NA,NA,NA,NA,NA,NA,AT1G04250,AT1G04250:0.00198117
648461at2759,2,Zm00001eb117810;Zm00001eb281100;Zm00001eb427260;Zm00001eb427270,Zm00001eb117810:0.000180953;Zm00001eb281100:0.00438591;Zm00001eb427260:0.00155066;Zm00001eb427270:0.00155066,NA,NA,NA,NA,HORVU.MOREX.r3.6HG0623120,HORVU.MOREX.r3.6HG0623120:0.00142167,NA,NA
648461at3193,2,Zm00001eb117810;Zm00001eb281100;Zm00001eb427260;Zm00001eb427270,Zm00001eb117810:0.000180953;Zm00001eb281100:0.00438591;Zm00001eb427260:0.00155066;Zm00001eb427270:0.00155066,NA,NA,NA,NA,HORVU.MOREX.r3.6HG0623120,HORVU.MOREX.r3.6HG0623120:0.00142167,NA,NA
648461at33090,2,Zm00001eb117810;Zm00001eb281100;Zm00001eb427260;Zm00001eb427270,Zm00001eb117810:0.000180953;Zm00001eb281100:0.00438591;Zm00001eb427260:0.00155066;Zm00001eb427270:0.00155066,NA,NA,NA,NA,HORVU.MOREX.r3.6HG0623120,HORVU.MOREX.r3.6HG0623120:0.00142167,NA,NA
648971at2759,2,Zm00001eb288190,Zm00001eb288190:0.00319798,NA,NA,NA,NA,HORVU.MOREX.r3.5HG0513690,HORVU.MOREX.r3.5HG0513690:6.03275e-05,NA,NA
648971at33090,2,Zm00001eb288190,Zm00001eb288190:0.00319798,NA,NA,NA,NA,HORVU.MOREX.r3.5HG0513690,HORVU.MOREX.r3.5HG0513690:6.03275e-05,NA,NA
649277at2759,2,Zm00001eb059220,Zm00001eb059220:0.000498376,NA,NA,NA,NA,HORVU.MOREX.r3.5HG0513960,HORVU.MOREX.r3.5HG0513960:0.0013042,NA,NA
649277at3193,2,Zm00001eb059220,Zm00001eb059220:0.000498376,NA,NA,NA,NA,HORVU.MOREX.r3.5HG0513960,HORVU.MOREX.r3.5HG0513960:0.0013042,NA,NA
649277at33090,2,Zm00001eb059220,Zm00001eb059220:0.000498376,NA,NA,NA,NA,HORVU.MOREX.r3.5HG0513960,HORVU.MOREX.r3.5HG0513960:0.0013042,NA,NA
650647at3193,2,Zm00001eb260930,Zm00001eb260930:0.000725655,NA,NA,LOC_Os08g01170,LOC_Os08g01170:0.00203094,NA,NA,NA,NA
650649at2759,2,Zm00001eb219960,Zm00001eb219960:0.00278326,NA,NA,NA,NA,HORVU.MOREX.r3.2HG0188620,HORVU.MOREX.r3.2HG0188620:0.00179537,NA,NA
650649at3193,2,Zm00001eb219960,Zm00001eb219960:0.00278326,NA,NA,NA,NA,HORVU.MOREX.r3.2HG0188620,HORVU.MOREX.r3.2HG0188620:0.00179537,NA,NA
650649at33090,2,Zm00001eb219960,Zm00001eb219960:0.00278326,NA,NA,NA,NA,HORVU.MOREX.r3.2HG0188620,HORVU.MOREX.r3.2HG0188620:0.00179537,NA,NA
650802at3193,2,Zm00001eb149270,Zm00001eb149270:0.00441832,NA,NA,NA,NA,HORVU.MOREX.r3.3HG0304340,HORVU.MOREX.r3.3HG0304340:0.00084903,NA,NA
650895at3193,2,Zm00001eb331410,Zm00001eb331410:0.0041207,SORBI_3001G399300,SORBI_3001G399300:2.9157e-06,NA,NA,NA,NA,NA,NA
65096at38820,2,Zm00001eb326840,Zm00001eb326840:0.0039618,SORBI_3002G366200,SORBI_3002G366200:0.000115398,NA,NA,NA,NA,NA,NA
65096at4447,2,Zm00001eb326840,Zm00001eb326840:0.0039618,SORBI_3002G366200,SORBI_3002G366200:0.000115398,NA,NA,NA,NA,NA,NA
651612at3193,2,Zm00001eb271090,Zm00001eb271090:0.00173221,NA,NA,NA,NA,HORVU.MOREX.r3.7HG0640150,HORVU.MOREX.r3.7HG0640150:2.69289e-05,NA,NA
651655at2759,2,NA,NA,NA,NA,LOC_Os09g04760,LOC_Os09g04760:0.00119253,NA,NA,AT5G08120,AT5G08120:0.000583028
651655at3193,2,NA,NA,NA,NA,LOC_Os09g04760,LOC_Os09g04760:0.00119253,NA,NA,AT5G08120,AT5G08120:0.000583028
651655at33090,2,NA,NA,NA,NA,LOC_Os09g04760,LOC_Os09g04760:0.00119253,NA,NA,AT5G08120,AT5G08120:0.000583028
651744at3193,2,Zm00001eb211510,Zm00001eb211510:0.00207816,NA,NA,NA,NA,HORVU.MOREX.r3.1HG0079040,HORVU.MOREX.r3.1HG0079040:0.00114816,NA,NA
651777at2759,2,Zm00001eb100380,Zm00001eb100380:0.00178849,NA,NA,NA,NA,NA,NA,AT3G50330,AT3G50330:0.00104819
651777at3193,2,Zm00001eb100380,Zm00001eb100380:0.00178849,NA,NA,NA,NA,NA,NA,AT3G50330,AT3G50330:0.00104819
651777at33090,2,Zm00001eb100380,Zm00001eb100380:0.00178849,NA,NA,NA,NA,NA,NA,AT3G50330,AT3G50330:0.00104819
65187at38820,2,Zm00001eb107940;Zm00001eb325810,Zm00001eb107940:0.000759116;Zm00001eb325810:0.00437747,SORBI_3002G355400,SORBI_3002G355400:7.44519e-05,NA,NA,NA,NA,NA,NA
65187at4447,2,Zm00001eb107940;Zm00001eb325810,Zm00001eb107940:0.000759116;Zm00001eb325810:0.00437747,SORBI_3002G355400,SORBI_3002G355400:7.44519e-05,NA,NA,NA,NA,NA,NA
653074at3193,2,NA,NA,NA,NA,NA,NA,HORVU.MOREX.r3.5HG0495130,HORVU.MOREX.r3.5HG0495130:0.000714598,AT5G13480,AT5G13480:0.000593482
653098at2759,2,Zm00001eb325820,Zm00001eb325820:0.00437747,SORBI_3002G355500,SORBI_3002G355500:7.44519e-05,NA,NA,NA,NA,NA,NA
653098at3193,2,Zm00001eb325820,Zm00001eb325820:0.00437747,SORBI_3002G355500,SORBI_3002G355500:7.44519e-05,NA,NA,NA,NA,NA,NA
653098at33090,2,Zm00001eb325820,Zm00001eb325820:0.00437747,SORBI_3002G355500,SORBI_3002G355500:7.44519e-05,NA,NA,NA,NA,NA,NA
653523at2759,2,Zm00001eb207580,Zm00001eb207580:0.00228981,NA,NA,NA,NA,NA,NA,AT4G04900,AT4G04900:0.00128298
653523at3193,2,Zm00001eb207580,Zm00001eb207580:0.00228981,NA,NA,NA,NA,NA,NA,AT4G04900,AT4G04900:0.00128298
653523at33090,2,Zm00001eb207580,Zm00001eb207580:0.00228981,NA,NA,NA,NA,NA,NA,AT4G04900,AT4G04900:0.00128298
653800at3193,2,Zm00001eb394950,Zm00001eb394950:0.00249745,SORBI_3001G376700,SORBI_3001G376700:5.51618e-05,NA,NA,NA,NA,NA,NA
654194at2759,2,Zm00001eb433940,Zm00001eb433940:0.000142534,NA,NA,NA,NA,NA,NA,AT5G35520,AT5G35520:0.00122626
654194at3193,2,Zm00001eb433940,Zm00001eb433940:0.000142534,NA,NA,NA,NA,NA,NA,AT5G35520,AT5G35520:0.00122626
654194at33090,2,Zm00001eb433940,Zm00001eb433940:0.000142534,NA,NA,NA,NA,NA,NA,AT5G35520,AT5G35520:0.00122626
654468at3193,2,Zm00001eb214840,Zm00001eb214840:0.00160852,NA,NA,NA,NA,NA,NA,AT4G16420,AT4G16420:0.00145055
654560at2759,2,Zm00001eb208150;Zm00001eb227180;Zm00001eb232050,Zm00001eb208150:0.00459381;Zm00001eb227180:1.18479e-05;Zm00001eb232050:0.00340828,NA,NA,NA,NA,NA,NA,AT5G43270,AT5G43270:0.0018555
654560at3193,2,Zm00001eb208150;Zm00001eb227180;Zm00001eb232050,Zm00001eb208150:0.00459381;Zm00001eb227180:1.18479e-05;Zm00001eb232050:0.00340828,NA,NA,NA,NA,NA,NA,AT5G43270,AT5G43270:0.0018555
654560at33090,2,Zm00001eb208150;Zm00001eb227180;Zm00001eb232050,Zm00001eb208150:0.00459381;Zm00001eb227180:1.18479e-05;Zm00001eb232050:0.00340828,NA,NA,NA,NA,NA,NA,AT5G43270,AT5G43270:0.0018555
654719at2759,2,Zm00001eb062560,Zm00001eb062560:0.00425278,NA,NA,NA,NA,HORVU.MOREX.r3.5HG0526050;HORVU.MOREX.r3.5HG0526060,HORVU.MOREX.r3.5HG0526050:0.00197832;HORVU.MOREX.r3.5HG0526060:0.00197832,NA,NA
654719at3193,2,Zm00001eb062560,Zm00001eb062560:0.00425278,NA,NA,NA,NA,HORVU.MOREX.r3.5HG0526050;HORVU.MOREX.r3.5HG0526060,HORVU.MOREX.r3.5HG0526050:0.00197832;HORVU.MOREX.r3.5HG0526060:0.00197832,NA,NA
654719at33090,2,Zm00001eb062560,Zm00001eb062560:0.00425278,NA,NA,NA,NA,HORVU.MOREX.r3.5HG0526050;HORVU.MOREX.r3.5HG0526060,HORVU.MOREX.r3.5HG0526050:0.00197832;HORVU.MOREX.r3.5HG0526060:0.00197832,NA,NA
654842at2759,2,Zm00001eb331000,Zm00001eb331000:0.00136963,NA,NA,NA,NA,HORVU.MOREX.r3.3HG0255050,HORVU.MOREX.r3.3HG0255050:0.00206976,NA,NA
654842at3193,2,Zm00001eb331000,Zm00001eb331000:0.00136963,NA,NA,NA,NA,HORVU.MOREX.r3.3HG0255050,HORVU.MOREX.r3.3HG0255050:0.00206976,NA,NA
654842at33090,2,Zm00001eb331000,Zm00001eb331000:0.00136963,NA,NA,NA,NA,HORVU.MOREX.r3.3HG0255050,HORVU.MOREX.r3.3HG0255050:0.00206976,NA,NA
654908at3193,2,NA,NA,NA,NA,NA,NA,HORVU.MOREX.r3.1HG0090920,HORVU.MOREX.r3.1HG0090920:0.00129773,AT4G18550,AT4G18550:2.95684e-05
655175at33090,2,NA,NA,NA,NA,NA,NA,HORVU.MOREX.r3.2HG0182910,HORVU.MOREX.r3.2HG0182910:0.00240626,AT1G65730,AT1G65730:0.00126798
656718at2759,2,Zm00001eb213160,Zm00001eb213160:7.1499e-05,NA,NA,NA,NA,NA,NA,AT2G39760,AT2G39760:0.000326984
656718at33090,2,Zm00001eb213160,Zm00001eb213160:7.1499e-05,NA,NA,NA,NA,NA,NA,AT2G39760,AT2G39760:0.000326984
656798at2759,2,NA,NA,SORBI_3001G023800,SORBI_3001G023800:5.51535e-05,NA,NA,NA,NA,AT1G73210;AT4G03420,AT1G73210:0.00165878;AT4G03420:0.00254831
656798at33090,2,NA,NA,SORBI_3001G023800,SORBI_3001G023800:5.51535e-05,NA,NA,NA,NA,AT1G73210;AT4G03420,AT1G73210:0.00165878;AT4G03420:0.00254831
657724at2759,2,Zm00001eb398460,Zm00001eb398460:0.000896488,NA,NA,NA,NA,NA,NA,AT2G41610,AT2G41610:5.41722e-05
657724at3193,2,Zm00001eb398460,Zm00001eb398460:0.000896488,NA,NA,NA,NA,NA,NA,AT2G41610,AT2G41610:5.41722e-05
657724at33090,2,Zm00001eb398460,Zm00001eb398460:0.000896488,NA,NA,NA,NA,NA,NA,AT2G41610,AT2G41610:5.41722e-05
658015at3193,2,Zm00001eb046700,Zm00001eb046700:0.000677777,NA,NA,NA,NA,NA,NA,AT2G18510,AT2G18510:0.000468109
658015at33090,2,Zm00001eb046700,Zm00001eb046700:0.000677777,NA,NA,NA,NA,NA,NA,AT2G18510,AT2G18510:0.000468109
658400at3193,2,Zm00001eb122880,Zm00001eb122880:0.000559322,NA,NA,NA,NA,HORVU.MOREX.r3.3HG0241770,HORVU.MOREX.r3.3HG0241770:6.14886e-07,NA,NA
658567at2759,2,Zm00001eb302270,Zm00001eb302270:0.00426285,NA,NA,NA,NA,HORVU.MOREX.r3.7HG0639300,HORVU.MOREX.r3.7HG0639300:0.00183795,NA,NA
658567at3193,2,Zm00001eb302270,Zm00001eb302270:0.00426285,NA,NA,NA,NA,HORVU.MOREX.r3.7HG0639300,HORVU.MOREX.r3.7HG0639300:0.00183795,NA,NA
658567at33090,2,Zm00001eb302270,Zm00001eb302270:0.00426285,NA,NA,NA,NA,HORVU.MOREX.r3.7HG0639300,HORVU.MOREX.r3.7HG0639300:0.00183795,NA,NA
658663at2759,2,Zm00001eb327350,Zm00001eb327350:0.00159561,NA,NA,NA,NA,HORVU.MOREX.r3.2HG0125840,HORVU.MOREX.r3.2HG0125840:0.00291598,NA,NA
658663at3193,2,Zm00001eb327350,Zm00001eb327350:0.00159561,NA,NA,NA,NA,HORVU.MOREX.r3.2HG0125840,HORVU.MOREX.r3.2HG0125840:0.00291598,NA,NA
658663at33090,2,Zm00001eb327350,Zm00001eb327350:0.00159561,NA,NA,NA,NA,HORVU.MOREX.r3.2HG0125840,HORVU.MOREX.r3.2HG0125840:0.00291598,NA,NA
65892at4447,2,Zm00001eb117810;Zm00001eb281100;Zm00001eb427260;Zm00001eb427270,Zm00001eb117810:0.000180953;Zm00001eb281100:0.00438591;Zm00001eb427260:0.00155066;Zm00001eb427270:0.00155066,NA,NA,NA,NA,HORVU.MOREX.r3.6HG0623120,HORVU.MOREX.r3.6HG0623120:0.00142167,NA,NA
659418at2759,2,NA,NA,NA,NA,NA,NA,HORVU.MOREX.r3.6HG0559230,HORVU.MOREX.r3.6HG0559230:0.00156762,AT4G26020,AT4G26020:0.000284557
659418at3193,2,NA,NA,NA,NA,NA,NA,HORVU.MOREX.r3.6HG0559230,HORVU.MOREX.r3.6HG0559230:0.00156762,AT4G26020,AT4G26020:0.000284557
659418at33090,2,NA,NA,NA,NA,NA,NA,HORVU.MOREX.r3.6HG0559230,HORVU.MOREX.r3.6HG0559230:0.00156762,AT4G26020,AT4G26020:0.000284557
65976at33090,2,NA,NA,SORBI_3002G125700;SORBI_3006G150100,SORBI_3002G125700:7.34712e-05;SORBI_3006G150100:9.0007e-05,NA,NA,NA,NA,AT1G01620,AT1G01620:0.000812721
659849at2759,2,NA,NA,SORBI_3002G115400,SORBI_3002G115400:4.8769e-05,NA,NA,HORVU.MOREX.r3.2HG0100810,HORVU.MOREX.r3.2HG0100810:0.000109797,NA,NA
659849at3193,2,NA,NA,SORBI_3002G115400,SORBI_3002G115400:4.8769e-05,NA,NA,HORVU.MOREX.r3.2HG0100810,HORVU.MOREX.r3.2HG0100810:0.000109797,NA,NA
659849at33090,2,NA,NA,SORBI_3002G115400,SORBI_3002G115400:4.8769e-05,NA,NA,HORVU.MOREX.r3.2HG0100810,HORVU.MOREX.r3.2HG0100810:0.000109797,NA,NA
660488at3193,2,Zm00001eb183830,Zm00001eb183830:0.00306819,NA,NA,NA,NA,NA,NA,AT5G63880,AT5G63880:3.04971e-05
66067at38820,2,Zm00001eb304060;Zm00001eb304070,Zm00001eb304060:0.00345913;Zm00001eb304070:0.00345913,NA,NA,NA,NA,HORVU.MOREX.r3.3HG0324480,HORVU.MOREX.r3.3HG0324480:0.00139918,NA,NA
66067at4447,2,Zm00001eb304060;Zm00001eb304070,Zm00001eb304060:0.00345913;Zm00001eb304070:0.00345913,NA,NA,NA,NA,HORVU.MOREX.r3.3HG0324480,HORVU.MOREX.r3.3HG0324480:0.00139918,NA,NA
660820at2759,2,Zm00001eb062570,Zm00001eb062570:0.00425278,NA,NA,NA,NA,HORVU.MOREX.r3.5HG0526040,HORVU.MOREX.r3.5HG0526040:0.00197832,NA,NA
660820at3193,2,Zm00001eb062570,Zm00001eb062570:0.00425278,NA,NA,NA,NA,HORVU.MOREX.r3.5HG0526040,HORVU.MOREX.r3.5HG0526040:0.00197832,NA,NA
660820at33090,2,Zm00001eb062570,Zm00001eb062570:0.00425278,NA,NA,NA,NA,HORVU.MOREX.r3.5HG0526040,HORVU.MOREX.r3.5HG0526040:0.00197832,NA,NA
662583at2759,2,Zm00001eb331680,Zm00001eb331680:0.00383646,NA,NA,NA,NA,HORVU.MOREX.r3.2HG0200690,HORVU.MOREX.r3.2HG0200690:0.00262111,NA,NA
662583at3193,2,Zm00001eb331680,Zm00001eb331680:0.00383646,NA,NA,NA,NA,HORVU.MOREX.r3.2HG0200690,HORVU.MOREX.r3.2HG0200690:0.00262111,NA,NA
662583at33090,2,Zm00001eb331680,Zm00001eb331680:0.00383646,NA,NA,NA,NA,HORVU.MOREX.r3.2HG0200690,HORVU.MOREX.r3.2HG0200690:0.00262111,NA,NA
662733at2759,2,NA,NA,SORBI_3003G161700,SORBI_3003G161700:1.23411e-05,NA,NA,HORVU.MOREX.r3.1HG0006210;HORVU.MOREX.r3.3HG0219270,HORVU.MOREX.r3.1HG0006210:0.00102871;HORVU.MOREX.r3.3HG0219270:0.000691543,NA,NA
662733at3193,2,NA,NA,SORBI_3003G161700,SORBI_3003G161700:1.23411e-05,NA,NA,HORVU.MOREX.r3.1HG0006210;HORVU.MOREX.r3.3HG0219270,HORVU.MOREX.r3.1HG0006210:0.00102871;HORVU.MOREX.r3.3HG0219270:0.000691543,NA,NA
662733at33090,2,NA,NA,SORBI_3003G161700,SORBI_3003G161700:1.23411e-05,NA,NA,HORVU.MOREX.r3.1HG0006210;HORVU.MOREX.r3.3HG0219270,HORVU.MOREX.r3.1HG0006210:0.00102871;HORVU.MOREX.r3.3HG0219270:0.000691543,NA,NA
662876at2759,2,NA,NA,NA,NA,NA,NA,HORVU.MOREX.r3.4HG0416450,HORVU.MOREX.r3.4HG0416450:0.000572649,AT2G44900,AT2G44900:0.000757052
662876at3193,2,NA,NA,NA,NA,NA,NA,HORVU.MOREX.r3.4HG0416450,HORVU.MOREX.r3.4HG0416450:0.000572649,AT2G44900,AT2G44900:0.000757052
662876at33090,2,NA,NA,NA,NA,NA,NA,HORVU.MOREX.r3.4HG0416450,HORVU.MOREX.r3.4HG0416450:0.000572649,AT2G44900,AT2G44900:0.000757052
663276at3193,2,Zm00001eb211050,Zm00001eb211050:0.000163443,NA,NA,NA,NA,NA,NA,AT1G71870,AT1G71870:9.31719e-05
663810at2759,2,Zm00001eb330710,Zm00001eb330710:0.00174894,NA,NA,NA,NA,HORVU.MOREX.r3.2HG0111960,HORVU.MOREX.r3.2HG0111960:0.00260564,NA,NA
663810at3193,2,Zm00001eb330710,Zm00001eb330710:0.00174894,NA,NA,NA,NA,HORVU.MOREX.r3.2HG0111960,HORVU.MOREX.r3.2HG0111960:0.00260564,NA,NA
663810at33090,2,Zm00001eb330710,Zm00001eb330710:0.00174894,NA,NA,NA,NA,HORVU.MOREX.r3.2HG0111960,HORVU.MOREX.r3.2HG0111960:0.00260564,NA,NA
665380at2759,2,Zm00001eb218310,Zm00001eb218310:0.00142061,NA,NA,NA,NA,HORVU.MOREX.r3.4HG0333110,HORVU.MOREX.r3.4HG0333110:0.000825117,NA,NA
665380at3193,2,Zm00001eb218310,Zm00001eb218310:0.00142061,NA,NA,NA,NA,HORVU.MOREX.r3.4HG0333110,HORVU.MOREX.r3.4HG0333110:0.000825117,NA,NA
665380at33090,2,Zm00001eb218310,Zm00001eb218310:0.00142061,NA,NA,NA,NA,HORVU.MOREX.r3.4HG0333110,HORVU.MOREX.r3.4HG0333110:0.000825117,NA,NA
665542at3193,2,NA,NA,SORBI_3007G091100,SORBI_3007G091100:3.80207e-08,NA,NA,HORVU.MOREX.r3.5HG0461970,HORVU.MOREX.r3.5HG0461970:0.00174082,NA,NA
66602at2759,2,Zm00001eb369730,Zm00001eb369730:0.0022404,SORBI_3010G233300,SORBI_3010G233300:4.06341e-09,NA,NA,NA,NA,NA,NA
66602at3193,2,Zm00001eb369730,Zm00001eb369730:0.0022404,SORBI_3010G233300,SORBI_3010G233300:4.06341e-09,NA,NA,NA,NA,NA,NA
66602at33090,2,Zm00001eb369730,Zm00001eb369730:0.0022404,SORBI_3010G233300,SORBI_3010G233300:4.06341e-09,NA,NA,NA,NA,NA,NA
666445at2759,2,NA,NA,NA,NA,LOC_Os01g05510,LOC_Os01g05510:3.28983e-05,HORVU.MOREX.r3.3HG0325820,HORVU.MOREX.r3.3HG0325820:0.000798062,NA,NA
666445at3193,2,NA,NA,NA,NA,LOC_Os01g05510,LOC_Os01g05510:3.28983e-05,HORVU.MOREX.r3.3HG0325820,HORVU.MOREX.r3.3HG0325820:0.000798062,NA,NA
666445at33090,2,NA,NA,NA,NA,LOC_Os01g05510,LOC_Os01g05510:3.28983e-05,HORVU.MOREX.r3.3HG0325820,HORVU.MOREX.r3.3HG0325820:0.000798062,NA,NA
666689at3193,2,Zm00001eb020090;Zm00001eb040260,Zm00001eb020090:0.00023152;Zm00001eb040260:0.00147156,NA,NA,NA,NA,NA,NA,AT3G49360,AT3G49360:3.72014e-05
666932at2759,2,Zm00001eb068530;Zm00001eb375580,Zm00001eb068530:7.44109e-05;Zm00001eb375580:0.000640498,NA,NA,NA,NA,HORVU.MOREX.r3.2HG0204820,HORVU.MOREX.r3.2HG0204820:0.000151087,NA,NA
666932at3193,2,Zm00001eb068530;Zm00001eb375580,Zm00001eb068530:7.44109e-05;Zm00001eb375580:0.000640498,NA,NA,NA,NA,HORVU.MOREX.r3.2HG0204820,HORVU.MOREX.r3.2HG0204820:0.000151087,NA,NA
666932at33090,2,Zm00001eb068530;Zm00001eb375580,Zm00001eb068530:7.44109e-05;Zm00001eb375580:0.000640498,NA,NA,NA,NA,HORVU.MOREX.r3.2HG0204820,HORVU.MOREX.r3.2HG0204820:0.000151087,NA,NA
667329at3193,2,Zm00001eb159390,Zm00001eb159390:0.00395054,SORBI_3003G226800,SORBI_3003G226800:3.23362e-05,NA,NA,NA,NA,NA,NA
667329at33090,2,Zm00001eb159390,Zm00001eb159390:0.00395054,SORBI_3003G226800,SORBI_3003G226800:3.23362e-05,NA,NA,NA,NA,NA,NA
667822at3193,2,Zm00001eb066580;Zm00001eb433490,Zm00001eb066580:0.00370429;Zm00001eb433490:0.00280141,NA,NA,NA,NA,NA,NA,AT1G10820,AT1G10820:0.00245837
668191at3193,2,Zm00001eb219520,Zm00001eb219520:0.000124271,NA,NA,NA,NA,NA,NA,AT2G04630,AT2G04630:0.000307582
668191at33090,2,Zm00001eb219520,Zm00001eb219520:0.000124271,NA,NA,NA,NA,NA,NA,AT2G04630,AT2G04630:0.000307582
668633at3193,2,Zm00001eb331570,Zm00001eb331570:0.0044475,NA,NA,NA,NA,HORVU.MOREX.r3.2HG0108040,HORVU.MOREX.r3.2HG0108040:0.00104127,NA,NA
669085at3193,2,Zm00001eb061560,Zm00001eb061560:0.00235671,SORBI_3001G047800,SORBI_3001G047800:6.25028e-07,NA,NA,NA,NA,NA,NA
669393at3193,2,Zm00001eb286760,Zm00001eb286760:0.00373417,NA,NA,NA,NA,HORVU.MOREX.r3.3HG0319100;HORVU.MOREX.r3.3HG0319130;HORVU.MOREX.r3.3HG0324070;HORVU.MOREX.r3.7HG0750120,HORVU.MOREX.r3.3HG0319100:0.00239328;HORVU.MOREX.r3.3HG0319130:0.00235883;HORVU.MOREX.r3.3HG0324070:0.000412579;HORVU.MOREX.r3.7HG0750120:0.00142889,NA,NA
669393at33090,2,Zm00001eb286760,Zm00001eb286760:0.00373417,NA,NA,NA,NA,HORVU.MOREX.r3.3HG0319100;HORVU.MOREX.r3.3HG0319130;HORVU.MOREX.r3.3HG0324070;HORVU.MOREX.r3.7HG0750120,HORVU.MOREX.r3.3HG0319100:0.00239328;HORVU.MOREX.r3.3HG0319130:0.00235883;HORVU.MOREX.r3.3HG0324070:0.000412579;HORVU.MOREX.r3.7HG0750120:0.00142889,NA,NA
669917at3193,2,NA,NA,SORBI_3001G023900,SORBI_3001G023900:5.51535e-05,NA,NA,HORVU.MOREX.r3.3HG0330940,HORVU.MOREX.r3.3HG0330940:0.000993371,NA,NA
670572at3193,2,Zm00001eb002470;Zm00001eb402510,Zm00001eb002470:0.00198137;Zm00001eb402510:0.000824493,NA,NA,NA,NA,HORVU.MOREX.r3.3HG0331000,HORVU.MOREX.r3.3HG0331000:0.00135087,NA,NA
670587at2759,2,Zm00001eb147640,Zm00001eb147640:0.00282314,SORBI_3003G360100,SORBI_3003G360100:4.35547e-09,NA,NA,NA,NA,NA,NA
670587at3193,2,Zm00001eb147640,Zm00001eb147640:0.00282314,SORBI_3003G360100,SORBI_3003G360100:4.35547e-09,NA,NA,NA,NA,NA,NA
670587at33090,2,Zm00001eb147640,Zm00001eb147640:0.00282314,SORBI_3003G360100,SORBI_3003G360100:4.35547e-09,NA,NA,NA,NA,NA,NA
671100at2759,2,Zm00001eb022230,Zm00001eb022230:0.00149744,NA,NA,NA,NA,NA,NA,AT4G35300,AT4G35300:0.00224275
671100at3193,2,Zm00001eb022230,Zm00001eb022230:0.00149744,NA,NA,NA,NA,NA,NA,AT4G35300,AT4G35300:0.00224275
671100at33090,2,Zm00001eb022230,Zm00001eb022230:0.00149744,NA,NA,NA,NA,NA,NA,AT4G35300,AT4G35300:0.00224275
671662at3193,2,Zm00001eb347570,Zm00001eb347570:0.003384,NA,NA,NA,NA,NA,NA,AT5G46110,AT5G46110:0.000224575
671689at2759,2,Zm00001eb062140,Zm00001eb062140:0.00172423,NA,NA,NA,NA,NA,NA,AT2G47350,AT2G47350:0.00267281
671689at3193,2,Zm00001eb062140,Zm00001eb062140:0.00172423,NA,NA,NA,NA,NA,NA,AT2G47350,AT2G47350:0.00267281
671689at33090,2,Zm00001eb062140,Zm00001eb062140:0.00172423,NA,NA,NA,NA,NA,NA,AT2G47350,AT2G47350:0.00267281
671694at2759,2,Zm00001eb143560,Zm00001eb143560:0.000315212,NA,NA,NA,NA,HORVU.MOREX.r3.3HG0309340,HORVU.MOREX.r3.3HG0309340:0.00112773,NA,NA
671694at3193,2,Zm00001eb143560,Zm00001eb143560:0.000315212,NA,NA,NA,NA,HORVU.MOREX.r3.3HG0309340,HORVU.MOREX.r3.3HG0309340:0.00112773,NA,NA
671694at33090,2,Zm00001eb143560,Zm00001eb143560:0.000315212,NA,NA,NA,NA,HORVU.MOREX.r3.3HG0309340,HORVU.MOREX.r3.3HG0309340:0.00112773,NA,NA
671819at2759,2,Zm00001eb334830,Zm00001eb334830:0.00367573,NA,NA,LOC_Os01g01210,LOC_Os01g01210:0.00160355,NA,NA,NA,NA
671819at3193,2,Zm00001eb334830,Zm00001eb334830:0.00367573,NA,NA,LOC_Os01g01210,LOC_Os01g01210:0.00160355,NA,NA,NA,NA
671819at33090,2,Zm00001eb334830,Zm00001eb334830:0.00367573,NA,NA,LOC_Os01g01210,LOC_Os01g01210:0.00160355,NA,NA,NA,NA
67192at4447,2,Zm00001eb022950,Zm00001eb022950:0.00118609,NA,NA,NA,NA,HORVU.MOREX.r3.6HG0631600,HORVU.MOREX.r3.6HG0631600:0.00229604,NA,NA
672286at3193,2,Zm00001eb402540,Zm00001eb402540:0.000824493,NA,NA,NA,NA,NA,NA,AT2G17190,AT2G17190:0.00103241
672569at2759,2,Zm00001eb052730,Zm00001eb052730:0.00333564,NA,NA,NA,NA,HORVU.MOREX.r3.4HG0333120,HORVU.MOREX.r3.4HG0333120:8.2381e-07,NA,NA
672569at3193,2,Zm00001eb052730,Zm00001eb052730:0.00333564,NA,NA,NA,NA,HORVU.MOREX.r3.4HG0333120,HORVU.MOREX.r3.4HG0333120:8.2381e-07,NA,NA
672569at33090,2,Zm00001eb052730,Zm00001eb052730:0.00333564,NA,NA,NA,NA,HORVU.MOREX.r3.4HG0333120,HORVU.MOREX.r3.4HG0333120:8.2381e-07,NA,NA
672748at2759,2,NA,NA,SORBI_3003G307900,SORBI_3003G307900:3.68315e-05,NA,NA,HORVU.MOREX.r3.1HG0077950,HORVU.MOREX.r3.1HG0077950:0.00160413,NA,NA
672748at3193,2,NA,NA,SORBI_3003G307900,SORBI_3003G307900:3.68315e-05,NA,NA,HORVU.MOREX.r3.1HG0077950,HORVU.MOREX.r3.1HG0077950:0.00160413,NA,NA
672748at33090,2,NA,NA,SORBI_3003G307900,SORBI_3003G307900:3.68315e-05,NA,NA,HORVU.MOREX.r3.1HG0077950,HORVU.MOREX.r3.1HG0077950:0.00160413,NA,NA
673541at3193,2,Zm00001eb357860,Zm00001eb357860:0.000727015,NA,NA,NA,NA,HORVU.MOREX.r3.3HG0270500,HORVU.MOREX.r3.3HG0270500:0.000585178,NA,NA
673660at2759,2,Zm00001eb069460,Zm00001eb069460:0.00417282,NA,NA,NA,NA,HORVU.MOREX.r3.2HG0208300;HORVU.MOREX.r3.5HG0503550;HORVU.MOREX.r3.5HG0503570,HORVU.MOREX.r3.2HG0208300:0.00139915;HORVU.MOREX.r3.5HG0503550:0.000270277;HORVU.MOREX.r3.5HG0503570:0.000270277,NA,NA
673660at3193,2,Zm00001eb069460,Zm00001eb069460:0.00417282,NA,NA,NA,NA,HORVU.MOREX.r3.2HG0208300;HORVU.MOREX.r3.5HG0503550;HORVU.MOREX.r3.5HG0503570,HORVU.MOREX.r3.2HG0208300:0.00139915;HORVU.MOREX.r3.5HG0503550:0.000270277;HORVU.MOREX.r3.5HG0503570:0.000270277,NA,NA
673660at33090,2,Zm00001eb069460,Zm00001eb069460:0.00417282,NA,NA,NA,NA,HORVU.MOREX.r3.2HG0208300;HORVU.MOREX.r3.5HG0503550;HORVU.MOREX.r3.5HG0503570,HORVU.MOREX.r3.2HG0208300:0.00139915;HORVU.MOREX.r3.5HG0503550:0.000270277;HORVU.MOREX.r3.5HG0503570:0.000270277,NA,NA
674059at3193,2,Zm00001eb038270,Zm00001eb038270:0.00123057,NA,NA,NA,NA,HORVU.MOREX.r3.4HG0403430,HORVU.MOREX.r3.4HG0403430:3.29473e-05,NA,NA
674059at33090,2,Zm00001eb038270,Zm00001eb038270:0.00123057,NA,NA,NA,NA,HORVU.MOREX.r3.4HG0403430,HORVU.MOREX.r3.4HG0403430:3.29473e-05,NA,NA
674129at2759,2,Zm00001eb351820,Zm00001eb351820:0.0029837,SORBI_3003G343600,SORBI_3003G343600:3.40388e-10,NA,NA,NA,NA,NA,NA
674129at3193,2,Zm00001eb351820,Zm00001eb351820:0.0029837,SORBI_3003G343600,SORBI_3003G343600:3.40388e-10,NA,NA,NA,NA,NA,NA
674129at33090,2,Zm00001eb351820,Zm00001eb351820:0.0029837,SORBI_3003G343600,SORBI_3003G343600:3.40388e-10,NA,NA,NA,NA,NA,NA
674490at33090,2,Zm00001eb002570;Zm00001eb233720,Zm00001eb002570:0.00255102;Zm00001eb233720:0.00419949,NA,NA,NA,NA,HORVU.MOREX.r3.4HG0341970,HORVU.MOREX.r3.4HG0341970:0.000627065,NA,NA
67472at3193,2,Zm00001eb314390,Zm00001eb314390:0.0020093,NA,NA,NA,NA,NA,NA,AT4G25315,AT4G25315:0.00145699
674911at3193,2,NA,NA,SORBI_3001G016200,SORBI_3001G016200:0.000100703,NA,NA,HORVU.MOREX.r3.6HG0558840,HORVU.MOREX.r3.6HG0558840:4.58786e-05,NA,NA
675304at3193,2,Zm00001eb212180,Zm00001eb212180:0.00445185,NA,NA,NA,NA,NA,NA,AT5G20180,AT5G20180:0.00254305
675720at3193,2,Zm00001eb121010,Zm00001eb121010:0.00347832,NA,NA,NA,NA,NA,NA,AT5G03150,AT5G03150:0.00073936
675720at33090,2,Zm00001eb121010,Zm00001eb121010:0.00347832,NA,NA,NA,NA,NA,NA,AT5G03150,AT5G03150:0.00073936
675782at2759,2,NA,NA,SORBI_3010G232900,SORBI_3010G232900:4.06341e-09,NA,NA,HORVU.MOREX.r3.7HG0732490,HORVU.MOREX.r3.7HG0732490:0.00288155,NA,NA
675782at3193,2,NA,NA,SORBI_3010G232900,SORBI_3010G232900:4.06341e-09,NA,NA,HORVU.MOREX.r3.7HG0732490,HORVU.MOREX.r3.7HG0732490:0.00288155,NA,NA
675782at33090,2,NA,NA,SORBI_3010G232900,SORBI_3010G232900:4.06341e-09,NA,NA,HORVU.MOREX.r3.7HG0732490,HORVU.MOREX.r3.7HG0732490:0.00288155,NA,NA
676836at3193,2,Zm00001eb061610,Zm00001eb061610:0.00275329,SORBI_3001G047400,SORBI_3001G047400:6.25028e-07,NA,NA,NA,NA,NA,NA
676943at3193,2,Zm00001eb080560,Zm00001eb080560:0.00420422,NA,NA,NA,NA,NA,NA,AT1G23220,AT1G23220:0.000538798
67767at3193,2,Zm00001eb427180,Zm00001eb427180:0.00230153,NA,NA,NA,NA,HORVU.MOREX.r3.2HG0170880,HORVU.MOREX.r3.2HG0170880:0.00115196,NA,NA
677973at2759,2,Zm00001eb037710;Zm00001eb100680,Zm00001eb037710:0.000130668;Zm00001eb100680:0.00271921,NA,NA,NA,NA,HORVU.MOREX.r3.1HG0052350,HORVU.MOREX.r3.1HG0052350:5.85764e-06,NA,NA
677973at3193,2,Zm00001eb037710;Zm00001eb100680,Zm00001eb037710:0.000130668;Zm00001eb100680:0.00271921,NA,NA,NA,NA,HORVU.MOREX.r3.1HG0052350,HORVU.MOREX.r3.1HG0052350:5.85764e-06,NA,NA
677973at33090,2,Zm00001eb037710;Zm00001eb100680,Zm00001eb037710:0.000130668;Zm00001eb100680:0.00271921,NA,NA,NA,NA,HORVU.MOREX.r3.1HG0052350,HORVU.MOREX.r3.1HG0052350:5.85764e-06,NA,NA
678895at2759,2,Zm00001eb402780,Zm00001eb402780:0.00459158,NA,NA,NA,NA,NA,NA,AT1G04030,AT1G04030:0.000784657
678895at3193,2,Zm00001eb402780,Zm00001eb402780:0.00459158,NA,NA,NA,NA,NA,NA,AT1G04030,AT1G04030:0.000784657
678895at33090,2,Zm00001eb402780,Zm00001eb402780:0.00459158,NA,NA,NA,NA,NA,NA,AT1G04030,AT1G04030:0.000784657
678984at3193,2,Zm00001eb066630,Zm00001eb066630:6.9049e-05,NA,NA,NA,NA,NA,NA,AT2G02220,AT2G02220:5.37532e-05
679021at3193,2,Zm00001eb218250,Zm00001eb218250:0.000669997,NA,NA,NA,NA,HORVU.MOREX.r3.4HG0333170,HORVU.MOREX.r3.4HG0333170:0.00085545,NA,NA
679408at2759,2,NA,NA,NA,NA,LOC_Os01g08250,LOC_Os01g08250:0.000744183,NA,NA,AT2G30340,AT2G30340:0.000484386
679408at3193,2,NA,NA,NA,NA,LOC_Os01g08250,LOC_Os01g08250:0.000744183,NA,NA,AT2G30340,AT2G30340:0.000484386
679408at33090,2,NA,NA,NA,NA,LOC_Os01g08250,LOC_Os01g08250:0.000744183,NA,NA,AT2G30340,AT2G30340:0.000484386
68078at38820,2,Zm00001eb260930,Zm00001eb260930:0.000725655,NA,NA,LOC_Os08g01170,LOC_Os08g01170:0.00203094,NA,NA,NA,NA
68078at4447,2,Zm00001eb260930,Zm00001eb260930:0.000725655,NA,NA,LOC_Os08g01170,LOC_Os08g01170:0.00203094,NA,NA,NA,NA
68080at4447,2,Zm00001eb219960,Zm00001eb219960:0.00278326,NA,NA,NA,NA,HORVU.MOREX.r3.2HG0188620,HORVU.MOREX.r3.2HG0188620:0.00179537,NA,NA
681119at3193,2,Zm00001eb111350,Zm00001eb111350:0.00177572,NA,NA,NA,NA,NA,NA,AT5G27760,AT5G27760:0.0020405
681748at3193,2,NA,NA,NA,NA,NA,NA,HORVU.MOREX.r3.2HG0195210;HORVU.MOREX.r3.5HG0512250,HORVU.MOREX.r3.2HG0195210:0.000316442;HORVU.MOREX.r3.5HG0512250:0.00210454,AT2G21480,AT2G21480:0.00240918
681748at33090,2,NA,NA,NA,NA,NA,NA,HORVU.MOREX.r3.2HG0195210;HORVU.MOREX.r3.5HG0512250,HORVU.MOREX.r3.2HG0195210:0.000316442;HORVU.MOREX.r3.5HG0512250:0.00210454,AT2G21480,AT2G21480:0.00240918
682132at33090,2,Zm00001eb111360;Zm00001eb394940,Zm00001eb111360:0.00177572;Zm00001eb394940:0.00249745,SORBI_3001G376600,SORBI_3001G376600:5.51618e-05,NA,NA,NA,NA,NA,NA
682744at3193,2,Zm00001eb366280,Zm00001eb366280:0.000282388,NA,NA,NA,NA,HORVU.MOREX.r3.3HG0307630,HORVU.MOREX.r3.3HG0307630:1.34732e-05,NA,NA
682744at33090,2,Zm00001eb366280,Zm00001eb366280:0.000282388,NA,NA,NA,NA,HORVU.MOREX.r3.3HG0307630,HORVU.MOREX.r3.3HG0307630:1.34732e-05,NA,NA
682806at2759,2,Zm00001eb204590,Zm00001eb204590:5.80826e-05,SORBI_3004G107100,SORBI_3004G107100:0.00012669,NA,NA,NA,NA,NA,NA
682806at3193,2,Zm00001eb204590,Zm00001eb204590:5.80826e-05,SORBI_3004G107100,SORBI_3004G107100:0.00012669,NA,NA,NA,NA,NA,NA
682806at33090,2,Zm00001eb204590,Zm00001eb204590:5.80826e-05,SORBI_3004G107100,SORBI_3004G107100:0.00012669,NA,NA,NA,NA,NA,NA
682984at2759,2,Zm00001eb271600,Zm00001eb271600:0.00344442,NA,NA,NA,NA,HORVU.MOREX.r3.7HG0656100,HORVU.MOREX.r3.7HG0656100:5.61581e-05,NA,NA
682984at3193,2,Zm00001eb271600,Zm00001eb271600:0.00344442,NA,NA,NA,NA,HORVU.MOREX.r3.7HG0656100,HORVU.MOREX.r3.7HG0656100:5.61581e-05,NA,NA
682984at33090,2,Zm00001eb271600,Zm00001eb271600:0.00344442,NA,NA,NA,NA,HORVU.MOREX.r3.7HG0656100,HORVU.MOREX.r3.7HG0656100:5.61581e-05,NA,NA
68307at38820,2,Zm00001eb209770,Zm00001eb209770:1.57242e-05,NA,NA,NA,NA,HORVU.MOREX.r3.6HG0542730,HORVU.MOREX.r3.6HG0542730:0.00225837,NA,NA
68307at4447,2,Zm00001eb209770,Zm00001eb209770:1.57242e-05,NA,NA,NA,NA,HORVU.MOREX.r3.6HG0542730,HORVU.MOREX.r3.6HG0542730:0.00225837,NA,NA
683828at2759,2,Zm00001eb300910,Zm00001eb300910:0.00355579,NA,NA,NA,NA,NA,NA,AT4G25520,AT4G25520:0.00010457
683828at3193,2,Zm00001eb300910,Zm00001eb300910:0.00355579,NA,NA,NA,NA,NA,NA,AT4G25520,AT4G25520:0.00010457
683828at33090,2,Zm00001eb300910,Zm00001eb300910:0.00355579,NA,NA,NA,NA,NA,NA,AT4G25520,AT4G25520:0.00010457
684446at2759,2,Zm00001eb369260,Zm00001eb369260:0.00250539,NA,NA,NA,NA,NA,NA,AT2G41180,AT2G41180:0.000447568
684446at3193,2,Zm00001eb369260,Zm00001eb369260:0.00250539,NA,NA,NA,NA,NA,NA,AT2G41180,AT2G41180:0.000447568
684446at33090,2,Zm00001eb369260,Zm00001eb369260:0.00250539,NA,NA,NA,NA,NA,NA,AT2G41180,AT2G41180:0.000447568
684475at2759,2,NA,NA,SORBI_3003G361500,SORBI_3003G361500:3.29031e-05,NA,NA,NA,NA,AT4G28990,AT4G28990:0.0022364
684475at3193,2,NA,NA,SORBI_3003G361500,SORBI_3003G361500:3.29031e-05,NA,NA,NA,NA,AT4G28990,AT4G28990:0.0022364
684475at33090,2,NA,NA,SORBI_3003G361500,SORBI_3003G361500:3.29031e-05,NA,NA,NA,NA,AT4G28990,AT4G28990:0.0022364
684506at2759,2,NA,NA,SORBI_3001G046800,SORBI_3001G046800:8.35849e-05,NA,NA,HORVU.MOREX.r3.5HG0522630,HORVU.MOREX.r3.5HG0522630:0.000171045,NA,NA
684506at3193,2,NA,NA,SORBI_3001G046800,SORBI_3001G046800:8.35849e-05,NA,NA,HORVU.MOREX.r3.5HG0522630,HORVU.MOREX.r3.5HG0522630:0.000171045,NA,NA
684506at33090,2,NA,NA,SORBI_3001G046800,SORBI_3001G046800:8.35849e-05,NA,NA,HORVU.MOREX.r3.5HG0522630,HORVU.MOREX.r3.5HG0522630:0.000171045,NA,NA
684604at3193,2,Zm00001eb099280;Zm00001eb206650,Zm00001eb099280:0.00115716;Zm00001eb206650:0.000788772,NA,NA,NA,NA,NA,NA,AT1G16190;AT5G38470,AT1G16190:0.00113534;AT5G38470:0.000524426
684853at2759,2,NA,NA,NA,NA,NA,NA,HORVU.MOREX.r3.4HG0334460,HORVU.MOREX.r3.4HG0334460:0.00111823,AT5G04280,AT5G04280:0.0025091
684853at3193,2,NA,NA,NA,NA,NA,NA,HORVU.MOREX.r3.4HG0334460,HORVU.MOREX.r3.4HG0334460:0.00111823,AT5G04280,AT5G04280:0.0025091
684853at33090,2,NA,NA,NA,NA,NA,NA,HORVU.MOREX.r3.4HG0334460,HORVU.MOREX.r3.4HG0334460:0.00111823,AT5G04280,AT5G04280:0.0025091
684900at2759,2,Zm00001eb058770,Zm00001eb058770:0.00122097,SORBI_3001G076300;SORBI_3003G307400,SORBI_3001G076300:1.75935e-07;SORBI_3003G307400:3.68315e-05,NA,NA,NA,NA,NA,NA
684900at3193,2,Zm00001eb058770,Zm00001eb058770:0.00122097,SORBI_3001G076300;SORBI_3003G307400,SORBI_3001G076300:1.75935e-07;SORBI_3003G307400:3.68315e-05,NA,NA,NA,NA,NA,NA
684900at33090,2,Zm00001eb058770,Zm00001eb058770:0.00122097,SORBI_3001G076300;SORBI_3003G307400,SORBI_3001G076300:1.75935e-07;SORBI_3003G307400:3.68315e-05,NA,NA,NA,NA,NA,NA
685678at2759,2,Zm00001eb143570,Zm00001eb143570:0.000315212,NA,NA,NA,NA,HORVU.MOREX.r3.3HG0309330,HORVU.MOREX.r3.3HG0309330:0.00112773,NA,NA
685678at3193,2,Zm00001eb143570,Zm00001eb143570:0.000315212,NA,NA,NA,NA,HORVU.MOREX.r3.3HG0309330,HORVU.MOREX.r3.3HG0309330:0.00112773,NA,NA
685678at33090,2,Zm00001eb143570,Zm00001eb143570:0.000315212,NA,NA,NA,NA,HORVU.MOREX.r3.3HG0309330,HORVU.MOREX.r3.3HG0309330:0.00112773,NA,NA
685681at2759,2,Zm00001eb291140,Zm00001eb291140:0.00141761,NA,NA,NA,NA,HORVU.MOREX.r3.1HG0070150,HORVU.MOREX.r3.1HG0070150:0.0022076,NA,NA
685681at3193,2,Zm00001eb291140,Zm00001eb291140:0.00141761,NA,NA,NA,NA,HORVU.MOREX.r3.1HG0070150,HORVU.MOREX.r3.1HG0070150:0.0022076,NA,NA
685681at33090,2,Zm00001eb291140,Zm00001eb291140:0.00141761,NA,NA,NA,NA,HORVU.MOREX.r3.1HG0070150,HORVU.MOREX.r3.1HG0070150:0.0022076,NA,NA
68699at38820,2,Zm00001eb058770,Zm00001eb058770:0.00122097,SORBI_3001G076300,SORBI_3001G076300:1.75935e-07,NA,NA,NA,NA,NA,NA
68699at4447,2,Zm00001eb058770,Zm00001eb058770:0.00122097,SORBI_3001G076300,SORBI_3001G076300:1.75935e-07,NA,NA,NA,NA,NA,NA
687361at2759,2,Zm00001eb434070,Zm00001eb434070:0.00106804,SORBI_3006G273000,SORBI_3006G273000:4.16316e-10,NA,NA,NA,NA,NA,NA
687361at3193,2,Zm00001eb434070,Zm00001eb434070:0.00106804,SORBI_3006G273000,SORBI_3006G273000:4.16316e-10,NA,NA,NA,NA,NA,NA
687361at33090,2,Zm00001eb434070,Zm00001eb434070:0.00106804,SORBI_3006G273000,SORBI_3006G273000:4.16316e-10,NA,NA,NA,NA,NA,NA
688500at2759,2,Zm00001eb216060,Zm00001eb216060:0.000534293,NA,NA,NA,NA,NA,NA,AT1G14687,AT1G14687:0.000351221
688500at3193,2,Zm00001eb216060,Zm00001eb216060:0.000534293,NA,NA,NA,NA,NA,NA,AT1G14687,AT1G14687:0.000351221
688500at33090,2,Zm00001eb216060,Zm00001eb216060:0.000534293,NA,NA,NA,NA,NA,NA,AT1G14687,AT1G14687:0.000351221
689158at2759,2,Zm00001eb209780,Zm00001eb209780:1.57242e-05,NA,NA,NA,NA,HORVU.MOREX.r3.6HG0542720,HORVU.MOREX.r3.6HG0542720:0.00225837,NA,NA
689158at3193,2,Zm00001eb209780,Zm00001eb209780:1.57242e-05,NA,NA,NA,NA,HORVU.MOREX.r3.6HG0542720,HORVU.MOREX.r3.6HG0542720:0.00225837,NA,NA
689158at33090,2,Zm00001eb209780,Zm00001eb209780:1.57242e-05,NA,NA,NA,NA,HORVU.MOREX.r3.6HG0542720,HORVU.MOREX.r3.6HG0542720:0.00225837,NA,NA
690576at2759,2,NA,NA,NA,NA,NA,NA,HORVU.MOREX.r3.2HG0108050,HORVU.MOREX.r3.2HG0108050:0.00104127,AT5G63900,AT5G63900:0.000729498
690576at3193,2,NA,NA,NA,NA,NA,NA,HORVU.MOREX.r3.2HG0108050,HORVU.MOREX.r3.2HG0108050:0.00104127,AT5G63900,AT5G63900:0.000729498
690576at33090,2,NA,NA,NA,NA,NA,NA,HORVU.MOREX.r3.2HG0108050,HORVU.MOREX.r3.2HG0108050:0.00104127,AT5G63900,AT5G63900:0.000729498
69160at33090,2,NA,NA,SORBI_3007G091100,SORBI_3007G091100:3.80207e-08,NA,NA,HORVU.MOREX.r3.5HG0461970,HORVU.MOREX.r3.5HG0461970:0.00174082,NA,NA
69175at38820,2,Zm00001eb211510,Zm00001eb211510:0.00207816,NA,NA,NA,NA,HORVU.MOREX.r3.1HG0079040,HORVU.MOREX.r3.1HG0079040:0.00114816,NA,NA
69175at4447,2,Zm00001eb211510,Zm00001eb211510:0.00207816,NA,NA,NA,NA,HORVU.MOREX.r3.1HG0079040,HORVU.MOREX.r3.1HG0079040:0.00114816,NA,NA
692751at2759,2,Zm00001eb160630,Zm00001eb160630:0.00435772,NA,NA,LOC_Os01g05880,LOC_Os01g05880:0.00171495,NA,NA,NA,NA
692751at3193,2,Zm00001eb160630,Zm00001eb160630:0.00435772,NA,NA,LOC_Os01g05880,LOC_Os01g05880:0.00171495,NA,NA,NA,NA
692751at33090,2,Zm00001eb160630,Zm00001eb160630:0.00435772,NA,NA,LOC_Os01g05880,LOC_Os01g05880:0.00171495,NA,NA,NA,NA
693227at2759,2,Zm00001eb316800,Zm00001eb316800:0.00153563,NA,NA,NA,NA,NA,NA,AT3G60110,AT3G60110:0.00147468
693227at3193,2,Zm00001eb316800,Zm00001eb316800:0.00153563,NA,NA,NA,NA,NA,NA,AT3G60110,AT3G60110:0.00147468
693227at33090,2,Zm00001eb316800,Zm00001eb316800:0.00153563,NA,NA,NA,NA,NA,NA,AT3G60110,AT3G60110:0.00147468
693417at2759,2,Zm00001eb059550,Zm00001eb059550:0.00292873,NA,NA,NA,NA,HORVU.MOREX.r3.5HG0515400,HORVU.MOREX.r3.5HG0515400:0.00110948,NA,NA
693417at3193,2,Zm00001eb059550,Zm00001eb059550:0.00292873,NA,NA,NA,NA,HORVU.MOREX.r3.5HG0515400,HORVU.MOREX.r3.5HG0515400:0.00110948,NA,NA
693417at33090,2,Zm00001eb059550,Zm00001eb059550:0.00292873,NA,NA,NA,NA,HORVU.MOREX.r3.5HG0515400,HORVU.MOREX.r3.5HG0515400:0.00110948,NA,NA
693565at2759,2,Zm00001eb403130,Zm00001eb403130:9.82028e-05,SORBI_3001G003400,SORBI_3001G003400:3.40366e-05,NA,NA,NA,NA,NA,NA
693565at3193,2,Zm00001eb403130,Zm00001eb403130:9.82028e-05,SORBI_3001G003400,SORBI_3001G003400:3.40366e-05,NA,NA,NA,NA,NA,NA
693565at33090,2,Zm00001eb403130,Zm00001eb403130:9.82028e-05,SORBI_3001G003400,SORBI_3001G003400:3.40366e-05,NA,NA,NA,NA,NA,NA
693999at2759,2,Zm00001eb035860,Zm00001eb035860:0.00093373,NA,NA,NA,NA,HORVU.MOREX.r3.7HG0682220,HORVU.MOREX.r3.7HG0682220:3.34001e-07,NA,NA
693999at3193,2,Zm00001eb035860,Zm00001eb035860:0.00093373,NA,NA,NA,NA,HORVU.MOREX.r3.7HG0682220,HORVU.MOREX.r3.7HG0682220:3.34001e-07,NA,NA
693999at33090,2,Zm00001eb035860,Zm00001eb035860:0.00093373,NA,NA,NA,NA,HORVU.MOREX.r3.7HG0682220,HORVU.MOREX.r3.7HG0682220:3.34001e-07,NA,NA
69708at38820,2,Zm00001eb093140,Zm00001eb093140:0.0042834,SORBI_3005G030400,SORBI_3005G030400:4.36621e-05,NA,NA,NA,NA,NA,NA
69708at4447,2,Zm00001eb093140,Zm00001eb093140:0.0042834,SORBI_3005G030400,SORBI_3005G030400:4.36621e-05,NA,NA,NA,NA,NA,NA
697508at3193,2,Zm00001eb113880;Zm00001eb386990,Zm00001eb113880:0.00433789;Zm00001eb386990:0.00418768,NA,NA,NA,NA,NA,NA,AT5G20350,AT5G20350:0.00170598
697508at33090,2,Zm00001eb113880;Zm00001eb386990,Zm00001eb113880:0.00433789;Zm00001eb386990:0.00418768,NA,NA,NA,NA,NA,NA,AT5G20350,AT5G20350:0.00170598
699494at3193,2,Zm00001eb034990;Zm00001eb376160,Zm00001eb034990:0.00133158;Zm00001eb376160:6.07898e-05,NA,NA,NA,NA,NA,NA,AT3G59140,AT3G59140:0.00217833
70073at38820,2,Zm00001eb432480,Zm00001eb432480:0.00059058,SORBI_3006G246500,SORBI_3006G246500:1.15432e-05,NA,NA,NA,NA,NA,NA
70073at4447,2,Zm00001eb432480;Zm00001eb432490,Zm00001eb432480:0.00059058;Zm00001eb432490:0.00059058,SORBI_3006G246200;SORBI_3006G246300;SORBI_3006G246500,SORBI_3006G246200:1.15432e-05;SORBI_3006G246300:1.15432e-05;SORBI_3006G246500:1.15432e-05,NA,NA,NA,NA,NA,NA
701516at3193,2,Zm00001eb433630,Zm00001eb433630:0.0045964,NA,NA,NA,NA,HORVU.MOREX.r3.6HG0560140,HORVU.MOREX.r3.6HG0560140:8.80581e-05,NA,NA
702337at3193,2,Zm00001eb366670,Zm00001eb366670:0.00116123,NA,NA,NA,NA,NA,NA,AT2G18840,AT2G18840:0.0019583
702406at3193,2,Zm00001eb023810;Zm00001eb079380,Zm00001eb023810:0.00108975;Zm00001eb079380:0.000698002,NA,NA,NA,NA,NA,NA,AT5G07460,AT5G07460:0.000469848
702406at33090,2,Zm00001eb023810;Zm00001eb079380,Zm00001eb023810:0.00108975;Zm00001eb079380:0.000698002,NA,NA,NA,NA,NA,NA,AT5G07460,AT5G07460:0.000469848
703012at3193,2,NA,NA,NA,NA,NA,NA,HORVU.MOREX.r3.2HG0182910,HORVU.MOREX.r3.2HG0182910:0.00240626,AT1G65730,AT1G65730:0.00126798
703219at2759,2,Zm00001eb288200,Zm00001eb288200:0.00319798,NA,NA,NA,NA,NA,NA,AT2G44100,AT2G44100:0.00019088
703230at3193,2,Zm00001eb083140,Zm00001eb083140:0.00211838,SORBI_3003G183300,SORBI_3003G183300:0.000149026,NA,NA,NA,NA,NA,NA
703230at33090,2,Zm00001eb083140,Zm00001eb083140:0.00211838,SORBI_3003G183300,SORBI_3003G183300:0.000149026,NA,NA,NA,NA,NA,NA
703809at2759,2,Zm00001eb028380;Zm00001eb143070,Zm00001eb028380:0.00279805;Zm00001eb143070:0.000241004,NA,NA,NA,NA,NA,NA,AT3G52950;AT5G63490,AT3G52950:0.000257116;AT5G63490:0.002174
703809at3193,2,Zm00001eb028380;Zm00001eb143070,Zm00001eb028380:0.00279805;Zm00001eb143070:0.000241004,NA,NA,NA,NA,NA,NA,AT3G52950;AT5G63490,AT3G52950:0.000257116;AT5G63490:0.002174
703809at33090,2,Zm00001eb028380;Zm00001eb143070,Zm00001eb028380:0.00279805;Zm00001eb143070:0.000241004,NA,NA,NA,NA,NA,NA,AT3G52950;AT5G63490,AT3G52950:0.000257116;AT5G63490:0.002174
705727at2759,2,Zm00001eb078220,Zm00001eb078220:0.00173182,NA,NA,NA,NA,NA,NA,AT3G03480,AT3G03480:0.00112429
705910at2759,2,Zm00001eb147890,Zm00001eb147890:0.00122994,NA,NA,NA,NA,HORVU.MOREX.r3.3HG0301890,HORVU.MOREX.r3.3HG0301890:0.000630656,NA,NA
705910at3193,2,Zm00001eb147890,Zm00001eb147890:0.00122994,NA,NA,NA,NA,HORVU.MOREX.r3.3HG0301890,HORVU.MOREX.r3.3HG0301890:0.000630656,NA,NA
705910at33090,2,Zm00001eb147890,Zm00001eb147890:0.00122994,NA,NA,NA,NA,HORVU.MOREX.r3.3HG0301890,HORVU.MOREX.r3.3HG0301890:0.000630656,NA,NA
706191at2759,2,Zm00001eb244180;Zm00001eb349140;Zm00001eb365950,Zm00001eb244180:0.00229625;Zm00001eb349140:0.000395831;Zm00001eb365950:0.00439884,NA,NA,NA,NA,NA,NA,AT5G26210,AT5G26210:0.000185924
706191at3193,2,Zm00001eb244180;Zm00001eb349140;Zm00001eb365950,Zm00001eb244180:0.00229625;Zm00001eb349140:0.000395831;Zm00001eb365950:0.00439884,NA,NA,NA,NA,NA,NA,AT5G26210,AT5G26210:0.000185924
706191at33090,2,Zm00001eb244180;Zm00001eb349140;Zm00001eb365950,Zm00001eb244180:0.00229625;Zm00001eb349140:0.000395831;Zm00001eb365950:0.00439884,NA,NA,NA,NA,NA,NA,AT5G26210,AT5G26210:0.000185924
706596at3193,2,Zm00001eb424010,Zm00001eb424010:3.32116e-05,NA,NA,NA,NA,HORVU.MOREX.r3.7HG0662100,HORVU.MOREX.r3.7HG0662100:0.00273239,NA,NA
706596at33090,2,Zm00001eb424010,Zm00001eb424010:3.32116e-05,NA,NA,NA,NA,HORVU.MOREX.r3.7HG0662100,HORVU.MOREX.r3.7HG0662100:0.00273239,NA,NA
708790at2759,2,Zm00001eb325360,Zm00001eb325360:0.00237857,SORBI_3001G296800,SORBI_3001G296800:5.42259e-05,NA,NA,NA,NA,NA,NA
708790at33090,2,Zm00001eb325360,Zm00001eb325360:0.00237857,SORBI_3001G296800,SORBI_3001G296800:5.42259e-05,NA,NA,NA,NA,NA,NA
710591at2759,2,Zm00001eb137310;Zm00001eb154790,Zm00001eb137310:0.00279538;Zm00001eb154790:0.000189292,NA,NA,NA,NA,HORVU.MOREX.r3.3HG0233880,HORVU.MOREX.r3.3HG0233880:0.00263194,NA,NA
710591at33090,2,Zm00001eb137310;Zm00001eb154790,Zm00001eb137310:0.00279538;Zm00001eb154790:0.000189292,NA,NA,NA,NA,HORVU.MOREX.r3.3HG0233880,HORVU.MOREX.r3.3HG0233880:0.00263194,NA,NA
711441at2759,2,Zm00001eb122880;Zm00001eb305590,Zm00001eb122880:0.000559322;Zm00001eb305590:0.00322448,NA,NA,NA,NA,HORVU.MOREX.r3.3HG0241770,HORVU.MOREX.r3.3HG0241770:6.14886e-07,NA,NA
71231at38820,2,Zm00001eb394950,Zm00001eb394950:0.00249745,SORBI_3001G376700,SORBI_3001G376700:5.51618e-05,NA,NA,NA,NA,NA,NA
71231at4447,2,Zm00001eb394950,Zm00001eb394950:0.00249745,SORBI_3001G376700,SORBI_3001G376700:5.51618e-05,NA,NA,NA,NA,NA,NA
71392at2759,2,Zm00001eb073550,Zm00001eb073550:0.00324869,NA,NA,NA,NA,NA,NA,AT1G12610,AT1G12610:1.98321e-05
71392at3193,2,Zm00001eb073550,Zm00001eb073550:0.00324869,NA,NA,NA,NA,NA,NA,AT1G12610,AT1G12610:1.98321e-05
71392at33090,2,Zm00001eb073550,Zm00001eb073550:0.00324869,NA,NA,NA,NA,NA,NA,AT1G12610,AT1G12610:1.98321e-05
71596at2759,2,Zm00001eb129490,Zm00001eb129490:0.00226917,NA,NA,NA,NA,HORVU.MOREX.r3.1HG0018590,HORVU.MOREX.r3.1HG0018590:0.000404945,NA,NA
71596at3193,2,Zm00001eb129490,Zm00001eb129490:0.00226917,NA,NA,NA,NA,HORVU.MOREX.r3.1HG0018590,HORVU.MOREX.r3.1HG0018590:0.000404945,NA,NA
71596at33090,2,Zm00001eb129490,Zm00001eb129490:0.00226917,NA,NA,NA,NA,HORVU.MOREX.r3.1HG0018590,HORVU.MOREX.r3.1HG0018590:0.000404945,NA,NA
717331at2759,2,Zm00001eb218320,Zm00001eb218320:0.00142061,NA,NA,NA,NA,HORVU.MOREX.r3.4HG0333100,HORVU.MOREX.r3.4HG0333100:0.000825117,NA,NA
717359at3193,2,Zm00001eb208520;Zm00001eb403940,Zm00001eb208520:0.00193173;Zm00001eb403940:0.00244026,NA,NA,NA,NA,HORVU.MOREX.r3.5HG0463930,HORVU.MOREX.r3.5HG0463930:0.00183352,NA,NA
717421at2759,2,Zm00001eb144570;Zm00001eb354620;Zm00001eb417380,Zm00001eb144570:0.00341119;Zm00001eb354620:0.000728385;Zm00001eb417380:0.00250202,NA,NA,NA,NA,HORVU.MOREX.r3.1HG0094180,HORVU.MOREX.r3.1HG0094180:3.71722e-05,NA,NA
717421at3193,2,Zm00001eb144570;Zm00001eb354620;Zm00001eb417380,Zm00001eb144570:0.00341119;Zm00001eb354620:0.000728385;Zm00001eb417380:0.00250202,NA,NA,NA,NA,HORVU.MOREX.r3.1HG0094180,HORVU.MOREX.r3.1HG0094180:3.71722e-05,NA,NA
717421at33090,2,Zm00001eb144570;Zm00001eb354620;Zm00001eb417380,Zm00001eb144570:0.00341119;Zm00001eb354620:0.000728385;Zm00001eb417380:0.00250202,NA,NA,NA,NA,HORVU.MOREX.r3.1HG0094180,HORVU.MOREX.r3.1HG0094180:3.71722e-05,NA,NA
7182at38820,2,Zm00001eb363130,Zm00001eb363130:0.00349968,NA,NA,NA,NA,HORVU.MOREX.r3.3HG0319800,HORVU.MOREX.r3.3HG0319800:8.07627e-05,NA,NA
7182at4447,2,Zm00001eb363130,Zm00001eb363130:0.00349968,NA,NA,NA,NA,HORVU.MOREX.r3.3HG0319800,HORVU.MOREX.r3.3HG0319800:8.07627e-05,NA,NA
718428at33090,2,Zm00001eb242750,Zm00001eb242750:0.00390581,NA,NA,NA,NA,HORVU.MOREX.r3.5HG0522100,HORVU.MOREX.r3.5HG0522100:1.74292e-06,NA,NA
718658at3193,2,Zm00001eb432480;Zm00001eb432490,Zm00001eb432480:0.00059058;Zm00001eb432490:0.00059058,SORBI_3006G246200;SORBI_3006G246300;SORBI_3006G246500,SORBI_3006G246200:1.15432e-05;SORBI_3006G246300:1.15432e-05;SORBI_3006G246500:1.15432e-05,NA,NA,NA,NA,NA,NA
718658at33090,2,Zm00001eb432480;Zm00001eb432490,Zm00001eb432480:0.00059058;Zm00001eb432490:0.00059058,SORBI_3006G246200;SORBI_3006G246300;SORBI_3006G246500,SORBI_3006G246200:1.15432e-05;SORBI_3006G246300:1.15432e-05;SORBI_3006G246500:1.15432e-05,NA,NA,NA,NA,NA,NA
7190at38820,2,Zm00001eb297320,Zm00001eb297320:0.00423659,NA,NA,NA,NA,HORVU.MOREX.r3.1HG0094520,HORVU.MOREX.r3.1HG0094520:0.000297767,NA,NA
7190at4447,2,Zm00001eb297320,Zm00001eb297320:0.00423659,NA,NA,NA,NA,HORVU.MOREX.r3.1HG0094520,HORVU.MOREX.r3.1HG0094520:0.000297767,NA,NA
719218at2759,2,Zm00001eb332790,Zm00001eb332790:0.00262017,NA,NA,NA,NA,NA,NA,AT1G77940,AT1G77940:0.000269723
719399at3193,2,Zm00001eb057490;Zm00001eb214800,Zm00001eb057490:0.00404676;Zm00001eb214800:0.00160852,NA,NA,NA,NA,HORVU.MOREX.r3.5HG0511090,HORVU.MOREX.r3.5HG0511090:0.000400078,NA,NA
719399at33090,2,Zm00001eb057490;Zm00001eb214800,Zm00001eb057490:0.00404676;Zm00001eb214800:0.00160852,NA,NA,NA,NA,HORVU.MOREX.r3.5HG0511090,HORVU.MOREX.r3.5HG0511090:0.000400078,NA,NA
719850at2759,2,NA,NA,NA,NA,NA,NA,HORVU.MOREX.r3.7HG0726560,HORVU.MOREX.r3.7HG0726560:0.000781776,AT3G23940,AT3G23940:0.00235896
720736at2759,2,Zm00001eb013700,Zm00001eb013700:0.0022539,NA,NA,NA,NA,HORVU.MOREX.r3.3HG0314810,HORVU.MOREX.r3.3HG0314810:0.000476427,NA,NA
720736at3193,2,Zm00001eb013700,Zm00001eb013700:0.0022539,NA,NA,NA,NA,HORVU.MOREX.r3.3HG0314810,HORVU.MOREX.r3.3HG0314810:0.000476427,NA,NA
720736at33090,2,Zm00001eb013700,Zm00001eb013700:0.0022539,NA,NA,NA,NA,HORVU.MOREX.r3.3HG0314810,HORVU.MOREX.r3.3HG0314810:0.000476427,NA,NA
72150at38820,2,Zm00001eb062560,Zm00001eb062560:0.00425278,NA,NA,NA,NA,HORVU.MOREX.r3.5HG0526050;HORVU.MOREX.r3.5HG0526060,HORVU.MOREX.r3.5HG0526050:0.00197832;HORVU.MOREX.r3.5HG0526060:0.00197832,NA,NA
72150at4447,2,Zm00001eb062560,Zm00001eb062560:0.00425278,NA,NA,NA,NA,HORVU.MOREX.r3.5HG0526050;HORVU.MOREX.r3.5HG0526060,HORVU.MOREX.r3.5HG0526050:0.00197832;HORVU.MOREX.r3.5HG0526060:0.00197832,NA,NA
723178at3193,2,Zm00001eb397360,Zm00001eb397360:0.00347474,NA,NA,NA,NA,HORVU.MOREX.r3.1HG0060630,HORVU.MOREX.r3.1HG0060630:0.000254326,NA,NA
723203at2759,2,Zm00001eb001370;Zm00001eb122860;Zm00001eb331700,Zm00001eb001370:0.00271807;Zm00001eb122860:0.0019452;Zm00001eb331700:0.000948802,NA,NA,NA,NA,NA,NA,AT3G15730,AT3G15730:0.00146691
723263at33090,2,NA,NA,NA,NA,NA,NA,HORVU.MOREX.r3.6HG0545620,HORVU.MOREX.r3.6HG0545620:0.00284151,AT5G02500,AT5G02500:0.000878113
723441at2759,2,Zm00001eb364610,Zm00001eb364610:0.00238577,NA,NA,NA,NA,HORVU.MOREX.r3.7HG0749410,HORVU.MOREX.r3.7HG0749410:0.00237994,NA,NA
723441at3193,2,Zm00001eb364610,Zm00001eb364610:0.00238577,NA,NA,NA,NA,HORVU.MOREX.r3.7HG0749410,HORVU.MOREX.r3.7HG0749410:0.00237994,NA,NA
723441at33090,2,Zm00001eb364610,Zm00001eb364610:0.00238577,NA,NA,NA,NA,HORVU.MOREX.r3.7HG0749410,HORVU.MOREX.r3.7HG0749410:0.00237994,NA,NA
723630at2759,2,Zm00001eb190330,Zm00001eb190330:0.00251109,SORBI_3004G247200,SORBI_3004G247200:3.48137e-05,NA,NA,NA,NA,NA,NA
723630at3193,2,Zm00001eb190330,Zm00001eb190330:0.00251109,SORBI_3004G247200,SORBI_3004G247200:3.48137e-05,NA,NA,NA,NA,NA,NA
723630at33090,2,Zm00001eb190330,Zm00001eb190330:0.00251109,SORBI_3004G247200,SORBI_3004G247200:3.48137e-05,NA,NA,NA,NA,NA,NA
723696at2759,2,Zm00001eb164720,Zm00001eb164720:0.00321953,SORBI_3001G003300,SORBI_3001G003300:3.40366e-05,NA,NA,NA,NA,NA,NA
723770at2759,2,Zm00001eb101170;Zm00001eb315500;Zm00001eb315510,Zm00001eb101170:0.00460449;Zm00001eb315500:0.0033264;Zm00001eb315510:0.0033264,NA,NA,NA,NA,NA,NA,AT1G28220,AT1G28220:0.00149778
723770at3193,2,Zm00001eb101170;Zm00001eb315500;Zm00001eb315510,Zm00001eb101170:0.00460449;Zm00001eb315500:0.0033264;Zm00001eb315510:0.0033264,NA,NA,NA,NA,NA,NA,AT1G28220,AT1G28220:0.00149778
723770at33090,2,Zm00001eb101170;Zm00001eb315500;Zm00001eb315510,Zm00001eb101170:0.00460449;Zm00001eb315500:0.0033264;Zm00001eb315510:0.0033264,NA,NA,NA,NA,NA,NA,AT1G28220,AT1G28220:0.00149778
73326at38820,2,Zm00001eb013700,Zm00001eb013700:0.0022539,NA,NA,NA,NA,HORVU.MOREX.r3.3HG0314810,HORVU.MOREX.r3.3HG0314810:0.000476427,NA,NA
73326at4447,2,Zm00001eb013700,Zm00001eb013700:0.0022539,NA,NA,NA,NA,HORVU.MOREX.r3.3HG0314810,HORVU.MOREX.r3.3HG0314810:0.000476427,NA,NA
74120at38820,2,NA,NA,SORBI_3010G213400,SORBI_3010G213400:6.28468e-05,NA,NA,HORVU.MOREX.r3.7HG0741050,HORVU.MOREX.r3.7HG0741050:0.00105266,NA,NA
74120at4447,2,NA,NA,SORBI_3010G213400,SORBI_3010G213400:6.28468e-05,NA,NA,HORVU.MOREX.r3.7HG0741050,HORVU.MOREX.r3.7HG0741050:0.00105266,NA,NA
741905at2759,2,Zm00001eb116400,Zm00001eb116400:0.00070764,NA,NA,LOC_Os07g01940;LOC_Os10g01540,LOC_Os07g01940:0.00213291;LOC_Os10g01540:0.00212728,NA,NA,NA,NA
741905at33090,2,Zm00001eb116400,Zm00001eb116400:0.00070764,NA,NA,LOC_Os07g01940;LOC_Os10g01540,LOC_Os07g01940:0.00213291;LOC_Os10g01540:0.00212728,NA,NA,NA,NA
742046at33090,2,Zm00001eb008400,Zm00001eb008400:0.00462573,NA,NA,NA,NA,NA,NA,AT5G26360,AT5G26360:1.37518e-05
742765at2759,2,NA,NA,NA,NA,NA,NA,HORVU.MOREX.r3.7HG0639980,HORVU.MOREX.r3.7HG0639980:0.00202244,AT4G02280,AT4G02280:0.00194379
742765at33090,2,NA,NA,NA,NA,NA,NA,HORVU.MOREX.r3.7HG0639980,HORVU.MOREX.r3.7HG0639980:0.00202244,AT4G02280,AT4G02280:0.00194379
742966at33090,2,Zm00001eb118940;Zm00001eb222250;Zm00001eb390820,Zm00001eb118940:0.00147315;Zm00001eb222250:0.0013401;Zm00001eb390820:0.000123259,NA,NA,NA,NA,NA,NA,AT4G17090,AT4G17090:0.00244114
743516at2759,2,Zm00001eb101090,Zm00001eb101090:0.00379489,NA,NA,NA,NA,NA,NA,AT4G24620,AT4G24620:0.00159099
744831at33090,2,Zm00001eb374410,Zm00001eb374410:0.0023928,NA,NA,NA,NA,NA,NA,AT4G00110,AT4G00110:0.000113357
745068at33090,2,Zm00001eb243750,Zm00001eb243750:0.00123709,NA,NA,LOC_Os02g05550,LOC_Os02g05550:0.00144453,NA,NA,NA,NA
74556at38820,2,NA,NA,SORBI_3003G308100,SORBI_3003G308100:3.68315e-05,NA,NA,HORVU.MOREX.r3.1HG0077960,HORVU.MOREX.r3.1HG0077960:0.00160413,NA,NA
74562at38820,2,Zm00001eb243450,Zm00001eb243450:0.0039302,NA,NA,NA,NA,HORVU.MOREX.r3.6HG0622140,HORVU.MOREX.r3.6HG0622140:0.000298605,NA,NA
74562at4447,2,Zm00001eb243450,Zm00001eb243450:0.0039302,NA,NA,NA,NA,HORVU.MOREX.r3.6HG0622140,HORVU.MOREX.r3.6HG0622140:0.000298605,NA,NA
747470at33090,2,Zm00001eb211510,Zm00001eb211510:0.00207816,NA,NA,NA,NA,HORVU.MOREX.r3.1HG0079040,HORVU.MOREX.r3.1HG0079040:0.00114816,NA,NA
747727at33090,2,Zm00001eb397170,Zm00001eb397170:7.33571e-05,NA,NA,NA,NA,NA,NA,AT5G22630,AT5G22630:0.00228251
747860at2759,2,NA,NA,NA,NA,NA,NA,HORVU.MOREX.r3.2HG0195210;HORVU.MOREX.r3.5HG0512250,HORVU.MOREX.r3.2HG0195210:0.000316442;HORVU.MOREX.r3.5HG0512250:0.00210454,AT2G21480,AT2G21480:0.00240918
748057at33090,2,Zm00001eb418760,Zm00001eb418760:0.000435421,NA,NA,NA,NA,NA,NA,AT5G26667,AT5G26667:0.00227187
748493at2759,2,Zm00001eb183220,Zm00001eb183220:0.00329644,NA,NA,LOC_Os02g05800,LOC_Os02g05800:0.000826122,NA,NA,NA,NA
748493at33090,2,Zm00001eb183220,Zm00001eb183220:0.00329644,NA,NA,LOC_Os02g05800,LOC_Os02g05800:0.000826122,NA,NA,NA,NA
749664at33090,2,Zm00001eb236820,Zm00001eb236820:0.00014104,NA,NA,LOC_Os05g04260,LOC_Os05g04260:0.00117904,NA,NA,NA,NA
749704at33090,2,Zm00001eb212180,Zm00001eb212180:0.00445185,NA,NA,NA,NA,NA,NA,AT5G20180,AT5G20180:0.00254305
751582at2759,2,Zm00001eb291210,Zm00001eb291210:0.00190013,NA,NA,NA,NA,HORVU.MOREX.r3.1HG0070000,HORVU.MOREX.r3.1HG0070000:0.00198196,NA,NA
751582at33090,2,Zm00001eb291210,Zm00001eb291210:0.00190013,NA,NA,NA,NA,HORVU.MOREX.r3.1HG0070000,HORVU.MOREX.r3.1HG0070000:0.00198196,NA,NA
752111at33090,2,Zm00001eb061610,Zm00001eb061610:0.00275329,SORBI_3001G047400,SORBI_3001G047400:6.25028e-07,NA,NA,NA,NA,NA,NA
75248at38820,2,Zm00001eb432490,Zm00001eb432490:0.00059058,SORBI_3006G246200;SORBI_3006G246300,SORBI_3006G246200:1.15432e-05;SORBI_3006G246300:1.15432e-05,NA,NA,NA,NA,NA,NA
752753at2759,2,Zm00001eb290310,Zm00001eb290310:0.000102904,SORBI_3003G341600,SORBI_3003G341600:9.25933e-06,NA,NA,NA,NA,NA,NA
752753at33090,2,Zm00001eb290310,Zm00001eb290310:0.000102904,SORBI_3003G341600,SORBI_3003G341600:9.25933e-06,NA,NA,NA,NA,NA,NA
754320at33090,2,Zm00001eb009080;Zm00001eb140910;Zm00001eb183820,Zm00001eb009080:0.000522842;Zm00001eb140910:0.00325626;Zm00001eb183820:0.00306819,SORBI_3003G360600;SORBI_3003G427500,SORBI_3003G360600:4.35547e-09;SORBI_3003G427500:4.42912e-10,NA,NA,NA,NA,NA,NA
755483at33090,2,Zm00001eb191530,Zm00001eb191530:0.00037218,NA,NA,NA,NA,HORVU.MOREX.r3.6HG0628830,HORVU.MOREX.r3.6HG0628830:7.1548e-05,NA,NA
755518at33090,2,Zm00001eb394950,Zm00001eb394950:0.00249745,SORBI_3001G376700,SORBI_3001G376700:5.51618e-05,NA,NA,NA,NA,NA,NA
755594at33090,2,Zm00001eb061560,Zm00001eb061560:0.00235671,SORBI_3001G047800,SORBI_3001G047800:6.25028e-07,NA,NA,NA,NA,NA,NA
756565at2759,2,Zm00001eb043120,Zm00001eb043120:0.00117009,NA,NA,NA,NA,HORVU.MOREX.r3.3HG0315590,HORVU.MOREX.r3.3HG0315590:4.11637e-05,NA,NA
756565at33090,2,Zm00001eb043120,Zm00001eb043120:0.00117009,NA,NA,NA,NA,HORVU.MOREX.r3.3HG0315590,HORVU.MOREX.r3.3HG0315590:4.11637e-05,NA,NA
757087at33090,2,Zm00001eb297320,Zm00001eb297320:0.00423659,NA,NA,NA,NA,HORVU.MOREX.r3.1HG0094520,HORVU.MOREX.r3.1HG0094520:0.000297767,NA,NA
758271at33090,2,NA,NA,NA,NA,NA,NA,HORVU.MOREX.r3.5HG0503610,HORVU.MOREX.r3.5HG0503610:0.00291418,AT1G13820,AT1G13820:0.0010891
75831at38820,2,Zm00001eb122880,Zm00001eb122880:0.000559322,NA,NA,NA,NA,HORVU.MOREX.r3.3HG0241770,HORVU.MOREX.r3.3HG0241770:6.14886e-07,NA,NA
75831at4447,2,Zm00001eb122880,Zm00001eb122880:0.000559322,NA,NA,NA,NA,HORVU.MOREX.r3.3HG0241770,HORVU.MOREX.r3.3HG0241770:6.14886e-07,NA,NA
759195at2759,2,NA,NA,NA,NA,NA,NA,HORVU.MOREX.r3.6HG0539990,HORVU.MOREX.r3.6HG0539990:0.00138343,AT5G07840,AT5G07840:0.00122977
759195at33090,2,NA,NA,NA,NA,NA,NA,HORVU.MOREX.r3.6HG0539990,HORVU.MOREX.r3.6HG0539990:0.00138343,AT5G07840,AT5G07840:0.00122977
75998at4447,2,Zm00001eb302270,Zm00001eb302270:0.00426285,NA,NA,NA,NA,HORVU.MOREX.r3.7HG0639300,HORVU.MOREX.r3.7HG0639300:0.00183795,NA,NA
760102at2759,2,Zm00001eb233070,Zm00001eb233070:0.000121576,NA,NA,NA,NA,NA,NA,AT1G56190,AT1G56190:0.000568805
760392at2759,2,Zm00001eb271090;Zm00001eb433910,Zm00001eb271090:0.00173221;Zm00001eb433910:0.000142534,NA,NA,NA,NA,HORVU.MOREX.r3.7HG0640150,HORVU.MOREX.r3.7HG0640150:2.69289e-05,NA,NA
760392at33090,2,Zm00001eb271090;Zm00001eb433910,Zm00001eb271090:0.00173221;Zm00001eb433910:0.000142534,NA,NA,NA,NA,HORVU.MOREX.r3.7HG0640150,HORVU.MOREX.r3.7HG0640150:2.69289e-05,NA,NA
76094at38820,2,Zm00001eb327350,Zm00001eb327350:0.00159561,NA,NA,NA,NA,HORVU.MOREX.r3.2HG0125840,HORVU.MOREX.r3.2HG0125840:0.00291598,NA,NA
76094at4447,2,Zm00001eb327350,Zm00001eb327350:0.00159561,NA,NA,NA,NA,HORVU.MOREX.r3.2HG0125840,HORVU.MOREX.r3.2HG0125840:0.00291598,NA,NA
761042at33090,2,NA,NA,NA,NA,NA,NA,HORVU.MOREX.r3.5HG0495130,HORVU.MOREX.r3.5HG0495130:0.000714598,AT5G13480,AT5G13480:0.000593482
761736at2759,2,Zm00001eb079180;Zm00001eb261530,Zm00001eb079180:0.00454669;Zm00001eb261530:0.000845163,NA,NA,NA,NA,NA,NA,AT1G24350,AT1G24350:0.000523508
761736at33090,2,Zm00001eb079180;Zm00001eb261530,Zm00001eb079180:0.00454669;Zm00001eb261530:0.000845163,NA,NA,NA,NA,NA,NA,AT1G24350,AT1G24350:0.000523508
761894at33090,2,Zm00001eb300740,Zm00001eb300740:0.00219601,NA,NA,NA,NA,HORVU.MOREX.r3.1HG0052290,HORVU.MOREX.r3.1HG0052290:0.000395757,NA,NA
761926at2759,2,Zm00001eb066580;Zm00001eb433490,Zm00001eb066580:0.00370429;Zm00001eb433490:0.00280141,NA,NA,NA,NA,NA,NA,AT1G10820,AT1G10820:0.00245837
761926at33090,2,Zm00001eb066580;Zm00001eb433490,Zm00001eb066580:0.00370429;Zm00001eb433490:0.00280141,NA,NA,NA,NA,NA,NA,AT1G10820,AT1G10820:0.00245837
763032at33090,2,Zm00001eb099280;Zm00001eb206650,Zm00001eb099280:0.00115716;Zm00001eb206650:0.000788772,NA,NA,NA,NA,NA,NA,AT1G16190;AT5G38470,AT1G16190:0.00113534;AT5G38470:0.000524426
763546at2759,2,Zm00001eb359760,Zm00001eb359760:0.000630242,NA,NA,NA,NA,NA,NA,AT4G18260,AT4G18260:0.00183108
763546at33090,2,Zm00001eb359760,Zm00001eb359760:0.000630242,NA,NA,NA,NA,NA,NA,AT4G18260,AT4G18260:0.00183108
76462at2759,2,Zm00001eb208880,Zm00001eb208880:0.000707,NA,NA,NA,NA,NA,NA,AT1G59725,AT1G59725:0.000326897
764960at33090,2,Zm00001eb003210;Zm00001eb402810,Zm00001eb003210:0.000536088;Zm00001eb402810:0.00459158,NA,NA,NA,NA,HORVU.MOREX.r3.4HG0354170,HORVU.MOREX.r3.4HG0354170:1.21018e-05,NA,NA
765125at33090,2,Zm00001eb061510;Zm00001eb257630,Zm00001eb061510:0.000826143;Zm00001eb257630:0.0025993,NA,NA,NA,NA,NA,NA,AT4G25650,AT4G25650:3.35386e-05
765263at33090,2,NA,NA,NA,NA,NA,NA,HORVU.MOREX.r3.4HG0332230,HORVU.MOREX.r3.4HG0332230:0.00218561,AT3G44530,AT3G44530:0.00232358
766403at33090,2,Zm00001eb177740,Zm00001eb177740:0.00218023,NA,NA,NA,NA,HORVU.MOREX.r3.7HG0640480,HORVU.MOREX.r3.7HG0640480:4.80148e-05,NA,NA
767179at33090,2,Zm00001eb214840,Zm00001eb214840:0.00160852,NA,NA,NA,NA,NA,NA,AT4G16420,AT4G16420:0.00145055
767227at2759,2,Zm00001eb177740,Zm00001eb177740:0.00218023,NA,NA,NA,NA,HORVU.MOREX.r3.7HG0640480,HORVU.MOREX.r3.7HG0640480:4.80148e-05,NA,NA
767421at2759,2,Zm00001eb414960,Zm00001eb414960:0.00381057,NA,NA,NA,NA,HORVU.MOREX.r3.4HG0411620,HORVU.MOREX.r3.4HG0411620:0.00277755,NA,NA
767421at33090,2,Zm00001eb414960,Zm00001eb414960:0.00381057,NA,NA,NA,NA,HORVU.MOREX.r3.4HG0411620,HORVU.MOREX.r3.4HG0411620:0.00277755,NA,NA
767474at2759,2,Zm00001eb073580,Zm00001eb073580:0.00324869,NA,NA,NA,NA,NA,NA,AT1G27008,AT1G27008:0.00246967
767474at33090,2,Zm00001eb073580,Zm00001eb073580:0.00324869,NA,NA,NA,NA,NA,NA,AT1G27008,AT1G27008:0.00246967
768318at33090,2,Zm00001eb159820,Zm00001eb159820:0.00255376,NA,NA,LOC_Os01g05600,LOC_Os01g05600:0.00139257,NA,NA,NA,NA
769829at2759,2,Zm00001eb291170;Zm00001eb372690,Zm00001eb291170:0.00190013;Zm00001eb372690:0.00132005,NA,NA,NA,NA,HORVU.MOREX.r3.4HG0401950,HORVU.MOREX.r3.4HG0401950:0.000659688,NA,NA
769829at33090,2,Zm00001eb291170;Zm00001eb372690,Zm00001eb291170:0.00190013;Zm00001eb372690:0.00132005,NA,NA,NA,NA,HORVU.MOREX.r3.4HG0401950,HORVU.MOREX.r3.4HG0401950:0.000659688,NA,NA
7705at4447,2,Zm00001eb195100,Zm00001eb195100:0.00393012,SORBI_3003G341500,SORBI_3003G341500:9.25933e-06,NA,NA,NA,NA,NA,NA
771099at2759,2,Zm00001eb096850,Zm00001eb096850:0.0019882,NA,NA,NA,NA,NA,NA,AT3G04470,AT3G04470:0.00148046
771099at33090,2,Zm00001eb096850,Zm00001eb096850:0.0019882,NA,NA,NA,NA,NA,NA,AT3G04470,AT3G04470:0.00148046
771880at2759,2,NA,NA,NA,NA,LOC_Os01g02190,LOC_Os01g02190:0.00177136,NA,NA,AT3G25545,AT3G25545:0.000842947
771880at33090,2,NA,NA,NA,NA,LOC_Os01g02190,LOC_Os01g02190:0.00177136,NA,NA,AT3G25545,AT3G25545:0.000842947
77280at38820,2,NA,NA,SORBI_3002G115400,SORBI_3002G115400:4.8769e-05,NA,NA,HORVU.MOREX.r3.2HG0100810,HORVU.MOREX.r3.2HG0100810:0.000109797,NA,NA
77280at4447,2,NA,NA,SORBI_3002G115400,SORBI_3002G115400:4.8769e-05,NA,NA,HORVU.MOREX.r3.2HG0100810,HORVU.MOREX.r3.2HG0100810:0.000109797,NA,NA
776979at33090,2,Zm00001eb010450;Zm00001eb164410;Zm00001eb303120,Zm00001eb010450:0.00339357;Zm00001eb164410:0.000431103;Zm00001eb303120:0.00110887,NA,NA,NA,NA,HORVU.MOREX.r3.5HG0492490,HORVU.MOREX.r3.5HG0492490:0.00257875,NA,NA
777528at2759,2,Zm00001eb157530,Zm00001eb157530:0.000422156,SORBI_3010G257100,SORBI_3010G257100:0.000129951,NA,NA,NA,NA,NA,NA
777528at33090,2,Zm00001eb157530,Zm00001eb157530:0.000422156,SORBI_3010G257100,SORBI_3010G257100:0.000129951,NA,NA,NA,NA,NA,NA
78152at38820,2,Zm00001eb357860,Zm00001eb357860:0.000727015,NA,NA,NA,NA,HORVU.MOREX.r3.3HG0270500,HORVU.MOREX.r3.3HG0270500:0.000585178,NA,NA
78152at4447,2,Zm00001eb357860,Zm00001eb357860:0.000727015,NA,NA,NA,NA,HORVU.MOREX.r3.3HG0270500,HORVU.MOREX.r3.3HG0270500:0.000585178,NA,NA
78251at38820,2,Zm00001eb062570,Zm00001eb062570:0.00425278,NA,NA,NA,NA,HORVU.MOREX.r3.5HG0526040,HORVU.MOREX.r3.5HG0526040:0.00197832,NA,NA
78251at4447,2,Zm00001eb062570,Zm00001eb062570:0.00425278,NA,NA,NA,NA,HORVU.MOREX.r3.5HG0526040,HORVU.MOREX.r3.5HG0526040:0.00197832,NA,NA
782728at33090,2,Zm00001eb212200,Zm00001eb212200:0.00445185,NA,NA,NA,NA,NA,NA,AT2G38730,AT2G38730:0.00108393
783012at33090,2,Zm00001eb288200,Zm00001eb288200:0.00319798,NA,NA,NA,NA,NA,NA,AT2G44100,AT2G44100:0.00019088
783301at2759,2,Zm00001eb080570,Zm00001eb080570:0.00420422,NA,NA,NA,NA,NA,NA,AT5G65430,AT5G65430:0.000845029
783301at33090,2,Zm00001eb080570,Zm00001eb080570:0.00420422,NA,NA,NA,NA,NA,NA,AT5G65430,AT5G65430:0.000845029
783446at33090,2,Zm00001eb332790,Zm00001eb332790:0.00262017,NA,NA,NA,NA,NA,NA,AT1G77940,AT1G77940:0.000269723
783636at2759,2,Zm00001eb389720,Zm00001eb389720:0.00215617,SORBI_3010G219700,SORBI_3010G219700:4.82697e-07,NA,NA,NA,NA,NA,NA
783636at33090,2,Zm00001eb389720,Zm00001eb389720:0.00215617,SORBI_3010G219700,SORBI_3010G219700:4.82697e-07,NA,NA,NA,NA,NA,NA
78363at3193,2,Zm00001eb405820,Zm00001eb405820:0.00190481,NA,NA,NA,NA,NA,NA,AT5G67385,AT5G67385:0.00245973
78396at38820,2,Zm00001eb303240,Zm00001eb303240:0.00080333,NA,NA,NA,NA,HORVU.MOREX.r3.5HG0523110,HORVU.MOREX.r3.5HG0523110:0.000193195,NA,NA
78396at4447,2,Zm00001eb303240,Zm00001eb303240:0.00080333,NA,NA,NA,NA,HORVU.MOREX.r3.5HG0523110,HORVU.MOREX.r3.5HG0523110:0.000193195,NA,NA
784238at33090,2,Zm00001eb187110,Zm00001eb187110:0.000901859,NA,NA,NA,NA,NA,NA,AT5G42000,AT5G42000:0.00196214
784258at33090,2,Zm00001eb120410,Zm00001eb120410:0.000634773,NA,NA,NA,NA,NA,NA,AT2G21390,AT2G21390:0.00212423
784469at2759,2,NA,NA,NA,NA,NA,NA,HORVU.MOREX.r3.4HG0415610,HORVU.MOREX.r3.4HG0415610:0.000713511,AT1G12140;AT1G12200;AT5G07800,AT1G12140:0.000449423;AT1G12200:0.00254179;AT5G07800:0.00166822
784469at33090,2,NA,NA,NA,NA,NA,NA,HORVU.MOREX.r3.4HG0415610,HORVU.MOREX.r3.4HG0415610:0.000713511,AT1G12140;AT1G12200;AT5G07800,AT1G12140:0.000449423;AT1G12200:0.00254179;AT5G07800:0.00166822
78450at38820,2,NA,NA,SORBI_3001G023900,SORBI_3001G023900:5.51535e-05,NA,NA,HORVU.MOREX.r3.3HG0330940,HORVU.MOREX.r3.3HG0330940:0.000993371,NA,NA
78450at4447,2,NA,NA,SORBI_3001G023900,SORBI_3001G023900:5.51535e-05,NA,NA,HORVU.MOREX.r3.3HG0330940,HORVU.MOREX.r3.3HG0330940:0.000993371,NA,NA
784720at33090,2,Zm00001eb320430;Zm00001eb432420,Zm00001eb320430:0.000495608;Zm00001eb432420:0.000228283,SORBI_3007G088000,SORBI_3007G088000:2.5053e-09,NA,NA,NA,NA,NA,NA
784756at33090,2,NA,NA,NA,NA,NA,NA,HORVU.MOREX.r3.1HG0094260,HORVU.MOREX.r3.1HG0094260:0.000263842,AT2G35990;AT4G35190,AT2G35990:0.0010418;AT4G35190:0.000144578
785050at2759,2,Zm00001eb373960,Zm00001eb373960:1.34997e-05,NA,NA,NA,NA,HORVU.MOREX.r3.6HG0620920,HORVU.MOREX.r3.6HG0620920:0.00194271,NA,NA
785050at33090,2,Zm00001eb373960,Zm00001eb373960:1.34997e-05,NA,NA,NA,NA,HORVU.MOREX.r3.6HG0620920,HORVU.MOREX.r3.6HG0620920:0.00194271,NA,NA
785761at33090,2,Zm00001eb368150,Zm00001eb368150:0.00071687,NA,NA,NA,NA,HORVU.MOREX.r3.1HG0073070,HORVU.MOREX.r3.1HG0073070:0.00235964,NA,NA
786471at33090,2,Zm00001eb427180,Zm00001eb427180:0.00230153,NA,NA,NA,NA,HORVU.MOREX.r3.2HG0170880,HORVU.MOREX.r3.2HG0170880:0.00115196,NA,NA
787173at33090,2,Zm00001eb366670,Zm00001eb366670:0.00116123,NA,NA,NA,NA,NA,NA,AT2G18840,AT2G18840:0.0019583
787328at2759,2,Zm00001eb399680,Zm00001eb399680:1.23757e-05,NA,NA,NA,NA,NA,NA,AT2G01110,AT2G01110:0.00172194
787328at33090,2,Zm00001eb399680,Zm00001eb399680:1.23757e-05,NA,NA,NA,NA,NA,NA,AT2G01110,AT2G01110:0.00172194
787481at33090,2,Zm00001eb140270,Zm00001eb140270:0.000561153,NA,NA,NA,NA,NA,NA,AT1G43560,AT1G43560:0.00243586
78769at38820,2,Zm00001eb149270,Zm00001eb149270:0.00441832,NA,NA,NA,NA,HORVU.MOREX.r3.3HG0304340,HORVU.MOREX.r3.3HG0304340:0.00084903,NA,NA
78769at4447,2,Zm00001eb149270,Zm00001eb149270:0.00441832,NA,NA,NA,NA,HORVU.MOREX.r3.3HG0304340,HORVU.MOREX.r3.3HG0304340:0.00084903,NA,NA
787791at33090,2,Zm00001eb030420;Zm00001eb222960;Zm00001eb430440,Zm00001eb030420:0.000561409;Zm00001eb222960:0.00192906;Zm00001eb430440:0.00307772,SORBI_3006G206800,SORBI_3006G206800:1.60805e-05,NA,NA,NA,NA,NA,NA
788253at2759,2,Zm00001eb149270,Zm00001eb149270:0.00441832,NA,NA,NA,NA,HORVU.MOREX.r3.3HG0304340,HORVU.MOREX.r3.3HG0304340:0.00084903,NA,NA
788253at33090,2,Zm00001eb149270,Zm00001eb149270:0.00441832,NA,NA,NA,NA,HORVU.MOREX.r3.3HG0304340,HORVU.MOREX.r3.3HG0304340:0.00084903,NA,NA
788360at33090,2,NA,NA,SORBI_3003G161600,SORBI_3003G161600:1.23411e-05,NA,NA,HORVU.MOREX.r3.3HG0219800,HORVU.MOREX.r3.3HG0219800:0.00214127,NA,NA
788495at2759,2,Zm00001eb402260;Zm00001eb402520,Zm00001eb402260:0.00194388;Zm00001eb402520:0.000824493,NA,NA,NA,NA,NA,NA,AT1G76360,AT1G76360:0.00121718
788776at33090,2,NA,NA,SORBI_3008G071300,SORBI_3008G071300:6.39587e-06,NA,NA,NA,NA,AT4G31750,AT4G31750:0.00110532
788938at2759,2,Zm00001eb111350,Zm00001eb111350:0.00177572,NA,NA,NA,NA,NA,NA,AT5G27760,AT5G27760:0.0020405
788938at33090,2,Zm00001eb111350,Zm00001eb111350:0.00177572,NA,NA,NA,NA,NA,NA,AT5G27760,AT5G27760:0.0020405
789074at2759,2,NA,NA,NA,NA,NA,NA,HORVU.MOREX.r3.4HG0346810,HORVU.MOREX.r3.4HG0346810:0.000264575,AT1G34420,AT1G34420:0.000902978
789074at33090,2,NA,NA,NA,NA,NA,NA,HORVU.MOREX.r3.4HG0346810,HORVU.MOREX.r3.4HG0346810:0.000264575,AT1G34420,AT1G34420:0.000902978
790676at2759,2,NA,NA,NA,NA,NA,NA,HORVU.MOREX.r3.5HG0486060,HORVU.MOREX.r3.5HG0486060:0.000435788,AT5G66960,AT5G66960:0.00248576
790676at33090,2,NA,NA,NA,NA,NA,NA,HORVU.MOREX.r3.5HG0486060,HORVU.MOREX.r3.5HG0486060:0.000435788,AT5G66960,AT5G66960:0.00248576
791937at2759,2,Zm00001eb373090,Zm00001eb373090:0.000673961,NA,NA,NA,NA,HORVU.MOREX.r3.7HG0664050,HORVU.MOREX.r3.7HG0664050:0.00028443,NA,NA
791937at33090,2,Zm00001eb373090,Zm00001eb373090:0.000673961,NA,NA,NA,NA,HORVU.MOREX.r3.7HG0664050,HORVU.MOREX.r3.7HG0664050:0.00028443,NA,NA
794108at2759,2,Zm00001eb096860;Zm00001eb142610,Zm00001eb096860:0.0019882;Zm00001eb142610:0.000796281,NA,NA,NA,NA,NA,NA,AT1G73100,AT1G73100:0.00027779
794108at33090,2,Zm00001eb096860;Zm00001eb142610,Zm00001eb096860:0.0019882;Zm00001eb142610:0.000796281,NA,NA,NA,NA,NA,NA,AT1G73100,AT1G73100:0.00027779
794577at2759,2,Zm00001eb331410,Zm00001eb331410:0.0041207,SORBI_3001G399300,SORBI_3001G399300:2.9157e-06,NA,NA,NA,NA,NA,NA
794577at33090,2,Zm00001eb331410,Zm00001eb331410:0.0041207,SORBI_3001G399300,SORBI_3001G399300:2.9157e-06,NA,NA,NA,NA,NA,NA
795478at33090,2,Zm00001eb331570,Zm00001eb331570:0.0044475,NA,NA,NA,NA,HORVU.MOREX.r3.2HG0108040,HORVU.MOREX.r3.2HG0108040:0.00104127,NA,NA
795741at33090,2,NA,NA,SORBI_3001G023900,SORBI_3001G023900:5.51535e-05,NA,NA,HORVU.MOREX.r3.3HG0330940,HORVU.MOREX.r3.3HG0330940:0.000993371,NA,NA
795991at33090,2,Zm00001eb244170,Zm00001eb244170:0.00229625,NA,NA,NA,NA,NA,NA,AT2G02390,AT2G02390:0.000493324
796195at33090,2,Zm00001eb233070,Zm00001eb233070:0.000121576,NA,NA,NA,NA,NA,NA,AT1G56190,AT1G56190:0.000568805
796281at2759,2,Zm00001eb208520;Zm00001eb403940,Zm00001eb208520:0.00193173;Zm00001eb403940:0.00244026,NA,NA,NA,NA,HORVU.MOREX.r3.5HG0463930,HORVU.MOREX.r3.5HG0463930:0.00183352,NA,NA
796281at33090,2,Zm00001eb208520;Zm00001eb403940,Zm00001eb208520:0.00193173;Zm00001eb403940:0.00244026,NA,NA,NA,NA,HORVU.MOREX.r3.5HG0463930,HORVU.MOREX.r3.5HG0463930:0.00183352,NA,NA
7970at38820,2,Zm00001eb434080,Zm00001eb434080:0.00372421,NA,NA,NA,NA,HORVU.MOREX.r3.2HG0214020,HORVU.MOREX.r3.2HG0214020:0.00011446,NA,NA
7970at4447,2,Zm00001eb434080,Zm00001eb434080:0.00372421,NA,NA,NA,NA,HORVU.MOREX.r3.2HG0214020,HORVU.MOREX.r3.2HG0214020:0.00011446,NA,NA
80014at4447,2,Zm00001eb331680,Zm00001eb331680:0.00383646,NA,NA,NA,NA,HORVU.MOREX.r3.2HG0200690,HORVU.MOREX.r3.2HG0200690:0.00262111,NA,NA
800550at33090,2,Zm00001eb163250,Zm00001eb163250:0.00223847,NA,NA,NA,NA,NA,NA,AT3G08530,AT3G08530:6.62356e-05
800624at33090,2,Zm00001eb331540,Zm00001eb331540:0.0044475,NA,NA,NA,NA,NA,NA,AT2G38280,AT2G38280:0.00182531
800666at33090,2,Zm00001eb102550;Zm00001eb317910,Zm00001eb102550:0.00324625;Zm00001eb317910:0.000222624,NA,NA,NA,NA,HORVU.MOREX.r3.5HG0494840,HORVU.MOREX.r3.5HG0494840:0.00223712,NA,NA
800996at33090,2,Zm00001eb121540;Zm00001eb346890,Zm00001eb121540:0.00229656;Zm00001eb346890:0.000401874,NA,NA,NA,NA,NA,NA,AT5G09890,AT5G09890:0.000956862
801274at33090,2,Zm00001eb331520,Zm00001eb331520:0.0044475,SORBI_3005G004400,SORBI_3005G004400:6.86274e-05,NA,NA,NA,NA,NA,NA
801356at33090,2,Zm00001eb163260,Zm00001eb163260:0.00223847,SORBI_3005G003800,SORBI_3005G003800:6.86274e-05,NA,NA,NA,NA,NA,NA
801363at33090,2,Zm00001eb433650,Zm00001eb433650:0.0045964,NA,NA,NA,NA,NA,NA,AT5G19690,AT5G19690:0.00181829
801423at2759,2,Zm00001eb066060,Zm00001eb066060:0.00170095,NA,NA,NA,NA,NA,NA,AT1G03630,AT1G03630:0.00186898
801423at33090,2,Zm00001eb066060,Zm00001eb066060:0.00170095,NA,NA,NA,NA,NA,NA,AT1G03630,AT1G03630:0.00186898
80164at38820,2,NA,NA,SORBI_3003G161700,SORBI_3003G161700:1.23411e-05,NA,NA,HORVU.MOREX.r3.1HG0006210,HORVU.MOREX.r3.1HG0006210:0.00102871,NA,NA
80164at4447,2,NA,NA,SORBI_3003G161700,SORBI_3003G161700:1.23411e-05,NA,NA,HORVU.MOREX.r3.1HG0006210,HORVU.MOREX.r3.1HG0006210:0.00102871,NA,NA
801701at2759,2,Zm00001eb347570,Zm00001eb347570:0.003384,NA,NA,NA,NA,NA,NA,AT5G46110,AT5G46110:0.000224575
801701at33090,2,Zm00001eb347570,Zm00001eb347570:0.003384,NA,NA,NA,NA,NA,NA,AT5G46110,AT5G46110:0.000224575
801752at33090,2,Zm00001eb120110;Zm00001eb363860;Zm00001eb395790,Zm00001eb120110:0.00139257;Zm00001eb363860:0.00275982;Zm00001eb395790:0.00250515,NA,NA,NA,NA,NA,NA,AT1G26370,AT1G26370:0.00106616
801993at33090,2,Zm00001eb330750,Zm00001eb330750:0.00208468,NA,NA,NA,NA,HORVU.MOREX.r3.2HG0111800,HORVU.MOREX.r3.2HG0111800:0.0014822,NA,NA
802971at33090,2,Zm00001eb410070,Zm00001eb410070:0.000817836,NA,NA,NA,NA,HORVU.MOREX.r3.5HG0425060,HORVU.MOREX.r3.5HG0425060:0.00025206,NA,NA
803223at33090,2,Zm00001eb259330;Zm00001eb291180,Zm00001eb259330:0.000840431;Zm00001eb291180:0.00190013,NA,NA,NA,NA,NA,NA,AT2G17720,AT2G17720:0.00065258
803605at33090,2,Zm00001eb329190,Zm00001eb329190:0.00237845,NA,NA,LOC_Os07g06440,LOC_Os07g06440:0.00201145,NA,NA,NA,NA
804201at33090,2,Zm00001eb403950,Zm00001eb403950:0.00244026,NA,NA,NA,NA,NA,NA,AT1G12600,AT1G12600:0.000210342
804692at2759,2,Zm00001eb314390,Zm00001eb314390:0.0020093,NA,NA,NA,NA,NA,NA,AT4G25315,AT4G25315:0.00145699
804692at33090,2,Zm00001eb314390,Zm00001eb314390:0.0020093,NA,NA,NA,NA,NA,NA,AT4G25315,AT4G25315:0.00145699
805138at33090,2,NA,NA,SORBI_3001G016200,SORBI_3001G016200:0.000100703,NA,NA,HORVU.MOREX.r3.6HG0558840,HORVU.MOREX.r3.6HG0558840:4.58786e-05,NA,NA
805289at2759,2,Zm00001eb208110,Zm00001eb208110:0.000322983,SORBI_3004G037900,SORBI_3004G037900:1.55242e-07,NA,NA,NA,NA,NA,NA
805289at33090,2,Zm00001eb208110,Zm00001eb208110:0.000322983,SORBI_3004G037900,SORBI_3004G037900:1.55242e-07,NA,NA,NA,NA,NA,NA
806106at2759,2,Zm00001eb080560,Zm00001eb080560:0.00420422,NA,NA,NA,NA,NA,NA,AT1G23220,AT1G23220:0.000538798
806106at33090,2,Zm00001eb080560,Zm00001eb080560:0.00420422,NA,NA,NA,NA,NA,NA,AT1G23220,AT1G23220:0.000538798
806147at33090,2,Zm00001eb190340,Zm00001eb190340:0.00251109,SORBI_3004G247000,SORBI_3004G247000:3.48137e-05,NA,NA,NA,NA,NA,NA
809293at33090,2,Zm00001eb362860,Zm00001eb362860:0.000560177,SORBI_3003G427600,SORBI_3003G427600:4.42912e-10,NA,NA,NA,NA,NA,NA
809621at33090,2,Zm00001eb260930,Zm00001eb260930:0.000725655,NA,NA,LOC_Os08g01170,LOC_Os08g01170:0.00203094,NA,NA,NA,NA
809874at33090,2,Zm00001eb063370;Zm00001eb260050;Zm00001eb304280,Zm00001eb063370:0.00237705;Zm00001eb260050:0.00310741;Zm00001eb304280:0.000100271,NA,NA,NA,NA,HORVU.MOREX.r3.4HG0412200;HORVU.MOREX.r3.7HG0706740,HORVU.MOREX.r3.4HG0412200:0.000411667;HORVU.MOREX.r3.7HG0706740:0.000958839,NA,NA
81241at38820,2,Zm00001eb330710,Zm00001eb330710:0.00174894,NA,NA,NA,NA,HORVU.MOREX.r3.2HG0111960,HORVU.MOREX.r3.2HG0111960:0.00260564,NA,NA
81241at4447,2,Zm00001eb330710,Zm00001eb330710:0.00174894,NA,NA,NA,NA,HORVU.MOREX.r3.2HG0111960,HORVU.MOREX.r3.2HG0111960:0.00260564,NA,NA
81436at38820,2,Zm00001eb058860,Zm00001eb058860:0.00183992,NA,NA,NA,NA,HORVU.MOREX.r3.5HG0513440,HORVU.MOREX.r3.5HG0513440:0.000326108,NA,NA
82432at38820,2,Zm00001eb325820,Zm00001eb325820:0.00437747,SORBI_3002G355500,SORBI_3002G355500:7.44519e-05,NA,NA,NA,NA,NA,NA
82445at38820,2,NA,NA,SORBI_3010G232900,SORBI_3010G232900:4.06341e-09,NA,NA,HORVU.MOREX.r3.7HG0732490,HORVU.MOREX.r3.7HG0732490:0.00288155,NA,NA
82445at4447,2,NA,NA,SORBI_3010G232900,SORBI_3010G232900:4.06341e-09,NA,NA,HORVU.MOREX.r3.7HG0732490,HORVU.MOREX.r3.7HG0732490:0.00288155,NA,NA
82657at38820,2,Zm00001eb007600,Zm00001eb007600:0.00314721,NA,NA,LOC_Os03g02050,LOC_Os03g02050:0.0017931,NA,NA,NA,NA
82657at4447,2,Zm00001eb007600,Zm00001eb007600:0.00314721,NA,NA,LOC_Os03g02050,LOC_Os03g02050:0.0017931,NA,NA,NA,NA
82811at38820,2,Zm00001eb218310,Zm00001eb218310:0.00142061,NA,NA,NA,NA,HORVU.MOREX.r3.4HG0333110,HORVU.MOREX.r3.4HG0333110:0.000825117,NA,NA
82811at4447,2,Zm00001eb218310,Zm00001eb218310:0.00142061,NA,NA,NA,NA,HORVU.MOREX.r3.4HG0333110,HORVU.MOREX.r3.4HG0333110:0.000825117,NA,NA
82973at38820,2,NA,NA,SORBI_3007G091100,SORBI_3007G091100:3.80207e-08,NA,NA,HORVU.MOREX.r3.5HG0461970,HORVU.MOREX.r3.5HG0461970:0.00174082,NA,NA
82973at4447,2,NA,NA,SORBI_3007G091100,SORBI_3007G091100:3.80207e-08,NA,NA,HORVU.MOREX.r3.5HG0461970,HORVU.MOREX.r3.5HG0461970:0.00174082,NA,NA
83160at38820,2,Zm00001eb106140,Zm00001eb106140:0.00040615,SORBI_3002G321500,SORBI_3002G321500:2.30458e-05,NA,NA,NA,NA,NA,NA
83160at4447,2,Zm00001eb106140,Zm00001eb106140:0.00040615,SORBI_3002G321500,SORBI_3002G321500:2.30458e-05,NA,NA,NA,NA,NA,NA
83876at38820,2,NA,NA,NA,NA,LOC_Os01g05510,LOC_Os01g05510:3.28983e-05,HORVU.MOREX.r3.3HG0325820,HORVU.MOREX.r3.3HG0325820:0.000798062,NA,NA
83876at4447,2,NA,NA,NA,NA,LOC_Os01g05510,LOC_Os01g05510:3.28983e-05,HORVU.MOREX.r3.3HG0325820,HORVU.MOREX.r3.3HG0325820:0.000798062,NA,NA
84760at38820,2,Zm00001eb159390,Zm00001eb159390:0.00395054,SORBI_3003G226800,SORBI_3003G226800:3.23362e-05,NA,NA,NA,NA,NA,NA
84760at4447,2,Zm00001eb159390,Zm00001eb159390:0.00395054,SORBI_3003G226800,SORBI_3003G226800:3.23362e-05,NA,NA,NA,NA,NA,NA
84974at2759,2,NA,NA,NA,NA,NA,NA,HORVU.MOREX.r3.3HG0316890,HORVU.MOREX.r3.3HG0316890:0.000545276,AT5G14410,AT5G14410:0.000868834
84974at3193,2,NA,NA,NA,NA,NA,NA,HORVU.MOREX.r3.3HG0316890,HORVU.MOREX.r3.3HG0316890:0.000545276,AT5G14410,AT5G14410:0.000868834
84974at33090,2,NA,NA,NA,NA,NA,NA,HORVU.MOREX.r3.3HG0316890,HORVU.MOREX.r3.3HG0316890:0.000545276,AT5G14410,AT5G14410:0.000868834
85874at38820,2,Zm00001eb296620,Zm00001eb296620:0.000374482,NA,NA,NA,NA,HORVU.MOREX.r3.1HG0091020,HORVU.MOREX.r3.1HG0091020:0.00144519,NA,NA
86064at38820,2,Zm00001eb331570,Zm00001eb331570:0.0044475,NA,NA,NA,NA,HORVU.MOREX.r3.2HG0108040,HORVU.MOREX.r3.2HG0108040:0.00104127,NA,NA
86064at4447,2,Zm00001eb331570,Zm00001eb331570:0.0044475,NA,NA,NA,NA,HORVU.MOREX.r3.2HG0108040,HORVU.MOREX.r3.2HG0108040:0.00104127,NA,NA
86363at38820,2,Zm00001eb034940;Zm00001eb101880;Zm00001eb323880,Zm00001eb034940:0.00432034;Zm00001eb101880:0.00350437;Zm00001eb323880:0.003004,NA,NA,NA,NA,HORVU.MOREX.r3.5HG0490730,HORVU.MOREX.r3.5HG0490730:4.85877e-05,NA,NA
86363at4447,2,Zm00001eb034940;Zm00001eb101880;Zm00001eb323880,Zm00001eb034940:0.00432034;Zm00001eb101880:0.00350437;Zm00001eb323880:0.003004,NA,NA,NA,NA,HORVU.MOREX.r3.5HG0490730,HORVU.MOREX.r3.5HG0490730:4.85877e-05,NA,NA
86701at38820,2,Zm00001eb108600,Zm00001eb108600:0.00119217,NA,NA,NA,NA,HORVU.MOREX.r3.3HG0307010,HORVU.MOREX.r3.3HG0307010:0.00189376,NA,NA
86701at4447,2,Zm00001eb108600,Zm00001eb108600:0.00119217,NA,NA,NA,NA,HORVU.MOREX.r3.3HG0307010,HORVU.MOREX.r3.3HG0307010:0.00189376,NA,NA
87489at33090,2,Zm00001eb103570;Zm00001eb319760,Zm00001eb103570:0.000631707;Zm00001eb319760:0.000759287,NA,NA,NA,NA,NA,NA,AT2G41630,AT2G41630:0.000920203
87887at38820,2,Zm00001eb290220;Zm00001eb368530,Zm00001eb290220:0.00402537;Zm00001eb368530:0.00230744,NA,NA,NA,NA,HORVU.MOREX.r3.3HG0304120,HORVU.MOREX.r3.3HG0304120:0.00113664,NA,NA
87887at4447,2,Zm00001eb290220;Zm00001eb368530,Zm00001eb290220:0.00402537;Zm00001eb368530:0.00230744,NA,NA,NA,NA,HORVU.MOREX.r3.3HG0304120,HORVU.MOREX.r3.3HG0304120:0.00113664,NA,NA
88018at38820,2,Zm00001eb147640,Zm00001eb147640:0.00282314,SORBI_3003G360100,SORBI_3003G360100:4.35547e-09,NA,NA,NA,NA,NA,NA
88018at4447,2,Zm00001eb147640,Zm00001eb147640:0.00282314,SORBI_3003G360100,SORBI_3003G360100:4.35547e-09,NA,NA,NA,NA,NA,NA
88158at2759,2,Zm00001eb115940;Zm00001eb122340,Zm00001eb115940:0.00156652;Zm00001eb122340:0.000124067,SORBI_3001G399200,SORBI_3001G399200:2.9157e-06,NA,NA,NA,NA,NA,NA
88158at33090,2,Zm00001eb115940;Zm00001eb122340,Zm00001eb115940:0.00156652;Zm00001eb122340:0.000124067,SORBI_3001G399200,SORBI_3001G399200:2.9157e-06,NA,NA,NA,NA,NA,NA
88891at38820,2,NA,NA,SORBI_3010G233000,SORBI_3010G233000:4.06341e-09,NA,NA,HORVU.MOREX.r3.7HG0732480,HORVU.MOREX.r3.7HG0732480:0.00288155,NA,NA
88891at4447,2,NA,NA,SORBI_3010G233000,SORBI_3010G233000:4.06341e-09,NA,NA,HORVU.MOREX.r3.7HG0732480,HORVU.MOREX.r3.7HG0732480:0.00288155,NA,NA
89125at38820,2,Zm00001eb143560,Zm00001eb143560:0.000315212,NA,NA,NA,NA,HORVU.MOREX.r3.3HG0309340,HORVU.MOREX.r3.3HG0309340:0.00112773,NA,NA
89125at4447,2,Zm00001eb143560,Zm00001eb143560:0.000315212,NA,NA,NA,NA,HORVU.MOREX.r3.3HG0309340,HORVU.MOREX.r3.3HG0309340:0.00112773,NA,NA
89242at38820,2,Zm00001eb051830,Zm00001eb051830:0.00245616,NA,NA,NA,NA,HORVU.MOREX.r3.4HG0334450,HORVU.MOREX.r3.4HG0334450:0.00111823,NA,NA
89242at4447,2,Zm00001eb051830,Zm00001eb051830:0.00245616,NA,NA,NA,NA,HORVU.MOREX.r3.4HG0334450,HORVU.MOREX.r3.4HG0334450:0.00111823,NA,NA
89250at38820,2,Zm00001eb334830,Zm00001eb334830:0.00367573,NA,NA,LOC_Os01g01210,LOC_Os01g01210:0.00160355,NA,NA,NA,NA
89250at4447,2,Zm00001eb334830,Zm00001eb334830:0.00367573,NA,NA,LOC_Os01g01210,LOC_Os01g01210:0.00160355,NA,NA,NA,NA
89655at3193,2,NA,NA,SORBI_3001G333700,SORBI_3001G333700:5.51172e-05,NA,NA,HORVU.MOREX.r3.2HG0128270,HORVU.MOREX.r3.2HG0128270:0.000103808,NA,NA
89655at33090,2,NA,NA,SORBI_3001G333700,SORBI_3001G333700:5.51172e-05,NA,NA,HORVU.MOREX.r3.2HG0128270,HORVU.MOREX.r3.2HG0128270:0.000103808,NA,NA
90000at38820,2,Zm00001eb052730,Zm00001eb052730:0.00333564,NA,NA,NA,NA,HORVU.MOREX.r3.4HG0333120,HORVU.MOREX.r3.4HG0333120:8.2381e-07,NA,NA
90000at4447,2,Zm00001eb052730,Zm00001eb052730:0.00333564,NA,NA,NA,NA,HORVU.MOREX.r3.4HG0333120,HORVU.MOREX.r3.4HG0333120:8.2381e-07,NA,NA
90179at38820,2,NA,NA,SORBI_3003G307900,SORBI_3003G307900:3.68315e-05,NA,NA,HORVU.MOREX.r3.1HG0077950,HORVU.MOREX.r3.1HG0077950:0.00160413,NA,NA
90179at4447,2,NA,NA,SORBI_3003G307900,SORBI_3003G307900:3.68315e-05,NA,NA,HORVU.MOREX.r3.1HG0077950,HORVU.MOREX.r3.1HG0077950:0.00160413,NA,NA
91091at4447,2,Zm00001eb069460,Zm00001eb069460:0.00417282,NA,NA,NA,NA,HORVU.MOREX.r3.2HG0208300;HORVU.MOREX.r3.5HG0503550;HORVU.MOREX.r3.5HG0503570,HORVU.MOREX.r3.2HG0208300:0.00139915;HORVU.MOREX.r3.5HG0503550:0.000270277;HORVU.MOREX.r3.5HG0503570:0.000270277,NA,NA
91193at2759,2,Zm00001eb056390;Zm00001eb215310;Zm00001eb423080;Zm00001eb433630,Zm00001eb056390:0.0007473;Zm00001eb215310:0.0010135;Zm00001eb423080:0.000908988;Zm00001eb433630:0.0045964,NA,NA,NA,NA,HORVU.MOREX.r3.6HG0560140,HORVU.MOREX.r3.6HG0560140:8.80581e-05,NA,NA
91193at33090,2,Zm00001eb056390;Zm00001eb215310;Zm00001eb423080;Zm00001eb433630,Zm00001eb056390:0.0007473;Zm00001eb215310:0.0010135;Zm00001eb423080:0.000908988;Zm00001eb433630:0.0045964,NA,NA,NA,NA,HORVU.MOREX.r3.6HG0560140,HORVU.MOREX.r3.6HG0560140:8.80581e-05,NA,NA
91313at2759,2,Zm00001eb151480,Zm00001eb151480:0.00272841,NA,NA,NA,NA,NA,NA,AT2G20840,AT2G20840:0.000135284
91313at33090,2,Zm00001eb151480,Zm00001eb151480:0.00272841,NA,NA,NA,NA,NA,NA,AT2G20840,AT2G20840:0.000135284
91560at38820,2,Zm00001eb351820,Zm00001eb351820:0.0029837,SORBI_3003G343600,SORBI_3003G343600:3.40388e-10,NA,NA,NA,NA,NA,NA
91560at4447,2,Zm00001eb351820,Zm00001eb351820:0.0029837,SORBI_3003G343600,SORBI_3003G343600:3.40388e-10,NA,NA,NA,NA,NA,NA
92214at38820,2,Zm00001eb225720,Zm00001eb225720:0.00132462,NA,NA,LOC_Os06g06870,LOC_Os06g06870:0.00208892,NA,NA,NA,NA
92214at4447,2,Zm00001eb225720,Zm00001eb225720:0.00132462,NA,NA,LOC_Os06g06870,LOC_Os06g06870:0.00208892,NA,NA,NA,NA
92236at2759,2,Zm00001eb147630,Zm00001eb147630:0.00282314,SORBI_3003G360200,SORBI_3003G360200:4.35547e-09,NA,NA,NA,NA,NA,NA
92236at3193,2,Zm00001eb147630,Zm00001eb147630:0.00282314,SORBI_3003G360200,SORBI_3003G360200:4.35547e-09,NA,NA,NA,NA,NA,NA
92236at33090,2,Zm00001eb147630,Zm00001eb147630:0.00282314,SORBI_3003G360200,SORBI_3003G360200:4.35547e-09,NA,NA,NA,NA,NA,NA
92236at38820,2,Zm00001eb061610,Zm00001eb061610:0.00275329,SORBI_3001G047400,SORBI_3001G047400:6.25028e-07,NA,NA,NA,NA,NA,NA
92236at4447,2,Zm00001eb061610,Zm00001eb061610:0.00275329,SORBI_3001G047400,SORBI_3001G047400:6.25028e-07,NA,NA,NA,NA,NA,NA
92342at38820,2,NA,NA,SORBI_3001G016200,SORBI_3001G016200:0.000100703,NA,NA,HORVU.MOREX.r3.6HG0558840,HORVU.MOREX.r3.6HG0558840:4.58786e-05,NA,NA
92342at4447,2,NA,NA,SORBI_3001G016200,SORBI_3001G016200:0.000100703,NA,NA,HORVU.MOREX.r3.6HG0558840,HORVU.MOREX.r3.6HG0558840:4.58786e-05,NA,NA
9237at4447,2,Zm00001eb296120,Zm00001eb296120:0.00044958,NA,NA,NA,NA,HORVU.MOREX.r3.1HG0018190,HORVU.MOREX.r3.1HG0018190:0.00127514,NA,NA
9292at38820,2,Zm00001eb248300,Zm00001eb248300:0.00250427,NA,NA,LOC_Os10g04890,LOC_Os10g04890:0.002278,NA,NA,NA,NA
9292at4447,2,Zm00001eb248300,Zm00001eb248300:0.00250427,NA,NA,LOC_Os10g04890,LOC_Os10g04890:0.002278,NA,NA,NA,NA
93159at38820,2,Zm00001eb373100,Zm00001eb373100:0.000673961,NA,NA,NA,NA,HORVU.MOREX.r3.7HG0664030,HORVU.MOREX.r3.7HG0664030:0.00148635,NA,NA
93159at4447,2,Zm00001eb373100,Zm00001eb373100:0.000673961,NA,NA,NA,NA,HORVU.MOREX.r3.7HG0664030,HORVU.MOREX.r3.7HG0664030:0.00148635,NA,NA
94143at38820,2,Zm00001eb400520,Zm00001eb400520:0.00237242,NA,NA,LOC_Os03g02090,LOC_Os03g02090:0.00235007,NA,NA,NA,NA
94143at4447,2,Zm00001eb400520,Zm00001eb400520:0.00237242,NA,NA,LOC_Os03g02090,LOC_Os03g02090:0.00235007,NA,NA,NA,NA
9484at38820,2,Zm00001eb163260,Zm00001eb163260:0.00223847,SORBI_3005G003800,SORBI_3005G003800:6.86274e-05,NA,NA,NA,NA,NA,NA
9484at4447,2,Zm00001eb163260,Zm00001eb163260:0.00223847,SORBI_3005G003800,SORBI_3005G003800:6.86274e-05,NA,NA,NA,NA,NA,NA
95200at38820,2,Zm00001eb373090,Zm00001eb373090:0.000673961,NA,NA,NA,NA,HORVU.MOREX.r3.7HG0664050,HORVU.MOREX.r3.7HG0664050:0.00028443,NA,NA
95200at4447,2,Zm00001eb373090,Zm00001eb373090:0.000673961,NA,NA,NA,NA,HORVU.MOREX.r3.7HG0664050,HORVU.MOREX.r3.7HG0664050:0.00028443,NA,NA
95701at38820,2,Zm00001eb290310,Zm00001eb290310:0.000102904,SORBI_3003G341600,SORBI_3003G341600:9.25933e-06,NA,NA,NA,NA,NA,NA
95701at4447,2,Zm00001eb290310,Zm00001eb290310:0.000102904,SORBI_3003G341600,SORBI_3003G341600:9.25933e-06,NA,NA,NA,NA,NA,NA
95867at38820,2,Zm00001eb048020,Zm00001eb048020:0.0040254,NA,NA,NA,NA,HORVU.MOREX.r3.7HG0751250,HORVU.MOREX.r3.7HG0751250:1.76441e-05,NA,NA
95867at4447,2,Zm00001eb048020,Zm00001eb048020:0.0040254,NA,NA,NA,NA,HORVU.MOREX.r3.7HG0751250,HORVU.MOREX.r3.7HG0751250:1.76441e-05,NA,NA
96452at38820,2,Zm00001eb218250,Zm00001eb218250:0.000669997,NA,NA,NA,NA,HORVU.MOREX.r3.4HG0333170,HORVU.MOREX.r3.4HG0333170:0.00085545,NA,NA
96452at4447,2,Zm00001eb218250,Zm00001eb218250:0.000669997,NA,NA,NA,NA,HORVU.MOREX.r3.4HG0333170,HORVU.MOREX.r3.4HG0333170:0.00085545,NA,NA
96956at4447,2,NA,NA,SORBI_3001G333700,SORBI_3001G333700:5.51172e-05,NA,NA,HORVU.MOREX.r3.2HG0128270,HORVU.MOREX.r3.2HG0128270:0.000103808,NA,NA
97118at38820,2,Zm00001eb298660,Zm00001eb298660:0.00136798,NA,NA,LOC_Os12g05790,LOC_Os12g05790:0.000500804,NA,NA,NA,NA
97118at4447,2,Zm00001eb298660,Zm00001eb298660:0.00136798,NA,NA,LOC_Os12g05790,LOC_Os12g05790:0.000500804,NA,NA,NA,NA
