Orthogroup,Gene_count,Maize_gene,Maize_pvalue_max,Sorghum_gene,Sorghum_pvalue_max,Rice_gene,Rice_pvalue_max,Barley_gene,Barley_pvalue_max,Arabidopsis_gene,Arabidopsis_pvalue_max
159147at3193,4,Zm00001eb030420,Zm00001eb030420:0.00366205,SORBI_3003G420500,SORBI_3003G420500:0.00142607,NA,NA,HORVU.MOREX.r3.5HG0492640,HORVU.MOREX.r3.5HG0492640:0.00137982,AT5G57110,AT5G57110:6.81492e-05
168202at33090,4,Zm00001eb073810;Zm00001eb297760;Zm00001eb430920,Zm00001eb073810:0.000551296;Zm00001eb297760:0.00289775;Zm00001eb430920:5.34644e-05,SORBI_3009G003700,SORBI_3009G003700:0.00150383,NA,NA,HORVU.MOREX.r3.7HG0750280,HORVU.MOREX.r3.7HG0750280:0.000398377,AT5G43810,AT5G43810:0.00285681
179088at33090,4,Zm00001eb148270;Zm00001eb384970,Zm00001eb148270:0.00169845;Zm00001eb384970:0.00385041,SORBI_3005G005800,SORBI_3005G005800:0.000750357,NA,NA,HORVU.MOREX.r3.1HG0073500;HORVU.MOREX.r3.3HG0302440,HORVU.MOREX.r3.1HG0073500:0.000976668;HORVU.MOREX.r3.3HG0302440:0.000768285,AT4G39830;AT5G60020,AT4G39830:0.000458561;AT5G60020:0.00285563
220610at3193,4,Zm00001eb148270,Zm00001eb148270:0.00169845,SORBI_3005G005800,SORBI_3005G005800:0.000750357,NA,NA,HORVU.MOREX.r3.1HG0073500;HORVU.MOREX.r3.3HG0302440,HORVU.MOREX.r3.1HG0073500:0.000976668;HORVU.MOREX.r3.3HG0302440:0.000768285,AT5G60020,AT5G60020:0.00285563
2496771at2759,4,Zm00001eb092720;Zm00001eb196930,Zm00001eb092720:0.00364846;Zm00001eb196930:0.00315524,SORBI_3001G358200,SORBI_3001G358200:0.000203508,NA,NA,HORVU.MOREX.r3.6HG0557060,HORVU.MOREX.r3.6HG0557060:0.00141555,AT4G33050,AT4G33050:0.0026406
3402248at2759,4,Zm00001eb073810;Zm00001eb297760;Zm00001eb430920,Zm00001eb073810:0.000551296;Zm00001eb297760:0.00289775;Zm00001eb430920:5.34644e-05,SORBI_3009G003700,SORBI_3009G003700:0.00150383,NA,NA,HORVU.MOREX.r3.7HG0750280,HORVU.MOREX.r3.7HG0750280:0.000398377,AT5G43810,AT5G43810:0.00285681
434009at2759,4,Zm00001eb163690;Zm00001eb405560,Zm00001eb163690:0.0023268;Zm00001eb405560:0.0025034,SORBI_3003G331000,SORBI_3003G331000:0.00039433,LOC_Os11g01280,LOC_Os11g01280:0.000412626,HORVU.MOREX.r3.5HG0425710,HORVU.MOREX.r3.5HG0425710:0.00258768,NA,NA
4495752at2759,4,Zm00001eb148270;Zm00001eb384970,Zm00001eb148270:0.00169845;Zm00001eb384970:0.00385041,SORBI_3005G005800,SORBI_3005G005800:0.000750357,NA,NA,HORVU.MOREX.r3.1HG0073500;HORVU.MOREX.r3.3HG0302440,HORVU.MOREX.r3.1HG0073500:0.000976668;HORVU.MOREX.r3.3HG0302440:0.000768285,AT4G39830;AT5G60020,AT4G39830:0.000458561;AT5G60020:0.00285563
4590808at2759,4,Zm00001eb005530;Zm00001eb070480,Zm00001eb005530:0.000471393;Zm00001eb070480:0.00133031,SORBI_3006G218600,SORBI_3006G218600:0.000796112,NA,NA,HORVU.MOREX.r3.2HG0195300,HORVU.MOREX.r3.2HG0195300:0.00373406,AT1G14330,AT1G14330:0.00137347
4725244at2759,4,Zm00001eb014110,Zm00001eb014110:0.000627737,SORBI_3006G217300,SORBI_3006G217300:9.79558e-06,NA,NA,HORVU.MOREX.r3.2HG0195580,HORVU.MOREX.r3.2HG0195580:2.03174e-06,AT1G12780,AT1G12780:0.0023942
4755763at2759,4,Zm00001eb030420;Zm00001eb051470,Zm00001eb030420:0.00366205;Zm00001eb051470:0.00368272,SORBI_3003G420500,SORBI_3003G420500:0.00142607,NA,NA,HORVU.MOREX.r3.5HG0492640,HORVU.MOREX.r3.5HG0492640:0.00137982,AT5G57110,AT5G57110:6.81492e-05
4999782at2759,4,Zm00001eb125810,Zm00001eb125810:0.00136939,SORBI_3001G240100,SORBI_3001G240100:0.00043818,NA,NA,HORVU.MOREX.r3.4HG0387580,HORVU.MOREX.r3.4HG0387580:0.00360356,AT3G15350,AT3G15350:0.00292509
586126at3193,4,Zm00001eb005530;Zm00001eb070480,Zm00001eb005530:0.000471393;Zm00001eb070480:0.00133031,SORBI_3006G218600,SORBI_3006G218600:0.000796112,NA,NA,HORVU.MOREX.r3.2HG0195300,HORVU.MOREX.r3.2HG0195300:0.00373406,AT1G14330,AT1G14330:0.00137347
586126at33090,4,Zm00001eb005530;Zm00001eb070480,Zm00001eb005530:0.000471393;Zm00001eb070480:0.00133031,SORBI_3006G218600,SORBI_3006G218600:0.000796112,NA,NA,HORVU.MOREX.r3.2HG0195300,HORVU.MOREX.r3.2HG0195300:0.00373406,AT1G14330,AT1G14330:0.00137347
621821at33090,4,Zm00001eb125810,Zm00001eb125810:0.00136939,SORBI_3001G240100,SORBI_3001G240100:0.00043818,NA,NA,HORVU.MOREX.r3.4HG0387580,HORVU.MOREX.r3.4HG0387580:0.00360356,AT3G15350,AT3G15350:0.00292509
640662at2759,4,Zm00001eb043110;Zm00001eb067730;Zm00001eb068210;Zm00001eb207640;Zm00001eb251340;Zm00001eb281180;Zm00001eb330530,Zm00001eb043110:0.00343957;Zm00001eb067730:0.00134299;Zm00001eb068210:0.000141943;Zm00001eb207640:0.00230147;Zm00001eb251340:0.00164721;Zm00001eb281180:0.00139758;Zm00001eb330530:8.68319e-05,SORBI_3001G328100;SORBI_3010G161600;SORBI_3010G161700;SORBI_3010G161800,SORBI_3001G328100:0.0017545;SORBI_3010G161600:0.000988632;SORBI_3010G161700:0.000988632;SORBI_3010G161800:0.000988632,NA,NA,HORVU.MOREX.r3.2HG0112720;HORVU.MOREX.r3.7HG0667660,HORVU.MOREX.r3.2HG0112720:0.000279214;HORVU.MOREX.r3.7HG0667660:0.00361468,AT4G11290;AT4G37520,AT4G11290:0.00252662;AT4G37520:0.000182973
643341at2759,4,Zm00001eb032940;Zm00001eb059050;Zm00001eb066630;Zm00001eb222050;Zm00001eb303060;Zm00001eb362650;Zm00001eb378340;Zm00001eb402940;Zm00001eb403550,Zm00001eb032940:0.000781879;Zm00001eb059050:0.00404205;Zm00001eb066630:0.00187654;Zm00001eb222050:0.00017595;Zm00001eb303060:0.000383158;Zm00001eb362650:0.000857634;Zm00001eb378340:0.000668423;Zm00001eb402940:0.000833333;Zm00001eb403550:0.00136576,SORBI_3006G217900,SORBI_3006G217900:0.00133997,NA,NA,HORVU.MOREX.r3.1HG0041440,HORVU.MOREX.r3.1HG0041440:0.000111105,AT1G09970;AT2G26330,AT1G09970:0.00302556;AT2G26330:0.000520408
643341at33090,4,Zm00001eb032940;Zm00001eb059050;Zm00001eb066630;Zm00001eb222050;Zm00001eb303060;Zm00001eb378340;Zm00001eb402940;Zm00001eb403550,Zm00001eb032940:0.000781879;Zm00001eb059050:0.00404205;Zm00001eb066630:0.00187654;Zm00001eb222050:0.00017595;Zm00001eb303060:0.000383158;Zm00001eb378340:0.000668423;Zm00001eb402940:0.000833333;Zm00001eb403550:0.00136576,SORBI_3006G217900,SORBI_3006G217900:0.00133997,NA,NA,HORVU.MOREX.r3.1HG0041440,HORVU.MOREX.r3.1HG0041440:0.000111105,AT1G09970;AT2G26330,AT1G09970:0.00302556;AT2G26330:0.000520408
648775at3193,4,Zm00001eb073810,Zm00001eb073810:0.000551296,SORBI_3009G003700,SORBI_3009G003700:0.00150383,NA,NA,HORVU.MOREX.r3.7HG0750280,HORVU.MOREX.r3.7HG0750280:0.000398377,AT5G43810,AT5G43810:0.00285681
650895at3193,4,Zm00001eb331410;Zm00001eb392700,Zm00001eb331410:0.00181458;Zm00001eb392700:0.000139344,SORBI_3001G399300,SORBI_3001G399300:0.0010307,NA,NA,HORVU.MOREX.r3.2HG0109530,HORVU.MOREX.r3.2HG0109530:0.00261971,AT1G68410,AT1G68410:0.00175368
650970at2759,4,Zm00001eb011650;Zm00001eb070460,Zm00001eb011650:0.0037058;Zm00001eb070460:0.00133031,SORBI_3002G274600;SORBI_3006G218700;SORBI_3007G071100,SORBI_3002G274600:0.00143885;SORBI_3006G218700:0.000796112;SORBI_3007G071100:0.00184573,NA,NA,HORVU.MOREX.r3.2HG0195290,HORVU.MOREX.r3.2HG0195290:0.00373406,AT1G52540,AT1G52540:0.00216649
662901at3193,4,NA,NA,SORBI_3002G214200,SORBI_3002G214200:6.82208e-05,LOC_Os09g04380,LOC_Os09g04380:2.59673e-05,HORVU.MOREX.r3.4HG0414140,HORVU.MOREX.r3.4HG0414140:0.000121663,AT1G64060,AT1G64060:0.0024218
756860at33090,4,Zm00001eb014110,Zm00001eb014110:0.000627737,SORBI_3006G217300,SORBI_3006G217300:9.79558e-06,NA,NA,HORVU.MOREX.r3.2HG0195580,HORVU.MOREX.r3.2HG0195580:2.03174e-06,AT1G12780,AT1G12780:0.0023942
770138at33090,4,Zm00001eb092720;Zm00001eb196930,Zm00001eb092720:0.00364846;Zm00001eb196930:0.00315524,SORBI_3001G358200,SORBI_3001G358200:0.000203508,NA,NA,HORVU.MOREX.r3.6HG0557060,HORVU.MOREX.r3.6HG0557060:0.00141555,AT4G33050,AT4G33050:0.0026406
787554at2759,4,Zm00001eb043750;Zm00001eb110250;Zm00001eb117300;Zm00001eb150340;Zm00001eb190570;Zm00001eb227950;Zm00001eb322620;Zm00001eb328990,Zm00001eb043750:0.00307894;Zm00001eb110250:0.00282109;Zm00001eb117300:0.00261132;Zm00001eb150340:0.000218707;Zm00001eb190570:0.000671509;Zm00001eb227950:0.000677347;Zm00001eb322620:0.00261412;Zm00001eb328990:1.6868e-05,SORBI_3001G045000;SORBI_3001G063300;SORBI_3009G249000,SORBI_3001G045000:0.00149462;SORBI_3001G063300:0.00135813;SORBI_3009G249000:0.00164308,NA,NA,HORVU.MOREX.r3.1HG0092880,HORVU.MOREX.r3.1HG0092880:0.000452758,AT5G66210,AT5G66210:0.000209512
787554at33090,4,Zm00001eb117300;Zm00001eb150340;Zm00001eb190570;Zm00001eb322620,Zm00001eb117300:0.00261132;Zm00001eb150340:0.000218707;Zm00001eb190570:0.000671509;Zm00001eb322620:0.00261412,SORBI_3001G045000;SORBI_3001G063300;SORBI_3009G249000,SORBI_3001G045000:0.00149462;SORBI_3001G063300:0.00135813;SORBI_3009G249000:0.00164308,NA,NA,HORVU.MOREX.r3.1HG0092880,HORVU.MOREX.r3.1HG0092880:0.000452758,AT5G66210,AT5G66210:0.000209512
787791at33090,4,Zm00001eb030420;Zm00001eb051470,Zm00001eb030420:0.00366205;Zm00001eb051470:0.00368272,SORBI_3003G420500,SORBI_3003G420500:0.00142607,NA,NA,HORVU.MOREX.r3.5HG0492640,HORVU.MOREX.r3.5HG0492640:0.00137982,AT5G57110,AT5G57110:6.81492e-05
792806at2759,4,NA,NA,SORBI_3002G214200,SORBI_3002G214200:6.82208e-05,LOC_Os09g04380,LOC_Os09g04380:2.59673e-05,HORVU.MOREX.r3.4HG0414140,HORVU.MOREX.r3.4HG0414140:0.000121663,AT1G64060,AT1G64060:0.0024218
792806at33090,4,NA,NA,SORBI_3002G214200,SORBI_3002G214200:6.82208e-05,LOC_Os09g04380,LOC_Os09g04380:2.59673e-05,HORVU.MOREX.r3.4HG0414140,HORVU.MOREX.r3.4HG0414140:0.000121663,AT1G64060,AT1G64060:0.0024218
794577at2759,4,Zm00001eb331410;Zm00001eb392700,Zm00001eb331410:0.00181458;Zm00001eb392700:0.000139344,SORBI_3001G399300,SORBI_3001G399300:0.0010307,NA,NA,HORVU.MOREX.r3.2HG0109530,HORVU.MOREX.r3.2HG0109530:0.00261971,AT1G68410,AT1G68410:0.00175368
794577at33090,4,Zm00001eb331410;Zm00001eb392700,Zm00001eb331410:0.00181458;Zm00001eb392700:0.000139344,SORBI_3001G399300,SORBI_3001G399300:0.0010307,NA,NA,HORVU.MOREX.r3.2HG0109530,HORVU.MOREX.r3.2HG0109530:0.00261971,AT1G68410,AT1G68410:0.00175368
104329at38820,3,Zm00001eb149160;Zm00001eb290140,Zm00001eb149160:0.000344907;Zm00001eb290140:0.00200443,SORBI_3009G170700,SORBI_3009G170700:0.000598235,LOC_Os05g04730,LOC_Os05g04730:1.90462e-05,NA,NA,NA,NA
104329at4447,3,Zm00001eb149160;Zm00001eb290140,Zm00001eb149160:0.000344907;Zm00001eb290140:0.00200443,SORBI_3009G170700,SORBI_3009G170700:0.000598235,LOC_Os05g04730,LOC_Os05g04730:1.90462e-05,NA,NA,NA,NA
105955at2759,3,Zm00001eb149170;Zm00001eb152320;Zm00001eb364390,Zm00001eb149170:0.000344907;Zm00001eb152320:0.0014356;Zm00001eb364390:0.00136243,SORBI_3003G305400,SORBI_3003G305400:0.000734903,NA,NA,HORVU.MOREX.r3.3HG0310660,HORVU.MOREX.r3.3HG0310660:0.00302728,NA,NA
105955at33090,3,Zm00001eb149170;Zm00001eb152320;Zm00001eb364390,Zm00001eb149170:0.000344907;Zm00001eb152320:0.0014356;Zm00001eb364390:0.00136243,SORBI_3003G305400,SORBI_3003G305400:0.000734903,NA,NA,HORVU.MOREX.r3.3HG0310660,HORVU.MOREX.r3.3HG0310660:0.00302728,NA,NA
110816at2759,3,Zm00001eb355170;Zm00001eb404540,Zm00001eb355170:0.00206251;Zm00001eb404540:0.00182248,NA,NA,NA,NA,HORVU.MOREX.r3.5HG0515880,HORVU.MOREX.r3.5HG0515880:0.00208738,AT2G23810,AT2G23810:0.00291447
110816at33090,3,Zm00001eb355170;Zm00001eb404540,Zm00001eb355170:0.00206251;Zm00001eb404540:0.00182248,NA,NA,NA,NA,HORVU.MOREX.r3.5HG0515880,HORVU.MOREX.r3.5HG0515880:0.00208738,AT2G23810,AT2G23810:0.00291447
11497at38820,3,Zm00001eb141920,Zm00001eb141920:0.00189835,SORBI_3003G418700,SORBI_3003G418700:8.16477e-07,NA,NA,HORVU.MOREX.r3.3HG0314780,HORVU.MOREX.r3.3HG0314780:3.95123e-05,NA,NA
11497at4447,3,Zm00001eb141920,Zm00001eb141920:0.00189835,SORBI_3003G418700,SORBI_3003G418700:8.16477e-07,NA,NA,HORVU.MOREX.r3.3HG0314780,HORVU.MOREX.r3.3HG0314780:3.95123e-05,NA,NA
132787at33090,3,Zm00001eb241950;Zm00001eb402510,Zm00001eb241950:0.00228264;Zm00001eb402510:0.0012134,NA,NA,NA,NA,HORVU.MOREX.r3.2HG0107690,HORVU.MOREX.r3.2HG0107690:0.000154073,AT1G20650,AT1G20650:0.000920229
14659at38820,3,Zm00001eb014110,Zm00001eb014110:0.000627737,SORBI_3006G217300,SORBI_3006G217300:9.79558e-06,NA,NA,HORVU.MOREX.r3.2HG0195580,HORVU.MOREX.r3.2HG0195580:2.03174e-06,NA,NA
14659at4447,3,Zm00001eb014110,Zm00001eb014110:0.000627737,SORBI_3006G217300,SORBI_3006G217300:9.79558e-06,NA,NA,HORVU.MOREX.r3.2HG0195580,HORVU.MOREX.r3.2HG0195580:2.03174e-06,NA,NA
153063at2759,3,Zm00001eb152350,Zm00001eb152350:0.00204686,SORBI_3003G305000,SORBI_3003G305000:0.000734903,NA,NA,HORVU.MOREX.r3.1HG0077830;HORVU.MOREX.r3.3HG0290910,HORVU.MOREX.r3.1HG0077830:0.000359283;HORVU.MOREX.r3.3HG0290910:0.00029284,NA,NA
153063at3193,3,Zm00001eb152350,Zm00001eb152350:0.00204686,SORBI_3003G305000,SORBI_3003G305000:0.000734903,NA,NA,HORVU.MOREX.r3.1HG0077830;HORVU.MOREX.r3.3HG0290910,HORVU.MOREX.r3.1HG0077830:0.000359283;HORVU.MOREX.r3.3HG0290910:0.00029284,NA,NA
153063at33090,3,Zm00001eb152350,Zm00001eb152350:0.00204686,SORBI_3003G305000,SORBI_3003G305000:0.000734903,NA,NA,HORVU.MOREX.r3.1HG0077830;HORVU.MOREX.r3.3HG0290910,HORVU.MOREX.r3.1HG0077830:0.000359283;HORVU.MOREX.r3.3HG0290910:0.00029284,NA,NA
15502at2759,3,Zm00001eb260690,Zm00001eb260690:0.00135117,NA,NA,NA,NA,HORVU.MOREX.r3.7HG0748730,HORVU.MOREX.r3.7HG0748730:0.000703485,AT1G71691,AT1G71691:0.0010556
158457at33090,3,Zm00001eb062910,Zm00001eb062910:0.00159464,SORBI_3009G003800,SORBI_3009G003800:0.00150383,NA,NA,NA,NA,AT1G06400;AT1G16920,AT1G06400:0.000985887;AT1G16920:0.00110458
159655at33090,3,Zm00001eb074600,Zm00001eb074600:0.00171281,SORBI_3006G171400,SORBI_3006G171400:0.00145285,NA,NA,NA,NA,AT3G21870,AT3G21870:9.98811e-05
1748at3193,3,Zm00001eb322470,Zm00001eb322470:0.00386783,NA,NA,NA,NA,HORVU.MOREX.r3.7HG0734670,HORVU.MOREX.r3.7HG0734670:0.000949151,AT1G76160,AT1G76160:0.00214103
1748at33090,3,Zm00001eb322470,Zm00001eb322470:0.00386783,NA,NA,NA,NA,HORVU.MOREX.r3.7HG0734670,HORVU.MOREX.r3.7HG0734670:0.000949151,AT1G76160,AT1G76160:0.00214103
2042608at2759,3,Zm00001eb024870;Zm00001eb211960,Zm00001eb024870:0.00255431;Zm00001eb211960:0.000200446,NA,NA,NA,NA,HORVU.MOREX.r3.3HG0222580;HORVU.MOREX.r3.5HG0491590,HORVU.MOREX.r3.3HG0222580:0.00149405;HORVU.MOREX.r3.5HG0491590:0.000686254,AT2G33590,AT2G33590:0.00158993
20618at38820,3,Zm00001eb070460,Zm00001eb070460:0.00133031,SORBI_3006G218700;SORBI_3007G071100,SORBI_3006G218700:0.000796112;SORBI_3007G071100:0.00184573,NA,NA,HORVU.MOREX.r3.2HG0195290,HORVU.MOREX.r3.2HG0195290:0.00373406,NA,NA
20618at4447,3,Zm00001eb070460,Zm00001eb070460:0.00133031,SORBI_3006G218700;SORBI_3007G071100,SORBI_3006G218700:0.000796112;SORBI_3007G071100:0.00184573,NA,NA,HORVU.MOREX.r3.2HG0195290,HORVU.MOREX.r3.2HG0195290:0.00373406,NA,NA
217161at33090,3,Zm00001eb067520;Zm00001eb288430;Zm00001eb396090,Zm00001eb067520:0.00325747;Zm00001eb288430:0.00146728;Zm00001eb396090:0.00392146,SORBI_3005G034100,SORBI_3005G034100:0.000134383,NA,NA,NA,NA,AT3G12060,AT3G12060:0.00110294
2174516at2759,3,Zm00001eb003230;Zm00001eb009080;Zm00001eb045340;Zm00001eb406670,Zm00001eb003230:0.00131562;Zm00001eb009080:0.000931189;Zm00001eb045340:0.00101523;Zm00001eb406670:0.00052465,SORBI_3003G427500;SORBI_3008G015000,SORBI_3003G427500:3.30768e-05;SORBI_3008G015000:0.000929975,NA,NA,NA,NA,AT5G58860,AT5G58860:0.00299706
234723at3193,3,Zm00001eb192000,Zm00001eb192000:0.00224841,NA,NA,NA,NA,HORVU.MOREX.r3.6HG0627070,HORVU.MOREX.r3.6HG0627070:0.0022133,AT5G54390,AT5G54390:0.0025032
235323at2759,3,Zm00001eb162210;Zm00001eb356840,Zm00001eb162210:0.00384582;Zm00001eb356840:0.000955724,SORBI_3003G190100;SORBI_3006G161300,SORBI_3003G190100:0.0014826;SORBI_3006G161300:2.93e-05,NA,NA,HORVU.MOREX.r3.2HG0184580;HORVU.MOREX.r3.2HG0184590,HORVU.MOREX.r3.2HG0184580:0.00317996;HORVU.MOREX.r3.2HG0184590:0.00317996,NA,NA
24617at38820,3,Zm00001eb119580,Zm00001eb119580:0.00143404,SORBI_3003G013100,SORBI_3003G013100:0.00183456,NA,NA,HORVU.MOREX.r3.2HG0098810,HORVU.MOREX.r3.2HG0098810:0.00233265,NA,NA
24617at4447,3,Zm00001eb119580,Zm00001eb119580:0.00143404,SORBI_3003G013100,SORBI_3003G013100:0.00183456,NA,NA,HORVU.MOREX.r3.2HG0098810,HORVU.MOREX.r3.2HG0098810:0.00233265,NA,NA
26215at38820,3,Zm00001eb150140,Zm00001eb150140:0.00309438,SORBI_3003G331100,SORBI_3003G331100:0.00039433,LOC_Os01g08120,LOC_Os01g08120:8.02919e-05,NA,NA,NA,NA
26215at4447,3,Zm00001eb150140,Zm00001eb150140:0.00309438,SORBI_3003G331100,SORBI_3003G331100:0.00039433,LOC_Os01g08120,LOC_Os01g08120:8.02919e-05,NA,NA,NA,NA
2690913at2759,3,Zm00001eb067520;Zm00001eb230090;Zm00001eb288430;Zm00001eb396090,Zm00001eb067520:0.00325747;Zm00001eb230090:0.000255859;Zm00001eb288430:0.00146728;Zm00001eb396090:0.00392146,SORBI_3005G034100;SORBI_3010G152000,SORBI_3005G034100:0.000134383;SORBI_3010G152000:0.000829948,NA,NA,NA,NA,AT3G12060,AT3G12060:0.00110294
279037at3193,3,NA,NA,SORBI_3003G420100,SORBI_3003G420100:0.00142607,NA,NA,HORVU.MOREX.r3.3HG0316870,HORVU.MOREX.r3.3HG0316870:0.00156843,AT4G03110,AT4G03110:0.00241181
281993at2759,3,Zm00001eb051830,Zm00001eb051830:0.000960793,NA,NA,NA,NA,HORVU.MOREX.r3.4HG0334450,HORVU.MOREX.r3.4HG0334450:0.00191175,AT3G09880,AT3G09880:0.0017568
284007at2759,3,Zm00001eb192000,Zm00001eb192000:0.00224841,NA,NA,NA,NA,HORVU.MOREX.r3.6HG0627070,HORVU.MOREX.r3.6HG0627070:0.0022133,AT5G54390,AT5G54390:0.0025032
284007at33090,3,Zm00001eb192000,Zm00001eb192000:0.00224841,NA,NA,NA,NA,HORVU.MOREX.r3.6HG0627070,HORVU.MOREX.r3.6HG0627070:0.0022133,AT5G54390,AT5G54390:0.0025032
28620at38820,3,Zm00001eb331410,Zm00001eb331410:0.00181458,SORBI_3001G399300,SORBI_3001G399300:0.0010307,NA,NA,HORVU.MOREX.r3.2HG0109530,HORVU.MOREX.r3.2HG0109530:0.00261971,NA,NA
28620at4447,3,Zm00001eb331410,Zm00001eb331410:0.00181458,SORBI_3001G399300,SORBI_3001G399300:0.0010307,NA,NA,HORVU.MOREX.r3.2HG0109530,HORVU.MOREX.r3.2HG0109530:0.00261971,NA,NA
301827at2759,3,Zm00001eb280720,Zm00001eb280720:0.00150185,SORBI_3004G247300;SORBI_3006G161200,SORBI_3004G247300:0.00188616;SORBI_3006G161200:2.93e-05,NA,NA,HORVU.MOREX.r3.2HG0184560,HORVU.MOREX.r3.2HG0184560:0.000733735,NA,NA
301827at3193,3,Zm00001eb280720,Zm00001eb280720:0.00150185,SORBI_3004G247300;SORBI_3006G161200,SORBI_3004G247300:0.00188616;SORBI_3006G161200:2.93e-05,NA,NA,HORVU.MOREX.r3.2HG0184560,HORVU.MOREX.r3.2HG0184560:0.000733735,NA,NA
301827at33090,3,Zm00001eb280720,Zm00001eb280720:0.00150185,SORBI_3004G247300;SORBI_3006G161200,SORBI_3004G247300:0.00188616;SORBI_3006G161200:2.93e-05,NA,NA,HORVU.MOREX.r3.2HG0184560,HORVU.MOREX.r3.2HG0184560:0.000733735,NA,NA
303819at3193,3,Zm00001eb195880;Zm00001eb255130,Zm00001eb195880:0.00221352;Zm00001eb255130:0.00190593,NA,NA,NA,NA,HORVU.MOREX.r3.4HG0333450,HORVU.MOREX.r3.4HG0333450:0.00237494,AT2G37440,AT2G37440:0.00286777
3124789at2759,3,NA,NA,SORBI_3003G420100,SORBI_3003G420100:0.00142607,NA,NA,HORVU.MOREX.r3.3HG0316870,HORVU.MOREX.r3.3HG0316870:0.00156843,AT4G03110,AT4G03110:0.00241181
35153at2759,3,Zm00001eb062910,Zm00001eb062910:0.00159464,SORBI_3009G003800,SORBI_3009G003800:0.00150383,NA,NA,NA,NA,AT1G06400;AT1G16920,AT1G06400:0.000985887;AT1G16920:0.00110458
3557at38820,3,Zm00001eb070480,Zm00001eb070480:0.00133031,SORBI_3006G218600,SORBI_3006G218600:0.000796112,NA,NA,HORVU.MOREX.r3.2HG0195300,HORVU.MOREX.r3.2HG0195300:0.00373406,NA,NA
3557at4447,3,Zm00001eb070480,Zm00001eb070480:0.00133031,SORBI_3006G218600,SORBI_3006G218600:0.000796112,NA,NA,HORVU.MOREX.r3.2HG0195300,HORVU.MOREX.r3.2HG0195300:0.00373406,NA,NA
370918at3193,3,Zm00001eb014110,Zm00001eb014110:0.000627737,SORBI_3006G217300,SORBI_3006G217300:9.79558e-06,NA,NA,HORVU.MOREX.r3.2HG0195580,HORVU.MOREX.r3.2HG0195580:2.03174e-06,NA,NA
381908at2759,3,Zm00001eb065120;Zm00001eb275510,Zm00001eb065120:0.00356044;Zm00001eb275510:0.00141861,NA,NA,NA,NA,HORVU.MOREX.r3.7HG0650330;HORVU.MOREX.r3.7HG0650650;HORVU.MOREX.r3.7HG0650710;HORVU.MOREX.r3.7HG0650790,HORVU.MOREX.r3.7HG0650330:0.000906383;HORVU.MOREX.r3.7HG0650650:0.000149069;HORVU.MOREX.r3.7HG0650710:9.99256e-06;HORVU.MOREX.r3.7HG0650790:9.99256e-06,AT2G30310,AT2G30310:0.00181417
39001at38820,3,Zm00001eb152350,Zm00001eb152350:0.00204686,SORBI_3003G305000,SORBI_3003G305000:0.000734903,NA,NA,HORVU.MOREX.r3.1HG0077830;HORVU.MOREX.r3.3HG0290910,HORVU.MOREX.r3.1HG0077830:0.000359283;HORVU.MOREX.r3.3HG0290910:0.00029284,NA,NA
39001at4447,3,Zm00001eb152350,Zm00001eb152350:0.00204686,SORBI_3003G305000,SORBI_3003G305000:0.000734903,NA,NA,HORVU.MOREX.r3.1HG0077830;HORVU.MOREX.r3.3HG0290910,HORVU.MOREX.r3.1HG0077830:0.000359283;HORVU.MOREX.r3.3HG0290910:0.00029284,NA,NA
393430at2759,3,Zm00001eb124920;Zm00001eb335470,Zm00001eb124920:8.42664e-05;Zm00001eb335470:0.000181297,NA,NA,NA,NA,HORVU.MOREX.r3.3HG0226150,HORVU.MOREX.r3.3HG0226150:0.000417083,AT1G25390,AT1G25390:0.00329683
393430at3193,3,Zm00001eb124920;Zm00001eb335470,Zm00001eb124920:8.42664e-05;Zm00001eb335470:0.000181297,NA,NA,NA,NA,HORVU.MOREX.r3.3HG0226150,HORVU.MOREX.r3.3HG0226150:0.000417083,AT1G25390,AT1G25390:0.00329683
393430at33090,3,Zm00001eb124920;Zm00001eb335470,Zm00001eb124920:8.42664e-05;Zm00001eb335470:0.000181297,NA,NA,NA,NA,HORVU.MOREX.r3.3HG0226150,HORVU.MOREX.r3.3HG0226150:0.000417083,AT1G25390,AT1G25390:0.00329683
4098531at2759,3,Zm00001eb028680,Zm00001eb028680:0.00342772,SORBI_3009G064200,SORBI_3009G064200:0.000483266,NA,NA,NA,NA,AT4G32510,AT4G32510:0.002317
43813at33090,3,Zm00001eb042260;Zm00001eb109730,Zm00001eb042260:0.00291289;Zm00001eb109730:0.00331338,SORBI_3002G381500,SORBI_3002G381500:0.00190958,NA,NA,NA,NA,AT1G78090,AT1G78090:0.00259186
464974at2759,3,Zm00001eb006350;Zm00001eb147590,Zm00001eb006350:0.00237498;Zm00001eb147590:0.00392065,NA,NA,NA,NA,HORVU.MOREX.r3.4HG0405920,HORVU.MOREX.r3.4HG0405920:4.5889e-05,AT5G18480,AT5G18480:6.80928e-05
4750521at2759,3,Zm00001eb170150,Zm00001eb170150:0.0031759,NA,NA,NA,NA,HORVU.MOREX.r3.1HG0010640,HORVU.MOREX.r3.1HG0010640:0.00299097,AT5G50800,AT5G50800:0.000243502
4805980at2759,3,Zm00001eb084910;Zm00001eb113170;Zm00001eb329580,Zm00001eb084910:0.00119235;Zm00001eb113170:0.00139266;Zm00001eb329580:0.00105303,SORBI_3002G229100;SORBI_3006G058000,SORBI_3002G229100:0.000482335;SORBI_3006G058000:0.000199979,NA,NA,HORVU.MOREX.r3.6HG0623790,HORVU.MOREX.r3.6HG0623790:4.97826e-06,NA,NA
4833872at2759,3,Zm00001eb241950;Zm00001eb402510,Zm00001eb241950:0.00228264;Zm00001eb402510:0.0012134,NA,NA,NA,NA,HORVU.MOREX.r3.2HG0107690,HORVU.MOREX.r3.2HG0107690:0.000154073,AT1G20650,AT1G20650:0.000920229
4848938at2759,3,Zm00001eb250590,Zm00001eb250590:0.00263749,NA,NA,LOC_Os02g45520,LOC_Os02g45520:6.43309e-06,NA,NA,AT4G22990,AT4G22990:0.00223309
4852307at2759,3,Zm00001eb144910,Zm00001eb144910:0.00162657,NA,NA,NA,NA,HORVU.MOREX.r3.1HG0084010,HORVU.MOREX.r3.1HG0084010:0.0021105,AT5G51830,AT5G51830:0.000554403
4925430at2759,3,Zm00001eb001940;Zm00001eb016180;Zm00001eb292760;Zm00001eb312910;Zm00001eb403620;Zm00001eb406290,Zm00001eb001940:3.22776e-05;Zm00001eb016180:0.00153253;Zm00001eb292760:0.00256016;Zm00001eb312910:0.00268909;Zm00001eb403620:0.00118981;Zm00001eb406290:0.000479805,NA,NA,NA,NA,HORVU.MOREX.r3.2HG0112410,HORVU.MOREX.r3.2HG0112410:0.000835743,AT4G24400,AT4G24400:0.000456526
4927339at2759,3,Zm00001eb074600,Zm00001eb074600:0.00171281,SORBI_3006G171400,SORBI_3006G171400:0.00145285,NA,NA,NA,NA,AT3G21870,AT3G21870:9.98811e-05
4935827at2759,3,Zm00001eb036890,Zm00001eb036890:0.000889695,NA,NA,NA,NA,HORVU.MOREX.r3.3HG0257840,HORVU.MOREX.r3.3HG0257840:0.00174508,AT3G56930,AT3G56930:0.000690379
4947690at2759,3,Zm00001eb004420;Zm00001eb403260,Zm00001eb004420:0.00255687;Zm00001eb403260:0.000357101,SORBI_3001G090500,SORBI_3001G090500:0.00181971,LOC_Os03g07480,LOC_Os03g07480:0.000378547,NA,NA,NA,NA
495155at3193,3,Zm00001eb022740,Zm00001eb022740:4.32643e-05,SORBI_3001G308400,SORBI_3001G308400:0.00128285,NA,NA,NA,NA,AT2G27900,AT2G27900:0.00304825
495155at33090,3,Zm00001eb022740,Zm00001eb022740:4.32643e-05,SORBI_3001G308400,SORBI_3001G308400:0.00128285,NA,NA,NA,NA,AT2G27900,AT2G27900:0.00304825
4971873at2759,3,Zm00001eb146740,Zm00001eb146740:0.000699217,SORBI_3003G367800,SORBI_3003G367800:0.00136049,NA,NA,HORVU.MOREX.r3.7HG0649640,HORVU.MOREX.r3.7HG0649640:0.00328974,NA,NA
4971880at2759,3,Zm00001eb154050,Zm00001eb154050:0.00117844,SORBI_3007G088000,SORBI_3007G088000:3.97054e-07,NA,NA,HORVU.MOREX.r3.2HG0203360,HORVU.MOREX.r3.2HG0203360:0.00159706,NA,NA
4988228at2759,3,Zm00001eb403780,Zm00001eb403780:3.04411e-05,NA,NA,NA,NA,HORVU.MOREX.r3.3HG0316960,HORVU.MOREX.r3.3HG0316960:0.00349648,AT3G12390,AT3G12390:0.00297997
499238at33090,3,Zm00001eb028680,Zm00001eb028680:0.00342772,SORBI_3009G064200,SORBI_3009G064200:0.000483266,NA,NA,NA,NA,AT4G32510,AT4G32510:0.002317
5000721at2759,3,Zm00001eb042260;Zm00001eb109730,Zm00001eb042260:0.00291289;Zm00001eb109730:0.00331338,SORBI_3002G381500,SORBI_3002G381500:0.00190958,NA,NA,NA,NA,AT1G78090,AT1G78090:0.00259186
5002173at2759,3,Zm00001eb057180,Zm00001eb057180:0.000428977,SORBI_3001G090100,SORBI_3001G090100:0.00181971,NA,NA,NA,NA,AT2G17530,AT2G17530:0.000785034
5002350at2759,3,Zm00001eb066520,Zm00001eb066520:0.000510269,SORBI_3007G090200,SORBI_3007G090200:3.00043e-05,NA,NA,HORVU.MOREX.r3.5HG0485500,HORVU.MOREX.r3.5HG0485500:0.00240865,NA,NA
5014204at2759,3,Zm00001eb063410,Zm00001eb063410:0.00298022,SORBI_3001G402200,SORBI_3001G402200:0.000778448,NA,NA,HORVU.MOREX.r3.1HG0006440;HORVU.MOREX.r3.2HG0109140;HORVU.MOREX.r3.2HG0109150,HORVU.MOREX.r3.1HG0006440:0.00124339;HORVU.MOREX.r3.2HG0109140:0.00284499;HORVU.MOREX.r3.2HG0109150:0.00284499,NA,NA
5015019at2759,3,Zm00001eb160380,Zm00001eb160380:0.000543299,SORBI_3003G179700;SORBI_3003G374100,SORBI_3003G179700:0.00135287;SORBI_3003G374100:0.00122928,NA,NA,NA,NA,AT5G63810,AT5G63810:0.00286222
5015166at2759,3,Zm00001eb255600,Zm00001eb255600:0.000393047,SORBI_3010G219500,SORBI_3010G219500:0.00178924,NA,NA,NA,NA,AT5G64350,AT5G64350:0.00111246
5016622at2759,3,Zm00001eb022740,Zm00001eb022740:4.32643e-05,SORBI_3001G308400,SORBI_3001G308400:0.00128285,NA,NA,NA,NA,AT2G27900,AT2G27900:0.00304825
5016903at2759,3,Zm00001eb054090,Zm00001eb054090:0.000229601,NA,NA,NA,NA,HORVU.MOREX.r3.4HG0335830,HORVU.MOREX.r3.4HG0335830:0.00301251,AT5G19820,AT5G19820:0.000544943
5017335at2759,3,Zm00001eb056220,Zm00001eb056220:0.0038433,NA,NA,NA,NA,HORVU.MOREX.r3.4HG0339720,HORVU.MOREX.r3.4HG0339720:9.23193e-05,AT5G42620,AT5G42620:0.00286779
516269at2759,3,Zm00001eb260190;Zm00001eb281030,Zm00001eb260190:0.00261239;Zm00001eb281030:0.0019683,NA,NA,NA,NA,HORVU.MOREX.r3.6HG0610980,HORVU.MOREX.r3.6HG0610980:0.00270281,AT1G06890,AT1G06890:0.00120491
524414at2759,3,Zm00001eb187150;Zm00001eb255340;Zm00001eb272480;Zm00001eb428660,Zm00001eb187150:0.000506302;Zm00001eb255340:0.00273426;Zm00001eb272480:0.00170721;Zm00001eb428660:0.00069196,SORBI_3003G379600,SORBI_3003G379600:0.000785085,NA,NA,HORVU.MOREX.r3.5HG0513910,HORVU.MOREX.r3.5HG0513910:0.00339146,NA,NA
530447at33090,3,Zm00001eb144910,Zm00001eb144910:0.00162657,NA,NA,NA,NA,HORVU.MOREX.r3.1HG0084010,HORVU.MOREX.r3.1HG0084010:0.0021105,AT5G51830,AT5G51830:0.000554403
534428at2759,3,Zm00001eb302320,Zm00001eb302320:8.98155e-05,NA,NA,NA,NA,HORVU.MOREX.r3.7HG0657420,HORVU.MOREX.r3.7HG0657420:0.00358216,AT4G38040,AT4G38040:0.00196163
557225at33090,3,Zm00001eb001940;Zm00001eb016180;Zm00001eb292760;Zm00001eb312910;Zm00001eb403620;Zm00001eb406290,Zm00001eb001940:3.22776e-05;Zm00001eb016180:0.00153253;Zm00001eb292760:0.00256016;Zm00001eb312910:0.00268909;Zm00001eb403620:0.00118981;Zm00001eb406290:0.000479805,NA,NA,NA,NA,HORVU.MOREX.r3.2HG0112410,HORVU.MOREX.r3.2HG0112410:0.000835743,AT4G24400,AT4G24400:0.000456526
58029at33090,3,Zm00001eb057180,Zm00001eb057180:0.000428977,SORBI_3001G090100,SORBI_3001G090100:0.00181971,NA,NA,NA,NA,AT2G17530,AT2G17530:0.000785034
584753at2759,3,Zm00001eb149810;Zm00001eb288360,Zm00001eb149810:0.0014564;Zm00001eb288360:0.00357394,SORBI_3003G379700,SORBI_3003G379700:0.000134807,NA,NA,NA,NA,AT1G77450,AT1G77450:0.00153886
584753at3193,3,Zm00001eb149810;Zm00001eb288360,Zm00001eb149810:0.0014564;Zm00001eb288360:0.00357394,SORBI_3003G379700,SORBI_3003G379700:0.000134807,NA,NA,NA,NA,AT1G77450,AT1G77450:0.00153886
584753at33090,3,Zm00001eb149810;Zm00001eb288360,Zm00001eb149810:0.0014564;Zm00001eb288360:0.00357394,SORBI_3003G379700,SORBI_3003G379700:0.000134807,NA,NA,NA,NA,AT1G77450,AT1G77450:0.00153886
585073at3193,3,Zm00001eb056220,Zm00001eb056220:0.0038433,NA,NA,NA,NA,HORVU.MOREX.r3.4HG0339720,HORVU.MOREX.r3.4HG0339720:9.23193e-05,AT5G42620,AT5G42620:0.00286779
585262at33090,3,Zm00001eb065120;Zm00001eb275510,Zm00001eb065120:0.00356044;Zm00001eb275510:0.00141861,NA,NA,NA,NA,HORVU.MOREX.r3.7HG0650330;HORVU.MOREX.r3.7HG0650650;HORVU.MOREX.r3.7HG0650710;HORVU.MOREX.r3.7HG0650790,HORVU.MOREX.r3.7HG0650330:0.000906383;HORVU.MOREX.r3.7HG0650650:0.000149069;HORVU.MOREX.r3.7HG0650710:9.99256e-06;HORVU.MOREX.r3.7HG0650790:9.99256e-06,AT2G30310,AT2G30310:0.00181417
586569at3193,3,Zm00001eb162210;Zm00001eb356840,Zm00001eb162210:0.00384582;Zm00001eb356840:0.000955724,SORBI_3003G190100;SORBI_3006G161300,SORBI_3003G190100:0.0014826;SORBI_3006G161300:2.93e-05,NA,NA,HORVU.MOREX.r3.2HG0184580;HORVU.MOREX.r3.2HG0184590,HORVU.MOREX.r3.2HG0184580:0.00317996;HORVU.MOREX.r3.2HG0184590:0.00317996,NA,NA
586569at33090,3,Zm00001eb162210;Zm00001eb356840,Zm00001eb162210:0.00384582;Zm00001eb356840:0.000955724,SORBI_3003G190100;SORBI_3006G161300,SORBI_3003G190100:0.0014826;SORBI_3006G161300:2.93e-05,NA,NA,HORVU.MOREX.r3.2HG0184580;HORVU.MOREX.r3.2HG0184590,HORVU.MOREX.r3.2HG0184580:0.00317996;HORVU.MOREX.r3.2HG0184590:0.00317996,NA,NA
586834at2759,3,Zm00001eb427470,Zm00001eb427470:0.000142516,NA,NA,NA,NA,HORVU.MOREX.r3.5HG0425660,HORVU.MOREX.r3.5HG0425660:0.00198872,AT1G23420,AT1G23420:0.000581828
586834at3193,3,Zm00001eb427470,Zm00001eb427470:0.000142516,NA,NA,NA,NA,HORVU.MOREX.r3.5HG0425660,HORVU.MOREX.r3.5HG0425660:0.00198872,AT1G23420,AT1G23420:0.000581828
586834at33090,3,Zm00001eb427470,Zm00001eb427470:0.000142516,NA,NA,NA,NA,HORVU.MOREX.r3.5HG0425660,HORVU.MOREX.r3.5HG0425660:0.00198872,AT1G23420,AT1G23420:0.000581828
587343at3193,3,Zm00001eb150340,Zm00001eb150340:0.000218707,SORBI_3009G249000,SORBI_3009G249000:0.00164308,NA,NA,HORVU.MOREX.r3.1HG0092880,HORVU.MOREX.r3.1HG0092880:0.000452758,NA,NA
587765at33090,3,Zm00001eb211960,Zm00001eb211960:0.000200446,NA,NA,NA,NA,HORVU.MOREX.r3.3HG0222580;HORVU.MOREX.r3.5HG0491590,HORVU.MOREX.r3.3HG0222580:0.00149405;HORVU.MOREX.r3.5HG0491590:0.000686254,AT2G33590,AT2G33590:0.00158993
591574at2759,3,Zm00001eb189940;Zm00001eb430810,Zm00001eb189940:0.00364255;Zm00001eb430810:0.00109235,SORBI_3010G197500,SORBI_3010G197500:0.000847882,NA,NA,HORVU.MOREX.r3.3HG0312690,HORVU.MOREX.r3.3HG0312690:0.00035222,NA,NA
599086at3193,3,Zm00001eb028680,Zm00001eb028680:0.00342772,SORBI_3009G064200,SORBI_3009G064200:0.000483266,NA,NA,NA,NA,AT4G32510,AT4G32510:0.002317
601051at2759,3,Zm00001eb289360;Zm00001eb300760,Zm00001eb289360:0.00255515;Zm00001eb300760:0.000999375,SORBI_3006G272800,SORBI_3006G272800:0.00170627,NA,NA,HORVU.MOREX.r3.1HG0076060,HORVU.MOREX.r3.1HG0076060:0.00245991,NA,NA
601051at3193,3,Zm00001eb289360,Zm00001eb289360:0.00255515,SORBI_3006G272800,SORBI_3006G272800:0.00170627,NA,NA,HORVU.MOREX.r3.1HG0076060,HORVU.MOREX.r3.1HG0076060:0.00245991,NA,NA
601051at33090,3,Zm00001eb289360;Zm00001eb300760,Zm00001eb289360:0.00255515;Zm00001eb300760:0.000999375,SORBI_3006G272800,SORBI_3006G272800:0.00170627,NA,NA,HORVU.MOREX.r3.1HG0076060,HORVU.MOREX.r3.1HG0076060:0.00245991,NA,NA
601600at33090,3,Zm00001eb281030,Zm00001eb281030:0.0019683,NA,NA,NA,NA,HORVU.MOREX.r3.6HG0610980,HORVU.MOREX.r3.6HG0610980:0.00270281,AT1G06890,AT1G06890:0.00120491
604461at2759,3,Zm00001eb006360,Zm00001eb006360:0.00237498,SORBI_3006G217500,SORBI_3006G217500:9.79558e-06,NA,NA,HORVU.MOREX.r3.4HG0405940;HORVU.MOREX.r3.7HG0643620,HORVU.MOREX.r3.4HG0405940:4.5889e-05;HORVU.MOREX.r3.7HG0643620:0.000762201,NA,NA
604461at3193,3,Zm00001eb006360,Zm00001eb006360:0.00237498,SORBI_3006G217500,SORBI_3006G217500:9.79558e-06,NA,NA,HORVU.MOREX.r3.4HG0405940;HORVU.MOREX.r3.7HG0643620,HORVU.MOREX.r3.4HG0405940:4.5889e-05;HORVU.MOREX.r3.7HG0643620:0.000762201,NA,NA
604461at33090,3,Zm00001eb006360,Zm00001eb006360:0.00237498,SORBI_3006G217500,SORBI_3006G217500:9.79558e-06,NA,NA,HORVU.MOREX.r3.4HG0405940;HORVU.MOREX.r3.7HG0643620,HORVU.MOREX.r3.4HG0405940:4.5889e-05;HORVU.MOREX.r3.7HG0643620:0.000762201,NA,NA
607186at2759,3,Zm00001eb119580,Zm00001eb119580:0.00143404,SORBI_3003G013100,SORBI_3003G013100:0.00183456,NA,NA,HORVU.MOREX.r3.2HG0098810,HORVU.MOREX.r3.2HG0098810:0.00233265,NA,NA
607186at3193,3,Zm00001eb119580,Zm00001eb119580:0.00143404,SORBI_3003G013100,SORBI_3003G013100:0.00183456,NA,NA,HORVU.MOREX.r3.2HG0098810,HORVU.MOREX.r3.2HG0098810:0.00233265,NA,NA
607186at33090,3,Zm00001eb119580,Zm00001eb119580:0.00143404,SORBI_3003G013100,SORBI_3003G013100:0.00183456,NA,NA,HORVU.MOREX.r3.2HG0098810,HORVU.MOREX.r3.2HG0098810:0.00233265,NA,NA
60729at4447,3,Zm00001eb004420;Zm00001eb403260,Zm00001eb004420:0.00255687;Zm00001eb403260:0.000357101,SORBI_3001G090500,SORBI_3001G090500:0.00181971,LOC_Os03g07480,LOC_Os03g07480:0.000378547,NA,NA,NA,NA
608312at3193,3,Zm00001eb051830,Zm00001eb051830:0.000960793,NA,NA,NA,NA,HORVU.MOREX.r3.4HG0334450,HORVU.MOREX.r3.4HG0334450:0.00191175,AT3G09880,AT3G09880:0.0017568
608784at2759,3,Zm00001eb150140,Zm00001eb150140:0.00309438,SORBI_3003G331100,SORBI_3003G331100:0.00039433,LOC_Os01g08120,LOC_Os01g08120:8.02919e-05,NA,NA,NA,NA
608784at3193,3,Zm00001eb150140,Zm00001eb150140:0.00309438,SORBI_3003G331100,SORBI_3003G331100:0.00039433,LOC_Os01g08120,LOC_Os01g08120:8.02919e-05,NA,NA,NA,NA
608784at33090,3,Zm00001eb150140,Zm00001eb150140:0.00309438,SORBI_3003G331100,SORBI_3003G331100:0.00039433,LOC_Os01g08120,LOC_Os01g08120:8.02919e-05,NA,NA,NA,NA
609836at2759,3,Zm00001eb251350,Zm00001eb251350:0.00164721,NA,NA,NA,NA,HORVU.MOREX.r3.5HG0510990,HORVU.MOREX.r3.5HG0510990:0.000283484,AT5G55930,AT5G55930:0.00297942
609836at33090,3,Zm00001eb251350,Zm00001eb251350:0.00164721,NA,NA,NA,NA,HORVU.MOREX.r3.5HG0510990,HORVU.MOREX.r3.5HG0510990:0.000283484,AT5G55930,AT5G55930:0.00297942
612680at2759,3,Zm00001eb000660,Zm00001eb000660:0.00122642,SORBI_3006G228100,SORBI_3006G228100:0.00103633,NA,NA,NA,NA,AT3G25050,AT3G25050:0.00229193
612680at33090,3,Zm00001eb000660,Zm00001eb000660:0.00122642,SORBI_3006G228100,SORBI_3006G228100:0.00103633,NA,NA,NA,NA,AT3G25050,AT3G25050:0.00229193
615618at2759,3,Zm00001eb322470,Zm00001eb322470:0.00386783,NA,NA,NA,NA,HORVU.MOREX.r3.7HG0734670,HORVU.MOREX.r3.7HG0734670:0.000949151,AT1G76160,AT1G76160:0.00214103
627054at33090,3,Zm00001eb116350;Zm00001eb302700,Zm00001eb116350:0.00340472;Zm00001eb302700:4.00707e-05,SORBI_3009G003900,SORBI_3009G003900:0.00150383,NA,NA,HORVU.MOREX.r3.3HG0228240;HORVU.MOREX.r3.3HG0228250,HORVU.MOREX.r3.3HG0228240:2.81524e-05;HORVU.MOREX.r3.3HG0228250:2.81524e-05,NA,NA
627237at2759,3,Zm00001eb000390;Zm00001eb003170;Zm00001eb053220;Zm00001eb055470;Zm00001eb380020,Zm00001eb000390:0.00108257;Zm00001eb003170:0.000144809;Zm00001eb053220:0.00169524;Zm00001eb055470:0.00110394;Zm00001eb380020:0.00160439,NA,NA,NA,NA,HORVU.MOREX.r3.1HG0005090;HORVU.MOREX.r3.4HG0334860;HORVU.MOREX.r3.7HG0715890,HORVU.MOREX.r3.1HG0005090:0.00230706;HORVU.MOREX.r3.4HG0334860:0.00171162;HORVU.MOREX.r3.7HG0715890:0.00274176,AT1G12110;AT1G32450,AT1G12110:0.00113242;AT1G32450:0.00123585
628161at2759,3,Zm00001eb193100,Zm00001eb193100:9.04604e-05,SORBI_3001G439800;SORBI_3002G274000,SORBI_3001G439800:0.000270746;SORBI_3002G274000:0.00143885,LOC_Os09g04410,LOC_Os09g04410:6.69488e-06,NA,NA,NA,NA
628854at3193,3,Zm00001eb250590,Zm00001eb250590:0.00263749,NA,NA,LOC_Os02g45520,LOC_Os02g45520:6.43309e-06,NA,NA,AT4G22990,AT4G22990:0.00223309
629188at33090,3,Zm00001eb000390;Zm00001eb003170;Zm00001eb053220;Zm00001eb055470;Zm00001eb380020,Zm00001eb000390:0.00108257;Zm00001eb003170:0.000144809;Zm00001eb053220:0.00169524;Zm00001eb055470:0.00110394;Zm00001eb380020:0.00160439,NA,NA,NA,NA,HORVU.MOREX.r3.1HG0005090;HORVU.MOREX.r3.4HG0334860;HORVU.MOREX.r3.7HG0715890,HORVU.MOREX.r3.1HG0005090:0.00230706;HORVU.MOREX.r3.4HG0334860:0.00171162;HORVU.MOREX.r3.7HG0715890:0.00274176,AT1G12110;AT1G32450,AT1G12110:0.00113242;AT1G32450:0.00123585
630100at33090,3,Zm00001eb084910;Zm00001eb113170;Zm00001eb329580,Zm00001eb084910:0.00119235;Zm00001eb113170:0.00139266;Zm00001eb329580:0.00105303,SORBI_3002G229100;SORBI_3006G058000,SORBI_3002G229100:0.000482335;SORBI_3006G058000:0.000199979,NA,NA,HORVU.MOREX.r3.6HG0623790,HORVU.MOREX.r3.6HG0623790:4.97826e-06,NA,NA
630255at2759,3,Zm00001eb041050;Zm00001eb336730;Zm00001eb414790;Zm00001eb423960,Zm00001eb041050:0.000663961;Zm00001eb336730:0.00248915;Zm00001eb414790:0.00380882;Zm00001eb423960:0.00317166,SORBI_3007G059600,SORBI_3007G059600:0.00134278,NA,NA,NA,NA,AT1G60800;AT4G33430,AT1G60800:0.00181729;AT4G33430:0.00146442
630255at3193,3,Zm00001eb414790;Zm00001eb423960,Zm00001eb414790:0.00380882;Zm00001eb423960:0.00317166,SORBI_3007G059600,SORBI_3007G059600:0.00134278,NA,NA,NA,NA,AT4G33430,AT4G33430:0.00146442
630255at33090,3,Zm00001eb041050;Zm00001eb336730;Zm00001eb414790;Zm00001eb423960,Zm00001eb041050:0.000663961;Zm00001eb336730:0.00248915;Zm00001eb414790:0.00380882;Zm00001eb423960:0.00317166,SORBI_3007G059600,SORBI_3007G059600:0.00134278,NA,NA,NA,NA,AT1G60800;AT4G33430,AT1G60800:0.00181729;AT4G33430:0.00146442
635367at2759,3,Zm00001eb059560;Zm00001eb299790,Zm00001eb059560:0.00266154;Zm00001eb299790:0.00083392,SORBI_3009G205300,SORBI_3009G205300:0.000437197,NA,NA,NA,NA,AT3G10260,AT3G10260:0.00147294
635367at3193,3,Zm00001eb059560;Zm00001eb299790,Zm00001eb059560:0.00266154;Zm00001eb299790:0.00083392,SORBI_3009G205300,SORBI_3009G205300:0.000437197,NA,NA,NA,NA,AT3G10260,AT3G10260:0.00147294
635367at33090,3,Zm00001eb059560;Zm00001eb299790,Zm00001eb059560:0.00266154;Zm00001eb299790:0.00083392,SORBI_3009G205300,SORBI_3009G205300:0.000437197,NA,NA,NA,NA,AT3G10260,AT3G10260:0.00147294
637034at3193,3,Zm00001eb296060,Zm00001eb296060:0.000540648,SORBI_3003G229400,SORBI_3003G229400:0.000872653,NA,NA,NA,NA,AT2G42880,AT2G42880:0.00069602
638439at2759,3,Zm00001eb154000,Zm00001eb154000:0.000480591,SORBI_3009G205600;SORBI_3009G205700,SORBI_3009G205600:0.000437197;SORBI_3009G205700:0.000437197,NA,NA,HORVU.MOREX.r3.1HG0092830,HORVU.MOREX.r3.1HG0092830:0.000473093,NA,NA
638439at3193,3,Zm00001eb154000,Zm00001eb154000:0.000480591,SORBI_3009G205600;SORBI_3009G205700,SORBI_3009G205600:0.000437197;SORBI_3009G205700:0.000437197,NA,NA,HORVU.MOREX.r3.1HG0092830,HORVU.MOREX.r3.1HG0092830:0.000473093,NA,NA
638439at33090,3,Zm00001eb154000,Zm00001eb154000:0.000480591,SORBI_3009G205600;SORBI_3009G205700,SORBI_3009G205600:0.000437197;SORBI_3009G205700:0.000437197,NA,NA,HORVU.MOREX.r3.1HG0092830,HORVU.MOREX.r3.1HG0092830:0.000473093,NA,NA
638620at3193,3,Zm00001eb057180,Zm00001eb057180:0.000428977,SORBI_3001G090100,SORBI_3001G090100:0.00181971,NA,NA,NA,NA,AT2G17530,AT2G17530:0.000785034
638740at3193,3,Zm00001eb054090,Zm00001eb054090:0.000229601,NA,NA,NA,NA,HORVU.MOREX.r3.4HG0335830,HORVU.MOREX.r3.4HG0335830:0.00301251,AT5G19820,AT5G19820:0.000544943
638845at2759,3,Zm00001eb141920,Zm00001eb141920:0.00189835,SORBI_3003G418700,SORBI_3003G418700:8.16477e-07,NA,NA,HORVU.MOREX.r3.3HG0314780,HORVU.MOREX.r3.3HG0314780:3.95123e-05,NA,NA
640662at3193,3,Zm00001eb068210;Zm00001eb330530,Zm00001eb068210:0.000141943;Zm00001eb330530:8.68319e-05,SORBI_3001G328100;SORBI_3010G161600;SORBI_3010G161700;SORBI_3010G161800,SORBI_3001G328100:0.0017545;SORBI_3010G161600:0.000988632;SORBI_3010G161700:0.000988632;SORBI_3010G161800:0.000988632,NA,NA,HORVU.MOREX.r3.2HG0112720,HORVU.MOREX.r3.2HG0112720:0.000279214,NA,NA
640662at33090,3,Zm00001eb068210;Zm00001eb330530,Zm00001eb068210:0.000141943;Zm00001eb330530:8.68319e-05,SORBI_3001G328100;SORBI_3010G161600;SORBI_3010G161700;SORBI_3010G161800,SORBI_3001G328100:0.0017545;SORBI_3010G161600:0.000988632;SORBI_3010G161700:0.000988632;SORBI_3010G161800:0.000988632,NA,NA,HORVU.MOREX.r3.2HG0112720,HORVU.MOREX.r3.2HG0112720:0.000279214,NA,NA
643298at3193,3,Zm00001eb004420;Zm00001eb403260,Zm00001eb004420:0.00255687;Zm00001eb403260:0.000357101,SORBI_3001G090500,SORBI_3001G090500:0.00181971,LOC_Os03g07480,LOC_Os03g07480:0.000378547,NA,NA,NA,NA
643298at33090,3,Zm00001eb004420;Zm00001eb403260,Zm00001eb004420:0.00255687;Zm00001eb403260:0.000357101,SORBI_3001G090500,SORBI_3001G090500:0.00181971,LOC_Os03g07480,LOC_Os03g07480:0.000378547,NA,NA,NA,NA
643924at3193,3,Zm00001eb293310,Zm00001eb293310:0.000572861,NA,NA,NA,NA,HORVU.MOREX.r3.3HG0286640,HORVU.MOREX.r3.3HG0286640:0.00253446,AT2G42750,AT2G42750:0.000263795
645834at2759,3,Zm00001eb125520,Zm00001eb125520:0.00116369,NA,NA,NA,NA,HORVU.MOREX.r3.3HG0222330,HORVU.MOREX.r3.3HG0222330:0.000334206,AT1G48000,AT1G48000:8.3978e-05
645834at3193,3,Zm00001eb125520,Zm00001eb125520:0.00116369,NA,NA,NA,NA,HORVU.MOREX.r3.3HG0222330,HORVU.MOREX.r3.3HG0222330:0.000334206,AT1G48000,AT1G48000:8.3978e-05
645834at33090,3,Zm00001eb125520,Zm00001eb125520:0.00116369,NA,NA,NA,NA,HORVU.MOREX.r3.3HG0222330,HORVU.MOREX.r3.3HG0222330:0.000334206,AT1G48000,AT1G48000:8.3978e-05
646024at3193,3,Zm00001eb330020,Zm00001eb330020:0.000636661,NA,NA,NA,NA,HORVU.MOREX.r3.4HG0396060,HORVU.MOREX.r3.4HG0396060:0.000121779,AT1G08830,AT1G08830:0.00228389
646613at2759,3,Zm00001eb129440;Zm00001eb242750;Zm00001eb332460,Zm00001eb129440:0.00208675;Zm00001eb242750:0.00194769;Zm00001eb332460:0.00154313,SORBI_3006G217100,SORBI_3006G217100:9.79558e-06,NA,NA,HORVU.MOREX.r3.2HG0106600,HORVU.MOREX.r3.2HG0106600:0.000105339,NA,NA
650422at2759,3,Zm00001eb152050,Zm00001eb152050:0.000169055,SORBI_3009G193300,SORBI_3009G193300:0.00152378,NA,NA,NA,NA,AT1G79090;AT3G22270,AT1G79090:7.13931e-05;AT3G22270:0.00087375
650422at3193,3,Zm00001eb152050,Zm00001eb152050:0.000169055,SORBI_3009G193300,SORBI_3009G193300:0.00152378,NA,NA,NA,NA,AT1G79090;AT3G22270,AT1G79090:7.13931e-05;AT3G22270:0.00087375
650422at33090,3,Zm00001eb152050,Zm00001eb152050:0.000169055,SORBI_3009G193300,SORBI_3009G193300:0.00152378,NA,NA,NA,NA,AT1G79090;AT3G22270,AT1G79090:7.13931e-05;AT3G22270:0.00087375
650970at3193,3,Zm00001eb011650;Zm00001eb070460,Zm00001eb011650:0.0037058;Zm00001eb070460:0.00133031,SORBI_3006G218700;SORBI_3007G071100,SORBI_3006G218700:0.000796112;SORBI_3007G071100:0.00184573,NA,NA,HORVU.MOREX.r3.2HG0195290,HORVU.MOREX.r3.2HG0195290:0.00373406,NA,NA
650970at33090,3,Zm00001eb011650;Zm00001eb070460,Zm00001eb011650:0.0037058;Zm00001eb070460:0.00133031,SORBI_3006G218700;SORBI_3007G071100,SORBI_3006G218700:0.000796112;SORBI_3007G071100:0.00184573,NA,NA,HORVU.MOREX.r3.2HG0195290,HORVU.MOREX.r3.2HG0195290:0.00373406,NA,NA
651258at3193,3,Zm00001eb244120,Zm00001eb244120:0.0022918,SORBI_3003G374400,SORBI_3003G374400:0.00122928,NA,NA,HORVU.MOREX.r3.2HG0205400,HORVU.MOREX.r3.2HG0205400:0.0002786,NA,NA
656109at3193,3,Zm00001eb403780,Zm00001eb403780:3.04411e-05,NA,NA,NA,NA,HORVU.MOREX.r3.3HG0316960,HORVU.MOREX.r3.3HG0316960:0.00349648,AT3G12390,AT3G12390:0.00297997
657124at3193,3,Zm00001eb146740,Zm00001eb146740:0.000699217,SORBI_3003G367800,SORBI_3003G367800:0.00136049,NA,NA,HORVU.MOREX.r3.7HG0649640,HORVU.MOREX.r3.7HG0649640:0.00328974,NA,NA
66206at4447,3,Zm00001eb073810,Zm00001eb073810:0.000551296,SORBI_3009G003700,SORBI_3009G003700:0.00150383,NA,NA,HORVU.MOREX.r3.7HG0750280,HORVU.MOREX.r3.7HG0750280:0.000398377,NA,NA
663124at2759,3,Zm00001eb119430,Zm00001eb119430:0.00346574,SORBI_3009G248600,SORBI_3009G248600:0.00164308,NA,NA,HORVU.MOREX.r3.1HG0092820,HORVU.MOREX.r3.1HG0092820:0.000473093,NA,NA
663124at3193,3,Zm00001eb119430,Zm00001eb119430:0.00346574,SORBI_3009G248600,SORBI_3009G248600:0.00164308,NA,NA,HORVU.MOREX.r3.1HG0092820,HORVU.MOREX.r3.1HG0092820:0.000473093,NA,NA
663124at33090,3,Zm00001eb119430,Zm00001eb119430:0.00346574,SORBI_3009G248600,SORBI_3009G248600:0.00164308,NA,NA,HORVU.MOREX.r3.1HG0092820,HORVU.MOREX.r3.1HG0092820:0.000473093,NA,NA
673536at3193,3,Zm00001eb041730,Zm00001eb041730:0.00152284,SORBI_3007G134800,SORBI_3007G134800:0.00012768,NA,NA,HORVU.MOREX.r3.5HG0525980,HORVU.MOREX.r3.5HG0525980:0.00376019,NA,NA
674768at3193,3,Zm00001eb063410,Zm00001eb063410:0.00298022,SORBI_3001G402200,SORBI_3001G402200:0.000778448,NA,NA,HORVU.MOREX.r3.2HG0109140;HORVU.MOREX.r3.2HG0109150,HORVU.MOREX.r3.2HG0109140:0.00284499;HORVU.MOREX.r3.2HG0109150:0.00284499,NA,NA
678476at3193,3,Zm00001eb000390,Zm00001eb000390:0.00108257,NA,NA,NA,NA,HORVU.MOREX.r3.1HG0005090,HORVU.MOREX.r3.1HG0005090:0.00230706,AT1G12110,AT1G12110:0.00113242
686898at2759,3,Zm00001eb149160;Zm00001eb290140,Zm00001eb149160:0.000344907;Zm00001eb290140:0.00200443,SORBI_3009G170700,SORBI_3009G170700:0.000598235,LOC_Os05g04730,LOC_Os05g04730:1.90462e-05,NA,NA,NA,NA
686898at3193,3,Zm00001eb149160;Zm00001eb290140,Zm00001eb149160:0.000344907;Zm00001eb290140:0.00200443,SORBI_3009G170700,SORBI_3009G170700:0.000598235,LOC_Os05g04730,LOC_Os05g04730:1.90462e-05,NA,NA,NA,NA
686898at33090,3,Zm00001eb149160;Zm00001eb290140,Zm00001eb149160:0.000344907;Zm00001eb290140:0.00200443,SORBI_3009G170700,SORBI_3009G170700:0.000598235,LOC_Os05g04730,LOC_Os05g04730:1.90462e-05,NA,NA,NA,NA
701516at3193,3,Zm00001eb433630,Zm00001eb433630:0.00108132,SORBI_3003G015700,SORBI_3003G015700:0.00157666,NA,NA,HORVU.MOREX.r3.6HG0560140,HORVU.MOREX.r3.6HG0560140:4.37143e-05,NA,NA
723514at3193,3,Zm00001eb141920,Zm00001eb141920:0.00189835,SORBI_3003G418700,SORBI_3003G418700:8.16477e-07,NA,NA,HORVU.MOREX.r3.3HG0314780,HORVU.MOREX.r3.3HG0314780:3.95123e-05,NA,NA
723514at33090,3,Zm00001eb141920,Zm00001eb141920:0.00189835,SORBI_3003G418700,SORBI_3003G418700:8.16477e-07,NA,NA,HORVU.MOREX.r3.3HG0314780,HORVU.MOREX.r3.3HG0314780:3.95123e-05,NA,NA
73418at4447,3,Zm00001eb154000,Zm00001eb154000:0.000480591,SORBI_3009G205600;SORBI_3009G205700,SORBI_3009G205600:0.000437197;SORBI_3009G205700:0.000437197,NA,NA,HORVU.MOREX.r3.1HG0092830,HORVU.MOREX.r3.1HG0092830:0.000473093,NA,NA
74555at38820,3,Zm00001eb146740,Zm00001eb146740:0.000699217,SORBI_3003G367800,SORBI_3003G367800:0.00136049,NA,NA,HORVU.MOREX.r3.7HG0649640,HORVU.MOREX.r3.7HG0649640:0.00328974,NA,NA
74555at4447,3,Zm00001eb146740,Zm00001eb146740:0.000699217,SORBI_3003G367800,SORBI_3003G367800:0.00136049,NA,NA,HORVU.MOREX.r3.7HG0649640,HORVU.MOREX.r3.7HG0649640:0.00328974,NA,NA
747563at33090,3,Zm00001eb054090,Zm00001eb054090:0.000229601,NA,NA,NA,NA,HORVU.MOREX.r3.4HG0335830,HORVU.MOREX.r3.4HG0335830:0.00301251,AT5G19820,AT5G19820:0.000544943
752471at2759,3,Zm00001eb041730,Zm00001eb041730:0.00152284,SORBI_3007G134800,SORBI_3007G134800:0.00012768,NA,NA,HORVU.MOREX.r3.5HG0525980,HORVU.MOREX.r3.5HG0525980:0.00376019,NA,NA
752471at33090,3,Zm00001eb041730,Zm00001eb041730:0.00152284,SORBI_3007G134800,SORBI_3007G134800:0.00012768,NA,NA,HORVU.MOREX.r3.5HG0525980,HORVU.MOREX.r3.5HG0525980:0.00376019,NA,NA
754320at33090,3,Zm00001eb003230;Zm00001eb009080;Zm00001eb045340;Zm00001eb406670,Zm00001eb003230:0.00131562;Zm00001eb009080:0.000931189;Zm00001eb045340:0.00101523;Zm00001eb406670:0.00052465,SORBI_3003G427500;SORBI_3008G015000,SORBI_3003G427500:3.30768e-05;SORBI_3008G015000:0.000929975,NA,NA,NA,NA,AT5G58860,AT5G58860:0.00299706
757803at2759,3,Zm00001eb293310,Zm00001eb293310:0.000572861,NA,NA,NA,NA,HORVU.MOREX.r3.3HG0286640,HORVU.MOREX.r3.3HG0286640:0.00253446,AT2G42750,AT2G42750:0.000263795
757803at33090,3,Zm00001eb293310,Zm00001eb293310:0.000572861,NA,NA,NA,NA,HORVU.MOREX.r3.3HG0286640,HORVU.MOREX.r3.3HG0286640:0.00253446,AT2G42750,AT2G42750:0.000263795
758952at33090,3,Zm00001eb403780,Zm00001eb403780:3.04411e-05,NA,NA,NA,NA,HORVU.MOREX.r3.3HG0316960,HORVU.MOREX.r3.3HG0316960:0.00349648,AT3G12390,AT3G12390:0.00297997
760009at33090,3,Zm00001eb056220,Zm00001eb056220:0.0038433,NA,NA,NA,NA,HORVU.MOREX.r3.4HG0339720,HORVU.MOREX.r3.4HG0339720:9.23193e-05,AT5G42620,AT5G42620:0.00286779
760606at33090,3,Zm00001eb146740,Zm00001eb146740:0.000699217,SORBI_3003G367800,SORBI_3003G367800:0.00136049,NA,NA,HORVU.MOREX.r3.7HG0649640,HORVU.MOREX.r3.7HG0649640:0.00328974,NA,NA
762815at33090,3,Zm00001eb063410,Zm00001eb063410:0.00298022,SORBI_3001G402200,SORBI_3001G402200:0.000778448,NA,NA,HORVU.MOREX.r3.1HG0006440;HORVU.MOREX.r3.2HG0109140;HORVU.MOREX.r3.2HG0109150,HORVU.MOREX.r3.1HG0006440:0.00124339;HORVU.MOREX.r3.2HG0109140:0.00284499;HORVU.MOREX.r3.2HG0109150:0.00284499,NA,NA
768205at33090,3,Zm00001eb193100,Zm00001eb193100:9.04604e-05,SORBI_3001G439800;SORBI_3002G274000,SORBI_3001G439800:0.000270746;SORBI_3002G274000:0.00143885,LOC_Os09g04410,LOC_Os09g04410:6.69488e-06,NA,NA,NA,NA
769829at2759,3,Zm00001eb195880;Zm00001eb255130,Zm00001eb195880:0.00221352;Zm00001eb255130:0.00190593,NA,NA,NA,NA,HORVU.MOREX.r3.4HG0333450,HORVU.MOREX.r3.4HG0333450:0.00237494,AT2G37440,AT2G37440:0.00286777
769829at33090,3,Zm00001eb195880;Zm00001eb255130,Zm00001eb195880:0.00221352;Zm00001eb255130:0.00190593,NA,NA,NA,NA,HORVU.MOREX.r3.4HG0333450,HORVU.MOREX.r3.4HG0333450:0.00237494,AT2G37440,AT2G37440:0.00286777
771334at33090,3,NA,NA,SORBI_3003G420100,SORBI_3003G420100:0.00142607,NA,NA,HORVU.MOREX.r3.3HG0316870,HORVU.MOREX.r3.3HG0316870:0.00156843,AT4G03110,AT4G03110:0.00241181
777528at2759,3,Zm00001eb209160;Zm00001eb296060,Zm00001eb209160:0.00178436;Zm00001eb296060:0.000540648,SORBI_3003G229400,SORBI_3003G229400:0.000872653,NA,NA,NA,NA,AT2G01450;AT2G42880,AT2G01450:0.00202632;AT2G42880:0.00069602
777528at33090,3,Zm00001eb209160;Zm00001eb296060,Zm00001eb209160:0.00178436;Zm00001eb296060:0.000540648,SORBI_3003G229400,SORBI_3003G229400:0.000872653,NA,NA,NA,NA,AT2G01450;AT2G42880,AT2G01450:0.00202632;AT2G42880:0.00069602
783301at2759,3,NA,NA,SORBI_3005G145201,SORBI_3005G145201:0.000260175,NA,NA,HORVU.MOREX.r3.3HG0228030,HORVU.MOREX.r3.3HG0228030:0.00150455,AT2G42590,AT2G42590:0.000122758
791955at33090,3,Zm00001eb250590,Zm00001eb250590:0.00263749,NA,NA,LOC_Os02g45520,LOC_Os02g45520:6.43309e-06,NA,NA,AT4G22990,AT4G22990:0.00223309
793218at2759,3,Zm00001eb381470,Zm00001eb381470:0.00356482,NA,NA,NA,NA,HORVU.MOREX.r3.7HG0725060,HORVU.MOREX.r3.7HG0725060:0.00298675,AT5G51600,AT5G51600:0.00084766
793218at33090,3,Zm00001eb381470,Zm00001eb381470:0.00356482,NA,NA,NA,NA,HORVU.MOREX.r3.7HG0725060,HORVU.MOREX.r3.7HG0725060:0.00298675,AT5G51600,AT5G51600:0.00084766
794814at2759,3,Zm00001eb062530;Zm00001eb116350;Zm00001eb302700,Zm00001eb062530:0.00183692;Zm00001eb116350:0.00340472;Zm00001eb302700:4.00707e-05,SORBI_3009G003900,SORBI_3009G003900:0.00150383,NA,NA,HORVU.MOREX.r3.3HG0228240;HORVU.MOREX.r3.3HG0228250;HORVU.MOREX.r3.3HG0303070;HORVU.MOREX.r3.5HG0525920,HORVU.MOREX.r3.3HG0228240:2.81524e-05;HORVU.MOREX.r3.3HG0228250:2.81524e-05;HORVU.MOREX.r3.3HG0303070:0.00114507;HORVU.MOREX.r3.5HG0525920:0.00376019,NA,NA
800737at33090,3,Zm00001eb051830,Zm00001eb051830:0.000960793,NA,NA,NA,NA,HORVU.MOREX.r3.4HG0334450,HORVU.MOREX.r3.4HG0334450:0.00191175,AT3G09880,AT3G09880:0.0017568
801991at2759,3,Zm00001eb330020,Zm00001eb330020:0.000636661,NA,NA,NA,NA,HORVU.MOREX.r3.4HG0396060,HORVU.MOREX.r3.4HG0396060:0.000121779,AT1G08830,AT1G08830:0.00228389
801991at33090,3,Zm00001eb330020,Zm00001eb330020:0.000636661,NA,NA,NA,NA,HORVU.MOREX.r3.4HG0396060,HORVU.MOREX.r3.4HG0396060:0.000121779,AT1G08830,AT1G08830:0.00228389
804748at2759,3,Zm00001eb244120,Zm00001eb244120:0.0022918,SORBI_3003G374400,SORBI_3003G374400:0.00122928,NA,NA,HORVU.MOREX.r3.2HG0205400,HORVU.MOREX.r3.2HG0205400:0.0002786,NA,NA
804748at33090,3,Zm00001eb244120,Zm00001eb244120:0.0022918,SORBI_3003G374400,SORBI_3003G374400:0.00122928,NA,NA,HORVU.MOREX.r3.2HG0205400,HORVU.MOREX.r3.2HG0205400:0.0002786,NA,NA
90967at38820,3,Zm00001eb041730,Zm00001eb041730:0.00152284,SORBI_3007G134800,SORBI_3007G134800:0.00012768,NA,NA,HORVU.MOREX.r3.5HG0525980,HORVU.MOREX.r3.5HG0525980:0.00376019,NA,NA
90967at4447,3,Zm00001eb041730,Zm00001eb041730:0.00152284,SORBI_3007G134800,SORBI_3007G134800:0.00012768,NA,NA,HORVU.MOREX.r3.5HG0525980,HORVU.MOREX.r3.5HG0525980:0.00376019,NA,NA
91193at2759,3,Zm00001eb056390;Zm00001eb280690;Zm00001eb433630,Zm00001eb056390:0.00102206;Zm00001eb280690:0.001266;Zm00001eb433630:0.00108132,SORBI_3003G015700,SORBI_3003G015700:0.00157666,NA,NA,HORVU.MOREX.r3.6HG0560140;HORVU.MOREX.r3.7HG0669790,HORVU.MOREX.r3.6HG0560140:4.37143e-05;HORVU.MOREX.r3.7HG0669790:0.000509184,NA,NA
91193at33090,3,Zm00001eb056390;Zm00001eb280690;Zm00001eb433630,Zm00001eb056390:0.00102206;Zm00001eb280690:0.001266;Zm00001eb433630:0.00108132,SORBI_3003G015700,SORBI_3003G015700:0.00157666,NA,NA,HORVU.MOREX.r3.6HG0560140;HORVU.MOREX.r3.7HG0669790,HORVU.MOREX.r3.6HG0560140:4.37143e-05;HORVU.MOREX.r3.7HG0669790:0.000509184,NA,NA
92096at2759,3,Zm00001eb101080;Zm00001eb315410,Zm00001eb101080:0.000110001;Zm00001eb315410:0.00323378,SORBI_3002G230500,SORBI_3002G230500:0.00164024,NA,NA,NA,NA,AT5G49710,AT5G49710:0.000252145
92096at3193,3,Zm00001eb101080;Zm00001eb315410,Zm00001eb101080:0.000110001;Zm00001eb315410:0.00323378,SORBI_3002G230500,SORBI_3002G230500:0.00164024,NA,NA,NA,NA,AT5G49710,AT5G49710:0.000252145
92096at33090,3,Zm00001eb101080;Zm00001eb315410,Zm00001eb101080:0.000110001;Zm00001eb315410:0.00323378,SORBI_3002G230500,SORBI_3002G230500:0.00164024,NA,NA,NA,NA,AT5G49710,AT5G49710:0.000252145
100446at38820,2,Zm00001eb102840,Zm00001eb102840:0.0034474,NA,NA,NA,NA,HORVU.MOREX.r3.5HG0496850,HORVU.MOREX.r3.5HG0496850:4.75945e-05,NA,NA
100446at4447,2,Zm00001eb102840,Zm00001eb102840:0.0034474,NA,NA,NA,NA,HORVU.MOREX.r3.5HG0496850,HORVU.MOREX.r3.5HG0496850:4.75945e-05,NA,NA
102358at38820,2,Zm00001eb166400,Zm00001eb166400:0.00150325,NA,NA,NA,NA,HORVU.MOREX.r3.1HG0079000,HORVU.MOREX.r3.1HG0079000:0.00336502,NA,NA
102358at4447,2,Zm00001eb166400,Zm00001eb166400:0.00150325,NA,NA,NA,NA,HORVU.MOREX.r3.1HG0079000,HORVU.MOREX.r3.1HG0079000:0.00336502,NA,NA
102799at4447,2,Zm00001eb253540;Zm00001eb380200,Zm00001eb253540:0.00206215;Zm00001eb380200:0.00251653,NA,NA,NA,NA,HORVU.MOREX.r3.6HG0612110,HORVU.MOREX.r3.6HG0612110:0.000862374,NA,NA
102955at38820,2,Zm00001eb116750,Zm00001eb116750:0.00300793,SORBI_3005G034200,SORBI_3005G034200:0.000134383,NA,NA,NA,NA,NA,NA
102955at4447,2,Zm00001eb116750,Zm00001eb116750:0.00300793,SORBI_3005G034200,SORBI_3005G034200:0.000134383,NA,NA,NA,NA,NA,NA
102962at2759,2,Zm00001eb146690,Zm00001eb146690:0.000388621,SORBI_3003G368300,SORBI_3003G368300:0.00136049,NA,NA,NA,NA,NA,NA
102962at3193,2,Zm00001eb146690,Zm00001eb146690:0.000388621,SORBI_3003G368300,SORBI_3003G368300:0.00136049,NA,NA,NA,NA,NA,NA
102962at33090,2,Zm00001eb146690,Zm00001eb146690:0.000388621,SORBI_3003G368300,SORBI_3003G368300:0.00136049,NA,NA,NA,NA,NA,NA
103734at38820,2,Zm00001eb310990,Zm00001eb310990:0.00202322,NA,NA,NA,NA,HORVU.MOREX.r3.5HG0475770,HORVU.MOREX.r3.5HG0475770:0.00130911,NA,NA
103734at4447,2,Zm00001eb310990,Zm00001eb310990:0.00202322,NA,NA,NA,NA,HORVU.MOREX.r3.5HG0475770,HORVU.MOREX.r3.5HG0475770:0.00130911,NA,NA
10398at38820,2,Zm00001eb125360,Zm00001eb125360:0.000126311,NA,NA,NA,NA,HORVU.MOREX.r3.3HG0221900,HORVU.MOREX.r3.3HG0221900:0.00268929,NA,NA
10398at4447,2,Zm00001eb125360,Zm00001eb125360:0.000126311,NA,NA,NA,NA,HORVU.MOREX.r3.3HG0221900,HORVU.MOREX.r3.3HG0221900:0.00268929,NA,NA
1040391at2759,2,Zm00001eb075500,Zm00001eb075500:0.00188476,SORBI_3006G161000,SORBI_3006G161000:2.93e-05,NA,NA,NA,NA,NA,NA
104270at38820,2,Zm00001eb328650,Zm00001eb328650:0.000650436,SORBI_3001G359800,SORBI_3001G359800:0.000324716,NA,NA,NA,NA,NA,NA
104270at4447,2,Zm00001eb328650,Zm00001eb328650:0.000650436,SORBI_3001G359800,SORBI_3001G359800:0.000324716,NA,NA,NA,NA,NA,NA
104502at38820,2,Zm00001eb170770,Zm00001eb170770:0.000546784,NA,NA,NA,NA,HORVU.MOREX.r3.3HG0322390,HORVU.MOREX.r3.3HG0322390:0.00164777,NA,NA
104502at4447,2,Zm00001eb170770,Zm00001eb170770:0.000546784,NA,NA,NA,NA,HORVU.MOREX.r3.3HG0322390,HORVU.MOREX.r3.3HG0322390:0.00164777,NA,NA
104792at38820,2,Zm00001eb434070,Zm00001eb434070:0.000828693,SORBI_3006G273000,SORBI_3006G273000:0.00170627,NA,NA,NA,NA,NA,NA
104792at4447,2,Zm00001eb434070,Zm00001eb434070:0.000828693,SORBI_3006G273000,SORBI_3006G273000:0.00170627,NA,NA,NA,NA,NA,NA
105018at38820,2,Zm00001eb119800,Zm00001eb119800:0.00114045,SORBI_3003G016100,SORBI_3003G016100:0.00157666,NA,NA,NA,NA,NA,NA
105018at4447,2,Zm00001eb119800,Zm00001eb119800:0.00114045,SORBI_3003G016100,SORBI_3003G016100:0.00157666,NA,NA,NA,NA,NA,NA
105162at3193,2,Zm00001eb163690;Zm00001eb405560,Zm00001eb163690:0.0023268;Zm00001eb405560:0.0025034,NA,NA,LOC_Os11g01280,LOC_Os11g01280:0.000412626,NA,NA,NA,NA
105782at3193,2,Zm00001eb004390,Zm00001eb004390:0.00255687,NA,NA,NA,NA,HORVU.MOREX.r3.4HG0401500,HORVU.MOREX.r3.4HG0401500:0.00139671,NA,NA
106400at33090,2,Zm00001eb062600,Zm00001eb062600:0.00183692,NA,NA,NA,NA,HORVU.MOREX.r3.1HG0006570,HORVU.MOREX.r3.1HG0006570:0.00261838,NA,NA
106619at3193,2,Zm00001eb069000,Zm00001eb069000:0.00035603,NA,NA,NA,NA,NA,NA,AT4G39540,AT4G39540:0.000628747
106619at33090,2,Zm00001eb069000,Zm00001eb069000:0.00035603,NA,NA,NA,NA,NA,NA,AT4G39540,AT4G39540:0.000628747
107205at38820,2,Zm00001eb146690,Zm00001eb146690:0.000388621,SORBI_3003G368300,SORBI_3003G368300:0.00136049,NA,NA,NA,NA,NA,NA
107205at4447,2,Zm00001eb146690,Zm00001eb146690:0.000388621,SORBI_3003G368300,SORBI_3003G368300:0.00136049,NA,NA,NA,NA,NA,NA
107355at38820,2,Zm00001eb374680,Zm00001eb374680:0.00108668,NA,NA,NA,NA,HORVU.MOREX.r3.7HG0659020,HORVU.MOREX.r3.7HG0659020:0.00231955,NA,NA
107355at4447,2,Zm00001eb374680,Zm00001eb374680:0.00108668,NA,NA,NA,NA,HORVU.MOREX.r3.7HG0659020,HORVU.MOREX.r3.7HG0659020:0.00231955,NA,NA
107510at3193,2,Zm00001eb219170,Zm00001eb219170:0.000137964,NA,NA,NA,NA,HORVU.MOREX.r3.4HG0342810,HORVU.MOREX.r3.4HG0342810:0.000929893,NA,NA
108404at4447,2,Zm00001eb394060,Zm00001eb394060:0.000243614,SORBI_3002G387200,SORBI_3002G387200:0.00168838,NA,NA,NA,NA,NA,NA
109481at38820,2,Zm00001eb273950,Zm00001eb273950:0.00397007,SORBI_3004G052200,SORBI_3004G052200:2.58112e-06,NA,NA,NA,NA,NA,NA
109481at4447,2,Zm00001eb273950,Zm00001eb273950:0.00397007,SORBI_3004G052200,SORBI_3004G052200:2.58112e-06,NA,NA,NA,NA,NA,NA
10995at38820,2,NA,NA,SORBI_3007G092600,SORBI_3007G092600:0.00196783,NA,NA,HORVU.MOREX.r3.7HG0658700,HORVU.MOREX.r3.7HG0658700:0.000338753,NA,NA
10995at4447,2,NA,NA,SORBI_3007G092600,SORBI_3007G092600:0.00196783,NA,NA,HORVU.MOREX.r3.7HG0658700,HORVU.MOREX.r3.7HG0658700:0.000338753,NA,NA
11040at2759,2,Zm00001eb086700,Zm00001eb086700:0.000666216,NA,NA,NA,NA,NA,NA,AT4G08570,AT4G08570:0.00239918
11040at3193,2,Zm00001eb086700,Zm00001eb086700:0.000666216,NA,NA,NA,NA,NA,NA,AT4G08570,AT4G08570:0.00239918
11040at33090,2,Zm00001eb086700,Zm00001eb086700:0.000666216,NA,NA,NA,NA,NA,NA,AT4G08570,AT4G08570:0.00239918
111107at38820,2,Zm00001eb051380,Zm00001eb051380:0.00114994,NA,NA,NA,NA,HORVU.MOREX.r3.4HG0343140,HORVU.MOREX.r3.4HG0343140:0.000228605,NA,NA
111107at4447,2,Zm00001eb051380,Zm00001eb051380:0.00114994,NA,NA,NA,NA,HORVU.MOREX.r3.4HG0343140,HORVU.MOREX.r3.4HG0343140:0.000228605,NA,NA
111391at38820,2,Zm00001eb063960,Zm00001eb063960:0.00221693,NA,NA,NA,NA,HORVU.MOREX.r3.5HG0531260,HORVU.MOREX.r3.5HG0531260:0.000760013,NA,NA
111391at4447,2,Zm00001eb063960,Zm00001eb063960:0.00221693,NA,NA,NA,NA,HORVU.MOREX.r3.5HG0531260,HORVU.MOREX.r3.5HG0531260:0.000760013,NA,NA
111737at38820,2,Zm00001eb398880,Zm00001eb398880:0.00185009,SORBI_3001G439900,SORBI_3001G439900:0.000270746,NA,NA,NA,NA,NA,NA
111737at4447,2,Zm00001eb398880,Zm00001eb398880:0.00185009,SORBI_3001G439900,SORBI_3001G439900:0.000270746,NA,NA,NA,NA,NA,NA
11359at38820,2,Zm00001eb146750,Zm00001eb146750:0.000699217,SORBI_3003G367500,SORBI_3003G367500:0.00136049,NA,NA,NA,NA,NA,NA
11359at4447,2,Zm00001eb146750,Zm00001eb146750:0.000699217,SORBI_3003G367500,SORBI_3003G367500:0.00136049,NA,NA,NA,NA,NA,NA
115607at2759,2,Zm00001eb356300,Zm00001eb356300:0.000791175,SORBI_3009G000700,SORBI_3009G000700:0.000435846,NA,NA,NA,NA,NA,NA
115607at3193,2,Zm00001eb356300,Zm00001eb356300:0.000791175,SORBI_3009G000700,SORBI_3009G000700:0.000435846,NA,NA,NA,NA,NA,NA
115607at33090,2,Zm00001eb356300,Zm00001eb356300:0.000791175,SORBI_3009G000700,SORBI_3009G000700:0.000435846,NA,NA,NA,NA,NA,NA
11947at38820,2,Zm00001eb146730,Zm00001eb146730:0.000699217,SORBI_3003G367900,SORBI_3003G367900:0.00136049,NA,NA,NA,NA,NA,NA
11947at4447,2,Zm00001eb146730,Zm00001eb146730:0.000699217,SORBI_3003G367900,SORBI_3003G367900:0.00136049,NA,NA,NA,NA,NA,NA
1200726at2759,2,Zm00001eb103570,Zm00001eb103570:0.00241031,NA,NA,NA,NA,HORVU.MOREX.r3.1HG0079200,HORVU.MOREX.r3.1HG0079200:0.0025694,NA,NA
12033at38820,2,Zm00001eb219170,Zm00001eb219170:0.000137964,NA,NA,NA,NA,HORVU.MOREX.r3.4HG0342810,HORVU.MOREX.r3.4HG0342810:0.000929893,NA,NA
12033at4447,2,Zm00001eb219170,Zm00001eb219170:0.000137964,NA,NA,NA,NA,HORVU.MOREX.r3.4HG0342810,HORVU.MOREX.r3.4HG0342810:0.000929893,NA,NA
12340at38820,2,Zm00001eb405230,Zm00001eb405230:0.00312018,SORBI_3008G015200,SORBI_3008G015200:0.000929975,NA,NA,NA,NA,NA,NA
12340at4447,2,Zm00001eb405230,Zm00001eb405230:0.00312018,SORBI_3008G015200,SORBI_3008G015200:0.000929975,NA,NA,NA,NA,NA,NA
12635at38820,2,Zm00001eb152320,Zm00001eb152320:0.0014356,SORBI_3003G305400,SORBI_3003G305400:0.000734903,NA,NA,NA,NA,NA,NA
12635at4447,2,Zm00001eb152320,Zm00001eb152320:0.0014356,SORBI_3003G305400,SORBI_3003G305400:0.000734903,NA,NA,NA,NA,NA,NA
129941at2759,2,Zm00001eb317730,Zm00001eb317730:0.0024974,NA,NA,NA,NA,HORVU.MOREX.r3.6HG0546560,HORVU.MOREX.r3.6HG0546560:0.00167495,NA,NA
129941at3193,2,Zm00001eb317730,Zm00001eb317730:0.0024974,NA,NA,NA,NA,HORVU.MOREX.r3.6HG0546560,HORVU.MOREX.r3.6HG0546560:0.00167495,NA,NA
129941at33090,2,Zm00001eb317730,Zm00001eb317730:0.0024974,NA,NA,NA,NA,HORVU.MOREX.r3.6HG0546560,HORVU.MOREX.r3.6HG0546560:0.00167495,NA,NA
131670at33090,2,Zm00001eb146720;Zm00001eb157040;Zm00001eb292770,Zm00001eb146720:0.000699217;Zm00001eb157040:0.00163873;Zm00001eb292770:0.00256016,SORBI_3003G368000,SORBI_3003G368000:0.00136049,NA,NA,NA,NA,NA,NA
132870at2759,2,Zm00001eb338800,Zm00001eb338800:0.00336763,NA,NA,NA,NA,HORVU.MOREX.r3.1HG0093050,HORVU.MOREX.r3.1HG0093050:0.000272019,NA,NA
132870at33090,2,Zm00001eb338800,Zm00001eb338800:0.00336763,NA,NA,NA,NA,HORVU.MOREX.r3.1HG0093050,HORVU.MOREX.r3.1HG0093050:0.000272019,NA,NA
13560at4447,2,Zm00001eb278390,Zm00001eb278390:0.001908,SORBI_3001G359400;SORBI_3010G070000,SORBI_3001G359400:0.000324716;SORBI_3010G070000:0.00127045,NA,NA,NA,NA,NA,NA
136934at3193,2,Zm00001eb416760,Zm00001eb416760:0.00295683,NA,NA,NA,NA,NA,NA,AT5G54580,AT5G54580:0.000975134
136934at33090,2,Zm00001eb416760,Zm00001eb416760:0.00295683,NA,NA,NA,NA,NA,NA,AT5G54580,AT5G54580:0.000975134
14176at38820,2,Zm00001eb291310,Zm00001eb291310:0.000612662,SORBI_3003G330900,SORBI_3003G330900:0.00039433,NA,NA,NA,NA,NA,NA
14176at4447,2,Zm00001eb291310,Zm00001eb291310:0.000612662,SORBI_3003G330900,SORBI_3003G330900:0.00039433,NA,NA,NA,NA,NA,NA
142335at2759,2,Zm00001eb217860,Zm00001eb217860:0.00352676,NA,NA,NA,NA,NA,NA,AT3G63210,AT3G63210:0.00116577
142335at3193,2,Zm00001eb217860,Zm00001eb217860:0.00352676,NA,NA,NA,NA,NA,NA,AT3G63210,AT3G63210:0.00116577
142335at33090,2,Zm00001eb217860,Zm00001eb217860:0.00352676,NA,NA,NA,NA,NA,NA,AT3G63210,AT3G63210:0.00116577
14467at4447,2,Zm00001eb260700,Zm00001eb260700:0.00135117,NA,NA,NA,NA,HORVU.MOREX.r3.2HG0100050,HORVU.MOREX.r3.2HG0100050:0.00367521,NA,NA
14578at38820,2,Zm00001eb343610,Zm00001eb343610:0.00358914,NA,NA,NA,NA,HORVU.MOREX.r3.1HG0087170,HORVU.MOREX.r3.1HG0087170:0.000392522,NA,NA
14578at4447,2,Zm00001eb343610,Zm00001eb343610:0.00358914,NA,NA,NA,NA,HORVU.MOREX.r3.1HG0087170,HORVU.MOREX.r3.1HG0087170:0.000392522,NA,NA
151851at2759,2,NA,NA,SORBI_3006G170900,SORBI_3006G170900:0.00145285,NA,NA,NA,NA,AT4G38390,AT4G38390:0.00186852
151851at3193,2,NA,NA,SORBI_3006G170900,SORBI_3006G170900:0.00145285,NA,NA,NA,NA,AT4G38390,AT4G38390:0.00186852
151851at33090,2,NA,NA,SORBI_3006G170900,SORBI_3006G170900:0.00145285,NA,NA,NA,NA,AT4G38390,AT4G38390:0.00186852
154810at2759,2,Zm00001eb167320,Zm00001eb167320:0.00287962,SORBI_3002G346400,SORBI_3002G346400:0.00174119,NA,NA,NA,NA,NA,NA
15541at38820,2,Zm00001eb289360,Zm00001eb289360:0.00255515,NA,NA,NA,NA,HORVU.MOREX.r3.1HG0076060,HORVU.MOREX.r3.1HG0076060:0.00245991,NA,NA
15541at4447,2,Zm00001eb289360,Zm00001eb289360:0.00255515,NA,NA,NA,NA,HORVU.MOREX.r3.1HG0076060,HORVU.MOREX.r3.1HG0076060:0.00245991,NA,NA
157294at3193,2,NA,NA,SORBI_3002G383800,SORBI_3002G383800:6.1106e-05,NA,NA,NA,NA,AT4G39520,AT4G39520:0.00293963
158457at3193,2,Zm00001eb062910,Zm00001eb062910:0.00159464,SORBI_3009G003800,SORBI_3009G003800:0.00150383,NA,NA,NA,NA,NA,NA
159883at2759,2,NA,NA,SORBI_3009G248900,SORBI_3009G248900:0.00164308,NA,NA,HORVU.MOREX.r3.1HG0092870,HORVU.MOREX.r3.1HG0092870:0.000452758,NA,NA
159883at3193,2,NA,NA,SORBI_3009G248900,SORBI_3009G248900:0.00164308,NA,NA,HORVU.MOREX.r3.1HG0092870,HORVU.MOREX.r3.1HG0092870:0.000452758,NA,NA
159883at33090,2,NA,NA,SORBI_3009G248900,SORBI_3009G248900:0.00164308,NA,NA,HORVU.MOREX.r3.1HG0092870,HORVU.MOREX.r3.1HG0092870:0.000452758,NA,NA
160884at2759,2,Zm00001eb147120,Zm00001eb147120:0.00374104,NA,NA,NA,NA,HORVU.MOREX.r3.3HG0303990,HORVU.MOREX.r3.3HG0303990:0.00102429,NA,NA
160884at3193,2,Zm00001eb147120,Zm00001eb147120:0.00374104,NA,NA,NA,NA,HORVU.MOREX.r3.3HG0303990,HORVU.MOREX.r3.3HG0303990:0.00102429,NA,NA
160884at33090,2,Zm00001eb147120,Zm00001eb147120:0.00374104,NA,NA,NA,NA,HORVU.MOREX.r3.3HG0303990,HORVU.MOREX.r3.3HG0303990:0.00102429,NA,NA
161106at2759,2,Zm00001eb278600,Zm00001eb278600:0.000129571,SORBI_3010G074900,SORBI_3010G074900:0.000245096,NA,NA,NA,NA,NA,NA
161106at3193,2,Zm00001eb278600,Zm00001eb278600:0.000129571,SORBI_3010G074900,SORBI_3010G074900:0.000245096,NA,NA,NA,NA,NA,NA
161106at33090,2,Zm00001eb278600,Zm00001eb278600:0.000129571,SORBI_3010G074900,SORBI_3010G074900:0.000245096,NA,NA,NA,NA,NA,NA
162741at2759,2,Zm00001eb404860,Zm00001eb404860:0.00342847,SORBI_3005G004400,SORBI_3005G004400:0.00151997,NA,NA,NA,NA,NA,NA
16345at3193,2,Zm00001eb042260,Zm00001eb042260:0.00291289,NA,NA,NA,NA,NA,NA,AT1G78090,AT1G78090:0.00259186
16395at38820,2,Zm00001eb057200,Zm00001eb057200:0.000428977,SORBI_3001G089800,SORBI_3001G089800:0.00181971,NA,NA,NA,NA,NA,NA
16395at4447,2,Zm00001eb057200,Zm00001eb057200:0.000428977,SORBI_3001G089800,SORBI_3001G089800:0.00181971,NA,NA,NA,NA,NA,NA
164184at3193,2,NA,NA,SORBI_3003G308100;SORBI_3007G090600,SORBI_3003G308100:0.000912342;SORBI_3007G090600:0.000688779,NA,NA,NA,NA,AT3G07330;AT3G28180,AT3G07330:6.43261e-05;AT3G28180:0.000177275
164184at33090,2,NA,NA,SORBI_3003G308100;SORBI_3007G090600,SORBI_3003G308100:0.000912342;SORBI_3007G090600:0.000688779,NA,NA,NA,NA,AT3G07330;AT3G28180,AT3G07330:6.43261e-05;AT3G28180:0.000177275
16518at38820,2,Zm00001eb154000,Zm00001eb154000:0.000480591,NA,NA,NA,NA,HORVU.MOREX.r3.1HG0092830,HORVU.MOREX.r3.1HG0092830:0.000473093,NA,NA
166961at2759,2,Zm00001eb151450,Zm00001eb151450:0.000300477,SORBI_3003G317200,SORBI_3003G317200:0.000741015,NA,NA,NA,NA,NA,NA
166961at33090,2,Zm00001eb151450,Zm00001eb151450:0.000300477,SORBI_3003G317200,SORBI_3003G317200:0.000741015,NA,NA,NA,NA,NA,NA
167653at2759,2,Zm00001eb067840;Zm00001eb067850;Zm00001eb067870,Zm00001eb067840:0.00143335;Zm00001eb067850:0.00143335;Zm00001eb067870:0.00143335,NA,NA,LOC_Os07g01200,LOC_Os07g01200:6.47477e-05,NA,NA,NA,NA
167653at3193,2,Zm00001eb067840;Zm00001eb067850;Zm00001eb067870,Zm00001eb067840:0.00143335;Zm00001eb067850:0.00143335;Zm00001eb067870:0.00143335,NA,NA,LOC_Os07g01200,LOC_Os07g01200:6.47477e-05,NA,NA,NA,NA
167653at33090,2,Zm00001eb067840;Zm00001eb067850;Zm00001eb067870,Zm00001eb067840:0.00143335;Zm00001eb067850:0.00143335;Zm00001eb067870:0.00143335,NA,NA,LOC_Os07g01200,LOC_Os07g01200:6.47477e-05,NA,NA,NA,NA
17074at38820,2,Zm00001eb280690,Zm00001eb280690:0.001266,NA,NA,NA,NA,HORVU.MOREX.r3.7HG0669790,HORVU.MOREX.r3.7HG0669790:0.000509184,NA,NA
17074at4447,2,Zm00001eb280690,Zm00001eb280690:0.001266,NA,NA,NA,NA,HORVU.MOREX.r3.7HG0669790,HORVU.MOREX.r3.7HG0669790:0.000509184,NA,NA
17258at38820,2,NA,NA,SORBI_3009G249000,SORBI_3009G249000:0.00164308,NA,NA,HORVU.MOREX.r3.1HG0092880,HORVU.MOREX.r3.1HG0092880:0.000452758,NA,NA
17258at4447,2,NA,NA,SORBI_3009G249000,SORBI_3009G249000:0.00164308,NA,NA,HORVU.MOREX.r3.1HG0092880,HORVU.MOREX.r3.1HG0092880:0.000452758,NA,NA
173060at2759,2,Zm00001eb278470,Zm00001eb278470:0.000606508,NA,NA,LOC_Os06g01934,LOC_Os06g01934:0.00015584,NA,NA,NA,NA
173060at3193,2,Zm00001eb278470,Zm00001eb278470:0.000606508,NA,NA,LOC_Os06g01934,LOC_Os06g01934:0.00015584,NA,NA,NA,NA
173060at33090,2,Zm00001eb278470,Zm00001eb278470:0.000606508,NA,NA,LOC_Os06g01934,LOC_Os06g01934:0.00015584,NA,NA,NA,NA
17392at3193,2,Zm00001eb034260,Zm00001eb034260:0.000222662,NA,NA,NA,NA,NA,NA,AT2G13360,AT2G13360:3.81612e-05
17392at33090,2,Zm00001eb034260,Zm00001eb034260:0.000222662,NA,NA,NA,NA,NA,NA,AT2G13360,AT2G13360:3.81612e-05
173945at3193,2,Zm00001eb062460,Zm00001eb062460:0.000846343,NA,NA,NA,NA,HORVU.MOREX.r3.5HG0525620,HORVU.MOREX.r3.5HG0525620:0.0035111,NA,NA
17508at38820,2,NA,NA,SORBI_3006G161300,SORBI_3006G161300:2.93e-05,NA,NA,HORVU.MOREX.r3.2HG0184590,HORVU.MOREX.r3.2HG0184590:0.00317996,NA,NA
17508at4447,2,NA,NA,SORBI_3006G161300,SORBI_3006G161300:2.93e-05,NA,NA,HORVU.MOREX.r3.2HG0184590,HORVU.MOREX.r3.2HG0184590:0.00317996,NA,NA
178787at2759,2,Zm00001eb222880,Zm00001eb222880:0.000838084,NA,NA,NA,NA,HORVU.MOREX.r3.5HG0432280,HORVU.MOREX.r3.5HG0432280:0.000359313,NA,NA
178787at3193,2,Zm00001eb222880,Zm00001eb222880:0.000838084,NA,NA,NA,NA,HORVU.MOREX.r3.5HG0432280,HORVU.MOREX.r3.5HG0432280:0.000359313,NA,NA
178787at33090,2,Zm00001eb222880,Zm00001eb222880:0.000838084,NA,NA,NA,NA,HORVU.MOREX.r3.5HG0432280,HORVU.MOREX.r3.5HG0432280:0.000359313,NA,NA
17932at38820,2,Zm00001eb033650,Zm00001eb033650:0.000389493,NA,NA,NA,NA,HORVU.MOREX.r3.3HG0303550,HORVU.MOREX.r3.3HG0303550:3.04589e-05,NA,NA
17932at4447,2,Zm00001eb033650,Zm00001eb033650:0.000389493,NA,NA,NA,NA,HORVU.MOREX.r3.3HG0303550,HORVU.MOREX.r3.3HG0303550:3.04589e-05,NA,NA
181237at3193,2,Zm00001eb166540,Zm00001eb166540:0.00036652,NA,NA,NA,NA,NA,NA,AT2G06255,AT2G06255:0.0017829
182904at3193,2,Zm00001eb071300,Zm00001eb071300:0.00309886,NA,NA,NA,NA,NA,NA,AT2G32730,AT2G32730:0.00181213
184525at2759,2,Zm00001eb052700,Zm00001eb052700:0.00133236,SORBI_3001G240300,SORBI_3001G240300:0.00043818,NA,NA,NA,NA,NA,NA
184525at33090,2,Zm00001eb052700,Zm00001eb052700:0.00133236,SORBI_3001G240300,SORBI_3001G240300:0.00043818,NA,NA,NA,NA,NA,NA
185185at3193,2,Zm00001eb362660,Zm00001eb362660:0.000857634,NA,NA,LOC_Os01g09570,LOC_Os01g09570:0.000202336,NA,NA,NA,NA
185185at33090,2,Zm00001eb362660,Zm00001eb362660:0.000857634,NA,NA,LOC_Os01g09570,LOC_Os01g09570:0.000202336,NA,NA,NA,NA
186321at3193,2,NA,NA,SORBI_3001G196000,SORBI_3001G196000:0.000269944,NA,NA,NA,NA,AT4G39050,AT4G39050:0.00232537
187007at3193,2,Zm00001eb397150,Zm00001eb397150:0.00330054,NA,NA,NA,NA,NA,NA,AT3G10290;AT3G11320,AT3G10290:0.000970637;AT3G11320:0.00243383
187007at33090,2,Zm00001eb397150,Zm00001eb397150:0.00330054,NA,NA,NA,NA,NA,NA,AT1G12500;AT3G10290;AT3G11320,AT1G12500:0.00102474;AT3G10290:0.000970637;AT3G11320:0.00243383
1873676at2759,2,Zm00001eb026440;Zm00001eb040100;Zm00001eb303120,Zm00001eb026440:0.00346875;Zm00001eb040100:0.000587721;Zm00001eb303120:0.000353691,SORBI_3006G278300,SORBI_3006G278300:0.000548905,NA,NA,NA,NA,NA,NA
1873865at2759,2,NA,NA,NA,NA,LOC_Os03g08220,LOC_Os03g08220:9.30304e-05,NA,NA,AT1G69530,AT1G69530:0.00322716
190162at2759,2,Zm00001eb273950,Zm00001eb273950:0.00397007,SORBI_3004G052200,SORBI_3004G052200:2.58112e-06,NA,NA,NA,NA,NA,NA
190162at3193,2,Zm00001eb273950,Zm00001eb273950:0.00397007,SORBI_3004G052200,SORBI_3004G052200:2.58112e-06,NA,NA,NA,NA,NA,NA
190162at33090,2,Zm00001eb273950,Zm00001eb273950:0.00397007,SORBI_3004G052200,SORBI_3004G052200:2.58112e-06,NA,NA,NA,NA,NA,NA
192396at3193,2,Zm00001eb117430;Zm00001eb300320,Zm00001eb117430:0.00297021;Zm00001eb300320:0.000810019,NA,NA,NA,NA,NA,NA,AT3G11780,AT3G11780:0.0016411
19254at38820,2,Zm00001eb146060,Zm00001eb146060:0.00289569,SORBI_3003G374300,SORBI_3003G374300:0.00122928,NA,NA,NA,NA,NA,NA
19254at4447,2,Zm00001eb146060,Zm00001eb146060:0.00289569,SORBI_3003G374300,SORBI_3003G374300:0.00122928,NA,NA,NA,NA,NA,NA
192593at2759,2,Zm00001eb008800,Zm00001eb008800:0.00355209,NA,NA,NA,NA,HORVU.MOREX.r3.4HG0396180,HORVU.MOREX.r3.4HG0396180:0.00152654,NA,NA
192593at3193,2,Zm00001eb008800,Zm00001eb008800:0.00355209,NA,NA,NA,NA,HORVU.MOREX.r3.4HG0396180,HORVU.MOREX.r3.4HG0396180:0.00152654,NA,NA
192593at33090,2,Zm00001eb008800,Zm00001eb008800:0.00355209,NA,NA,NA,NA,HORVU.MOREX.r3.4HG0396180,HORVU.MOREX.r3.4HG0396180:0.00152654,NA,NA
19310at38820,2,Zm00001eb111340,Zm00001eb111340:0.00383193,NA,NA,NA,NA,HORVU.MOREX.r3.2HG0113310,HORVU.MOREX.r3.2HG0113310:0.00346542,NA,NA
19310at4447,2,Zm00001eb111340,Zm00001eb111340:0.00383193,NA,NA,NA,NA,HORVU.MOREX.r3.2HG0113310,HORVU.MOREX.r3.2HG0113310:0.00346542,NA,NA
194939at3193,2,NA,NA,SORBI_3002G178900,SORBI_3002G178900:0.00169706,NA,NA,HORVU.MOREX.r3.1HG0084770,HORVU.MOREX.r3.1HG0084770:0.00359144,NA,NA
19806at38820,2,Zm00001eb102900,Zm00001eb102900:0.00145532,NA,NA,NA,NA,HORVU.MOREX.r3.5HG0496870;HORVU.MOREX.r3.5HG0496890,HORVU.MOREX.r3.5HG0496870:4.75945e-05;HORVU.MOREX.r3.5HG0496890:0.00146607,NA,NA
19829at38820,2,Zm00001eb338920,Zm00001eb338920:0.00283224,SORBI_3003G012900,SORBI_3003G012900:0.00183456,NA,NA,NA,NA,NA,NA
19829at4447,2,Zm00001eb338920,Zm00001eb338920:0.00283224,SORBI_3003G012900,SORBI_3003G012900:0.00183456,NA,NA,NA,NA,NA,NA
19930at3193,2,Zm00001eb161360;Zm00001eb361620,Zm00001eb161360:0.000769705;Zm00001eb361620:0.00264984,NA,NA,NA,NA,HORVU.MOREX.r3.3HG0285550,HORVU.MOREX.r3.3HG0285550:0.00325563,NA,NA
199853at2759,2,Zm00001eb200590,Zm00001eb200590:0.00130201,NA,NA,NA,NA,NA,NA,AT4G02680,AT4G02680:0.00155196
199853at3193,2,Zm00001eb200590,Zm00001eb200590:0.00130201,NA,NA,NA,NA,NA,NA,AT4G02680,AT4G02680:0.00155196
199853at33090,2,Zm00001eb200590,Zm00001eb200590:0.00130201,NA,NA,NA,NA,NA,NA,AT4G02680,AT4G02680:0.00155196
200364at3193,2,Zm00001eb292100,Zm00001eb292100:0.000551656,NA,NA,NA,NA,NA,NA,AT5G04590,AT5G04590:0.00137898
20124at2759,2,Zm00001eb006380,Zm00001eb006380:0.00237498,NA,NA,NA,NA,HORVU.MOREX.r3.4HG0405950,HORVU.MOREX.r3.4HG0405950:4.5889e-05,NA,NA
20124at3193,2,Zm00001eb006380,Zm00001eb006380:0.00237498,NA,NA,NA,NA,HORVU.MOREX.r3.4HG0405950,HORVU.MOREX.r3.4HG0405950:4.5889e-05,NA,NA
20124at33090,2,Zm00001eb006380,Zm00001eb006380:0.00237498,NA,NA,NA,NA,HORVU.MOREX.r3.4HG0405950,HORVU.MOREX.r3.4HG0405950:4.5889e-05,NA,NA
202249at3193,2,Zm00001eb252170,Zm00001eb252170:0.00113169,NA,NA,NA,NA,NA,NA,AT2G18330,AT2G18330:0.00247173
203914at3193,2,Zm00001eb146730,Zm00001eb146730:0.000699217,SORBI_3003G367900,SORBI_3003G367900:0.00136049,NA,NA,NA,NA,NA,NA
203914at33090,2,Zm00001eb146730,Zm00001eb146730:0.000699217,SORBI_3003G367900,SORBI_3003G367900:0.00136049,NA,NA,NA,NA,NA,NA
204884at2759,2,NA,NA,SORBI_3001G070800,SORBI_3001G070800:0.00175454,NA,NA,NA,NA,AT2G32580,AT2G32580:0.00186354
204884at3193,2,NA,NA,SORBI_3001G070800,SORBI_3001G070800:0.00175454,NA,NA,NA,NA,AT2G32580,AT2G32580:0.00186354
204884at33090,2,NA,NA,SORBI_3001G070800,SORBI_3001G070800:0.00175454,NA,NA,NA,NA,AT2G32580,AT2G32580:0.00186354
210952at2759,2,Zm00001eb407890,Zm00001eb407890:0.00384825,NA,NA,NA,NA,NA,NA,AT1G77580,AT1G77580:0.000301057
210952at3193,2,Zm00001eb407890,Zm00001eb407890:0.00384825,NA,NA,NA,NA,NA,NA,AT1G77580,AT1G77580:0.000301057
210952at33090,2,Zm00001eb407890,Zm00001eb407890:0.00384825,NA,NA,NA,NA,NA,NA,AT1G77580,AT1G77580:0.000301057
211644at2759,2,Zm00001eb414690,Zm00001eb414690:0.00217167,SORBI_3007G088900,SORBI_3007G088900:0.000997291,NA,NA,NA,NA,NA,NA
211644at3193,2,Zm00001eb414690,Zm00001eb414690:0.00217167,SORBI_3007G088900,SORBI_3007G088900:0.000997291,NA,NA,NA,NA,NA,NA
211644at33090,2,Zm00001eb414690,Zm00001eb414690:0.00217167,SORBI_3007G088900,SORBI_3007G088900:0.000997291,NA,NA,NA,NA,NA,NA
2126835at2759,2,Zm00001eb290750;Zm00001eb338910,Zm00001eb290750:0.00148465;Zm00001eb338910:0.00283224,SORBI_3003G013000,SORBI_3003G013000:0.00183456,NA,NA,NA,NA,NA,NA
21290at38820,2,Zm00001eb311010,Zm00001eb311010:0.00202322,NA,NA,NA,NA,HORVU.MOREX.r3.5HG0475790,HORVU.MOREX.r3.5HG0475790:0.00130911,NA,NA
21290at4447,2,Zm00001eb250600;Zm00001eb311010,Zm00001eb250600:0.00263749;Zm00001eb311010:0.00202322,NA,NA,NA,NA,HORVU.MOREX.r3.5HG0475790,HORVU.MOREX.r3.5HG0475790:0.00130911,NA,NA
216278at3193,2,Zm00001eb316590,Zm00001eb316590:0.000764787,NA,NA,LOC_Os09g04860,LOC_Os09g04860:6.69234e-06,NA,NA,NA,NA
216278at33090,2,Zm00001eb316590,Zm00001eb316590:0.000764787,NA,NA,LOC_Os09g04860,LOC_Os09g04860:6.69234e-06,NA,NA,NA,NA
217161at3193,2,Zm00001eb067520,Zm00001eb067520:0.00325747,SORBI_3005G034100,SORBI_3005G034100:0.000134383,NA,NA,NA,NA,NA,NA
217567at3193,2,Zm00001eb289460,Zm00001eb289460:0.00138358,NA,NA,NA,NA,HORVU.MOREX.r3.3HG0233710;HORVU.MOREX.r3.3HG0301950,HORVU.MOREX.r3.3HG0233710:0.00106106;HORVU.MOREX.r3.3HG0301950:0.0032939,NA,NA
217819at3193,2,Zm00001eb075500,Zm00001eb075500:0.00188476,SORBI_3006G161000,SORBI_3006G161000:2.93e-05,NA,NA,NA,NA,NA,NA
217922at3193,2,Zm00001eb427100,Zm00001eb427100:0.00239699,NA,NA,NA,NA,NA,NA,AT1G52530,AT1G52530:0.000329697
21892at38820,2,Zm00001eb006360,Zm00001eb006360:0.00237498,NA,NA,NA,NA,HORVU.MOREX.r3.4HG0405940,HORVU.MOREX.r3.4HG0405940:4.5889e-05,NA,NA
21892at4447,2,Zm00001eb006360,Zm00001eb006360:0.00237498,NA,NA,NA,NA,HORVU.MOREX.r3.4HG0405940,HORVU.MOREX.r3.4HG0405940:4.5889e-05,NA,NA
221549at3193,2,Zm00001eb363580,Zm00001eb363580:0.00188646,NA,NA,NA,NA,NA,NA,AT3G05510,AT3G05510:0.000525028
221549at33090,2,Zm00001eb363580,Zm00001eb363580:0.00188646,NA,NA,NA,NA,NA,NA,AT3G05510,AT3G05510:0.000525028
2225058at2759,2,Zm00001eb240940,Zm00001eb240940:0.000305823,NA,NA,LOC_Os11g01090,LOC_Os11g01090:0.000429155,NA,NA,NA,NA
222995at2759,2,Zm00001eb294520;Zm00001eb294530,Zm00001eb294520:0.000588903;Zm00001eb294530:0.000588903,NA,NA,NA,NA,HORVU.MOREX.r3.6HG0552470,HORVU.MOREX.r3.6HG0552470:0.000559167,NA,NA
222995at33090,2,Zm00001eb294520;Zm00001eb294530,Zm00001eb294520:0.000588903;Zm00001eb294530:0.000588903,NA,NA,NA,NA,HORVU.MOREX.r3.6HG0552470,HORVU.MOREX.r3.6HG0552470:0.000559167,NA,NA
223441at33090,2,NA,NA,NA,NA,NA,NA,HORVU.MOREX.r3.5HG0509750,HORVU.MOREX.r3.5HG0509750:5.1305e-05,AT1G05520;AT4G14160,AT1G05520:0.00312435;AT4G14160:0.00304301
223872at3193,2,Zm00001eb126310,Zm00001eb126310:0.00127424,NA,NA,NA,NA,HORVU.MOREX.r3.3HG0219220,HORVU.MOREX.r3.3HG0219220:0.00356084,NA,NA
223986at3193,2,Zm00001eb053220,Zm00001eb053220:0.00169524,NA,NA,NA,NA,HORVU.MOREX.r3.4HG0334860,HORVU.MOREX.r3.4HG0334860:0.00171162,NA,NA
225078at3193,2,NA,NA,NA,NA,LOC_Os09g04820,LOC_Os09g04820:0.000309599,HORVU.MOREX.r3.5HG0489890,HORVU.MOREX.r3.5HG0489890:0.00307313,NA,NA
225078at33090,2,NA,NA,NA,NA,LOC_Os09g04820,LOC_Os09g04820:0.000309599,HORVU.MOREX.r3.5HG0489890,HORVU.MOREX.r3.5HG0489890:0.00307313,NA,NA
225436at2759,2,Zm00001eb064780,Zm00001eb064780:0.0023094,NA,NA,NA,NA,NA,NA,AT3G14000,AT3G14000:0.00228779
225436at3193,2,Zm00001eb064780,Zm00001eb064780:0.0023094,NA,NA,NA,NA,NA,NA,AT3G14000,AT3G14000:0.00228779
225436at33090,2,Zm00001eb064780,Zm00001eb064780:0.0023094,NA,NA,NA,NA,NA,NA,AT3G14000,AT3G14000:0.00228779
227049at33090,2,Zm00001eb369940;Zm00001eb380190,Zm00001eb369940:0.00300477;Zm00001eb380190:0.00251653,NA,NA,NA,NA,HORVU.MOREX.r3.6HG0612090,HORVU.MOREX.r3.6HG0612090:0.00222061,NA,NA
227183at3193,2,Zm00001eb403660,Zm00001eb403660:0.000799661,NA,NA,NA,NA,NA,NA,AT5G52790,AT5G52790:0.00304101
227187at2759,2,Zm00001eb310990,Zm00001eb310990:0.00202322,NA,NA,NA,NA,HORVU.MOREX.r3.5HG0475770,HORVU.MOREX.r3.5HG0475770:0.00130911,NA,NA
227187at3193,2,Zm00001eb310990,Zm00001eb310990:0.00202322,NA,NA,NA,NA,HORVU.MOREX.r3.5HG0475770,HORVU.MOREX.r3.5HG0475770:0.00130911,NA,NA
227187at33090,2,Zm00001eb310990,Zm00001eb310990:0.00202322,NA,NA,NA,NA,HORVU.MOREX.r3.5HG0475770,HORVU.MOREX.r3.5HG0475770:0.00130911,NA,NA
227306at3193,2,Zm00001eb067160;Zm00001eb206080,Zm00001eb067160:0.0012479;Zm00001eb206080:0.00157501,NA,NA,NA,NA,NA,NA,AT3G12130,AT3G12130:0.0021465
227306at33090,2,Zm00001eb067160;Zm00001eb206080,Zm00001eb067160:0.0012479;Zm00001eb206080:0.00157501,NA,NA,NA,NA,NA,NA,AT3G12130,AT3G12130:0.0021465
22845at38820,2,Zm00001eb059210,Zm00001eb059210:0.00169125,NA,NA,NA,NA,HORVU.MOREX.r3.5HG0513930,HORVU.MOREX.r3.5HG0513930:0.00339146,NA,NA
22845at4447,2,Zm00001eb059210,Zm00001eb059210:0.00169125,NA,NA,NA,NA,HORVU.MOREX.r3.5HG0513930,HORVU.MOREX.r3.5HG0513930:0.00339146,NA,NA
229325at2759,2,Zm00001eb054160,Zm00001eb054160:0.000229601,NA,NA,NA,NA,HORVU.MOREX.r3.4HG0336020,HORVU.MOREX.r3.4HG0336020:0.00149095,NA,NA
229325at3193,2,Zm00001eb054160,Zm00001eb054160:0.000229601,NA,NA,NA,NA,HORVU.MOREX.r3.4HG0336020,HORVU.MOREX.r3.4HG0336020:0.00149095,NA,NA
229325at33090,2,Zm00001eb054160,Zm00001eb054160:0.000229601,NA,NA,NA,NA,HORVU.MOREX.r3.4HG0336020,HORVU.MOREX.r3.4HG0336020:0.00149095,NA,NA
22at38820,2,Zm00001eb377420,Zm00001eb377420:0.00343322,NA,NA,NA,NA,HORVU.MOREX.r3.7HG0649960,HORVU.MOREX.r3.7HG0649960:0.00319526,NA,NA
22at4447,2,Zm00001eb377420,Zm00001eb377420:0.00343322,NA,NA,NA,NA,HORVU.MOREX.r3.7HG0649960,HORVU.MOREX.r3.7HG0649960:0.00319526,NA,NA
230395at2759,2,Zm00001eb117350,Zm00001eb117350:0.00261132,SORBI_3001G063400,SORBI_3001G063400:0.00135813,NA,NA,NA,NA,NA,NA
230395at3193,2,Zm00001eb117350,Zm00001eb117350:0.00261132,SORBI_3001G063400,SORBI_3001G063400:0.00135813,NA,NA,NA,NA,NA,NA
230395at33090,2,Zm00001eb117350,Zm00001eb117350:0.00261132,SORBI_3001G063400,SORBI_3001G063400:0.00135813,NA,NA,NA,NA,NA,NA
230405at3193,2,Zm00001eb290750;Zm00001eb338910,Zm00001eb290750:0.00148465;Zm00001eb338910:0.00283224,SORBI_3003G013000,SORBI_3003G013000:0.00183456,NA,NA,NA,NA,NA,NA
230405at33090,2,Zm00001eb290750;Zm00001eb338910,Zm00001eb290750:0.00148465;Zm00001eb338910:0.00283224,SORBI_3003G013000,SORBI_3003G013000:0.00183456,NA,NA,NA,NA,NA,NA
23060at38820,2,Zm00001eb043960,Zm00001eb043960:0.00328062,SORBI_3001G199400,SORBI_3001G199400:0.000127805,NA,NA,NA,NA,NA,NA
23060at4447,2,Zm00001eb043960,Zm00001eb043960:0.00328062,SORBI_3001G199400,SORBI_3001G199400:0.000127805,NA,NA,NA,NA,NA,NA
230753at2759,2,Zm00001eb053230,Zm00001eb053230:0.00169524,NA,NA,NA,NA,HORVU.MOREX.r3.4HG0334850,HORVU.MOREX.r3.4HG0334850:0.00171162,NA,NA
230753at3193,2,Zm00001eb053230,Zm00001eb053230:0.00169524,NA,NA,NA,NA,HORVU.MOREX.r3.4HG0334850,HORVU.MOREX.r3.4HG0334850:0.00171162,NA,NA
230753at33090,2,Zm00001eb053230,Zm00001eb053230:0.00169524,NA,NA,NA,NA,HORVU.MOREX.r3.4HG0334850,HORVU.MOREX.r3.4HG0334850:0.00171162,NA,NA
23076at38820,2,Zm00001eb075310,Zm00001eb075310:0.00403913,SORBI_3001G196100,SORBI_3001G196100:0.000139177,NA,NA,NA,NA,NA,NA
23076at4447,2,Zm00001eb075310,Zm00001eb075310:0.00403913,SORBI_3001G196100,SORBI_3001G196100:0.000139177,NA,NA,NA,NA,NA,NA
231361at3193,2,Zm00001eb373090,Zm00001eb373090:0.00134455,SORBI_3010G083700,SORBI_3010G083700:0.00191596,NA,NA,NA,NA,NA,NA
23365at4447,2,Zm00001eb148270,Zm00001eb148270:0.00169845,NA,NA,NA,NA,HORVU.MOREX.r3.1HG0073500;HORVU.MOREX.r3.3HG0302440,HORVU.MOREX.r3.1HG0073500:0.000976668;HORVU.MOREX.r3.3HG0302440:0.000768285,NA,NA
234293at3193,2,Zm00001eb109800,Zm00001eb109800:0.00232368,SORBI_3002G383900,SORBI_3002G383900:6.1106e-05,NA,NA,NA,NA,NA,NA
23541at38820,2,Zm00001eb412500,Zm00001eb412500:0.00105029,NA,NA,NA,NA,HORVU.MOREX.r3.6HG0572930,HORVU.MOREX.r3.6HG0572930:0.000576492,NA,NA
23541at4447,2,Zm00001eb412500,Zm00001eb412500:0.00105029,NA,NA,NA,NA,HORVU.MOREX.r3.6HG0572930,HORVU.MOREX.r3.6HG0572930:0.000576492,NA,NA
23662at38820,2,Zm00001eb255530,Zm00001eb255530:0.000289182,NA,NA,NA,NA,HORVU.MOREX.r3.2HG0214400,HORVU.MOREX.r3.2HG0214400:0.00367519,NA,NA
23662at4447,2,Zm00001eb255530,Zm00001eb255530:0.000289182,NA,NA,NA,NA,HORVU.MOREX.r3.2HG0214400,HORVU.MOREX.r3.2HG0214400:0.00367519,NA,NA
238199at3193,2,Zm00001eb193100,Zm00001eb193100:9.04604e-05,NA,NA,LOC_Os09g04410,LOC_Os09g04410:6.69488e-06,NA,NA,NA,NA
241933at3193,2,Zm00001eb193380,Zm00001eb193380:0.00314928,NA,NA,NA,NA,NA,NA,AT2G32950,AT2G32950:0.000293079
241933at33090,2,Zm00001eb193380,Zm00001eb193380:0.00314928,NA,NA,NA,NA,NA,NA,AT2G32950,AT2G32950:0.000293079
243000at3193,2,NA,NA,SORBI_3001G440000,SORBI_3001G440000:0.000270746,NA,NA,NA,NA,AT5G64813,AT5G64813:0.000257965
246576at2759,2,Zm00001eb148680,Zm00001eb148680:0.000347263,SORBI_3009G165300,SORBI_3009G165300:0.000466066,NA,NA,NA,NA,NA,NA
246576at3193,2,Zm00001eb148680,Zm00001eb148680:0.000347263,SORBI_3009G165300,SORBI_3009G165300:0.000466066,NA,NA,NA,NA,NA,NA
246576at33090,2,Zm00001eb148680,Zm00001eb148680:0.000347263,SORBI_3009G165300,SORBI_3009G165300:0.000466066,NA,NA,NA,NA,NA,NA
2466201at2759,2,NA,NA,NA,NA,NA,NA,HORVU.MOREX.r3.5HG0426180,HORVU.MOREX.r3.5HG0426180:1.01783e-05,AT1G04290,AT1G04290:0.00266876
2467431at2759,2,Zm00001eb002570;Zm00001eb048810,Zm00001eb002570:0.00354418;Zm00001eb048810:8.72149e-05,NA,NA,NA,NA,HORVU.MOREX.r3.6HG0606110,HORVU.MOREX.r3.6HG0606110:2.20452e-05,NA,NA
24788at38820,2,Zm00001eb278600,Zm00001eb278600:0.000129571,SORBI_3010G074900,SORBI_3010G074900:0.000245096,NA,NA,NA,NA,NA,NA
24788at4447,2,Zm00001eb278600,Zm00001eb278600:0.000129571,SORBI_3010G074900,SORBI_3010G074900:0.000245096,NA,NA,NA,NA,NA,NA
248035at3193,2,Zm00001eb356000,Zm00001eb356000:0.00379967,NA,NA,NA,NA,NA,NA,AT2G32720,AT2G32720:4.03455e-06
249377at2759,2,NA,NA,NA,NA,NA,NA,HORVU.MOREX.r3.4HG0403130,HORVU.MOREX.r3.4HG0403130:0.000189661,AT2G44280,AT2G44280:1.13944e-05
249377at3193,2,NA,NA,NA,NA,NA,NA,HORVU.MOREX.r3.4HG0403130,HORVU.MOREX.r3.4HG0403130:0.000189661,AT2G44280,AT2G44280:1.13944e-05
249377at33090,2,NA,NA,NA,NA,NA,NA,HORVU.MOREX.r3.4HG0403130,HORVU.MOREX.r3.4HG0403130:0.000189661,AT2G44280,AT2G44280:1.13944e-05
2496at38820,2,Zm00001eb210490,Zm00001eb210490:0.00345019,SORBI_3005G080400,SORBI_3005G080400:0.00141037,NA,NA,NA,NA,NA,NA
2496at4447,2,Zm00001eb210490,Zm00001eb210490:0.00345019,SORBI_3005G080400,SORBI_3005G080400:0.00141037,NA,NA,NA,NA,NA,NA
250104at33090,2,NA,NA,NA,NA,NA,NA,HORVU.MOREX.r3.4HG0393630;HORVU.MOREX.r3.7HG0695500,HORVU.MOREX.r3.4HG0393630:0.00238036;HORVU.MOREX.r3.7HG0695500:0.000168303,AT2G01970,AT2G01970:4.64454e-06
2504at38820,2,Zm00001eb056220,Zm00001eb056220:0.0038433,NA,NA,NA,NA,HORVU.MOREX.r3.4HG0339720,HORVU.MOREX.r3.4HG0339720:9.23193e-05,NA,NA
2504at4447,2,Zm00001eb056220,Zm00001eb056220:0.0038433,NA,NA,NA,NA,HORVU.MOREX.r3.4HG0339720,HORVU.MOREX.r3.4HG0339720:9.23193e-05,NA,NA
254568at33090,2,Zm00001eb171030,Zm00001eb171030:0.000141193,NA,NA,NA,NA,NA,NA,AT4G14695;AT4G22310,AT4G14695:0.000294357;AT4G22310:0.000221465
2547374at2759,2,Zm00001eb289560;Zm00001eb289570;Zm00001eb290330,Zm00001eb289560:0.000498689;Zm00001eb289570:0.000498689;Zm00001eb290330:0.00384828,NA,NA,NA,NA,HORVU.MOREX.r3.4HG0393620,HORVU.MOREX.r3.4HG0393620:0.00238036,NA,NA
25702at38820,2,Zm00001eb180950,Zm00001eb180950:0.000110488,NA,NA,NA,NA,HORVU.MOREX.r3.6HG0618920;HORVU.MOREX.r3.6HG0618950,HORVU.MOREX.r3.6HG0618920:0.000641548;HORVU.MOREX.r3.6HG0618950:0.000641548,NA,NA
25702at4447,2,Zm00001eb180950,Zm00001eb180950:0.000110488,NA,NA,NA,NA,HORVU.MOREX.r3.6HG0618920;HORVU.MOREX.r3.6HG0618950,HORVU.MOREX.r3.6HG0618920:0.000641548;HORVU.MOREX.r3.6HG0618950:0.000641548,NA,NA
258773at2759,2,Zm00001eb064750,Zm00001eb064750:0.0023094,NA,NA,LOC_Os01g09550,LOC_Os01g09550:0.000126188,NA,NA,NA,NA
258773at33090,2,Zm00001eb064750,Zm00001eb064750:0.0023094,NA,NA,LOC_Os01g09550,LOC_Os01g09550:0.000126188,NA,NA,NA,NA
25924at38820,2,Zm00001eb393130,Zm00001eb393130:1.33779e-06,NA,NA,NA,NA,HORVU.MOREX.r3.5HG0490030,HORVU.MOREX.r3.5HG0490030:0.00186889,NA,NA
25924at4447,2,Zm00001eb393130,Zm00001eb393130:1.33779e-06,NA,NA,NA,NA,HORVU.MOREX.r3.5HG0490030,HORVU.MOREX.r3.5HG0490030:0.00186889,NA,NA
2612708at2759,2,Zm00001eb294170,Zm00001eb294170:0.000194568,NA,NA,NA,NA,NA,NA,AT1G52280,AT1G52280:0.00124781
261585at3193,2,Zm00001eb057200,Zm00001eb057200:0.000428977,SORBI_3001G089800,SORBI_3001G089800:0.00181971,NA,NA,NA,NA,NA,NA
261585at33090,2,Zm00001eb057200,Zm00001eb057200:0.000428977,SORBI_3001G089800,SORBI_3001G089800:0.00181971,NA,NA,NA,NA,NA,NA
26180at38820,2,Zm00001eb300130,Zm00001eb300130:0.00356309,NA,NA,NA,NA,HORVU.MOREX.r3.5HG0516760,HORVU.MOREX.r3.5HG0516760:0.00243167,NA,NA
26180at4447,2,Zm00001eb300130,Zm00001eb300130:0.00356309,NA,NA,NA,NA,HORVU.MOREX.r3.5HG0516760,HORVU.MOREX.r3.5HG0516760:0.00243167,NA,NA
263920at3193,2,Zm00001eb167320,Zm00001eb167320:0.00287962,SORBI_3002G346400,SORBI_3002G346400:0.00174119,NA,NA,NA,NA,NA,NA
263920at33090,2,Zm00001eb167320,Zm00001eb167320:0.00287962,SORBI_3002G346400,SORBI_3002G346400:0.00174119,NA,NA,NA,NA,NA,NA
265119at2759,2,Zm00001eb260090;Zm00001eb372320,Zm00001eb260090:0.00275285;Zm00001eb372320:0.00303976,NA,NA,NA,NA,NA,NA,AT1G09157,AT1G09157:3.71895e-05
265119at3193,2,Zm00001eb260090;Zm00001eb372320,Zm00001eb260090:0.00275285;Zm00001eb372320:0.00303976,NA,NA,NA,NA,NA,NA,AT1G09157,AT1G09157:3.71895e-05
265119at33090,2,Zm00001eb260090;Zm00001eb372320,Zm00001eb260090:0.00275285;Zm00001eb372320:0.00303976,NA,NA,NA,NA,NA,NA,AT1G09157,AT1G09157:3.71895e-05
2657802at2759,2,Zm00001eb418980,Zm00001eb418980:0.0016411,NA,NA,NA,NA,HORVU.MOREX.r3.2HG0100890;HORVU.MOREX.r3.2HG0100900,HORVU.MOREX.r3.2HG0100890:3.20087e-05;HORVU.MOREX.r3.2HG0100900:3.20087e-05,NA,NA
26615at38820,2,Zm00001eb290190,Zm00001eb290190:0.00295748,SORBI_3010G151900,SORBI_3010G151900:0.000829948,NA,NA,NA,NA,NA,NA
26615at4447,2,Zm00001eb290190,Zm00001eb290190:0.00295748,SORBI_3010G151900,SORBI_3010G151900:0.000829948,NA,NA,NA,NA,NA,NA
268464at3193,2,Zm00001eb102850,Zm00001eb102850:0.0034474,NA,NA,NA,NA,HORVU.MOREX.r3.5HG0496860,HORVU.MOREX.r3.5HG0496860:4.75945e-05,NA,NA
269380at3193,2,Zm00001eb144910,Zm00001eb144910:0.00162657,NA,NA,NA,NA,HORVU.MOREX.r3.1HG0084010,HORVU.MOREX.r3.1HG0084010:0.0021105,NA,NA
2695821at2759,2,NA,NA,NA,NA,NA,NA,HORVU.MOREX.r3.4HG0387640,HORVU.MOREX.r3.4HG0387640:0.00348257,AT1G07645,AT1G07645:2.16942e-05
269726at3193,2,Zm00001eb006350,Zm00001eb006350:0.00237498,NA,NA,NA,NA,HORVU.MOREX.r3.4HG0405920,HORVU.MOREX.r3.4HG0405920:4.5889e-05,NA,NA
269726at33090,2,Zm00001eb006350,Zm00001eb006350:0.00237498,NA,NA,NA,NA,HORVU.MOREX.r3.4HG0405920,HORVU.MOREX.r3.4HG0405920:4.5889e-05,NA,NA
2697at38820,2,Zm00001eb125560,Zm00001eb125560:0.00105114,NA,NA,NA,NA,HORVU.MOREX.r3.3HG0222560;HORVU.MOREX.r3.3HG0222570,HORVU.MOREX.r3.3HG0222560:0.00149405;HORVU.MOREX.r3.3HG0222570:0.00149405,NA,NA
2697at4447,2,Zm00001eb125560,Zm00001eb125560:0.00105114,NA,NA,NA,NA,HORVU.MOREX.r3.3HG0222560;HORVU.MOREX.r3.3HG0222570,HORVU.MOREX.r3.3HG0222560:0.00149405;HORVU.MOREX.r3.3HG0222570:0.00149405,NA,NA
2698798at2759,2,Zm00001eb396110;Zm00001eb396120,Zm00001eb396110:0.00392146;Zm00001eb396120:0.00392146,NA,NA,NA,NA,HORVU.MOREX.r3.2HG0110000,HORVU.MOREX.r3.2HG0110000:0.000109353,NA,NA
26999at4447,2,Zm00001eb171010,Zm00001eb171010:0.000141193,NA,NA,LOC_Os08g05560,LOC_Os08g05560:0.000190489,NA,NA,NA,NA
27182at4447,2,Zm00001eb125920,Zm00001eb125920:0.00368262,SORBI_3003G095100,SORBI_3003G095100:0.000375056,NA,NA,NA,NA,NA,NA
272851at3193,2,Zm00001eb406890,Zm00001eb406890:0.0022312,NA,NA,NA,NA,NA,NA,AT2G25100,AT2G25100:0.00279711
27292at38820,2,Zm00001eb109800,Zm00001eb109800:0.00232368,SORBI_3002G383900,SORBI_3002G383900:6.1106e-05,NA,NA,NA,NA,NA,NA
27292at4447,2,Zm00001eb109800,Zm00001eb109800:0.00232368,SORBI_3002G383900,SORBI_3002G383900:6.1106e-05,NA,NA,NA,NA,NA,NA
273255at3193,2,Zm00001eb281180,Zm00001eb281180:0.00139758,NA,NA,NA,NA,HORVU.MOREX.r3.7HG0667660,HORVU.MOREX.r3.7HG0667660:0.00361468,NA,NA
273255at33090,2,Zm00001eb281180,Zm00001eb281180:0.00139758,NA,NA,NA,NA,HORVU.MOREX.r3.7HG0667660,HORVU.MOREX.r3.7HG0667660:0.00361468,NA,NA
2737033at2759,2,NA,NA,SORBI_3009G045000,SORBI_3009G045000:0.00145903,NA,NA,NA,NA,AT2G20000,AT2G20000:0.00127118
27583at38820,2,Zm00001eb303120,Zm00001eb303120:0.000353691,SORBI_3006G278300,SORBI_3006G278300:0.000548905,NA,NA,NA,NA,NA,NA
27583at4447,2,Zm00001eb303120,Zm00001eb303120:0.000353691,SORBI_3006G278300,SORBI_3006G278300:0.000548905,NA,NA,NA,NA,NA,NA
276470at3193,2,NA,NA,SORBI_3009G193400,SORBI_3009G193400:0.00152378,NA,NA,NA,NA,AT1G30640,AT1G30640:0.00319254
27736at38820,2,Zm00001eb101840,Zm00001eb101840:0.0031326,NA,NA,NA,NA,HORVU.MOREX.r3.7HG0679520,HORVU.MOREX.r3.7HG0679520:0.000503537,NA,NA
27736at4447,2,Zm00001eb101840,Zm00001eb101840:0.0031326,NA,NA,NA,NA,HORVU.MOREX.r3.7HG0679520,HORVU.MOREX.r3.7HG0679520:0.000503537,NA,NA
279433at2759,2,Zm00001eb405640,Zm00001eb405640:0.00300864,SORBI_3008G022400,SORBI_3008G022400:0.000490347,NA,NA,NA,NA,NA,NA
279433at3193,2,Zm00001eb405640,Zm00001eb405640:0.00300864,SORBI_3008G022400,SORBI_3008G022400:0.000490347,NA,NA,NA,NA,NA,NA
279433at33090,2,Zm00001eb405640,Zm00001eb405640:0.00300864,SORBI_3008G022400,SORBI_3008G022400:0.000490347,NA,NA,NA,NA,NA,NA
279536at2759,2,Zm00001eb219170,Zm00001eb219170:0.000137964,NA,NA,NA,NA,HORVU.MOREX.r3.4HG0342810,HORVU.MOREX.r3.4HG0342810:0.000929893,NA,NA
2866293at2759,2,Zm00001eb254090,Zm00001eb254090:0.00212019,NA,NA,NA,NA,NA,NA,AT4G04180,AT4G04180:0.00311854
287518at3193,2,Zm00001eb080260,Zm00001eb080260:0.00306796,SORBI_3001G399200,SORBI_3001G399200:0.0010307,NA,NA,NA,NA,NA,NA
28837at38820,2,NA,NA,SORBI_3006G118700,SORBI_3006G118700:0.000569609,NA,NA,HORVU.MOREX.r3.3HG0328960,HORVU.MOREX.r3.3HG0328960:0.00037336,NA,NA
28837at4447,2,NA,NA,SORBI_3006G118700,SORBI_3006G118700:0.000569609,NA,NA,HORVU.MOREX.r3.3HG0328960,HORVU.MOREX.r3.3HG0328960:0.00037336,NA,NA
288450at2759,2,Zm00001eb433320,Zm00001eb433320:0.00364866,NA,NA,NA,NA,HORVU.MOREX.r3.2HG0212880,HORVU.MOREX.r3.2HG0212880:0.000743429,NA,NA
288450at3193,2,Zm00001eb433320,Zm00001eb433320:0.00364866,NA,NA,NA,NA,HORVU.MOREX.r3.2HG0212880,HORVU.MOREX.r3.2HG0212880:0.000743429,NA,NA
288450at33090,2,Zm00001eb433320,Zm00001eb433320:0.00364866,NA,NA,NA,NA,HORVU.MOREX.r3.2HG0212880,HORVU.MOREX.r3.2HG0212880:0.000743429,NA,NA
288905at3193,2,Zm00001eb093980,Zm00001eb093980:0.000482392,NA,NA,NA,NA,NA,NA,AT3G08850,AT3G08850:0.00183833
288905at33090,2,Zm00001eb093980,Zm00001eb093980:0.000482392,NA,NA,NA,NA,NA,NA,AT3G08850,AT3G08850:0.00183833
290209at2759,2,Zm00001eb402750,Zm00001eb402750:0.000481059,SORBI_3003G201500,SORBI_3003G201500:0.00160289,NA,NA,NA,NA,NA,NA
290209at33090,2,Zm00001eb402750,Zm00001eb402750:0.000481059,SORBI_3003G201500,SORBI_3003G201500:0.00160289,NA,NA,NA,NA,NA,NA
29096at4447,2,Zm00001eb281180,Zm00001eb281180:0.00139758,NA,NA,NA,NA,HORVU.MOREX.r3.7HG0667660,HORVU.MOREX.r3.7HG0667660:0.00361468,NA,NA
29351at2759,2,NA,NA,SORBI_3007G092600,SORBI_3007G092600:0.00196783,NA,NA,HORVU.MOREX.r3.7HG0658700,HORVU.MOREX.r3.7HG0658700:0.000338753,NA,NA
29351at3193,2,NA,NA,SORBI_3007G092600,SORBI_3007G092600:0.00196783,NA,NA,HORVU.MOREX.r3.7HG0658700,HORVU.MOREX.r3.7HG0658700:0.000338753,NA,NA
29351at33090,2,NA,NA,SORBI_3007G092600,SORBI_3007G092600:0.00196783,NA,NA,HORVU.MOREX.r3.7HG0658700,HORVU.MOREX.r3.7HG0658700:0.000338753,NA,NA
294132at2759,2,Zm00001eb433750,Zm00001eb433750:0.00238329,SORBI_3005G034400,SORBI_3005G034400:0.000134383,NA,NA,NA,NA,NA,NA
294520at3193,2,Zm00001eb397170,Zm00001eb397170:0.00330054,NA,NA,NA,NA,HORVU.MOREX.r3.2HG0107750,HORVU.MOREX.r3.2HG0107750:0.000251416,NA,NA
294677at3193,2,Zm00001eb074600,Zm00001eb074600:0.00171281,SORBI_3006G171400,SORBI_3006G171400:0.00145285,NA,NA,NA,NA,NA,NA
29549at2759,2,Zm00001eb405230,Zm00001eb405230:0.00312018,SORBI_3008G015200,SORBI_3008G015200:0.000929975,NA,NA,NA,NA,NA,NA
29549at3193,2,Zm00001eb405230,Zm00001eb405230:0.00312018,SORBI_3008G015200,SORBI_3008G015200:0.000929975,NA,NA,NA,NA,NA,NA
29549at33090,2,Zm00001eb405230,Zm00001eb405230:0.00312018,SORBI_3008G015200,SORBI_3008G015200:0.000929975,NA,NA,NA,NA,NA,NA
295827at2759,2,Zm00001eb300120,Zm00001eb300120:0.00356309,NA,NA,NA,NA,HORVU.MOREX.r3.2HG0214670,HORVU.MOREX.r3.2HG0214670:0.00247558,NA,NA
295827at3193,2,Zm00001eb300120,Zm00001eb300120:0.00356309,NA,NA,NA,NA,HORVU.MOREX.r3.2HG0214670,HORVU.MOREX.r3.2HG0214670:0.00247558,NA,NA
295827at33090,2,Zm00001eb300120,Zm00001eb300120:0.00356309,NA,NA,NA,NA,HORVU.MOREX.r3.2HG0214670,HORVU.MOREX.r3.2HG0214670:0.00247558,NA,NA
29670at38820,2,Zm00001eb362660,Zm00001eb362660:0.000857634,NA,NA,LOC_Os01g09570,LOC_Os01g09570:0.000202336,NA,NA,NA,NA
29670at4447,2,Zm00001eb362660,Zm00001eb362660:0.000857634,NA,NA,LOC_Os01g09570,LOC_Os01g09570:0.000202336,NA,NA,NA,NA
29767at38820,2,Zm00001eb192000,Zm00001eb192000:0.00224841,NA,NA,NA,NA,HORVU.MOREX.r3.6HG0627070,HORVU.MOREX.r3.6HG0627070:0.0022133,NA,NA
29767at4447,2,Zm00001eb192000,Zm00001eb192000:0.00224841,NA,NA,NA,NA,HORVU.MOREX.r3.6HG0627070,HORVU.MOREX.r3.6HG0627070:0.0022133,NA,NA
30004at3193,2,NA,NA,SORBI_3001G240600,SORBI_3001G240600:0.00043818,NA,NA,NA,NA,AT1G55520,AT1G55520:0.00109077
30305at38820,2,Zm00001eb418980,Zm00001eb418980:0.0016411,NA,NA,NA,NA,HORVU.MOREX.r3.2HG0100890;HORVU.MOREX.r3.2HG0100900,HORVU.MOREX.r3.2HG0100890:3.20087e-05;HORVU.MOREX.r3.2HG0100900:3.20087e-05,NA,NA
30305at4447,2,Zm00001eb418980,Zm00001eb418980:0.0016411,NA,NA,NA,NA,HORVU.MOREX.r3.2HG0100890;HORVU.MOREX.r3.2HG0100900,HORVU.MOREX.r3.2HG0100890:3.20087e-05;HORVU.MOREX.r3.2HG0100900:3.20087e-05,NA,NA
303308at2759,2,Zm00001eb254480,Zm00001eb254480:0.00299041,SORBI_3010G197300,SORBI_3010G197300:0.000847882,NA,NA,NA,NA,NA,NA
303308at33090,2,Zm00001eb254480,Zm00001eb254480:0.00299041,SORBI_3010G197300,SORBI_3010G197300:0.000847882,NA,NA,NA,NA,NA,NA
30677at38820,2,Zm00001eb361620,Zm00001eb361620:0.00264984,NA,NA,NA,NA,HORVU.MOREX.r3.3HG0285550,HORVU.MOREX.r3.3HG0285550:0.00325563,NA,NA
30677at4447,2,Zm00001eb361620,Zm00001eb361620:0.00264984,NA,NA,NA,NA,HORVU.MOREX.r3.3HG0285550,HORVU.MOREX.r3.3HG0285550:0.00325563,NA,NA
308151at2759,2,Zm00001eb404850,Zm00001eb404850:0.00342847,SORBI_3001G199300,SORBI_3001G199300:0.000127805,NA,NA,NA,NA,NA,NA
308151at3193,2,Zm00001eb404850,Zm00001eb404850:0.00342847,SORBI_3001G199300,SORBI_3001G199300:0.000127805,NA,NA,NA,NA,NA,NA
308151at33090,2,Zm00001eb404850,Zm00001eb404850:0.00342847,SORBI_3001G199300,SORBI_3001G199300:0.000127805,NA,NA,NA,NA,NA,NA
308984at33090,2,Zm00001eb289560;Zm00001eb289570;Zm00001eb290330,Zm00001eb289560:0.000498689;Zm00001eb289570:0.000498689;Zm00001eb290330:0.00384828,NA,NA,NA,NA,HORVU.MOREX.r3.4HG0393620,HORVU.MOREX.r3.4HG0393620:0.00238036,NA,NA
3103at38820,2,Zm00001eb190340,Zm00001eb190340:0.000779789,SORBI_3004G247000,SORBI_3004G247000:0.00188616,NA,NA,NA,NA,NA,NA
3103at4447,2,Zm00001eb190340,Zm00001eb190340:0.000779789,SORBI_3004G247000,SORBI_3004G247000:0.00188616,NA,NA,NA,NA,NA,NA
312483at3193,2,Zm00001eb156740,Zm00001eb156740:0.00202654,SORBI_3009G004300,SORBI_3009G004300:0.00150383,NA,NA,NA,NA,NA,NA
312483at33090,2,Zm00001eb156740,Zm00001eb156740:0.00202654,SORBI_3009G004300,SORBI_3009G004300:0.00150383,NA,NA,NA,NA,NA,NA
316342at2759,2,Zm00001eb258230,Zm00001eb258230:0.00185687,NA,NA,NA,NA,NA,NA,AT1G07370,AT1G07370:0.0021641
316636at2759,2,Zm00001eb326930,Zm00001eb326930:0.00327727,NA,NA,NA,NA,HORVU.MOREX.r3.2HG0126960,HORVU.MOREX.r3.2HG0126960:0.00183806,NA,NA
316636at3193,2,Zm00001eb326930,Zm00001eb326930:0.00327727,NA,NA,NA,NA,HORVU.MOREX.r3.2HG0126960,HORVU.MOREX.r3.2HG0126960:0.00183806,NA,NA
316636at33090,2,Zm00001eb326930,Zm00001eb326930:0.00327727,NA,NA,NA,NA,HORVU.MOREX.r3.2HG0126960,HORVU.MOREX.r3.2HG0126960:0.00183806,NA,NA
32285at38820,2,Zm00001eb404860,Zm00001eb404860:0.00342847,SORBI_3005G004400,SORBI_3005G004400:0.00151997,NA,NA,NA,NA,NA,NA
32285at4447,2,Zm00001eb404860,Zm00001eb404860:0.00342847,SORBI_3005G004400,SORBI_3005G004400:0.00151997,NA,NA,NA,NA,NA,NA
324262at2759,2,NA,NA,SORBI_3003G022300,SORBI_3003G022300:0.00160388,NA,NA,NA,NA,AT1G78460,AT1G78460:0.000761481
324530at2759,2,NA,NA,SORBI_3005G033801;SORBI_3005G033900,SORBI_3005G033801:0.000134383;SORBI_3005G033900:0.000134383,NA,NA,HORVU.MOREX.r3.2HG0107650,HORVU.MOREX.r3.2HG0107650:0.000756619,NA,NA
324530at3193,2,NA,NA,SORBI_3005G033801;SORBI_3005G033900,SORBI_3005G033801:0.000134383;SORBI_3005G033900:0.000134383,NA,NA,HORVU.MOREX.r3.2HG0107650,HORVU.MOREX.r3.2HG0107650:0.000756619,NA,NA
324530at33090,2,NA,NA,SORBI_3005G033801;SORBI_3005G033900,SORBI_3005G033801:0.000134383;SORBI_3005G033900:0.000134383,NA,NA,HORVU.MOREX.r3.2HG0107650,HORVU.MOREX.r3.2HG0107650:0.000756619,NA,NA
32455at38820,2,Zm00001eb163690;Zm00001eb405560,Zm00001eb163690:0.0023268;Zm00001eb405560:0.0025034,NA,NA,LOC_Os11g01280,LOC_Os11g01280:0.000412626,NA,NA,NA,NA
32455at4447,2,Zm00001eb163690;Zm00001eb405560,Zm00001eb163690:0.0023268;Zm00001eb405560:0.0025034,NA,NA,LOC_Os11g01280,LOC_Os11g01280:0.000412626,NA,NA,NA,NA
3246085at2759,2,Zm00001eb292100,Zm00001eb292100:0.000551656,NA,NA,NA,NA,NA,NA,AT5G04590,AT5G04590:0.00137898
327813at2759,2,Zm00001eb280730,Zm00001eb280730:0.00150185,NA,NA,NA,NA,NA,NA,AT1G23240,AT1G23240:0.00248993
327813at3193,2,Zm00001eb280730,Zm00001eb280730:0.00150185,NA,NA,NA,NA,NA,NA,AT1G23240,AT1G23240:0.00248993
327813at33090,2,Zm00001eb280730,Zm00001eb280730:0.00150185,NA,NA,NA,NA,NA,NA,AT1G23240,AT1G23240:0.00248993
328749at33090,2,Zm00001eb210570,Zm00001eb210570:0.0038887,NA,NA,NA,NA,NA,NA,AT2G35210,AT2G35210:0.00316694
32933at38820,2,Zm00001eb147480;Zm00001eb288800,Zm00001eb147480:0.00198948;Zm00001eb288800:0.000574103,SORBI_3003G361300,SORBI_3003G361300:0.000229276,NA,NA,NA,NA,NA,NA
32933at4447,2,Zm00001eb147480;Zm00001eb288800,Zm00001eb147480:0.00198948;Zm00001eb288800:0.000574103,SORBI_3003G361300,SORBI_3003G361300:0.000229276,NA,NA,NA,NA,NA,NA
33360at38820,2,Zm00001eb062120,Zm00001eb062120:0.00338549,SORBI_3001G041600,SORBI_3001G041600:0.000337533,NA,NA,NA,NA,NA,NA
336707at2759,2,Zm00001eb227690,Zm00001eb227690:0.00160169,NA,NA,NA,NA,NA,NA,AT1G23270,AT1G23270:0.00303144
336707at3193,2,Zm00001eb227690,Zm00001eb227690:0.00160169,NA,NA,NA,NA,NA,NA,AT1G23270,AT1G23270:0.00303144
336707at33090,2,Zm00001eb227690,Zm00001eb227690:0.00160169,NA,NA,NA,NA,NA,NA,AT1G23270,AT1G23270:0.00303144
337367at3193,2,Zm00001eb291310,Zm00001eb291310:0.000612662,SORBI_3003G330900,SORBI_3003G330900:0.00039433,NA,NA,NA,NA,NA,NA
33786at38820,2,Zm00001eb016180;Zm00001eb406290,Zm00001eb016180:0.00153253;Zm00001eb406290:0.000479805,NA,NA,NA,NA,HORVU.MOREX.r3.2HG0112410,HORVU.MOREX.r3.2HG0112410:0.000835743,NA,NA
33786at4447,2,Zm00001eb016180;Zm00001eb406290,Zm00001eb016180:0.00153253;Zm00001eb406290:0.000479805,NA,NA,NA,NA,HORVU.MOREX.r3.2HG0112410,HORVU.MOREX.r3.2HG0112410:0.000835743,NA,NA
338455at3193,2,Zm00001eb393120,Zm00001eb393120:1.33779e-06,NA,NA,NA,NA,NA,NA,AT2G03680,AT2G03680:7.52489e-05
338455at33090,2,Zm00001eb393120,Zm00001eb393120:1.33779e-06,NA,NA,NA,NA,NA,NA,AT2G03680,AT2G03680:7.52489e-05
34079at38820,2,NA,NA,SORBI_3003G427700;SORBI_3003G427800,SORBI_3003G427700:3.30768e-05;SORBI_3003G427800:3.30768e-05,LOC_Os01g09520,LOC_Os01g09520:8.06957e-05,NA,NA,NA,NA
34079at4447,2,NA,NA,SORBI_3003G427700;SORBI_3003G427800,SORBI_3003G427700:3.30768e-05;SORBI_3003G427800:3.30768e-05,LOC_Os01g09520,LOC_Os01g09520:8.06957e-05,NA,NA,NA,NA
341150at3193,2,Zm00001eb119790,Zm00001eb119790:0.00114045,SORBI_3003G015900,SORBI_3003G015900:0.00157666,NA,NA,NA,NA,NA,NA
342722at3193,2,Zm00001eb421360,Zm00001eb421360:0.000651305,SORBI_3006G058100,SORBI_3006G058100:0.000199979,NA,NA,NA,NA,NA,NA
343989at3193,2,Zm00001eb109790,Zm00001eb109790:0.00232368,NA,NA,NA,NA,NA,NA,AT5G64610,AT5G64610:0.00162761
343989at33090,2,Zm00001eb109790,Zm00001eb109790:0.00232368,NA,NA,NA,NA,NA,NA,AT5G64610,AT5G64610:0.00162761
34474at4447,2,Zm00001eb379770,Zm00001eb379770:0.000347558,NA,NA,NA,NA,HORVU.MOREX.r3.5HG0479280,HORVU.MOREX.r3.5HG0479280:0.00129333,NA,NA
3459473at2759,2,Zm00001eb421360,Zm00001eb421360:0.000651305,SORBI_3006G058100,SORBI_3006G058100:0.000199979,NA,NA,NA,NA,NA,NA
346751at2759,2,NA,NA,SORBI_3002G383800,SORBI_3002G383800:6.1106e-05,NA,NA,NA,NA,AT4G39520,AT4G39520:0.00293963
34801at38820,2,NA,NA,SORBI_3006G161200,SORBI_3006G161200:2.93e-05,NA,NA,HORVU.MOREX.r3.2HG0184560,HORVU.MOREX.r3.2HG0184560:0.000733735,NA,NA
34801at4447,2,NA,NA,SORBI_3006G161200,SORBI_3006G161200:2.93e-05,NA,NA,HORVU.MOREX.r3.2HG0184560,HORVU.MOREX.r3.2HG0184560:0.000733735,NA,NA
3493223at2759,2,NA,NA,SORBI_3001G358500,SORBI_3001G358500:0.000203508,NA,NA,NA,NA,AT1G02330,AT1G02330:0.000438646
34968at4447,2,Zm00001eb258860,Zm00001eb258860:0.00381479,NA,NA,NA,NA,HORVU.MOREX.r3.6HG0629220,HORVU.MOREX.r3.6HG0629220:5.90658e-05,NA,NA
351572at33090,2,Zm00001eb210550,Zm00001eb210550:0.0038887,NA,NA,NA,NA,HORVU.MOREX.r3.5HG0536110,HORVU.MOREX.r3.5HG0536110:0.00195742,NA,NA
354253at3193,2,Zm00001eb252310,Zm00001eb252310:0.0016349,NA,NA,NA,NA,NA,NA,AT5G40310,AT5G40310:0.00127332
35489at38820,2,Zm00001eb189940,Zm00001eb189940:0.00364255,SORBI_3010G197500,SORBI_3010G197500:0.000847882,NA,NA,NA,NA,NA,NA
35489at4447,2,Zm00001eb189940,Zm00001eb189940:0.00364255,SORBI_3010G197500,SORBI_3010G197500:0.000847882,NA,NA,NA,NA,NA,NA
3551at4447,2,Zm00001eb043120,Zm00001eb043120:0.00343957,NA,NA,NA,NA,HORVU.MOREX.r3.3HG0315590,HORVU.MOREX.r3.3HG0315590:2.63334e-05,NA,NA
35733at38820,2,Zm00001eb062110,Zm00001eb062110:0.00338549,SORBI_3001G041700,SORBI_3001G041700:0.000337533,NA,NA,NA,NA,NA,NA
35733at4447,2,Zm00001eb062110,Zm00001eb062110:0.00338549,SORBI_3001G041700,SORBI_3001G041700:0.000337533,NA,NA,NA,NA,NA,NA
36205at33090,2,NA,NA,NA,NA,LOC_Os02g02910,LOC_Os02g02910:6.85038e-05,NA,NA,AT4G01420,AT4G01420:0.00211935
3638424at2759,2,Zm00001eb398470,Zm00001eb398470:0.000362047,NA,NA,NA,NA,HORVU.MOREX.r3.4HG0391290,HORVU.MOREX.r3.4HG0391290:0.000838685,NA,NA
36441at38820,2,Zm00001eb043650,Zm00001eb043650:0.00356386,SORBI_3001G195800,SORBI_3001G195800:0.000269944,NA,NA,NA,NA,NA,NA
36441at4447,2,Zm00001eb043650,Zm00001eb043650:0.00356386,SORBI_3001G195800,SORBI_3001G195800:0.000269944,NA,NA,NA,NA,NA,NA
3644472at2759,2,Zm00001eb067160;Zm00001eb206080,Zm00001eb067160:0.0012479;Zm00001eb206080:0.00157501,NA,NA,NA,NA,NA,NA,AT3G12130,AT3G12130:0.0021465
36623at4447,2,Zm00001eb296060,Zm00001eb296060:0.000540648,SORBI_3003G229400,SORBI_3003G229400:0.000872653,NA,NA,NA,NA,NA,NA
36711at38820,2,Zm00001eb260700,Zm00001eb260700:0.00135117,NA,NA,NA,NA,HORVU.MOREX.r3.2HG0100050,HORVU.MOREX.r3.2HG0100050:0.00367521,NA,NA
3710at38820,2,Zm00001eb066340,Zm00001eb066340:0.000935117,NA,NA,NA,NA,HORVU.MOREX.r3.2HG0210320,HORVU.MOREX.r3.2HG0210320:0.00131957,NA,NA
3710at4447,2,Zm00001eb066340,Zm00001eb066340:0.000935117,NA,NA,NA,NA,HORVU.MOREX.r3.2HG0210320,HORVU.MOREX.r3.2HG0210320:0.00131957,NA,NA
37149at38820,2,Zm00001eb417460,Zm00001eb417460:0.00377533,NA,NA,NA,NA,HORVU.MOREX.r3.1HG0005410,HORVU.MOREX.r3.1HG0005410:0.00231705,NA,NA
37174at38820,2,NA,NA,SORBI_3009G248600,SORBI_3009G248600:0.00164308,NA,NA,HORVU.MOREX.r3.1HG0092820,HORVU.MOREX.r3.1HG0092820:0.000473093,NA,NA
3726at38820,2,NA,NA,SORBI_3003G418500,SORBI_3003G418500:8.16477e-07,NA,NA,HORVU.MOREX.r3.3HG0314660;HORVU.MOREX.r3.3HG0314760,HORVU.MOREX.r3.3HG0314660:0.00212345;HORVU.MOREX.r3.3HG0314760:0.00285222,NA,NA
3726at4447,2,NA,NA,SORBI_3003G418500,SORBI_3003G418500:8.16477e-07,NA,NA,HORVU.MOREX.r3.3HG0314660;HORVU.MOREX.r3.3HG0314760,HORVU.MOREX.r3.3HG0314660:0.00212345;HORVU.MOREX.r3.3HG0314760:0.00285222,NA,NA
37557at38820,2,Zm00001eb405650,Zm00001eb405650:0.00300864,SORBI_3008G022500,SORBI_3008G022500:0.000490347,NA,NA,NA,NA,NA,NA
37557at4447,2,Zm00001eb405650,Zm00001eb405650:0.00300864,SORBI_3008G022500,SORBI_3008G022500:0.000490347,NA,NA,NA,NA,NA,NA
37864at38820,2,NA,NA,SORBI_3006G228500,SORBI_3006G228500:0.00103633,NA,NA,HORVU.MOREX.r3.1HG0008890,HORVU.MOREX.r3.1HG0008890:0.00112078,NA,NA
37864at4447,2,NA,NA,SORBI_3006G228500,SORBI_3006G228500:0.00103633,NA,NA,HORVU.MOREX.r3.1HG0008890,HORVU.MOREX.r3.1HG0008890:0.00112078,NA,NA
38277at38820,2,Zm00001eb265880,Zm00001eb265880:0.000448793,NA,NA,NA,NA,HORVU.MOREX.r3.2HG0100750;HORVU.MOREX.r3.5HG0480940;HORVU.MOREX.r3.7HG0750940,HORVU.MOREX.r3.2HG0100750:0.00198649;HORVU.MOREX.r3.5HG0480940:0.00201782;HORVU.MOREX.r3.7HG0750940:0.00327493,NA,NA
38277at4447,2,Zm00001eb265880,Zm00001eb265880:0.000448793,NA,NA,NA,NA,HORVU.MOREX.r3.2HG0100750;HORVU.MOREX.r3.5HG0480940;HORVU.MOREX.r3.7HG0750940,HORVU.MOREX.r3.2HG0100750:0.00198649;HORVU.MOREX.r3.5HG0480940:0.00201782;HORVU.MOREX.r3.7HG0750940:0.00327493,NA,NA
38592at38820,2,Zm00001eb059840;Zm00001eb299950,Zm00001eb059840:0.00179936;Zm00001eb299950:0.00269732,NA,NA,NA,NA,HORVU.MOREX.r3.5HG0516400,HORVU.MOREX.r3.5HG0516400:0.00144325,NA,NA
38595at38820,2,Zm00001eb146720,Zm00001eb146720:0.000699217,SORBI_3003G368000,SORBI_3003G368000:0.00136049,NA,NA,NA,NA,NA,NA
38595at4447,2,Zm00001eb146720,Zm00001eb146720:0.000699217,SORBI_3003G368000,SORBI_3003G368000:0.00136049,NA,NA,NA,NA,NA,NA
3897at38820,2,NA,NA,SORBI_3003G162500,SORBI_3003G162500:0.00130067,NA,NA,HORVU.MOREX.r3.6HG0627110,HORVU.MOREX.r3.6HG0627110:0.0022133,NA,NA
38987at38820,2,Zm00001eb059220,Zm00001eb059220:0.00169125,NA,NA,NA,NA,HORVU.MOREX.r3.5HG0513960,HORVU.MOREX.r3.5HG0513960:0.00186181,NA,NA
38987at4447,2,Zm00001eb059220,Zm00001eb059220:0.00169125,NA,NA,NA,NA,HORVU.MOREX.r3.5HG0513960,HORVU.MOREX.r3.5HG0513960:0.00186181,NA,NA
39050at38820,2,Zm00001eb342070,Zm00001eb342070:0.00250291,NA,NA,NA,NA,HORVU.MOREX.r3.3HG0254950;HORVU.MOREX.r3.3HG0254990,HORVU.MOREX.r3.3HG0254950:1.87684e-05;HORVU.MOREX.r3.3HG0254990:0.0012379,NA,NA
39050at4447,2,Zm00001eb342070,Zm00001eb342070:0.00250291,NA,NA,NA,NA,HORVU.MOREX.r3.3HG0254950;HORVU.MOREX.r3.3HG0254990,HORVU.MOREX.r3.3HG0254950:1.87684e-05;HORVU.MOREX.r3.3HG0254990:0.0012379,NA,NA
392675at3193,2,Zm00001eb295770;Zm00001eb343630,Zm00001eb295770:0.000363103;Zm00001eb343630:0.00358914,NA,NA,NA,NA,NA,NA,AT3G08910,AT3G08910:0.00145422
394674at3193,2,Zm00001eb344570,Zm00001eb344570:0.00220302,NA,NA,NA,NA,NA,NA,AT2G48020,AT2G48020:0.00262977
394674at33090,2,Zm00001eb344570,Zm00001eb344570:0.00220302,NA,NA,NA,NA,NA,NA,AT2G48020,AT2G48020:0.00262977
3957436at2759,2,Zm00001eb050630,Zm00001eb050630:0.00137681,SORBI_3003G022600,SORBI_3003G022600:0.00160388,NA,NA,NA,NA,NA,NA
39654at38820,2,Zm00001eb373920,Zm00001eb373920:0.00126842,SORBI_3010G074600,SORBI_3010G074600:0.000245096,NA,NA,NA,NA,NA,NA
39654at4447,2,Zm00001eb373920,Zm00001eb373920:0.00126842,SORBI_3010G074600,SORBI_3010G074600:0.000245096,NA,NA,NA,NA,NA,NA
39841at38820,2,Zm00001eb199530,Zm00001eb199530:0.00115814,NA,NA,NA,NA,HORVU.MOREX.r3.5HG0489860,HORVU.MOREX.r3.5HG0489860:0.00177538,NA,NA
39841at4447,2,Zm00001eb199530,Zm00001eb199530:0.00115814,NA,NA,NA,NA,HORVU.MOREX.r3.5HG0489860,HORVU.MOREX.r3.5HG0489860:0.00177538,NA,NA
39911at38820,2,Zm00001eb069410,Zm00001eb069410:0.00197314,SORBI_3006G228200,SORBI_3006G228200:0.00103633,NA,NA,NA,NA,NA,NA
39911at4447,2,Zm00001eb069410,Zm00001eb069410:0.00197314,SORBI_3006G228200,SORBI_3006G228200:0.00103633,NA,NA,NA,NA,NA,NA
39938at38820,2,Zm00001eb053220,Zm00001eb053220:0.00169524,NA,NA,NA,NA,HORVU.MOREX.r3.4HG0334860,HORVU.MOREX.r3.4HG0334860:0.00171162,NA,NA
39938at4447,2,Zm00001eb053220,Zm00001eb053220:0.00169524,NA,NA,NA,NA,HORVU.MOREX.r3.4HG0334860,HORVU.MOREX.r3.4HG0334860:0.00171162,NA,NA
4000041at2759,2,Zm00001eb222210,Zm00001eb222210:0.000674847,NA,NA,NA,NA,NA,NA,AT5G51610,AT5G51610:0.00151914
4024996at2759,2,Zm00001eb309530,Zm00001eb309530:0.000624528,SORBI_3002G164700,SORBI_3002G164700:6.47739e-06,NA,NA,NA,NA,NA,NA
40635at38820,2,Zm00001eb405620,Zm00001eb405620:0.00300864,SORBI_3008G022100,SORBI_3008G022100:0.000490347,NA,NA,NA,NA,NA,NA
40635at4447,2,Zm00001eb405620,Zm00001eb405620:0.00300864,SORBI_3008G022100,SORBI_3008G022100:0.000490347,NA,NA,NA,NA,NA,NA
407308at2759,2,Zm00001eb165880,Zm00001eb165880:0.0021034,NA,NA,NA,NA,NA,NA,AT4G03090,AT4G03090:0.000157346
407308at3193,2,Zm00001eb165880,Zm00001eb165880:0.0021034,NA,NA,NA,NA,NA,NA,AT4G03090,AT4G03090:0.000157346
407308at33090,2,Zm00001eb165880,Zm00001eb165880:0.0021034,NA,NA,NA,NA,NA,NA,AT4G03090,AT4G03090:0.000157346
41156at4447,2,NA,NA,SORBI_3003G162500,SORBI_3003G162500:0.00130067,NA,NA,HORVU.MOREX.r3.6HG0627110,HORVU.MOREX.r3.6HG0627110:0.0022133,NA,NA
412024at2759,2,Zm00001eb062580,Zm00001eb062580:0.00183692,NA,NA,NA,NA,HORVU.MOREX.r3.5HG0526120,HORVU.MOREX.r3.5HG0526120:7.15739e-06,NA,NA
412714at2759,2,Zm00001eb330040,Zm00001eb330040:0.000636661,NA,NA,NA,NA,NA,NA,AT3G10380,AT3G10380:0.00207267
412714at3193,2,Zm00001eb330040,Zm00001eb330040:0.000636661,NA,NA,NA,NA,NA,NA,AT3G10380,AT3G10380:0.00207267
412714at33090,2,Zm00001eb330040,Zm00001eb330040:0.000636661,NA,NA,NA,NA,NA,NA,AT3G10380,AT3G10380:0.00207267
41305at38820,2,Zm00001eb397170,Zm00001eb397170:0.00330054,NA,NA,NA,NA,HORVU.MOREX.r3.2HG0107750,HORVU.MOREX.r3.2HG0107750:0.000251416,NA,NA
41305at4447,2,Zm00001eb397170,Zm00001eb397170:0.00330054,NA,NA,NA,NA,HORVU.MOREX.r3.2HG0107750,HORVU.MOREX.r3.2HG0107750:0.000251416,NA,NA
41491at4447,2,Zm00001eb167320,Zm00001eb167320:0.00287962,SORBI_3002G346400,SORBI_3002G346400:0.00174119,NA,NA,NA,NA,NA,NA
415523at3193,2,Zm00001eb160460,Zm00001eb160460:0.00186685,NA,NA,NA,NA,NA,NA,AT4G33060,AT4G33060:0.00234077
415523at33090,2,Zm00001eb160460,Zm00001eb160460:0.00186685,NA,NA,NA,NA,NA,NA,AT4G33060,AT4G33060:0.00234077
42001at38820,2,Zm00001eb429650,Zm00001eb429650:0.00225671,SORBI_3006G171100;SORBI_3006G171300,SORBI_3006G171100:0.00145285;SORBI_3006G171300:0.00145285,NA,NA,NA,NA,NA,NA
42176at38820,2,Zm00001eb364400,Zm00001eb364400:0.00136243,NA,NA,NA,NA,HORVU.MOREX.r3.3HG0310670,HORVU.MOREX.r3.3HG0310670:0.00302728,NA,NA
42385at38820,2,NA,NA,SORBI_3003G077300,SORBI_3003G077300:0.000806408,NA,NA,HORVU.MOREX.r3.3HG0228010,HORVU.MOREX.r3.3HG0228010:0.00150455,NA,NA
42385at4447,2,NA,NA,SORBI_3003G077300,SORBI_3003G077300:0.000806408,NA,NA,HORVU.MOREX.r3.3HG0228010,HORVU.MOREX.r3.3HG0228010:0.00150455,NA,NA
42394at38820,2,Zm00001eb004390,Zm00001eb004390:0.00255687,NA,NA,NA,NA,HORVU.MOREX.r3.4HG0401500,HORVU.MOREX.r3.4HG0401500:0.00139671,NA,NA
42394at4447,2,Zm00001eb004390,Zm00001eb004390:0.00255687,NA,NA,NA,NA,HORVU.MOREX.r3.4HG0401500,HORVU.MOREX.r3.4HG0401500:0.00139671,NA,NA
423967at2759,2,Zm00001eb145080;Zm00001eb355750,Zm00001eb145080:0.00191488;Zm00001eb355750:0.000431684,NA,NA,NA,NA,NA,NA,AT3G09410,AT3G09410:0.00213001
423967at33090,2,Zm00001eb145080;Zm00001eb355750,Zm00001eb145080:0.00191488;Zm00001eb355750:0.000431684,NA,NA,NA,NA,NA,NA,AT3G09410,AT3G09410:0.00213001
42436at38820,2,Zm00001eb135700,Zm00001eb135700:0.00327687,NA,NA,NA,NA,HORVU.MOREX.r3.5HG0432550,HORVU.MOREX.r3.5HG0432550:2.07618e-05,NA,NA
42436at4447,2,Zm00001eb135700,Zm00001eb135700:0.00327687,NA,NA,NA,NA,HORVU.MOREX.r3.5HG0432550,HORVU.MOREX.r3.5HG0432550:2.07618e-05,NA,NA
42477at4447,2,Zm00001eb311440,Zm00001eb311440:0.00281602,NA,NA,NA,NA,HORVU.MOREX.r3.2HG0107260,HORVU.MOREX.r3.2HG0107260:0.000444688,NA,NA
425007at3193,2,NA,NA,NA,NA,LOC_Os09g05060,LOC_Os09g05060:0.000225985,HORVU.MOREX.r3.1HG0087150,HORVU.MOREX.r3.1HG0087150:0.000392522,NA,NA
4257at38820,2,Zm00001eb050080,Zm00001eb050080:0.00353258,SORBI_3001G084100,SORBI_3001G084100:0.000755441,NA,NA,NA,NA,NA,NA
4257at4447,2,Zm00001eb050080,Zm00001eb050080:0.00353258,SORBI_3001G084100,SORBI_3001G084100:0.000755441,NA,NA,NA,NA,NA,NA
425867at2759,2,NA,NA,SORBI_3003G015600,SORBI_3003G015600:0.00157666,NA,NA,NA,NA,AT2G46420;AT3G10250,AT2G46420:0.00289053;AT3G10250:0.000482093
425867at3193,2,NA,NA,SORBI_3003G015600,SORBI_3003G015600:0.00157666,NA,NA,NA,NA,AT2G46420,AT2G46420:0.00289053
425867at33090,2,NA,NA,SORBI_3003G015600,SORBI_3003G015600:0.00157666,NA,NA,NA,NA,AT2G46420,AT2G46420:0.00289053
4262841at2759,2,NA,NA,SORBI_3001G240600,SORBI_3001G240600:0.00043818,NA,NA,NA,NA,AT1G55520,AT1G55520:0.00109077
4267669at2759,2,Zm00001eb193380,Zm00001eb193380:0.00314928,NA,NA,NA,NA,NA,NA,AT2G32950,AT2G32950:0.000293079
427651at3193,2,Zm00001eb009080,Zm00001eb009080:0.000931189,SORBI_3008G015000,SORBI_3008G015000:0.000929975,NA,NA,NA,NA,NA,NA
4279682at2759,2,Zm00001eb077900,Zm00001eb077900:0.000400393,NA,NA,NA,NA,NA,NA,AT2G20190,AT2G20190:0.00174856
4285218at2759,2,Zm00001eb106450;Zm00001eb106460,Zm00001eb106450:0.00373567;Zm00001eb106460:0.00373567,NA,NA,NA,NA,NA,NA,AT1G08880,AT1G08880:0.00274127
42854at38820,2,Zm00001eb074600,Zm00001eb074600:0.00171281,SORBI_3006G171400,SORBI_3006G171400:0.00145285,NA,NA,NA,NA,NA,NA
42854at4447,2,Zm00001eb074600,Zm00001eb074600:0.00171281,SORBI_3006G171400,SORBI_3006G171400:0.00145285,NA,NA,NA,NA,NA,NA
429114at33090,2,Zm00001eb148620,Zm00001eb148620:9.2436e-05,NA,NA,NA,NA,NA,NA,AT1G79520,AT1G79520:6.72565e-06
429320at2759,2,Zm00001eb252720;Zm00001eb252730,Zm00001eb252720:0.00302704;Zm00001eb252730:0.00137937,NA,NA,NA,NA,NA,NA,AT2G29980,AT2G29980:0.00256544
429320at33090,2,Zm00001eb252720;Zm00001eb252730,Zm00001eb252720:0.00302704;Zm00001eb252730:0.00137937,NA,NA,NA,NA,NA,NA,AT2G29980,AT2G29980:0.00256544
4309134at2759,2,Zm00001eb210570,Zm00001eb210570:0.0038887,NA,NA,NA,NA,NA,NA,AT2G35210,AT2G35210:0.00316694
431698at2759,2,NA,NA,SORBI_3007G076100,SORBI_3007G076100:0.000307336,NA,NA,NA,NA,AT4G13840,AT4G13840:0.00080628
431698at3193,2,NA,NA,SORBI_3007G076100,SORBI_3007G076100:0.000307336,NA,NA,NA,NA,AT4G13840,AT4G13840:0.00080628
431698at33090,2,NA,NA,SORBI_3007G076100,SORBI_3007G076100:0.000307336,NA,NA,NA,NA,AT4G13840,AT4G13840:0.00080628
432002at3193,2,NA,NA,SORBI_3003G077300,SORBI_3003G077300:0.000806408,NA,NA,HORVU.MOREX.r3.3HG0228010,HORVU.MOREX.r3.3HG0228010:0.00150455,NA,NA
433140at33090,2,NA,NA,NA,NA,LOC_Os03g08220,LOC_Os03g08220:9.30304e-05,NA,NA,AT1G69530,AT1G69530:0.00322716
43324at38820,2,Zm00001eb012470;Zm00001eb368000,Zm00001eb012470:0.00280406;Zm00001eb368000:0.00094791,NA,NA,NA,NA,HORVU.MOREX.r3.4HG0387610,HORVU.MOREX.r3.4HG0387610:0.00318204,NA,NA
43324at4447,2,Zm00001eb012470;Zm00001eb368000,Zm00001eb012470:0.00280406;Zm00001eb368000:0.00094791,NA,NA,NA,NA,HORVU.MOREX.r3.4HG0387610,HORVU.MOREX.r3.4HG0387610:0.00318204,NA,NA
434009at33090,2,NA,NA,SORBI_3003G331000,SORBI_3003G331000:0.00039433,NA,NA,HORVU.MOREX.r3.5HG0425710,HORVU.MOREX.r3.5HG0425710:0.00258768,NA,NA
434273at3193,2,Zm00001eb084910;Zm00001eb113170,Zm00001eb084910:0.00119235;Zm00001eb113170:0.00139266,SORBI_3006G058000,SORBI_3006G058000:0.000199979,NA,NA,NA,NA,NA,NA
4344163at2759,2,Zm00001eb035680,Zm00001eb035680:0.00136143,NA,NA,LOC_Os09g04970,LOC_Os09g04970:2.59764e-05,NA,NA,NA,NA
43615at38820,2,Zm00001eb212580,Zm00001eb212580:0.00123768,SORBI_3001G048100,SORBI_3001G048100:0.00103911,NA,NA,NA,NA,NA,NA
43615at4447,2,Zm00001eb212580,Zm00001eb212580:0.00123768,SORBI_3001G048100,SORBI_3001G048100:0.00103911,NA,NA,NA,NA,NA,NA
436803at3193,2,NA,NA,SORBI_3005G080200,SORBI_3005G080200:0.00141037,NA,NA,HORVU.MOREX.r3.4HG0343710,HORVU.MOREX.r3.4HG0343710:0.00101216,NA,NA
436803at33090,2,NA,NA,SORBI_3005G080200,SORBI_3005G080200:0.00141037,NA,NA,HORVU.MOREX.r3.4HG0343710,HORVU.MOREX.r3.4HG0343710:0.00101216,NA,NA
4382965at2759,2,Zm00001eb146720;Zm00001eb157040;Zm00001eb292770,Zm00001eb146720:0.000699217;Zm00001eb157040:0.00163873;Zm00001eb292770:0.00256016,SORBI_3003G368000,SORBI_3003G368000:0.00136049,NA,NA,NA,NA,NA,NA
438867at3193,2,Zm00001eb210550,Zm00001eb210550:0.0038887,NA,NA,NA,NA,HORVU.MOREX.r3.5HG0536110,HORVU.MOREX.r3.5HG0536110:0.00195742,NA,NA
439621at3193,2,Zm00001eb255120,Zm00001eb255120:0.00190593,NA,NA,NA,NA,NA,NA,AT4G39710,AT4G39710:0.00117904
4417054at2759,2,Zm00001eb126310,Zm00001eb126310:0.00127424,NA,NA,NA,NA,HORVU.MOREX.r3.3HG0219220,HORVU.MOREX.r3.3HG0219220:0.00356084,NA,NA
44314at38820,2,Zm00001eb193140,Zm00001eb193140:0.00251229,NA,NA,NA,NA,HORVU.MOREX.r3.2HG0123450,HORVU.MOREX.r3.2HG0123450:0.000321366,NA,NA
44314at4447,2,Zm00001eb193140,Zm00001eb193140:0.00251229,NA,NA,NA,NA,HORVU.MOREX.r3.2HG0123450,HORVU.MOREX.r3.2HG0123450:0.000321366,NA,NA
44320at38820,2,Zm00001eb222050,Zm00001eb222050:0.00017595,NA,NA,NA,NA,HORVU.MOREX.r3.1HG0041440,HORVU.MOREX.r3.1HG0041440:0.000111105,NA,NA
44320at4447,2,Zm00001eb222050,Zm00001eb222050:0.00017595,NA,NA,NA,NA,HORVU.MOREX.r3.1HG0041440,HORVU.MOREX.r3.1HG0041440:0.000111105,NA,NA
44372at38820,2,Zm00001eb006380,Zm00001eb006380:0.00237498,NA,NA,NA,NA,HORVU.MOREX.r3.4HG0405950,HORVU.MOREX.r3.4HG0405950:4.5889e-05,NA,NA
44372at4447,2,Zm00001eb006380,Zm00001eb006380:0.00237498,NA,NA,NA,NA,HORVU.MOREX.r3.4HG0405950,HORVU.MOREX.r3.4HG0405950:4.5889e-05,NA,NA
4439199at2759,2,NA,NA,SORBI_3008G008100,SORBI_3008G008100:0.0012249,NA,NA,HORVU.MOREX.r3.5HG0481140,HORVU.MOREX.r3.5HG0481140:0.00299925,NA,NA
4445803at2759,2,Zm00001eb402930,Zm00001eb402930:0.000833333,NA,NA,NA,NA,NA,NA,AT2G32750,AT2G32750:0.00235137
445891at3193,2,Zm00001eb180950,Zm00001eb180950:0.000110488,NA,NA,NA,NA,HORVU.MOREX.r3.6HG0618920;HORVU.MOREX.r3.6HG0618950,HORVU.MOREX.r3.6HG0618920:0.000641548;HORVU.MOREX.r3.6HG0618950:0.000641548,NA,NA
44597at38820,2,Zm00001eb159560;Zm00001eb344910,Zm00001eb159560:0.00181111;Zm00001eb344910:0.0017075,SORBI_3009G249100,SORBI_3009G249100:0.00164308,NA,NA,NA,NA,NA,NA
44597at4447,2,Zm00001eb159560;Zm00001eb344910,Zm00001eb159560:0.00181111;Zm00001eb344910:0.0017075,SORBI_3009G249100,SORBI_3009G249100:0.00164308,NA,NA,NA,NA,NA,NA
446216at3193,2,Zm00001eb278610,Zm00001eb278610:0.000129571,NA,NA,NA,NA,NA,NA,AT2G05220,AT2G05220:0.000516933
447116at2759,2,Zm00001eb045780,Zm00001eb045780:0.00311223,NA,NA,LOC_Os08g05490,LOC_Os08g05490:0.000193592,NA,NA,NA,NA
448753at3193,2,Zm00001eb338800,Zm00001eb338800:0.00336763,NA,NA,NA,NA,HORVU.MOREX.r3.1HG0093050,HORVU.MOREX.r3.1HG0093050:0.000272019,NA,NA
44985at38820,2,Zm00001eb117300,Zm00001eb117300:0.00261132,SORBI_3001G063300,SORBI_3001G063300:0.00135813,NA,NA,NA,NA,NA,NA
44985at4447,2,Zm00001eb117300,Zm00001eb117300:0.00261132,SORBI_3001G063300,SORBI_3001G063300:0.00135813,NA,NA,NA,NA,NA,NA
450855at3193,2,NA,NA,NA,NA,LOC_Os01g09590,LOC_Os01g09590:0.000229401,NA,NA,AT1G79100,AT1G79100:4.86056e-05
4510958at2759,2,Zm00001eb412500,Zm00001eb412500:0.00105029,NA,NA,NA,NA,HORVU.MOREX.r3.6HG0572930,HORVU.MOREX.r3.6HG0572930:0.000576492,NA,NA
45127at38820,2,Zm00001eb311000,Zm00001eb311000:0.00202322,NA,NA,NA,NA,HORVU.MOREX.r3.5HG0475780,HORVU.MOREX.r3.5HG0475780:0.00130911,NA,NA
45127at4447,2,Zm00001eb311000,Zm00001eb311000:0.00202322,NA,NA,NA,NA,HORVU.MOREX.r3.5HG0475780,HORVU.MOREX.r3.5HG0475780:0.00130911,NA,NA
452850at3193,2,NA,NA,NA,NA,NA,NA,HORVU.MOREX.r3.6HG0539990,HORVU.MOREX.r3.6HG0539990:0.00181757,AT5G07840,AT5G07840:0.000894863
4529388at2759,2,Zm00001eb103310;Zm00001eb202620,Zm00001eb103310:1.36708e-05;Zm00001eb202620:0.00160515,NA,NA,NA,NA,NA,NA,AT4G13770,AT4G13770:0.000316752
45355at38820,2,Zm00001eb232010,Zm00001eb232010:0.00302525,NA,NA,NA,NA,HORVU.MOREX.r3.6HG0557070,HORVU.MOREX.r3.6HG0557070:0.00141555,NA,NA
45355at4447,2,Zm00001eb232010,Zm00001eb232010:0.00302525,NA,NA,NA,NA,HORVU.MOREX.r3.6HG0557070,HORVU.MOREX.r3.6HG0557070:0.00141555,NA,NA
4535656at2759,2,Zm00001eb255120,Zm00001eb255120:0.00190593,NA,NA,NA,NA,NA,NA,AT4G39710,AT4G39710:0.00117904
45811at38820,2,Zm00001eb364390,Zm00001eb364390:0.00136243,NA,NA,NA,NA,HORVU.MOREX.r3.3HG0310660,HORVU.MOREX.r3.3HG0310660:0.00302728,NA,NA
45811at4447,2,Zm00001eb364390,Zm00001eb364390:0.00136243,NA,NA,NA,NA,HORVU.MOREX.r3.3HG0310660,HORVU.MOREX.r3.3HG0310660:0.00302728,NA,NA
45893at38820,2,Zm00001eb151450,Zm00001eb151450:0.000300477,SORBI_3003G317200,SORBI_3003G317200:0.000741015,NA,NA,NA,NA,NA,NA
45893at4447,2,Zm00001eb151450,Zm00001eb151450:0.000300477,SORBI_3003G317200,SORBI_3003G317200:0.000741015,NA,NA,NA,NA,NA,NA
4592at38820,2,Zm00001eb146070,Zm00001eb146070:0.00289569,SORBI_3003G374200,SORBI_3003G374200:0.00122928,NA,NA,NA,NA,NA,NA
4592at4447,2,Zm00001eb146070,Zm00001eb146070:0.00289569,SORBI_3003G374200,SORBI_3003G374200:0.00122928,NA,NA,NA,NA,NA,NA
459539at3193,2,Zm00001eb431490,Zm00001eb431490:0.00292839,NA,NA,NA,NA,NA,NA,AT1G11530,AT1G11530:0.00160566
4597540at2759,2,Zm00001eb125360,Zm00001eb125360:0.000126311,NA,NA,NA,NA,HORVU.MOREX.r3.3HG0221900,HORVU.MOREX.r3.3HG0221900:0.00268929,NA,NA
461442at3193,2,Zm00001eb255600,Zm00001eb255600:0.000393047,NA,NA,NA,NA,NA,NA,AT5G64350,AT5G64350:0.00111246
46220at38820,2,Zm00001eb375640,Zm00001eb375640:0.00235152,SORBI_3005G079100,SORBI_3005G079100:0.000314136,NA,NA,NA,NA,NA,NA
46220at4447,2,Zm00001eb375640,Zm00001eb375640:0.00235152,SORBI_3005G079100,SORBI_3005G079100:0.000314136,NA,NA,NA,NA,NA,NA
46285at38820,2,Zm00001eb250590,Zm00001eb250590:0.00263749,NA,NA,LOC_Os02g45520,LOC_Os02g45520:6.43309e-06,NA,NA,NA,NA
46285at4447,2,Zm00001eb250590,Zm00001eb250590:0.00263749,NA,NA,LOC_Os02g45520,LOC_Os02g45520:6.43309e-06,NA,NA,NA,NA
46537at3193,2,Zm00001eb364400,Zm00001eb364400:0.00136243,NA,NA,NA,NA,HORVU.MOREX.r3.3HG0310670,HORVU.MOREX.r3.3HG0310670:0.00302728,NA,NA
46537at33090,2,Zm00001eb364400,Zm00001eb364400:0.00136243,NA,NA,NA,NA,HORVU.MOREX.r3.3HG0310670,HORVU.MOREX.r3.3HG0310670:0.00302728,NA,NA
46560at38820,2,Zm00001eb421360,Zm00001eb421360:0.000651305,SORBI_3006G058100,SORBI_3006G058100:0.000199979,NA,NA,NA,NA,NA,NA
46560at4447,2,Zm00001eb421360,Zm00001eb421360:0.000651305,SORBI_3006G058100,SORBI_3006G058100:0.000199979,NA,NA,NA,NA,NA,NA
4657856at2759,2,Zm00001eb404840,Zm00001eb404840:0.00342847,SORBI_3005G004100,SORBI_3005G004100:0.00151997,NA,NA,NA,NA,NA,NA
4662890at2759,2,Zm00001eb397150,Zm00001eb397150:0.00330054,NA,NA,NA,NA,NA,NA,AT1G12500;AT3G10290;AT3G11320,AT1G12500:0.00102474;AT3G10290:0.000970637;AT3G11320:0.00243383
4664260at2759,2,NA,NA,NA,NA,LOC_Os09g04820,LOC_Os09g04820:0.000309599,HORVU.MOREX.r3.5HG0489890,HORVU.MOREX.r3.5HG0489890:0.00307313,NA,NA
4675067at2759,2,Zm00001eb369480,Zm00001eb369480:0.00214437,SORBI_3007G039300,SORBI_3007G039300:0.00105981,NA,NA,NA,NA,NA,NA
46783at38820,2,NA,NA,SORBI_3009G248900,SORBI_3009G248900:0.00164308,NA,NA,HORVU.MOREX.r3.1HG0092870,HORVU.MOREX.r3.1HG0092870:0.000452758,NA,NA
46783at4447,2,NA,NA,SORBI_3009G248900,SORBI_3009G248900:0.00164308,NA,NA,HORVU.MOREX.r3.1HG0092870,HORVU.MOREX.r3.1HG0092870:0.000452758,NA,NA
469267at3193,2,NA,NA,NA,NA,NA,NA,HORVU.MOREX.r3.4HG0387640,HORVU.MOREX.r3.4HG0387640:0.00348257,AT1G07645,AT1G07645:2.16942e-05
469267at33090,2,NA,NA,NA,NA,NA,NA,HORVU.MOREX.r3.4HG0387640,HORVU.MOREX.r3.4HG0387640:0.00348257,AT1G07645,AT1G07645:2.16942e-05
469359at3193,2,Zm00001eb372330,Zm00001eb372330:0.00303976,NA,NA,NA,NA,HORVU.MOREX.r3.6HG0597670,HORVU.MOREX.r3.6HG0597670:0.0011767,NA,NA
4710at38820,2,Zm00001eb092720;Zm00001eb196930,Zm00001eb092720:0.00364846;Zm00001eb196930:0.00315524,NA,NA,NA,NA,HORVU.MOREX.r3.6HG0557060,HORVU.MOREX.r3.6HG0557060:0.00141555,NA,NA
4710at4447,2,Zm00001eb092720;Zm00001eb196930,Zm00001eb092720:0.00364846;Zm00001eb196930:0.00315524,NA,NA,NA,NA,HORVU.MOREX.r3.6HG0557060,HORVU.MOREX.r3.6HG0557060:0.00141555,NA,NA
471126at2759,2,NA,NA,SORBI_3003G308100;SORBI_3007G090600,SORBI_3003G308100:0.000912342;SORBI_3007G090600:0.000688779,NA,NA,NA,NA,AT3G07330;AT3G28180,AT3G07330:6.43261e-05;AT3G28180:0.000177275
471140at2759,2,Zm00001eb059210,Zm00001eb059210:0.00169125,NA,NA,NA,NA,HORVU.MOREX.r3.5HG0513930,HORVU.MOREX.r3.5HG0513930:0.00339146,NA,NA
471140at3193,2,Zm00001eb059210,Zm00001eb059210:0.00169125,NA,NA,NA,NA,HORVU.MOREX.r3.5HG0513930,HORVU.MOREX.r3.5HG0513930:0.00339146,NA,NA
471140at33090,2,Zm00001eb059210,Zm00001eb059210:0.00169125,NA,NA,NA,NA,HORVU.MOREX.r3.5HG0513930,HORVU.MOREX.r3.5HG0513930:0.00339146,NA,NA
4714939at2759,2,Zm00001eb393130,Zm00001eb393130:1.33779e-06,NA,NA,NA,NA,HORVU.MOREX.r3.5HG0490030,HORVU.MOREX.r3.5HG0490030:0.00186889,NA,NA
4721954at2759,2,NA,NA,NA,NA,NA,NA,HORVU.MOREX.r3.4HG0393630;HORVU.MOREX.r3.7HG0695500,HORVU.MOREX.r3.4HG0393630:0.00238036;HORVU.MOREX.r3.7HG0695500:0.000168303,AT2G01970,AT2G01970:4.64454e-06
47237at38820,2,Zm00001eb192750,Zm00001eb192750:3.21803e-05,SORBI_3010G070100,SORBI_3010G070100:0.00127045,NA,NA,NA,NA,NA,NA
47237at4447,2,Zm00001eb192750,Zm00001eb192750:3.21803e-05,SORBI_3010G070100,SORBI_3010G070100:0.00127045,NA,NA,NA,NA,NA,NA
4727740at2759,2,Zm00001eb207130,Zm00001eb207130:0.0006545,NA,NA,NA,NA,NA,NA,AT1G61520,AT1G61520:0.0018183
47387at38820,2,Zm00001eb251050,Zm00001eb251050:0.000423493,NA,NA,NA,NA,HORVU.MOREX.r3.2HG0126900,HORVU.MOREX.r3.2HG0126900:0.00119724,NA,NA
47387at4447,2,Zm00001eb251050,Zm00001eb251050:0.000423493,NA,NA,NA,NA,HORVU.MOREX.r3.2HG0126900,HORVU.MOREX.r3.2HG0126900:0.00119724,NA,NA
474147at2759,2,Zm00001eb394060,Zm00001eb394060:0.000243614,SORBI_3002G387200,SORBI_3002G387200:0.00168838,NA,NA,NA,NA,NA,NA
47422at38820,2,Zm00001eb052690,Zm00001eb052690:0.00133236,NA,NA,NA,NA,HORVU.MOREX.r3.4HG0333190,HORVU.MOREX.r3.4HG0333190:0.000332994,NA,NA
47422at4447,2,Zm00001eb052690,Zm00001eb052690:0.00133236,NA,NA,NA,NA,HORVU.MOREX.r3.4HG0333190,HORVU.MOREX.r3.4HG0333190:0.000332994,NA,NA
4747719at2759,2,Zm00001eb142190,Zm00001eb142190:0.00143303,NA,NA,NA,NA,HORVU.MOREX.r3.1HG0093030,HORVU.MOREX.r3.1HG0093030:0.000336003,NA,NA
475388at2759,2,Zm00001eb257510;Zm00001eb370990,Zm00001eb257510:0.00385098;Zm00001eb370990:0.000539723,NA,NA,NA,NA,HORVU.MOREX.r3.1HG0077190,HORVU.MOREX.r3.1HG0077190:0.0007166,NA,NA
475388at33090,2,Zm00001eb257510;Zm00001eb370990,Zm00001eb257510:0.00385098;Zm00001eb370990:0.000539723,NA,NA,NA,NA,HORVU.MOREX.r3.1HG0077190,HORVU.MOREX.r3.1HG0077190:0.0007166,NA,NA
4760669at2759,2,Zm00001eb397170,Zm00001eb397170:0.00330054,NA,NA,NA,NA,HORVU.MOREX.r3.2HG0107750,HORVU.MOREX.r3.2HG0107750:0.000251416,NA,NA
4760724at2759,2,Zm00001eb058130;Zm00001eb250950,Zm00001eb058130:0.00283462;Zm00001eb250950:0.00109021,NA,NA,NA,NA,NA,NA,AT5G66080,AT5G66080:0.0023243
4762392at2759,2,Zm00001eb344570,Zm00001eb344570:0.00220302,NA,NA,NA,NA,NA,NA,AT2G48020,AT2G48020:0.00262977
4765882at2759,2,Zm00001eb397490,Zm00001eb397490:2.34188e-05,NA,NA,NA,NA,HORVU.MOREX.r3.1HG0007240;HORVU.MOREX.r3.1HG0007250,HORVU.MOREX.r3.1HG0007240:0.000638708;HORVU.MOREX.r3.1HG0007250:0.000638708,NA,NA
47686at38820,2,Zm00001eb414790;Zm00001eb423960,Zm00001eb414790:0.00380882;Zm00001eb423960:0.00317166,SORBI_3007G059600,SORBI_3007G059600:0.00134278,NA,NA,NA,NA,NA,NA
47686at4447,2,Zm00001eb414790;Zm00001eb423960,Zm00001eb414790:0.00380882;Zm00001eb423960:0.00317166,SORBI_3007G059600,SORBI_3007G059600:0.00134278,NA,NA,NA,NA,NA,NA
477561at2759,2,NA,NA,NA,NA,NA,NA,HORVU.MOREX.r3.3HG0325750,HORVU.MOREX.r3.3HG0325750:0.00229211,AT1G76950,AT1G76950:0.00305044
477561at33090,2,NA,NA,NA,NA,NA,NA,HORVU.MOREX.r3.3HG0325750,HORVU.MOREX.r3.3HG0325750:0.00229211,AT1G76950,AT1G76950:0.00305044
4777317at2759,2,Zm00001eb160460,Zm00001eb160460:0.00186685,NA,NA,NA,NA,NA,NA,AT4G33060,AT4G33060:0.00234077
47795at38820,2,Zm00001eb356300,Zm00001eb356300:0.000791175,SORBI_3009G000700,SORBI_3009G000700:0.000435846,NA,NA,NA,NA,NA,NA
47795at4447,2,Zm00001eb356300,Zm00001eb356300:0.000791175,SORBI_3009G000700,SORBI_3009G000700:0.000435846,NA,NA,NA,NA,NA,NA
4782124at2759,2,Zm00001eb068710,Zm00001eb068710:0.00267515,SORBI_3003G317700;SORBI_3004G113300;SORBI_3004G113400,SORBI_3003G317700:0.000741015;SORBI_3004G113300:0.00135131;SORBI_3004G113400:0.00135131,NA,NA,NA,NA,NA,NA
4804397at2759,2,Zm00001eb116740;Zm00001eb162230;Zm00001eb431490,Zm00001eb116740:0.00300793;Zm00001eb162230:0.00196557;Zm00001eb431490:0.00292839,NA,NA,NA,NA,NA,NA,AT1G11530,AT1G11530:0.00160566
4804574at2759,2,Zm00001eb316590,Zm00001eb316590:0.000764787,NA,NA,LOC_Os09g04860,LOC_Os09g04860:6.69234e-06,NA,NA,NA,NA
4804807at2759,2,Zm00001eb062600,Zm00001eb062600:0.00183692,NA,NA,NA,NA,HORVU.MOREX.r3.1HG0006570,HORVU.MOREX.r3.1HG0006570:0.00261838,NA,NA
4806464at2759,2,Zm00001eb043930,Zm00001eb043930:0.00378373,NA,NA,NA,NA,HORVU.MOREX.r3.2HG0203800,HORVU.MOREX.r3.2HG0203800:0.00151608,NA,NA
4809112at2759,2,Zm00001eb048820;Zm00001eb421880,Zm00001eb048820:8.72149e-05;Zm00001eb421880:0.00099131,SORBI_3007G091100;SORBI_3010G205200,SORBI_3007G091100:0.000182842;SORBI_3010G205200:0.000239571,NA,NA,NA,NA,NA,NA
4809300at2759,2,Zm00001eb066150;Zm00001eb433770,Zm00001eb066150:0.000843678;Zm00001eb433770:0.000169575,SORBI_3001G207400,SORBI_3001G207400:0.00150759,NA,NA,NA,NA,NA,NA
48107at38820,2,Zm00001eb074590,Zm00001eb074590:0.00171281,SORBI_3006G171500,SORBI_3006G171500:0.00145285,NA,NA,NA,NA,NA,NA
48107at4447,2,Zm00001eb074590,Zm00001eb074590:0.00171281,SORBI_3006G171500,SORBI_3006G171500:0.00145285,NA,NA,NA,NA,NA,NA
4810817at2759,2,Zm00001eb053090,Zm00001eb053090:0.00283136,NA,NA,NA,NA,HORVU.MOREX.r3.4HG0334480;HORVU.MOREX.r3.7HG0658130,HORVU.MOREX.r3.4HG0334480:0.00191175;HORVU.MOREX.r3.7HG0658130:0.000220397,NA,NA
48165at38820,2,Zm00001eb266800;Zm00001eb355740,Zm00001eb266800:0.00311923;Zm00001eb355740:0.000431684,NA,NA,NA,NA,HORVU.MOREX.r3.1HG0005750,HORVU.MOREX.r3.1HG0005750:1.07551e-05,NA,NA
48165at4447,2,Zm00001eb266800;Zm00001eb355740,Zm00001eb266800:0.00311923;Zm00001eb355740:0.000431684,NA,NA,NA,NA,HORVU.MOREX.r3.1HG0005750,HORVU.MOREX.r3.1HG0005750:1.07551e-05,NA,NA
4817867at2759,2,Zm00001eb232010,Zm00001eb232010:0.00302525,NA,NA,NA,NA,HORVU.MOREX.r3.6HG0557070,HORVU.MOREX.r3.6HG0557070:0.00141555,NA,NA
4819616at2759,2,Zm00001eb077130;Zm00001eb096680;Zm00001eb247760,Zm00001eb077130:0.00243698;Zm00001eb096680:0.00278557;Zm00001eb247760:0.000617968,NA,NA,NA,NA,NA,NA,AT1G01620,AT1G01620:0.001385
4822122at2759,2,Zm00001eb169920,Zm00001eb169920:0.000637243,NA,NA,NA,NA,NA,NA,AT2G32930,AT2G32930:0.000785956
48285at38820,2,Zm00001eb400820,Zm00001eb400820:0.00217287,NA,NA,LOC_Os02g02870,LOC_Os02g02870:0.000135855,NA,NA,NA,NA
48285at4447,2,Zm00001eb400820,Zm00001eb400820:0.00217287,NA,NA,LOC_Os02g02870,LOC_Os02g02870:0.000135855,NA,NA,NA,NA
4828752at2759,2,Zm00001eb019160,Zm00001eb019160:0.00136704,NA,NA,NA,NA,HORVU.MOREX.r3.6HG0544350,HORVU.MOREX.r3.6HG0544350:0.000103799,NA,NA
48322at38820,2,Zm00001eb022740,Zm00001eb022740:4.32643e-05,SORBI_3001G308400,SORBI_3001G308400:0.00128285,NA,NA,NA,NA,NA,NA
48322at4447,2,Zm00001eb022740,Zm00001eb022740:4.32643e-05,SORBI_3001G308400,SORBI_3001G308400:0.00128285,NA,NA,NA,NA,NA,NA
4836893at2759,2,Zm00001eb380080,Zm00001eb380080:0.00203658,NA,NA,NA,NA,NA,NA,AT5G65010,AT5G65010:0.00157021
4837427at2759,2,Zm00001eb012060;Zm00001eb165790;Zm00001eb363620,Zm00001eb012060:0.00333826;Zm00001eb165790:0.0025792;Zm00001eb363620:0.00188646,NA,NA,NA,NA,HORVU.MOREX.r3.4HG0388950,HORVU.MOREX.r3.4HG0388950:0.0019374,NA,NA
4838855at2759,2,Zm00001eb305640,Zm00001eb305640:0.00287489,NA,NA,NA,NA,NA,NA,AT4G11960,AT4G11960:0.000690967
4840631at2759,2,Zm00001eb434030,Zm00001eb434030:0.000828693,SORBI_3006G272600,SORBI_3006G272600:0.00170627,NA,NA,NA,NA,NA,NA
4840713at2759,2,Zm00001eb012270;Zm00001eb054100,Zm00001eb012270:0.000736099;Zm00001eb054100:0.000229601,NA,NA,NA,NA,HORVU.MOREX.r3.4HG0335910,HORVU.MOREX.r3.4HG0335910:5.23093e-06,NA,NA
4844197at2759,2,NA,NA,SORBI_3006G228500,SORBI_3006G228500:0.00103633,NA,NA,HORVU.MOREX.r3.1HG0008890,HORVU.MOREX.r3.1HG0008890:0.00112078,NA,NA
4844560at2759,2,Zm00001eb374000,Zm00001eb374000:0.00330974,SORBI_3002G213900,SORBI_3002G213900:0.00132768,NA,NA,NA,NA,NA,NA
4846626at2759,2,Zm00001eb313980,Zm00001eb313980:0.00386917,SORBI_3002G214400,SORBI_3002G214400:6.82208e-05,NA,NA,NA,NA,NA,NA
484697at2759,2,Zm00001eb326020,Zm00001eb326020:0.00305984,SORBI_3001G327900,SORBI_3001G327900:0.0017545,NA,NA,NA,NA,NA,NA
484697at3193,2,Zm00001eb326020,Zm00001eb326020:0.00305984,SORBI_3001G327900,SORBI_3001G327900:0.0017545,NA,NA,NA,NA,NA,NA
484697at33090,2,Zm00001eb326020,Zm00001eb326020:0.00305984,SORBI_3001G327900,SORBI_3001G327900:0.0017545,NA,NA,NA,NA,NA,NA
4849195at2759,2,Zm00001eb118920,Zm00001eb118920:0.00268379,NA,NA,NA,NA,HORVU.MOREX.r3.1HG0000070,HORVU.MOREX.r3.1HG0000070:0.000269111,NA,NA
4854762at2759,2,Zm00001eb291450,Zm00001eb291450:0.000746251,NA,NA,LOC_Os09g04260,LOC_Os09g04260:5.98622e-05,NA,NA,NA,NA
4858592at2759,2,NA,NA,NA,NA,NA,NA,HORVU.MOREX.r3.2HG0097600,HORVU.MOREX.r3.2HG0097600:0.000878243,AT1G19270,AT1G19270:0.00107644
4859897at2759,2,Zm00001eb179600,Zm00001eb179600:0.00194115,NA,NA,NA,NA,NA,NA,AT1G25520,AT1G25520:0.0032523
489515at2759,2,Zm00001eb383310,Zm00001eb383310:0.000693648,NA,NA,NA,NA,NA,NA,AT2G27500,AT2G27500:0.000843267
489515at3193,2,Zm00001eb383310,Zm00001eb383310:0.000693648,NA,NA,NA,NA,NA,NA,AT2G27500,AT2G27500:0.000843267
489515at33090,2,Zm00001eb383310,Zm00001eb383310:0.000693648,NA,NA,NA,NA,NA,NA,AT2G27500,AT2G27500:0.000843267
48958at4447,2,Zm00001eb102900,Zm00001eb102900:0.00145532,NA,NA,NA,NA,HORVU.MOREX.r3.5HG0496870;HORVU.MOREX.r3.5HG0496890,HORVU.MOREX.r3.5HG0496870:4.75945e-05;HORVU.MOREX.r3.5HG0496890:0.00146607,NA,NA
48959at38820,2,Zm00001eb146710,Zm00001eb146710:0.000699217,SORBI_3003G368100,SORBI_3003G368100:0.00136049,NA,NA,NA,NA,NA,NA
48959at4447,2,Zm00001eb146710,Zm00001eb146710:0.000699217,SORBI_3003G368100,SORBI_3003G368100:0.00136049,NA,NA,NA,NA,NA,NA
4896435at2759,2,Zm00001eb416760,Zm00001eb416760:0.00295683,NA,NA,NA,NA,NA,NA,AT5G54580,AT5G54580:0.000975134
4898590at2759,2,Zm00001eb060050,Zm00001eb060050:0.000993227,NA,NA,NA,NA,NA,NA,AT3G44110;AT5G22060,AT3G44110:0.000105607;AT5G22060:0.002026
4900517at2759,2,Zm00001eb050070,Zm00001eb050070:0.00353258,SORBI_3003G305200,SORBI_3003G305200:0.000734903,NA,NA,NA,NA,NA,NA
4904778at2759,2,NA,NA,NA,NA,NA,NA,HORVU.MOREX.r3.2HG0214380,HORVU.MOREX.r3.2HG0214380:0.00367519,AT4G25550,AT4G25550:0.00220981
4911644at2759,2,Zm00001eb071300,Zm00001eb071300:0.00309886,NA,NA,NA,NA,NA,NA,AT2G32730,AT2G32730:0.00181213
4916982at2759,2,Zm00001eb070250,Zm00001eb070250:0.00054286,NA,NA,NA,NA,NA,NA,AT1G11860,AT1G11860:0.000133243
4917248at2759,2,Zm00001eb017290;Zm00001eb110730,Zm00001eb017290:0.00223358;Zm00001eb110730:0.00382421,NA,NA,NA,NA,HORVU.MOREX.r3.7HG0752890,HORVU.MOREX.r3.7HG0752890:0.00142423,NA,NA
4923491at2759,2,Zm00001eb037890;Zm00001eb100630,Zm00001eb037890:0.00162271;Zm00001eb100630:0.000883845,NA,NA,NA,NA,NA,NA,AT5G62490,AT5G62490:0.00060901
4925035at2759,2,NA,NA,NA,NA,LOC_Os02g02910,LOC_Os02g02910:6.85038e-05,NA,NA,AT4G01420,AT4G01420:0.00211935
4932230at2759,2,Zm00001eb418370,Zm00001eb418370:0.00348888,SORBI_3003G229300,SORBI_3003G229300:0.000872653,NA,NA,NA,NA,NA,NA
4934647at2759,2,Zm00001eb008470,Zm00001eb008470:0.00190365,NA,NA,NA,NA,NA,NA,AT5G07910,AT5G07910:0.00217481
4941325at2759,2,Zm00001eb156740,Zm00001eb156740:0.00202654,SORBI_3009G004300,SORBI_3009G004300:0.00150383,NA,NA,NA,NA,NA,NA
4946261at2759,2,Zm00001eb288340,Zm00001eb288340:0.000656039,SORBI_3003G380300,SORBI_3003G380300:0.000134807,NA,NA,NA,NA,NA,NA
4947437at2759,2,NA,NA,SORBI_3001G043900,SORBI_3001G043900:0.00140648,NA,NA,HORVU.MOREX.r3.4HG0405960,HORVU.MOREX.r3.4HG0405960:4.5889e-05,NA,NA
4947838at2759,2,Zm00001eb175980,Zm00001eb175980:0.00061309,NA,NA,NA,NA,NA,NA,AT1G01650,AT1G01650:0.00277647
49480at38820,2,NA,NA,SORBI_3003G420100,SORBI_3003G420100:0.00142607,NA,NA,HORVU.MOREX.r3.3HG0316870,HORVU.MOREX.r3.3HG0316870:0.00156843,NA,NA
49480at4447,2,NA,NA,SORBI_3003G420100,SORBI_3003G420100:0.00142607,NA,NA,HORVU.MOREX.r3.3HG0316870,HORVU.MOREX.r3.3HG0316870:0.00156843,NA,NA
495001at2759,2,Zm00001eb255530,Zm00001eb255530:0.000289182,NA,NA,NA,NA,HORVU.MOREX.r3.2HG0214400,HORVU.MOREX.r3.2HG0214400:0.00367519,NA,NA
495001at3193,2,Zm00001eb255530,Zm00001eb255530:0.000289182,NA,NA,NA,NA,HORVU.MOREX.r3.2HG0214400,HORVU.MOREX.r3.2HG0214400:0.00367519,NA,NA
495001at33090,2,Zm00001eb255530,Zm00001eb255530:0.000289182,NA,NA,NA,NA,HORVU.MOREX.r3.2HG0214400,HORVU.MOREX.r3.2HG0214400:0.00367519,NA,NA
495144at2759,2,Zm00001eb345980,Zm00001eb345980:0.00156656,NA,NA,NA,NA,NA,NA,AT1G06980,AT1G06980:0.000647874
495144at3193,2,Zm00001eb345980,Zm00001eb345980:0.00156656,NA,NA,NA,NA,NA,NA,AT1G06980,AT1G06980:0.000647874
495144at33090,2,Zm00001eb345980,Zm00001eb345980:0.00156656,NA,NA,NA,NA,NA,NA,AT1G06980,AT1G06980:0.000647874
49577at4447,2,Zm00001eb117130,Zm00001eb117130:0.00252527,NA,NA,NA,NA,HORVU.MOREX.r3.4HG0333180,HORVU.MOREX.r3.4HG0333180:0.000332994,NA,NA
4964211at2759,2,Zm00001eb212550,Zm00001eb212550:0.00123768,SORBI_3001G047800,SORBI_3001G047800:0.00103911,NA,NA,NA,NA,NA,NA
49699at38820,2,Zm00001eb317730,Zm00001eb317730:0.0024974,NA,NA,NA,NA,HORVU.MOREX.r3.6HG0546560,HORVU.MOREX.r3.6HG0546560:0.00167495,NA,NA
49699at4447,2,Zm00001eb317730,Zm00001eb317730:0.0024974,NA,NA,NA,NA,HORVU.MOREX.r3.6HG0546560,HORVU.MOREX.r3.6HG0546560:0.00167495,NA,NA
4971798at2759,2,Zm00001eb042030;Zm00001eb057570,Zm00001eb042030:0.0034847;Zm00001eb057570:0.00357379,NA,NA,NA,NA,NA,NA,AT2G46650,AT2G46650:0.000387857
4972679at2759,2,Zm00001eb081790,Zm00001eb081790:0.00362843,SORBI_3009G170200,SORBI_3009G170200:0.000598235,NA,NA,NA,NA,NA,NA
4973292at2759,2,NA,NA,SORBI_3009G165700,SORBI_3009G165700:0.000466066,NA,NA,HORVU.MOREX.r3.3HG0303320,HORVU.MOREX.r3.3HG0303320:0.00250767,NA,NA
4975053at2759,2,Zm00001eb311000,Zm00001eb311000:0.00202322,NA,NA,NA,NA,HORVU.MOREX.r3.5HG0475780,HORVU.MOREX.r3.5HG0475780:0.00130911,NA,NA
4977996at2759,2,NA,NA,SORBI_3002G214700,SORBI_3002G214700:6.82208e-05,NA,NA,NA,NA,AT3G26680,AT3G26680:0.00229932
4981121at2759,2,Zm00001eb377770,Zm00001eb377770:0.00280294,NA,NA,NA,NA,NA,NA,AT5G66280,AT5G66280:0.00109469
4984893at2759,2,NA,NA,SORBI_3009G044800,SORBI_3009G044800:0.00145903,NA,NA,NA,NA,AT1G26830,AT1G26830:0.00251188
4989429at2759,2,Zm00001eb400820,Zm00001eb400820:0.00217287,NA,NA,LOC_Os02g02870,LOC_Os02g02870:0.000135855,NA,NA,NA,NA
4999337at2759,2,Zm00001eb278610,Zm00001eb278610:0.000129571,NA,NA,NA,NA,NA,NA,AT2G05220,AT2G05220:0.000516933
4999703at2759,2,Zm00001eb109790,Zm00001eb109790:0.00232368,NA,NA,NA,NA,NA,NA,AT5G64610,AT5G64610:0.00162761
4999845at2759,2,Zm00001eb071040,Zm00001eb071040:0.00284568,NA,NA,NA,NA,NA,NA,AT4G39330,AT4G39330:2.23337e-05
5000147at2759,2,Zm00001eb365600,Zm00001eb365600:0.00358039,NA,NA,NA,NA,HORVU.MOREX.r3.3HG0319320,HORVU.MOREX.r3.3HG0319320:0.000655575,NA,NA
5000229at2759,2,Zm00001eb004390,Zm00001eb004390:0.00255687,NA,NA,NA,NA,HORVU.MOREX.r3.4HG0401500,HORVU.MOREX.r3.4HG0401500:0.00139671,NA,NA
5000935at2759,2,NA,NA,NA,NA,NA,NA,HORVU.MOREX.r3.6HG0585920,HORVU.MOREX.r3.6HG0585920:0.00214078,AT3G26670,AT3G26670:0.00295907
5000937at2759,2,Zm00001eb343610,Zm00001eb343610:0.00358914,NA,NA,NA,NA,HORVU.MOREX.r3.1HG0087170,HORVU.MOREX.r3.1HG0087170:0.000392522,NA,NA
5000983at2759,2,Zm00001eb180950,Zm00001eb180950:0.000110488,NA,NA,NA,NA,HORVU.MOREX.r3.6HG0618920;HORVU.MOREX.r3.6HG0618950,HORVU.MOREX.r3.6HG0618920:0.000641548;HORVU.MOREX.r3.6HG0618950:0.000641548,NA,NA
5001364at2759,2,Zm00001eb252170,Zm00001eb252170:0.00113169,NA,NA,NA,NA,NA,NA,AT2G18330,AT2G18330:0.00247173
5001538at2759,2,Zm00001eb371150,Zm00001eb371150:0.00212394,SORBI_3001G062900,SORBI_3001G062900:0.00135813,NA,NA,NA,NA,NA,NA
5001558at2759,2,NA,NA,NA,NA,NA,NA,HORVU.MOREX.r3.2HG0105670,HORVU.MOREX.r3.2HG0105670:0.000338231,AT1G12360,AT1G12360:0.00248528
5001763at2759,2,Zm00001eb148620,Zm00001eb148620:9.2436e-05,NA,NA,NA,NA,NA,NA,AT1G79520,AT1G79520:6.72565e-06
5001769at2759,2,NA,NA,SORBI_3003G162500,SORBI_3003G162500:0.00130067,NA,NA,HORVU.MOREX.r3.6HG0627110,HORVU.MOREX.r3.6HG0627110:0.0022133,NA,NA
5001971at2759,2,Zm00001eb167250,Zm00001eb167250:0.00287304,NA,NA,NA,NA,NA,NA,AT5G66410,AT5G66410:0.000534426
5002246at2759,2,Zm00001eb224770,Zm00001eb224770:0.00105274,NA,NA,NA,NA,NA,NA,AT1G15960,AT1G15960:0.00280681
5002815at2759,2,Zm00001eb033650,Zm00001eb033650:0.000389493,NA,NA,NA,NA,HORVU.MOREX.r3.3HG0303550,HORVU.MOREX.r3.3HG0303550:3.04589e-05,NA,NA
5003164at2759,2,Zm00001eb101100,Zm00001eb101100:0.000110001,SORBI_3002G230800,SORBI_3002G230800:0.00164024,NA,NA,NA,NA,NA,NA
5003175at2759,2,Zm00001eb014600,Zm00001eb014600:0.00290526,SORBI_3010G082800,SORBI_3010G082800:5.31712e-06,NA,NA,NA,NA,NA,NA
5003351at2759,2,NA,NA,SORBI_3001G440000,SORBI_3001G440000:0.000270746,NA,NA,NA,NA,AT5G64813,AT5G64813:0.000257965
5003448at2759,2,NA,NA,SORBI_3005G080200,SORBI_3005G080200:0.00141037,NA,NA,HORVU.MOREX.r3.4HG0343710,HORVU.MOREX.r3.4HG0343710:0.00101216,NA,NA
5003725at2759,2,Zm00001eb248520,Zm00001eb248520:0.00299371,NA,NA,NA,NA,NA,NA,AT4G03520,AT4G03520:0.00140454
5003886at2759,2,Zm00001eb118100,Zm00001eb118100:0.00124869,NA,NA,NA,NA,NA,NA,AT2G23080,AT2G23080:0.00242119
5003899at2759,2,NA,NA,NA,NA,NA,NA,HORVU.MOREX.r3.2HG0107190,HORVU.MOREX.r3.2HG0107190:0.000373373,AT5G55760,AT5G55760:0.00158543
5004273at2759,2,Zm00001eb329590,Zm00001eb329590:0.00306317,NA,NA,NA,NA,NA,NA,AT1G18830,AT1G18830:0.00163217
5004495at2759,2,Zm00001eb069000,Zm00001eb069000:0.00035603,NA,NA,NA,NA,NA,NA,AT4G39540,AT4G39540:0.000628747
5004521at2759,2,Zm00001eb222250;Zm00001eb339380,Zm00001eb222250:0.000674847;Zm00001eb339380:0.00243938,NA,NA,NA,NA,NA,NA,AT4G15210,AT4G15210:0.00100902
5004535at2759,2,Zm00001eb300740,Zm00001eb300740:0.000999375,NA,NA,NA,NA,HORVU.MOREX.r3.1HG0052290,HORVU.MOREX.r3.1HG0052290:2.03898e-05,NA,NA
5005448at2759,2,Zm00001eb258970,Zm00001eb258970:0.00105264,NA,NA,NA,NA,HORVU.MOREX.r3.5HG0528320,HORVU.MOREX.r3.5HG0528320:0.000711464,NA,NA
5005954at2759,2,Zm00001eb093980,Zm00001eb093980:0.000482392,NA,NA,NA,NA,NA,NA,AT3G08850,AT3G08850:0.00183833
5006121at2759,2,NA,NA,SORBI_3004G079200,SORBI_3004G079200:0.000917595,NA,NA,NA,NA,AT5G06910,AT5G06910:0.000670694
5006323at2759,2,NA,NA,SORBI_3001G103900,SORBI_3001G103900:0.000450254,NA,NA,HORVU.MOREX.r3.6HG0546530,HORVU.MOREX.r3.6HG0546530:0.00167495,NA,NA
50096at38820,2,Zm00001eb101090;Zm00001eb315420,Zm00001eb101090:0.000110001;Zm00001eb315420:0.00218116,SORBI_3002G230600,SORBI_3002G230600:0.00164024,NA,NA,NA,NA,NA,NA
50096at4447,2,Zm00001eb101090;Zm00001eb315420,Zm00001eb101090:0.000110001;Zm00001eb315420:0.00218116,SORBI_3002G230600,SORBI_3002G230600:0.00164024,NA,NA,NA,NA,NA,NA
5012534at2759,2,NA,NA,NA,NA,NA,NA,HORVU.MOREX.r3.4HG0345200,HORVU.MOREX.r3.4HG0345200:0.00106122,AT1G14320,AT1G14320:0.000225115
5012811at2759,2,NA,NA,NA,NA,NA,NA,HORVU.MOREX.r3.5HG0509750,HORVU.MOREX.r3.5HG0509750:5.1305e-05,AT1G05520;AT4G14160,AT1G05520:0.00312435;AT4G14160:0.00304301
5012868at2759,2,Zm00001eb171030,Zm00001eb171030:0.000141193,NA,NA,NA,NA,NA,NA,AT4G14695;AT4G22310,AT4G14695:0.000294357;AT4G22310:0.000221465
5012886at2759,2,Zm00001eb146730,Zm00001eb146730:0.000699217,SORBI_3003G367900,SORBI_3003G367900:0.00136049,NA,NA,NA,NA,NA,NA
5012967at2759,2,Zm00001eb109370,Zm00001eb109370:0.000978454,NA,NA,NA,NA,NA,NA,AT1G23310,AT1G23310:0.000846735
5012988at2759,2,Zm00001eb425570,Zm00001eb425570:0.00198019,NA,NA,NA,NA,NA,NA,AT1G05890;AT2G31510,AT1G05890:0.00330559;AT2G31510:0.000205232
5013026at2759,2,Zm00001eb364400,Zm00001eb364400:0.00136243,NA,NA,NA,NA,HORVU.MOREX.r3.3HG0310670,HORVU.MOREX.r3.3HG0310670:0.00302728,NA,NA
5013265at2759,2,Zm00001eb012470;Zm00001eb368000,Zm00001eb012470:0.00280406;Zm00001eb368000:0.00094791,NA,NA,NA,NA,HORVU.MOREX.r3.4HG0387610,HORVU.MOREX.r3.4HG0387610:0.00318204,NA,NA
5013741at2759,2,NA,NA,SORBI_3009G193400,SORBI_3009G193400:0.00152378,NA,NA,NA,NA,AT1G30640;AT5G09890,AT1G30640:0.00319254;AT5G09890:0.00227337
5013778at2759,2,NA,NA,NA,NA,NA,NA,HORVU.MOREX.r3.4HG0370350,HORVU.MOREX.r3.4HG0370350:0.00155024,AT1G12910,AT1G12910:0.000388499
5013833at2759,2,Zm00001eb293300,Zm00001eb293300:0.000572861,NA,NA,NA,NA,HORVU.MOREX.r3.7HG0738360,HORVU.MOREX.r3.7HG0738360:0.00350218,NA,NA
5013888at2759,2,Zm00001eb124940,Zm00001eb124940:8.42664e-05,NA,NA,NA,NA,HORVU.MOREX.r3.3HG0226120;HORVU.MOREX.r3.3HG0226130,HORVU.MOREX.r3.3HG0226120:0.000417083;HORVU.MOREX.r3.3HG0226130:0.000417083,NA,NA
5013969at2759,2,Zm00001eb109300;Zm00001eb300130,Zm00001eb109300:0.000978454;Zm00001eb300130:0.00356309,NA,NA,NA,NA,HORVU.MOREX.r3.5HG0516760,HORVU.MOREX.r3.5HG0516760:0.00243167,NA,NA
5014320at2759,2,NA,NA,NA,NA,LOC_Os09g05060,LOC_Os09g05060:0.000225985,HORVU.MOREX.r3.1HG0087150,HORVU.MOREX.r3.1HG0087150:0.000392522,NA,NA
5014504at2759,2,Zm00001eb363580,Zm00001eb363580:0.00188646,NA,NA,NA,NA,NA,NA,AT3G05510,AT3G05510:0.000525028
5014569at2759,2,Zm00001eb066140,Zm00001eb066140:0.000843678,NA,NA,NA,NA,HORVU.MOREX.r3.2HG0209800,HORVU.MOREX.r3.2HG0209800:0.00356098,NA,NA
5014650at2759,2,Zm00001eb283020,Zm00001eb283020:0.00328972,NA,NA,NA,NA,HORVU.MOREX.r3.7HG0730680,HORVU.MOREX.r3.7HG0730680:0.00143947,NA,NA
5014903at2759,2,Zm00001eb362660,Zm00001eb362660:0.000857634,NA,NA,LOC_Os01g09570,LOC_Os01g09570:0.000202336,NA,NA,NA,NA
5015333at2759,2,Zm00001eb238610,Zm00001eb238610:0.00375125,NA,NA,NA,NA,HORVU.MOREX.r3.3HG0240560,HORVU.MOREX.r3.3HG0240560:0.0009132,NA,NA
5016471at2759,2,Zm00001eb071010,Zm00001eb071010:0.00284568,SORBI_3009G170500,SORBI_3009G170500:0.000598235,NA,NA,NA,NA,NA,NA
5017379at2759,2,Zm00001eb193140,Zm00001eb193140:0.00251229,NA,NA,NA,NA,HORVU.MOREX.r3.2HG0123450,HORVU.MOREX.r3.2HG0123450:0.000321366,NA,NA
5017643at2759,2,Zm00001eb148690;Zm00001eb368150,Zm00001eb148690:0.000347263;Zm00001eb368150:0.000494784,SORBI_3009G165500,SORBI_3009G165500:0.000466066,NA,NA,NA,NA,NA,NA
5017799at2759,2,NA,NA,NA,NA,NA,NA,HORVU.MOREX.r3.4HG0384700,HORVU.MOREX.r3.4HG0384700:0.00342117,AT4G28400,AT4G28400:0.00127251
5018207at2759,2,Zm00001eb369940;Zm00001eb380190,Zm00001eb369940:0.00300477;Zm00001eb380190:0.00251653,NA,NA,NA,NA,HORVU.MOREX.r3.6HG0612090,HORVU.MOREX.r3.6HG0612090:0.00222061,NA,NA
5019313at2759,2,Zm00001eb047170;Zm00001eb327120,Zm00001eb047170:0.000112449;Zm00001eb327120:0.00131928,NA,NA,NA,NA,NA,NA,AT2G03670,AT2G03670:0.000345126
5019624at2759,2,Zm00001eb210550,Zm00001eb210550:0.0038887,NA,NA,NA,NA,HORVU.MOREX.r3.5HG0536110,HORVU.MOREX.r3.5HG0536110:0.00195742,NA,NA
5020394at2759,2,Zm00001eb119790,Zm00001eb119790:0.00114045,SORBI_3003G015900,SORBI_3003G015900:0.00157666,NA,NA,NA,NA,NA,NA
5023858at2759,2,Zm00001eb254270;Zm00001eb418000,Zm00001eb254270:0.00357877;Zm00001eb418000:0.00361107,NA,NA,NA,NA,NA,NA,AT5G40200,AT5G40200:0.00174742
5024055at2759,2,Zm00001eb392050,Zm00001eb392050:0.00187768,SORBI_3001G256700,SORBI_3001G256700:0.000872009,NA,NA,NA,NA,NA,NA
503753at2759,2,Zm00001eb189200,Zm00001eb189200:0.000112803,NA,NA,LOC_Os09g02530,LOC_Os09g02530:3.56475e-05,NA,NA,NA,NA
503753at3193,2,Zm00001eb189200,Zm00001eb189200:0.000112803,NA,NA,LOC_Os09g02530,LOC_Os09g02530:3.56475e-05,NA,NA,NA,NA
503753at33090,2,Zm00001eb189200,Zm00001eb189200:0.000112803,NA,NA,LOC_Os09g02530,LOC_Os09g02530:3.56475e-05,NA,NA,NA,NA
50389at38820,2,Zm00001eb006350,Zm00001eb006350:0.00237498,NA,NA,NA,NA,HORVU.MOREX.r3.4HG0405920,HORVU.MOREX.r3.4HG0405920:4.5889e-05,NA,NA
50389at4447,2,Zm00001eb006350,Zm00001eb006350:0.00237498,NA,NA,NA,NA,HORVU.MOREX.r3.4HG0405920,HORVU.MOREX.r3.4HG0405920:4.5889e-05,NA,NA
50504at4447,2,NA,NA,SORBI_3006G217500,SORBI_3006G217500:9.79558e-06,NA,NA,HORVU.MOREX.r3.7HG0643620,HORVU.MOREX.r3.7HG0643620:0.000762201,NA,NA
505955at33090,2,Zm00001eb071010,Zm00001eb071010:0.00284568,SORBI_3009G170500,SORBI_3009G170500:0.000598235,NA,NA,NA,NA,NA,NA
507901at2759,2,Zm00001eb258240,Zm00001eb258240:0.00185687,NA,NA,NA,NA,HORVU.MOREX.r3.6HG0627040,HORVU.MOREX.r3.6HG0627040:0.00212126,NA,NA
507901at3193,2,Zm00001eb258240,Zm00001eb258240:0.00185687,NA,NA,NA,NA,HORVU.MOREX.r3.6HG0627040,HORVU.MOREX.r3.6HG0627040:0.00212126,NA,NA
507901at33090,2,Zm00001eb258240,Zm00001eb258240:0.00185687,NA,NA,NA,NA,HORVU.MOREX.r3.6HG0627040,HORVU.MOREX.r3.6HG0627040:0.00212126,NA,NA
50877at38820,2,NA,NA,SORBI_3001G043900,SORBI_3001G043900:0.00140648,NA,NA,HORVU.MOREX.r3.4HG0405960,HORVU.MOREX.r3.4HG0405960:4.5889e-05,NA,NA
50877at4447,2,NA,NA,SORBI_3001G043900,SORBI_3001G043900:0.00140648,NA,NA,HORVU.MOREX.r3.4HG0405960,HORVU.MOREX.r3.4HG0405960:4.5889e-05,NA,NA
511818at2759,2,NA,NA,SORBI_3001G297000,SORBI_3001G297000:0.000688573,NA,NA,HORVU.MOREX.r3.2HG0189930,HORVU.MOREX.r3.2HG0189930:0.000914811,NA,NA
511818at3193,2,NA,NA,SORBI_3001G297000,SORBI_3001G297000:0.000688573,NA,NA,HORVU.MOREX.r3.2HG0189930,HORVU.MOREX.r3.2HG0189930:0.000914811,NA,NA
511818at33090,2,NA,NA,SORBI_3001G297000,SORBI_3001G297000:0.000688573,NA,NA,HORVU.MOREX.r3.2HG0189930,HORVU.MOREX.r3.2HG0189930:0.000914811,NA,NA
51327at38820,2,Zm00001eb141940,Zm00001eb141940:0.00189835,NA,NA,NA,NA,HORVU.MOREX.r3.3HG0314770,HORVU.MOREX.r3.3HG0314770:3.95123e-05,NA,NA
51327at4447,2,Zm00001eb141940,Zm00001eb141940:0.00189835,NA,NA,NA,NA,HORVU.MOREX.r3.3HG0314770,HORVU.MOREX.r3.3HG0314770:3.95123e-05,NA,NA
513540at2759,2,Zm00001eb104840,Zm00001eb104840:0.000643603,SORBI_3003G331400,SORBI_3003G331400:0.00039433,NA,NA,NA,NA,NA,NA
513540at3193,2,Zm00001eb104840,Zm00001eb104840:0.000643603,SORBI_3003G331400,SORBI_3003G331400:0.00039433,NA,NA,NA,NA,NA,NA
513540at33090,2,Zm00001eb104840,Zm00001eb104840:0.000643603,SORBI_3003G331400,SORBI_3003G331400:0.00039433,NA,NA,NA,NA,NA,NA
514219at3193,2,Zm00001eb394060,Zm00001eb394060:0.000243614,SORBI_3002G387200,SORBI_3002G387200:0.00168838,NA,NA,NA,NA,NA,NA
514219at33090,2,Zm00001eb394060,Zm00001eb394060:0.000243614,SORBI_3002G387200,SORBI_3002G387200:0.00168838,NA,NA,NA,NA,NA,NA
51578at4447,2,Zm00001eb067840;Zm00001eb067850;Zm00001eb067870,Zm00001eb067840:0.00143335;Zm00001eb067850:0.00143335;Zm00001eb067870:0.00143335,NA,NA,LOC_Os07g01200,LOC_Os07g01200:6.47477e-05,NA,NA,NA,NA
516174at2759,2,Zm00001eb253540;Zm00001eb380200,Zm00001eb253540:0.00206215;Zm00001eb380200:0.00251653,NA,NA,NA,NA,HORVU.MOREX.r3.6HG0612110,HORVU.MOREX.r3.6HG0612110:0.000862374,NA,NA
516174at3193,2,Zm00001eb253540;Zm00001eb380200,Zm00001eb253540:0.00206215;Zm00001eb380200:0.00251653,NA,NA,NA,NA,HORVU.MOREX.r3.6HG0612110,HORVU.MOREX.r3.6HG0612110:0.000862374,NA,NA
516174at33090,2,Zm00001eb253540;Zm00001eb380200,Zm00001eb253540:0.00206215;Zm00001eb380200:0.00251653,NA,NA,NA,NA,HORVU.MOREX.r3.6HG0612110,HORVU.MOREX.r3.6HG0612110:0.000862374,NA,NA
51650at38820,2,Zm00001eb278470,Zm00001eb278470:0.000606508,NA,NA,LOC_Os06g01934,LOC_Os06g01934:0.00015584,NA,NA,NA,NA
51650at4447,2,Zm00001eb278470,Zm00001eb278470:0.000606508,NA,NA,LOC_Os06g01934,LOC_Os06g01934:0.00015584,NA,NA,NA,NA
520107at2759,2,Zm00001eb008400,Zm00001eb008400:0.000932289,SORBI_3010G169300,SORBI_3010G169300:0.00152572,NA,NA,NA,NA,NA,NA
522663at3193,2,NA,NA,SORBI_3004G079200,SORBI_3004G079200:0.000917595,NA,NA,NA,NA,AT5G06910,AT5G06910:0.000670694
523932at3193,2,Zm00001eb092720;Zm00001eb196930,Zm00001eb092720:0.00364846;Zm00001eb196930:0.00315524,NA,NA,NA,NA,HORVU.MOREX.r3.6HG0557060,HORVU.MOREX.r3.6HG0557060:0.00141555,NA,NA
525267at3193,2,Zm00001eb222050,Zm00001eb222050:0.00017595,NA,NA,NA,NA,HORVU.MOREX.r3.1HG0041440,HORVU.MOREX.r3.1HG0041440:0.000111105,NA,NA
5290at38820,2,Zm00001eb334120,Zm00001eb334120:0.000833593,NA,NA,NA,NA,HORVU.MOREX.r3.3HG0231550,HORVU.MOREX.r3.3HG0231550:0.00131139,NA,NA
5290at4447,2,Zm00001eb334120,Zm00001eb334120:0.000833593,NA,NA,NA,NA,HORVU.MOREX.r3.3HG0231550,HORVU.MOREX.r3.3HG0231550:0.00131139,NA,NA
529367at3193,2,NA,NA,NA,NA,NA,NA,HORVU.MOREX.r3.2HG0214380,HORVU.MOREX.r3.2HG0214380:0.00367519,AT4G25550,AT4G25550:0.00220981
529367at33090,2,NA,NA,NA,NA,NA,NA,HORVU.MOREX.r3.2HG0214380,HORVU.MOREX.r3.2HG0214380:0.00367519,AT4G25550,AT4G25550:0.00220981
529437at2759,2,Zm00001eb427870,Zm00001eb427870:0.00198835,NA,NA,NA,NA,NA,NA,AT1G03620,AT1G03620:4.57033e-05
529557at3193,2,Zm00001eb101090;Zm00001eb315420,Zm00001eb101090:0.000110001;Zm00001eb315420:0.00218116,SORBI_3002G230600,SORBI_3002G230600:0.00164024,NA,NA,NA,NA,NA,NA
529557at33090,2,Zm00001eb101090;Zm00001eb315420,Zm00001eb101090:0.000110001;Zm00001eb315420:0.00218116,SORBI_3002G230600,SORBI_3002G230600:0.00164024,NA,NA,NA,NA,NA,NA
529689at2759,2,Zm00001eb258770,Zm00001eb258770:0.00237406,SORBI_3001G264000,SORBI_3001G264000:0.00164538,NA,NA,NA,NA,NA,NA
529689at33090,2,Zm00001eb258770,Zm00001eb258770:0.00237406,SORBI_3001G264000,SORBI_3001G264000:0.00164538,NA,NA,NA,NA,NA,NA
529827at3193,2,NA,NA,SORBI_3007G088000,SORBI_3007G088000:3.97054e-07,NA,NA,HORVU.MOREX.r3.2HG0203360,HORVU.MOREX.r3.2HG0203360:0.00159706,NA,NA
530058at2759,2,Zm00001eb103560,Zm00001eb103560:0.00241031,NA,NA,NA,NA,NA,NA,AT3G25160,AT3G25160:0.00094182
530058at33090,2,Zm00001eb103560,Zm00001eb103560:0.00241031,NA,NA,NA,NA,NA,NA,AT3G25160,AT3G25160:0.00094182
530187at3193,2,NA,NA,NA,NA,NA,NA,HORVU.MOREX.r3.2HG0105670,HORVU.MOREX.r3.2HG0105670:0.000338231,AT1G12360,AT1G12360:0.00248528
530678at3193,2,Zm00001eb067700;Zm00001eb206840;Zm00001eb414550,Zm00001eb067700:0.00196135;Zm00001eb206840:0.000326004;Zm00001eb414550:0.00293242,NA,NA,NA,NA,NA,NA,AT5G57330,AT5G57330:0.00214458
530678at33090,2,Zm00001eb067700;Zm00001eb206840;Zm00001eb414550,Zm00001eb067700:0.00196135;Zm00001eb206840:0.000326004;Zm00001eb414550:0.00293242,NA,NA,NA,NA,NA,NA,AT5G57330,AT5G57330:0.00214458
531095at3193,2,Zm00001eb033650,Zm00001eb033650:0.000389493,NA,NA,NA,NA,HORVU.MOREX.r3.3HG0303550,HORVU.MOREX.r3.3HG0303550:3.04589e-05,NA,NA
531243at2759,2,Zm00001eb014850;Zm00001eb055460;Zm00001eb057490,Zm00001eb014850:0.000614643;Zm00001eb055460:0.00110394;Zm00001eb057490:0.000164678,NA,NA,NA,NA,NA,NA,AT4G16250,AT4G16250:0.00176155
531243at3193,2,Zm00001eb014850,Zm00001eb014850:0.000614643,NA,NA,NA,NA,NA,NA,AT4G16250,AT4G16250:0.00176155
531243at33090,2,Zm00001eb014850,Zm00001eb014850:0.000614643,NA,NA,NA,NA,NA,NA,AT4G16250,AT4G16250:0.00176155
531507at33090,2,Zm00001eb305640,Zm00001eb305640:0.00287489,NA,NA,NA,NA,NA,NA,AT4G11960,AT4G11960:0.000690967
531522at2759,2,Zm00001eb082860,Zm00001eb082860:0.000609905,NA,NA,NA,NA,NA,NA,AT4G02630,AT4G02630:0.00212399
531522at3193,2,Zm00001eb082860,Zm00001eb082860:0.000609905,NA,NA,NA,NA,NA,NA,AT4G02630,AT4G02630:0.00212399
531522at33090,2,Zm00001eb082860,Zm00001eb082860:0.000609905,NA,NA,NA,NA,NA,NA,AT4G02630,AT4G02630:0.00212399
53191at4447,2,Zm00001eb068370,Zm00001eb068370:0.00122003,NA,NA,NA,NA,HORVU.MOREX.r3.7HG0751000,HORVU.MOREX.r3.7HG0751000:0.00327258,NA,NA
532049at2759,2,Zm00001eb335800,Zm00001eb335800:0.00225323,NA,NA,NA,NA,NA,NA,AT3G49720,AT3G49720:0.00132075
532049at3193,2,Zm00001eb335800,Zm00001eb335800:0.00225323,NA,NA,NA,NA,NA,NA,AT3G49720,AT3G49720:0.00132075
532049at33090,2,Zm00001eb335800,Zm00001eb335800:0.00225323,NA,NA,NA,NA,NA,NA,AT3G49720,AT3G49720:0.00132075
532055at2759,2,NA,NA,NA,NA,NA,NA,HORVU.MOREX.r3.4HG0391150,HORVU.MOREX.r3.4HG0391150:0.000312534,AT1G80490,AT1G80490:0.00101529
532055at3193,2,NA,NA,NA,NA,NA,NA,HORVU.MOREX.r3.4HG0391150,HORVU.MOREX.r3.4HG0391150:0.000312534,AT1G80490,AT1G80490:0.00101529
532055at33090,2,NA,NA,NA,NA,NA,NA,HORVU.MOREX.r3.4HG0391150,HORVU.MOREX.r3.4HG0391150:0.000312534,AT1G80490,AT1G80490:0.00101529
532168at3193,2,Zm00001eb146660,Zm00001eb146660:0.000440875,NA,NA,NA,NA,HORVU.MOREX.r3.1HG0082310,HORVU.MOREX.r3.1HG0082310:0.000167052,NA,NA
533008at2759,2,Zm00001eb280760,Zm00001eb280760:0.00385317,NA,NA,NA,NA,HORVU.MOREX.r3.4HG0331850,HORVU.MOREX.r3.4HG0331850:0.00334142,NA,NA
533008at3193,2,Zm00001eb280760,Zm00001eb280760:0.00385317,NA,NA,NA,NA,HORVU.MOREX.r3.4HG0331850,HORVU.MOREX.r3.4HG0331850:0.00334142,NA,NA
533008at33090,2,Zm00001eb280760,Zm00001eb280760:0.00385317,NA,NA,NA,NA,HORVU.MOREX.r3.4HG0331850,HORVU.MOREX.r3.4HG0331850:0.00334142,NA,NA
533082at3193,2,Zm00001eb146720,Zm00001eb146720:0.000699217,SORBI_3003G368000,SORBI_3003G368000:0.00136049,NA,NA,NA,NA,NA,NA
534218at33090,2,Zm00001eb116740;Zm00001eb431490,Zm00001eb116740:0.00300793;Zm00001eb431490:0.00292839,NA,NA,NA,NA,NA,NA,AT1G11530,AT1G11530:0.00160566
534225at2759,2,Zm00001eb043650,Zm00001eb043650:0.00356386,SORBI_3001G195800,SORBI_3001G195800:0.000269944,NA,NA,NA,NA,NA,NA
534485at2759,2,Zm00001eb057200,Zm00001eb057200:0.000428977,SORBI_3001G089800,SORBI_3001G089800:0.00181971,NA,NA,NA,NA,NA,NA
534671at2759,2,Zm00001eb190340,Zm00001eb190340:0.000779789,SORBI_3004G247000,SORBI_3004G247000:0.00188616,NA,NA,NA,NA,NA,NA
534705at3193,2,Zm00001eb399680,Zm00001eb399680:0.000217132,NA,NA,NA,NA,NA,NA,AT2G01110,AT2G01110:0.00204229
53493at38820,2,Zm00001eb066140,Zm00001eb066140:0.000843678,NA,NA,NA,NA,HORVU.MOREX.r3.2HG0209800,HORVU.MOREX.r3.2HG0209800:0.00356098,NA,NA
53493at4447,2,Zm00001eb066140,Zm00001eb066140:0.000843678,NA,NA,NA,NA,HORVU.MOREX.r3.2HG0209800,HORVU.MOREX.r3.2HG0209800:0.00356098,NA,NA
535258at2759,2,Zm00001eb343590,Zm00001eb343590:0.00358914,NA,NA,NA,NA,NA,NA,AT1G16890,AT1G16890:0.00136032
535302at2759,2,Zm00001eb062120,Zm00001eb062120:0.00338549,SORBI_3001G041600,SORBI_3001G041600:0.000337533,NA,NA,NA,NA,NA,NA
535302at33090,2,Zm00001eb062120,Zm00001eb062120:0.00338549,SORBI_3001G041600,SORBI_3001G041600:0.000337533,NA,NA,NA,NA,NA,NA
535306at3193,2,Zm00001eb035680,Zm00001eb035680:0.00136143,NA,NA,LOC_Os09g04970,LOC_Os09g04970:2.59764e-05,NA,NA,NA,NA
535679at3193,2,Zm00001eb079180;Zm00001eb261530,Zm00001eb079180:0.00260588;Zm00001eb261530:0.000381143,NA,NA,NA,NA,NA,NA,AT1G67600,AT1G67600:0.00159391
535908at33090,2,Zm00001eb118920,Zm00001eb118920:0.00268379,NA,NA,NA,NA,HORVU.MOREX.r3.1HG0000070,HORVU.MOREX.r3.1HG0000070:0.000269111,NA,NA
536006at3193,2,Zm00001eb148690;Zm00001eb368150,Zm00001eb148690:0.000347263;Zm00001eb368150:0.000494784,SORBI_3009G165500,SORBI_3009G165500:0.000466066,NA,NA,NA,NA,NA,NA
536057at3193,2,NA,NA,SORBI_3002G336200;SORBI_3002G336600;SORBI_3002G337100,SORBI_3002G336200:0.000943513;SORBI_3002G336600:0.000943513;SORBI_3002G337100:0.000943513,NA,NA,NA,NA,AT3G09990,AT3G09990:0.00171133
536116at33090,2,Zm00001eb163690;Zm00001eb405560,Zm00001eb163690:0.0023268;Zm00001eb405560:0.0025034,NA,NA,LOC_Os11g01280,LOC_Os11g01280:0.000412626,NA,NA,NA,NA
536148at2759,2,Zm00001eb037030,Zm00001eb037030:0.00192244,NA,NA,NA,NA,NA,NA,AT1G52630,AT1G52630:0.000966643
536148at3193,2,Zm00001eb037030,Zm00001eb037030:0.00192244,NA,NA,NA,NA,NA,NA,AT1G52630,AT1G52630:0.000966643
536148at33090,2,Zm00001eb037030,Zm00001eb037030:0.00192244,NA,NA,NA,NA,NA,NA,AT1G52630,AT1G52630:0.000966643
536470at33090,2,Zm00001eb371150,Zm00001eb371150:0.00212394,SORBI_3001G062900,SORBI_3001G062900:0.00135813,NA,NA,NA,NA,NA,NA
536511at3193,2,Zm00001eb254270;Zm00001eb418000,Zm00001eb254270:0.00357877;Zm00001eb418000:0.00361107,NA,NA,NA,NA,NA,NA,AT5G40200,AT5G40200:0.00174742
538765at3193,2,Zm00001eb271200,Zm00001eb271200:0.00262244,NA,NA,NA,NA,HORVU.MOREX.r3.7HG0653690,HORVU.MOREX.r3.7HG0653690:0.00273755,NA,NA
539051at3193,2,Zm00001eb118100,Zm00001eb118100:0.00124869,NA,NA,NA,NA,NA,NA,AT2G23080,AT2G23080:0.00242119
5393at38820,2,Zm00001eb146700,Zm00001eb146700:0.000388621,SORBI_3003G368200,SORBI_3003G368200:0.00136049,NA,NA,NA,NA,NA,NA
5393at4447,2,Zm00001eb146700,Zm00001eb146700:0.000388621,SORBI_3003G368200,SORBI_3003G368200:0.00136049,NA,NA,NA,NA,NA,NA
539947at3193,2,Zm00001eb334120,Zm00001eb334120:0.000833593,NA,NA,NA,NA,HORVU.MOREX.r3.3HG0231550,HORVU.MOREX.r3.3HG0231550:0.00131139,NA,NA
540112at3193,2,Zm00001eb290310,Zm00001eb290310:0.00384828,SORBI_3005G005600,SORBI_3005G005600:0.000750357,NA,NA,NA,NA,NA,NA
540403at3193,2,Zm00001eb043120,Zm00001eb043120:0.00343957,NA,NA,NA,NA,HORVU.MOREX.r3.3HG0315590,HORVU.MOREX.r3.3HG0315590:2.63334e-05,NA,NA
542210at3193,2,NA,NA,SORBI_3006G228500,SORBI_3006G228500:0.00103633,NA,NA,HORVU.MOREX.r3.1HG0008890,HORVU.MOREX.r3.1HG0008890:0.00112078,NA,NA
542210at33090,2,NA,NA,SORBI_3006G228500,SORBI_3006G228500:0.00103633,NA,NA,HORVU.MOREX.r3.1HG0008890,HORVU.MOREX.r3.1HG0008890:0.00112078,NA,NA
54229at38820,2,Zm00001eb102850,Zm00001eb102850:0.0034474,NA,NA,NA,NA,HORVU.MOREX.r3.5HG0496860,HORVU.MOREX.r3.5HG0496860:4.75945e-05,NA,NA
54229at4447,2,Zm00001eb102850,Zm00001eb102850:0.0034474,NA,NA,NA,NA,HORVU.MOREX.r3.5HG0496860,HORVU.MOREX.r3.5HG0496860:4.75945e-05,NA,NA
542893at3193,2,Zm00001eb406760,Zm00001eb406760:0.00274114,NA,NA,NA,NA,NA,NA,AT1G16880,AT1G16880:0.00104104
54575at4447,2,Zm00001eb380190,Zm00001eb380190:0.00251653,NA,NA,NA,NA,HORVU.MOREX.r3.6HG0612090,HORVU.MOREX.r3.6HG0612090:0.00222061,NA,NA
546348at2759,2,NA,NA,NA,NA,NA,NA,HORVU.MOREX.r3.7HG0716880,HORVU.MOREX.r3.7HG0716880:0.00166816,AT4G38510,AT4G38510:0.000820362
546808at3193,2,NA,NA,NA,NA,NA,NA,HORVU.MOREX.r3.6HG0585920,HORVU.MOREX.r3.6HG0585920:0.00214078,AT3G26670,AT3G26670:0.00295907
54690at38820,2,Zm00001eb331000,Zm00001eb331000:0.00293035,NA,NA,NA,NA,HORVU.MOREX.r3.3HG0255050,HORVU.MOREX.r3.3HG0255050:0.0012379,NA,NA
54690at4447,2,Zm00001eb331000,Zm00001eb331000:0.00293035,NA,NA,NA,NA,HORVU.MOREX.r3.3HG0255050,HORVU.MOREX.r3.3HG0255050:0.0012379,NA,NA
547515at2759,2,Zm00001eb254080,Zm00001eb254080:0.00230449,NA,NA,NA,NA,NA,NA,AT5G62580,AT5G62580:0.00201561
547515at3193,2,Zm00001eb254080,Zm00001eb254080:0.00230449,NA,NA,NA,NA,NA,NA,AT5G62580,AT5G62580:0.00201561
547515at33090,2,Zm00001eb254080,Zm00001eb254080:0.00230449,NA,NA,NA,NA,NA,NA,AT5G62580,AT5G62580:0.00201561
547583at2759,2,Zm00001eb159560;Zm00001eb344910,Zm00001eb159560:0.00181111;Zm00001eb344910:0.0017075,SORBI_3009G249100,SORBI_3009G249100:0.00164308,NA,NA,NA,NA,NA,NA
547583at3193,2,Zm00001eb159560;Zm00001eb344910,Zm00001eb159560:0.00181111;Zm00001eb344910:0.0017075,SORBI_3009G249100,SORBI_3009G249100:0.00164308,NA,NA,NA,NA,NA,NA
547583at33090,2,Zm00001eb159560;Zm00001eb344910,Zm00001eb159560:0.00181111;Zm00001eb344910:0.0017075,SORBI_3009G249100,SORBI_3009G249100:0.00164308,NA,NA,NA,NA,NA,NA
55016at38820,2,Zm00001eb281030,Zm00001eb281030:0.0019683,NA,NA,NA,NA,HORVU.MOREX.r3.6HG0610980,HORVU.MOREX.r3.6HG0610980:0.00270281,NA,NA
55016at4447,2,Zm00001eb281030,Zm00001eb281030:0.0019683,NA,NA,NA,NA,HORVU.MOREX.r3.6HG0610980,HORVU.MOREX.r3.6HG0610980:0.00270281,NA,NA
550392at3193,2,NA,NA,SORBI_3009G165700,SORBI_3009G165700:0.000466066,NA,NA,HORVU.MOREX.r3.3HG0303320,HORVU.MOREX.r3.3HG0303320:0.00250767,NA,NA
55077at38820,2,Zm00001eb062540,Zm00001eb062540:0.00183692,NA,NA,NA,NA,HORVU.MOREX.r3.5HG0525940,HORVU.MOREX.r3.5HG0525940:0.00376019,NA,NA
55077at4447,2,Zm00001eb062540,Zm00001eb062540:0.00183692,NA,NA,NA,NA,HORVU.MOREX.r3.5HG0525940,HORVU.MOREX.r3.5HG0525940:0.00376019,NA,NA
551286at2759,2,Zm00001eb327670;Zm00001eb373100,Zm00001eb327670:0.000522252;Zm00001eb373100:0.00134455,SORBI_3010G083600,SORBI_3010G083600:0.00191596,NA,NA,NA,NA,NA,NA
551286at3193,2,Zm00001eb327670;Zm00001eb373100,Zm00001eb327670:0.000522252;Zm00001eb373100:0.00134455,SORBI_3010G083600,SORBI_3010G083600:0.00191596,NA,NA,NA,NA,NA,NA
551286at33090,2,Zm00001eb327670;Zm00001eb373100,Zm00001eb327670:0.000522252;Zm00001eb373100:0.00134455,SORBI_3010G083600,SORBI_3010G083600:0.00191596,NA,NA,NA,NA,NA,NA
553734at33090,2,Zm00001eb365600,Zm00001eb365600:0.00358039,NA,NA,NA,NA,HORVU.MOREX.r3.3HG0319320,HORVU.MOREX.r3.3HG0319320:0.000655575,NA,NA
55430at38820,2,NA,NA,SORBI_3001G103900,SORBI_3001G103900:0.000450254,NA,NA,HORVU.MOREX.r3.6HG0546530,HORVU.MOREX.r3.6HG0546530:0.00167495,NA,NA
55430at4447,2,NA,NA,SORBI_3001G103900,SORBI_3001G103900:0.000450254,NA,NA,HORVU.MOREX.r3.6HG0546530,HORVU.MOREX.r3.6HG0546530:0.00167495,NA,NA
555188at33090,2,Zm00001eb004390,Zm00001eb004390:0.00255687,NA,NA,NA,NA,HORVU.MOREX.r3.4HG0401500,HORVU.MOREX.r3.4HG0401500:0.00139671,NA,NA
556210at2759,2,NA,NA,SORBI_3003G077300,SORBI_3003G077300:0.000806408,NA,NA,HORVU.MOREX.r3.3HG0228010,HORVU.MOREX.r3.3HG0228010:0.00150455,NA,NA
56051at38820,2,Zm00001eb057180,Zm00001eb057180:0.000428977,SORBI_3001G090100,SORBI_3001G090100:0.00181971,NA,NA,NA,NA,NA,NA
56051at4447,2,Zm00001eb057180,Zm00001eb057180:0.000428977,SORBI_3001G090100,SORBI_3001G090100:0.00181971,NA,NA,NA,NA,NA,NA
56171at38820,2,Zm00001eb054090,Zm00001eb054090:0.000229601,NA,NA,NA,NA,HORVU.MOREX.r3.4HG0335830,HORVU.MOREX.r3.4HG0335830:0.00301251,NA,NA
56171at4447,2,Zm00001eb054090,Zm00001eb054090:0.000229601,NA,NA,NA,NA,HORVU.MOREX.r3.4HG0335830,HORVU.MOREX.r3.4HG0335830:0.00301251,NA,NA
56826at4447,2,Zm00001eb059840;Zm00001eb299950,Zm00001eb059840:0.00179936;Zm00001eb299950:0.00269732,NA,NA,NA,NA,HORVU.MOREX.r3.5HG0516400,HORVU.MOREX.r3.5HG0516400:0.00144325,NA,NA
569at38820,2,Zm00001eb288340,Zm00001eb288340:0.000656039,SORBI_3003G380300,SORBI_3003G380300:0.000134807,NA,NA,NA,NA,NA,NA
569at4447,2,Zm00001eb288340,Zm00001eb288340:0.000656039,SORBI_3003G380300,SORBI_3003G380300:0.000134807,NA,NA,NA,NA,NA,NA
57306at4447,2,NA,NA,SORBI_3005G005700,SORBI_3005G005700:0.000750357,NA,NA,HORVU.MOREX.r3.4HG0383790,HORVU.MOREX.r3.4HG0383790:0.000392329,NA,NA
57315at38820,2,Zm00001eb313980,Zm00001eb313980:0.00386917,SORBI_3002G214400,SORBI_3002G214400:6.82208e-05,NA,NA,NA,NA,NA,NA
57315at4447,2,Zm00001eb313980,Zm00001eb313980:0.00386917,SORBI_3002G214400,SORBI_3002G214400:6.82208e-05,NA,NA,NA,NA,NA,NA
57384at38820,2,Zm00001eb148690;Zm00001eb368150,Zm00001eb148690:0.000347263;Zm00001eb368150:0.000494784,SORBI_3009G165500,SORBI_3009G165500:0.000466066,NA,NA,NA,NA,NA,NA
57465at4447,2,Zm00001eb147120,Zm00001eb147120:0.00374104,NA,NA,NA,NA,HORVU.MOREX.r3.3HG0303990,HORVU.MOREX.r3.3HG0303990:0.00102429,NA,NA
58113at38820,2,Zm00001eb434030,Zm00001eb434030:0.000828693,SORBI_3006G272600,SORBI_3006G272600:0.00170627,NA,NA,NA,NA,NA,NA
58113at4447,2,Zm00001eb434030,Zm00001eb434030:0.000828693,SORBI_3006G272600,SORBI_3006G272600:0.00170627,NA,NA,NA,NA,NA,NA
58171at38820,2,NA,NA,SORBI_3009G165700,SORBI_3009G165700:0.000466066,NA,NA,HORVU.MOREX.r3.3HG0303320,HORVU.MOREX.r3.3HG0303320:0.00250767,NA,NA
58171at4447,2,NA,NA,SORBI_3009G165700,SORBI_3009G165700:0.000466066,NA,NA,HORVU.MOREX.r3.3HG0303320,HORVU.MOREX.r3.3HG0303320:0.00250767,NA,NA
583275at2759,2,Zm00001eb396430,Zm00001eb396430:0.000815515,NA,NA,NA,NA,HORVU.MOREX.r3.2HG0109680,HORVU.MOREX.r3.2HG0109680:5.47861e-05,NA,NA
583275at3193,2,Zm00001eb396430,Zm00001eb396430:0.000815515,NA,NA,NA,NA,HORVU.MOREX.r3.2HG0109680,HORVU.MOREX.r3.2HG0109680:5.47861e-05,NA,NA
583275at33090,2,Zm00001eb396430,Zm00001eb396430:0.000815515,NA,NA,NA,NA,HORVU.MOREX.r3.2HG0109680,HORVU.MOREX.r3.2HG0109680:5.47861e-05,NA,NA
583934at3193,2,Zm00001eb294170,Zm00001eb294170:0.000194568,NA,NA,NA,NA,NA,NA,AT1G52280,AT1G52280:0.00124781
583934at33090,2,Zm00001eb294170,Zm00001eb294170:0.000194568,NA,NA,NA,NA,NA,NA,AT1G52280,AT1G52280:0.00124781
584584at3193,2,NA,NA,SORBI_3003G179700;SORBI_3003G374100,SORBI_3003G179700:0.00135287;SORBI_3003G374100:0.00122928,NA,NA,NA,NA,AT5G63810,AT5G63810:0.00286222
584584at33090,2,NA,NA,SORBI_3003G179700;SORBI_3003G374100,SORBI_3003G179700:0.00135287;SORBI_3003G374100:0.00122928,NA,NA,NA,NA,AT5G63810,AT5G63810:0.00286222
585065at2759,2,Zm00001eb210490,Zm00001eb210490:0.00345019,SORBI_3005G080400,SORBI_3005G080400:0.00141037,NA,NA,NA,NA,NA,NA
585065at3193,2,Zm00001eb210490,Zm00001eb210490:0.00345019,SORBI_3005G080400,SORBI_3005G080400:0.00141037,NA,NA,NA,NA,NA,NA
585065at33090,2,Zm00001eb210490,Zm00001eb210490:0.00345019,SORBI_3005G080400,SORBI_3005G080400:0.00141037,NA,NA,NA,NA,NA,NA
585266at2759,2,Zm00001eb125560,Zm00001eb125560:0.00105114,NA,NA,NA,NA,HORVU.MOREX.r3.3HG0222560;HORVU.MOREX.r3.3HG0222570,HORVU.MOREX.r3.3HG0222560:0.00149405;HORVU.MOREX.r3.3HG0222570:0.00149405,NA,NA
585266at3193,2,Zm00001eb125560,Zm00001eb125560:0.00105114,NA,NA,NA,NA,HORVU.MOREX.r3.3HG0222560;HORVU.MOREX.r3.3HG0222570,HORVU.MOREX.r3.3HG0222560:0.00149405;HORVU.MOREX.r3.3HG0222570:0.00149405,NA,NA
585266at33090,2,Zm00001eb125560,Zm00001eb125560:0.00105114,NA,NA,NA,NA,HORVU.MOREX.r3.3HG0222560;HORVU.MOREX.r3.3HG0222570,HORVU.MOREX.r3.3HG0222560:0.00149405;HORVU.MOREX.r3.3HG0222570:0.00149405,NA,NA
585672at3193,2,Zm00001eb190340,Zm00001eb190340:0.000779789,SORBI_3004G247000,SORBI_3004G247000:0.00188616,NA,NA,NA,NA,NA,NA
585873at2759,2,NA,NA,SORBI_3001G398800,SORBI_3001G398800:0.000658155,NA,NA,NA,NA,AT1G60700,AT1G60700:0.00173474
585873at3193,2,NA,NA,SORBI_3001G398800,SORBI_3001G398800:0.000658155,NA,NA,NA,NA,AT1G60700,AT1G60700:0.00173474
585873at33090,2,NA,NA,SORBI_3001G398800,SORBI_3001G398800:0.000658155,NA,NA,NA,NA,AT1G60700,AT1G60700:0.00173474
585905at33090,2,Zm00001eb109370,Zm00001eb109370:0.000978454,NA,NA,NA,NA,NA,NA,AT1G23310,AT1G23310:0.000846735
586279at2759,2,Zm00001eb066340,Zm00001eb066340:0.000935117,NA,NA,NA,NA,HORVU.MOREX.r3.2HG0210320,HORVU.MOREX.r3.2HG0210320:0.00131957,NA,NA
586279at3193,2,Zm00001eb066340,Zm00001eb066340:0.000935117,NA,NA,NA,NA,HORVU.MOREX.r3.2HG0210320,HORVU.MOREX.r3.2HG0210320:0.00131957,NA,NA
586279at33090,2,Zm00001eb066340,Zm00001eb066340:0.000935117,NA,NA,NA,NA,HORVU.MOREX.r3.2HG0210320,HORVU.MOREX.r3.2HG0210320:0.00131957,NA,NA
586662at2759,2,NA,NA,SORBI_3009G031400,SORBI_3009G031400:0.00158749,NA,NA,HORVU.MOREX.r3.7HG0653740,HORVU.MOREX.r3.7HG0653740:0.00116506,NA,NA
586662at33090,2,NA,NA,SORBI_3009G031400,SORBI_3009G031400:0.00158749,NA,NA,HORVU.MOREX.r3.7HG0653740,HORVU.MOREX.r3.7HG0653740:0.00116506,NA,NA
586826at3193,2,Zm00001eb050080,Zm00001eb050080:0.00353258,SORBI_3001G084100,SORBI_3001G084100:0.000755441,NA,NA,NA,NA,NA,NA
586826at33090,2,Zm00001eb050080,Zm00001eb050080:0.00353258,SORBI_3001G084100,SORBI_3001G084100:0.000755441,NA,NA,NA,NA,NA,NA
587073at2759,2,Zm00001eb085030,Zm00001eb085030:0.00406913,NA,NA,NA,NA,NA,NA,AT1G12820,AT1G12820:0.00182829
587073at3193,2,Zm00001eb085030,Zm00001eb085030:0.00406913,NA,NA,NA,NA,NA,NA,AT1G12820,AT1G12820:0.00182829
587073at33090,2,Zm00001eb085030,Zm00001eb085030:0.00406913,NA,NA,NA,NA,NA,NA,AT1G12820,AT1G12820:0.00182829
587161at2759,2,Zm00001eb146070,Zm00001eb146070:0.00289569,SORBI_3003G374200,SORBI_3003G374200:0.00122928,NA,NA,NA,NA,NA,NA
587161at3193,2,Zm00001eb146070,Zm00001eb146070:0.00289569,SORBI_3003G374200,SORBI_3003G374200:0.00122928,NA,NA,NA,NA,NA,NA
587161at33090,2,Zm00001eb146070,Zm00001eb146070:0.00289569,SORBI_3003G374200,SORBI_3003G374200:0.00122928,NA,NA,NA,NA,NA,NA
587387at3193,2,NA,NA,NA,NA,NA,NA,HORVU.MOREX.r3.7HG0716880,HORVU.MOREX.r3.7HG0716880:0.00166816,AT4G38510,AT4G38510:0.000820362
587536at2759,2,Zm00001eb373920,Zm00001eb373920:0.00126842,SORBI_3010G074600,SORBI_3010G074600:0.000245096,NA,NA,NA,NA,NA,NA
587536at3193,2,Zm00001eb373920,Zm00001eb373920:0.00126842,SORBI_3010G074600,SORBI_3010G074600:0.000245096,NA,NA,NA,NA,NA,NA
587536at33090,2,Zm00001eb373920,Zm00001eb373920:0.00126842,SORBI_3010G074600,SORBI_3010G074600:0.000245096,NA,NA,NA,NA,NA,NA
587672at3193,2,Zm00001eb062120,Zm00001eb062120:0.00338549,SORBI_3001G041600,SORBI_3001G041600:0.000337533,NA,NA,NA,NA,NA,NA
587962at2759,2,Zm00001eb146700,Zm00001eb146700:0.000388621,SORBI_3003G368200,SORBI_3003G368200:0.00136049,NA,NA,NA,NA,NA,NA
587962at3193,2,Zm00001eb146700,Zm00001eb146700:0.000388621,SORBI_3003G368200,SORBI_3003G368200:0.00136049,NA,NA,NA,NA,NA,NA
587962at33090,2,Zm00001eb146700,Zm00001eb146700:0.000388621,SORBI_3003G368200,SORBI_3003G368200:0.00136049,NA,NA,NA,NA,NA,NA
588061at3193,2,Zm00001eb374000,Zm00001eb374000:0.00330974,SORBI_3002G213900,SORBI_3002G213900:0.00132768,NA,NA,NA,NA,NA,NA
588061at33090,2,Zm00001eb374000,Zm00001eb374000:0.00330974,SORBI_3002G213900,SORBI_3002G213900:0.00132768,NA,NA,NA,NA,NA,NA
588412at33090,2,Zm00001eb169920,Zm00001eb169920:0.000637243,NA,NA,NA,NA,NA,NA,AT2G32930,AT2G32930:0.000785956
588513at2759,2,Zm00001eb050610;Zm00001eb056580;Zm00001eb244600;Zm00001eb261890;Zm00001eb325790;Zm00001eb374600;Zm00001eb400640,Zm00001eb050610:0.00161718;Zm00001eb056580:0.000472014;Zm00001eb244600:0.00391344;Zm00001eb261890:0.00290342;Zm00001eb325790:0.000221593;Zm00001eb374600:0.00236984;Zm00001eb400640:0.000534397,NA,NA,NA,NA,HORVU.MOREX.r3.4HG0342760,HORVU.MOREX.r3.4HG0342760:0.00117952,NA,NA
588513at33090,2,Zm00001eb050610;Zm00001eb056580;Zm00001eb244600;Zm00001eb261890;Zm00001eb325790;Zm00001eb374600;Zm00001eb400640,Zm00001eb050610:0.00161718;Zm00001eb056580:0.000472014;Zm00001eb244600:0.00391344;Zm00001eb261890:0.00290342;Zm00001eb325790:0.000221593;Zm00001eb374600:0.00236984;Zm00001eb400640:0.000534397,NA,NA,NA,NA,HORVU.MOREX.r3.4HG0342760,HORVU.MOREX.r3.4HG0342760:0.00117952,NA,NA
589522at3193,2,Zm00001eb302320,Zm00001eb302320:8.98155e-05,NA,NA,NA,NA,HORVU.MOREX.r3.7HG0657420,HORVU.MOREX.r3.7HG0657420:0.00358216,NA,NA
589567at2759,2,Zm00001eb304250,Zm00001eb304250:0.00138271,NA,NA,NA,NA,NA,NA,AT5G28050,AT5G28050:0.000492833
589567at3193,2,Zm00001eb304250,Zm00001eb304250:0.00138271,NA,NA,NA,NA,NA,NA,AT5G28050,AT5G28050:0.000492833
589567at33090,2,Zm00001eb304250,Zm00001eb304250:0.00138271,NA,NA,NA,NA,NA,NA,AT5G28050,AT5G28050:0.000492833
589721at3193,2,Zm00001eb232020,Zm00001eb232020:0.00302525,NA,NA,NA,NA,HORVU.MOREX.r3.6HG0557080,HORVU.MOREX.r3.6HG0557080:0.00141555,NA,NA
589925at2759,2,Zm00001eb007070,Zm00001eb007070:0.00260934,NA,NA,NA,NA,NA,NA,AT5G37070,AT5G37070:0.00171077
589925at3193,2,Zm00001eb007070,Zm00001eb007070:0.00260934,NA,NA,NA,NA,NA,NA,AT5G37070,AT5G37070:0.00171077
589925at33090,2,Zm00001eb007070,Zm00001eb007070:0.00260934,NA,NA,NA,NA,NA,NA,AT5G37070,AT5G37070:0.00171077
590791at3193,2,Zm00001eb293300,Zm00001eb293300:0.000572861,NA,NA,NA,NA,HORVU.MOREX.r3.7HG0738360,HORVU.MOREX.r3.7HG0738360:0.00350218,NA,NA
591497at3193,2,Zm00001eb396110;Zm00001eb396120,Zm00001eb396110:0.00392146;Zm00001eb396120:0.00392146,NA,NA,NA,NA,HORVU.MOREX.r3.2HG0110000,HORVU.MOREX.r3.2HG0110000:0.000109353,NA,NA
591497at33090,2,Zm00001eb396110;Zm00001eb396120,Zm00001eb396110:0.00392146;Zm00001eb396120:0.00392146,NA,NA,NA,NA,HORVU.MOREX.r3.2HG0110000,HORVU.MOREX.r3.2HG0110000:0.000109353,NA,NA
591574at3193,2,Zm00001eb189940,Zm00001eb189940:0.00364255,SORBI_3010G197500,SORBI_3010G197500:0.000847882,NA,NA,NA,NA,NA,NA
591574at33090,2,Zm00001eb189940,Zm00001eb189940:0.00364255,SORBI_3010G197500,SORBI_3010G197500:0.000847882,NA,NA,NA,NA,NA,NA
592261at3193,2,Zm00001eb380190,Zm00001eb380190:0.00251653,NA,NA,NA,NA,HORVU.MOREX.r3.6HG0612090,HORVU.MOREX.r3.6HG0612090:0.00222061,NA,NA
592322at2759,2,Zm00001eb271130,Zm00001eb271130:0.000696611,SORBI_3010G156000;SORBI_3010G156100,SORBI_3010G156000:0.000567384;SORBI_3010G156100:0.000567384,NA,NA,NA,NA,NA,NA
592322at3193,2,Zm00001eb271130,Zm00001eb271130:0.000696611,SORBI_3010G156000;SORBI_3010G156100,SORBI_3010G156000:0.000567384;SORBI_3010G156100:0.000567384,NA,NA,NA,NA,NA,NA
592322at33090,2,Zm00001eb271130,Zm00001eb271130:0.000696611,SORBI_3010G156000;SORBI_3010G156100,SORBI_3010G156000:0.000567384;SORBI_3010G156100:0.000567384,NA,NA,NA,NA,NA,NA
59308at38820,2,Zm00001eb280720,Zm00001eb280720:0.00150185,SORBI_3004G247300,SORBI_3004G247300:0.00188616,NA,NA,NA,NA,NA,NA
59308at4447,2,Zm00001eb280720,Zm00001eb280720:0.00150185,SORBI_3004G247300,SORBI_3004G247300:0.00188616,NA,NA,NA,NA,NA,NA
593779at2759,2,Zm00001eb043960,Zm00001eb043960:0.00328062,SORBI_3001G199400,SORBI_3001G199400:0.000127805,NA,NA,NA,NA,NA,NA
593779at3193,2,Zm00001eb043960,Zm00001eb043960:0.00328062,SORBI_3001G199400,SORBI_3001G199400:0.000127805,NA,NA,NA,NA,NA,NA
593779at33090,2,Zm00001eb043960,Zm00001eb043960:0.00328062,SORBI_3001G199400,SORBI_3001G199400:0.000127805,NA,NA,NA,NA,NA,NA
595204at3193,2,Zm00001eb152320,Zm00001eb152320:0.0014356,SORBI_3003G305400,SORBI_3003G305400:0.000734903,NA,NA,NA,NA,NA,NA
595285at33090,2,NA,NA,NA,NA,LOC_Os09g05060,LOC_Os09g05060:0.000225985,HORVU.MOREX.r3.1HG0087150,HORVU.MOREX.r3.1HG0087150:0.000392522,NA,NA
595333at2759,2,NA,NA,NA,NA,NA,NA,HORVU.MOREX.r3.5HG0499780;HORVU.MOREX.r3.7HG0750970,HORVU.MOREX.r3.5HG0499780:0.00177688;HORVU.MOREX.r3.7HG0750970:0.00327258,AT1G11670,AT1G11670:8.39968e-05
59583at38820,2,Zm00001eb258860,Zm00001eb258860:0.00381479,NA,NA,NA,NA,HORVU.MOREX.r3.6HG0629220,HORVU.MOREX.r3.6HG0629220:5.90658e-05,NA,NA
59588at4447,2,NA,NA,SORBI_3007G088000,SORBI_3007G088000:3.97054e-07,NA,NA,HORVU.MOREX.r3.2HG0203360,HORVU.MOREX.r3.2HG0203360:0.00159706,NA,NA
595988at2759,2,NA,NA,SORBI_3003G418500,SORBI_3003G418500:8.16477e-07,NA,NA,HORVU.MOREX.r3.3HG0314660;HORVU.MOREX.r3.3HG0314760,HORVU.MOREX.r3.3HG0314660:0.00212345;HORVU.MOREX.r3.3HG0314760:0.00285222,NA,NA
595988at33090,2,NA,NA,SORBI_3003G418500,SORBI_3003G418500:8.16477e-07,NA,NA,HORVU.MOREX.r3.3HG0314660;HORVU.MOREX.r3.3HG0314760,HORVU.MOREX.r3.3HG0314660:0.00212345;HORVU.MOREX.r3.3HG0314760:0.00285222,NA,NA
596203at2759,2,Zm00001eb050310,Zm00001eb050310:0.000206212,NA,NA,NA,NA,NA,NA,AT3G44150,AT3G44150:5.73804e-08
596203at3193,2,Zm00001eb050310,Zm00001eb050310:0.000206212,NA,NA,NA,NA,NA,NA,AT3G44150,AT3G44150:5.73804e-08
596203at33090,2,Zm00001eb050310,Zm00001eb050310:0.000206212,NA,NA,NA,NA,NA,NA,AT3G44150,AT3G44150:5.73804e-08
596318at3193,2,NA,NA,SORBI_3009G003900,SORBI_3009G003900:0.00150383,NA,NA,HORVU.MOREX.r3.3HG0228240;HORVU.MOREX.r3.3HG0228250,HORVU.MOREX.r3.3HG0228240:2.81524e-05;HORVU.MOREX.r3.3HG0228250:2.81524e-05,NA,NA
596450at3193,2,Zm00001eb258230,Zm00001eb258230:0.00185687,NA,NA,NA,NA,NA,NA,AT1G07370,AT1G07370:0.0021641
596450at33090,2,Zm00001eb258230,Zm00001eb258230:0.00185687,NA,NA,NA,NA,NA,NA,AT1G07370,AT1G07370:0.0021641
596533at3193,2,NA,NA,SORBI_3003G418500,SORBI_3003G418500:8.16477e-07,NA,NA,HORVU.MOREX.r3.3HG0314660;HORVU.MOREX.r3.3HG0314760,HORVU.MOREX.r3.3HG0314660:0.00212345;HORVU.MOREX.r3.3HG0314760:0.00285222,NA,NA
596625at3193,2,Zm00001eb145080;Zm00001eb355750,Zm00001eb145080:0.00191488;Zm00001eb355750:0.000431684,NA,NA,NA,NA,NA,NA,AT3G09410,AT3G09410:0.00213001
597036at2759,2,Zm00001eb260700,Zm00001eb260700:0.00135117,NA,NA,NA,NA,HORVU.MOREX.r3.2HG0100050,HORVU.MOREX.r3.2HG0100050:0.00367521,NA,NA
597036at3193,2,Zm00001eb260700,Zm00001eb260700:0.00135117,NA,NA,NA,NA,HORVU.MOREX.r3.2HG0100050,HORVU.MOREX.r3.2HG0100050:0.00367521,NA,NA
597036at33090,2,Zm00001eb260700,Zm00001eb260700:0.00135117,NA,NA,NA,NA,HORVU.MOREX.r3.2HG0100050,HORVU.MOREX.r3.2HG0100050:0.00367521,NA,NA
597113at2759,2,Zm00001eb161360;Zm00001eb361620,Zm00001eb161360:0.000769705;Zm00001eb361620:0.00264984,NA,NA,NA,NA,HORVU.MOREX.r3.3HG0285550,HORVU.MOREX.r3.3HG0285550:0.00325563,NA,NA
597113at33090,2,Zm00001eb161360;Zm00001eb361620,Zm00001eb161360:0.000769705;Zm00001eb361620:0.00264984,NA,NA,NA,NA,HORVU.MOREX.r3.3HG0285550,HORVU.MOREX.r3.3HG0285550:0.00325563,NA,NA
597147at3193,2,Zm00001eb343610,Zm00001eb343610:0.00358914,NA,NA,NA,NA,HORVU.MOREX.r3.1HG0087170,HORVU.MOREX.r3.1HG0087170:0.000392522,NA,NA
597147at33090,2,Zm00001eb343610,Zm00001eb343610:0.00358914,NA,NA,NA,NA,HORVU.MOREX.r3.1HG0087170,HORVU.MOREX.r3.1HG0087170:0.000392522,NA,NA
597878at3193,2,Zm00001eb377420,Zm00001eb377420:0.00343322,NA,NA,NA,NA,HORVU.MOREX.r3.7HG0649960,HORVU.MOREX.r3.7HG0649960:0.00319526,NA,NA
597878at33090,2,Zm00001eb377420,Zm00001eb377420:0.00343322,NA,NA,NA,NA,HORVU.MOREX.r3.7HG0649960,HORVU.MOREX.r3.7HG0649960:0.00319526,NA,NA
598123at3193,2,NA,NA,NA,NA,NA,NA,HORVU.MOREX.r3.2HG0107190,HORVU.MOREX.r3.2HG0107190:0.000373373,AT5G55760,AT5G55760:0.00158543
598415at3193,2,Zm00001eb066150;Zm00001eb433770,Zm00001eb066150:0.000843678;Zm00001eb433770:0.000169575,SORBI_3001G207400,SORBI_3001G207400:0.00150759,NA,NA,NA,NA,NA,NA
599013at3193,2,Zm00001eb043930,Zm00001eb043930:0.00378373,NA,NA,NA,NA,HORVU.MOREX.r3.2HG0203800,HORVU.MOREX.r3.2HG0203800:0.00151608,NA,NA
599013at33090,2,Zm00001eb043930,Zm00001eb043930:0.00378373,NA,NA,NA,NA,HORVU.MOREX.r3.2HG0203800,HORVU.MOREX.r3.2HG0203800:0.00151608,NA,NA
599299at2759,2,Zm00001eb260000;Zm00001eb403580,Zm00001eb260000:0.000534139;Zm00001eb403580:0.00118981,SORBI_3006G160900,SORBI_3006G160900:2.93e-05,NA,NA,NA,NA,NA,NA
599299at3193,2,Zm00001eb260000;Zm00001eb403580,Zm00001eb260000:0.000534139;Zm00001eb403580:0.00118981,SORBI_3006G160900,SORBI_3006G160900:2.93e-05,NA,NA,NA,NA,NA,NA
599299at33090,2,Zm00001eb260000;Zm00001eb403580,Zm00001eb260000:0.000534139;Zm00001eb403580:0.00118981,SORBI_3006G160900,SORBI_3006G160900:2.93e-05,NA,NA,NA,NA,NA,NA
59963at38820,2,Zm00001eb190330,Zm00001eb190330:0.000779789,SORBI_3004G247200,SORBI_3004G247200:0.00188616,NA,NA,NA,NA,NA,NA
59963at4447,2,Zm00001eb190330,Zm00001eb190330:0.000779789,SORBI_3004G247200,SORBI_3004G247200:0.00188616,NA,NA,NA,NA,NA,NA
59986at38820,2,Zm00001eb283860;Zm00001eb338340,Zm00001eb283860:0.00354937;Zm00001eb338340:0.0033872,SORBI_3003G022700,SORBI_3003G022700:0.00160388,NA,NA,NA,NA,NA,NA
59986at4447,2,Zm00001eb283860;Zm00001eb338340,Zm00001eb283860:0.00354937;Zm00001eb338340:0.0033872,SORBI_3003G022700,SORBI_3003G022700:0.00160388,NA,NA,NA,NA,NA,NA
600036at2759,2,Zm00001eb274250,Zm00001eb274250:0.0017655,SORBI_3001G070900,SORBI_3001G070900:0.00175454,NA,NA,NA,NA,NA,NA
600036at3193,2,Zm00001eb274250,Zm00001eb274250:0.0017655,SORBI_3001G070900,SORBI_3001G070900:0.00175454,NA,NA,NA,NA,NA,NA
600036at33090,2,Zm00001eb274250,Zm00001eb274250:0.0017655,SORBI_3001G070900,SORBI_3001G070900:0.00175454,NA,NA,NA,NA,NA,NA
600223at3193,2,Zm00001eb016180;Zm00001eb406290,Zm00001eb016180:0.00153253;Zm00001eb406290:0.000479805,NA,NA,NA,NA,HORVU.MOREX.r3.2HG0112410,HORVU.MOREX.r3.2HG0112410:0.000835743,NA,NA
600413at2759,2,Zm00001eb226820,Zm00001eb226820:0.000809352,NA,NA,NA,NA,NA,NA,AT2G19170,AT2G19170:0.000113845
600413at3193,2,Zm00001eb226820,Zm00001eb226820:0.000809352,NA,NA,NA,NA,NA,NA,AT2G19170,AT2G19170:0.000113845
600413at33090,2,Zm00001eb226820,Zm00001eb226820:0.000809352,NA,NA,NA,NA,NA,NA,AT2G19170,AT2G19170:0.000113845
600787at2759,2,NA,NA,SORBI_3006G217800,SORBI_3006G217800:0.00133997,NA,NA,HORVU.MOREX.r3.5HG0515900,HORVU.MOREX.r3.5HG0515900:0.00208738,NA,NA
600787at3193,2,NA,NA,SORBI_3006G217800,SORBI_3006G217800:0.00133997,NA,NA,HORVU.MOREX.r3.5HG0515900,HORVU.MOREX.r3.5HG0515900:0.00208738,NA,NA
600787at33090,2,NA,NA,SORBI_3006G217800,SORBI_3006G217800:0.00133997,NA,NA,HORVU.MOREX.r3.5HG0515900,HORVU.MOREX.r3.5HG0515900:0.00208738,NA,NA
60162at38820,2,Zm00001eb271200,Zm00001eb271200:0.00262244,NA,NA,NA,NA,HORVU.MOREX.r3.7HG0653690,HORVU.MOREX.r3.7HG0653690:0.00273755,NA,NA
60162at4447,2,Zm00001eb271200,Zm00001eb271200:0.00262244,NA,NA,NA,NA,HORVU.MOREX.r3.7HG0653690,HORVU.MOREX.r3.7HG0653690:0.00273755,NA,NA
601655at3193,2,Zm00001eb109300;Zm00001eb300130,Zm00001eb109300:0.000978454;Zm00001eb300130:0.00356309,NA,NA,NA,NA,HORVU.MOREX.r3.5HG0516760,HORVU.MOREX.r3.5HG0516760:0.00243167,NA,NA
601823at2759,2,Zm00001eb146060,Zm00001eb146060:0.00289569,SORBI_3003G374300,SORBI_3003G374300:0.00122928,NA,NA,NA,NA,NA,NA
601823at3193,2,Zm00001eb146060,Zm00001eb146060:0.00289569,SORBI_3003G374300,SORBI_3003G374300:0.00122928,NA,NA,NA,NA,NA,NA
601823at33090,2,Zm00001eb146060,Zm00001eb146060:0.00289569,SORBI_3003G374300,SORBI_3003G374300:0.00122928,NA,NA,NA,NA,NA,NA
601879at2759,2,Zm00001eb111340,Zm00001eb111340:0.00383193,NA,NA,NA,NA,HORVU.MOREX.r3.2HG0113310,HORVU.MOREX.r3.2HG0113310:0.00346542,NA,NA
601879at3193,2,Zm00001eb111340,Zm00001eb111340:0.00383193,NA,NA,NA,NA,HORVU.MOREX.r3.2HG0113310,HORVU.MOREX.r3.2HG0113310:0.00346542,NA,NA
601879at33090,2,Zm00001eb111340,Zm00001eb111340:0.00383193,NA,NA,NA,NA,HORVU.MOREX.r3.2HG0113310,HORVU.MOREX.r3.2HG0113310:0.00346542,NA,NA
602398at2759,2,Zm00001eb338920,Zm00001eb338920:0.00283224,SORBI_3003G012900,SORBI_3003G012900:0.00183456,NA,NA,NA,NA,NA,NA
602398at3193,2,Zm00001eb338920,Zm00001eb338920:0.00283224,SORBI_3003G012900,SORBI_3003G012900:0.00183456,NA,NA,NA,NA,NA,NA
602398at33090,2,Zm00001eb338920,Zm00001eb338920:0.00283224,SORBI_3003G012900,SORBI_3003G012900:0.00183456,NA,NA,NA,NA,NA,NA
603177at3193,2,Zm00001eb050630,Zm00001eb050630:0.00137681,SORBI_3003G022600,SORBI_3003G022600:0.00160388,NA,NA,NA,NA,NA,NA
603177at33090,2,Zm00001eb050630,Zm00001eb050630:0.00137681,SORBI_3003G022600,SORBI_3003G022600:0.00160388,NA,NA,NA,NA,NA,NA
603859at2759,2,Zm00001eb250600;Zm00001eb311010,Zm00001eb250600:0.00263749;Zm00001eb311010:0.00202322,NA,NA,NA,NA,HORVU.MOREX.r3.5HG0475790,HORVU.MOREX.r3.5HG0475790:0.00130911,NA,NA
603859at3193,2,Zm00001eb250600;Zm00001eb311010,Zm00001eb250600:0.00263749;Zm00001eb311010:0.00202322,NA,NA,NA,NA,HORVU.MOREX.r3.5HG0475790,HORVU.MOREX.r3.5HG0475790:0.00130911,NA,NA
603859at33090,2,Zm00001eb250600;Zm00001eb311010,Zm00001eb250600:0.00263749;Zm00001eb311010:0.00202322,NA,NA,NA,NA,HORVU.MOREX.r3.5HG0475790,HORVU.MOREX.r3.5HG0475790:0.00130911,NA,NA
60469at38820,2,Zm00001eb317540,Zm00001eb317540:0.000718843,NA,NA,LOC_Os09g05040,LOC_Os09g05040:0.000270306,NA,NA,NA,NA
60469at4447,2,Zm00001eb317540,Zm00001eb317540:0.000718843,NA,NA,LOC_Os09g05040,LOC_Os09g05040:0.000270306,NA,NA,NA,NA
606110at3193,2,Zm00001eb412500,Zm00001eb412500:0.00105029,NA,NA,NA,NA,HORVU.MOREX.r3.6HG0572930,HORVU.MOREX.r3.6HG0572930:0.000576492,NA,NA
606110at33090,2,Zm00001eb412500,Zm00001eb412500:0.00105029,NA,NA,NA,NA,HORVU.MOREX.r3.6HG0572930,HORVU.MOREX.r3.6HG0572930:0.000576492,NA,NA
606445at3193,2,Zm00001eb430810,Zm00001eb430810:0.00109235,NA,NA,NA,NA,HORVU.MOREX.r3.3HG0312690,HORVU.MOREX.r3.3HG0312690:0.00035222,NA,NA
606445at33090,2,Zm00001eb430810,Zm00001eb430810:0.00109235,NA,NA,NA,NA,HORVU.MOREX.r3.3HG0312690,HORVU.MOREX.r3.3HG0312690:0.00035222,NA,NA
60729at38820,2,NA,NA,SORBI_3001G090500,SORBI_3001G090500:0.00181971,LOC_Os03g07480,LOC_Os03g07480:0.000378547,NA,NA,NA,NA
607592at2759,2,Zm00001eb089010,Zm00001eb089010:0.000157538,SORBI_3004G023200,SORBI_3004G023200:2.32444e-05,NA,NA,NA,NA,NA,NA
607592at3193,2,Zm00001eb089010,Zm00001eb089010:0.000157538,SORBI_3004G023200,SORBI_3004G023200:2.32444e-05,NA,NA,NA,NA,NA,NA
607592at33090,2,Zm00001eb089010,Zm00001eb089010:0.000157538,SORBI_3004G023200,SORBI_3004G023200:2.32444e-05,NA,NA,NA,NA,NA,NA
608013at2759,2,Zm00001eb156100;Zm00001eb156130,Zm00001eb156100:0.00374152;Zm00001eb156130:0.00374152,NA,NA,NA,NA,NA,NA,AT1G10360,AT1G10360:0.00199796
608013at3193,2,Zm00001eb156100;Zm00001eb156130,Zm00001eb156100:0.00374152;Zm00001eb156130:0.00374152,NA,NA,NA,NA,NA,NA,AT1G10360,AT1G10360:0.00199796
608013at33090,2,Zm00001eb156100;Zm00001eb156130,Zm00001eb156100:0.00374152;Zm00001eb156130:0.00374152,NA,NA,NA,NA,NA,NA,AT1G10360,AT1G10360:0.00199796
609306at2759,2,Zm00001eb075310,Zm00001eb075310:0.00403913,SORBI_3001G196100,SORBI_3001G196100:0.000139177,NA,NA,NA,NA,NA,NA
609306at3193,2,Zm00001eb075310,Zm00001eb075310:0.00403913,SORBI_3001G196100,SORBI_3001G196100:0.000139177,NA,NA,NA,NA,NA,NA
609306at33090,2,Zm00001eb075310,Zm00001eb075310:0.00403913,SORBI_3001G196100,SORBI_3001G196100:0.000139177,NA,NA,NA,NA,NA,NA
609751at2759,2,Zm00001eb125920,Zm00001eb125920:0.00368262,SORBI_3003G095100,SORBI_3003G095100:0.000375056,NA,NA,NA,NA,NA,NA
609751at3193,2,Zm00001eb125920,Zm00001eb125920:0.00368262,SORBI_3003G095100,SORBI_3003G095100:0.000375056,NA,NA,NA,NA,NA,NA
609751at33090,2,Zm00001eb125920,Zm00001eb125920:0.00368262,SORBI_3003G095100,SORBI_3003G095100:0.000375056,NA,NA,NA,NA,NA,NA
609856at3193,2,Zm00001eb380080,Zm00001eb380080:0.00203658,NA,NA,NA,NA,NA,NA,AT5G65010,AT5G65010:0.00157021
609856at33090,2,Zm00001eb380080,Zm00001eb380080:0.00203658,NA,NA,NA,NA,NA,NA,AT5G65010,AT5G65010:0.00157021
60985at2759,2,Zm00001eb400040,Zm00001eb400040:0.000145092,NA,NA,NA,NA,HORVU.MOREX.r3.4HG0396170,HORVU.MOREX.r3.4HG0396170:0.00152654,NA,NA
60985at3193,2,Zm00001eb400040,Zm00001eb400040:0.000145092,NA,NA,NA,NA,HORVU.MOREX.r3.4HG0396170,HORVU.MOREX.r3.4HG0396170:0.00152654,NA,NA
60985at33090,2,Zm00001eb400040,Zm00001eb400040:0.000145092,NA,NA,NA,NA,HORVU.MOREX.r3.4HG0396170,HORVU.MOREX.r3.4HG0396170:0.00152654,NA,NA
610150at2759,2,Zm00001eb403660,Zm00001eb403660:0.000799661,NA,NA,NA,NA,NA,NA,AT1G47330;AT4G14240;AT5G52790,AT1G47330:0.00247663;AT4G14240:0.00100669;AT5G52790:0.00304101
610150at33090,2,Zm00001eb403660,Zm00001eb403660:0.000799661,NA,NA,NA,NA,NA,NA,AT1G47330;AT4G14240;AT5G52790,AT1G47330:0.00247663;AT4G14240:0.00100669;AT5G52790:0.00304101
610152at3193,2,Zm00001eb303120,Zm00001eb303120:0.000353691,SORBI_3006G278300,SORBI_3006G278300:0.000548905,NA,NA,NA,NA,NA,NA
610397at3193,2,Zm00001eb070250,Zm00001eb070250:0.00054286,NA,NA,NA,NA,NA,NA,AT1G11860,AT1G11860:0.000133243
61049at38820,2,Zm00001eb008800,Zm00001eb008800:0.00355209,NA,NA,NA,NA,HORVU.MOREX.r3.4HG0396180,HORVU.MOREX.r3.4HG0396180:0.00152654,NA,NA
61049at4447,2,Zm00001eb008800,Zm00001eb008800:0.00355209,NA,NA,NA,NA,HORVU.MOREX.r3.4HG0396180,HORVU.MOREX.r3.4HG0396180:0.00152654,NA,NA
610652at2759,2,Zm00001eb125210,Zm00001eb125210:0.00159128,NA,NA,NA,NA,HORVU.MOREX.r3.7HG0744930,HORVU.MOREX.r3.7HG0744930:0.00082645,NA,NA
610652at33090,2,Zm00001eb125210,Zm00001eb125210:0.00159128,NA,NA,NA,NA,HORVU.MOREX.r3.7HG0744930,HORVU.MOREX.r3.7HG0744930:0.00082645,NA,NA
611173at3193,2,NA,NA,SORBI_3006G119200,SORBI_3006G119200:0.000569609,NA,NA,NA,NA,AT2G42490,AT2G42490:3.57009e-07
611295at2759,2,Zm00001eb256330,Zm00001eb256330:0.00336921,NA,NA,NA,NA,NA,NA,AT2G01630,AT2G01630:0.000582361
611295at33090,2,Zm00001eb256330,Zm00001eb256330:0.00336921,NA,NA,NA,NA,NA,NA,AT2G01630,AT2G01630:0.000582361
611406at2759,2,NA,NA,SORBI_3006G118700,SORBI_3006G118700:0.000569609,NA,NA,HORVU.MOREX.r3.3HG0328960,HORVU.MOREX.r3.3HG0328960:0.00037336,NA,NA
611406at3193,2,NA,NA,SORBI_3006G118700,SORBI_3006G118700:0.000569609,NA,NA,HORVU.MOREX.r3.3HG0328960,HORVU.MOREX.r3.3HG0328960:0.00037336,NA,NA
611406at33090,2,NA,NA,SORBI_3006G118700,SORBI_3006G118700:0.000569609,NA,NA,HORVU.MOREX.r3.3HG0328960,HORVU.MOREX.r3.3HG0328960:0.00037336,NA,NA
612172at2759,2,Zm00001eb103330,Zm00001eb103330:1.36708e-05,NA,NA,NA,NA,NA,NA,AT3G61890,AT3G61890:0.00290384
612172at3193,2,Zm00001eb103330,Zm00001eb103330:1.36708e-05,NA,NA,NA,NA,NA,NA,AT3G61890,AT3G61890:0.00290384
612172at33090,2,Zm00001eb103330,Zm00001eb103330:1.36708e-05,NA,NA,NA,NA,NA,NA,AT3G61890,AT3G61890:0.00290384
61221at38820,2,Zm00001eb012060,Zm00001eb012060:0.00333826,NA,NA,NA,NA,HORVU.MOREX.r3.4HG0388950,HORVU.MOREX.r3.4HG0388950:0.0019374,NA,NA
61221at4447,2,Zm00001eb012060,Zm00001eb012060:0.00333826,NA,NA,NA,NA,HORVU.MOREX.r3.4HG0388950,HORVU.MOREX.r3.4HG0388950:0.0019374,NA,NA
612353at3193,2,Zm00001eb363610,Zm00001eb363610:0.00188646,NA,NA,NA,NA,NA,NA,AT5G27730,AT5G27730:0.00257753
612373at2759,2,Zm00001eb403230;Zm00001eb433740,Zm00001eb403230:0.000357101;Zm00001eb433740:0.00238329,SORBI_3001G043400,SORBI_3001G043400:0.00128019,NA,NA,NA,NA,NA,NA
612373at3193,2,Zm00001eb433740,Zm00001eb433740:0.00238329,SORBI_3001G043400,SORBI_3001G043400:0.00128019,NA,NA,NA,NA,NA,NA
612373at33090,2,Zm00001eb403230;Zm00001eb433740,Zm00001eb403230:0.000357101;Zm00001eb433740:0.00238329,SORBI_3001G043400,SORBI_3001G043400:0.00128019,NA,NA,NA,NA,NA,NA
61355at38820,2,Zm00001eb293310,Zm00001eb293310:0.000572861,NA,NA,NA,NA,HORVU.MOREX.r3.3HG0286640,HORVU.MOREX.r3.3HG0286640:0.00253446,NA,NA
61355at4447,2,Zm00001eb293310,Zm00001eb293310:0.000572861,NA,NA,NA,NA,HORVU.MOREX.r3.3HG0286640,HORVU.MOREX.r3.3HG0286640:0.00253446,NA,NA
61432at4447,2,Zm00001eb148690;Zm00001eb368150,Zm00001eb148690:0.000347263;Zm00001eb368150:0.000494784,SORBI_3009G165500,SORBI_3009G165500:0.000466066,NA,NA,NA,NA,NA,NA
614510at2759,2,Zm00001eb392010,Zm00001eb392010:0.00187768,SORBI_3001G357400;SORBI_3002G386700,SORBI_3001G357400:0.000229195;SORBI_3002G386700:0.00168838,NA,NA,NA,NA,NA,NA
614510at33090,2,Zm00001eb392010,Zm00001eb392010:0.00187768,SORBI_3001G357400;SORBI_3002G386700,SORBI_3001G357400:0.000229195;SORBI_3002G386700:0.00168838,NA,NA,NA,NA,NA,NA
614720at3193,2,Zm00001eb378340,Zm00001eb378340:0.000668423,NA,NA,NA,NA,NA,NA,AT2G26330,AT2G26330:0.000520408
614854at3193,2,Zm00001eb404860,Zm00001eb404860:0.00342847,SORBI_3005G004400,SORBI_3005G004400:0.00151997,NA,NA,NA,NA,NA,NA
614993at3193,2,Zm00001eb050070,Zm00001eb050070:0.00353258,SORBI_3003G305200,SORBI_3003G305200:0.000734903,NA,NA,NA,NA,NA,NA
615317at33090,2,Zm00001eb433750,Zm00001eb433750:0.00238329,SORBI_3005G034400,SORBI_3005G034400:0.000134383,NA,NA,NA,NA,NA,NA
616648at2759,2,NA,NA,SORBI_3003G427700;SORBI_3003G427800,SORBI_3003G427700:3.30768e-05;SORBI_3003G427800:3.30768e-05,LOC_Os01g09520,LOC_Os01g09520:8.06957e-05,NA,NA,NA,NA
616648at3193,2,NA,NA,SORBI_3003G427700;SORBI_3003G427800,SORBI_3003G427700:3.30768e-05;SORBI_3003G427800:3.30768e-05,LOC_Os01g09520,LOC_Os01g09520:8.06957e-05,NA,NA,NA,NA
616648at33090,2,NA,NA,SORBI_3003G427700;SORBI_3003G427800,SORBI_3003G427700:3.30768e-05;SORBI_3003G427800:3.30768e-05,LOC_Os01g09520,LOC_Os01g09520:8.06957e-05,NA,NA,NA,NA
616750at3193,2,NA,NA,NA,NA,NA,NA,HORVU.MOREX.r3.2HG0097600,HORVU.MOREX.r3.2HG0097600:0.000878243,AT1G19270,AT1G19270:0.00107644
616770at3193,2,Zm00001eb377770,Zm00001eb377770:0.00280294,NA,NA,NA,NA,NA,NA,AT5G66280,AT5G66280:0.00109469
616770at33090,2,Zm00001eb377770,Zm00001eb377770:0.00280294,NA,NA,NA,NA,NA,NA,AT5G66280,AT5G66280:0.00109469
616803at33090,2,Zm00001eb118100,Zm00001eb118100:0.00124869,NA,NA,NA,NA,NA,NA,AT2G23080,AT2G23080:0.00242119
616823at33090,2,Zm00001eb224770,Zm00001eb224770:0.00105274,NA,NA,NA,NA,NA,NA,AT1G15960,AT1G15960:0.00280681
617043at2759,2,Zm00001eb379770,Zm00001eb379770:0.000347558,NA,NA,NA,NA,HORVU.MOREX.r3.5HG0479280,HORVU.MOREX.r3.5HG0479280:0.00129333,NA,NA
617043at3193,2,Zm00001eb379770,Zm00001eb379770:0.000347558,NA,NA,NA,NA,HORVU.MOREX.r3.5HG0479280,HORVU.MOREX.r3.5HG0479280:0.00129333,NA,NA
617043at33090,2,Zm00001eb379770,Zm00001eb379770:0.000347558,NA,NA,NA,NA,HORVU.MOREX.r3.5HG0479280,HORVU.MOREX.r3.5HG0479280:0.00129333,NA,NA
617537at2759,2,Zm00001eb258860,Zm00001eb258860:0.00381479,NA,NA,NA,NA,HORVU.MOREX.r3.6HG0629220,HORVU.MOREX.r3.6HG0629220:5.90658e-05,NA,NA
617537at3193,2,Zm00001eb258860,Zm00001eb258860:0.00381479,NA,NA,NA,NA,HORVU.MOREX.r3.6HG0629220,HORVU.MOREX.r3.6HG0629220:5.90658e-05,NA,NA
617537at33090,2,Zm00001eb258860,Zm00001eb258860:0.00381479,NA,NA,NA,NA,HORVU.MOREX.r3.6HG0629220,HORVU.MOREX.r3.6HG0629220:5.90658e-05,NA,NA
617760at2759,2,NA,NA,SORBI_3002G354900,SORBI_3002G354900:0.000777422,NA,NA,NA,NA,AT2G04890,AT2G04890:0.00212077
617760at3193,2,NA,NA,SORBI_3002G354900,SORBI_3002G354900:0.000777422,NA,NA,NA,NA,AT2G04890,AT2G04890:0.00212077
617760at33090,2,NA,NA,SORBI_3002G354900,SORBI_3002G354900:0.000777422,NA,NA,NA,NA,AT2G04890,AT2G04890:0.00212077
618218at2759,2,Zm00001eb433880,Zm00001eb433880:0.00196746,NA,NA,NA,NA,HORVU.MOREX.r3.2HG0116390,HORVU.MOREX.r3.2HG0116390:0.0029601,NA,NA
618218at3193,2,Zm00001eb433880,Zm00001eb433880:0.00196746,NA,NA,NA,NA,HORVU.MOREX.r3.2HG0116390,HORVU.MOREX.r3.2HG0116390:0.0029601,NA,NA
618218at33090,2,Zm00001eb433880,Zm00001eb433880:0.00196746,NA,NA,NA,NA,HORVU.MOREX.r3.2HG0116390,HORVU.MOREX.r3.2HG0116390:0.0029601,NA,NA
618302at2759,2,Zm00001eb062110,Zm00001eb062110:0.00338549,SORBI_3001G041700,SORBI_3001G041700:0.000337533,NA,NA,NA,NA,NA,NA
618302at3193,2,Zm00001eb062110,Zm00001eb062110:0.00338549,SORBI_3001G041700,SORBI_3001G041700:0.000337533,NA,NA,NA,NA,NA,NA
618302at33090,2,Zm00001eb062110,Zm00001eb062110:0.00338549,SORBI_3001G041700,SORBI_3001G041700:0.000337533,NA,NA,NA,NA,NA,NA
618357at2759,2,Zm00001eb052100,Zm00001eb052100:0.00171106,NA,NA,NA,NA,NA,NA,AT1G10090;AT1G58520,AT1G10090:0.00192014;AT1G58520:0.00311635
618357at3193,2,Zm00001eb052100,Zm00001eb052100:0.00171106,NA,NA,NA,NA,NA,NA,AT1G10090;AT1G58520,AT1G10090:0.00192014;AT1G58520:0.00311635
618357at33090,2,Zm00001eb052100,Zm00001eb052100:0.00171106,NA,NA,NA,NA,NA,NA,AT1G10090;AT1G58520,AT1G10090:0.00192014;AT1G58520:0.00311635
618550at33090,2,Zm00001eb058130;Zm00001eb250950,Zm00001eb058130:0.00283462;Zm00001eb250950:0.00109021,NA,NA,NA,NA,NA,NA,AT5G66080,AT5G66080:0.0023243
618660at2759,2,NA,NA,SORBI_3002G231000,SORBI_3002G231000:0.00164024,NA,NA,HORVU.MOREX.r3.7HG0664600,HORVU.MOREX.r3.7HG0664600:0.00232294,NA,NA
618660at3193,2,NA,NA,SORBI_3002G231000,SORBI_3002G231000:0.00164024,NA,NA,HORVU.MOREX.r3.7HG0664600,HORVU.MOREX.r3.7HG0664600:0.00232294,NA,NA
618660at33090,2,NA,NA,SORBI_3002G231000,SORBI_3002G231000:0.00164024,NA,NA,HORVU.MOREX.r3.7HG0664600,HORVU.MOREX.r3.7HG0664600:0.00232294,NA,NA
618706at3193,2,Zm00001eb425570,Zm00001eb425570:0.00198019,NA,NA,NA,NA,NA,NA,AT1G05890;AT2G31510,AT1G05890:0.00330559;AT2G31510:0.000205232
618909at3193,2,Zm00001eb146710,Zm00001eb146710:0.000699217,SORBI_3003G368100,SORBI_3003G368100:0.00136049,NA,NA,NA,NA,NA,NA
619146at3193,2,Zm00001eb045340,Zm00001eb045340:0.00101523,NA,NA,NA,NA,NA,NA,AT5G58860,AT5G58860:0.00299706
619502at33090,2,Zm00001eb068710,Zm00001eb068710:0.00267515,SORBI_3004G113300;SORBI_3004G113400,SORBI_3004G113300:0.00135131;SORBI_3004G113400:0.00135131,NA,NA,NA,NA,NA,NA
620126at2759,2,Zm00001eb330810;Zm00001eb405650,Zm00001eb330810:0.00300035;Zm00001eb405650:0.00300864,SORBI_3008G022500,SORBI_3008G022500:0.000490347,NA,NA,NA,NA,NA,NA
620126at3193,2,Zm00001eb330810;Zm00001eb405650,Zm00001eb330810:0.00300035;Zm00001eb405650:0.00300864,SORBI_3008G022500,SORBI_3008G022500:0.000490347,NA,NA,NA,NA,NA,NA
620126at33090,2,Zm00001eb330810;Zm00001eb405650,Zm00001eb330810:0.00300035;Zm00001eb405650:0.00300864,SORBI_3008G022500,SORBI_3008G022500:0.000490347,NA,NA,NA,NA,NA,NA
620210at2759,2,Zm00001eb433400,Zm00001eb433400:0.00105226,SORBI_3007G022600,SORBI_3007G022600:0.000985086,NA,NA,NA,NA,NA,NA
620210at33090,2,Zm00001eb433400,Zm00001eb433400:0.00105226,SORBI_3007G022600,SORBI_3007G022600:0.000985086,NA,NA,NA,NA,NA,NA
62025at38820,2,Zm00001eb414690,Zm00001eb414690:0.00217167,SORBI_3007G088900,SORBI_3007G088900:0.000997291,NA,NA,NA,NA,NA,NA
62025at4447,2,Zm00001eb414690,Zm00001eb414690:0.00217167,SORBI_3007G088900,SORBI_3007G088900:0.000997291,NA,NA,NA,NA,NA,NA
620294at3193,2,Zm00001eb054100,Zm00001eb054100:0.000229601,NA,NA,NA,NA,HORVU.MOREX.r3.4HG0335910,HORVU.MOREX.r3.4HG0335910:5.23093e-06,NA,NA
620743at2759,2,Zm00001eb012190,Zm00001eb012190:0.00338595,NA,NA,NA,NA,NA,NA,AT5G37540,AT5G37540:0.000384027
620743at3193,2,Zm00001eb012190,Zm00001eb012190:0.00338595,NA,NA,NA,NA,NA,NA,AT5G37540,AT5G37540:0.000384027
620743at33090,2,Zm00001eb012190,Zm00001eb012190:0.00338595,NA,NA,NA,NA,NA,NA,AT5G37540,AT5G37540:0.000384027
620846at2759,2,Zm00001eb265880,Zm00001eb265880:0.000448793,NA,NA,NA,NA,HORVU.MOREX.r3.2HG0100750;HORVU.MOREX.r3.5HG0480940;HORVU.MOREX.r3.7HG0750940,HORVU.MOREX.r3.2HG0100750:0.00198649;HORVU.MOREX.r3.5HG0480940:0.00201782;HORVU.MOREX.r3.7HG0750940:0.00327493,NA,NA
620846at3193,2,Zm00001eb265880,Zm00001eb265880:0.000448793,NA,NA,NA,NA,HORVU.MOREX.r3.2HG0100750;HORVU.MOREX.r3.5HG0480940;HORVU.MOREX.r3.7HG0750940,HORVU.MOREX.r3.2HG0100750:0.00198649;HORVU.MOREX.r3.5HG0480940:0.00201782;HORVU.MOREX.r3.7HG0750940:0.00327493,NA,NA
620846at33090,2,Zm00001eb265880,Zm00001eb265880:0.000448793,NA,NA,NA,NA,HORVU.MOREX.r3.2HG0100750;HORVU.MOREX.r3.5HG0480940;HORVU.MOREX.r3.7HG0750940,HORVU.MOREX.r3.2HG0100750:0.00198649;HORVU.MOREX.r3.5HG0480940:0.00201782;HORVU.MOREX.r3.7HG0750940:0.00327493,NA,NA
621567at2759,2,Zm00001eb056050,Zm00001eb056050:0.00235353,SORBI_3001G104500,SORBI_3001G104500:0.000450254,NA,NA,NA,NA,NA,NA
621567at3193,2,Zm00001eb056050,Zm00001eb056050:0.00235353,SORBI_3001G104500,SORBI_3001G104500:0.000450254,NA,NA,NA,NA,NA,NA
621567at33090,2,Zm00001eb056050,Zm00001eb056050:0.00235353,SORBI_3001G104500,SORBI_3001G104500:0.000450254,NA,NA,NA,NA,NA,NA
621814at33090,2,Zm00001eb425570,Zm00001eb425570:0.00198019,NA,NA,NA,NA,NA,NA,AT1G05890;AT2G31510,AT1G05890:0.00330559;AT2G31510:0.000205232
621836at2759,2,Zm00001eb158260,Zm00001eb158260:0.00114777,NA,NA,NA,NA,HORVU.MOREX.r3.3HG0228290,HORVU.MOREX.r3.3HG0228290:0.00190495,NA,NA
621836at3193,2,Zm00001eb158260,Zm00001eb158260:0.00114777,NA,NA,NA,NA,HORVU.MOREX.r3.3HG0228290,HORVU.MOREX.r3.3HG0228290:0.00190495,NA,NA
621836at33090,2,Zm00001eb158260,Zm00001eb158260:0.00114777,NA,NA,NA,NA,HORVU.MOREX.r3.3HG0228290,HORVU.MOREX.r3.3HG0228290:0.00190495,NA,NA
622103at3193,2,Zm00001eb031970,Zm00001eb031970:0.00177325,NA,NA,NA,NA,NA,NA,AT4G03080,AT4G03080:0.00100884
622480at2759,2,Zm00001eb069410,Zm00001eb069410:0.00197314,SORBI_3006G228200,SORBI_3006G228200:0.00103633,NA,NA,NA,NA,NA,NA
622480at3193,2,Zm00001eb069410,Zm00001eb069410:0.00197314,SORBI_3006G228200,SORBI_3006G228200:0.00103633,NA,NA,NA,NA,NA,NA
622480at33090,2,Zm00001eb069410,Zm00001eb069410:0.00197314,SORBI_3006G228200,SORBI_3006G228200:0.00103633,NA,NA,NA,NA,NA,NA
622591at33090,2,Zm00001eb219170,Zm00001eb219170:0.000137964,NA,NA,NA,NA,HORVU.MOREX.r3.4HG0342810,HORVU.MOREX.r3.4HG0342810:0.000929893,NA,NA
622801at3193,2,Zm00001eb365600,Zm00001eb365600:0.00358039,NA,NA,NA,NA,HORVU.MOREX.r3.3HG0319320,HORVU.MOREX.r3.3HG0319320:0.000655575,NA,NA
623204at2759,2,Zm00001eb405620,Zm00001eb405620:0.00300864,SORBI_3008G022100,SORBI_3008G022100:0.000490347,NA,NA,NA,NA,NA,NA
623204at3193,2,Zm00001eb405620,Zm00001eb405620:0.00300864,SORBI_3008G022100,SORBI_3008G022100:0.000490347,NA,NA,NA,NA,NA,NA
623204at33090,2,Zm00001eb405620,Zm00001eb405620:0.00300864,SORBI_3008G022100,SORBI_3008G022100:0.000490347,NA,NA,NA,NA,NA,NA
623458at3193,2,Zm00001eb224770,Zm00001eb224770:0.00105274,NA,NA,NA,NA,NA,NA,AT1G15960,AT1G15960:0.00280681
623725at3193,2,NA,NA,SORBI_3003G162500,SORBI_3003G162500:0.00130067,NA,NA,HORVU.MOREX.r3.6HG0627110,HORVU.MOREX.r3.6HG0627110:0.0022133,NA,NA
623725at33090,2,NA,NA,SORBI_3003G162500,SORBI_3003G162500:0.00130067,NA,NA,HORVU.MOREX.r3.6HG0627110,HORVU.MOREX.r3.6HG0627110:0.0022133,NA,NA
62398at38820,2,Zm00001eb109730,Zm00001eb109730:0.00331338,SORBI_3002G381500,SORBI_3002G381500:0.00190958,NA,NA,NA,NA,NA,NA
62398at4447,2,Zm00001eb109730,Zm00001eb109730:0.00331338,SORBI_3002G381500,SORBI_3002G381500:0.00190958,NA,NA,NA,NA,NA,NA
6242at3193,2,Zm00001eb119260,Zm00001eb119260:0.00152372,NA,NA,NA,NA,NA,NA,AT2G39590,AT2G39590:0.00269758
624924at33090,2,Zm00001eb402930,Zm00001eb402930:0.000833333,NA,NA,NA,NA,NA,NA,AT2G32750,AT2G32750:0.00235137
625016at2759,2,Zm00001eb315430,Zm00001eb315430:0.00218116,SORBI_3002G230900,SORBI_3002G230900:0.00164024,NA,NA,NA,NA,NA,NA
625016at3193,2,Zm00001eb315430,Zm00001eb315430:0.00218116,SORBI_3002G230900,SORBI_3002G230900:0.00164024,NA,NA,NA,NA,NA,NA
625016at33090,2,Zm00001eb315430,Zm00001eb315430:0.00218116,SORBI_3002G230900,SORBI_3002G230900:0.00164024,NA,NA,NA,NA,NA,NA
625046at2759,2,Zm00001eb311440,Zm00001eb311440:0.00281602,NA,NA,NA,NA,HORVU.MOREX.r3.2HG0107260,HORVU.MOREX.r3.2HG0107260:0.000444688,NA,NA
625046at3193,2,Zm00001eb311440,Zm00001eb311440:0.00281602,NA,NA,NA,NA,HORVU.MOREX.r3.2HG0107260,HORVU.MOREX.r3.2HG0107260:0.000444688,NA,NA
625046at33090,2,Zm00001eb311440,Zm00001eb311440:0.00281602,NA,NA,NA,NA,HORVU.MOREX.r3.2HG0107260,HORVU.MOREX.r3.2HG0107260:0.000444688,NA,NA
625738at3193,2,Zm00001eb067730,Zm00001eb067730:0.00134299,NA,NA,NA,NA,NA,NA,AT4G37520,AT4G37520:0.000182973
625738at33090,2,Zm00001eb067730,Zm00001eb067730:0.00134299,NA,NA,NA,NA,NA,NA,AT4G37520,AT4G37520:0.000182973
625983at2759,2,Zm00001eb027970,Zm00001eb027970:0.000521429,NA,NA,NA,NA,NA,NA,AT3G14350,AT3G14350:0.00123363
625983at3193,2,Zm00001eb027970,Zm00001eb027970:0.000521429,NA,NA,NA,NA,NA,NA,AT3G14350,AT3G14350:0.00123363
625983at33090,2,Zm00001eb027970,Zm00001eb027970:0.000521429,NA,NA,NA,NA,NA,NA,AT3G14350,AT3G14350:0.00123363
626027at2759,2,Zm00001eb371830,Zm00001eb371830:0.00241582,NA,NA,NA,NA,HORVU.MOREX.r3.7HG0719170,HORVU.MOREX.r3.7HG0719170:0.0017761,NA,NA
626027at3193,2,Zm00001eb371830,Zm00001eb371830:0.00241582,NA,NA,NA,NA,HORVU.MOREX.r3.7HG0719170,HORVU.MOREX.r3.7HG0719170:0.0017761,NA,NA
626027at33090,2,Zm00001eb371830,Zm00001eb371830:0.00241582,NA,NA,NA,NA,HORVU.MOREX.r3.7HG0719170,HORVU.MOREX.r3.7HG0719170:0.0017761,NA,NA
626765at2759,2,Zm00001eb429690,Zm00001eb429690:0.00225671,SORBI_3006G171050,SORBI_3006G171050:0.00145285,NA,NA,NA,NA,NA,NA
626765at3193,2,Zm00001eb429690,Zm00001eb429690:0.00225671,SORBI_3006G171050,SORBI_3006G171050:0.00145285,NA,NA,NA,NA,NA,NA
626765at33090,2,Zm00001eb429690,Zm00001eb429690:0.00225671,SORBI_3006G171050,SORBI_3006G171050:0.00145285,NA,NA,NA,NA,NA,NA
626785at3193,2,Zm00001eb125360,Zm00001eb125360:0.000126311,NA,NA,NA,NA,HORVU.MOREX.r3.3HG0221900,HORVU.MOREX.r3.3HG0221900:0.00268929,NA,NA
627696at3193,2,Zm00001eb311000,Zm00001eb311000:0.00202322,NA,NA,NA,NA,HORVU.MOREX.r3.5HG0475780,HORVU.MOREX.r3.5HG0475780:0.00130911,NA,NA
627696at33090,2,Zm00001eb311000,Zm00001eb311000:0.00202322,NA,NA,NA,NA,HORVU.MOREX.r3.5HG0475780,HORVU.MOREX.r3.5HG0475780:0.00130911,NA,NA
627924at3193,2,Zm00001eb232010,Zm00001eb232010:0.00302525,NA,NA,NA,NA,HORVU.MOREX.r3.6HG0557070,HORVU.MOREX.r3.6HG0557070:0.00141555,NA,NA
627924at33090,2,Zm00001eb232010,Zm00001eb232010:0.00302525,NA,NA,NA,NA,HORVU.MOREX.r3.6HG0557070,HORVU.MOREX.r3.6HG0557070:0.00141555,NA,NA
62820at33090,2,Zm00001eb071040,Zm00001eb071040:0.00284568,NA,NA,NA,NA,NA,NA,AT4G39330,AT4G39330:2.23337e-05
628281at33090,2,NA,NA,SORBI_3009G165700,SORBI_3009G165700:0.000466066,NA,NA,HORVU.MOREX.r3.3HG0303320,HORVU.MOREX.r3.3HG0303320:0.00250767,NA,NA
628462at3193,2,Zm00001eb151450,Zm00001eb151450:0.000300477,SORBI_3003G317200,SORBI_3003G317200:0.000741015,NA,NA,NA,NA,NA,NA
628789at2759,2,Zm00001eb375640,Zm00001eb375640:0.00235152,SORBI_3005G079100,SORBI_3005G079100:0.000314136,NA,NA,NA,NA,NA,NA
628789at3193,2,Zm00001eb375640,Zm00001eb375640:0.00235152,SORBI_3005G079100,SORBI_3005G079100:0.000314136,NA,NA,NA,NA,NA,NA
628789at33090,2,Zm00001eb375640,Zm00001eb375640:0.00235152,SORBI_3005G079100,SORBI_3005G079100:0.000314136,NA,NA,NA,NA,NA,NA
629044at3193,2,NA,NA,SORBI_3002G274600,SORBI_3002G274600:0.00143885,NA,NA,NA,NA,AT1G52540,AT1G52540:0.00216649
629044at33090,2,NA,NA,SORBI_3002G274600,SORBI_3002G274600:0.00143885,NA,NA,NA,NA,AT1G52540,AT1G52540:0.00216649
629806at3193,2,Zm00001eb160430;Zm00001eb192750,Zm00001eb160430:0.000543299;Zm00001eb192750:3.21803e-05,SORBI_3010G070100,SORBI_3010G070100:0.00127045,NA,NA,NA,NA,NA,NA
629956at3193,2,Zm00001eb251050,Zm00001eb251050:0.000423493,NA,NA,NA,NA,HORVU.MOREX.r3.2HG0126900,HORVU.MOREX.r3.2HG0126900:0.00119724,NA,NA
630373at2759,2,NA,NA,NA,NA,LOC_Os09g04010,LOC_Os09g04010:6.69234e-06,NA,NA,AT1G66230,AT1G66230:0.000889666
630373at3193,2,NA,NA,NA,NA,LOC_Os09g04010,LOC_Os09g04010:6.69234e-06,NA,NA,AT1G66230,AT1G66230:0.000889666
630373at33090,2,NA,NA,NA,NA,LOC_Os09g04010,LOC_Os09g04010:6.69234e-06,NA,NA,AT1G66230,AT1G66230:0.000889666
630676at2759,2,Zm00001eb074590,Zm00001eb074590:0.00171281,SORBI_3006G171500,SORBI_3006G171500:0.00145285,NA,NA,NA,NA,NA,NA
630676at3193,2,Zm00001eb074590,Zm00001eb074590:0.00171281,SORBI_3006G171500,SORBI_3006G171500:0.00145285,NA,NA,NA,NA,NA,NA
630676at33090,2,Zm00001eb074590,Zm00001eb074590:0.00171281,SORBI_3006G171500,SORBI_3006G171500:0.00145285,NA,NA,NA,NA,NA,NA
630734at2759,2,Zm00001eb266800;Zm00001eb355740,Zm00001eb266800:0.00311923;Zm00001eb355740:0.000431684,NA,NA,NA,NA,HORVU.MOREX.r3.1HG0005750,HORVU.MOREX.r3.1HG0005750:1.07551e-05,NA,NA
630734at3193,2,Zm00001eb266800;Zm00001eb355740,Zm00001eb266800:0.00311923;Zm00001eb355740:0.000431684,NA,NA,NA,NA,HORVU.MOREX.r3.1HG0005750,HORVU.MOREX.r3.1HG0005750:1.07551e-05,NA,NA
630734at33090,2,Zm00001eb266800;Zm00001eb355740,Zm00001eb266800:0.00311923;Zm00001eb355740:0.000431684,NA,NA,NA,NA,HORVU.MOREX.r3.1HG0005750,HORVU.MOREX.r3.1HG0005750:1.07551e-05,NA,NA
630842at3193,2,Zm00001eb193140,Zm00001eb193140:0.00251229,NA,NA,NA,NA,HORVU.MOREX.r3.2HG0123450,HORVU.MOREX.r3.2HG0123450:0.000321366,NA,NA
630854at3193,2,Zm00001eb400820,Zm00001eb400820:0.00217287,NA,NA,LOC_Os02g02870,LOC_Os02g02870:0.000135855,NA,NA,NA,NA
63088at38820,2,Zm00001eb054160,Zm00001eb054160:0.000229601,NA,NA,NA,NA,HORVU.MOREX.r3.4HG0336020,HORVU.MOREX.r3.4HG0336020:0.00149095,NA,NA
63088at4447,2,Zm00001eb054160,Zm00001eb054160:0.000229601,NA,NA,NA,NA,HORVU.MOREX.r3.4HG0336020,HORVU.MOREX.r3.4HG0336020:0.00149095,NA,NA
630947at2759,2,Zm00001eb342070,Zm00001eb342070:0.00250291,NA,NA,NA,NA,HORVU.MOREX.r3.3HG0254950;HORVU.MOREX.r3.3HG0254990,HORVU.MOREX.r3.3HG0254950:1.87684e-05;HORVU.MOREX.r3.3HG0254990:0.0012379,NA,NA
631424at3193,2,Zm00001eb397490,Zm00001eb397490:2.34188e-05,NA,NA,NA,NA,HORVU.MOREX.r3.1HG0007240;HORVU.MOREX.r3.1HG0007250,HORVU.MOREX.r3.1HG0007240:0.000638708;HORVU.MOREX.r3.1HG0007250:0.000638708,NA,NA
631424at33090,2,Zm00001eb397490,Zm00001eb397490:2.34188e-05,NA,NA,NA,NA,HORVU.MOREX.r3.1HG0007240;HORVU.MOREX.r3.1HG0007250,HORVU.MOREX.r3.1HG0007240:0.000638708;HORVU.MOREX.r3.1HG0007250:0.000638708,NA,NA
631486at2759,2,NA,NA,SORBI_3003G077400,SORBI_3003G077400:0.000806408,NA,NA,NA,NA,AT5G05740,AT5G05740:0.000919983
631486at3193,2,NA,NA,SORBI_3003G077400,SORBI_3003G077400:0.000806408,NA,NA,NA,NA,AT5G05740,AT5G05740:0.000919983
631486at33090,2,NA,NA,SORBI_3003G077400,SORBI_3003G077400:0.000806408,NA,NA,NA,NA,AT5G05740,AT5G05740:0.000919983
631527at2759,2,Zm00001eb102900,Zm00001eb102900:0.00145532,NA,NA,NA,NA,HORVU.MOREX.r3.1HG0084370;HORVU.MOREX.r3.5HG0496870;HORVU.MOREX.r3.5HG0496890,HORVU.MOREX.r3.1HG0084370:0.00164822;HORVU.MOREX.r3.5HG0496870:4.75945e-05;HORVU.MOREX.r3.5HG0496890:0.00146607,NA,NA
631527at3193,2,Zm00001eb102900,Zm00001eb102900:0.00145532,NA,NA,NA,NA,HORVU.MOREX.r3.5HG0496870;HORVU.MOREX.r3.5HG0496890,HORVU.MOREX.r3.5HG0496870:4.75945e-05;HORVU.MOREX.r3.5HG0496890:0.00146607,NA,NA
631527at33090,2,Zm00001eb102900,Zm00001eb102900:0.00145532,NA,NA,NA,NA,HORVU.MOREX.r3.1HG0084370;HORVU.MOREX.r3.5HG0496870;HORVU.MOREX.r3.5HG0496890,HORVU.MOREX.r3.1HG0084370:0.00164822;HORVU.MOREX.r3.5HG0496870:4.75945e-05;HORVU.MOREX.r3.5HG0496890:0.00146607,NA,NA
632146at2759,2,Zm00001eb117130,Zm00001eb117130:0.00252527,NA,NA,NA,NA,HORVU.MOREX.r3.4HG0333180,HORVU.MOREX.r3.4HG0333180:0.000332994,NA,NA
632146at3193,2,Zm00001eb117130,Zm00001eb117130:0.00252527,NA,NA,NA,NA,HORVU.MOREX.r3.4HG0333180,HORVU.MOREX.r3.4HG0333180:0.000332994,NA,NA
632146at33090,2,Zm00001eb117130,Zm00001eb117130:0.00252527,NA,NA,NA,NA,HORVU.MOREX.r3.4HG0333180,HORVU.MOREX.r3.4HG0333180:0.000332994,NA,NA
632191at3193,2,Zm00001eb041050;Zm00001eb336730,Zm00001eb041050:0.000663961;Zm00001eb336730:0.00248915,NA,NA,NA,NA,NA,NA,AT1G60800,AT1G60800:0.00181729
632524at2759,2,Zm00001eb358640,Zm00001eb358640:7.71272e-05,NA,NA,NA,NA,HORVU.MOREX.r3.1HG0092810,HORVU.MOREX.r3.1HG0092810:0.000473093,NA,NA
632524at3193,2,Zm00001eb358640,Zm00001eb358640:7.71272e-05,NA,NA,NA,NA,HORVU.MOREX.r3.1HG0092810,HORVU.MOREX.r3.1HG0092810:0.000473093,NA,NA
632524at33090,2,Zm00001eb358640,Zm00001eb358640:7.71272e-05,NA,NA,NA,NA,HORVU.MOREX.r3.1HG0092810,HORVU.MOREX.r3.1HG0092810:0.000473093,NA,NA
632648at2759,2,Zm00001eb192730;Zm00001eb251330,Zm00001eb192730:3.21803e-05;Zm00001eb251330:0.00164721,NA,NA,NA,NA,NA,NA,AT1G32320,AT1G32320:0.00294397
632648at3193,2,Zm00001eb192730;Zm00001eb251330,Zm00001eb192730:3.21803e-05;Zm00001eb251330:0.00164721,NA,NA,NA,NA,NA,NA,AT1G32320,AT1G32320:0.00294397
632648at33090,2,Zm00001eb192730;Zm00001eb251330,Zm00001eb192730:3.21803e-05;Zm00001eb251330:0.00164721,NA,NA,NA,NA,NA,NA,AT1G32320,AT1G32320:0.00294397
63265at38820,2,Zm00001eb125520,Zm00001eb125520:0.00116369,NA,NA,NA,NA,HORVU.MOREX.r3.3HG0222330,HORVU.MOREX.r3.3HG0222330:0.000334206,NA,NA
63265at4447,2,Zm00001eb125520,Zm00001eb125520:0.00116369,NA,NA,NA,NA,HORVU.MOREX.r3.3HG0222330,HORVU.MOREX.r3.3HG0222330:0.000334206,NA,NA
632737at3193,2,NA,NA,NA,NA,NA,NA,HORVU.MOREX.r3.5HG0426180,HORVU.MOREX.r3.5HG0426180:1.01783e-05,AT1G04290,AT1G04290:0.00266876
632737at33090,2,NA,NA,NA,NA,NA,NA,HORVU.MOREX.r3.5HG0426180,HORVU.MOREX.r3.5HG0426180:1.01783e-05,AT1G04290,AT1G04290:0.00266876
633362at3193,2,Zm00001eb053090,Zm00001eb053090:0.00283136,NA,NA,NA,NA,HORVU.MOREX.r3.4HG0334480,HORVU.MOREX.r3.4HG0334480:0.00191175,NA,NA
633362at33090,2,Zm00001eb053090,Zm00001eb053090:0.00283136,NA,NA,NA,NA,HORVU.MOREX.r3.4HG0334480;HORVU.MOREX.r3.7HG0658130,HORVU.MOREX.r3.4HG0334480:0.00191175;HORVU.MOREX.r3.7HG0658130:0.000220397,NA,NA
633446at3193,2,NA,NA,SORBI_3001G043900,SORBI_3001G043900:0.00140648,NA,NA,HORVU.MOREX.r3.4HG0405960,HORVU.MOREX.r3.4HG0405960:4.5889e-05,NA,NA
633446at33090,2,NA,NA,SORBI_3001G043900,SORBI_3001G043900:0.00140648,NA,NA,HORVU.MOREX.r3.4HG0405960,HORVU.MOREX.r3.4HG0405960:4.5889e-05,NA,NA
633605at2759,2,Zm00001eb100620;Zm00001eb314620,Zm00001eb100620:0.000883845;Zm00001eb314620:0.000701979,NA,NA,NA,NA,NA,NA,AT2G32920,AT2G32920:0.000506635
633605at33090,2,Zm00001eb100620;Zm00001eb314620,Zm00001eb100620:0.000883845;Zm00001eb314620:0.000701979,NA,NA,NA,NA,NA,NA,AT2G32920,AT2G32920:0.000506635
633896at2759,2,Zm00001eb141940,Zm00001eb141940:0.00189835,NA,NA,NA,NA,HORVU.MOREX.r3.3HG0314770,HORVU.MOREX.r3.3HG0314770:3.95123e-05,NA,NA
633896at3193,2,Zm00001eb141940,Zm00001eb141940:0.00189835,NA,NA,NA,NA,HORVU.MOREX.r3.3HG0314770,HORVU.MOREX.r3.3HG0314770:3.95123e-05,NA,NA
633896at33090,2,Zm00001eb141940,Zm00001eb141940:0.00189835,NA,NA,NA,NA,HORVU.MOREX.r3.3HG0314770,HORVU.MOREX.r3.3HG0314770:3.95123e-05,NA,NA
634264at3193,2,Zm00001eb381470,Zm00001eb381470:0.00356482,NA,NA,NA,NA,HORVU.MOREX.r3.7HG0725060,HORVU.MOREX.r3.7HG0725060:0.00298675,NA,NA
634459at3193,2,NA,NA,NA,NA,LOC_Os03g08220,LOC_Os03g08220:9.30304e-05,NA,NA,AT1G69530,AT1G69530:0.00322716
6355at38820,2,Zm00001eb322470,Zm00001eb322470:0.00386783,NA,NA,NA,NA,HORVU.MOREX.r3.7HG0734670,HORVU.MOREX.r3.7HG0734670:0.000949151,NA,NA
6355at4447,2,Zm00001eb322470,Zm00001eb322470:0.00386783,NA,NA,NA,NA,HORVU.MOREX.r3.7HG0734670,HORVU.MOREX.r3.7HG0734670:0.000949151,NA,NA
635760at2759,2,Zm00001eb068370,Zm00001eb068370:0.00122003,NA,NA,NA,NA,HORVU.MOREX.r3.7HG0751000,HORVU.MOREX.r3.7HG0751000:0.00327258,NA,NA
635760at3193,2,Zm00001eb068370,Zm00001eb068370:0.00122003,NA,NA,NA,NA,HORVU.MOREX.r3.7HG0751000,HORVU.MOREX.r3.7HG0751000:0.00327258,NA,NA
635760at33090,2,Zm00001eb068370,Zm00001eb068370:0.00122003,NA,NA,NA,NA,HORVU.MOREX.r3.7HG0751000,HORVU.MOREX.r3.7HG0751000:0.00327258,NA,NA
636062at3193,2,Zm00001eb066140,Zm00001eb066140:0.000843678,NA,NA,NA,NA,HORVU.MOREX.r3.2HG0209800,HORVU.MOREX.r3.2HG0209800:0.00356098,NA,NA
636062at33090,2,Zm00001eb066140,Zm00001eb066140:0.000843678,NA,NA,NA,NA,HORVU.MOREX.r3.2HG0209800,HORVU.MOREX.r3.2HG0209800:0.00356098,NA,NA
636472at2759,2,Zm00001eb257120,Zm00001eb257120:0.00104934,NA,NA,NA,NA,NA,NA,AT1G72416,AT1G72416:0.00315145
636472at3193,2,Zm00001eb257120,Zm00001eb257120:0.00104934,NA,NA,NA,NA,NA,NA,AT1G72416,AT1G72416:0.00315145
636472at33090,2,Zm00001eb257120,Zm00001eb257120:0.00104934,NA,NA,NA,NA,NA,NA,AT1G72416,AT1G72416:0.00315145
63656at38820,2,Zm00001eb065160,Zm00001eb065160:0.00356044,NA,NA,NA,NA,HORVU.MOREX.r3.5HG0537290,HORVU.MOREX.r3.5HG0537290:0.00290128,NA,NA
637561at3193,2,Zm00001eb071040,Zm00001eb071040:0.00284568,NA,NA,NA,NA,NA,NA,AT4G39330,AT4G39330:2.23337e-05
637585at3193,2,Zm00001eb281030,Zm00001eb281030:0.0019683,NA,NA,NA,NA,HORVU.MOREX.r3.6HG0610980,HORVU.MOREX.r3.6HG0610980:0.00270281,NA,NA
637646at2759,2,Zm00001eb062540,Zm00001eb062540:0.00183692,NA,NA,NA,NA,HORVU.MOREX.r3.5HG0525940,HORVU.MOREX.r3.5HG0525940:0.00376019,NA,NA
637646at3193,2,Zm00001eb062540,Zm00001eb062540:0.00183692,NA,NA,NA,NA,HORVU.MOREX.r3.5HG0525940,HORVU.MOREX.r3.5HG0525940:0.00376019,NA,NA
637646at33090,2,Zm00001eb062540,Zm00001eb062540:0.00183692,NA,NA,NA,NA,HORVU.MOREX.r3.5HG0525940,HORVU.MOREX.r3.5HG0525940:0.00376019,NA,NA
637706at2759,2,Zm00001eb290990,Zm00001eb290990:0.00200207,NA,NA,NA,NA,NA,NA,AT5G41590,AT5G41590:0.00321074
637706at3193,2,Zm00001eb290990,Zm00001eb290990:0.00200207,NA,NA,NA,NA,NA,NA,AT5G41590,AT5G41590:0.00321074
637706at33090,2,Zm00001eb290990,Zm00001eb290990:0.00200207,NA,NA,NA,NA,NA,NA,AT5G41590,AT5G41590:0.00321074
637999at3193,2,NA,NA,SORBI_3001G103900,SORBI_3001G103900:0.000450254,NA,NA,HORVU.MOREX.r3.6HG0546530,HORVU.MOREX.r3.6HG0546530:0.00167495,NA,NA
637999at33090,2,NA,NA,SORBI_3001G103900,SORBI_3001G103900:0.000450254,NA,NA,HORVU.MOREX.r3.6HG0546530,HORVU.MOREX.r3.6HG0546530:0.00167495,NA,NA
638006at3193,2,Zm00001eb100620;Zm00001eb314620,Zm00001eb100620:0.000883845;Zm00001eb314620:0.000701979,NA,NA,NA,NA,NA,NA,AT2G32920,AT2G32920:0.000506635
638531at3193,2,Zm00001eb012470;Zm00001eb368000,Zm00001eb012470:0.00280406;Zm00001eb368000:0.00094791,NA,NA,NA,NA,HORVU.MOREX.r3.4HG0387610,HORVU.MOREX.r3.4HG0387610:0.00318204,NA,NA
638616at3193,2,Zm00001eb211660,Zm00001eb211660:0.000894686,NA,NA,NA,NA,HORVU.MOREX.r3.1HG0005040,HORVU.MOREX.r3.1HG0005040:0.000397037,NA,NA
638616at33090,2,Zm00001eb211660;Zm00001eb402260,Zm00001eb211660:0.000894686;Zm00001eb402260:0.00226433,NA,NA,NA,NA,HORVU.MOREX.r3.1HG0005040,HORVU.MOREX.r3.1HG0005040:0.000397037,NA,NA
639098at2759,2,Zm00001eb162830;Zm00001eb288500,Zm00001eb162830:0.00154523;Zm00001eb288500:0.00362631,NA,NA,NA,NA,NA,NA,AT4G02900,AT4G02900:8.7902e-06
639098at3193,2,Zm00001eb162830;Zm00001eb288500,Zm00001eb162830:0.00154523;Zm00001eb288500:0.00362631,NA,NA,NA,NA,NA,NA,AT4G02900,AT4G02900:8.7902e-06
639098at33090,2,Zm00001eb162830;Zm00001eb288500,Zm00001eb162830:0.00154523;Zm00001eb288500:0.00362631,NA,NA,NA,NA,NA,NA,AT4G02900,AT4G02900:8.7902e-06
63974at4447,2,Zm00001eb356010,Zm00001eb356010:0.00379967,NA,NA,NA,NA,HORVU.MOREX.r3.1HG0003110,HORVU.MOREX.r3.1HG0003110:0.00270153,NA,NA
639875at2759,2,NA,NA,SORBI_3005G005700,SORBI_3005G005700:0.000750357,NA,NA,HORVU.MOREX.r3.4HG0383790,HORVU.MOREX.r3.4HG0383790:0.000392329,NA,NA
639875at3193,2,NA,NA,SORBI_3005G005700,SORBI_3005G005700:0.000750357,NA,NA,HORVU.MOREX.r3.4HG0383790,HORVU.MOREX.r3.4HG0383790:0.000392329,NA,NA
639875at33090,2,NA,NA,SORBI_3005G005700,SORBI_3005G005700:0.000750357,NA,NA,HORVU.MOREX.r3.4HG0383790,HORVU.MOREX.r3.4HG0383790:0.000392329,NA,NA
639884at3193,2,Zm00001eb313980,Zm00001eb313980:0.00386917,SORBI_3002G214400,SORBI_3002G214400:6.82208e-05,NA,NA,NA,NA,NA,NA
639884at33090,2,Zm00001eb313980,Zm00001eb313980:0.00386917,SORBI_3002G214400,SORBI_3002G214400:6.82208e-05,NA,NA,NA,NA,NA,NA
640570at2759,2,Zm00001eb212580,Zm00001eb212580:0.00123768,SORBI_3001G048100,SORBI_3001G048100:0.00103911,NA,NA,NA,NA,NA,NA
640570at3193,2,Zm00001eb212580,Zm00001eb212580:0.00123768,SORBI_3001G048100,SORBI_3001G048100:0.00103911,NA,NA,NA,NA,NA,NA
640570at33090,2,Zm00001eb212580,Zm00001eb212580:0.00123768,SORBI_3001G048100,SORBI_3001G048100:0.00103911,NA,NA,NA,NA,NA,NA
640682at3193,2,Zm00001eb434030,Zm00001eb434030:0.000828693,SORBI_3006G272600,SORBI_3006G272600:0.00170627,NA,NA,NA,NA,NA,NA
640682at33090,2,Zm00001eb434030,Zm00001eb434030:0.000828693,SORBI_3006G272600,SORBI_3006G272600:0.00170627,NA,NA,NA,NA,NA,NA
64076at38820,2,Zm00001eb275130,Zm00001eb275130:0.0031451,NA,NA,NA,NA,HORVU.MOREX.r3.7HG0744040,HORVU.MOREX.r3.7HG0744040:5.4403e-05,NA,NA
64076at4447,2,Zm00001eb275130,Zm00001eb275130:0.0031451,NA,NA,NA,NA,HORVU.MOREX.r3.7HG0744040,HORVU.MOREX.r3.7HG0744040:5.4403e-05,NA,NA
640780at2759,2,Zm00001eb071290;Zm00001eb171010,Zm00001eb071290:0.00309886;Zm00001eb171010:0.000141193,NA,NA,LOC_Os08g05560,LOC_Os08g05560:0.000190489,NA,NA,NA,NA
640780at3193,2,Zm00001eb071290;Zm00001eb171010,Zm00001eb071290:0.00309886;Zm00001eb171010:0.000141193,NA,NA,LOC_Os08g05560,LOC_Os08g05560:0.000190489,NA,NA,NA,NA
640780at33090,2,Zm00001eb071290;Zm00001eb171010,Zm00001eb071290:0.00309886;Zm00001eb171010:0.000141193,NA,NA,LOC_Os08g05560,LOC_Os08g05560:0.000190489,NA,NA,NA,NA
640903at2759,2,Zm00001eb245410,Zm00001eb245410:0.000942882,NA,NA,NA,NA,NA,NA,AT3G07640,AT3G07640:0.00274788
640903at3193,2,Zm00001eb245410,Zm00001eb245410:0.000942882,NA,NA,NA,NA,NA,NA,AT3G07640,AT3G07640:0.00274788
640903at33090,2,Zm00001eb245410,Zm00001eb245410:0.000942882,NA,NA,NA,NA,NA,NA,AT3G07640,AT3G07640:0.00274788
641310at3193,2,NA,NA,NA,NA,NA,NA,HORVU.MOREX.r3.3HG0325750,HORVU.MOREX.r3.3HG0325750:0.00229211,AT1G76950,AT1G76950:0.00305044
641461at2759,2,Zm00001eb119270,Zm00001eb119270:0.00017232,NA,NA,NA,NA,NA,NA,AT2G20100,AT2G20100:0.000895304
641461at3193,2,Zm00001eb119270,Zm00001eb119270:0.00017232,NA,NA,NA,NA,NA,NA,AT2G20100,AT2G20100:0.000895304
641461at33090,2,Zm00001eb119270,Zm00001eb119270:0.00017232,NA,NA,NA,NA,NA,NA,AT2G20100,AT2G20100:0.000895304
641493at2759,2,NA,NA,NA,NA,NA,NA,HORVU.MOREX.r3.5HG0528020,HORVU.MOREX.r3.5HG0528020:2.98986e-05,AT1G19530,AT1G19530:0.00218952
641493at3193,2,NA,NA,NA,NA,NA,NA,HORVU.MOREX.r3.5HG0528020,HORVU.MOREX.r3.5HG0528020:2.98986e-05,AT1G19530,AT1G19530:0.00218952
641493at33090,2,NA,NA,NA,NA,NA,NA,HORVU.MOREX.r3.5HG0528020,HORVU.MOREX.r3.5HG0528020:2.98986e-05,AT1G19530,AT1G19530:0.00218952
642147at3193,2,Zm00001eb260690,Zm00001eb260690:0.00135117,NA,NA,NA,NA,NA,NA,AT1G71691,AT1G71691:0.0010556
642147at33090,2,Zm00001eb260690,Zm00001eb260690:0.00135117,NA,NA,NA,NA,NA,NA,AT1G71691,AT1G71691:0.0010556
642555at2759,2,Zm00001eb283860;Zm00001eb338340,Zm00001eb283860:0.00354937;Zm00001eb338340:0.0033872,SORBI_3003G022700,SORBI_3003G022700:0.00160388,NA,NA,NA,NA,NA,NA
642555at3193,2,Zm00001eb283860;Zm00001eb338340,Zm00001eb283860:0.00354937;Zm00001eb338340:0.0033872,SORBI_3003G022700,SORBI_3003G022700:0.00160388,NA,NA,NA,NA,NA,NA
642555at33090,2,Zm00001eb283860;Zm00001eb338340,Zm00001eb283860:0.00354937;Zm00001eb338340:0.0033872,SORBI_3003G022700,SORBI_3003G022700:0.00160388,NA,NA,NA,NA,NA,NA
642597at2759,2,Zm00001eb153330,Zm00001eb153330:0.0012455,NA,NA,NA,NA,HORVU.MOREX.r3.3HG0286660,HORVU.MOREX.r3.3HG0286660:0.00265846,NA,NA
642597at3193,2,Zm00001eb153330,Zm00001eb153330:0.0012455,NA,NA,NA,NA,HORVU.MOREX.r3.3HG0286660,HORVU.MOREX.r3.3HG0286660:0.00265846,NA,NA
642597at33090,2,Zm00001eb153330,Zm00001eb153330:0.0012455,NA,NA,NA,NA,HORVU.MOREX.r3.3HG0286660,HORVU.MOREX.r3.3HG0286660:0.00265846,NA,NA
642678at2759,2,Zm00001eb054700;Zm00001eb054730,Zm00001eb054700:0.00315712;Zm00001eb054730:0.00315712,NA,NA,NA,NA,HORVU.MOREX.r3.4HG0336890,HORVU.MOREX.r3.4HG0336890:2.80904e-05,NA,NA
642678at3193,2,Zm00001eb054700;Zm00001eb054730,Zm00001eb054700:0.00315712;Zm00001eb054730:0.00315712,NA,NA,NA,NA,HORVU.MOREX.r3.4HG0336890,HORVU.MOREX.r3.4HG0336890:2.80904e-05,NA,NA
642678at33090,2,Zm00001eb054700;Zm00001eb054730,Zm00001eb054700:0.00315712;Zm00001eb054730:0.00315712,NA,NA,NA,NA,HORVU.MOREX.r3.4HG0336890,HORVU.MOREX.r3.4HG0336890:2.80904e-05,NA,NA
643038at2759,2,Zm00001eb317540,Zm00001eb317540:0.000718843,NA,NA,LOC_Os09g05040,LOC_Os09g05040:0.000270306,NA,NA,NA,NA
643038at3193,2,Zm00001eb317540,Zm00001eb317540:0.000718843,NA,NA,LOC_Os09g05040,LOC_Os09g05040:0.000270306,NA,NA,NA,NA
643038at33090,2,Zm00001eb317540,Zm00001eb317540:0.000718843,NA,NA,LOC_Os09g05040,LOC_Os09g05040:0.000270306,NA,NA,NA,NA
644142at2759,2,Zm00001eb290720,Zm00001eb290720:0.00148465,NA,NA,NA,NA,HORVU.MOREX.r3.1HG0079140,HORVU.MOREX.r3.1HG0079140:0.000250751,NA,NA
644142at33090,2,Zm00001eb290720,Zm00001eb290720:0.00148465,NA,NA,NA,NA,HORVU.MOREX.r3.1HG0079140,HORVU.MOREX.r3.1HG0079140:0.000250751,NA,NA
64419at38820,2,Zm00001eb392010,Zm00001eb392010:0.00187768,SORBI_3001G357400;SORBI_3002G386700,SORBI_3001G357400:0.000229195;SORBI_3002G386700:0.00168838,NA,NA,NA,NA,NA,NA
64419at4447,2,Zm00001eb392010,Zm00001eb392010:0.00187768,SORBI_3001G357400;SORBI_3002G386700,SORBI_3001G357400:0.000229195;SORBI_3002G386700:0.00168838,NA,NA,NA,NA,NA,NA
64473at38820,2,Zm00001eb185920,Zm00001eb185920:0.000514027,NA,NA,NA,NA,HORVU.MOREX.r3.2HG0184130,HORVU.MOREX.r3.2HG0184130:0.00127896,NA,NA
64473at4447,2,Zm00001eb185920,Zm00001eb185920:0.000514027,NA,NA,NA,NA,HORVU.MOREX.r3.2HG0184130,HORVU.MOREX.r3.2HG0184130:0.00127896,NA,NA
644967at3193,2,Zm00001eb109730,Zm00001eb109730:0.00331338,SORBI_3002G381500,SORBI_3002G381500:0.00190958,NA,NA,NA,NA,NA,NA
645032at3193,2,Zm00001eb008470,Zm00001eb008470:0.00190365,NA,NA,NA,NA,NA,NA,AT5G07910,AT5G07910:0.00217481
645037at3193,2,Zm00001eb254090,Zm00001eb254090:0.00212019,NA,NA,NA,NA,NA,NA,AT4G04180,AT4G04180:0.00311854
645209at3193,2,Zm00001eb305640,Zm00001eb305640:0.00287489,NA,NA,NA,NA,NA,NA,AT4G11960,AT4G11960:0.000690967
646075at2759,2,NA,NA,SORBI_3010G099400,SORBI_3010G099400:0.000591473,NA,NA,NA,NA,AT1G70170,AT1G70170:0.00327568
646075at3193,2,NA,NA,SORBI_3010G099400,SORBI_3010G099400:0.000591473,NA,NA,NA,NA,AT1G70170,AT1G70170:0.00327568
646075at33090,2,NA,NA,SORBI_3010G099400,SORBI_3010G099400:0.000591473,NA,NA,NA,NA,AT1G70170,AT1G70170:0.00327568
646140at3193,2,Zm00001eb210570,Zm00001eb210570:0.0038887,NA,NA,NA,NA,NA,NA,AT2G35210,AT2G35210:0.00316694
646543at2759,2,Zm00001eb356010,Zm00001eb356010:0.00379967,NA,NA,NA,NA,HORVU.MOREX.r3.1HG0003110,HORVU.MOREX.r3.1HG0003110:0.00270153,NA,NA
646543at3193,2,Zm00001eb356010,Zm00001eb356010:0.00379967,NA,NA,NA,NA,HORVU.MOREX.r3.1HG0003110,HORVU.MOREX.r3.1HG0003110:0.00270153,NA,NA
646543at33090,2,Zm00001eb356010,Zm00001eb356010:0.00379967,NA,NA,NA,NA,HORVU.MOREX.r3.1HG0003110,HORVU.MOREX.r3.1HG0003110:0.00270153,NA,NA
646604at3193,2,Zm00001eb147480;Zm00001eb288800,Zm00001eb147480:0.00198948;Zm00001eb288800:0.000574103,SORBI_3003G361300,SORBI_3003G361300:0.000229276,NA,NA,NA,NA,NA,NA
646645at2759,2,Zm00001eb275130,Zm00001eb275130:0.0031451,NA,NA,NA,NA,HORVU.MOREX.r3.7HG0744040,HORVU.MOREX.r3.7HG0744040:5.4403e-05,NA,NA
646645at3193,2,Zm00001eb275130,Zm00001eb275130:0.0031451,NA,NA,NA,NA,HORVU.MOREX.r3.7HG0744040,HORVU.MOREX.r3.7HG0744040:5.4403e-05,NA,NA
646645at33090,2,Zm00001eb275130,Zm00001eb275130:0.0031451,NA,NA,NA,NA,HORVU.MOREX.r3.7HG0744040,HORVU.MOREX.r3.7HG0744040:5.4403e-05,NA,NA
646650at3193,2,Zm00001eb364390,Zm00001eb364390:0.00136243,NA,NA,NA,NA,HORVU.MOREX.r3.3HG0310660,HORVU.MOREX.r3.3HG0310660:0.00302728,NA,NA
646772at3193,2,Zm00001eb167250,Zm00001eb167250:0.00287304,NA,NA,NA,NA,NA,NA,AT5G66410,AT5G66410:0.000534426
646988at3193,2,Zm00001eb392010,Zm00001eb392010:0.00187768,SORBI_3001G357400;SORBI_3002G386700,SORBI_3001G357400:0.000229195;SORBI_3002G386700:0.00168838,NA,NA,NA,NA,NA,NA
647042at2759,2,Zm00001eb185920,Zm00001eb185920:0.000514027,NA,NA,NA,NA,HORVU.MOREX.r3.2HG0184130,HORVU.MOREX.r3.2HG0184130:0.00127896,NA,NA
647042at3193,2,Zm00001eb185920,Zm00001eb185920:0.000514027,NA,NA,NA,NA,HORVU.MOREX.r3.2HG0184130,HORVU.MOREX.r3.2HG0184130:0.00127896,NA,NA
647042at33090,2,Zm00001eb185920,Zm00001eb185920:0.000514027,NA,NA,NA,NA,HORVU.MOREX.r3.2HG0184130,HORVU.MOREX.r3.2HG0184130:0.00127896,NA,NA
647347at3193,2,Zm00001eb062530,Zm00001eb062530:0.00183692,NA,NA,NA,NA,HORVU.MOREX.r3.3HG0303070;HORVU.MOREX.r3.5HG0525920,HORVU.MOREX.r3.3HG0303070:0.00114507;HORVU.MOREX.r3.5HG0525920:0.00376019,NA,NA
647347at33090,2,Zm00001eb062530,Zm00001eb062530:0.00183692,NA,NA,NA,NA,HORVU.MOREX.r3.3HG0303070;HORVU.MOREX.r3.5HG0525920,HORVU.MOREX.r3.3HG0303070:0.00114507;HORVU.MOREX.r3.5HG0525920:0.00376019,NA,NA
64778at38820,2,Zm00001eb062530,Zm00001eb062530:0.00183692,NA,NA,NA,NA,HORVU.MOREX.r3.3HG0303070;HORVU.MOREX.r3.5HG0525920,HORVU.MOREX.r3.3HG0303070:0.00114507;HORVU.MOREX.r3.5HG0525920:0.00376019,NA,NA
64778at4447,2,Zm00001eb062530,Zm00001eb062530:0.00183692,NA,NA,NA,NA,HORVU.MOREX.r3.3HG0303070;HORVU.MOREX.r3.5HG0525920,HORVU.MOREX.r3.3HG0303070:0.00114507;HORVU.MOREX.r3.5HG0525920:0.00376019,NA,NA
647792at2759,2,Zm00001eb162220,Zm00001eb162220:0.00196557,SORBI_3003G190000,SORBI_3003G190000:0.00164199,NA,NA,NA,NA,NA,NA
647792at3193,2,Zm00001eb162220,Zm00001eb162220:0.00196557,SORBI_3003G190000,SORBI_3003G190000:0.00164199,NA,NA,NA,NA,NA,NA
647792at33090,2,Zm00001eb162220,Zm00001eb162220:0.00196557,SORBI_3003G190000,SORBI_3003G190000:0.00164199,NA,NA,NA,NA,NA,NA
648102at2759,2,Zm00001eb298130;Zm00001eb403790,Zm00001eb298130:0.00201932;Zm00001eb403790:3.04411e-05,NA,NA,NA,NA,NA,NA,AT4G21790,AT4G21790:0.000597453
648102at33090,2,Zm00001eb298130;Zm00001eb403790,Zm00001eb298130:0.00201932;Zm00001eb403790:3.04411e-05,NA,NA,NA,NA,NA,NA,AT4G21790,AT4G21790:0.000597453
648403at2759,2,Zm00001eb378210,Zm00001eb378210:0.000850199,SORBI_3010G021800,SORBI_3010G021800:0.000167118,NA,NA,NA,NA,NA,NA
648403at3193,2,Zm00001eb378210,Zm00001eb378210:0.000850199,SORBI_3010G021800,SORBI_3010G021800:0.000167118,NA,NA,NA,NA,NA,NA
648403at33090,2,Zm00001eb378210,Zm00001eb378210:0.000850199,SORBI_3010G021800,SORBI_3010G021800:0.000167118,NA,NA,NA,NA,NA,NA
648573at2759,2,NA,NA,NA,NA,NA,NA,HORVU.MOREX.r3.7HG0647310,HORVU.MOREX.r3.7HG0647310:0.00248821,AT1G12430,AT1G12430:0.00295903
648573at3193,2,NA,NA,NA,NA,NA,NA,HORVU.MOREX.r3.7HG0647310,HORVU.MOREX.r3.7HG0647310:0.00248821,AT1G12430,AT1G12430:0.00295903
648573at33090,2,NA,NA,NA,NA,NA,NA,HORVU.MOREX.r3.7HG0647310,HORVU.MOREX.r3.7HG0647310:0.00248821,AT1G12430,AT1G12430:0.00295903
648971at2759,2,Zm00001eb002250;Zm00001eb065900,Zm00001eb002250:0.00381551;Zm00001eb065900:0.00386347,NA,NA,NA,NA,HORVU.MOREX.r3.1HG0065860,HORVU.MOREX.r3.1HG0065860:0.000127421,NA,NA
648971at33090,2,Zm00001eb002250;Zm00001eb065900,Zm00001eb002250:0.00381551;Zm00001eb065900:0.00386347,NA,NA,NA,NA,HORVU.MOREX.r3.1HG0065860,HORVU.MOREX.r3.1HG0065860:0.000127421,NA,NA
649277at2759,2,Zm00001eb059220,Zm00001eb059220:0.00169125,NA,NA,NA,NA,HORVU.MOREX.r3.4HG0394350;HORVU.MOREX.r3.5HG0513960,HORVU.MOREX.r3.4HG0394350:0.000182225;HORVU.MOREX.r3.5HG0513960:0.00186181,NA,NA
649277at3193,2,Zm00001eb059220,Zm00001eb059220:0.00169125,NA,NA,NA,NA,HORVU.MOREX.r3.4HG0394350;HORVU.MOREX.r3.5HG0513960,HORVU.MOREX.r3.4HG0394350:0.000182225;HORVU.MOREX.r3.5HG0513960:0.00186181,NA,NA
649277at33090,2,Zm00001eb059220,Zm00001eb059220:0.00169125,NA,NA,NA,NA,HORVU.MOREX.r3.4HG0394350;HORVU.MOREX.r3.5HG0513960,HORVU.MOREX.r3.4HG0394350:0.000182225;HORVU.MOREX.r3.5HG0513960:0.00186181,NA,NA
649533at2759,2,Zm00001eb281450,Zm00001eb281450:0.00393025,NA,NA,NA,NA,HORVU.MOREX.r3.3HG0219160,HORVU.MOREX.r3.3HG0219160:0.00356084,NA,NA
649533at3193,2,Zm00001eb281450,Zm00001eb281450:0.00393025,NA,NA,NA,NA,HORVU.MOREX.r3.3HG0219160,HORVU.MOREX.r3.3HG0219160:0.00356084,NA,NA
649533at33090,2,Zm00001eb281450,Zm00001eb281450:0.00393025,NA,NA,NA,NA,HORVU.MOREX.r3.3HG0219160,HORVU.MOREX.r3.3HG0219160:0.00356084,NA,NA
649707at3193,2,Zm00001eb243320,Zm00001eb243320:0.00370218,SORBI_3001G040300,SORBI_3001G040300:4.29495e-05,NA,NA,NA,NA,NA,NA
649724at3193,2,Zm00001eb192470,Zm00001eb192470:0.00153837,SORBI_3001G042500,SORBI_3001G042500:0.000576161,NA,NA,NA,NA,NA,NA
649846at2759,2,Zm00001eb258220,Zm00001eb258220:0.00185687,NA,NA,NA,NA,HORVU.MOREX.r3.6HG0627000,HORVU.MOREX.r3.6HG0627000:0.00212126,NA,NA
649846at3193,2,Zm00001eb258220,Zm00001eb258220:0.00185687,NA,NA,NA,NA,HORVU.MOREX.r3.6HG0627000,HORVU.MOREX.r3.6HG0627000:0.00212126,NA,NA
649846at33090,2,Zm00001eb258220,Zm00001eb258220:0.00185687,NA,NA,NA,NA,HORVU.MOREX.r3.6HG0627000,HORVU.MOREX.r3.6HG0627000:0.00212126,NA,NA
649874at2759,2,Zm00001eb200370,Zm00001eb200370:0.00306532,NA,NA,NA,NA,NA,NA,AT1G04635,AT1G04635:0.00178175
649874at3193,2,Zm00001eb200370,Zm00001eb200370:0.00306532,NA,NA,NA,NA,NA,NA,AT1G04635,AT1G04635:0.00178175
649874at33090,2,Zm00001eb200370,Zm00001eb200370:0.00306532,NA,NA,NA,NA,NA,NA,AT1G04635,AT1G04635:0.00178175
650263at3193,2,NA,NA,NA,NA,NA,NA,HORVU.MOREX.r3.4HG0345200,HORVU.MOREX.r3.4HG0345200:0.00106122,AT1G14320,AT1G14320:0.000225115
650642at2759,2,Zm00001eb323640,Zm00001eb323640:0.0025397,SORBI_3003G319500;SORBI_3003G319600,SORBI_3003G319500:3.99146e-05;SORBI_3003G319600:3.99146e-05,NA,NA,NA,NA,NA,NA
650642at3193,2,Zm00001eb323640,Zm00001eb323640:0.0025397,SORBI_3003G319500;SORBI_3003G319600,SORBI_3003G319500:3.99146e-05;SORBI_3003G319600:3.99146e-05,NA,NA,NA,NA,NA,NA
650642at33090,2,Zm00001eb323640,Zm00001eb323640:0.0025397,SORBI_3003G319500;SORBI_3003G319600,SORBI_3003G319500:3.99146e-05;SORBI_3003G319600:3.99146e-05,NA,NA,NA,NA,NA,NA
651777at2759,2,Zm00001eb100380,Zm00001eb100380:0.00331916,NA,NA,NA,NA,NA,NA,AT3G50330,AT3G50330:0.000414355
651777at3193,2,Zm00001eb100380,Zm00001eb100380:0.00331916,NA,NA,NA,NA,NA,NA,AT3G50330,AT3G50330:0.000414355
651777at33090,2,Zm00001eb100380,Zm00001eb100380:0.00331916,NA,NA,NA,NA,NA,NA,AT3G50330,AT3G50330:0.000414355
65223at38820,2,Zm00001eb162220,Zm00001eb162220:0.00196557,SORBI_3003G190000,SORBI_3003G190000:0.00164199,NA,NA,NA,NA,NA,NA
65223at4447,2,Zm00001eb162220,Zm00001eb162220:0.00196557,SORBI_3003G190000,SORBI_3003G190000:0.00164199,NA,NA,NA,NA,NA,NA
652289at3193,2,Zm00001eb404840,Zm00001eb404840:0.00342847,SORBI_3005G004100,SORBI_3005G004100:0.00151997,NA,NA,NA,NA,NA,NA
652289at33090,2,Zm00001eb404840,Zm00001eb404840:0.00342847,SORBI_3005G004100,SORBI_3005G004100:0.00151997,NA,NA,NA,NA,NA,NA
652409at2759,2,NA,NA,SORBI_3007G071000,SORBI_3007G071000:0.00184573,NA,NA,HORVU.MOREX.r3.5HG0430200;HORVU.MOREX.r3.7HG0735630,HORVU.MOREX.r3.5HG0430200:0.00132872;HORVU.MOREX.r3.7HG0735630:0.00335724,NA,NA
652409at3193,2,NA,NA,SORBI_3007G071000,SORBI_3007G071000:0.00184573,NA,NA,HORVU.MOREX.r3.5HG0430200;HORVU.MOREX.r3.7HG0735630,HORVU.MOREX.r3.5HG0430200:0.00132872;HORVU.MOREX.r3.7HG0735630:0.00335724,NA,NA
652409at33090,2,NA,NA,SORBI_3007G071000,SORBI_3007G071000:0.00184573,NA,NA,HORVU.MOREX.r3.5HG0430200;HORVU.MOREX.r3.7HG0735630,HORVU.MOREX.r3.5HG0430200:0.00132872;HORVU.MOREX.r3.7HG0735630:0.00335724,NA,NA
654012at2759,2,Zm00001eb009490,Zm00001eb009490:0.000575588,NA,NA,NA,NA,NA,NA,AT1G10120,AT1G10120:0.00215164
654012at3193,2,Zm00001eb009490,Zm00001eb009490:0.000575588,NA,NA,NA,NA,NA,NA,AT1G10120,AT1G10120:0.00215164
654012at33090,2,Zm00001eb009490,Zm00001eb009490:0.000575588,NA,NA,NA,NA,NA,NA,AT1G10120,AT1G10120:0.00215164
654555at2759,2,Zm00001eb059840;Zm00001eb299950,Zm00001eb059840:0.00179936;Zm00001eb299950:0.00269732,NA,NA,NA,NA,HORVU.MOREX.r3.5HG0516400,HORVU.MOREX.r3.5HG0516400:0.00144325,NA,NA
654555at3193,2,Zm00001eb059840;Zm00001eb299950,Zm00001eb059840:0.00179936;Zm00001eb299950:0.00269732,NA,NA,NA,NA,HORVU.MOREX.r3.5HG0516400,HORVU.MOREX.r3.5HG0516400:0.00144325,NA,NA
654555at33090,2,Zm00001eb059840;Zm00001eb299950,Zm00001eb059840:0.00179936;Zm00001eb299950:0.00269732,NA,NA,NA,NA,HORVU.MOREX.r3.5HG0516400,HORVU.MOREX.r3.5HG0516400:0.00144325,NA,NA
654842at2759,2,Zm00001eb331000,Zm00001eb331000:0.00293035,NA,NA,NA,NA,HORVU.MOREX.r3.3HG0255050,HORVU.MOREX.r3.3HG0255050:0.0012379,NA,NA
654842at3193,2,Zm00001eb331000,Zm00001eb331000:0.00293035,NA,NA,NA,NA,HORVU.MOREX.r3.3HG0255050,HORVU.MOREX.r3.3HG0255050:0.0012379,NA,NA
654842at33090,2,Zm00001eb331000,Zm00001eb331000:0.00293035,NA,NA,NA,NA,HORVU.MOREX.r3.3HG0255050,HORVU.MOREX.r3.3HG0255050:0.0012379,NA,NA
654966at2759,2,Zm00001eb286490;Zm00001eb290350,Zm00001eb286490:0.00379317;Zm00001eb290350:0.00384828,NA,NA,NA,NA,HORVU.MOREX.r3.1HG0071500,HORVU.MOREX.r3.1HG0071500:0.00368404,NA,NA
654966at3193,2,Zm00001eb286490;Zm00001eb290350,Zm00001eb286490:0.00379317;Zm00001eb290350:0.00384828,NA,NA,NA,NA,HORVU.MOREX.r3.1HG0071500,HORVU.MOREX.r3.1HG0071500:0.00368404,NA,NA
654966at33090,2,Zm00001eb286490;Zm00001eb290350,Zm00001eb286490:0.00379317;Zm00001eb290350:0.00384828,NA,NA,NA,NA,HORVU.MOREX.r3.1HG0071500,HORVU.MOREX.r3.1HG0071500:0.00368404,NA,NA
655922at3193,2,Zm00001eb065160,Zm00001eb065160:0.00356044,NA,NA,NA,NA,HORVU.MOREX.r3.5HG0537290,HORVU.MOREX.r3.5HG0537290:0.00290128,NA,NA
6559at4447,2,Zm00001eb062120,Zm00001eb062120:0.00338549,SORBI_3001G041600,SORBI_3001G041600:0.000337533,NA,NA,NA,NA,NA,NA
65661at38820,2,Zm00001eb054700,Zm00001eb054700:0.00315712,NA,NA,NA,NA,HORVU.MOREX.r3.4HG0336890,HORVU.MOREX.r3.4HG0336890:2.80904e-05,NA,NA
65661at4447,2,Zm00001eb054700,Zm00001eb054700:0.00315712,NA,NA,NA,NA,HORVU.MOREX.r3.4HG0336890,HORVU.MOREX.r3.4HG0336890:2.80904e-05,NA,NA
656757at2759,2,Zm00001eb125820,Zm00001eb125820:0.00136939,NA,NA,NA,NA,NA,NA,AT2G01300,AT2G01300:0.00312215
656757at3193,2,Zm00001eb125820,Zm00001eb125820:0.00136939,NA,NA,NA,NA,NA,NA,AT2G01300,AT2G01300:0.00312215
656757at33090,2,Zm00001eb125820,Zm00001eb125820:0.00136939,NA,NA,NA,NA,NA,NA,AT2G01300,AT2G01300:0.00312215
656798at2759,2,Zm00001eb211200,Zm00001eb211200:9.26965e-05,NA,NA,NA,NA,NA,NA,AT2G01260,AT2G01260:6.55002e-05
656798at3193,2,Zm00001eb211200,Zm00001eb211200:9.26965e-05,NA,NA,NA,NA,NA,NA,AT2G01260,AT2G01260:6.55002e-05
656798at33090,2,Zm00001eb211200,Zm00001eb211200:9.26965e-05,NA,NA,NA,NA,NA,NA,AT2G01260,AT2G01260:6.55002e-05
656930at3193,2,Zm00001eb007610,Zm00001eb007610:0.00257459,NA,NA,NA,NA,HORVU.MOREX.r3.1HG0078650,HORVU.MOREX.r3.1HG0078650:0.00100067,NA,NA
657174at3193,2,Zm00001eb238610,Zm00001eb238610:0.00375125,NA,NA,NA,NA,HORVU.MOREX.r3.3HG0240560,HORVU.MOREX.r3.3HG0240560:0.0009132,NA,NA
657263at2759,2,Zm00001eb062440;Zm00001eb211910;Zm00001eb336130,Zm00001eb062440:0.000846343;Zm00001eb211910:0.000200446;Zm00001eb336130:0.00266058,NA,NA,NA,NA,NA,NA,AT3G11200,AT3G11200:0.0028682
657263at3193,2,Zm00001eb062440;Zm00001eb211910;Zm00001eb336130,Zm00001eb062440:0.000846343;Zm00001eb211910:0.000200446;Zm00001eb336130:0.00266058,NA,NA,NA,NA,NA,NA,AT3G11200,AT3G11200:0.0028682
657263at33090,2,Zm00001eb062440;Zm00001eb211910;Zm00001eb336130,Zm00001eb062440:0.000846343;Zm00001eb211910:0.000200446;Zm00001eb336130:0.00266058,NA,NA,NA,NA,NA,NA,AT3G11200,AT3G11200:0.0028682
657394at2759,2,Zm00001eb331390;Zm00001eb396300,Zm00001eb331390:0.00181458;Zm00001eb396300:0.00131763,NA,NA,NA,NA,NA,NA,AT4G02100,AT4G02100:0.00217796
657394at3193,2,Zm00001eb331390;Zm00001eb396300,Zm00001eb331390:0.00181458;Zm00001eb396300:0.00131763,NA,NA,NA,NA,NA,NA,AT4G02100,AT4G02100:0.00217796
657394at33090,2,Zm00001eb331390;Zm00001eb396300,Zm00001eb331390:0.00181458;Zm00001eb396300:0.00131763,NA,NA,NA,NA,NA,NA,AT4G02100,AT4G02100:0.00217796
657422at3193,2,Zm00001eb179600,Zm00001eb179600:0.00194115,NA,NA,NA,NA,NA,NA,AT1G25520,AT1G25520:0.0032523
657422at33090,2,Zm00001eb179600,Zm00001eb179600:0.00194115,NA,NA,NA,NA,NA,NA,AT1G25520,AT1G25520:0.0032523
658060at3193,2,NA,NA,SORBI_3001G358500,SORBI_3001G358500:0.000203508,NA,NA,NA,NA,AT1G02330,AT1G02330:0.000438646
65834at38820,2,Zm00001eb378210,Zm00001eb378210:0.000850199,SORBI_3010G021800,SORBI_3010G021800:0.000167118,NA,NA,NA,NA,NA,NA
65834at4447,2,Zm00001eb378210,Zm00001eb378210:0.000850199,SORBI_3010G021800,SORBI_3010G021800:0.000167118,NA,NA,NA,NA,NA,NA
658663at2759,2,Zm00001eb327350,Zm00001eb327350:0.00223478,NA,NA,NA,NA,HORVU.MOREX.r3.2HG0125840,HORVU.MOREX.r3.2HG0125840:0.00184965,NA,NA
658663at3193,2,Zm00001eb327350,Zm00001eb327350:0.00223478,NA,NA,NA,NA,HORVU.MOREX.r3.2HG0125840,HORVU.MOREX.r3.2HG0125840:0.00184965,NA,NA
658663at33090,2,Zm00001eb327350,Zm00001eb327350:0.00223478,NA,NA,NA,NA,HORVU.MOREX.r3.2HG0125840,HORVU.MOREX.r3.2HG0125840:0.00184965,NA,NA
659352at2759,2,Zm00001eb429650;Zm00001eb429660,Zm00001eb429650:0.00225671;Zm00001eb429660:0.00225671,SORBI_3006G171100;SORBI_3006G171200;SORBI_3006G171300,SORBI_3006G171100:0.00145285;SORBI_3006G171200:0.00145285;SORBI_3006G171300:0.00145285,NA,NA,NA,NA,NA,NA
659352at3193,2,Zm00001eb429650;Zm00001eb429660,Zm00001eb429650:0.00225671;Zm00001eb429660:0.00225671,SORBI_3006G171100;SORBI_3006G171200;SORBI_3006G171300,SORBI_3006G171100:0.00145285;SORBI_3006G171200:0.00145285;SORBI_3006G171300:0.00145285,NA,NA,NA,NA,NA,NA
659352at33090,2,Zm00001eb429650;Zm00001eb429660,Zm00001eb429650:0.00225671;Zm00001eb429660:0.00225671,SORBI_3006G171100;SORBI_3006G171200;SORBI_3006G171300,SORBI_3006G171100:0.00145285;SORBI_3006G171200:0.00145285;SORBI_3006G171300:0.00145285,NA,NA,NA,NA,NA,NA
659512at2759,2,Zm00001eb394260,Zm00001eb394260:0.0010083,NA,NA,NA,NA,NA,NA,AT5G05140,AT5G05140:0.00176644
659512at3193,2,Zm00001eb394260,Zm00001eb394260:0.0010083,NA,NA,NA,NA,NA,NA,AT5G05140,AT5G05140:0.00176644
659512at33090,2,Zm00001eb394260,Zm00001eb394260:0.0010083,NA,NA,NA,NA,NA,NA,AT5G05140,AT5G05140:0.00176644
659694at3193,2,Zm00001eb351810,Zm00001eb351810:0.000606472,NA,NA,NA,NA,NA,NA,AT4G33070,AT4G33070:0.00230476
65976at33090,2,Zm00001eb077130;Zm00001eb096680;Zm00001eb247760,Zm00001eb077130:0.00243698;Zm00001eb096680:0.00278557;Zm00001eb247760:0.000617968,NA,NA,NA,NA,NA,NA,AT1G01620,AT1G01620:0.001385
659835at2759,2,Zm00001eb211690,Zm00001eb211690:0.000894686,NA,NA,NA,NA,NA,NA,AT1G07630,AT1G07630:0.000712012
659835at3193,2,Zm00001eb211690,Zm00001eb211690:0.000894686,NA,NA,NA,NA,NA,NA,AT1G07630,AT1G07630:0.000712012
659835at33090,2,Zm00001eb211690,Zm00001eb211690:0.000894686,NA,NA,NA,NA,NA,NA,AT1G07630,AT1G07630:0.000712012
659843at2759,2,Zm00001eb377400,Zm00001eb377400:0.00155716,NA,NA,NA,NA,HORVU.MOREX.r3.7HG0649480,HORVU.MOREX.r3.7HG0649480:0.00205916,NA,NA
659843at3193,2,Zm00001eb377400,Zm00001eb377400:0.00155716,NA,NA,NA,NA,HORVU.MOREX.r3.7HG0649480,HORVU.MOREX.r3.7HG0649480:0.00205916,NA,NA
659843at33090,2,Zm00001eb377400,Zm00001eb377400:0.00155716,NA,NA,NA,NA,HORVU.MOREX.r3.7HG0649480,HORVU.MOREX.r3.7HG0649480:0.00205916,NA,NA
660820at2759,2,Zm00001eb062570,Zm00001eb062570:0.00183692,NA,NA,NA,NA,HORVU.MOREX.r3.5HG0526110,HORVU.MOREX.r3.5HG0526110:7.15739e-06,NA,NA
660820at3193,2,Zm00001eb062570,Zm00001eb062570:0.00183692,NA,NA,NA,NA,HORVU.MOREX.r3.5HG0526110,HORVU.MOREX.r3.5HG0526110:7.15739e-06,NA,NA
660820at33090,2,Zm00001eb062570,Zm00001eb062570:0.00183692,NA,NA,NA,NA,HORVU.MOREX.r3.5HG0526110,HORVU.MOREX.r3.5HG0526110:7.15739e-06,NA,NA
661053at3193,2,NA,NA,SORBI_3003G295000,SORBI_3003G295000:0.000977554,NA,NA,HORVU.MOREX.r3.1HG0077210,HORVU.MOREX.r3.1HG0077210:0.000296742,NA,NA
661779at33090,2,Zm00001eb248520,Zm00001eb248520:0.00299371,NA,NA,NA,NA,NA,NA,AT4G03520,AT4G03520:0.00140454
662064at3193,2,Zm00001eb088960,Zm00001eb088960:0.00391393,NA,NA,NA,NA,HORVU.MOREX.r3.2HG0096810,HORVU.MOREX.r3.2HG0096810:0.0019155,NA,NA
66206at38820,2,Zm00001eb073810,Zm00001eb073810:0.000551296,SORBI_3009G003700,SORBI_3009G003700:0.00150383,NA,NA,NA,NA,NA,NA
662372at2759,2,Zm00001eb213150,Zm00001eb213150:0.00133043,NA,NA,NA,NA,NA,NA,AT5G35220,AT5G35220:0.000700977
662372at3193,2,Zm00001eb213150,Zm00001eb213150:0.00133043,NA,NA,NA,NA,NA,NA,AT5G35220,AT5G35220:0.000700977
662372at33090,2,Zm00001eb213150,Zm00001eb213150:0.00133043,NA,NA,NA,NA,NA,NA,AT5G35220,AT5G35220:0.000700977
66309at38820,2,Zm00001eb124920;Zm00001eb335470,Zm00001eb124920:8.42664e-05;Zm00001eb335470:0.000181297,NA,NA,NA,NA,HORVU.MOREX.r3.3HG0226150,HORVU.MOREX.r3.3HG0226150:0.000417083,NA,NA
66309at4447,2,Zm00001eb124920;Zm00001eb335470,Zm00001eb124920:8.42664e-05;Zm00001eb335470:0.000181297,NA,NA,NA,NA,HORVU.MOREX.r3.3HG0226150,HORVU.MOREX.r3.3HG0226150:0.000417083,NA,NA
663427at3193,2,Zm00001eb071010,Zm00001eb071010:0.00284568,SORBI_3009G170500,SORBI_3009G170500:0.000598235,NA,NA,NA,NA,NA,NA
663644at3193,2,Zm00001eb170150,Zm00001eb170150:0.0031759,NA,NA,NA,NA,HORVU.MOREX.r3.1HG0010640,HORVU.MOREX.r3.1HG0010640:0.00299097,NA,NA
663644at33090,2,Zm00001eb170150,Zm00001eb170150:0.0031759,NA,NA,NA,NA,HORVU.MOREX.r3.1HG0010640,HORVU.MOREX.r3.1HG0010640:0.00299097,NA,NA
663778at2759,2,Zm00001eb414780,Zm00001eb414780:0.00380882,SORBI_3007G059700,SORBI_3007G059700:0.00134278,NA,NA,NA,NA,NA,NA
663778at3193,2,Zm00001eb414780,Zm00001eb414780:0.00380882,SORBI_3007G059700,SORBI_3007G059700:0.00134278,NA,NA,NA,NA,NA,NA
663778at33090,2,Zm00001eb414780,Zm00001eb414780:0.00380882,SORBI_3007G059700,SORBI_3007G059700:0.00134278,NA,NA,NA,NA,NA,NA
664106at3193,2,Zm00001eb298130;Zm00001eb403790,Zm00001eb298130:0.00201932;Zm00001eb403790:3.04411e-05,NA,NA,NA,NA,NA,NA,AT4G21790,AT4G21790:0.000597453
664711at3193,2,Zm00001eb374600;Zm00001eb400640,Zm00001eb374600:0.00236984;Zm00001eb400640:0.000534397,NA,NA,NA,NA,HORVU.MOREX.r3.4HG0342760,HORVU.MOREX.r3.4HG0342760:0.00117952,NA,NA
665945at3193,2,Zm00001eb060050,Zm00001eb060050:0.000993227,NA,NA,NA,NA,NA,NA,AT3G44110;AT5G22060,AT3G44110:0.000105607;AT5G22060:0.002026
665985at2759,2,Zm00001eb286320,Zm00001eb286320:0.00262555,NA,NA,NA,NA,HORVU.MOREX.r3.2HG0108690,HORVU.MOREX.r3.2HG0108690:0.00172429,NA,NA
665985at3193,2,Zm00001eb286320,Zm00001eb286320:0.00262555,NA,NA,NA,NA,HORVU.MOREX.r3.2HG0108690,HORVU.MOREX.r3.2HG0108690:0.00172429,NA,NA
665985at33090,2,Zm00001eb286320,Zm00001eb286320:0.00262555,NA,NA,NA,NA,HORVU.MOREX.r3.2HG0108690,HORVU.MOREX.r3.2HG0108690:0.00172429,NA,NA
666712at2759,2,NA,NA,NA,NA,NA,NA,HORVU.MOREX.r3.4HG0387650,HORVU.MOREX.r3.4HG0387650:0.00348257,AT2G21820,AT2G21820:0.000394414
666712at3193,2,NA,NA,NA,NA,NA,NA,HORVU.MOREX.r3.4HG0387650,HORVU.MOREX.r3.4HG0387650:0.00348257,AT2G21820,AT2G21820:0.000394414
666712at33090,2,NA,NA,NA,NA,NA,NA,HORVU.MOREX.r3.4HG0387650,HORVU.MOREX.r3.4HG0387650:0.00348257,AT2G21820,AT2G21820:0.000394414
667223at2759,2,Zm00001eb356000,Zm00001eb356000:0.00379967,NA,NA,NA,NA,NA,NA,AT2G32720,AT2G32720:4.03455e-06
667223at33090,2,Zm00001eb356000,Zm00001eb356000:0.00379967,NA,NA,NA,NA,NA,NA,AT2G32720,AT2G32720:4.03455e-06
667804at2759,2,NA,NA,NA,NA,NA,NA,HORVU.MOREX.r3.3HG0219210,HORVU.MOREX.r3.3HG0219210:0.00356084,AT5G37800,AT5G37800:0.000395166
667804at3193,2,NA,NA,NA,NA,NA,NA,HORVU.MOREX.r3.3HG0219210,HORVU.MOREX.r3.3HG0219210:0.00356084,AT5G37800,AT5G37800:0.000395166
667804at33090,2,NA,NA,NA,NA,NA,NA,HORVU.MOREX.r3.3HG0219210,HORVU.MOREX.r3.3HG0219210:0.00356084,AT5G37800,AT5G37800:0.000395166
667894at3193,2,Zm00001eb398470,Zm00001eb398470:0.000362047,NA,NA,NA,NA,HORVU.MOREX.r3.4HG0391290,HORVU.MOREX.r3.4HG0391290:0.000838685,NA,NA
668006at2759,2,Zm00001eb322690,Zm00001eb322690:0.000640168,NA,NA,NA,NA,HORVU.MOREX.r3.1HG0008310,HORVU.MOREX.r3.1HG0008310:0.00197217,NA,NA
668006at3193,2,Zm00001eb322690,Zm00001eb322690:0.000640168,NA,NA,NA,NA,HORVU.MOREX.r3.1HG0008310,HORVU.MOREX.r3.1HG0008310:0.00197217,NA,NA
668006at33090,2,Zm00001eb322690,Zm00001eb322690:0.000640168,NA,NA,NA,NA,HORVU.MOREX.r3.1HG0008310,HORVU.MOREX.r3.1HG0008310:0.00197217,NA,NA
669085at3193,2,Zm00001eb212550,Zm00001eb212550:0.00123768,SORBI_3001G047800,SORBI_3001G047800:0.00103911,NA,NA,NA,NA,NA,NA
669147at2759,2,Zm00001eb257520,Zm00001eb257520:0.00385098,NA,NA,LOC_Os08g04450,LOC_Os08g04450:2.85205e-08,NA,NA,NA,NA
669147at3193,2,Zm00001eb257520,Zm00001eb257520:0.00385098,NA,NA,LOC_Os08g04450,LOC_Os08g04450:2.85205e-08,NA,NA,NA,NA
669147at33090,2,Zm00001eb257520,Zm00001eb257520:0.00385098,NA,NA,LOC_Os08g04450,LOC_Os08g04450:2.85205e-08,NA,NA,NA,NA
669155at2759,2,Zm00001eb062460,Zm00001eb062460:0.000846343,NA,NA,NA,NA,HORVU.MOREX.r3.5HG0525620,HORVU.MOREX.r3.5HG0525620:0.0035111,NA,NA
669155at33090,2,Zm00001eb062460,Zm00001eb062460:0.000846343,NA,NA,NA,NA,HORVU.MOREX.r3.5HG0525620,HORVU.MOREX.r3.5HG0525620:0.0035111,NA,NA
669249at2759,2,Zm00001eb130260,Zm00001eb130260:0.00274146,NA,NA,NA,NA,HORVU.MOREX.r3.4HG0383040,HORVU.MOREX.r3.4HG0383040:0.00187505,NA,NA
669249at3193,2,Zm00001eb130260,Zm00001eb130260:0.00274146,NA,NA,NA,NA,HORVU.MOREX.r3.4HG0383040,HORVU.MOREX.r3.4HG0383040:0.00187505,NA,NA
669249at33090,2,Zm00001eb130260,Zm00001eb130260:0.00274146,NA,NA,NA,NA,HORVU.MOREX.r3.4HG0383040,HORVU.MOREX.r3.4HG0383040:0.00187505,NA,NA
669441at3193,2,Zm00001eb014600,Zm00001eb014600:0.00290526,SORBI_3010G082800,SORBI_3010G082800:5.31712e-06,NA,NA,NA,NA,NA,NA
66964at38820,2,Zm00001eb281450,Zm00001eb281450:0.00393025,NA,NA,NA,NA,HORVU.MOREX.r3.3HG0219160,HORVU.MOREX.r3.3HG0219160:0.00356084,NA,NA
66964at4447,2,Zm00001eb281450,Zm00001eb281450:0.00393025,NA,NA,NA,NA,HORVU.MOREX.r3.3HG0219160,HORVU.MOREX.r3.3HG0219160:0.00356084,NA,NA
670007at33090,2,Zm00001eb109300;Zm00001eb300130,Zm00001eb109300:0.000978454;Zm00001eb300130:0.00356309,NA,NA,NA,NA,HORVU.MOREX.r3.5HG0516760,HORVU.MOREX.r3.5HG0516760:0.00243167,NA,NA
670071at2759,2,Zm00001eb213110,Zm00001eb213110:0.00404199,NA,NA,NA,NA,HORVU.MOREX.r3.1HG0010340,HORVU.MOREX.r3.1HG0010340:0.00126832,NA,NA
670071at3193,2,Zm00001eb213110,Zm00001eb213110:0.00404199,NA,NA,NA,NA,HORVU.MOREX.r3.1HG0010340,HORVU.MOREX.r3.1HG0010340:0.00126832,NA,NA
670071at33090,2,Zm00001eb213110,Zm00001eb213110:0.00404199,NA,NA,NA,NA,HORVU.MOREX.r3.1HG0010340,HORVU.MOREX.r3.1HG0010340:0.00126832,NA,NA
67050at38820,2,Zm00001eb124940,Zm00001eb124940:8.42664e-05,NA,NA,NA,NA,HORVU.MOREX.r3.3HG0226120;HORVU.MOREX.r3.3HG0226130,HORVU.MOREX.r3.3HG0226120:0.000417083;HORVU.MOREX.r3.3HG0226130:0.000417083,NA,NA
670572at3193,2,Zm00001eb402510,Zm00001eb402510:0.0012134,NA,NA,NA,NA,NA,NA,AT1G20650,AT1G20650:0.000920229
670973at2759,2,NA,NA,SORBI_3001G357900,SORBI_3001G357900:0.000229195,NA,NA,HORVU.MOREX.r3.6HG0546550,HORVU.MOREX.r3.6HG0546550:0.00167495,NA,NA
670973at3193,2,NA,NA,SORBI_3001G357900,SORBI_3001G357900:0.000229195,NA,NA,HORVU.MOREX.r3.6HG0546550,HORVU.MOREX.r3.6HG0546550:0.00167495,NA,NA
670973at33090,2,NA,NA,SORBI_3001G357900,SORBI_3001G357900:0.000229195,NA,NA,HORVU.MOREX.r3.6HG0546550,HORVU.MOREX.r3.6HG0546550:0.00167495,NA,NA
67138at38820,2,Zm00001eb243320,Zm00001eb243320:0.00370218,SORBI_3001G040300,SORBI_3001G040300:4.29495e-05,NA,NA,NA,NA,NA,NA
67138at4447,2,Zm00001eb243320,Zm00001eb243320:0.00370218,SORBI_3001G040300,SORBI_3001G040300:4.29495e-05,NA,NA,NA,NA,NA,NA
67155at38820,2,Zm00001eb192470,Zm00001eb192470:0.00153837,SORBI_3001G042500,SORBI_3001G042500:0.000576161,NA,NA,NA,NA,NA,NA
67155at4447,2,Zm00001eb192470,Zm00001eb192470:0.00153837,SORBI_3001G042500,SORBI_3001G042500:0.000576161,NA,NA,NA,NA,NA,NA
671689at2759,2,Zm00001eb062140,Zm00001eb062140:0.00338549,SORBI_3001G041400,SORBI_3001G041400:0.000337533,NA,NA,NA,NA,NA,NA
671689at3193,2,Zm00001eb062140,Zm00001eb062140:0.00338549,SORBI_3001G041400,SORBI_3001G041400:0.000337533,NA,NA,NA,NA,NA,NA
671689at33090,2,Zm00001eb062140,Zm00001eb062140:0.00338549,SORBI_3001G041400,SORBI_3001G041400:0.000337533,NA,NA,NA,NA,NA,NA
671797at3193,2,Zm00001eb101100,Zm00001eb101100:0.000110001,SORBI_3002G230800,SORBI_3002G230800:0.00164024,NA,NA,NA,NA,NA,NA
671797at33090,2,Zm00001eb101100,Zm00001eb101100:0.000110001,SORBI_3002G230800,SORBI_3002G230800:0.00164024,NA,NA,NA,NA,NA,NA
671880at2759,2,NA,NA,SORBI_3002G387000,SORBI_3002G387000:0.00168838,NA,NA,HORVU.MOREX.r3.4HG0403100,HORVU.MOREX.r3.4HG0403100:0.000189661,NA,NA
671880at3193,2,NA,NA,SORBI_3002G387000,SORBI_3002G387000:0.00168838,NA,NA,HORVU.MOREX.r3.4HG0403100,HORVU.MOREX.r3.4HG0403100:0.000189661,NA,NA
671880at33090,2,NA,NA,SORBI_3002G387000,SORBI_3002G387000:0.00168838,NA,NA,HORVU.MOREX.r3.4HG0403100,HORVU.MOREX.r3.4HG0403100:0.000189661,NA,NA
672500at2759,2,Zm00001eb266760,Zm00001eb266760:0.00230568,NA,NA,NA,NA,HORVU.MOREX.r3.1HG0005790,HORVU.MOREX.r3.1HG0005790:1.07551e-05,NA,NA
672500at3193,2,Zm00001eb266760,Zm00001eb266760:0.00230568,NA,NA,NA,NA,HORVU.MOREX.r3.1HG0005790,HORVU.MOREX.r3.1HG0005790:1.07551e-05,NA,NA
672500at33090,2,Zm00001eb266760,Zm00001eb266760:0.00230568,NA,NA,NA,NA,HORVU.MOREX.r3.1HG0005790,HORVU.MOREX.r3.1HG0005790:1.07551e-05,NA,NA
673660at2759,2,Zm00001eb069460,Zm00001eb069460:0.00197314,SORBI_3006G228400,SORBI_3006G228400:0.00103633,NA,NA,NA,NA,NA,NA
673660at3193,2,Zm00001eb069460,Zm00001eb069460:0.00197314,SORBI_3006G228400,SORBI_3006G228400:0.00103633,NA,NA,NA,NA,NA,NA
673660at33090,2,Zm00001eb069460,Zm00001eb069460:0.00197314,SORBI_3006G228400,SORBI_3006G228400:0.00103633,NA,NA,NA,NA,NA,NA
674129at2759,2,Zm00001eb290120;Zm00001eb351820,Zm00001eb290120:0.00230712;Zm00001eb351820:0.000606472,NA,NA,NA,NA,HORVU.MOREX.r3.3HG0303960,HORVU.MOREX.r3.3HG0303960:0.00102429,NA,NA
674129at3193,2,Zm00001eb290120;Zm00001eb351820,Zm00001eb290120:0.00230712;Zm00001eb351820:0.000606472,NA,NA,NA,NA,HORVU.MOREX.r3.3HG0303960,HORVU.MOREX.r3.3HG0303960:0.00102429,NA,NA
674129at33090,2,Zm00001eb290120;Zm00001eb351820,Zm00001eb290120:0.00230712;Zm00001eb351820:0.000606472,NA,NA,NA,NA,HORVU.MOREX.r3.3HG0303960,HORVU.MOREX.r3.3HG0303960:0.00102429,NA,NA
674431at3193,2,Zm00001eb106450;Zm00001eb106460,Zm00001eb106450:0.00373567;Zm00001eb106460:0.00373567,NA,NA,NA,NA,NA,NA,AT1G08880,AT1G08880:0.00274127
674490at33090,2,Zm00001eb002570;Zm00001eb048810,Zm00001eb002570:0.00354418;Zm00001eb048810:8.72149e-05,NA,NA,NA,NA,HORVU.MOREX.r3.6HG0606110,HORVU.MOREX.r3.6HG0606110:2.20452e-05,NA,NA
674651at3193,2,Zm00001eb272480,Zm00001eb272480:0.00170721,SORBI_3003G379600,SORBI_3003G379600:0.000785085,NA,NA,NA,NA,NA,NA
676031at3193,2,Zm00001eb124940,Zm00001eb124940:8.42664e-05,NA,NA,NA,NA,HORVU.MOREX.r3.3HG0226120;HORVU.MOREX.r3.3HG0226130,HORVU.MOREX.r3.3HG0226120:0.000417083;HORVU.MOREX.r3.3HG0226130:0.000417083,NA,NA
676031at33090,2,Zm00001eb124940,Zm00001eb124940:8.42664e-05,NA,NA,NA,NA,HORVU.MOREX.r3.3HG0226120;HORVU.MOREX.r3.3HG0226130,HORVU.MOREX.r3.3HG0226120:0.000417083;HORVU.MOREX.r3.3HG0226130:0.000417083,NA,NA
676229at2759,2,Zm00001eb101840,Zm00001eb101840:0.0031326,NA,NA,NA,NA,HORVU.MOREX.r3.7HG0679520,HORVU.MOREX.r3.7HG0679520:0.000503537,NA,NA
676229at3193,2,Zm00001eb101840,Zm00001eb101840:0.0031326,NA,NA,NA,NA,HORVU.MOREX.r3.7HG0679520,HORVU.MOREX.r3.7HG0679520:0.000503537,NA,NA
676229at33090,2,Zm00001eb101840,Zm00001eb101840:0.0031326,NA,NA,NA,NA,HORVU.MOREX.r3.7HG0679520,HORVU.MOREX.r3.7HG0679520:0.000503537,NA,NA
676370at2759,2,Zm00001eb288380,Zm00001eb288380:0.00357394,NA,NA,NA,NA,HORVU.MOREX.r3.3HG0323750,HORVU.MOREX.r3.3HG0323750:0.00167167,NA,NA
676370at3193,2,Zm00001eb288380,Zm00001eb288380:0.00357394,NA,NA,NA,NA,HORVU.MOREX.r3.3HG0323750,HORVU.MOREX.r3.3HG0323750:0.00167167,NA,NA
676370at33090,2,Zm00001eb288380,Zm00001eb288380:0.00357394,NA,NA,NA,NA,HORVU.MOREX.r3.3HG0323750,HORVU.MOREX.r3.3HG0323750:0.00167167,NA,NA
6777at38820,2,Zm00001eb429660,Zm00001eb429660:0.00225671,SORBI_3006G171200,SORBI_3006G171200:0.00145285,NA,NA,NA,NA,NA,NA
6777at4447,2,Zm00001eb429650;Zm00001eb429660,Zm00001eb429650:0.00225671;Zm00001eb429660:0.00225671,SORBI_3006G171100;SORBI_3006G171200;SORBI_3006G171300,SORBI_3006G171100:0.00145285;SORBI_3006G171200:0.00145285;SORBI_3006G171300:0.00145285,NA,NA,NA,NA,NA,NA
677961at2759,2,NA,NA,SORBI_3002G384200,SORBI_3002G384200:6.1106e-05,LOC_Os07g06274,LOC_Os07g06274:7.76267e-06,NA,NA,NA,NA
677961at3193,2,NA,NA,SORBI_3002G384200,SORBI_3002G384200:6.1106e-05,LOC_Os07g06274,LOC_Os07g06274:7.76267e-06,NA,NA,NA,NA
677961at33090,2,NA,NA,SORBI_3002G384200,SORBI_3002G384200:6.1106e-05,LOC_Os07g06274,LOC_Os07g06274:7.76267e-06,NA,NA,NA,NA
678250at2759,2,Zm00001eb167310,Zm00001eb167310:0.00287962,NA,NA,NA,NA,HORVU.MOREX.r3.2HG0107680,HORVU.MOREX.r3.2HG0107680:0.000154073,NA,NA
678250at3193,2,Zm00001eb167310,Zm00001eb167310:0.00287962,NA,NA,NA,NA,HORVU.MOREX.r3.2HG0107680,HORVU.MOREX.r3.2HG0107680:0.000154073,NA,NA
678250at33090,2,Zm00001eb167310,Zm00001eb167310:0.00287962,NA,NA,NA,NA,HORVU.MOREX.r3.2HG0107680,HORVU.MOREX.r3.2HG0107680:0.000154073,NA,NA
67853at38820,2,Zm00001eb152050,Zm00001eb152050:0.000169055,SORBI_3009G193300,SORBI_3009G193300:0.00152378,NA,NA,NA,NA,NA,NA
67853at4447,2,Zm00001eb152050,Zm00001eb152050:0.000169055,SORBI_3009G193300,SORBI_3009G193300:0.00152378,NA,NA,NA,NA,NA,NA
678618at3193,2,Zm00001eb077900,Zm00001eb077900:0.000400393,NA,NA,NA,NA,NA,NA,AT2G20190,AT2G20190:0.00174856
678895at2759,2,Zm00001eb003140,Zm00001eb003140:0.000144809,NA,NA,NA,NA,NA,NA,AT1G04030,AT1G04030:0.000171065
678895at3193,2,Zm00001eb003140,Zm00001eb003140:0.000144809,NA,NA,NA,NA,NA,NA,AT1G04030,AT1G04030:0.000171065
678895at33090,2,Zm00001eb003140,Zm00001eb003140:0.000144809,NA,NA,NA,NA,NA,NA,AT1G04030,AT1G04030:0.000171065
678936at2759,2,Zm00001eb398790,Zm00001eb398790:0.00361403,NA,NA,NA,NA,HORVU.MOREX.r3.2HG0105470,HORVU.MOREX.r3.2HG0105470:1.98983e-05,NA,NA
678936at3193,2,Zm00001eb398790,Zm00001eb398790:0.00361403,NA,NA,NA,NA,HORVU.MOREX.r3.2HG0105470,HORVU.MOREX.r3.2HG0105470:1.98983e-05,NA,NA
678936at33090,2,Zm00001eb398790,Zm00001eb398790:0.00361403,NA,NA,NA,NA,HORVU.MOREX.r3.2HG0105470,HORVU.MOREX.r3.2HG0105470:1.98983e-05,NA,NA
678999at3193,2,Zm00001eb309530,Zm00001eb309530:0.000624528,SORBI_3002G164700,SORBI_3002G164700:6.47739e-06,NA,NA,NA,NA,NA,NA
678999at33090,2,Zm00001eb309530,Zm00001eb309530:0.000624528,SORBI_3002G164700,SORBI_3002G164700:6.47739e-06,NA,NA,NA,NA,NA,NA
679361at2759,2,Zm00001eb434150,Zm00001eb434150:0.00145016,SORBI_3002G179200,SORBI_3002G179200:0.00169706,NA,NA,NA,NA,NA,NA
679361at3193,2,Zm00001eb434150,Zm00001eb434150:0.00145016,SORBI_3002G179200,SORBI_3002G179200:0.00169706,NA,NA,NA,NA,NA,NA
679361at33090,2,Zm00001eb434150,Zm00001eb434150:0.00145016,SORBI_3002G179200,SORBI_3002G179200:0.00169706,NA,NA,NA,NA,NA,NA
679483at2759,2,NA,NA,SORBI_3010G079600,SORBI_3010G079600:0.00156762,NA,NA,NA,NA,AT1G60870,AT1G60870:0.00327579
679483at3193,2,NA,NA,SORBI_3010G079600,SORBI_3010G079600:0.00156762,NA,NA,NA,NA,AT1G60870,AT1G60870:0.00327579
679483at33090,2,NA,NA,SORBI_3010G079600,SORBI_3010G079600:0.00156762,NA,NA,NA,NA,AT1G60870,AT1G60870:0.00327579
679493at2759,2,NA,NA,NA,NA,NA,NA,HORVU.MOREX.r3.1HG0008900,HORVU.MOREX.r3.1HG0008900:0.000427213,AT3G55560,AT3G55560:0.00109162
679493at3193,2,NA,NA,NA,NA,NA,NA,HORVU.MOREX.r3.1HG0008900,HORVU.MOREX.r3.1HG0008900:0.000427213,AT3G55560,AT3G55560:0.00109162
679493at33090,2,NA,NA,NA,NA,NA,NA,HORVU.MOREX.r3.1HG0008900,HORVU.MOREX.r3.1HG0008900:0.000427213,AT3G55560,AT3G55560:0.00109162
679692at2759,2,Zm00001eb062130,Zm00001eb062130:0.00338549,SORBI_3001G041500,SORBI_3001G041500:0.000337533,NA,NA,NA,NA,NA,NA
679692at3193,2,Zm00001eb062130,Zm00001eb062130:0.00338549,SORBI_3001G041500,SORBI_3001G041500:0.000337533,NA,NA,NA,NA,NA,NA
679692at33090,2,Zm00001eb062130,Zm00001eb062130:0.00338549,SORBI_3001G041500,SORBI_3001G041500:0.000337533,NA,NA,NA,NA,NA,NA
680096at3193,2,Zm00001eb146750,Zm00001eb146750:0.000699217,SORBI_3003G367500,SORBI_3003G367500:0.00136049,NA,NA,NA,NA,NA,NA
680222at2759,2,Zm00001eb417460,Zm00001eb417460:0.00377533,NA,NA,NA,NA,HORVU.MOREX.r3.1HG0005410,HORVU.MOREX.r3.1HG0005410:0.00231705,NA,NA
680222at3193,2,Zm00001eb417460,Zm00001eb417460:0.00377533,NA,NA,NA,NA,HORVU.MOREX.r3.1HG0005410,HORVU.MOREX.r3.1HG0005410:0.00231705,NA,NA
680222at33090,2,Zm00001eb417460,Zm00001eb417460:0.00377533,NA,NA,NA,NA,HORVU.MOREX.r3.1HG0005410,HORVU.MOREX.r3.1HG0005410:0.00231705,NA,NA
680364at2759,2,Zm00001eb075490,Zm00001eb075490:0.00188476,SORBI_3006G161100,SORBI_3006G161100:2.93e-05,NA,NA,NA,NA,NA,NA
680364at3193,2,Zm00001eb075490,Zm00001eb075490:0.00188476,SORBI_3006G161100,SORBI_3006G161100:2.93e-05,NA,NA,NA,NA,NA,NA
680364at33090,2,Zm00001eb075490,Zm00001eb075490:0.00188476,SORBI_3006G161100,SORBI_3006G161100:2.93e-05,NA,NA,NA,NA,NA,NA
68073at4447,2,Zm00001eb323640,Zm00001eb323640:0.0025397,SORBI_3003G319500;SORBI_3003G319600,SORBI_3003G319500:3.99146e-05;SORBI_3003G319600:3.99146e-05,NA,NA,NA,NA,NA,NA
681119at3193,2,Zm00001eb111350,Zm00001eb111350:0.00383193,NA,NA,NA,NA,NA,NA,AT5G27760,AT5G27760:0.00257753
681193at2759,2,NA,NA,SORBI_3001G084000,SORBI_3001G084000:0.000755441,NA,NA,HORVU.MOREX.r3.2HG0156680,HORVU.MOREX.r3.2HG0156680:0.00231442,NA,NA
681193at3193,2,NA,NA,SORBI_3001G084000,SORBI_3001G084000:0.000755441,NA,NA,HORVU.MOREX.r3.2HG0156680,HORVU.MOREX.r3.2HG0156680:0.00231442,NA,NA
681193at33090,2,NA,NA,SORBI_3001G084000,SORBI_3001G084000:0.000755441,NA,NA,HORVU.MOREX.r3.2HG0156680,HORVU.MOREX.r3.2HG0156680:0.00231442,NA,NA
681748at3193,2,Zm00001eb282360,Zm00001eb282360:0.000488754,SORBI_3006G218900,SORBI_3006G218900:0.000796112,NA,NA,NA,NA,NA,NA
681748at33090,2,Zm00001eb282360,Zm00001eb282360:0.000488754,SORBI_3006G218900,SORBI_3006G218900:0.000796112,NA,NA,NA,NA,NA,NA
682132at2759,2,Zm00001eb111360,Zm00001eb111360:0.00383193,NA,NA,NA,NA,NA,NA,AT1G02830,AT1G02830:0.00329988
683015at2759,2,Zm00001eb102840,Zm00001eb102840:0.0034474,NA,NA,NA,NA,HORVU.MOREX.r3.5HG0496850,HORVU.MOREX.r3.5HG0496850:4.75945e-05,NA,NA
683015at3193,2,Zm00001eb102840,Zm00001eb102840:0.0034474,NA,NA,NA,NA,HORVU.MOREX.r3.5HG0496850,HORVU.MOREX.r3.5HG0496850:4.75945e-05,NA,NA
683015at33090,2,Zm00001eb102840,Zm00001eb102840:0.0034474,NA,NA,NA,NA,HORVU.MOREX.r3.5HG0496850,HORVU.MOREX.r3.5HG0496850:4.75945e-05,NA,NA
684853at2759,2,Zm00001eb116730;Zm00001eb302210,Zm00001eb116730:0.00300793;Zm00001eb302210:0.00196486,NA,NA,NA,NA,HORVU.MOREX.r3.4HG0334460,HORVU.MOREX.r3.4HG0334460:0.00191175,NA,NA
684853at3193,2,Zm00001eb116730;Zm00001eb302210,Zm00001eb116730:0.00300793;Zm00001eb302210:0.00196486,NA,NA,NA,NA,HORVU.MOREX.r3.4HG0334460,HORVU.MOREX.r3.4HG0334460:0.00191175,NA,NA
684853at33090,2,Zm00001eb116730;Zm00001eb302210,Zm00001eb116730:0.00300793;Zm00001eb302210:0.00196486,NA,NA,NA,NA,HORVU.MOREX.r3.4HG0334460,HORVU.MOREX.r3.4HG0334460:0.00191175,NA,NA
684927at2759,2,Zm00001eb166400,Zm00001eb166400:0.00150325,NA,NA,NA,NA,HORVU.MOREX.r3.1HG0079000,HORVU.MOREX.r3.1HG0079000:0.00336502,NA,NA
684927at3193,2,Zm00001eb166400,Zm00001eb166400:0.00150325,NA,NA,NA,NA,HORVU.MOREX.r3.1HG0079000,HORVU.MOREX.r3.1HG0079000:0.00336502,NA,NA
684927at33090,2,Zm00001eb166400,Zm00001eb166400:0.00150325,NA,NA,NA,NA,HORVU.MOREX.r3.1HG0079000,HORVU.MOREX.r3.1HG0079000:0.00336502,NA,NA
6850at4447,2,Zm00001eb364400,Zm00001eb364400:0.00136243,NA,NA,NA,NA,HORVU.MOREX.r3.3HG0310670,HORVU.MOREX.r3.3HG0310670:0.00302728,NA,NA
685524at2759,2,Zm00001eb116750,Zm00001eb116750:0.00300793,SORBI_3005G034200,SORBI_3005G034200:0.000134383,NA,NA,NA,NA,NA,NA
685524at3193,2,Zm00001eb116750,Zm00001eb116750:0.00300793,SORBI_3005G034200,SORBI_3005G034200:0.000134383,NA,NA,NA,NA,NA,NA
685524at33090,2,Zm00001eb116750,Zm00001eb116750:0.00300793,SORBI_3005G034200,SORBI_3005G034200:0.000134383,NA,NA,NA,NA,NA,NA
686574at2759,2,Zm00001eb328570,Zm00001eb328570:0.00118029,NA,NA,NA,NA,NA,NA,AT1G30210,AT1G30210:0.00130036
686574at3193,2,Zm00001eb328570,Zm00001eb328570:0.00118029,NA,NA,NA,NA,NA,NA,AT1G30210,AT1G30210:0.00130036
686574at33090,2,Zm00001eb328570,Zm00001eb328570:0.00118029,NA,NA,NA,NA,NA,NA,AT1G30210,AT1G30210:0.00130036
686593at2759,2,Zm00001eb035710,Zm00001eb035710:0.00136143,NA,NA,NA,NA,NA,NA,AT4G30130,AT4G30130:0.00147342
686593at3193,2,Zm00001eb035710,Zm00001eb035710:0.00136143,NA,NA,NA,NA,NA,NA,AT4G30130,AT4G30130:0.00147342
686593at33090,2,Zm00001eb035710,Zm00001eb035710:0.00136143,NA,NA,NA,NA,NA,NA,AT4G30130,AT4G30130:0.00147342
686839at2759,2,Zm00001eb328650,Zm00001eb328650:0.000650436,SORBI_3001G359800,SORBI_3001G359800:0.000324716,NA,NA,NA,NA,NA,NA
686839at3193,2,Zm00001eb328650,Zm00001eb328650:0.000650436,SORBI_3001G359800,SORBI_3001G359800:0.000324716,NA,NA,NA,NA,NA,NA
686839at33090,2,Zm00001eb328650,Zm00001eb328650:0.000650436,SORBI_3001G359800,SORBI_3001G359800:0.000324716,NA,NA,NA,NA,NA,NA
68689at4447,2,Zm00001eb244120,Zm00001eb244120:0.0022918,SORBI_3003G374400,SORBI_3003G374400:0.00122928,NA,NA,NA,NA,NA,NA
687071at2759,2,Zm00001eb170770,Zm00001eb170770:0.000546784,NA,NA,NA,NA,HORVU.MOREX.r3.3HG0322390,HORVU.MOREX.r3.3HG0322390:0.00164777,NA,NA
687071at3193,2,Zm00001eb170770,Zm00001eb170770:0.000546784,NA,NA,NA,NA,HORVU.MOREX.r3.3HG0322390,HORVU.MOREX.r3.3HG0322390:0.00164777,NA,NA
687071at33090,2,Zm00001eb170770,Zm00001eb170770:0.000546784,NA,NA,NA,NA,HORVU.MOREX.r3.3HG0322390,HORVU.MOREX.r3.3HG0322390:0.00164777,NA,NA
687361at2759,2,Zm00001eb434070,Zm00001eb434070:0.000828693,SORBI_3006G273000,SORBI_3006G273000:0.00170627,NA,NA,NA,NA,NA,NA
687361at3193,2,Zm00001eb434070,Zm00001eb434070:0.000828693,SORBI_3006G273000,SORBI_3006G273000:0.00170627,NA,NA,NA,NA,NA,NA
687361at33090,2,Zm00001eb434070,Zm00001eb434070:0.000828693,SORBI_3006G273000,SORBI_3006G273000:0.00170627,NA,NA,NA,NA,NA,NA
68751at38820,2,Zm00001eb053090,Zm00001eb053090:0.00283136,NA,NA,NA,NA,HORVU.MOREX.r3.4HG0334480,HORVU.MOREX.r3.4HG0334480:0.00191175,NA,NA
68751at4447,2,Zm00001eb053090,Zm00001eb053090:0.00283136,NA,NA,NA,NA,HORVU.MOREX.r3.4HG0334480,HORVU.MOREX.r3.4HG0334480:0.00191175,NA,NA
687560at2759,2,Zm00001eb199530,Zm00001eb199530:0.00115814,NA,NA,NA,NA,HORVU.MOREX.r3.5HG0489860,HORVU.MOREX.r3.5HG0489860:0.00177538,NA,NA
687560at3193,2,Zm00001eb199530,Zm00001eb199530:0.00115814,NA,NA,NA,NA,HORVU.MOREX.r3.5HG0489860,HORVU.MOREX.r3.5HG0489860:0.00177538,NA,NA
687560at33090,2,Zm00001eb199530,Zm00001eb199530:0.00115814,NA,NA,NA,NA,HORVU.MOREX.r3.5HG0489860,HORVU.MOREX.r3.5HG0489860:0.00177538,NA,NA
687587at2759,2,Zm00001eb119800,Zm00001eb119800:0.00114045,SORBI_3003G016100,SORBI_3003G016100:0.00157666,NA,NA,NA,NA,NA,NA
687587at3193,2,Zm00001eb119800,Zm00001eb119800:0.00114045,SORBI_3003G016100,SORBI_3003G016100:0.00157666,NA,NA,NA,NA,NA,NA
687587at33090,2,Zm00001eb119800,Zm00001eb119800:0.00114045,SORBI_3003G016100,SORBI_3003G016100:0.00157666,NA,NA,NA,NA,NA,NA
687695at2759,2,Zm00001eb290190,Zm00001eb290190:0.00295748,SORBI_3010G151900,SORBI_3010G151900:0.000829948,NA,NA,NA,NA,NA,NA
687695at3193,2,Zm00001eb290190,Zm00001eb290190:0.00295748,SORBI_3010G151900,SORBI_3010G151900:0.000829948,NA,NA,NA,NA,NA,NA
687695at33090,2,Zm00001eb290190,Zm00001eb290190:0.00295748,SORBI_3010G151900,SORBI_3010G151900:0.000829948,NA,NA,NA,NA,NA,NA
688571at2759,2,Zm00001eb142200,Zm00001eb142200:0.00143303,NA,NA,NA,NA,NA,NA,AT3G16510,AT3G16510:0.000952125
688571at3193,2,Zm00001eb142200,Zm00001eb142200:0.00143303,NA,NA,NA,NA,NA,NA,AT3G16510,AT3G16510:0.000952125
688571at33090,2,Zm00001eb142200,Zm00001eb142200:0.00143303,NA,NA,NA,NA,NA,NA,AT3G16510,AT3G16510:0.000952125
688887at2759,2,Zm00001eb156310,Zm00001eb156310:0.000291661,NA,NA,NA,NA,HORVU.MOREX.r3.1HG0083880,HORVU.MOREX.r3.1HG0083880:0.00198269,NA,NA
688887at3193,2,Zm00001eb156310,Zm00001eb156310:0.000291661,NA,NA,NA,NA,HORVU.MOREX.r3.1HG0083880,HORVU.MOREX.r3.1HG0083880:0.00198269,NA,NA
688887at33090,2,Zm00001eb156310,Zm00001eb156310:0.000291661,NA,NA,NA,NA,HORVU.MOREX.r3.1HG0083880,HORVU.MOREX.r3.1HG0083880:0.00198269,NA,NA
68913at38820,2,Zm00001eb258220,Zm00001eb258220:0.00185687,NA,NA,NA,NA,HORVU.MOREX.r3.6HG0627000,HORVU.MOREX.r3.6HG0627000:0.00212126,NA,NA
68913at4447,2,Zm00001eb258220,Zm00001eb258220:0.00185687,NA,NA,NA,NA,HORVU.MOREX.r3.6HG0627000,HORVU.MOREX.r3.6HG0627000:0.00212126,NA,NA
689924at2759,2,Zm00001eb374680,Zm00001eb374680:0.00108668,NA,NA,NA,NA,HORVU.MOREX.r3.7HG0659020,HORVU.MOREX.r3.7HG0659020:0.00231955,NA,NA
689924at3193,2,Zm00001eb374680,Zm00001eb374680:0.00108668,NA,NA,NA,NA,HORVU.MOREX.r3.7HG0659020,HORVU.MOREX.r3.7HG0659020:0.00231955,NA,NA
689924at33090,2,Zm00001eb374680,Zm00001eb374680:0.00108668,NA,NA,NA,NA,HORVU.MOREX.r3.7HG0659020,HORVU.MOREX.r3.7HG0659020:0.00231955,NA,NA
69205at38820,2,Zm00001eb035680,Zm00001eb035680:0.00136143,NA,NA,LOC_Os09g04970,LOC_Os09g04970:2.59764e-05,NA,NA,NA,NA
69205at4447,2,Zm00001eb035680,Zm00001eb035680:0.00136143,NA,NA,LOC_Os09g04970,LOC_Os09g04970:2.59764e-05,NA,NA,NA,NA
693676at2759,2,Zm00001eb051380,Zm00001eb051380:0.00114994,NA,NA,NA,NA,HORVU.MOREX.r3.4HG0343140,HORVU.MOREX.r3.4HG0343140:0.000228605,NA,NA
693676at3193,2,Zm00001eb051380,Zm00001eb051380:0.00114994,NA,NA,NA,NA,HORVU.MOREX.r3.4HG0343140,HORVU.MOREX.r3.4HG0343140:0.000228605,NA,NA
693676at33090,2,Zm00001eb051380,Zm00001eb051380:0.00114994,NA,NA,NA,NA,HORVU.MOREX.r3.4HG0343140,HORVU.MOREX.r3.4HG0343140:0.000228605,NA,NA
693960at2759,2,Zm00001eb063960,Zm00001eb063960:0.00221693,NA,NA,NA,NA,HORVU.MOREX.r3.5HG0531260,HORVU.MOREX.r3.5HG0531260:0.000760013,NA,NA
693960at3193,2,Zm00001eb063960,Zm00001eb063960:0.00221693,NA,NA,NA,NA,HORVU.MOREX.r3.5HG0531260,HORVU.MOREX.r3.5HG0531260:0.000760013,NA,NA
693960at33090,2,Zm00001eb063960,Zm00001eb063960:0.00221693,NA,NA,NA,NA,HORVU.MOREX.r3.5HG0531260,HORVU.MOREX.r3.5HG0531260:0.000760013,NA,NA
694306at2759,2,Zm00001eb398880,Zm00001eb398880:0.00185009,SORBI_3001G439900,SORBI_3001G439900:0.000270746,NA,NA,NA,NA,NA,NA
694306at3193,2,Zm00001eb398880,Zm00001eb398880:0.00185009,SORBI_3001G439900,SORBI_3001G439900:0.000270746,NA,NA,NA,NA,NA,NA
694306at33090,2,Zm00001eb398880,Zm00001eb398880:0.00185009,SORBI_3001G439900,SORBI_3001G439900:0.000270746,NA,NA,NA,NA,NA,NA
695617at3193,2,Zm00001eb288340,Zm00001eb288340:0.000656039,SORBI_3003G380300,SORBI_3003G380300:0.000134807,NA,NA,NA,NA,NA,NA
6957at38820,2,Zm00001eb084910;Zm00001eb113170,Zm00001eb084910:0.00119235;Zm00001eb113170:0.00139266,SORBI_3006G058000,SORBI_3006G058000:0.000199979,NA,NA,NA,NA,NA,NA
6957at4447,2,Zm00001eb084910;Zm00001eb113170,Zm00001eb084910:0.00119235;Zm00001eb113170:0.00139266,SORBI_3006G058000,SORBI_3006G058000:0.000199979,NA,NA,NA,NA,NA,NA
69720at38820,2,Zm00001eb404840,Zm00001eb404840:0.00342847,SORBI_3005G004100,SORBI_3005G004100:0.00151997,NA,NA,NA,NA,NA,NA
69720at4447,2,Zm00001eb404840,Zm00001eb404840:0.00342847,SORBI_3005G004100,SORBI_3005G004100:0.00151997,NA,NA,NA,NA,NA,NA
697306at3193,2,Zm00001eb343590,Zm00001eb343590:0.00358914,NA,NA,NA,NA,NA,NA,AT1G16890,AT1G16890:0.00136032
697306at33090,2,Zm00001eb343590,Zm00001eb343590:0.00358914,NA,NA,NA,NA,NA,NA,AT1G16890,AT1G16890:0.00136032
703230at3193,2,Zm00001eb342070,Zm00001eb342070:0.00250291,NA,NA,NA,NA,HORVU.MOREX.r3.3HG0254950;HORVU.MOREX.r3.3HG0254990,HORVU.MOREX.r3.3HG0254950:1.87684e-05;HORVU.MOREX.r3.3HG0254990:0.0012379,NA,NA
703230at33090,2,Zm00001eb342070,Zm00001eb342070:0.00250291,NA,NA,NA,NA,HORVU.MOREX.r3.3HG0254950;HORVU.MOREX.r3.3HG0254990,HORVU.MOREX.r3.3HG0254950:1.87684e-05;HORVU.MOREX.r3.3HG0254990:0.0012379,NA,NA
704575at2759,2,Zm00001eb135700,Zm00001eb135700:0.00327687,NA,NA,NA,NA,HORVU.MOREX.r3.5HG0432550,HORVU.MOREX.r3.5HG0432550:2.07618e-05,NA,NA
704575at3193,2,Zm00001eb135700,Zm00001eb135700:0.00327687,NA,NA,NA,NA,HORVU.MOREX.r3.5HG0432550,HORVU.MOREX.r3.5HG0432550:2.07618e-05,NA,NA
704575at33090,2,Zm00001eb135700,Zm00001eb135700:0.00327687,NA,NA,NA,NA,HORVU.MOREX.r3.5HG0432550,HORVU.MOREX.r3.5HG0432550:2.07618e-05,NA,NA
705275at2759,2,Zm00001eb362000,Zm00001eb362000:0.000247157,NA,NA,NA,NA,HORVU.MOREX.r3.2HG0096800,HORVU.MOREX.r3.2HG0096800:0.0019155,NA,NA
705275at3193,2,Zm00001eb362000,Zm00001eb362000:0.000247157,NA,NA,NA,NA,HORVU.MOREX.r3.2HG0096800,HORVU.MOREX.r3.2HG0096800:0.0019155,NA,NA
705275at33090,2,Zm00001eb362000,Zm00001eb362000:0.000247157,NA,NA,NA,NA,HORVU.MOREX.r3.2HG0096800,HORVU.MOREX.r3.2HG0096800:0.0019155,NA,NA
705727at2759,2,Zm00001eb146710,Zm00001eb146710:0.000699217,SORBI_3003G368100,SORBI_3003G368100:0.00136049,NA,NA,NA,NA,NA,NA
705727at33090,2,Zm00001eb146710,Zm00001eb146710:0.000699217,SORBI_3003G368100,SORBI_3003G368100:0.00136049,NA,NA,NA,NA,NA,NA
706191at2759,2,Zm00001eb244180;Zm00001eb349140;Zm00001eb365950,Zm00001eb244180:0.00191214;Zm00001eb349140:0.000505348;Zm00001eb365950:0.00308066,NA,NA,NA,NA,NA,NA,AT3G42790,AT3G42790:0.000476883
706191at3193,2,Zm00001eb244180;Zm00001eb349140;Zm00001eb365950,Zm00001eb244180:0.00191214;Zm00001eb349140:0.000505348;Zm00001eb365950:0.00308066,NA,NA,NA,NA,NA,NA,AT3G42790,AT3G42790:0.000476883
706191at33090,2,Zm00001eb244180;Zm00001eb349140;Zm00001eb365950,Zm00001eb244180:0.00191214;Zm00001eb349140:0.000505348;Zm00001eb365950:0.00308066,NA,NA,NA,NA,NA,NA,AT3G42790,AT3G42790:0.000476883
706756at3193,2,Zm00001eb418980,Zm00001eb418980:0.0016411,NA,NA,NA,NA,HORVU.MOREX.r3.2HG0100890;HORVU.MOREX.r3.2HG0100900,HORVU.MOREX.r3.2HG0100890:3.20087e-05;HORVU.MOREX.r3.2HG0100900:3.20087e-05,NA,NA
706756at33090,2,Zm00001eb418980,Zm00001eb418980:0.0016411,NA,NA,NA,NA,HORVU.MOREX.r3.2HG0100890;HORVU.MOREX.r3.2HG0100900,HORVU.MOREX.r3.2HG0100890:3.20087e-05;HORVU.MOREX.r3.2HG0100900:3.20087e-05,NA,NA
707514at3193,2,Zm00001eb171030,Zm00001eb171030:0.000141193,NA,NA,NA,NA,NA,NA,AT4G14695;AT4G22310,AT4G14695:0.000294357;AT4G22310:0.000221465
70774at3193,2,Zm00001eb345550,Zm00001eb345550:0.00244698,NA,NA,NA,NA,NA,NA,AT4G11010,AT4G11010:5.5387e-05
707889at3193,2,Zm00001eb393130,Zm00001eb393130:1.33779e-06,NA,NA,NA,NA,HORVU.MOREX.r3.5HG0490030,HORVU.MOREX.r3.5HG0490030:0.00186889,NA,NA
71202at4447,2,Zm00001eb066110;Zm00001eb433820,Zm00001eb066110:0.000843678;Zm00001eb433820:0.00196746,NA,NA,NA,NA,HORVU.MOREX.r3.2HG0209640,HORVU.MOREX.r3.2HG0209640:0.00251274,NA,NA
71430at38820,2,Zm00001eb326930,Zm00001eb326930:0.00327727,NA,NA,NA,NA,HORVU.MOREX.r3.2HG0126960,HORVU.MOREX.r3.2HG0126960:0.00183806,NA,NA
71430at4447,2,Zm00001eb326930,Zm00001eb326930:0.00327727,NA,NA,NA,NA,HORVU.MOREX.r3.2HG0126960,HORVU.MOREX.r3.2HG0126960:0.00183806,NA,NA
7152at38820,2,Zm00001eb232020,Zm00001eb232020:0.00302525,NA,NA,NA,NA,HORVU.MOREX.r3.6HG0557080,HORVU.MOREX.r3.6HG0557080:0.00141555,NA,NA
7152at4447,2,Zm00001eb232020,Zm00001eb232020:0.00302525,NA,NA,NA,NA,HORVU.MOREX.r3.6HG0557080,HORVU.MOREX.r3.6HG0557080:0.00141555,NA,NA
71579at38820,2,Zm00001eb316590,Zm00001eb316590:0.000764787,NA,NA,LOC_Os09g04860,LOC_Os09g04860:6.69234e-06,NA,NA,NA,NA
715at38820,2,Zm00001eb300120,Zm00001eb300120:0.00356309,NA,NA,NA,NA,HORVU.MOREX.r3.2HG0214670,HORVU.MOREX.r3.2HG0214670:0.00247558,NA,NA
715at4447,2,Zm00001eb300120,Zm00001eb300120:0.00356309,NA,NA,NA,NA,HORVU.MOREX.r3.2HG0214670,HORVU.MOREX.r3.2HG0214670:0.00247558,NA,NA
717333at3193,2,Zm00001eb117300;Zm00001eb190570,Zm00001eb117300:0.00261132;Zm00001eb190570:0.000671509,SORBI_3001G063300,SORBI_3001G063300:0.00135813,NA,NA,NA,NA,NA,NA
717560at33090,2,Zm00001eb070250,Zm00001eb070250:0.00054286,NA,NA,NA,NA,NA,NA,AT1G11860,AT1G11860:0.000133243
717762at3193,2,NA,NA,NA,NA,NA,NA,HORVU.MOREX.r3.5HG0499780,HORVU.MOREX.r3.5HG0499780:0.00177688,AT1G11670,AT1G11670:8.39968e-05
717762at33090,2,NA,NA,NA,NA,NA,NA,HORVU.MOREX.r3.5HG0499780,HORVU.MOREX.r3.5HG0499780:0.00177688,AT1G11670,AT1G11670:8.39968e-05
718428at33090,2,Zm00001eb129440;Zm00001eb242750;Zm00001eb332460,Zm00001eb129440:0.00208675;Zm00001eb242750:0.00194769;Zm00001eb332460:0.00154313,NA,NA,NA,NA,HORVU.MOREX.r3.2HG0106600,HORVU.MOREX.r3.2HG0106600:0.000105339,NA,NA
720399at2759,2,Zm00001eb220780,Zm00001eb220780:0.00247284,NA,NA,NA,NA,NA,NA,AT2G13560,AT2G13560:0.00326726
720399at3193,2,Zm00001eb220780,Zm00001eb220780:0.00247284,NA,NA,NA,NA,NA,NA,AT2G13560,AT2G13560:0.00326726
720399at33090,2,Zm00001eb220780,Zm00001eb220780:0.00247284,NA,NA,NA,NA,NA,NA,AT2G13560,AT2G13560:0.00326726
723209at33090,2,Zm00001eb292100,Zm00001eb292100:0.000551656,NA,NA,NA,NA,NA,NA,AT5G04590,AT5G04590:0.00137898
723234at3193,2,NA,NA,NA,NA,NA,NA,HORVU.MOREX.r3.4HG0393630;HORVU.MOREX.r3.7HG0695500,HORVU.MOREX.r3.4HG0393630:0.00238036;HORVU.MOREX.r3.7HG0695500:0.000168303,AT2G01970,AT2G01970:4.64454e-06
723263at33090,2,Zm00001eb012470;Zm00001eb368000,Zm00001eb012470:0.00280406;Zm00001eb368000:0.00094791,NA,NA,NA,NA,HORVU.MOREX.r3.4HG0387610,HORVU.MOREX.r3.4HG0387610:0.00318204,NA,NA
723630at2759,2,Zm00001eb190330,Zm00001eb190330:0.000779789,SORBI_3004G247200,SORBI_3004G247200:0.00188616,NA,NA,NA,NA,NA,NA
723630at3193,2,Zm00001eb190330,Zm00001eb190330:0.000779789,SORBI_3004G247200,SORBI_3004G247200:0.00188616,NA,NA,NA,NA,NA,NA
723630at33090,2,Zm00001eb190330,Zm00001eb190330:0.000779789,SORBI_3004G247200,SORBI_3004G247200:0.00188616,NA,NA,NA,NA,NA,NA
723803at2759,2,Zm00001eb278390,Zm00001eb278390:0.001908,SORBI_3001G359400;SORBI_3010G070000,SORBI_3001G359400:0.000324716;SORBI_3010G070000:0.00127045,NA,NA,NA,NA,NA,NA
723803at3193,2,Zm00001eb278390,Zm00001eb278390:0.001908,SORBI_3001G359400;SORBI_3010G070000,SORBI_3001G359400:0.000324716;SORBI_3010G070000:0.00127045,NA,NA,NA,NA,NA,NA
723803at33090,2,Zm00001eb278390,Zm00001eb278390:0.001908,SORBI_3001G359400;SORBI_3010G070000,SORBI_3001G359400:0.000324716;SORBI_3010G070000:0.00127045,NA,NA,NA,NA,NA,NA
72397at38820,2,Zm00001eb290350,Zm00001eb290350:0.00384828,NA,NA,NA,NA,HORVU.MOREX.r3.1HG0071500,HORVU.MOREX.r3.1HG0071500:0.00368404,NA,NA
72397at4447,2,Zm00001eb290350,Zm00001eb290350:0.00384828,NA,NA,NA,NA,HORVU.MOREX.r3.1HG0071500,HORVU.MOREX.r3.1HG0071500:0.00368404,NA,NA
724185at2759,2,Zm00001eb052690,Zm00001eb052690:0.00133236,NA,NA,NA,NA,HORVU.MOREX.r3.4HG0333190,HORVU.MOREX.r3.4HG0333190:0.000332994,NA,NA
724185at3193,2,Zm00001eb052690,Zm00001eb052690:0.00133236,NA,NA,NA,NA,HORVU.MOREX.r3.4HG0333190,HORVU.MOREX.r3.4HG0333190:0.000332994,NA,NA
724185at33090,2,Zm00001eb052690,Zm00001eb052690:0.00133236,NA,NA,NA,NA,HORVU.MOREX.r3.4HG0333190,HORVU.MOREX.r3.4HG0333190:0.000332994,NA,NA
72536at38820,2,Zm00001eb117350,Zm00001eb117350:0.00261132,SORBI_3001G063400,SORBI_3001G063400:0.00135813,NA,NA,NA,NA,NA,NA
73232at38820,2,Zm00001eb288360,Zm00001eb288360:0.00357394,SORBI_3003G379700,SORBI_3003G379700:0.000134807,NA,NA,NA,NA,NA,NA
73232at4447,2,Zm00001eb288360,Zm00001eb288360:0.00357394,SORBI_3003G379700,SORBI_3003G379700:0.000134807,NA,NA,NA,NA,NA,NA
73353at4447,2,Zm00001eb065160,Zm00001eb065160:0.00356044,NA,NA,NA,NA,HORVU.MOREX.r3.5HG0537290,HORVU.MOREX.r3.5HG0537290:0.00290128,NA,NA
73409at38820,2,Zm00001eb126310,Zm00001eb126310:0.00127424,NA,NA,NA,NA,HORVU.MOREX.r3.3HG0219220,HORVU.MOREX.r3.3HG0219220:0.00356084,NA,NA
73409at4447,2,Zm00001eb126310,Zm00001eb126310:0.00127424,NA,NA,NA,NA,HORVU.MOREX.r3.3HG0219220,HORVU.MOREX.r3.3HG0219220:0.00356084,NA,NA
740608at2759,2,Zm00001eb067550,Zm00001eb067550:0.00315901,SORBI_3003G304600,SORBI_3003G304600:0.000734903,NA,NA,NA,NA,NA,NA
740608at33090,2,Zm00001eb067550,Zm00001eb067550:0.00315901,SORBI_3003G304600,SORBI_3003G304600:0.000734903,NA,NA,NA,NA,NA,NA
740825at2759,2,Zm00001eb334120,Zm00001eb334120:0.000833593,NA,NA,NA,NA,HORVU.MOREX.r3.3HG0231550,HORVU.MOREX.r3.3HG0231550:0.00131139,NA,NA
740825at33090,2,Zm00001eb334120,Zm00001eb334120:0.000833593,NA,NA,NA,NA,HORVU.MOREX.r3.3HG0231550,HORVU.MOREX.r3.3HG0231550:0.00131139,NA,NA
740944at33090,2,Zm00001eb288340,Zm00001eb288340:0.000656039,SORBI_3003G380300,SORBI_3003G380300:0.000134807,NA,NA,NA,NA,NA,NA
741442at33090,2,Zm00001eb302320,Zm00001eb302320:8.98155e-05,NA,NA,NA,NA,HORVU.MOREX.r3.7HG0657420,HORVU.MOREX.r3.7HG0657420:0.00358216,NA,NA
741607at2759,2,Zm00001eb160430;Zm00001eb192750,Zm00001eb160430:0.000543299;Zm00001eb192750:3.21803e-05,SORBI_3010G070100,SORBI_3010G070100:0.00127045,NA,NA,NA,NA,NA,NA
741607at33090,2,Zm00001eb160430;Zm00001eb192750,Zm00001eb160430:0.000543299;Zm00001eb192750:3.21803e-05,SORBI_3010G070100,SORBI_3010G070100:0.00127045,NA,NA,NA,NA,NA,NA
741754at2759,2,Zm00001eb031970,Zm00001eb031970:0.00177325,NA,NA,NA,NA,NA,NA,AT4G03080,AT4G03080:0.00100884
741754at33090,2,Zm00001eb031970,Zm00001eb031970:0.00177325,NA,NA,NA,NA,NA,NA,AT4G03080,AT4G03080:0.00100884
741864at2759,2,Zm00001eb146660,Zm00001eb146660:0.000440875,NA,NA,NA,NA,HORVU.MOREX.r3.1HG0082310,HORVU.MOREX.r3.1HG0082310:0.000167052,NA,NA
741864at33090,2,Zm00001eb146660,Zm00001eb146660:0.000440875,NA,NA,NA,NA,HORVU.MOREX.r3.1HG0082310,HORVU.MOREX.r3.1HG0082310:0.000167052,NA,NA
742028at33090,2,Zm00001eb012060;Zm00001eb165790;Zm00001eb363620,Zm00001eb012060:0.00333826;Zm00001eb165790:0.0025792;Zm00001eb363620:0.00188646,NA,NA,NA,NA,HORVU.MOREX.r3.4HG0388950,HORVU.MOREX.r3.4HG0388950:0.0019374,NA,NA
742266at2759,2,Zm00001eb119260,Zm00001eb119260:0.00152372,NA,NA,NA,NA,NA,NA,AT2G39590,AT2G39590:0.00269758
742266at33090,2,Zm00001eb119260,Zm00001eb119260:0.00152372,NA,NA,NA,NA,NA,NA,AT2G39590,AT2G39590:0.00269758
742681at33090,2,Zm00001eb050070,Zm00001eb050070:0.00353258,SORBI_3003G305200,SORBI_3003G305200:0.000734903,NA,NA,NA,NA,NA,NA
742765at2759,2,Zm00001eb190590,Zm00001eb190590:0.000671509,NA,NA,NA,NA,NA,NA,AT4G02280,AT4G02280:0.00314715
742765at33090,2,Zm00001eb190590,Zm00001eb190590:0.000671509,NA,NA,NA,NA,NA,NA,AT4G02280,AT4G02280:0.00314715
742961at33090,2,NA,NA,NA,NA,NA,NA,HORVU.MOREX.r3.7HG0716880,HORVU.MOREX.r3.7HG0716880:0.00166816,AT4G38510,AT4G38510:0.000820362
742966at33090,2,Zm00001eb222250;Zm00001eb339380,Zm00001eb222250:0.000674847;Zm00001eb339380:0.00243938,NA,NA,NA,NA,NA,NA,AT4G15210,AT4G15210:0.00100902
743516at2759,2,Zm00001eb101090;Zm00001eb255590;Zm00001eb315420,Zm00001eb101090:0.000110001;Zm00001eb255590:0.000393047;Zm00001eb315420:0.00218116,SORBI_3002G230600,SORBI_3002G230600:0.00164024,NA,NA,NA,NA,NA,NA
743647at33090,2,Zm00001eb075500,Zm00001eb075500:0.00188476,SORBI_3006G161000,SORBI_3006G161000:2.93e-05,NA,NA,NA,NA,NA,NA
743822at33090,2,NA,NA,NA,NA,NA,NA,HORVU.MOREX.r3.4HG0345200,HORVU.MOREX.r3.4HG0345200:0.00106122,AT1G14320,AT1G14320:0.000225115
744238at33090,2,NA,NA,NA,NA,NA,NA,HORVU.MOREX.r3.2HG0107190,HORVU.MOREX.r3.2HG0107190:0.000373373,AT5G55760,AT5G55760:0.00158543
744337at33090,2,Zm00001eb180950,Zm00001eb180950:0.000110488,NA,NA,NA,NA,HORVU.MOREX.r3.6HG0618920;HORVU.MOREX.r3.6HG0618950,HORVU.MOREX.r3.6HG0618920:0.000641548;HORVU.MOREX.r3.6HG0618950:0.000641548,NA,NA
744741at33090,2,Zm00001eb167250,Zm00001eb167250:0.00287304,NA,NA,NA,NA,NA,NA,AT5G66410,AT5G66410:0.000534426
745198at33090,2,Zm00001eb125360,Zm00001eb125360:0.000126311,NA,NA,NA,NA,HORVU.MOREX.r3.3HG0221900,HORVU.MOREX.r3.3HG0221900:0.00268929,NA,NA
74605at38820,2,Zm00001eb238610,Zm00001eb238610:0.00375125,NA,NA,NA,NA,HORVU.MOREX.r3.3HG0240560,HORVU.MOREX.r3.3HG0240560:0.0009132,NA,NA
74605at4447,2,Zm00001eb238610,Zm00001eb238610:0.00375125,NA,NA,NA,NA,HORVU.MOREX.r3.3HG0240560,HORVU.MOREX.r3.3HG0240560:0.0009132,NA,NA
746111at2759,2,Zm00001eb289460,Zm00001eb289460:0.00138358,NA,NA,NA,NA,HORVU.MOREX.r3.3HG0233710;HORVU.MOREX.r3.3HG0301950,HORVU.MOREX.r3.3HG0233710:0.00106106;HORVU.MOREX.r3.3HG0301950:0.0032939,NA,NA
746111at33090,2,Zm00001eb289460,Zm00001eb289460:0.00138358,NA,NA,NA,NA,HORVU.MOREX.r3.3HG0233710;HORVU.MOREX.r3.3HG0301950,HORVU.MOREX.r3.3HG0233710:0.00106106;HORVU.MOREX.r3.3HG0301950:0.0032939,NA,NA
746349at33090,2,Zm00001eb014600,Zm00001eb014600:0.00290526,SORBI_3010G082800,SORBI_3010G082800:5.31712e-06,NA,NA,NA,NA,NA,NA
74634at38820,2,Zm00001eb162210;Zm00001eb356840,Zm00001eb162210:0.00384582;Zm00001eb356840:0.000955724,SORBI_3003G190100,SORBI_3003G190100:0.0014826,NA,NA,NA,NA,NA,NA
74634at4447,2,Zm00001eb162210;Zm00001eb356840,Zm00001eb162210:0.00384582;Zm00001eb356840:0.000955724,SORBI_3003G190100,SORBI_3003G190100:0.0014826,NA,NA,NA,NA,NA,NA
746854at33090,2,Zm00001eb008470,Zm00001eb008470:0.00190365,NA,NA,NA,NA,NA,NA,AT5G07910,AT5G07910:0.00217481
74690at38820,2,Zm00001eb066110;Zm00001eb433820,Zm00001eb066110:0.000843678;Zm00001eb433820:0.00196746,NA,NA,NA,NA,HORVU.MOREX.r3.2HG0209640,HORVU.MOREX.r3.2HG0209640:0.00251274,NA,NA
747037at2759,2,Zm00001eb014500,Zm00001eb014500:0.00326132,NA,NA,NA,NA,HORVU.MOREX.r3.3HG0329220,HORVU.MOREX.r3.3HG0329220:0.00229697,NA,NA
747037at33090,2,Zm00001eb014500,Zm00001eb014500:0.00326132,NA,NA,NA,NA,HORVU.MOREX.r3.3HG0329220,HORVU.MOREX.r3.3HG0329220:0.00229697,NA,NA
747217at2759,2,Zm00001eb147480;Zm00001eb288800,Zm00001eb147480:0.00198948;Zm00001eb288800:0.000574103,SORBI_3003G361300,SORBI_3003G361300:0.000229276,NA,NA,NA,NA,NA,NA
747217at33090,2,Zm00001eb147480;Zm00001eb288800,Zm00001eb147480:0.00198948;Zm00001eb288800:0.000574103,SORBI_3003G361300,SORBI_3003G361300:0.000229276,NA,NA,NA,NA,NA,NA
747432at2759,2,Zm00001eb258960,Zm00001eb258960:0.00105264,SORBI_3001G308200,SORBI_3001G308200:0.00128285,NA,NA,NA,NA,NA,NA
747432at33090,2,Zm00001eb258960,Zm00001eb258960:0.00105264,SORBI_3001G308200,SORBI_3001G308200:0.00128285,NA,NA,NA,NA,NA,NA
747727at33090,2,Zm00001eb397170,Zm00001eb397170:0.00330054,NA,NA,NA,NA,HORVU.MOREX.r3.2HG0107750,HORVU.MOREX.r3.2HG0107750:0.000251416,NA,NA
747860at2759,2,Zm00001eb282360,Zm00001eb282360:0.000488754,SORBI_3006G218900,SORBI_3006G218900:0.000796112,NA,NA,NA,NA,NA,NA
748057at33090,2,Zm00001eb193140,Zm00001eb193140:0.00251229,NA,NA,NA,NA,HORVU.MOREX.r3.2HG0123450,HORVU.MOREX.r3.2HG0123450:0.000321366,NA,NA
748177at33090,2,Zm00001eb106450;Zm00001eb106460,Zm00001eb106450:0.00373567;Zm00001eb106460:0.00373567,NA,NA,NA,NA,NA,NA,AT1G08880,AT1G08880:0.00274127
748563at33090,2,Zm00001eb295770;Zm00001eb343630,Zm00001eb295770:0.000363103;Zm00001eb343630:0.00358914,NA,NA,NA,NA,NA,NA,AT3G08910,AT3G08910:0.00145422
748905at2759,2,Zm00001eb296540,Zm00001eb296540:0.00322194,NA,NA,NA,NA,NA,NA,AT2G30550,AT2G30550:0.00126479
748905at33090,2,Zm00001eb296540,Zm00001eb296540:0.00322194,NA,NA,NA,NA,NA,NA,AT2G30550,AT2G30550:0.00126479
749176at33090,2,NA,NA,NA,NA,NA,NA,HORVU.MOREX.r3.2HG0105670,HORVU.MOREX.r3.2HG0105670:0.000338231,AT1G12360,AT1G12360:0.00248528
749986at33090,2,Zm00001eb254270;Zm00001eb418000,Zm00001eb254270:0.00357877;Zm00001eb418000:0.00361107,NA,NA,NA,NA,NA,NA,AT5G40200,AT5G40200:0.00174742
750680at2759,2,Zm00001eb351810,Zm00001eb351810:0.000606472,NA,NA,NA,NA,NA,NA,AT4G33070,AT4G33070:0.00230476
750680at33090,2,Zm00001eb351810,Zm00001eb351810:0.000606472,NA,NA,NA,NA,NA,NA,AT4G33070,AT4G33070:0.00230476
750935at33090,2,Zm00001eb255120,Zm00001eb255120:0.00190593,NA,NA,NA,NA,NA,NA,AT4G39710,AT4G39710:0.00117904
751930at2759,2,Zm00001eb345550,Zm00001eb345550:0.00244698,NA,NA,NA,NA,NA,NA,AT4G11010,AT4G11010:5.5387e-05
751930at33090,2,Zm00001eb345550,Zm00001eb345550:0.00244698,NA,NA,NA,NA,NA,NA,AT4G11010,AT4G11010:5.5387e-05
752098at33090,2,NA,NA,SORBI_3001G240600,SORBI_3001G240600:0.00043818,NA,NA,NA,NA,AT1G55520,AT1G55520:0.00109077
75246at38820,2,Zm00001eb148680,Zm00001eb148680:0.000347263,SORBI_3009G165300,SORBI_3009G165300:0.000466066,NA,NA,NA,NA,NA,NA
75246at4447,2,Zm00001eb148680,Zm00001eb148680:0.000347263,SORBI_3009G165300,SORBI_3009G165300:0.000466066,NA,NA,NA,NA,NA,NA
7525at38820,2,Zm00001eb075500,Zm00001eb075500:0.00188476,SORBI_3006G161000,SORBI_3006G161000:2.93e-05,NA,NA,NA,NA,NA,NA
7525at4447,2,Zm00001eb075500,Zm00001eb075500:0.00188476,SORBI_3006G161000,SORBI_3006G161000:2.93e-05,NA,NA,NA,NA,NA,NA
752753at2759,2,Zm00001eb290310,Zm00001eb290310:0.00384828,SORBI_3005G005600,SORBI_3005G005600:0.000750357,NA,NA,NA,NA,NA,NA
752753at33090,2,Zm00001eb290310,Zm00001eb290310:0.00384828,SORBI_3005G005600,SORBI_3005G005600:0.000750357,NA,NA,NA,NA,NA,NA
752922at2759,2,Zm00001eb102850,Zm00001eb102850:0.0034474,NA,NA,NA,NA,HORVU.MOREX.r3.5HG0496860,HORVU.MOREX.r3.5HG0496860:4.75945e-05,NA,NA
752922at33090,2,Zm00001eb102850,Zm00001eb102850:0.0034474,NA,NA,NA,NA,HORVU.MOREX.r3.5HG0496860,HORVU.MOREX.r3.5HG0496860:4.75945e-05,NA,NA
75317at38820,2,Zm00001eb338910,Zm00001eb338910:0.00283224,SORBI_3003G013000,SORBI_3003G013000:0.00183456,NA,NA,NA,NA,NA,NA
75317at4447,2,Zm00001eb338910,Zm00001eb338910:0.00283224,SORBI_3003G013000,SORBI_3003G013000:0.00183456,NA,NA,NA,NA,NA,NA
75433at38820,2,Zm00001eb088960,Zm00001eb088960:0.00391393,NA,NA,NA,NA,HORVU.MOREX.r3.2HG0096810,HORVU.MOREX.r3.2HG0096810:0.0019155,NA,NA
755594at33090,2,Zm00001eb212550,Zm00001eb212550:0.00123768,SORBI_3001G047800,SORBI_3001G047800:0.00103911,NA,NA,NA,NA,NA,NA
755843at33090,2,Zm00001eb033650,Zm00001eb033650:0.000389493,NA,NA,NA,NA,HORVU.MOREX.r3.3HG0303550,HORVU.MOREX.r3.3HG0303550:3.04589e-05,NA,NA
756565at2759,2,Zm00001eb043120,Zm00001eb043120:0.00343957,NA,NA,NA,NA,HORVU.MOREX.r3.3HG0315590,HORVU.MOREX.r3.3HG0315590:2.63334e-05,NA,NA
756565at33090,2,Zm00001eb043120,Zm00001eb043120:0.00343957,NA,NA,NA,NA,HORVU.MOREX.r3.3HG0315590,HORVU.MOREX.r3.3HG0315590:2.63334e-05,NA,NA
757322at2759,2,Zm00001eb406760,Zm00001eb406760:0.00274114,NA,NA,NA,NA,NA,NA,AT1G16880,AT1G16880:0.00104104
757322at33090,2,Zm00001eb406760,Zm00001eb406760:0.00274114,NA,NA,NA,NA,NA,NA,AT1G16880,AT1G16880:0.00104104
757669at33090,2,NA,NA,NA,NA,NA,NA,HORVU.MOREX.r3.2HG0097600,HORVU.MOREX.r3.2HG0097600:0.000878243,AT1G19270,AT1G19270:0.00107644
75833at38820,2,Zm00001eb278390,Zm00001eb278390:0.001908,SORBI_3010G070000,SORBI_3010G070000:0.00127045,NA,NA,NA,NA,NA,NA
758535at2759,2,Zm00001eb109800,Zm00001eb109800:0.00232368,SORBI_3002G383900,SORBI_3002G383900:6.1106e-05,NA,NA,NA,NA,NA,NA
758535at33090,2,Zm00001eb109800,Zm00001eb109800:0.00232368,SORBI_3002G383900,SORBI_3002G383900:6.1106e-05,NA,NA,NA,NA,NA,NA
758820at33090,2,NA,NA,SORBI_3001G358500,SORBI_3001G358500:0.000203508,NA,NA,NA,NA,AT1G02330,AT1G02330:0.000438646
758860at2759,2,Zm00001eb393120,Zm00001eb393120:1.33779e-06,NA,NA,NA,NA,NA,NA,AT2G03680,AT2G03680:7.52489e-05
759195at2759,2,NA,NA,NA,NA,NA,NA,HORVU.MOREX.r3.6HG0539990,HORVU.MOREX.r3.6HG0539990:0.00181757,AT5G07840,AT5G07840:0.000894863
759195at33090,2,NA,NA,NA,NA,NA,NA,HORVU.MOREX.r3.6HG0539990,HORVU.MOREX.r3.6HG0539990:0.00181757,AT5G07840,AT5G07840:0.000894863
759637at2759,2,Zm00001eb117430;Zm00001eb300320,Zm00001eb117430:0.00297021;Zm00001eb300320:0.000810019,NA,NA,NA,NA,NA,NA,AT3G11780,AT3G11780:0.0016411
759637at33090,2,Zm00001eb117430;Zm00001eb300320,Zm00001eb117430:0.00297021;Zm00001eb300320:0.000810019,NA,NA,NA,NA,NA,NA,AT3G11780,AT3G11780:0.0016411
759640at33090,2,Zm00001eb398470,Zm00001eb398470:0.000362047,NA,NA,NA,NA,HORVU.MOREX.r3.4HG0391290,HORVU.MOREX.r3.4HG0391290:0.000838685,NA,NA
760392at2759,2,Zm00001eb119990;Zm00001eb271090,Zm00001eb119990:0.000328875;Zm00001eb271090:0.000696611,NA,NA,NA,NA,NA,NA,AT2G38180,AT2G38180:0.00134363
760392at33090,2,Zm00001eb119990;Zm00001eb271090,Zm00001eb119990:0.000328875;Zm00001eb271090:0.000696611,NA,NA,NA,NA,NA,NA,AT2G38180,AT2G38180:0.00134363
76094at38820,2,Zm00001eb327350,Zm00001eb327350:0.00223478,NA,NA,NA,NA,HORVU.MOREX.r3.2HG0125840,HORVU.MOREX.r3.2HG0125840:0.00184965,NA,NA
76094at4447,2,Zm00001eb327350,Zm00001eb327350:0.00223478,NA,NA,NA,NA,HORVU.MOREX.r3.2HG0125840,HORVU.MOREX.r3.2HG0125840:0.00184965,NA,NA
761487at33090,2,NA,NA,SORBI_3001G440000,SORBI_3001G440000:0.000270746,NA,NA,NA,NA,AT5G64813,AT5G64813:0.000257965
761578at33090,2,Zm00001eb126310,Zm00001eb126310:0.00127424,NA,NA,NA,NA,HORVU.MOREX.r3.3HG0219220,HORVU.MOREX.r3.3HG0219220:0.00356084,NA,NA
761601at2759,2,Zm00001eb427100,Zm00001eb427100:0.00239699,NA,NA,NA,NA,NA,NA,AT1G52530,AT1G52530:0.000329697
761601at33090,2,Zm00001eb427100,Zm00001eb427100:0.00239699,NA,NA,NA,NA,NA,NA,AT1G52530,AT1G52530:0.000329697
761736at2759,2,Zm00001eb079180;Zm00001eb261530,Zm00001eb079180:0.00260588;Zm00001eb261530:0.000381143,NA,NA,NA,NA,NA,NA,AT1G67600,AT1G67600:0.00159391
761736at33090,2,Zm00001eb079180;Zm00001eb261530,Zm00001eb079180:0.00260588;Zm00001eb261530:0.000381143,NA,NA,NA,NA,NA,NA,AT1G67600,AT1G67600:0.00159391
761894at33090,2,Zm00001eb300740,Zm00001eb300740:0.000999375,NA,NA,NA,NA,HORVU.MOREX.r3.1HG0052290,HORVU.MOREX.r3.1HG0052290:2.03898e-05,NA,NA
762456at2759,2,Zm00001eb166540,Zm00001eb166540:0.00036652,NA,NA,NA,NA,NA,NA,AT2G06255,AT2G06255:0.0017829
762456at33090,2,Zm00001eb166540,Zm00001eb166540:0.00036652,NA,NA,NA,NA,NA,NA,AT2G06255,AT2G06255:0.0017829
762510at2759,2,Zm00001eb007610,Zm00001eb007610:0.00257459,NA,NA,NA,NA,HORVU.MOREX.r3.1HG0078650,HORVU.MOREX.r3.1HG0078650:0.00100067,NA,NA
762510at33090,2,Zm00001eb007610,Zm00001eb007610:0.00257459,NA,NA,NA,NA,HORVU.MOREX.r3.1HG0078650,HORVU.MOREX.r3.1HG0078650:0.00100067,NA,NA
764414at2759,2,NA,NA,SORBI_3001G196000,SORBI_3001G196000:0.000269944,NA,NA,NA,NA,AT4G39050,AT4G39050:0.00232537
764414at33090,2,NA,NA,SORBI_3001G196000,SORBI_3001G196000:0.000269944,NA,NA,NA,NA,AT4G39050,AT4G39050:0.00232537
76462at2759,2,Zm00001eb295770;Zm00001eb343630,Zm00001eb295770:0.000363103;Zm00001eb343630:0.00358914,NA,NA,NA,NA,NA,NA,AT3G08910,AT3G08910:0.00145422
765749at2759,2,Zm00001eb251050,Zm00001eb251050:0.000423493,NA,NA,NA,NA,HORVU.MOREX.r3.2HG0126900,HORVU.MOREX.r3.2HG0126900:0.00119724,NA,NA
765749at33090,2,Zm00001eb251050,Zm00001eb251050:0.000423493,NA,NA,NA,NA,HORVU.MOREX.r3.2HG0126900,HORVU.MOREX.r3.2HG0126900:0.00119724,NA,NA
766495at33090,2,NA,NA,SORBI_3004G079200,SORBI_3004G079200:0.000917595,NA,NA,NA,NA,AT5G06910,AT5G06910:0.000670694
76712at38820,2,Zm00001eb253540;Zm00001eb380200,Zm00001eb253540:0.00206215;Zm00001eb380200:0.00251653,NA,NA,NA,NA,HORVU.MOREX.r3.6HG0612110,HORVU.MOREX.r3.6HG0612110:0.000862374,NA,NA
77114at4447,2,Zm00001eb316590,Zm00001eb316590:0.000764787,NA,NA,LOC_Os09g04860,LOC_Os09g04860:6.69234e-06,NA,NA,NA,NA
77274at38820,2,Zm00001eb377400,Zm00001eb377400:0.00155716,NA,NA,NA,NA,HORVU.MOREX.r3.7HG0649480,HORVU.MOREX.r3.7HG0649480:0.00205916,NA,NA
77274at4447,2,Zm00001eb377400,Zm00001eb377400:0.00155716,NA,NA,NA,NA,HORVU.MOREX.r3.7HG0649480,HORVU.MOREX.r3.7HG0649480:0.00205916,NA,NA
774089at33090,2,Zm00001eb272480,Zm00001eb272480:0.00170721,SORBI_3003G379600,SORBI_3003G379600:0.000785085,NA,NA,NA,NA,NA,NA
776979at33090,2,Zm00001eb026440;Zm00001eb040100;Zm00001eb303120,Zm00001eb026440:0.00346875;Zm00001eb040100:0.000587721;Zm00001eb303120:0.000353691,SORBI_3006G278300,SORBI_3006G278300:0.000548905,NA,NA,NA,NA,NA,NA
77729at4447,2,Zm00001eb117350,Zm00001eb117350:0.00261132,SORBI_3001G063400,SORBI_3001G063400:0.00135813,NA,NA,NA,NA,NA,NA
77857at38820,2,NA,NA,SORBI_3005G080200,SORBI_3005G080200:0.00141037,NA,NA,HORVU.MOREX.r3.4HG0343710,HORVU.MOREX.r3.4HG0343710:0.00101216,NA,NA
77857at4447,2,NA,NA,SORBI_3005G080200,SORBI_3005G080200:0.00141037,NA,NA,HORVU.MOREX.r3.4HG0343710,HORVU.MOREX.r3.4HG0343710:0.00101216,NA,NA
78251at38820,2,Zm00001eb062570,Zm00001eb062570:0.00183692,NA,NA,NA,NA,HORVU.MOREX.r3.5HG0526110,HORVU.MOREX.r3.5HG0526110:7.15739e-06,NA,NA
78251at4447,2,Zm00001eb062570,Zm00001eb062570:0.00183692,NA,NA,NA,NA,HORVU.MOREX.r3.5HG0526110,HORVU.MOREX.r3.5HG0526110:7.15739e-06,NA,NA
783121at33090,2,NA,NA,SORBI_3006G119200,SORBI_3006G119200:0.000569609,NA,NA,NA,NA,AT2G42490,AT2G42490:3.57009e-07
783281at2759,2,NA,NA,SORBI_3002G178900,SORBI_3002G178900:0.00169706,NA,NA,HORVU.MOREX.r3.1HG0084770,HORVU.MOREX.r3.1HG0084770:0.00359144,NA,NA
783281at33090,2,NA,NA,SORBI_3002G178900,SORBI_3002G178900:0.00169706,NA,NA,HORVU.MOREX.r3.1HG0084770,HORVU.MOREX.r3.1HG0084770:0.00359144,NA,NA
783299at2759,2,NA,NA,SORBI_3006G008700,SORBI_3006G008700:0.00194755,NA,NA,NA,NA,AT4G39940,AT4G39940:0.000971369
783301at33090,2,NA,NA,NA,NA,NA,NA,HORVU.MOREX.r3.3HG0228030,HORVU.MOREX.r3.3HG0228030:0.00150455,AT2G42590,AT2G42590:0.000122758
783636at2759,2,Zm00001eb146750,Zm00001eb146750:0.000699217,SORBI_3003G367500;SORBI_3010G219700,SORBI_3003G367500:0.00136049;SORBI_3010G219700:0.00178924,NA,NA,NA,NA,NA,NA
783636at33090,2,Zm00001eb146750,Zm00001eb146750:0.000699217,SORBI_3003G367500;SORBI_3010G219700,SORBI_3003G367500:0.00136049;SORBI_3010G219700:0.00178924,NA,NA,NA,NA,NA,NA
783656at33090,2,NA,NA,SORBI_3002G383800,SORBI_3002G383800:6.1106e-05,NA,NA,NA,NA,AT4G39520,AT4G39520:0.00293963
783683at33090,2,Zm00001eb278610,Zm00001eb278610:0.000129571,NA,NA,NA,NA,NA,NA,AT2G05220,AT2G05220:0.000516933
783922at33090,2,Zm00001eb255600,Zm00001eb255600:0.000393047,NA,NA,NA,NA,NA,NA,AT5G64350,AT5G64350:0.00111246
784215at33090,2,Zm00001eb142190,Zm00001eb142190:0.00143303,NA,NA,NA,NA,HORVU.MOREX.r3.1HG0093030,HORVU.MOREX.r3.1HG0093030:0.000336003,NA,NA
784495at33090,2,Zm00001eb400820,Zm00001eb400820:0.00217287,NA,NA,LOC_Os02g02870,LOC_Os02g02870:0.000135855,NA,NA,NA,NA
784521at2759,2,Zm00001eb065160,Zm00001eb065160:0.00356044,NA,NA,NA,NA,HORVU.MOREX.r3.5HG0537290,HORVU.MOREX.r3.5HG0537290:0.00290128,NA,NA
784521at33090,2,Zm00001eb065160,Zm00001eb065160:0.00356044,NA,NA,NA,NA,HORVU.MOREX.r3.5HG0537290,HORVU.MOREX.r3.5HG0537290:0.00290128,NA,NA
784720at33090,2,NA,NA,SORBI_3007G088000,SORBI_3007G088000:3.97054e-07,NA,NA,HORVU.MOREX.r3.2HG0203360,HORVU.MOREX.r3.2HG0203360:0.00159706,NA,NA
784723at33090,2,Zm00001eb293300,Zm00001eb293300:0.000572861,NA,NA,NA,NA,HORVU.MOREX.r3.7HG0738360,HORVU.MOREX.r3.7HG0738360:0.00350218,NA,NA
784764at33090,2,Zm00001eb393130,Zm00001eb393130:1.33779e-06,NA,NA,NA,NA,HORVU.MOREX.r3.5HG0490030,HORVU.MOREX.r3.5HG0490030:0.00186889,NA,NA
784921at2759,2,Zm00001eb067700;Zm00001eb206840;Zm00001eb414550,Zm00001eb067700:0.00196135;Zm00001eb206840:0.000326004;Zm00001eb414550:0.00293242,NA,NA,NA,NA,NA,NA,AT5G57330,AT5G57330:0.00214458
785333at33090,2,Zm00001eb060050,Zm00001eb060050:0.000993227,NA,NA,NA,NA,NA,NA,AT3G44110;AT5G22060,AT3G44110:0.000105607;AT5G22060:0.002026
785761at33090,2,Zm00001eb148690;Zm00001eb368150,Zm00001eb148690:0.000347263;Zm00001eb368150:0.000494784,SORBI_3009G165500,SORBI_3009G165500:0.000466066,NA,NA,NA,NA,NA,NA
786990at33090,2,Zm00001eb254090,Zm00001eb254090:0.00212019,NA,NA,NA,NA,NA,NA,AT4G04180,AT4G04180:0.00311854
787122at33090,2,Zm00001eb252170,Zm00001eb252170:0.00113169,NA,NA,NA,NA,NA,NA,AT2G18330,AT2G18330:0.00247173
787328at2759,2,Zm00001eb399680,Zm00001eb399680:0.000217132,NA,NA,NA,NA,NA,NA,AT2G01110,AT2G01110:0.00204229
787328at33090,2,Zm00001eb399680,Zm00001eb399680:0.000217132,NA,NA,NA,NA,NA,NA,AT2G01110,AT2G01110:0.00204229
787734at2759,2,Zm00001eb243320,Zm00001eb243320:0.00370218,SORBI_3001G040300,SORBI_3001G040300:4.29495e-05,NA,NA,NA,NA,NA,NA
787734at33090,2,Zm00001eb243320,Zm00001eb243320:0.00370218,SORBI_3001G040300,SORBI_3001G040300:4.29495e-05,NA,NA,NA,NA,NA,NA
788483at2759,2,Zm00001eb433870,Zm00001eb433870:0.00196746,SORBI_3005G034000,SORBI_3005G034000:0.000134383,NA,NA,NA,NA,NA,NA
788483at33090,2,Zm00001eb433870,Zm00001eb433870:0.00196746,SORBI_3005G034000,SORBI_3005G034000:0.000134383,NA,NA,NA,NA,NA,NA
788495at2759,2,Zm00001eb186860;Zm00001eb211660;Zm00001eb402260,Zm00001eb186860:0.00019248;Zm00001eb211660:0.000894686;Zm00001eb402260:0.00226433,NA,NA,NA,NA,HORVU.MOREX.r3.1HG0005040,HORVU.MOREX.r3.1HG0005040:0.000397037,NA,NA
788611at33090,2,Zm00001eb035680,Zm00001eb035680:0.00136143,NA,NA,LOC_Os09g04970,LOC_Os09g04970:2.59764e-05,NA,NA,NA,NA
788776at33090,2,NA,NA,NA,NA,NA,NA,HORVU.MOREX.r3.4HG0384700,HORVU.MOREX.r3.4HG0384700:0.00342117,AT4G28400,AT4G28400:0.00127251
788938at2759,2,Zm00001eb111350,Zm00001eb111350:0.00383193,NA,NA,NA,NA,NA,NA,AT5G27760,AT5G27760:0.00257753
788938at33090,2,Zm00001eb111350,Zm00001eb111350:0.00383193,NA,NA,NA,NA,NA,NA,AT5G27760,AT5G27760:0.00257753
789025at33090,2,Zm00001eb017290;Zm00001eb110730,Zm00001eb017290:0.00223358;Zm00001eb110730:0.00382421,NA,NA,NA,NA,HORVU.MOREX.r3.7HG0752890,HORVU.MOREX.r3.7HG0752890:0.00142423,NA,NA
789536at33090,2,Zm00001eb066150;Zm00001eb433770,Zm00001eb066150:0.000843678;Zm00001eb433770:0.000169575,SORBI_3001G207400,SORBI_3001G207400:0.00150759,NA,NA,NA,NA,NA,NA
790989at2759,2,Zm00001eb116340;Zm00001eb173170;Zm00001eb212660;Zm00001eb372330,Zm00001eb116340:0.00340472;Zm00001eb173170:0.00182916;Zm00001eb212660:7.41596e-05;Zm00001eb372330:0.00303976,NA,NA,NA,NA,HORVU.MOREX.r3.6HG0597670,HORVU.MOREX.r3.6HG0597670:0.0011767,NA,NA
790989at33090,2,Zm00001eb116340;Zm00001eb173170;Zm00001eb212660;Zm00001eb372330,Zm00001eb116340:0.00340472;Zm00001eb173170:0.00182916;Zm00001eb212660:7.41596e-05;Zm00001eb372330:0.00303976,NA,NA,NA,NA,HORVU.MOREX.r3.6HG0597670,HORVU.MOREX.r3.6HG0597670:0.0011767,NA,NA
791058at33090,2,NA,NA,NA,NA,NA,NA,HORVU.MOREX.r3.6HG0585920,HORVU.MOREX.r3.6HG0585920:0.00214078,AT3G26670,AT3G26670:0.00295907
791916at33090,2,Zm00001eb406890,Zm00001eb406890:0.0022312,NA,NA,NA,NA,NA,NA,AT2G25100,AT2G25100:0.00279711
791935at2759,2,NA,NA,SORBI_3003G295000,SORBI_3003G295000:0.000977554,NA,NA,HORVU.MOREX.r3.1HG0077210,HORVU.MOREX.r3.1HG0077210:0.000296742,NA,NA
791935at33090,2,NA,NA,SORBI_3003G295000,SORBI_3003G295000:0.000977554,NA,NA,HORVU.MOREX.r3.1HG0077210,HORVU.MOREX.r3.1HG0077210:0.000296742,NA,NA
791937at2759,2,Zm00001eb373090,Zm00001eb373090:0.00134455,SORBI_3010G083700,SORBI_3010G083700:0.00191596,NA,NA,NA,NA,NA,NA
791937at33090,2,Zm00001eb373090,Zm00001eb373090:0.00134455,SORBI_3010G083700,SORBI_3010G083700:0.00191596,NA,NA,NA,NA,NA,NA
792254at2759,2,Zm00001eb056190,Zm00001eb056190:0.0038433,NA,NA,NA,NA,NA,NA,AT1G10280,AT1G10280:0.00171362
792254at33090,2,Zm00001eb056190,Zm00001eb056190:0.0038433,NA,NA,NA,NA,NA,NA,AT1G10280,AT1G10280:0.00171362
792599at33090,2,Zm00001eb240940,Zm00001eb240940:0.000305823,NA,NA,LOC_Os11g01090,LOC_Os11g01090:0.000429155,NA,NA,NA,NA
793804at2759,2,Zm00001eb377420,Zm00001eb377420:0.00343322,NA,NA,NA,NA,HORVU.MOREX.r3.7HG0649960,HORVU.MOREX.r3.7HG0649960:0.00319526,NA,NA
794108at2759,2,Zm00001eb291310,Zm00001eb291310:0.000612662,SORBI_3003G330900,SORBI_3003G330900:0.00039433,NA,NA,NA,NA,NA,NA
794108at33090,2,Zm00001eb291310,Zm00001eb291310:0.000612662,SORBI_3003G330900,SORBI_3003G330900:0.00039433,NA,NA,NA,NA,NA,NA
794782at2759,2,NA,NA,SORBI_3002G336200;SORBI_3002G336600;SORBI_3002G337100,SORBI_3002G336200:0.000943513;SORBI_3002G336600:0.000943513;SORBI_3002G337100:0.000943513,NA,NA,NA,NA,AT3G09990,AT3G09990:0.00171133
794782at33090,2,NA,NA,SORBI_3002G336200;SORBI_3002G336600;SORBI_3002G337100,SORBI_3002G336200:0.000943513;SORBI_3002G336600:0.000943513;SORBI_3002G337100:0.000943513,NA,NA,NA,NA,AT3G09990,AT3G09990:0.00171133
79495at4447,2,Zm00001eb088960,Zm00001eb088960:0.00391393,NA,NA,NA,NA,HORVU.MOREX.r3.2HG0096810,HORVU.MOREX.r3.2HG0096810:0.0019155,NA,NA
795052at2759,2,Zm00001eb271200,Zm00001eb271200:0.00262244,NA,NA,NA,NA,HORVU.MOREX.r3.7HG0653690,HORVU.MOREX.r3.7HG0653690:0.00273755,NA,NA
795052at33090,2,Zm00001eb271200,Zm00001eb271200:0.00262244,NA,NA,NA,NA,HORVU.MOREX.r3.7HG0653690,HORVU.MOREX.r3.7HG0653690:0.00273755,NA,NA
795067at2759,2,NA,NA,NA,NA,LOC_Os01g09590,LOC_Os01g09590:0.000229401,NA,NA,AT1G79100,AT1G79100:4.86056e-05
795067at33090,2,NA,NA,NA,NA,LOC_Os01g09590,LOC_Os01g09590:0.000229401,NA,NA,AT1G79100,AT1G79100:4.86056e-05
79511at38820,2,NA,NA,SORBI_3002G178900,SORBI_3002G178900:0.00169706,NA,NA,HORVU.MOREX.r3.1HG0084770,HORVU.MOREX.r3.1HG0084770:0.00359144,NA,NA
79511at4447,2,NA,NA,SORBI_3002G178900,SORBI_3002G178900:0.00169706,NA,NA,HORVU.MOREX.r3.1HG0084770,HORVU.MOREX.r3.1HG0084770:0.00359144,NA,NA
796803at2759,2,Zm00001eb084430;Zm00001eb363610,Zm00001eb084430:0.00214698;Zm00001eb363610:0.00188646,NA,NA,NA,NA,NA,NA,AT5G27730,AT5G27730:0.00257753
796803at33090,2,Zm00001eb084430;Zm00001eb363610,Zm00001eb084430:0.00214698;Zm00001eb363610:0.00188646,NA,NA,NA,NA,NA,NA,AT5G27730,AT5G27730:0.00257753
800730at2759,2,Zm00001eb034260,Zm00001eb034260:0.000222662,NA,NA,NA,NA,NA,NA,AT2G13360,AT2G13360:3.81612e-05
800996at33090,2,NA,NA,SORBI_3009G193400,SORBI_3009G193400:0.00152378,NA,NA,NA,NA,AT1G30640;AT5G09890,AT1G30640:0.00319254;AT5G09890:0.00227337
801274at33090,2,Zm00001eb404860,Zm00001eb404860:0.00342847,SORBI_3005G004400,SORBI_3005G004400:0.00151997,NA,NA,NA,NA,NA,NA
801606at2759,2,Zm00001eb232020,Zm00001eb232020:0.00302525,NA,NA,NA,NA,HORVU.MOREX.r3.6HG0557080,HORVU.MOREX.r3.6HG0557080:0.00141555,NA,NA
801606at33090,2,Zm00001eb232020,Zm00001eb232020:0.00302525,NA,NA,NA,NA,HORVU.MOREX.r3.6HG0557080,HORVU.MOREX.r3.6HG0557080:0.00141555,NA,NA
802095at33090,2,Zm00001eb421360,Zm00001eb421360:0.000651305,SORBI_3006G058100,SORBI_3006G058100:0.000199979,NA,NA,NA,NA,NA,NA
802609at33090,2,Zm00001eb012270;Zm00001eb054100,Zm00001eb012270:0.000736099;Zm00001eb054100:0.000229601,NA,NA,NA,NA,HORVU.MOREX.r3.4HG0335910,HORVU.MOREX.r3.4HG0335910:5.23093e-06,NA,NA
802624at2759,2,Zm00001eb252310,Zm00001eb252310:0.0016349,NA,NA,NA,NA,NA,NA,AT5G40310,AT5G40310:0.00127332
802624at33090,2,Zm00001eb252310,Zm00001eb252310:0.0016349,NA,NA,NA,NA,NA,NA,AT5G40310,AT5G40310:0.00127332
80264at38820,2,Zm00001eb210550,Zm00001eb210550:0.0038887,NA,NA,NA,NA,HORVU.MOREX.r3.5HG0536110,HORVU.MOREX.r3.5HG0536110:0.00195742,NA,NA
80264at4447,2,Zm00001eb210550,Zm00001eb210550:0.0038887,NA,NA,NA,NA,HORVU.MOREX.r3.5HG0536110,HORVU.MOREX.r3.5HG0536110:0.00195742,NA,NA
803066at33090,2,Zm00001eb071300,Zm00001eb071300:0.00309886,NA,NA,NA,NA,NA,NA,AT2G32730,AT2G32730:0.00181213
80332at38820,2,NA,NA,SORBI_3002G214200,SORBI_3002G214200:6.82208e-05,LOC_Os09g04380,LOC_Os09g04380:2.59673e-05,NA,NA,NA,NA
80332at4447,2,NA,NA,SORBI_3002G214200,SORBI_3002G214200:6.82208e-05,LOC_Os09g04380,LOC_Os09g04380:2.59673e-05,NA,NA,NA,NA
804058at33090,2,NA,NA,SORBI_3003G077300,SORBI_3003G077300:0.000806408,NA,NA,HORVU.MOREX.r3.3HG0228010,HORVU.MOREX.r3.3HG0228010:0.00150455,NA,NA
804345at33090,2,Zm00001eb238610,Zm00001eb238610:0.00375125,NA,NA,NA,NA,HORVU.MOREX.r3.3HG0240560,HORVU.MOREX.r3.3HG0240560:0.0009132,NA,NA
804472at2759,2,Zm00001eb088960,Zm00001eb088960:0.00391393,NA,NA,NA,NA,HORVU.MOREX.r3.2HG0096810,HORVU.MOREX.r3.2HG0096810:0.0019155,NA,NA
804472at33090,2,Zm00001eb088960,Zm00001eb088960:0.00391393,NA,NA,NA,NA,HORVU.MOREX.r3.2HG0096810,HORVU.MOREX.r3.2HG0096810:0.0019155,NA,NA
804879at33090,2,Zm00001eb119790,Zm00001eb119790:0.00114045,SORBI_3003G015900,SORBI_3003G015900:0.00157666,NA,NA,NA,NA,NA,NA
80555at4447,2,NA,NA,SORBI_3009G248600,SORBI_3009G248600:0.00164308,NA,NA,HORVU.MOREX.r3.1HG0092820,HORVU.MOREX.r3.1HG0092820:0.000473093,NA,NA
806147at33090,2,Zm00001eb190340,Zm00001eb190340:0.000779789,SORBI_3004G247000,SORBI_3004G247000:0.00188616,NA,NA,NA,NA,NA,NA
806718at33090,2,Zm00001eb077900,Zm00001eb077900:0.000400393,NA,NA,NA,NA,NA,NA,AT2G20190,AT2G20190:0.00174856
807753at2759,2,Zm00001eb406890,Zm00001eb406890:0.0022312,NA,NA,NA,NA,NA,NA,AT2G25100,AT2G25100:0.00279711
809680at2759,2,Zm00001eb192470,Zm00001eb192470:0.00153837,SORBI_3001G042500,SORBI_3001G042500:0.000576161,NA,NA,NA,NA,NA,NA
809680at33090,2,Zm00001eb192470,Zm00001eb192470:0.00153837,SORBI_3001G042500,SORBI_3001G042500:0.000576161,NA,NA,NA,NA,NA,NA
809704at2759,2,Zm00001eb050080,Zm00001eb050080:0.00353258,SORBI_3001G084100,SORBI_3001G084100:0.000755441,NA,NA,NA,NA,NA,NA
81209at38820,2,Zm00001eb414780,Zm00001eb414780:0.00380882,SORBI_3007G059700,SORBI_3007G059700:0.00134278,NA,NA,NA,NA,NA,NA
81209at4447,2,Zm00001eb414780,Zm00001eb414780:0.00380882,SORBI_3007G059700,SORBI_3007G059700:0.00134278,NA,NA,NA,NA,NA,NA
81292at2759,2,Zm00001eb066110;Zm00001eb408270;Zm00001eb433820,Zm00001eb066110:0.000843678;Zm00001eb408270:0.00283296;Zm00001eb433820:0.00196746,NA,NA,NA,NA,HORVU.MOREX.r3.2HG0209640,HORVU.MOREX.r3.2HG0209640:0.00251274,NA,NA
81292at3193,2,Zm00001eb066110;Zm00001eb408270;Zm00001eb433820,Zm00001eb066110:0.000843678;Zm00001eb408270:0.00283296;Zm00001eb433820:0.00196746,NA,NA,NA,NA,HORVU.MOREX.r3.2HG0209640,HORVU.MOREX.r3.2HG0209640:0.00251274,NA,NA
81292at33090,2,Zm00001eb066110;Zm00001eb408270;Zm00001eb433820,Zm00001eb066110:0.000843678;Zm00001eb408270:0.00283296;Zm00001eb433820:0.00196746,NA,NA,NA,NA,HORVU.MOREX.r3.2HG0209640,HORVU.MOREX.r3.2HG0209640:0.00251274,NA,NA
820515at2759,2,NA,NA,SORBI_3006G119200,SORBI_3006G119200:0.000569609,NA,NA,NA,NA,AT2G42490,AT2G42490:3.57009e-07
8235at3193,2,Zm00001eb012060,Zm00001eb012060:0.00333826,NA,NA,NA,NA,HORVU.MOREX.r3.4HG0388950,HORVU.MOREX.r3.4HG0388950:0.0019374,NA,NA
82506at4447,2,NA,NA,SORBI_3001G402200,SORBI_3001G402200:0.000778448,NA,NA,HORVU.MOREX.r3.2HG0109140;HORVU.MOREX.r3.2HG0109150,HORVU.MOREX.r3.2HG0109140:0.00284499;HORVU.MOREX.r3.2HG0109150:0.00284499,NA,NA
85325at38820,2,Zm00001eb398470,Zm00001eb398470:0.000362047,NA,NA,NA,NA,HORVU.MOREX.r3.4HG0391290,HORVU.MOREX.r3.4HG0391290:0.000838685,NA,NA
85325at4447,2,Zm00001eb398470,Zm00001eb398470:0.000362047,NA,NA,NA,NA,HORVU.MOREX.r3.4HG0391290,HORVU.MOREX.r3.4HG0391290:0.000838685,NA,NA
85437at38820,2,Zm00001eb322690,Zm00001eb322690:0.000640168,NA,NA,NA,NA,HORVU.MOREX.r3.1HG0008310,HORVU.MOREX.r3.1HG0008310:0.00197217,NA,NA
85437at4447,2,Zm00001eb322690,Zm00001eb322690:0.000640168,NA,NA,NA,NA,HORVU.MOREX.r3.1HG0008310,HORVU.MOREX.r3.1HG0008310:0.00197217,NA,NA
86168at38820,2,Zm00001eb056050,Zm00001eb056050:0.00235353,SORBI_3001G104500,SORBI_3001G104500:0.000450254,NA,NA,NA,NA,NA,NA
86168at4447,2,Zm00001eb056050,Zm00001eb056050:0.00235353,SORBI_3001G104500,SORBI_3001G104500:0.000450254,NA,NA,NA,NA,NA,NA
86532at38820,2,Zm00001eb315430,Zm00001eb315430:0.00218116,SORBI_3002G230900,SORBI_3002G230900:0.00164024,NA,NA,NA,NA,NA,NA
86532at4447,2,Zm00001eb315430,Zm00001eb315430:0.00218116,SORBI_3002G230900,SORBI_3002G230900:0.00164024,NA,NA,NA,NA,NA,NA
86767at38820,2,Zm00001eb062460,Zm00001eb062460:0.000846343,NA,NA,NA,NA,HORVU.MOREX.r3.5HG0525620,HORVU.MOREX.r3.5HG0525620:0.0035111,NA,NA
86767at4447,2,Zm00001eb062460,Zm00001eb062460:0.000846343,NA,NA,NA,NA,HORVU.MOREX.r3.5HG0525620,HORVU.MOREX.r3.5HG0525620:0.0035111,NA,NA
87280at2759,2,NA,NA,NA,NA,NA,NA,HORVU.MOREX.r3.2HG0213820,HORVU.MOREX.r3.2HG0213820:0.00131229,AT5G06320,AT5G06320:0.000178131
87280at3193,2,NA,NA,NA,NA,NA,NA,HORVU.MOREX.r3.2HG0213820,HORVU.MOREX.r3.2HG0213820:0.00131229,AT5G06320,AT5G06320:0.000178131
87280at33090,2,NA,NA,NA,NA,NA,NA,HORVU.MOREX.r3.2HG0213820,HORVU.MOREX.r3.2HG0213820:0.00131229,AT5G06320,AT5G06320:0.000178131
87489at33090,2,Zm00001eb103570,Zm00001eb103570:0.00241031,NA,NA,NA,NA,HORVU.MOREX.r3.1HG0079200,HORVU.MOREX.r3.1HG0079200:0.0025694,NA,NA
87523at38820,2,Zm00001eb400040,Zm00001eb400040:0.000145092,NA,NA,NA,NA,HORVU.MOREX.r3.4HG0396170,HORVU.MOREX.r3.4HG0396170:0.00152654,NA,NA
87523at4447,2,Zm00001eb400040,Zm00001eb400040:0.000145092,NA,NA,NA,NA,HORVU.MOREX.r3.4HG0396170,HORVU.MOREX.r3.4HG0396170:0.00152654,NA,NA
88158at2759,2,Zm00001eb080260,Zm00001eb080260:0.00306796,SORBI_3001G399200,SORBI_3001G399200:0.0010307,NA,NA,NA,NA,NA,NA
88158at33090,2,Zm00001eb080260,Zm00001eb080260:0.00306796,SORBI_3001G399200,SORBI_3001G399200:0.0010307,NA,NA,NA,NA,NA,NA
88404at38820,2,NA,NA,SORBI_3001G357900,SORBI_3001G357900:0.000229195,NA,NA,HORVU.MOREX.r3.6HG0546550,HORVU.MOREX.r3.6HG0546550:0.00167495,NA,NA
88404at4447,2,NA,NA,SORBI_3001G357900,SORBI_3001G357900:0.000229195,NA,NA,HORVU.MOREX.r3.6HG0546550,HORVU.MOREX.r3.6HG0546550:0.00167495,NA,NA
88632at4447,2,Zm00001eb396110;Zm00001eb396120,Zm00001eb396110:0.00392146;Zm00001eb396120:0.00392146,NA,NA,NA,NA,HORVU.MOREX.r3.2HG0110000,HORVU.MOREX.r3.2HG0110000:0.000109353,NA,NA
89026at38820,2,Zm00001eb053230,Zm00001eb053230:0.00169524,NA,NA,NA,NA,HORVU.MOREX.r3.4HG0334850,HORVU.MOREX.r3.4HG0334850:0.00171162,NA,NA
89026at4447,2,Zm00001eb053230,Zm00001eb053230:0.00169524,NA,NA,NA,NA,HORVU.MOREX.r3.4HG0334850,HORVU.MOREX.r3.4HG0334850:0.00171162,NA,NA
89102at38820,2,Zm00001eb326020,Zm00001eb326020:0.00305984,SORBI_3001G327900,SORBI_3001G327900:0.0017545,NA,NA,NA,NA,NA,NA
89102at4447,2,Zm00001eb326020,Zm00001eb326020:0.00305984,SORBI_3001G327900,SORBI_3001G327900:0.0017545,NA,NA,NA,NA,NA,NA
89120at38820,2,Zm00001eb062140,Zm00001eb062140:0.00338549,SORBI_3001G041400,SORBI_3001G041400:0.000337533,NA,NA,NA,NA,NA,NA
89120at4447,2,Zm00001eb062140,Zm00001eb062140:0.00338549,SORBI_3001G041400,SORBI_3001G041400:0.000337533,NA,NA,NA,NA,NA,NA
89228at38820,2,Zm00001eb101100,Zm00001eb101100:0.000110001,SORBI_3002G230800,SORBI_3002G230800:0.00164024,NA,NA,NA,NA,NA,NA
89228at4447,2,Zm00001eb101100,Zm00001eb101100:0.000110001,SORBI_3002G230800,SORBI_3002G230800:0.00164024,NA,NA,NA,NA,NA,NA
89242at38820,2,Zm00001eb051830,Zm00001eb051830:0.000960793,NA,NA,NA,NA,HORVU.MOREX.r3.4HG0334450,HORVU.MOREX.r3.4HG0334450:0.00191175,NA,NA
89242at4447,2,Zm00001eb051830,Zm00001eb051830:0.000960793,NA,NA,NA,NA,HORVU.MOREX.r3.4HG0334450,HORVU.MOREX.r3.4HG0334450:0.00191175,NA,NA
89856at38820,2,Zm00001eb067840;Zm00001eb067850;Zm00001eb067870,Zm00001eb067840:0.00143335;Zm00001eb067850:0.00143335;Zm00001eb067870:0.00143335,NA,NA,LOC_Os07g01200,LOC_Os07g01200:6.47477e-05,NA,NA,NA,NA
89931at38820,2,Zm00001eb266760,Zm00001eb266760:0.00230568,NA,NA,NA,NA,HORVU.MOREX.r3.1HG0005790,HORVU.MOREX.r3.1HG0005790:1.07551e-05,NA,NA
89931at4447,2,Zm00001eb266760,Zm00001eb266760:0.00230568,NA,NA,NA,NA,HORVU.MOREX.r3.1HG0005790,HORVU.MOREX.r3.1HG0005790:1.07551e-05,NA,NA
91091at4447,2,Zm00001eb069460,Zm00001eb069460:0.00197314,SORBI_3006G228400,SORBI_3006G228400:0.00103633,NA,NA,NA,NA,NA,NA
91193at3193,2,Zm00001eb280690,Zm00001eb280690:0.001266,NA,NA,NA,NA,HORVU.MOREX.r3.7HG0669790,HORVU.MOREX.r3.7HG0669790:0.000509184,NA,NA
91560at38820,2,Zm00001eb290120;Zm00001eb351820,Zm00001eb290120:0.00230712;Zm00001eb351820:0.000606472,NA,NA,NA,NA,HORVU.MOREX.r3.3HG0303960,HORVU.MOREX.r3.3HG0303960:0.00102429,NA,NA
91560at4447,2,Zm00001eb290120;Zm00001eb351820,Zm00001eb290120:0.00230712;Zm00001eb351820:0.000606472,NA,NA,NA,NA,HORVU.MOREX.r3.3HG0303960,HORVU.MOREX.r3.3HG0303960:0.00102429,NA,NA
91695at38820,2,NA,NA,NA,NA,LOC_Os09g04820,LOC_Os09g04820:0.000309599,HORVU.MOREX.r3.5HG0489890,HORVU.MOREX.r3.5HG0489890:0.00307313,NA,NA
91695at4447,2,NA,NA,NA,NA,LOC_Os09g04820,LOC_Os09g04820:0.000309599,HORVU.MOREX.r3.5HG0489890,HORVU.MOREX.r3.5HG0489890:0.00307313,NA,NA
92594at38820,2,Zm00001eb258240,Zm00001eb258240:0.00185687,NA,NA,NA,NA,HORVU.MOREX.r3.6HG0627040,HORVU.MOREX.r3.6HG0627040:0.00212126,NA,NA
92594at4447,2,Zm00001eb258240,Zm00001eb258240:0.00185687,NA,NA,NA,NA,HORVU.MOREX.r3.6HG0627040,HORVU.MOREX.r3.6HG0627040:0.00212126,NA,NA
92802at38820,2,Zm00001eb170150,Zm00001eb170150:0.0031759,NA,NA,NA,NA,HORVU.MOREX.r3.1HG0010640,HORVU.MOREX.r3.1HG0010640:0.00299097,NA,NA
92802at4447,2,Zm00001eb170150,Zm00001eb170150:0.0031759,NA,NA,NA,NA,HORVU.MOREX.r3.1HG0010640,HORVU.MOREX.r3.1HG0010640:0.00299097,NA,NA
9306at4447,2,Zm00001eb050070,Zm00001eb050070:0.00353258,SORBI_3003G305200,SORBI_3003G305200:0.000734903,NA,NA,NA,NA,NA,NA
93070at38820,2,Zm00001eb101080;Zm00001eb315410,Zm00001eb101080:0.000110001;Zm00001eb315410:0.00323378,SORBI_3002G230500,SORBI_3002G230500:0.00164024,NA,NA,NA,NA,NA,NA
93070at4447,2,Zm00001eb101080;Zm00001eb315410,Zm00001eb101080:0.000110001;Zm00001eb315410:0.00323378,SORBI_3002G230500,SORBI_3002G230500:0.00164024,NA,NA,NA,NA,NA,NA
93158at2759,2,Zm00001eb407150,Zm00001eb407150:0.000903355,NA,NA,NA,NA,NA,NA,AT3G44220,AT3G44220:0.000883951
93158at3193,2,Zm00001eb407150,Zm00001eb407150:0.000903355,NA,NA,NA,NA,NA,NA,AT3G44220,AT3G44220:0.000883951
93158at33090,2,Zm00001eb407150,Zm00001eb407150:0.000903355,NA,NA,NA,NA,NA,NA,AT3G44220,AT3G44220:0.000883951
93159at38820,2,Zm00001eb373100,Zm00001eb373100:0.00134455,SORBI_3010G083600,SORBI_3010G083600:0.00191596,NA,NA,NA,NA,NA,NA
93159at4447,2,Zm00001eb373100,Zm00001eb373100:0.00134455,SORBI_3010G083600,SORBI_3010G083600:0.00191596,NA,NA,NA,NA,NA,NA
93462at4447,2,Zm00001eb124940,Zm00001eb124940:8.42664e-05,NA,NA,NA,NA,HORVU.MOREX.r3.3HG0226120;HORVU.MOREX.r3.3HG0226130,HORVU.MOREX.r3.3HG0226120:0.000417083;HORVU.MOREX.r3.3HG0226130:0.000417083,NA,NA
93974at38820,2,Zm00001eb405640,Zm00001eb405640:0.00300864,SORBI_3008G022400,SORBI_3008G022400:0.000490347,NA,NA,NA,NA,NA,NA
93974at4447,2,Zm00001eb405640,Zm00001eb405640:0.00300864,SORBI_3008G022400,SORBI_3008G022400:0.000490347,NA,NA,NA,NA,NA,NA
94409at2759,2,Zm00001eb211700,Zm00001eb211700:0.000894686,NA,NA,NA,NA,NA,NA,AT5G02460,AT5G02460:0.000152993
94409at3193,2,Zm00001eb211700,Zm00001eb211700:0.000894686,NA,NA,NA,NA,NA,NA,AT5G02460,AT5G02460:0.000152993
94409at33090,2,Zm00001eb211700,Zm00001eb211700:0.000894686,NA,NA,NA,NA,NA,NA,AT5G02460,AT5G02460:0.000152993
94719at38820,2,Zm00001eb433320,Zm00001eb433320:0.00364866,NA,NA,NA,NA,HORVU.MOREX.r3.2HG0212880,HORVU.MOREX.r3.2HG0212880:0.000743429,NA,NA
94719at4447,2,Zm00001eb433320,Zm00001eb433320:0.00364866,NA,NA,NA,NA,HORVU.MOREX.r3.2HG0212880,HORVU.MOREX.r3.2HG0212880:0.000743429,NA,NA
95200at38820,2,Zm00001eb373090,Zm00001eb373090:0.00134455,SORBI_3010G083700,SORBI_3010G083700:0.00191596,NA,NA,NA,NA,NA,NA
95200at4447,2,Zm00001eb373090,Zm00001eb373090:0.00134455,SORBI_3010G083700,SORBI_3010G083700:0.00191596,NA,NA,NA,NA,NA,NA
95236at38820,2,Zm00001eb429690,Zm00001eb429690:0.00225671,SORBI_3006G171050,SORBI_3006G171050:0.00145285,NA,NA,NA,NA,NA,NA
95236at4447,2,Zm00001eb429690,Zm00001eb429690:0.00225671,SORBI_3006G171050,SORBI_3006G171050:0.00145285,NA,NA,NA,NA,NA,NA
95392at38820,2,NA,NA,SORBI_3002G384200,SORBI_3002G384200:6.1106e-05,LOC_Os07g06274,LOC_Os07g06274:7.76267e-06,NA,NA,NA,NA
95392at4447,2,NA,NA,SORBI_3002G384200,SORBI_3002G384200:6.1106e-05,LOC_Os07g06274,LOC_Os07g06274:7.76267e-06,NA,NA,NA,NA
95701at4447,2,Zm00001eb290310,Zm00001eb290310:0.00384828,SORBI_3005G005600,SORBI_3005G005600:0.000750357,NA,NA,NA,NA,NA,NA
96367at38820,2,Zm00001eb398790,Zm00001eb398790:0.00361403,NA,NA,NA,NA,HORVU.MOREX.r3.2HG0105470,HORVU.MOREX.r3.2HG0105470:1.98983e-05,NA,NA
96367at4447,2,Zm00001eb398790,Zm00001eb398790:0.00361403,NA,NA,NA,NA,HORVU.MOREX.r3.2HG0105470,HORVU.MOREX.r3.2HG0105470:1.98983e-05,NA,NA
96430at38820,2,Zm00001eb309530,Zm00001eb309530:0.000624528,SORBI_3002G164700,SORBI_3002G164700:6.47739e-06,NA,NA,NA,NA,NA,NA
96430at4447,2,Zm00001eb309530,Zm00001eb309530:0.000624528,SORBI_3002G164700,SORBI_3002G164700:6.47739e-06,NA,NA,NA,NA,NA,NA
97123at38820,2,Zm00001eb062130,Zm00001eb062130:0.00338549,SORBI_3001G041500,SORBI_3001G041500:0.000337533,NA,NA,NA,NA,NA,NA
97123at4447,2,Zm00001eb062130,Zm00001eb062130:0.00338549,SORBI_3001G041500,SORBI_3001G041500:0.000337533,NA,NA,NA,NA,NA,NA
9753at4447,2,Zm00001eb271130,Zm00001eb271130:0.000696611,SORBI_3010G156100,SORBI_3010G156100:0.000567384,NA,NA,NA,NA,NA,NA
97570at38820,2,NA,NA,SORBI_3005G033801;SORBI_3005G033900,SORBI_3005G033801:0.000134383;SORBI_3005G033900:0.000134383,NA,NA,HORVU.MOREX.r3.2HG0107650,HORVU.MOREX.r3.2HG0107650:0.000756619,NA,NA
97570at4447,2,NA,NA,SORBI_3005G033801;SORBI_3005G033900,SORBI_3005G033801:0.000134383;SORBI_3005G033900:0.000134383,NA,NA,HORVU.MOREX.r3.2HG0107650,HORVU.MOREX.r3.2HG0107650:0.000756619,NA,NA
97653at4447,2,Zm00001eb417460,Zm00001eb417460:0.00377533,NA,NA,NA,NA,HORVU.MOREX.r3.1HG0005410,HORVU.MOREX.r3.1HG0005410:0.00231705,NA,NA
97795at38820,2,Zm00001eb075490,Zm00001eb075490:0.00188476,SORBI_3006G161100,SORBI_3006G161100:2.93e-05,NA,NA,NA,NA,NA,NA
97795at4447,2,Zm00001eb075490,Zm00001eb075490:0.00188476,SORBI_3006G161100,SORBI_3006G161100:2.93e-05,NA,NA,NA,NA,NA,NA
98247at38820,2,Zm00001eb119790,Zm00001eb119790:0.00114045,SORBI_3003G015900,SORBI_3003G015900:0.00157666,NA,NA,NA,NA,NA,NA
98247at4447,2,Zm00001eb119790,Zm00001eb119790:0.00114045,SORBI_3003G015900,SORBI_3003G015900:0.00157666,NA,NA,NA,NA,NA,NA
98839at3193,2,Zm00001eb043650,Zm00001eb043650:0.00356386,SORBI_3001G195800,SORBI_3001G195800:0.000269944,NA,NA,NA,NA,NA,NA
98839at33090,2,Zm00001eb043650,Zm00001eb043650:0.00356386,SORBI_3001G195800,SORBI_3001G195800:0.000269944,NA,NA,NA,NA,NA,NA
