chr,rs,ps,p_wald,n_genes_25kb,genes_in_25kb,closest_gene,closest_gene_id,closest_gene_distance_bp
4,Chr4_13239858.0,13239858,8.006153e-13,0,,,,
1,Chr1_26896820.0,26896820,4.028774e-12,0,,,,
1,Chr1_26904015.0,26904015,4.028774e-12,0,,,,
4,Chr4_12996784.0,12996784,4.128643e-12,0,,,,
1,Chr1_26897202.0,26897202,1.381255e-11,1,AT1G71370,AT1G71370,AT1G71370,0.0
1,Chr1_26897210.0,26897210,1.381255e-11,1,AT1G71370,AT1G71370,AT1G71370,0.0
1,Chr1_26897227.0,26897227,1.381255e-11,1,AT1G71370,AT1G71370,AT1G71370,0.0
1,Chr1_26898980.0,26898980,2.271038e-11,1,AT1G71370,AT1G71370,AT1G71370,0.0
1,Chr1_26898513.0,26898513,1.142518e-10,1,AT1G71370,AT1G71370,AT1G71370,0.0
2,Chr2_6766181.0,6766181,2.01913e-10,0,,,,
5,Chr5_11923984.0,11923984,1.09385e-09,0,,,,
5,Chr5_11924008.0,11924008,1.09385e-09,0,,,,
1,Chr1_18243888.0,18243888,1.179085e-09,0,,,,
3,Chr3_12412254.0,12412254,1.212498e-09,0,,,,
3,Chr3_13960065.0,13960065,1.334055e-09,0,,,,
5,Chr5_14966117.0,14966117,2.476759e-09,0,,,,
1,Chr1_4303226.0,4303226,2.642668e-09,0,,,,
3,Chr3_16488422.0,16488422,4.23265e-09,0,,,,
3,Chr3_16488497.0,16488497,4.23265e-09,0,,,,
3,Chr3_9841858.0,9841858,4.651193e-09,1,AT3G26750,AT3G26750,AT3G26750,0.0
3,Chr3_14051620.0,14051620,4.6996e-09,0,,,,
4,Chr4_11643396.0,11643396,4.90374e-09,1,AT4G21940,AT4G21940,AT4G21940,0.0
5,Chr5_13990510.0,13990510,6.187135e-09,0,,,,
1,Chr1_21387265.0,21387265,6.772889e-09,0,,,,
1,Chr1_21387268.0,21387268,6.772889e-09,0,,,,
4,Chr4_5363636.0,5363636,1.151972e-08,0,,,,
4,Chr4_13685062.0,13685062,1.15399e-08,0,,,,
3,Chr3_18844691.0,18844691,1.240636e-08,0,,,,
3,Chr3_16493189.0,16493189,1.271903e-08,1,AT3G45090,AT3G45090,AT3G45090,0.0
3,Chr3_15359083.0,15359083,1.927091e-08,0,,,,
3,Chr3_22634020.0,22634020,2.192906e-08,1,AT3G61150,AT3G61150,AT3G61150,0.0
3,Chr3_22238781.0,22238781,2.233664e-08,0,,,,
3,Chr3_4809873.0,4809873,3.056906e-08,0,,,,
1,Chr1_26904965.0,26904965,3.563426e-08,0,,,,
4,Chr4_17671583.0,17671583,3.565993e-08,1,AT4G37610,AT4G37610,AT4G37610,0.0
5,Chr5_21972162.0,21972162,3.837842e-08,0,,,,
5,Chr5_6714016.0,6714016,4.329045e-08,0,,,,
5,Chr5_6714814.0,6714814,4.329045e-08,1,AT5G19860,AT5G19860,AT5G19860,0.0
4,Chr4_5791233.0,5791233,4.440127e-08,0,,,,
2,Chr2_6777260.0,6777260,4.785342e-08,1,AT2G15530,AT2G15530,AT2G15530,0.0
4,Chr4_13693585.0,13693585,5.079232e-08,0,,,,
1,Chr1_11601707.0,11601707,5.501369e-08,0,,,,
1,Chr1_19823745.0,19823745,5.759191e-08,0,,,,
5,Chr5_9474305.0,9474305,6.686607e-08,0,,,,
3,Chr3_3435697.0,3435697,7.10242e-08,1,AT3G10970,AT3G10970,AT3G10970,0.0
3,Chr3_3437161.0,3437161,7.10242e-08,0,,,,
4,Chr4_4704459.0,4704459,8.870781e-08,0,,,,
4,Chr4_4704763.0,4704763,8.870781e-08,0,,,,
1,Chr1_4107704.0,4107704,9.233329e-08,1,AT1G12110,AT1G12110,AT1G12110,0.0
1,Chr1_4107737.0,4107737,1.035672e-07,1,AT1G12110,AT1G12110,AT1G12110,0.0
3,Chr3_16494983.0,16494983,1.100942e-07,0,,,,
1,Chr1_59740.0,59740,1.112163e-07,0,,,,
2,Chr2_6770624.0,6770624,1.185381e-07,0,,,,
3,Chr3_22048717.0,22048717,1.322156e-07,0,,,,
3,Chr3_22048718.0,22048718,1.322156e-07,0,,,,
3,Chr3_13478967.0,13478967,1.387049e-07,0,,,,
4,Chr4_4339545.0,4339545,1.418617e-07,0,,,,
1,Chr1_16974.0,16974,1.44505e-07,0,,,,
4,Chr4_11416445.0,11416445,1.454406e-07,0,,,,
5,Chr5_13988611.0,13988611,1.50404e-07,0,,,,
1,Chr1_26156313.0,26156313,1.518758e-07,0,,,,
1,Chr1_26156391.0,26156391,1.518758e-07,0,,,,
1,Chr1_26156412.0,26156412,1.518758e-07,0,,,,
5,Chr5_6712970.0,6712970,1.571025e-07,1,AT5G19855,AT5G19855,AT5G19855,0.0
3,Chr3_4809875.0,4809875,1.600471e-07,0,,,,
4,Chr4_17655399.0,17655399,1.613715e-07,0,,,,
1,Chr1_26570095.0,26570095,1.644317e-07,0,,,,
4,Chr4_6886055.0,6886055,1.702883e-07,0,,,,
1,Chr1_27984651.0,27984651,1.845588e-07,1,AT1G74453,AT1G74453,AT1G74453,0.0
3,Chr3_8198398.0,8198398,1.8894e-07,0,,,,
3,Chr3_8202053.0,8202053,1.8894e-07,1,AT3G23060,AT3G23060,AT3G23060,0.0
3,Chr3_8204366.0,8204366,1.8894e-07,1,AT3G23070,AT3G23070,AT3G23070,0.0
3,Chr3_8209299.0,8209299,1.8894e-07,1,AT3G23080,AT3G23080,AT3G23080,0.0
3,Chr3_18844682.0,18844682,1.92023e-07,0,,,,
3,Chr3_8191684.0,8191684,1.942448e-07,0,,,,
4,Chr4_4171527.0,4171527,2.024827e-07,0,,,,
1,Chr1_57121.0,57121,2.056843e-07,0,,,,
1,Chr1_60296.0,60296,2.056843e-07,0,,,,
5,Chr5_18447074.0,18447074,2.245341e-07,1,AT5G45510,AT5G45510,AT5G45510,0.0
3,Chr3_15122321.0,15122321,2.247184e-07,0,,,,
5,Chr5_547645.0,547645,2.275339e-07,1,AT5G02480,AT5G02480,AT5G02480,0.0
5,Chr5_22390916.0,22390916,2.327833e-07,0,,,,
5,Chr5_22392619.0,22392619,2.327833e-07,1,AT5G55190,AT5G55190,AT5G55190,0.0
5,Chr5_22397917.0,22397917,2.327833e-07,1,AT5G55220,AT5G55220,AT5G55220,0.0
5,Chr5_22403572.0,22403572,2.327833e-07,1,AT5G55230,AT5G55230,AT5G55230,0.0
1,Chr1_50563.0,50563,2.406501e-07,1,AT1G01100,AT1G01100,AT1G01100,0.0
1,Chr1_17210057.0,17210057,2.5225e-07,0,,,,
1,Chr1_17210280.0,17210280,2.5225e-07,0,,,,
5,Chr5_15108233.0,15108233,2.718186e-07,1,AT5G37940,AT5G37940,AT5G37940,0.0
1,Chr1_14952595.0,14952595,2.791948e-07,0,,,,
1,Chr1_4294080.0,4294080,2.881891e-07,0,,,,
5,Chr5_10819865.0,10819865,3.068356e-07,0,,,,
1,Chr1_17212607.0,17212607,3.090256e-07,0,,,,
1,Chr1_17213103.0,17213103,3.090256e-07,0,,,,
1,Chr1_4293233.0,4293233,3.129599e-07,0,,,,
2,Chr2_6767446.0,6767446,3.325707e-07,0,,,,
2,Chr2_6775564.0,6775564,3.325707e-07,1,AT2G15530,AT2G15530,AT2G15530,0.0
1,Chr1_15822413.0,15822413,3.376722e-07,0,,,,
1,Chr1_14503568.0,14503568,3.436603e-07,0,,,,
1,Chr1_26153343.0,26153343,3.436729e-07,1,AT1G69550,AT1G69550,AT1G69550,0.0
3,Chr3_17111830.0,17111830,3.447932e-07,0,,,,
5,Chr5_18453170.0,18453170,3.494617e-07,0,,,,
5,Chr5_18453275.0,18453275,3.494617e-07,0,,,,
3,Chr3_8201408.0,8201408,3.521761e-07,1,AT3G23060,AT3G23060,AT3G23060,0.0
5,Chr5_15540114.0,15540114,3.54764e-07,0,,,,
1,Chr1_4299158.0,4299158,3.603276e-07,1,AT1G12630,AT1G12630,AT1G12630,0.0
1,Chr1_4299352.0,4299352,3.603276e-07,1,AT1G12630,AT1G12630,AT1G12630,0.0
1,Chr1_27984448.0,27984448,3.761158e-07,0,,,,
1,Chr1_495531.0,495531,3.806298e-07,1,AT1G02430,AT1G02430,AT1G02430,0.0
1,Chr1_27319721.0,27319721,4.085979e-07,1,AT1G72550,AT1G72550,AT1G72550,0.0
1,Chr1_27319739.0,27319739,4.085979e-07,1,AT1G72550,AT1G72550,AT1G72550,0.0
1,Chr1_27320351.0,27320351,4.085979e-07,1,AT1G72550,AT1G72550,AT1G72550,0.0
1,Chr1_27322505.0,27322505,4.085979e-07,1,AT1G72550,AT1G72550,AT1G72550,0.0
1,Chr1_27324111.0,27324111,4.085979e-07,0,,,,
1,Chr1_51820.0,51820,4.106374e-07,0,,,,
5,Chr5_1043462.0,1043462,4.167745e-07,0,,,,
2,Chr2_6766190.0,6766190,4.279531e-07,0,,,,
2,Chr2_6772151.0,6772151,4.279531e-07,0,,,,
2,Chr2_6776473.0,6776473,4.279531e-07,1,AT2G15530,AT2G15530,AT2G15530,0.0
1,Chr1_17201666.0,17201666,4.31263e-07,0,,,,
5,Chr5_10042991.0,10042991,4.383448e-07,0,,,,
5,Chr5_10043001.0,10043001,4.383448e-07,0,,,,
2,Chr2_7056269.0,7056269,4.461309e-07,0,,,,
1,Chr1_27177169.0,27177169,4.49016e-07,0,,,,
4,Chr4_900691.0,900691,4.805933e-07,2,AT4G02050;AT4G02060,AT4G02050,AT4G02050,0.0
4,Chr4_905513.0,905513,4.805933e-07,1,AT4G02060,AT4G02060,AT4G02060,0.0
4,Chr4_906393.0,906393,4.805933e-07,1,AT4G02070,AT4G02070,AT4G02070,0.0
1,Chr1_495372.0,495372,5.002784e-07,1,AT1G02430,AT1G02430,AT1G02430,0.0
1,Chr1_32768.0,32768,5.103518e-07,1,AT1G01050,AT1G01050,AT1G01050,0.0
1,Chr1_26154655.0,26154655,5.173671e-07,0,,,,
3,Chr3_15603652.0,15603652,5.189722e-07,1,AT3G43700,AT3G43700,AT3G43700,0.0
4,Chr4_11643393.0,11643393,5.289643e-07,1,AT4G21940,AT4G21940,AT4G21940,0.0
1,Chr1_4293038.0,4293038,5.410412e-07,0,,,,
5,Chr5_533330.0,533330,5.597334e-07,1,AT5G02450,AT5G02450,AT5G02450,0.0
5,Chr5_533347.0,533347,5.597334e-07,1,AT5G02450,AT5G02450,AT5G02450,0.0
1,Chr1_27193730.0,27193730,5.71723e-07,1,AT1G72250,AT1G72250,AT1G72250,0.0
1,Chr1_27196481.0,27196481,5.71723e-07,1,AT1G72250,AT1G72250,AT1G72250,0.0
1,Chr1_27197103.0,27197103,5.71723e-07,1,AT1G72250,AT1G72250,AT1G72250,0.0
1,Chr1_27198185.0,27198185,5.71723e-07,1,AT1G72250,AT1G72250,AT1G72250,0.0
1,Chr1_27202887.0,27202887,5.71723e-07,1,AT1G72270,AT1G72270,AT1G72270,0.0
1,Chr1_12470002.0,12470002,5.734645e-07,0,,,,
2,Chr2_84615.0,84615,6.031165e-07,1,AT2G01110,AT2G01110,AT2G01110,0.0
2,Chr2_15501126.0,15501126,6.076873e-07,0,,,,
5,Chr5_11079596.0,11079596,6.091253e-07,0,,,,
1,Chr1_27330812.0,27330812,6.190683e-07,0,,,,
3,Chr3_7856185.0,7856185,6.244655e-07,0,,,,
5,Chr5_534197.0,534197,6.276282e-07,1,AT5G02450,AT5G02450,AT5G02450,0.0
4,Chr4_5970524.0,5970524,6.30197e-07,0,,,,
2,Chr2_2190792.0,2190792,6.303513e-07,0,,,,
2,Chr2_2191208.0,2191208,6.303513e-07,0,,,,
3,Chr3_16530580.0,16530580,6.450581e-07,0,,,,
4,Chr4_1683245.0,1683245,6.502459e-07,0,,,,
4,Chr4_4339544.0,4339544,6.518541e-07,0,,,,
4,Chr4_13211060.0,13211060,6.599402e-07,1,AT4G26050,AT4G26050,AT4G26050,0.0
5,Chr5_22382026.0,22382026,7.029563e-07,1,AT5G55140,AT5G55140,AT5G55140,0.0
1,Chr1_58607.0,58607,7.040858e-07,1,AT1G01120,AT1G01120,AT1G01120,0.0
1,Chr1_59778.0,59778,7.040858e-07,0,,,,
4,Chr4_2867997.0,2867997,7.04276e-07,0,,,,
4,Chr4_15791183.0,15791183,7.085752e-07,1,AT4G32730,AT4G32730,AT4G32730,0.0
4,Chr4_15792341.0,15792341,7.085752e-07,1,AT4G32730,AT4G32730,AT4G32730,0.0
4,Chr4_15793566.0,15793566,7.085752e-07,1,AT4G32730,AT4G32730,AT4G32730,0.0
4,Chr4_15798179.0,15798179,7.085752e-07,1,AT4G32750,AT4G32750,AT4G32750,0.0
4,Chr4_15806363.0,15806363,7.085752e-07,1,AT4G32770,AT4G32770,AT4G32770,0.0
4,Chr4_15806392.0,15806392,7.085752e-07,1,AT4G32770,AT4G32770,AT4G32770,0.0
4,Chr4_16325233.0,16325233,7.557656e-07,1,AT4G34070,AT4G34070,AT4G34070,0.0
4,Chr4_16325315.0,16325315,7.557656e-07,0,,,,
2,Chr2_9498995.0,9498995,7.566565e-07,1,AT2G22360,AT2G22360,AT2G22360,0.0
1,Chr1_4295978.0,4295978,8.297113e-07,1,AT1G12620,AT1G12620,AT1G12620,0.0
2,Chr2_15488845.0,15488845,8.653368e-07,0,,,,
2,Chr2_15496084.0,15496084,8.653368e-07,0,,,,
1,Chr1_27330584.0,27330584,8.6881e-07,0,,,,
3,Chr3_14740589.0,14740589,8.872697e-07,0,,,,
1,Chr1_13415133.0,13415133,8.955866e-07,0,,,,
1,Chr1_23684322.0,23684322,8.990543e-07,1,AT1G63820,AT1G63820,AT1G63820,0.0
5,Chr5_914391.0,914391,9.022006e-07,0,,,,
2,Chr2_6767803.0,6767803,9.08435e-07,0,,,,
1,Chr1_26573726.0,26573726,9.960214e-07,0,,,,
1,Chr1_26574251.0,26574251,9.960214e-07,0,,,,
1,Chr1_26580293.0,26580293,9.960214e-07,1,AT1G70510,AT1G70510,AT1G70510,0.0
1,Chr1_26771406.0,26771406,1.002439e-06,0,,,,
2,Chr2_8664013.0,8664013,1.092712e-06,1,AT2G20080,AT2G20080,AT2G20080,0.0
1,Chr1_15532770.0,15532770,1.098726e-06,0,,,,
1,Chr1_15533162.0,15533162,1.098726e-06,0,,,,
1,Chr1_15534387.0,15534387,1.098726e-06,0,,,,
1,Chr1_15534438.0,15534438,1.098726e-06,0,,,,
4,Chr4_17679044.0,17679044,1.121826e-06,0,,,,
5,Chr5_533865.0,533865,1.127219e-06,1,AT5G02450,AT5G02450,AT5G02450,0.0
4,Chr4_16329557.0,16329557,1.129217e-06,1,AT4G34090,AT4G34090,AT4G34090,0.0
4,Chr4_16330120.0,16330120,1.129217e-06,1,AT4G34090,AT4G34090,AT4G34090,0.0
4,Chr4_13689388.0,13689388,1.185358e-06,1,AT4G27340,AT4G27340,AT4G27340,0.0
5,Chr5_25588981.0,25588981,1.20209e-06,1,AT5G63940,AT5G63940,AT5G63940,0.0
5,Chr5_25589296.0,25589296,1.20209e-06,1,AT5G63940,AT5G63940,AT5G63940,0.0
5,Chr5_25598214.0,25598214,1.20209e-06,1,AT5G63950,AT5G63950,AT5G63950,0.0
5,Chr5_25598448.0,25598448,1.20209e-06,1,AT5G63950,AT5G63950,AT5G63950,0.0
5,Chr5_25599758.0,25599758,1.20209e-06,1,AT5G63960,AT5G63960,AT5G63960,0.0
1,Chr1_27160118.0,27160118,1.202338e-06,0,,,,
5,Chr5_916055.0,916055,1.226543e-06,1,AT5G03610,AT5G03610,AT5G03610,0.0
5,Chr5_18874505.0,18874505,1.254927e-06,0,,,,
5,Chr5_18874509.0,18874509,1.254927e-06,0,,,,
1,Chr1_1075.0,1075,1.311927e-06,0,,,,
2,Chr2_9500297.0,9500297,1.324427e-06,1,AT2G22360,AT2G22360,AT2G22360,0.0
5,Chr5_533117.0,533117,1.351194e-06,1,AT5G02450,AT5G02450,AT5G02450,0.0
5,Chr5_532938.0,532938,1.372348e-06,1,AT5G02440,AT5G02440,AT5G02440,0.0
5,Chr5_532978.0,532978,1.372348e-06,0,,,,
5,Chr5_533003.0,533003,1.372348e-06,0,,,,
5,Chr5_533032.0,533032,1.372348e-06,0,,,,
5,Chr5_533045.0,533045,1.372348e-06,0,,,,
5,Chr5_533055.0,533055,1.372348e-06,0,,,,
5,Chr5_533075.0,533075,1.372348e-06,0,,,,
5,Chr5_533182.0,533182,1.372348e-06,1,AT5G02450,AT5G02450,AT5G02450,0.0
5,Chr5_533286.0,533286,1.372348e-06,1,AT5G02450,AT5G02450,AT5G02450,0.0
5,Chr5_533208.0,533208,1.384974e-06,1,AT5G02450,AT5G02450,AT5G02450,0.0
5,Chr5_8316030.0,8316030,1.410809e-06,0,,,,
5,Chr5_8316036.0,8316036,1.410809e-06,0,,,,
5,Chr5_8316041.0,8316041,1.410809e-06,0,,,,
5,Chr5_8316053.0,8316053,1.410809e-06,0,,,,
5,Chr5_8316054.0,8316054,1.410809e-06,0,,,,
5,Chr5_8316067.0,8316067,1.410809e-06,0,,,,
5,Chr5_8316071.0,8316071,1.410809e-06,0,,,,
5,Chr5_11028259.0,11028259,1.421723e-06,0,,,,
5,Chr5_11546571.0,11546571,1.421723e-06,0,,,,
2,Chr2_9503031.0,9503031,1.424057e-06,0,,,,
5,Chr5_533854.0,533854,1.426012e-06,1,AT5G02450,AT5G02450,AT5G02450,0.0
4,Chr4_1999022.0,1999022,1.436498e-06,0,,,,
1,Chr1_17213874.0,17213874,1.459666e-06,0,,,,
5,Chr5_10048087.0,10048087,1.46419e-06,0,,,,
5,Chr5_533361.0,533361,1.477825e-06,1,AT5G02450,AT5G02450,AT5G02450,0.0
5,Chr5_533362.0,533362,1.477825e-06,1,AT5G02450,AT5G02450,AT5G02450,0.0
5,Chr5_533390.0,533390,1.477825e-06,1,AT5G02450,AT5G02450,AT5G02450,0.0
5,Chr5_533404.0,533404,1.477825e-06,1,AT5G02450,AT5G02450,AT5G02450,0.0
5,Chr5_533418.0,533418,1.477825e-06,1,AT5G02450,AT5G02450,AT5G02450,0.0
5,Chr5_533430.0,533430,1.477825e-06,1,AT5G02450,AT5G02450,AT5G02450,0.0
5,Chr5_533435.0,533435,1.477825e-06,1,AT5G02450,AT5G02450,AT5G02450,0.0
5,Chr5_533671.0,533671,1.477825e-06,1,AT5G02450,AT5G02450,AT5G02450,0.0
5,Chr5_533678.0,533678,1.477825e-06,1,AT5G02450,AT5G02450,AT5G02450,0.0
5,Chr5_533688.0,533688,1.477825e-06,1,AT5G02450,AT5G02450,AT5G02450,0.0
5,Chr5_533707.0,533707,1.477825e-06,1,AT5G02450,AT5G02450,AT5G02450,0.0
5,Chr5_533715.0,533715,1.477825e-06,1,AT5G02450,AT5G02450,AT5G02450,0.0
5,Chr5_533802.0,533802,1.477825e-06,1,AT5G02450,AT5G02450,AT5G02450,0.0
1,Chr1_17216597.0,17216597,1.501291e-06,0,,,,
1,Chr1_17217129.0,17217129,1.501291e-06,0,,,,
1,Chr1_17217201.0,17217201,1.501291e-06,0,,,,
1,Chr1_17218004.0,17218004,1.501291e-06,0,,,,
2,Chr2_2209141.0,2209141,1.503111e-06,0,,,,
1,Chr1_14435413.0,14435413,1.512234e-06,0,,,,
2,Chr2_2194320.0,2194320,1.533965e-06,0,,,,
2,Chr2_2194552.0,2194552,1.533965e-06,0,,,,
2,Chr2_2195065.0,2195065,1.533965e-06,0,,,,
1,Chr1_26174354.0,26174354,1.562043e-06,0,,,,
1,Chr1_26179747.0,26179747,1.562043e-06,0,,,,
4,Chr4_7797801.0,7797801,1.562215e-06,1,AT4G13420,AT4G13420,AT4G13420,0.0
2,Chr2_68599.0,68599,1.567601e-06,1,AT2G01050,AT2G01050,AT2G01050,0.0
3,Chr3_10951755.0,10951755,1.578286e-06,0,,,,
2,Chr2_9497579.0,9497579,1.581106e-06,0,,,,
1,Chr1_12137434.0,12137434,1.585208e-06,0,,,,
1,Chr1_26151076.0,26151076,1.590299e-06,1,AT1G69550,AT1G69550,AT1G69550,0.0
4,Chr4_14935452.0,14935452,1.603069e-06,0,,,,
1,Chr1_12470300.0,12470300,1.607586e-06,0,,,,
2,Chr2_68538.0,68538,1.6138e-06,1,AT2G01050,AT2G01050,AT2G01050,0.0
3,Chr3_10407023.0,10407023,1.624978e-06,0,,,,
1,Chr1_4112013.0,4112013,1.640622e-06,0,,,,
4,Chr4_16885547.0,16885547,1.644826e-06,1,AT4G35560,AT4G35560,AT4G35560,0.0
2,Chr2_6790913.0,6790913,1.718576e-06,0,,,,
2,Chr2_6790939.0,6790939,1.718576e-06,0,,,,
3,Chr3_10951448.0,10951448,1.728683e-06,0,,,,
2,Chr2_9496304.0,9496304,1.779068e-06,0,,,,
3,Chr3_14263026.0,14263026,1.81694e-06,0,,,,
1,Chr1_23655997.0,23655997,1.841622e-06,0,,,,
1,Chr1_23656231.0,23656231,1.841622e-06,0,,,,
1,Chr1_23663195.0,23663195,1.841622e-06,1,AT1G63770,AT1G63770,AT1G63770,0.0
1,Chr1_23664847.0,23664847,1.841622e-06,1,AT1G63780,AT1G63780,AT1G63780,0.0
1,Chr1_23670430.0,23670430,1.841622e-06,1,AT1G63810,AT1G63810,AT1G63810,0.0
2,Chr2_9502732.0,9502732,1.842595e-06,0,,,,
5,Chr5_1258716.0,1258716,1.851025e-06,0,,,,
5,Chr5_9208249.0,9208249,1.896294e-06,0,,,,
2,Chr2_7694860.0,7694860,1.898679e-06,0,,,,
4,Chr4_16332008.0,16332008,1.960247e-06,1,AT4G34100,AT4G34100,AT4G34100,0.0
4,Chr4_7793344.0,7793344,1.966332e-06,1,AT4G13410,AT4G13410,AT4G13410,0.0
4,Chr4_7793656.0,7793656,1.966332e-06,1,AT4G13410,AT4G13410,AT4G13410,0.0
5,Chr5_22408890.0,22408890,2.002525e-06,1,AT5G55250,AT5G55250,AT5G55250,0.0
5,Chr5_11148332.0,11148332,2.052704e-06,0,,,,
4,Chr4_867488.0,867488,2.064066e-06,1,AT4G01985,AT4G01985,AT4G01985,0.0
2,Chr2_13791807.0,13791807,2.089367e-06,0,,,,
1,Chr1_29782740.0,29782740,2.096165e-06,0,,,,
4,Chr4_918635.0,918635,2.105943e-06,0,,,,
4,Chr4_918725.0,918725,2.105943e-06,0,,,,
5,Chr5_11527987.0,11527987,2.111675e-06,0,,,,
4,Chr4_6686471.0,6686471,2.126165e-06,0,,,,
1,Chr1_17216162.0,17216162,2.14914e-06,0,,,,
4,Chr4_10713490.0,10713490,2.160641e-06,0,,,,
1,Chr1_11641409.0,11641409,2.172479e-06,1,AT1G32260,AT1G32260,AT1G32260,0.0
1,Chr1_26779282.0,26779282,2.190175e-06,0,,,,
5,Chr5_13795730.0,13795730,2.211885e-06,0,,,,
1,Chr1_554678.0,554678,2.233519e-06,1,AT1G02610,AT1G02610,AT1G02610,0.0
2,Chr2_11526199.0,11526199,2.285605e-06,1,AT2G27010,AT2G27010,AT2G27010,0.0
5,Chr5_303507.0,303507,2.317573e-06,1,AT5G01780,AT5G01780,AT5G01780,0.0
3,Chr3_11630996.0,11630996,2.336507e-06,0,,,,
5,Chr5_22408805.0,22408805,2.368006e-06,1,AT5G55250,AT5G55250,AT5G55250,0.0
4,Chr4_925821.0,925821,2.388013e-06,0,,,,
2,Chr2_9509919.0,9509919,2.399291e-06,1,AT2G22410,AT2G22410,AT2G22410,0.0
2,Chr2_8913173.0,8913173,2.478546e-06,1,AT2G20670,AT2G20670,AT2G20670,0.0
4,Chr4_12976593.0,12976593,2.478924e-06,0,,,,
1,Chr1_4171300.0,4171300,2.514615e-06,0,,,,
2,Chr2_9500166.0,9500166,2.539134e-06,1,AT2G22360,AT2G22360,AT2G22360,0.0
2,Chr2_7056260.0,7056260,2.544177e-06,0,,,,
4,Chr4_17679721.0,17679721,2.565096e-06,1,AT4G37630,AT4G37630,AT4G37630,0.0
1,Chr1_14444221.0,14444221,2.599645e-06,0,,,,
5,Chr5_26871995.0,26871995,2.610491e-06,1,AT5G67360,AT5G67360,AT5G67360,0.0
2,Chr2_9505682.0,9505682,2.615126e-06,1,AT2G22400,AT2G22400,AT2G22400,0.0
1,Chr1_8176.0,8176,2.642393e-06,1,AT1G01020,AT1G01020,AT1G01020,0.0
5,Chr5_11762576.0,11762576,2.698962e-06,0,,,,
4,Chr4_14912469.0,14912469,2.762527e-06,0,,,,
4,Chr4_15932846.0,15932846,2.792985e-06,1,AT4G33020,AT4G33020,AT4G33020,0.0
5,Chr5_25592638.0,25592638,2.807141e-06,1,AT5G63950,AT5G63950,AT5G63950,0.0
4,Chr4_279210.0,279210,2.816339e-06,0,,,,
5,Chr5_11493547.0,11493547,2.818782e-06,0,,,,
5,Chr5_25556826.0,25556826,2.876152e-06,1,AT5G63860,AT5G63860,AT5G63860,0.0
5,Chr5_25562599.0,25562599,2.876152e-06,1,AT5G63870,AT5G63870,AT5G63870,0.0
5,Chr5_25565062.0,25565062,2.876152e-06,1,AT5G63880,AT5G63880,AT5G63880,0.0
5,Chr5_25565888.0,25565888,2.876152e-06,1,AT5G63890,AT5G63890,AT5G63890,0.0
5,Chr5_25565989.0,25565989,2.876152e-06,1,AT5G63890,AT5G63890,AT5G63890,0.0
1,Chr1_23149050.0,23149050,2.887342e-06,0,,,,
1,Chr1_8461580.0,8461580,2.891935e-06,0,,,,
1,Chr1_3200208.0,3200208,2.898664e-06,1,AT1G09840,AT1G09840,AT1G09840,0.0
4,Chr4_865464.0,865464,2.914663e-06,0,,,,
4,Chr4_869166.0,869166,2.914663e-06,0,,,,
4,Chr4_871259.0,871259,2.914663e-06,1,AT4G01990,AT4G01990,AT4G01990,0.0
4,Chr4_882810.0,882810,2.914663e-06,1,AT4G02010,AT4G02010,AT4G02010,0.0
4,Chr4_883614.0,883614,2.914663e-06,1,AT4G02010,AT4G02010,AT4G02010,0.0
4,Chr4_890857.0,890857,2.914663e-06,1,AT4G02020,AT4G02020,AT4G02020,0.0
4,Chr4_893443.0,893443,2.914663e-06,1,AT4G02030,AT4G02030,AT4G02030,0.0
4,Chr4_895211.0,895211,2.914663e-06,1,AT4G02030,AT4G02030,AT4G02030,0.0
5,Chr5_1260659.0,1260659,3.00186e-06,1,AT5G04460,AT5G04460,AT5G04460,0.0
2,Chr2_4997672.0,4997672,3.046148e-06,0,,,,
5,Chr5_24201493.0,24201493,3.053331e-06,0,,,,
4,Chr4_17654915.0,17654915,3.077498e-06,0,,,,
3,Chr3_11387311.0,11387311,3.082553e-06,0,,,,
3,Chr3_11387312.0,11387312,3.082553e-06,0,,,,
3,Chr3_11387316.0,11387316,3.082553e-06,0,,,,
3,Chr3_11387319.0,11387319,3.082553e-06,0,,,,
2,Chr2_9509005.0,9509005,3.086385e-06,0,,,,
4,Chr4_951456.0,951456,3.160938e-06,1,AT4G02150,AT4G02150,AT4G02150,0.0
4,Chr4_954393.0,954393,3.160938e-06,0,,,,
5,Chr5_17364165.0,17364165,3.17914e-06,0,,,,
1,Chr1_26779222.0,26779222,3.197941e-06,0,,,,
2,Chr2_9504595.0,9504595,3.217348e-06,0,,,,
4,Chr4_16335047.0,16335047,3.277593e-06,1,AT4G34100,AT4G34100,AT4G34100,0.0
1,Chr1_16905916.0,16905916,3.320301e-06,0,,,,
1,Chr1_16905922.0,16905922,3.320301e-06,0,,,,
4,Chr4_761820.0,761820,3.326504e-06,0,,,,
4,Chr4_12995815.0,12995815,3.361621e-06,0,,,,
2,Chr2_88225.0,88225,3.413161e-06,0,,,,
5,Chr5_25399627.0,25399627,3.420515e-06,0,,,,
2,Chr2_6768389.0,6768389,3.438593e-06,0,,,,
1,Chr1_19203743.0,19203743,3.468211e-06,0,,,,
1,Chr1_4293174.0,4293174,3.487266e-06,0,,,,
5,Chr5_13708912.0,13708912,3.4923e-06,0,,,,
2,Chr2_68142.0,68142,3.533687e-06,0,,,,
5,Chr5_18954913.0,18954913,3.560588e-06,0,,,,
5,Chr5_25590425.0,25590425,3.569432e-06,1,AT5G63940,AT5G63940,AT5G63940,0.0
1,Chr1_20690116.0,20690116,3.587216e-06,0,,,,
2,Chr2_709897.0,709897,3.591803e-06,0,,,,
4,Chr4_14982329.0,14982329,3.603276e-06,1,AT4G30750,AT4G30750,AT4G30750,0.0
2,Chr2_670075.0,670075,3.662122e-06,1,AT2G02498,AT2G02498,AT2G02498,0.0
5,Chr5_8891733.0,8891733,3.821715e-06,1,AT5G25540,AT5G25540,AT5G25540,0.0
4,Chr4_916439.0,916439,3.834747e-06,1,AT4G02075,AT4G02075,AT4G02075,0.0
5,Chr5_7041519.0,7041519,3.853265e-06,0,,,,
5,Chr5_7041650.0,7041650,3.853265e-06,0,,,,
5,Chr5_7042084.0,7042084,3.853265e-06,0,,,,
5,Chr5_7042307.0,7042307,3.853265e-06,0,,,,
1,Chr1_26908964.0,26908964,3.859628e-06,0,,,,
4,Chr4_5584248.0,5584248,3.861248e-06,0,,,,
5,Chr5_11050868.0,11050868,3.968454e-06,0,,,,
5,Chr5_11051474.0,11051474,3.968454e-06,0,,,,
4,Chr4_8919950.0,8919950,4.036072e-06,1,AT4G15640,AT4G15640,AT4G15640,0.0
4,Chr4_15933061.0,15933061,4.104643e-06,1,AT4G33020,AT4G33020,AT4G33020,0.0
4,Chr4_15935070.0,15935070,4.104643e-06,0,,,,
4,Chr4_17655229.0,17655229,4.115357e-06,0,,,,
3,Chr3_14067770.0,14067770,4.133363e-06,0,,,,
5,Chr5_25564161.0,25564161,4.270462e-06,1,AT5G63880,AT5G63880,AT5G63880,0.0
5,Chr5_25566532.0,25566532,4.270462e-06,1,AT5G63890,AT5G63890,AT5G63890,0.0
1,Chr1_4275933.0,4275933,4.281504e-06,1,AT1G12550,AT1G12550,AT1G12550,0.0
1,Chr1_23149023.0,23149023,4.310401e-06,0,,,,
1,Chr1_23149037.0,23149037,4.310401e-06,0,,,,
1,Chr1_23149043.0,23149043,4.310401e-06,0,,,,
2,Chr2_70416.0,70416,4.357709e-06,0,,,,
3,Chr3_20210985.0,20210985,4.438647e-06,1,AT3G54600,AT3G54600,AT3G54600,0.0
1,Chr1_4113019.0,4113019,4.463339e-06,0,,,,
2,Chr2_6777980.0,6777980,4.47686e-06,1,AT2G15530,AT2G15530,AT2G15530,0.0
4,Chr4_16335082.0,16335082,4.545963e-06,0,,,,
1,Chr1_29782277.0,29782277,4.561757e-06,1,AT1G79170,AT1G79170,AT1G79170,0.0
3,Chr3_14263757.0,14263757,4.609232e-06,0,,,,
1,Chr1_4175848.0,4175848,4.628882e-06,1,AT1G12280,AT1G12280,AT1G12280,0.0
1,Chr1_4184452.0,4184452,4.628882e-06,1,AT1G12300,AT1G12300,AT1G12300,0.0
5,Chr5_12643253.0,12643253,4.686887e-06,0,,,,
1,Chr1_17215613.0,17215613,4.703903e-06,0,,,,
4,Chr4_887010.0,887010,4.741296e-06,1,AT4G02020,AT4G02020,AT4G02020,0.0
2,Chr2_4189300.0,4189300,4.748099e-06,0,,,,
2,Chr2_4189343.0,4189343,4.753777e-06,0,,,,
1,Chr1_6456042.0,6456042,4.787394e-06,0,,,,
5,Chr5_9462279.0,9462279,4.824542e-06,0,,,,
5,Chr5_9462284.0,9462284,4.824542e-06,0,,,,
3,Chr3_15528629.0,15528629,4.875066e-06,0,,,,
2,Chr2_2186234.0,2186234,4.88786e-06,0,,,,
2,Chr2_2186935.0,2186935,4.88786e-06,0,,,,
2,Chr2_2187100.0,2187100,4.88786e-06,0,,,,
2,Chr2_2187132.0,2187132,4.88786e-06,0,,,,
2,Chr2_2187784.0,2187784,4.88786e-06,0,,,,
2,Chr2_2188223.0,2188223,4.88786e-06,0,,,,
2,Chr2_2188951.0,2188951,4.88786e-06,0,,,,
2,Chr2_2190299.0,2190299,4.88786e-06,0,,,,
2,Chr2_2191912.0,2191912,4.88786e-06,0,,,,
2,Chr2_2192873.0,2192873,4.88786e-06,0,,,,
2,Chr2_2193886.0,2193886,4.88786e-06,0,,,,
2,Chr2_2195342.0,2195342,4.88786e-06,0,,,,
2,Chr2_2195866.0,2195866,4.88786e-06,0,,,,
2,Chr2_2196507.0,2196507,4.88786e-06,0,,,,
2,Chr2_2196539.0,2196539,4.88786e-06,0,,,,
2,Chr2_2197728.0,2197728,4.88786e-06,0,,,,
5,Chr5_25554285.0,25554285,4.892856e-06,0,,,,
1,Chr1_1000796.0,1000796,4.94922e-06,0,,,,
2,Chr2_2201879.0,2201879,4.990814e-06,0,,,,
2,Chr2_2201955.0,2201955,4.990814e-06,0,,,,
2,Chr2_2202236.0,2202236,4.990814e-06,0,,,,
2,Chr2_2202628.0,2202628,4.990814e-06,0,,,,
2,Chr2_2202637.0,2202637,4.990814e-06,0,,,,
2,Chr2_2203526.0,2203526,4.990814e-06,0,,,,
2,Chr2_2204699.0,2204699,4.990814e-06,0,,,,
2,Chr2_2205633.0,2205633,4.990814e-06,0,,,,
2,Chr2_2208029.0,2208029,4.990814e-06,0,,,,
2,Chr2_2208740.0,2208740,4.990814e-06,1,AT2G05803,AT2G05803,AT2G05803,0.0
2,Chr2_2209966.0,2209966,4.990814e-06,0,,,,
2,Chr2_2210296.0,2210296,4.990814e-06,0,,,,
2,Chr2_2210962.0,2210962,4.990814e-06,0,,,,
2,Chr2_2211228.0,2211228,4.990814e-06,0,,,,
2,Chr2_2211585.0,2211585,4.990814e-06,0,,,,
2,Chr2_2211621.0,2211621,4.990814e-06,0,,,,
4,Chr4_891867.0,891867,5.018245e-06,1,AT4G02020,AT4G02020,AT4G02020,0.0
4,Chr4_6864373.0,6864373,5.02516e-06,1,AT4G11280,AT4G11280,AT4G11280,0.0
4,Chr4_13072725.0,13072725,5.075469e-06,0,,,,
2,Chr2_12301477.0,12301477,5.078667e-06,2,AT2G28670;AT2G28671,AT2G28670,AT2G28670,0.0
5,Chr5_15006563.0,15006563,5.093411e-06,0,,,,
5,Chr5_15006580.0,15006580,5.093411e-06,0,,,,
3,Chr3_20907141.0,20907141,5.097509e-06,0,,,,
5,Chr5_6207778.0,6207778,5.150457e-06,0,,,,
1,Chr1_15532804.0,15532804,5.179925e-06,0,,,,
5,Chr5_25399896.0,25399896,5.187958e-06,0,,,,
2,Chr2_687341.0,687341,5.188438e-06,0,,,,
2,Chr2_687415.0,687415,5.188438e-06,1,AT2G02550,AT2G02550,AT2G02550,0.0
2,Chr2_694482.0,694482,5.188438e-06,1,AT2G02560,AT2G02560,AT2G02560,0.0
2,Chr2_709257.0,709257,5.188438e-06,0,,,,
1,Chr1_14977234.0,14977234,5.22975e-06,0,,,,
4,Chr4_924097.0,924097,5.262362e-06,0,,,,
3,Chr3_12778703.0,12778703,5.274681e-06,0,,,,
1,Chr1_4112673.0,4112673,5.275465e-06,0,,,,
2,Chr2_12301481.0,12301481,5.307287e-06,2,AT2G28670;AT2G28671,AT2G28670,AT2G28670,0.0
4,Chr4_919124.0,919124,5.325814e-06,0,,,,
1,Chr1_4218344.0,4218344,5.368197e-06,0,,,,
1,Chr1_4218345.0,4218345,5.368197e-06,0,,,,
1,Chr1_4218346.0,4218346,5.368197e-06,0,,,,
4,Chr4_13692586.0,13692586,5.396968e-06,1,AT4G27350,AT4G27350,AT4G27350,0.0
4,Chr4_860482.0,860482,5.40828e-06,0,,,,
4,Chr4_862387.0,862387,5.40828e-06,0,,,,
4,Chr4_863379.0,863379,5.40828e-06,0,,,,
3,Chr3_20455639.0,20455639,5.425248e-06,1,AT3G55180,AT3G55180,AT3G55180,0.0
1,Chr1_4173445.0,4173445,5.428668e-06,1,AT1G12270,AT1G12270,AT1G12270,0.0
2,Chr2_9507665.0,9507665,5.461756e-06,1,AT2G22400,AT2G22400,AT2G22400,0.0
4,Chr4_886928.0,886928,5.464089e-06,1,AT4G02020,AT4G02020,AT4G02020,0.0
4,Chr4_891052.0,891052,5.464089e-06,1,AT4G02020,AT4G02020,AT4G02020,0.0
4,Chr4_7796765.0,7796765,5.561809e-06,0,,,,
5,Chr5_26877610.0,26877610,5.626162e-06,1,AT5G67370,AT5G67370,AT5G67370,0.0
5,Chr5_13945641.0,13945641,5.722704e-06,0,,,,
2,Chr2_4218558.0,4218558,5.727337e-06,0,,,,
5,Chr5_6663077.0,6663077,5.781361e-06,0,,,,
5,Chr5_6663210.0,6663210,5.781361e-06,0,,,,
5,Chr5_18873320.0,18873320,5.791048e-06,0,,,,
4,Chr4_5802522.0,5802522,5.815622e-06,1,AT4G09070,AT4G09070,AT4G09070,0.0
4,Chr4_6214791.0,6214791,5.850625e-06,1,AT4G09880,AT4G09880,AT4G09880,0.0
5,Chr5_12672655.0,12672655,5.855004e-06,0,,,,
2,Chr2_6790940.0,6790940,5.913227e-06,0,,,,
5,Chr5_12622223.0,12622223,5.917837e-06,0,,,,
5,Chr5_22394977.0,22394977,5.921865e-06,1,AT5G55200,AT5G55200,AT5G55200,0.0
5,Chr5_22396124.0,22396124,5.921865e-06,1,AT5G55200,AT5G55200,AT5G55200,0.0
5,Chr5_22396678.0,22396678,5.921865e-06,1,AT5G55210,AT5G55210,AT5G55210,0.0
5,Chr5_22397312.0,22397312,5.921865e-06,1,AT5G55210,AT5G55210,AT5G55210,0.0
5,Chr5_22397392.0,22397392,5.921865e-06,1,AT5G55210,AT5G55210,AT5G55210,0.0
1,Chr1_44833.0,44833,5.933884e-06,0,,,,
2,Chr2_3731081.0,3731081,5.934755e-06,0,,,,
2,Chr2_2200098.0,2200098,5.957947e-06,1,AT2G05790,AT2G05790,AT2G05790,0.0
2,Chr2_9508467.0,9508467,5.975153e-06,1,AT2G22400,AT2G22400,AT2G22400,0.0
4,Chr4_17655542.0,17655542,6.029724e-06,0,,,,
1,Chr1_545271.0,545271,6.082602e-06,1,AT1G02580,AT1G02580,AT1G02580,0.0
5,Chr5_14758210.0,14758210,6.084559e-06,1,AT5G37270,AT5G37270,AT5G37270,0.0
4,Chr4_17654284.0,17654284,6.094266e-06,0,,,,
1,Chr1_1102712.0,1102712,6.153769e-06,0,,,,
4,Chr4_921883.0,921883,6.295607e-06,1,AT4G02080,AT4G02080,AT4G02080,0.0
5,Chr5_18099166.0,18099166,6.29913e-06,0,,,,
5,Chr5_18099168.0,18099168,6.29913e-06,0,,,,
5,Chr5_18099177.0,18099177,6.29913e-06,0,,,,
5,Chr5_18099203.0,18099203,6.29913e-06,0,,,,
5,Chr5_18099215.0,18099215,6.29913e-06,0,,,,
5,Chr5_18099231.0,18099231,6.29913e-06,0,,,,
1,Chr1_29782914.0,29782914,6.308529e-06,0,,,,
3,Chr3_16494360.0,16494360,6.345928e-06,1,AT3G45090,AT3G45090,AT3G45090,0.0
3,Chr3_16494388.0,16494388,6.345928e-06,1,AT3G45090,AT3G45090,AT3G45090,0.0
4,Chr4_13166140.0,13166140,6.370491e-06,1,AT4G25920,AT4G25920,AT4G25920,0.0
2,Chr2_4514887.0,4514887,6.394868e-06,0,,,,
4,Chr4_17649180.0,17649180,6.396884e-06,0,,,,
4,Chr4_2112062.0,2112062,6.420762e-06,0,,,,
5,Chr5_7014036.0,7014036,6.536123e-06,1,AT5G20710,AT5G20710,AT5G20710,0.0
5,Chr5_25596319.0,25596319,6.605071e-06,1,AT5G63950,AT5G63950,AT5G63950,0.0
5,Chr5_25596320.0,25596320,6.605071e-06,1,AT5G63950,AT5G63950,AT5G63950,0.0
1,Chr1_11310788.0,11310788,6.6155e-06,0,,,,
5,Chr5_25589354.0,25589354,6.623954e-06,1,AT5G63940,AT5G63940,AT5G63940,0.0
1,Chr1_4291615.0,4291615,6.658145e-06,0,,,,
5,Chr5_25568094.0,25568094,6.729381e-06,1,AT5G63890,AT5G63890,AT5G63890,0.0
1,Chr1_24335286.0,24335286,6.746654e-06,0,,,,
4,Chr4_17654893.0,17654893,6.805823e-06,0,,,,
5,Chr5_12004300.0,12004300,6.828484e-06,0,,,,
5,Chr5_18873335.0,18873335,6.839315e-06,0,,,,
1,Chr1_4128854.0,4128854,6.888614e-06,1,AT1G12170,AT1G12170,AT1G12170,0.0
2,Chr2_16607587.0,16607587,6.94475e-06,0,,,,
3,Chr3_16484944.0,16484944,6.982699e-06,0,,,,
1,Chr1_6664357.0,6664357,7.052538e-06,1,AT1G19270,AT1G19270,AT1G19270,0.0
4,Chr4_2425449.0,2425449,7.055617e-06,1,AT4G04760,AT4G04760,AT4G04760,0.0
4,Chr4_2425736.0,2425736,7.055617e-06,1,AT4G04760,AT4G04760,AT4G04760,0.0
1,Chr1_181614.0,181614,7.109849e-06,1,AT1G01490,AT1G01490,AT1G01490,0.0
4,Chr4_13695511.0,13695511,7.112726e-06,1,AT4G27370,AT4G27370,AT4G27370,0.0
4,Chr4_13696940.0,13696940,7.112726e-06,1,AT4G27370,AT4G27370,AT4G27370,0.0
4,Chr4_13701405.0,13701405,7.112726e-06,1,AT4G27380,AT4G27380,AT4G27380,0.0
1,Chr1_4221509.0,4221509,7.114577e-06,1,AT1G12390,AT1G12390,AT1G12390,0.0
1,Chr1_4258718.0,4258718,7.114577e-06,1,AT1G12480,AT1G12480,AT1G12480,0.0
2,Chr2_112337.0,112337,7.134709e-06,0,,,,
3,Chr3_3013211.0,3013211,7.137788e-06,1,AT3G09820,AT3G09820,AT3G09820,0.0
3,Chr3_3403618.0,3403618,7.163329e-06,0,,,,
4,Chr4_13701991.0,13701991,7.17087e-06,1,AT4G27380,AT4G27380,AT4G27380,0.0
4,Chr4_13704704.0,13704704,7.17087e-06,0,,,,
3,Chr3_15529535.0,15529535,7.202758e-06,0,,,,
2,Chr2_9504632.0,9504632,7.244934e-06,0,,,,
2,Chr2_9504633.0,9504633,7.244934e-06,0,,,,
5,Chr5_533335.0,533335,7.246251e-06,1,AT5G02450,AT5G02450,AT5G02450,0.0
5,Chr5_17242820.0,17242820,7.376071e-06,1,AT5G42980,AT5G42980,AT5G42980,0.0
1,Chr1_4293348.0,4293348,7.430295e-06,0,,,,
1,Chr1_6675880.0,6675880,7.430736e-06,0,,,,
3,Chr3_10713147.0,10713147,7.447589e-06,0,,,,
4,Chr4_13290984.0,13290984,7.474929e-06,1,AT4G26250,AT4G26250,AT4G26250,0.0
5,Chr5_15148611.0,15148611,7.508672e-06,0,,,,
3,Chr3_16491116.0,16491116,7.557656e-06,1,AT3G45090,AT3G45090,AT3G45090,0.0
1,Chr1_27991959.0,27991959,7.564371e-06,1,AT1G74470,AT1G74470,AT1G74470,0.0
2,Chr2_17242015.0,17242015,7.564953e-06,0,,,,
3,Chr3_13618887.0,13618887,7.579267e-06,0,,,,
2,Chr2_19151430.0,19151430,7.615471e-06,0,,,,
5,Chr5_6663243.0,6663243,7.628777e-06,0,,,,
1,Chr1_27992021.0,27992021,7.667342e-06,1,AT1G74470,AT1G74470,AT1G74470,0.0
5,Chr5_13746075.0,13746075,7.796642e-06,1,AT5G35560,AT5G35560,AT5G35560,0.0
5,Chr5_16856095.0,16856095,7.81043e-06,0,,,,
4,Chr4_13271260.0,13271260,7.810818e-06,0,,,,
2,Chr2_71630.0,71630,7.929696e-06,0,,,,
2,Chr2_74963.0,74963,7.929696e-06,1,AT2G01060,AT2G01060,AT2G01060,0.0
2,Chr2_79508.0,79508,7.929696e-06,0,,,,
2,Chr2_94622.0,94622,7.929696e-06,1,AT2G01130,AT2G01130,AT2G01130,0.0
5,Chr5_9461022.0,9461022,7.97402e-06,0,,,,
5,Chr5_16963343.0,16963343,7.976822e-06,0,,,,
5,Chr5_16963897.0,16963897,7.976822e-06,0,,,,
5,Chr5_1275063.0,1275063,8.054618e-06,1,AT5G04480,AT5G04480,AT5G04480,0.0
5,Chr5_1275086.0,1275086,8.054618e-06,1,AT5G04480,AT5G04480,AT5G04480,0.0
3,Chr3_21836748.0,21836748,8.058661e-06,1,AT3G59080,AT3G59080,AT3G59080,0.0
2,Chr2_72124.0,72124,8.127457e-06,0,,,,
4,Chr4_7346216.0,7346216,8.130472e-06,0,,,,
1,Chr1_27186925.0,27186925,8.131831e-06,0,,,,
2,Chr2_4337720.0,4337720,8.161725e-06,0,,,,
3,Chr3_11951872.0,11951872,8.197519e-06,0,,,,
1,Chr1_4183088.0,4183088,8.247957e-06,1,AT1G12300,AT1G12300,AT1G12300,0.0
1,Chr1_4188545.0,4188545,8.247957e-06,0,,,,
1,Chr1_3859747.0,3859747,8.33266e-06,1,AT1G11470,AT1G11470,AT1G11470,0.0
3,Chr3_20438539.0,20438539,8.481156e-06,0,,,,
4,Chr4_2551806.0,2551806,8.536015e-06,0,,,,
1,Chr1_17710856.0,17710856,8.541014e-06,0,,,,
1,Chr1_14959933.0,14959933,8.579112e-06,0,,,,
1,Chr1_352.0,352,8.645654e-06,0,,,,
1,Chr1_1240.0,1240,8.645654e-06,0,,,,
1,Chr1_20119.0,20119,8.645654e-06,0,,,,
1,Chr1_21775.0,21775,8.645654e-06,0,,,,
1,Chr1_30735.0,30735,8.645654e-06,1,AT1G01040,AT1G01040,AT1G01040,0.0
1,Chr1_33934.0,33934,8.645654e-06,1,AT1G01060,AT1G01060,AT1G01060,0.0
1,Chr1_36975.0,36975,8.645654e-06,1,AT1G01060,AT1G01060,AT1G01060,0.0
1,Chr1_44714.0,44714,8.645654e-06,1,AT1G01073,AT1G01073,AT1G01073,0.0
1,Chr1_44954.0,44954,8.645654e-06,0,,,,
1,Chr1_46818.0,46818,8.645654e-06,1,AT1G01080,AT1G01080,AT1G01080,0.0
5,Chr5_22402833.0,22402833,8.681649e-06,1,AT5G55230,AT5G55230,AT5G55230,0.0
1,Chr1_23718342.0,23718342,8.72734e-06,1,AT1G63900,AT1G63900,AT1G63900,0.0
4,Chr4_6685868.0,6685868,8.8161e-06,1,AT4G10880,AT4G10880,AT4G10880,0.0
4,Chr4_6686001.0,6686001,8.8161e-06,1,AT4G10880,AT4G10880,AT4G10880,0.0
3,Chr3_20445691.0,20445691,8.899831e-06,1,AT3G55160,AT3G55160,AT3G55160,0.0
2,Chr2_5479543.0,5479543,8.901907e-06,0,,,,
3,Chr3_20456397.0,20456397,9.018145e-06,1,AT3G55180,AT3G55180,AT3G55180,0.0
2,Chr2_2198998.0,2198998,9.049604e-06,0,,,,
2,Chr2_2192597.0,2192597,9.066614e-06,0,,,,
5,Chr5_13946884.0,13946884,9.074138e-06,0,,,,
5,Chr5_8519511.0,8519511,9.089457e-06,1,AT5G24810,AT5G24810,AT5G24810,0.0
5,Chr5_8524345.0,8524345,9.089457e-06,1,AT5G24820,AT5G24820,AT5G24820,0.0
1,Chr1_17193606.0,17193606,9.091954e-06,0,,,,
1,Chr1_26175633.0,26175633,9.114928e-06,0,,,,
1,Chr1_26180527.0,26180527,9.114928e-06,0,,,,
3,Chr3_21329437.0,21329437,9.116052e-06,0,,,,
5,Chr5_13942296.0,13942296,9.303346e-06,0,,,,
4,Chr4_16333534.0,16333534,9.354586e-06,1,AT4G34100,AT4G34100,AT4G34100,0.0
4,Chr4_16335833.0,16335833,9.354586e-06,0,,,,
2,Chr2_6771506.0,6771506,9.36628e-06,0,,,,
5,Chr5_1274132.0,1274132,9.403898e-06,1,AT5G04480,AT5G04480,AT5G04480,0.0
3,Chr3_14065255.0,14065255,9.430343e-06,0,,,,
5,Chr5_11176245.0,11176245,9.516749e-06,0,,,,
4,Chr4_9337657.0,9337657,9.529549e-06,1,AT4G16570,AT4G16570,AT4G16570,0.0
2,Chr2_111326.0,111326,9.743658e-06,0,,,,
4,Chr4_672430.0,672430,9.762359e-06,1,AT4G01540,AT4G01540,AT4G01540,0.0
4,Chr4_11643460.0,11643460,9.808799e-06,1,AT4G21940,AT4G21940,AT4G21940,0.0
4,Chr4_11643462.0,11643462,9.808799e-06,1,AT4G21940,AT4G21940,AT4G21940,0.0
4,Chr4_11643463.0,11643463,9.808799e-06,1,AT4G21940,AT4G21940,AT4G21940,0.0
4,Chr4_11643469.0,11643469,9.808799e-06,1,AT4G21940,AT4G21940,AT4G21940,0.0
4,Chr4_11643475.0,11643475,9.808799e-06,1,AT4G21940,AT4G21940,AT4G21940,0.0
4,Chr4_11643478.0,11643478,9.808799e-06,1,AT4G21940,AT4G21940,AT4G21940,0.0
3,Chr3_10812683.0,10812683,9.814013e-06,0,,,,
5,Chr5_1257202.0,1257202,9.880658e-06,0,,,,
1,Chr1_4103540.0,4103540,9.931305e-06,0,,,,
2,Chr2_667563.0,667563,9.941759e-06,1,AT2G02490,AT2G02490,AT2G02490,0.0
3,Chr3_8223617.0,8223617,9.958615e-06,2,AT3G23100;AT3G23110,AT3G23100,AT3G23100,0.0
3,Chr3_3445825.0,3445825,9.980064e-06,0,,,,
4,Chr4_11924097.0,11924097,1.000786e-05,1,AT4G22680,AT4G22680,AT4G22680,0.0
4,Chr4_11924099.0,11924099,1.000786e-05,1,AT4G22680,AT4G22680,AT4G22680,0.0
1,Chr1_4275206.0,4275206,1.007872e-05,1,AT1G12550,AT1G12550,AT1G12550,0.0
5,Chr5_25586626.0,25586626,1.008011e-05,0,,,,
3,Chr3_15608329.0,15608329,1.016317e-05,0,,,,
5,Chr5_26873287.0,26873287,1.017078e-05,1,AT5G67360,AT5G67360,AT5G67360,0.0
5,Chr5_4797923.0,4797923,1.01708e-05,0,,,,
5,Chr5_4797976.0,4797976,1.01708e-05,0,,,,
4,Chr4_14915942.0,14915942,1.0198e-05,0,,,,
4,Chr4_951322.0,951322,1.021137e-05,1,AT4G02150,AT4G02150,AT4G02150,0.0
4,Chr4_10271370.0,10271370,1.021435e-05,0,,,,
1,Chr1_4103793.0,4103793,1.025496e-05,0,,,,
1,Chr1_4978953.0,4978953,1.025995e-05,0,,,,
4,Chr4_917449.0,917449,1.02942e-05,0,,,,
5,Chr5_17517256.0,17517256,1.036382e-05,0,,,,
2,Chr2_112381.0,112381,1.049648e-05,0,,,,
5,Chr5_25620499.0,25620499,1.050115e-05,1,AT5G64020,AT5G64020,AT5G64020,0.0
5,Chr5_25621486.0,25621486,1.050115e-05,1,AT5G64020,AT5G64020,AT5G64020,0.0
3,Chr3_3014334.0,3014334,1.051984e-05,1,AT3G09820,AT3G09820,AT3G09820,0.0
1,Chr1_10170593.0,10170593,1.052961e-05,0,,,,
1,Chr1_10171233.0,10171233,1.052961e-05,0,,,,
1,Chr1_10171604.0,10171604,1.052961e-05,0,,,,
4,Chr4_13005199.0,13005199,1.061717e-05,1,AT4G25434,AT4G25434,AT4G25434,0.0
1,Chr1_24412318.0,24412318,1.066858e-05,1,AT1G65640,AT1G65640,AT1G65640,0.0
5,Chr5_13943786.0,13943786,1.077102e-05,0,,,,
1,Chr1_17216257.0,17216257,1.07898e-05,0,,,,
1,Chr1_22595299.0,22595299,1.080463e-05,0,,,,
5,Chr5_17908823.0,17908823,1.081281e-05,0,,,,
5,Chr5_17908833.0,17908833,1.081281e-05,0,,,,
5,Chr5_17908838.0,17908838,1.081281e-05,0,,,,
5,Chr5_17908845.0,17908845,1.081281e-05,0,,,,
5,Chr5_17908854.0,17908854,1.081281e-05,0,,,,
5,Chr5_17908887.0,17908887,1.081281e-05,0,,,,
5,Chr5_17908888.0,17908888,1.081281e-05,0,,,,
5,Chr5_17908890.0,17908890,1.081281e-05,0,,,,
2,Chr2_4483234.0,4483234,1.082473e-05,0,,,,
5,Chr5_11193509.0,11193509,1.087017e-05,0,,,,
3,Chr3_15594778.0,15594778,1.087522e-05,0,,,,
2,Chr2_4397759.0,4397759,1.087582e-05,0,,,,
5,Chr5_10042960.0,10042960,1.08851e-05,0,,,,
2,Chr2_9074280.0,9074280,1.089003e-05,0,,,,
5,Chr5_18932875.0,18932875,1.093616e-05,1,AT5G46660,AT5G46660,AT5G46660,0.0
5,Chr5_11191808.0,11191808,1.097925e-05,1,AT5G29560,AT5G29560,AT5G29560,0.0
5,Chr5_25562855.0,25562855,1.105377e-05,1,AT5G63870,AT5G63870,AT5G63870,0.0
5,Chr5_15147660.0,15147660,1.120434e-05,0,,,,
5,Chr5_20788775.0,20788775,1.122058e-05,0,,,,
3,Chr3_18891389.0,18891389,1.125017e-05,1,AT3G50820,AT3G50820,AT3G50820,0.0
2,Chr2_717275.0,717275,1.127825e-05,1,AT2G02620,AT2G02620,AT2G02620,0.0
2,Chr2_9508296.0,9508296,1.129926e-05,1,AT2G22400,AT2G22400,AT2G22400,0.0
1,Chr1_11124983.0,11124983,1.131119e-05,0,,,,
2,Chr2_94132.0,94132,1.131223e-05,1,AT2G01130,AT2G01130,AT2G01130,0.0
1,Chr1_4116573.0,4116573,1.132259e-05,1,AT1G12120,AT1G12120,AT1G12120,0.0
5,Chr5_15149634.0,15149634,1.137128e-05,0,,,,
5,Chr5_12125050.0,12125050,1.139608e-05,0,,,,
4,Chr4_16454800.0,16454800,1.139777e-05,0,,,,
5,Chr5_11149404.0,11149404,1.146487e-05,0,,,,
5,Chr5_11149408.0,11149408,1.146487e-05,0,,,,
3,Chr3_20214951.0,20214951,1.147719e-05,1,AT3G54610,AT3G54610,AT3G54610,0.0
3,Chr3_9076125.0,9076125,1.155661e-05,1,AT3G24870,AT3G24870,AT3G24870,0.0
2,Chr2_4189262.0,4189262,1.162749e-05,0,,,,
3,Chr3_16470151.0,16470151,1.169884e-05,1,AT3G45020,AT3G45020,AT3G45020,0.0
4,Chr4_2423655.0,2423655,1.177021e-05,0,,,,
2,Chr2_2188792.0,2188792,1.177517e-05,0,,,,
3,Chr3_11615042.0,11615042,1.186628e-05,0,,,,
3,Chr3_1824350.0,1824350,1.187682e-05,0,,,,
3,Chr3_1826294.0,1826294,1.187682e-05,1,AT3G06050,AT3G06050,AT3G06050,0.0
3,Chr3_1826480.0,1826480,1.187682e-05,1,AT3G06050,AT3G06050,AT3G06050,0.0
3,Chr3_1826490.0,1826490,1.187682e-05,1,AT3G06050,AT3G06050,AT3G06050,0.0
4,Chr4_2008324.0,2008324,1.189435e-05,0,,,,
5,Chr5_13620835.0,13620835,1.199974e-05,0,,,,
2,Chr2_667871.0,667871,1.204026e-05,1,AT2G02490,AT2G02490,AT2G02490,0.0
5,Chr5_14051154.0,14051154,1.206432e-05,0,,,,
5,Chr5_14051184.0,14051184,1.206432e-05,0,,,,
5,Chr5_14051218.0,14051218,1.206432e-05,0,,,,
3,Chr3_10950901.0,10950901,1.214027e-05,0,,,,
3,Chr3_8187687.0,8187687,1.218789e-05,0,,,,
3,Chr3_13965147.0,13965147,1.227519e-05,0,,,,
5,Chr5_16945265.0,16945265,1.230663e-05,1,AT5G42390,AT5G42390,AT5G42390,0.0
1,Chr1_21200003.0,21200003,1.232218e-05,0,,,,
4,Chr4_949406.0,949406,1.236244e-05,0,,,,
5,Chr5_13941826.0,13941826,1.237733e-05,0,,,,
5,Chr5_13945675.0,13945675,1.240155e-05,0,,,,
5,Chr5_13946602.0,13946602,1.240155e-05,0,,,,
4,Chr4_13025968.0,13025968,1.243434e-05,1,AT4G25500,AT4G25500,AT4G25500,0.0
4,Chr4_6683060.0,6683060,1.244654e-05,0,,,,
1,Chr1_24237821.0,24237821,1.257695e-05,1,AT1G65260,AT1G65260,AT1G65260,0.0
4,Chr4_13080626.0,13080626,1.268625e-05,0,,,,
1,Chr1_6454681.0,6454681,1.280122e-05,0,,,,
4,Chr4_10641175.0,10641175,1.283991e-05,1,AT4G19520,AT4G19520,AT4G19520,0.0
4,Chr4_70965.0,70965,1.286364e-05,1,AT4G00170,AT4G00170,AT4G00170,0.0
5,Chr5_18043801.0,18043801,1.287423e-05,1,AT5G44720,AT5G44720,AT5G44720,0.0
5,Chr5_25569228.0,25569228,1.306038e-05,1,AT5G63900,AT5G63900,AT5G63900,0.0
5,Chr5_25570672.0,25570672,1.306038e-05,0,,,,
5,Chr5_25570673.0,25570673,1.306038e-05,0,,,,
5,Chr5_25572688.0,25572688,1.306038e-05,1,AT5G63910,AT5G63910,AT5G63910,0.0
5,Chr5_25579709.0,25579709,1.306038e-05,1,AT5G63920,AT5G63920,AT5G63920,0.0
4,Chr4_5970572.0,5970572,1.308501e-05,0,,,,
4,Chr4_12934471.0,12934471,1.324213e-05,0,,,,
4,Chr4_12934472.0,12934472,1.324213e-05,0,,,,
3,Chr3_12176775.0,12176775,1.324799e-05,0,,,,
5,Chr5_1042370.0,1042370,1.332993e-05,0,,,,
5,Chr5_26871586.0,26871586,1.334285e-05,0,,,,
5,Chr5_26872505.0,26872505,1.334285e-05,1,AT5G67360,AT5G67360,AT5G67360,0.0
2,Chr2_672483.0,672483,1.338441e-05,1,AT2G02500,AT2G02500,AT2G02500,0.0
2,Chr2_2192486.0,2192486,1.340206e-05,0,,,,
5,Chr5_18500795.0,18500795,1.343078e-05,0,,,,
3,Chr3_6494485.0,6494485,1.351447e-05,0,,,,
3,Chr3_6500374.0,6500374,1.351447e-05,1,AT3G18850,AT3G18850,AT3G18850,0.0
3,Chr3_6502169.0,6502169,1.351447e-05,1,AT3G18860,AT3G18860,AT3G18860,0.0
3,Chr3_6503543.0,6503543,1.351447e-05,1,AT3G18860,AT3G18860,AT3G18860,0.0
3,Chr3_6506916.0,6506916,1.351447e-05,1,AT3G18860,AT3G18860,AT3G18860,0.0
3,Chr3_6506921.0,6506921,1.351447e-05,1,AT3G18860,AT3G18860,AT3G18860,0.0
3,Chr3_6510004.0,6510004,1.351447e-05,1,AT3G18880,AT3G18880,AT3G18880,0.0
3,Chr3_8219528.0,8219528,1.356254e-05,0,,,,
3,Chr3_8219790.0,8219790,1.356254e-05,0,,,,
4,Chr4_2367385.0,2367385,1.35801e-05,0,,,,
1,Chr1_27215365.0,27215365,1.359872e-05,0,,,,
5,Chr5_12943631.0,12943631,1.370293e-05,0,,,,
5,Chr5_9234768.0,9234768,1.375176e-05,1,AT5G26310,AT5G26310,AT5G26310,0.0
5,Chr5_9238187.0,9238187,1.375176e-05,0,,,,
5,Chr5_9239028.0,9239028,1.375176e-05,1,AT5G26320,AT5G26320,AT5G26320,0.0
5,Chr5_9242829.0,9242829,1.375176e-05,0,,,,
5,Chr5_9255483.0,9255483,1.375176e-05,1,AT5G26360,AT5G26360,AT5G26360,0.0
5,Chr5_9259913.0,9259913,1.375176e-05,0,,,,
5,Chr5_9264962.0,9264962,1.375176e-05,1,AT5G26570,AT5G26570,AT5G26570,0.0
5,Chr5_9266030.0,9266030,1.375176e-05,1,AT5G26570,AT5G26570,AT5G26570,0.0
5,Chr5_9266654.0,9266654,1.375176e-05,1,AT5G26570,AT5G26570,AT5G26570,0.0
5,Chr5_9269476.0,9269476,1.375176e-05,1,AT5G26594,AT5G26594,AT5G26594,0.0
1,Chr1_4295097.0,4295097,1.383111e-05,1,AT1G12620,AT1G12620,AT1G12620,0.0
5,Chr5_13943934.0,13943934,1.38805e-05,0,,,,
5,Chr5_13948097.0,13948097,1.406446e-05,0,,,,
2,Chr2_677350.0,677350,1.409546e-05,1,AT2G02520,AT2G02520,AT2G02520,0.0
2,Chr2_680190.0,680190,1.409546e-05,0,,,,
2,Chr2_15501086.0,15501086,1.412517e-05,0,,,,
1,Chr1_19725886.0,19725886,1.416725e-05,1,AT1G52950,AT1G52950,AT1G52950,0.0
3,Chr3_8222079.0,8222079,1.445732e-05,1,AT3G23100,AT3G23100,AT3G23100,0.0
4,Chr4_9865607.0,9865607,1.450356e-05,1,AT4G17730,AT4G17730,AT4G17730,0.0
4,Chr4_10144737.0,10144737,1.458864e-05,0,,,,
5,Chr5_7042523.0,7042523,1.46792e-05,0,,,,
4,Chr4_9046942.0,9046942,1.468788e-05,1,AT4G15960,AT4G15960,AT4G15960,0.0
2,Chr2_2205882.0,2205882,1.470909e-05,0,,,,
5,Chr5_13858630.0,13858630,1.496743e-05,1,AT5G35680,AT5G35680,AT5G35680,0.0
5,Chr5_9275721.0,9275721,1.503817e-05,0,,,,
4,Chr4_17638272.0,17638272,1.505788e-05,0,,,,
2,Chr2_14057492.0,14057492,1.507379e-05,1,AT2G33170,AT2G33170,AT2G33170,0.0
4,Chr4_918040.0,918040,1.509408e-05,0,,,,
4,Chr4_918109.0,918109,1.509408e-05,0,,,,
2,Chr2_676635.0,676635,1.518463e-05,0,,,,
5,Chr5_12410620.0,12410620,1.523914e-05,0,,,,
5,Chr5_8522205.0,8522205,1.529842e-05,1,AT5G24810,AT5G24810,AT5G24810,0.0
2,Chr2_7496685.0,7496685,1.530824e-05,0,,,,
1,Chr1_4298392.0,4298392,1.534637e-05,0,,,,
5,Chr5_13993202.0,13993202,1.539905e-05,0,,,,
1,Chr1_4068231.0,4068231,1.543087e-05,0,,,,
5,Chr5_25569627.0,25569627,1.553317e-05,1,AT5G63900,AT5G63900,AT5G63900,0.0
5,Chr5_25571781.0,25571781,1.553317e-05,0,,,,
5,Chr5_11347448.0,11347448,1.578634e-05,0,,,,
1,Chr1_4298360.0,4298360,1.580381e-05,0,,,,
5,Chr5_13545687.0,13545687,1.581691e-05,0,,,,
1,Chr1_4126325.0,4126325,1.585137e-05,1,AT1G12160,AT1G12160,AT1G12160,0.0
5,Chr5_13944125.0,13944125,1.592612e-05,0,,,,
1,Chr1_12248579.0,12248579,1.592877e-05,0,,,,
4,Chr4_13106844.0,13106844,1.609296e-05,0,,,,
3,Chr3_4635357.0,4635357,1.609978e-05,0,,,,
2,Chr2_3660803.0,3660803,1.613147e-05,0,,,,
5,Chr5_13943467.0,13943467,1.616607e-05,0,,,,
3,Chr3_13942869.0,13942869,1.623429e-05,0,,,,
4,Chr4_6811448.0,6811448,1.63114e-05,1,AT4G11170,AT4G11170,AT4G11170,0.0
1,Chr1_8851272.0,8851272,1.632135e-05,1,AT1G25250,AT1G25250,AT1G25250,0.0
2,Chr2_4516062.0,4516062,1.632389e-05,0,,,,
1,Chr1_4145475.0,4145475,1.639085e-05,1,AT1G12220,AT1G12220,AT1G12220,0.0
1,Chr1_497447.0,497447,1.641612e-05,1,AT1G02440,AT1G02440,AT1G02440,0.0
1,Chr1_26154315.0,26154315,1.644307e-05,0,,,,
5,Chr5_8272839.0,8272839,1.6558e-05,0,,,,
5,Chr5_16029876.0,16029876,1.656062e-05,1,AT5G40040,AT5G40040,AT5G40040,0.0
5,Chr5_16031975.0,16031975,1.656062e-05,0,,,,
4,Chr4_948133.0,948133,1.663539e-05,0,,,,
1,Chr1_15536209.0,15536209,1.67359e-05,0,,,,
1,Chr1_15537634.0,15537634,1.67359e-05,0,,,,
1,Chr1_15538352.0,15538352,1.67359e-05,0,,,,
2,Chr2_602694.0,602694,1.675513e-05,0,,,,
5,Chr5_13941979.0,13941979,1.67579e-05,0,,,,
1,Chr1_4180973.0,4180973,1.675811e-05,1,AT1G12290,AT1G12290,AT1G12290,0.0
3,Chr3_14064803.0,14064803,1.686151e-05,0,,,,
5,Chr5_26567386.0,26567386,1.693013e-05,1,AT5G66562,AT5G66562,AT5G66562,0.0
5,Chr5_26567575.0,26567575,1.693013e-05,1,AT5G66564,AT5G66564,AT5G66564,0.0
4,Chr4_17652004.0,17652004,1.698273e-05,0,,,,
1,Chr1_1662506.0,1662506,1.700836e-05,1,AT1G05577,AT1G05577,AT1G05577,0.0
5,Chr5_13942120.0,13942120,1.702401e-05,0,,,,
3,Chr3_12870447.0,12870447,1.707394e-05,0,,,,
4,Chr4_954211.0,954211,1.738561e-05,0,,,,
4,Chr4_869768.0,869768,1.743134e-05,0,,,,
3,Chr3_10955166.0,10955166,1.749801e-05,0,,,,
3,Chr3_22048716.0,22048716,1.755289e-05,0,,,,
4,Chr4_1849666.0,1849666,1.757558e-05,0,,,,
3,Chr3_16942738.0,16942738,1.758659e-05,0,,,,
3,Chr3_16942741.0,16942741,1.758659e-05,0,,,,
3,Chr3_16942844.0,16942844,1.758659e-05,0,,,,
3,Chr3_16942845.0,16942845,1.758659e-05,0,,,,
1,Chr1_17220301.0,17220301,1.76088e-05,0,,,,
1,Chr1_17220321.0,17220321,1.76088e-05,0,,,,
1,Chr1_14224628.0,14224628,1.7627e-05,0,,,,
2,Chr2_4341077.0,4341077,1.778743e-05,0,,,,
5,Chr5_21974134.0,21974134,1.786104e-05,0,,,,
5,Chr5_21977739.0,21977739,1.786104e-05,1,AT5G54150,AT5G54150,AT5G54150,0.0
2,Chr2_2212927.0,2212927,1.787451e-05,0,,,,
4,Chr4_919122.0,919122,1.787921e-05,0,,,,
5,Chr5_17961582.0,17961582,1.788909e-05,1,AT5G44568,AT5G44568,AT5G44568,0.0
1,Chr1_1796698.0,1796698,1.792866e-05,0,,,,
3,Chr3_11973123.0,11973123,1.80265e-05,0,,,,
3,Chr3_11973158.0,11973158,1.80265e-05,0,,,,
3,Chr3_20434688.0,20434688,1.811385e-05,1,AT3G55130,AT3G55130,AT3G55130,0.0
1,Chr1_14466019.0,14466019,1.822461e-05,0,,,,
3,Chr3_9841860.0,9841860,1.826301e-05,1,AT3G26750,AT3G26750,AT3G26750,0.0
5,Chr5_11193276.0,11193276,1.826888e-05,0,,,,
5,Chr5_298360.0,298360,1.831631e-05,1,AT5G01770,AT5G01770,AT5G01770,0.0
1,Chr1_496209.0,496209,1.837077e-05,0,,,,
3,Chr3_3371982.0,3371982,1.85173e-05,0,,,,
1,Chr1_19731826.0,19731826,1.860779e-05,0,,,,
5,Chr5_24515977.0,24515977,1.867718e-05,1,AT5G60930,AT5G60930,AT5G60930,0.0
1,Chr1_496977.0,496977,1.86822e-05,1,AT1G02440,AT1G02440,AT1G02440,0.0
4,Chr4_17530738.0,17530738,1.875114e-05,0,,,,
3,Chr3_20809179.0,20809179,1.87846e-05,0,,,,
2,Chr2_81012.0,81012,1.886682e-05,1,AT2G01090,AT2G01090,AT2G01090,0.0
4,Chr4_5754424.0,5754424,1.887273e-05,0,,,,
1,Chr1_22992112.0,22992112,1.888715e-05,0,,,,
1,Chr1_9159952.0,9159952,1.894833e-05,1,AT1G26510,AT1G26510,AT1G26510,0.0
2,Chr2_227404.0,227404,1.897377e-05,0,,,,
3,Chr3_16626538.0,16626538,1.905536e-05,0,,,,
5,Chr5_13859152.0,13859152,1.906038e-05,0,,,,
1,Chr1_22928620.0,22928620,1.919265e-05,0,,,,
4,Chr4_1199074.0,1199074,1.920217e-05,0,,,,
4,Chr4_10614040.0,10614040,1.936841e-05,1,AT4G19470,AT4G19470,AT4G19470,0.0
5,Chr5_19143306.0,19143306,1.937793e-05,0,,,,
4,Chr4_1895670.0,1895670,1.941708e-05,0,,,,
4,Chr4_1895919.0,1895919,1.941708e-05,0,,,,
3,Chr3_12759641.0,12759641,1.943888e-05,0,,,,
3,Chr3_12759958.0,12759958,1.943888e-05,0,,,,
3,Chr3_12760063.0,12760063,1.943888e-05,0,,,,
3,Chr3_12760256.0,12760256,1.943888e-05,0,,,,
1,Chr1_28560785.0,28560785,1.948112e-05,0,,,,
3,Chr3_1823812.0,1823812,1.961159e-05,1,AT3G06035,AT3G06035,AT3G06035,0.0
5,Chr5_13801798.0,13801798,1.975006e-05,0,,,,
1,Chr1_4290436.0,4290436,1.983209e-05,1,AT1G12610,AT1G12610,AT1G12610,0.0
4,Chr4_15738223.0,15738223,1.983407e-05,1,AT4G32630,AT4G32630,AT4G32630,0.0
5,Chr5_15114281.0,15114281,2.002156e-05,0,,,,
3,Chr3_20448443.0,20448443,2.002952e-05,1,AT3G55160,AT3G55160,AT3G55160,0.0
4,Chr4_918554.0,918554,2.018172e-05,0,,,,
1,Chr1_4116214.0,4116214,2.020863e-05,1,AT1G12120,AT1G12120,AT1G12120,0.0
2,Chr2_17115795.0,17115795,2.02472e-05,0,,,,
2,Chr2_4330058.0,4330058,2.035038e-05,0,,,,
5,Chr5_25536837.0,25536837,2.037751e-05,0,,,,
3,Chr3_14061705.0,14061705,2.045683e-05,0,,,,
2,Chr2_6790599.0,6790599,2.061304e-05,0,,,,
4,Chr4_893875.0,893875,2.064281e-05,1,AT4G02030,AT4G02030,AT4G02030,0.0
1,Chr1_9280529.0,9280529,2.079177e-05,0,,,,
2,Chr2_9087069.0,9087069,2.084196e-05,0,,,,
3,Chr3_16466221.0,16466221,2.094908e-05,0,,,,
4,Chr4_17707596.0,17707596,2.09585e-05,0,,,,
3,Chr3_8225031.0,8225031,2.102959e-05,1,AT3G23100,AT3G23100,AT3G23100,0.0
3,Chr3_8225038.0,8225038,2.102959e-05,1,AT3G23100,AT3G23100,AT3G23100,0.0
3,Chr3_8225039.0,8225039,2.102959e-05,1,AT3G23100,AT3G23100,AT3G23100,0.0
3,Chr3_12443697.0,12443697,2.123367e-05,0,,,,
3,Chr3_15527090.0,15527090,2.128441e-05,0,,,,
1,Chr1_7001811.0,7001811,2.130355e-05,1,AT1G20200,AT1G20200,AT1G20200,0.0
1,Chr1_7005720.0,7005720,2.130355e-05,1,AT1G20220,AT1G20220,AT1G20220,0.0
3,Chr3_16626546.0,16626546,2.132127e-05,0,,,,
4,Chr4_9509318.0,9509318,2.134575e-05,0,,,,
5,Chr5_19036482.0,19036482,2.13659e-05,1,AT5G46890,AT5G46890,AT5G46890,0.0
4,Chr4_10054469.0,10054469,2.14078e-05,0,,,,
4,Chr4_15344003.0,15344003,2.141775e-05,1,AT4G31690,AT4G31690,AT4G31690,0.0
5,Chr5_13941061.0,13941061,2.167792e-05,0,,,,
1,Chr1_4311377.0,4311377,2.169412e-05,1,AT1G12663,AT1G12663,AT1G12663,0.0
1,Chr1_4311577.0,4311577,2.169412e-05,0,,,,
1,Chr1_4312593.0,4312593,2.169412e-05,1,AT1G12665,AT1G12665,AT1G12665,0.0
4,Chr4_9053841.0,9053841,2.172544e-05,0,,,,
4,Chr4_9054261.0,9054261,2.172544e-05,0,,,,
5,Chr5_7042672.0,7042672,2.174088e-05,0,,,,
4,Chr4_17655702.0,17655702,2.179007e-05,0,,,,
2,Chr2_6772496.0,6772496,2.181816e-05,0,,,,
3,Chr3_16292835.0,16292835,2.185377e-05,0,,,,
2,Chr2_9224333.0,9224333,2.198609e-05,1,AT2G21540,AT2G21540,AT2G21540,0.0
5,Chr5_571704.0,571704,2.202586e-05,0,,,,
4,Chr4_12365323.0,12365323,2.206403e-05,0,,,,
1,Chr1_3440562.0,3440562,2.208585e-05,0,,,,
5,Chr5_24207190.0,24207190,2.214551e-05,0,,,,
5,Chr5_24250386.0,24250386,2.214551e-05,1,AT5G60230,AT5G60230,AT5G60230,0.0
5,Chr5_24254824.0,24254824,2.214551e-05,1,AT5G60250,AT5G60250,AT5G60250,0.0
5,Chr5_13856761.0,13856761,2.215755e-05,1,AT5G35670,AT5G35670,AT5G35670,0.0
5,Chr5_25623550.0,25623550,2.220596e-05,0,,,,
5,Chr5_25625245.0,25625245,2.220596e-05,1,AT5G64030,AT5G64030,AT5G64030,0.0
5,Chr5_25626901.0,25626901,2.220596e-05,1,AT5G64030,AT5G64030,AT5G64030,0.0
5,Chr5_14689030.0,14689030,2.231929e-05,0,,,,
5,Chr5_13164207.0,13164207,2.249641e-05,0,,,,
4,Chr4_13722715.0,13722715,2.253521e-05,1,AT4G27430,AT4G27430,AT4G27430,0.0
2,Chr2_7690375.0,7690375,2.259194e-05,0,,,,
4,Chr4_15356987.0,15356987,2.259697e-05,0,,,,
2,Chr2_2211221.0,2211221,2.270071e-05,0,,,,
5,Chr5_25623870.0,25623870,2.277782e-05,0,,,,
5,Chr5_11423559.0,11423559,2.282084e-05,0,,,,
1,Chr1_2174124.0,2174124,2.284944e-05,1,AT1G07090,AT1G07090,AT1G07090,0.0
5,Chr5_13943938.0,13943938,2.288179e-05,0,,,,
2,Chr2_94452.0,94452,2.289633e-05,1,AT2G01130,AT2G01130,AT2G01130,0.0
2,Chr2_6787204.0,6787204,2.293007e-05,0,,,,
2,Chr2_2213383.0,2213383,2.309165e-05,0,,,,
5,Chr5_9239335.0,9239335,2.309736e-05,1,AT5G26320,AT5G26320,AT5G26320,0.0
2,Chr2_16074574.0,16074574,2.311858e-05,0,,,,
1,Chr1_23710351.0,23710351,2.311982e-05,1,AT1G63870,AT1G63870,AT1G63870,0.0
1,Chr1_13634891.0,13634891,2.312836e-05,0,,,,
4,Chr4_14894449.0,14894449,2.313904e-05,1,AT4G30470,AT4G30470,AT4G30470,0.0
2,Chr2_17260657.0,17260657,2.319918e-05,0,,,,
4,Chr4_11918195.0,11918195,2.333554e-05,1,AT4G22670,AT4G22670,AT4G22670,0.0
2,Chr2_9495680.0,9495680,2.337484e-05,1,AT2G22345,AT2G22345,AT2G22345,0.0
3,Chr3_17663526.0,17663526,2.348369e-05,0,,,,
4,Chr4_4171535.0,4171535,2.353231e-05,0,,,,
4,Chr4_4171536.0,4171536,2.353231e-05,0,,,,
5,Chr5_5673430.0,5673430,2.362233e-05,1,AT5G17250,AT5G17250,AT5G17250,0.0
2,Chr2_663871.0,663871,2.364537e-05,1,AT2G02480,AT2G02480,AT2G02480,0.0
3,Chr3_12435396.0,12435396,2.366949e-05,0,,,,
3,Chr3_12435727.0,12435727,2.366949e-05,0,,,,
3,Chr3_12436371.0,12436371,2.366949e-05,0,,,,
3,Chr3_12437426.0,12437426,2.366949e-05,0,,,,
5,Chr5_7276750.0,7276750,2.367783e-05,0,,,,
5,Chr5_18023187.0,18023187,2.373861e-05,0,,,,
4,Chr4_1968251.0,1968251,2.396437e-05,0,,,,
4,Chr4_1972620.0,1972620,2.396437e-05,1,AT4G04110,AT4G04110,AT4G04110,0.0
4,Chr4_8960031.0,8960031,2.401416e-05,0,,,,
4,Chr4_8148629.0,8148629,2.40237e-05,1,AT4G14140,AT4G14140,AT4G14140,0.0
5,Chr5_11797602.0,11797602,2.406026e-05,0,,,,
5,Chr5_12133975.0,12133975,2.406026e-05,0,,,,
5,Chr5_12134205.0,12134205,2.406026e-05,0,,,,
4,Chr4_13082871.0,13082871,2.40676e-05,1,AT4G25650,AT4G25650,AT4G25650,0.0
1,Chr1_545160.0,545160,2.427257e-05,1,AT1G02580,AT1G02580,AT1G02580,0.0
5,Chr5_9460699.0,9460699,2.436045e-05,1,AT5G26890,AT5G26890,AT5G26890,0.0
1,Chr1_19910008.0,19910008,2.446545e-05,0,,,,
3,Chr3_13930185.0,13930185,2.454651e-05,0,,,,
4,Chr4_13693993.0,13693993,2.464456e-05,1,AT4G27360,AT4G27360,AT4G27360,0.0
2,Chr2_660586.0,660586,2.469949e-05,0,,,,
4,Chr4_934662.0,934662,2.47573e-05,0,,,,
4,Chr4_936054.0,936054,2.47573e-05,1,AT4G02110,AT4G02110,AT4G02110,0.0
4,Chr4_942696.0,942696,2.47573e-05,1,AT4G02120,AT4G02120,AT4G02120,0.0
4,Chr4_942698.0,942698,2.47573e-05,1,AT4G02120,AT4G02120,AT4G02120,0.0
4,Chr4_942699.0,942699,2.47573e-05,1,AT4G02120,AT4G02120,AT4G02120,0.0
5,Chr5_24433778.0,24433778,2.486602e-05,0,,,,
3,Chr3_20611805.0,20611805,2.488105e-05,0,,,,
3,Chr3_8225012.0,8225012,2.492879e-05,1,AT3G23100,AT3G23100,AT3G23100,0.0
3,Chr3_14326172.0,14326172,2.49569e-05,1,AT3G42180,AT3G42180,AT3G42180,0.0
3,Chr3_16773972.0,16773972,2.501573e-05,0,,,,
3,Chr3_4638322.0,4638322,2.512697e-05,1,AT3G14010,AT3G14010,AT3G14010,0.0
2,Chr2_13695918.0,13695918,2.533529e-05,1,AT2G32250,AT2G32250,AT2G32250,0.0
4,Chr4_2005065.0,2005065,2.53628e-05,0,,,,
4,Chr4_10638274.0,10638274,2.559787e-05,1,AT4G19510,AT4G19510,AT4G19510,0.0
4,Chr4_10638352.0,10638352,2.559787e-05,1,AT4G19510,AT4G19510,AT4G19510,0.0
2,Chr2_73835.0,73835,2.571191e-05,1,AT2G01060,AT2G01060,AT2G01060,0.0
5,Chr5_6528604.0,6528604,2.572877e-05,1,AT5G19380,AT5G19380,AT5G19380,0.0
2,Chr2_13374484.0,13374484,2.591556e-05,0,,,,
3,Chr3_15642560.0,15642560,2.598435e-05,0,,,,
4,Chr4_6049200.0,6049200,2.616843e-05,0,,,,
5,Chr5_8195808.0,8195808,2.617974e-05,1,AT5G24180,AT5G24180,AT5G24180,0.0
5,Chr5_8195858.0,8195858,2.617974e-05,1,AT5G24180,AT5G24180,AT5G24180,0.0
1,Chr1_27183587.0,27183587,2.623994e-05,0,,,,
1,Chr1_27183993.0,27183993,2.623994e-05,0,,,,
5,Chr5_25505536.0,25505536,2.630483e-05,0,,,,
5,Chr5_9854973.0,9854973,2.634464e-05,0,,,,
3,Chr3_10943646.0,10943646,2.636683e-05,0,,,,
4,Chr4_7811834.0,7811834,2.646329e-05,0,,,,
3,Chr3_10462267.0,10462267,2.658823e-05,0,,,,
3,Chr3_10463512.0,10463512,2.658823e-05,0,,,,
4,Chr4_6686434.0,6686434,2.659891e-05,0,,,,
3,Chr3_11126087.0,11126087,2.663443e-05,0,,,,
1,Chr1_33485.0,33485,2.665602e-05,1,AT1G01060,AT1G01060,AT1G01060,0.0
1,Chr1_4312020.0,4312020,2.672993e-05,0,,,,
2,Chr2_9105188.0,9105188,2.673468e-05,0,,,,
4,Chr4_880282.0,880282,2.680836e-05,0,,,,
3,Chr3_4636360.0,4636360,2.680965e-05,1,AT3G14010,AT3G14010,AT3G14010,0.0
3,Chr3_4641080.0,4641080,2.680965e-05,0,,,,
1,Chr1_11223226.0,11223226,2.681663e-05,0,,,,
4,Chr4_2005584.0,2005584,2.683575e-05,0,,,,
2,Chr2_4502642.0,4502642,2.694904e-05,0,,,,
2,Chr2_4511312.0,4511312,2.694904e-05,0,,,,
5,Chr5_9226857.0,9226857,2.699365e-05,1,AT5G26290,AT5G26290,AT5G26290,0.0
1,Chr1_944360.0,944360,2.71583e-05,0,,,,
2,Chr2_3660936.0,3660936,2.717008e-05,0,,,,
1,Chr1_4194978.0,4194978,2.73735e-05,1,AT1G12330,AT1G12330,AT1G12330,0.0
2,Chr2_7047529.0,7047529,2.745204e-05,1,AT2G16270,AT2G16270,AT2G16270,0.0
2,Chr2_7186220.0,7186220,2.745204e-05,1,AT2G16580,AT2G16580,AT2G16580,0.0
4,Chr4_7215223.0,7215223,2.750123e-05,1,AT4G12040,AT4G12040,AT4G12040,0.0
1,Chr1_4317311.0,4317311,2.756777e-05,0,,,,
1,Chr1_4317651.0,4317651,2.756777e-05,0,,,,
1,Chr1_4319276.0,4319276,2.756777e-05,0,,,,
1,Chr1_4319627.0,4319627,2.756777e-05,0,,,,
2,Chr2_15155970.0,15155970,2.774007e-05,0,,,,
1,Chr1_11093523.0,11093523,2.774703e-05,0,,,,
2,Chr2_4545055.0,4545055,2.774881e-05,0,,,,
3,Chr3_9841866.0,9841866,2.776074e-05,1,AT3G26750,AT3G26750,AT3G26750,0.0
4,Chr4_11643479.0,11643479,2.786369e-05,1,AT4G21940,AT4G21940,AT4G21940,0.0
2,Chr2_707519.0,707519,2.800524e-05,0,,,,
4,Chr4_2870849.0,2870849,2.805279e-05,0,,,,
2,Chr2_2332011.0,2332011,2.809905e-05,0,,,,
3,Chr3_12580581.0,12580581,2.812669e-05,0,,,,
3,Chr3_16740595.0,16740595,2.821009e-05,0,,,,
1,Chr1_17194558.0,17194558,2.822147e-05,0,,,,
3,Chr3_15654486.0,15654486,2.825608e-05,0,,,,
2,Chr2_15035677.0,15035677,2.828554e-05,1,AT2G35770,AT2G35770,AT2G35770,0.0
3,Chr3_15424303.0,15424303,2.834965e-05,0,,,,
4,Chr4_2578082.0,2578082,2.841702e-05,0,,,,
5,Chr5_9193945.0,9193945,2.879737e-05,1,AT5G26240,AT5G26240,AT5G26240,0.0
5,Chr5_9195615.0,9195615,2.879737e-05,0,,,,
5,Chr5_9195981.0,9195981,2.879737e-05,0,,,,
5,Chr5_9197870.0,9197870,2.879737e-05,1,AT5G26250,AT5G26250,AT5G26250,0.0
2,Chr2_78590.0,78590,2.884383e-05,1,AT2G01080,AT2G01080,AT2G01080,0.0
4,Chr4_18244780.0,18244780,2.890293e-05,1,AT4G39180,AT4G39180,AT4G39180,0.0
5,Chr5_13822232.0,13822232,2.905864e-05,0,,,,
1,Chr1_4174578.0,4174578,2.912846e-05,1,AT1G12270,AT1G12270,AT1G12270,0.0
5,Chr5_9102596.0,9102596,2.926947e-05,0,,,,
4,Chr4_3116961.0,3116961,2.937557e-05,1,AT4G06490,AT4G06490,AT4G06490,0.0
4,Chr4_13272253.0,13272253,2.949661e-05,0,,,,
2,Chr2_4508853.0,4508853,2.951066e-05,0,,,,
2,Chr2_4512915.0,4512915,2.951066e-05,0,,,,
4,Chr4_17636710.0,17636710,2.954597e-05,0,,,,
4,Chr4_10226443.0,10226443,2.956841e-05,1,AT4G18550,AT4G18550,AT4G18550,0.0
1,Chr1_23049292.0,23049292,2.958865e-05,1,AT1G62330,AT1G62330,AT1G62330,0.0
1,Chr1_4068458.0,4068458,2.979779e-05,0,,,,
5,Chr5_14758199.0,14758199,2.9851e-05,1,AT5G37270,AT5G37270,AT5G37270,0.0
5,Chr5_3586548.0,3586548,2.987362e-05,1,AT5G11240,AT5G11240,AT5G11240,0.0
5,Chr5_3595251.0,3595251,2.987362e-05,0,,,,
5,Chr5_3601566.0,3601566,2.987362e-05,1,AT5G11300,AT5G11300,AT5G11300,0.0
5,Chr5_3603315.0,3603315,2.987362e-05,1,AT5G11300,AT5G11300,AT5G11300,0.0
5,Chr5_3605803.0,3605803,2.987362e-05,0,,,,
5,Chr5_3611131.0,3611131,2.987362e-05,0,,,,
1,Chr1_17217168.0,17217168,2.997128e-05,0,,,,
1,Chr1_17607938.0,17607938,3.013423e-05,0,,,,
5,Chr5_25578438.0,25578438,3.024707e-05,1,AT5G63920,AT5G63920,AT5G63920,0.0
1,Chr1_15198001.0,15198001,3.040778e-05,0,,,,
5,Chr5_26528673.0,26528673,3.041887e-05,0,,,,
2,Chr2_4504580.0,4504580,3.04432e-05,0,,,,
2,Chr2_4506358.0,4506358,3.04432e-05,0,,,,
5,Chr5_25564586.0,25564586,3.049712e-05,1,AT5G63880,AT5G63880,AT5G63880,0.0
1,Chr1_27980999.0,27980999,3.064311e-05,0,,,,
1,Chr1_4326605.0,4326605,3.066591e-05,0,,,,
2,Chr2_71252.0,71252,3.070346e-05,0,,,,
1,Chr1_10431955.0,10431955,3.074437e-05,1,AT1G29790,AT1G29790,AT1G29790,0.0
1,Chr1_10431959.0,10431959,3.074437e-05,1,AT1G29790,AT1G29790,AT1G29790,0.0
1,Chr1_10432228.0,10432228,3.074437e-05,0,,,,
1,Chr1_10432242.0,10432242,3.074437e-05,0,,,,
1,Chr1_10432245.0,10432245,3.074437e-05,0,,,,
1,Chr1_10432247.0,10432247,3.074437e-05,0,,,,
1,Chr1_10432264.0,10432264,3.074437e-05,0,,,,
1,Chr1_10432269.0,10432269,3.074437e-05,0,,,,
1,Chr1_10432277.0,10432277,3.074437e-05,0,,,,
1,Chr1_10432289.0,10432289,3.074437e-05,0,,,,
1,Chr1_10432343.0,10432343,3.074437e-05,0,,,,
1,Chr1_10432351.0,10432351,3.074437e-05,0,,,,
2,Chr2_6339628.0,6339628,3.075922e-05,0,,,,
5,Chr5_13834360.0,13834360,3.080055e-05,0,,,,
3,Chr3_22672512.0,22672512,3.085736e-05,1,AT3G61250,AT3G61250,AT3G61250,0.0
4,Chr4_4609095.0,4609095,3.106916e-05,0,,,,
4,Chr4_4609096.0,4609096,3.106916e-05,0,,,,
3,Chr3_8224994.0,8224994,3.111829e-05,1,AT3G23100,AT3G23100,AT3G23100,0.0
4,Chr4_15361050.0,15361050,3.127583e-05,0,,,,
5,Chr5_15156578.0,15156578,3.134238e-05,0,,,,
5,Chr5_15156945.0,15156945,3.134238e-05,0,,,,
1,Chr1_3523147.0,3523147,3.141317e-05,0,,,,
4,Chr4_920916.0,920916,3.148707e-05,0,,,,
2,Chr2_4507339.0,4507339,3.149113e-05,0,,,,
5,Chr5_13695061.0,13695061,3.149246e-05,0,,,,
4,Chr4_16918127.0,16918127,3.149993e-05,1,AT4G35680,AT4G35680,AT4G35680,0.0
4,Chr4_3355946.0,3355946,3.151846e-05,0,,,,
3,Chr3_9499871.0,9499871,3.162084e-05,1,AT3G25960,AT3G25960,AT3G25960,0.0
2,Chr2_2197896.0,2197896,3.169563e-05,0,,,,
5,Chr5_11492279.0,11492279,3.17867e-05,0,,,,
5,Chr5_9757575.0,9757575,3.179477e-05,0,,,,
5,Chr5_26415304.0,26415304,3.191913e-05,0,,,,
5,Chr5_26415313.0,26415313,3.191913e-05,0,,,,
5,Chr5_26415385.0,26415385,3.191913e-05,0,,,,
4,Chr4_13087269.0,13087269,3.196989e-05,0,,,,
4,Chr4_1611180.0,1611180,3.1994e-05,0,,,,
2,Chr2_15449377.0,15449377,3.201809e-05,0,,,,
2,Chr2_15472301.0,15472301,3.201809e-05,0,,,,
2,Chr2_15485387.0,15485387,3.201809e-05,0,,,,
2,Chr2_16692141.0,16692141,3.205983e-05,0,,,,
1,Chr1_4319889.0,4319889,3.212611e-05,1,AT1G12680,AT1G12680,AT1G12680,0.0
3,Chr3_14068478.0,14068478,3.222177e-05,0,,,,
3,Chr3_14068597.0,14068597,3.222177e-05,0,,,,
5,Chr5_22292377.0,22292377,3.225144e-05,1,AT5G54880,AT5G54880,AT5G54880,0.0
4,Chr4_13085148.0,13085148,3.250964e-05,1,AT4G25660,AT4G25660,AT4G25660,0.0
5,Chr5_16410272.0,16410272,3.257817e-05,0,,,,
5,Chr5_11653418.0,11653418,3.258023e-05,0,,,,
5,Chr5_9270483.0,9270483,3.303058e-05,0,,,,
1,Chr1_15056734.0,15056734,3.307982e-05,0,,,,
4,Chr4_6684471.0,6684471,3.316308e-05,0,,,,
5,Chr5_18947414.0,18947414,3.317721e-05,1,AT5G46690,AT5G46690,AT5G46690,0.0
2,Chr2_4510516.0,4510516,3.318982e-05,0,,,,
3,Chr3_15657992.0,15657992,3.323891e-05,1,AT3G43790,AT3G43790,AT3G43790,0.0
4,Chr4_6308998.0,6308998,3.326742e-05,1,AT4G10100,AT4G10100,AT4G10100,0.0
4,Chr4_2002224.0,2002224,3.330407e-05,0,,,,
5,Chr5_2491417.0,2491417,3.333384e-05,1,AT5G07810,AT5G07810,AT5G07810,0.0
1,Chr1_23370781.0,23370781,3.335776e-05,0,,,,
1,Chr1_23370788.0,23370788,3.335776e-05,0,,,,
3,Chr3_9783464.0,9783464,3.343457e-05,0,,,,
2,Chr2_9082879.0,9082879,3.344334e-05,1,AT2G21190,AT2G21190,AT2G21190,0.0
2,Chr2_9084019.0,9084019,3.344334e-05,1,AT2G21200,AT2G21200,AT2G21200,0.0
3,Chr3_15641421.0,15641421,3.352152e-05,0,,,,
3,Chr3_15641744.0,15641744,3.352152e-05,0,,,,
4,Chr4_13081167.0,13081167,3.353859e-05,1,AT4G25650,AT4G25650,AT4G25650,0.0
2,Chr2_15436402.0,15436402,3.367016e-05,1,AT2G36810,AT2G36810,AT2G36810,0.0
3,Chr3_15187032.0,15187032,3.368903e-05,0,,,,
1,Chr1_3035320.0,3035320,3.398647e-05,0,,,,
1,Chr1_4298364.0,4298364,3.425094e-05,0,,,,
5,Chr5_11528919.0,11528919,3.433132e-05,0,,,,
4,Chr4_10088301.0,10088301,3.433677e-05,1,AT4G18250,AT4G18250,AT4G18250,0.0
4,Chr4_10102985.0,10102985,3.433677e-05,0,,,,
5,Chr5_5567815.0,5567815,3.443421e-05,1,AT5G16920,AT5G16920,AT5G16920,0.0
1,Chr1_25999603.0,25999603,3.45073e-05,0,,,,
1,Chr1_26167751.0,26167751,3.451982e-05,0,,,,
1,Chr1_4229435.0,4229435,3.452898e-05,0,,,,
2,Chr2_4500699.0,4500699,3.465842e-05,0,,,,
2,Chr2_9234829.0,9234829,3.469989e-05,0,,,,
5,Chr5_13164465.0,13164465,3.484645e-05,0,,,,
2,Chr2_13692889.0,13692889,3.488143e-05,0,,,,
2,Chr2_13694523.0,13694523,3.488143e-05,1,AT2G32250,AT2G32250,AT2G32250,0.0
2,Chr2_13696249.0,13696249,3.488143e-05,1,AT2G32250,AT2G32250,AT2G32250,0.0
3,Chr3_15430322.0,15430322,3.498522e-05,0,,,,
2,Chr2_17793584.0,17793584,3.513152e-05,1,AT2G42750,AT2G42750,AT2G42750,0.0
4,Chr4_2313157.0,2313157,3.525825e-05,0,,,,
2,Chr2_9077521.0,9077521,3.530318e-05,0,,,,
4,Chr4_10618013.0,10618013,3.545953e-05,1,AT4G19490,AT4G19490,AT4G19490,0.0
4,Chr4_10618073.0,10618073,3.545953e-05,1,AT4G19490,AT4G19490,AT4G19490,0.0
4,Chr4_10620416.0,10620416,3.545953e-05,1,AT4G19490,AT4G19490,AT4G19490,0.0
3,Chr3_11623377.0,11623377,3.547926e-05,0,,,,
2,Chr2_4509508.0,4509508,3.554538e-05,0,,,,
2,Chr2_4509913.0,4509913,3.554538e-05,0,,,,
1,Chr1_4192157.0,4192157,3.557845e-05,0,,,,
3,Chr3_15529751.0,15529751,3.558319e-05,0,,,,
5,Chr5_340190.0,340190,3.568566e-05,2,AT5G01880;AT5G01881,AT5G01880,AT5G01880,0.0
5,Chr5_2491443.0,2491443,3.569555e-05,1,AT5G07810,AT5G07810,AT5G07810,0.0
5,Chr5_2491463.0,2491463,3.569555e-05,1,AT5G07810,AT5G07810,AT5G07810,0.0
5,Chr5_2491495.0,2491495,3.569555e-05,1,AT5G07810,AT5G07810,AT5G07810,0.0
5,Chr5_2491534.0,2491534,3.569555e-05,1,AT5G07810,AT5G07810,AT5G07810,0.0
5,Chr5_2491535.0,2491535,3.569555e-05,1,AT5G07810,AT5G07810,AT5G07810,0.0
5,Chr5_2491559.0,2491559,3.569555e-05,1,AT5G07810,AT5G07810,AT5G07810,0.0
5,Chr5_2491590.0,2491590,3.569555e-05,1,AT5G07810,AT5G07810,AT5G07810,0.0
5,Chr5_2491603.0,2491603,3.569555e-05,1,AT5G07810,AT5G07810,AT5G07810,0.0
5,Chr5_2491666.0,2491666,3.569555e-05,1,AT5G07810,AT5G07810,AT5G07810,0.0
5,Chr5_2491677.0,2491677,3.569555e-05,1,AT5G07810,AT5G07810,AT5G07810,0.0
5,Chr5_2491681.0,2491681,3.569555e-05,1,AT5G07810,AT5G07810,AT5G07810,0.0
5,Chr5_12488190.0,12488190,3.573755e-05,0,,,,
1,Chr1_4303611.0,4303611,3.581949e-05,1,AT1G12640,AT1G12640,AT1G12640,0.0
1,Chr1_4201556.0,4201556,3.606159e-05,1,AT1G12360,AT1G12360,AT1G12360,0.0
4,Chr4_475800.0,475800,3.609027e-05,0,,,,
3,Chr3_5190034.0,5190034,3.613442e-05,0,,,,
4,Chr4_6822557.0,6822557,3.613772e-05,0,,,,
4,Chr4_6311000.0,6311000,3.622188e-05,0,,,,
2,Chr2_9214315.0,9214315,3.625983e-05,0,,,,
1,Chr1_490351.0,490351,3.639673e-05,1,AT1G02405,AT1G02405,AT1G02405,0.0
4,Chr4_15419221.0,15419221,3.655697e-05,1,AT4G31880,AT4G31880,AT4G31880,0.0
4,Chr4_15424870.0,15424870,3.655697e-05,0,,,,
4,Chr4_15432573.0,15432573,3.655697e-05,1,AT4G31900,AT4G31900,AT4G31900,0.0
4,Chr4_15461772.0,15461772,3.655697e-05,0,,,,
4,Chr4_15470558.0,15470558,3.655697e-05,1,AT4G31985,AT4G31985,AT4G31985,0.0
4,Chr4_15476292.0,15476292,3.655697e-05,1,AT4G32000,AT4G32000,AT4G32000,0.0
1,Chr1_4131939.0,4131939,3.674961e-05,0,,,,
4,Chr4_6690507.0,6690507,3.681478e-05,1,AT4G10890,AT4G10890,AT4G10890,0.0
5,Chr5_11362634.0,11362634,3.694077e-05,0,,,,
5,Chr5_11365196.0,11365196,3.694077e-05,0,,,,
4,Chr4_6885046.0,6885046,3.699036e-05,1,AT4G11310,AT4G11310,AT4G11310,0.0
5,Chr5_22296298.0,22296298,3.708923e-05,1,AT5G54900,AT5G54900,AT5G54900,0.0
1,Chr1_9286388.0,9286388,3.720056e-05,0,,,,
3,Chr3_18303647.0,18303647,3.720138e-05,1,AT3G49360,AT3G49360,AT3G49360,0.0
5,Chr5_1272159.0,1272159,3.720475e-05,1,AT5G04480,AT5G04480,AT5G04480,0.0
4,Chr4_2007971.0,2007971,3.732128e-05,0,,,,
5,Chr5_1274092.0,1274092,3.732323e-05,1,AT5G04480,AT5G04480,AT5G04480,0.0
1,Chr1_17194036.0,17194036,3.734874e-05,0,,,,
1,Chr1_17196170.0,17196170,3.734874e-05,0,,,,
5,Chr5_25537270.0,25537270,3.743646e-05,1,AT5G63810,AT5G63810,AT5G63810,0.0
4,Chr4_554870.0,554870,3.749869e-05,1,AT4G01340,AT4G01340,AT4G01340,0.0
2,Chr2_9077707.0,9077707,3.754982e-05,0,,,,
2,Chr2_9078059.0,9078059,3.754982e-05,0,,,,
4,Chr4_16317100.0,16317100,3.763514e-05,1,AT4G34060,AT4G34060,AT4G34060,0.0
5,Chr5_26774171.0,26774171,3.769902e-05,1,AT5G67090,AT5G67090,AT5G67090,0.0
5,Chr5_26778749.0,26778749,3.769902e-05,1,AT5G67100,AT5G67100,AT5G67100,0.0
4,Chr4_8240770.0,8240770,3.78079e-05,0,,,,
4,Chr4_6793141.0,6793141,3.786018e-05,0,,,,
4,Chr4_2310788.0,2310788,3.801048e-05,0,,,,
2,Chr2_2164668.0,2164668,3.816745e-05,0,,,,
4,Chr4_1688766.0,1688766,3.820164e-05,0,,,,
4,Chr4_3105451.0,3105451,3.831472e-05,0,,,,
2,Chr2_16143496.0,16143496,3.844678e-05,1,AT2G38590,AT2G38590,AT2G38590,0.0
5,Chr5_14696348.0,14696348,3.851883e-05,0,,,,
4,Chr4_3821403.0,3821403,3.867102e-05,0,,,,
2,Chr2_9078884.0,9078884,3.87542e-05,0,,,,
5,Chr5_1293909.0,1293909,3.878053e-05,0,,,,
5,Chr5_1230605.0,1230605,3.880622e-05,0,,,,
2,Chr2_4504188.0,4504188,3.888987e-05,0,,,,
1,Chr1_4181341.0,4181341,3.910923e-05,1,AT1G12290,AT1G12290,AT1G12290,0.0
2,Chr2_15606761.0,15606761,3.913835e-05,1,AT2G37150,AT2G37150,AT2G37150,0.0
3,Chr3_5518244.0,5518244,3.921845e-05,0,,,,
5,Chr5_16952789.0,16952789,3.925912e-05,1,AT5G42390,AT5G42390,AT5G42390,0.0
1,Chr1_13635239.0,13635239,3.934147e-05,0,,,,
3,Chr3_15251722.0,15251722,3.937445e-05,0,,,,
5,Chr5_17958579.0,17958579,3.949872e-05,0,,,,
5,Chr5_17959897.0,17959897,3.949872e-05,0,,,,
5,Chr5_17961870.0,17961870,3.949872e-05,1,AT5G44568,AT5G44568,AT5G44568,0.0
5,Chr5_17963238.0,17963238,3.949872e-05,0,,,,
1,Chr1_21948795.0,21948795,3.958636e-05,0,,,,
1,Chr1_15158017.0,15158017,3.958952e-05,0,,,,
4,Chr4_876874.0,876874,3.9833e-05,0,,,,
5,Chr5_14655420.0,14655420,3.986694e-05,0,,,,
5,Chr5_14663534.0,14663534,3.986694e-05,0,,,,
4,Chr4_17181135.0,17181135,3.990573e-05,1,AT4G36360,AT4G36360,AT4G36360,0.0
4,Chr4_17181165.0,17181165,3.990573e-05,1,AT4G36360,AT4G36360,AT4G36360,0.0
5,Chr5_15132080.0,15132080,4.052062e-05,1,AT5G37980,AT5G37980,AT5G37980,0.0
2,Chr2_9105884.0,9105884,4.054616e-05,1,AT2G21260,AT2G21260,AT2G21260,0.0
2,Chr2_9117613.0,9117613,4.054616e-05,1,AT2G21300,AT2G21300,AT2G21300,0.0
5,Chr5_9459972.0,9459972,4.107412e-05,0,,,,
2,Chr2_5064447.0,5064447,4.108974e-05,0,,,,
3,Chr3_18838427.0,18838427,4.117387e-05,0,,,,
3,Chr3_22477211.0,22477211,4.124506e-05,0,,,,
4,Chr4_16324705.0,16324705,4.134726e-05,1,AT4G34070,AT4G34070,AT4G34070,0.0
4,Chr4_2002594.0,2002594,4.141483e-05,0,,,,
1,Chr1_6672792.0,6672792,4.147622e-05,0,,,,
5,Chr5_14663902.0,14663902,4.163324e-05,0,,,,
2,Chr2_4329129.0,4329129,4.16487e-05,0,,,,
1,Chr1_4318361.0,4318361,4.181317e-05,1,AT1G12672,AT1G12672,AT1G12672,0.0
1,Chr1_21941823.0,21941823,4.185798e-05,0,,,,
4,Chr4_15720647.0,15720647,4.204675e-05,0,,,,
4,Chr4_15720715.0,15720715,4.204675e-05,0,,,,
4,Chr4_6322088.0,6322088,4.219271e-05,0,,,,
2,Chr2_677564.0,677564,4.232606e-05,1,AT2G02520,AT2G02520,AT2G02520,0.0
1,Chr1_973836.0,973836,4.238461e-05,0,,,,
1,Chr1_976028.0,976028,4.238461e-05,0,,,,
1,Chr1_977026.0,977026,4.238461e-05,1,AT1G03850,AT1G03850,AT1G03850,0.0
1,Chr1_977956.0,977956,4.238461e-05,0,,,,
1,Chr1_978258.0,978258,4.238461e-05,0,,,,
1,Chr1_981427.0,981427,4.238461e-05,1,AT1G03860,AT1G03860,AT1G03860,0.0
1,Chr1_984811.0,984811,4.238461e-05,0,,,,
4,Chr4_5980893.0,5980893,4.249899e-05,0,,,,
1,Chr1_980161.0,980161,4.250932e-05,1,AT1G03860,AT1G03860,AT1G03860,0.0
1,Chr1_981626.0,981626,4.250932e-05,1,AT1G03860,AT1G03860,AT1G03860,0.0
5,Chr5_25634407.0,25634407,4.262147e-05,1,AT5G64060,AT5G64060,AT5G64060,0.0
4,Chr4_16300866.0,16300866,4.264843e-05,1,AT4G34020,AT4G34020,AT4G34020,0.0
4,Chr4_2008396.0,2008396,4.27597e-05,0,,,,
2,Chr2_585918.0,585918,4.282753e-05,1,AT2G02220,AT2G02220,AT2G02220,0.0
1,Chr1_16925875.0,16925875,4.285224e-05,0,,,,
1,Chr1_10373341.0,10373341,4.302821e-05,1,AT1G29660,AT1G29660,AT1G29660,0.0
3,Chr3_15638894.0,15638894,4.311647e-05,0,,,,
5,Chr5_1218746.0,1218746,4.324795e-05,0,,,,
3,Chr3_16308714.0,16308714,4.325599e-05,0,,,,
4,Chr4_16321903.0,16321903,4.347709e-05,0,,,,
3,Chr3_10126565.0,10126565,4.389424e-05,1,AT3G27350,AT3G27350,AT3G27350,0.0
2,Chr2_4771022.0,4771022,4.422392e-05,0,,,,
1,Chr1_4310313.0,4310313,4.428722e-05,0,,,,
4,Chr4_15363443.0,15363443,4.443437e-05,0,,,,
3,Chr3_14926305.0,14926305,4.445128e-05,0,,,,
4,Chr4_16315511.0,16315511,4.445759e-05,1,AT4G34060,AT4G34060,AT4G34060,0.0
4,Chr4_13083307.0,13083307,4.449428e-05,0,,,,
4,Chr4_4511579.0,4511579,4.470889e-05,0,,,,
2,Chr2_9082734.0,9082734,4.47692e-05,1,AT2G21190,AT2G21190,AT2G21190,0.0
2,Chr2_9084494.0,9084494,4.47692e-05,0,,,,
2,Chr2_9085247.0,9085247,4.47692e-05,1,AT2G21210,AT2G21210,AT2G21210,0.0
3,Chr3_6483076.0,6483076,4.483847e-05,1,AT3G18810,AT3G18810,AT3G18810,0.0
3,Chr3_6483684.0,6483684,4.483847e-05,0,,,,
5,Chr5_25587126.0,25587126,4.485255e-05,0,,,,
4,Chr4_10656345.0,10656345,4.494674e-05,1,AT4G19530,AT4G19530,AT4G19530,0.0
3,Chr3_5517922.0,5517922,4.499291e-05,0,,,,
1,Chr1_27491498.0,27491498,4.504362e-05,1,AT1G73100,AT1G73100,AT1G73100,0.0
4,Chr4_2332614.0,2332614,4.537702e-05,1,AT4G04630,AT4G04630,AT4G04630,0.0
4,Chr4_2333106.0,2333106,4.537702e-05,0,,,,
1,Chr1_12610686.0,12610686,4.545283e-05,0,,,,
4,Chr4_776436.0,776436,4.547781e-05,0,,,,
5,Chr5_343828.0,343828,4.580225e-05,1,AT5G01890,AT5G01890,AT5G01890,0.0
5,Chr5_8478150.0,8478150,4.582219e-05,1,AT5G24740,AT5G24740,AT5G24740,0.0
2,Chr2_4320000.0,4320000,4.593612e-05,0,,,,
2,Chr2_4324872.0,4324872,4.593612e-05,1,AT2G10965,AT2G10965,AT2G10965,0.0
2,Chr2_4332895.0,4332895,4.593612e-05,1,AT2G10970,AT2G10970,AT2G10970,0.0
2,Chr2_4334460.0,4334460,4.593612e-05,0,,,,
2,Chr2_4335868.0,4335868,4.593612e-05,1,AT2G10975,AT2G10975,AT2G10975,0.0
2,Chr2_4336181.0,4336181,4.593612e-05,0,,,,
2,Chr2_4340185.0,4340185,4.593612e-05,0,,,,
2,Chr2_4340209.0,4340209,4.593612e-05,0,,,,
4,Chr4_17632169.0,17632169,4.595052e-05,1,AT4G37520,AT4G37520,AT4G37520,0.0
4,Chr4_9054338.0,9054338,4.59803e-05,0,,,,
4,Chr4_9054813.0,9054813,4.59803e-05,0,,,,
5,Chr5_15006588.0,15006588,4.599999e-05,0,,,,
1,Chr1_26887619.0,26887619,4.622161e-05,1,AT1G71340,AT1G71340,AT1G71340,0.0
1,Chr1_23710082.0,23710082,4.628947e-05,1,AT1G63870,AT1G63870,AT1G63870,0.0
1,Chr1_25183536.0,25183536,4.630039e-05,1,AT1G67270,AT1G67270,AT1G67270,0.0
4,Chr4_7083171.0,7083171,4.647506e-05,1,AT4G11770,AT4G11770,AT4G11770,0.0
1,Chr1_17188049.0,17188049,4.648889e-05,0,,,,
1,Chr1_4192791.0,4192791,4.682527e-05,0,,,,
3,Chr3_14691368.0,14691368,4.69201e-05,0,,,,
3,Chr3_15601676.0,15601676,4.693505e-05,0,,,,
3,Chr3_15603503.0,15603503,4.693505e-05,1,AT3G43700,AT3G43700,AT3G43700,0.0
4,Chr4_11321851.0,11321851,4.712026e-05,0,,,,
4,Chr4_6488690.0,6488690,4.713984e-05,0,,,,
3,Chr3_15563493.0,15563493,4.714885e-05,0,,,,
3,Chr3_15563767.0,15563767,4.714885e-05,0,,,,
3,Chr3_15564650.0,15564650,4.714885e-05,0,,,,
3,Chr3_15566443.0,15566443,4.714885e-05,0,,,,
5,Chr5_570911.0,570911,4.717276e-05,1,AT5G02540,AT5G02540,AT5G02540,0.0
4,Chr4_940360.0,940360,4.718164e-05,0,,,,
1,Chr1_5518998.0,5518998,4.721477e-05,1,AT1G16110,AT1G16110,AT1G16110,0.0
1,Chr1_5519031.0,5519031,4.721477e-05,1,AT1G16110,AT1G16110,AT1G16110,0.0
1,Chr1_5519033.0,5519033,4.721477e-05,1,AT1G16110,AT1G16110,AT1G16110,0.0
1,Chr1_5519036.0,5519036,4.721477e-05,1,AT1G16110,AT1G16110,AT1G16110,0.0
1,Chr1_5519058.0,5519058,4.721477e-05,1,AT1G16110,AT1G16110,AT1G16110,0.0
1,Chr1_5519112.0,5519112,4.721477e-05,1,AT1G16110,AT1G16110,AT1G16110,0.0
1,Chr1_5519119.0,5519119,4.721477e-05,1,AT1G16110,AT1G16110,AT1G16110,0.0
2,Chr2_2314608.0,2314608,4.730599e-05,0,,,,
3,Chr3_13597663.0,13597663,4.732171e-05,0,,,,
5,Chr5_10412134.0,10412134,4.733179e-05,0,,,,
4,Chr4_954289.0,954289,4.737186e-05,0,,,,
1,Chr1_26548958.0,26548958,4.740878e-05,2,AT1G70430;AT1G70440,AT1G70430,AT1G70430,0.0
3,Chr3_15642005.0,15642005,4.751366e-05,0,,,,
3,Chr3_15642201.0,15642201,4.751366e-05,0,,,,
3,Chr3_15642497.0,15642497,4.751366e-05,0,,,,
3,Chr3_15659482.0,15659482,4.751603e-05,1,AT3G43790,AT3G43790,AT3G43790,0.0
1,Chr1_15198303.0,15198303,4.7544e-05,0,,,,
5,Chr5_329873.0,329873,4.75746e-05,0,,,,
1,Chr1_4326549.0,4326549,4.773157e-05,0,,,,
2,Chr2_9164126.0,9164126,4.773428e-05,1,AT2G21410,AT2G21410,AT2G21410,0.0
1,Chr1_19667319.0,19667319,4.783468e-05,1,AT1G52810,AT1G52810,AT1G52810,0.0
1,Chr1_19667603.0,19667603,4.783468e-05,1,AT1G52810,AT1G52810,AT1G52810,0.0
1,Chr1_28789622.0,28789622,4.788647e-05,0,,,,
5,Chr5_22277534.0,22277534,4.791251e-05,1,AT5G54840,AT5G54840,AT5G54840,0.0
2,Chr2_10369545.0,10369545,4.803302e-05,0,,,,
2,Chr2_10495275.0,10495275,4.803302e-05,1,AT2G24680,AT2G24680,AT2G24680,0.0
1,Chr1_25193086.0,25193086,4.824509e-05,1,AT1G67290,AT1G67290,AT1G67290,0.0
3,Chr3_14263736.0,14263736,4.835119e-05,0,,,,
2,Chr2_9079837.0,9079837,4.844865e-05,0,,,,
5,Chr5_571714.0,571714,4.852408e-05,0,,,,
3,Chr3_12369631.0,12369631,4.874561e-05,0,,,,
2,Chr2_1099558.0,1099558,4.885902e-05,1,AT2G03610,AT2G03610,AT2G03610,0.0
1,Chr1_23710182.0,23710182,4.91727e-05,1,AT1G63870,AT1G63870,AT1G63870,0.0
1,Chr1_25998941.0,25998941,4.919808e-05,0,,,,
1,Chr1_25998389.0,25998389,4.926986e-05,0,,,,
4,Chr4_6885462.0,6885462,4.943404e-05,1,AT4G11310,AT4G11310,AT4G11310,0.0
4,Chr4_6886369.0,6886369,4.943404e-05,0,,,,
4,Chr4_6886877.0,6886877,4.943404e-05,0,,,,
2,Chr2_16689388.0,16689388,4.955448e-05,1,AT2G39980,AT2G39980,AT2G39980,0.0
5,Chr5_11652736.0,11652736,4.955546e-05,0,,,,
2,Chr2_91695.0,91695,4.967833e-05,1,AT2G01130,AT2G01130,AT2G01130,0.0
5,Chr5_11569763.0,11569763,4.979197e-05,0,,,,
2,Chr2_6400475.0,6400475,5.021663e-05,1,AT2G14890,AT2G14890,AT2G14890,0.0
1,Chr1_6453468.0,6453468,5.024333e-05,0,,,,
1,Chr1_6453493.0,6453493,5.024333e-05,0,,,,
1,Chr1_4061443.0,4061443,5.031871e-05,0,,,,
4,Chr4_6970729.0,6970729,5.032869e-05,0,,,,
4,Chr4_6971014.0,6971014,5.032869e-05,0,,,,
3,Chr3_16467705.0,16467705,5.041978e-05,1,AT3G45010,AT3G45010,AT3G45010,0.0
3,Chr3_16467858.0,16467858,5.041978e-05,1,AT3G45010,AT3G45010,AT3G45010,0.0
3,Chr3_16469016.0,16469016,5.041978e-05,1,AT3G45020,AT3G45020,AT3G45020,0.0
3,Chr3_15571175.0,15571175,5.055973e-05,0,,,,
3,Chr3_15572423.0,15572423,5.055973e-05,0,,,,
3,Chr3_15574348.0,15574348,5.055973e-05,0,,,,
3,Chr3_15626916.0,15626916,5.06986e-05,0,,,,
4,Chr4_7114336.0,7114336,5.069913e-05,0,,,,
5,Chr5_290760.0,290760,5.070124e-05,1,AT5G01750,AT5G01750,AT5G01750,0.0
4,Chr4_15006110.0,15006110,5.070418e-05,1,AT4G30810,AT4G30810,AT4G30810,0.0
2,Chr2_7727891.0,7727891,5.073375e-05,0,,,,
1,Chr1_9155169.0,9155169,5.073716e-05,1,AT1G26470,AT1G26470,AT1G26470,0.0
1,Chr1_7390434.0,7390434,5.080364e-05,1,AT1G21110,AT1G21110,AT1G21110,0.0
4,Chr4_1292050.0,1292050,5.082647e-05,0,,,,
2,Chr2_2314674.0,2314674,5.11608e-05,0,,,,
4,Chr4_14987514.0,14987514,5.126371e-05,0,,,,
5,Chr5_2561888.0,2561888,5.126475e-05,1,AT5G07990,AT5G07990,AT5G07990,0.0
5,Chr5_9155979.0,9155979,5.14972e-05,0,,,,
2,Chr2_18090205.0,18090205,5.150656e-05,0,,,,
5,Chr5_17377332.0,17377332,5.153067e-05,1,AT5G43300,AT5G43300,AT5G43300,0.0
5,Chr5_15131950.0,15131950,5.161487e-05,1,AT5G37980,AT5G37980,AT5G37980,0.0
1,Chr1_26165362.0,26165362,5.177052e-05,0,,,,
5,Chr5_18541442.0,18541442,5.185634e-05,1,AT5G45710,AT5G45710,AT5G45710,0.0
1,Chr1_8699490.0,8699490,5.190936e-05,0,,,,
3,Chr3_10452436.0,10452436,5.19198e-05,1,AT3G28080,AT3G28080,AT3G28080,0.0
4,Chr4_2373841.0,2373841,5.206241e-05,0,,,,
5,Chr5_13843831.0,13843831,5.209414e-05,0,,,,
3,Chr3_14863626.0,14863626,5.220142e-05,0,,,,
1,Chr1_28127017.0,28127017,5.224712e-05,1,AT1G74870,AT1G74870,AT1G74870,0.0
2,Chr2_607698.0,607698,5.238312e-05,1,AT2G02300,AT2G02300,AT2G02300,0.0
5,Chr5_22772822.0,22772822,5.238903e-05,1,AT5G56250,AT5G56250,AT5G56250,0.0
2,Chr2_2201345.0,2201345,5.244381e-05,1,AT2G05790,AT2G05790,AT2G05790,0.0
3,Chr3_8232066.0,8232066,5.245472e-05,0,,,,
3,Chr3_22439051.0,22439051,5.25962e-05,1,AT3G60700,AT3G60700,AT3G60700,0.0
3,Chr3_22439292.0,22439292,5.25962e-05,0,,,,
3,Chr3_22439317.0,22439317,5.25962e-05,0,,,,
3,Chr3_22439430.0,22439430,5.25962e-05,0,,,,
3,Chr3_22439640.0,22439640,5.25962e-05,0,,,,
3,Chr3_22440069.0,22440069,5.25962e-05,0,,,,
3,Chr3_22440937.0,22440937,5.25962e-05,1,AT3G60710,AT3G60710,AT3G60710,0.0
3,Chr3_22443228.0,22443228,5.25962e-05,1,AT3G60720,AT3G60720,AT3G60720,0.0
4,Chr4_10134762.0,10134762,5.268625e-05,0,,,,
4,Chr4_4358552.0,4358552,5.268735e-05,0,,,,
2,Chr2_671213.0,671213,5.271918e-05,1,AT2G02500,AT2G02500,AT2G02500,0.0
5,Chr5_26875950.0,26875950,5.272737e-05,0,,,,
2,Chr2_13274434.0,13274434,5.27277e-05,1,AT2G31150,AT2G31150,AT2G31150,0.0
2,Chr2_7691665.0,7691665,5.281261e-05,0,,,,
2,Chr2_7693059.0,7693059,5.281261e-05,1,AT2G17705,AT2G17705,AT2G17705,0.0
2,Chr2_7693335.0,7693335,5.281261e-05,0,,,,
2,Chr2_7693447.0,7693447,5.281261e-05,0,,,,
2,Chr2_7695502.0,7695502,5.281261e-05,0,,,,
2,Chr2_7696245.0,7696245,5.281261e-05,0,,,,
2,Chr2_9199953.0,9199953,5.295716e-05,1,AT2G21470,AT2G21470,AT2G21470,0.0
5,Chr5_26770097.0,26770097,5.299029e-05,0,,,,
5,Chr5_7027433.0,7027433,5.303468e-05,0,,,,
4,Chr4_15360290.0,15360290,5.303807e-05,0,,,,
4,Chr4_3026257.0,3026257,5.316521e-05,0,,,,
5,Chr5_13950319.0,13950319,5.322304e-05,0,,,,
2,Chr2_6192894.0,6192894,5.336852e-05,0,,,,
1,Chr1_4707915.0,4707915,5.336892e-05,0,,,,
4,Chr4_11324561.0,11324561,5.350722e-05,0,,,,
2,Chr2_586246.0,586246,5.375316e-05,1,AT2G02220,AT2G02220,AT2G02220,0.0
2,Chr2_590011.0,590011,5.375316e-05,0,,,,
2,Chr2_591374.0,591374,5.375316e-05,1,AT2G02230,AT2G02230,AT2G02230,0.0
4,Chr4_15349872.0,15349872,5.379903e-05,1,AT4G31710,AT4G31710,AT4G31710,0.0
5,Chr5_15461817.0,15461817,5.392397e-05,0,,,,
5,Chr5_15461820.0,15461820,5.392397e-05,0,,,,
2,Chr2_9227471.0,9227471,5.398953e-05,1,AT2G21550,AT2G21550,AT2G21550,0.0
3,Chr3_8976180.0,8976180,5.399345e-05,1,AT3G24610,AT3G24610,AT3G24610,0.0
5,Chr5_7866424.0,7866424,5.404529e-05,0,,,,
3,Chr3_11297606.0,11297606,5.412912e-05,1,AT3G29400,AT3G29400,AT3G29400,0.0
3,Chr3_11298527.0,11298527,5.412912e-05,1,AT3G29400,AT3G29400,AT3G29400,0.0
3,Chr3_11299282.0,11299282,5.412912e-05,1,AT3G29400,AT3G29400,AT3G29400,0.0
2,Chr2_17347170.0,17347170,5.417217e-05,1,AT2G41610,AT2G41610,AT2G41610,0.0
4,Chr4_2423057.0,2423057,5.437145e-05,0,,,,
4,Chr4_15748338.0,15748338,5.441721e-05,1,AT4G32640,AT4G32640,AT4G32640,0.0
4,Chr4_15751288.0,15751288,5.441721e-05,0,,,,
2,Chr2_9161876.0,9161876,5.463464e-05,0,,,,
2,Chr2_4504381.0,4504381,5.471952e-05,0,,,,
4,Chr4_808481.0,808481,5.476567e-05,1,AT4G01870,AT4G01870,AT4G01870,0.0
3,Chr3_15568841.0,15568841,5.50478e-05,1,AT3G43670,AT3G43670,AT3G43670,0.0
3,Chr3_15569264.0,15569264,5.50478e-05,1,AT3G43670,AT3G43670,AT3G43670,0.0
4,Chr4_13676474.0,13676474,5.516459e-05,1,AT4G27310,AT4G27310,AT4G27310,0.0
4,Chr4_4314883.0,4314883,5.518575e-05,0,,,,
5,Chr5_9205184.0,9205184,5.521152e-05,0,,,,
1,Chr1_13297718.0,13297718,5.532057e-05,0,,,,
5,Chr5_26561689.0,26561689,5.533722e-05,0,,,,
2,Chr2_5893670.0,5893670,5.541113e-05,0,,,,
2,Chr2_5893676.0,5893676,5.541113e-05,0,,,,
2,Chr2_5893686.0,5893686,5.541113e-05,0,,,,
2,Chr2_5893697.0,5893697,5.541113e-05,0,,,,
2,Chr2_5893717.0,5893717,5.541113e-05,0,,,,
1,Chr1_4249353.0,4249353,5.555257e-05,1,AT1G12460,AT1G12460,AT1G12460,0.0
1,Chr1_25005006.0,25005006,5.558383e-05,1,AT1G67000,AT1G67000,AT1G67000,0.0
5,Chr5_14695630.0,14695630,5.560897e-05,0,,,,
5,Chr5_14695656.0,14695656,5.560897e-05,0,,,,
5,Chr5_26871263.0,26871263,5.565452e-05,0,,,,
3,Chr3_1827948.0,1827948,5.581677e-05,0,,,,
4,Chr4_2670686.0,2670686,5.590103e-05,0,,,,
1,Chr1_28084918.0,28084918,5.590974e-05,0,,,,
4,Chr4_2156904.0,2156904,5.592547e-05,0,,,,
2,Chr2_17068585.0,17068585,5.60371e-05,0,,,,
2,Chr2_17069072.0,17069072,5.60371e-05,0,,,,
5,Chr5_22295730.0,22295730,5.61633e-05,1,AT5G54900,AT5G54900,AT5G54900,0.0
5,Chr5_22299051.0,22299051,5.61633e-05,1,AT5G54910,AT5G54910,AT5G54910,0.0
2,Chr2_5835053.0,5835053,5.643567e-05,1,AT2G13900,AT2G13900,AT2G13900,0.0
2,Chr2_9056132.0,9056132,5.645279e-05,1,AT2G21130,AT2G21130,AT2G21130,0.0
4,Chr4_15947415.0,15947415,5.646371e-05,0,,,,
3,Chr3_14008850.0,14008850,5.660616e-05,0,,,,
5,Chr5_9242927.0,9242927,5.680283e-05,0,,,,
3,Chr3_1826977.0,1826977,5.699517e-05,1,AT3G06050,AT3G06050,AT3G06050,0.0
2,Chr2_667880.0,667880,5.727939e-05,1,AT2G02490,AT2G02490,AT2G02490,0.0
4,Chr4_18328676.0,18328676,5.728e-05,1,AT4G39400,AT4G39400,AT4G39400,0.0
2,Chr2_2178563.0,2178563,5.742472e-05,0,,,,
3,Chr3_4169612.0,4169612,5.76394e-05,1,AT3G13030,AT3G13030,AT3G13030,0.0
3,Chr3_4181308.0,4181308,5.76394e-05,1,AT3G13060,AT3G13060,AT3G13060,0.0
3,Chr3_4200586.0,4200586,5.76394e-05,1,AT3G13080,AT3G13080,AT3G13080,0.0
4,Chr4_10088755.0,10088755,5.76623e-05,1,AT4G18250,AT4G18250,AT4G18250,0.0
5,Chr5_11090365.0,11090365,5.768532e-05,0,,,,
5,Chr5_12312975.0,12312975,5.768532e-05,0,,,,
5,Chr5_12358159.0,12358159,5.768532e-05,0,,,,
4,Chr4_1649994.0,1649994,5.769504e-05,1,AT4G03723,AT4G03723,AT4G03723,0.0
1,Chr1_4555783.0,4555783,5.771406e-05,0,,,,
1,Chr1_4555785.0,4555785,5.771406e-05,0,,,,
1,Chr1_19728081.0,19728081,5.81531e-05,0,,,,
1,Chr1_19728373.0,19728373,5.81531e-05,0,,,,
1,Chr1_19728374.0,19728374,5.81531e-05,0,,,,
3,Chr3_6789992.0,6789992,5.821868e-05,0,,,,
5,Chr5_15461697.0,15461697,5.846334e-05,0,,,,
5,Chr5_15461763.0,15461763,5.846334e-05,0,,,,
5,Chr5_15461796.0,15461796,5.846334e-05,0,,,,
1,Chr1_29276971.0,29276971,5.85702e-05,0,,,,
2,Chr2_7943162.0,7943162,5.88904e-05,1,AT2G18260,AT2G18260,AT2G18260,0.0
2,Chr2_7943179.0,7943179,5.88904e-05,1,AT2G18260,AT2G18260,AT2G18260,0.0
4,Chr4_2366729.0,2366729,5.901525e-05,0,,,,
5,Chr5_25459984.0,25459984,5.903351e-05,1,AT5G63595,AT5G63595,AT5G63595,0.0
3,Chr3_15595183.0,15595183,5.910098e-05,0,,,,
5,Chr5_14007508.0,14007508,5.912881e-05,0,,,,
3,Chr3_17021324.0,17021324,5.919969e-05,1,AT3G46330,AT3G46330,AT3G46330,0.0
4,Chr4_934564.0,934564,5.930331e-05,0,,,,
5,Chr5_25510239.0,25510239,5.935943e-05,0,,,,
4,Chr4_16730384.0,16730384,5.951861e-05,0,,,,
2,Chr2_15281111.0,15281111,5.963085e-05,0,,,,
3,Chr3_18296308.0,18296308,5.974619e-05,0,,,,
4,Chr4_1982362.0,1982362,6.004609e-05,0,,,,
1,Chr1_19918474.0,19918474,6.009792e-05,1,AT1G53390,AT1G53390,AT1G53390,0.0
1,Chr1_19267886.0,19267886,6.028412e-05,0,,,,
4,Chr4_918364.0,918364,6.040057e-05,0,,,,
2,Chr2_4771009.0,4771009,6.041257e-05,0,,,,
4,Chr4_6239047.0,6239047,6.073996e-05,1,AT4G09960,AT4G09960,AT4G09960,0.0
1,Chr1_4116378.0,4116378,6.074996e-05,1,AT1G12120,AT1G12120,AT1G12120,0.0
4,Chr4_815237.0,815237,6.081727e-05,0,,,,
4,Chr4_815238.0,815238,6.081727e-05,0,,,,
4,Chr4_7364603.0,7364603,6.114447e-05,0,,,,
4,Chr4_2028229.0,2028229,6.120001e-05,1,AT4G04200,AT4G04200,AT4G04200,0.0
2,Chr2_4512735.0,4512735,6.127015e-05,0,,,,
4,Chr4_1965045.0,1965045,6.193011e-05,1,AT4G04090,AT4G04090,AT4G04090,0.0
4,Chr4_1965150.0,1965150,6.193011e-05,1,AT4G04090,AT4G04090,AT4G04090,0.0
4,Chr4_7139860.0,7139860,6.198418e-05,0,,,,
3,Chr3_15603660.0,15603660,6.221899e-05,1,AT3G43700,AT3G43700,AT3G43700,0.0
1,Chr1_4312656.0,4312656,6.231258e-05,1,AT1G12665,AT1G12665,AT1G12665,0.0
1,Chr1_24414158.0,24414158,6.237926e-05,0,,,,
2,Chr2_17203307.0,17203307,6.247762e-05,0,,,,
1,Chr1_19107905.0,19107905,6.253112e-05,1,AT1G51520,AT1G51520,AT1G51520,0.0
2,Chr2_7692248.0,7692248,6.257643e-05,0,,,,
3,Chr3_10942294.0,10942294,6.273175e-05,0,,,,
3,Chr3_10943100.0,10943100,6.273175e-05,0,,,,
1,Chr1_25184544.0,25184544,6.290918e-05,1,AT1G67270,AT1G67270,AT1G67270,0.0
1,Chr1_25998704.0,25998704,6.297756e-05,0,,,,
1,Chr1_25998899.0,25998899,6.297756e-05,0,,,,
2,Chr2_17165301.0,17165301,6.2992e-05,2,AT2G41178;AT2G41180,AT2G41178,AT2G41178,0.0
2,Chr2_17165307.0,17165307,6.2992e-05,2,AT2G41178;AT2G41180,AT2G41178,AT2G41178,0.0
2,Chr2_17165313.0,17165313,6.2992e-05,2,AT2G41178;AT2G41180,AT2G41178,AT2G41178,0.0
2,Chr2_17165337.0,17165337,6.2992e-05,2,AT2G41178;AT2G41180,AT2G41178,AT2G41178,0.0
2,Chr2_17165340.0,17165340,6.2992e-05,2,AT2G41178;AT2G41180,AT2G41178,AT2G41178,0.0
2,Chr2_17165341.0,17165341,6.2992e-05,2,AT2G41178;AT2G41180,AT2G41178,AT2G41178,0.0
1,Chr1_24224352.0,24224352,6.309111e-05,0,,,,
5,Chr5_8275429.0,8275429,6.338354e-05,1,AT5G24310,AT5G24310,AT5G24310,0.0
1,Chr1_21401027.0,21401027,6.340963e-05,0,,,,
5,Chr5_26560875.0,26560875,6.345726e-05,1,AT5G66550,AT5G66550,AT5G66550,0.0
5,Chr5_26565918.0,26565918,6.345726e-05,2,AT5G66558;AT5G66560,AT5G66558,AT5G66558,0.0
4,Chr4_941034.0,941034,6.386701e-05,1,AT4G02120,AT4G02120,AT4G02120,0.0
4,Chr4_15955805.0,15955805,6.39946e-05,0,,,,
1,Chr1_21390014.0,21390014,6.411127e-05,1,AT1G57760,AT1G57760,AT1G57760,0.0
5,Chr5_25563023.0,25563023,6.415853e-05,1,AT5G63870,AT5G63870,AT5G63870,0.0
4,Chr4_2019872.0,2019872,6.470564e-05,0,,,,
3,Chr3_6599822.0,6599822,6.490535e-05,1,AT3G19085,AT3G19085,AT3G19085,0.0
4,Chr4_13102192.0,13102192,6.513633e-05,1,AT4G25720,AT4G25720,AT4G25720,0.0
2,Chr2_11904651.0,11904651,6.517198e-05,0,,,,
1,Chr1_7370387.0,7370387,6.527557e-05,0,,,,
5,Chr5_26548570.0,26548570,6.551496e-05,1,AT5G66500,AT5G66500,AT5G66500,0.0
5,Chr5_26551006.0,26551006,6.551496e-05,1,AT5G66510,AT5G66510,AT5G66510,0.0
5,Chr5_26551607.0,26551607,6.551496e-05,1,AT5G66510,AT5G66510,AT5G66510,0.0
2,Chr2_7719924.0,7719924,6.565689e-05,0,,,,
5,Chr5_15103786.0,15103786,6.574194e-05,0,,,,
4,Chr4_7032769.0,7032769,6.592518e-05,0,,,,
4,Chr4_7032807.0,7032807,6.592518e-05,0,,,,
4,Chr4_7033789.0,7033789,6.592518e-05,0,,,,
1,Chr1_13078838.0,13078838,6.60321e-05,2,AT1G35515;AT1G35516,AT1G35515,AT1G35515,0.0
1,Chr1_4315073.0,4315073,6.609044e-05,0,,,,
3,Chr3_15563141.0,15563141,6.61635e-05,0,,,,
1,Chr1_17425739.0,17425739,6.622195e-05,1,AT1G47490,AT1G47490,AT1G47490,0.0
3,Chr3_2592683.0,2592683,6.623562e-05,1,AT3G08530,AT3G08530,AT3G08530,0.0
1,Chr1_12133296.0,12133296,6.62381e-05,0,,,,
1,Chr1_345421.0,345421,6.631893e-05,0,,,,
5,Chr5_1057327.0,1057327,6.63826e-05,0,,,,
5,Chr5_1057372.0,1057372,6.63826e-05,0,,,,
3,Chr3_14795429.0,14795429,6.642679e-05,0,,,,
4,Chr4_10631535.0,10631535,6.66797e-05,1,AT4G19500,AT4G19500,AT4G19500,0.0
4,Chr4_10631899.0,10631899,6.66797e-05,0,,,,
4,Chr4_10632096.0,10632096,6.66797e-05,0,,,,
4,Chr4_7364656.0,7364656,6.669208e-05,0,,,,
1,Chr1_19911554.0,19911554,6.675297e-05,1,AT1G53370,AT1G53370,AT1G53370,0.0
1,Chr1_25997297.0,25997297,6.677476e-05,0,,,,
3,Chr3_8161759.0,8161759,6.684213e-05,1,AT3G22980,AT3G22980,AT3G22980,0.0
3,Chr3_8164358.0,8164358,6.684213e-05,1,AT3G22990,AT3G22990,AT3G22990,0.0
3,Chr3_15135956.0,15135956,6.685468e-05,0,,,,
2,Chr2_1886755.0,1886755,6.687031e-05,0,,,,
4,Chr4_10656705.0,10656705,6.696088e-05,1,AT4G19530,AT4G19530,AT4G19530,0.0
4,Chr4_16319592.0,16319592,6.70452e-05,0,,,,
2,Chr2_10617041.0,10617041,6.71421e-05,0,,,,
4,Chr4_7775465.0,7775465,6.7264e-05,1,AT4G13360,AT4G13360,AT4G13360,0.0
4,Chr4_7775466.0,7775466,6.7264e-05,1,AT4G13360,AT4G13360,AT4G13360,0.0
1,Chr1_11513565.0,11513565,6.742788e-05,0,,,,
1,Chr1_10301196.0,10301196,6.772503e-05,2,AT1G29418;AT1G29420,AT1G29418,AT1G29418,0.0
1,Chr1_15527542.0,15527542,6.796017e-05,0,,,,
2,Chr2_9073744.0,9073744,6.803468e-05,0,,,,
5,Chr5_492882.0,492882,6.805256e-05,1,AT5G02340,AT5G02340,AT5G02340,0.0
2,Chr2_625399.0,625399,6.816493e-05,0,,,,
3,Chr3_6528724.0,6528724,6.829102e-05,1,AT3G18940,AT3G18940,AT3G18940,0.0
5,Chr5_11520905.0,11520905,6.84072e-05,0,,,,
1,Chr1_8145072.0,8145072,6.844666e-05,0,,,,
3,Chr3_3013058.0,3013058,6.871172e-05,1,AT3G09820,AT3G09820,AT3G09820,0.0
3,Chr3_3013067.0,3013067,6.871172e-05,1,AT3G09820,AT3G09820,AT3G09820,0.0
3,Chr3_3013151.0,3013151,6.871172e-05,1,AT3G09820,AT3G09820,AT3G09820,0.0
3,Chr3_3013153.0,3013153,6.871172e-05,1,AT3G09820,AT3G09820,AT3G09820,0.0
3,Chr3_3013171.0,3013171,6.871172e-05,1,AT3G09820,AT3G09820,AT3G09820,0.0
3,Chr3_3013259.0,3013259,6.871172e-05,1,AT3G09820,AT3G09820,AT3G09820,0.0
3,Chr3_3013295.0,3013295,6.871172e-05,1,AT3G09820,AT3G09820,AT3G09820,0.0
3,Chr3_3013375.0,3013375,6.871172e-05,1,AT3G09820,AT3G09820,AT3G09820,0.0
3,Chr3_3013409.0,3013409,6.871172e-05,1,AT3G09820,AT3G09820,AT3G09820,0.0
3,Chr3_3013415.0,3013415,6.871172e-05,1,AT3G09820,AT3G09820,AT3G09820,0.0
3,Chr3_3013417.0,3013417,6.871172e-05,1,AT3G09820,AT3G09820,AT3G09820,0.0
3,Chr3_3013427.0,3013427,6.871172e-05,1,AT3G09820,AT3G09820,AT3G09820,0.0
3,Chr3_3013430.0,3013430,6.871172e-05,1,AT3G09820,AT3G09820,AT3G09820,0.0
3,Chr3_3013433.0,3013433,6.871172e-05,1,AT3G09820,AT3G09820,AT3G09820,0.0
3,Chr3_3013434.0,3013434,6.871172e-05,1,AT3G09820,AT3G09820,AT3G09820,0.0
3,Chr3_3013438.0,3013438,6.871172e-05,1,AT3G09820,AT3G09820,AT3G09820,0.0
3,Chr3_3013462.0,3013462,6.871172e-05,1,AT3G09820,AT3G09820,AT3G09820,0.0
3,Chr3_3013486.0,3013486,6.871172e-05,1,AT3G09820,AT3G09820,AT3G09820,0.0
3,Chr3_3013489.0,3013489,6.871172e-05,1,AT3G09820,AT3G09820,AT3G09820,0.0
3,Chr3_3013571.0,3013571,6.871172e-05,1,AT3G09820,AT3G09820,AT3G09820,0.0
3,Chr3_3013575.0,3013575,6.871172e-05,1,AT3G09820,AT3G09820,AT3G09820,0.0
3,Chr3_3013594.0,3013594,6.871172e-05,1,AT3G09820,AT3G09820,AT3G09820,0.0
3,Chr3_3013637.0,3013637,6.871172e-05,1,AT3G09820,AT3G09820,AT3G09820,0.0
3,Chr3_3013643.0,3013643,6.871172e-05,1,AT3G09820,AT3G09820,AT3G09820,0.0
3,Chr3_3013645.0,3013645,6.871172e-05,1,AT3G09820,AT3G09820,AT3G09820,0.0
3,Chr3_3013668.0,3013668,6.871172e-05,1,AT3G09820,AT3G09820,AT3G09820,0.0
3,Chr3_3013704.0,3013704,6.871172e-05,1,AT3G09820,AT3G09820,AT3G09820,0.0
3,Chr3_3013740.0,3013740,6.871172e-05,1,AT3G09820,AT3G09820,AT3G09820,0.0
3,Chr3_3013750.0,3013750,6.871172e-05,1,AT3G09820,AT3G09820,AT3G09820,0.0
3,Chr3_3013763.0,3013763,6.871172e-05,1,AT3G09820,AT3G09820,AT3G09820,0.0
3,Chr3_3013807.0,3013807,6.871172e-05,1,AT3G09820,AT3G09820,AT3G09820,0.0
3,Chr3_3013809.0,3013809,6.871172e-05,1,AT3G09820,AT3G09820,AT3G09820,0.0
3,Chr3_3013837.0,3013837,6.871172e-05,1,AT3G09820,AT3G09820,AT3G09820,0.0
3,Chr3_3013845.0,3013845,6.871172e-05,1,AT3G09820,AT3G09820,AT3G09820,0.0
3,Chr3_3013930.0,3013930,6.871172e-05,1,AT3G09820,AT3G09820,AT3G09820,0.0
3,Chr3_3013931.0,3013931,6.871172e-05,1,AT3G09820,AT3G09820,AT3G09820,0.0
3,Chr3_3013934.0,3013934,6.871172e-05,1,AT3G09820,AT3G09820,AT3G09820,0.0
3,Chr3_3013947.0,3013947,6.871172e-05,1,AT3G09820,AT3G09820,AT3G09820,0.0
3,Chr3_3013955.0,3013955,6.871172e-05,1,AT3G09820,AT3G09820,AT3G09820,0.0
3,Chr3_3013980.0,3013980,6.871172e-05,1,AT3G09820,AT3G09820,AT3G09820,0.0
2,Chr2_9224730.0,9224730,6.89901e-05,0,,,,
5,Chr5_6356775.0,6356775,6.900082e-05,1,AT5G19025,AT5G19025,AT5G19025,0.0
3,Chr3_17020041.0,17020041,6.921279e-05,1,AT3G46320,AT3G46320,AT3G46320,0.0
3,Chr3_17020042.0,17020042,6.921279e-05,1,AT3G46320,AT3G46320,AT3G46320,0.0
2,Chr2_14999298.0,14999298,6.921537e-05,0,,,,
3,Chr3_16826358.0,16826358,6.938797e-05,0,,,,
5,Chr5_18523044.0,18523044,6.944164e-05,0,,,,
5,Chr5_5644824.0,5644824,6.952628e-05,1,AT5G17165,AT5G17165,AT5G17165,0.0
2,Chr2_254112.0,254112,6.95592e-05,0,,,,
2,Chr2_2290318.0,2290318,6.957689e-05,0,,,,
5,Chr5_13945643.0,13945643,6.958173e-05,0,,,,
4,Chr4_6881119.0,6881119,6.968963e-05,0,,,,
1,Chr1_25186429.0,25186429,6.979399e-05,0,,,,
1,Chr1_17553329.0,17553329,7.034932e-05,0,,,,
4,Chr4_16497563.0,16497563,7.040138e-05,0,,,,
3,Chr3_11556367.0,11556367,7.043511e-05,0,,,,
3,Chr3_10713379.0,10713379,7.062658e-05,0,,,,
3,Chr3_10713385.0,10713385,7.062658e-05,0,,,,
3,Chr3_22700854.0,22700854,7.078461e-05,0,,,,
1,Chr1_4162131.0,4162131,7.081095e-05,0,,,,
3,Chr3_22053856.0,22053856,7.085417e-05,1,AT3G59700,AT3G59700,AT3G59700,0.0
4,Chr4_15720794.0,15720794,7.088741e-05,0,,,,
4,Chr4_15720795.0,15720795,7.088741e-05,0,,,,
5,Chr5_9253583.0,9253583,7.093806e-05,0,,,,
1,Chr1_551895.0,551895,7.097734e-05,0,,,,
1,Chr1_551896.0,551896,7.097734e-05,0,,,,
5,Chr5_27295.0,27295,7.104766e-05,1,AT5G01075,AT5G01075,AT5G01075,0.0
5,Chr5_9226939.0,9226939,7.12632e-05,1,AT5G26290,AT5G26290,AT5G26290,0.0
5,Chr5_9227048.0,9227048,7.12632e-05,1,AT5G26290,AT5G26290,AT5G26290,0.0
5,Chr5_9227049.0,9227049,7.12632e-05,1,AT5G26290,AT5G26290,AT5G26290,0.0
5,Chr5_9227260.0,9227260,7.12632e-05,1,AT5G26290,AT5G26290,AT5G26290,0.0
5,Chr5_9228266.0,9228266,7.12632e-05,0,,,,
5,Chr5_9249518.0,9249518,7.12632e-05,0,,,,
5,Chr5_9249620.0,9249620,7.12632e-05,0,,,,
5,Chr5_9249810.0,9249810,7.12632e-05,0,,,,
5,Chr5_9252255.0,9252255,7.12632e-05,0,,,,
5,Chr5_9252551.0,9252551,7.12632e-05,0,,,,
5,Chr5_15131994.0,15131994,7.138755e-05,1,AT5G37980,AT5G37980,AT5G37980,0.0
3,Chr3_10713168.0,10713168,7.142064e-05,0,,,,
2,Chr2_9470827.0,9470827,7.145501e-05,0,,,,
1,Chr1_4182745.0,4182745,7.150544e-05,0,,,,
2,Chr2_15615098.0,15615098,7.155902e-05,0,,,,
2,Chr2_15615134.0,15615134,7.155902e-05,0,,,,
2,Chr2_15615383.0,15615383,7.155902e-05,0,,,,
1,Chr1_9423013.0,9423013,7.179823e-05,1,AT1G27120,AT1G27120,AT1G27120,0.0
4,Chr4_16728703.0,16728703,7.212265e-05,0,,,,
5,Chr5_9042867.0,9042867,7.219653e-05,0,,,,
5,Chr5_9048273.0,9048273,7.219653e-05,0,,,,
5,Chr5_24205839.0,24205839,7.222643e-05,0,,,,
1,Chr1_4326298.0,4326298,7.229383e-05,1,AT1G12700,AT1G12700,AT1G12700,0.0
5,Chr5_19763718.0,19763718,7.249297e-05,1,AT5G48730,AT5G48730,AT5G48730,0.0
2,Chr2_16103053.0,16103053,7.271705e-05,0,,,,
4,Chr4_2332928.0,2332928,7.272631e-05,0,,,,
4,Chr4_2068391.0,2068391,7.278074e-05,0,,,,
3,Chr3_10944912.0,10944912,7.28846e-05,0,,,,
3,Chr3_10948009.0,10948009,7.28846e-05,0,,,,
3,Chr3_10950234.0,10950234,7.28846e-05,0,,,,
3,Chr3_10950754.0,10950754,7.28846e-05,0,,,,
1,Chr1_7800108.0,7800108,7.313762e-05,1,AT1G22100,AT1G22100,AT1G22100,0.0
3,Chr3_14066532.0,14066532,7.317734e-05,0,,,,
1,Chr1_4297477.0,4297477,7.327474e-05,0,,,,
1,Chr1_4297484.0,4297484,7.327474e-05,0,,,,
4,Chr4_15719189.0,15719189,7.337778e-05,0,,,,
5,Chr5_9710794.0,9710794,7.348919e-05,0,,,,
5,Chr5_17275442.0,17275442,7.359058e-05,0,,,,
5,Chr5_8963150.0,8963150,7.363347e-05,0,,,,
5,Chr5_1057964.0,1057964,7.376681e-05,0,,,,
5,Chr5_1057975.0,1057975,7.376681e-05,0,,,,
5,Chr5_1058004.0,1058004,7.376681e-05,0,,,,
4,Chr4_4228138.0,4228138,7.376824e-05,0,,,,
1,Chr1_4064793.0,4064793,7.378111e-05,1,AT1G12030,AT1G12030,AT1G12030,0.0
2,Chr2_4338471.0,4338471,7.439319e-05,0,,,,
4,Chr4_6311190.0,6311190,7.446196e-05,0,,,,
3,Chr3_13160713.0,13160713,7.449057e-05,0,,,,
1,Chr1_497817.0,497817,7.48611e-05,0,,,,
2,Chr2_4265127.0,4265127,7.48681e-05,0,,,,
5,Chr5_10667658.0,10667658,7.525789e-05,0,,,,
5,Chr5_13844063.0,13844063,7.540502e-05,0,,,,
4,Chr4_13145616.0,13145616,7.571112e-05,1,AT4G25850,AT4G25850,AT4G25850,0.0
4,Chr4_13148812.0,13148812,7.571112e-05,1,AT4G25860,AT4G25860,AT4G25860,0.0
4,Chr4_13148914.0,13148914,7.571112e-05,1,AT4G25860,AT4G25860,AT4G25860,0.0
4,Chr4_1993818.0,1993818,7.582607e-05,0,,,,
1,Chr1_16996778.0,16996778,7.594627e-05,0,,,,
1,Chr1_16999222.0,16999222,7.594627e-05,0,,,,
1,Chr1_16999565.0,16999565,7.594627e-05,1,AT1G44960,AT1G44960,AT1G44960,0.0
1,Chr1_17005819.0,17005819,7.594627e-05,1,AT1G44980,AT1G44980,AT1G44980,0.0
5,Chr5_9227148.0,9227148,7.606272e-05,1,AT5G26290,AT5G26290,AT5G26290,0.0
4,Chr4_10420987.0,10420987,7.613425e-05,1,AT4G19020,AT4G19020,AT4G19020,0.0
3,Chr3_10948732.0,10948732,7.630691e-05,0,,,,
3,Chr3_10948759.0,10948759,7.630691e-05,0,,,,
2,Chr2_9467637.0,9467637,7.636499e-05,1,AT2G22290,AT2G22290,AT2G22290,0.0
2,Chr2_17101332.0,17101332,7.638886e-05,0,,,,
4,Chr4_15754329.0,15754329,7.642933e-05,1,AT4G32650,AT4G32650,AT4G32650,0.0
4,Chr4_15754340.0,15754340,7.642933e-05,1,AT4G32650,AT4G32650,AT4G32650,0.0
4,Chr4_15759899.0,15759899,7.642933e-05,1,AT4G32670,AT4G32670,AT4G32670,0.0
4,Chr4_15759900.0,15759900,7.642933e-05,1,AT4G32670,AT4G32670,AT4G32670,0.0
4,Chr4_15759901.0,15759901,7.642933e-05,1,AT4G32670,AT4G32670,AT4G32670,0.0
5,Chr5_6439550.0,6439550,7.676325e-05,0,,,,
3,Chr3_12412214.0,12412214,7.683764e-05,0,,,,
4,Chr4_13121951.0,13121951,7.691441e-05,1,AT4G25780,AT4G25780,AT4G25780,0.0
4,Chr4_13123129.0,13123129,7.691441e-05,1,AT4G25790,AT4G25790,AT4G25790,0.0
4,Chr4_13133211.0,13133211,7.691441e-05,0,,,,
4,Chr4_13133212.0,13133212,7.691441e-05,0,,,,
4,Chr4_13133538.0,13133538,7.691441e-05,1,AT4G25830,AT4G25830,AT4G25830,0.0
1,Chr1_26592930.0,26592930,7.692562e-05,0,,,,
5,Chr5_12486344.0,12486344,7.706874e-05,0,,,,
4,Chr4_7379469.0,7379469,7.709463e-05,1,AT4G12440,AT4G12440,AT4G12440,0.0
5,Chr5_14813025.0,14813025,7.745349e-05,1,AT5G37370,AT5G37370,AT5G37370,0.0
5,Chr5_5928763.0,5928763,7.746242e-05,1,AT5G17910,AT5G17910,AT5G17910,0.0
4,Chr4_16331300.0,16331300,7.746788e-05,1,AT4G34100,AT4G34100,AT4G34100,0.0
3,Chr3_4199469.0,4199469,7.748828e-05,1,AT3G13080,AT3G13080,AT3G13080,0.0
2,Chr2_17091358.0,17091358,7.750765e-05,0,,,,
1,Chr1_4308564.0,4308564,7.750969e-05,0,,,,
2,Chr2_5903809.0,5903809,7.753782e-05,0,,,,
1,Chr1_9872.0,9872,7.796478e-05,0,,,,
4,Chr4_167935.0,167935,7.800704e-05,0,,,,
5,Chr5_20949963.0,20949963,7.801386e-05,1,AT5G51570,AT5G51570,AT5G51570,0.0
2,Chr2_2290709.0,2290709,7.8135e-05,0,,,,
2,Chr2_12415084.0,12415084,7.822043e-05,1,AT2G28900,AT2G28900,AT2G28900,0.0
5,Chr5_13437924.0,13437924,7.824821e-05,0,,,,
1,Chr1_4316238.0,4316238,7.825925e-05,0,,,,
4,Chr4_18233766.0,18233766,7.826019e-05,1,AT4G39150,AT4G39150,AT4G39150,0.0
3,Chr3_5623133.0,5623133,7.832634e-05,0,,,,
5,Chr5_9115958.0,9115958,7.839978e-05,0,,,,
5,Chr5_9118275.0,9118275,7.839978e-05,1,AT5G26110,AT5G26110,AT5G26110,0.0
2,Chr2_12925850.0,12925850,7.876265e-05,1,AT2G30320,AT2G30320,AT2G30320,0.0
1,Chr1_9429395.0,9429395,7.883104e-05,1,AT1G27150,AT1G27150,AT1G27150,0.0
1,Chr1_25802911.0,25802911,7.890966e-05,0,,,,
3,Chr3_10185265.0,10185265,7.901571e-05,0,,,,
3,Chr3_10185267.0,10185267,7.901571e-05,0,,,,
3,Chr3_10185285.0,10185285,7.901571e-05,0,,,,
3,Chr3_10185304.0,10185304,7.901571e-05,0,,,,
3,Chr3_10185349.0,10185349,7.901571e-05,0,,,,
3,Chr3_15571527.0,15571527,7.914085e-05,0,,,,
3,Chr3_12436164.0,12436164,7.923974e-05,0,,,,
3,Chr3_10712844.0,10712844,7.924821e-05,0,,,,
3,Chr3_10712864.0,10712864,7.924821e-05,0,,,,
3,Chr3_14262676.0,14262676,7.940725e-05,0,,,,
1,Chr1_4299713.0,4299713,7.945259e-05,0,,,,
3,Chr3_451691.0,451691,7.949226e-05,0,,,,
1,Chr1_4299509.0,4299509,7.954318e-05,0,,,,
5,Chr5_15463986.0,15463986,7.95465e-05,1,AT5G38620,AT5G38620,AT5G38620,0.0
5,Chr5_15464126.0,15464126,7.95465e-05,1,AT5G38620,AT5G38620,AT5G38620,0.0
1,Chr1_15535189.0,15535189,7.956754e-05,0,,,,
4,Chr4_943653.0,943653,7.978528e-05,1,AT4G02120,AT4G02120,AT4G02120,0.0
3,Chr3_20910344.0,20910344,7.978877e-05,1,AT3G56400,AT3G56400,AT3G56400,0.0
4,Chr4_8110582.0,8110582,7.986557e-05,0,,,,
1,Chr1_28864558.0,28864558,7.990502e-05,0,,,,
1,Chr1_23571448.0,23571448,7.998926e-05,0,,,,
2,Chr2_6933289.0,6933289,8.00081e-05,1,AT2G15910,AT2G15910,AT2G15910,0.0
5,Chr5_19109552.0,19109552,8.018639e-05,0,,,,
5,Chr5_19109558.0,19109558,8.018639e-05,0,,,,
5,Chr5_19109570.0,19109570,8.018639e-05,0,,,,
5,Chr5_19109572.0,19109572,8.018639e-05,0,,,,
5,Chr5_10977793.0,10977793,8.024759e-05,0,,,,
5,Chr5_15459421.0,15459421,8.039933e-05,1,AT5G38600,AT5G38600,AT5G38600,0.0
3,Chr3_17899984.0,17899984,8.042226e-05,0,,,,
3,Chr3_17901167.0,17901167,8.042226e-05,0,,,,
3,Chr3_15963930.0,15963930,8.046716e-05,0,,,,
1,Chr1_23717002.0,23717002,8.048743e-05,1,AT1G63900,AT1G63900,AT1G63900,0.0
1,Chr1_4616286.0,4616286,8.049261e-05,1,AT1G13460,AT1G13460,AT1G13460,0.0
4,Chr4_2507088.0,2507088,8.052238e-05,0,,,,
1,Chr1_29322076.0,29322076,8.062843e-05,1,AT1G77990,AT1G77990,AT1G77990,0.0
5,Chr5_24122207.0,24122207,8.068194e-05,0,,,,
5,Chr5_16243850.0,16243850,8.079539e-05,0,,,,
5,Chr5_16243851.0,16243851,8.079539e-05,0,,,,
5,Chr5_15900082.0,15900082,8.109115e-05,1,AT5G39720,AT5G39720,AT5G39720,0.0
4,Chr4_7400277.0,7400277,8.113534e-05,0,,,,
4,Chr4_2321955.0,2321955,8.127678e-05,0,,,,
4,Chr4_16517428.0,16517428,8.130003e-05,1,AT4G34580,AT4G34580,AT4G34580,0.0
5,Chr5_24352228.0,24352228,8.134384e-05,0,,,,
3,Chr3_15528047.0,15528047,8.152837e-05,0,,,,
4,Chr4_13157705.0,13157705,8.155914e-05,1,AT4G25880,AT4G25880,AT4G25880,0.0
4,Chr4_13157709.0,13157709,8.155914e-05,1,AT4G25880,AT4G25880,AT4G25880,0.0
4,Chr4_13159779.0,13159779,8.155914e-05,1,AT4G25890,AT4G25890,AT4G25890,0.0
1,Chr1_4272784.0,4272784,8.155941e-05,0,,,,
2,Chr2_4329461.0,4329461,8.167339e-05,0,,,,
1,Chr1_4169480.0,4169480,8.175347e-05,0,,,,
4,Chr4_860960.0,860960,8.176199e-05,0,,,,
1,Chr1_6672681.0,6672681,8.185385e-05,0,,,,
5,Chr5_8469951.0,8469951,8.189053e-05,1,AT5G24740,AT5G24740,AT5G24740,0.0
2,Chr2_9232843.0,9232843,8.200715e-05,0,,,,
1,Chr1_537531.0,537531,8.201514e-05,0,,,,
2,Chr2_17158096.0,17158096,8.250592e-05,1,AT2G41160,AT2G41160,AT2G41160,0.0
5,Chr5_6453342.0,6453342,8.265195e-05,1,AT5G19180,AT5G19180,AT5G19180,0.0
4,Chr4_11925361.0,11925361,8.279121e-05,0,,,,
1,Chr1_4315682.0,4315682,8.283951e-05,0,,,,
1,Chr1_8538336.0,8538336,8.32117e-05,0,,,,
1,Chr1_9270878.0,9270878,8.354282e-05,0,,,,
2,Chr2_8567990.0,8567990,8.365154e-05,0,,,,
1,Chr1_4298482.0,4298482,8.378075e-05,0,,,,
5,Chr5_9775850.0,9775850,8.396966e-05,0,,,,
5,Chr5_9777900.0,9777900,8.396966e-05,1,AT5G27630,AT5G27630,AT5G27630,0.0
5,Chr5_1058010.0,1058010,8.403464e-05,0,,,,
3,Chr3_18952910.0,18952910,8.405286e-05,1,AT3G51040,AT3G51040,AT3G51040,0.0
2,Chr2_9115943.0,9115943,8.412489e-05,1,AT2G21300,AT2G21300,AT2G21300,0.0
3,Chr3_10185187.0,10185187,8.41374e-05,0,,,,
4,Chr4_15772110.0,15772110,8.435265e-05,1,AT4G32700,AT4G32700,AT4G32700,0.0
4,Chr4_5772461.0,5772461,8.445623e-05,0,,,,
3,Chr3_15624457.0,15624457,8.481456e-05,0,,,,
5,Chr5_6433663.0,6433663,8.493362e-05,0,,,,
1,Chr1_4322825.0,4322825,8.505788e-05,1,AT1G12680,AT1G12680,AT1G12680,0.0
4,Chr4_15719704.0,15719704,8.508638e-05,0,,,,
4,Chr4_15720467.0,15720467,8.508638e-05,1,AT4G32580,AT4G32580,AT4G32580,0.0
4,Chr4_15720473.0,15720473,8.508638e-05,1,AT4G32580,AT4G32580,AT4G32580,0.0
4,Chr4_15721838.0,15721838,8.508638e-05,1,AT4G32590,AT4G32590,AT4G32590,0.0
4,Chr4_15722168.0,15722168,8.508638e-05,1,AT4G32590,AT4G32590,AT4G32590,0.0
4,Chr4_15722410.0,15722410,8.508638e-05,1,AT4G32590,AT4G32590,AT4G32590,0.0
4,Chr4_15729410.0,15729410,8.508638e-05,1,AT4G32610,AT4G32610,AT4G32610,0.0
4,Chr4_15741617.0,15741617,8.508638e-05,1,AT4G32630,AT4G32630,AT4G32630,0.0
4,Chr4_15741856.0,15741856,8.508638e-05,0,,,,
4,Chr4_15743011.0,15743011,8.508638e-05,1,AT4G32640,AT4G32640,AT4G32640,0.0
4,Chr4_15744358.0,15744358,8.508638e-05,1,AT4G32640,AT4G32640,AT4G32640,0.0
5,Chr5_10961668.0,10961668,8.525559e-05,1,AT5G28931,AT5G28931,AT5G28931,0.0
1,Chr1_21016908.0,21016908,8.543268e-05,0,,,,
4,Chr4_2028212.0,2028212,8.561372e-05,1,AT4G04200,AT4G04200,AT4G04200,0.0
4,Chr4_2028257.0,2028257,8.561372e-05,1,AT4G04200,AT4G04200,AT4G04200,0.0
4,Chr4_2028358.0,2028358,8.561372e-05,1,AT4G04200,AT4G04200,AT4G04200,0.0
4,Chr4_2028436.0,2028436,8.561372e-05,1,AT4G04200,AT4G04200,AT4G04200,0.0
4,Chr4_2028439.0,2028439,8.561372e-05,1,AT4G04200,AT4G04200,AT4G04200,0.0
4,Chr4_2028455.0,2028455,8.561372e-05,1,AT4G04200,AT4G04200,AT4G04200,0.0
4,Chr4_2028465.0,2028465,8.561372e-05,1,AT4G04200,AT4G04200,AT4G04200,0.0
4,Chr4_2028470.0,2028470,8.561372e-05,1,AT4G04200,AT4G04200,AT4G04200,0.0
1,Chr1_21436106.0,21436106,8.567379e-05,1,AT1G57906,AT1G57906,AT1G57906,0.0
3,Chr3_15625010.0,15625010,8.568467e-05,0,,,,
2,Chr2_666502.0,666502,8.569703e-05,0,,,,
2,Chr2_11534493.0,11534493,8.575775e-05,0,,,,
4,Chr4_16918234.0,16918234,8.59037e-05,1,AT4G35680,AT4G35680,AT4G35680,0.0
1,Chr1_25998099.0,25998099,8.598035e-05,0,,,,
5,Chr5_18043794.0,18043794,8.614231e-05,1,AT5G44720,AT5G44720,AT5G44720,0.0
5,Chr5_317479.0,317479,8.62513e-05,0,,,,
4,Chr4_1980115.0,1980115,8.627344e-05,0,,,,
4,Chr4_1980163.0,1980163,8.627344e-05,0,,,,
4,Chr4_1980785.0,1980785,8.627344e-05,0,,,,
4,Chr4_1982003.0,1982003,8.627344e-05,0,,,,
4,Chr4_2007859.0,2007859,8.627344e-05,0,,,,
4,Chr4_2007974.0,2007974,8.627344e-05,0,,,,
4,Chr4_2008922.0,2008922,8.627344e-05,0,,,,
4,Chr4_2008939.0,2008939,8.627344e-05,0,,,,
4,Chr4_2011780.0,2011780,8.627344e-05,0,,,,
4,Chr4_7344447.0,7344447,8.641315e-05,0,,,,
4,Chr4_10146843.0,10146843,8.647166e-05,1,AT4G18360,AT4G18360,AT4G18360,0.0
4,Chr4_10148852.0,10148852,8.647166e-05,0,,,,
4,Chr4_10152855.0,10152855,8.647166e-05,1,AT4G18375,AT4G18375,AT4G18375,0.0
2,Chr2_9445327.0,9445327,8.651805e-05,0,,,,
4,Chr4_7925316.0,7925316,8.67035e-05,0,,,,
5,Chr5_19040589.0,19040589,8.69094e-05,0,,,,
1,Chr1_26154280.0,26154280,8.739106e-05,0,,,,
1,Chr1_17195685.0,17195685,8.741751e-05,0,,,,
1,Chr1_19844272.0,19844272,8.766545e-05,0,,,,
3,Chr3_18934419.0,18934419,8.767336e-05,1,AT3G50940,AT3G50940,AT3G50940,0.0
5,Chr5_7460714.0,7460714,8.778009e-05,1,AT5G22490,AT5G22490,AT5G22490,0.0
5,Chr5_7466175.0,7466175,8.778009e-05,0,,,,
5,Chr5_6441020.0,6441020,8.789818e-05,0,,,,
3,Chr3_10393760.0,10393760,8.790001e-05,1,AT3G27990,AT3G27990,AT3G27990,0.0
4,Chr4_10134577.0,10134577,8.791009e-05,0,,,,
2,Chr2_3682251.0,3682251,8.81853e-05,0,,,,
4,Chr4_9542427.0,9542427,8.822942e-05,1,AT4G16950,AT4G16950,AT4G16950,0.0
1,Chr1_21389988.0,21389988,8.848561e-05,0,,,,
1,Chr1_27221510.0,27221510,8.859136e-05,0,,,,
4,Chr4_2028300.0,2028300,8.878515e-05,1,AT4G04200,AT4G04200,AT4G04200,0.0
2,Chr2_5135464.0,5135464,8.888823e-05,0,,,,
4,Chr4_1984619.0,1984619,8.903423e-05,0,,,,
3,Chr3_14067306.0,14067306,8.903722e-05,0,,,,
4,Chr4_1977469.0,1977469,8.905453e-05,0,,,,
2,Chr2_662408.0,662408,8.916011e-05,1,AT2G02480,AT2G02480,AT2G02480,0.0
4,Chr4_16707441.0,16707441,8.932863e-05,0,,,,
2,Chr2_11373528.0,11373528,8.9572e-05,0,,,,
5,Chr5_16951909.0,16951909,8.973759e-05,1,AT5G42390,AT5G42390,AT5G42390,0.0
4,Chr4_9542414.0,9542414,8.985849e-05,1,AT4G16950,AT4G16950,AT4G16950,0.0
5,Chr5_11421812.0,11421812,8.988331e-05,0,,,,
1,Chr1_19651047.0,19651047,8.999719e-05,0,,,,
1,Chr1_19652840.0,19652840,8.999719e-05,0,,,,
5,Chr5_24899568.0,24899568,9.027311e-05,1,AT5G61980,AT5G61980,AT5G61980,0.0
4,Chr4_6693903.0,6693903,9.086248e-05,0,,,,
4,Chr4_6695177.0,6695177,9.086248e-05,0,,,,
3,Chr3_3013609.0,3013609,9.114075e-05,1,AT3G09820,AT3G09820,AT3G09820,0.0
3,Chr3_3013620.0,3013620,9.114075e-05,1,AT3G09820,AT3G09820,AT3G09820,0.0
3,Chr3_3013636.0,3013636,9.114075e-05,1,AT3G09820,AT3G09820,AT3G09820,0.0
2,Chr2_9214662.0,9214662,9.148967e-05,0,,,,
1,Chr1_23606449.0,23606449,9.15121e-05,1,AT1G63660,AT1G63660,AT1G63660,0.0
1,Chr1_4177071.0,4177071,9.157403e-05,1,AT1G12280,AT1G12280,AT1G12280,0.0
1,Chr1_4178204.0,4178204,9.157403e-05,0,,,,
5,Chr5_4147136.0,4147136,9.158516e-05,0,,,,
4,Chr4_2028298.0,2028298,9.172564e-05,1,AT4G04200,AT4G04200,AT4G04200,0.0
4,Chr4_9542430.0,9542430,9.194465e-05,1,AT4G16950,AT4G16950,AT4G16950,0.0
1,Chr1_6649867.0,6649867,9.213271e-05,1,AT1G19240,AT1G19240,AT1G19240,0.0
3,Chr3_17110397.0,17110397,9.22592e-05,0,,,,
4,Chr4_913910.0,913910,9.241485e-05,1,AT4G02075,AT4G02075,AT4G02075,0.0
1,Chr1_1791811.0,1791811,9.266174e-05,1,AT1G05910,AT1G05910,AT1G05910,0.0
3,Chr3_2214671.0,2214671,9.266871e-05,1,AT3G07010,AT3G07010,AT3G07010,0.0
5,Chr5_22290313.0,22290313,9.268809e-05,1,AT5G54870,AT5G54870,AT5G54870,0.0
4,Chr4_5558062.0,5558062,9.273735e-05,0,,,,
4,Chr4_13139099.0,13139099,9.288345e-05,1,AT4G25840,AT4G25840,AT4G25840,0.0
1,Chr1_27033692.0,27033692,9.31719e-05,1,AT1G71870,AT1G71870,AT1G71870,0.0
2,Chr2_6397927.0,6397927,9.323204e-05,0,,,,
2,Chr2_6397930.0,6397930,9.323204e-05,0,,,,
2,Chr2_6185373.0,6185373,9.393474e-05,0,,,,
1,Chr1_4292522.0,4292522,9.441601e-05,0,,,,
1,Chr1_4292611.0,4292611,9.441601e-05,0,,,,
1,Chr1_27987308.0,27987308,9.472959e-05,1,AT1G74458,AT1G74458,AT1G74458,0.0
3,Chr3_15384466.0,15384466,9.495593e-05,0,,,,
3,Chr3_15384616.0,15384616,9.495593e-05,0,,,,
3,Chr3_11618945.0,11618945,9.512072e-05,0,,,,
1,Chr1_11334082.0,11334082,9.513014e-05,0,,,,
2,Chr2_147813.0,147813,9.52441e-05,1,AT2G01280,AT2G01280,AT2G01280,0.0
1,Chr1_27150964.0,27150964,9.533644e-05,1,AT1G72150,AT1G72150,AT1G72150,0.0
2,Chr2_1465641.0,1465641,9.549944e-05,0,,,,
5,Chr5_18558739.0,18558739,9.575335e-05,0,,,,
5,Chr5_18561247.0,18561247,9.575335e-05,1,AT5G45760,AT5G45760,AT5G45760,0.0
5,Chr5_18562610.0,18562610,9.575335e-05,1,AT5G45760,AT5G45760,AT5G45760,0.0
3,Chr3_14269516.0,14269516,9.580888e-05,0,,,,
4,Chr4_16707461.0,16707461,9.598561e-05,0,,,,
3,Chr3_10713310.0,10713310,9.602459e-05,0,,,,
3,Chr3_10713316.0,10713316,9.602459e-05,0,,,,
3,Chr3_10713366.0,10713366,9.602459e-05,0,,,,
3,Chr3_10713480.0,10713480,9.602459e-05,0,,,,
3,Chr3_10713506.0,10713506,9.602459e-05,0,,,,
2,Chr2_12243471.0,12243471,9.625002e-05,0,,,,
2,Chr2_12243843.0,12243843,9.625002e-05,0,,,,
2,Chr2_6092352.0,6092352,9.627837e-05,0,,,,
4,Chr4_13038198.0,13038198,9.629645e-05,0,,,,
3,Chr3_15632882.0,15632882,9.655035e-05,0,,,,
3,Chr3_15638232.0,15638232,9.655035e-05,0,,,,
3,Chr3_15639990.0,15639990,9.655035e-05,0,,,,
3,Chr3_5590773.0,5590773,9.661362e-05,0,,,,
5,Chr5_24900897.0,24900897,9.662054e-05,1,AT5G61990,AT5G61990,AT5G61990,0.0
5,Chr5_11992611.0,11992611,9.662483e-05,0,,,,
3,Chr3_8873785.0,8873785,9.666772e-05,0,,,,
1,Chr1_19914714.0,19914714,9.670794e-05,1,AT1G53380,AT1G53380,AT1G53380,0.0
2,Chr2_13613045.0,13613045,9.676096e-05,1,AT2G31990,AT2G31990,AT2G31990,0.0
2,Chr2_2185760.0,2185760,9.679285e-05,0,,,,
5,Chr5_493967.0,493967,9.7047e-05,1,AT5G02340,AT5G02340,AT5G02340,0.0
3,Chr3_15596005.0,15596005,9.708961e-05,0,,,,
5,Chr5_15463507.0,15463507,9.714493e-05,0,,,,
3,Chr3_15967830.0,15967830,9.72332e-05,0,,,,
4,Chr4_1984607.0,1984607,9.75251e-05,0,,,,
4,Chr4_1984673.0,1984673,9.75251e-05,0,,,,
4,Chr4_1985633.0,1985633,9.75251e-05,0,,,,
4,Chr4_1989521.0,1989521,9.75251e-05,0,,,,
4,Chr4_1990935.0,1990935,9.75251e-05,0,,,,
4,Chr4_1995284.0,1995284,9.75251e-05,0,,,,
4,Chr4_1996366.0,1996366,9.75251e-05,0,,,,
4,Chr4_1996923.0,1996923,9.75251e-05,0,,,,
4,Chr4_1998114.0,1998114,9.75251e-05,0,,,,
4,Chr4_1999352.0,1999352,9.75251e-05,0,,,,
4,Chr4_1999863.0,1999863,9.75251e-05,0,,,,
4,Chr4_2000300.0,2000300,9.75251e-05,0,,,,
4,Chr4_2000446.0,2000446,9.75251e-05,0,,,,
4,Chr4_2001426.0,2001426,9.75251e-05,0,,,,
4,Chr4_2001890.0,2001890,9.75251e-05,0,,,,
4,Chr4_2003298.0,2003298,9.75251e-05,0,,,,
4,Chr4_2003578.0,2003578,9.75251e-05,0,,,,
4,Chr4_2003686.0,2003686,9.75251e-05,0,,,,
4,Chr4_2004767.0,2004767,9.75251e-05,0,,,,
4,Chr4_2004776.0,2004776,9.75251e-05,0,,,,
4,Chr4_2004842.0,2004842,9.75251e-05,0,,,,
4,Chr4_2008402.0,2008402,9.75251e-05,0,,,,
4,Chr4_2008488.0,2008488,9.75251e-05,0,,,,
4,Chr4_2009019.0,2009019,9.75251e-05,0,,,,
4,Chr4_2009454.0,2009454,9.75251e-05,0,,,,
4,Chr4_2010884.0,2010884,9.75251e-05,0,,,,
4,Chr4_2012210.0,2012210,9.75251e-05,0,,,,
4,Chr4_2012727.0,2012727,9.75251e-05,0,,,,
4,Chr4_2013216.0,2013216,9.75251e-05,0,,,,
4,Chr4_2015845.0,2015845,9.75251e-05,0,,,,
4,Chr4_2016068.0,2016068,9.75251e-05,0,,,,
4,Chr4_2017397.0,2017397,9.75251e-05,0,,,,
4,Chr4_2017725.0,2017725,9.75251e-05,0,,,,
4,Chr4_2019952.0,2019952,9.75251e-05,0,,,,
2,Chr2_17271909.0,17271909,9.769991e-05,1,AT2G41440,AT2G41440,AT2G41440,0.0
2,Chr2_17272025.0,17272025,9.769991e-05,1,AT2G41440,AT2G41440,AT2G41440,0.0
5,Chr5_4245213.0,4245213,9.786276e-05,1,AT5G13260,AT5G13260,AT5G13260,0.0
5,Chr5_506957.0,506957,9.787258e-05,2,AT5G02370;AT5G02380,AT5G02370,AT5G02370,0.0
2,Chr2_15603141.0,15603141,9.816554e-05,1,AT2G37140,AT2G37140,AT2G37140,0.0
2,Chr2_15604194.0,15604194,9.816554e-05,1,AT2G37150,AT2G37150,AT2G37150,0.0
2,Chr2_15608120.0,15608120,9.816554e-05,1,AT2G37150,AT2G37150,AT2G37150,0.0
2,Chr2_15612364.0,15612364,9.816554e-05,1,AT2G37160,AT2G37160,AT2G37160,0.0
3,Chr3_15601671.0,15601671,9.818162e-05,0,,,,
3,Chr3_9784634.0,9784634,9.82909e-05,0,,,,
3,Chr3_5223626.0,5223626,9.833332e-05,0,,,,
2,Chr2_16686631.0,16686631,9.854811e-05,1,AT2G39970,AT2G39970,AT2G39970,0.0
3,Chr3_15529493.0,15529493,9.874869e-05,0,,,,
3,Chr3_15529812.0,15529812,9.874869e-05,0,,,,
5,Chr5_26901413.0,26901413,9.886591e-05,0,,,,
5,Chr5_903801.0,903801,9.889017e-05,1,AT5G03570,AT5G03570,AT5G03570,0.0
4,Chr4_15827806.0,15827806,9.89407e-05,0,,,,
1,Chr1_12121005.0,12121005,9.894921e-05,2,AT1G33415;AT1G33420,AT1G33415,AT1G33415,0.0
4,Chr4_13046589.0,13046589,9.918967e-05,1,AT4G25540,AT4G25540,AT4G25540,0.0
4,Chr4_13057774.0,13057774,9.918967e-05,1,AT4G25580,AT4G25580,AT4G25580,0.0
2,Chr2_6795089.0,6795089,9.928984e-05,0,,,,
5,Chr5_6434239.0,6434239,9.929887e-05,0,,,,
5,Chr5_6434246.0,6434246,9.929887e-05,0,,,,
5,Chr5_6435458.0,6435458,9.929887e-05,0,,,,
5,Chr5_6435743.0,6435743,9.929887e-05,0,,,,
5,Chr5_6436066.0,6436066,9.929887e-05,0,,,,
5,Chr5_26768899.0,26768899,9.943748e-05,0,,,,
5,Chr5_26343315.0,26343315,9.961643e-05,1,AT5G65830,AT5G65830,AT5G65830,0.0
4,Chr4_10092524.0,10092524,9.968861e-05,0,,,,
5,Chr5_1182517.0,1182517,9.986837e-05,0,,,,
2,Chr2_6033567.0,6033567,0.0001000174,0,,,,
4,Chr4_1977748.0,1977748,0.0001003774,0,,,,
4,Chr4_8728341.0,8728341,0.0001004557,0,,,,
4,Chr4_17638326.0,17638326,0.0001004684,0,,,,
5,Chr5_10585324.0,10585324,0.0001005945,0,,,,
3,Chr3_15284322.0,15284322,0.0001006021,0,,,,
3,Chr3_10713037.0,10713037,0.0001006271,0,,,,
1,Chr1_23253885.0,23253885,0.0001006709,1,AT1G62800,AT1G62800,AT1G62800,0.0
5,Chr5_2361166.0,2361166,0.0001008334,1,AT5G07460,AT5G07460,AT5G07460,0.0
3,Chr3_23297163.0,23297163,0.0001008645,1,AT3G63040,AT3G63040,AT3G63040,0.0
4,Chr4_2027842.0,2027842,0.0001012918,1,AT4G04200,AT4G04200,AT4G04200,0.0
2,Chr2_7727961.0,7727961,0.0001013502,0,,,,
1,Chr1_12131620.0,12131620,0.0001013878,0,,,,
3,Chr3_9794531.0,9794531,0.0001014873,0,,,,
3,Chr3_9794780.0,9794780,0.0001014873,0,,,,
2,Chr2_9497375.0,9497375,0.0001015567,0,,,,
2,Chr2_9497403.0,9497403,0.0001015567,0,,,,
2,Chr2_9497411.0,9497411,0.0001015567,0,,,,
2,Chr2_9497427.0,9497427,0.0001015567,0,,,,
2,Chr2_9497459.0,9497459,0.0001015567,0,,,,
2,Chr2_9497461.0,9497461,0.0001015567,0,,,,
3,Chr3_13965086.0,13965086,0.0001015619,0,,,,
5,Chr5_11403710.0,11403710,0.00010163,0,,,,
5,Chr5_25512274.0,25512274,0.0001017163,0,,,,
3,Chr3_2500258.0,2500258,0.0001017372,1,AT3G07830,AT3G07830,AT3G07830,0.0
3,Chr3_3154804.0,3154804,0.0001017372,0,,,,
1,Chr1_23241883.0,23241883,0.0001019961,0,,,,
5,Chr5_13714181.0,13714181,0.0001020222,0,,,,
3,Chr3_14743561.0,14743561,0.0001020594,0,,,,
2,Chr2_13554328.0,13554328,0.0001021011,0,,,,
1,Chr1_26871744.0,26871744,0.0001021883,1,AT1G71280,AT1G71280,AT1G71280,0.0
4,Chr4_9492228.0,9492228,0.000102258,1,AT4G16860,AT4G16860,AT4G16860,0.0
4,Chr4_8266948.0,8266948,0.0001022633,0,,,,
4,Chr4_8266953.0,8266953,0.0001022633,0,,,,
4,Chr4_8266954.0,8266954,0.0001022633,0,,,,
4,Chr4_8266962.0,8266962,0.0001022633,0,,,,
4,Chr4_8266980.0,8266980,0.0001022633,0,,,,
3,Chr3_15659532.0,15659532,0.0001022637,1,AT3G43790,AT3G43790,AT3G43790,0.0
5,Chr5_26588213.0,26588213,0.0001023803,0,,,,
5,Chr5_26588227.0,26588227,0.0001023803,0,,,,
5,Chr5_26588229.0,26588229,0.0001023803,0,,,,
2,Chr2_15496946.0,15496946,0.0001024454,0,,,,
4,Chr4_770110.0,770110,0.0001024908,1,AT4G01790,AT4G01790,AT4G01790,0.0
4,Chr4_770111.0,770111,0.0001024908,1,AT4G01790,AT4G01790,AT4G01790,0.0
4,Chr4_770379.0,770379,0.0001024908,1,AT4G01790,AT4G01790,AT4G01790,0.0
4,Chr4_770397.0,770397,0.0001024908,1,AT4G01790,AT4G01790,AT4G01790,0.0
4,Chr4_770542.0,770542,0.0001024908,1,AT4G01790,AT4G01790,AT4G01790,0.0
3,Chr3_15527619.0,15527619,0.0001025316,0,,,,
4,Chr4_16320937.0,16320937,0.0001026313,0,,,,
1,Chr1_2030331.0,2030331,0.0001029173,1,AT1G06630,AT1G06630,AT1G06630,0.0
4,Chr4_13729560.0,13729560,0.0001030785,0,,,,
1,Chr1_13635230.0,13635230,0.0001030997,0,,,,
1,Chr1_4914204.0,4914204,0.0001031914,0,,,,
4,Chr4_14942815.0,14942815,0.0001032985,0,,,,
5,Chr5_18945066.0,18945066,0.0001033676,0,,,,
5,Chr5_18945079.0,18945079,0.0001033676,0,,,,
1,Chr1_11497158.0,11497158,0.0001033748,0,,,,
5,Chr5_19733325.0,19733325,0.0001034622,0,,,,
4,Chr4_2027979.0,2027979,0.0001035016,1,AT4G04200,AT4G04200,AT4G04200,0.0
5,Chr5_3543564.0,3543564,0.0001035275,1,AT5G11130,AT5G11130,AT5G11130,0.0
5,Chr5_3544742.0,3544742,0.0001035275,0,,,,
5,Chr5_3549243.0,3549243,0.0001035275,0,,,,
2,Chr2_2160550.0,2160550,0.0001035482,0,,,,
2,Chr2_2160765.0,2160765,0.0001035482,0,,,,
2,Chr2_2161960.0,2161960,0.0001035482,0,,,,
2,Chr2_2164666.0,2164666,0.0001035482,0,,,,
2,Chr2_2164904.0,2164904,0.0001035482,0,,,,
2,Chr2_2165799.0,2165799,0.0001035482,0,,,,
2,Chr2_2166027.0,2166027,0.0001035482,0,,,,
2,Chr2_2166386.0,2166386,0.0001035482,0,,,,
2,Chr2_2167372.0,2167372,0.0001035482,0,,,,
2,Chr2_2168313.0,2168313,0.0001035482,0,,,,
2,Chr2_2168406.0,2168406,0.0001035482,0,,,,
2,Chr2_2169730.0,2169730,0.0001035482,1,AT2G05752,AT2G05752,AT2G05752,0.0
2,Chr2_2171355.0,2171355,0.0001035482,1,AT2G05755,AT2G05755,AT2G05755,0.0
2,Chr2_2173920.0,2173920,0.0001035482,0,,,,
2,Chr2_2174245.0,2174245,0.0001035482,0,,,,
5,Chr5_1057578.0,1057578,0.0001038265,0,,,,
5,Chr5_1057587.0,1057587,0.0001038265,0,,,,
5,Chr5_1057738.0,1057738,0.0001038265,0,,,,
5,Chr5_1057749.0,1057749,0.0001038265,0,,,,
5,Chr5_1057848.0,1057848,0.0001038265,0,,,,
5,Chr5_1057884.0,1057884,0.0001038265,0,,,,
2,Chr2_7680354.0,7680354,0.0001042428,1,AT2G17680,AT2G17680,AT2G17680,0.0
4,Chr4_13025653.0,13025653,0.0001045695,1,AT4G25500,AT4G25500,AT4G25500,0.0
4,Chr4_13028070.0,13028070,0.0001045695,0,,,,
4,Chr4_13031512.0,13031512,0.0001045695,1,AT4G25515,AT4G25515,AT4G25515,0.0
4,Chr4_13032315.0,13032315,0.0001045695,1,AT4G25520,AT4G25520,AT4G25520,0.0
4,Chr4_13032855.0,13032855,0.0001045695,1,AT4G25520,AT4G25520,AT4G25520,0.0
4,Chr4_13032946.0,13032946,0.0001045695,1,AT4G25520,AT4G25520,AT4G25520,0.0
4,Chr4_13033076.0,13033076,0.0001045695,1,AT4G25520,AT4G25520,AT4G25520,0.0
4,Chr4_13033274.0,13033274,0.0001045695,1,AT4G25520,AT4G25520,AT4G25520,0.0
4,Chr4_13037166.0,13037166,0.0001045695,0,,,,
4,Chr4_13037622.0,13037622,0.0001045695,0,,,,
4,Chr4_13038700.0,13038700,0.0001045695,1,AT4G25530,AT4G25530,AT4G25530,0.0
4,Chr4_13038744.0,13038744,0.0001045695,1,AT4G25530,AT4G25530,AT4G25530,0.0
4,Chr4_13039439.0,13039439,0.0001045695,1,AT4G25530,AT4G25530,AT4G25530,0.0
4,Chr4_13040580.0,13040580,0.0001045695,1,AT4G25530,AT4G25530,AT4G25530,0.0
4,Chr4_13044613.0,13044613,0.0001045695,1,AT4G25540,AT4G25540,AT4G25540,0.0
4,Chr4_13044930.0,13044930,0.0001045695,1,AT4G25540,AT4G25540,AT4G25540,0.0
4,Chr4_13050894.0,13050894,0.0001045695,1,AT4G25550,AT4G25550,AT4G25550,0.0
4,Chr4_13051720.0,13051720,0.0001045695,0,,,,
4,Chr4_13051987.0,13051987,0.0001045695,0,,,,
4,Chr4_13058772.0,13058772,0.0001045695,1,AT4G25580,AT4G25580,AT4G25580,0.0
4,Chr4_13059300.0,13059300,0.0001045695,1,AT4G25590,AT4G25590,AT4G25590,0.0
4,Chr4_13076905.0,13076905,0.0001045695,1,AT4G25640,AT4G25640,AT4G25640,0.0
4,Chr4_13077093.0,13077093,0.0001045695,1,AT4G25640,AT4G25640,AT4G25640,0.0
4,Chr4_13080280.0,13080280,0.0001045695,0,,,,
4,Chr4_13086348.0,13086348,0.0001045695,2,AT4G25670;AT4G25672,AT4G25670,AT4G25670,0.0
4,Chr4_13086951.0,13086951,0.0001045695,2,AT4G25670;AT4G25672,AT4G25670,AT4G25670,0.0
1,Chr1_14695986.0,14695986,0.0001047164,0,,,,
3,Chr3_14889527.0,14889527,0.0001047346,0,,,,
4,Chr4_815217.0,815217,0.0001047738,0,,,,
2,Chr2_6093816.0,6093816,0.0001049476,0,,,,
5,Chr5_13992726.0,13992726,0.000105083,0,,,,
1,Chr1_7846392.0,7846392,0.000105236,0,,,,
1,Chr1_4142866.0,4142866,0.0001054578,1,AT1G12210,AT1G12210,AT1G12210,0.0
5,Chr5_9152873.0,9152873,0.0001056452,1,AT5G26180,AT5G26180,AT5G26180,0.0
2,Chr2_7150227.0,7150227,0.0001061108,0,,,,
5,Chr5_26901427.0,26901427,0.0001061903,0,,,,
3,Chr3_17899457.0,17899457,0.0001065573,0,,,,
5,Chr5_12700771.0,12700771,0.000106584,0,,,,
5,Chr5_12701738.0,12701738,0.000106584,0,,,,
1,Chr1_4277191.0,4277191,0.0001068009,1,AT1G12560,AT1G12560,AT1G12560,0.0
2,Chr2_9225569.0,9225569,0.0001069296,0,,,,
2,Chr2_2913073.0,2913073,0.0001071075,0,,,,
4,Chr4_13038222.0,13038222,0.0001073048,0,,,,
5,Chr5_15307316.0,15307316,0.0001074082,0,,,,
2,Chr2_14999760.0,14999760,0.0001074266,1,AT2G35690,AT2G35690,AT2G35690,0.0
1,Chr1_3876159.0,3876159,0.0001076582,1,AT1G11540,AT1G11540,AT1G11540,0.0
4,Chr4_13692801.0,13692801,0.0001078079,0,,,,
5,Chr5_7468054.0,7468054,0.0001078122,0,,,,
4,Chr4_13151589.0,13151589,0.0001078781,1,AT4G25870,AT4G25870,AT4G25870,0.0
4,Chr4_13153854.0,13153854,0.0001078781,0,,,,
4,Chr4_13155175.0,13155175,0.0001078781,1,AT4G25880,AT4G25880,AT4G25880,0.0
5,Chr5_332289.0,332289,0.0001078798,0,,,,
3,Chr3_20655887.0,20655887,0.0001085216,0,,,,
2,Chr2_2180803.0,2180803,0.0001090568,0,,,,
2,Chr2_4799141.0,4799141,0.0001091712,0,,,,
3,Chr3_10713044.0,10713044,0.0001092395,0,,,,
2,Chr2_15608597.0,15608597,0.0001093406,0,,,,
5,Chr5_4797777.0,4797777,0.0001094601,0,,,,
3,Chr3_9790611.0,9790611,0.0001094653,0,,,,
2,Chr2_6387797.0,6387797,0.0001095355,1,AT2G14860,AT2G14860,AT2G14860,0.0
5,Chr5_26901516.0,26901516,0.0001095698,0,,,,
4,Chr4_2028383.0,2028383,0.0001097447,1,AT4G04200,AT4G04200,AT4G04200,0.0
4,Chr4_2028395.0,2028395,0.0001097447,1,AT4G04200,AT4G04200,AT4G04200,0.0
2,Chr2_7055134.0,7055134,0.0001098336,0,,,,
2,Chr2_7055141.0,7055141,0.0001098336,0,,,,
2,Chr2_7055152.0,7055152,0.0001098336,0,,,,
2,Chr2_7055166.0,7055166,0.0001098336,0,,,,
2,Chr2_7055176.0,7055176,0.0001098336,0,,,,
2,Chr2_7055195.0,7055195,0.0001098336,0,,,,
4,Chr4_17593987.0,17593987,0.0001098399,1,AT4G37420,AT4G37420,AT4G37420,0.0
4,Chr4_17593999.0,17593999,0.0001098399,1,AT4G37420,AT4G37420,AT4G37420,0.0
3,Chr3_1833189.0,1833189,0.000109864,0,,,,
1,Chr1_944374.0,944374,0.0001099617,0,,,,
1,Chr1_947084.0,947084,0.0001099617,1,AT1G03770,AT1G03770,AT1G03770,0.0
1,Chr1_971497.0,971497,0.0001099617,0,,,,
1,Chr1_972196.0,972196,0.0001099617,0,,,,
1,Chr1_974639.0,974639,0.0001099617,0,,,,
2,Chr2_14999781.0,14999781,0.0001100039,1,AT2G35690,AT2G35690,AT2G35690,0.0
3,Chr3_15599895.0,15599895,0.0001102694,0,,,,
3,Chr3_15601084.0,15601084,0.0001102694,0,,,,
1,Chr1_4283874.0,4283874,0.0001103349,1,AT1G12580,AT1G12580,AT1G12580,0.0
5,Chr5_11523311.0,11523311,0.000110519,0,,,,
5,Chr5_346465.0,346465,0.0001107085,0,,,,
3,Chr3_15488852.0,15488852,0.0001108155,0,,,,
5,Chr5_10396475.0,10396475,0.0001108473,0,,,,
1,Chr1_28676652.0,28676652,0.0001109122,0,,,,
1,Chr1_28678119.0,28678119,0.0001109122,0,,,,
1,Chr1_28679721.0,28679721,0.0001109122,1,AT1G76430,AT1G76430,AT1G76430,0.0
1,Chr1_28680052.0,28680052,0.0001109122,1,AT1G76430,AT1G76430,AT1G76430,0.0
1,Chr1_28683627.0,28683627,0.0001109122,1,AT1G76440,AT1G76440,AT1G76440,0.0
1,Chr1_28684108.0,28684108,0.0001109122,0,,,,
1,Chr1_21945949.0,21945949,0.0001110111,0,,,,
4,Chr4_14915364.0,14915364,0.0001111189,0,,,,
5,Chr5_13893147.0,13893147,0.0001114282,0,,,,
2,Chr2_424890.0,424890,0.0001114296,1,AT2G01918,AT2G01918,AT2G01918,0.0
5,Chr5_6433567.0,6433567,0.000111448,0,,,,
4,Chr4_18245061.0,18245061,0.0001115397,1,AT4G39180,AT4G39180,AT4G39180,0.0
1,Chr1_27300810.0,27300810,0.0001117704,0,,,,
5,Chr5_11570497.0,11570497,0.0001118356,0,,,,
1,Chr1_982931.0,982931,0.0001118833,1,AT1G03870,AT1G03870,AT1G03870,0.0
2,Chr2_9497521.0,9497521,0.0001119016,0,,,,
5,Chr5_6368506.0,6368506,0.0001120529,0,,,,
4,Chr4_1977350.0,1977350,0.0001121005,0,,,,
4,Chr4_1981394.0,1981394,0.0001121005,0,,,,
4,Chr4_1981439.0,1981439,0.0001121005,0,,,,
4,Chr4_1981566.0,1981566,0.0001121005,0,,,,
4,Chr4_1983675.0,1983675,0.0001121005,0,,,,
4,Chr4_1988774.0,1988774,0.0001121005,0,,,,
4,Chr4_1989694.0,1989694,0.0001121005,0,,,,
4,Chr4_1989928.0,1989928,0.0001121005,0,,,,
4,Chr4_1990970.0,1990970,0.0001121005,0,,,,
4,Chr4_1992520.0,1992520,0.0001121005,0,,,,
4,Chr4_1994354.0,1994354,0.0001121005,0,,,,
4,Chr4_1994992.0,1994992,0.0001121005,0,,,,
4,Chr4_2000512.0,2000512,0.0001121005,0,,,,
4,Chr4_2012709.0,2012709,0.0001121005,0,,,,
4,Chr4_2015554.0,2015554,0.0001121005,0,,,,
4,Chr4_2016475.0,2016475,0.0001121005,0,,,,
4,Chr4_2017323.0,2017323,0.0001121005,0,,,,
4,Chr4_2018231.0,2018231,0.0001121005,0,,,,
4,Chr4_2020465.0,2020465,0.0001121005,1,AT4G04180,AT4G04180,AT4G04180,0.0
4,Chr4_2020482.0,2020482,0.0001121005,1,AT4G04180,AT4G04180,AT4G04180,0.0
4,Chr4_2026669.0,2026669,0.0001121005,0,,,,
4,Chr4_2027048.0,2027048,0.0001121005,0,,,,
5,Chr5_15676192.0,15676192,0.0001121045,0,,,,
3,Chr3_1487084.0,1487084,0.000112153,0,,,,
1,Chr1_5544818.0,5544818,0.0001121915,1,AT1G16190,AT1G16190,AT1G16190,0.0
5,Chr5_314358.0,314358,0.0001125118,1,AT5G01820,AT5G01820,AT5G01820,0.0
5,Chr5_26916916.0,26916916,0.0001128131,0,,,,
5,Chr5_23125125.0,23125125,0.0001128535,0,,,,
3,Chr3_22622238.0,22622238,0.0001129266,1,AT3G61130,AT3G61130,AT3G61130,0.0
2,Chr2_605071.0,605071,0.0001130787,1,AT2G02290,AT2G02290,AT2G02290,0.0
5,Chr5_25469062.0,25469062,0.0001130801,0,,,,
4,Chr4_2028293.0,2028293,0.0001131202,1,AT4G04200,AT4G04200,AT4G04200,0.0
1,Chr1_25368974.0,25368974,0.0001131444,0,,,,
3,Chr3_16292861.0,16292861,0.0001131568,0,,,,
4,Chr4_9585466.0,9585466,0.0001133496,0,,,,
4,Chr4_39125.0,39125,0.0001133569,1,AT4G00110,AT4G00110,AT4G00110,0.0
1,Chr1_16962664.0,16962664,0.0001133761,0,,,,
5,Chr5_9407593.0,9407593,0.0001135178,0,,,,
5,Chr5_9409057.0,9409057,0.0001135178,1,AT5G26770,AT5G26770,AT5G26770,0.0
5,Chr5_14006156.0,14006156,0.0001137068,0,,,,
4,Chr4_14948497.0,14948497,0.0001138837,1,AT4G30610,AT4G30610,AT4G30610,0.0
3,Chr3_4635298.0,4635298,0.0001140587,0,,,,
1,Chr1_27112104.0,27112104,0.0001141294,1,AT1G72040,AT1G72040,AT1G72040,0.0
2,Chr2_2232268.0,2232268,0.0001143766,0,,,,
4,Chr4_15351670.0,15351670,0.0001147469,1,AT4G31710,AT4G31710,AT4G31710,0.0
3,Chr3_20428626.0,20428626,0.0001147744,0,,,,
5,Chr5_507086.0,507086,0.0001148544,2,AT5G02370;AT5G02380,AT5G02370,AT5G02370,0.0
5,Chr5_569729.0,569729,0.0001149544,1,AT5G02540,AT5G02540,AT5G02540,0.0
2,Chr2_7719992.0,7719992,0.0001149799,0,,,,
3,Chr3_14071122.0,14071122,0.0001153432,0,,,,
5,Chr5_6802965.0,6802965,0.0001156517,1,AT5G20150,AT5G20150,AT5G20150,0.0
4,Chr4_13099115.0,13099115,0.0001156595,1,AT4G25710,AT4G25710,AT4G25710,0.0
4,Chr4_13099523.0,13099523,0.0001156595,1,AT4G25710,AT4G25710,AT4G25710,0.0
5,Chr5_13160534.0,13160534,0.0001158905,0,,,,
5,Chr5_18955358.0,18955358,0.0001159431,0,,,,
5,Chr5_249807.0,249807,0.0001163464,0,,,,
3,Chr3_9382633.0,9382633,0.0001164547,0,,,,
2,Chr2_583317.0,583317,0.0001164682,0,,,,
3,Chr3_15592624.0,15592624,0.000116624,0,,,,
3,Chr3_15593280.0,15593280,0.000116624,0,,,,
3,Chr3_15595286.0,15595286,0.000116624,0,,,,
3,Chr3_15595784.0,15595784,0.000116624,0,,,,
3,Chr3_15597741.0,15597741,0.000116624,0,,,,
3,Chr3_15598176.0,15598176,0.000116624,0,,,,
2,Chr2_1886431.0,1886431,0.0001166426,0,,,,
3,Chr3_15637335.0,15637335,0.0001166594,0,,,,
4,Chr4_18318289.0,18318289,0.0001166745,0,,,,
4,Chr4_8094337.0,8094337,0.000116724,0,,,,
3,Chr3_8190784.0,8190784,0.0001169727,0,,,,
1,Chr1_8138217.0,8138217,0.0001171864,0,,,,
5,Chr5_21668110.0,21668110,0.0001174591,0,,,,
4,Chr4_14915161.0,14915161,0.0001174718,0,,,,
5,Chr5_9050844.0,9050844,0.000117555,1,AT5G25930,AT5G25930,AT5G25930,0.0
3,Chr3_15624839.0,15624839,0.0001178737,0,,,,
3,Chr3_15628392.0,15628392,0.0001178737,0,,,,
1,Chr1_4298945.0,4298945,0.0001180097,1,AT1G12630,AT1G12630,AT1G12630,0.0
2,Chr2_5043983.0,5043983,0.0001180533,0,,,,
2,Chr2_5044312.0,5044312,0.0001180533,0,,,,
1,Chr1_10086913.0,10086913,0.000118397,1,AT1G28710,AT1G28710,AT1G28710,0.0
2,Chr2_8009412.0,8009412,0.0001184139,1,AT2G18480,AT2G18480,AT2G18480,0.0
3,Chr3_21328161.0,21328161,0.000118438,0,,,,
4,Chr4_1987577.0,1987577,0.0001184573,0,,,,
1,Chr1_4157651.0,4157651,0.0001185567,0,,,,
3,Chr3_8930063.0,8930063,0.0001185786,0,,,,
5,Chr5_5637230.0,5637230,0.0001187901,1,AT5G17130,AT5G17130,AT5G17130,0.0
3,Chr3_12435450.0,12435450,0.0001189113,0,,,,
1,Chr1_9462259.0,9462259,0.0001189321,0,,,,
5,Chr5_751981.0,751981,0.0001189464,1,AT5G03160,AT5G03160,AT5G03160,0.0
1,Chr1_945294.0,945294,0.0001191138,1,AT1G03770,AT1G03770,AT1G03770,0.0
1,Chr1_974953.0,974953,0.0001191138,0,,,,
3,Chr3_20613663.0,20613663,0.0001193495,1,AT3G55580,AT3G55580,AT3G55580,0.0
5,Chr5_18949994.0,18949994,0.000119498,0,,,,
1,Chr1_4157294.0,4157294,0.0001195394,1,AT1G12240,AT1G12240,AT1G12240,0.0
3,Chr3_15528419.0,15528419,0.0001196799,0,,,,
3,Chr3_15528696.0,15528696,0.0001196799,0,,,,
4,Chr4_864968.0,864968,0.0001197281,0,,,,
5,Chr5_11222117.0,11222117,0.0001198285,0,,,,
2,Chr2_8014300.0,8014300,0.0001199875,0,,,,
1,Chr1_22936461.0,22936461,0.0001200914,1,AT1G62050,AT1G62050,AT1G62050,0.0
5,Chr5_17948655.0,17948655,0.0001203358,0,,,,
1,Chr1_6438059.0,6438059,0.0001204387,1,AT1G18700,AT1G18700,AT1G18700,0.0
1,Chr1_4615382.0,4615382,0.0001205064,0,,,,
1,Chr1_4619231.0,4619231,0.0001205064,0,,,,
1,Chr1_4619401.0,4619401,0.0001205064,0,,,,
1,Chr1_4619736.0,4619736,0.0001205064,0,,,,
1,Chr1_4621649.0,4621649,0.0001205064,0,,,,
1,Chr1_10011423.0,10011423,0.0001205197,1,AT1G28470,AT1G28470,AT1G28470,0.0
3,Chr3_15183058.0,15183058,0.0001207148,1,AT3G43190,AT3G43190,AT3G43190,0.0
2,Chr2_9511350.0,9511350,0.0001209888,0,,,,
5,Chr5_11145998.0,11145998,0.0001210949,0,,,,
2,Chr2_2163696.0,2163696,0.0001212433,0,,,,
2,Chr2_4443811.0,4443811,0.0001213332,0,,,,
2,Chr2_2169163.0,2169163,0.0001213969,0,,,,
4,Chr4_5803201.0,5803201,0.0001216694,1,AT4G09070,AT4G09070,AT4G09070,0.0
4,Chr4_13673137.0,13673137,0.0001217972,0,,,,
4,Chr4_13673447.0,13673447,0.0001217972,0,,,,
1,Chr1_11920466.0,11920466,0.0001218285,1,AT1G32900,AT1G32900,AT1G32900,0.0
5,Chr5_22314665.0,22314665,0.0001218718,0,,,,
1,Chr1_6414712.0,6414712,0.0001218959,0,,,,
1,Chr1_6414741.0,6414741,0.0001218959,1,AT1G18630,AT1G18630,AT1G18630,0.0
1,Chr1_6417613.0,6417613,0.0001218959,1,AT1G18640,AT1G18640,AT1G18640,0.0
1,Chr1_6417614.0,6417614,0.0001218959,1,AT1G18640,AT1G18640,AT1G18640,0.0
2,Chr2_17067907.0,17067907,0.0001219917,0,,,,
4,Chr4_16319102.0,16319102,0.0001220617,1,AT4G34060,AT4G34060,AT4G34060,0.0
4,Chr4_4366490.0,4366490,0.0001220767,0,,,,
5,Chr5_17884199.0,17884199,0.0001221393,1,AT5G44390,AT5G44390,AT5G44390,0.0
1,Chr1_4130567.0,4130567,0.000122452,1,AT1G12180,AT1G12180,AT1G12180,0.0
1,Chr1_4130579.0,4130579,0.000122452,1,AT1G12180,AT1G12180,AT1G12180,0.0
1,Chr1_4130592.0,4130592,0.000122452,1,AT1G12180,AT1G12180,AT1G12180,0.0
3,Chr3_8120979.0,8120979,0.000122478,0,,,,
4,Chr4_6590855.0,6590855,0.0001224831,0,,,,
2,Chr2_6097993.0,6097993,0.0001225982,0,,,,
2,Chr2_6098166.0,6098166,0.0001225982,0,,,,
2,Chr2_7911457.0,7911457,0.0001227026,1,AT2G18180,AT2G18180,AT2G18180,0.0
1,Chr1_978133.0,978133,0.0001227384,0,,,,
2,Chr2_187483.0,187483,0.0001229068,0,,,,
4,Chr4_16707607.0,16707607,0.0001229224,0,,,,
3,Chr3_15423381.0,15423381,0.0001230225,0,,,,
3,Chr3_15424353.0,15424353,0.0001230225,0,,,,
3,Chr3_15424589.0,15424589,0.0001230225,0,,,,
3,Chr3_15425775.0,15425775,0.0001230225,0,,,,
3,Chr3_15427451.0,15427451,0.0001230225,0,,,,
3,Chr3_15428452.0,15428452,0.0001230225,0,,,,
3,Chr3_15428601.0,15428601,0.0001230225,0,,,,
3,Chr3_15426294.0,15426294,0.0001230285,0,,,,
5,Chr5_1234430.0,1234430,0.0001232166,0,,,,
5,Chr5_11112667.0,11112667,0.000123229,0,,,,
4,Chr4_6866396.0,6866396,0.0001232807,0,,,,
1,Chr1_19668253.0,19668253,0.0001236851,0,,,,
5,Chr5_6994103.0,6994103,0.000123908,0,,,,
2,Chr2_7909070.0,7909070,0.0001242455,1,AT2G18170,AT2G18170,AT2G18170,0.0
2,Chr2_2192428.0,2192428,0.0001243821,0,,,,
2,Chr2_15390206.0,15390206,0.0001249517,1,AT2G36710,AT2G36710,AT2G36710,0.0
4,Chr4_2027950.0,2027950,0.0001250393,1,AT4G04200,AT4G04200,AT4G04200,0.0
2,Chr2_5740624.0,5740624,0.0001251568,0,,,,
4,Chr4_17590428.0,17590428,0.0001253302,0,,,,
4,Chr4_17591588.0,17591588,0.0001253302,2,AT4G37409;AT4G37410,AT4G37409,AT4G37409,0.0
4,Chr4_17591621.0,17591621,0.0001253302,2,AT4G37409;AT4G37410,AT4G37409,AT4G37409,0.0
4,Chr4_17591981.0,17591981,0.0001253302,2,AT4G37409;AT4G37410,AT4G37409,AT4G37409,0.0
4,Chr4_17592863.0,17592863,0.0001253302,2,AT4G37409;AT4G37410,AT4G37409,AT4G37409,0.0
4,Chr4_17593000.0,17593000,0.0001253302,0,,,,
4,Chr4_1999260.0,1999260,0.0001253499,0,,,,
4,Chr4_4507773.0,4507773,0.000125663,0,,,,
3,Chr3_15641961.0,15641961,0.0001257642,0,,,,
4,Chr4_13087939.0,13087939,0.0001258007,0,,,,
4,Chr4_13091022.0,13091022,0.0001258007,2,AT4G25690;AT4G25692,AT4G25690,AT4G25690,0.0
4,Chr4_13092106.0,13092106,0.0001258007,0,,,,
3,Chr3_22114698.0,22114698,0.0001258633,0,,,,
2,Chr2_6794855.0,6794855,0.0001260665,0,,,,
1,Chr1_4274466.0,4274466,0.0001260791,0,,,,
5,Chr5_13780247.0,13780247,0.0001261464,0,,,,
1,Chr1_19292296.0,19292296,0.0001262001,0,,,,
5,Chr5_4500202.0,4500202,0.000126499,1,AT5G13950,AT5G13950,AT5G13950,0.0
5,Chr5_5264373.0,5264373,0.000126499,0,,,,
2,Chr2_2176891.0,2176891,0.0001265708,0,,,,
1,Chr1_4269859.0,4269859,0.0001266055,1,AT1G12530,AT1G12530,AT1G12530,0.0
5,Chr5_2498503.0,2498503,0.0001268955,0,,,,
5,Chr5_2498655.0,2498655,0.0001268955,0,,,,
5,Chr5_9265581.0,9265581,0.0001270022,1,AT5G26570,AT5G26570,AT5G26570,0.0
1,Chr1_5042889.0,5042889,0.0001270237,1,AT1G14685,AT1G14685,AT1G14685,0.0
5,Chr5_533477.0,533477,0.0001273887,1,AT5G02450,AT5G02450,AT5G02450,0.0
1,Chr1_6437306.0,6437306,0.0001274051,0,,,,
5,Chr5_6433702.0,6433702,0.0001274515,0,,,,
5,Chr5_14687482.0,14687482,0.0001275262,0,,,,
2,Chr2_358395.0,358395,0.0001275441,1,AT2G01820,AT2G01820,AT2G01820,0.0
1,Chr1_4308649.0,4308649,0.0001275792,0,,,,
5,Chr5_15120956.0,15120956,0.0001276917,0,,,,
4,Chr4_957258.0,957258,0.0001278703,0,,,,
1,Chr1_4235349.0,4235349,0.0001282856,1,AT1G12430,AT1G12430,AT1G12430,0.0
5,Chr5_26559291.0,26559291,0.0001286339,1,AT5G66540,AT5G66540,AT5G66540,0.0
5,Chr5_26559486.0,26559486,0.0001286339,0,,,,
2,Chr2_15594839.0,15594839,0.0001288078,1,AT2G37120,AT2G37120,AT2G37120,0.0
4,Chr4_16867328.0,16867328,0.0001289878,1,AT4G35520,AT4G35520,AT4G35520,0.0
2,Chr2_2157915.0,2157915,0.0001291395,0,,,,
1,Chr1_4266822.0,4266822,0.0001294165,0,,,,
1,Chr1_4267888.0,4267888,0.0001294165,1,AT1G12520,AT1G12520,AT1G12520,0.0
1,Chr1_4268276.0,4268276,0.0001294165,1,AT1G12520,AT1G12520,AT1G12520,0.0
1,Chr1_4268308.0,4268308,0.0001294165,1,AT1G12520,AT1G12520,AT1G12520,0.0
1,Chr1_4268469.0,4268469,0.0001294165,1,AT1G12520,AT1G12520,AT1G12520,0.0
1,Chr1_4268492.0,4268492,0.0001294165,1,AT1G12520,AT1G12520,AT1G12520,0.0
1,Chr1_4268504.0,4268504,0.0001294165,1,AT1G12520,AT1G12520,AT1G12520,0.0
1,Chr1_4268545.0,4268545,0.0001294165,1,AT1G12520,AT1G12520,AT1G12520,0.0
1,Chr1_4268585.0,4268585,0.0001294165,1,AT1G12520,AT1G12520,AT1G12520,0.0
1,Chr1_4268586.0,4268586,0.0001294165,1,AT1G12520,AT1G12520,AT1G12520,0.0
1,Chr1_4268611.0,4268611,0.0001294165,1,AT1G12520,AT1G12520,AT1G12520,0.0
1,Chr1_4268612.0,4268612,0.0001294165,1,AT1G12520,AT1G12520,AT1G12520,0.0
1,Chr1_4268627.0,4268627,0.0001294165,1,AT1G12520,AT1G12520,AT1G12520,0.0
1,Chr1_4268634.0,4268634,0.0001294165,1,AT1G12520,AT1G12520,AT1G12520,0.0
1,Chr1_4268635.0,4268635,0.0001294165,1,AT1G12520,AT1G12520,AT1G12520,0.0
1,Chr1_4268645.0,4268645,0.0001294165,1,AT1G12520,AT1G12520,AT1G12520,0.0
1,Chr1_4268697.0,4268697,0.0001294165,1,AT1G12520,AT1G12520,AT1G12520,0.0
1,Chr1_4268703.0,4268703,0.0001294165,1,AT1G12520,AT1G12520,AT1G12520,0.0
1,Chr1_4268907.0,4268907,0.0001294165,1,AT1G12520,AT1G12520,AT1G12520,0.0
1,Chr1_4544491.0,4544491,0.0001295548,0,,,,
1,Chr1_4545436.0,4545436,0.0001295548,1,AT1G13270,AT1G13270,AT1G13270,0.0
1,Chr1_4549810.0,4549810,0.0001295548,0,,,,
5,Chr5_6438892.0,6438892,0.000129565,0,,,,
2,Chr2_2178451.0,2178451,0.0001302534,0,,,,
5,Chr5_5801825.0,5801825,0.0001306364,0,,,,
2,Chr2_1149916.0,1149916,0.0001307833,1,AT2G03760,AT2G03760,AT2G03760,0.0
3,Chr3_15635737.0,15635737,0.0001309757,0,,,,
3,Chr3_15638838.0,15638838,0.0001309757,0,,,,
3,Chr3_15638929.0,15638929,0.0001309757,0,,,,
3,Chr3_15639554.0,15639554,0.0001309757,0,,,,
5,Chr5_335639.0,335639,0.0001310307,1,AT5G01860,AT5G01860,AT5G01860,0.0
2,Chr2_2063306.0,2063306,0.0001311501,0,,,,
1,Chr1_13634819.0,13634819,0.0001312837,0,,,,
5,Chr5_25414443.0,25414443,0.0001314687,1,AT5G63460,AT5G63460,AT5G63460,0.0
5,Chr5_25415131.0,25415131,0.0001314687,1,AT5G63460,AT5G63460,AT5G63460,0.0
4,Chr4_9542486.0,9542486,0.0001316294,1,AT4G16950,AT4G16950,AT4G16950,0.0
1,Chr1_7445403.0,7445403,0.0001318647,1,AT1G21270,AT1G21270,AT1G21270,0.0
1,Chr1_7445410.0,7445410,0.0001318647,1,AT1G21270,AT1G21270,AT1G21270,0.0
1,Chr1_4302374.0,4302374,0.0001319643,0,,,,
4,Chr4_2028364.0,2028364,0.0001320603,1,AT4G04200,AT4G04200,AT4G04200,0.0
2,Chr2_5479694.0,5479694,0.0001321041,0,,,,
4,Chr4_7773979.0,7773979,0.0001322765,0,,,,
3,Chr3_3013635.0,3013635,0.0001323982,1,AT3G09820,AT3G09820,AT3G09820,0.0
3,Chr3_20908601.0,20908601,0.0001326017,0,,,,
5,Chr5_6439377.0,6439377,0.0001326828,0,,,,
5,Chr5_6441283.0,6441283,0.0001328819,0,,,,
2,Chr2_15030712.0,15030712,0.0001329176,0,,,,
5,Chr5_3346234.0,3346234,0.0001329594,0,,,,
5,Chr5_7243219.0,7243219,0.0001332833,1,AT5G21930,AT5G21930,AT5G21930,0.0
2,Chr2_17061950.0,17061950,0.0001333912,0,,,,
2,Chr2_17062051.0,17062051,0.0001333912,0,,,,
1,Chr1_26882369.0,26882369,0.0001334017,0,,,,
1,Chr1_4269082.0,4269082,0.0001334384,1,AT1G12530,AT1G12530,AT1G12530,0.0
1,Chr1_4269084.0,4269084,0.0001334384,1,AT1G12530,AT1G12530,AT1G12530,0.0
1,Chr1_4269119.0,4269119,0.0001334384,1,AT1G12530,AT1G12530,AT1G12530,0.0
1,Chr1_4269131.0,4269131,0.0001334384,1,AT1G12530,AT1G12530,AT1G12530,0.0
1,Chr1_4269165.0,4269165,0.0001334384,1,AT1G12530,AT1G12530,AT1G12530,0.0
1,Chr1_4269169.0,4269169,0.0001334384,1,AT1G12530,AT1G12530,AT1G12530,0.0
1,Chr1_4269189.0,4269189,0.0001334384,1,AT1G12530,AT1G12530,AT1G12530,0.0
1,Chr1_4269204.0,4269204,0.0001334384,1,AT1G12530,AT1G12530,AT1G12530,0.0
1,Chr1_4269209.0,4269209,0.0001334384,1,AT1G12530,AT1G12530,AT1G12530,0.0
1,Chr1_4269237.0,4269237,0.0001334384,1,AT1G12530,AT1G12530,AT1G12530,0.0
1,Chr1_4269238.0,4269238,0.0001334384,1,AT1G12530,AT1G12530,AT1G12530,0.0
1,Chr1_4269353.0,4269353,0.0001334384,1,AT1G12530,AT1G12530,AT1G12530,0.0
5,Chr5_9152456.0,9152456,0.0001335259,1,AT5G26180,AT5G26180,AT5G26180,0.0
5,Chr5_9152490.0,9152490,0.0001335259,1,AT5G26180,AT5G26180,AT5G26180,0.0
5,Chr5_9152533.0,9152533,0.0001335259,1,AT5G26180,AT5G26180,AT5G26180,0.0
5,Chr5_9152635.0,9152635,0.0001335259,1,AT5G26180,AT5G26180,AT5G26180,0.0
5,Chr5_9152651.0,9152651,0.0001335259,1,AT5G26180,AT5G26180,AT5G26180,0.0
5,Chr5_9152711.0,9152711,0.0001335259,1,AT5G26180,AT5G26180,AT5G26180,0.0
5,Chr5_9152787.0,9152787,0.0001335259,1,AT5G26180,AT5G26180,AT5G26180,0.0
5,Chr5_9152872.0,9152872,0.0001335259,1,AT5G26180,AT5G26180,AT5G26180,0.0
5,Chr5_9153420.0,9153420,0.0001335259,1,AT5G26180,AT5G26180,AT5G26180,0.0
5,Chr5_25511094.0,25511094,0.0001336861,1,AT5G63740,AT5G63740,AT5G63740,0.0
3,Chr3_22777284.0,22777284,0.0001338014,0,,,,
5,Chr5_533849.0,533849,0.00013404,1,AT5G02450,AT5G02450,AT5G02450,0.0
5,Chr5_24276259.0,24276259,0.000134107,0,,,,
5,Chr5_12614392.0,12614392,0.0001342316,0,,,,
5,Chr5_16962471.0,16962471,0.0001343988,0,,,,
4,Chr4_15425585.0,15425585,0.0001348454,0,,,,
4,Chr4_2028168.0,2028168,0.0001350003,1,AT4G04200,AT4G04200,AT4G04200,0.0
5,Chr5_9150896.0,9150896,0.0001351963,1,AT5G26180,AT5G26180,AT5G26180,0.0
5,Chr5_9150897.0,9150897,0.0001351963,1,AT5G26180,AT5G26180,AT5G26180,0.0
5,Chr5_9150901.0,9150901,0.0001351963,1,AT5G26180,AT5G26180,AT5G26180,0.0
5,Chr5_9150904.0,9150904,0.0001351963,1,AT5G26180,AT5G26180,AT5G26180,0.0
5,Chr5_9150905.0,9150905,0.0001351963,1,AT5G26180,AT5G26180,AT5G26180,0.0
5,Chr5_9150930.0,9150930,0.0001351963,1,AT5G26180,AT5G26180,AT5G26180,0.0
5,Chr5_9150931.0,9150931,0.0001351963,1,AT5G26180,AT5G26180,AT5G26180,0.0
5,Chr5_9150932.0,9150932,0.0001351963,1,AT5G26180,AT5G26180,AT5G26180,0.0
5,Chr5_9150941.0,9150941,0.0001351963,1,AT5G26180,AT5G26180,AT5G26180,0.0
5,Chr5_9150948.0,9150948,0.0001351963,1,AT5G26180,AT5G26180,AT5G26180,0.0
5,Chr5_9150953.0,9150953,0.0001351963,1,AT5G26180,AT5G26180,AT5G26180,0.0
5,Chr5_9153116.0,9153116,0.0001351963,1,AT5G26180,AT5G26180,AT5G26180,0.0
5,Chr5_9153322.0,9153322,0.0001351963,1,AT5G26180,AT5G26180,AT5G26180,0.0
5,Chr5_9153349.0,9153349,0.0001351963,1,AT5G26180,AT5G26180,AT5G26180,0.0
5,Chr5_13967570.0,13967570,0.0001352729,0,,,,
2,Chr2_8973356.0,8973356,0.0001352837,1,AT2G20840,AT2G20840,AT2G20840,0.0
5,Chr5_5617952.0,5617952,0.0001352888,0,,,,
3,Chr3_8185996.0,8185996,0.000135338,0,,,,
2,Chr2_2160405.0,2160405,0.0001353565,0,,,,
1,Chr1_7687055.0,7687055,0.0001354743,0,,,,
2,Chr2_6092432.0,6092432,0.0001358598,0,,,,
2,Chr2_7691066.0,7691066,0.0001358668,0,,,,
2,Chr2_7691168.0,7691168,0.0001358668,0,,,,
2,Chr2_7691184.0,7691184,0.0001358668,0,,,,
5,Chr5_24285266.0,24285266,0.0001358841,0,,,,
5,Chr5_23136487.0,23136487,0.0001360403,0,,,,
4,Chr4_14910631.0,14910631,0.0001361633,1,AT4G30520,AT4G30520,AT4G30520,0.0
4,Chr4_2007308.0,2007308,0.0001361969,0,,,,
3,Chr3_6346473.0,6346473,0.0001363861,0,,,,
3,Chr3_6346476.0,6346476,0.0001363861,0,,,,
3,Chr3_6346482.0,6346482,0.0001363861,0,,,,
3,Chr3_6346488.0,6346488,0.0001363861,0,,,,
3,Chr3_6346489.0,6346489,0.0001363861,0,,,,
2,Chr2_17009171.0,17009171,0.0001363902,0,,,,
2,Chr2_17014435.0,17014435,0.0001363902,1,AT2G40770,AT2G40770,AT2G40770,0.0
1,Chr1_25998940.0,25998940,0.000136485,0,,,,
3,Chr3_15409606.0,15409606,0.0001367647,0,,,,
2,Chr2_1093203.0,1093203,0.0001371429,0,,,,
1,Chr1_4268699.0,4268699,0.0001374302,1,AT1G12520,AT1G12520,AT1G12520,0.0
2,Chr2_1465434.0,1465434,0.0001375177,0,,,,
5,Chr5_19733354.0,19733354,0.0001375569,0,,,,
1,Chr1_4279720.0,4279720,0.0001376123,1,AT1G12570,AT1G12570,AT1G12570,0.0
5,Chr5_8733983.0,8733983,0.0001377013,0,,,,
5,Chr5_18377323.0,18377323,0.0001378206,0,,,,
4,Chr4_2333701.0,2333701,0.0001378698,0,,,,
1,Chr1_10366489.0,10366489,0.0001380433,0,,,,
4,Chr4_2316607.0,2316607,0.0001381424,0,,,,
4,Chr4_2317343.0,2317343,0.0001381424,0,,,,
4,Chr4_2318189.0,2318189,0.0001381424,0,,,,
1,Chr1_7444275.0,7444275,0.0001383607,0,,,,
4,Chr4_15359931.0,15359931,0.0001383997,0,,,,
4,Chr4_6045969.0,6045969,0.0001384088,0,,,,
5,Chr5_8273614.0,8273614,0.0001385626,1,AT5G24310,AT5G24310,AT5G24310,0.0
1,Chr1_27109239.0,27109239,0.0001387325,1,AT1G72010,AT1G72010,AT1G72010,0.0
2,Chr2_9228755.0,9228755,0.0001387567,1,AT2G21550,AT2G21550,AT2G21550,0.0
4,Chr4_2018072.0,2018072,0.000138799,0,,,,
1,Chr1_8310619.0,8310619,0.0001388931,1,AT1G23390,AT1G23390,AT1G23390,0.0
1,Chr1_4157684.0,4157684,0.000138922,1,AT1G12244,AT1G12244,AT1G12244,0.0
2,Chr2_7677685.0,7677685,0.0001390688,0,,,,
1,Chr1_15741884.0,15741884,0.0001392919,0,,,,
5,Chr5_2500567.0,2500567,0.0001393022,1,AT5G07820,AT5G07820,AT5G07820,0.0
4,Chr4_4088658.0,4088658,0.0001393499,0,,,,
1,Chr1_16848325.0,16848325,0.0001394045,0,,,,
1,Chr1_17823081.0,17823081,0.0001395169,0,,,,
5,Chr5_13890836.0,13890836,0.0001395402,0,,,,
3,Chr3_8223399.0,8223399,0.0001395542,2,AT3G23100;AT3G23110,AT3G23100,AT3G23100,0.0
5,Chr5_24277930.0,24277930,0.000139693,1,AT5G60350,AT5G60350,AT5G60350,0.0
5,Chr5_24278374.0,24278374,0.000139693,1,AT5G60350,AT5G60350,AT5G60350,0.0
2,Chr2_235951.0,235951,0.0001396957,1,AT2G01520,AT2G01520,AT2G01520,0.0
1,Chr1_7444231.0,7444231,0.0001401315,0,,,,
5,Chr5_9047594.0,9047594,0.0001404466,0,,,,
2,Chr2_17165460.0,17165460,0.0001409182,1,AT2G41180,AT2G41180,AT2G41180,0.0
1,Chr1_173644.0,173644,0.0001411044,0,,,,
1,Chr1_173653.0,173653,0.0001411044,0,,,,
4,Chr4_534861.0,534861,0.0001411226,1,AT4G01270,AT4G01270,AT4G01270,0.0
5,Chr5_541756.0,541756,0.0001412531,0,,,,
1,Chr1_4267553.0,4267553,0.0001413673,1,AT1G12520,AT1G12520,AT1G12520,0.0
1,Chr1_4267566.0,4267566,0.0001413673,1,AT1G12520,AT1G12520,AT1G12520,0.0
1,Chr1_4267601.0,4267601,0.0001413673,1,AT1G12520,AT1G12520,AT1G12520,0.0
1,Chr1_4267602.0,4267602,0.0001413673,1,AT1G12520,AT1G12520,AT1G12520,0.0
1,Chr1_4267719.0,4267719,0.0001413673,1,AT1G12520,AT1G12520,AT1G12520,0.0
1,Chr1_4267858.0,4267858,0.0001413673,1,AT1G12520,AT1G12520,AT1G12520,0.0
1,Chr1_4268233.0,4268233,0.0001413673,1,AT1G12520,AT1G12520,AT1G12520,0.0
1,Chr1_4268246.0,4268246,0.0001413673,1,AT1G12520,AT1G12520,AT1G12520,0.0
1,Chr1_4268261.0,4268261,0.0001413673,1,AT1G12520,AT1G12520,AT1G12520,0.0
1,Chr1_4268902.0,4268902,0.0001413673,1,AT1G12520,AT1G12520,AT1G12520,0.0
4,Chr4_9542436.0,9542436,0.0001414661,1,AT4G16950,AT4G16950,AT4G16950,0.0
1,Chr1_4130619.0,4130619,0.0001414695,1,AT1G12180,AT1G12180,AT1G12180,0.0
5,Chr5_6623655.0,6623655,0.0001416381,1,AT5G19620,AT5G19620,AT5G19620,0.0
5,Chr5_6628960.0,6628960,0.0001416381,1,AT5G19630,AT5G19630,AT5G19630,0.0
5,Chr5_6635971.0,6635971,0.0001416381,0,,,,
5,Chr5_6636584.0,6636584,0.0001416381,1,AT5G19640,AT5G19640,AT5G19640,0.0
5,Chr5_6636845.0,6636845,0.0001416381,1,AT5G19640,AT5G19640,AT5G19640,0.0
4,Chr4_15451535.0,15451535,0.0001417814,0,,,,
4,Chr4_15451536.0,15451536,0.0001417814,0,,,,
3,Chr3_9791739.0,9791739,0.0001417914,1,AT3G26630,AT3G26630,AT3G26630,0.0
1,Chr1_11091912.0,11091912,0.000141933,1,AT1G31080,AT1G31080,AT1G31080,0.0
5,Chr5_11927311.0,11927311,0.0001421201,0,,,,
5,Chr5_11927320.0,11927320,0.0001421201,0,,,,
1,Chr1_28864557.0,28864557,0.0001421248,0,,,,
2,Chr2_9077989.0,9077989,0.0001426442,0,,,,
2,Chr2_2944181.0,2944181,0.0001427353,0,,,,
1,Chr1_2170964.0,2170964,0.0001428262,1,AT1G07080,AT1G07080,AT1G07080,0.0
1,Chr1_4105530.0,4105530,0.0001428826,1,AT1G12110,AT1G12110,AT1G12110,0.0
2,Chr2_14999525.0,14999525,0.0001429564,0,,,,
2,Chr2_5301626.0,5301626,0.000143052,0,,,,
1,Chr1_16594750.0,16594750,0.0001430882,0,,,,
5,Chr5_15462290.0,15462290,0.0001430887,0,,,,
3,Chr3_14267053.0,14267053,0.0001431777,0,,,,
2,Chr2_4800808.0,4800808,0.0001432117,0,,,,
2,Chr2_14906762.0,14906762,0.0001432648,0,,,,
4,Chr4_1969632.0,1969632,0.0001433785,0,,,,
4,Chr4_6228737.0,6228737,0.0001435264,1,AT4G09930,AT4G09930,AT4G09930,0.0
4,Chr4_16728702.0,16728702,0.0001436107,0,,,,
2,Chr2_7720145.0,7720145,0.0001436122,0,,,,
2,Chr2_7720631.0,7720631,0.0001436122,0,,,,
2,Chr2_7721074.0,7721074,0.0001436122,0,,,,
2,Chr2_7722597.0,7722597,0.0001436122,0,,,,
1,Chr1_26207304.0,26207304,0.0001436612,0,,,,
3,Chr3_18647641.0,18647641,0.0001436955,0,,,,
1,Chr1_5499980.0,5499980,0.0001437619,1,AT1G16020,AT1G16020,AT1G16020,0.0
1,Chr1_16842036.0,16842036,0.0001437634,0,,,,
5,Chr5_25573816.0,25573816,0.0001439828,1,AT5G63910,AT5G63910,AT5G63910,0.0
5,Chr5_6437044.0,6437044,0.0001439924,0,,,,
5,Chr5_6437379.0,6437379,0.0001439924,0,,,,
4,Chr4_14943469.0,14943469,0.0001440757,0,,,,
1,Chr1_4739802.0,4739802,0.0001440771,0,,,,
4,Chr4_16717476.0,16717476,0.0001445783,1,AT4G35120,AT4G35120,AT4G35120,0.0
4,Chr4_16728594.0,16728594,0.0001445783,0,,,,
4,Chr4_16728602.0,16728602,0.0001445783,0,,,,
4,Chr4_16735363.0,16735363,0.0001445783,1,AT4G35165,AT4G35165,AT4G35165,0.0
4,Chr4_16747876.0,16747876,0.0001445783,1,AT4G35190,AT4G35190,AT4G35190,0.0
2,Chr2_4543565.0,4543565,0.0001446934,0,,,,
4,Chr4_9492218.0,9492218,0.0001449044,1,AT4G16860,AT4G16860,AT4G16860,0.0
5,Chr5_24498494.0,24498494,0.0001449943,1,AT5G60900,AT5G60900,AT5G60900,0.0
3,Chr3_6346518.0,6346518,0.0001453498,0,,,,
1,Chr1_26233212.0,26233212,0.0001453614,1,AT1G69740,AT1G69740,AT1G69740,0.0
3,Chr3_15595698.0,15595698,0.0001453962,0,,,,
2,Chr2_12189431.0,12189431,0.0001454265,0,,,,
3,Chr3_10951744.0,10951744,0.0001454605,0,,,,
5,Chr5_15715055.0,15715055,0.0001454618,0,,,,
5,Chr5_13282115.0,13282115,0.0001454647,0,,,,
1,Chr1_4268917.0,4268917,0.0001454996,1,AT1G12520,AT1G12520,AT1G12520,0.0
5,Chr5_26900549.0,26900549,0.0001456076,0,,,,
1,Chr1_13079789.0,13079789,0.0001456747,1,AT1G35515,AT1G35515,AT1G35515,0.0
1,Chr1_51822.0,51822,0.0001458013,0,,,,
1,Chr1_51868.0,51868,0.0001458013,0,,,,
3,Chr3_15620938.0,15620938,0.0001458748,1,AT3G43722,AT3G43722,AT3G43722,0.0
5,Chr5_17255118.0,17255118,0.0001459162,0,,,,
2,Chr2_735037.0,735037,0.0001460276,0,,,,
1,Chr1_26204517.0,26204517,0.0001465393,0,,,,
5,Chr5_12198639.0,12198639,0.0001465451,0,,,,
5,Chr5_4276769.0,4276769,0.0001471904,0,,,,
5,Chr5_26865559.0,26865559,0.0001472747,1,AT5G67340,AT5G67340,AT5G67340,0.0
5,Chr5_26865572.0,26865572,0.0001472747,1,AT5G67340,AT5G67340,AT5G67340,0.0
5,Chr5_26865637.0,26865637,0.0001472747,1,AT5G67340,AT5G67340,AT5G67340,0.0
5,Chr5_26865656.0,26865656,0.0001472747,1,AT5G67340,AT5G67340,AT5G67340,0.0
4,Chr4_11966354.0,11966354,0.0001473329,0,,,,
1,Chr1_22007157.0,22007157,0.0001474079,0,,,,
4,Chr4_1981932.0,1981932,0.0001478185,0,,,,
5,Chr5_18945776.0,18945776,0.000147829,1,AT5G46690,AT5G46690,AT5G46690,0.0
5,Chr5_26561352.0,26561352,0.0001478799,0,,,,
5,Chr5_396557.0,396557,0.0001479227,1,AT5G02030,AT5G02030,AT5G02030,0.0
1,Chr1_1199835.0,1199835,0.0001479899,1,AT1G04430,AT1G04430,AT1G04430,0.0
4,Chr4_7784482.0,7784482,0.0001483612,1,AT4G13390,AT4G13390,AT4G13390,0.0
2,Chr2_15278350.0,15278350,0.0001484779,0,,,,
2,Chr2_919508.0,919508,0.0001484981,0,,,,
2,Chr2_1465636.0,1465636,0.0001486491,0,,,,
2,Chr2_1465552.0,1465552,0.0001487847,0,,,,
2,Chr2_8007004.0,8007004,0.0001489277,1,AT2G18470,AT2G18470,AT2G18470,0.0
1,Chr1_956442.0,956442,0.0001489327,0,,,,
5,Chr5_15425811.0,15425811,0.00014896,1,AT5G38530,AT5G38530,AT5G38530,0.0
5,Chr5_15435945.0,15435945,0.00014896,0,,,,
1,Chr1_17202074.0,17202074,0.0001491951,0,,,,
5,Chr5_400909.0,400909,0.0001496119,1,AT5G02040,AT5G02040,AT5G02040,0.0
5,Chr5_13843829.0,13843829,0.0001498405,0,,,,
1,Chr1_24238023.0,24238023,0.0001498712,1,AT1G65260,AT1G65260,AT1G65260,0.0
5,Chr5_22308735.0,22308735,0.0001499361,1,AT5G54940,AT5G54940,AT5G54940,0.0
4,Chr4_5773229.0,5773229,0.0001500545,0,,,,
2,Chr2_14999007.0,14999007,0.0001503196,1,AT2G35680,AT2G35680,AT2G35680,0.0
2,Chr2_14911983.0,14911983,0.0001503466,1,AT2G35480,AT2G35480,AT2G35480,0.0
2,Chr2_9769770.0,9769770,0.0001507798,0,,,,
2,Chr2_97588.0,97588,0.0001509121,0,,,,
1,Chr1_6418953.0,6418953,0.000151115,1,AT1G18650,AT1G18650,AT1G18650,0.0
1,Chr1_6421036.0,6421036,0.000151115,0,,,,
1,Chr1_6422084.0,6422084,0.000151115,1,AT1G18660,AT1G18660,AT1G18660,0.0
1,Chr1_6423151.0,6423151,0.000151115,1,AT1G18660,AT1G18660,AT1G18660,0.0
1,Chr1_6426839.0,6426839,0.000151115,0,,,,
1,Chr1_6430803.0,6430803,0.000151115,0,,,,
1,Chr1_6431131.0,6431131,0.000151115,0,,,,
1,Chr1_6431563.0,6431563,0.000151115,0,,,,
1,Chr1_6431779.0,6431779,0.000151115,0,,,,
1,Chr1_6431965.0,6431965,0.000151115,1,AT1G18680,AT1G18680,AT1G18680,0.0
1,Chr1_6434859.0,6434859,0.000151115,1,AT1G18690,AT1G18690,AT1G18690,0.0
1,Chr1_6440769.0,6440769,0.000151115,1,AT1G18700,AT1G18700,AT1G18700,0.0
1,Chr1_6441728.0,6441728,0.000151115,1,AT1G18700,AT1G18700,AT1G18700,0.0
1,Chr1_11495123.0,11495123,0.0001511179,0,,,,
5,Chr5_26853616.0,26853616,0.000151151,0,,,,
5,Chr5_6359509.0,6359509,0.0001514777,0,,,,
2,Chr2_6094818.0,6094818,0.0001515864,0,,,,
3,Chr3_15572442.0,15572442,0.0001518709,0,,,,
5,Chr5_3358887.0,3358887,0.0001518785,1,AT5G10625,AT5G10625,AT5G10625,0.0
5,Chr5_3359446.0,3359446,0.0001518785,1,AT5G10625,AT5G10625,AT5G10625,0.0
4,Chr4_17637313.0,17637313,0.0001520071,0,,,,
4,Chr4_6836558.0,6836558,0.0001521143,1,AT4G11211,AT4G11211,AT4G11211,0.0
5,Chr5_11194385.0,11194385,0.000152188,0,,,,
5,Chr5_2930577.0,2930577,0.0001524015,1,AT5G09420,AT5G09420,AT5G09420,0.0
3,Chr3_20452438.0,20452438,0.0001525759,0,,,,
5,Chr5_13835051.0,13835051,0.0001526818,1,AT5G35640,AT5G35640,AT5G35640,0.0
4,Chr4_8462233.0,8462233,0.0001527561,0,,,,
5,Chr5_26742249.0,26742249,0.0001528006,1,AT5G66980,AT5G66980,AT5G66980,0.0
5,Chr5_25391087.0,25391087,0.0001529043,1,AT5G63390,AT5G63390,AT5G63390,0.0
4,Chr4_17377701.0,17377701,0.0001530643,0,,,,
4,Chr4_17385961.0,17385961,0.0001530643,0,,,,
3,Chr3_14066130.0,14066130,0.0001531256,0,,,,
5,Chr5_5842548.0,5842548,0.0001532556,0,,,,
4,Chr4_16465988.0,16465988,0.0001532885,1,AT4G34440,AT4G34440,AT4G34440,0.0
2,Chr2_11217340.0,11217340,0.0001534287,0,,,,
2,Chr2_17031011.0,17031011,0.0001534813,0,,,,
2,Chr2_17035315.0,17035315,0.0001534813,1,AT2G40815,AT2G40815,AT2G40815,0.0
2,Chr2_17035546.0,17035546,0.0001534813,1,AT2G40815,AT2G40815,AT2G40815,0.0
1,Chr1_18297585.0,18297585,0.0001536426,0,,,,
1,Chr1_4541321.0,4541321,0.0001536506,0,,,,
5,Chr5_2449608.0,2449608,0.0001536655,0,,,,
1,Chr1_12762641.0,12762641,0.0001537276,0,,,,
3,Chr3_15334302.0,15334302,0.0001537744,0,,,,
5,Chr5_6664291.0,6664291,0.0001538873,0,,,,
4,Chr4_4116142.0,4116142,0.0001541507,0,,,,
3,Chr3_3082080.0,3082080,0.0001544748,1,AT3G10010,AT3G10010,AT3G10010,0.0
1,Chr1_23571873.0,23571873,0.0001545373,0,,,,
1,Chr1_23571890.0,23571890,0.0001545373,0,,,,
1,Chr1_12094942.0,12094942,0.0001545521,1,AT1G33360,AT1G33360,AT1G33360,0.0
4,Chr4_2026440.0,2026440,0.0001545681,1,AT4G04190,AT4G04190,AT4G04190,0.0
4,Chr4_2221179.0,2221179,0.0001545784,0,,,,
4,Chr4_14324162.0,14324162,0.0001546556,1,AT4G29080,AT4G29080,AT4G29080,0.0
3,Chr3_15964552.0,15964552,0.0001546882,0,,,,
4,Chr4_10209450.0,10209450,0.0001549596,1,AT4G18501,AT4G18501,AT4G18501,0.0
4,Chr4_10209744.0,10209744,0.0001549596,0,,,,
3,Chr3_14984411.0,14984411,0.0001549657,0,,,,
3,Chr3_15426079.0,15426079,0.00015502,0,,,,
5,Chr5_16999440.0,16999440,0.0001550969,0,,,,
5,Chr5_26531066.0,26531066,0.000155396,1,AT5G66440,AT5G66440,AT5G66440,0.0
5,Chr5_26531255.0,26531255,0.000155396,0,,,,
5,Chr5_26531256.0,26531256,0.000155396,0,,,,
5,Chr5_26531264.0,26531264,0.000155396,0,,,,
5,Chr5_26531265.0,26531265,0.000155396,0,,,,
5,Chr5_26531300.0,26531300,0.000155396,0,,,,
5,Chr5_26531378.0,26531378,0.000155396,0,,,,
5,Chr5_26531380.0,26531380,0.000155396,0,,,,
5,Chr5_26531382.0,26531382,0.000155396,0,,,,
5,Chr5_26531392.0,26531392,0.000155396,0,,,,
5,Chr5_26531403.0,26531403,0.000155396,0,,,,
5,Chr5_26531404.0,26531404,0.000155396,0,,,,
5,Chr5_26531423.0,26531423,0.000155396,0,,,,
5,Chr5_26531424.0,26531424,0.000155396,0,,,,
5,Chr5_26531470.0,26531470,0.000155396,0,,,,
5,Chr5_26531473.0,26531473,0.000155396,0,,,,
5,Chr5_26531498.0,26531498,0.000155396,0,,,,
5,Chr5_3359933.0,3359933,0.0001555344,0,,,,
3,Chr3_20574545.0,20574545,0.0001558656,0,,,,
3,Chr3_14692281.0,14692281,0.0001558995,0,,,,
5,Chr5_3896362.0,3896362,0.0001560149,0,,,,
2,Chr2_13638042.0,13638042,0.0001561284,1,AT2G32050,AT2G32050,AT2G32050,0.0
2,Chr2_9948888.0,9948888,0.0001561474,0,,,,
4,Chr4_6282572.0,6282572,0.0001561518,0,,,,
4,Chr4_16880205.0,16880205,0.0001561783,0,,,,
5,Chr5_13885704.0,13885704,0.0001564295,0,,,,
5,Chr5_13886258.0,13886258,0.0001564295,0,,,,
3,Chr3_17223370.0,17223370,0.0001564999,0,,,,
3,Chr3_17223409.0,17223409,0.0001564999,0,,,,
2,Chr2_2151147.0,2151147,0.0001569743,0,,,,
2,Chr2_473832.0,473832,0.0001571155,0,,,,
4,Chr4_2312070.0,2312070,0.0001574958,0,,,,
1,Chr1_5563798.0,5563798,0.0001575993,1,AT1G16270,AT1G16270,AT1G16270,0.0
5,Chr5_14586945.0,14586945,0.0001577722,0,,,,
4,Chr4_2159253.0,2159253,0.0001582418,0,,,,
2,Chr2_4515105.0,4515105,0.0001582564,0,,,,
2,Chr2_19508857.0,19508857,0.0001584314,0,,,,
3,Chr3_16626627.0,16626627,0.0001584827,0,,,,
3,Chr3_16626681.0,16626681,0.0001584827,0,,,,
5,Chr5_17517150.0,17517150,0.0001591515,0,,,,
1,Chr1_27299101.0,27299101,0.0001592823,0,,,,
1,Chr1_11334117.0,11334117,0.0001592983,0,,,,
1,Chr1_11334131.0,11334131,0.0001592983,0,,,,
5,Chr5_466922.0,466922,0.0001593544,0,,,,
2,Chr2_8010469.0,8010469,0.0001601094,1,AT2G18480,AT2G18480,AT2G18480,0.0
4,Chr4_2027945.0,2027945,0.0001602923,1,AT4G04200,AT4G04200,AT4G04200,0.0
4,Chr4_1988172.0,1988172,0.0001603106,0,,,,
4,Chr4_15385520.0,15385520,0.0001603123,1,AT4G31805,AT4G31805,AT4G31805,0.0
4,Chr4_15386324.0,15386324,0.0001603123,1,AT4G31805,AT4G31805,AT4G31805,0.0
4,Chr4_15387072.0,15387072,0.0001603123,0,,,,
4,Chr4_15392720.0,15392720,0.0001603123,1,AT4G31820,AT4G31820,AT4G31820,0.0
4,Chr4_15394114.0,15394114,0.0001603123,1,AT4G31820,AT4G31820,AT4G31820,0.0
4,Chr4_15804018.0,15804018,0.000160723,1,AT4G32760,AT4G32760,AT4G32760,0.0
4,Chr4_1142461.0,1142461,0.0001611398,0,,,,
1,Chr1_11960577.0,11960577,0.0001611423,1,AT1G33010,AT1G33010,AT1G33010,0.0
2,Chr2_9218040.0,9218040,0.0001611781,1,AT2G21520,AT2G21520,AT2G21520,0.0
4,Chr4_11979564.0,11979564,0.0001612297,1,AT4G22800,AT4G22800,AT4G22800,0.0
1,Chr1_27215427.0,27215427,0.0001613011,0,,,,
3,Chr3_6339297.0,6339297,0.0001614191,1,AT3G18480,AT3G18480,AT3G18480,0.0
4,Chr4_13186644.0,13186644,0.0001614884,1,AT4G25970,AT4G25970,AT4G25970,0.0
4,Chr4_13191726.0,13191726,0.0001614884,1,AT4G25990,AT4G25990,AT4G25990,0.0
4,Chr4_13193915.0,13193915,0.0001614884,0,,,,
4,Chr4_2004829.0,2004829,0.0001615165,0,,,,
4,Chr4_6951913.0,6951913,0.0001616983,1,AT4G11420,AT4G11420,AT4G11420,0.0
2,Chr2_12304352.0,12304352,0.0001618447,1,AT2G28680,AT2G28680,AT2G28680,0.0
4,Chr4_2027977.0,2027977,0.0001620775,1,AT4G04200,AT4G04200,AT4G04200,0.0
5,Chr5_6011358.0,6011358,0.0001622,1,AT5G18190,AT5G18190,AT5G18190,0.0
5,Chr5_6355999.0,6355999,0.0001622,1,AT5G19025,AT5G19025,AT5G19025,0.0
5,Chr5_9153215.0,9153215,0.0001623439,1,AT5G26180,AT5G26180,AT5G26180,0.0
3,Chr3_10713275.0,10713275,0.0001628307,0,,,,
3,Chr3_10713289.0,10713289,0.0001628307,0,,,,
5,Chr5_26865767.0,26865767,0.0001629321,1,AT5G67340,AT5G67340,AT5G67340,0.0
5,Chr5_26865804.0,26865804,0.0001629321,1,AT5G67340,AT5G67340,AT5G67340,0.0
5,Chr5_26865827.0,26865827,0.0001629321,1,AT5G67340,AT5G67340,AT5G67340,0.0
5,Chr5_26865971.0,26865971,0.0001629321,1,AT5G67340,AT5G67340,AT5G67340,0.0
5,Chr5_26865984.0,26865984,0.0001629321,1,AT5G67340,AT5G67340,AT5G67340,0.0
5,Chr5_26865986.0,26865986,0.0001629321,1,AT5G67340,AT5G67340,AT5G67340,0.0
5,Chr5_26900592.0,26900592,0.0001630063,0,,,,
4,Chr4_18443276.0,18443276,0.0001631268,0,,,,
1,Chr1_19655520.0,19655520,0.000163243,0,,,,
5,Chr5_492213.0,492213,0.0001633338,0,,,,
5,Chr5_13882223.0,13882223,0.0001633496,1,AT5G35715,AT5G35715,AT5G35715,0.0
4,Chr4_2026649.0,2026649,0.0001636412,0,,,,
4,Chr4_8712233.0,8712233,0.0001639178,0,,,,
4,Chr4_8712244.0,8712244,0.0001639178,0,,,,
3,Chr3_10185193.0,10185193,0.0001641775,0,,,,
4,Chr4_4367773.0,4367773,0.0001642467,0,,,,
5,Chr5_25007383.0,25007383,0.0001651346,1,AT5G62250,AT5G62250,AT5G62250,0.0
1,Chr1_549589.0,549589,0.0001652317,0,,,,
1,Chr1_19932766.0,19932766,0.0001653678,0,,,,
1,Chr1_19933157.0,19933157,0.0001653678,0,,,,
1,Chr1_12666161.0,12666161,0.0001654265,0,,,,
4,Chr4_9980706.0,9980706,0.000165809,0,,,,
2,Chr2_4331351.0,4331351,0.0001659882,0,,,,
5,Chr5_12321826.0,12321826,0.000166061,0,,,,
1,Chr1_791508.0,791508,0.0001661833,1,AT1G03230,AT1G03230,AT1G03230,0.0
3,Chr3_9785778.0,9785778,0.0001664688,0,,,,
1,Chr1_59876.0,59876,0.0001665001,0,,,,
5,Chr5_13889561.0,13889561,0.0001665079,0,,,,
5,Chr5_13890130.0,13890130,0.0001665079,0,,,,
2,Chr2_15105502.0,15105502,0.0001666466,1,AT2G35950,AT2G35950,AT2G35950,0.0
1,Chr1_4063902.0,4063902,0.0001666722,0,,,,
5,Chr5_15462070.0,15462070,0.0001670375,0,,,,
5,Chr5_15462117.0,15462117,0.0001670375,0,,,,
1,Chr1_17028170.0,17028170,0.0001670687,0,,,,
2,Chr2_6764809.0,6764809,0.0001671364,0,,,,
5,Chr5_508354.0,508354,0.0001673978,0,,,,
4,Chr4_4115854.0,4115854,0.0001675028,0,,,,
5,Chr5_21978546.0,21978546,0.0001678698,0,,,,
3,Chr3_15960844.0,15960844,0.0001679933,0,,,,
1,Chr1_15456405.0,15456405,0.0001680324,0,,,,
2,Chr2_5610008.0,5610008,0.0001682947,1,AT2G13463,AT2G13463,AT2G13463,0.0
1,Chr1_26881725.0,26881725,0.0001683726,0,,,,
1,Chr1_26882331.0,26882331,0.0001683726,0,,,,
1,Chr1_26884760.0,26884760,0.0001683726,1,AT1G71330,AT1G71330,AT1G71330,0.0
1,Chr1_26168521.0,26168521,0.0001684196,0,,,,
1,Chr1_26173016.0,26173016,0.0001684196,1,AT1G69580,AT1G69580,AT1G69580,0.0
1,Chr1_26173614.0,26173614,0.0001684196,0,,,,
4,Chr4_15958280.0,15958280,0.000168552,0,,,,
3,Chr3_16785050.0,16785050,0.0001686912,1,AT3G45720,AT3G45720,AT3G45720,0.0
4,Chr4_10061915.0,10061915,0.0001688193,1,AT4G18170,AT4G18170,AT4G18170,0.0
2,Chr2_2331797.0,2331797,0.0001690717,0,,,,
1,Chr1_4326624.0,4326624,0.0001692466,0,,,,
2,Chr2_15428890.0,15428890,0.0001694286,1,AT2G36810,AT2G36810,AT2G36810,0.0
1,Chr1_21453808.0,21453808,0.0001699046,0,,,,
4,Chr4_848844.0,848844,0.0001701024,0,,,,
3,Chr3_20654921.0,20654921,0.0001701969,0,,,,
1,Chr1_3866230.0,3866230,0.0001701999,1,AT1G11480,AT1G11480,AT1G11480,0.0
5,Chr5_15103127.0,15103127,0.0001708753,1,AT5G37930,AT5G37930,AT5G37930,0.0
5,Chr5_15104514.0,15104514,0.0001708753,0,,,,
5,Chr5_15121350.0,15121350,0.0001708753,0,,,,
3,Chr3_10387644.0,10387644,0.0001709766,0,,,,
3,Chr3_16780399.0,16780399,0.0001712532,1,AT3G45700,AT3G45700,AT3G45700,0.0
1,Chr1_17217491.0,17217491,0.0001714056,0,,,,
1,Chr1_4307831.0,4307831,0.0001714756,1,AT1G12650,AT1G12650,AT1G12650,0.0
1,Chr1_8406165.0,8406165,0.000171695,1,AT1G23770,AT1G23770,AT1G23770,0.0
3,Chr3_15583172.0,15583172,0.0001717319,0,,,,
3,Chr3_15584167.0,15584167,0.0001717319,0,,,,
3,Chr3_15585431.0,15585431,0.0001717319,0,,,,
3,Chr3_15585505.0,15585505,0.0001717319,0,,,,
3,Chr3_15585951.0,15585951,0.0001717319,0,,,,
3,Chr3_15586089.0,15586089,0.0001717319,0,,,,
3,Chr3_15586326.0,15586326,0.0001717319,0,,,,
3,Chr3_15586345.0,15586345,0.0001717319,0,,,,
3,Chr3_15587152.0,15587152,0.0001717319,0,,,,
3,Chr3_15635888.0,15635888,0.0001717343,0,,,,
5,Chr5_25489996.0,25489996,0.0001720161,0,,,,
3,Chr3_14068821.0,14068821,0.0001720856,0,,,,
1,Chr1_9095038.0,9095038,0.0001722323,0,,,,
4,Chr4_15719179.0,15719179,0.0001722514,0,,,,
4,Chr4_15720549.0,15720549,0.0001722514,0,,,,
4,Chr4_15720580.0,15720580,0.0001722514,0,,,,
5,Chr5_9867711.0,9867711,0.0001723213,0,,,,
1,Chr1_22926443.0,22926443,0.0001725873,1,AT1G62030,AT1G62030,AT1G62030,0.0
1,Chr1_29132554.0,29132554,0.0001726105,0,,,,
5,Chr5_25572871.0,25572871,0.0001729882,1,AT5G63910,AT5G63910,AT5G63910,0.0
2,Chr2_11981829.0,11981829,0.0001729974,0,,,,
3,Chr3_21065531.0,21065531,0.0001730548,0,,,,
2,Chr2_653981.0,653981,0.0001731934,1,AT2G02470,AT2G02470,AT2G02470,0.0
2,Chr2_8754208.0,8754208,0.0001732098,0,,,,
1,Chr1_356364.0,356364,0.000173223,1,AT1G02030,AT1G02030,AT1G02030,0.0
5,Chr5_12486372.0,12486372,0.0001733813,0,,,,
4,Chr4_13110171.0,13110171,0.0001734751,0,,,,
4,Chr4_2027264.0,2027264,0.0001735065,1,AT4G04200,AT4G04200,AT4G04200,0.0
4,Chr4_2029961.0,2029961,0.0001735065,0,,,,
4,Chr4_2030281.0,2030281,0.0001735065,0,,,,
5,Chr5_6434695.0,6434695,0.000173636,0,,,,
5,Chr5_2561810.0,2561810,0.0001737466,1,AT5G07990,AT5G07990,AT5G07990,0.0
5,Chr5_2561822.0,2561822,0.0001737466,1,AT5G07990,AT5G07990,AT5G07990,0.0
5,Chr5_9153110.0,9153110,0.000173991,1,AT5G26180,AT5G26180,AT5G26180,0.0
5,Chr5_9153112.0,9153112,0.000173991,1,AT5G26180,AT5G26180,AT5G26180,0.0
1,Chr1_2236698.0,2236698,0.0001741132,0,,,,
4,Chr4_7082047.0,7082047,0.0001747519,0,,,,
4,Chr4_7083288.0,7083288,0.0001747519,1,AT4G11770,AT4G11770,AT4G11770,0.0
4,Chr4_7083558.0,7083558,0.0001747519,0,,,,
1,Chr1_14435909.0,14435909,0.0001753136,0,,,,
2,Chr2_626634.0,626634,0.0001756011,0,,,,
5,Chr5_25490129.0,25490129,0.0001756712,1,AT5G63680,AT5G63680,AT5G63680,0.0
1,Chr1_19699752.0,19699752,0.0001757231,0,,,,
1,Chr1_28137840.0,28137840,0.0001757274,1,AT1G74910,AT1G74910,AT1G74910,0.0
1,Chr1_4325360.0,4325360,0.0001757844,1,AT1G12700,AT1G12700,AT1G12700,0.0
1,Chr1_4325391.0,4325391,0.0001757844,1,AT1G12700,AT1G12700,AT1G12700,0.0
1,Chr1_4326043.0,4326043,0.0001757844,1,AT1G12700,AT1G12700,AT1G12700,0.0
1,Chr1_4326098.0,4326098,0.0001757844,1,AT1G12700,AT1G12700,AT1G12700,0.0
1,Chr1_3332559.0,3332559,0.000175833,0,,,,
5,Chr5_9874541.0,9874541,0.0001759298,1,AT5G27850,AT5G27850,AT5G27850,0.0
5,Chr5_9875325.0,9875325,0.0001759298,1,AT5G27860,AT5G27860,AT5G27860,0.0
4,Chr4_7937367.0,7937367,0.0001759852,1,AT4G13640,AT4G13640,AT4G13640,0.0
5,Chr5_13939460.0,13939460,0.0001761107,1,AT5G35770,AT5G35770,AT5G35770,0.0
2,Chr2_6122240.0,6122240,0.0001761457,0,,,,
1,Chr1_7521198.0,7521198,0.0001764432,1,AT1G21480,AT1G21480,AT1G21480,0.0
3,Chr3_10185363.0,10185363,0.00017648,0,,,,
3,Chr3_10185364.0,10185364,0.00017648,0,,,,
3,Chr3_22577430.0,22577430,0.0001768725,0,,,,
3,Chr3_22577814.0,22577814,0.0001768725,0,,,,
3,Chr3_22577939.0,22577939,0.0001768725,0,,,,
3,Chr3_22578750.0,22578750,0.0001768725,0,,,,
3,Chr3_22578850.0,22578850,0.0001768725,0,,,,
1,Chr1_512983.0,512983,0.0001769045,1,AT1G02470,AT1G02470,AT1G02470,0.0
5,Chr5_18925942.0,18925942,0.0001770376,1,AT5G46640,AT5G46640,AT5G46640,0.0
1,Chr1_7846294.0,7846294,0.0001771107,0,,,,
5,Chr5_10979791.0,10979791,0.0001772463,0,,,,
5,Chr5_9149280.0,9149280,0.0001772769,1,AT5G26180,AT5G26180,AT5G26180,0.0
5,Chr5_9149311.0,9149311,0.0001772769,1,AT5G26180,AT5G26180,AT5G26180,0.0
5,Chr5_9149320.0,9149320,0.0001772769,1,AT5G26180,AT5G26180,AT5G26180,0.0
5,Chr5_9149354.0,9149354,0.0001772769,1,AT5G26180,AT5G26180,AT5G26180,0.0
4,Chr4_1992255.0,1992255,0.000177426,0,,,,
3,Chr3_3656298.0,3656298,0.0001774755,0,,,,
4,Chr4_931723.0,931723,0.0001780453,1,AT4G02100,AT4G02100,AT4G02100,0.0
2,Chr2_16088528.0,16088528,0.0001781733,1,AT2G38410,AT2G38410,AT2G38410,0.0
4,Chr4_15719772.0,15719772,0.0001784069,0,,,,
1,Chr1_975124.0,975124,0.0001786291,0,,,,
5,Chr5_754561.0,754561,0.0001794502,1,AT5G03180,AT5G03180,AT5G03180,0.0
4,Chr4_7906518.0,7906518,0.0001794646,0,,,,
2,Chr2_17165485.0,17165485,0.0001795953,1,AT2G41180,AT2G41180,AT2G41180,0.0
2,Chr2_17165544.0,17165544,0.0001795953,1,AT2G41180,AT2G41180,AT2G41180,0.0
1,Chr1_23677027.0,23677027,0.0001797765,0,,,,
1,Chr1_1123848.0,1123848,0.0001798988,0,,,,
5,Chr5_11127076.0,11127076,0.000179943,0,,,,
5,Chr5_10515437.0,10515437,0.0001799622,0,,,,
1,Chr1_1000492.0,1000492,0.0001800519,0,,,,
2,Chr2_15602500.0,15602500,0.0001801986,0,,,,
1,Chr1_27989064.0,27989064,0.0001802675,1,AT1G74460,AT1G74460,AT1G74460,0.0
2,Chr2_8540268.0,8540268,0.0001802794,0,,,,
1,Chr1_4161752.0,4161752,0.0001807877,0,,,,
2,Chr2_9230691.0,9230691,0.0001809015,1,AT2G21560,AT2G21560,AT2G21560,0.0
2,Chr2_9230692.0,9230692,0.0001809015,1,AT2G21560,AT2G21560,AT2G21560,0.0
4,Chr4_17654932.0,17654932,0.0001809738,0,,,,
1,Chr1_10367200.0,10367200,0.0001810342,0,,,,
4,Chr4_14267735.0,14267735,0.0001811794,0,,,,
4,Chr4_14269797.0,14269797,0.0001811794,1,AT4G28920,AT4G28920,AT4G28920,0.0
4,Chr4_1649940.0,1649940,0.0001814366,1,AT4G03723,AT4G03723,AT4G03723,0.0
4,Chr4_4666765.0,4666765,0.0001815014,0,,,,
4,Chr4_4666766.0,4666766,0.0001815014,0,,,,
4,Chr4_13090671.0,13090671,0.0001817271,2,AT4G25690;AT4G25692,AT4G25690,AT4G25690,0.0
5,Chr5_13950815.0,13950815,0.0001817349,0,,,,
1,Chr1_167463.0,167463,0.0001818418,1,AT1G01453,AT1G01453,AT1G01453,0.0
3,Chr3_11118711.0,11118711,0.000182064,0,,,,
2,Chr2_5043969.0,5043969,0.0001822773,0,,,,
4,Chr4_2007640.0,2007640,0.0001823908,0,,,,
4,Chr4_4344475.0,4344475,0.0001824358,0,,,,
4,Chr4_5772748.0,5772748,0.0001824833,0,,,,
3,Chr3_3056054.0,3056054,0.0001824879,0,,,,
1,Chr1_9094944.0,9094944,0.0001826851,0,,,,
3,Chr3_16292867.0,16292867,0.0001828685,0,,,,
2,Chr2_1457824.0,1457824,0.0001829468,0,,,,
2,Chr2_1457825.0,1457825,0.0001829468,0,,,,
2,Chr2_1457880.0,1457880,0.0001829468,0,,,,
2,Chr2_1457932.0,1457932,0.0001829468,0,,,,
2,Chr2_1458002.0,1458002,0.0001829468,0,,,,
2,Chr2_1461134.0,1461134,0.0001829468,0,,,,
2,Chr2_2210805.0,2210805,0.0001830993,0,,,,
1,Chr1_8317368.0,8317368,0.0001834228,0,,,,
1,Chr1_10187610.0,10187610,0.000183533,0,,,,
2,Chr2_7720346.0,7720346,0.0001836394,0,,,,
2,Chr2_12917959.0,12917959,0.0001838034,0,,,,
2,Chr2_12917965.0,12917965,0.0001838034,0,,,,
2,Chr2_12917981.0,12917981,0.0001838034,0,,,,
3,Chr3_4989854.0,4989854,0.000183879,1,AT3G14840,AT3G14840,AT3G14840,0.0
3,Chr3_4990642.0,4990642,0.000183879,1,AT3G14840,AT3G14840,AT3G14840,0.0
3,Chr3_4992282.0,4992282,0.000183879,1,AT3G14840,AT3G14840,AT3G14840,0.0
2,Chr2_8009214.0,8009214,0.000183924,0,,,,
2,Chr2_8010482.0,8010482,0.000183924,1,AT2G18480,AT2G18480,AT2G18480,0.0
2,Chr2_8011432.0,8011432,0.000183924,0,,,,
2,Chr2_8011860.0,8011860,0.000183924,0,,,,
5,Chr5_10934270.0,10934270,0.0001839901,0,,,,
2,Chr2_17248115.0,17248115,0.0001843426,0,,,,
2,Chr2_2234083.0,2234083,0.0001845779,0,,,,
2,Chr2_2237150.0,2237150,0.0001845779,0,,,,
2,Chr2_2238528.0,2238528,0.0001845779,0,,,,
2,Chr2_2239963.0,2239963,0.0001845779,0,,,,
2,Chr2_9643568.0,9643568,0.0001845866,0,,,,
1,Chr1_4267561.0,4267561,0.0001848646,1,AT1G12520,AT1G12520,AT1G12520,0.0
1,Chr1_4268293.0,4268293,0.0001848646,1,AT1G12520,AT1G12520,AT1G12520,0.0
1,Chr1_4268467.0,4268467,0.0001848646,1,AT1G12520,AT1G12520,AT1G12520,0.0
4,Chr4_3149153.0,3149153,0.0001850017,0,,,,
1,Chr1_4186440.0,4186440,0.0001852103,0,,,,
5,Chr5_24197932.0,24197932,0.0001854678,0,,,,
5,Chr5_9156286.0,9156286,0.0001859242,0,,,,
5,Chr5_9158611.0,9158611,0.0001859242,1,AT5G26210,AT5G26210,AT5G26210,0.0
3,Chr3_6039070.0,6039070,0.0001859976,1,AT3G17660,AT3G17660,AT3G17660,0.0
5,Chr5_332164.0,332164,0.0001864091,0,,,,
2,Chr2_15369701.0,15369701,0.0001867771,1,AT2G36680,AT2G36680,AT2G36680,0.0
3,Chr3_21519190.0,21519190,0.0001870447,1,AT3G58110,AT3G58110,AT3G58110,0.0
1,Chr1_26561278.0,26561278,0.0001873821,0,,,,
5,Chr5_8272885.0,8272885,0.0001873941,0,,,,
3,Chr3_15970018.0,15970018,0.000187622,1,AT3G44280,AT3G44280,AT3G44280,0.0
1,Chr1_28699499.0,28699499,0.0001877199,0,,,,
4,Chr4_9499488.0,9499488,0.000187808,0,,,,
4,Chr4_9499492.0,9499492,0.000187808,0,,,,
5,Chr5_19031778.0,19031778,0.0001879503,1,AT5G46880,AT5G46880,AT5G46880,0.0
5,Chr5_26866036.0,26866036,0.0001881924,1,AT5G67340,AT5G67340,AT5G67340,0.0
3,Chr3_20616234.0,20616234,0.0001885843,0,,,,
5,Chr5_10813869.0,10813869,0.0001889145,1,AT5G28780,AT5G28780,AT5G28780,0.0
5,Chr5_251011.0,251011,0.0001889428,0,,,,
1,Chr1_24412466.0,24412466,0.0001889474,1,AT1G65640,AT1G65640,AT1G65640,0.0
5,Chr5_8601604.0,8601604,0.000189165,1,AT5G24960,AT5G24960,AT5G24960,0.0
5,Chr5_8601657.0,8601657,0.000189165,1,AT5G24960,AT5G24960,AT5G24960,0.0
5,Chr5_15462042.0,15462042,0.0001892048,0,,,,
5,Chr5_15462048.0,15462048,0.0001892048,0,,,,
2,Chr2_11308570.0,11308570,0.0001894543,0,,,,
3,Chr3_9787409.0,9787409,0.0001894634,0,,,,
3,Chr3_15617254.0,15617254,0.0001894815,0,,,,
5,Chr5_6437990.0,6437990,0.0001896046,0,,,,
4,Chr4_3668860.0,3668860,0.0001897007,0,,,,
4,Chr4_13096253.0,13096253,0.0001897866,0,,,,
5,Chr5_9144211.0,9144211,0.0001899123,1,AT5G26160,AT5G26160,AT5G26160,0.0
5,Chr5_9144327.0,9144327,0.0001899123,1,AT5G26160,AT5G26160,AT5G26160,0.0
3,Chr3_16906808.0,16906808,0.0001900122,0,,,,
4,Chr4_8395884.0,8395884,0.0001901947,0,,,,
1,Chr1_4269094.0,4269094,0.0001903834,1,AT1G12530,AT1G12530,AT1G12530,0.0
1,Chr1_4269446.0,4269446,0.0001903834,1,AT1G12530,AT1G12530,AT1G12530,0.0
1,Chr1_4269523.0,4269523,0.0001903834,1,AT1G12530,AT1G12530,AT1G12530,0.0
1,Chr1_4269540.0,4269540,0.0001903834,1,AT1G12530,AT1G12530,AT1G12530,0.0
1,Chr1_4269557.0,4269557,0.0001903834,1,AT1G12530,AT1G12530,AT1G12530,0.0
1,Chr1_4269584.0,4269584,0.0001903834,1,AT1G12530,AT1G12530,AT1G12530,0.0
1,Chr1_4269674.0,4269674,0.0001903834,1,AT1G12530,AT1G12530,AT1G12530,0.0
1,Chr1_4269677.0,4269677,0.0001903834,1,AT1G12530,AT1G12530,AT1G12530,0.0
1,Chr1_4269684.0,4269684,0.0001903834,1,AT1G12530,AT1G12530,AT1G12530,0.0
1,Chr1_4269701.0,4269701,0.0001903834,1,AT1G12530,AT1G12530,AT1G12530,0.0
3,Chr3_16773131.0,16773131,0.0001904478,0,,,,
3,Chr3_16811947.0,16811947,0.0001904954,0,,,,
5,Chr5_11289143.0,11289143,0.0001905399,0,,,,
1,Chr1_25427769.0,25427769,0.0001907245,0,,,,
1,Chr1_17193871.0,17193871,0.0001908621,0,,,,
1,Chr1_12507820.0,12507820,0.0001908624,0,,,,
2,Chr2_18242453.0,18242453,0.0001908802,1,AT2G44100,AT2G44100,AT2G44100,0.0
5,Chr5_504357.0,504357,0.000190994,1,AT5G02370,AT5G02370,AT5G02370,0.0
5,Chr5_504368.0,504368,0.000190994,1,AT5G02370,AT5G02370,AT5G02370,0.0
5,Chr5_504409.0,504409,0.000190994,1,AT5G02370,AT5G02370,AT5G02370,0.0
5,Chr5_504410.0,504410,0.000190994,1,AT5G02370,AT5G02370,AT5G02370,0.0
5,Chr5_504411.0,504411,0.000190994,1,AT5G02370,AT5G02370,AT5G02370,0.0
5,Chr5_504576.0,504576,0.000190994,1,AT5G02370,AT5G02370,AT5G02370,0.0
5,Chr5_505262.0,505262,0.000190994,1,AT5G02370,AT5G02370,AT5G02370,0.0
5,Chr5_505263.0,505263,0.000190994,1,AT5G02370,AT5G02370,AT5G02370,0.0
5,Chr5_506815.0,506815,0.000190994,2,AT5G02370;AT5G02380,AT5G02370,AT5G02370,0.0
5,Chr5_507060.0,507060,0.000190994,2,AT5G02370;AT5G02380,AT5G02370,AT5G02370,0.0
5,Chr5_5042991.0,5042991,0.000191088,0,,,,
3,Chr3_18835494.0,18835494,0.0001911025,1,AT3G50690,AT3G50690,AT3G50690,0.0
1,Chr1_4313331.0,4313331,0.0001912529,0,,,,
4,Chr4_8853334.0,8853334,0.0001913532,1,AT4G15490,AT4G15490,AT4G15490,0.0
5,Chr5_24896589.0,24896589,0.0001913574,1,AT5G61980,AT5G61980,AT5G61980,0.0
4,Chr4_35618.0,35618,0.0001915461,1,AT4G00090,AT4G00090,AT4G00090,0.0
1,Chr1_49873.0,49873,0.0001915742,0,,,,
4,Chr4_1985491.0,1985491,0.0001920936,0,,,,
2,Chr2_8004873.0,8004873,0.0001924223,0,,,,
4,Chr4_1986867.0,1986867,0.0001924248,0,,,,
3,Chr3_16773386.0,16773386,0.0001924449,0,,,,
5,Chr5_24601527.0,24601527,0.00019269,1,AT5G61140,AT5G61140,AT5G61140,0.0
5,Chr5_503788.0,503788,0.0001926962,1,AT5G02370,AT5G02370,AT5G02370,0.0
5,Chr5_503840.0,503840,0.0001926962,1,AT5G02370,AT5G02370,AT5G02370,0.0
4,Chr4_15390503.0,15390503,0.0001930925,0,,,,
3,Chr3_5423699.0,5423699,0.0001931129,0,,,,
5,Chr5_2361281.0,2361281,0.0001931643,1,AT5G07460,AT5G07460,AT5G07460,0.0
1,Chr1_25429242.0,25429242,0.000193264,0,,,,
4,Chr4_1977101.0,1977101,0.0001935588,0,,,,
2,Chr2_9182271.0,9182271,0.0001936875,1,AT2G21450,AT2G21450,AT2G21450,0.0
4,Chr4_9955518.0,9955518,0.0001937769,0,,,,
2,Chr2_13797587.0,13797587,0.0001938281,0,,,,
5,Chr5_8731694.0,8731694,0.0001942188,0,,,,
1,Chr1_44074.0,44074,0.0001946746,0,,,,
3,Chr3_14066835.0,14066835,0.0001947952,0,,,,
3,Chr3_14067349.0,14067349,0.0001947952,0,,,,
1,Chr1_3333373.0,3333373,0.0001948534,0,,,,
1,Chr1_607677.0,607677,0.0001949232,0,,,,
5,Chr5_6651419.0,6651419,0.0001949492,1,AT5G19680,AT5G19680,AT5G19680,0.0
5,Chr5_6652274.0,6652274,0.0001949492,0,,,,
2,Chr2_5105918.0,5105918,0.0001950072,0,,,,
4,Chr4_2004604.0,2004604,0.0001950073,0,,,,
1,Chr1_24415345.0,24415345,0.0001950728,1,AT1G65650,AT1G65650,AT1G65650,0.0
1,Chr1_24416953.0,24416953,0.0001950728,1,AT1G65650,AT1G65650,AT1G65650,0.0
3,Chr3_8243546.0,8243546,0.0001952133,0,,,,
3,Chr3_13238942.0,13238942,0.000195269,1,AT3G32280,AT3G32280,AT3G32280,0.0
4,Chr4_2027892.0,2027892,0.0001953587,1,AT4G04200,AT4G04200,AT4G04200,0.0
4,Chr4_2029351.0,2029351,0.0001953587,0,,,,
2,Chr2_2912754.0,2912754,0.0001954328,0,,,,
5,Chr5_26786392.0,26786392,0.0001956801,0,,,,
5,Chr5_18951585.0,18951585,0.0001957727,1,AT5G46700,AT5G46700,AT5G46700,0.0
3,Chr3_14065531.0,14065531,0.0001958797,0,,,,
4,Chr4_7934794.0,7934794,0.0001960361,1,AT4G13630,AT4G13630,AT4G13630,0.0
1,Chr1_25199452.0,25199452,0.0001960577,1,AT1G67310,AT1G67310,AT1G67310,0.0
1,Chr1_25200453.0,25200453,0.0001960577,1,AT1G67310,AT1G67310,AT1G67310,0.0
3,Chr3_15424672.0,15424672,0.0001962557,0,,,,
1,Chr1_544867.0,544867,0.0001962662,1,AT1G02580,AT1G02580,AT1G02580,0.0
4,Chr4_13148580.0,13148580,0.0001963838,1,AT4G25860,AT4G25860,AT4G25860,0.0
5,Chr5_6886231.0,6886231,0.0001963898,0,,,,
5,Chr5_7692858.0,7692858,0.0001964054,0,,,,
4,Chr4_7348786.0,7348786,0.0001964486,0,,,,
5,Chr5_13679500.0,13679500,0.0001966073,0,,,,
4,Chr4_15897931.0,15897931,0.000196763,0,,,,
4,Chr4_15901308.0,15901308,0.000196763,1,AT4G32940,AT4G32940,AT4G32940,0.0
4,Chr4_15904268.0,15904268,0.000196763,0,,,,
2,Chr2_1466658.0,1466658,0.000197057,0,,,,
4,Chr4_2105993.0,2105993,0.0001970735,0,,,,
2,Chr2_9172739.0,9172739,0.0001975121,1,AT2G21430,AT2G21430,AT2G21430,0.0
5,Chr5_468991.0,468991,0.0001975786,1,AT5G02270,AT5G02270,AT5G02270,0.0
5,Chr5_469270.0,469270,0.0001975786,0,,,,
5,Chr5_469328.0,469328,0.0001975786,1,AT5G02280,AT5G02280,AT5G02280,0.0
5,Chr5_469971.0,469971,0.0001975786,1,AT5G02280,AT5G02280,AT5G02280,0.0
5,Chr5_478634.0,478634,0.0001975786,1,AT5G02310,AT5G02310,AT5G02310,0.0
5,Chr5_478893.0,478893,0.0001975786,1,AT5G02310,AT5G02310,AT5G02310,0.0
5,Chr5_480665.0,480665,0.0001975786,1,AT5G02310,AT5G02310,AT5G02310,0.0
5,Chr5_484123.0,484123,0.0001975786,1,AT5G02320,AT5G02320,AT5G02320,0.0
5,Chr5_485305.0,485305,0.0001975786,1,AT5G02320,AT5G02320,AT5G02320,0.0
4,Chr4_9935726.0,9935726,0.0001977308,0,,,,
1,Chr1_20817251.0,20817251,0.0001977777,0,,,,
2,Chr2_2167878.0,2167878,0.0001978139,0,,,,
5,Chr5_2589742.0,2589742,0.0001979747,1,AT5G08080,AT5G08080,AT5G08080,0.0
5,Chr5_2592032.0,2592032,0.0001979747,1,AT5G08090,AT5G08090,AT5G08090,0.0
3,Chr3_17019385.0,17019385,0.0001980782,0,,,,
5,Chr5_9442231.0,9442231,0.0001982077,0,,,,
2,Chr2_9483329.0,9483329,0.0001983144,0,,,,
3,Chr3_15619899.0,15619899,0.0001984779,0,,,,
1,Chr1_28122835.0,28122835,0.0001990992,0,,,,
5,Chr5_14017504.0,14017504,0.0001991463,0,,,,
5,Chr5_14017813.0,14017813,0.0001991463,0,,,,
3,Chr3_14010096.0,14010096,0.000199205,0,,,,
5,Chr5_9049612.0,9049612,0.0001995096,0,,,,
3,Chr3_20573727.0,20573727,0.0001996098,0,,,,
2,Chr2_7719874.0,7719874,0.0001997436,0,,,,
2,Chr2_7720108.0,7720108,0.0001997436,0,,,,
2,Chr2_7720311.0,7720311,0.0001997436,0,,,,
2,Chr2_7720577.0,7720577,0.0001997436,0,,,,
2,Chr2_7720624.0,7720624,0.0001997436,0,,,,
2,Chr2_7724076.0,7724076,0.0001997436,1,AT2G17770,AT2G17770,AT2G17770,0.0
4,Chr4_6875665.0,6875665,0.0001999518,0,,,,
4,Chr4_7345621.0,7345621,0.0001999834,0,,,,
1,Chr1_9079647.0,9079647,0.000200025,0,,,,
1,Chr1_24603349.0,24603349,0.0002002149,1,AT1G66090,AT1G66090,AT1G66090,0.0
1,Chr1_24603371.0,24603371,0.0002002149,1,AT1G66090,AT1G66090,AT1G66090,0.0
5,Chr5_8577931.0,8577931,0.0002002565,0,,,,
2,Chr2_7680234.0,7680234,0.000200356,1,AT2G17680,AT2G17680,AT2G17680,0.0
2,Chr2_7680236.0,7680236,0.000200356,1,AT2G17680,AT2G17680,AT2G17680,0.0
2,Chr2_19242860.0,19242860,0.0002004924,0,,,,
1,Chr1_29305965.0,29305965,0.0002004936,0,,,,
3,Chr3_20554283.0,20554283,0.000200676,1,AT3G55440,AT3G55440,AT3G55440,0.0
1,Chr1_4113966.0,4113966,0.0002006912,0,,,,
2,Chr2_670072.0,670072,0.0002007735,1,AT2G02498,AT2G02498,AT2G02498,0.0
2,Chr2_1463458.0,1463458,0.0002008107,0,,,,
2,Chr2_1463744.0,1463744,0.0002008107,0,,,,
2,Chr2_1465239.0,1465239,0.0002008107,0,,,,
2,Chr2_1465255.0,1465255,0.0002008107,0,,,,
2,Chr2_1465388.0,1465388,0.0002008107,0,,,,
2,Chr2_1465865.0,1465865,0.0002008107,0,,,,
2,Chr2_1465871.0,1465871,0.0002008107,0,,,,
2,Chr2_1466008.0,1466008,0.0002008107,0,,,,
2,Chr2_1466322.0,1466322,0.0002008107,0,,,,
2,Chr2_1466401.0,1466401,0.0002008107,0,,,,
2,Chr2_11534583.0,11534583,0.0002008116,0,,,,
5,Chr5_17917580.0,17917580,0.0002008394,1,AT5G44460,AT5G44460,AT5G44460,0.0
1,Chr1_13635074.0,13635074,0.0002009824,0,,,,
1,Chr1_13635115.0,13635115,0.0002009824,0,,,,
2,Chr2_15552040.0,15552040,0.000201839,1,AT2G37025,AT2G37025,AT2G37025,0.0
1,Chr1_3333431.0,3333431,0.0002019472,0,,,,
1,Chr1_12524354.0,12524354,0.0002023861,1,AT1G34320,AT1G34320,AT1G34320,0.0
1,Chr1_12538156.0,12538156,0.0002023861,1,AT1G34355,AT1G34355,AT1G34355,0.0
3,Chr3_14293533.0,14293533,0.0002024871,0,,,,
5,Chr5_493191.0,493191,0.000202495,1,AT5G02340,AT5G02340,AT5G02340,0.0
2,Chr2_15609585.0,15609585,0.0002025055,1,AT2G37160,AT2G37160,AT2G37160,0.0
1,Chr1_25182010.0,25182010,0.0002025394,0,,,,
3,Chr3_10185379.0,10185379,0.0002027782,0,,,,
4,Chr4_1982830.0,1982830,0.0002028267,0,,,,
5,Chr5_26530507.0,26530507,0.0002034546,1,AT5G66440,AT5G66440,AT5G66440,0.0
5,Chr5_525738.0,525738,0.0002037116,0,,,,
4,Chr4_849592.0,849592,0.0002040313,0,,,,
1,Chr1_27476166.0,27476166,0.0002040831,0,,,,
1,Chr1_6014163.0,6014163,0.0002044301,0,,,,
2,Chr2_13612518.0,13612518,0.0002045426,1,AT2G31990,AT2G31990,AT2G31990,0.0
1,Chr1_23574747.0,23574747,0.0002047535,0,,,,
3,Chr3_20652400.0,20652400,0.0002049383,0,,,,
5,Chr5_18949316.0,18949316,0.000205024,0,,,,
1,Chr1_16847113.0,16847113,0.0002050987,0,,,,
4,Chr4_11813535.0,11813535,0.0002053952,1,AT4G22390,AT4G22390,AT4G22390,0.0
1,Chr1_175681.0,175681,0.0002057096,0,,,,
1,Chr1_12665260.0,12665260,0.0002060078,0,,,,
1,Chr1_12665306.0,12665306,0.0002060078,0,,,,
2,Chr2_19063139.0,19063139,0.0002063533,1,AT2G46440,AT2G46440,AT2G46440,0.0
1,Chr1_23571871.0,23571871,0.0002067749,0,,,,
1,Chr1_6402751.0,6402751,0.0002068233,1,AT1G18600,AT1G18600,AT1G18600,0.0
2,Chr2_4189275.0,4189275,0.0002068289,0,,,,
2,Chr2_7911815.0,7911815,0.0002068466,1,AT2G18180,AT2G18180,AT2G18180,0.0
5,Chr5_10838395.0,10838395,0.000206935,1,AT5G28823,AT5G28823,AT5G28823,0.0
3,Chr3_14737864.0,14737864,0.0002070064,0,,,,
1,Chr1_16201330.0,16201330,0.0002073187,0,,,,
3,Chr3_18840950.0,18840950,0.0002074414,1,AT3G50700,AT3G50700,AT3G50700,0.0
5,Chr5_9056844.0,9056844,0.0002075189,0,,,,
5,Chr5_9057809.0,9057809,0.0002075189,1,AT5G25950,AT5G25950,AT5G25950,0.0
3,Chr3_6614351.0,6614351,0.0002080911,0,,,,
3,Chr3_6344886.0,6344886,0.0002082921,0,,,,
2,Chr2_7193388.0,7193388,0.0002084821,0,,,,
5,Chr5_2439180.0,2439180,0.0002087283,0,,,,
3,Chr3_9791599.0,9791599,0.0002089916,1,AT3G26630,AT3G26630,AT3G26630,0.0
5,Chr5_22131079.0,22131079,0.0002095899,0,,,,
2,Chr2_86107.0,86107,0.0002100098,1,AT2G01120,AT2G01120,AT2G01120,0.0
3,Chr3_9786390.0,9786390,0.0002100971,0,,,,
5,Chr5_10726383.0,10726383,0.0002100984,0,,,,
3,Chr3_3052773.0,3052773,0.0002101338,1,AT3G09925,AT3G09925,AT3G09925,0.0
2,Chr2_400873.0,400873,0.0002103392,0,,,,
1,Chr1_4286232.0,4286232,0.0002103423,1,AT1G12600,AT1G12600,AT1G12600,0.0
5,Chr5_9144848.0,9144848,0.0002105611,1,AT5G26160,AT5G26160,AT5G26160,0.0
5,Chr5_9145013.0,9145013,0.0002105611,1,AT5G26160,AT5G26160,AT5G26160,0.0
5,Chr5_9145114.0,9145114,0.0002105611,1,AT5G26160,AT5G26160,AT5G26160,0.0
1,Chr1_7087171.0,7087171,0.0002105798,0,,,,
1,Chr1_17214215.0,17214215,0.0002106356,0,,,,
1,Chr1_25998985.0,25998985,0.000210934,0,,,,
1,Chr1_22841448.0,22841448,0.0002110356,0,,,,
3,Chr3_6344624.0,6344624,0.000211136,0,,,,
3,Chr3_20906630.0,20906630,0.0002111771,0,,,,
1,Chr1_21565871.0,21565871,0.0002115564,0,,,,
1,Chr1_512981.0,512981,0.0002116422,1,AT1G02470,AT1G02470,AT1G02470,0.0
5,Chr5_10921674.0,10921674,0.0002117025,0,,,,
4,Chr4_15382147.0,15382147,0.0002118164,0,,,,
3,Chr3_16780009.0,16780009,0.0002122915,1,AT3G45700,AT3G45700,AT3G45700,0.0
3,Chr3_16780055.0,16780055,0.0002122915,1,AT3G45700,AT3G45700,AT3G45700,0.0
3,Chr3_16780074.0,16780074,0.0002122915,1,AT3G45700,AT3G45700,AT3G45700,0.0
3,Chr3_16780617.0,16780617,0.0002122915,1,AT3G45700,AT3G45700,AT3G45700,0.0
5,Chr5_11406421.0,11406421,0.0002124952,0,,,,
1,Chr1_26552053.0,26552053,0.0002127827,0,,,,
5,Chr5_13987420.0,13987420,0.0002128385,0,,,,
1,Chr1_12666040.0,12666040,0.0002130195,0,,,,
5,Chr5_534915.0,534915,0.0002131173,0,,,,
2,Chr2_1305074.0,1305074,0.0002135444,0,,,,
3,Chr3_6728232.0,6728232,0.0002137916,0,,,,
3,Chr3_14769537.0,14769537,0.0002139988,0,,,,
1,Chr1_4061769.0,4061769,0.0002140631,0,,,,
5,Chr5_5637092.0,5637092,0.0002143006,1,AT5G17130,AT5G17130,AT5G17130,0.0
1,Chr1_8698249.0,8698249,0.0002146015,0,,,,
1,Chr1_8698923.0,8698923,0.0002146015,0,,,,
4,Chr4_9941603.0,9941603,0.0002146046,1,AT4G17895,AT4G17895,AT4G17895,0.0
5,Chr5_25505936.0,25505936,0.0002146992,0,,,,
3,Chr3_19062541.0,19062541,0.0002147176,1,AT3G51350,AT3G51350,AT3G51350,0.0
1,Chr1_167445.0,167445,0.0002147782,1,AT1G01453,AT1G01453,AT1G01453,0.0
2,Chr2_919538.0,919538,0.0002152219,0,,,,
5,Chr5_13986716.0,13986716,0.0002152887,0,,,,
5,Chr5_13987216.0,13987216,0.0002152887,0,,,,
5,Chr5_13987227.0,13987227,0.0002152887,0,,,,
5,Chr5_13987376.0,13987376,0.0002152887,0,,,,
2,Chr2_2159495.0,2159495,0.0002155636,0,,,,
1,Chr1_29300430.0,29300430,0.0002155796,1,AT1G77920,AT1G77920,AT1G77920,0.0
4,Chr4_2002673.0,2002673,0.0002159592,0,,,,
3,Chr3_16696202.0,16696202,0.0002160085,0,,,,
4,Chr4_9542468.0,9542468,0.0002161107,1,AT4G16950,AT4G16950,AT4G16950,0.0
5,Chr5_14292050.0,14292050,0.0002164051,0,,,,
5,Chr5_1016435.0,1016435,0.0002169082,1,AT5G03820,AT5G03820,AT5G03820,0.0
2,Chr2_6787742.0,6787742,0.0002169985,0,,,,
5,Chr5_18950436.0,18950436,0.0002173741,0,,,,
2,Chr2_17261202.0,17261202,0.0002174238,0,,,,
2,Chr2_17261256.0,17261256,0.0002174238,0,,,,
2,Chr2_17261285.0,17261285,0.0002174238,0,,,,
2,Chr2_17261459.0,17261459,0.0002174238,0,,,,
2,Chr2_17261460.0,17261460,0.0002174238,0,,,,
2,Chr2_17261468.0,17261468,0.0002174238,0,,,,
5,Chr5_26900555.0,26900555,0.0002174769,0,,,,
4,Chr4_7032940.0,7032940,0.0002180229,0,,,,
1,Chr1_19308795.0,19308795,0.0002181287,0,,,,
1,Chr1_19308797.0,19308797,0.0002181287,0,,,,
4,Chr4_14902289.0,14902289,0.0002181521,0,,,,
2,Chr2_17108032.0,17108032,0.0002182431,0,,,,
4,Chr4_2221172.0,2221172,0.0002183815,0,,,,
2,Chr2_13799812.0,13799812,0.0002187399,1,AT2G32510,AT2G32510,AT2G32510,0.0
5,Chr5_10584598.0,10584598,0.0002193347,0,,,,
3,Chr3_16692931.0,16692931,0.0002194564,0,,,,
3,Chr3_11225236.0,11225236,0.0002199505,0,,,,
2,Chr2_4502045.0,4502045,0.0002200994,0,,,,
5,Chr5_9119655.0,9119655,0.0002202545,1,AT5G26110,AT5G26110,AT5G26110,0.0
1,Chr1_17384512.0,17384512,0.0002206761,0,,,,
5,Chr5_25437809.0,25437809,0.0002206932,0,,,,
5,Chr5_25437885.0,25437885,0.0002206932,0,,,,
4,Chr4_15707519.0,15707519,0.000220729,1,AT4G32551,AT4G32551,AT4G32551,0.0
4,Chr4_15708480.0,15708480,0.000220729,1,AT4G32551,AT4G32551,AT4G32551,0.0
4,Chr4_15708706.0,15708706,0.000220729,1,AT4G32551,AT4G32551,AT4G32551,0.0
4,Chr4_15708990.0,15708990,0.000220729,1,AT4G32551,AT4G32551,AT4G32551,0.0
4,Chr4_15709933.0,15709933,0.000220729,1,AT4G32551,AT4G32551,AT4G32551,0.0
4,Chr4_15711412.0,15711412,0.000220729,1,AT4G32551,AT4G32551,AT4G32551,0.0
4,Chr4_15713210.0,15713210,0.000220729,1,AT4G32551,AT4G32551,AT4G32551,0.0
4,Chr4_15713411.0,15713411,0.000220729,1,AT4G32551,AT4G32551,AT4G32551,0.0
4,Chr4_15713599.0,15713599,0.000220729,1,AT4G32551,AT4G32551,AT4G32551,0.0
4,Chr4_15714551.0,15714551,0.000220729,1,AT4G32560,AT4G32560,AT4G32560,0.0
4,Chr4_15714821.0,15714821,0.000220729,1,AT4G32560,AT4G32560,AT4G32560,0.0
4,Chr4_15714822.0,15714822,0.000220729,1,AT4G32560,AT4G32560,AT4G32560,0.0
4,Chr4_15715410.0,15715410,0.000220729,1,AT4G32560,AT4G32560,AT4G32560,0.0
4,Chr4_15715752.0,15715752,0.000220729,1,AT4G32560,AT4G32560,AT4G32560,0.0
4,Chr4_15716385.0,15716385,0.000220729,2,AT4G32560;AT4G32570,AT4G32560,AT4G32560,0.0
4,Chr4_15716907.0,15716907,0.000220729,1,AT4G32570,AT4G32570,AT4G32570,0.0
4,Chr4_15718218.0,15718218,0.000220729,1,AT4G32570,AT4G32570,AT4G32570,0.0
4,Chr4_15718499.0,15718499,0.000220729,1,AT4G32570,AT4G32570,AT4G32570,0.0
5,Chr5_266791.0,266791,0.0002208546,1,AT5G01720,AT5G01720,AT5G01720,0.0
1,Chr1_4748980.0,4748980,0.0002210686,1,AT1G13880,AT1G13880,AT1G13880,0.0
5,Chr5_2503479.0,2503479,0.0002210781,1,AT5G07830,AT5G07830,AT5G07830,0.0
2,Chr2_13785692.0,13785692,0.0002212566,0,,,,
1,Chr1_19302596.0,19302596,0.000221259,0,,,,
4,Chr4_9446248.0,9446248,0.0002213208,0,,,,
4,Chr4_9446330.0,9446330,0.0002213208,0,,,,
5,Chr5_13696975.0,13696975,0.00022145,0,,,,
4,Chr4_15718415.0,15718415,0.0002215123,1,AT4G32570,AT4G32570,AT4G32570,0.0
4,Chr4_749395.0,749395,0.0002216557,0,,,,
5,Chr5_11487342.0,11487342,0.0002221541,0,,,,
5,Chr5_17507540.0,17507540,0.0002221777,1,AT5G43570,AT5G43570,AT5G43570,0.0
4,Chr4_14912326.0,14912326,0.0002222095,0,,,,
2,Chr2_2934578.0,2934578,0.0002225304,0,,,,
1,Chr1_5517496.0,5517496,0.0002225984,1,AT1G16090,AT1G16090,AT1G16090,0.0
3,Chr3_15765546.0,15765546,0.0002228833,0,,,,
3,Chr3_9497856.0,9497856,0.0002228953,0,,,,
3,Chr3_9498204.0,9498204,0.0002228953,0,,,,
3,Chr3_9498907.0,9498907,0.0002228953,1,AT3G25960,AT3G25960,AT3G25960,0.0
1,Chr1_27302770.0,27302770,0.0002231158,0,,,,
1,Chr1_27302776.0,27302776,0.0002231158,0,,,,
1,Chr1_26608367.0,26608367,0.0002231436,0,,,,
2,Chr2_1465728.0,1465728,0.0002236327,0,,,,
1,Chr1_8419113.0,8419113,0.0002237415,0,,,,
4,Chr4_4367015.0,4367015,0.000224019,0,,,,
1,Chr1_18259046.0,18259046,0.0002240374,1,AT1G49340,AT1G49340,AT1G49340,0.0
3,Chr3_12436383.0,12436383,0.0002240523,0,,,,
5,Chr5_9083335.0,9083335,0.000224223,0,,,,
5,Chr5_9083564.0,9083564,0.000224223,0,,,,
5,Chr5_15672191.0,15672191,0.0002243664,0,,,,
5,Chr5_9055418.0,9055418,0.0002244508,0,,,,
4,Chr4_16827666.0,16827666,0.0002244898,0,,,,
5,Chr5_18697496.0,18697496,0.0002245746,1,AT5G46110,AT5G46110,AT5G46110,0.0
1,Chr1_11565341.0,11565341,0.000224591,0,,,,
2,Chr2_9232806.0,9232806,0.0002246145,0,,,,
2,Chr2_7924211.0,7924211,0.0002246173,0,,,,
5,Chr5_5847819.0,5847819,0.0002250364,0,,,,
2,Chr2_9097194.0,9097194,0.0002250757,1,AT2G21235,AT2G21235,AT2G21235,0.0
2,Chr2_1885147.0,1885147,0.0002250773,0,,,,
2,Chr2_1885463.0,1885463,0.0002250773,0,,,,
3,Chr3_22688096.0,22688096,0.0002251017,1,AT3G61300,AT3G61300,AT3G61300,0.0
2,Chr2_6092235.0,6092235,0.0002257249,0,,,,
1,Chr1_9373094.0,9373094,0.0002260861,0,,,,
1,Chr1_5563459.0,5563459,0.0002261709,1,AT1G16270,AT1G16270,AT1G16270,0.0
1,Chr1_5563922.0,5563922,0.0002261709,1,AT1G16270,AT1G16270,AT1G16270,0.0
1,Chr1_5572580.0,5572580,0.0002261709,1,AT1G16290,AT1G16290,AT1G16290,0.0
4,Chr4_15646341.0,15646341,0.0002262195,1,AT4G32410,AT4G32410,AT4G32410,0.0
1,Chr1_2166974.0,2166974,0.0002264301,0,,,,
4,Chr4_931976.0,931976,0.0002265124,1,AT4G02100,AT4G02100,AT4G02100,0.0
4,Chr4_9500282.0,9500282,0.0002265941,0,,,,
4,Chr4_9500283.0,9500283,0.0002265941,0,,,,
1,Chr1_4613068.0,4613068,0.000226679,1,AT1G13450,AT1G13450,AT1G13450,0.0
3,Chr3_14716649.0,14716649,0.0002269884,0,,,,
3,Chr3_14716650.0,14716650,0.0002269884,0,,,,
2,Chr2_8889938.0,8889938,0.0002273458,0,,,,
3,Chr3_16483302.0,16483302,0.0002274941,0,,,,
3,Chr3_16483616.0,16483616,0.0002274941,0,,,,
1,Chr1_4166555.0,4166555,0.000227916,0,,,,
5,Chr5_25663360.0,25663360,0.0002280003,0,,,,
5,Chr5_506069.0,506069,0.0002280711,1,AT5G02370,AT5G02370,AT5G02370,0.0
1,Chr1_27147166.0,27147166,0.0002281267,0,,,,
1,Chr1_4914293.0,4914293,0.0002281782,0,,,,
5,Chr5_11527344.0,11527344,0.0002285641,0,,,,
4,Chr4_771509.0,771509,0.0002286015,1,AT4G01800,AT4G01800,AT4G01800,0.0
3,Chr3_5359011.0,5359011,0.0002288095,1,AT3G15850,AT3G15850,AT3G15850,0.0
5,Chr5_13859297.0,13859297,0.0002291033,0,,,,
4,Chr4_1742832.0,1742832,0.0002292574,0,,,,
5,Chr5_11191187.0,11191187,0.0002293221,1,AT5G29560,AT5G29560,AT5G29560,0.0
4,Chr4_15197416.0,15197416,0.0002294081,0,,,,
5,Chr5_12142502.0,12142502,0.0002297461,0,,,,
2,Chr2_9076358.0,9076358,0.00022985,1,AT2G21187,AT2G21187,AT2G21187,0.0
2,Chr2_7704638.0,7704638,0.0002300225,1,AT2G17730,AT2G17730,AT2G17730,0.0
1,Chr1_13635433.0,13635433,0.0002302532,1,AT1G36272,AT1G36272,AT1G36272,0.0
4,Chr4_11405588.0,11405588,0.000230441,0,,,,
2,Chr2_7326166.0,7326166,0.0002310204,1,AT2G16900,AT2G16900,AT2G16900,0.0
5,Chr5_5644856.0,5644856,0.0002313615,1,AT5G17165,AT5G17165,AT5G17165,0.0
1,Chr1_9370179.0,9370179,0.0002315245,0,,,,
1,Chr1_9370199.0,9370199,0.0002315245,0,,,,
1,Chr1_9370329.0,9370329,0.0002315245,0,,,,
1,Chr1_9370360.0,9370360,0.0002315245,0,,,,
1,Chr1_9370380.0,9370380,0.0002315245,0,,,,
1,Chr1_9370438.0,9370438,0.0002315245,0,,,,
5,Chr5_13744951.0,13744951,0.0002316979,1,AT5G35560,AT5G35560,AT5G35560,0.0
1,Chr1_19197.0,19197,0.0002319305,0,,,,
1,Chr1_43877.0,43877,0.0002319305,0,,,,
3,Chr3_14743092.0,14743092,0.0002321049,0,,,,
3,Chr3_14743999.0,14743999,0.0002321049,0,,,,
4,Chr4_13113489.0,13113489,0.0002323811,0,,,,
5,Chr5_10937768.0,10937768,0.0002329534,0,,,,
1,Chr1_14227587.0,14227587,0.0002330863,0,,,,
2,Chr2_13329608.0,13329608,0.0002331844,1,AT2G31270,AT2G31270,AT2G31270,0.0
1,Chr1_16737020.0,16737020,0.0002333409,0,,,,
5,Chr5_13732809.0,13732809,0.0002335786,0,,,,
4,Chr4_10998407.0,10998407,0.0002336727,0,,,,
5,Chr5_18079990.0,18079990,0.0002336968,0,,,,
5,Chr5_11311845.0,11311845,0.0002338882,0,,,,
2,Chr2_11005318.0,11005318,0.0002339139,0,,,,
5,Chr5_15156406.0,15156406,0.0002339506,0,,,,
4,Chr4_1884058.0,1884058,0.0002339966,0,,,,
1,Chr1_8669289.0,8669289,0.0002342634,1,AT1G24460,AT1G24460,AT1G24460,0.0
3,Chr3_9791299.0,9791299,0.0002344273,0,,,,
2,Chr2_11016506.0,11016506,0.0002348094,0,,,,
1,Chr1_21229782.0,21229782,0.0002350961,0,,,,
2,Chr2_7054646.0,7054646,0.0002352958,0,,,,
2,Chr2_7054654.0,7054654,0.0002352958,0,,,,
2,Chr2_7054664.0,7054664,0.0002352958,0,,,,
2,Chr2_4325012.0,4325012,0.0002353483,0,,,,
2,Chr2_4331491.0,4331491,0.0002353483,0,,,,
1,Chr1_9879839.0,9879839,0.0002353982,0,,,,
5,Chr5_500209.0,500209,0.0002355692,0,,,,
2,Chr2_5165166.0,5165166,0.000235661,0,,,,
5,Chr5_15461097.0,15461097,0.0002357687,1,AT5G38610,AT5G38610,AT5G38610,0.0
1,Chr1_30314904.0,30314904,0.000235826,1,AT1G80650,AT1G80650,AT1G80650,0.0
4,Chr4_16480792.0,16480792,0.0002360817,0,,,,
4,Chr4_16482851.0,16482851,0.0002360817,1,AT4G34480,AT4G34480,AT4G34480,0.0
2,Chr2_7700821.0,7700821,0.000236392,0,,,,
1,Chr1_25172073.0,25172073,0.000237045,0,,,,
1,Chr1_25172187.0,25172187,0.000237045,0,,,,
1,Chr1_25173171.0,25173171,0.000237045,0,,,,
2,Chr2_7721707.0,7721707,0.0002373105,0,,,,
5,Chr5_9151508.0,9151508,0.0002373344,1,AT5G26180,AT5G26180,AT5G26180,0.0
5,Chr5_9151511.0,9151511,0.0002373344,1,AT5G26180,AT5G26180,AT5G26180,0.0
5,Chr5_9151618.0,9151618,0.0002373344,1,AT5G26180,AT5G26180,AT5G26180,0.0
5,Chr5_9153039.0,9153039,0.0002373344,1,AT5G26180,AT5G26180,AT5G26180,0.0
3,Chr3_9784531.0,9784531,0.000237405,0,,,,
3,Chr3_9785706.0,9785706,0.000237405,0,,,,
3,Chr3_9786041.0,9786041,0.000237405,0,,,,
3,Chr3_9786335.0,9786335,0.000237405,0,,,,
3,Chr3_9786747.0,9786747,0.000237405,0,,,,
3,Chr3_9787155.0,9787155,0.000237405,0,,,,
3,Chr3_9787297.0,9787297,0.000237405,0,,,,
3,Chr3_9787446.0,9787446,0.000237405,0,,,,
3,Chr3_9787729.0,9787729,0.000237405,1,AT3G26616,AT3G26616,AT3G26616,0.0
5,Chr5_25456877.0,25456877,0.0002375422,0,,,,
3,Chr3_12760014.0,12760014,0.000237769,0,,,,
4,Chr4_6688379.0,6688379,0.0002379042,0,,,,
1,Chr1_1044700.0,1044700,0.0002386709,0,,,,
1,Chr1_11920321.0,11920321,0.0002386882,0,,,,
1,Chr1_616356.0,616356,0.0002387491,0,,,,
1,Chr1_616469.0,616469,0.0002387491,0,,,,
1,Chr1_19921798.0,19921798,0.0002390535,1,AT1G53390,AT1G53390,AT1G53390,0.0
1,Chr1_19921951.0,19921951,0.0002390535,1,AT1G53390,AT1G53390,AT1G53390,0.0
1,Chr1_19922309.0,19922309,0.0002390535,1,AT1G53390,AT1G53390,AT1G53390,0.0
5,Chr5_19733348.0,19733348,0.0002390658,0,,,,
2,Chr2_2945985.0,2945985,0.0002391302,0,,,,
2,Chr2_7709617.0,7709617,0.000239641,1,AT2G17750,AT2G17750,AT2G17750,0.0
3,Chr3_9785296.0,9785296,0.0002398329,0,,,,
5,Chr5_8825420.0,8825420,0.0002399554,0,,,,
5,Chr5_2611939.0,2611939,0.0002404371,0,,,,
5,Chr5_9149738.0,9149738,0.0002404913,1,AT5G26180,AT5G26180,AT5G26180,0.0
5,Chr5_9149792.0,9149792,0.0002404913,1,AT5G26180,AT5G26180,AT5G26180,0.0
5,Chr5_9149886.0,9149886,0.0002404913,1,AT5G26180,AT5G26180,AT5G26180,0.0
5,Chr5_9150365.0,9150365,0.0002404913,1,AT5G26180,AT5G26180,AT5G26180,0.0
5,Chr5_9150807.0,9150807,0.0002404913,1,AT5G26180,AT5G26180,AT5G26180,0.0
5,Chr5_9150859.0,9150859,0.0002404913,1,AT5G26180,AT5G26180,AT5G26180,0.0
5,Chr5_9150864.0,9150864,0.0002404913,1,AT5G26180,AT5G26180,AT5G26180,0.0
5,Chr5_9150872.0,9150872,0.0002404913,1,AT5G26180,AT5G26180,AT5G26180,0.0
5,Chr5_9150877.0,9150877,0.0002404913,1,AT5G26180,AT5G26180,AT5G26180,0.0
5,Chr5_9150891.0,9150891,0.0002404913,1,AT5G26180,AT5G26180,AT5G26180,0.0
5,Chr5_9150970.0,9150970,0.0002404913,1,AT5G26180,AT5G26180,AT5G26180,0.0
5,Chr5_9151204.0,9151204,0.0002404913,1,AT5G26180,AT5G26180,AT5G26180,0.0
5,Chr5_9151404.0,9151404,0.0002404913,1,AT5G26180,AT5G26180,AT5G26180,0.0
1,Chr1_59590.0,59590,0.0002406027,0,,,,
1,Chr1_59612.0,59612,0.0002406027,0,,,,
3,Chr3_20389515.0,20389515,0.0002407048,1,AT3G55020,AT3G55020,AT3G55020,0.0
1,Chr1_1074912.0,1074912,0.0002408408,1,AT1G04130,AT1G04130,AT1G04130,0.0
4,Chr4_15376174.0,15376174,0.0002411472,1,AT4G31780,AT4G31780,AT4G31780,0.0
1,Chr1_3198254.0,3198254,0.0002422219,1,AT1G09840,AT1G09840,AT1G09840,0.0
3,Chr3_14873217.0,14873217,0.0002423163,0,,,,
4,Chr4_8788455.0,8788455,0.0002423201,0,,,,
2,Chr2_5523924.0,5523924,0.0002423804,0,,,,
2,Chr2_7889735.0,7889735,0.000242453,0,,,,
5,Chr5_11579399.0,11579399,0.0002425612,0,,,,
4,Chr4_6215662.0,6215662,0.0002426626,0,,,,
5,Chr5_13986503.0,13986503,0.0002429069,0,,,,
4,Chr4_18438096.0,18438096,0.0002429685,1,AT4G39745,AT4G39745,AT4G39745,0.0
4,Chr4_18438340.0,18438340,0.0002429685,1,AT4G39745,AT4G39745,AT4G39745,0.0
5,Chr5_9387058.0,9387058,0.0002430469,0,,,,
5,Chr5_18680779.0,18680779,0.0002433041,0,,,,
5,Chr5_9230934.0,9230934,0.0002436999,1,AT5G26300,AT5G26300,AT5G26300,0.0
1,Chr1_23571973.0,23571973,0.0002442324,0,,,,
5,Chr5_5298682.0,5298682,0.0002446409,1,AT5G16220,AT5G16220,AT5G16220,0.0
4,Chr4_16074607.0,16074607,0.0002446951,1,AT4G33380,AT4G33380,AT4G33380,0.0
4,Chr4_9890979.0,9890979,0.0002447669,0,,,,
2,Chr2_13375742.0,13375742,0.0002453352,0,,,,
4,Chr4_2009972.0,2009972,0.000245766,0,,,,
2,Chr2_13851316.0,13851316,0.0002457822,1,AT2G32650,AT2G32650,AT2G32650,0.0
3,Chr3_9112297.0,9112297,0.0002459868,1,AT3G25010,AT3G25010,AT3G25010,0.0
2,Chr2_2920376.0,2920376,0.0002460564,1,AT2G07042,AT2G07042,AT2G07042,0.0
3,Chr3_15554302.0,15554302,0.0002462378,0,,,,
3,Chr3_15556301.0,15556301,0.0002462378,0,,,,
3,Chr3_15556549.0,15556549,0.0002462378,0,,,,
3,Chr3_15558318.0,15558318,0.0002462378,0,,,,
4,Chr4_3541331.0,3541331,0.0002464157,0,,,,
2,Chr2_2178606.0,2178606,0.0002465067,0,,,,
2,Chr2_2314561.0,2314561,0.0002465968,0,,,,
1,Chr1_21913726.0,21913726,0.0002466204,0,,,,
3,Chr3_9786232.0,9786232,0.0002474309,0,,,,
3,Chr3_9786701.0,9786701,0.0002474309,0,,,,
3,Chr3_9786831.0,9786831,0.0002474309,0,,,,
5,Chr5_15114282.0,15114282,0.0002474998,0,,,,
2,Chr2_9234201.0,9234201,0.0002478753,0,,,,
1,Chr1_52424.0,52424,0.0002480022,1,AT1G01110,AT1G01110,AT1G01110,0.0
5,Chr5_11050912.0,11050912,0.0002482394,0,,,,
5,Chr5_18955700.0,18955700,0.0002484782,0,,,,
5,Chr5_13680500.0,13680500,0.0002485076,0,,,,
5,Chr5_13682767.0,13682767,0.0002485076,0,,,,
5,Chr5_13685443.0,13685443,0.0002485076,0,,,,
5,Chr5_13686137.0,13686137,0.0002485076,0,,,,
5,Chr5_13687290.0,13687290,0.0002485076,1,AT5G35475,AT5G35475,AT5G35475,0.0
5,Chr5_13690169.0,13690169,0.0002485076,1,AT5G35490,AT5G35490,AT5G35490,0.0
5,Chr5_13690931.0,13690931,0.0002485076,0,,,,
5,Chr5_13693628.0,13693628,0.0002485076,0,,,,
5,Chr5_13694065.0,13694065,0.0002485076,0,,,,
5,Chr5_13694445.0,13694445,0.0002485076,0,,,,
5,Chr5_13694830.0,13694830,0.0002485076,0,,,,
5,Chr5_13695546.0,13695546,0.0002485076,0,,,,
5,Chr5_13695748.0,13695748,0.0002485076,0,,,,
5,Chr5_13696058.0,13696058,0.0002485076,0,,,,
5,Chr5_13696409.0,13696409,0.0002485076,0,,,,
5,Chr5_13697892.0,13697892,0.0002485076,0,,,,
5,Chr5_13698681.0,13698681,0.0002485076,0,,,,
5,Chr5_13699491.0,13699491,0.0002485076,0,,,,
5,Chr5_13700261.0,13700261,0.0002485076,0,,,,
5,Chr5_13700420.0,13700420,0.0002485076,0,,,,
5,Chr5_13700547.0,13700547,0.0002485076,0,,,,
2,Chr2_9230020.0,9230020,0.0002489095,1,AT2G21550,AT2G21550,AT2G21550,0.0
4,Chr4_2027978.0,2027978,0.0002490657,1,AT4G04200,AT4G04200,AT4G04200,0.0
5,Chr5_15137016.0,15137016,0.0002492254,0,,,,
4,Chr4_6229402.0,6229402,0.0002495532,1,AT4G09930,AT4G09930,AT4G09930,0.0
5,Chr5_21668020.0,21668020,0.0002495663,1,AT5G53410,AT5G53410,AT5G53410,0.0
5,Chr5_21668063.0,21668063,0.0002495663,0,,,,
5,Chr5_21670179.0,21670179,0.0002495663,0,,,,
4,Chr4_4116675.0,4116675,0.000249726,0,,,,
5,Chr5_2611693.0,2611693,0.0002497993,0,,,,
5,Chr5_1233978.0,1233978,0.0002499338,1,AT5G04370,AT5G04370,AT5G04370,0.0
5,Chr5_11091151.0,11091151,0.000250021,0,,,,
3,Chr3_22481265.0,22481265,0.0002500694,0,,,,
5,Chr5_21039495.0,21039495,0.0002501329,0,,,,
1,Chr1_16593631.0,16593631,0.0002505091,0,,,,
5,Chr5_11480951.0,11480951,0.0002507211,0,,,,
3,Chr3_18543334.0,18543334,0.0002508841,0,,,,
5,Chr5_2560168.0,2560168,0.0002510034,0,,,,
2,Chr2_15594940.0,15594940,0.0002510904,1,AT2G37120,AT2G37120,AT2G37120,0.0
3,Chr3_17966941.0,17966941,0.0002524901,0,,,,
4,Chr4_5407909.0,5407909,0.000252612,0,,,,
3,Chr3_14976273.0,14976273,0.0002527718,0,,,,
2,Chr2_9236714.0,9236714,0.0002529502,1,AT2G21580,AT2G21580,AT2G21580,0.0
3,Chr3_15659449.0,15659449,0.000253041,1,AT3G43790,AT3G43790,AT3G43790,0.0
3,Chr3_15659458.0,15659458,0.000253041,1,AT3G43790,AT3G43790,AT3G43790,0.0
3,Chr3_15659461.0,15659461,0.000253041,1,AT3G43790,AT3G43790,AT3G43790,0.0
4,Chr4_17537246.0,17537246,0.0002532765,0,,,,
4,Chr4_2028066.0,2028066,0.0002534667,1,AT4G04200,AT4G04200,AT4G04200,0.0
4,Chr4_2028094.0,2028094,0.0002534667,1,AT4G04200,AT4G04200,AT4G04200,0.0
4,Chr4_2028095.0,2028095,0.0002534667,1,AT4G04200,AT4G04200,AT4G04200,0.0
4,Chr4_2028099.0,2028099,0.0002534667,1,AT4G04200,AT4G04200,AT4G04200,0.0
4,Chr4_2028111.0,2028111,0.0002534667,1,AT4G04200,AT4G04200,AT4G04200,0.0
4,Chr4_2028118.0,2028118,0.0002534667,1,AT4G04200,AT4G04200,AT4G04200,0.0
4,Chr4_2028125.0,2028125,0.0002534667,1,AT4G04200,AT4G04200,AT4G04200,0.0
4,Chr4_2028126.0,2028126,0.0002534667,1,AT4G04200,AT4G04200,AT4G04200,0.0
4,Chr4_2028134.0,2028134,0.0002534667,1,AT4G04200,AT4G04200,AT4G04200,0.0
4,Chr4_2028139.0,2028139,0.0002534667,1,AT4G04200,AT4G04200,AT4G04200,0.0
4,Chr4_2028156.0,2028156,0.0002534667,1,AT4G04200,AT4G04200,AT4G04200,0.0
4,Chr4_2028173.0,2028173,0.0002534667,1,AT4G04200,AT4G04200,AT4G04200,0.0
4,Chr4_2028197.0,2028197,0.0002534667,1,AT4G04200,AT4G04200,AT4G04200,0.0
5,Chr5_12466772.0,12466772,0.0002534741,0,,,,
4,Chr4_1761218.0,1761218,0.0002535485,0,,,,
1,Chr1_13771660.0,13771660,0.0002536029,0,,,,
5,Chr5_2495894.0,2495894,0.0002537294,1,AT5G07810,AT5G07810,AT5G07810,0.0
2,Chr2_888955.0,888955,0.0002537847,0,,,,
1,Chr1_1673925.0,1673925,0.0002541943,1,AT1G05610,AT1G05610,AT1G05610,0.0
2,Chr2_2307709.0,2307709,0.0002542833,0,,,,
2,Chr2_2214579.0,2214579,0.0002547377,1,AT2G05810,AT2G05810,AT2G05810,0.0
2,Chr2_2218774.0,2218774,0.0002547377,0,,,,
2,Chr2_2220175.0,2220175,0.0002547377,0,,,,
2,Chr2_2224829.0,2224829,0.0002547377,0,,,,
2,Chr2_2225479.0,2225479,0.0002547377,0,,,,
1,Chr1_11495130.0,11495130,0.0002552128,0,,,,
5,Chr5_5819971.0,5819971,0.00025543,1,AT5G17660,AT5G17660,AT5G17660,0.0
4,Chr4_13222473.0,13222473,0.0002557704,0,,,,
1,Chr1_13635513.0,13635513,0.0002558818,1,AT1G36272,AT1G36272,AT1G36272,0.0
2,Chr2_13375581.0,13375581,0.000255904,0,,,,
2,Chr2_13375583.0,13375583,0.000255904,0,,,,
1,Chr1_13033976.0,13033976,0.000256554,0,,,,
1,Chr1_13033977.0,13033977,0.000256554,0,,,,
1,Chr1_26211290.0,26211290,0.0002566997,0,,,,
5,Chr5_26865585.0,26865585,0.000256759,1,AT5G67340,AT5G67340,AT5G67340,0.0
3,Chr3_19634809.0,19634809,0.0002571163,1,AT3G52950,AT3G52950,AT3G52950,0.0
2,Chr2_6396249.0,6396249,0.0002572077,0,,,,
1,Chr1_1196533.0,1196533,0.0002576613,1,AT1G04425,AT1G04425,AT1G04425,0.0
2,Chr2_13382080.0,13382080,0.0002577398,1,AT2G31380,AT2G31380,AT2G31380,0.0
2,Chr2_13387557.0,13387557,0.0002577398,1,AT2G31400,AT2G31400,AT2G31400,0.0
2,Chr2_13389912.0,13389912,0.0002577398,1,AT2G31400,AT2G31400,AT2G31400,0.0
5,Chr5_10889623.0,10889623,0.0002584622,0,,,,
5,Chr5_11304097.0,11304097,0.0002584622,0,,,,
5,Chr5_11373789.0,11373789,0.0002584622,0,,,,
5,Chr5_11387739.0,11387739,0.0002584622,0,,,,
5,Chr5_11416870.0,11416870,0.0002584622,0,,,,
5,Chr5_11418711.0,11418711,0.0002584622,0,,,,
5,Chr5_11822308.0,11822308,0.0002584622,0,,,,
5,Chr5_11822494.0,11822494,0.0002584622,0,,,,
5,Chr5_11524809.0,11524809,0.0002585595,0,,,,
5,Chr5_11525810.0,11525810,0.0002585595,0,,,,
2,Chr2_14412426.0,14412426,0.000258568,1,AT2G34100,AT2G34100,AT2G34100,0.0
4,Chr4_2025995.0,2025995,0.0002593293,1,AT4G04190,AT4G04190,AT4G04190,0.0
4,Chr4_2026005.0,2026005,0.0002593293,1,AT4G04190,AT4G04190,AT4G04190,0.0
4,Chr4_2026017.0,2026017,0.0002593293,1,AT4G04190,AT4G04190,AT4G04190,0.0
4,Chr4_2026034.0,2026034,0.0002593293,1,AT4G04190,AT4G04190,AT4G04190,0.0
4,Chr4_2026045.0,2026045,0.0002593293,1,AT4G04190,AT4G04190,AT4G04190,0.0
4,Chr4_2026090.0,2026090,0.0002593293,1,AT4G04190,AT4G04190,AT4G04190,0.0
5,Chr5_18877220.0,18877220,0.0002593332,1,AT5G46540,AT5G46540,AT5G46540,0.0
5,Chr5_533787.0,533787,0.000259639,1,AT5G02450,AT5G02450,AT5G02450,0.0
5,Chr5_534218.0,534218,0.000259639,1,AT5G02450,AT5G02450,AT5G02450,0.0
5,Chr5_537438.0,537438,0.000259639,0,,,,
5,Chr5_9248885.0,9248885,0.0002597469,0,,,,
1,Chr1_5045557.0,5045557,0.0002600106,0,,,,
5,Chr5_9442227.0,9442227,0.0002600967,0,,,,
3,Chr3_9789749.0,9789749,0.0002601348,1,AT3G26618,AT3G26618,AT3G26618,0.0
5,Chr5_9122287.0,9122287,0.0002602109,1,AT5G26120,AT5G26120,AT5G26120,0.0
1,Chr1_13108645.0,13108645,0.0002603711,1,AT1G35540,AT1G35540,AT1G35540,0.0
1,Chr1_13110676.0,13110676,0.0002603711,2,AT1G35540;AT1G35545,AT1G35540,AT1G35540,0.0
1,Chr1_13111682.0,13111682,0.0002603711,2,AT1G35540;AT1G35545,AT1G35540,AT1G35540,0.0
2,Chr2_12918922.0,12918922,0.0002605253,0,,,,
5,Chr5_243296.0,243296,0.0002614272,1,AT5G01650,AT5G01650,AT5G01650,0.0
5,Chr5_246090.0,246090,0.0002614272,1,AT5G01660,AT5G01660,AT5G01660,0.0
5,Chr5_247161.0,247161,0.0002614272,1,AT5G01660,AT5G01660,AT5G01660,0.0
3,Chr3_15508624.0,15508624,0.0002616557,0,,,,
5,Chr5_305039.0,305039,0.0002623739,1,AT5G01790,AT5G01790,AT5G01790,0.0
4,Chr4_4365881.0,4365881,0.0002623997,0,,,,
1,Chr1_25998266.0,25998266,0.0002630446,0,,,,
1,Chr1_13034264.0,13034264,0.0002632172,0,,,,
1,Chr1_13034281.0,13034281,0.0002632172,0,,,,
1,Chr1_13034302.0,13034302,0.0002632172,0,,,,
1,Chr1_13034347.0,13034347,0.0002632172,0,,,,
4,Chr4_13038618.0,13038618,0.0002635728,1,AT4G25530,AT4G25530,AT4G25530,0.0
4,Chr4_2028524.0,2028524,0.0002639642,1,AT4G04200,AT4G04200,AT4G04200,0.0
2,Chr2_963599.0,963599,0.000264357,0,,,,
4,Chr4_14907503.0,14907503,0.0002644713,1,AT4G30510,AT4G30510,AT4G30510,0.0
2,Chr2_590066.0,590066,0.0002647945,0,,,,
3,Chr3_3499575.0,3499575,0.0002648842,0,,,,
2,Chr2_4336153.0,4336153,0.0002650909,0,,,,
2,Chr2_1607096.0,1607096,0.000265151,0,,,,
2,Chr2_1607549.0,1607549,0.000265151,0,,,,
4,Chr4_10752851.0,10752851,0.0002651779,0,,,,
1,Chr1_17286523.0,17286523,0.0002654137,0,,,,
3,Chr3_1488281.0,1488281,0.0002655308,0,,,,
1,Chr1_12071365.0,12071365,0.000265567,0,,,,
5,Chr5_18948494.0,18948494,0.0002660568,0,,,,
2,Chr2_72785.0,72785,0.000266417,0,,,,
1,Chr1_4162717.0,4162717,0.0002665256,0,,,,
3,Chr3_18932491.0,18932491,0.0002668036,0,,,,
1,Chr1_4116345.0,4116345,0.0002668565,1,AT1G12120,AT1G12120,AT1G12120,0.0
3,Chr3_17021310.0,17021310,0.0002670706,1,AT3G46330,AT3G46330,AT3G46330,0.0
3,Chr3_4647079.0,4647079,0.0002671109,1,AT3G14030,AT3G14030,AT3G14030,0.0
1,Chr1_3990318.0,3990318,0.0002671883,1,AT1G11810,AT1G11810,AT1G11810,0.0
1,Chr1_13078968.0,13078968,0.0002676492,2,AT1G35515;AT1G35516,AT1G35515,AT1G35515,0.0
3,Chr3_4179916.0,4179916,0.0002679182,0,,,,
3,Chr3_4647098.0,4647098,0.000268062,1,AT3G14030,AT3G14030,AT3G14030,0.0
1,Chr1_13034003.0,13034003,0.0002681834,0,,,,
1,Chr1_8223795.0,8223795,0.0002682064,1,AT1G23190,AT1G23190,AT1G23190,0.0
1,Chr1_8224009.0,8224009,0.0002682064,1,AT1G23190,AT1G23190,AT1G23190,0.0
4,Chr4_9199759.0,9199759,0.0002682211,0,,,,
5,Chr5_9445794.0,9445794,0.0002682215,1,AT5G26850,AT5G26850,AT5G26850,0.0
1,Chr1_29782734.0,29782734,0.00026827,0,,,,
3,Chr3_9784504.0,9784504,0.0002684083,0,,,,
5,Chr5_25569083.0,25569083,0.0002688925,1,AT5G63900,AT5G63900,AT5G63900,0.0
2,Chr2_9116112.0,9116112,0.0002690658,1,AT2G21300,AT2G21300,AT2G21300,0.0
3,Chr3_7943102.0,7943102,0.0002696617,0,,,,
1,Chr1_29303994.0,29303994,0.0002697228,1,AT1G77940,AT1G77940,AT1G77940,0.0
2,Chr2_2934042.0,2934042,0.0002697416,0,,,,
2,Chr2_2934124.0,2934124,0.0002697416,0,,,,
1,Chr1_4738910.0,4738910,0.0002698882,0,,,,
1,Chr1_4240580.0,4240580,0.0002704277,0,,,,
4,Chr4_17590570.0,17590570,0.0002707666,0,,,,
5,Chr5_21174140.0,21174140,0.0002712124,0,,,,
5,Chr5_21174141.0,21174141,0.0002712124,0,,,,
1,Chr1_1162151.0,1162151,0.0002713684,0,,,,
1,Chr1_12666560.0,12666560,0.0002718419,0,,,,
1,Chr1_8193965.0,8193965,0.0002720067,0,,,,
1,Chr1_8197546.0,8197546,0.0002720067,1,AT1G23110,AT1G23110,AT1G23110,0.0
1,Chr1_8198035.0,8198035,0.0002720067,1,AT1G23110,AT1G23110,AT1G23110,0.0
1,Chr1_8198094.0,8198094,0.0002720067,1,AT1G23110,AT1G23110,AT1G23110,0.0
1,Chr1_8199278.0,8199278,0.0002720067,1,AT1G23120,AT1G23120,AT1G23120,0.0
1,Chr1_8199744.0,8199744,0.0002720067,0,,,,
1,Chr1_8201107.0,8201107,0.0002720067,1,AT1G23130,AT1G23130,AT1G23130,0.0
1,Chr1_8204018.0,8204018,0.0002720067,1,AT1G23145,AT1G23145,AT1G23145,0.0
1,Chr1_8214401.0,8214401,0.0002720067,1,AT1G23170,AT1G23170,AT1G23170,0.0
1,Chr1_8216075.0,8216075,0.0002720067,1,AT1G23180,AT1G23180,AT1G23180,0.0
1,Chr1_8229403.0,8229403,0.0002720067,1,AT1G23200,AT1G23200,AT1G23200,0.0
1,Chr1_8231084.0,8231084,0.0002720067,0,,,,
1,Chr1_8232974.0,8232974,0.0002720067,0,,,,
1,Chr1_8233490.0,8233490,0.0002720067,0,,,,
1,Chr1_8237200.0,8237200,0.0002720067,0,,,,
1,Chr1_8237500.0,8237500,0.0002720067,0,,,,
1,Chr1_8263467.0,8263467,0.0002720067,1,AT1G23290,AT1G23290,AT1G23290,0.0
2,Chr2_13620260.0,13620260,0.0002721299,1,AT2G32000,AT2G32000,AT2G32000,0.0
3,Chr3_15583460.0,15583460,0.0002721608,0,,,,
1,Chr1_7837309.0,7837309,0.0002721616,0,,,,
5,Chr5_13859213.0,13859213,0.0002721981,0,,,,
1,Chr1_16833411.0,16833411,0.0002723948,1,AT1G44318,AT1G44318,AT1G44318,0.0
5,Chr5_10935440.0,10935440,0.0002725629,0,,,,
5,Chr5_10941082.0,10941082,0.0002725629,2,AT5G28919;AT5G28920,AT5G28919,AT5G28919,0.0
5,Chr5_10943380.0,10943380,0.0002725629,0,,,,
5,Chr5_10954317.0,10954317,0.0002725629,0,,,,
5,Chr5_10960158.0,10960158,0.0002725629,0,,,,
5,Chr5_10962315.0,10962315,0.0002725629,0,,,,
5,Chr5_10976025.0,10976025,0.0002725629,0,,,,
5,Chr5_10980658.0,10980658,0.0002725629,0,,,,
5,Chr5_10982339.0,10982339,0.0002725629,0,,,,
5,Chr5_10988283.0,10988283,0.0002725629,0,,,,
5,Chr5_10988947.0,10988947,0.0002725629,0,,,,
5,Chr5_10989141.0,10989141,0.0002725629,0,,,,
5,Chr5_10989670.0,10989670,0.0002725629,0,,,,
5,Chr5_10993113.0,10993113,0.0002725629,1,AT5G28950,AT5G28950,AT5G28950,0.0
5,Chr5_10995465.0,10995465,0.0002725629,0,,,,
5,Chr5_10995859.0,10995859,0.0002725629,0,,,,
5,Chr5_25525158.0,25525158,0.0002726192,1,AT5G63780,AT5G63780,AT5G63780,0.0
3,Chr3_12539619.0,12539619,0.0002728705,0,,,,
2,Chr2_609179.0,609179,0.0002734772,1,AT2G02310,AT2G02310,AT2G02310,0.0
1,Chr1_19810100.0,19810100,0.0002735225,0,,,,
4,Chr4_5386871.0,5386871,0.0002736409,1,AT4G08470,AT4G08470,AT4G08470,0.0
4,Chr4_5386905.0,5386905,0.0002736409,1,AT4G08470,AT4G08470,AT4G08470,0.0
5,Chr5_9806821.0,9806821,0.0002737418,0,,,,
2,Chr2_7113227.0,7113227,0.0002737829,0,,,,
2,Chr2_16692838.0,16692838,0.0002739424,0,,,,
2,Chr2_16692839.0,16692839,0.0002739424,0,,,,
3,Chr3_14861626.0,14861626,0.0002739498,0,,,,
3,Chr3_14861635.0,14861635,0.0002739498,0,,,,
4,Chr4_13120254.0,13120254,0.0002739572,0,,,,
3,Chr3_15631920.0,15631920,0.0002740625,0,,,,
3,Chr3_15631994.0,15631994,0.0002740625,0,,,,
3,Chr3_15632066.0,15632066,0.0002740625,0,,,,
3,Chr3_15632153.0,15632153,0.0002740625,0,,,,
2,Chr2_10880788.0,10880788,0.0002741908,1,AT2G25560,AT2G25560,AT2G25560,0.0
5,Chr5_9869679.0,9869679,0.0002743307,0,,,,
4,Chr4_2377521.0,2377521,0.0002743361,0,,,,
5,Chr5_24383326.0,24383326,0.0002746525,0,,,,
5,Chr5_24385953.0,24385953,0.0002746525,0,,,,
5,Chr5_24387952.0,24387952,0.0002746525,0,,,,
4,Chr4_14912320.0,14912320,0.0002747393,0,,,,
1,Chr1_25929735.0,25929735,0.0002748673,0,,,,
2,Chr2_2187830.0,2187830,0.0002753517,0,,,,
5,Chr5_14012008.0,14012008,0.0002753653,0,,,,
1,Chr1_18297808.0,18297808,0.0002757055,0,,,,
1,Chr1_18297812.0,18297812,0.0002757055,0,,,,
1,Chr1_27307346.0,27307346,0.0002758217,0,,,,
1,Chr1_13336548.0,13336548,0.0002759889,0,,,,
5,Chr5_3346662.0,3346662,0.0002761445,0,,,,
1,Chr1_11928112.0,11928112,0.0002771217,0,,,,
1,Chr1_11928113.0,11928113,0.0002771217,0,,,,
1,Chr1_11928117.0,11928117,0.0002771217,0,,,,
1,Chr1_11928124.0,11928124,0.0002771217,0,,,,
1,Chr1_11928128.0,11928128,0.0002771217,0,,,,
1,Chr1_11928129.0,11928129,0.0002771217,0,,,,
1,Chr1_11928130.0,11928130,0.0002771217,0,,,,
1,Chr1_11928132.0,11928132,0.0002771217,0,,,,
3,Chr3_20381124.0,20381124,0.0002771417,0,,,,
2,Chr2_11003410.0,11003410,0.0002771444,1,AT2G25790,AT2G25790,AT2G25790,0.0
3,Chr3_1731916.0,1731916,0.0002772956,1,AT3G05810,AT3G05810,AT3G05810,0.0
4,Chr4_10155148.0,10155148,0.0002773834,1,AT4G18375,AT4G18375,AT4G18375,0.0
2,Chr2_13843215.0,13843215,0.0002774076,1,AT2G32620,AT2G32620,AT2G32620,0.0
2,Chr2_13843216.0,13843216,0.0002774076,1,AT2G32620,AT2G32620,AT2G32620,0.0
2,Chr2_235477.0,235477,0.0002776123,0,,,,
1,Chr1_27482014.0,27482014,0.0002777896,1,AT1G73066,AT1G73066,AT1G73066,0.0
1,Chr1_27485313.0,27485313,0.0002777896,1,AT1G73080,AT1G73080,AT1G73080,0.0
1,Chr1_27491538.0,27491538,0.0002777896,1,AT1G73100,AT1G73100,AT1G73100,0.0
5,Chr5_26865737.0,26865737,0.0002779242,1,AT5G67340,AT5G67340,AT5G67340,0.0
2,Chr2_7054579.0,7054579,0.0002780819,0,,,,
2,Chr2_7054598.0,7054598,0.0002780819,0,,,,
2,Chr2_7054607.0,7054607,0.0002780819,0,,,,
2,Chr2_7054608.0,7054608,0.0002780819,0,,,,
4,Chr4_2001427.0,2001427,0.0002782042,0,,,,
4,Chr4_32514.0,32514,0.0002783421,0,,,,
5,Chr5_25507198.0,25507198,0.0002783748,1,AT5G63720,AT5G63720,AT5G63720,0.0
5,Chr5_26839842.0,26839842,0.0002784603,0,,,,
5,Chr5_26852500.0,26852500,0.0002784603,0,,,,
1,Chr1_26292789.0,26292789,0.0002787538,1,AT1G69830,AT1G69830,AT1G69830,0.0
5,Chr5_11557333.0,11557333,0.0002790923,0,,,,
5,Chr5_11561628.0,11561628,0.0002790923,0,,,,
1,Chr1_8852708.0,8852708,0.0002793161,0,,,,
3,Chr3_18889573.0,18889573,0.0002797169,1,AT3G50810,AT3G50810,AT3G50810,0.0
3,Chr3_15505466.0,15505466,0.0002797439,0,,,,
1,Chr1_8140486.0,8140486,0.0002799227,0,,,,
1,Chr1_6860774.0,6860774,0.0002800163,0,,,,
4,Chr4_15717950.0,15717950,0.0002802957,1,AT4G32570,AT4G32570,AT4G32570,0.0
2,Chr2_9448950.0,9448950,0.0002803279,0,,,,
2,Chr2_1448607.0,1448607,0.000280737,1,AT2G04230,AT2G04230,AT2G04230,0.0
2,Chr2_1448970.0,1448970,0.000280737,1,AT2G04230,AT2G04230,AT2G04230,0.0
3,Chr3_15345713.0,15345713,0.0002808123,0,,,,
1,Chr1_7842601.0,7842601,0.0002809901,1,AT1G22210,AT1G22210,AT1G22210,0.0
4,Chr4_1980658.0,1980658,0.0002811661,0,,,,
1,Chr1_13634863.0,13634863,0.0002812945,0,,,,
4,Chr4_17633251.0,17633251,0.0002813949,0,,,,
1,Chr1_16800551.0,16800551,0.0002816788,0,,,,
2,Chr2_7169075.0,7169075,0.0002818199,0,,,,
3,Chr3_12153678.0,12153678,0.000281836,0,,,,
3,Chr3_14059111.0,14059111,0.0002818793,0,,,,
5,Chr5_14755225.0,14755225,0.000281956,0,,,,
2,Chr2_9486229.0,9486229,0.000282007,0,,,,
3,Chr3_20495465.0,20495465,0.0002820716,0,,,,
3,Chr3_14065437.0,14065437,0.0002821905,0,,,,
3,Chr3_15561211.0,15561211,0.0002821959,0,,,,
3,Chr3_15561277.0,15561277,0.0002821959,0,,,,
4,Chr4_13084322.0,13084322,0.0002821964,1,AT4G25660,AT4G25660,AT4G25660,0.0
4,Chr4_7345361.0,7345361,0.0002824962,0,,,,
2,Chr2_4322619.0,4322619,0.0002827218,0,,,,
2,Chr2_5149690.0,5149690,0.0002828429,0,,,,
1,Chr1_51716.0,51716,0.0002828765,0,,,,
1,Chr1_16843578.0,16843578,0.0002830288,0,,,,
3,Chr3_6587958.0,6587958,0.0002834477,1,AT3G19050,AT3G19050,AT3G19050,0.0
5,Chr5_13883250.0,13883250,0.0002836309,0,,,,
4,Chr4_6215586.0,6215586,0.000283847,0,,,,
1,Chr1_29962396.0,29962396,0.0002841326,0,,,,
5,Chr5_11552071.0,11552071,0.000284301,0,,,,
2,Chr2_11056376.0,11056376,0.0002843515,0,,,,
5,Chr5_13747897.0,13747897,0.0002844041,1,AT5G35560,AT5G35560,AT5G35560,0.0
5,Chr5_13749178.0,13749178,0.0002844041,0,,,,
5,Chr5_13749428.0,13749428,0.0002844041,0,,,,
5,Chr5_13749466.0,13749466,0.0002844041,0,,,,
5,Chr5_13749625.0,13749625,0.0002844041,0,,,,
5,Chr5_13751554.0,13751554,0.0002844041,1,AT5G35570,AT5G35570,AT5G35570,0.0
5,Chr5_13754810.0,13754810,0.0002845368,0,,,,
5,Chr5_13765048.0,13765048,0.0002845368,0,,,,
4,Chr4_13198666.0,13198666,0.0002845566,1,AT4G26000,AT4G26000,AT4G26000,0.0
4,Chr4_13199324.0,13199324,0.0002845566,1,AT4G26000,AT4G26000,AT4G26000,0.0
4,Chr4_13203304.0,13203304,0.0002845566,1,AT4G26020,AT4G26020,AT4G26020,0.0
4,Chr4_13204014.0,13204014,0.0002845566,1,AT4G26020,AT4G26020,AT4G26020,0.0
1,Chr1_4232055.0,4232055,0.0002845619,0,,,,
5,Chr5_9146533.0,9146533,0.0002847111,0,,,,
3,Chr3_17109255.0,17109255,0.0002848122,0,,,,
5,Chr5_2560493.0,2560493,0.0002853592,1,AT5G07990,AT5G07990,AT5G07990,0.0
4,Chr4_2010213.0,2010213,0.0002858563,0,,,,
3,Chr3_17899384.0,17899384,0.0002859535,0,,,,
2,Chr2_5011860.0,5011860,0.000285998,0,,,,
5,Chr5_8312124.0,8312124,0.0002860003,0,,,,
5,Chr5_13120676.0,13120676,0.0002860343,0,,,,
5,Chr5_13121482.0,13121482,0.0002860343,0,,,,
4,Chr4_4285783.0,4285783,0.0002863854,0,,,,
4,Chr4_1982450.0,1982450,0.000286633,0,,,,
5,Chr5_14755254.0,14755254,0.0002871978,0,,,,
2,Chr2_5221762.0,5221762,0.0002874205,0,,,,
3,Chr3_15430609.0,15430609,0.0002882932,0,,,,
2,Chr2_613787.0,613787,0.0002884213,0,,,,
1,Chr1_4307009.0,4307009,0.0002884421,1,AT1G12650,AT1G12650,AT1G12650,0.0
2,Chr2_4286379.0,4286379,0.0002884442,0,,,,
1,Chr1_4337681.0,4337681,0.0002887899,1,AT1G12730,AT1G12730,AT1G12730,0.0
1,Chr1_22104151.0,22104151,0.0002890641,0,,,,
1,Chr1_4738660.0,4738660,0.0002892042,0,,,,
2,Chr2_7326244.0,7326244,0.0002893902,0,,,,
4,Chr4_10344986.0,10344986,0.000289458,1,AT4G18860,AT4G18860,AT4G18860,0.0
3,Chr3_15483988.0,15483988,0.0002895033,0,,,,
3,Chr3_15490445.0,15490445,0.0002895033,0,,,,
3,Chr3_15510451.0,15510451,0.0002895033,1,AT3G43590,AT3G43590,AT3G43590,0.0
2,Chr2_13856233.0,13856233,0.0002897839,0,,,,
5,Chr5_17460357.0,17460357,0.0002901983,1,AT5G43460,AT5G43460,AT5G43460,0.0
2,Chr2_9228580.0,9228580,0.0002904097,1,AT2G21550,AT2G21550,AT2G21550,0.0
4,Chr4_9285440.0,9285440,0.0002906623,1,AT4G16460,AT4G16460,AT4G16460,0.0
5,Chr5_8214675.0,8214675,0.0002907284,1,AT5G24206,AT5G24206,AT5G24206,0.0
2,Chr2_2307999.0,2307999,0.0002908384,0,,,,
2,Chr2_13594846.0,13594846,0.0002910474,1,AT2G31960,AT2G31960,AT2G31960,0.0
5,Chr5_24530278.0,24530278,0.0002912297,0,,,,
2,Chr2_7729938.0,7729938,0.0002912338,0,,,,
2,Chr2_5132153.0,5132153,0.0002912943,0,,,,
2,Chr2_6937962.0,6937962,0.0002917271,0,,,,
1,Chr1_4613819.0,4613819,0.0002918632,1,AT1G13450,AT1G13450,AT1G13450,0.0
3,Chr3_16092997.0,16092997,0.0002918836,1,AT3G44480,AT3G44480,AT3G44480,0.0
2,Chr2_15004243.0,15004243,0.0002919494,0,,,,
4,Chr4_2087172.0,2087172,0.0002921263,0,,,,
4,Chr4_2087334.0,2087334,0.0002921263,0,,,,
4,Chr4_2103270.0,2103270,0.0002921263,0,,,,
4,Chr4_2103460.0,2103460,0.0002921263,0,,,,
4,Chr4_2103462.0,2103462,0.0002921263,0,,,,
4,Chr4_2103709.0,2103709,0.0002921263,0,,,,
3,Chr3_18861155.0,18861155,0.0002925149,0,,,,
4,Chr4_15716793.0,15716793,0.0002927204,1,AT4G32570,AT4G32570,AT4G32570,0.0
4,Chr4_15716794.0,15716794,0.0002927204,1,AT4G32570,AT4G32570,AT4G32570,0.0
4,Chr4_7344645.0,7344645,0.0002930128,0,,,,
1,Chr1_12071397.0,12071397,0.0002932583,0,,,,
1,Chr1_4092246.0,4092246,0.0002933126,0,,,,
4,Chr4_5583712.0,5583712,0.000293497,0,,,,
3,Chr3_8066662.0,8066662,0.0002935817,0,,,,
3,Chr3_8066781.0,8066781,0.0002935817,0,,,,
2,Chr2_11053377.0,11053377,0.0002936981,0,,,,
5,Chr5_2445230.0,2445230,0.0002937512,0,,,,
3,Chr3_15621451.0,15621451,0.0002939396,0,,,,
2,Chr2_7723615.0,7723615,0.0002943171,1,AT2G17770,AT2G17770,AT2G17770,0.0
5,Chr5_26717013.0,26717013,0.0002945798,1,AT5G66900,AT5G66900,AT5G66900,0.0
1,Chr1_3242827.0,3242827,0.0002945885,0,,,,
2,Chr2_6953961.0,6953961,0.0002949859,0,,,,
3,Chr3_10030262.0,10030262,0.0002953136,0,,,,
1,Chr1_9129478.0,9129478,0.0002954444,0,,,,
1,Chr1_16429565.0,16429565,0.0002957287,1,AT1G43620,AT1G43620,AT1G43620,0.0
3,Chr3_4645011.0,4645011,0.0002961444,0,,,,
3,Chr3_4645012.0,4645012,0.0002961444,0,,,,
4,Chr4_6866533.0,6866533,0.0002963701,0,,,,
3,Chr3_15426365.0,15426365,0.0002965627,0,,,,
4,Chr4_2059233.0,2059233,0.0002965803,0,,,,
4,Chr4_2059245.0,2059245,0.0002965803,0,,,,
4,Chr4_2059247.0,2059247,0.0002965803,0,,,,
4,Chr4_2059254.0,2059254,0.0002965803,0,,,,
4,Chr4_2059263.0,2059263,0.0002965803,0,,,,
4,Chr4_2059270.0,2059270,0.0002965803,0,,,,
4,Chr4_2059272.0,2059272,0.0002965803,0,,,,
2,Chr2_905410.0,905410,0.000297091,0,,,,
4,Chr4_13194994.0,13194994,0.0002971042,0,,,,
1,Chr1_17429853.0,17429853,0.0002971754,0,,,,
1,Chr1_17438441.0,17438441,0.0002971754,0,,,,
1,Chr1_17439126.0,17439126,0.0002971754,0,,,,
1,Chr1_17441663.0,17441663,0.0002971754,0,,,,
1,Chr1_17444271.0,17444271,0.0002971754,0,,,,
1,Chr1_17446225.0,17446225,0.0002971754,0,,,,
1,Chr1_17446306.0,17446306,0.0002971754,0,,,,
1,Chr1_17446707.0,17446707,0.0002971754,0,,,,
4,Chr4_959830.0,959830,0.0002974255,0,,,,
5,Chr5_15135489.0,15135489,0.0002974635,1,AT5G37990,AT5G37990,AT5G37990,0.0
5,Chr5_26563400.0,26563400,0.0002976595,0,,,,
3,Chr3_21134181.0,21134181,0.0002976622,1,AT3G57100,AT3G57100,AT3G57100,0.0
2,Chr2_9519180.0,9519180,0.0002980042,0,,,,
1,Chr1_4311381.0,4311381,0.0002982699,1,AT1G12663,AT1G12663,AT1G12663,0.0
5,Chr5_18948796.0,18948796,0.000298438,0,,,,
1,Chr1_19704100.0,19704100,0.0002988078,0,,,,
1,Chr1_19704781.0,19704781,0.0002988078,0,,,,
5,Chr5_9055280.0,9055280,0.000298931,0,,,,
5,Chr5_13891577.0,13891577,0.0002989893,0,,,,
5,Chr5_18151238.0,18151238,0.0002992805,0,,,,
4,Chr4_10973253.0,10973253,0.0002996683,0,,,,
2,Chr2_5920322.0,5920322,0.0003002219,0,,,,
5,Chr5_11975858.0,11975858,0.0003002918,0,,,,
2,Chr2_11016517.0,11016517,0.0003003547,0,,,,
1,Chr1_12286612.0,12286612,0.0003010614,0,,,,
4,Chr4_4268122.0,4268122,0.0003010639,0,,,,
4,Chr4_16758327.0,16758327,0.000301438,0,,,,
3,Chr3_3119966.0,3119966,0.0003015294,0,,,,
1,Chr1_6404828.0,6404828,0.0003017418,0,,,,
1,Chr1_13205194.0,13205194,0.0003018179,0,,,,
1,Chr1_26618164.0,26618164,0.0003020965,0,,,,
4,Chr4_17079942.0,17079942,0.0003022045,1,AT4G36090,AT4G36090,AT4G36090,0.0
4,Chr4_17084701.0,17084701,0.0003022045,1,AT4G36105,AT4G36105,AT4G36105,0.0
4,Chr4_17084783.0,17084783,0.0003022045,1,AT4G36105,AT4G36105,AT4G36105,0.0
4,Chr4_17086521.0,17086521,0.0003022045,0,,,,
5,Chr5_6809942.0,6809942,0.0003022869,1,AT5G20170,AT5G20170,AT5G20170,0.0
5,Chr5_25031210.0,25031210,0.0003024244,0,,,,
3,Chr3_20778514.0,20778514,0.000302674,1,AT3G55980,AT3G55980,AT3G55980,0.0
3,Chr3_20778883.0,20778883,0.000302674,0,,,,
3,Chr3_21131224.0,21131224,0.0003028495,0,,,,
5,Chr5_22332482.0,22332482,0.0003031814,0,,,,
5,Chr5_3369462.0,3369462,0.000303189,0,,,,
3,Chr3_9786207.0,9786207,0.0003035668,0,,,,
1,Chr1_15631885.0,15631885,0.0003036787,0,,,,
1,Chr1_576834.0,576834,0.0003043548,1,AT1G02670,AT1G02670,AT1G02670,0.0
5,Chr5_11408895.0,11408895,0.0003051192,0,,,,
5,Chr5_11409501.0,11409501,0.0003051192,0,,,,
5,Chr5_11409731.0,11409731,0.0003051192,0,,,,
1,Chr1_19539984.0,19539984,0.0003051618,1,AT1G52440,AT1G52440,AT1G52440,0.0
1,Chr1_19539986.0,19539986,0.0003051618,1,AT1G52440,AT1G52440,AT1G52440,0.0
1,Chr1_12133226.0,12133226,0.0003052469,0,,,,
2,Chr2_6778927.0,6778927,0.0003052681,0,,,,
3,Chr3_18357181.0,18357181,0.000305582,0,,,,
4,Chr4_7632630.0,7632630,0.0003056056,1,AT4G13090,AT4G13090,AT4G13090,0.0
1,Chr1_13034078.0,13034078,0.0003060294,0,,,,
2,Chr2_1884959.0,1884959,0.0003061032,0,,,,
1,Chr1_25408676.0,25408676,0.0003063499,1,AT1G67770,AT1G67770,AT1G67770,0.0
1,Chr1_5507328.0,5507328,0.000306393,0,,,,
5,Chr5_11220777.0,11220777,0.0003066259,0,,,,
4,Chr4_2313366.0,2313366,0.000306645,0,,,,
1,Chr1_26289634.0,26289634,0.00030667,1,AT1G69830,AT1G69830,AT1G69830,0.0
5,Chr5_466145.0,466145,0.0003067051,0,,,,
5,Chr5_10562853.0,10562853,0.0003072657,0,,,,
5,Chr5_3095376.0,3095376,0.0003073301,0,,,,
4,Chr4_15715755.0,15715755,0.0003074299,1,AT4G32560,AT4G32560,AT4G32560,0.0
4,Chr4_15715778.0,15715778,0.0003074299,1,AT4G32560,AT4G32560,AT4G32560,0.0
3,Chr3_15588933.0,15588933,0.0003075439,0,,,,
3,Chr3_15589862.0,15589862,0.0003075439,0,,,,
3,Chr3_15590234.0,15590234,0.0003075439,0,,,,
2,Chr2_1619346.0,1619346,0.0003075823,1,AT2G04630,AT2G04630,AT2G04630,0.0
3,Chr3_15502300.0,15502300,0.0003076024,1,AT3G43580,AT3G43580,AT3G43580,0.0
1,Chr1_22928238.0,22928238,0.0003078591,0,,,,
2,Chr2_3683427.0,3683427,0.0003081341,0,,,,
5,Chr5_11419023.0,11419023,0.0003082043,0,,,,
5,Chr5_11611511.0,11611511,0.0003082043,0,,,,
1,Chr1_26610158.0,26610158,0.0003086475,1,AT1G70570,AT1G70570,AT1G70570,0.0
1,Chr1_17202833.0,17202833,0.0003090541,0,,,,
5,Chr5_6441786.0,6441786,0.0003093836,0,,,,
3,Chr3_13920063.0,13920063,0.0003098819,0,,,,
2,Chr2_9213014.0,9213014,0.000310038,1,AT2G21510,AT2G21510,AT2G21510,0.0
3,Chr3_15286730.0,15286730,0.0003102164,0,,,,
3,Chr3_15296592.0,15296592,0.0003102164,0,,,,
3,Chr3_15333965.0,15333965,0.0003102164,0,,,,
3,Chr3_15334322.0,15334322,0.0003102164,0,,,,
4,Chr4_4115675.0,4115675,0.0003103448,0,,,,
3,Chr3_13648856.0,13648856,0.0003105345,0,,,,
5,Chr5_9882727.0,9882727,0.0003106322,0,,,,
4,Chr4_13253979.0,13253979,0.0003107172,1,AT4G26150,AT4G26150,AT4G26150,0.0
5,Chr5_25504416.0,25504416,0.0003107863,0,,,,
5,Chr5_15732678.0,15732678,0.0003110104,0,,,,
5,Chr5_13816209.0,13816209,0.0003110624,0,,,,
4,Chr4_5055297.0,5055297,0.0003112889,0,,,,
5,Chr5_3361636.0,3361636,0.0003115559,1,AT5G10630,AT5G10630,AT5G10630,0.0
1,Chr1_6102917.0,6102917,0.0003117075,1,AT1G17745,AT1G17745,AT1G17745,0.0
2,Chr2_67089.0,67089,0.000311813,0,,,,
4,Chr4_2384701.0,2384701,0.0003120613,0,,,,
5,Chr5_11109001.0,11109001,0.0003121919,0,,,,
5,Chr5_24094812.0,24094812,0.0003126243,1,AT5G59800,AT5G59800,AT5G59800,0.0
4,Chr4_5386593.0,5386593,0.0003131899,1,AT4G08470,AT4G08470,AT4G08470,0.0
4,Chr4_5386649.0,5386649,0.0003131899,1,AT4G08470,AT4G08470,AT4G08470,0.0
4,Chr4_5386653.0,5386653,0.0003131899,1,AT4G08470,AT4G08470,AT4G08470,0.0
3,Chr3_14057655.0,14057655,0.0003132511,0,,,,
3,Chr3_14058493.0,14058493,0.0003132511,0,,,,
5,Chr5_19040688.0,19040688,0.0003133083,0,,,,
4,Chr4_1984422.0,1984422,0.0003136202,0,,,,
1,Chr1_8477940.0,8477940,0.0003137795,0,,,,
4,Chr4_13105626.0,13105626,0.0003138913,1,AT4G25730,AT4G25730,AT4G25730,0.0
2,Chr2_3121119.0,3121119,0.0003140777,0,,,,
5,Chr5_11538882.0,11538882,0.0003144275,0,,,,
4,Chr4_11335933.0,11335933,0.0003145998,0,,,,
3,Chr3_17837127.0,17837127,0.0003147566,1,AT3G48200,AT3G48200,AT3G48200,0.0
4,Chr4_15394598.0,15394598,0.000314893,0,,,,
2,Chr2_424860.0,424860,0.0003150906,1,AT2G01918,AT2G01918,AT2G01918,0.0
1,Chr1_179120.0,179120,0.0003151747,0,,,,
5,Chr5_17337893.0,17337893,0.0003153577,0,,,,
5,Chr5_10368061.0,10368061,0.0003154201,0,,,,
4,Chr4_5558296.0,5558296,0.000315429,0,,,,
3,Chr3_10464639.0,10464639,0.0003154722,0,,,,
3,Chr3_10465069.0,10465069,0.0003154722,0,,,,
3,Chr3_10465116.0,10465116,0.0003154722,0,,,,
5,Chr5_508345.0,508345,0.0003155052,0,,,,
2,Chr2_15498785.0,15498785,0.0003156614,0,,,,
1,Chr1_1080453.0,1080453,0.0003159232,1,AT1G04140,AT1G04140,AT1G04140,0.0
2,Chr2_1026044.0,1026044,0.0003161056,1,AT2G03370,AT2G03370,AT2G03370,0.0
3,Chr3_20640149.0,20640149,0.0003164156,1,AT3G55640,AT3G55640,AT3G55640,0.0
2,Chr2_15155433.0,15155433,0.0003168535,0,,,,
3,Chr3_15589686.0,15589686,0.0003169649,0,,,,
1,Chr1_13110158.0,13110158,0.0003170431,1,AT1G35540,AT1G35540,AT1G35540,0.0
5,Chr5_9070798.0,9070798,0.0003173146,0,,,,
4,Chr4_15718404.0,15718404,0.0003175684,1,AT4G32570,AT4G32570,AT4G32570,0.0
4,Chr4_15718412.0,15718412,0.0003175684,1,AT4G32570,AT4G32570,AT4G32570,0.0
2,Chr2_10162414.0,10162414,0.0003179703,0,,,,
2,Chr2_10163284.0,10163284,0.0003179703,0,,,,
3,Chr3_13409769.0,13409769,0.0003180018,0,,,,
2,Chr2_13621314.0,13621314,0.000318246,1,AT2G32000,AT2G32000,AT2G32000,0.0
3,Chr3_12053093.0,12053093,0.0003184242,0,,,,
2,Chr2_7731888.0,7731888,0.0003184714,1,AT2G17787,AT2G17787,AT2G17787,0.0
2,Chr2_7731918.0,7731918,0.0003184714,1,AT2G17787,AT2G17787,AT2G17787,0.0
2,Chr2_7731920.0,7731920,0.0003184714,1,AT2G17787,AT2G17787,AT2G17787,0.0
1,Chr1_26617783.0,26617783,0.0003185096,0,,,,
1,Chr1_1592081.0,1592081,0.000318646,0,,,,
3,Chr3_9784726.0,9784726,0.0003194569,0,,,,
5,Chr5_24102504.0,24102504,0.0003194619,0,,,,
5,Chr5_13834012.0,13834012,0.000319534,0,,,,
5,Chr5_18874319.0,18874319,0.0003196962,0,,,,
4,Chr4_14936276.0,14936276,0.0003205027,1,AT4G30590,AT4G30590,AT4G30590,0.0
2,Chr2_5944758.0,5944758,0.0003205235,0,,,,
4,Chr4_2578075.0,2578075,0.0003208155,0,,,,
2,Chr2_2165095.0,2165095,0.0003209026,0,,,,
4,Chr4_8145942.0,8145942,0.0003209852,0,,,,
1,Chr1_933525.0,933525,0.0003213263,1,AT1G03740,AT1G03740,AT1G03740,0.0
3,Chr3_15514692.0,15514692,0.0003214217,1,AT3G43600,AT3G43600,AT3G43600,0.0
2,Chr2_6099428.0,6099428,0.0003220521,0,,,,
1,Chr1_12387786.0,12387786,0.0003232506,0,,,,
5,Chr5_13888594.0,13888594,0.000323426,0,,,,
4,Chr4_17699057.0,17699057,0.0003236878,0,,,,
5,Chr5_9666347.0,9666347,0.0003238927,0,,,,
2,Chr2_15415847.0,15415847,0.0003241575,1,AT2G36770,AT2G36770,AT2G36770,0.0
1,Chr1_15527519.0,15527519,0.0003242127,0,,,,
4,Chr4_16509213.0,16509213,0.000324385,0,,,,
5,Chr5_573859.0,573859,0.0003248535,0,,,,
2,Chr2_922411.0,922411,0.0003248985,0,,,,
2,Chr2_15501499.0,15501499,0.0003254007,0,,,,
2,Chr2_15506193.0,15506193,0.0003254007,1,AT2G36910,AT2G36910,AT2G36910,0.0
5,Chr5_22232585.0,22232585,0.0003256273,1,AT5G54720,AT5G54720,AT5G54720,0.0
5,Chr5_22232589.0,22232589,0.0003256273,1,AT5G54720,AT5G54720,AT5G54720,0.0
2,Chr2_2232189.0,2232189,0.0003257491,0,,,,
2,Chr2_5740722.0,5740722,0.0003257638,0,,,,
4,Chr4_16046895.0,16046895,0.0003263018,0,,,,
4,Chr4_16050204.0,16050204,0.0003263018,1,AT4G33290,AT4G33290,AT4G33290,0.0
5,Chr5_8202392.0,8202392,0.0003265786,0,,,,
2,Chr2_12916157.0,12916157,0.0003266394,0,,,,
3,Chr3_9973007.0,9973007,0.0003267734,1,AT3G27030,AT3G27030,AT3G27030,0.0
2,Chr2_13847037.0,13847037,0.0003268021,1,AT2G32640,AT2G32640,AT2G32640,0.0
1,Chr1_21952048.0,21952048,0.0003268968,1,AT1G59725,AT1G59725,AT1G59725,0.0
2,Chr2_16585514.0,16585514,0.0003269837,1,AT2G39760,AT2G39760,AT2G39760,0.0
2,Chr2_16585632.0,16585632,0.0003269837,1,AT2G39760,AT2G39760,AT2G39760,0.0
4,Chr4_1103458.0,1103458,0.0003270564,1,AT4G02500,AT4G02500,AT4G02500,0.0
3,Chr3_20410327.0,20410327,0.0003271002,1,AT3G55070,AT3G55070,AT3G55070,0.0
3,Chr3_16699957.0,16699957,0.0003271521,0,,,,
3,Chr3_16699993.0,16699993,0.0003271521,0,,,,
5,Chr5_3454691.0,3454691,0.0003272724,0,,,,
3,Chr3_617440.0,617440,0.000327373,0,,,,
5,Chr5_8771197.0,8771197,0.0003275338,0,,,,
3,Chr3_16695932.0,16695932,0.0003282542,0,,,,
5,Chr5_24118534.0,24118534,0.0003283638,0,,,,
3,Chr3_16206264.0,16206264,0.0003283741,0,,,,
2,Chr2_5740045.0,5740045,0.0003283927,0,,,,
1,Chr1_544386.0,544386,0.0003284807,0,,,,
3,Chr3_5252817.0,5252817,0.0003288021,0,,,,
5,Chr5_17460367.0,17460367,0.0003294907,1,AT5G43460,AT5G43460,AT5G43460,0.0
5,Chr5_17460368.0,17460368,0.0003294907,1,AT5G43460,AT5G43460,AT5G43460,0.0
5,Chr5_17460373.0,17460373,0.0003294907,1,AT5G43460,AT5G43460,AT5G43460,0.0
1,Chr1_4318972.0,4318972,0.0003296279,1,AT1G12672,AT1G12672,AT1G12672,0.0
2,Chr2_2210834.0,2210834,0.0003299451,0,,,,
1,Chr1_14265407.0,14265407,0.0003299974,0,,,,
5,Chr5_23848045.0,23848045,0.0003300835,1,AT5G59080,AT5G59080,AT5G59080,0.0
5,Chr5_10830635.0,10830635,0.0003301765,0,,,,
5,Chr5_10832889.0,10832889,0.0003301765,0,,,,
5,Chr5_10833599.0,10833599,0.0003301765,0,,,,
5,Chr5_10838513.0,10838513,0.0003301765,1,AT5G28823,AT5G28823,AT5G28823,0.0
5,Chr5_18977996.0,18977996,0.0003302862,1,AT5G46770,AT5G46770,AT5G46770,0.0
5,Chr5_15619131.0,15619131,0.0003303748,1,AT5G39020,AT5G39020,AT5G39020,0.0
5,Chr5_13943758.0,13943758,0.0003307905,0,,,,
1,Chr1_1018872.0,1018872,0.0003309499,2,AT1G03970;AT1G03980,AT1G03970,AT1G03970,0.0
1,Chr1_4764400.0,4764400,0.0003310811,1,AT1G13940,AT1G13940,AT1G13940,0.0
5,Chr5_21930296.0,21930296,0.0003312752,1,AT5G54040,AT5G54040,AT5G54040,0.0
5,Chr5_21930299.0,21930299,0.0003312752,1,AT5G54040,AT5G54040,AT5G54040,0.0
5,Chr5_21930300.0,21930300,0.0003312752,1,AT5G54040,AT5G54040,AT5G54040,0.0
5,Chr5_21930303.0,21930303,0.0003312752,1,AT5G54040,AT5G54040,AT5G54040,0.0
5,Chr5_21930304.0,21930304,0.0003312752,1,AT5G54040,AT5G54040,AT5G54040,0.0
5,Chr5_21930310.0,21930310,0.0003312752,1,AT5G54040,AT5G54040,AT5G54040,0.0
5,Chr5_1579744.0,1579744,0.0003314645,1,AT5G05340,AT5G05340,AT5G05340,0.0
3,Chr3_22373309.0,22373309,0.0003315524,1,AT3G60530,AT3G60530,AT3G60530,0.0
1,Chr1_4104610.0,4104610,0.0003318377,0,,,,
1,Chr1_27991850.0,27991850,0.0003318507,1,AT1G74470,AT1G74470,AT1G74470,0.0
1,Chr1_4163169.0,4163169,0.0003318884,1,AT1G12260,AT1G12260,AT1G12260,0.0
5,Chr5_5450257.0,5450257,0.000331942,0,,,,
1,Chr1_4752585.0,4752585,0.0003319887,1,AT1G13890,AT1G13890,AT1G13890,0.0
5,Chr5_2491220.0,2491220,0.000332065,0,,,,
5,Chr5_2494913.0,2494913,0.000332065,1,AT5G07810,AT5G07810,AT5G07810,0.0
5,Chr5_2499407.0,2499407,0.000332065,1,AT5G07820,AT5G07820,AT5G07820,0.0
5,Chr5_573007.0,573007,0.0003321254,0,,,,
5,Chr5_15463863.0,15463863,0.0003323708,1,AT5G38620,AT5G38620,AT5G38620,0.0
1,Chr1_4302072.0,4302072,0.0003325956,0,,,,
1,Chr1_4302129.0,4302129,0.0003325956,0,,,,
4,Chr4_10135021.0,10135021,0.0003326875,0,,,,
3,Chr3_15623640.0,15623640,0.0003329238,0,,,,
4,Chr4_7939470.0,7939470,0.0003329652,1,AT4G13650,AT4G13650,AT4G13650,0.0
5,Chr5_15457160.0,15457160,0.0003331829,1,AT5G38600,AT5G38600,AT5G38600,0.0
5,Chr5_15457161.0,15457161,0.0003331829,1,AT5G38600,AT5G38600,AT5G38600,0.0
3,Chr3_12070305.0,12070305,0.000333428,0,,,,
2,Chr2_5009332.0,5009332,0.0003336458,0,,,,
1,Chr1_1000608.0,1000608,0.000334134,0,,,,
5,Chr5_9150784.0,9150784,0.0003342143,1,AT5G26180,AT5G26180,AT5G26180,0.0
5,Chr5_6422689.0,6422689,0.0003343265,0,,,,
1,Chr1_15011529.0,15011529,0.0003347714,0,,,,
4,Chr4_8235942.0,8235942,0.0003348718,1,AT4G14305,AT4G14305,AT4G14305,0.0
5,Chr5_5361398.0,5361398,0.0003349125,1,AT5G16390,AT5G16390,AT5G16390,0.0
5,Chr5_5361408.0,5361408,0.0003349125,1,AT5G16390,AT5G16390,AT5G16390,0.0
5,Chr5_5361437.0,5361437,0.0003349125,1,AT5G16390,AT5G16390,AT5G16390,0.0
5,Chr5_5361512.0,5361512,0.0003349125,1,AT5G16390,AT5G16390,AT5G16390,0.0
5,Chr5_5363167.0,5363167,0.0003349125,0,,,,
4,Chr4_10144513.0,10144513,0.0003353248,0,,,,
2,Chr2_2331307.0,2331307,0.0003354005,1,AT2G06002,AT2G06002,AT2G06002,0.0
5,Chr5_14702364.0,14702364,0.0003360375,1,AT5G37150,AT5G37150,AT5G37150,0.0
5,Chr5_22232284.0,22232284,0.0003365627,1,AT5G54720,AT5G54720,AT5G54720,0.0
5,Chr5_9086847.0,9086847,0.0003368302,1,AT5G26010,AT5G26010,AT5G26010,0.0
4,Chr4_16851261.0,16851261,0.0003369142,0,,,,
5,Chr5_22377195.0,22377195,0.0003371795,0,,,,
5,Chr5_15477236.0,15477236,0.0003378563,0,,,,
2,Chr2_3968230.0,3968230,0.0003378831,0,,,,
5,Chr5_11608634.0,11608634,0.0003381483,0,,,,
4,Chr4_2083335.0,2083335,0.0003382009,0,,,,
4,Chr4_2095190.0,2095190,0.0003382009,0,,,,
4,Chr4_2111161.0,2111161,0.0003382009,0,,,,
4,Chr4_2111963.0,2111963,0.0003382009,0,,,,
2,Chr2_919775.0,919775,0.0003385052,0,,,,
1,Chr1_16429414.0,16429414,0.0003386879,1,AT1G43620,AT1G43620,AT1G43620,0.0
2,Chr2_9479609.0,9479609,0.0003387913,0,,,,
5,Chr5_9713607.0,9713607,0.0003393734,1,AT5G27510,AT5G27510,AT5G27510,0.0
2,Chr2_8550136.0,8550136,0.0003394579,0,,,,
4,Chr4_11920237.0,11920237,0.0003395265,1,AT4G22670,AT4G22670,AT4G22670,0.0
5,Chr5_905682.0,905682,0.0003396671,1,AT5G03570,AT5G03570,AT5G03570,0.0
1,Chr1_484264.0,484264,0.0003398171,0,,,,
1,Chr1_4142768.0,4142768,0.0003399141,1,AT1G12210,AT1G12210,AT1G12210,0.0
5,Chr5_573871.0,573871,0.0003399491,0,,,,
5,Chr5_19729842.0,19729842,0.000339999,0,,,,
4,Chr4_6800240.0,6800240,0.0003402749,1,AT4G11150,AT4G11150,AT4G11150,0.0
4,Chr4_6803203.0,6803203,0.0003402749,0,,,,
4,Chr4_6803409.0,6803409,0.0003402749,0,,,,
4,Chr4_6803542.0,6803542,0.0003402749,0,,,,
4,Chr4_6804034.0,6804034,0.0003402749,1,AT4G11160,AT4G11160,AT4G11160,0.0
4,Chr4_6814521.0,6814521,0.0003402749,1,AT4G11170,AT4G11170,AT4G11170,0.0
1,Chr1_22871931.0,22871931,0.0003404762,0,,,,
1,Chr1_22871990.0,22871990,0.0003404762,0,,,,
1,Chr1_22872005.0,22872005,0.0003404762,0,,,,
1,Chr1_6425697.0,6425697,0.0003405177,1,AT1G18660,AT1G18660,AT1G18660,0.0
2,Chr2_11954079.0,11954079,0.0003405946,0,,,,
3,Chr3_17019503.0,17019503,0.0003407282,0,,,,
4,Chr4_16850602.0,16850602,0.0003407376,0,,,,
5,Chr5_7872944.0,7872944,0.0003409537,1,AT5G23390,AT5G23390,AT5G23390,0.0
1,Chr1_29321563.0,29321563,0.0003410489,1,AT1G77990,AT1G77990,AT1G77990,0.0
5,Chr5_19040404.0,19040404,0.0003410807,0,,,,
5,Chr5_21682501.0,21682501,0.0003414357,1,AT5G53430,AT5G53430,AT5G53430,0.0
5,Chr5_12949649.0,12949649,0.0003415441,0,,,,
5,Chr5_12950671.0,12950671,0.0003415441,0,,,,
5,Chr5_12954751.0,12954751,0.0003415441,0,,,,
1,Chr1_24981085.0,24981085,0.0003415888,1,AT1G66950,AT1G66950,AT1G66950,0.0
5,Chr5_26921853.0,26921853,0.0003419092,1,AT5G67460,AT5G67460,AT5G67460,0.0
4,Chr4_2062594.0,2062594,0.0003420791,0,,,,
5,Chr5_25491476.0,25491476,0.0003422457,1,AT5G63680,AT5G63680,AT5G63680,0.0
2,Chr2_12918949.0,12918949,0.000342609,0,,,,
2,Chr2_12919032.0,12919032,0.000342609,0,,,,
2,Chr2_12919050.0,12919050,0.000342609,0,,,,
2,Chr2_12919221.0,12919221,0.000342609,0,,,,
2,Chr2_12919244.0,12919244,0.000342609,0,,,,
2,Chr2_12919260.0,12919260,0.000342609,0,,,,
5,Chr5_12237981.0,12237981,0.0003428004,0,,,,
3,Chr3_16693773.0,16693773,0.0003428747,0,,,,
5,Chr5_22415054.0,22415054,0.0003429484,0,,,,
2,Chr2_10279242.0,10279242,0.000343007,0,,,,
2,Chr2_10279501.0,10279501,0.000343007,0,,,,
4,Chr4_5757551.0,5757551,0.0003431193,0,,,,
1,Chr1_7709919.0,7709919,0.0003432195,0,,,,
5,Chr5_9151641.0,9151641,0.0003434424,1,AT5G26180,AT5G26180,AT5G26180,0.0
4,Chr4_5386776.0,5386776,0.0003439487,1,AT4G08470,AT4G08470,AT4G08470,0.0
4,Chr4_5386781.0,5386781,0.0003439487,1,AT4G08470,AT4G08470,AT4G08470,0.0
4,Chr4_5386792.0,5386792,0.0003439487,1,AT4G08470,AT4G08470,AT4G08470,0.0
4,Chr4_5386824.0,5386824,0.0003439487,1,AT4G08470,AT4G08470,AT4G08470,0.0
4,Chr4_5386840.0,5386840,0.0003439487,1,AT4G08470,AT4G08470,AT4G08470,0.0
3,Chr3_12369960.0,12369960,0.0003442355,0,,,,
3,Chr3_12370233.0,12370233,0.0003442355,0,,,,
3,Chr3_12370283.0,12370283,0.0003442355,0,,,,
3,Chr3_14063364.0,14063364,0.0003443057,0,,,,
1,Chr1_9460492.0,9460492,0.0003444951,0,,,,
5,Chr5_13678877.0,13678877,0.0003447464,0,,,,
5,Chr5_19408062.0,19408062,0.0003449328,0,,,,
3,Chr3_18990322.0,18990322,0.0003452791,1,AT3G51120,AT3G51120,AT3G51120,0.0
4,Chr4_15373620.0,15373620,0.0003454108,0,,,,
5,Chr5_14012186.0,14012186,0.0003455713,0,,,,
5,Chr5_14015388.0,14015388,0.0003455713,0,,,,
4,Chr4_955578.0,955578,0.0003456293,1,AT4G02160,AT4G02160,AT4G02160,0.0
4,Chr4_961271.0,961271,0.0003456293,1,AT4G02180,AT4G02180,AT4G02180,0.0
4,Chr4_962204.0,962204,0.0003456293,1,AT4G02180,AT4G02180,AT4G02180,0.0
4,Chr4_1899424.0,1899424,0.0003457127,0,,,,
3,Chr3_15587055.0,15587055,0.0003460369,0,,,,
4,Chr4_6743060.0,6743060,0.0003462114,0,,,,
2,Chr2_9196753.0,9196753,0.0003464194,0,,,,
5,Chr5_10229204.0,10229204,0.0003465565,0,,,,
1,Chr1_12544710.0,12544710,0.0003466351,1,AT1G34360,AT1G34360,AT1G34360,0.0
3,Chr3_15591686.0,15591686,0.0003467341,0,,,,
2,Chr2_67059.0,67059,0.0003468222,0,,,,
1,Chr1_5503844.0,5503844,0.0003469858,1,AT1G16030,AT1G16030,AT1G16030,0.0
1,Chr1_5503859.0,5503859,0.0003469858,1,AT1G16030,AT1G16030,AT1G16030,0.0
1,Chr1_5503994.0,5503994,0.0003469858,1,AT1G16030,AT1G16030,AT1G16030,0.0
1,Chr1_5504111.0,5504111,0.0003469858,1,AT1G16030,AT1G16030,AT1G16030,0.0
1,Chr1_5504340.0,5504340,0.0003469858,1,AT1G16030,AT1G16030,AT1G16030,0.0
1,Chr1_5504376.0,5504376,0.0003469858,1,AT1G16030,AT1G16030,AT1G16030,0.0
1,Chr1_5504379.0,5504379,0.0003469858,1,AT1G16030,AT1G16030,AT1G16030,0.0
1,Chr1_5504403.0,5504403,0.0003469858,1,AT1G16030,AT1G16030,AT1G16030,0.0
1,Chr1_5504421.0,5504421,0.0003469858,1,AT1G16030,AT1G16030,AT1G16030,0.0
1,Chr1_5504623.0,5504623,0.0003469858,0,,,,
1,Chr1_17129003.0,17129003,0.0003470033,0,,,,
4,Chr4_538565.0,538565,0.0003473534,1,AT4G01290,AT4G01290,AT4G01290,0.0
4,Chr4_540049.0,540049,0.0003473534,1,AT4G01290,AT4G01290,AT4G01290,0.0
4,Chr4_540204.0,540204,0.0003473534,1,AT4G01290,AT4G01290,AT4G01290,0.0
4,Chr4_540220.0,540220,0.0003473534,1,AT4G01290,AT4G01290,AT4G01290,0.0
4,Chr4_543153.0,543153,0.0003473534,1,AT4G01290,AT4G01290,AT4G01290,0.0
4,Chr4_543319.0,543319,0.0003473534,1,AT4G01290,AT4G01290,AT4G01290,0.0
4,Chr4_543896.0,543896,0.0003473534,0,,,,
4,Chr4_544116.0,544116,0.0003473534,1,AT4G01310,AT4G01310,AT4G01310,0.0
4,Chr4_544125.0,544125,0.0003473534,1,AT4G01310,AT4G01310,AT4G01310,0.0
4,Chr4_544313.0,544313,0.0003473534,1,AT4G01310,AT4G01310,AT4G01310,0.0
2,Chr2_17208389.0,17208389,0.0003474117,0,,,,
2,Chr2_9067477.0,9067477,0.0003474867,1,AT2G21150,AT2G21150,AT2G21150,0.0
4,Chr4_12435163.0,12435163,0.0003476017,0,,,,
2,Chr2_16075883.0,16075883,0.0003480783,0,,,,
5,Chr5_13828574.0,13828574,0.0003482686,0,,,,
1,Chr1_17223269.0,17223269,0.0003485735,0,,,,
4,Chr4_13085118.0,13085118,0.0003486716,1,AT4G25660,AT4G25660,AT4G25660,0.0
5,Chr5_5817715.0,5817715,0.0003486872,1,AT5G17650,AT5G17650,AT5G17650,0.0
1,Chr1_26274241.0,26274241,0.000349057,1,AT1G69800,AT1G69800,AT1G69800,0.0
2,Chr2_4096572.0,4096572,0.0003495628,1,AT2G10550,AT2G10550,AT2G10550,0.0
1,Chr1_4327927.0,4327927,0.0003498153,1,AT1G12710,AT1G12710,AT1G12710,0.0
3,Chr3_21322657.0,21322657,0.0003499401,0,,,,
3,Chr3_14059091.0,14059091,0.0003499938,0,,,,
1,Chr1_18884094.0,18884094,0.0003501257,1,AT1G50950,AT1G50950,AT1G50950,0.0
2,Chr2_3100132.0,3100132,0.0003502881,0,,,,
5,Chr5_532617.0,532617,0.0003504347,1,AT5G02440,AT5G02440,AT5G02440,0.0
2,Chr2_4585225.0,4585225,0.0003508831,0,,,,
5,Chr5_13946852.0,13946852,0.0003510296,0,,,,
2,Chr2_18345791.0,18345791,0.000351122,0,,,,
5,Chr5_1267849.0,1267849,0.0003511461,0,,,,
5,Chr5_1268465.0,1268465,0.0003511461,0,,,,
1,Chr1_5048246.0,5048246,0.0003512207,1,AT1G14687,AT1G14687,AT1G14687,0.0
2,Chr2_2208284.0,2208284,0.0003515821,0,,,,
1,Chr1_16429457.0,16429457,0.0003519117,1,AT1G43620,AT1G43620,AT1G43620,0.0
1,Chr1_16429495.0,16429495,0.0003519117,1,AT1G43620,AT1G43620,AT1G43620,0.0
4,Chr4_8853185.0,8853185,0.0003519235,1,AT4G15490,AT4G15490,AT4G15490,0.0
5,Chr5_569728.0,569728,0.0003520385,1,AT5G02540,AT5G02540,AT5G02540,0.0
1,Chr1_4152366.0,4152366,0.0003520739,0,,,,
1,Chr1_22925067.0,22925067,0.0003521352,1,AT1G62030,AT1G62030,AT1G62030,0.0
2,Chr2_12933582.0,12933582,0.0003522058,0,,,,
1,Chr1_12063100.0,12063100,0.0003528745,0,,,,
3,Chr3_10463909.0,10463909,0.0003532134,1,AT3G28120,AT3G28120,AT3G28120,0.0
1,Chr1_9369935.0,9369935,0.0003533426,0,,,,
1,Chr1_9369953.0,9369953,0.0003533426,0,,,,
1,Chr1_9369974.0,9369974,0.0003533426,0,,,,
1,Chr1_9369977.0,9369977,0.0003533426,0,,,,
1,Chr1_9370081.0,9370081,0.0003533426,0,,,,
1,Chr1_9370090.0,9370090,0.0003533426,0,,,,
5,Chr5_12533560.0,12533560,0.0003534773,0,,,,
5,Chr5_19040758.0,19040758,0.0003537221,0,,,,
4,Chr4_5237961.0,5237961,0.0003539654,0,,,,
2,Chr2_3641407.0,3641407,0.000354463,0,,,,
2,Chr2_9470843.0,9470843,0.0003544919,0,,,,
3,Chr3_4269626.0,4269626,0.0003545342,1,AT3G13229,AT3G13229,AT3G13229,0.0
5,Chr5_15461906.0,15461906,0.000354666,0,,,,
5,Chr5_248704.0,248704,0.0003549039,1,AT5G01660,AT5G01660,AT5G01660,0.0
1,Chr1_19539981.0,19539981,0.0003555094,1,AT1G52440,AT1G52440,AT1G52440,0.0
4,Chr4_4304532.0,4304532,0.0003556546,0,,,,
3,Chr3_19088882.0,19088882,0.0003556829,0,,,,
5,Chr5_11389428.0,11389428,0.0003557542,0,,,,
2,Chr2_1466479.0,1466479,0.0003559445,0,,,,
4,Chr4_644680.0,644680,0.0003561124,0,,,,
4,Chr4_666822.0,666822,0.0003561124,0,,,,
5,Chr5_16463464.0,16463464,0.0003565637,0,,,,
4,Chr4_32088.0,32088,0.0003566623,0,,,,
4,Chr4_34037.0,34037,0.0003566623,0,,,,
4,Chr4_36440.0,36440,0.0003566623,1,AT4G00090,AT4G00090,AT4G00090,0.0
5,Chr5_25447141.0,25447141,0.000356955,1,AT5G63550,AT5G63550,AT5G63550,0.0
1,Chr1_173544.0,173544,0.0003573348,0,,,,
4,Chr4_8097381.0,8097381,0.000357489,0,,,,
5,Chr5_9241001.0,9241001,0.0003575285,1,AT5G26320,AT5G26320,AT5G26320,0.0
2,Chr2_7193853.0,7193853,0.000357532,0,,,,
2,Chr2_7194610.0,7194610,0.000357532,0,,,,
2,Chr2_17358992.0,17358992,0.0003576507,0,,,,
1,Chr1_6009591.0,6009591,0.0003576675,0,,,,
2,Chr2_1916571.0,1916571,0.0003579184,1,AT2G05250,AT2G05250,AT2G05250,0.0
3,Chr3_15384569.0,15384569,0.0003580679,0,,,,
4,Chr4_5386800.0,5386800,0.0003586446,1,AT4G08470,AT4G08470,AT4G08470,0.0
1,Chr1_24411624.0,24411624,0.0003587516,1,AT1G65640,AT1G65640,AT1G65640,0.0
4,Chr4_2558766.0,2558766,0.0003593346,0,,,,
4,Chr4_2560173.0,2560173,0.0003593346,0,,,,
4,Chr4_9499468.0,9499468,0.000359513,0,,,,
4,Chr4_9499478.0,9499478,0.000359513,0,,,,
5,Chr5_16410487.0,16410487,0.000359701,0,,,,
5,Chr5_16410562.0,16410562,0.000359701,0,,,,
5,Chr5_16410693.0,16410693,0.000359701,0,,,,
3,Chr3_11308225.0,11308225,0.000360085,0,,,,
3,Chr3_11308754.0,11308754,0.000360085,0,,,,
3,Chr3_403077.0,403077,0.0003602419,0,,,,
3,Chr3_403141.0,403141,0.0003602419,0,,,,
3,Chr3_403215.0,403215,0.0003602419,0,,,,
5,Chr5_871918.0,871918,0.0003603102,1,AT5G03490,AT5G03490,AT5G03490,0.0
4,Chr4_15713415.0,15713415,0.0003605163,1,AT4G32551,AT4G32551,AT4G32551,0.0
5,Chr5_15205219.0,15205219,0.0003606837,0,,,,
4,Chr4_5403664.0,5403664,0.0003614452,0,,,,
5,Chr5_25477613.0,25477613,0.0003615323,0,,,,
1,Chr1_15612368.0,15612368,0.0003621733,0,,,,
1,Chr1_19191496.0,19191496,0.0003625264,0,,,,
1,Chr1_14504603.0,14504603,0.0003626348,0,,,,
4,Chr4_2087683.0,2087683,0.0003628389,0,,,,
5,Chr5_10234324.0,10234324,0.0003628872,0,,,,
2,Chr2_9201815.0,9201815,0.0003630764,1,AT2G21470,AT2G21470,AT2G21470,0.0
5,Chr5_26938876.0,26938876,0.0003631009,0,,,,
1,Chr1_18477090.0,18477090,0.0003631096,1,AT1G49900,AT1G49900,AT1G49900,0.0
1,Chr1_18477122.0,18477122,0.0003631096,1,AT1G49900,AT1G49900,AT1G49900,0.0
5,Chr5_15206064.0,15206064,0.0003637932,0,,,,
4,Chr4_6972903.0,6972903,0.0003638297,1,AT4G11480,AT4G11480,AT4G11480,0.0
1,Chr1_13033975.0,13033975,0.0003638598,0,,,,
3,Chr3_8271733.0,8271733,0.0003641227,0,,,,
3,Chr3_8271750.0,8271750,0.0003641227,0,,,,
3,Chr3_8271784.0,8271784,0.0003641227,0,,,,
5,Chr5_504459.0,504459,0.0003642533,1,AT5G02370,AT5G02370,AT5G02370,0.0
3,Chr3_19629973.0,19629973,0.0003643428,0,,,,
4,Chr4_18250469.0,18250469,0.0003645884,0,,,,
4,Chr4_18250470.0,18250470,0.0003645884,0,,,,
1,Chr1_8564744.0,8564744,0.0003651367,1,AT1G24190,AT1G24190,AT1G24190,0.0
1,Chr1_8569029.0,8569029,0.0003651367,1,AT1G24190,AT1G24190,AT1G24190,0.0
1,Chr1_8594946.0,8594946,0.0003651367,1,AT1G24260,AT1G24260,AT1G24260,0.0
3,Chr3_15417283.0,15417283,0.0003651549,0,,,,
2,Chr2_2158520.0,2158520,0.0003652157,0,,,,
5,Chr5_13369358.0,13369358,0.0003653794,0,,,,
3,Chr3_8222141.0,8222141,0.0003654222,1,AT3G23100,AT3G23100,AT3G23100,0.0
1,Chr1_13103377.0,13103377,0.000366484,0,,,,
4,Chr4_7082751.0,7082751,0.0003669224,1,AT4G11770,AT4G11770,AT4G11770,0.0
4,Chr4_9517366.0,9517366,0.000366969,1,AT4G16915,AT4G16915,AT4G16915,0.0
1,Chr1_16813939.0,16813939,0.0003671926,1,AT1G44191,AT1G44191,AT1G44191,0.0
4,Chr4_4304483.0,4304483,0.0003673402,0,,,,
1,Chr1_4739491.0,4739491,0.0003675154,0,,,,
1,Chr1_13119947.0,13119947,0.0003682225,0,,,,
4,Chr4_15591946.0,15591946,0.000368379,0,,,,
5,Chr5_18948735.0,18948735,0.0003685572,0,,,,
5,Chr5_10685226.0,10685226,0.0003686069,0,,,,
5,Chr5_10686572.0,10686572,0.0003686069,0,,,,
5,Chr5_10690281.0,10690281,0.0003686069,0,,,,
5,Chr5_10703443.0,10703443,0.0003686069,0,,,,
5,Chr5_10706235.0,10706235,0.0003686069,0,,,,
5,Chr5_10706319.0,10706319,0.0003686069,0,,,,
5,Chr5_10729506.0,10729506,0.0003686069,0,,,,
5,Chr5_10749478.0,10749478,0.0003686069,0,,,,
5,Chr5_10750635.0,10750635,0.0003686069,0,,,,
5,Chr5_10753263.0,10753263,0.0003686069,0,,,,
2,Chr2_17353720.0,17353720,0.0003686273,1,AT2G41620,AT2G41620,AT2G41620,0.0
4,Chr4_1989243.0,1989243,0.0003687474,0,,,,
5,Chr5_18982599.0,18982599,0.0003687758,0,,,,
4,Chr4_13076506.0,13076506,0.000368793,1,AT4G25640,AT4G25640,AT4G25640,0.0
2,Chr2_7729665.0,7729665,0.0003688002,0,,,,
4,Chr4_1978232.0,1978232,0.0003689138,0,,,,
5,Chr5_5903361.0,5903361,0.000369108,1,AT5G17860,AT5G17860,AT5G17860,0.0
5,Chr5_5907421.0,5907421,0.000369108,0,,,,
5,Chr5_5910166.0,5910166,0.000369108,1,AT5G17880,AT5G17880,AT5G17880,0.0
5,Chr5_5918203.0,5918203,0.000369108,1,AT5G17890,AT5G17890,AT5G17890,0.0
5,Chr5_5919790.0,5919790,0.000369108,1,AT5G17890,AT5G17890,AT5G17890,0.0
5,Chr5_5920997.0,5920997,0.000369108,1,AT5G17890,AT5G17890,AT5G17890,0.0
5,Chr5_5921835.0,5921835,0.000369108,1,AT5G17890,AT5G17890,AT5G17890,0.0
5,Chr5_5928164.0,5928164,0.000369108,1,AT5G17910,AT5G17910,AT5G17910,0.0
1,Chr1_6074906.0,6074906,0.000369186,0,,,,
1,Chr1_22627607.0,22627607,0.0003692683,0,,,,
1,Chr1_12033155.0,12033155,0.0003693592,0,,,,
5,Chr5_6730421.0,6730421,0.0003694358,0,,,,
5,Chr5_10757027.0,10757027,0.000369716,0,,,,
5,Chr5_15155721.0,15155721,0.0003697397,1,AT5G38005,AT5G38005,AT5G38005,0.0
5,Chr5_15155722.0,15155722,0.0003697397,1,AT5G38005,AT5G38005,AT5G38005,0.0
5,Chr5_15156329.0,15156329,0.0003697397,0,,,,
5,Chr5_25437882.0,25437882,0.0003700983,0,,,,
5,Chr5_25438480.0,25438480,0.0003700983,0,,,,
5,Chr5_24902788.0,24902788,0.0003702342,1,AT5G61990,AT5G61990,AT5G61990,0.0
2,Chr2_19144419.0,19144419,0.0003704078,0,,,,
2,Chr2_19144468.0,19144468,0.0003704078,0,,,,
5,Chr5_14150060.0,14150060,0.0003704174,0,,,,
3,Chr3_22393691.0,22393691,0.0003708852,0,,,,
2,Chr2_4325250.0,4325250,0.0003712704,0,,,,
5,Chr5_11178317.0,11178317,0.0003712718,0,,,,
4,Chr4_17705460.0,17705460,0.000371912,1,AT4G37685,AT4G37685,AT4G37685,0.0
2,Chr2_611382.0,611382,0.000372008,1,AT2G02320,AT2G02320,AT2G02320,0.0
3,Chr3_17206318.0,17206318,0.0003720213,0,,,,
3,Chr3_17640539.0,17640539,0.0003720495,0,,,,
5,Chr5_9921617.0,9921617,0.0003721634,0,,,,
4,Chr4_8756562.0,8756562,0.0003723853,1,AT4G15340,AT4G15340,AT4G15340,0.0
1,Chr1_25994374.0,25994374,0.0003725991,1,AT1G69150,AT1G69150,AT1G69150,0.0
3,Chr3_15528742.0,15528742,0.0003726688,0,,,,
4,Chr4_13087508.0,13087508,0.0003726836,0,,,,
1,Chr1_6662339.0,6662339,0.0003730145,0,,,,
1,Chr1_1662071.0,1662071,0.0003732285,1,AT1G05575,AT1G05575,AT1G05575,0.0
4,Chr4_6888268.0,6888268,0.0003732616,1,AT4G11320,AT4G11320,AT4G11320,0.0
4,Chr4_15450267.0,15450267,0.0003735713,1,AT4G31930,AT4G31930,AT4G31930,0.0
4,Chr4_15457170.0,15457170,0.0003735713,0,,,,
5,Chr5_9088958.0,9088958,0.0003739269,0,,,,
5,Chr5_9095682.0,9095682,0.0003739269,0,,,,
5,Chr5_26742855.0,26742855,0.000374502,0,,,,
5,Chr5_26742862.0,26742862,0.000374502,0,,,,
5,Chr5_26742865.0,26742865,0.000374502,0,,,,
5,Chr5_26742916.0,26742916,0.000374502,0,,,,
5,Chr5_9153662.0,9153662,0.0003746102,1,AT5G26190,AT5G26190,AT5G26190,0.0
5,Chr5_9153663.0,9153663,0.0003746102,1,AT5G26190,AT5G26190,AT5G26190,0.0
2,Chr2_9460658.0,9460658,0.0003752934,1,AT2G22250,AT2G22250,AT2G22250,0.0
1,Chr1_26329262.0,26329262,0.0003754153,0,,,,
3,Chr3_14895568.0,14895568,0.000375525,0,,,,
2,Chr2_2946044.0,2946044,0.0003763664,0,,,,
4,Chr4_1784624.0,1784624,0.0003774588,0,,,,
4,Chr4_769886.0,769886,0.0003774875,1,AT4G01790,AT4G01790,AT4G01790,0.0
4,Chr4_769987.0,769987,0.0003774875,1,AT4G01790,AT4G01790,AT4G01790,0.0
3,Chr3_16487894.0,16487894,0.0003775813,0,,,,
3,Chr3_5313639.0,5313639,0.0003777446,0,,,,
1,Chr1_4347803.0,4347803,0.0003780857,1,AT1G12750,AT1G12750,AT1G12750,0.0
1,Chr1_4347858.0,4347858,0.0003780857,1,AT1G12750,AT1G12750,AT1G12750,0.0
1,Chr1_4347859.0,4347859,0.0003780857,1,AT1G12750,AT1G12750,AT1G12750,0.0
1,Chr1_4347870.0,4347870,0.0003780857,1,AT1G12750,AT1G12750,AT1G12750,0.0
1,Chr1_162764.0,162764,0.0003781737,0,,,,
5,Chr5_24342692.0,24342692,0.0003788917,0,,,,
2,Chr2_13391408.0,13391408,0.0003790989,0,,,,
2,Chr2_13392929.0,13392929,0.0003790989,0,,,,
3,Chr3_18885591.0,18885591,0.0003795371,0,,,,
5,Chr5_18953771.0,18953771,0.0003797196,1,AT5G46710,AT5G46710,AT5G46710,0.0
3,Chr3_5678613.0,5678613,0.000379747,0,,,,
5,Chr5_2560754.0,2560754,0.0003800185,1,AT5G07990,AT5G07990,AT5G07990,0.0
5,Chr5_7039323.0,7039323,0.0003800854,0,,,,
3,Chr3_15634681.0,15634681,0.0003804153,0,,,,
1,Chr1_11747033.0,11747033,0.0003806481,1,AT1G32490,AT1G32490,AT1G32490,0.0
4,Chr4_9914798.0,9914798,0.0003806559,0,,,,
4,Chr4_9928627.0,9928627,0.0003806559,0,,,,
1,Chr1_11334057.0,11334057,0.0003806861,0,,,,
1,Chr1_11334118.0,11334118,0.0003806861,0,,,,
1,Chr1_11334143.0,11334143,0.0003806861,0,,,,
5,Chr5_13860989.0,13860989,0.0003810227,0,,,,
4,Chr4_11918423.0,11918423,0.0003811821,1,AT4G22670,AT4G22670,AT4G22670,0.0
4,Chr4_11918434.0,11918434,0.0003811821,1,AT4G22670,AT4G22670,AT4G22670,0.0
4,Chr4_11918440.0,11918440,0.0003811821,1,AT4G22670,AT4G22670,AT4G22670,0.0
4,Chr4_11921983.0,11921983,0.0003811821,0,,,,
4,Chr4_8628705.0,8628705,0.0003811944,1,AT4G15100,AT4G15100,AT4G15100,0.0
2,Chr2_17338427.0,17338427,0.0003814804,0,,,,
2,Chr2_17338448.0,17338448,0.0003814804,0,,,,
2,Chr2_17338482.0,17338482,0.0003814804,0,,,,
2,Chr2_17338486.0,17338486,0.0003814804,0,,,,
2,Chr2_17338591.0,17338591,0.0003814804,0,,,,
2,Chr2_17338595.0,17338595,0.0003814804,0,,,,
2,Chr2_17338646.0,17338646,0.0003814804,0,,,,
2,Chr2_17338690.0,17338690,0.0003814804,0,,,,
2,Chr2_17338692.0,17338692,0.0003814804,0,,,,
2,Chr2_17338720.0,17338720,0.0003814804,0,,,,
2,Chr2_17338742.0,17338742,0.0003814804,0,,,,
2,Chr2_17338832.0,17338832,0.0003814804,0,,,,
2,Chr2_17338939.0,17338939,0.0003814804,0,,,,
2,Chr2_11881124.0,11881124,0.0003817732,1,AT2G27900,AT2G27900,AT2G27900,0.0
5,Chr5_3110973.0,3110973,0.000382327,0,,,,
4,Chr4_15903246.0,15903246,0.0003824976,1,AT4G32940,AT4G32940,AT4G32940,0.0
4,Chr4_7765554.0,7765554,0.0003830202,1,AT4G13345,AT4G13345,AT4G13345,0.0
3,Chr3_21008640.0,21008640,0.0003831348,0,,,,
4,Chr4_4304503.0,4304503,0.0003833323,0,,,,
1,Chr1_8688646.0,8688646,0.0003833795,1,AT1G24520,AT1G24520,AT1G24520,0.0
5,Chr5_2913447.0,2913447,0.000383563,0,,,,
5,Chr5_2915758.0,2915758,0.000383563,1,AT5G09390,AT5G09390,AT5G09390,0.0
1,Chr1_2229998.0,2229998,0.0003839481,1,AT1G07270,AT1G07270,AT1G07270,0.0
2,Chr2_1466533.0,1466533,0.0003842007,0,,,,
4,Chr4_4365131.0,4365131,0.0003844276,0,,,,
5,Chr5_348976.0,348976,0.0003844377,0,,,,
1,Chr1_17408807.0,17408807,0.0003845261,0,,,,
1,Chr1_6433699.0,6433699,0.000384606,1,AT1G18690,AT1G18690,AT1G18690,0.0
4,Chr4_6443997.0,6443997,0.0003846934,0,,,,
5,Chr5_22137710.0,22137710,0.0003853109,0,,,,
4,Chr4_12650691.0,12650691,0.0003856276,1,AT4G24480,AT4G24480,AT4G24480,0.0
4,Chr4_12667952.0,12667952,0.0003856276,1,AT4G24530,AT4G24530,AT4G24530,0.0
4,Chr4_5386598.0,5386598,0.0003856808,1,AT4G08470,AT4G08470,AT4G08470,0.0
2,Chr2_13530920.0,13530920,0.0003859938,1,AT2G31820,AT2G31820,AT2G31820,0.0
5,Chr5_13663015.0,13663015,0.0003860723,1,AT5G35430,AT5G35430,AT5G35430,0.0
5,Chr5_13664026.0,13664026,0.0003860723,1,AT5G35430,AT5G35430,AT5G35430,0.0
5,Chr5_13664831.0,13664831,0.0003860723,1,AT5G35430,AT5G35430,AT5G35430,0.0
2,Chr2_7175361.0,7175361,0.0003863446,0,,,,
4,Chr4_7394787.0,7394787,0.0003863684,1,AT4G12460,AT4G12460,AT4G12460,0.0
5,Chr5_18978609.0,18978609,0.0003863714,0,,,,
5,Chr5_9525379.0,9525379,0.0003867006,1,AT5G27060,AT5G27060,AT5G27060,0.0
5,Chr5_26900451.0,26900451,0.0003867052,0,,,,
5,Chr5_26900486.0,26900486,0.0003867052,0,,,,
5,Chr5_26900532.0,26900532,0.0003867052,0,,,,
3,Chr3_15586596.0,15586596,0.0003867529,0,,,,
5,Chr5_5449965.0,5449965,0.0003869589,0,,,,
4,Chr4_9447100.0,9447100,0.0003873417,0,,,,
5,Chr5_6802300.0,6802300,0.0003874207,0,,,,
2,Chr2_17106383.0,17106383,0.0003875436,1,AT2G40990,AT2G40990,AT2G40990,0.0
2,Chr2_17106742.0,17106742,0.0003875436,1,AT2G40990,AT2G40990,AT2G40990,0.0
4,Chr4_534905.0,534905,0.0003883376,1,AT4G01270,AT4G01270,AT4G01270,0.0
4,Chr4_535115.0,535115,0.0003883376,0,,,,
4,Chr4_535184.0,535184,0.0003883376,0,,,,
3,Chr3_20909339.0,20909339,0.0003883901,1,AT3G56400,AT3G56400,AT3G56400,0.0
2,Chr2_13439082.0,13439082,0.0003885218,1,AT2G31570,AT2G31570,AT2G31570,0.0
4,Chr4_16705884.0,16705884,0.0003886891,0,,,,
5,Chr5_13850818.0,13850818,0.0003887477,0,,,,
4,Chr4_9858383.0,9858383,0.0003887483,1,AT4G17710,AT4G17710,AT4G17710,0.0
4,Chr4_9866882.0,9866882,0.0003887483,1,AT4G17730,AT4G17730,AT4G17730,0.0
4,Chr4_9870047.0,9870047,0.0003887483,1,AT4G17750,AT4G17750,AT4G17750,0.0
4,Chr4_9870077.0,9870077,0.0003887483,1,AT4G17750,AT4G17750,AT4G17750,0.0
4,Chr4_9870638.0,9870638,0.0003887483,1,AT4G17750,AT4G17750,AT4G17750,0.0
4,Chr4_9876067.0,9876067,0.0003887483,0,,,,
4,Chr4_9880576.0,9880576,0.0003887483,1,AT4G17780,AT4G17780,AT4G17780,0.0
4,Chr4_9888934.0,9888934,0.0003887483,0,,,,
4,Chr4_9889121.0,9889121,0.0003887483,0,,,,
1,Chr1_28664215.0,28664215,0.000389347,0,,,,
1,Chr1_2638125.0,2638125,0.0003895964,0,,,,
3,Chr3_10410854.0,10410854,0.0003897943,0,,,,
3,Chr3_12070502.0,12070502,0.0003898662,0,,,,
3,Chr3_15461254.0,15461254,0.0003900371,0,,,,
1,Chr1_4914242.0,4914242,0.0003906639,0,,,,
5,Chr5_13886012.0,13886012,0.0003910278,0,,,,
5,Chr5_387174.0,387174,0.0003911101,1,AT5G02020,AT5G02020,AT5G02020,0.0
4,Chr4_5409109.0,5409109,0.0003911817,0,,,,
4,Chr4_5409155.0,5409155,0.0003911817,0,,,,
4,Chr4_5409194.0,5409194,0.0003911817,0,,,,
1,Chr1_21941583.0,21941583,0.0003912755,1,AT1G59720,AT1G59720,AT1G59720,0.0
4,Chr4_13057024.0,13057024,0.0003919583,1,AT4G25580,AT4G25580,AT4G25580,0.0
2,Chr2_4189227.0,4189227,0.0003922023,0,,,,
5,Chr5_26753056.0,26753056,0.0003923125,0,,,,
5,Chr5_6445923.0,6445923,0.0003927711,1,AT5G19170,AT5G19170,AT5G19170,0.0
5,Chr5_9138996.0,9138996,0.0003932775,1,AT5G26150,AT5G26150,AT5G26150,0.0
5,Chr5_9142305.0,9142305,0.0003932775,0,,,,
5,Chr5_9143895.0,9143895,0.0003932775,1,AT5G26160,AT5G26160,AT5G26160,0.0
5,Chr5_9154475.0,9154475,0.0003932775,1,AT5G26190,AT5G26190,AT5G26190,0.0
2,Chr2_5830696.0,5830696,0.0003935171,0,,,,
1,Chr1_4323061.0,4323061,0.0003935202,0,,,,
3,Chr3_13649002.0,13649002,0.0003936169,0,,,,
2,Chr2_4502047.0,4502047,0.0003936319,0,,,,
5,Chr5_942654.0,942654,0.0003937038,0,,,,
1,Chr1_8705670.0,8705670,0.0003938461,1,AT1G24560,AT1G24560,AT1G24560,0.0
1,Chr1_17188936.0,17188936,0.0003943474,0,,,,
2,Chr2_2176843.0,2176843,0.0003944745,0,,,,
3,Chr3_6344472.0,6344472,0.0003944896,0,,,,
3,Chr3_6344560.0,6344560,0.0003944896,0,,,,
3,Chr3_6345317.0,6345317,0.0003944896,0,,,,
5,Chr5_26739981.0,26739981,0.0003947519,0,,,,
2,Chr2_6795109.0,6795109,0.0003947833,0,,,,
1,Chr1_1670227.0,1670227,0.0003950764,1,AT1G05590,AT1G05590,AT1G05590,0.0
2,Chr2_13365768.0,13365768,0.0003951699,1,AT2G31345,AT2G31345,AT2G31345,0.0
5,Chr5_2488491.0,2488491,0.0003953884,1,AT5G07800,AT5G07800,AT5G07800,0.0
5,Chr5_17380641.0,17380641,0.0003955339,1,AT5G43310,AT5G43310,AT5G43310,0.0
5,Chr5_17380796.0,17380796,0.0003955339,1,AT5G43310,AT5G43310,AT5G43310,0.0
5,Chr5_17381943.0,17381943,0.0003955339,1,AT5G43310,AT5G43310,AT5G43310,0.0
5,Chr5_17382455.0,17382455,0.0003955339,1,AT5G43310,AT5G43310,AT5G43310,0.0
5,Chr5_17384456.0,17384456,0.0003955339,1,AT5G43310,AT5G43310,AT5G43310,0.0
5,Chr5_2494588.0,2494588,0.0003955705,1,AT5G07810,AT5G07810,AT5G07810,0.0
5,Chr5_24583665.0,24583665,0.0003955779,1,AT5G61120,AT5G61120,AT5G61120,0.0
5,Chr5_11227831.0,11227831,0.0003956334,0,,,,
2,Chr2_15366549.0,15366549,0.000395926,1,AT2G36670,AT2G36670,AT2G36670,0.0
2,Chr2_15367554.0,15367554,0.000395926,1,AT2G36670,AT2G36670,AT2G36670,0.0
5,Chr5_8672826.0,8672826,0.0003959995,1,AT5G25140,AT5G25140,AT5G25140,0.0
1,Chr1_4112859.0,4112859,0.0003960745,0,,,,
4,Chr4_855900.0,855900,0.0003964785,1,AT4G01970,AT4G01970,AT4G01970,0.0
5,Chr5_10537637.0,10537637,0.0003964843,0,,,,
4,Chr4_9085944.0,9085944,0.000396748,0,,,,
4,Chr4_14268624.0,14268624,0.0003969956,1,AT4G28920,AT4G28920,AT4G28920,0.0
4,Chr4_14268846.0,14268846,0.0003969956,1,AT4G28920,AT4G28920,AT4G28920,0.0
4,Chr4_14269134.0,14269134,0.0003969956,1,AT4G28920,AT4G28920,AT4G28920,0.0
1,Chr1_4194107.0,4194107,0.0003970307,0,,,,
5,Chr5_15508510.0,15508510,0.0003970932,1,AT5G38720,AT5G38720,AT5G38720,0.0
5,Chr5_15520698.0,15520698,0.0003970932,0,,,,
5,Chr5_15524344.0,15524344,0.0003970932,1,AT5G38760,AT5G38760,AT5G38760,0.0
5,Chr5_15528161.0,15528161,0.0003970932,0,,,,
5,Chr5_15528579.0,15528579,0.0003970932,0,,,,
5,Chr5_15555673.0,15555673,0.0003970932,1,AT5G38850,AT5G38850,AT5G38850,0.0
5,Chr5_15559574.0,15559574,0.0003970932,1,AT5G38860,AT5G38860,AT5G38860,0.0
5,Chr5_15559580.0,15559580,0.0003970932,1,AT5G38860,AT5G38860,AT5G38860,0.0
5,Chr5_15592585.0,15592585,0.0003970932,0,,,,
5,Chr5_15592762.0,15592762,0.0003970932,0,,,,
5,Chr5_2532510.0,2532510,0.000397138,1,AT5G07930,AT5G07930,AT5G07930,0.0
5,Chr5_11177223.0,11177223,0.0003971439,0,,,,
4,Chr4_4304456.0,4304456,0.0003971805,0,,,,
1,Chr1_4528389.0,4528389,0.0003975784,0,,,,
5,Chr5_3533759.0,3533759,0.0003976419,1,AT5G11100,AT5G11100,AT5G11100,0.0
5,Chr5_3534598.0,3534598,0.0003976419,1,AT5G11100,AT5G11100,AT5G11100,0.0
5,Chr5_3540490.0,3540490,0.0003976419,1,AT5G11110,AT5G11110,AT5G11110,0.0
5,Chr5_8199064.0,8199064,0.0003977163,0,,,,
5,Chr5_18778041.0,18778041,0.0003977851,0,,,,
3,Chr3_11505365.0,11505365,0.0003978465,0,,,,
3,Chr3_11509244.0,11509244,0.0003978465,0,,,,
4,Chr4_15718255.0,15718255,0.0003979529,1,AT4G32570,AT4G32570,AT4G32570,0.0
4,Chr4_15718292.0,15718292,0.0003979529,1,AT4G32570,AT4G32570,AT4G32570,0.0
2,Chr2_716178.0,716178,0.0003980834,0,,,,
2,Chr2_9490112.0,9490112,0.0003983578,1,AT2G22330,AT2G22330,AT2G22330,0.0
5,Chr5_15886213.0,15886213,0.0003989482,1,AT5G39680,AT5G39680,AT5G39680,0.0
5,Chr5_18777968.0,18777968,0.0003990408,0,,,,
1,Chr1_26632124.0,26632124,0.0003990938,1,AT1G70630,AT1G70630,AT1G70630,0.0
1,Chr1_26635028.0,26635028,0.0003990938,0,,,,
1,Chr1_26552981.0,26552981,0.0003993808,1,AT1G70450,AT1G70450,AT1G70450,0.0
1,Chr1_23606310.0,23606310,0.0003995502,1,AT1G63660,AT1G63660,AT1G63660,0.0
5,Chr5_18778058.0,18778058,0.0003996918,0,,,,
5,Chr5_18778114.0,18778114,0.0003996918,0,,,,
3,Chr3_11397998.0,11397998,0.0003997278,0,,,,
2,Chr2_5830380.0,5830380,0.0004001786,0,,,,
5,Chr5_871840.0,871840,0.0004004568,1,AT5G03490,AT5G03490,AT5G03490,0.0
4,Chr4_6391861.0,6391861,0.0004007149,0,,,,
4,Chr4_677238.0,677238,0.0004007759,1,AT4G01560,AT4G01560,AT4G01560,0.0
4,Chr4_681197.0,681197,0.0004007759,1,AT4G01570,AT4G01570,AT4G01570,0.0
3,Chr3_6761520.0,6761520,0.0004010081,0,,,,
5,Chr5_25413088.0,25413088,0.0004011903,0,,,,
1,Chr1_6424795.0,6424795,0.0004015068,1,AT1G18660,AT1G18660,AT1G18660,0.0
5,Chr5_10419513.0,10419513,0.0004016058,0,,,,
5,Chr5_7847201.0,7847201,0.0004018291,1,AT5G23290,AT5G23290,AT5G23290,0.0
5,Chr5_1266287.0,1266287,0.0004022347,0,,,,
5,Chr5_5591868.0,5591868,0.0004022891,1,AT5G17010,AT5G17010,AT5G17010,0.0
2,Chr2_8008385.0,8008385,0.0004024008,0,,,,
5,Chr5_14808684.0,14808684,0.0004024553,0,,,,
1,Chr1_11749404.0,11749404,0.0004025021,1,AT1G32490,AT1G32490,AT1G32490,0.0
4,Chr4_15397954.0,15397954,0.0004028332,0,,,,
5,Chr5_7810298.0,7810298,0.000403001,0,,,,
1,Chr1_9630184.0,9630184,0.000403037,0,,,,
1,Chr1_9631202.0,9631202,0.000403037,0,,,,
1,Chr1_4117442.0,4117442,0.0004032444,1,AT1G12120,AT1G12120,AT1G12120,0.0
1,Chr1_5508271.0,5508271,0.0004032511,0,,,,
5,Chr5_1042545.0,1042545,0.0004033153,0,,,,
4,Chr4_2016327.0,2016327,0.0004038687,0,,,,
1,Chr1_25525713.0,25525713,0.000403878,1,AT1G68110,AT1G68110,AT1G68110,0.0
1,Chr1_25525743.0,25525743,0.000403878,1,AT1G68110,AT1G68110,AT1G68110,0.0
1,Chr1_25525802.0,25525802,0.000403878,1,AT1G68110,AT1G68110,AT1G68110,0.0
1,Chr1_25525809.0,25525809,0.000403878,1,AT1G68110,AT1G68110,AT1G68110,0.0
3,Chr3_12194614.0,12194614,0.0004042552,0,,,,
1,Chr1_4328717.0,4328717,0.0004045972,0,,,,
5,Chr5_24340612.0,24340612,0.000404677,2,AT5G60548;AT5G60550,AT5G60548,AT5G60548,0.0
3,Chr3_5122578.0,5122578,0.0004046799,0,,,,
3,Chr3_16479954.0,16479954,0.0004047799,0,,,,
1,Chr1_11670637.0,11670637,0.0004047815,0,,,,
4,Chr4_9272781.0,9272781,0.0004047832,1,AT4G16442,AT4G16442,AT4G16442,0.0
4,Chr4_9272787.0,9272787,0.0004047832,1,AT4G16442,AT4G16442,AT4G16442,0.0
4,Chr4_9272798.0,9272798,0.0004047832,1,AT4G16442,AT4G16442,AT4G16442,0.0
4,Chr4_9272799.0,9272799,0.0004047832,1,AT4G16442,AT4G16442,AT4G16442,0.0
4,Chr4_9272824.0,9272824,0.0004047832,1,AT4G16442,AT4G16442,AT4G16442,0.0
1,Chr1_4034601.0,4034601,0.0004049014,1,AT1G11950,AT1G11950,AT1G11950,0.0
3,Chr3_16694744.0,16694744,0.0004050648,0,,,,
1,Chr1_21913626.0,21913626,0.0004051888,0,,,,
4,Chr4_1994570.0,1994570,0.0004051889,0,,,,
2,Chr2_18684347.0,18684347,0.0004054828,1,AT2G45320,AT2G45320,AT2G45320,0.0
1,Chr1_11013142.0,11013142,0.0004056696,0,,,,
1,Chr1_11334061.0,11334061,0.0004062864,0,,,,
3,Chr3_12915577.0,12915577,0.0004067178,0,,,,
5,Chr5_7549874.0,7549874,0.0004067751,1,AT5G22720,AT5G22720,AT5G22720,0.0
1,Chr1_21719486.0,21719486,0.0004069901,0,,,,
2,Chr2_16020082.0,16020082,0.0004072398,0,,,,
5,Chr5_9103352.0,9103352,0.000407561,1,AT5G26050,AT5G26050,AT5G26050,0.0
4,Chr4_10147653.0,10147653,0.0004076473,1,AT4G18360,AT4G18360,AT4G18360,0.0
3,Chr3_15026654.0,15026654,0.0004078152,0,,,,
3,Chr3_15278497.0,15278497,0.0004079177,0,,,,
3,Chr3_15278868.0,15278868,0.0004079177,0,,,,
3,Chr3_15279742.0,15279742,0.0004079177,0,,,,
1,Chr1_1162312.0,1162312,0.0004083241,0,,,,
5,Chr5_337821.0,337821,0.000408625,0,,,,
5,Chr5_18956364.0,18956364,0.0004087652,0,,,,
1,Chr1_9871454.0,9871454,0.0004096915,1,AT1G28240,AT1G28240,AT1G28240,0.0
1,Chr1_9871542.0,9871542,0.0004096915,1,AT1G28240,AT1G28240,AT1G28240,0.0
2,Chr2_15421052.0,15421052,0.0004097259,2,AT2G36790;AT2G36792,AT2G36790,AT2G36790,0.0
3,Chr3_11602016.0,11602016,0.0004098429,0,,,,
3,Chr3_18636373.0,18636373,0.0004100449,1,AT3G50270,AT3G50270,AT3G50270,0.0
3,Chr3_17872619.0,17872619,0.000410163,0,,,,
3,Chr3_17872873.0,17872873,0.000410163,0,,,,
5,Chr5_562745.0,562745,0.0004104077,1,AT5G02520,AT5G02520,AT5G02520,0.0
5,Chr5_24435332.0,24435332,0.0004108461,0,,,,
1,Chr1_23574709.0,23574709,0.0004110606,0,,,,
1,Chr1_23574711.0,23574711,0.0004110606,0,,,,
1,Chr1_26154303.0,26154303,0.0004112553,0,,,,
1,Chr1_1694002.0,1694002,0.0004117423,0,,,,
5,Chr5_5279764.0,5279764,0.0004121756,1,AT5G16170,AT5G16170,AT5G16170,0.0
1,Chr1_16579725.0,16579725,0.000412278,0,,,,
1,Chr1_29521347.0,29521347,0.0004124073,0,,,,
2,Chr2_6940592.0,6940592,0.0004126776,0,,,,
5,Chr5_6384307.0,6384307,0.0004127889,0,,,,
5,Chr5_11199734.0,11199734,0.0004130167,0,,,,
5,Chr5_11201772.0,11201772,0.0004130167,0,,,,
5,Chr5_11201863.0,11201863,0.0004130167,0,,,,
4,Chr4_4757458.0,4757458,0.0004131778,0,,,,
2,Chr2_9501100.0,9501100,0.000413565,1,AT2G22370,AT2G22370,AT2G22370,0.0
2,Chr2_8292866.0,8292866,0.0004136076,0,,,,
2,Chr2_8292869.0,8292869,0.0004136076,0,,,,
2,Chr2_8292889.0,8292889,0.0004136076,0,,,,
2,Chr2_8292904.0,8292904,0.0004136076,0,,,,
2,Chr2_8292909.0,8292909,0.0004136076,0,,,,
3,Chr3_19135737.0,19135737,0.0004137886,1,AT3G51590,AT3G51590,AT3G51590,0.0
3,Chr3_11125751.0,11125751,0.0004140471,0,,,,
5,Chr5_2611999.0,2611999,0.0004140731,0,,,,
5,Chr5_2612008.0,2612008,0.0004140731,0,,,,
5,Chr5_2612067.0,2612067,0.0004140731,0,,,,
3,Chr3_16473287.0,16473287,0.0004141186,1,AT3G45040,AT3G45040,AT3G45040,0.0
1,Chr1_21719045.0,21719045,0.0004148809,0,,,,
3,Chr3_15508221.0,15508221,0.00041534,0,,,,
2,Chr2_407520.0,407520,0.000415624,1,AT2G01900,AT2G01900,AT2G01900,0.0
3,Chr3_5406979.0,5406979,0.0004157312,0,,,,
1,Chr1_27765812.0,27765812,0.0004158063,1,AT1G73840,AT1G73840,AT1G73840,0.0
4,Chr4_1812866.0,1812866,0.0004159365,0,,,,
5,Chr5_24617529.0,24617529,0.0004162594,1,AT5G61190,AT5G61190,AT5G61190,0.0
5,Chr5_1180008.0,1180008,0.000416755,1,AT5G04260,AT5G04260,AT5G04260,0.0
5,Chr5_1180061.0,1180061,0.000416755,0,,,,
5,Chr5_1180221.0,1180221,0.000416755,0,,,,
3,Chr3_17019963.0,17019963,0.000416997,1,AT3G46320,AT3G46320,AT3G46320,0.0
4,Chr4_8756065.0,8756065,0.0004170351,1,AT4G15340,AT4G15340,AT4G15340,0.0
2,Chr2_1467056.0,1467056,0.0004180434,0,,,,
2,Chr2_1467621.0,1467621,0.0004180434,0,,,,
2,Chr2_1468180.0,1468180,0.0004180434,0,,,,
2,Chr2_1468634.0,1468634,0.0004180434,0,,,,
2,Chr2_1468906.0,1468906,0.0004180434,0,,,,
5,Chr5_9234120.0,9234120,0.0004183786,0,,,,
5,Chr5_7007873.0,7007873,0.0004187617,0,,,,
2,Chr2_7916958.0,7916958,0.0004196993,0,,,,
4,Chr4_2095163.0,2095163,0.0004203525,0,,,,
5,Chr5_8200127.0,8200127,0.0004204562,1,AT5G24190,AT5G24190,AT5G24190,0.0
4,Chr4_6163053.0,6163053,0.0004206195,0,,,,
2,Chr2_4577625.0,4577625,0.0004208087,0,,,,
2,Chr2_919832.0,919832,0.0004210938,0,,,,
3,Chr3_19084721.0,19084721,0.0004216448,1,AT3G51420,AT3G51420,AT3G51420,0.0
1,Chr1_16429296.0,16429296,0.0004216955,1,AT1G43620,AT1G43620,AT1G43620,0.0
1,Chr1_16429314.0,16429314,0.0004216955,1,AT1G43620,AT1G43620,AT1G43620,0.0
1,Chr1_16429318.0,16429318,0.0004216955,1,AT1G43620,AT1G43620,AT1G43620,0.0
1,Chr1_16429370.0,16429370,0.0004216955,1,AT1G43620,AT1G43620,AT1G43620,0.0
1,Chr1_16429373.0,16429373,0.0004216955,1,AT1G43620,AT1G43620,AT1G43620,0.0
1,Chr1_16429374.0,16429374,0.0004216955,1,AT1G43620,AT1G43620,AT1G43620,0.0
1,Chr1_16429426.0,16429426,0.0004216955,1,AT1G43620,AT1G43620,AT1G43620,0.0
4,Chr4_6339519.0,6339519,0.0004218305,0,,,,
4,Chr4_14901247.0,14901247,0.000421933,1,AT4G30490,AT4G30490,AT4G30490,0.0
1,Chr1_11670546.0,11670546,0.0004225067,0,,,,
5,Chr5_11119363.0,11119363,0.0004229289,0,,,,
5,Chr5_11150220.0,11150220,0.0004229289,0,,,,
5,Chr5_11150303.0,11150303,0.0004229289,0,,,,
5,Chr5_11151989.0,11151989,0.0004229289,0,,,,
1,Chr1_2232365.0,2232365,0.0004238204,1,AT1G07270,AT1G07270,AT1G07270,0.0
2,Chr2_15415250.0,15415250,0.0004246674,1,AT2G36770,AT2G36770,AT2G36770,0.0
4,Chr4_6864879.0,6864879,0.0004247232,1,AT4G11280,AT4G11280,AT4G11280,0.0
1,Chr1_14168634.0,14168634,0.0004250985,0,,,,
3,Chr3_16047587.0,16047587,0.0004253204,1,AT3G44400,AT3G44400,AT3G44400,0.0
2,Chr2_6938071.0,6938071,0.0004255499,0,,,,
4,Chr4_15697218.0,15697218,0.0004255876,0,,,,
1,Chr1_11743385.0,11743385,0.0004258153,1,AT1G32490,AT1G32490,AT1G32490,0.0
5,Chr5_6831526.0,6831526,0.0004258783,0,,,,
5,Chr5_13893700.0,13893700,0.0004259952,0,,,,
5,Chr5_2488296.0,2488296,0.0004261747,1,AT5G07800,AT5G07800,AT5G07800,0.0
3,Chr3_13222898.0,13222898,0.0004265118,0,,,,
4,Chr4_13498707.0,13498707,0.0004265793,1,AT4G26840,AT4G26840,AT4G26840,0.0
3,Chr3_14010250.0,14010250,0.0004266431,0,,,,
4,Chr4_15736587.0,15736587,0.0004267659,1,AT4G32620,AT4G32620,AT4G32620,0.0
5,Chr5_9178470.0,9178470,0.0004268664,0,,,,
1,Chr1_27985751.0,27985751,0.0004269403,0,,,,
1,Chr1_26052913.0,26052913,0.0004270701,0,,,,
1,Chr1_17286225.0,17286225,0.0004271033,0,,,,
3,Chr3_22973489.0,22973489,0.0004271178,1,AT3G62030,AT3G62030,AT3G62030,0.0
1,Chr1_4111628.0,4111628,0.0004272161,0,,,,
4,Chr4_16760160.0,16760160,0.0004275259,0,,,,
4,Chr4_2358043.0,2358043,0.000428128,0,,,,
2,Chr2_4332646.0,4332646,0.0004281293,0,,,,
1,Chr1_16429180.0,16429180,0.0004286382,1,AT1G43620,AT1G43620,AT1G43620,0.0
1,Chr1_16429193.0,16429193,0.0004286382,1,AT1G43620,AT1G43620,AT1G43620,0.0
1,Chr1_16429208.0,16429208,0.0004286382,1,AT1G43620,AT1G43620,AT1G43620,0.0
5,Chr5_18954190.0,18954190,0.0004287316,1,AT5G46710,AT5G46710,AT5G46710,0.0
5,Chr5_18977431.0,18977431,0.0004287443,1,AT5G46770,AT5G46770,AT5G46770,0.0
5,Chr5_18977791.0,18977791,0.0004287443,1,AT5G46770,AT5G46770,AT5G46770,0.0
5,Chr5_9877027.0,9877027,0.0004287691,0,,,,
5,Chr5_9877104.0,9877104,0.0004287691,0,,,,
2,Chr2_2337293.0,2337293,0.0004289206,1,AT2G06010,AT2G06010,AT2G06010,0.0
2,Chr2_2337948.0,2337948,0.0004289206,1,AT2G06010,AT2G06010,AT2G06010,0.0
1,Chr1_15009931.0,15009931,0.0004291967,0,,,,
2,Chr2_5757922.0,5757922,0.0004293039,0,,,,
4,Chr4_7365017.0,7365017,0.0004295424,0,,,,
5,Chr5_8566065.0,8566065,0.0004295613,1,AT5G24900,AT5G24900,AT5G24900,0.0
1,Chr1_23648407.0,23648407,0.00043041,1,AT1G63740,AT1G63740,AT1G63740,0.0
4,Chr4_536892.0,536892,0.0004306755,1,AT4G01280,AT4G01280,AT4G01280,0.0
2,Chr2_1447722.0,1447722,0.0004310871,1,AT2G04230,AT2G04230,AT2G04230,0.0
2,Chr2_1447938.0,1447938,0.0004310871,1,AT2G04230,AT2G04230,AT2G04230,0.0
2,Chr2_1451534.0,1451534,0.0004310871,1,AT2G04235,AT2G04235,AT2G04235,0.0
2,Chr2_1451585.0,1451585,0.0004310871,1,AT2G04235,AT2G04235,AT2G04235,0.0
1,Chr1_25802312.0,25802312,0.000431292,0,,,,
3,Chr3_15618901.0,15618901,0.0004319447,0,,,,
1,Chr1_69537.0,69537,0.0004321123,0,,,,
3,Chr3_12070374.0,12070374,0.0004321562,0,,,,
1,Chr1_15645157.0,15645157,0.0004322104,0,,,,
2,Chr2_7710693.0,7710693,0.0004325066,1,AT2G17750,AT2G17750,AT2G17750,0.0
4,Chr4_16872080.0,16872080,0.0004325511,1,AT4G35530,AT4G35530,AT4G35530,0.0
2,Chr2_920486.0,920486,0.0004327239,0,,,,
3,Chr3_14740630.0,14740630,0.000433045,0,,,,
1,Chr1_19645140.0,19645140,0.0004332948,0,,,,
1,Chr1_12190122.0,12190122,0.0004335513,1,AT1G33610,AT1G33610,AT1G33610,0.0
2,Chr2_7458696.0,7458696,0.0004337457,0,,,,
4,Chr4_2160169.0,2160169,0.0004338393,0,,,,
3,Chr3_3232390.0,3232390,0.0004339288,0,,,,
4,Chr4_14997997.0,14997997,0.0004340096,0,,,,
3,Chr3_6728233.0,6728233,0.000434118,0,,,,
5,Chr5_5453111.0,5453111,0.0004344958,1,AT5G16620,AT5G16620,AT5G16620,0.0
2,Chr2_17108107.0,17108107,0.000434783,0,,,,
3,Chr3_21502474.0,21502474,0.0004348611,0,,,,
5,Chr5_13944346.0,13944346,0.0004351711,0,,,,
2,Chr2_2201782.0,2201782,0.0004354008,0,,,,
1,Chr1_22627457.0,22627457,0.0004356444,0,,,,
5,Chr5_12045113.0,12045113,0.0004357464,0,,,,
4,Chr4_14271302.0,14271302,0.0004358435,1,AT4G28930,AT4G28930,AT4G28930,0.0
3,Chr3_8227639.0,8227639,0.0004360804,1,AT3G23120,AT3G23120,AT3G23120,0.0
4,Chr4_2098183.0,2098183,0.0004361205,0,,,,
2,Chr2_5516066.0,5516066,0.0004362551,0,,,,
3,Chr3_11621651.0,11621651,0.0004363282,0,,,,
3,Chr3_11621665.0,11621665,0.0004363282,0,,,,
3,Chr3_11621733.0,11621733,0.0004363282,0,,,,
4,Chr4_7139843.0,7139843,0.0004368747,0,,,,
4,Chr4_6980382.0,6980382,0.0004368763,1,AT4G11490,AT4G11490,AT4G11490,0.0
4,Chr4_763942.0,763942,0.0004369983,0,,,,
3,Chr3_3697671.0,3697671,0.0004372485,0,,,,
1,Chr1_4060941.0,4060941,0.0004381959,0,,,,
2,Chr2_15610705.0,15610705,0.0004383352,1,AT2G37160,AT2G37160,AT2G37160,0.0
1,Chr1_21453130.0,21453130,0.0004387378,0,,,,
4,Chr4_9381558.0,9381558,0.0004388433,0,,,,
4,Chr4_13231899.0,13231899,0.0004390003,0,,,,
1,Chr1_16201307.0,16201307,0.0004391874,0,,,,
4,Chr4_5386886.0,5386886,0.000440275,1,AT4G08470,AT4G08470,AT4G08470,0.0
2,Chr2_387072.0,387072,0.0004403495,1,AT2G01850,AT2G01850,AT2G01850,0.0
1,Chr1_7050431.0,7050431,0.0004404004,0,,,,
2,Chr2_2330244.0,2330244,0.0004405382,0,,,,
3,Chr3_18661795.0,18661795,0.0004408272,0,,,,
4,Chr4_5408513.0,5408513,0.0004408423,0,,,,
4,Chr4_10155727.0,10155727,0.0004411663,0,,,,
4,Chr4_10156082.0,10156082,0.0004411663,0,,,,
4,Chr4_9890530.0,9890530,0.0004412098,0,,,,
5,Chr5_21174457.0,21174457,0.0004412889,0,,,,
3,Chr3_8219479.0,8219479,0.0004417321,0,,,,
4,Chr4_2111833.0,2111833,0.0004419835,0,,,,
3,Chr3_4591682.0,4591682,0.0004421657,0,,,,
3,Chr3_4591807.0,4591807,0.0004421657,0,,,,
3,Chr3_4591930.0,4591930,0.0004421657,0,,,,
3,Chr3_4591973.0,4591973,0.0004421657,0,,,,
3,Chr3_4591981.0,4591981,0.0004421657,0,,,,
3,Chr3_4591985.0,4591985,0.0004421657,0,,,,
3,Chr3_4592064.0,4592064,0.0004421657,0,,,,
3,Chr3_4592073.0,4592073,0.0004421657,0,,,,
3,Chr3_4592117.0,4592117,0.0004421657,0,,,,
3,Chr3_4592130.0,4592130,0.0004421657,0,,,,
3,Chr3_4592133.0,4592133,0.0004421657,0,,,,
3,Chr3_4592146.0,4592146,0.0004421657,0,,,,
3,Chr3_4592165.0,4592165,0.0004421657,0,,,,
3,Chr3_4592185.0,4592185,0.0004421657,0,,,,
3,Chr3_4592202.0,4592202,0.0004421657,0,,,,
3,Chr3_4592206.0,4592206,0.0004421657,0,,,,
3,Chr3_4592212.0,4592212,0.0004421657,0,,,,
3,Chr3_4592213.0,4592213,0.0004421657,0,,,,
3,Chr3_4592214.0,4592214,0.0004421657,0,,,,
3,Chr3_4592220.0,4592220,0.0004421657,0,,,,
3,Chr3_4592221.0,4592221,0.0004421657,0,,,,
3,Chr3_4592228.0,4592228,0.0004421657,0,,,,
3,Chr3_4592282.0,4592282,0.0004421657,1,AT3G13920,AT3G13920,AT3G13920,0.0
3,Chr3_4592289.0,4592289,0.0004421657,1,AT3G13920,AT3G13920,AT3G13920,0.0
3,Chr3_4592295.0,4592295,0.0004421657,1,AT3G13920,AT3G13920,AT3G13920,0.0
2,Chr2_1078440.0,1078440,0.0004422708,0,,,,
2,Chr2_1078460.0,1078460,0.0004422708,0,,,,
1,Chr1_26226825.0,26226825,0.0004425715,0,,,,
1,Chr1_8143723.0,8143723,0.0004430062,1,AT1G23000,AT1G23000,AT1G23000,0.0
5,Chr5_6439434.0,6439434,0.0004433048,0,,,,
3,Chr3_20612333.0,20612333,0.0004433797,0,,,,
5,Chr5_9989664.0,9989664,0.0004434045,0,,,,
3,Chr3_13154446.0,13154446,0.0004436288,0,,,,
1,Chr1_27487550.0,27487550,0.000443724,1,AT1G73080,AT1G73080,AT1G73080,0.0
3,Chr3_11133967.0,11133967,0.0004438023,0,,,,
1,Chr1_15568228.0,15568228,0.0004442124,0,,,,
2,Chr2_5019213.0,5019213,0.0004445512,0,,,,
1,Chr1_489857.0,489857,0.0004446411,0,,,,
3,Chr3_20829619.0,20829619,0.0004447419,1,AT3G56140,AT3G56140,AT3G56140,0.0
2,Chr2_17261125.0,17261125,0.0004448136,0,,,,
2,Chr2_17345918.0,17345918,0.0004450661,1,AT2G41600,AT2G41600,AT2G41600,0.0
4,Chr4_12948644.0,12948644,0.0004451214,0,,,,
2,Chr2_14997451.0,14997451,0.000445131,1,AT2G35680,AT2G35680,AT2G35680,0.0
4,Chr4_4154942.0,4154942,0.000445468,0,,,,
2,Chr2_9457467.0,9457467,0.000445591,0,,,,
4,Chr4_16841632.0,16841632,0.0004458748,1,AT4G35450,AT4G35450,AT4G35450,0.0
5,Chr5_25470257.0,25470257,0.000445988,0,,,,
5,Chr5_17370320.0,17370320,0.0004459946,0,,,,
2,Chr2_17333866.0,17333866,0.0004460308,1,AT2G41560,AT2G41560,AT2G41560,0.0
2,Chr2_17336908.0,17336908,0.0004460308,1,AT2G41560,AT2G41560,AT2G41560,0.0
5,Chr5_245074.0,245074,0.0004461878,1,AT5G01660,AT5G01660,AT5G01660,0.0
1,Chr1_4170034.0,4170034,0.0004464476,0,,,,
1,Chr1_810164.0,810164,0.000446492,1,AT1G03290,AT1G03290,AT1G03290,0.0
5,Chr5_12581754.0,12581754,0.0004465841,0,,,,
4,Chr4_2325505.0,2325505,0.0004468547,1,AT4G04610,AT4G04610,AT4G04610,0.0
4,Chr4_2328895.0,2328895,0.0004468547,1,AT4G04620,AT4G04620,AT4G04620,0.0
5,Chr5_25475852.0,25475852,0.000447065,1,AT5G63630,AT5G63630,AT5G63630,0.0
3,Chr3_15659423.0,15659423,0.0004472559,1,AT3G43790,AT3G43790,AT3G43790,0.0
2,Chr2_17165680.0,17165680,0.0004475675,1,AT2G41180,AT2G41180,AT2G41180,0.0
4,Chr4_9731603.0,9731603,0.0004477279,0,,,,
5,Chr5_1186073.0,1186073,0.0004479971,0,,,,
5,Chr5_1186074.0,1186074,0.0004479971,0,,,,
5,Chr5_1186078.0,1186078,0.0004479971,0,,,,
5,Chr5_1186107.0,1186107,0.0004479971,0,,,,
3,Chr3_9797758.0,9797758,0.0004480095,0,,,,
4,Chr4_10079866.0,10079866,0.0004480392,1,AT4G18220,AT4G18220,AT4G18220,0.0
4,Chr4_10081626.0,10081626,0.0004480392,1,AT4G18230,AT4G18230,AT4G18230,0.0
3,Chr3_15608649.0,15608649,0.000449134,0,,,,
3,Chr3_15609193.0,15609193,0.000449134,0,,,,
3,Chr3_15616359.0,15616359,0.000449134,1,AT3G43720,AT3G43720,AT3G43720,0.0
3,Chr3_15617514.0,15617514,0.000449134,0,,,,
5,Chr5_1053830.0,1053830,0.0004493935,1,AT5G03905,AT5G03905,AT5G03905,0.0
1,Chr1_4123373.0,4123373,0.0004494226,1,AT1G12140,AT1G12140,AT1G12140,0.0
4,Chr4_14863772.0,14863772,0.0004495041,0,,,,
5,Chr5_25049170.0,25049170,0.0004497668,0,,,,
2,Chr2_3604891.0,3604891,0.0004500022,0,,,,
1,Chr1_21612661.0,21612661,0.0004503044,1,AT1G58270,AT1G58270,AT1G58270,0.0
5,Chr5_492260.0,492260,0.0004510194,1,AT5G02340,AT5G02340,AT5G02340,0.0
1,Chr1_2634253.0,2634253,0.0004510988,1,AT1G08350,AT1G08350,AT1G08350,0.0
5,Chr5_11102319.0,11102319,0.0004511068,0,,,,
5,Chr5_11102347.0,11102347,0.0004511068,0,,,,
5,Chr5_11103049.0,11103049,0.0004511068,0,,,,
5,Chr5_11103766.0,11103766,0.0004511068,0,,,,
5,Chr5_11104381.0,11104381,0.0004511068,0,,,,
5,Chr5_11105443.0,11105443,0.0004511068,0,,,,
3,Chr3_15634641.0,15634641,0.0004513994,0,,,,
5,Chr5_19947510.0,19947510,0.0004514211,0,,,,
2,Chr2_19236172.0,19236172,0.0004520188,0,,,,
1,Chr1_16427032.0,16427032,0.0004522328,1,AT1G43620,AT1G43620,AT1G43620,0.0
1,Chr1_16427056.0,16427056,0.0004522328,1,AT1G43620,AT1G43620,AT1G43620,0.0
1,Chr1_16427416.0,16427416,0.0004522328,1,AT1G43620,AT1G43620,AT1G43620,0.0
1,Chr1_16427546.0,16427546,0.0004522328,1,AT1G43620,AT1G43620,AT1G43620,0.0
1,Chr1_16428093.0,16428093,0.0004522328,1,AT1G43620,AT1G43620,AT1G43620,0.0
1,Chr1_16428101.0,16428101,0.0004522328,1,AT1G43620,AT1G43620,AT1G43620,0.0
1,Chr1_16428449.0,16428449,0.0004522328,1,AT1G43620,AT1G43620,AT1G43620,0.0
1,Chr1_16428542.0,16428542,0.0004522328,1,AT1G43620,AT1G43620,AT1G43620,0.0
1,Chr1_16428601.0,16428601,0.0004522328,1,AT1G43620,AT1G43620,AT1G43620,0.0
1,Chr1_16428924.0,16428924,0.0004522328,1,AT1G43620,AT1G43620,AT1G43620,0.0
1,Chr1_17431536.0,17431536,0.0004523424,1,AT1G47497,AT1G47497,AT1G47497,0.0
5,Chr5_5437526.0,5437526,0.0004526016,0,,,,
3,Chr3_18628076.0,18628076,0.0004528699,1,AT3G50240,AT3G50240,AT3G50240,0.0
1,Chr1_1712487.0,1712487,0.0004531363,1,AT1G05700,AT1G05700,AT1G05700,0.0
4,Chr4_6281435.0,6281435,0.0004532166,0,,,,
4,Chr4_6283128.0,6283128,0.0004532166,0,,,,
4,Chr4_6283581.0,6283581,0.0004532166,0,,,,
4,Chr4_6283630.0,6283630,0.0004532166,0,,,,
4,Chr4_6284269.0,6284269,0.0004532166,0,,,,
4,Chr4_6288019.0,6288019,0.0004532166,0,,,,
4,Chr4_6288437.0,6288437,0.0004532166,0,,,,
5,Chr5_25550074.0,25550074,0.0004542431,0,,,,
5,Chr5_25550133.0,25550133,0.0004542431,0,,,,
2,Chr2_594423.0,594423,0.0004543905,0,,,,
4,Chr4_2859523.0,2859523,0.000454695,0,,,,
1,Chr1_5514822.0,5514822,0.0004551817,1,AT1G16080,AT1G16080,AT1G16080,0.0
1,Chr1_5514825.0,5514825,0.0004551817,1,AT1G16080,AT1G16080,AT1G16080,0.0
5,Chr5_20712950.0,20712950,0.0004554717,0,,,,
5,Chr5_20713229.0,20713229,0.0004554717,0,,,,
2,Chr2_2022782.0,2022782,0.0004554842,0,,,,
5,Chr5_20713799.0,20713799,0.0004555027,0,,,,
5,Chr5_20714264.0,20714264,0.0004555027,0,,,,
1,Chr1_19411137.0,19411137,0.0004555807,1,AT1G52150,AT1G52150,AT1G52150,0.0
4,Chr4_15741010.0,15741010,0.0004558771,1,AT4G32630,AT4G32630,AT4G32630,0.0
5,Chr5_9200615.0,9200615,0.0004559783,1,AT5G26260,AT5G26260,AT5G26260,0.0
4,Chr4_2013971.0,2013971,0.0004564057,0,,,,
1,Chr1_4622370.0,4622370,0.0004564449,0,,,,
3,Chr3_15825271.0,15825271,0.0004564456,1,AT3G44060,AT3G44060,AT3G44060,0.0
5,Chr5_25520240.0,25520240,0.0004569925,1,AT5G63770,AT5G63770,AT5G63770,0.0
4,Chr4_12657905.0,12657905,0.0004570497,1,AT4G24490,AT4G24490,AT4G24490,0.0
4,Chr4_12659769.0,12659769,0.0004570497,1,AT4G24500,AT4G24500,AT4G24500,0.0
4,Chr4_12659971.0,12659971,0.0004570497,1,AT4G24500,AT4G24500,AT4G24500,0.0
4,Chr4_12683001.0,12683001,0.0004570497,1,AT4G24560,AT4G24560,AT4G24560,0.0
3,Chr3_3897731.0,3897731,0.0004574003,1,AT3G12220,AT3G12220,AT3G12220,0.0
4,Chr4_7774390.0,7774390,0.0004576327,0,,,,
3,Chr3_22534604.0,22534604,0.0004577445,0,,,,
1,Chr1_11670749.0,11670749,0.0004580535,0,,,,
1,Chr1_25525707.0,25525707,0.0004581211,1,AT1G68110,AT1G68110,AT1G68110,0.0
1,Chr1_21454153.0,21454153,0.0004585815,0,,,,
5,Chr5_26726822.0,26726822,0.0004586359,1,AT5G66930,AT5G66930,AT5G66930,0.0
2,Chr2_13687183.0,13687183,0.0004589506,1,AT2G32240,AT2G32240,AT2G32240,0.0
5,Chr5_11146829.0,11146829,0.0004590277,0,,,,
4,Chr4_15714164.0,15714164,0.0004590286,1,AT4G32560,AT4G32560,AT4G32560,0.0
4,Chr4_15714247.0,15714247,0.0004590286,1,AT4G32560,AT4G32560,AT4G32560,0.0
4,Chr4_15714253.0,15714253,0.0004590286,1,AT4G32560,AT4G32560,AT4G32560,0.0
4,Chr4_15714323.0,15714323,0.0004590286,1,AT4G32560,AT4G32560,AT4G32560,0.0
4,Chr4_15714335.0,15714335,0.0004590286,1,AT4G32560,AT4G32560,AT4G32560,0.0
4,Chr4_15714470.0,15714470,0.0004590286,1,AT4G32560,AT4G32560,AT4G32560,0.0
4,Chr4_15714478.0,15714478,0.0004590286,1,AT4G32560,AT4G32560,AT4G32560,0.0
4,Chr4_15714526.0,15714526,0.0004590286,1,AT4G32560,AT4G32560,AT4G32560,0.0
4,Chr4_15716034.0,15716034,0.0004590286,1,AT4G32560,AT4G32560,AT4G32560,0.0
4,Chr4_15717823.0,15717823,0.0004590286,1,AT4G32570,AT4G32570,AT4G32570,0.0
5,Chr5_3067358.0,3067358,0.0004590644,1,AT5G09860,AT5G09860,AT5G09860,0.0
5,Chr5_16409825.0,16409825,0.0004596819,0,,,,
2,Chr2_15425844.0,15425844,0.0004598241,1,AT2G36810,AT2G36810,AT2G36810,0.0
1,Chr1_22373753.0,22373753,0.0004599069,0,,,,
2,Chr2_13439500.0,13439500,0.0004599608,1,AT2G31570,AT2G31570,AT2G31570,0.0
3,Chr3_17806912.0,17806912,0.0004600133,1,AT3G48190,AT3G48190,AT3G48190,0.0
4,Chr4_16693590.0,16693590,0.0004601349,0,,,,
4,Chr4_6228829.0,6228829,0.0004603768,1,AT4G09930,AT4G09930,AT4G09930,0.0
4,Chr4_6228923.0,6228923,0.0004603768,1,AT4G09930,AT4G09930,AT4G09930,0.0
2,Chr2_16077315.0,16077315,0.0004603783,1,AT2G38380,AT2G38380,AT2G38380,0.0
4,Chr4_2352131.0,2352131,0.0004605985,0,,,,
4,Chr4_2354269.0,2354269,0.0004605985,1,AT4G04650,AT4G04650,AT4G04650,0.0
4,Chr4_2354594.0,2354594,0.0004605985,1,AT4G04650,AT4G04650,AT4G04650,0.0
4,Chr4_2354635.0,2354635,0.0004605985,1,AT4G04650,AT4G04650,AT4G04650,0.0
4,Chr4_2357748.0,2357748,0.0004605985,0,,,,
4,Chr4_2359587.0,2359587,0.0004605985,0,,,,
4,Chr4_2363753.0,2363753,0.0004605985,0,,,,
4,Chr4_2365837.0,2365837,0.0004605985,0,,,,
4,Chr4_2366741.0,2366741,0.0004605985,0,,,,
4,Chr4_2366980.0,2366980,0.0004605985,0,,,,
4,Chr4_2869494.0,2869494,0.0004606657,0,,,,
4,Chr4_3143309.0,3143309,0.0004606657,0,,,,
4,Chr4_7924888.0,7924888,0.0004608751,1,AT4G13615,AT4G13615,AT4G13615,0.0
4,Chr4_959546.0,959546,0.0004610812,0,,,,
2,Chr2_14990379.0,14990379,0.0004612313,2,AT2G35658;AT2G35660,AT2G35658,AT2G35658,0.0
1,Chr1_15417123.0,15417123,0.0004612574,0,,,,
1,Chr1_4193848.0,4193848,0.0004613735,0,,,,
3,Chr3_18839571.0,18839571,0.0004616601,0,,,,
3,Chr3_18839595.0,18839595,0.0004616601,0,,,,
3,Chr3_18839617.0,18839617,0.0004616601,0,,,,
3,Chr3_18839621.0,18839621,0.0004616601,0,,,,
3,Chr3_18839632.0,18839632,0.0004616601,0,,,,
3,Chr3_18839652.0,18839652,0.0004616601,0,,,,
3,Chr3_18839722.0,18839722,0.0004616601,0,,,,
5,Chr5_11349459.0,11349459,0.0004617979,0,,,,
4,Chr4_9370276.0,9370276,0.0004628345,0,,,,
5,Chr5_11086976.0,11086976,0.0004628879,0,,,,
5,Chr5_10773888.0,10773888,0.0004629941,0,,,,
3,Chr3_16292833.0,16292833,0.0004631026,0,,,,
5,Chr5_13893699.0,13893699,0.0004634009,0,,,,
4,Chr4_2419821.0,2419821,0.0004636242,1,AT4G04750,AT4G04750,AT4G04750,0.0
2,Chr2_410194.0,410194,0.0004637461,0,,,,
5,Chr5_9837561.0,9837561,0.0004637753,0,,,,
5,Chr5_12155770.0,12155770,0.0004638874,0,,,,
4,Chr4_10140962.0,10140962,0.000463961,0,,,,
2,Chr2_6705885.0,6705885,0.0004641017,0,,,,
2,Chr2_5407151.0,5407151,0.0004646294,0,,,,
1,Chr1_44825.0,44825,0.0004648614,0,,,,
5,Chr5_7041862.0,7041862,0.0004650996,0,,,,
5,Chr5_11956873.0,11956873,0.0004654712,0,,,,
5,Chr5_11956877.0,11956877,0.0004654712,0,,,,
5,Chr5_11956878.0,11956878,0.0004654712,0,,,,
5,Chr5_18956064.0,18956064,0.0004655092,0,,,,
4,Chr4_13113123.0,13113123,0.0004655662,0,,,,
4,Chr4_13113238.0,13113238,0.0004655662,0,,,,
5,Chr5_5447252.0,5447252,0.0004655669,1,AT5G16610,AT5G16610,AT5G16610,0.0
4,Chr4_6444037.0,6444037,0.0004657196,0,,,,
4,Chr4_4171516.0,4171516,0.0004663523,0,,,,
5,Chr5_11529294.0,11529294,0.0004666913,0,,,,
4,Chr4_17591752.0,17591752,0.0004667462,2,AT4G37409;AT4G37410,AT4G37409,AT4G37409,0.0
3,Chr3_3012844.0,3012844,0.0004667591,1,AT3G09820,AT3G09820,AT3G09820,0.0
2,Chr2_847682.0,847682,0.0004672765,1,AT2G02910,AT2G02910,AT2G02910,0.0
2,Chr2_848796.0,848796,0.0004672765,1,AT2G02910,AT2G02910,AT2G02910,0.0
3,Chr3_15968355.0,15968355,0.0004675187,0,,,,
5,Chr5_5122190.0,5122190,0.0004675299,0,,,,
1,Chr1_4554381.0,4554381,0.0004676471,0,,,,
1,Chr1_4554646.0,4554646,0.0004676471,0,,,,
1,Chr1_4554971.0,4554971,0.0004676471,0,,,,
4,Chr4_2419495.0,2419495,0.0004676627,1,AT4G04750,AT4G04750,AT4G04750,0.0
4,Chr4_2419773.0,2419773,0.0004676627,1,AT4G04750,AT4G04750,AT4G04750,0.0
4,Chr4_2420310.0,2420310,0.0004676627,1,AT4G04750,AT4G04750,AT4G04750,0.0
4,Chr4_2420441.0,2420441,0.0004676627,1,AT4G04750,AT4G04750,AT4G04750,0.0
2,Chr2_11882514.0,11882514,0.0004678816,1,AT2G27900,AT2G27900,AT2G27900,0.0
2,Chr2_11883610.0,11883610,0.0004678816,1,AT2G27900,AT2G27900,AT2G27900,0.0
2,Chr2_111420.0,111420,0.0004680129,0,,,,
2,Chr2_8032496.0,8032496,0.0004681089,1,AT2G18510,AT2G18510,AT2G18510,0.0
2,Chr2_8036569.0,8036569,0.0004681089,0,,,,
2,Chr2_8036834.0,8036834,0.0004681089,0,,,,
2,Chr2_8039607.0,8039607,0.0004681089,0,,,,
2,Chr2_8039948.0,8039948,0.0004681089,1,AT2G18530,AT2G18530,AT2G18530,0.0
2,Chr2_8040586.0,8040586,0.0004681089,1,AT2G18530,AT2G18530,AT2G18530,0.0
2,Chr2_8041646.0,8041646,0.0004681089,0,,,,
2,Chr2_8042565.0,8042565,0.0004681089,1,AT2G18540,AT2G18540,AT2G18540,0.0
2,Chr2_8047951.0,8047951,0.0004681089,0,,,,
4,Chr4_17383395.0,17383395,0.0004682568,0,,,,
4,Chr4_8626164.0,8626164,0.0004682653,1,AT4G15100,AT4G15100,AT4G15100,0.0
5,Chr5_5096876.0,5096876,0.0004682945,1,AT5G15660,AT5G15660,AT5G15660,0.0
5,Chr5_5098938.0,5098938,0.0004682945,0,,,,
5,Chr5_5099072.0,5099072,0.0004682945,0,,,,
3,Chr3_20437184.0,20437184,0.0004684844,0,,,,
3,Chr3_20437188.0,20437188,0.0004684844,0,,,,
5,Chr5_10629382.0,10629382,0.0004688436,0,,,,
4,Chr4_458830.0,458830,0.0004688438,0,,,,
3,Chr3_17662620.0,17662620,0.0004688772,0,,,,
3,Chr3_17671323.0,17671323,0.0004688772,1,AT3G47890,AT3G47890,AT3G47890,0.0
3,Chr3_17683215.0,17683215,0.0004688772,1,AT3G47920,AT3G47920,AT3G47920,0.0
4,Chr4_17653792.0,17653792,0.0004691007,0,,,,
2,Chr2_15550647.0,15550647,0.0004691761,1,AT2G37025,AT2G37025,AT2G37025,0.0
2,Chr2_4839441.0,4839441,0.000469279,0,,,,
1,Chr1_27992468.0,27992468,0.0004694702,1,AT1G74470,AT1G74470,AT1G74470,0.0
2,Chr2_4778313.0,4778313,0.0004694801,0,,,,
3,Chr3_15614862.0,15614862,0.0004696762,0,,,,
5,Chr5_18979961.0,18979961,0.0004697259,1,AT5G46780,AT5G46780,AT5G46780,0.0
5,Chr5_2361274.0,2361274,0.0004698481,1,AT5G07460,AT5G07460,AT5G07460,0.0
1,Chr1_26154394.0,26154394,0.0004702252,0,,,,
2,Chr2_2350123.0,2350123,0.0004708087,1,AT2G06025,AT2G06025,AT2G06025,0.0
1,Chr1_17201456.0,17201456,0.0004709731,0,,,,
1,Chr1_7833248.0,7833248,0.0004711786,0,,,,
1,Chr1_4201155.0,4201155,0.0004712519,1,AT1G12360,AT1G12360,AT1G12360,0.0
5,Chr5_12437522.0,12437522,0.0004712599,0,,,,
5,Chr5_26742911.0,26742911,0.0004714564,0,,,,
5,Chr5_24441247.0,24441247,0.0004715396,1,AT5G60760,AT5G60760,AT5G60760,0.0
5,Chr5_17460501.0,17460501,0.0004716506,1,AT5G43460,AT5G43460,AT5G43460,0.0
5,Chr5_26812678.0,26812678,0.0004718533,0,,,,
2,Chr2_15517275.0,15517275,0.0004719494,0,,,,
5,Chr5_10893898.0,10893898,0.0004721281,0,,,,
5,Chr5_10894770.0,10894770,0.0004721281,0,,,,
5,Chr5_10896935.0,10896935,0.0004721281,1,AT5G28885,AT5G28885,AT5G28885,0.0
5,Chr5_10914930.0,10914930,0.0004721281,0,,,,
5,Chr5_10915849.0,10915849,0.0004721281,0,,,,
5,Chr5_10915880.0,10915880,0.0004721281,0,,,,
5,Chr5_10917988.0,10917988,0.0004721281,0,,,,
5,Chr5_10918693.0,10918693,0.0004721281,0,,,,
5,Chr5_10934029.0,10934029,0.0004721281,0,,,,
5,Chr5_10934150.0,10934150,0.0004721281,0,,,,
5,Chr5_10935058.0,10935058,0.0004721281,0,,,,
5,Chr5_10936034.0,10936034,0.0004721281,0,,,,
5,Chr5_10938580.0,10938580,0.0004721281,0,,,,
5,Chr5_10976526.0,10976526,0.0004721281,0,,,,
5,Chr5_10980829.0,10980829,0.0004721281,0,,,,
5,Chr5_10988625.0,10988625,0.0004721281,0,,,,
5,Chr5_10998947.0,10998947,0.0004721281,0,,,,
5,Chr5_11033498.0,11033498,0.0004721281,0,,,,
5,Chr5_11037061.0,11037061,0.0004721281,0,,,,
5,Chr5_11041877.0,11041877,0.0004721281,0,,,,
5,Chr5_11058174.0,11058174,0.0004721281,0,,,,
5,Chr5_11061813.0,11061813,0.0004721281,0,,,,
5,Chr5_11066885.0,11066885,0.0004721281,0,,,,
5,Chr5_11067841.0,11067841,0.0004721281,0,,,,
5,Chr5_11068044.0,11068044,0.0004721281,0,,,,
5,Chr5_11073323.0,11073323,0.0004721281,0,,,,
5,Chr5_11086091.0,11086091,0.0004721281,0,,,,
5,Chr5_11112398.0,11112398,0.0004721281,0,,,,
5,Chr5_11113657.0,11113657,0.0004721281,0,,,,
5,Chr5_11115811.0,11115811,0.0004721281,0,,,,
5,Chr5_11127005.0,11127005,0.0004721281,0,,,,
5,Chr5_11129568.0,11129568,0.0004721281,0,,,,
5,Chr5_11129837.0,11129837,0.0004721281,0,,,,
5,Chr5_11131474.0,11131474,0.0004721281,0,,,,
5,Chr5_11145258.0,11145258,0.0004721281,0,,,,
5,Chr5_11145474.0,11145474,0.0004721281,0,,,,
5,Chr5_11149724.0,11149724,0.0004721281,0,,,,
5,Chr5_11150798.0,11150798,0.0004721281,0,,,,
5,Chr5_11152761.0,11152761,0.0004721281,0,,,,
5,Chr5_11153882.0,11153882,0.0004721281,1,AT5G29210,AT5G29210,AT5G29210,0.0
5,Chr5_11153910.0,11153910,0.0004721281,1,AT5G29210,AT5G29210,AT5G29210,0.0
5,Chr5_11163183.0,11163183,0.0004721281,0,,,,
5,Chr5_11171428.0,11171428,0.0004721281,0,,,,
5,Chr5_11299080.0,11299080,0.0004721281,0,,,,
5,Chr5_11299909.0,11299909,0.0004721281,0,,,,
5,Chr5_11333895.0,11333895,0.0004721281,0,,,,
5,Chr5_11336489.0,11336489,0.0004721281,0,,,,
5,Chr5_11338704.0,11338704,0.0004721281,0,,,,
5,Chr5_11339791.0,11339791,0.0004721281,0,,,,
5,Chr5_11360961.0,11360961,0.0004721281,0,,,,
5,Chr5_11429139.0,11429139,0.0004721281,0,,,,
5,Chr5_11429545.0,11429545,0.0004721281,0,,,,
5,Chr5_11430395.0,11430395,0.0004721281,0,,,,
5,Chr5_11430396.0,11430396,0.0004721281,0,,,,
5,Chr5_11431842.0,11431842,0.0004721281,0,,,,
5,Chr5_11437271.0,11437271,0.0004721281,0,,,,
5,Chr5_11439197.0,11439197,0.0004721281,0,,,,
5,Chr5_11442710.0,11442710,0.0004721281,0,,,,
5,Chr5_11445514.0,11445514,0.0004721281,0,,,,
5,Chr5_11448660.0,11448660,0.0004721281,0,,,,
5,Chr5_11449708.0,11449708,0.0004721281,0,,,,
5,Chr5_11476033.0,11476033,0.0004721281,0,,,,
5,Chr5_11476601.0,11476601,0.0004721281,0,,,,
5,Chr5_11483806.0,11483806,0.0004721281,0,,,,
5,Chr5_11612574.0,11612574,0.0004721281,1,AT5G30490,AT5G30490,AT5G30490,0.0
5,Chr5_11614757.0,11614757,0.0004721281,0,,,,
5,Chr5_11620312.0,11620312,0.0004721281,1,AT5G30510,AT5G30510,AT5G30510,0.0
5,Chr5_11621330.0,11621330,0.0004721281,0,,,,
5,Chr5_11621563.0,11621563,0.0004721281,0,,,,
5,Chr5_11658206.0,11658206,0.0004721281,0,,,,
5,Chr5_11658475.0,11658475,0.0004721281,0,,,,
5,Chr5_11659159.0,11659159,0.0004721281,0,,,,
5,Chr5_11659701.0,11659701,0.0004721281,0,,,,
5,Chr5_11659789.0,11659789,0.0004721281,0,,,,
5,Chr5_11660122.0,11660122,0.0004721281,0,,,,
5,Chr5_11667274.0,11667274,0.0004721281,0,,,,
5,Chr5_11903754.0,11903754,0.0004721281,0,,,,
5,Chr5_11908817.0,11908817,0.0004721281,0,,,,
5,Chr5_12024402.0,12024402,0.0004721281,0,,,,
5,Chr5_12025682.0,12025682,0.0004721281,0,,,,
5,Chr5_12026449.0,12026449,0.0004721281,0,,,,
5,Chr5_12063671.0,12063671,0.0004721281,0,,,,
5,Chr5_12064833.0,12064833,0.0004721281,0,,,,
5,Chr5_12090256.0,12090256,0.0004721281,0,,,,
5,Chr5_12096358.0,12096358,0.0004721281,0,,,,
5,Chr5_12155575.0,12155575,0.0004721281,0,,,,
5,Chr5_12156448.0,12156448,0.0004721281,0,,,,
5,Chr5_12156567.0,12156567,0.0004721281,0,,,,
5,Chr5_12178347.0,12178347,0.0004721281,0,,,,
5,Chr5_12196752.0,12196752,0.0004721281,0,,,,
5,Chr5_12221946.0,12221946,0.0004721281,1,AT5G32590,AT5G32590,AT5G32590,0.0
5,Chr5_12224388.0,12224388,0.0004721281,0,,,,
5,Chr5_12244476.0,12244476,0.0004721281,0,,,,
5,Chr5_12244487.0,12244487,0.0004721281,0,,,,
5,Chr5_12247209.0,12247209,0.0004721281,0,,,,
5,Chr5_12248174.0,12248174,0.0004721281,0,,,,
5,Chr5_12254402.0,12254402,0.0004721281,0,,,,
5,Chr5_12254793.0,12254793,0.0004721281,0,,,,
5,Chr5_12259980.0,12259980,0.0004721281,0,,,,
5,Chr5_12273990.0,12273990,0.0004721281,0,,,,
5,Chr5_12274364.0,12274364,0.0004721281,0,,,,
5,Chr5_12275789.0,12275789,0.0004721281,0,,,,
5,Chr5_12275802.0,12275802,0.0004721281,0,,,,
5,Chr5_12283708.0,12283708,0.0004721281,0,,,,
5,Chr5_12291831.0,12291831,0.0004721281,0,,,,
5,Chr5_12311377.0,12311377,0.0004721281,0,,,,
5,Chr5_12664956.0,12664956,0.0004721281,0,,,,
5,Chr5_12665569.0,12665569,0.0004721281,0,,,,
5,Chr5_12668773.0,12668773,0.0004721281,0,,,,
5,Chr5_12675241.0,12675241,0.0004721281,0,,,,
5,Chr5_12676662.0,12676662,0.0004721281,1,AT5G33406,AT5G33406,AT5G33406,0.0
5,Chr5_12904375.0,12904375,0.0004721281,0,,,,
5,Chr5_12904538.0,12904538,0.0004721281,0,,,,
5,Chr5_12906129.0,12906129,0.0004721281,0,,,,
5,Chr5_12907609.0,12907609,0.0004721281,0,,,,
5,Chr5_12909350.0,12909350,0.0004721281,0,,,,
5,Chr5_12974838.0,12974838,0.0004721281,0,,,,
5,Chr5_12975512.0,12975512,0.0004721281,0,,,,
5,Chr5_12977029.0,12977029,0.0004721281,0,,,,
5,Chr5_12978265.0,12978265,0.0004721281,0,,,,
5,Chr5_12978719.0,12978719,0.0004721281,0,,,,
5,Chr5_12983089.0,12983089,0.0004721281,0,,,,
1,Chr1_23570502.0,23570502,0.0004721544,1,AT1G63550,AT1G63550,AT1G63550,0.0
5,Chr5_11136402.0,11136402,0.0004727248,0,,,,
5,Chr5_10999238.0,10999238,0.0004728629,0,,,,
1,Chr1_24409914.0,24409914,0.0004728939,0,,,,
1,Chr1_27118955.0,27118955,0.0004729451,2,AT1G72060;AT1G72070,AT1G72060,AT1G72060,0.0
5,Chr5_20944476.0,20944476,0.0004730226,0,,,,
2,Chr2_1096065.0,1096065,0.0004732169,1,AT2G03590,AT2G03590,AT2G03590,0.0
2,Chr2_13404288.0,13404288,0.0004734245,0,,,,
2,Chr2_716312.0,716312,0.0004734713,0,,,,
5,Chr5_6447198.0,6447198,0.0004738457,1,AT5G19170,AT5G19170,AT5G19170,0.0
1,Chr1_1000383.0,1000383,0.0004738848,1,AT1G03910,AT1G03910,AT1G03910,0.0
3,Chr3_7845398.0,7845398,0.0004739439,0,,,,
1,Chr1_27979725.0,27979725,0.0004741876,1,AT1G74440,AT1G74440,AT1G74440,0.0
1,Chr1_11246317.0,11246317,0.0004743336,1,AT1G31400,AT1G31400,AT1G31400,0.0
4,Chr4_2027516.0,2027516,0.0004745534,1,AT4G04200,AT4G04200,AT4G04200,0.0
1,Chr1_4097522.0,4097522,0.0004745697,0,,,,
1,Chr1_6429828.0,6429828,0.0004748653,1,AT1G18670,AT1G18670,AT1G18670,0.0
1,Chr1_6429843.0,6429843,0.0004748653,1,AT1G18670,AT1G18670,AT1G18670,0.0
1,Chr1_6429848.0,6429848,0.0004748653,1,AT1G18670,AT1G18670,AT1G18670,0.0
1,Chr1_4107796.0,4107796,0.0004753888,1,AT1G12110,AT1G12110,AT1G12110,0.0
3,Chr3_19638708.0,19638708,0.0004759114,0,,,,
3,Chr3_19637412.0,19637412,0.0004759637,0,,,,
3,Chr3_19637911.0,19637911,0.0004759637,0,,,,
4,Chr4_7232864.0,7232864,0.0004764503,2,AT4G12065;AT4G12070,AT4G12065,AT4G12065,0.0
1,Chr1_12392868.0,12392868,0.0004764906,0,,,,
2,Chr2_5835446.0,5835446,0.0004765351,0,,,,
4,Chr4_17212100.0,17212100,0.0004765627,0,,,,
4,Chr4_17340262.0,17340262,0.0004767001,0,,,,
4,Chr4_7082729.0,7082729,0.000476838,1,AT4G11770,AT4G11770,AT4G11770,0.0
1,Chr1_3107718.0,3107718,0.0004769644,1,AT1G09590,AT1G09590,AT1G09590,0.0
5,Chr5_10904070.0,10904070,0.000477105,0,,,,
5,Chr5_11097805.0,11097805,0.000477105,0,,,,
5,Chr5_12264391.0,12264391,0.000477105,1,AT5G32613,AT5G32613,AT5G32613,0.0
5,Chr5_12938423.0,12938423,0.000477105,0,,,,
5,Chr5_12938611.0,12938611,0.000477105,0,,,,
5,Chr5_15461779.0,15461779,0.0004771417,0,,,,
4,Chr4_7927134.0,7927134,0.0004773785,0,,,,
1,Chr1_25536504.0,25536504,0.0004776144,0,,,,
1,Chr1_18297388.0,18297388,0.0004776806,0,,,,
1,Chr1_1487013.0,1487013,0.0004777075,0,,,,
5,Chr5_9921011.0,9921011,0.0004777709,0,,,,
1,Chr1_21719735.0,21719735,0.0004780556,0,,,,
2,Chr2_5938732.0,5938732,0.0004785203,0,,,,
2,Chr2_5939628.0,5939628,0.0004785203,0,,,,
2,Chr2_5940710.0,5940710,0.0004785203,0,,,,
4,Chr4_10135863.0,10135863,0.000479138,0,,,,
3,Chr3_12368597.0,12368597,0.0004793757,0,,,,
1,Chr1_27987606.0,27987606,0.000479581,1,AT1G74458,AT1G74458,AT1G74458,0.0
3,Chr3_15659795.0,15659795,0.00047965,1,AT3G43790,AT3G43790,AT3G43790,0.0
3,Chr3_15659873.0,15659873,0.00047965,1,AT3G43790,AT3G43790,AT3G43790,0.0
4,Chr4_766605.0,766605,0.000480016,1,AT4G01770,AT4G01770,AT4G01770,0.0
5,Chr5_18909457.0,18909457,0.0004800764,1,AT5G46600,AT5G46600,AT5G46600,0.0
2,Chr2_13201544.0,13201544,0.0004802273,1,AT2G31018,AT2G31018,AT2G31018,0.0
5,Chr5_18876081.0,18876081,0.0004807679,1,AT5G46530,AT5G46530,AT5G46530,0.0
5,Chr5_869906.0,869906,0.0004808223,1,AT5G03480,AT5G03480,AT5G03480,0.0
5,Chr5_13773402.0,13773402,0.0004810213,0,,,,
5,Chr5_5819984.0,5819984,0.0004811238,1,AT5G17660,AT5G17660,AT5G17660,0.0
5,Chr5_22834950.0,22834950,0.0004815754,0,,,,
2,Chr2_13547191.0,13547191,0.0004818776,1,AT2G31865,AT2G31865,AT2G31865,0.0
5,Chr5_13780315.0,13780315,0.0004823294,0,,,,
3,Chr3_14895599.0,14895599,0.0004825213,0,,,,
3,Chr3_20464520.0,20464520,0.0004831478,1,AT3G55200,AT3G55200,AT3G55200,0.0
5,Chr5_18981667.0,18981667,0.0004834024,0,,,,
2,Chr2_13005184.0,13005184,0.0004835484,1,AT2G30520,AT2G30520,AT2G30520,0.0
5,Chr5_18959601.0,18959601,0.000483672,1,AT5G46720,AT5G46720,AT5G46720,0.0
1,Chr1_25997226.0,25997226,0.0004837466,0,,,,
4,Chr4_15714092.0,15714092,0.0004837672,1,AT4G32560,AT4G32560,AT4G32560,0.0
4,Chr4_15716220.0,15716220,0.0004837672,1,AT4G32560,AT4G32560,AT4G32560,0.0
4,Chr4_15717505.0,15717505,0.0004837672,1,AT4G32570,AT4G32570,AT4G32570,0.0
4,Chr4_15717541.0,15717541,0.0004837672,1,AT4G32570,AT4G32570,AT4G32570,0.0
4,Chr4_15717549.0,15717549,0.0004837672,1,AT4G32570,AT4G32570,AT4G32570,0.0
4,Chr4_15717552.0,15717552,0.0004837672,1,AT4G32570,AT4G32570,AT4G32570,0.0
4,Chr4_15717565.0,15717565,0.0004837672,1,AT4G32570,AT4G32570,AT4G32570,0.0
4,Chr4_15717571.0,15717571,0.0004837672,1,AT4G32570,AT4G32570,AT4G32570,0.0
4,Chr4_15717635.0,15717635,0.0004837672,1,AT4G32570,AT4G32570,AT4G32570,0.0
4,Chr4_15717644.0,15717644,0.0004837672,1,AT4G32570,AT4G32570,AT4G32570,0.0
4,Chr4_15717659.0,15717659,0.0004837672,1,AT4G32570,AT4G32570,AT4G32570,0.0
4,Chr4_15717970.0,15717970,0.0004837672,1,AT4G32570,AT4G32570,AT4G32570,0.0
4,Chr4_15718041.0,15718041,0.0004837672,1,AT4G32570,AT4G32570,AT4G32570,0.0
2,Chr2_12923445.0,12923445,0.0004843864,1,AT2G30310,AT2G30310,AT2G30310,0.0
2,Chr2_12924670.0,12924670,0.0004843864,0,,,,
2,Chr2_12930025.0,12930025,0.0004843864,0,,,,
2,Chr2_12931959.0,12931959,0.0004843864,1,AT2G30340,AT2G30340,AT2G30340,0.0
4,Chr4_13118103.0,13118103,0.0004844211,1,AT4G25770,AT4G25770,AT4G25770,0.0
4,Chr4_6285387.0,6285387,0.0004844668,1,AT4G10050,AT4G10050,AT4G10050,0.0
5,Chr5_11518802.0,11518802,0.0004848849,0,,,,
2,Chr2_17350059.0,17350059,0.0004850161,1,AT2G41620,AT2G41620,AT2G41620,0.0
5,Chr5_20945861.0,20945861,0.0004855173,1,AT5G51560,AT5G51560,AT5G51560,0.0
1,Chr1_23571556.0,23571556,0.0004858448,0,,,,
3,Chr3_22714300.0,22714300,0.0004859338,0,,,,
4,Chr4_6766807.0,6766807,0.0004860758,0,,,,
1,Chr1_15014886.0,15014886,0.0004861531,0,,,,
2,Chr2_7702774.0,7702774,0.0004861539,0,,,,
3,Chr3_15643465.0,15643465,0.0004861786,0,,,,
3,Chr3_15643998.0,15643998,0.0004861786,0,,,,
3,Chr3_15644912.0,15644912,0.0004861786,1,AT3G43740,AT3G43740,AT3G43740,0.0
3,Chr3_15645373.0,15645373,0.0004861786,1,AT3G43740,AT3G43740,AT3G43740,0.0
5,Chr5_7674087.0,7674087,0.0004862379,0,,,,
5,Chr5_9836749.0,9836749,0.0004864921,1,AT5G27770,AT5G27770,AT5G27770,0.0
5,Chr5_9843110.0,9843110,0.0004864921,1,AT5G27800,AT5G27800,AT5G27800,0.0
5,Chr5_9844706.0,9844706,0.0004864921,0,,,,
1,Chr1_21382354.0,21382354,0.0004867328,0,,,,
1,Chr1_21393813.0,21393813,0.0004867328,1,AT1G57765,AT1G57765,AT1G57765,0.0
1,Chr1_21402681.0,21402681,0.0004867328,0,,,,
2,Chr2_4334863.0,4334863,0.0004868766,0,,,,
5,Chr5_11311576.0,11311576,0.0004868968,0,,,,
5,Chr5_11313224.0,11313224,0.0004868968,0,,,,
5,Chr5_11313388.0,11313388,0.0004868968,0,,,,
5,Chr5_11313456.0,11313456,0.0004868968,0,,,,
5,Chr5_11313961.0,11313961,0.0004868968,0,,,,
1,Chr1_10374212.0,10374212,0.0004869584,0,,,,
1,Chr1_10374231.0,10374231,0.0004869584,0,,,,
1,Chr1_10375360.0,10375360,0.0004869584,0,,,,
1,Chr1_22373533.0,22373533,0.000487055,0,,,,
2,Chr2_13434157.0,13434157,0.0004870676,1,AT2G31550,AT2G31550,AT2G31550,0.0
2,Chr2_13434165.0,13434165,0.0004870676,1,AT2G31550,AT2G31550,AT2G31550,0.0
3,Chr3_20440353.0,20440353,0.0004871253,1,AT3G55140,AT3G55140,AT3G55140,0.0
1,Chr1_23570749.0,23570749,0.0004875979,1,AT1G63550,AT1G63550,AT1G63550,0.0
1,Chr1_4111211.0,4111211,0.0004876831,0,,,,
2,Chr2_3204182.0,3204182,0.0004879162,0,,,,
4,Chr4_1897776.0,1897776,0.0004882418,0,,,,
4,Chr4_15367682.0,15367682,0.0004883311,1,AT4G31750,AT4G31750,AT4G31750,0.0
3,Chr3_9108563.0,9108563,0.0004883591,1,AT3G24982,AT3G24982,AT3G24982,0.0
5,Chr5_6938187.0,6938187,0.0004885243,0,,,,
1,Chr1_4193404.0,4193404,0.0004887643,0,,,,
1,Chr1_24922407.0,24922407,0.0004887767,0,,,,
1,Chr1_24922413.0,24922413,0.0004887767,0,,,,
1,Chr1_24922422.0,24922422,0.0004887767,0,,,,
5,Chr5_6801719.0,6801719,0.0004889851,0,,,,
3,Chr3_6532631.0,6532631,0.0004891404,0,,,,
1,Chr1_28520849.0,28520849,0.0004893509,0,,,,
4,Chr4_15381800.0,15381800,0.0004895991,0,,,,
1,Chr1_5514814.0,5514814,0.00049002,1,AT1G16080,AT1G16080,AT1G16080,0.0
1,Chr1_25525716.0,25525716,0.0004902489,1,AT1G68110,AT1G68110,AT1G68110,0.0
4,Chr4_9691218.0,9691218,0.0004906849,1,AT4G17330,AT4G17330,AT4G17330,0.0
3,Chr3_15417507.0,15417507,0.0004907997,0,,,,
3,Chr3_15417729.0,15417729,0.0004907997,0,,,,
3,Chr3_14740613.0,14740613,0.0004909781,0,,,,
4,Chr4_10341513.0,10341513,0.0004912073,0,,,,
4,Chr4_10341661.0,10341661,0.0004912073,0,,,,
4,Chr4_10342551.0,10342551,0.0004912073,0,,,,
4,Chr4_10343544.0,10343544,0.0004912073,0,,,,
5,Chr5_9999985.0,9999985,0.0004913209,0,,,,
1,Chr1_12387240.0,12387240,0.0004913262,0,,,,
3,Chr3_9785461.0,9785461,0.0004913376,0,,,,
4,Chr4_2074503.0,2074503,0.0004919956,0,,,,
2,Chr2_9087561.0,9087561,0.0004921503,0,,,,
2,Chr2_9087562.0,9087562,0.0004921503,0,,,,
2,Chr2_9093438.0,9093438,0.0004922006,0,,,,
4,Chr4_14861785.0,14861785,0.0004923607,0,,,,
5,Chr5_18979682.0,18979682,0.0004925274,1,AT5G46780,AT5G46780,AT5G46780,0.0
2,Chr2_16692840.0,16692840,0.0004925335,0,,,,
5,Chr5_13315870.0,13315870,0.0004926158,0,,,,
5,Chr5_13315874.0,13315874,0.0004926158,0,,,,
5,Chr5_13315897.0,13315897,0.0004926158,0,,,,
5,Chr5_13315990.0,13315990,0.0004926158,0,,,,
5,Chr5_13316027.0,13316027,0.0004926158,0,,,,
5,Chr5_13316105.0,13316105,0.0004926158,0,,,,
5,Chr5_871882.0,871882,0.0004928411,1,AT5G03490,AT5G03490,AT5G03490,0.0
1,Chr1_2587596.0,2587596,0.0004928959,0,,,,
2,Chr2_630252.0,630252,0.0004933235,1,AT2G02390,AT2G02390,AT2G02390,0.0
1,Chr1_26608442.0,26608442,0.0004934413,0,,,,
2,Chr2_9093604.0,9093604,0.0004935163,0,,,,
5,Chr5_2488790.0,2488790,0.0004938001,1,AT5G07800,AT5G07800,AT5G07800,0.0
1,Chr1_5501262.0,5501262,0.0004942279,1,AT1G16020,AT1G16020,AT1G16020,0.0
1,Chr1_5501929.0,5501929,0.0004942279,2,AT1G16022;AT1G16025,AT1G16022,AT1G16022,0.0
1,Chr1_5502324.0,5502324,0.0004942279,1,AT1G16030,AT1G16030,AT1G16030,0.0
1,Chr1_173564.0,173564,0.0004943128,0,,,,
5,Chr5_11584653.0,11584653,0.0004944244,0,,,,
5,Chr5_5361555.0,5361555,0.0004951012,1,AT5G16390,AT5G16390,AT5G16390,0.0
4,Chr4_15846438.0,15846438,0.0004952531,1,AT4G32840,AT4G32840,AT4G32840,0.0
3,Chr3_9915033.0,9915033,0.0004958411,0,,,,
1,Chr1_22099510.0,22099510,0.0004960216,0,,,,
5,Chr5_10802241.0,10802241,0.0004968337,0,,,,
5,Chr5_10804582.0,10804582,0.0004968337,0,,,,
5,Chr5_10806405.0,10806405,0.0004968337,0,,,,
5,Chr5_4176153.0,4176153,0.0004971167,0,,,,
5,Chr5_10992602.0,10992602,0.0004971813,1,AT5G28950,AT5G28950,AT5G28950,0.0
5,Chr5_5361537.0,5361537,0.0004971987,1,AT5G16390,AT5G16390,AT5G16390,0.0
3,Chr3_10205529.0,10205529,0.0004973949,1,AT3G27540,AT3G27540,AT3G27540,0.0
1,Chr1_175101.0,175101,0.0004976576,0,,,,
4,Chr4_6676418.0,6676418,0.0004982906,1,AT4G10850,AT4G10850,AT4G10850,0.0
4,Chr4_6678208.0,6678208,0.0004982906,0,,,,
2,Chr2_7016364.0,7016364,0.0004984807,0,,,,
3,Chr3_15233095.0,15233095,0.0004984887,0,,,,
1,Chr1_7843856.0,7843856,0.0004985056,1,AT1G22210,AT1G22210,AT1G22210,0.0
3,Chr3_15587168.0,15587168,0.000498742,0,,,,
4,Chr4_1978953.0,1978953,0.0004989434,0,,,,
2,Chr2_932861.0,932861,0.0004990526,0,,,,
1,Chr1_24468084.0,24468084,0.0004995795,0,,,,
4,Chr4_10099345.0,10099345,0.0004997544,1,AT4G18270,AT4G18270,AT4G18270,0.0
4,Chr4_10101456.0,10101456,0.0004997544,1,AT4G18270,AT4G18270,AT4G18270,0.0
2,Chr2_18090960.0,18090960,0.00050024,0,,,,
2,Chr2_18090966.0,18090966,0.00050024,0,,,,
2,Chr2_18090970.0,18090970,0.00050024,0,,,,
2,Chr2_18090977.0,18090977,0.00050024,0,,,,
2,Chr2_18090989.0,18090989,0.00050024,0,,,,
2,Chr2_18090992.0,18090992,0.00050024,0,,,,
2,Chr2_18090996.0,18090996,0.00050024,0,,,,
5,Chr5_22413105.0,22413105,0.0005003436,0,,,,
1,Chr1_968914.0,968914,0.0005003778,1,AT1G03840,AT1G03840,AT1G03840,0.0
3,Chr3_8201102.0,8201102,0.0005007459,1,AT3G23060,AT3G23060,AT3G23060,0.0
2,Chr2_5378836.0,5378836,0.0005008285,0,,,,
3,Chr3_9786449.0,9786449,0.0005009732,0,,,,
3,Chr3_15527185.0,15527185,0.0005010164,0,,,,
3,Chr3_15527248.0,15527248,0.0005010164,0,,,,
1,Chr1_18475160.0,18475160,0.0005010711,1,AT1G49900,AT1G49900,AT1G49900,0.0
5,Chr5_17884269.0,17884269,0.0005011554,1,AT5G44390,AT5G44390,AT5G44390,0.0
5,Chr5_24342983.0,24342983,0.0005011788,0,,,,
4,Chr4_9886156.0,9886156,0.000501276,0,,,,
5,Chr5_4934913.0,4934913,0.0005013827,1,AT5G15200,AT5G15200,AT5G15200,0.0
3,Chr3_14739830.0,14739830,0.0005023233,0,,,,
3,Chr3_14741493.0,14741493,0.0005023233,0,,,,
1,Chr1_21424893.0,21424893,0.0005023303,0,,,,
4,Chr4_7766565.0,7766565,0.0005026753,1,AT4G13345,AT4G13345,AT4G13345,0.0
5,Chr5_19039934.0,19039934,0.0005026817,1,AT5G46900,AT5G46900,AT5G46900,0.0
1,Chr1_12249997.0,12249997,0.0005027416,0,,,,
3,Chr3_14987956.0,14987956,0.0005033994,0,,,,
4,Chr4_15362860.0,15362860,0.0005041004,0,,,,
2,Chr2_7490310.0,7490310,0.0005047312,0,,,,
3,Chr3_4647414.0,4647414,0.0005048075,0,,,,
3,Chr3_4647499.0,4647499,0.0005048075,0,,,,
4,Chr4_10144463.0,10144463,0.0005050134,0,,,,
4,Chr4_10144516.0,10144516,0.0005050134,0,,,,
5,Chr5_20698828.0,20698828,0.0005052128,0,,,,
1,Chr1_15900623.0,15900623,0.0005053248,0,,,,
5,Chr5_5147810.0,5147810,0.0005055247,0,,,,
5,Chr5_5151165.0,5151165,0.0005055247,1,AT5G15790,AT5G15790,AT5G15790,0.0
1,Chr1_4274454.0,4274454,0.0005055936,0,,,,
3,Chr3_16696105.0,16696105,0.0005056213,0,,,,
2,Chr2_5835417.0,5835417,0.0005056798,0,,,,
4,Chr4_5409413.0,5409413,0.0005058697,0,,,,
1,Chr1_22373578.0,22373578,0.0005060157,0,,,,
1,Chr1_22373581.0,22373581,0.0005060157,0,,,,
1,Chr1_17709249.0,17709249,0.0005061162,0,,,,
1,Chr1_16841010.0,16841010,0.0005066735,0,,,,
1,Chr1_17196104.0,17196104,0.0005068052,0,,,,
2,Chr2_14894076.0,14894076,0.0005069805,0,,,,
1,Chr1_19171874.0,19171874,0.0005070441,0,,,,
5,Chr5_17954519.0,17954519,0.000507086,0,,,,
3,Chr3_12448050.0,12448050,0.0005076244,1,AT3G30770,AT3G30770,AT3G30770,0.0
5,Chr5_25571807.0,25571807,0.0005076872,0,,,,
3,Chr3_15590353.0,15590353,0.0005077918,0,,,,
3,Chr3_15590369.0,15590369,0.0005077918,0,,,,
3,Chr3_15590672.0,15590672,0.0005077918,0,,,,
2,Chr2_11237811.0,11237811,0.000507917,0,,,,
5,Chr5_16856201.0,16856201,0.0005085003,0,,,,
5,Chr5_25506893.0,25506893,0.0005085556,1,AT5G63720,AT5G63720,AT5G63720,0.0
5,Chr5_25508696.0,25508696,0.0005085556,1,AT5G63730,AT5G63730,AT5G63730,0.0
5,Chr5_10816647.0,10816647,0.0005088679,0,,,,
4,Chr4_818839.0,818839,0.0005090684,0,,,,
3,Chr3_15648259.0,15648259,0.0005092063,0,,,,
4,Chr4_15812123.0,15812123,0.0005093779,1,AT4G32790,AT4G32790,AT4G32790,0.0
4,Chr4_15815474.0,15815474,0.0005093779,0,,,,
4,Chr4_15816094.0,15816094,0.0005093779,0,,,,
2,Chr2_15361305.0,15361305,0.000509707,1,AT2G36650,AT2G36650,AT2G36650,0.0
5,Chr5_17949338.0,17949338,0.000509731,0,,,,
5,Chr5_17949368.0,17949368,0.000509731,0,,,,
1,Chr1_59634.0,59634,0.0005098914,0,,,,
1,Chr1_59638.0,59638,0.0005098914,0,,,,
1,Chr1_59660.0,59660,0.0005098914,0,,,,
1,Chr1_59692.0,59692,0.0005098914,0,,,,
3,Chr3_18620438.0,18620438,0.000509999,0,,,,
3,Chr3_10554591.0,10554591,0.000510605,0,,,,
5,Chr5_13053531.0,13053531,0.0005107982,0,,,,
3,Chr3_5232492.0,5232492,0.0005109477,0,,,,
1,Chr1_555248.0,555248,0.0005110129,1,AT1G02610,AT1G02610,AT1G02610,0.0
1,Chr1_13627143.0,13627143,0.0005110522,0,,,,
4,Chr4_10134766.0,10134766,0.0005115985,0,,,,
3,Chr3_14065550.0,14065550,0.00051168,0,,,,
3,Chr3_15203294.0,15203294,0.0005118709,0,,,,
4,Chr4_18250609.0,18250609,0.0005122268,0,,,,
4,Chr4_18250610.0,18250610,0.0005122268,0,,,,
5,Chr5_12398914.0,12398914,0.0005124218,0,,,,
4,Chr4_9410098.0,9410098,0.000512485,1,AT4G16740,AT4G16740,AT4G16740,0.0
5,Chr5_9880370.0,9880370,0.000513046,1,AT5G27870,AT5G27870,AT5G27870,0.0
5,Chr5_561268.0,561268,0.0005135585,0,,,,
5,Chr5_11568687.0,11568687,0.0005136034,0,,,,
5,Chr5_11575500.0,11575500,0.0005136034,0,,,,
5,Chr5_11575990.0,11575990,0.0005136034,0,,,,
5,Chr5_24342888.0,24342888,0.0005136865,0,,,,
5,Chr5_24342912.0,24342912,0.0005136865,0,,,,
3,Chr3_3234067.0,3234067,0.0005137056,1,AT3G10405,AT3G10405,AT3G10405,0.0
4,Chr4_1781287.0,1781287,0.0005141311,0,,,,
5,Chr5_6413651.0,6413651,0.0005146357,0,,,,
5,Chr5_6413698.0,6413698,0.0005146357,0,,,,
4,Chr4_12131644.0,12131644,0.0005147582,1,AT4G23160,AT4G23160,AT4G23160,0.0
1,Chr1_21947640.0,21947640,0.0005147765,0,,,,
4,Chr4_17212339.0,17212339,0.0005148099,0,,,,
4,Chr4_17212968.0,17212968,0.0005148099,1,AT4G36460,AT4G36460,AT4G36460,0.0
1,Chr1_25984030.0,25984030,0.0005148383,1,AT1G69120,AT1G69120,AT1G69120,0.0
4,Chr4_2253982.0,2253982,0.0005148618,0,,,,
4,Chr4_2254400.0,2254400,0.0005148618,0,,,,
4,Chr4_2255292.0,2255292,0.0005148618,0,,,,
4,Chr4_2255338.0,2255338,0.0005148618,0,,,,
4,Chr4_2256516.0,2256516,0.0005148618,0,,,,
4,Chr4_2256725.0,2256725,0.0005148618,0,,,,
4,Chr4_2257210.0,2257210,0.0005148618,0,,,,
4,Chr4_2258320.0,2258320,0.0005148618,0,,,,
4,Chr4_2259320.0,2259320,0.0005148618,0,,,,
1,Chr1_26031561.0,26031561,0.0005149569,0,,,,
5,Chr5_26819939.0,26819939,0.0005150526,1,AT5G67210,AT5G67210,AT5G67210,0.0
5,Chr5_26820072.0,26820072,0.0005150526,1,AT5G67210,AT5G67210,AT5G67210,0.0
1,Chr1_13598705.0,13598705,0.0005154667,0,,,,
2,Chr2_2290533.0,2290533,0.0005155786,0,,,,
4,Chr4_8609257.0,8609257,0.0005160448,1,AT4G15080,AT4G15080,AT4G15080,0.0
1,Chr1_22373029.0,22373029,0.000516293,0,,,,
1,Chr1_22373114.0,22373114,0.000516293,0,,,,
3,Chr3_20620897.0,20620897,0.0005165195,1,AT3G55600,AT3G55600,AT3G55600,0.0
3,Chr3_19121354.0,19121354,0.0005166525,0,,,,
5,Chr5_17949544.0,17949544,0.0005173041,0,,,,
5,Chr5_17949569.0,17949569,0.0005173041,0,,,,
3,Chr3_6750702.0,6750702,0.0005177312,1,AT3G19470,AT3G19470,AT3G19470,0.0
1,Chr1_24171885.0,24171885,0.0005181003,0,,,,
2,Chr2_15413888.0,15413888,0.0005182979,1,AT2G36760,AT2G36760,AT2G36760,0.0
2,Chr2_15414056.0,15414056,0.0005182979,1,AT2G36760,AT2G36760,AT2G36760,0.0
2,Chr2_15414161.0,15414161,0.0005182979,1,AT2G36760,AT2G36760,AT2G36760,0.0
1,Chr1_15546517.0,15546517,0.0005188762,0,,,,
4,Chr4_5443244.0,5443244,0.0005189703,0,,,,
3,Chr3_16286410.0,16286410,0.0005189772,1,AT3G44730,AT3G44730,AT3G44730,0.0
1,Chr1_4233796.0,4233796,0.000519149,0,,,,
4,Chr4_2250419.0,2250419,0.0005193264,0,,,,
2,Chr2_7053435.0,7053435,0.0005193876,0,,,,
1,Chr1_11264260.0,11264260,0.0005194848,1,AT1G31470,AT1G31470,AT1G31470,0.0
4,Chr4_5409939.0,5409939,0.0005201038,0,,,,
5,Chr5_16453813.0,16453813,0.0005201104,1,AT5G41110,AT5G41110,AT5G41110,0.0
1,Chr1_924960.0,924960,0.0005202697,0,,,,
2,Chr2_9079896.0,9079896,0.0005203419,0,,,,
5,Chr5_13684034.0,13684034,0.0005212815,0,,,,
2,Chr2_4319944.0,4319944,0.0005224151,0,,,,
2,Chr2_4320486.0,4320486,0.0005224151,0,,,,
2,Chr2_4321111.0,4321111,0.0005224151,0,,,,
2,Chr2_4321339.0,4321339,0.0005224151,0,,,,
2,Chr2_4326583.0,4326583,0.0005224151,0,,,,
2,Chr2_4330404.0,4330404,0.0005224151,0,,,,
2,Chr2_4331354.0,4331354,0.0005224151,0,,,,
2,Chr2_4331961.0,4331961,0.0005224151,0,,,,
2,Chr2_4333785.0,4333785,0.0005224151,0,,,,
2,Chr2_4334007.0,4334007,0.0005224151,0,,,,
2,Chr2_4335362.0,4335362,0.0005224151,1,AT2G10975,AT2G10975,AT2G10975,0.0
2,Chr2_4337475.0,4337475,0.0005224151,0,,,,
2,Chr2_4338978.0,4338978,0.0005224151,0,,,,
2,Chr2_4339763.0,4339763,0.0005224151,0,,,,
2,Chr2_4346188.0,4346188,0.0005224151,1,AT2G11000,AT2G11000,AT2G11000,0.0
4,Chr4_6886173.0,6886173,0.000522595,0,,,,
5,Chr5_9903607.0,9903607,0.0005226115,0,,,,
5,Chr5_9903722.0,9903722,0.0005226115,1,AT5G27890,AT5G27890,AT5G27890,0.0
5,Chr5_9905788.0,9905788,0.0005226115,1,AT5G27890,AT5G27890,AT5G27890,0.0
5,Chr5_9906225.0,9906225,0.0005226115,0,,,,
5,Chr5_9906862.0,9906862,0.0005226115,0,,,,
5,Chr5_9907842.0,9907842,0.0005226115,0,,,,
5,Chr5_9909569.0,9909569,0.0005226115,0,,,,
5,Chr5_2505381.0,2505381,0.0005227698,1,AT5G07830,AT5G07830,AT5G07830,0.0
1,Chr1_4129220.0,4129220,0.0005232288,1,AT1G12170,AT1G12170,AT1G12170,0.0
1,Chr1_8639678.0,8639678,0.0005235078,1,AT1G24350,AT1G24350,AT1G24350,0.0
1,Chr1_8640487.0,8640487,0.0005235078,1,AT1G24350,AT1G24350,AT1G24350,0.0
5,Chr5_11090366.0,11090366,0.0005237237,0,,,,
5,Chr5_11337257.0,11337257,0.0005237237,0,,,,
5,Chr5_11395893.0,11395893,0.0005237237,0,,,,
5,Chr5_11396918.0,11396918,0.0005237237,0,,,,
5,Chr5_11396920.0,11396920,0.0005237237,0,,,,
5,Chr5_11445186.0,11445186,0.0005237237,0,,,,
5,Chr5_11449121.0,11449121,0.0005237237,0,,,,
2,Chr2_15772775.0,15772775,0.000524178,0,,,,
5,Chr5_15398532.0,15398532,0.0005244262,1,AT5G38460,AT5G38460,AT5G38460,0.0
5,Chr5_15401799.0,15401799,0.0005244262,0,,,,
5,Chr5_15401910.0,15401910,0.0005244262,0,,,,
5,Chr5_15406290.0,15406290,0.0005244262,1,AT5G38470,AT5G38470,AT5G38470,0.0
5,Chr5_15409856.0,15409856,0.0005244262,1,AT5G38480,AT5G38480,AT5G38480,0.0
5,Chr5_15409918.0,15409918,0.0005244262,1,AT5G38480,AT5G38480,AT5G38480,0.0
4,Chr4_8718289.0,8718289,0.0005246095,0,,,,
1,Chr1_12248128.0,12248128,0.0005250208,0,,,,
5,Chr5_2438071.0,2438071,0.0005254805,0,,,,
2,Chr2_6563244.0,6563244,0.0005264451,0,,,,
1,Chr1_4773636.0,4773636,0.0005266108,1,AT1G13950,AT1G13950,AT1G13950,0.0
3,Chr3_17852981.0,17852981,0.0005266475,1,AT3G48220,AT3G48220,AT3G48220,0.0
3,Chr3_17853271.0,17853271,0.0005266475,1,AT3G48220,AT3G48220,AT3G48220,0.0
4,Chr4_10647227.0,10647227,0.0005267518,0,,,,
2,Chr2_7730620.0,7730620,0.0005269293,0,,,,
1,Chr1_18882191.0,18882191,0.0005277444,1,AT1G50950,AT1G50950,AT1G50950,0.0
5,Chr5_17955522.0,17955522,0.0005277744,0,,,,
4,Chr4_1979046.0,1979046,0.0005278176,0,,,,
5,Chr5_8353232.0,8353232,0.0005286276,1,AT5G24450,AT5G24450,AT5G24450,0.0
5,Chr5_5450276.0,5450276,0.0005286723,0,,,,
4,Chr4_946322.0,946322,0.0005292634,1,AT4G02130,AT4G02130,AT4G02130,0.0
4,Chr4_2009024.0,2009024,0.0005296659,0,,,,
2,Chr2_13802428.0,13802428,0.0005299836,0,,,,
3,Chr3_9787702.0,9787702,0.0005300055,1,AT3G26616,AT3G26616,AT3G26616,0.0
1,Chr1_4278010.0,4278010,0.0005300742,1,AT1G12570,AT1G12570,AT1G12570,0.0
5,Chr5_9906783.0,9906783,0.0005300795,0,,,,
2,Chr2_4093152.0,4093152,0.0005302444,0,,,,
4,Chr4_6144998.0,6144998,0.0005306691,1,AT4G09740,AT4G09740,AT4G09740,0.0
3,Chr3_9785738.0,9785738,0.0005308796,0,,,,
3,Chr3_12755008.0,12755008,0.0005309046,0,,,,
1,Chr1_22891199.0,22891199,0.0005309982,0,,,,
3,Chr3_12368362.0,12368362,0.0005310304,0,,,,
1,Chr1_26635073.0,26635073,0.0005311836,0,,,,
2,Chr2_714095.0,714095,0.0005313238,0,,,,
2,Chr2_714107.0,714107,0.0005313238,0,,,,
2,Chr2_714169.0,714169,0.0005313238,0,,,,
3,Chr3_647019.0,647019,0.0005322473,1,AT3G02900,AT3G02900,AT3G02900,0.0
2,Chr2_13328634.0,13328634,0.0005322533,0,,,,
2,Chr2_6491132.0,6491132,0.0005328243,0,,,,
2,Chr2_9171542.0,9171542,0.0005330033,1,AT2G21420,AT2G21420,AT2G21420,0.0
2,Chr2_302250.0,302250,0.0005332416,0,,,,
4,Chr4_553675.0,553675,0.0005334505,1,AT4G01335,AT4G01335,AT4G01335,0.0
4,Chr4_15019350.0,15019350,0.0005335342,1,AT4G30840,AT4G30840,AT4G30840,0.0
2,Chr2_17340301.0,17340301,0.0005335468,0,,,,
3,Chr3_15590806.0,15590806,0.0005337208,0,,,,
3,Chr3_14076533.0,14076533,0.000533808,0,,,,
3,Chr3_22443435.0,22443435,0.0005341841,1,AT3G60720,AT3G60720,AT3G60720,0.0
2,Chr2_6034545.0,6034545,0.0005344025,1,AT2G14247,AT2G14247,AT2G14247,0.0
1,Chr1_21599931.0,21599931,0.0005345828,1,AT1G58250,AT1G58250,AT1G58250,0.0
3,Chr3_15591221.0,15591221,0.0005345949,0,,,,
2,Chr2_1793774.0,1793774,0.0005346155,0,,,,
3,Chr3_3392691.0,3392691,0.0005348111,1,AT3G10840,AT3G10840,AT3G10840,0.0
4,Chr4_13077071.0,13077071,0.0005356343,1,AT4G25640,AT4G25640,AT4G25640,0.0
5,Chr5_20150395.0,20150395,0.0005361275,0,,,,
4,Chr4_14245039.0,14245039,0.0005371666,1,AT4G28850,AT4G28850,AT4G28850,0.0
3,Chr3_15577431.0,15577431,0.0005374751,0,,,,
2,Chr2_594003.0,594003,0.0005375112,0,,,,
3,Chr3_12436056.0,12436056,0.0005375757,0,,,,
5,Chr5_6749174.0,6749174,0.0005379587,0,,,,
1,Chr1_10011152.0,10011152,0.0005381721,1,AT1G28470,AT1G28470,AT1G28470,0.0
1,Chr1_15906512.0,15906512,0.0005384726,0,,,,
2,Chr2_4322731.0,4322731,0.000538488,0,,,,
1,Chr1_8241676.0,8241676,0.0005387983,1,AT1G23210,AT1G23210,AT1G23210,0.0
1,Chr1_8241794.0,8241794,0.0005387983,1,AT1G23210,AT1G23210,AT1G23210,0.0
1,Chr1_8242548.0,8242548,0.0005387983,1,AT1G23220,AT1G23220,AT1G23220,0.0
1,Chr1_8254602.0,8254602,0.0005387983,1,AT1G23240,AT1G23240,AT1G23240,0.0
1,Chr1_8255918.0,8255918,0.0005387983,1,AT1G23250,AT1G23250,AT1G23250,0.0
1,Chr1_8256038.0,8256038,0.0005387983,1,AT1G23250,AT1G23250,AT1G23250,0.0
1,Chr1_8260594.0,8260594,0.0005387983,0,,,,
1,Chr1_8267606.0,8267606,0.0005387983,0,,,,
1,Chr1_8267644.0,8267644,0.0005387983,0,,,,
5,Chr5_1043196.0,1043196,0.0005388727,0,,,,
4,Chr4_18435080.0,18435080,0.0005390938,0,,,,
3,Chr3_22420631.0,22420631,0.0005392299,0,,,,
2,Chr2_2331018.0,2331018,0.0005395518,1,AT2G06002,AT2G06002,AT2G06002,0.0
4,Chr4_1989568.0,1989568,0.0005397243,0,,,,
2,Chr2_5666766.0,5666766,0.0005400227,0,,,,
5,Chr5_12459657.0,12459657,0.0005401277,0,,,,
5,Chr5_7840868.0,7840868,0.0005407714,1,AT5G23270,AT5G23270,AT5G23270,0.0
3,Chr3_15595209.0,15595209,0.000540906,0,,,,
2,Chr2_6026441.0,6026441,0.0005410851,0,,,,
2,Chr2_6029442.0,6029442,0.0005410851,0,,,,
2,Chr2_6029713.0,6029713,0.0005410851,0,,,,
4,Chr4_9284406.0,9284406,0.0005411476,0,,,,
4,Chr4_10822297.0,10822297,0.0005413734,1,AT4G19970,AT4G19970,AT4G19970,0.0
5,Chr5_15149971.0,15149971,0.0005418895,0,,,,
2,Chr2_4445333.0,4445333,0.0005419754,0,,,,
2,Chr2_4964236.0,4964236,0.0005420789,0,,,,
2,Chr2_4971457.0,4971457,0.0005420789,0,,,,
3,Chr3_8187229.0,8187229,0.0005421138,0,,,,
1,Chr1_13466536.0,13466536,0.000542591,0,,,,
3,Chr3_13826342.0,13826342,0.0005428559,0,,,,
4,Chr4_12623931.0,12623931,0.0005428918,2,AT4G24410;AT4G24415,AT4G24410,AT4G24410,0.0
4,Chr4_12623933.0,12623933,0.0005428918,2,AT4G24410;AT4G24415,AT4G24410,AT4G24410,0.0
4,Chr4_12623938.0,12623938,0.0005428918,2,AT4G24410;AT4G24415,AT4G24410,AT4G24410,0.0
4,Chr4_12623940.0,12623940,0.0005428918,2,AT4G24410;AT4G24415,AT4G24410,AT4G24410,0.0
4,Chr4_12623943.0,12623943,0.0005428918,2,AT4G24410;AT4G24415,AT4G24410,AT4G24410,0.0
2,Chr2_12731993.0,12731993,0.0005432159,0,,,,
2,Chr2_2181122.0,2181122,0.0005436255,1,AT2G05760,AT2G05760,AT2G05760,0.0
1,Chr1_16427582.0,16427582,0.0005442947,1,AT1G43620,AT1G43620,AT1G43620,0.0
1,Chr1_5496291.0,5496291,0.0005443334,1,AT1G16010,AT1G16010,AT1G16010,0.0
1,Chr1_28546961.0,28546961,0.0005447021,1,AT1G76070,AT1G76070,AT1G76070,0.0
4,Chr4_17656072.0,17656072,0.0005447425,0,,,,
2,Chr2_620906.0,620906,0.0005447558,0,,,,
2,Chr2_623339.0,623339,0.0005447558,1,AT2G02370,AT2G02370,AT2G02370,0.0
2,Chr2_623356.0,623356,0.0005447558,0,,,,
4,Chr4_6046506.0,6046506,0.0005448212,0,,,,
1,Chr1_24515051.0,24515051,0.0005448846,0,,,,
4,Chr4_6797043.0,6797043,0.000545008,0,,,,
4,Chr4_3939056.0,3939056,0.0005450903,0,,,,
1,Chr1_22270445.0,22270445,0.0005455983,0,,,,
1,Chr1_13606026.0,13606026,0.0005457909,0,,,,
1,Chr1_13609233.0,13609233,0.0005457909,0,,,,
5,Chr5_14017469.0,14017469,0.0005459198,0,,,,
2,Chr2_11618268.0,11618268,0.0005463614,0,,,,
2,Chr2_11618290.0,11618290,0.0005463614,0,,,,
2,Chr2_11618398.0,11618398,0.0005463614,0,,,,
2,Chr2_11618490.0,11618490,0.0005463614,0,,,,
2,Chr2_11618630.0,11618630,0.0005463614,0,,,,
2,Chr2_11618677.0,11618677,0.0005463614,0,,,,
2,Chr2_11618693.0,11618693,0.0005463614,0,,,,
2,Chr2_11618704.0,11618704,0.0005463614,0,,,,
2,Chr2_11618712.0,11618712,0.0005463614,0,,,,
2,Chr2_11618728.0,11618728,0.0005463614,0,,,,
2,Chr2_11619888.0,11619888,0.0005463614,0,,,,
2,Chr2_11619894.0,11619894,0.0005463614,0,,,,
2,Chr2_11619920.0,11619920,0.0005463614,0,,,,
5,Chr5_247606.0,247606,0.0005465197,1,AT5G01660,AT5G01660,AT5G01660,0.0
5,Chr5_24342852.0,24342852,0.0005465283,0,,,,
4,Chr4_16100449.0,16100449,0.0005469419,0,,,,
5,Chr5_24343010.0,24343010,0.0005476766,0,,,,
5,Chr5_25476113.0,25476113,0.0005484659,1,AT5G63630,AT5G63630,AT5G63630,0.0
4,Chr4_2003723.0,2003723,0.0005486436,0,,,,
2,Chr2_5163572.0,5163572,0.0005487688,0,,,,
2,Chr2_5164052.0,5164052,0.0005487688,0,,,,
2,Chr2_5164913.0,5164913,0.0005487688,0,,,,
2,Chr2_5165093.0,5165093,0.0005487688,0,,,,
2,Chr2_4398289.0,4398289,0.0005487807,0,,,,
2,Chr2_742401.0,742401,0.000548868,0,,,,
5,Chr5_1043654.0,1043654,0.0005492986,0,,,,
5,Chr5_1043830.0,1043830,0.0005492986,0,,,,
4,Chr4_11805544.0,11805544,0.0005495312,1,AT4G22350,AT4G22350,AT4G22350,0.0
3,Chr3_13238987.0,13238987,0.0005499346,1,AT3G32280,AT3G32280,AT3G32280,0.0
4,Chr4_2061336.0,2061336,0.0005501924,0,,,,
4,Chr4_2063501.0,2063501,0.0005501924,0,,,,
4,Chr4_2086332.0,2086332,0.0005501924,0,,,,
4,Chr4_2103314.0,2103314,0.0005501924,0,,,,
4,Chr4_2105984.0,2105984,0.0005501924,0,,,,
4,Chr4_2106200.0,2106200,0.0005501924,0,,,,
4,Chr4_2106261.0,2106261,0.0005501924,0,,,,
2,Chr2_718808.0,718808,0.0005501928,1,AT2G02620,AT2G02620,AT2G02620,0.0
1,Chr1_19553966.0,19553966,0.0005503522,1,AT1G52470,AT1G52470,AT1G52470,0.0
5,Chr5_9234293.0,9234293,0.0005503898,0,,,,
5,Chr5_9234309.0,9234309,0.0005503898,0,,,,
1,Chr1_28293402.0,28293402,0.0005505139,0,,,,
1,Chr1_13458439.0,13458439,0.0005505875,0,,,,
1,Chr1_26306510.0,26306510,0.0005508101,0,,,,
4,Chr4_11925226.0,11925226,0.000551205,0,,,,
3,Chr3_16620007.0,16620007,0.0005513498,1,AT3G45290,AT3G45290,AT3G45290,0.0
2,Chr2_245256.0,245256,0.0005514737,0,,,,
5,Chr5_21167006.0,21167006,0.0005517979,0,,,,
2,Chr2_17155208.0,17155208,0.0005518166,1,AT2G41150,AT2G41150,AT2G41150,0.0
3,Chr3_15563176.0,15563176,0.0005518395,0,,,,
5,Chr5_18873319.0,18873319,0.0005519403,0,,,,
5,Chr5_18873324.0,18873324,0.0005519403,0,,,,
5,Chr5_18873341.0,18873341,0.0005519403,0,,,,
5,Chr5_10961793.0,10961793,0.0005523804,0,,,,
5,Chr5_3107560.0,3107560,0.0005532504,1,AT5G09960,AT5G09960,AT5G09960,0.0
2,Chr2_4331457.0,4331457,0.0005532544,0,,,,
2,Chr2_2933972.0,2933972,0.0005533887,0,,,,
5,Chr5_549429.0,549429,0.0005535748,1,AT5G02480,AT5G02480,AT5G02480,0.0
2,Chr2_6884750.0,6884750,0.0005537291,0,,,,
1,Chr1_4094488.0,4094488,0.0005537513,0,,,,
5,Chr5_2492986.0,2492986,0.000553957,1,AT5G07810,AT5G07810,AT5G07810,0.0
2,Chr2_5109462.0,5109462,0.0005542312,0,,,,
5,Chr5_13123173.0,13123173,0.0005543973,0,,,,
1,Chr1_5042643.0,5042643,0.0005549087,1,AT1G14685,AT1G14685,AT1G14685,0.0
2,Chr2_7731936.0,7731936,0.0005551928,1,AT2G17787,AT2G17787,AT2G17787,0.0
2,Chr2_11879500.0,11879500,0.0005555733,1,AT2G27900,AT2G27900,AT2G27900,0.0
3,Chr3_12654868.0,12654868,0.0005556334,0,,,,
3,Chr3_17985274.0,17985274,0.0005561884,0,,,,
1,Chr1_17194213.0,17194213,0.0005562557,0,,,,
4,Chr4_14911731.0,14911731,0.0005562709,0,,,,
5,Chr5_3364838.0,3364838,0.0005562872,0,,,,
5,Chr5_19410762.0,19410762,0.0005563343,1,AT5G47940,AT5G47940,AT5G47940,0.0
4,Chr4_9272624.0,9272624,0.0005564027,1,AT4G16442,AT4G16442,AT4G16442,0.0
4,Chr4_1998409.0,1998409,0.0005570307,0,,,,
1,Chr1_19397558.0,19397558,0.0005574142,1,AT1G52120,AT1G52120,AT1G52120,0.0
3,Chr3_2211845.0,2211845,0.0005574532,0,,,,
5,Chr5_1375691.0,1375691,0.0005576459,0,,,,
5,Chr5_17144448.0,17144448,0.0005579952,0,,,,
5,Chr5_8036512.0,8036512,0.000558347,1,AT5G23840,AT5G23840,AT5G23840,0.0
2,Chr2_13792653.0,13792653,0.0005585242,1,AT2G32487,AT2G32487,AT2G32487,0.0
4,Chr4_2323041.0,2323041,0.0005585797,0,,,,
1,Chr1_19397557.0,19397557,0.0005586021,1,AT1G52120,AT1G52120,AT1G52120,0.0
1,Chr1_19397566.0,19397566,0.0005586021,1,AT1G52120,AT1G52120,AT1G52120,0.0
1,Chr1_19397579.0,19397579,0.0005586021,1,AT1G52120,AT1G52120,AT1G52120,0.0
1,Chr1_19397586.0,19397586,0.0005586021,1,AT1G52120,AT1G52120,AT1G52120,0.0
1,Chr1_19397601.0,19397601,0.0005586021,1,AT1G52120,AT1G52120,AT1G52120,0.0
1,Chr1_9370523.0,9370523,0.0005589283,0,,,,
1,Chr1_8098421.0,8098421,0.0005591543,0,,,,
1,Chr1_8101484.0,8101484,0.0005591543,0,,,,
4,Chr4_3649902.0,3649902,0.0005596319,0,,,,
2,Chr2_5950457.0,5950457,0.0005596559,0,,,,
5,Chr5_18590501.0,18590501,0.0005602175,1,AT5G45830,AT5G45830,AT5G45830,0.0
5,Chr5_18952379.0,18952379,0.0005604412,1,AT5G46700,AT5G46700,AT5G46700,0.0
4,Chr4_16054587.0,16054587,0.0005605139,1,AT4G33300,AT4G33300,AT4G33300,0.0
5,Chr5_1239840.0,1239840,0.0005605153,1,AT5G04390,AT5G04390,AT5G04390,0.0
5,Chr5_9354128.0,9354128,0.0005607593,0,,,,
4,Chr4_7032616.0,7032616,0.0005610795,0,,,,
3,Chr3_11621646.0,11621646,0.000561188,0,,,,
3,Chr3_12761471.0,12761471,0.0005618055,0,,,,
5,Chr5_587221.0,587221,0.0005619228,0,,,,
3,Chr3_12872297.0,12872297,0.000562294,0,,,,
4,Chr4_111472.0,111472,0.0005623083,0,,,,
4,Chr4_8388691.0,8388691,0.0005624559,0,,,,
3,Chr3_10437554.0,10437554,0.0005627856,1,AT3G28040,AT3G28040,AT3G28040,0.0
5,Chr5_22833844.0,22833844,0.0005628793,0,,,,
1,Chr1_25986467.0,25986467,0.0005629027,0,,,,
4,Chr4_2811230.0,2811230,0.0005633498,0,,,,
5,Chr5_22214830.0,22214830,0.0005636728,0,,,,
3,Chr3_19464542.0,19464542,0.0005637539,0,,,,
5,Chr5_17460723.0,17460723,0.000563811,1,AT5G43460,AT5G43460,AT5G43460,0.0
3,Chr3_17653158.0,17653158,0.0005640243,1,AT3G47840,AT3G47840,AT3G47840,0.0
3,Chr3_17659195.0,17659195,0.0005640243,0,,,,
3,Chr3_17659556.0,17659556,0.0005640243,0,,,,
3,Chr3_17682222.0,17682222,0.0005640243,0,,,,
3,Chr3_17682236.0,17682236,0.0005640243,0,,,,
2,Chr2_7584460.0,7584460,0.0005642677,0,,,,
3,Chr3_14010322.0,14010322,0.0005643973,0,,,,
3,Chr3_12750922.0,12750922,0.0005645111,0,,,,
4,Chr4_2296268.0,2296268,0.0005645842,0,,,,
5,Chr5_10998375.0,10998375,0.0005647453,1,AT5G28960,AT5G28960,AT5G28960,0.0
5,Chr5_11000489.0,11000489,0.0005647453,0,,,,
5,Chr5_11000635.0,11000635,0.0005647453,0,,,,
5,Chr5_11009314.0,11009314,0.0005647453,0,,,,
5,Chr5_11018296.0,11018296,0.0005647453,0,,,,
5,Chr5_11021901.0,11021901,0.0005647453,0,,,,
5,Chr5_11028969.0,11028969,0.0005647453,0,,,,
5,Chr5_11041757.0,11041757,0.0005647453,0,,,,
5,Chr5_11092915.0,11092915,0.0005647453,0,,,,
5,Chr5_11093547.0,11093547,0.0005647453,0,,,,
5,Chr5_11107704.0,11107704,0.0005647453,0,,,,
5,Chr5_11147751.0,11147751,0.0005647453,0,,,,
5,Chr5_11170504.0,11170504,0.0005647453,0,,,,
5,Chr5_11337320.0,11337320,0.0005647453,0,,,,
5,Chr5_11355807.0,11355807,0.0005647453,0,,,,
5,Chr5_11358838.0,11358838,0.0005647453,0,,,,
5,Chr5_11376599.0,11376599,0.0005647453,0,,,,
5,Chr5_11376940.0,11376940,0.0005647453,0,,,,
5,Chr5_11377127.0,11377127,0.0005647453,0,,,,
5,Chr5_11383230.0,11383230,0.0005647453,0,,,,
5,Chr5_11383745.0,11383745,0.0005647453,0,,,,
5,Chr5_11384422.0,11384422,0.0005647453,0,,,,
5,Chr5_11388712.0,11388712,0.0005647453,0,,,,
5,Chr5_11388778.0,11388778,0.0005647453,0,,,,
5,Chr5_11390004.0,11390004,0.0005647453,0,,,,
5,Chr5_11392096.0,11392096,0.0005647453,0,,,,
5,Chr5_11395044.0,11395044,0.0005647453,0,,,,
5,Chr5_11398908.0,11398908,0.0005647453,0,,,,
5,Chr5_11418524.0,11418524,0.0005647453,0,,,,
5,Chr5_11440716.0,11440716,0.0005647453,0,,,,
5,Chr5_11440802.0,11440802,0.0005647453,0,,,,
5,Chr5_11442483.0,11442483,0.0005647453,0,,,,
5,Chr5_11444645.0,11444645,0.0005647453,0,,,,
5,Chr5_11445229.0,11445229,0.0005647453,0,,,,
5,Chr5_11446124.0,11446124,0.0005647453,0,,,,
5,Chr5_11453871.0,11453871,0.0005647453,0,,,,
5,Chr5_11457034.0,11457034,0.0005647453,0,,,,
5,Chr5_11459086.0,11459086,0.0005647453,0,,,,
5,Chr5_11459238.0,11459238,0.0005647453,0,,,,
5,Chr5_11459908.0,11459908,0.0005647453,0,,,,
5,Chr5_11464620.0,11464620,0.0005647453,0,,,,
5,Chr5_11465122.0,11465122,0.0005647453,0,,,,
5,Chr5_11465127.0,11465127,0.0005647453,0,,,,
5,Chr5_11467603.0,11467603,0.0005647453,0,,,,
5,Chr5_11468419.0,11468419,0.0005647453,0,,,,
5,Chr5_11468872.0,11468872,0.0005647453,0,,,,
5,Chr5_11469342.0,11469342,0.0005647453,0,,,,
5,Chr5_11484367.0,11484367,0.0005647453,0,,,,
5,Chr5_11484770.0,11484770,0.0005647453,0,,,,
5,Chr5_11488073.0,11488073,0.0005647453,0,,,,
5,Chr5_11488452.0,11488452,0.0005647453,0,,,,
5,Chr5_11488712.0,11488712,0.0005647453,0,,,,
5,Chr5_11490954.0,11490954,0.0005647453,0,,,,
5,Chr5_11491500.0,11491500,0.0005647453,0,,,,
5,Chr5_11491641.0,11491641,0.0005647453,0,,,,
5,Chr5_11491866.0,11491866,0.0005647453,0,,,,
5,Chr5_11492045.0,11492045,0.0005647453,0,,,,
5,Chr5_11492498.0,11492498,0.0005647453,0,,,,
5,Chr5_11540966.0,11540966,0.0005647453,0,,,,
5,Chr5_11541357.0,11541357,0.0005647453,0,,,,
5,Chr5_11541415.0,11541415,0.0005647453,0,,,,
5,Chr5_11546280.0,11546280,0.0005647453,0,,,,
5,Chr5_11551030.0,11551030,0.0005647453,0,,,,
5,Chr5_11551408.0,11551408,0.0005647453,0,,,,
5,Chr5_11607884.0,11607884,0.0005647453,0,,,,
5,Chr5_11607885.0,11607885,0.0005647453,0,,,,
5,Chr5_11612119.0,11612119,0.0005647453,1,AT5G30490,AT5G30490,AT5G30490,0.0
3,Chr3_13605815.0,13605815,0.0005647497,0,,,,
1,Chr1_7701288.0,7701288,0.0005647961,0,,,,
3,Chr3_3874560.0,3874560,0.0005648089,1,AT3G12145,AT3G12145,AT3G12145,0.0
5,Chr5_14379420.0,14379420,0.0005648785,0,,,,
3,Chr3_9099270.0,9099270,0.0005650257,1,AT3G24900,AT3G24900,AT3G24900,0.0
4,Chr4_8118393.0,8118393,0.0005650943,0,,,,
2,Chr2_4836936.0,4836936,0.0005650955,0,,,,
1,Chr1_16728626.0,16728626,0.0005657523,0,,,,
3,Chr3_18838902.0,18838902,0.0005658624,0,,,,
5,Chr5_9806058.0,9806058,0.0005660499,0,,,,
1,Chr1_24646052.0,24646052,0.0005667491,0,,,,
2,Chr2_4994087.0,4994087,0.000567058,0,,,,
1,Chr1_4274469.0,4274469,0.0005671915,0,,,,
1,Chr1_4274473.0,4274473,0.0005671915,0,,,,
5,Chr5_11133314.0,11133314,0.0005673191,1,AT5G29070,AT5G29070,AT5G29070,0.0
3,Chr3_4647920.0,4647920,0.0005683643,0,,,,
4,Chr4_8110737.0,8110737,0.0005685212,0,,,,
1,Chr1_21029962.0,21029962,0.0005688052,1,AT1G56190,AT1G56190,AT1G56190,0.0
1,Chr1_21034447.0,21034447,0.0005688052,0,,,,
5,Chr5_13780095.0,13780095,0.0005689578,0,,,,
3,Chr3_11101748.0,11101748,0.0005692281,0,,,,
2,Chr2_636534.0,636534,0.0005692933,0,,,,
5,Chr5_9203561.0,9203561,0.0005696227,0,,,,
5,Chr5_9205553.0,9205553,0.0005696227,0,,,,
5,Chr5_9205998.0,9205998,0.0005696227,0,,,,
5,Chr5_26742874.0,26742874,0.0005698311,0,,,,
5,Chr5_26742876.0,26742876,0.0005698311,0,,,,
1,Chr1_25964089.0,25964089,0.0005700577,0,,,,
4,Chr4_7346987.0,7346987,0.0005705829,0,,,,
2,Chr2_582766.0,582766,0.0005707607,0,,,,
3,Chr3_12369694.0,12369694,0.0005713027,0,,,,
2,Chr2_9765568.0,9765568,0.0005714887,0,,,,
5,Chr5_13773421.0,13773421,0.0005715134,0,,,,
5,Chr5_17460375.0,17460375,0.0005723186,1,AT5G43460,AT5G43460,AT5G43460,0.0
5,Chr5_17460379.0,17460379,0.0005723186,1,AT5G43460,AT5G43460,AT5G43460,0.0
4,Chr4_2627628.0,2627628,0.000572475,1,AT4G05110,AT4G05110,AT4G05110,0.0
1,Chr1_23574643.0,23574643,0.0005726979,0,,,,
5,Chr5_1053536.0,1053536,0.0005730233,1,AT5G03905,AT5G03905,AT5G03905,0.0
5,Chr5_1053537.0,1053537,0.0005730233,1,AT5G03905,AT5G03905,AT5G03905,0.0
5,Chr5_1053545.0,1053545,0.0005730233,1,AT5G03905,AT5G03905,AT5G03905,0.0
5,Chr5_1053834.0,1053834,0.0005730233,1,AT5G03905,AT5G03905,AT5G03905,0.0
1,Chr1_23571547.0,23571547,0.0005730349,0,,,,
1,Chr1_23571583.0,23571583,0.0005730349,0,,,,
1,Chr1_23571718.0,23571718,0.0005730349,0,,,,
4,Chr4_10631497.0,10631497,0.0005730776,1,AT4G19500,AT4G19500,AT4G19500,0.0
3,Chr3_21134866.0,21134866,0.0005731005,0,,,,
5,Chr5_552882.0,552882,0.0005732317,0,,,,
1,Chr1_3592671.0,3592671,0.0005738139,0,,,,
1,Chr1_3593156.0,3593156,0.0005738139,1,AT1G10780,AT1G10780,AT1G10780,0.0
5,Chr5_16409856.0,16409856,0.0005744782,0,,,,
5,Chr5_16409875.0,16409875,0.0005744782,0,,,,
5,Chr5_12026729.0,12026729,0.0005746845,0,,,,
3,Chr3_3014762.0,3014762,0.0005748934,1,AT3G09820,AT3G09820,AT3G09820,0.0
5,Chr5_9178821.0,9178821,0.0005749097,0,,,,
1,Chr1_529899.0,529899,0.0005750047,1,AT1G02530,AT1G02530,AT1G02530,0.0
4,Chr4_16879909.0,16879909,0.0005752096,0,,,,
4,Chr4_16880470.0,16880470,0.0005752096,0,,,,
4,Chr4_16888749.0,16888749,0.0005752096,1,AT4G35580,AT4G35580,AT4G35580,0.0
4,Chr4_16892236.0,16892236,0.0005752096,0,,,,
2,Chr2_7701870.0,7701870,0.0005753502,0,,,,
2,Chr2_7702381.0,7702381,0.0005753502,0,,,,
2,Chr2_7703285.0,7703285,0.0005753502,0,,,,
5,Chr5_18590247.0,18590247,0.0005753889,1,AT5G45830,AT5G45830,AT5G45830,0.0
5,Chr5_26805862.0,26805862,0.0005754093,0,,,,
5,Chr5_26805867.0,26805867,0.0005754093,0,,,,
5,Chr5_26805874.0,26805874,0.0005754093,0,,,,
5,Chr5_26805876.0,26805876,0.0005754093,0,,,,
5,Chr5_26805883.0,26805883,0.0005754093,0,,,,
5,Chr5_26805887.0,26805887,0.0005754093,0,,,,
5,Chr5_26805888.0,26805888,0.0005754093,0,,,,
5,Chr5_26805895.0,26805895,0.0005754093,0,,,,
5,Chr5_20295229.0,20295229,0.0005757443,0,,,,
5,Chr5_14666268.0,14666268,0.0005757614,0,,,,
1,Chr1_21904589.0,21904589,0.000575869,1,AT1G59620,AT1G59620,AT1G59620,0.0
2,Chr2_9039904.0,9039904,0.0005758925,0,,,,
5,Chr5_18961446.0,18961446,0.0005759942,0,,,,
1,Chr1_570148.0,570148,0.0005761214,1,AT1G02650,AT1G02650,AT1G02650,0.0
3,Chr3_10185329.0,10185329,0.0005761977,0,,,,
5,Chr5_15887246.0,15887246,0.0005762456,0,,,,
5,Chr5_15887658.0,15887658,0.0005762456,0,,,,
1,Chr1_6447858.0,6447858,0.0005765042,0,,,,
1,Chr1_4293092.0,4293092,0.0005765932,0,,,,
1,Chr1_1076837.0,1076837,0.0005766479,1,AT1G04140,AT1G04140,AT1G04140,0.0
4,Chr4_7032935.0,7032935,0.0005767088,0,,,,
1,Chr1_11286306.0,11286306,0.0005767512,0,,,,
1,Chr1_16381008.0,16381008,0.0005771156,0,,,,
1,Chr1_183024.0,183024,0.0005772195,0,,,,
5,Chr5_5571941.0,5571941,0.000577426,1,AT5G16940,AT5G16940,AT5G16940,0.0
1,Chr1_20952912.0,20952912,0.0005779819,1,AT1G56020,AT1G56020,AT1G56020,0.0
5,Chr5_11073812.0,11073812,0.0005780308,0,,,,
5,Chr5_3384016.0,3384016,0.0005781816,0,,,,
5,Chr5_905503.0,905503,0.0005782431,1,AT5G03570,AT5G03570,AT5G03570,0.0
2,Chr2_2347738.0,2347738,0.0005785097,0,,,,
5,Chr5_14279219.0,14279219,0.0005785722,0,,,,
5,Chr5_14289207.0,14289207,0.0005785722,0,,,,
5,Chr5_14293448.0,14293448,0.0005785722,0,,,,
5,Chr5_14303626.0,14303626,0.0005785722,1,AT5G36290,AT5G36290,AT5G36290,0.0
5,Chr5_18954575.0,18954575,0.0005786031,1,AT5G46710,AT5G46710,AT5G46710,0.0
1,Chr1_4323408.0,4323408,0.0005786243,0,,,,
1,Chr1_4323467.0,4323467,0.0005786243,0,,,,
5,Chr5_9457710.0,9457710,0.0005786516,1,AT5G26880,AT5G26880,AT5G26880,0.0
5,Chr5_8381828.0,8381828,0.0005786726,1,AT5G24530,AT5G24530,AT5G24530,0.0
2,Chr2_12301480.0,12301480,0.0005787187,2,AT2G28670;AT2G28671,AT2G28670,AT2G28670,0.0
3,Chr3_13299206.0,13299206,0.0005787505,0,,,,
1,Chr1_3868089.0,3868089,0.0005787565,0,,,,
4,Chr4_553720.0,553720,0.0005787908,1,AT4G01335,AT4G01335,AT4G01335,0.0
4,Chr4_553733.0,553733,0.0005787908,1,AT4G01335,AT4G01335,AT4G01335,0.0
2,Chr2_18091178.0,18091178,0.0005788664,0,,,,
2,Chr2_18091195.0,18091195,0.0005788664,0,,,,
2,Chr2_18091230.0,18091230,0.0005788664,0,,,,
2,Chr2_18091232.0,18091232,0.0005788664,0,,,,
2,Chr2_18091255.0,18091255,0.0005788664,0,,,,
2,Chr2_18091257.0,18091257,0.0005788664,0,,,,
2,Chr2_18091266.0,18091266,0.0005788664,0,,,,
2,Chr2_18091368.0,18091368,0.0005788664,0,,,,
2,Chr2_18091377.0,18091377,0.0005788664,0,,,,
2,Chr2_18091389.0,18091389,0.0005788664,0,,,,
5,Chr5_22681110.0,22681110,0.0005792158,0,,,,
4,Chr4_6023901.0,6023901,0.0005792752,0,,,,
2,Chr2_1446081.0,1446081,0.000579435,1,AT2G04220,AT2G04220,AT2G04220,0.0
5,Chr5_1518935.0,1518935,0.0005798669,0,,,,
3,Chr3_3230192.0,3230192,0.0005800895,1,AT3G10390,AT3G10390,AT3G10390,0.0
5,Chr5_2505190.0,2505190,0.000580188,1,AT5G07830,AT5G07830,AT5G07830,0.0
4,Chr4_2596366.0,2596366,0.0005802033,0,,,,
1,Chr1_26192138.0,26192138,0.0005804405,1,AT1G69630,AT1G69630,AT1G69630,0.0
1,Chr1_2236997.0,2236997,0.0005811056,0,,,,
1,Chr1_183058.0,183058,0.000581135,0,,,,
5,Chr5_8468557.0,8468557,0.0005811593,1,AT5G24735,AT5G24735,AT5G24735,0.0
3,Chr3_14789790.0,14789790,0.0005822724,0,,,,
5,Chr5_25469187.0,25469187,0.0005822926,0,,,,
5,Chr5_11361977.0,11361977,0.0005825023,0,,,,
5,Chr5_2601078.0,2601078,0.0005830284,1,AT5G08120,AT5G08120,AT5G08120,0.0
2,Chr2_13606798.0,13606798,0.0005830583,1,AT2G31970,AT2G31970,AT2G31970,0.0
2,Chr2_5136916.0,5136916,0.0005833261,0,,,,
4,Chr4_16291465.0,16291465,0.0005835026,1,AT4G33990,AT4G33990,AT4G33990,0.0
1,Chr1_11919265.0,11919265,0.0005835599,0,,,,
1,Chr1_11919284.0,11919284,0.0005835599,0,,,,
1,Chr1_11919647.0,11919647,0.0005835599,0,,,,
5,Chr5_3455136.0,3455136,0.0005836264,0,,,,
3,Chr3_9488223.0,9488223,0.0005837025,0,,,,
5,Chr5_1240531.0,1240531,0.0005838461,0,,,,
2,Chr2_522751.0,522751,0.0005838871,0,,,,
1,Chr1_17223593.0,17223593,0.0005839379,0,,,,
5,Chr5_9707766.0,9707766,0.000584077,0,,,,
5,Chr5_532662.0,532662,0.0005842279,1,AT5G02440,AT5G02440,AT5G02440,0.0
5,Chr5_532663.0,532663,0.0005842279,1,AT5G02440,AT5G02440,AT5G02440,0.0
5,Chr5_532693.0,532693,0.0005842279,1,AT5G02440,AT5G02440,AT5G02440,0.0
5,Chr5_532739.0,532739,0.0005842279,1,AT5G02440,AT5G02440,AT5G02440,0.0
5,Chr5_532747.0,532747,0.0005842279,1,AT5G02440,AT5G02440,AT5G02440,0.0
5,Chr5_532769.0,532769,0.0005842279,1,AT5G02440,AT5G02440,AT5G02440,0.0
5,Chr5_532770.0,532770,0.0005842279,1,AT5G02440,AT5G02440,AT5G02440,0.0
5,Chr5_532811.0,532811,0.0005842279,1,AT5G02440,AT5G02440,AT5G02440,0.0
5,Chr5_532819.0,532819,0.0005842279,1,AT5G02440,AT5G02440,AT5G02440,0.0
5,Chr5_532822.0,532822,0.0005842279,1,AT5G02440,AT5G02440,AT5G02440,0.0
5,Chr5_532845.0,532845,0.0005842279,1,AT5G02440,AT5G02440,AT5G02440,0.0
5,Chr5_532852.0,532852,0.0005842279,1,AT5G02440,AT5G02440,AT5G02440,0.0
5,Chr5_532857.0,532857,0.0005842279,1,AT5G02440,AT5G02440,AT5G02440,0.0
5,Chr5_532918.0,532918,0.0005842279,1,AT5G02440,AT5G02440,AT5G02440,0.0
5,Chr5_532929.0,532929,0.0005842279,1,AT5G02440,AT5G02440,AT5G02440,0.0
5,Chr5_7534187.0,7534187,0.0005846551,1,AT5G22650,AT5G22650,AT5G22650,0.0
5,Chr5_26871924.0,26871924,0.0005846815,1,AT5G67360,AT5G67360,AT5G67360,0.0
1,Chr1_19643503.0,19643503,0.0005850211,1,AT1G52730,AT1G52730,AT1G52730,0.0
1,Chr1_19644610.0,19644610,0.0005850211,1,AT1G52730,AT1G52730,AT1G52730,0.0
2,Chr2_2219525.0,2219525,0.000585332,0,,,,
2,Chr2_5138147.0,5138147,0.000586016,0,,,,
2,Chr2_2311914.0,2311914,0.0005860608,0,,,,
5,Chr5_26958374.0,26958374,0.0005862336,1,AT5G67590,AT5G67590,AT5G67590,0.0
5,Chr5_26974443.0,26974443,0.0005862336,0,,,,
4,Chr4_1995510.0,1995510,0.0005865012,0,,,,
1,Chr1_21390076.0,21390076,0.0005868052,1,AT1G57760,AT1G57760,AT1G57760,0.0
4,Chr4_5404144.0,5404144,0.0005869818,1,AT4G08500,AT4G08500,AT4G08500,0.0
1,Chr1_29124814.0,29124814,0.0005873165,1,AT1G77500,AT1G77500,AT1G77500,0.0
1,Chr1_13034013.0,13034013,0.0005874705,0,,,,
1,Chr1_6871203.0,6871203,0.0005874999,0,,,,
5,Chr5_9878472.0,9878472,0.0005876407,0,,,,
2,Chr2_3843804.0,3843804,0.0005882948,0,,,,
4,Chr4_16882305.0,16882305,0.0005884244,1,AT4G35560,AT4G35560,AT4G35560,0.0
1,Chr1_11597774.0,11597774,0.000589147,0,,,,
1,Chr1_23571318.0,23571318,0.0005892238,0,,,,
1,Chr1_23571421.0,23571421,0.0005892238,0,,,,
1,Chr1_23571432.0,23571432,0.0005892238,0,,,,
5,Chr5_19039877.0,19039877,0.0005894273,1,AT5G46900,AT5G46900,AT5G46900,0.0
3,Chr3_3012715.0,3012715,0.0005894434,1,AT3G09820,AT3G09820,AT3G09820,0.0
3,Chr3_3012735.0,3012735,0.0005894434,1,AT3G09820,AT3G09820,AT3G09820,0.0
3,Chr3_3012766.0,3012766,0.0005894434,1,AT3G09820,AT3G09820,AT3G09820,0.0
3,Chr3_3012778.0,3012778,0.0005894434,1,AT3G09820,AT3G09820,AT3G09820,0.0
3,Chr3_3012876.0,3012876,0.0005894434,1,AT3G09820,AT3G09820,AT3G09820,0.0
3,Chr3_3012945.0,3012945,0.0005894434,1,AT3G09820,AT3G09820,AT3G09820,0.0
4,Chr4_9111420.0,9111420,0.0005898957,0,,,,
4,Chr4_6757535.0,6757535,0.0005901681,0,,,,
3,Chr3_14010312.0,14010312,0.0005903427,0,,,,
5,Chr5_15716505.0,15716505,0.000590919,0,,,,
4,Chr4_2101720.0,2101720,0.0005910807,0,,,,
2,Chr2_639842.0,639842,0.0005912106,0,,,,
1,Chr1_29358500.0,29358500,0.0005912293,1,AT1G78070,AT1G78070,AT1G78070,0.0
1,Chr1_16946097.0,16946097,0.0005913068,0,,,,
5,Chr5_7550048.0,7550048,0.0005913315,1,AT5G22720,AT5G22720,AT5G22720,0.0
5,Chr5_5594113.0,5594113,0.0005913778,0,,,,
3,Chr3_18652872.0,18652872,0.0005914383,0,,,,
1,Chr1_21037521.0,21037521,0.0005917154,0,,,,
5,Chr5_9166136.0,9166136,0.0005917488,0,,,,
5,Chr5_9166158.0,9166158,0.0005917488,0,,,,
5,Chr5_9166501.0,9166501,0.0005917488,0,,,,
5,Chr5_9166516.0,9166516,0.0005917488,0,,,,
5,Chr5_9166677.0,9166677,0.0005917488,0,,,,
5,Chr5_9166704.0,9166704,0.0005917488,0,,,,
5,Chr5_9166723.0,9166723,0.0005917488,0,,,,
4,Chr4_2068614.0,2068614,0.0005918925,0,,,,
4,Chr4_2079634.0,2079634,0.0005918925,0,,,,
4,Chr4_2081830.0,2081830,0.0005918925,0,,,,
4,Chr4_2085350.0,2085350,0.0005918925,0,,,,
4,Chr4_2089529.0,2089529,0.0005918925,0,,,,
4,Chr4_2089726.0,2089726,0.0005918925,0,,,,
4,Chr4_2094630.0,2094630,0.0005918925,0,,,,
4,Chr4_2094778.0,2094778,0.0005918925,0,,,,
4,Chr4_2105488.0,2105488,0.0005918925,0,,,,
4,Chr4_2111765.0,2111765,0.0005918925,0,,,,
4,Chr4_2112844.0,2112844,0.0005918925,0,,,,
4,Chr4_2113256.0,2113256,0.0005918925,0,,,,
3,Chr3_16169659.0,16169659,0.0005919204,0,,,,
1,Chr1_787126.0,787126,0.0005922073,1,AT1G03220,AT1G03220,AT1G03220,0.0
2,Chr2_2158487.0,2158487,0.0005925778,0,,,,
1,Chr1_18600191.0,18600191,0.0005927146,0,,,,
3,Chr3_14862447.0,14862447,0.0005931024,0,,,,
3,Chr3_14862930.0,14862930,0.0005931024,0,,,,
3,Chr3_14863324.0,14863324,0.0005931024,0,,,,
2,Chr2_13217302.0,13217302,0.0005933283,1,AT2G31060,AT2G31060,AT2G31060,0.0
2,Chr2_7490397.0,7490397,0.0005934376,0,,,,
2,Chr2_7490427.0,7490427,0.0005934376,0,,,,
5,Chr5_4331763.0,4331763,0.0005934824,1,AT5G13480,AT5G13480,AT5G13480,0.0
5,Chr5_4331877.0,4331877,0.0005934824,1,AT5G13480,AT5G13480,AT5G13480,0.0
2,Chr2_4748629.0,4748629,0.0005937317,0,,,,
2,Chr2_4749403.0,4749403,0.0005937317,0,,,,
2,Chr2_4749462.0,4749462,0.0005937317,0,,,,
5,Chr5_11055946.0,11055946,0.0005938162,0,,,,
1,Chr1_14678804.0,14678804,0.0005944238,0,,,,
4,Chr4_9044588.0,9044588,0.0005944815,1,AT4G15955,AT4G15955,AT4G15955,0.0
4,Chr4_2006675.0,2006675,0.0005946947,0,,,,
3,Chr3_14068259.0,14068259,0.0005960066,0,,,,
5,Chr5_2560343.0,2560343,0.0005963961,0,,,,
5,Chr5_18972927.0,18972927,0.0005967069,0,,,,
5,Chr5_18973521.0,18973521,0.0005967069,0,,,,
4,Chr4_8718314.0,8718314,0.0005969289,0,,,,
1,Chr1_17556762.0,17556762,0.0005969431,0,,,,
1,Chr1_4280264.0,4280264,0.0005971034,1,AT1G12570,AT1G12570,AT1G12570,0.0
1,Chr1_4280875.0,4280875,0.0005971034,0,,,,
5,Chr5_2528785.0,2528785,0.0005972103,1,AT5G07920,AT5G07920,AT5G07920,0.0
5,Chr5_2528788.0,2528788,0.0005972103,1,AT5G07920,AT5G07920,AT5G07920,0.0
5,Chr5_2538292.0,2538292,0.0005972103,1,AT5G07940,AT5G07940,AT5G07940,0.0
5,Chr5_2575815.0,2575815,0.0005972103,1,AT5G08030,AT5G08030,AT5G08030,0.0
1,Chr1_28565131.0,28565131,0.0005972151,0,,,,
2,Chr2_13837968.0,13837968,0.0005973804,1,AT2G32610,AT2G32610,AT2G32610,0.0
3,Chr3_20849232.0,20849232,0.0005974607,0,,,,
4,Chr4_13175719.0,13175719,0.0005975302,0,,,,
4,Chr4_13177565.0,13177565,0.0005975302,1,AT4G25960,AT4G25960,AT4G25960,0.0
4,Chr4_13178483.0,13178483,0.0005975302,1,AT4G25960,AT4G25960,AT4G25960,0.0
4,Chr4_13179066.0,13179066,0.0005975302,1,AT4G25960,AT4G25960,AT4G25960,0.0
3,Chr3_20579487.0,20579487,0.0005977318,1,AT3G55510,AT3G55510,AT3G55510,0.0
1,Chr1_17441278.0,17441278,0.0005979841,0,,,,
5,Chr5_26742912.0,26742912,0.0005980564,0,,,,
5,Chr5_26742913.0,26742913,0.0005980564,0,,,,
5,Chr5_26742914.0,26742914,0.0005980564,0,,,,
4,Chr4_8459028.0,8459028,0.000598431,0,,,,
4,Chr4_8459080.0,8459080,0.000598431,0,,,,
4,Chr4_4367760.0,4367760,0.0005984703,0,,,,
4,Chr4_4304510.0,4304510,0.0005991376,0,,,,
3,Chr3_14742364.0,14742364,0.0005997033,0,,,,
5,Chr5_2440423.0,2440423,0.0005998318,0,,,,
2,Chr2_13404327.0,13404327,0.0005999542,0,,,,
2,Chr2_12196510.0,12196510,0.0006000526,1,AT2G28507,AT2G28507,AT2G28507,0.0
5,Chr5_25508063.0,25508063,0.0006001939,0,,,,
4,Chr4_11826695.0,11826695,0.0006003286,0,,,,
5,Chr5_7371195.0,7371195,0.0006006749,0,,,,
4,Chr4_10897041.0,10897041,0.0006007579,1,AT4G20170,AT4G20170,AT4G20170,0.0
3,Chr3_17929018.0,17929018,0.0006009893,0,,,,
4,Chr4_9284401.0,9284401,0.0006010112,0,,,,
2,Chr2_4966768.0,4966768,0.000601077,0,,,,
5,Chr5_6351064.0,6351064,0.0006013897,0,,,,
3,Chr3_17019703.0,17019703,0.0006016507,0,,,,
5,Chr5_1054993.0,1054993,0.0006017764,1,AT5G03910,AT5G03910,AT5G03910,0.0
5,Chr5_1055005.0,1055005,0.0006017764,1,AT5G03910,AT5G03910,AT5G03910,0.0
5,Chr5_1055006.0,1055006,0.0006017764,1,AT5G03910,AT5G03910,AT5G03910,0.0
5,Chr5_1055007.0,1055007,0.0006017764,1,AT5G03910,AT5G03910,AT5G03910,0.0
5,Chr5_1055016.0,1055016,0.0006017764,1,AT5G03910,AT5G03910,AT5G03910,0.0
5,Chr5_1055032.0,1055032,0.0006017764,1,AT5G03910,AT5G03910,AT5G03910,0.0
5,Chr5_1055060.0,1055060,0.0006017764,1,AT5G03910,AT5G03910,AT5G03910,0.0
5,Chr5_1055070.0,1055070,0.0006017764,1,AT5G03910,AT5G03910,AT5G03910,0.0
5,Chr5_1055079.0,1055079,0.0006017764,1,AT5G03910,AT5G03910,AT5G03910,0.0
2,Chr2_9786111.0,9786111,0.0006021294,0,,,,
1,Chr1_26154337.0,26154337,0.000602283,0,,,,
1,Chr1_26154349.0,26154349,0.000602283,0,,,,
1,Chr1_26154357.0,26154357,0.000602283,0,,,,
1,Chr1_22750463.0,22750463,0.0006023638,0,,,,
2,Chr2_15781360.0,15781360,0.0006026551,1,AT2G37620,AT2G37620,AT2G37620,0.0
5,Chr5_9698915.0,9698915,0.0006027123,0,,,,
5,Chr5_9699244.0,9699244,0.0006027123,0,,,,
2,Chr2_9060589.0,9060589,0.0006031014,0,,,,
1,Chr1_3597020.0,3597020,0.0006037153,1,AT1G10790,AT1G10790,AT1G10790,0.0
5,Chr5_19137806.0,19137806,0.000604263,1,AT5G47120,AT5G47120,AT5G47120,0.0
5,Chr5_19139454.0,19139454,0.000604263,0,,,,
5,Chr5_19140655.0,19140655,0.000604263,0,,,,
1,Chr1_4201298.0,4201298,0.0006045804,1,AT1G12360,AT1G12360,AT1G12360,0.0
1,Chr1_26209293.0,26209293,0.0006048047,0,,,,
1,Chr1_26211617.0,26211617,0.0006048047,0,,,,
5,Chr5_11146178.0,11146178,0.000605274,0,,,,
2,Chr2_9425423.0,9425423,0.0006053565,1,AT2G22160,AT2G22160,AT2G22160,0.0
1,Chr1_793512.0,793512,0.0006053917,1,AT1G03250,AT1G03250,AT1G03250,0.0
1,Chr1_1497064.0,1497064,0.0006054413,0,,,,
4,Chr4_698631.0,698631,0.0006054693,0,,,,
1,Chr1_8319598.0,8319598,0.000605763,0,,,,
5,Chr5_10960468.0,10960468,0.0006061126,0,,,,
5,Chr5_9910033.0,9910033,0.0006062101,0,,,,
5,Chr5_10463686.0,10463686,0.0006062904,0,,,,
5,Chr5_11060397.0,11060397,0.0006062986,0,,,,
1,Chr1_19794882.0,19794882,0.0006063798,1,AT1G53130,AT1G53130,AT1G53130,0.0
5,Chr5_15101316.0,15101316,0.0006065241,0,,,,
5,Chr5_22274059.0,22274059,0.0006066347,1,AT5G54830,AT5G54830,AT5G54830,0.0
1,Chr1_15539335.0,15539335,0.0006072974,0,,,,
4,Chr4_16366044.0,16366044,0.0006080233,0,,,,
5,Chr5_1029564.0,1029564,0.0006083643,0,,,,
5,Chr5_25437457.0,25437457,0.0006084096,0,,,,
5,Chr5_25437458.0,25437458,0.0006084096,0,,,,
1,Chr1_6423985.0,6423985,0.0006084613,1,AT1G18660,AT1G18660,AT1G18660,0.0
4,Chr4_13729617.0,13729617,0.0006087272,0,,,,
4,Chr4_4652951.0,4652951,0.000608773,0,,,,
4,Chr4_1982514.0,1982514,0.0006089585,0,,,,
5,Chr5_6562256.0,6562256,0.0006089665,0,,,,
2,Chr2_5920312.0,5920312,0.0006090568,0,,,,
5,Chr5_22376346.0,22376346,0.0006091606,0,,,,
1,Chr1_4237818.0,4237818,0.0006091614,1,AT1G12430,AT1G12430,AT1G12430,0.0
5,Chr5_8814555.0,8814555,0.0006093089,0,,,,
5,Chr5_9442272.0,9442272,0.0006097927,0,,,,
1,Chr1_4340924.0,4340924,0.0006101357,0,,,,
5,Chr5_11046878.0,11046878,0.0006109511,0,,,,
5,Chr5_11047932.0,11047932,0.0006109511,0,,,,
2,Chr2_4609762.0,4609762,0.0006111635,0,,,,
2,Chr2_4609778.0,4609778,0.0006111635,0,,,,
5,Chr5_6652671.0,6652671,0.00061129,1,AT5G19690,AT5G19690,AT5G19690,0.0
2,Chr2_4923636.0,4923636,0.0006113413,0,,,,
2,Chr2_15428322.0,15428322,0.0006116253,1,AT2G36810,AT2G36810,AT2G36810,0.0
2,Chr2_15434205.0,15434205,0.0006116253,1,AT2G36810,AT2G36810,AT2G36810,0.0
5,Chr5_11483966.0,11483966,0.0006117198,0,,,,
1,Chr1_12387515.0,12387515,0.0006119729,0,,,,
1,Chr1_6066657.0,6066657,0.0006121149,1,AT1G17630,AT1G17630,AT1G17630,0.0
1,Chr1_18471064.0,18471064,0.0006121202,1,AT1G49890,AT1G49890,AT1G49890,0.0
1,Chr1_18471262.0,18471262,0.0006121202,1,AT1G49890,AT1G49890,AT1G49890,0.0
1,Chr1_18471319.0,18471319,0.0006121202,1,AT1G49890,AT1G49890,AT1G49890,0.0
1,Chr1_18471350.0,18471350,0.0006121202,1,AT1G49890,AT1G49890,AT1G49890,0.0
1,Chr1_18471532.0,18471532,0.0006121202,1,AT1G49890,AT1G49890,AT1G49890,0.0
1,Chr1_18471554.0,18471554,0.0006121202,1,AT1G49890,AT1G49890,AT1G49890,0.0
1,Chr1_18471586.0,18471586,0.0006121202,1,AT1G49890,AT1G49890,AT1G49890,0.0
1,Chr1_18471697.0,18471697,0.0006121202,1,AT1G49890,AT1G49890,AT1G49890,0.0
1,Chr1_18472503.0,18472503,0.0006121202,1,AT1G49890,AT1G49890,AT1G49890,0.0
1,Chr1_18474384.0,18474384,0.0006121202,1,AT1G49900,AT1G49900,AT1G49900,0.0
1,Chr1_18475465.0,18475465,0.0006121202,1,AT1G49900,AT1G49900,AT1G49900,0.0
1,Chr1_18476293.0,18476293,0.0006121202,1,AT1G49900,AT1G49900,AT1G49900,0.0
1,Chr1_18476456.0,18476456,0.0006121202,1,AT1G49900,AT1G49900,AT1G49900,0.0
4,Chr4_9087442.0,9087442,0.0006124074,1,AT4G16040,AT4G16040,AT4G16040,0.0
5,Chr5_6384325.0,6384325,0.0006126722,0,,,,
2,Chr2_4086044.0,4086044,0.0006126944,0,,,,
1,Chr1_14186036.0,14186036,0.0006127408,0,,,,
5,Chr5_12222688.0,12222688,0.0006136448,1,AT5G32590,AT5G32590,AT5G32590,0.0
4,Chr4_15718390.0,15718390,0.0006138245,1,AT4G32570,AT4G32570,AT4G32570,0.0
5,Chr5_11488013.0,11488013,0.0006142174,0,,,,
3,Chr3_12659591.0,12659591,0.0006142684,0,,,,
1,Chr1_4138989.0,4138989,0.0006151426,1,AT1G12200,AT1G12200,AT1G12200,0.0
1,Chr1_15891852.0,15891852,0.0006155156,1,AT1G42430,AT1G42430,AT1G42430,0.0
1,Chr1_15894785.0,15894785,0.0006155156,0,,,,
1,Chr1_15896516.0,15896516,0.0006155156,1,AT1G42440,AT1G42440,AT1G42440,0.0
4,Chr4_15718583.0,15718583,0.0006156687,1,AT4G32570,AT4G32570,AT4G32570,0.0
1,Chr1_13109649.0,13109649,0.0006158158,1,AT1G35540,AT1G35540,AT1G35540,0.0
3,Chr3_6470783.0,6470783,0.0006158313,0,,,,
1,Chr1_3786785.0,3786785,0.0006159378,1,AT1G11270,AT1G11270,AT1G11270,0.0
4,Chr4_17113382.0,17113382,0.0006159777,1,AT4G36160,AT4G36160,AT4G36160,0.0
1,Chr1_16155535.0,16155535,0.0006161903,1,AT1G43020,AT1G43020,AT1G43020,0.0
1,Chr1_14481669.0,14481669,0.0006166733,0,,,,
2,Chr2_9207412.0,9207412,0.0006167867,0,,,,
2,Chr2_9209637.0,9209637,0.0006167867,1,AT2G21500,AT2G21500,AT2G21500,0.0
3,Chr3_22641411.0,22641411,0.0006169741,0,,,,
3,Chr3_5574668.0,5574668,0.0006171343,0,,,,
3,Chr3_5574685.0,5574685,0.0006171343,0,,,,
4,Chr4_678370.0,678370,0.0006171506,1,AT4G01560,AT4G01560,AT4G01560,0.0
2,Chr2_8895541.0,8895541,0.0006171571,0,,,,
5,Chr5_25909923.0,25909923,0.0006172224,0,,,,
5,Chr5_25918604.0,25918604,0.0006172224,1,AT5G64840,AT5G64840,AT5G64840,0.0
5,Chr5_459495.0,459495,0.0006174526,1,AT5G02250,AT5G02250,AT5G02250,0.0
3,Chr3_14068372.0,14068372,0.0006175423,0,,,,
4,Chr4_10036901.0,10036901,0.0006176998,0,,,,
4,Chr4_10037060.0,10037060,0.0006176998,0,,,,
1,Chr1_17195322.0,17195322,0.0006177869,0,,,,
5,Chr5_10063757.0,10063757,0.0006178567,0,,,,
3,Chr3_11101785.0,11101785,0.0006181659,0,,,,
3,Chr3_11101809.0,11101809,0.0006181659,0,,,,
3,Chr3_11101852.0,11101852,0.0006181659,0,,,,
3,Chr3_11101866.0,11101866,0.0006181659,0,,,,
3,Chr3_11101873.0,11101873,0.0006181659,0,,,,
3,Chr3_11101884.0,11101884,0.0006181659,0,,,,
5,Chr5_15881848.0,15881848,0.0006182464,0,,,,
3,Chr3_3357583.0,3357583,0.0006182643,1,AT3G10720,AT3G10720,AT3G10720,0.0
1,Chr1_4649432.0,4649432,0.0006186099,0,,,,
5,Chr5_6409547.0,6409547,0.0006192572,0,,,,
5,Chr5_13868750.0,13868750,0.0006193069,0,,,,
4,Chr4_15079935.0,15079935,0.0006193454,1,AT4G30980,AT4G30980,AT4G30980,0.0
3,Chr3_7941733.0,7941733,0.0006193873,0,,,,
5,Chr5_14051255.0,14051255,0.000619709,0,,,,
5,Chr5_14051294.0,14051294,0.000619709,0,,,,
2,Chr2_192047.0,192047,0.0006197601,0,,,,
2,Chr2_192223.0,192223,0.0006197601,0,,,,
2,Chr2_192656.0,192656,0.0006197601,0,,,,
2,Chr2_193352.0,193352,0.0006197601,0,,,,
3,Chr3_19090575.0,19090575,0.0006199849,1,AT3G51440,AT3G51440,AT3G51440,0.0
3,Chr3_11248107.0,11248107,0.0006200708,0,,,,
4,Chr4_15381547.0,15381547,0.0006204169,0,,,,
3,Chr3_15656030.0,15656030,0.0006204801,1,AT3G43790,AT3G43790,AT3G43790,0.0
4,Chr4_6394436.0,6394436,0.0006205322,1,AT4G10310,AT4G10310,AT4G10310,0.0
5,Chr5_22141927.0,22141927,0.0006205614,0,,,,
4,Chr4_6589869.0,6589869,0.0006208134,0,,,,
4,Chr4_6589945.0,6589945,0.0006208134,0,,,,
4,Chr4_6590317.0,6590317,0.0006208134,0,,,,
4,Chr4_6591333.0,6591333,0.0006208134,0,,,,
4,Chr4_6591634.0,6591634,0.0006208134,0,,,,
4,Chr4_6591768.0,6591768,0.0006208134,0,,,,
5,Chr5_19408932.0,19408932,0.0006209197,0,,,,
1,Chr1_13034008.0,13034008,0.0006211228,0,,,,
4,Chr4_1644113.0,1644113,0.0006215111,0,,,,
5,Chr5_21977911.0,21977911,0.0006216758,1,AT5G54150,AT5G54150,AT5G54150,0.0
1,Chr1_4708212.0,4708212,0.0006223887,0,,,,
4,Chr4_7105402.0,7105402,0.0006224333,1,AT4G11810,AT4G11810,AT4G11810,0.0
3,Chr3_13444855.0,13444855,0.0006225792,0,,,,
5,Chr5_869882.0,869882,0.000622898,1,AT5G03480,AT5G03480,AT5G03480,0.0
1,Chr1_16401546.0,16401546,0.0006229338,0,,,,
2,Chr2_11876256.0,11876256,0.0006231867,1,AT2G27880,AT2G27880,AT2G27880,0.0
5,Chr5_10266102.0,10266102,0.0006231967,0,,,,
1,Chr1_4719165.0,4719165,0.000623536,1,AT1G13755,AT1G13755,AT1G13755,0.0
5,Chr5_5450294.0,5450294,0.0006237538,0,,,,
5,Chr5_14704610.0,14704610,0.0006238234,0,,,,
2,Chr2_2214828.0,2214828,0.0006238625,1,AT2G05810,AT2G05810,AT2G05810,0.0
4,Chr4_13041851.0,13041851,0.0006239149,1,AT4G25530,AT4G25530,AT4G25530,0.0
4,Chr4_13050762.0,13050762,0.0006239149,1,AT4G25550,AT4G25550,AT4G25550,0.0
4,Chr4_13055941.0,13055941,0.0006239149,0,,,,
1,Chr1_8145216.0,8145216,0.0006239357,0,,,,
3,Chr3_1497496.0,1497496,0.0006239755,1,AT3G05260,AT3G05260,AT3G05260,0.0
3,Chr3_18661311.0,18661311,0.0006240669,0,,,,
1,Chr1_30284795.0,30284795,0.0006241295,0,,,,
3,Chr3_12759693.0,12759693,0.0006242798,0,,,,
1,Chr1_26522452.0,26522452,0.0006247719,0,,,,
2,Chr2_13329877.0,13329877,0.0006248101,1,AT2G31270,AT2G31270,AT2G31270,0.0
2,Chr2_15765727.0,15765727,0.0006248331,0,,,,
3,Chr3_9983418.0,9983418,0.0006252156,1,AT3G27070,AT3G27070,AT3G27070,0.0
2,Chr2_7942696.0,7942696,0.0006256854,1,AT2G18260,AT2G18260,AT2G18260,0.0
4,Chr4_2075719.0,2075719,0.0006258523,0,,,,
4,Chr4_2079527.0,2079527,0.0006258523,0,,,,
4,Chr4_2079551.0,2079551,0.0006258523,0,,,,
4,Chr4_2081595.0,2081595,0.0006258523,0,,,,
4,Chr4_2081904.0,2081904,0.0006258523,0,,,,
4,Chr4_2082189.0,2082189,0.0006258523,0,,,,
4,Chr4_2083016.0,2083016,0.0006258523,0,,,,
4,Chr4_2096008.0,2096008,0.0006258523,1,AT4G04315,AT4G04315,AT4G04315,0.0
4,Chr4_2096340.0,2096340,0.0006258523,1,AT4G04315,AT4G04315,AT4G04315,0.0
4,Chr4_2096341.0,2096341,0.0006258523,1,AT4G04315,AT4G04315,AT4G04315,0.0
4,Chr4_2102235.0,2102235,0.0006258523,0,,,,
4,Chr4_2108056.0,2108056,0.0006258523,0,,,,
4,Chr4_2109077.0,2109077,0.0006258523,0,,,,
4,Chr4_2109174.0,2109174,0.0006258523,0,,,,
4,Chr4_2110340.0,2110340,0.0006258523,0,,,,
4,Chr4_2110942.0,2110942,0.0006258523,0,,,,
4,Chr4_2111223.0,2111223,0.0006258523,0,,,,
4,Chr4_2112033.0,2112033,0.0006258523,0,,,,
3,Chr3_10812781.0,10812781,0.0006261226,0,,,,
2,Chr2_1457469.0,1457469,0.0006261974,0,,,,
4,Chr4_15957638.0,15957638,0.0006262843,0,,,,
2,Chr2_9515374.0,9515374,0.0006268139,1,AT2G22425,AT2G22425,AT2G22425,0.0
5,Chr5_18954106.0,18954106,0.0006269659,1,AT5G46710,AT5G46710,AT5G46710,0.0
2,Chr2_5364975.0,5364975,0.0006271566,0,,,,
2,Chr2_6120310.0,6120310,0.00062719,0,,,,
3,Chr3_22349963.0,22349963,0.0006273859,1,AT3G60490,AT3G60490,AT3G60490,0.0
3,Chr3_9466719.0,9466719,0.0006274921,0,,,,
1,Chr1_23150705.0,23150705,0.0006274934,0,,,,
1,Chr1_16198971.0,16198971,0.0006275182,0,,,,
4,Chr4_7708016.0,7708016,0.0006275539,0,,,,
4,Chr4_7708416.0,7708416,0.0006275539,0,,,,
4,Chr4_7710342.0,7710342,0.0006275539,0,,,,
4,Chr4_7710888.0,7710888,0.0006275539,0,,,,
4,Chr4_16693591.0,16693591,0.0006275772,0,,,,
2,Chr2_12199761.0,12199761,0.0006278926,1,AT2G28510,AT2G28510,AT2G28510,0.0
2,Chr2_87109.0,87109,0.0006283237,1,AT2G01120,AT2G01120,AT2G01120,0.0
5,Chr5_1051125.0,1051125,0.0006288093,1,AT5G03900,AT5G03900,AT5G03900,0.0
4,Chr4_5744477.0,5744477,0.0006295491,0,,,,
5,Chr5_9252343.0,9252343,0.0006296132,0,,,,
5,Chr5_7840802.0,7840802,0.0006297849,1,AT5G23270,AT5G23270,AT5G23270,0.0
2,Chr2_7700696.0,7700696,0.0006303324,0,,,,
2,Chr2_7702389.0,7702389,0.0006303324,0,,,,
3,Chr3_18836401.0,18836401,0.0006308088,1,AT3G50690,AT3G50690,AT3G50690,0.0
2,Chr2_6095463.0,6095463,0.0006319761,0,,,,
5,Chr5_4077073.0,4077073,0.0006320973,0,,,,
5,Chr5_22843493.0,22843493,0.0006322042,1,AT5G56390,AT5G56390,AT5G56390,0.0
2,Chr2_13667326.0,13667326,0.0006323612,1,AT2G32170,AT2G32170,AT2G32170,0.0
5,Chr5_18696515.0,18696515,0.0006328651,0,,,,
3,Chr3_2133664.0,2133664,0.0006332089,1,AT3G06760,AT3G06760,AT3G06760,0.0
2,Chr2_9221725.0,9221725,0.0006334527,1,AT2G21540,AT2G21540,AT2G21540,0.0
4,Chr4_15078888.0,15078888,0.0006336462,0,,,,
3,Chr3_13154477.0,13154477,0.0006342454,0,,,,
4,Chr4_16693801.0,16693801,0.0006344605,0,,,,
5,Chr5_24819787.0,24819787,0.0006348565,0,,,,
2,Chr2_4380473.0,4380473,0.0006350734,0,,,,
1,Chr1_28122423.0,28122423,0.0006351284,0,,,,
2,Chr2_8012755.0,8012755,0.0006351379,0,,,,
1,Chr1_26192557.0,26192557,0.00063551,1,AT1G69630,AT1G69630,AT1G69630,0.0
1,Chr1_26192851.0,26192851,0.00063551,1,AT1G69630,AT1G69630,AT1G69630,0.0
1,Chr1_26192903.0,26192903,0.00063551,1,AT1G69630,AT1G69630,AT1G69630,0.0
1,Chr1_26194559.0,26194559,0.00063551,1,AT1G69640,AT1G69640,AT1G69640,0.0
1,Chr1_4075061.0,4075061,0.0006355862,1,AT1G12050,AT1G12050,AT1G12050,0.0
1,Chr1_4079725.0,4079725,0.0006355862,1,AT1G12070,AT1G12070,AT1G12070,0.0
1,Chr1_4082393.0,4082393,0.0006355862,0,,,,
3,Chr3_14010287.0,14010287,0.0006355968,0,,,,
3,Chr3_6596135.0,6596135,0.0006356032,1,AT3G19080,AT3G19080,AT3G19080,0.0
3,Chr3_3228701.0,3228701,0.0006356586,1,AT3G10380,AT3G10380,AT3G10380,0.0
3,Chr3_20574460.0,20574460,0.0006357199,0,,,,
4,Chr4_7711300.0,7711300,0.0006359965,1,AT4G13263,AT4G13263,AT4G13263,0.0
5,Chr5_7674123.0,7674123,0.0006362484,0,,,,
5,Chr5_7674265.0,7674265,0.0006362484,0,,,,
2,Chr2_5562599.0,5562599,0.0006364435,0,,,,
4,Chr4_9682974.0,9682974,0.000637075,1,AT4G17300,AT4G17300,AT4G17300,0.0
4,Chr4_9687110.0,9687110,0.000637075,0,,,,
4,Chr4_9688843.0,9688843,0.000637075,0,,,,
4,Chr4_9689632.0,9689632,0.000637075,1,AT4G17330,AT4G17330,AT4G17330,0.0
1,Chr1_3123136.0,3123136,0.0006372571,1,AT1G09645,AT1G09645,AT1G09645,0.0
2,Chr2_417358.0,417358,0.0006378508,1,AT2G01910,AT2G01910,AT2G01910,0.0
5,Chr5_11480712.0,11480712,0.0006382774,0,,,,
1,Chr1_8225051.0,8225051,0.000638664,0,,,,
1,Chr1_4067772.0,4067772,0.000638945,0,,,,
1,Chr1_4068017.0,4068017,0.000638945,0,,,,
5,Chr5_6450044.0,6450044,0.0006392973,1,AT5G19175,AT5G19175,AT5G19175,0.0
1,Chr1_6124879.0,6124879,0.0006397894,1,AT1G17780,AT1G17780,AT1G17780,0.0
1,Chr1_6124931.0,6124931,0.0006397894,1,AT1G17780,AT1G17780,AT1G17780,0.0
1,Chr1_6125307.0,6125307,0.0006397894,0,,,,
4,Chr4_16856487.0,16856487,0.0006400928,1,AT4G35490,AT4G35490,AT4G35490,0.0
4,Chr4_16858658.0,16858658,0.0006400928,1,AT4G35500,AT4G35500,AT4G35500,0.0
5,Chr5_22887622.0,22887622,0.0006401501,0,,,,
5,Chr5_16024331.0,16024331,0.0006402498,0,,,,
1,Chr1_1445322.0,1445322,0.0006404217,0,,,,
5,Chr5_16079990.0,16079990,0.0006405694,1,AT5G40230,AT5G40230,AT5G40230,0.0
5,Chr5_13793762.0,13793762,0.0006405844,0,,,,
5,Chr5_500423.0,500423,0.00064105,0,,,,
5,Chr5_261725.0,261725,0.0006412575,1,AT5G01700,AT5G01700,AT5G01700,0.0
5,Chr5_263503.0,263503,0.0006412575,0,,,,
1,Chr1_25534841.0,25534841,0.0006415281,0,,,,
4,Chr4_6835034.0,6835034,0.0006417849,0,,,,
1,Chr1_2226311.0,2226311,0.0006418885,1,AT1G07250,AT1G07250,AT1G07250,0.0
5,Chr5_14586954.0,14586954,0.0006419045,0,,,,
2,Chr2_17358883.0,17358883,0.0006421179,0,,,,
5,Chr5_10366965.0,10366965,0.0006425045,0,,,,
4,Chr4_11430090.0,11430090,0.0006430204,1,AT4G21460,AT4G21460,AT4G21460,0.0
5,Chr5_6355879.0,6355879,0.0006431565,1,AT5G19025,AT5G19025,AT5G19025,0.0
3,Chr3_15629285.0,15629285,0.000643225,0,,,,
3,Chr3_20609047.0,20609047,0.0006433581,0,,,,
4,Chr4_2041245.0,2041245,0.0006435321,0,,,,
4,Chr4_2043209.0,2043209,0.0006435321,0,,,,
4,Chr4_2049442.0,2049442,0.0006435321,0,,,,
4,Chr4_2051956.0,2051956,0.0006435321,0,,,,
4,Chr4_2075158.0,2075158,0.0006435321,0,,,,
4,Chr4_2075160.0,2075160,0.0006435321,0,,,,
4,Chr4_2077971.0,2077971,0.0006435321,0,,,,
4,Chr4_2079565.0,2079565,0.0006435321,0,,,,
4,Chr4_2102496.0,2102496,0.0006435321,0,,,,
4,Chr4_2106776.0,2106776,0.0006435321,0,,,,
4,Chr4_2108402.0,2108402,0.0006435321,0,,,,
4,Chr4_2115902.0,2115902,0.0006435321,1,AT4G04320,AT4G04320,AT4G04320,0.0
4,Chr4_2115903.0,2115903,0.0006435321,1,AT4G04320,AT4G04320,AT4G04320,0.0
4,Chr4_2116851.0,2116851,0.0006435321,1,AT4G04330,AT4G04330,AT4G04330,0.0
4,Chr4_2117010.0,2117010,0.0006435321,1,AT4G04330,AT4G04330,AT4G04330,0.0
4,Chr4_2117321.0,2117321,0.0006435321,1,AT4G04330,AT4G04330,AT4G04330,0.0
5,Chr5_9383914.0,9383914,0.000643887,0,,,,
2,Chr2_12076720.0,12076720,0.0006442623,0,,,,
4,Chr4_2313266.0,2313266,0.0006444956,0,,,,
2,Chr2_2007614.0,2007614,0.0006448151,0,,,,
5,Chr5_13976251.0,13976251,0.0006455228,0,,,,
5,Chr5_9146501.0,9146501,0.0006455378,1,AT5G26160,AT5G26160,AT5G26160,0.0
5,Chr5_24391289.0,24391289,0.0006455407,0,,,,
5,Chr5_9050063.0,9050063,0.00064571,0,,,,
5,Chr5_9050321.0,9050321,0.00064571,0,,,,
5,Chr5_9050630.0,9050630,0.00064571,0,,,,
2,Chr2_1458362.0,1458362,0.0006458406,0,,,,
2,Chr2_1461953.0,1461953,0.0006458406,1,AT2G04240,AT2G04240,AT2G04240,0.0
1,Chr1_11686797.0,11686797,0.0006465603,0,,,,
4,Chr4_10716986.0,10716986,0.0006469377,0,,,,
3,Chr3_15418828.0,15418828,0.000647579,0,,,,
4,Chr4_7830945.0,7830945,0.000648021,0,,,,
5,Chr5_23049987.0,23049987,0.0006481539,0,,,,
5,Chr5_13976908.0,13976908,0.0006486423,0,,,,
5,Chr5_13979006.0,13979006,0.0006486423,0,,,,
4,Chr4_14883678.0,14883678,0.000649299,0,,,,
5,Chr5_26528891.0,26528891,0.0006495602,0,,,,
1,Chr1_18466643.0,18466643,0.0006495791,0,,,,
2,Chr2_5162923.0,5162923,0.0006496966,0,,,,
5,Chr5_21172964.0,21172964,0.0006502815,1,AT5G52110,AT5G52110,AT5G52110,0.0
2,Chr2_12997489.0,12997489,0.0006503122,0,,,,
1,Chr1_4097272.0,4097272,0.000650489,0,,,,
4,Chr4_13228717.0,13228717,0.0006507769,1,AT4G26100,AT4G26100,AT4G26100,0.0
1,Chr1_9911545.0,9911545,0.0006512028,0,,,,
3,Chr3_22978241.0,22978241,0.0006517108,0,,,,
1,Chr1_12190140.0,12190140,0.0006518292,1,AT1G33610,AT1G33610,AT1G33610,0.0
1,Chr1_3158032.0,3158032,0.0006520803,1,AT1G09750,AT1G09750,AT1G09750,0.0
5,Chr5_1185422.0,1185422,0.0006520921,0,,,,
5,Chr5_1185431.0,1185431,0.0006520921,0,,,,
5,Chr5_20948954.0,20948954,0.0006523811,0,,,,
2,Chr2_7699519.0,7699519,0.0006525801,1,AT2G17720,AT2G17720,AT2G17720,0.0
4,Chr4_7033324.0,7033324,0.0006525905,0,,,,
3,Chr3_6760295.0,6760295,0.0006532155,1,AT3G19500,AT3G19500,AT3G19500,0.0
5,Chr5_18449996.0,18449996,0.0006534543,1,AT5G45520,AT5G45520,AT5G45520,0.0
4,Chr4_10126257.0,10126257,0.0006534771,0,,,,
2,Chr2_17343037.0,17343037,0.0006538517,0,,,,
3,Chr3_13174954.0,13174954,0.0006540385,0,,,,
4,Chr4_7214426.0,7214426,0.000654056,0,,,,
2,Chr2_2351653.0,2351653,0.0006541219,1,AT2G06025,AT2G06025,AT2G06025,0.0
1,Chr1_26524624.0,26524624,0.0006541497,0,,,,
5,Chr5_13222561.0,13222561,0.0006542322,0,,,,
5,Chr5_13222970.0,13222970,0.0006542322,0,,,,
5,Chr5_18909500.0,18909500,0.0006543966,1,AT5G46600,AT5G46600,AT5G46600,0.0
5,Chr5_18909503.0,18909503,0.0006543966,1,AT5G46600,AT5G46600,AT5G46600,0.0
1,Chr1_6137361.0,6137361,0.0006547834,1,AT1G17830,AT1G17830,AT1G17830,0.0
1,Chr1_6138691.0,6138691,0.0006547834,0,,,,
2,Chr2_12475003.0,12475003,0.000654785,0,,,,
1,Chr1_28122409.0,28122409,0.0006553455,0,,,,
1,Chr1_8536841.0,8536841,0.0006554524,1,AT1G24140,AT1G24140,AT1G24140,0.0
5,Chr5_4130906.0,4130906,0.0006555875,1,AT5G13020,AT5G13020,AT5G13020,0.0
4,Chr4_2013743.0,2013743,0.0006557506,0,,,,
1,Chr1_25690881.0,25690881,0.0006563449,0,,,,
5,Chr5_15589401.0,15589401,0.0006564138,1,AT5G38940,AT5G38940,AT5G38940,0.0
4,Chr4_13205263.0,13205263,0.0006566294,0,,,,
1,Chr1_27599870.0,27599870,0.0006566556,0,,,,
5,Chr5_18943141.0,18943141,0.0006569853,0,,,,
1,Chr1_8319585.0,8319585,0.0006570201,0,,,,
1,Chr1_59719.0,59719,0.0006571409,0,,,,
2,Chr2_3968228.0,3968228,0.0006572156,0,,,,
3,Chr3_2609098.0,2609098,0.0006572918,1,AT3G08590,AT3G08590,AT3G08590,0.0
3,Chr3_6344846.0,6344846,0.0006575221,0,,,,
5,Chr5_11481515.0,11481515,0.0006576243,0,,,,
5,Chr5_11481658.0,11481658,0.0006576243,0,,,,
5,Chr5_3110160.0,3110160,0.0006578991,0,,,,
4,Chr4_5407944.0,5407944,0.0006583387,0,,,,
4,Chr4_15381766.0,15381766,0.0006584916,0,,,,
4,Chr4_15381803.0,15381803,0.0006584916,0,,,,
4,Chr4_15381812.0,15381812,0.0006584916,0,,,,
4,Chr4_15381833.0,15381833,0.0006584916,0,,,,
4,Chr4_15381851.0,15381851,0.0006584916,0,,,,
4,Chr4_15381886.0,15381886,0.0006584916,0,,,,
4,Chr4_15381897.0,15381897,0.0006584916,0,,,,
4,Chr4_15381909.0,15381909,0.0006584916,0,,,,
4,Chr4_15381931.0,15381931,0.0006584916,0,,,,
4,Chr4_15381941.0,15381941,0.0006584916,0,,,,
2,Chr2_14996076.0,14996076,0.0006586871,1,AT2G35670,AT2G35670,AT2G35670,0.0
2,Chr2_7728763.0,7728763,0.0006587277,1,AT2G17785,AT2G17785,AT2G17785,0.0
2,Chr2_7729805.0,7729805,0.0006587277,0,,,,
2,Chr2_7732564.0,7732564,0.0006587277,1,AT2G17787,AT2G17787,AT2G17787,0.0
2,Chr2_7732683.0,7732683,0.0006587277,1,AT2G17787,AT2G17787,AT2G17787,0.0
2,Chr2_7734429.0,7734429,0.0006587277,1,AT2G17790,AT2G17790,AT2G17790,0.0
2,Chr2_7735647.0,7735647,0.0006587277,1,AT2G17790,AT2G17790,AT2G17790,0.0
2,Chr2_7736548.0,7736548,0.0006587277,1,AT2G17790,AT2G17790,AT2G17790,0.0
2,Chr2_7738696.0,7738696,0.0006587277,1,AT2G17790,AT2G17790,AT2G17790,0.0
2,Chr2_7738697.0,7738697,0.0006587277,1,AT2G17790,AT2G17790,AT2G17790,0.0
2,Chr2_7738880.0,7738880,0.0006587277,1,AT2G17790,AT2G17790,AT2G17790,0.0
1,Chr1_23138134.0,23138134,0.0006587835,0,,,,
5,Chr5_16207187.0,16207187,0.0006588003,0,,,,
3,Chr3_20453062.0,20453062,0.0006588306,1,AT3G55170,AT3G55170,AT3G55170,0.0
4,Chr4_7889924.0,7889924,0.0006589158,0,,,,
4,Chr4_7891235.0,7891235,0.0006589158,0,,,,
4,Chr4_7898501.0,7898501,0.0006589158,0,,,,
3,Chr3_18627503.0,18627503,0.0006589843,1,AT3G50240,AT3G50240,AT3G50240,0.0
2,Chr2_7714281.0,7714281,0.0006591644,1,AT2G17760,AT2G17760,AT2G17760,0.0
2,Chr2_7715675.0,7715675,0.0006591644,1,AT2G17760,AT2G17760,AT2G17760,0.0
2,Chr2_7717827.0,7717827,0.0006591644,0,,,,
4,Chr4_795255.0,795255,0.0006598911,0,,,,
5,Chr5_11453524.0,11453524,0.0006602355,0,,,,
5,Chr5_11462620.0,11462620,0.0006602355,0,,,,
5,Chr5_11463560.0,11463560,0.0006602355,0,,,,
4,Chr4_4304422.0,4304422,0.0006604625,0,,,,
4,Chr4_4304423.0,4304423,0.0006604625,0,,,,
4,Chr4_944302.0,944302,0.0006606475,0,,,,
1,Chr1_25779497.0,25779497,0.0006607726,0,,,,
3,Chr3_12369953.0,12369953,0.0006608602,0,,,,
5,Chr5_9124185.0,9124185,0.0006611252,1,AT5G26120,AT5G26120,AT5G26120,0.0
5,Chr5_9125866.0,9125866,0.0006611252,1,AT5G26120,AT5G26120,AT5G26120,0.0
5,Chr5_9126714.0,9126714,0.0006611252,0,,,,
5,Chr5_9126741.0,9126741,0.0006611252,0,,,,
5,Chr5_9128109.0,9128109,0.0006611252,0,,,,
2,Chr2_10023700.0,10023700,0.0006611622,0,,,,
1,Chr1_1161621.0,1161621,0.000661176,1,AT1G04330,AT1G04330,AT1G04330,0.0
1,Chr1_1161725.0,1161725,0.000661176,1,AT1G04330,AT1G04330,AT1G04330,0.0
2,Chr2_4799755.0,4799755,0.0006612151,0,,,,
5,Chr5_15148488.0,15148488,0.0006612904,0,,,,
1,Chr1_12140433.0,12140433,0.0006614356,0,,,,
2,Chr2_18391595.0,18391595,0.0006618142,0,,,,
3,Chr3_14926916.0,14926916,0.0006623184,0,,,,
1,Chr1_15742223.0,15742223,0.0006623614,0,,,,
5,Chr5_5591853.0,5591853,0.0006624184,1,AT5G17010,AT5G17010,AT5G17010,0.0
1,Chr1_26220590.0,26220590,0.0006626143,1,AT1G69700,AT1G69700,AT1G69700,0.0
5,Chr5_24333297.0,24333297,0.0006632091,0,,,,
3,Chr3_16459300.0,16459300,0.0006632996,0,,,,
3,Chr3_1040829.0,1040829,0.0006634032,1,AT3G04020,AT3G04020,AT3G04020,0.0
1,Chr1_23188490.0,23188490,0.000663475,1,AT1G62630,AT1G62630,AT1G62630,0.0
5,Chr5_19733323.0,19733323,0.000663569,0,,,,
5,Chr5_7430863.0,7430863,0.0006638646,1,AT5G22420,AT5G22420,AT5G22420,0.0
4,Chr4_4304421.0,4304421,0.000664196,0,,,,
4,Chr4_11917506.0,11917506,0.0006645569,1,AT4G22666,AT4G22666,AT4G22666,0.0
4,Chr4_11917542.0,11917542,0.0006645569,1,AT4G22666,AT4G22666,AT4G22666,0.0
4,Chr4_11917544.0,11917544,0.0006645569,1,AT4G22666,AT4G22666,AT4G22666,0.0
4,Chr4_11917546.0,11917546,0.0006645569,1,AT4G22666,AT4G22666,AT4G22666,0.0
4,Chr4_11917547.0,11917547,0.0006645569,1,AT4G22666,AT4G22666,AT4G22666,0.0
4,Chr4_11917548.0,11917548,0.0006645569,1,AT4G22666,AT4G22666,AT4G22666,0.0
4,Chr4_11917551.0,11917551,0.0006645569,1,AT4G22666,AT4G22666,AT4G22666,0.0
4,Chr4_11917560.0,11917560,0.0006645569,1,AT4G22666,AT4G22666,AT4G22666,0.0
4,Chr4_11917631.0,11917631,0.0006645569,1,AT4G22666,AT4G22666,AT4G22666,0.0
4,Chr4_11917672.0,11917672,0.0006645569,1,AT4G22666,AT4G22666,AT4G22666,0.0
4,Chr4_11917715.0,11917715,0.0006645569,1,AT4G22666,AT4G22666,AT4G22666,0.0
4,Chr4_11917722.0,11917722,0.0006645569,1,AT4G22666,AT4G22666,AT4G22666,0.0
4,Chr4_11917786.0,11917786,0.0006645569,1,AT4G22666,AT4G22666,AT4G22666,0.0
4,Chr4_11917803.0,11917803,0.0006645569,1,AT4G22666,AT4G22666,AT4G22666,0.0
4,Chr4_11917979.0,11917979,0.0006645569,0,,,,
4,Chr4_11918316.0,11918316,0.0006645569,1,AT4G22670,AT4G22670,AT4G22670,0.0
4,Chr4_11918331.0,11918331,0.0006645569,1,AT4G22670,AT4G22670,AT4G22670,0.0
4,Chr4_11918359.0,11918359,0.0006645569,1,AT4G22670,AT4G22670,AT4G22670,0.0
4,Chr4_11918390.0,11918390,0.0006645569,1,AT4G22670,AT4G22670,AT4G22670,0.0
4,Chr4_11918458.0,11918458,0.0006645569,1,AT4G22670,AT4G22670,AT4G22670,0.0
4,Chr4_11918459.0,11918459,0.0006645569,1,AT4G22670,AT4G22670,AT4G22670,0.0
4,Chr4_11918466.0,11918466,0.0006645569,1,AT4G22670,AT4G22670,AT4G22670,0.0
4,Chr4_11918482.0,11918482,0.0006645569,1,AT4G22670,AT4G22670,AT4G22670,0.0
4,Chr4_11918491.0,11918491,0.0006645569,1,AT4G22670,AT4G22670,AT4G22670,0.0
4,Chr4_11918496.0,11918496,0.0006645569,1,AT4G22670,AT4G22670,AT4G22670,0.0
4,Chr4_11918502.0,11918502,0.0006645569,1,AT4G22670,AT4G22670,AT4G22670,0.0
4,Chr4_11918525.0,11918525,0.0006645569,1,AT4G22670,AT4G22670,AT4G22670,0.0
4,Chr4_11918552.0,11918552,0.0006645569,1,AT4G22670,AT4G22670,AT4G22670,0.0
4,Chr4_11918610.0,11918610,0.0006645569,1,AT4G22670,AT4G22670,AT4G22670,0.0
4,Chr4_11918631.0,11918631,0.0006645569,1,AT4G22670,AT4G22670,AT4G22670,0.0
4,Chr4_11918886.0,11918886,0.0006645569,1,AT4G22670,AT4G22670,AT4G22670,0.0
4,Chr4_11918898.0,11918898,0.0006645569,1,AT4G22670,AT4G22670,AT4G22670,0.0
4,Chr4_11918940.0,11918940,0.0006645569,1,AT4G22670,AT4G22670,AT4G22670,0.0
4,Chr4_11919027.0,11919027,0.0006645569,1,AT4G22670,AT4G22670,AT4G22670,0.0
4,Chr4_11919035.0,11919035,0.0006645569,1,AT4G22670,AT4G22670,AT4G22670,0.0
4,Chr4_11919037.0,11919037,0.0006645569,1,AT4G22670,AT4G22670,AT4G22670,0.0
4,Chr4_11919043.0,11919043,0.0006645569,1,AT4G22670,AT4G22670,AT4G22670,0.0
4,Chr4_11919073.0,11919073,0.0006645569,1,AT4G22670,AT4G22670,AT4G22670,0.0
4,Chr4_11919097.0,11919097,0.0006645569,1,AT4G22670,AT4G22670,AT4G22670,0.0
4,Chr4_11919110.0,11919110,0.0006645569,1,AT4G22670,AT4G22670,AT4G22670,0.0
4,Chr4_11919296.0,11919296,0.0006645569,1,AT4G22670,AT4G22670,AT4G22670,0.0
4,Chr4_11919339.0,11919339,0.0006645569,1,AT4G22670,AT4G22670,AT4G22670,0.0
4,Chr4_11919343.0,11919343,0.0006645569,1,AT4G22670,AT4G22670,AT4G22670,0.0
4,Chr4_11919411.0,11919411,0.0006645569,1,AT4G22670,AT4G22670,AT4G22670,0.0
4,Chr4_11919431.0,11919431,0.0006645569,1,AT4G22670,AT4G22670,AT4G22670,0.0
4,Chr4_11919432.0,11919432,0.0006645569,1,AT4G22670,AT4G22670,AT4G22670,0.0
4,Chr4_11919436.0,11919436,0.0006645569,1,AT4G22670,AT4G22670,AT4G22670,0.0
4,Chr4_11919443.0,11919443,0.0006645569,1,AT4G22670,AT4G22670,AT4G22670,0.0
4,Chr4_11919457.0,11919457,0.0006645569,1,AT4G22670,AT4G22670,AT4G22670,0.0
4,Chr4_11919470.0,11919470,0.0006645569,1,AT4G22670,AT4G22670,AT4G22670,0.0
4,Chr4_11919585.0,11919585,0.0006645569,1,AT4G22670,AT4G22670,AT4G22670,0.0
4,Chr4_11919691.0,11919691,0.0006645569,1,AT4G22670,AT4G22670,AT4G22670,0.0
4,Chr4_11919702.0,11919702,0.0006645569,1,AT4G22670,AT4G22670,AT4G22670,0.0
4,Chr4_11919704.0,11919704,0.0006645569,1,AT4G22670,AT4G22670,AT4G22670,0.0
4,Chr4_11919711.0,11919711,0.0006645569,1,AT4G22670,AT4G22670,AT4G22670,0.0
4,Chr4_11919712.0,11919712,0.0006645569,1,AT4G22670,AT4G22670,AT4G22670,0.0
4,Chr4_11919802.0,11919802,0.0006645569,1,AT4G22670,AT4G22670,AT4G22670,0.0
4,Chr4_11919855.0,11919855,0.0006645569,1,AT4G22670,AT4G22670,AT4G22670,0.0
4,Chr4_11919874.0,11919874,0.0006645569,1,AT4G22670,AT4G22670,AT4G22670,0.0
4,Chr4_11919883.0,11919883,0.0006645569,1,AT4G22670,AT4G22670,AT4G22670,0.0
4,Chr4_11920258.0,11920258,0.0006645569,1,AT4G22670,AT4G22670,AT4G22670,0.0
4,Chr4_11920379.0,11920379,0.0006645569,1,AT4G22670,AT4G22670,AT4G22670,0.0
4,Chr4_11920407.0,11920407,0.0006645569,1,AT4G22670,AT4G22670,AT4G22670,0.0
4,Chr4_11920462.0,11920462,0.0006645569,1,AT4G22670,AT4G22670,AT4G22670,0.0
4,Chr4_11920500.0,11920500,0.0006645569,1,AT4G22670,AT4G22670,AT4G22670,0.0
4,Chr4_11920515.0,11920515,0.0006645569,1,AT4G22670,AT4G22670,AT4G22670,0.0
4,Chr4_11920565.0,11920565,0.0006645569,1,AT4G22670,AT4G22670,AT4G22670,0.0
4,Chr4_11920571.0,11920571,0.0006645569,1,AT4G22670,AT4G22670,AT4G22670,0.0
4,Chr4_11920692.0,11920692,0.0006645569,1,AT4G22670,AT4G22670,AT4G22670,0.0
4,Chr4_11920722.0,11920722,0.0006645569,1,AT4G22670,AT4G22670,AT4G22670,0.0
4,Chr4_11920734.0,11920734,0.0006645569,1,AT4G22670,AT4G22670,AT4G22670,0.0
4,Chr4_11920767.0,11920767,0.0006645569,1,AT4G22670,AT4G22670,AT4G22670,0.0
4,Chr4_11920907.0,11920907,0.0006645569,1,AT4G22670,AT4G22670,AT4G22670,0.0
4,Chr4_11920920.0,11920920,0.0006645569,0,,,,
4,Chr4_11920925.0,11920925,0.0006645569,0,,,,
4,Chr4_11920951.0,11920951,0.0006645569,0,,,,
4,Chr4_11920958.0,11920958,0.0006645569,0,,,,
4,Chr4_11921023.0,11921023,0.0006645569,0,,,,
4,Chr4_11921029.0,11921029,0.0006645569,0,,,,
4,Chr4_11921044.0,11921044,0.0006645569,0,,,,
4,Chr4_11921049.0,11921049,0.0006645569,0,,,,
4,Chr4_11921051.0,11921051,0.0006645569,0,,,,
4,Chr4_11921082.0,11921082,0.0006645569,0,,,,
4,Chr4_11921083.0,11921083,0.0006645569,0,,,,
4,Chr4_11921128.0,11921128,0.0006645569,0,,,,
4,Chr4_11921235.0,11921235,0.0006645569,0,,,,
4,Chr4_11921257.0,11921257,0.0006645569,0,,,,
4,Chr4_11921261.0,11921261,0.0006645569,0,,,,
4,Chr4_11921286.0,11921286,0.0006645569,0,,,,
4,Chr4_11921306.0,11921306,0.0006645569,0,,,,
4,Chr4_11921336.0,11921336,0.0006645569,0,,,,
4,Chr4_11921359.0,11921359,0.0006645569,0,,,,
4,Chr4_11921392.0,11921392,0.0006645569,0,,,,
4,Chr4_11921412.0,11921412,0.0006645569,0,,,,
4,Chr4_11921423.0,11921423,0.0006645569,0,,,,
4,Chr4_11921618.0,11921618,0.0006645569,0,,,,
4,Chr4_11921699.0,11921699,0.0006645569,0,,,,
4,Chr4_11921837.0,11921837,0.0006645569,0,,,,
4,Chr4_11922062.0,11922062,0.0006645569,0,,,,
4,Chr4_11922178.0,11922178,0.0006645569,0,,,,
4,Chr4_11922364.0,11922364,0.0006645569,1,AT4G22680,AT4G22680,AT4G22680,0.0
4,Chr4_11922649.0,11922649,0.0006645569,1,AT4G22680,AT4G22680,AT4G22680,0.0
4,Chr4_11922718.0,11922718,0.0006645569,1,AT4G22680,AT4G22680,AT4G22680,0.0
4,Chr4_11922720.0,11922720,0.0006645569,1,AT4G22680,AT4G22680,AT4G22680,0.0
4,Chr4_11922849.0,11922849,0.0006645569,1,AT4G22680,AT4G22680,AT4G22680,0.0
4,Chr4_11922897.0,11922897,0.0006645569,1,AT4G22680,AT4G22680,AT4G22680,0.0
4,Chr4_11922905.0,11922905,0.0006645569,1,AT4G22680,AT4G22680,AT4G22680,0.0
4,Chr4_11922926.0,11922926,0.0006645569,1,AT4G22680,AT4G22680,AT4G22680,0.0
4,Chr4_11922930.0,11922930,0.0006645569,1,AT4G22680,AT4G22680,AT4G22680,0.0
4,Chr4_11923007.0,11923007,0.0006645569,1,AT4G22680,AT4G22680,AT4G22680,0.0
4,Chr4_11923047.0,11923047,0.0006645569,1,AT4G22680,AT4G22680,AT4G22680,0.0
4,Chr4_11924170.0,11924170,0.0006645569,1,AT4G22680,AT4G22680,AT4G22680,0.0
4,Chr4_11924976.0,11924976,0.0006645569,0,,,,
4,Chr4_11925253.0,11925253,0.0006645569,0,,,,
4,Chr4_11925279.0,11925279,0.0006645569,0,,,,
4,Chr4_11925300.0,11925300,0.0006645569,0,,,,
1,Chr1_15160931.0,15160931,0.000664768,0,,,,
1,Chr1_29377113.0,29377113,0.0006649081,0,,,,
5,Chr5_23806283.0,23806283,0.0006650517,1,AT5G58960,AT5G58960,AT5G58960,0.0
5,Chr5_25465351.0,25465351,0.0006651741,1,AT5G63610,AT5G63610,AT5G63610,0.0
2,Chr2_590525.0,590525,0.0006655328,1,AT2G02230,AT2G02230,AT2G02230,0.0
1,Chr1_1075103.0,1075103,0.0006657526,1,AT1G04130,AT1G04130,AT1G04130,0.0
4,Chr4_7752406.0,7752406,0.0006661088,1,AT4G13310,AT4G13310,AT4G13310,0.0
4,Chr4_7752409.0,7752409,0.0006661088,1,AT4G13310,AT4G13310,AT4G13310,0.0
4,Chr4_7752417.0,7752417,0.0006661088,1,AT4G13310,AT4G13310,AT4G13310,0.0
4,Chr4_7752419.0,7752419,0.0006661088,1,AT4G13310,AT4G13310,AT4G13310,0.0
4,Chr4_7752423.0,7752423,0.0006661088,1,AT4G13310,AT4G13310,AT4G13310,0.0
3,Chr3_20952578.0,20952578,0.0006663473,1,AT3G56550,AT3G56550,AT3G56550,0.0
1,Chr1_15896722.0,15896722,0.000666449,1,AT1G42440,AT1G42440,AT1G42440,0.0
4,Chr4_14914989.0,14914989,0.0006666298,0,,,,
5,Chr5_20709954.0,20709954,0.0006666817,0,,,,
5,Chr5_20712153.0,20712153,0.0006666817,1,AT5G50915,AT5G50915,AT5G50915,0.0
5,Chr5_20713374.0,20713374,0.0006666817,0,,,,
5,Chr5_8053532.0,8053532,0.0006668096,1,AT5G23880,AT5G23880,AT5G23880,0.0
5,Chr5_8054633.0,8054633,0.0006668096,1,AT5G23880,AT5G23880,AT5G23880,0.0
5,Chr5_8055118.0,8055118,0.0006668096,1,AT5G23880,AT5G23880,AT5G23880,0.0
5,Chr5_14772084.0,14772084,0.0006670829,0,,,,
3,Chr3_11947654.0,11947654,0.0006673626,0,,,,
5,Chr5_8441266.0,8441266,0.0006676987,0,,,,
2,Chr2_2367419.0,2367419,0.0006678273,0,,,,
1,Chr1_6236020.0,6236020,0.0006682284,1,AT1G18130,AT1G18130,AT1G18130,0.0
1,Chr1_27930093.0,27930093,0.0006686466,1,AT1G74280,AT1G74280,AT1G74280,0.0
2,Chr2_52460.0,52460,0.0006687243,0,,,,
3,Chr3_17853103.0,17853103,0.0006691653,1,AT3G48220,AT3G48220,AT3G48220,0.0
3,Chr3_12368757.0,12368757,0.0006694024,0,,,,
3,Chr3_12369340.0,12369340,0.0006694024,0,,,,
5,Chr5_20632880.0,20632880,0.0006696384,0,,,,
1,Chr1_23149870.0,23149870,0.0006697161,0,,,,
5,Chr5_26871923.0,26871923,0.0006697543,1,AT5G67360,AT5G67360,AT5G67360,0.0
3,Chr3_13873721.0,13873721,0.0006698462,0,,,,
3,Chr3_13873722.0,13873722,0.0006698462,0,,,,
3,Chr3_13874667.0,13874667,0.0006698462,0,,,,
1,Chr1_1103872.0,1103872,0.000669915,0,,,,
5,Chr5_7535417.0,7535417,0.0006700329,1,AT5G22650,AT5G22650,AT5G22650,0.0
1,Chr1_25964266.0,25964266,0.0006701001,0,,,,
1,Chr1_26981112.0,26981112,0.0006702835,0,,,,
1,Chr1_27039304.0,27039304,0.0006706666,0,,,,
2,Chr2_5135877.0,5135877,0.0006708223,0,,,,
1,Chr1_3093883.0,3093883,0.0006717295,1,AT1G09560,AT1G09560,AT1G09560,0.0
4,Chr4_1986102.0,1986102,0.0006720711,0,,,,
4,Chr4_875024.0,875024,0.0006721204,1,AT4G02000,AT4G02000,AT4G02000,0.0
4,Chr4_4553095.0,4553095,0.0006727798,0,,,,
4,Chr4_2689907.0,2689907,0.0006727867,0,,,,
1,Chr1_15580793.0,15580793,0.000673065,0,,,,
4,Chr4_2327042.0,2327042,0.0006731398,0,,,,
4,Chr4_2327060.0,2327060,0.0006731398,1,AT4G04614,AT4G04614,AT4G04614,0.0
5,Chr5_18667679.0,18667679,0.0006731546,0,,,,
4,Chr4_16438469.0,16438469,0.000673263,0,,,,
5,Chr5_9871319.0,9871319,0.0006733423,0,,,,
1,Chr1_16727105.0,16727105,0.0006733694,0,,,,
5,Chr5_25605803.0,25605803,0.0006735065,1,AT5G63960,AT5G63960,AT5G63960,0.0
5,Chr5_1056114.0,1056114,0.0006736487,1,AT5G03910,AT5G03910,AT5G03910,0.0
2,Chr2_9197599.0,9197599,0.0006736574,0,,,,
4,Chr4_3598849.0,3598849,0.0006737741,0,,,,
4,Chr4_3599066.0,3599066,0.0006737741,0,,,,
4,Chr4_3599157.0,3599157,0.0006737741,0,,,,
4,Chr4_3599182.0,3599182,0.0006737741,0,,,,
1,Chr1_8681809.0,8681809,0.0006738239,1,AT1G24485,AT1G24485,AT1G24485,0.0
1,Chr1_4102377.0,4102377,0.0006739805,0,,,,
1,Chr1_12143493.0,12143493,0.000674332,0,,,,
5,Chr5_13956045.0,13956045,0.0006744507,0,,,,
5,Chr5_13956239.0,13956239,0.0006744507,0,,,,
1,Chr1_10325300.0,10325300,0.0006747575,1,AT1G29530,AT1G29530,AT1G29530,0.0
5,Chr5_8196384.0,8196384,0.0006749022,1,AT5G24180,AT5G24180,AT5G24180,0.0
3,Chr3_15273224.0,15273224,0.0006752293,0,,,,
1,Chr1_15837256.0,15837256,0.0006756331,0,,,,
5,Chr5_1043400.0,1043400,0.0006759437,0,,,,
2,Chr2_13801137.0,13801137,0.0006760413,0,,,,
3,Chr3_15247841.0,15247841,0.0006764323,0,,,,
1,Chr1_26004964.0,26004964,0.0006769148,0,,,,
2,Chr2_5004880.0,5004880,0.0006771576,0,,,,
5,Chr5_11785313.0,11785313,0.0006775394,0,,,,
4,Chr4_9402528.0,9402528,0.0006780061,0,,,,
2,Chr2_13315572.0,13315572,0.0006780881,0,,,,
5,Chr5_25049225.0,25049225,0.0006780986,0,,,,
1,Chr1_16208890.0,16208890,0.0006781442,0,,,,
4,Chr4_6078125.0,6078125,0.0006782609,1,AT4G09620,AT4G09620,AT4G09620,0.0
2,Chr2_5136141.0,5136141,0.00067835,0,,,,
1,Chr1_4325265.0,4325265,0.000678506,1,AT1G12700,AT1G12700,AT1G12700,0.0
1,Chr1_4325711.0,4325711,0.000678506,1,AT1G12700,AT1G12700,AT1G12700,0.0
4,Chr4_16729782.0,16729782,0.0006786853,0,,,,
1,Chr1_17554803.0,17554803,0.0006788795,0,,,,
1,Chr1_3332468.0,3332468,0.0006792794,0,,,,
5,Chr5_5802139.0,5802139,0.0006800553,0,,,,
5,Chr5_10282242.0,10282242,0.000680085,1,AT5G28290,AT5G28290,AT5G28290,0.0
4,Chr4_9190324.0,9190324,0.0006801927,0,,,,
3,Chr3_18300403.0,18300403,0.0006802974,0,,,,
3,Chr3_20641930.0,20641930,0.0006803045,1,AT3G55640,AT3G55640,AT3G55640,0.0
5,Chr5_9145294.0,9145294,0.0006805315,1,AT5G26160,AT5G26160,AT5G26160,0.0
1,Chr1_17439399.0,17439399,0.0006807647,0,,,,
1,Chr1_12893274.0,12893274,0.0006808432,0,,,,
1,Chr1_29276506.0,29276506,0.0006813981,0,,,,
3,Chr3_15934090.0,15934090,0.0006816446,0,,,,
1,Chr1_4717541.0,4717541,0.0006816678,1,AT1G13750,AT1G13750,AT1G13750,0.0
1,Chr1_24998820.0,24998820,0.000681855,1,AT1G66980,AT1G66980,AT1G66980,0.0
1,Chr1_24998829.0,24998829,0.000681855,1,AT1G66980,AT1G66980,AT1G66980,0.0
1,Chr1_24998841.0,24998841,0.000681855,1,AT1G66980,AT1G66980,AT1G66980,0.0
1,Chr1_24998843.0,24998843,0.000681855,1,AT1G66980,AT1G66980,AT1G66980,0.0
1,Chr1_24998856.0,24998856,0.000681855,1,AT1G66980,AT1G66980,AT1G66980,0.0
4,Chr4_5229095.0,5229095,0.0006818768,0,,,,
5,Chr5_11104018.0,11104018,0.0006822294,0,,,,
5,Chr5_13842702.0,13842702,0.0006824364,0,,,,
3,Chr3_22630878.0,22630878,0.0006828069,1,AT3G61150,AT3G61150,AT3G61150,0.0
2,Chr2_13334248.0,13334248,0.0006829456,0,,,,
3,Chr3_16773396.0,16773396,0.0006833743,0,,,,
2,Chr2_2313058.0,2313058,0.0006836375,0,,,,
5,Chr5_20979297.0,20979297,0.000683957,0,,,,
5,Chr5_22081590.0,22081590,0.0006844968,0,,,,
4,Chr4_8454934.0,8454934,0.0006847074,0,,,,
4,Chr4_5113393.0,5113393,0.0006849771,0,,,,
3,Chr3_5151935.0,5151935,0.0006852679,0,,,,
5,Chr5_13719959.0,13719959,0.000685309,0,,,,
5,Chr5_13720041.0,13720041,0.000685309,0,,,,
5,Chr5_13721440.0,13721440,0.000685309,0,,,,
5,Chr5_13721594.0,13721594,0.000685309,0,,,,
3,Chr3_15737981.0,15737981,0.0006853314,0,,,,
3,Chr3_15738908.0,15738908,0.0006853314,0,,,,
3,Chr3_18653741.0,18653741,0.0006857775,1,AT3G50320,AT3G50320,AT3G50320,0.0
1,Chr1_11727559.0,11727559,0.0006862438,0,,,,
1,Chr1_1161906.0,1161906,0.000686447,1,AT1G04330,AT1G04330,AT1G04330,0.0
1,Chr1_1161907.0,1161907,0.000686447,1,AT1G04330,AT1G04330,AT1G04330,0.0
1,Chr1_1161936.0,1161936,0.000686447,1,AT1G04330,AT1G04330,AT1G04330,0.0
5,Chr5_9806490.0,9806490,0.0006864876,0,,,,
1,Chr1_25569505.0,25569505,0.0006866958,0,,,,
1,Chr1_25570073.0,25570073,0.0006866958,0,,,,
5,Chr5_15465094.0,15465094,0.0006867,0,,,,
5,Chr5_16411758.0,16411758,0.0006874331,1,AT5G40950,AT5G40950,AT5G40950,0.0
5,Chr5_16411851.0,16411851,0.0006874331,1,AT5G40950,AT5G40950,AT5G40950,0.0
5,Chr5_16411859.0,16411859,0.0006874331,1,AT5G40950,AT5G40950,AT5G40950,0.0
5,Chr5_10671178.0,10671178,0.0006874897,0,,,,
5,Chr5_8198122.0,8198122,0.000687651,0,,,,
5,Chr5_8200246.0,8200246,0.000687651,1,AT5G24190,AT5G24190,AT5G24190,0.0
4,Chr4_9839571.0,9839571,0.0006876832,0,,,,
4,Chr4_9845262.0,9845262,0.0006876832,0,,,,
4,Chr4_9848573.0,9848573,0.0006876832,1,AT4G17695,AT4G17695,AT4G17695,0.0
4,Chr4_9848574.0,9848574,0.0006876832,1,AT4G17695,AT4G17695,AT4G17695,0.0
4,Chr4_9848575.0,9848575,0.0006876832,1,AT4G17695,AT4G17695,AT4G17695,0.0
4,Chr4_9848576.0,9848576,0.0006876832,1,AT4G17695,AT4G17695,AT4G17695,0.0
4,Chr4_9848577.0,9848577,0.0006876832,1,AT4G17695,AT4G17695,AT4G17695,0.0
4,Chr4_9850108.0,9850108,0.0006876832,1,AT4G17695,AT4G17695,AT4G17695,0.0
4,Chr4_9851511.0,9851511,0.0006876832,0,,,,
4,Chr4_9854939.0,9854939,0.0006876832,1,AT4G17700,AT4G17700,AT4G17700,0.0
4,Chr4_9855352.0,9855352,0.0006876832,1,AT4G17700,AT4G17700,AT4G17700,0.0
3,Chr3_17690530.0,17690530,0.0006877691,0,,,,
5,Chr5_15972692.0,15972692,0.0006877753,0,,,,
1,Chr1_12893238.0,12893238,0.0006880518,0,,,,
1,Chr1_12893239.0,12893239,0.0006880518,0,,,,
1,Chr1_12893246.0,12893246,0.0006880518,0,,,,
1,Chr1_12893270.0,12893270,0.0006880518,0,,,,
1,Chr1_12893276.0,12893276,0.0006880518,0,,,,
2,Chr2_17358913.0,17358913,0.0006883046,0,,,,
1,Chr1_25918007.0,25918007,0.0006889282,0,,,,
3,Chr3_19634240.0,19634240,0.0006890138,0,,,,
5,Chr5_18956395.0,18956395,0.0006891894,0,,,,
5,Chr5_24551458.0,24551458,0.0006894044,1,AT5G61000,AT5G61000,AT5G61000,0.0
5,Chr5_24558210.0,24558210,0.0006894044,1,AT5G61020,AT5G61020,AT5G61020,0.0
4,Chr4_17537241.0,17537241,0.0006902467,0,,,,
2,Chr2_15162469.0,15162469,0.0006902743,1,AT2G36110,AT2G36110,AT2G36110,0.0
2,Chr2_15162960.0,15162960,0.0006902743,0,,,,
1,Chr1_4709182.0,4709182,0.0006908717,0,,,,
1,Chr1_8177235.0,8177235,0.0006910361,0,,,,
1,Chr1_8177962.0,8177962,0.0006910361,1,AT1G23074,AT1G23074,AT1G23074,0.0
1,Chr1_29762711.0,29762711,0.0006910392,0,,,,
1,Chr1_14199445.0,14199445,0.0006915625,0,,,,
4,Chr4_15717973.0,15717973,0.0006917614,1,AT4G32570,AT4G32570,AT4G32570,0.0
4,Chr4_7396347.0,7396347,0.0006922987,1,AT4G12460,AT4G12460,AT4G12460,0.0
1,Chr1_17200301.0,17200301,0.0006923108,1,AT1G45976,AT1G45976,AT1G45976,0.0
2,Chr2_11056811.0,11056811,0.0006925794,0,,,,
1,Chr1_2307704.0,2307704,0.0006926484,1,AT1G07510,AT1G07510,AT1G07510,0.0
4,Chr4_776149.0,776149,0.0006926907,1,AT4G01800,AT4G01800,AT4G01800,0.0
2,Chr2_15772663.0,15772663,0.0006928449,0,,,,
4,Chr4_3586952.0,3586952,0.0006929287,0,,,,
5,Chr5_13800329.0,13800329,0.0006934495,0,,,,
5,Chr5_2912474.0,2912474,0.0006936394,1,AT5G09380,AT5G09380,AT5G09380,0.0
5,Chr5_2914971.0,2914971,0.0006936394,1,AT5G09390,AT5G09390,AT5G09390,0.0
5,Chr5_2915419.0,2915419,0.0006936394,1,AT5G09390,AT5G09390,AT5G09390,0.0
5,Chr5_2915912.0,2915912,0.0006936394,1,AT5G09390,AT5G09390,AT5G09390,0.0
5,Chr5_2916350.0,2916350,0.0006936394,1,AT5G09400,AT5G09400,AT5G09400,0.0
5,Chr5_2917428.0,2917428,0.0006936394,1,AT5G09400,AT5G09400,AT5G09400,0.0
5,Chr5_2918254.0,2918254,0.0006936394,1,AT5G09400,AT5G09400,AT5G09400,0.0
5,Chr5_2921883.0,2921883,0.0006936394,1,AT5G09410,AT5G09410,AT5G09410,0.0
1,Chr1_15598087.0,15598087,0.0006940593,0,,,,
1,Chr1_958948.0,958948,0.0006945487,1,AT1G03810,AT1G03810,AT1G03810,0.0
1,Chr1_6670990.0,6670990,0.0006947697,0,,,,
4,Chr4_14895108.0,14895108,0.0006947787,1,AT4G30470,AT4G30470,AT4G30470,0.0
1,Chr1_5514755.0,5514755,0.0006948361,1,AT1G16080,AT1G16080,AT1G16080,0.0
4,Chr4_13119650.0,13119650,0.0006950227,1,AT4G25770,AT4G25770,AT4G25770,0.0
2,Chr2_5494200.0,5494200,0.0006952328,0,,,,
2,Chr2_13435477.0,13435477,0.000695234,0,,,,
1,Chr1_61661.0,61661,0.0006960629,0,,,,
4,Chr4_5413240.0,5413240,0.00069631,1,AT4G08510,AT4G08510,AT4G08510,0.0
5,Chr5_6691193.0,6691193,0.0006963983,0,,,,
5,Chr5_9236306.0,9236306,0.0006970584,1,AT5G26310,AT5G26310,AT5G26310,0.0
5,Chr5_9236745.0,9236745,0.0006970584,0,,,,
5,Chr5_9236788.0,9236788,0.0006970584,0,,,,
3,Chr3_6440855.0,6440855,0.0006975234,0,,,,
3,Chr3_11285590.0,11285590,0.0006975755,0,,,,
1,Chr1_13412986.0,13412986,0.0006976596,0,,,,
4,Chr4_15944015.0,15944015,0.0006979763,0,,,,
2,Chr2_14270394.0,14270394,0.0006983076,1,AT2G33740,AT2G33740,AT2G33740,0.0
5,Chr5_13946813.0,13946813,0.0006988273,0,,,,
1,Chr1_8659943.0,8659943,0.0006989143,0,,,,
1,Chr1_8660024.0,8660024,0.0006989143,0,,,,
5,Chr5_9909600.0,9909600,0.0006992135,0,,,,
3,Chr3_15483872.0,15483872,0.0006993479,0,,,,
4,Chr4_10751165.0,10751165,0.0006995002,1,AT4G19760,AT4G19760,AT4G19760,0.0
2,Chr2_13435390.0,13435390,0.0006995916,0,,,,
3,Chr3_10393304.0,10393304,0.0006996644,1,AT3G27990,AT3G27990,AT3G27990,0.0
1,Chr1_17125926.0,17125926,0.0006998953,1,AT1G45201,AT1G45201,AT1G45201,0.0
1,Chr1_17126186.0,17126186,0.0006998953,1,AT1G45201,AT1G45201,AT1G45201,0.0
1,Chr1_17128078.0,17128078,0.0006998953,1,AT1G45201,AT1G45201,AT1G45201,0.0
4,Chr4_776491.0,776491,0.0006999253,1,AT4G01810,AT4G01810,AT4G01810,0.0
2,Chr2_6291216.0,6291216,0.0006999409,0,,,,
5,Chr5_15122724.0,15122724,0.0007001664,0,,,,
5,Chr5_11351412.0,11351412,0.0007002422,0,,,,
2,Chr2_4346428.0,4346428,0.0007002726,1,AT2G11000,AT2G11000,AT2G11000,0.0
2,Chr2_4348062.0,4348062,0.0007002726,0,,,,
2,Chr2_7017021.0,7017021,0.0007004465,0,,,,
4,Chr4_14918187.0,14918187,0.0007004675,0,,,,
4,Chr4_16881395.0,16881395,0.0007005553,1,AT4G35560,AT4G35560,AT4G35560,0.0
3,Chr3_18727132.0,18727132,0.0007009749,0,,,,
3,Chr3_18727176.0,18727176,0.0007009749,0,,,,
1,Chr1_23571641.0,23571641,0.0007009862,0,,,,
1,Chr1_23571653.0,23571653,0.0007009862,0,,,,
1,Chr1_22135.0,22135,0.0007010766,0,,,,
5,Chr5_503088.0,503088,0.0007012286,0,,,,
3,Chr3_14892390.0,14892390,0.0007014586,0,,,,
2,Chr2_12165730.0,12165730,0.0007015148,1,AT2G28450,AT2G28450,AT2G28450,0.0
4,Chr4_7140867.0,7140867,0.0007020019,0,,,,
2,Chr2_16845465.0,16845465,0.000702055,1,AT2G40330,AT2G40330,AT2G40330,0.0
5,Chr5_14755437.0,14755437,0.0007021386,0,,,,
1,Chr1_3272312.0,3272312,0.000702353,0,,,,
1,Chr1_555433.0,555433,0.0007027063,1,AT1G02610,AT1G02610,AT1G02610,0.0
4,Chr4_5243433.0,5243433,0.0007029465,0,,,,
5,Chr5_13811088.0,13811088,0.000703343,0,,,,
4,Chr4_2255361.0,2255361,0.0007034575,0,,,,
1,Chr1_27095305.0,27095305,0.0007035853,0,,,,
1,Chr1_27095306.0,27095306,0.0007035853,0,,,,
1,Chr1_27095813.0,27095813,0.0007035853,0,,,,
1,Chr1_27097789.0,27097789,0.0007035853,0,,,,
4,Chr4_8627730.0,8627730,0.000703586,1,AT4G15100,AT4G15100,AT4G15100,0.0
3,Chr3_15654607.0,15654607,0.000703638,0,,,,
1,Chr1_1243768.0,1243768,0.0007037486,1,AT1G04555,AT1G04555,AT1G04555,0.0
1,Chr1_16660175.0,16660175,0.00070403,0,,,,
2,Chr2_6656906.0,6656906,0.0007043084,0,,,,
2,Chr2_4324130.0,4324130,0.0007044132,1,AT2G10965,AT2G10965,AT2G10965,0.0
2,Chr2_4703733.0,4703733,0.0007044659,0,,,,
1,Chr1_4315778.0,4315778,0.0007045222,0,,,,
1,Chr1_8267792.0,8267792,0.0007046276,0,,,,
5,Chr5_24422740.0,24422740,0.0007048508,1,AT5G60730,AT5G60730,AT5G60730,0.0
5,Chr5_11581838.0,11581838,0.0007053339,0,,,,
5,Chr5_266329.0,266329,0.0007062497,0,,,,
5,Chr5_266407.0,266407,0.0007062497,0,,,,
5,Chr5_266419.0,266419,0.0007062497,0,,,,
5,Chr5_266426.0,266426,0.0007062497,0,,,,
5,Chr5_266485.0,266485,0.0007062497,0,,,,
5,Chr5_266560.0,266560,0.0007062497,0,,,,
5,Chr5_266656.0,266656,0.0007062497,0,,,,
5,Chr5_266714.0,266714,0.0007062497,0,,,,
5,Chr5_266894.0,266894,0.0007062497,1,AT5G01720,AT5G01720,AT5G01720,0.0
5,Chr5_266904.0,266904,0.0007062497,1,AT5G01720,AT5G01720,AT5G01720,0.0
5,Chr5_267078.0,267078,0.0007062497,1,AT5G01720,AT5G01720,AT5G01720,0.0
5,Chr5_267215.0,267215,0.0007062497,1,AT5G01720,AT5G01720,AT5G01720,0.0
5,Chr5_268059.0,268059,0.0007062497,1,AT5G01720,AT5G01720,AT5G01720,0.0
5,Chr5_268296.0,268296,0.0007062497,1,AT5G01720,AT5G01720,AT5G01720,0.0
5,Chr5_268546.0,268546,0.0007062497,1,AT5G01720,AT5G01720,AT5G01720,0.0
5,Chr5_268624.0,268624,0.0007062497,1,AT5G01720,AT5G01720,AT5G01720,0.0
5,Chr5_268691.0,268691,0.0007062497,1,AT5G01720,AT5G01720,AT5G01720,0.0
5,Chr5_268904.0,268904,0.0007062497,1,AT5G01720,AT5G01720,AT5G01720,0.0
5,Chr5_268909.0,268909,0.0007062497,1,AT5G01720,AT5G01720,AT5G01720,0.0
5,Chr5_269482.0,269482,0.0007062497,1,AT5G01720,AT5G01720,AT5G01720,0.0
5,Chr5_269614.0,269614,0.0007062497,1,AT5G01720,AT5G01720,AT5G01720,0.0
5,Chr5_269918.0,269918,0.0007062497,1,AT5G01720,AT5G01720,AT5G01720,0.0
5,Chr5_269963.0,269963,0.0007062497,1,AT5G01720,AT5G01720,AT5G01720,0.0
5,Chr5_269969.0,269969,0.0007062497,1,AT5G01720,AT5G01720,AT5G01720,0.0
5,Chr5_270083.0,270083,0.0007062497,1,AT5G01720,AT5G01720,AT5G01720,0.0
1,Chr1_4297719.0,4297719,0.0007065642,0,,,,
5,Chr5_6451358.0,6451358,0.000706906,0,,,,
4,Chr4_2010102.0,2010102,0.0007069185,0,,,,
1,Chr1_16211080.0,16211080,0.0007072013,0,,,,
5,Chr5_26757119.0,26757119,0.0007076814,1,AT5G67030,AT5G67030,AT5G67030,0.0
1,Chr1_4095606.0,4095606,0.00070778,1,AT1G12100,AT1G12100,AT1G12100,0.0
1,Chr1_4835708.0,4835708,0.0007081192,0,,,,
1,Chr1_20353244.0,20353244,0.000708574,1,AT1G54490,AT1G54490,AT1G54490,0.0
5,Chr5_19178627.0,19178627,0.0007088915,0,,,,
5,Chr5_10985499.0,10985499,0.0007094324,0,,,,
5,Chr5_24119372.0,24119372,0.0007097169,0,,,,
1,Chr1_17435613.0,17435613,0.0007097341,1,AT1G47510,AT1G47510,AT1G47510,0.0
3,Chr3_14974354.0,14974354,0.0007097432,0,,,,
4,Chr4_8717997.0,8717997,0.0007099488,0,,,,
4,Chr4_8717999.0,8717999,0.0007099488,0,,,,
4,Chr4_8718117.0,8718117,0.0007099488,0,,,,
4,Chr4_6734316.0,6734316,0.000710133,1,AT4G11010,AT4G11010,AT4G11010,0.0
4,Chr4_6737223.0,6737223,0.000710133,0,,,,
4,Chr4_6738425.0,6738425,0.000710133,1,AT4G11030,AT4G11030,AT4G11030,0.0
1,Chr1_8538815.0,8538815,0.0007106036,0,,,,
2,Chr2_10865010.0,10865010,0.0007106219,1,AT2G25530,AT2G25530,AT2G25530,0.0
2,Chr2_10866387.0,10866387,0.0007106219,1,AT2G25530,AT2G25530,AT2G25530,0.0
5,Chr5_11379697.0,11379697,0.0007114204,0,,,,
5,Chr5_2293137.0,2293137,0.0007116034,0,,,,
4,Chr4_2073152.0,2073152,0.0007117268,0,,,,
3,Chr3_3362633.0,3362633,0.00071227,1,AT3G10740,AT3G10740,AT3G10740,0.0
3,Chr3_3363840.0,3363840,0.00071227,1,AT3G10740,AT3G10740,AT3G10740,0.0
1,Chr1_5039399.0,5039399,0.0007130213,1,AT1G14670,AT1G14670,AT1G14670,0.0
1,Chr1_2180241.0,2180241,0.0007137362,1,AT1G07110,AT1G07110,AT1G07110,0.0
3,Chr3_12802171.0,12802171,0.0007140973,0,,,,
4,Chr4_13102602.0,13102602,0.0007141486,0,,,,
1,Chr1_16845601.0,16845601,0.0007148979,0,,,,
1,Chr1_16846583.0,16846583,0.0007148979,0,,,,
5,Chr5_9166646.0,9166646,0.0007160193,0,,,,
5,Chr5_9166649.0,9166649,0.0007160193,0,,,,
3,Chr3_10419384.0,10419384,0.0007161396,0,,,,
5,Chr5_582437.0,582437,0.0007167894,0,,,,
2,Chr2_13375278.0,13375278,0.000716875,0,,,,
5,Chr5_1170235.0,1170235,0.0007169222,1,AT5G04240,AT5G04240,AT5G04240,0.0
5,Chr5_1171222.0,1171222,0.0007169222,1,AT5G04240,AT5G04240,AT5G04240,0.0
4,Chr4_10900314.0,10900314,0.000717201,0,,,,
4,Chr4_682706.0,682706,0.0007172882,0,,,,
1,Chr1_27937065.0,27937065,0.000717336,1,AT1G74310,AT1G74310,AT1G74310,0.0
1,Chr1_27937074.0,27937074,0.000717336,1,AT1G74310,AT1G74310,AT1G74310,0.0
4,Chr4_5744403.0,5744403,0.0007173872,0,,,,
5,Chr5_1195025.0,1195025,0.0007175806,1,AT5G04280,AT5G04280,AT5G04280,0.0
1,Chr1_4951247.0,4951247,0.0007175859,1,AT1G14460,AT1G14460,AT1G14460,0.0
5,Chr5_18980289.0,18980289,0.00071773,0,,,,
5,Chr5_13949366.0,13949366,0.0007177409,0,,,,
3,Chr3_21981136.0,21981136,0.0007182244,0,,,,
5,Chr5_5437492.0,5437492,0.0007183273,0,,,,
5,Chr5_9894223.0,9894223,0.0007184801,0,,,,
1,Chr1_11289577.0,11289577,0.0007185898,1,AT1G31540,AT1G31540,AT1G31540,0.0
3,Chr3_10437350.0,10437350,0.0007188749,1,AT3G28040,AT3G28040,AT3G28040,0.0
5,Chr5_14379401.0,14379401,0.0007189154,0,,,,
1,Chr1_21430106.0,21430106,0.0007191854,1,AT1G57860,AT1G57860,AT1G57860,0.0
1,Chr1_18404467.0,18404467,0.0007192528,1,AT1G49730,AT1G49730,AT1G49730,0.0
5,Chr5_25445658.0,25445658,0.0007193268,1,AT5G63550,AT5G63550,AT5G63550,0.0
1,Chr1_6887771.0,6887771,0.0007196113,1,AT1G19850,AT1G19850,AT1G19850,0.0
2,Chr2_7490491.0,7490491,0.0007197512,0,,,,
3,Chr3_15575486.0,15575486,0.000719885,0,,,,
3,Chr3_15576961.0,15576961,0.000719885,0,,,,
3,Chr3_15577278.0,15577278,0.000719885,0,,,,
3,Chr3_15577580.0,15577580,0.000719885,0,,,,
3,Chr3_15577859.0,15577859,0.000719885,0,,,,
3,Chr3_15578340.0,15578340,0.000719885,0,,,,
3,Chr3_15578847.0,15578847,0.000719885,0,,,,
3,Chr3_15578925.0,15578925,0.000719885,0,,,,
3,Chr3_15580189.0,15580189,0.000719885,0,,,,
3,Chr3_15580302.0,15580302,0.000719885,0,,,,
3,Chr3_15580645.0,15580645,0.000719885,0,,,,
3,Chr3_15581851.0,15581851,0.000719885,0,,,,
3,Chr3_15581852.0,15581852,0.000719885,0,,,,
3,Chr3_15582037.0,15582037,0.000719885,0,,,,
3,Chr3_15582126.0,15582126,0.000719885,0,,,,
5,Chr5_400615.0,400615,0.0007199196,0,,,,
3,Chr3_18237182.0,18237182,0.0007201916,1,AT3G49200,AT3G49200,AT3G49200,0.0
5,Chr5_10271267.0,10271267,0.0007202389,0,,,,
5,Chr5_10272775.0,10272775,0.0007202389,0,,,,
5,Chr5_10275235.0,10275235,0.0007202389,0,,,,
3,Chr3_3239938.0,3239938,0.0007203608,1,AT3G10420,AT3G10420,AT3G10420,0.0
5,Chr5_13817060.0,13817060,0.0007205697,0,,,,
5,Chr5_13817061.0,13817061,0.0007205697,0,,,,
5,Chr5_13817062.0,13817062,0.0007205697,0,,,,
5,Chr5_13817068.0,13817068,0.0007205697,0,,,,
5,Chr5_7674389.0,7674389,0.0007208098,0,,,,
2,Chr2_9784642.0,9784642,0.0007213619,0,,,,
3,Chr3_3222686.0,3222686,0.0007215165,1,AT3G10380,AT3G10380,AT3G10380,0.0
4,Chr4_552415.0,552415,0.0007215287,1,AT4G01330,AT4G01330,AT4G01330,0.0
1,Chr1_12667555.0,12667555,0.0007215509,0,,,,
5,Chr5_15731368.0,15731368,0.0007220763,1,AT5G39280,AT5G39280,AT5G39280,0.0
2,Chr2_7570117.0,7570117,0.0007220979,1,AT2G17430,AT2G17430,AT2G17430,0.0
2,Chr2_7570121.0,7570121,0.0007220979,1,AT2G17430,AT2G17430,AT2G17430,0.0
2,Chr2_7570131.0,7570131,0.0007220979,1,AT2G17430,AT2G17430,AT2G17430,0.0
2,Chr2_7570210.0,7570210,0.0007220979,1,AT2G17430,AT2G17430,AT2G17430,0.0
2,Chr2_625238.0,625238,0.0007223984,0,,,,
1,Chr1_555134.0,555134,0.000722508,1,AT1G02610,AT1G02610,AT1G02610,0.0
4,Chr4_6215036.0,6215036,0.0007231642,1,AT4G09880,AT4G09880,AT4G09880,0.0
1,Chr1_14230361.0,14230361,0.0007232743,0,,,,
1,Chr1_13290112.0,13290112,0.0007238548,0,,,,
5,Chr5_5190544.0,5190544,0.0007238932,1,AT5G15900,AT5G15900,AT5G15900,0.0
1,Chr1_1384878.0,1384878,0.0007247234,1,AT1G04900,AT1G04900,AT1G04900,0.0
4,Chr4_6151585.0,6151585,0.0007250657,0,,,,
2,Chr2_15153822.0,15153822,0.0007250945,0,,,,
4,Chr4_8717784.0,8717784,0.0007252512,1,AT4G15270,AT4G15270,AT4G15270,0.0
4,Chr4_8717858.0,8717858,0.0007252512,0,,,,
4,Chr4_8717943.0,8717943,0.0007252512,0,,,,
5,Chr5_26740981.0,26740981,0.0007258632,1,AT5G66970,AT5G66970,AT5G66970,0.0
5,Chr5_6353875.0,6353875,0.0007258927,1,AT5G19020,AT5G19020,AT5G19020,0.0
3,Chr3_11101874.0,11101874,0.0007263944,0,,,,
1,Chr1_12671485.0,12671485,0.0007267298,0,,,,
1,Chr1_21631018.0,21631018,0.0007277298,0,,,,
4,Chr4_6786030.0,6786030,0.0007281417,0,,,,
5,Chr5_11409427.0,11409427,0.000728204,0,,,,
5,Chr5_17370232.0,17370232,0.0007285637,0,,,,
5,Chr5_17371636.0,17371636,0.0007285637,0,,,,
5,Chr5_17372085.0,17372085,0.0007285637,1,AT5G43290,AT5G43290,AT5G43290,0.0
4,Chr4_14418996.0,14418996,0.0007286447,1,AT4G29240,AT4G29240,AT4G29240,0.0
3,Chr3_9815163.0,9815163,0.0007290109,0,,,,
5,Chr5_25569165.0,25569165,0.0007294983,1,AT5G63900,AT5G63900,AT5G63900,0.0
2,Chr2_12161432.0,12161432,0.0007295695,1,AT2G28440,AT2G28440,AT2G28440,0.0
2,Chr2_12161438.0,12161438,0.0007295695,1,AT2G28440,AT2G28440,AT2G28440,0.0
5,Chr5_9226868.0,9226868,0.0007298772,1,AT5G26290,AT5G26290,AT5G26290,0.0
5,Chr5_21165650.0,21165650,0.0007299595,0,,,,
1,Chr1_5514241.0,5514241,0.0007301846,0,,,,
5,Chr5_18909485.0,18909485,0.0007303008,1,AT5G46600,AT5G46600,AT5G46600,0.0
5,Chr5_18909491.0,18909491,0.0007303008,1,AT5G46600,AT5G46600,AT5G46600,0.0
5,Chr5_18909511.0,18909511,0.0007303008,1,AT5G46600,AT5G46600,AT5G46600,0.0
1,Chr1_12062887.0,12062887,0.0007305097,0,,,,
5,Chr5_9150374.0,9150374,0.0007307646,1,AT5G26180,AT5G26180,AT5G26180,0.0
5,Chr5_9150376.0,9150376,0.0007307646,1,AT5G26180,AT5G26180,AT5G26180,0.0
5,Chr5_9150384.0,9150384,0.0007307646,1,AT5G26180,AT5G26180,AT5G26180,0.0
5,Chr5_9150403.0,9150403,0.0007307646,1,AT5G26180,AT5G26180,AT5G26180,0.0
5,Chr5_9150408.0,9150408,0.0007307646,1,AT5G26180,AT5G26180,AT5G26180,0.0
5,Chr5_9150411.0,9150411,0.0007307646,1,AT5G26180,AT5G26180,AT5G26180,0.0
2,Chr2_5920333.0,5920333,0.0007308259,0,,,,
2,Chr2_5920347.0,5920347,0.0007308259,0,,,,
2,Chr2_5920349.0,5920349,0.0007308259,0,,,,
5,Chr5_9435631.0,9435631,0.0007308464,1,AT5G26820,AT5G26820,AT5G26820,0.0
1,Chr1_11588984.0,11588984,0.0007309412,1,AT1G32180,AT1G32180,AT1G32180,0.0
4,Chr4_10765891.0,10765891,0.0007312536,0,,,,
3,Chr3_14070194.0,14070194,0.0007312609,0,,,,
5,Chr5_13703858.0,13703858,0.000731747,0,,,,
4,Chr4_5774510.0,5774510,0.0007320196,0,,,,
4,Chr4_4304546.0,4304546,0.0007323471,0,,,,
1,Chr1_21312321.0,21312321,0.0007323943,0,,,,
1,Chr1_21313615.0,21313615,0.0007323943,0,,,,
2,Chr2_17338075.0,17338075,0.0007324767,0,,,,
5,Chr5_6470909.0,6470909,0.0007326408,1,AT5G19240,AT5G19240,AT5G19240,0.0
5,Chr5_5190418.0,5190418,0.0007330424,1,AT5G15900,AT5G15900,AT5G15900,0.0
5,Chr5_5190427.0,5190427,0.0007330424,1,AT5G15900,AT5G15900,AT5G15900,0.0
5,Chr5_5190519.0,5190519,0.0007330424,1,AT5G15900,AT5G15900,AT5G15900,0.0
5,Chr5_13378428.0,13378428,0.0007336301,0,,,,
5,Chr5_10934704.0,10934704,0.0007346258,0,,,,
4,Chr4_9271000.0,9271000,0.000735404,1,AT4G16440,AT4G16440,AT4G16440,0.0
5,Chr5_17081787.0,17081787,0.0007356448,0,,,,
2,Chr2_626651.0,626651,0.0007362822,0,,,,
1,Chr1_2333744.0,2333744,0.0007364548,0,,,,
1,Chr1_11671083.0,11671083,0.0007365803,0,,,,
1,Chr1_11671149.0,11671149,0.0007365803,0,,,,
4,Chr4_46863.0,46863,0.0007373574,0,,,,
5,Chr5_869417.0,869417,0.0007374184,1,AT5G03480,AT5G03480,AT5G03480,0.0
5,Chr5_25990158.0,25990158,0.0007375887,1,AT5G65060,AT5G65060,AT5G65060,0.0
4,Chr4_2082216.0,2082216,0.0007380508,0,,,,
1,Chr1_15905440.0,15905440,0.0007385595,0,,,,
1,Chr1_29970407.0,29970407,0.0007385609,1,AT1G79640,AT1G79640,AT1G79640,0.0
5,Chr5_12659302.0,12659302,0.0007387235,0,,,,
3,Chr3_12533661.0,12533661,0.0007389797,0,,,,
3,Chr3_22977886.0,22977886,0.0007389873,0,,,,
5,Chr5_25499561.0,25499561,0.0007392339,1,AT5G63710,AT5G63710,AT5G63710,0.0
5,Chr5_746028.0,746028,0.0007393605,1,AT5G03150,AT5G03150,AT5G03150,0.0
1,Chr1_15140840.0,15140840,0.0007395562,0,,,,
2,Chr2_6391971.0,6391971,0.000739608,0,,,,
5,Chr5_1580005.0,1580005,0.0007410169,1,AT5G05340,AT5G05340,AT5G05340,0.0
4,Chr4_12401191.0,12401191,0.0007414804,1,AT4G23840,AT4G23840,AT4G23840,0.0
5,Chr5_12940583.0,12940583,0.0007416529,0,,,,
5,Chr5_13559777.0,13559777,0.0007419303,0,,,,
1,Chr1_19773976.0,19773976,0.0007421412,1,AT1G53050,AT1G53050,AT1G53050,0.0
3,Chr3_15340727.0,15340727,0.0007421416,1,AT3G43410,AT3G43410,AT3G43410,0.0
3,Chr3_15341625.0,15341625,0.0007421416,0,,,,
3,Chr3_15341944.0,15341944,0.0007421416,0,,,,
3,Chr3_15342572.0,15342572,0.0007421416,0,,,,
4,Chr4_16693884.0,16693884,0.0007423174,0,,,,
3,Chr3_15428021.0,15428021,0.0007425668,0,,,,
5,Chr5_11568177.0,11568177,0.0007429738,0,,,,
1,Chr1_4314809.0,4314809,0.0007442133,0,,,,
5,Chr5_22132480.0,22132480,0.0007448739,1,AT5G54510,AT5G54510,AT5G54510,0.0
1,Chr1_12703928.0,12703928,0.0007451848,0,,,,
1,Chr1_11601142.0,11601142,0.000745812,0,,,,
2,Chr2_9176520.0,9176520,0.0007460132,1,AT2G21440,AT2G21440,AT2G21440,0.0
1,Chr1_5480805.0,5480805,0.0007461533,1,AT1G15950,AT1G15950,AT1G15950,0.0
1,Chr1_26221008.0,26221008,0.0007464487,1,AT1G69700,AT1G69700,AT1G69700,0.0
5,Chr5_11043200.0,11043200,0.0007464497,0,,,,
5,Chr5_11043982.0,11043982,0.0007464497,0,,,,
5,Chr5_11045204.0,11045204,0.0007464497,0,,,,
5,Chr5_11046537.0,11046537,0.0007464497,0,,,,
4,Chr4_2057189.0,2057189,0.0007467009,0,,,,
4,Chr4_6752195.0,6752195,0.0007467248,0,,,,
4,Chr4_6762069.0,6762069,0.0007467248,1,AT4G11080,AT4G11080,AT4G11080,0.0
4,Chr4_6766441.0,6766441,0.0007467248,0,,,,
4,Chr4_6773141.0,6773141,0.0007467248,1,AT4G11110,AT4G11110,AT4G11110,0.0
4,Chr4_6791283.0,6791283,0.0007467248,0,,,,
4,Chr4_6791322.0,6791322,0.0007467248,0,,,,
4,Chr4_6793104.0,6793104,0.0007467248,0,,,,
1,Chr1_16705445.0,16705445,0.0007469098,0,,,,
1,Chr1_16341127.0,16341127,0.0007470561,0,,,,
3,Chr3_10804444.0,10804444,0.0007470812,0,,,,
4,Chr4_10219858.0,10219858,0.0007479206,1,AT4G18530,AT4G18530,AT4G18530,0.0
5,Chr5_1259145.0,1259145,0.0007481941,0,,,,
5,Chr5_26814639.0,26814639,0.0007483265,1,AT5G67200,AT5G67200,AT5G67200,0.0
1,Chr1_9094996.0,9094996,0.0007486804,0,,,,
5,Chr5_11492429.0,11492429,0.000749162,0,,,,
1,Chr1_2986749.0,2986749,0.0007492211,0,,,,
1,Chr1_11325962.0,11325962,0.0007492728,0,,,,
1,Chr1_11325967.0,11325967,0.0007492728,0,,,,
4,Chr4_3370239.0,3370239,0.0007496543,0,,,,
4,Chr4_13027916.0,13027916,0.0007496553,1,AT4G25510,AT4G25510,AT4G25510,0.0
5,Chr5_6448497.0,6448497,0.0007501007,1,AT5G19172,AT5G19172,AT5G19172,0.0
2,Chr2_6100563.0,6100563,0.0007501929,0,,,,
4,Chr4_771881.0,771881,0.0007504948,1,AT4G01800,AT4G01800,AT4G01800,0.0
1,Chr1_25780600.0,25780600,0.0007507243,0,,,,
5,Chr5_26682354.0,26682354,0.0007511636,0,,,,
1,Chr1_8277067.0,8277067,0.0007518747,0,,,,
1,Chr1_8277405.0,8277405,0.0007518747,0,,,,
5,Chr5_26871955.0,26871955,0.000751907,1,AT5G67360,AT5G67360,AT5G67360,0.0
5,Chr5_14050123.0,14050123,0.0007525879,1,AT5G35917,AT5G35917,AT5G35917,0.0
1,Chr1_26014284.0,26014284,0.0007526339,1,AT1G69190,AT1G69190,AT1G69190,0.0
5,Chr5_13726055.0,13726055,0.000752662,0,,,,
5,Chr5_26753015.0,26753015,0.0007528095,0,,,,
4,Chr4_5411141.0,5411141,0.0007528254,1,AT4G08510,AT4G08510,AT4G08510,0.0
4,Chr4_2089160.0,2089160,0.0007529137,0,,,,
3,Chr3_16403950.0,16403950,0.0007537972,1,AT3G44930,AT3G44930,AT3G44930,0.0
2,Chr2_2289388.0,2289388,0.0007541473,0,,,,
2,Chr2_3059091.0,3059091,0.0007541619,0,,,,
2,Chr2_9470223.0,9470223,0.0007542946,0,,,,
2,Chr2_4962687.0,4962687,0.0007544756,0,,,,
4,Chr4_2822223.0,2822223,0.0007548221,0,,,,
1,Chr1_15549480.0,15549480,0.0007548646,0,,,,
1,Chr1_21428423.0,21428423,0.0007552486,0,,,,
5,Chr5_9209040.0,9209040,0.0007554818,1,AT5G26280,AT5G26280,AT5G26280,0.0
5,Chr5_12956956.0,12956956,0.000756163,0,,,,
5,Chr5_24141995.0,24141995,0.0007566937,0,,,,
1,Chr1_4783839.0,4783839,0.000756879,0,,,,
1,Chr1_4798216.0,4798216,0.000756879,1,AT1G14000,AT1G14000,AT1G14000,0.0
1,Chr1_4799118.0,4799118,0.000756879,1,AT1G14000,AT1G14000,AT1G14000,0.0
1,Chr1_4801934.0,4801934,0.000756879,0,,,,
1,Chr1_4803369.0,4803369,0.000756879,1,AT1G14020,AT1G14020,AT1G14020,0.0
1,Chr1_4805106.0,4805106,0.000756879,1,AT1G14020,AT1G14020,AT1G14020,0.0
4,Chr4_14941540.0,14941540,0.0007569506,0,,,,
5,Chr5_6295772.0,6295772,0.000756975,1,AT5G18860,AT5G18860,AT5G18860,0.0
2,Chr2_18512620.0,18512620,0.0007570523,1,AT2G44900,AT2G44900,AT2G44900,0.0
2,Chr2_18594948.0,18594948,0.000757359,0,,,,
5,Chr5_15051156.0,15051156,0.0007573666,1,AT5G37820,AT5G37820,AT5G37820,0.0
1,Chr1_924716.0,924716,0.0007574884,1,AT1G03710,AT1G03710,AT1G03710,0.0
1,Chr1_23571959.0,23571959,0.0007577833,0,,,,
1,Chr1_10845494.0,10845494,0.0007579427,0,,,,
1,Chr1_12627391.0,12627391,0.0007583604,0,,,,
4,Chr4_15037784.0,15037784,0.0007584307,1,AT4G30890,AT4G30890,AT4G30890,0.0
4,Chr4_9133736.0,9133736,0.0007586335,0,,,,
1,Chr1_23598535.0,23598535,0.000758866,0,,,,
1,Chr1_3142967.0,3142967,0.0007589937,1,AT1G09710,AT1G09710,AT1G09710,0.0
2,Chr2_13403753.0,13403753,0.000759196,1,AT2G31450,AT2G31450,AT2G31450,0.0
2,Chr2_13405255.0,13405255,0.000759196,1,AT2G31460,AT2G31460,AT2G31460,0.0
3,Chr3_12007640.0,12007640,0.0007593551,0,,,,
4,Chr4_11924787.0,11924787,0.0007593928,0,,,,
1,Chr1_4322857.0,4322857,0.0007594662,1,AT1G12680,AT1G12680,AT1G12680,0.0
3,Chr3_17804564.0,17804564,0.0007597095,1,AT3G48190,AT3G48190,AT3G48190,0.0
3,Chr3_17815720.0,17815720,0.0007597095,1,AT3G48190,AT3G48190,AT3G48190,0.0
3,Chr3_17830607.0,17830607,0.0007597095,1,AT3G48195,AT3G48195,AT3G48195,0.0
4,Chr4_10651726.0,10651726,0.0007598923,0,,,,
2,Chr2_2196935.0,2196935,0.0007602199,0,,,,
1,Chr1_5514055.0,5514055,0.000760288,0,,,,
1,Chr1_5514073.0,5514073,0.000760288,0,,,,
1,Chr1_5514564.0,5514564,0.000760288,1,AT1G16080,AT1G16080,AT1G16080,0.0
1,Chr1_5514889.0,5514889,0.000760288,1,AT1G16080,AT1G16080,AT1G16080,0.0
1,Chr1_5515457.0,5515457,0.000760288,1,AT1G16080,AT1G16080,AT1G16080,0.0
1,Chr1_5515496.0,5515496,0.000760288,1,AT1G16080,AT1G16080,AT1G16080,0.0
1,Chr1_5515561.0,5515561,0.000760288,1,AT1G16080,AT1G16080,AT1G16080,0.0
1,Chr1_5515698.0,5515698,0.000760288,1,AT1G16080,AT1G16080,AT1G16080,0.0
1,Chr1_5515705.0,5515705,0.000760288,1,AT1G16080,AT1G16080,AT1G16080,0.0
1,Chr1_5515771.0,5515771,0.000760288,1,AT1G16080,AT1G16080,AT1G16080,0.0
1,Chr1_5515884.0,5515884,0.000760288,1,AT1G16080,AT1G16080,AT1G16080,0.0
1,Chr1_5516032.0,5516032,0.000760288,0,,,,
1,Chr1_5516073.0,5516073,0.000760288,0,,,,
1,Chr1_5516284.0,5516284,0.000760288,1,AT1G16090,AT1G16090,AT1G16090,0.0
1,Chr1_5516487.0,5516487,0.000760288,1,AT1G16090,AT1G16090,AT1G16090,0.0
1,Chr1_5516560.0,5516560,0.000760288,1,AT1G16090,AT1G16090,AT1G16090,0.0
1,Chr1_5516878.0,5516878,0.000760288,1,AT1G16090,AT1G16090,AT1G16090,0.0
1,Chr1_5516968.0,5516968,0.000760288,1,AT1G16090,AT1G16090,AT1G16090,0.0
1,Chr1_5517298.0,5517298,0.000760288,1,AT1G16090,AT1G16090,AT1G16090,0.0
1,Chr1_5517299.0,5517299,0.000760288,1,AT1G16090,AT1G16090,AT1G16090,0.0
1,Chr1_5517352.0,5517352,0.000760288,1,AT1G16090,AT1G16090,AT1G16090,0.0
1,Chr1_5517355.0,5517355,0.000760288,1,AT1G16090,AT1G16090,AT1G16090,0.0
1,Chr1_5517447.0,5517447,0.000760288,1,AT1G16090,AT1G16090,AT1G16090,0.0
1,Chr1_5517453.0,5517453,0.000760288,1,AT1G16090,AT1G16090,AT1G16090,0.0
1,Chr1_5517463.0,5517463,0.000760288,1,AT1G16090,AT1G16090,AT1G16090,0.0
1,Chr1_5517474.0,5517474,0.000760288,1,AT1G16090,AT1G16090,AT1G16090,0.0
1,Chr1_5517487.0,5517487,0.000760288,1,AT1G16090,AT1G16090,AT1G16090,0.0
1,Chr1_5517567.0,5517567,0.000760288,1,AT1G16090,AT1G16090,AT1G16090,0.0
1,Chr1_5517575.0,5517575,0.000760288,1,AT1G16090,AT1G16090,AT1G16090,0.0
1,Chr1_5517664.0,5517664,0.000760288,1,AT1G16090,AT1G16090,AT1G16090,0.0
1,Chr1_5517671.0,5517671,0.000760288,1,AT1G16090,AT1G16090,AT1G16090,0.0
1,Chr1_5517685.0,5517685,0.000760288,1,AT1G16090,AT1G16090,AT1G16090,0.0
1,Chr1_5518147.0,5518147,0.000760288,0,,,,
1,Chr1_5518321.0,5518321,0.000760288,0,,,,
1,Chr1_5518339.0,5518339,0.000760288,0,,,,
1,Chr1_5518356.0,5518356,0.000760288,0,,,,
1,Chr1_22099512.0,22099512,0.0007603422,0,,,,
2,Chr2_7491550.0,7491550,0.0007609779,0,,,,
4,Chr4_770143.0,770143,0.0007614443,1,AT4G01790,AT4G01790,AT4G01790,0.0
4,Chr4_770158.0,770158,0.0007614443,1,AT4G01790,AT4G01790,AT4G01790,0.0
4,Chr4_770229.0,770229,0.0007614443,1,AT4G01790,AT4G01790,AT4G01790,0.0
4,Chr4_770328.0,770328,0.0007614443,1,AT4G01790,AT4G01790,AT4G01790,0.0
4,Chr4_770478.0,770478,0.0007614443,1,AT4G01790,AT4G01790,AT4G01790,0.0
3,Chr3_18839330.0,18839330,0.0007615247,0,,,,
3,Chr3_22198759.0,22198759,0.0007622264,1,AT3G60110,AT3G60110,AT3G60110,0.0
2,Chr2_6202126.0,6202126,0.0007623029,0,,,,
2,Chr2_6202529.0,6202529,0.0007623029,0,,,,
1,Chr1_18007375.0,18007375,0.0007623772,0,,,,
5,Chr5_15088546.0,15088546,0.0007630286,0,,,,
5,Chr5_10646267.0,10646267,0.0007632354,0,,,,
3,Chr3_2720387.0,2720387,0.000763322,1,AT3G08943,AT3G08943,AT3G08943,0.0
5,Chr5_536673.0,536673,0.0007634108,0,,,,
2,Chr2_2656088.0,2656088,0.0007634789,0,,,,
3,Chr3_15271137.0,15271137,0.0007637468,0,,,,
4,Chr4_6146862.0,6146862,0.000764031,1,AT4G09750,AT4G09750,AT4G09750,0.0
1,Chr1_26316686.0,26316686,0.0007640862,1,AT1G69870,AT1G69870,AT1G69870,0.0
4,Chr4_9604554.0,9604554,0.0007641282,1,AT4G17085,AT4G17085,AT4G17085,0.0
5,Chr5_18949414.0,18949414,0.0007642242,0,,,,
4,Chr4_1985071.0,1985071,0.0007642919,0,,,,
3,Chr3_16276877.0,16276877,0.000764469,0,,,,
1,Chr1_16840998.0,16840998,0.0007646135,0,,,,
2,Chr2_2176963.0,2176963,0.0007649999,0,,,,
3,Chr3_20642862.0,20642862,0.0007651731,0,,,,
5,Chr5_25531425.0,25531425,0.0007655793,1,AT5G63800,AT5G63800,AT5G63800,0.0
2,Chr2_9316496.0,9316496,0.000765788,1,AT2G21850,AT2G21850,AT2G21850,0.0
2,Chr2_9316497.0,9316497,0.000765788,1,AT2G21850,AT2G21850,AT2G21850,0.0
3,Chr3_14809475.0,14809475,0.0007658846,0,,,,
1,Chr1_3595614.0,3595614,0.0007662436,0,,,,
1,Chr1_3610351.0,3610351,0.0007662436,1,AT1G10840,AT1G10840,AT1G10840,0.0
5,Chr5_13328224.0,13328224,0.0007662725,0,,,,
4,Chr4_676834.0,676834,0.0007663574,0,,,,
3,Chr3_17261355.0,17261355,0.000766397,0,,,,
2,Chr2_14951416.0,14951416,0.0007667422,0,,,,
3,Chr3_2048893.0,2048893,0.0007667722,0,,,,
3,Chr3_10753083.0,10753083,0.0007671805,0,,,,
1,Chr1_27598025.0,27598025,0.0007672218,0,,,,
3,Chr3_12799263.0,12799263,0.0007672823,0,,,,
2,Chr2_6119678.0,6119678,0.0007679121,0,,,,
3,Chr3_15249867.0,15249867,0.0007680512,0,,,,
1,Chr1_16218311.0,16218311,0.0007682301,1,AT1G43090,AT1G43090,AT1G43090,0.0
4,Chr4_9905680.0,9905680,0.0007685774,0,,,,
2,Chr2_2206009.0,2206009,0.0007686931,0,,,,
2,Chr2_5138038.0,5138038,0.0007687177,0,,,,
1,Chr1_491013.0,491013,0.0007691046,1,AT1G02410,AT1G02410,AT1G02410,0.0
2,Chr2_2946043.0,2946043,0.0007692698,0,,,,
1,Chr1_20256993.0,20256993,0.000769319,1,AT1G54260,AT1G54260,AT1G54260,0.0
3,Chr3_17927564.0,17927564,0.0007694881,1,AT3G48410,AT3G48410,AT3G48410,0.0
1,Chr1_13622453.0,13622453,0.0007695355,0,,,,
5,Chr5_25513050.0,25513050,0.0007698118,1,AT5G63750,AT5G63750,AT5G63750,0.0
5,Chr5_11069237.0,11069237,0.0007700927,0,,,,
2,Chr2_7903123.0,7903123,0.0007702291,0,,,,
2,Chr2_7903124.0,7903124,0.0007702291,0,,,,
3,Chr3_14113529.0,14113529,0.0007702763,0,,,,
3,Chr3_11947665.0,11947665,0.0007707765,0,,,,
3,Chr3_11947667.0,11947667,0.0007707765,0,,,,
3,Chr3_11947676.0,11947676,0.0007707765,0,,,,
3,Chr3_11947679.0,11947679,0.0007707765,0,,,,
1,Chr1_12547332.0,12547332,0.0007708432,0,,,,
5,Chr5_1233773.0,1233773,0.0007713737,1,AT5G04370,AT5G04370,AT5G04370,0.0
5,Chr5_8084869.0,8084869,0.000771441,0,,,,
1,Chr1_540965.0,540965,0.000771469,0,,,,
4,Chr4_8929162.0,8929162,0.0007714832,0,,,,
4,Chr4_8929163.0,8929163,0.0007714832,0,,,,
3,Chr3_3249969.0,3249969,0.0007717568,1,AT3G10450,AT3G10450,AT3G10450,0.0
4,Chr4_8052672.0,8052672,0.0007718311,0,,,,
4,Chr4_763837.0,763837,0.0007721465,0,,,,
5,Chr5_17379220.0,17379220,0.000772234,1,AT5G43300,AT5G43300,AT5G43300,0.0
1,Chr1_12595086.0,12595086,0.0007723607,0,,,,
1,Chr1_23571480.0,23571480,0.0007728134,0,,,,
1,Chr1_23571502.0,23571502,0.0007728134,0,,,,
3,Chr3_18645624.0,18645624,0.0007736378,0,,,,
5,Chr5_10266763.0,10266763,0.0007737513,0,,,,
5,Chr5_9150429.0,9150429,0.0007739765,1,AT5G26180,AT5G26180,AT5G26180,0.0
1,Chr1_16158352.0,16158352,0.0007743972,0,,,,
4,Chr4_2061856.0,2061856,0.0007749257,0,,,,
3,Chr3_20776255.0,20776255,0.000775272,0,,,,
5,Chr5_500455.0,500455,0.0007761461,0,,,,
5,Chr5_5021351.0,5021351,0.0007768736,1,AT5G15470,AT5G15470,AT5G15470,0.0
2,Chr2_6189427.0,6189427,0.0007771425,1,AT2G14530,AT2G14530,AT2G14530,0.0
5,Chr5_17278175.0,17278175,0.0007772271,0,,,,
2,Chr2_6882756.0,6882756,0.0007773203,0,,,,
2,Chr2_1686474.0,1686474,0.0007777148,0,,,,
5,Chr5_17197531.0,17197531,0.0007777184,0,,,,
4,Chr4_11829311.0,11829311,0.0007777203,0,,,,
4,Chr4_11829553.0,11829553,0.0007777203,0,,,,
1,Chr1_6234700.0,6234700,0.0007777687,0,,,,
4,Chr4_5620812.0,5620812,0.0007777878,0,,,,
3,Chr3_15957059.0,15957059,0.0007777979,0,,,,
3,Chr3_15957186.0,15957186,0.0007777979,0,,,,
3,Chr3_15958550.0,15958550,0.0007777979,0,,,,
4,Chr4_11838454.0,11838454,0.0007780973,0,,,,
3,Chr3_11100715.0,11100715,0.0007783169,0,,,,
5,Chr5_13149751.0,13149751,0.0007788289,0,,,,
5,Chr5_13149988.0,13149988,0.0007788289,0,,,,
5,Chr5_13152901.0,13152901,0.0007788289,0,,,,
4,Chr4_17365278.0,17365278,0.0007797554,0,,,,
5,Chr5_15371055.0,15371055,0.0007800313,0,,,,
2,Chr2_5789798.0,5789798,0.0007802452,1,AT2G13840,AT2G13840,AT2G13840,0.0
1,Chr1_6854286.0,6854286,0.0007803163,0,,,,
2,Chr2_4992123.0,4992123,0.0007803528,0,,,,
1,Chr1_26233002.0,26233002,0.0007803604,1,AT1G69740,AT1G69740,AT1G69740,0.0
1,Chr1_26233299.0,26233299,0.0007803604,1,AT1G69740,AT1G69740,AT1G69740,0.0
1,Chr1_26233331.0,26233331,0.0007803604,1,AT1G69740,AT1G69740,AT1G69740,0.0
5,Chr5_2488616.0,2488616,0.0007807109,1,AT5G07800,AT5G07800,AT5G07800,0.0
5,Chr5_13713792.0,13713792,0.0007809339,0,,,,
1,Chr1_4118551.0,4118551,0.0007816108,0,,,,
1,Chr1_4118553.0,4118553,0.0007816108,0,,,,
1,Chr1_3879106.0,3879106,0.0007816392,1,AT1G11545,AT1G11545,AT1G11545,0.0
1,Chr1_3880488.0,3880488,0.0007816392,0,,,,
2,Chr2_9456043.0,9456043,0.0007819773,0,,,,
3,Chr3_19608260.0,19608260,0.0007820507,1,AT3G52890,AT3G52890,AT3G52890,0.0
3,Chr3_18653571.0,18653571,0.0007824075,0,,,,
2,Chr2_9221304.0,9221304,0.0007831978,1,AT2G21540,AT2G21540,AT2G21540,0.0
1,Chr1_15742104.0,15742104,0.0007832449,0,,,,
1,Chr1_6446031.0,6446031,0.0007836532,0,,,,
5,Chr5_1053566.0,1053566,0.0007836728,1,AT5G03905,AT5G03905,AT5G03905,0.0
5,Chr5_13666106.0,13666106,0.0007836808,0,,,,
2,Chr2_16768927.0,16768927,0.0007840664,1,AT2G40130,AT2G40130,AT2G40130,0.0
5,Chr5_11800397.0,11800397,0.0007841086,0,,,,
5,Chr5_25571859.0,25571859,0.0007846404,0,,,,
1,Chr1_1041274.0,1041274,0.0007846572,1,AT1G04030,AT1G04030,AT1G04030,0.0
5,Chr5_11313143.0,11313143,0.000785035,0,,,,
2,Chr2_6395100.0,6395100,0.0007851961,0,,,,
2,Chr2_6395819.0,6395819,0.0007851961,0,,,,
2,Chr2_6396105.0,6396105,0.0007851961,0,,,,
2,Chr2_6397186.0,6397186,0.0007851961,0,,,,
2,Chr2_6398246.0,6398246,0.0007851961,0,,,,
2,Chr2_6398572.0,6398572,0.0007851961,0,,,,
2,Chr2_6401158.0,6401158,0.0007851961,0,,,,
2,Chr2_6402721.0,6402721,0.0007854141,0,,,,
4,Chr4_1987315.0,1987315,0.0007856736,0,,,,
5,Chr5_19719877.0,19719877,0.0007861355,1,AT5G48620,AT5G48620,AT5G48620,0.0
1,Chr1_5541615.0,5541615,0.0007862464,1,AT1G16180,AT1G16180,AT1G16180,0.0
1,Chr1_12099080.0,12099080,0.0007865161,0,,,,
2,Chr2_18395219.0,18395219,0.0007868177,1,AT2G44570,AT2G44570,AT2G44570,0.0
3,Chr3_3219624.0,3219624,0.00078705,1,AT3G10380,AT3G10380,AT3G10380,0.0
4,Chr4_2059418.0,2059418,0.0007871093,0,,,,
4,Chr4_2061060.0,2061060,0.0007871093,0,,,,
4,Chr4_2084959.0,2084959,0.0007871093,0,,,,
4,Chr4_2086055.0,2086055,0.0007871093,0,,,,
5,Chr5_13778114.0,13778114,0.0007873372,0,,,,
5,Chr5_13778466.0,13778466,0.0007873372,0,,,,
5,Chr5_13778707.0,13778707,0.0007873372,0,,,,
5,Chr5_13778990.0,13778990,0.0007873372,0,,,,
5,Chr5_13781512.0,13781512,0.0007873372,0,,,,
5,Chr5_13783636.0,13783636,0.0007873372,0,,,,
5,Chr5_13783995.0,13783995,0.0007873372,0,,,,
5,Chr5_13784210.0,13784210,0.0007873372,0,,,,
5,Chr5_13786814.0,13786814,0.0007873372,0,,,,
5,Chr5_13787311.0,13787311,0.0007873372,0,,,,
5,Chr5_13787830.0,13787830,0.0007873372,0,,,,
5,Chr5_13788152.0,13788152,0.0007873372,0,,,,
5,Chr5_13788773.0,13788773,0.0007873372,1,AT5G35604,AT5G35604,AT5G35604,0.0
5,Chr5_13790972.0,13790972,0.0007873372,0,,,,
5,Chr5_13791794.0,13791794,0.0007873372,0,,,,
5,Chr5_13792318.0,13792318,0.0007873372,0,,,,
5,Chr5_13792589.0,13792589,0.0007873372,0,,,,
5,Chr5_13794573.0,13794573,0.0007873372,0,,,,
5,Chr5_13797292.0,13797292,0.0007873372,0,,,,
5,Chr5_13797796.0,13797796,0.0007873372,0,,,,
5,Chr5_13798859.0,13798859,0.0007873372,0,,,,
3,Chr3_20533618.0,20533618,0.0007873861,0,,,,
2,Chr2_4999100.0,4999100,0.0007873931,0,,,,
4,Chr4_858574.0,858574,0.0007878804,0,,,,
5,Chr5_6413618.0,6413618,0.0007883465,0,,,,
5,Chr5_6413619.0,6413619,0.0007883465,0,,,,
1,Chr1_8979437.0,8979437,0.0007890137,0,,,,
3,Chr3_6306103.0,6306103,0.0007890197,1,AT3G18370,AT3G18370,AT3G18370,0.0
3,Chr3_6307038.0,6307038,0.0007890197,1,AT3G18370,AT3G18370,AT3G18370,0.0
3,Chr3_6321501.0,6321501,0.0007890197,0,,,,
5,Chr5_13889344.0,13889344,0.0007890985,0,,,,
4,Chr4_17522939.0,17522939,0.0007909685,0,,,,
5,Chr5_11586067.0,11586067,0.0007913021,0,,,,
5,Chr5_11586139.0,11586139,0.0007913021,0,,,,
5,Chr5_11586145.0,11586145,0.0007913021,0,,,,
3,Chr3_14766387.0,14766387,0.0007913706,0,,,,
3,Chr3_13917318.0,13917318,0.00079147,0,,,,
3,Chr3_15620602.0,15620602,0.0007916587,0,,,,
3,Chr3_3353051.0,3353051,0.0007917884,1,AT3G10710,AT3G10710,AT3G10710,0.0
1,Chr1_14267404.0,14267404,0.0007918751,0,,,,
1,Chr1_14267935.0,14267935,0.0007918751,0,,,,
1,Chr1_14268473.0,14268473,0.0007918751,0,,,,
3,Chr3_19612574.0,19612574,0.0007920551,0,,,,
3,Chr3_19612631.0,19612631,0.0007920551,0,,,,
1,Chr1_5733742.0,5733742,0.0007921225,0,,,,
3,Chr3_20068150.0,20068150,0.0007921846,1,AT3G54210,AT3G54210,AT3G54210,0.0
3,Chr3_10752010.0,10752010,0.0007923812,0,,,,
1,Chr1_15636486.0,15636486,0.0007923939,0,,,,
1,Chr1_2236793.0,2236793,0.0007928103,0,,,,
1,Chr1_4208446.0,4208446,0.0007930659,1,AT1G12370,AT1G12370,AT1G12370,0.0
1,Chr1_15620151.0,15620151,0.0007932767,0,,,,
5,Chr5_2293157.0,2293157,0.000793309,0,,,,
3,Chr3_21847811.0,21847811,0.0007933896,1,AT3G59100,AT3G59100,AT3G59100,0.0
3,Chr3_18892140.0,18892140,0.0007936826,1,AT3G50820,AT3G50820,AT3G50820,0.0
3,Chr3_15424440.0,15424440,0.0007937904,0,,,,
4,Chr4_15295730.0,15295730,0.0007938625,1,AT4G31560,AT4G31560,AT4G31560,0.0
3,Chr3_17841108.0,17841108,0.0007943614,1,AT3G48205,AT3G48205,AT3G48205,0.0
1,Chr1_4511668.0,4511668,0.0007944168,1,AT1G13210,AT1G13210,AT1G13210,0.0
5,Chr5_14588469.0,14588469,0.0007945009,0,,,,
4,Chr4_6425955.0,6425955,0.0007947459,0,,,,
4,Chr4_6426069.0,6426069,0.0007947459,0,,,,
4,Chr4_1984086.0,1984086,0.000795046,0,,,,
4,Chr4_1996085.0,1996085,0.000795046,0,,,,
4,Chr4_1996620.0,1996620,0.000795046,0,,,,
4,Chr4_1998005.0,1998005,0.000795046,0,,,,
4,Chr4_1998209.0,1998209,0.000795046,0,,,,
4,Chr4_2000092.0,2000092,0.000795046,0,,,,
4,Chr4_2000811.0,2000811,0.000795046,0,,,,
4,Chr4_2006493.0,2006493,0.000795046,0,,,,
4,Chr4_2008183.0,2008183,0.000795046,0,,,,
4,Chr4_2008347.0,2008347,0.000795046,0,,,,
4,Chr4_2008806.0,2008806,0.000795046,0,,,,
4,Chr4_2008827.0,2008827,0.000795046,0,,,,
4,Chr4_2009932.0,2009932,0.000795046,0,,,,
4,Chr4_2010086.0,2010086,0.000795046,0,,,,
4,Chr4_2010244.0,2010244,0.000795046,0,,,,
4,Chr4_2010329.0,2010329,0.000795046,0,,,,
4,Chr4_2010397.0,2010397,0.000795046,0,,,,
4,Chr4_2011423.0,2011423,0.000795046,0,,,,
4,Chr4_2017535.0,2017535,0.000795046,0,,,,
3,Chr3_17994256.0,17994256,0.0007950754,1,AT3G48550,AT3G48550,AT3G48550,0.0
5,Chr5_9096016.0,9096016,0.0007951674,0,,,,
1,Chr1_22270697.0,22270697,0.0007954707,0,,,,
5,Chr5_503801.0,503801,0.0007960783,1,AT5G02370,AT5G02370,AT5G02370,0.0
5,Chr5_11411879.0,11411879,0.0007965313,0,,,,
5,Chr5_500461.0,500461,0.0007966538,0,,,,
5,Chr5_2488498.0,2488498,0.0007973079,1,AT5G07800,AT5G07800,AT5G07800,0.0
5,Chr5_17864768.0,17864768,0.0007974209,1,AT5G44350,AT5G44350,AT5G44350,0.0
4,Chr4_17654051.0,17654051,0.0007974409,0,,,,
1,Chr1_12392614.0,12392614,0.000797661,0,,,,
2,Chr2_10023394.0,10023394,0.0007977543,0,,,,
1,Chr1_14202053.0,14202053,0.000797831,0,,,,
2,Chr2_10273465.0,10273465,0.000798045,0,,,,
1,Chr1_7845598.0,7845598,0.0007982359,0,,,,
1,Chr1_12703915.0,12703915,0.0007982796,0,,,,
1,Chr1_26007895.0,26007895,0.0007984169,1,AT1G69180,AT1G69180,AT1G69180,0.0
5,Chr5_15464354.0,15464354,0.0007985096,1,AT5G38620,AT5G38620,AT5G38620,0.0
4,Chr4_5714532.0,5714532,0.0007995144,0,,,,
5,Chr5_10686448.0,10686448,0.0007995228,0,,,,
1,Chr1_29648580.0,29648580,0.0008001811,1,AT1G78865,AT1G78865,AT1G78865,0.0
4,Chr4_17853926.0,17853926,0.0008007764,1,AT4G37980,AT4G37980,AT4G37980,0.0
4,Chr4_17853993.0,17853993,0.0008007764,1,AT4G37980,AT4G37980,AT4G37980,0.0
4,Chr4_17854004.0,17854004,0.0008007764,1,AT4G37980,AT4G37980,AT4G37980,0.0
4,Chr4_2378492.0,2378492,0.0008010069,0,,,,
2,Chr2_10871774.0,10871774,0.0008012223,1,AT2G25540,AT2G25540,AT2G25540,0.0
2,Chr2_10888169.0,10888169,0.0008012223,1,AT2G25580,AT2G25580,AT2G25580,0.0
2,Chr2_10889844.0,10889844,0.0008012223,1,AT2G25580,AT2G25580,AT2G25580,0.0
2,Chr2_10893617.0,10893617,0.0008012223,1,AT2G25590,AT2G25590,AT2G25590,0.0
1,Chr1_4719482.0,4719482,0.0008013394,0,,,,
5,Chr5_13948965.0,13948965,0.0008013455,0,,,,
2,Chr2_18393726.0,18393726,0.0008015831,0,,,,
3,Chr3_15641184.0,15641184,0.0008016788,0,,,,
3,Chr3_15642312.0,15642312,0.0008016788,0,,,,
3,Chr3_15642468.0,15642468,0.0008016788,0,,,,
3,Chr3_15642863.0,15642863,0.0008016788,0,,,,
1,Chr1_13154490.0,13154490,0.0008017449,0,,,,
5,Chr5_9150455.0,9150455,0.0008019685,1,AT5G26180,AT5G26180,AT5G26180,0.0
5,Chr5_9150467.0,9150467,0.0008019685,1,AT5G26180,AT5G26180,AT5G26180,0.0
2,Chr2_2221034.0,2221034,0.0008020217,0,,,,
2,Chr2_9185100.0,9185100,0.0008025451,0,,,,
4,Chr4_9517177.0,9517177,0.0008030796,1,AT4G16915,AT4G16915,AT4G16915,0.0
1,Chr1_4367979.0,4367979,0.000803357,1,AT1G12810,AT1G12810,AT1G12810,0.0
1,Chr1_22373142.0,22373142,0.0008034894,0,,,,
3,Chr3_20147375.0,20147375,0.0008038395,1,AT3G54430,AT3G54430,AT3G54430,0.0
3,Chr3_12761554.0,12761554,0.0008040169,0,,,,
1,Chr1_28567350.0,28567350,0.0008042881,0,,,,
5,Chr5_12870315.0,12870315,0.0008048138,0,,,,
5,Chr5_12870328.0,12870328,0.0008048138,0,,,,
2,Chr2_15378459.0,15378459,0.0008049748,0,,,,
2,Chr2_2239874.0,2239874,0.000805648,0,,,,
1,Chr1_17619599.0,17619599,0.0008058577,0,,,,
5,Chr5_7843643.0,7843643,0.0008064523,1,AT5G23280,AT5G23280,AT5G23280,0.0
4,Chr4_15381817.0,15381817,0.0008066094,0,,,,
2,Chr2_12686032.0,12686032,0.0008066095,0,,,,
2,Chr2_14999872.0,14999872,0.0008066675,1,AT2G35690,AT2G35690,AT2G35690,0.0
4,Chr4_5715192.0,5715192,0.0008067322,0,,,,
4,Chr4_5715492.0,5715492,0.0008067322,0,,,,
4,Chr4_5715718.0,5715718,0.0008067322,0,,,,
4,Chr4_5716216.0,5716216,0.0008067322,0,,,,
4,Chr4_5722100.0,5722100,0.0008067322,0,,,,
4,Chr4_5722150.0,5722150,0.0008067322,0,,,,
1,Chr1_4790845.0,4790845,0.0008067488,1,AT1G13980,AT1G13980,AT1G13980,0.0
2,Chr2_7434486.0,7434486,0.0008070174,0,,,,
2,Chr2_7434551.0,7434551,0.0008070174,0,,,,
1,Chr1_13645797.0,13645797,0.0008070377,0,,,,
4,Chr4_8090215.0,8090215,0.0008070815,0,,,,
1,Chr1_8925703.0,8925703,0.000807479,0,,,,
5,Chr5_7467920.0,7467920,0.000807487,0,,,,
2,Chr2_655145.0,655145,0.0008076103,0,,,,
4,Chr4_2849482.0,2849482,0.0008082902,0,,,,
4,Chr4_2857270.0,2857270,0.0008082902,0,,,,
4,Chr4_2867221.0,2867221,0.0008082902,0,,,,
4,Chr4_2884979.0,2884979,0.0008082902,0,,,,
4,Chr4_2978137.0,2978137,0.0008082902,0,,,,
4,Chr4_3086383.0,3086383,0.0008082902,0,,,,
4,Chr4_3270795.0,3270795,0.0008082902,0,,,,
4,Chr4_3271024.0,3271024,0.0008082902,0,,,,
4,Chr4_3274312.0,3274312,0.0008082902,0,,,,
4,Chr4_3288901.0,3288901,0.0008082902,0,,,,
4,Chr4_3289536.0,3289536,0.0008082902,0,,,,
4,Chr4_3322106.0,3322106,0.0008082902,0,,,,
4,Chr4_3366322.0,3366322,0.0008082902,0,,,,
4,Chr4_3368284.0,3368284,0.0008082902,0,,,,
4,Chr4_3403038.0,3403038,0.0008082902,0,,,,
4,Chr4_3443240.0,3443240,0.0008082902,0,,,,
4,Chr4_3445930.0,3445930,0.0008082902,0,,,,
4,Chr4_3447567.0,3447567,0.0008082902,0,,,,
4,Chr4_3516644.0,3516644,0.0008082902,0,,,,
4,Chr4_3569785.0,3569785,0.0008082902,0,,,,
4,Chr4_3643755.0,3643755,0.0008082902,0,,,,
4,Chr4_3660084.0,3660084,0.0008082902,0,,,,
4,Chr4_3691811.0,3691811,0.0008082902,0,,,,
4,Chr4_3709908.0,3709908,0.0008082902,0,,,,
4,Chr4_3718287.0,3718287,0.0008082902,0,,,,
4,Chr4_3720634.0,3720634,0.0008082902,0,,,,
4,Chr4_3770929.0,3770929,0.0008082902,0,,,,
4,Chr4_3776262.0,3776262,0.0008082902,0,,,,
4,Chr4_3832988.0,3832988,0.0008082902,0,,,,
4,Chr4_3833821.0,3833821,0.0008082902,0,,,,
4,Chr4_3853898.0,3853898,0.0008082902,0,,,,
4,Chr4_3855463.0,3855463,0.0008082902,0,,,,
4,Chr4_3878865.0,3878865,0.0008082902,0,,,,
4,Chr4_4127840.0,4127840,0.0008082902,0,,,,
4,Chr4_4736164.0,4736164,0.0008082902,0,,,,
4,Chr4_4737009.0,4737009,0.0008082902,0,,,,
4,Chr4_4751033.0,4751033,0.0008082902,0,,,,
4,Chr4_4751747.0,4751747,0.0008082902,0,,,,
5,Chr5_9361825.0,9361825,0.0008093356,0,,,,
5,Chr5_25418592.0,25418592,0.0008094086,1,AT5G63480,AT5G63480,AT5G63480,0.0
1,Chr1_27201412.0,27201412,0.0008096305,1,AT1G72270,AT1G72270,AT1G72270,0.0
5,Chr5_19739129.0,19739129,0.0008097858,1,AT5G48670,AT5G48670,AT5G48670,0.0
4,Chr4_17527412.0,17527412,0.0008097979,0,,,,
1,Chr1_3297036.0,3297036,0.0008107103,0,,,,
1,Chr1_3300419.0,3300419,0.0008107103,1,AT1G10095,AT1G10095,AT1G10095,0.0
5,Chr5_13717894.0,13717894,0.0008108743,0,,,,
5,Chr5_5437418.0,5437418,0.0008112222,0,,,,
2,Chr2_13438840.0,13438840,0.0008113019,1,AT2G31570,AT2G31570,AT2G31570,0.0
2,Chr2_9050437.0,9050437,0.0008116331,1,AT2G21110,AT2G21110,AT2G21110,0.0
4,Chr4_14531288.0,14531288,0.0008116636,0,,,,
5,Chr5_26528847.0,26528847,0.0008120306,0,,,,
5,Chr5_26528851.0,26528851,0.0008120306,0,,,,
1,Chr1_225884.0,225884,0.0008127213,1,AT1G01620,AT1G01620,AT1G01620,0.0
2,Chr2_13435705.0,13435705,0.0008128444,0,,,,
2,Chr2_13435904.0,13435904,0.0008128444,0,,,,
2,Chr2_13436038.0,13436038,0.0008128444,0,,,,
2,Chr2_13436052.0,13436052,0.0008128444,0,,,,
2,Chr2_13436064.0,13436064,0.0008128444,0,,,,
2,Chr2_13436089.0,13436089,0.0008128444,0,,,,
2,Chr2_13436096.0,13436096,0.0008128444,0,,,,
2,Chr2_13436098.0,13436098,0.0008128444,0,,,,
2,Chr2_13436229.0,13436229,0.0008128444,0,,,,
3,Chr3_2048792.0,2048792,0.0008132159,0,,,,
1,Chr1_14388671.0,14388671,0.000813216,0,,,,
5,Chr5_5560080.0,5560080,0.0008134015,0,,,,
3,Chr3_21500294.0,21500294,0.0008134517,0,,,,
3,Chr3_21502312.0,21502312,0.0008134517,0,,,,
3,Chr3_21502590.0,21502590,0.0008134517,0,,,,
3,Chr3_21509693.0,21509693,0.0008134517,0,,,,
3,Chr3_21511468.0,21511468,0.0008134517,0,,,,
3,Chr3_21512685.0,21512685,0.0008134517,1,AT3G58090,AT3G58090,AT3G58090,0.0
3,Chr3_21522334.0,21522334,0.0008134517,1,AT3G58120,AT3G58120,AT3G58120,0.0
3,Chr3_21524535.0,21524535,0.0008134517,0,,,,
3,Chr3_21524928.0,21524928,0.0008134517,0,,,,
3,Chr3_21527407.0,21527407,0.0008134517,0,,,,
3,Chr3_21530092.0,21530092,0.0008134517,1,AT3G58140,AT3G58140,AT3G58140,0.0
3,Chr3_21533151.0,21533151,0.0008134517,1,AT3G58150,AT3G58150,AT3G58150,0.0
3,Chr3_21534925.0,21534925,0.0008134517,1,AT3G58160,AT3G58160,AT3G58160,0.0
3,Chr3_21537269.0,21537269,0.0008134517,1,AT3G58160,AT3G58160,AT3G58160,0.0
3,Chr3_21538772.0,21538772,0.0008134517,1,AT3G58160,AT3G58160,AT3G58160,0.0
3,Chr3_21540405.0,21540405,0.0008134517,1,AT3G58160,AT3G58160,AT3G58160,0.0
3,Chr3_21546395.0,21546395,0.0008134517,0,,,,
3,Chr3_21547574.0,21547574,0.0008134517,0,,,,
3,Chr3_21547786.0,21547786,0.0008134517,0,,,,
3,Chr3_21548051.0,21548051,0.0008134517,0,,,,
2,Chr2_1904685.0,1904685,0.0008141855,0,,,,
5,Chr5_17910847.0,17910847,0.0008142279,1,AT5G44440,AT5G44440,AT5G44440,0.0
1,Chr1_14273247.0,14273247,0.0008144463,0,,,,
5,Chr5_8050545.0,8050545,0.0008144691,0,,,,
3,Chr3_14111040.0,14111040,0.0008146239,0,,,,
5,Chr5_22845435.0,22845435,0.0008148455,0,,,,
1,Chr1_13602853.0,13602853,0.0008151751,0,,,,
1,Chr1_13603194.0,13603194,0.0008151751,0,,,,
5,Chr5_26415342.0,26415342,0.0008153631,0,,,,
1,Chr1_491725.0,491725,0.0008153928,1,AT1G02410,AT1G02410,AT1G02410,0.0
5,Chr5_1445633.0,1445633,0.0008154197,1,AT5G04930,AT5G04930,AT5G04930,0.0
5,Chr5_1453817.0,1453817,0.0008154197,0,,,,
5,Chr5_1457471.0,1457471,0.0008154197,0,,,,
1,Chr1_1598428.0,1598428,0.000815515,0,,,,
3,Chr3_14740308.0,14740308,0.0008155878,0,,,,
1,Chr1_1698973.0,1698973,0.0008159167,1,AT1G05670,AT1G05670,AT1G05670,0.0
5,Chr5_7811399.0,7811399,0.0008159711,1,AT5G23210,AT5G23210,AT5G23210,0.0
2,Chr2_13211447.0,13211447,0.0008161051,0,,,,
4,Chr4_10279315.0,10279315,0.0008161285,0,,,,
2,Chr2_9156773.0,9156773,0.000816446,1,AT2G21390,AT2G21390,AT2G21390,0.0
2,Chr2_9157333.0,9157333,0.000816446,0,,,,
2,Chr2_8576294.0,8576294,0.0008166145,1,AT2G19870,AT2G19870,AT2G19870,0.0
3,Chr3_15577986.0,15577986,0.0008166223,0,,,,
1,Chr1_6036606.0,6036606,0.0008171198,1,AT1G17550,AT1G17550,AT1G17550,0.0
1,Chr1_6045818.0,6045818,0.0008171198,1,AT1G17580,AT1G17580,AT1G17580,0.0
3,Chr3_16457591.0,16457591,0.0008171966,0,,,,
3,Chr3_16457603.0,16457603,0.0008171966,0,,,,
3,Chr3_15581202.0,15581202,0.0008179313,0,,,,
3,Chr3_5601197.0,5601197,0.000818167,1,AT3G16480,AT3G16480,AT3G16480,0.0
3,Chr3_5601308.0,5601308,0.000818167,1,AT3G16480,AT3G16480,AT3G16480,0.0
3,Chr3_5601952.0,5601952,0.000818167,1,AT3G16480,AT3G16480,AT3G16480,0.0
3,Chr3_5602382.0,5602382,0.000818167,1,AT3G16480,AT3G16480,AT3G16480,0.0
5,Chr5_17384929.0,17384929,0.0008186077,1,AT5G43310,AT5G43310,AT5G43310,0.0
5,Chr5_9718286.0,9718286,0.0008187734,1,AT5G27530,AT5G27530,AT5G27530,0.0
5,Chr5_15157222.0,15157222,0.0008190746,0,,,,
3,Chr3_3220789.0,3220789,0.00081924,1,AT3G10380,AT3G10380,AT3G10380,0.0
3,Chr3_10238629.0,10238629,0.000819248,1,AT3G27650,AT3G27650,AT3G27650,0.0
3,Chr3_4892356.0,4892356,0.0008195891,0,,,,
5,Chr5_317536.0,317536,0.0008198214,0,,,,
1,Chr1_21541356.0,21541356,0.0008199311,1,AT1G58190,AT1G58190,AT1G58190,0.0
5,Chr5_15148697.0,15148697,0.0008203199,0,,,,
3,Chr3_15619319.0,15619319,0.0008204453,0,,,,
1,Chr1_16845032.0,16845032,0.0008208321,0,,,,
1,Chr1_17609503.0,17609503,0.0008208517,0,,,,
1,Chr1_26642050.0,26642050,0.0008210211,2,AT1G70650;AT1G70660,AT1G70650,AT1G70650,0.0
3,Chr3_15659631.0,15659631,0.0008211138,1,AT3G43790,AT3G43790,AT3G43790,0.0
3,Chr3_15659655.0,15659655,0.0008211138,1,AT3G43790,AT3G43790,AT3G43790,0.0
5,Chr5_19425175.0,19425175,0.0008211972,1,AT5G47970,AT5G47970,AT5G47970,0.0
4,Chr4_4524025.0,4524025,0.0008212789,0,,,,
5,Chr5_21968425.0,21968425,0.0008213492,0,,,,
2,Chr2_18594061.0,18594061,0.0008216334,0,,,,
2,Chr2_5137678.0,5137678,0.0008217776,0,,,,
2,Chr2_5138481.0,5138481,0.0008217776,0,,,,
2,Chr2_7019601.0,7019601,0.0008217974,0,,,,
2,Chr2_7019629.0,7019629,0.0008217974,0,,,,
1,Chr1_4292971.0,4292971,0.0008218939,0,,,,
5,Chr5_16410510.0,16410510,0.0008219098,0,,,,
5,Chr5_16410539.0,16410539,0.0008219098,0,,,,
5,Chr5_16410540.0,16410540,0.0008219098,0,,,,
5,Chr5_16410545.0,16410545,0.0008219098,0,,,,
5,Chr5_9446845.0,9446845,0.0008219506,1,AT5G26850,AT5G26850,AT5G26850,0.0
5,Chr5_9446846.0,9446846,0.0008219506,1,AT5G26850,AT5G26850,AT5G26850,0.0
5,Chr5_9446893.0,9446893,0.0008219506,1,AT5G26850,AT5G26850,AT5G26850,0.0
1,Chr1_29051088.0,29051088,0.0008220765,0,,,,
5,Chr5_17379080.0,17379080,0.0008221642,1,AT5G43300,AT5G43300,AT5G43300,0.0
1,Chr1_6427273.0,6427273,0.0008222035,1,AT1G18670,AT1G18670,AT1G18670,0.0
1,Chr1_6427285.0,6427285,0.0008222035,1,AT1G18670,AT1G18670,AT1G18670,0.0
1,Chr1_6427466.0,6427466,0.0008222035,1,AT1G18670,AT1G18670,AT1G18670,0.0
1,Chr1_6428869.0,6428869,0.0008222035,1,AT1G18670,AT1G18670,AT1G18670,0.0
1,Chr1_6429695.0,6429695,0.0008222035,1,AT1G18670,AT1G18670,AT1G18670,0.0
1,Chr1_6429701.0,6429701,0.0008222035,1,AT1G18670,AT1G18670,AT1G18670,0.0
1,Chr1_6429722.0,6429722,0.0008222035,1,AT1G18670,AT1G18670,AT1G18670,0.0
1,Chr1_6429822.0,6429822,0.0008222035,1,AT1G18670,AT1G18670,AT1G18670,0.0
1,Chr1_6429901.0,6429901,0.0008222035,1,AT1G18670,AT1G18670,AT1G18670,0.0
1,Chr1_6429911.0,6429911,0.0008222035,1,AT1G18670,AT1G18670,AT1G18670,0.0
4,Chr4_1980486.0,1980486,0.0008222416,0,,,,
1,Chr1_547263.0,547263,0.0008228788,1,AT1G02580,AT1G02580,AT1G02580,0.0
2,Chr2_9507536.0,9507536,0.0008232138,1,AT2G22400,AT2G22400,AT2G22400,0.0
4,Chr4_15078926.0,15078926,0.0008233724,0,,,,
5,Chr5_13391915.0,13391915,0.0008238608,0,,,,
3,Chr3_4647179.0,4647179,0.0008244363,0,,,,
1,Chr1_26217788.0,26217788,0.0008251698,1,AT1G69690,AT1G69690,AT1G69690,0.0
5,Chr5_9030659.0,9030659,0.0008253138,0,,,,
4,Chr4_8755542.0,8755542,0.0008258507,1,AT4G15340,AT4G15340,AT4G15340,0.0
1,Chr1_4088299.0,4088299,0.0008260131,0,,,,
2,Chr2_16029827.0,16029827,0.0008260965,0,,,,
5,Chr5_11520743.0,11520743,0.0008263207,0,,,,
3,Chr3_14110755.0,14110755,0.0008264645,0,,,,
5,Chr5_9152808.0,9152808,0.000826469,1,AT5G26180,AT5G26180,AT5G26180,0.0
1,Chr1_27093065.0,27093065,0.0008265805,1,AT1G71970,AT1G71970,AT1G71970,0.0
5,Chr5_1200245.0,1200245,0.0008274143,1,AT5G04290,AT5G04290,AT5G04290,0.0
5,Chr5_1201164.0,1201164,0.0008274143,1,AT5G04290,AT5G04290,AT5G04290,0.0
4,Chr4_15448309.0,15448309,0.0008276215,0,,,,
2,Chr2_9133164.0,9133164,0.0008276465,1,AT2G21340,AT2G21340,AT2G21340,0.0
2,Chr2_9133165.0,9133165,0.0008276465,1,AT2G21340,AT2G21340,AT2G21340,0.0
1,Chr1_13462360.0,13462360,0.0008278181,0,,,,
2,Chr2_15162651.0,15162651,0.0008279914,1,AT2G36110,AT2G36110,AT2G36110,0.0
5,Chr5_15763137.0,15763137,0.0008280383,0,,,,
3,Chr3_18237980.0,18237980,0.0008283013,0,,,,
1,Chr1_23571382.0,23571382,0.0008283912,0,,,,
5,Chr5_5191895.0,5191895,0.0008285062,1,AT5G15900,AT5G15900,AT5G15900,0.0
5,Chr5_5191906.0,5191906,0.0008285062,1,AT5G15900,AT5G15900,AT5G15900,0.0
3,Chr3_16757358.0,16757358,0.0008285951,1,AT3G45640,AT3G45640,AT3G45640,0.0
5,Chr5_13788786.0,13788786,0.0008288049,1,AT5G35604,AT5G35604,AT5G35604,0.0
5,Chr5_15462187.0,15462187,0.0008289734,0,,,,
3,Chr3_11125716.0,11125716,0.0008290457,0,,,,
4,Chr4_1981871.0,1981871,0.0008290641,0,,,,
4,Chr4_1989964.0,1989964,0.0008290641,0,,,,
4,Chr4_2013102.0,2013102,0.0008290641,0,,,,
5,Chr5_11491058.0,11491058,0.0008295671,0,,,,
5,Chr5_13067060.0,13067060,0.000829869,0,,,,
3,Chr3_8174704.0,8174704,0.000830231,0,,,,
3,Chr3_12618986.0,12618986,0.0008305773,0,,,,
1,Chr1_4774863.0,4774863,0.0008309321,1,AT1G13950,AT1G13950,AT1G13950,0.0
5,Chr5_17459603.0,17459603,0.0008318278,0,,,,
3,Chr3_12253463.0,12253463,0.0008318711,0,,,,
3,Chr3_14009405.0,14009405,0.0008321446,0,,,,
3,Chr3_16047551.0,16047551,0.0008323225,1,AT3G44400,AT3G44400,AT3G44400,0.0
5,Chr5_13881643.0,13881643,0.0008323489,1,AT5G35715,AT5G35715,AT5G35715,0.0
2,Chr2_4389740.0,4389740,0.0008326205,0,,,,
1,Chr1_5553157.0,5553157,0.0008328715,0,,,,
3,Chr3_22622376.0,22622376,0.0008329924,1,AT3G61130,AT3G61130,AT3G61130,0.0
5,Chr5_17132861.0,17132861,0.0008330665,0,,,,
2,Chr2_6635116.0,6635116,0.0008332501,0,,,,
2,Chr2_6635122.0,6635122,0.0008332501,0,,,,
2,Chr2_6635124.0,6635124,0.0008332501,0,,,,
2,Chr2_6635135.0,6635135,0.0008332501,0,,,,
5,Chr5_10969652.0,10969652,0.0008332515,0,,,,
2,Chr2_642617.0,642617,0.0008337949,0,,,,
5,Chr5_24722523.0,24722523,0.0008346591,0,,,,
1,Chr1_27661063.0,27661063,0.0008347335,1,AT1G73590,AT1G73590,AT1G73590,0.0
3,Chr3_7926073.0,7926073,0.000834764,0,,,,
5,Chr5_3196791.0,3196791,0.0008348061,1,AT5G10180,AT5G10180,AT5G10180,0.0
4,Chr4_6150171.0,6150171,0.0008355596,1,AT4G09760,AT4G09760,AT4G09760,0.0
4,Chr4_9839373.0,9839373,0.0008356603,0,,,,
2,Chr2_4609342.0,4609342,0.0008358034,0,,,,
2,Chr2_14132283.0,14132283,0.0008359368,0,,,,
3,Chr3_11101889.0,11101889,0.0008367726,0,,,,
3,Chr3_11101891.0,11101891,0.0008367726,0,,,,
3,Chr3_11101896.0,11101896,0.0008367726,0,,,,
3,Chr3_11101908.0,11101908,0.0008367726,0,,,,
1,Chr1_10699334.0,10699334,0.0008371214,0,,,,
1,Chr1_10700100.0,10700100,0.0008371214,0,,,,
5,Chr5_9441447.0,9441447,0.0008372327,1,AT5G26830,AT5G26830,AT5G26830,0.0
5,Chr5_18951833.0,18951833,0.0008381756,1,AT5G46700,AT5G46700,AT5G46700,0.0
5,Chr5_8373547.0,8373547,0.0008382591,0,,,,
2,Chr2_2946656.0,2946656,0.0008383826,0,,,,
1,Chr1_12149045.0,12149045,0.0008392335,1,AT1G33480,AT1G33480,AT1G33480,0.0
1,Chr1_12153035.0,12153035,0.0008392335,1,AT1G33500,AT1G33500,AT1G33500,0.0
1,Chr1_26004826.0,26004826,0.0008400859,0,,,,
3,Chr3_19088271.0,19088271,0.0008408259,0,,,,
3,Chr3_12644183.0,12644183,0.0008410029,0,,,,
5,Chr5_5190529.0,5190529,0.0008410909,1,AT5G15900,AT5G15900,AT5G15900,0.0
5,Chr5_11372855.0,11372855,0.0008412706,0,,,,
1,Chr1_12151948.0,12151948,0.0008415888,1,AT1G33490,AT1G33490,AT1G33490,0.0
3,Chr3_15954314.0,15954314,0.0008417494,0,,,,
3,Chr3_15954335.0,15954335,0.0008417494,0,,,,
5,Chr5_14749171.0,14749171,0.0008419174,0,,,,
4,Chr4_11757637.0,11757637,0.0008420409,0,,,,
2,Chr2_13430701.0,13430701,0.0008422251,1,AT2G31540,AT2G31540,AT2G31540,0.0
2,Chr2_13430702.0,13430702,0.0008422251,1,AT2G31540,AT2G31540,AT2G31540,0.0
2,Chr2_13430709.0,13430709,0.0008422251,1,AT2G31540,AT2G31540,AT2G31540,0.0
2,Chr2_13430722.0,13430722,0.0008422251,1,AT2G31540,AT2G31540,AT2G31540,0.0
2,Chr2_13430742.0,13430742,0.0008422251,1,AT2G31540,AT2G31540,AT2G31540,0.0
2,Chr2_13430748.0,13430748,0.0008422251,1,AT2G31540,AT2G31540,AT2G31540,0.0
2,Chr2_13430757.0,13430757,0.0008422251,1,AT2G31540,AT2G31540,AT2G31540,0.0
5,Chr5_14301283.0,14301283,0.0008424578,0,,,,
5,Chr5_12576500.0,12576500,0.0008425525,0,,,,
5,Chr5_12579121.0,12579121,0.0008425525,0,,,,
5,Chr5_12581588.0,12581588,0.0008425525,0,,,,
5,Chr5_12583571.0,12583571,0.0008425525,0,,,,
5,Chr5_12584140.0,12584140,0.0008425525,0,,,,
5,Chr5_12584671.0,12584671,0.0008425525,0,,,,
5,Chr5_12587212.0,12587212,0.0008425525,0,,,,
2,Chr2_6034322.0,6034322,0.0008428355,0,,,,
4,Chr4_6862987.0,6862987,0.0008429283,0,,,,
3,Chr3_9276610.0,9276610,0.0008429471,1,AT3G25540,AT3G25540,AT3G25540,0.0
3,Chr3_9278212.0,9278212,0.0008429471,1,AT3G25545,AT3G25545,AT3G25545,0.0
3,Chr3_9280193.0,9280193,0.0008429471,1,AT3G25560,AT3G25560,AT3G25560,0.0
2,Chr2_69724.0,69724,0.0008434,1,AT2G01050,AT2G01050,AT2G01050,0.0
3,Chr3_15418831.0,15418831,0.0008435331,0,,,,
4,Chr4_16700435.0,16700435,0.0008436343,1,AT4G35090,AT4G35090,AT4G35090,0.0
3,Chr3_12368200.0,12368200,0.0008438824,0,,,,
3,Chr3_20907765.0,20907765,0.0008442237,0,,,,
2,Chr2_4609749.0,4609749,0.0008444624,0,,,,
2,Chr2_13426813.0,13426813,0.0008446587,0,,,,
2,Chr2_13426816.0,13426816,0.0008446587,0,,,,
3,Chr3_11092531.0,11092531,0.0008446714,0,,,,
3,Chr3_10741716.0,10741716,0.0008448902,0,,,,
5,Chr5_26149745.0,26149745,0.0008450291,1,AT5G65430,AT5G65430,AT5G65430,0.0
3,Chr3_20437215.0,20437215,0.0008451116,0,,,,
2,Chr2_2153550.0,2153550,0.000845154,0,,,,
2,Chr2_2153601.0,2153601,0.000845154,0,,,,
2,Chr2_2153715.0,2153715,0.000845154,0,,,,
5,Chr5_14294052.0,14294052,0.0008453667,0,,,,
5,Chr5_14294565.0,14294565,0.0008453667,0,,,,
5,Chr5_14297852.0,14297852,0.0008453667,0,,,,
2,Chr2_5139986.0,5139986,0.0008454686,0,,,,
1,Chr1_174659.0,174659,0.0008455586,0,,,,
1,Chr1_6948769.0,6948769,0.0008457853,0,,,,
1,Chr1_6948779.0,6948779,0.0008457853,0,,,,
1,Chr1_6948795.0,6948795,0.0008457853,0,,,,
4,Chr4_555308.0,555308,0.000846169,1,AT4G01340,AT4G01340,AT4G01340,0.0
5,Chr5_7986329.0,7986329,0.0008463242,1,AT5G23680,AT5G23680,AT5G23680,0.0
2,Chr2_5136945.0,5136945,0.0008465679,0,,,,
5,Chr5_25535877.0,25535877,0.0008471137,0,,,,
2,Chr2_9784100.0,9784100,0.0008475301,0,,,,
2,Chr2_9784102.0,9784102,0.0008475301,0,,,,
3,Chr3_18561414.0,18561414,0.0008479472,0,,,,
3,Chr3_15649940.0,15649940,0.0008482732,0,,,,
3,Chr3_15650255.0,15650255,0.0008482732,0,,,,
3,Chr3_15650663.0,15650663,0.0008482732,0,,,,
4,Chr4_9190690.0,9190690,0.0008483428,0,,,,
2,Chr2_7731447.0,7731447,0.0008485555,1,AT2G17787,AT2G17787,AT2G17787,0.0
2,Chr2_7731674.0,7731674,0.0008485555,1,AT2G17787,AT2G17787,AT2G17787,0.0
2,Chr2_7731679.0,7731679,0.0008485555,1,AT2G17787,AT2G17787,AT2G17787,0.0
2,Chr2_7732050.0,7732050,0.0008485555,1,AT2G17787,AT2G17787,AT2G17787,0.0
5,Chr5_13887289.0,13887289,0.0008486547,0,,,,
3,Chr3_15948330.0,15948330,0.0008487526,0,,,,
5,Chr5_25477952.0,25477952,0.0008489169,1,AT5G63640,AT5G63640,AT5G63640,0.0
5,Chr5_25479383.0,25479383,0.0008489169,1,AT5G63640,AT5G63640,AT5G63640,0.0
2,Chr2_4793188.0,4793188,0.0008493235,0,,,,
1,Chr1_21944877.0,21944877,0.0008493381,1,AT1G59722,AT1G59722,AT1G59722,0.0
4,Chr4_1764173.0,1764173,0.0008497462,0,,,,
5,Chr5_2466729.0,2466729,0.000850533,1,AT5G07740,AT5G07740,AT5G07740,0.0
5,Chr5_18667595.0,18667595,0.0008506427,0,,,,
2,Chr2_11480629.0,11480629,0.0008506615,0,,,,
4,Chr4_4304438.0,4304438,0.000851015,0,,,,
2,Chr2_2398121.0,2398121,0.0008515182,0,,,,
2,Chr2_2398412.0,2398412,0.0008515182,0,,,,
5,Chr5_13881991.0,13881991,0.0008515827,1,AT5G35715,AT5G35715,AT5G35715,0.0
5,Chr5_7673907.0,7673907,0.0008516906,0,,,,
4,Chr4_13071916.0,13071916,0.000851806,0,,,,
4,Chr4_16330409.0,16330409,0.0008523109,0,,,,
5,Chr5_10935661.0,10935661,0.0008528138,0,,,,
2,Chr2_13435197.0,13435197,0.0008531171,1,AT2G31550,AT2G31550,AT2G31550,0.0
5,Chr5_19337484.0,19337484,0.0008546328,0,,,,
1,Chr1_7714747.0,7714747,0.0008547889,0,,,,
3,Chr3_4892364.0,4892364,0.0008550275,0,,,,
5,Chr5_25908781.0,25908781,0.000855671,1,AT5G64810,AT5G64810,AT5G64810,0.0
4,Chr4_6427142.0,6427142,0.0008557472,0,,,,
4,Chr4_6427238.0,6427238,0.0008557472,0,,,,
4,Chr4_6431339.0,6431339,0.0008557472,1,AT4G10380,AT4G10380,AT4G10380,0.0
5,Chr5_13367800.0,13367800,0.0008559522,0,,,,
2,Chr2_1464698.0,1464698,0.0008561254,0,,,,
1,Chr1_13445247.0,13445247,0.0008564509,0,,,,
1,Chr1_1434110.0,1434110,0.000856578,0,,,,
1,Chr1_1435402.0,1435402,0.000856578,1,AT1G05020,AT1G05020,AT1G05020,0.0
1,Chr1_3595976.0,3595976,0.0008567045,0,,,,
4,Chr4_858537.0,858537,0.0008569518,0,,,,
4,Chr4_858551.0,858551,0.0008569518,0,,,,
4,Chr4_858562.0,858562,0.0008569518,0,,,,
1,Chr1_26288416.0,26288416,0.0008569771,1,AT1G69830,AT1G69830,AT1G69830,0.0
3,Chr3_21474880.0,21474880,0.0008570948,0,,,,
3,Chr3_21484173.0,21484173,0.0008570948,1,AT3G58030,AT3G58030,AT3G58030,0.0
3,Chr3_21488262.0,21488262,0.0008570948,0,,,,
3,Chr3_21488638.0,21488638,0.0008570948,1,AT3G58040,AT3G58040,AT3G58040,0.0
3,Chr3_21488639.0,21488639,0.0008570948,1,AT3G58040,AT3G58040,AT3G58040,0.0
3,Chr3_21488643.0,21488643,0.0008570948,1,AT3G58040,AT3G58040,AT3G58040,0.0
3,Chr3_21489884.0,21489884,0.0008570948,1,AT3G58040,AT3G58040,AT3G58040,0.0
3,Chr3_21492300.0,21492300,0.0008570948,0,,,,
3,Chr3_21494507.0,21494507,0.0008570948,1,AT3G58050,AT3G58050,AT3G58050,0.0
1,Chr1_28138035.0,28138035,0.0008571096,1,AT1G74910,AT1G74910,AT1G74910,0.0
4,Chr4_3411760.0,3411760,0.0008572333,0,,,,
3,Chr3_19003295.0,19003295,0.0008574364,1,AT3G51150,AT3G51150,AT3G51150,0.0
1,Chr1_26001693.0,26001693,0.0008585283,0,,,,
4,Chr4_11919970.0,11919970,0.0008589202,1,AT4G22670,AT4G22670,AT4G22670,0.0
4,Chr4_11920060.0,11920060,0.0008589202,1,AT4G22670,AT4G22670,AT4G22670,0.0
1,Chr1_102344.0,102344,0.0008591619,0,,,,
4,Chr4_15381861.0,15381861,0.0008592773,0,,,,
3,Chr3_9919774.0,9919774,0.0008595054,0,,,,
5,Chr5_11456841.0,11456841,0.0008596596,0,,,,
2,Chr2_9242419.0,9242419,0.0008596933,1,AT2G21590,AT2G21590,AT2G21590,0.0
5,Chr5_10280801.0,10280801,0.0008605219,1,AT5G28290,AT5G28290,AT5G28290,0.0
5,Chr5_10280821.0,10280821,0.0008605219,1,AT5G28290,AT5G28290,AT5G28290,0.0
5,Chr5_10280852.0,10280852,0.0008605219,1,AT5G28290,AT5G28290,AT5G28290,0.0
5,Chr5_10281093.0,10281093,0.0008605219,1,AT5G28290,AT5G28290,AT5G28290,0.0
3,Chr3_15233013.0,15233013,0.0008607698,0,,,,
3,Chr3_17207402.0,17207402,0.0008610105,1,AT3G46710,AT3G46710,AT3G46710,0.0
2,Chr2_7708593.0,7708593,0.0008610506,0,,,,
4,Chr4_7791360.0,7791360,0.0008618273,0,,,,
1,Chr1_166334.0,166334,0.0008621493,0,,,,
5,Chr5_16030349.0,16030349,0.0008621793,0,,,,
5,Chr5_16030498.0,16030498,0.0008621793,0,,,,
5,Chr5_9700075.0,9700075,0.0008630229,0,,,,
2,Chr2_2946301.0,2946301,0.0008631884,0,,,,
4,Chr4_2112232.0,2112232,0.0008632867,0,,,,
5,Chr5_26433705.0,26433705,0.0008638255,1,AT5G66120,AT5G66120,AT5G66120,0.0
4,Chr4_16572192.0,16572192,0.0008642679,1,AT4G34730,AT4G34730,AT4G34730,0.0
4,Chr4_16576804.0,16576804,0.0008642679,0,,,,
4,Chr4_16604620.0,16604620,0.0008642679,1,AT4G34830,AT4G34830,AT4G34830,0.0
4,Chr4_16605815.0,16605815,0.0008642679,1,AT4G34830,AT4G34830,AT4G34830,0.0
1,Chr1_16840776.0,16840776,0.0008644531,0,,,,
1,Chr1_17449536.0,17449536,0.0008645571,0,,,,
4,Chr4_6034430.0,6034430,0.0008651904,0,,,,
4,Chr4_9079549.0,9079549,0.0008651974,0,,,,
2,Chr2_13067536.0,13067536,0.0008652042,0,,,,
2,Chr2_18339893.0,18339893,0.000865563,0,,,,
3,Chr3_3242010.0,3242010,0.0008660278,1,AT3G10420,AT3G10420,AT3G10420,0.0
5,Chr5_500439.0,500439,0.0008660986,0,,,,
2,Chr2_1485174.0,1485174,0.0008661299,0,,,,
1,Chr1_18455787.0,18455787,0.0008664112,1,AT1G49850,AT1G49850,AT1G49850,0.0
1,Chr1_18456117.0,18456117,0.0008664112,1,AT1G49850,AT1G49850,AT1G49850,0.0
4,Chr4_2007792.0,2007792,0.0008664353,0,,,,
3,Chr3_14058203.0,14058203,0.0008665056,0,,,,
3,Chr3_14065918.0,14065918,0.0008665056,0,,,,
3,Chr3_14067596.0,14067596,0.0008665056,0,,,,
3,Chr3_14067781.0,14067781,0.0008665056,0,,,,
5,Chr5_10406001.0,10406001,0.0008666866,0,,,,
5,Chr5_10418628.0,10418628,0.0008666866,0,,,,
3,Chr3_14266776.0,14266776,0.0008676442,0,,,,
3,Chr3_14266868.0,14266868,0.0008676442,0,,,,
2,Chr2_13857439.0,13857439,0.0008676617,0,,,,
5,Chr5_12065154.0,12065154,0.000867764,0,,,,
4,Chr4_15517523.0,15517523,0.0008678668,1,AT4G32120,AT4G32120,AT4G32120,0.0
2,Chr2_9201056.0,9201056,0.0008679433,1,AT2G21470,AT2G21470,AT2G21470,0.0
3,Chr3_16696096.0,16696096,0.0008681593,0,,,,
5,Chr5_11108322.0,11108322,0.0008681968,0,,,,
1,Chr1_5841966.0,5841966,0.0008682408,0,,,,
1,Chr1_18380300.0,18380300,0.0008685583,0,,,,
5,Chr5_10106028.0,10106028,0.0008687204,0,,,,
5,Chr5_4646978.0,4646978,0.0008688337,1,AT5G14410,AT5G14410,AT5G14410,0.0
4,Chr4_6216802.0,6216802,0.0008696986,0,,,,
4,Chr4_18435210.0,18435210,0.0008700669,0,,,,
1,Chr1_6276348.0,6276348,0.0008704792,0,,,,
5,Chr5_9280927.0,9280927,0.0008707162,0,,,,
5,Chr5_9290416.0,9290416,0.0008711515,0,,,,
2,Chr2_13432276.0,13432276,0.0008712292,0,,,,
3,Chr3_19625580.0,19625580,0.0008715852,1,AT3G52920,AT3G52920,AT3G52920,0.0
5,Chr5_7529017.0,7529017,0.0008718893,0,,,,
5,Chr5_7529358.0,7529358,0.0008718893,0,,,,
4,Chr4_12371838.0,12371838,0.0008720559,0,,,,
4,Chr4_12372117.0,12372117,0.0008720559,0,,,,
5,Chr5_8499091.0,8499091,0.0008726471,0,,,,
3,Chr3_14008264.0,14008264,0.0008727073,0,,,,
5,Chr5_12167902.0,12167902,0.0008727339,0,,,,
3,Chr3_19072928.0,19072928,0.0008727362,0,,,,
3,Chr3_19073734.0,19073734,0.0008727362,0,,,,
3,Chr3_16699007.0,16699007,0.0008730966,0,,,,
5,Chr5_18948957.0,18948957,0.0008736566,0,,,,
3,Chr3_11304742.0,11304742,0.0008739165,1,AT3G29410,AT3G29410,AT3G29410,0.0
1,Chr1_4598513.0,4598513,0.0008742315,1,AT1G13400,AT1G13400,AT1G13400,0.0
3,Chr3_14801684.0,14801684,0.0008744554,0,,,,
3,Chr3_8219771.0,8219771,0.0008751151,0,,,,
4,Chr4_14409003.0,14409003,0.0008757501,0,,,,
2,Chr2_6043616.0,6043616,0.0008758497,1,AT2G14260,AT2G14260,AT2G14260,0.0
2,Chr2_15372411.0,15372411,0.0008759315,0,,,,
4,Chr4_8722053.0,8722053,0.0008760179,1,AT4G15290,AT4G15290,AT4G15290,0.0
4,Chr4_6980526.0,6980526,0.0008763175,1,AT4G11490,AT4G11490,AT4G11490,0.0
5,Chr5_25465136.0,25465136,0.0008769424,1,AT5G63610,AT5G63610,AT5G63610,0.0
5,Chr5_8241445.0,8241445,0.0008770514,1,AT5G24270,AT5G24270,AT5G24270,0.0
5,Chr5_8241446.0,8241446,0.0008770514,1,AT5G24270,AT5G24270,AT5G24270,0.0
1,Chr1_1626512.0,1626512,0.0008771014,1,AT1G05500,AT1G05500,AT1G05500,0.0
1,Chr1_1630713.0,1630713,0.0008771014,1,AT1G05510,AT1G05510,AT1G05510,0.0
1,Chr1_1634944.0,1634944,0.0008771014,1,AT1G05520,AT1G05520,AT1G05520,0.0
4,Chr4_928306.0,928306,0.0008772501,0,,,,
4,Chr4_10132205.0,10132205,0.0008773526,0,,,,
4,Chr4_1603220.0,1603220,0.0008774481,0,,,,
1,Chr1_12390286.0,12390286,0.0008774631,1,AT1G34047,AT1G34047,AT1G34047,0.0
1,Chr1_12391949.0,12391949,0.0008774631,0,,,,
4,Chr4_7345159.0,7345159,0.0008775089,0,,,,
4,Chr4_544868.0,544868,0.0008779242,1,AT4G01310,AT4G01310,AT4G01310,0.0
4,Chr4_544972.0,544972,0.0008779242,1,AT4G01310,AT4G01310,AT4G01310,0.0
4,Chr4_545304.0,545304,0.0008779242,1,AT4G01310,AT4G01310,AT4G01310,0.0
4,Chr4_545504.0,545504,0.0008779242,1,AT4G01310,AT4G01310,AT4G01310,0.0
4,Chr4_545624.0,545624,0.0008779242,0,,,,
4,Chr4_545677.0,545677,0.0008779242,0,,,,
4,Chr4_546340.0,546340,0.0008779242,1,AT4G01320,AT4G01320,AT4G01320,0.0
4,Chr4_546576.0,546576,0.0008779242,1,AT4G01320,AT4G01320,AT4G01320,0.0
4,Chr4_546685.0,546685,0.0008779242,1,AT4G01320,AT4G01320,AT4G01320,0.0
4,Chr4_546910.0,546910,0.0008779242,1,AT4G01320,AT4G01320,AT4G01320,0.0
5,Chr5_5363508.0,5363508,0.0008779279,0,,,,
5,Chr5_5363557.0,5363557,0.0008779279,0,,,,
5,Chr5_5363561.0,5363561,0.0008779279,0,,,,
5,Chr5_5363593.0,5363593,0.0008779279,0,,,,
5,Chr5_5363598.0,5363598,0.0008779279,0,,,,
5,Chr5_5364460.0,5364460,0.0008779279,1,AT5G16400,AT5G16400,AT5G16400,0.0
5,Chr5_555780.0,555780,0.000878113,1,AT5G02500,AT5G02500,AT5G02500,0.0
3,Chr3_14076991.0,14076991,0.0008785601,0,,,,
2,Chr2_14897084.0,14897084,0.0008788186,1,AT2G35390,AT2G35390,AT2G35390,0.0
1,Chr1_3298197.0,3298197,0.0008788321,1,AT1G10095,AT1G10095,AT1G10095,0.0
5,Chr5_8373847.0,8373847,0.0008794396,0,,,,
3,Chr3_15215654.0,15215654,0.0008794495,0,,,,
5,Chr5_1055295.0,1055295,0.0008798047,1,AT5G03910,AT5G03910,AT5G03910,0.0
5,Chr5_1056117.0,1056117,0.0008798047,1,AT5G03910,AT5G03910,AT5G03910,0.0
5,Chr5_1056371.0,1056371,0.0008798047,1,AT5G03910,AT5G03910,AT5G03910,0.0
5,Chr5_1056459.0,1056459,0.0008798047,1,AT5G03910,AT5G03910,AT5G03910,0.0
5,Chr5_1056460.0,1056460,0.0008798047,1,AT5G03910,AT5G03910,AT5G03910,0.0
5,Chr5_1056478.0,1056478,0.0008798047,1,AT5G03910,AT5G03910,AT5G03910,0.0
5,Chr5_1056479.0,1056479,0.0008798047,1,AT5G03910,AT5G03910,AT5G03910,0.0
5,Chr5_1056483.0,1056483,0.0008798047,1,AT5G03910,AT5G03910,AT5G03910,0.0
1,Chr1_200621.0,200621,0.0008798184,1,AT1G01550,AT1G01550,AT1G01550,0.0
4,Chr4_8718128.0,8718128,0.0008799697,0,,,,
5,Chr5_26743034.0,26743034,0.0008800415,0,,,,
5,Chr5_26743035.0,26743035,0.0008800415,0,,,,
5,Chr5_26743037.0,26743037,0.0008800415,0,,,,
5,Chr5_26743039.0,26743039,0.0008800415,0,,,,
3,Chr3_16047557.0,16047557,0.0008800614,1,AT3G44400,AT3G44400,AT3G44400,0.0
1,Chr1_25722487.0,25722487,0.0008805955,0,,,,
1,Chr1_25722541.0,25722541,0.0008805955,0,,,,
1,Chr1_17195205.0,17195205,0.0008806007,0,,,,
5,Chr5_20468511.0,20468511,0.0008808643,0,,,,
5,Chr5_9151526.0,9151526,0.0008809059,1,AT5G26180,AT5G26180,AT5G26180,0.0
3,Chr3_646963.0,646963,0.0008810917,1,AT3G02900,AT3G02900,AT3G02900,0.0
1,Chr1_29488788.0,29488788,0.0008814787,0,,,,
1,Chr1_14209469.0,14209469,0.0008816576,0,,,,
1,Chr1_20562639.0,20562639,0.0008818819,1,AT1G55110,AT1G55110,AT1G55110,0.0
4,Chr4_9370306.0,9370306,0.0008819225,0,,,,
3,Chr3_22604685.0,22604685,0.0008831506,1,AT3G61070,AT3G61070,AT3G61070,0.0
4,Chr4_763848.0,763848,0.0008834463,0,,,,
5,Chr5_15417107.0,15417107,0.000883509,1,AT5G38500,AT5G38500,AT5G38500,0.0
5,Chr5_15420430.0,15420430,0.000883509,1,AT5G38510,AT5G38510,AT5G38510,0.0
2,Chr2_14270217.0,14270217,0.0008837962,1,AT2G33740,AT2G33740,AT2G33740,0.0
3,Chr3_15116608.0,15116608,0.0008840362,0,,,,
2,Chr2_6111089.0,6111089,0.0008841514,1,AT2G14390,AT2G14390,AT2G14390,0.0
4,Chr4_9924571.0,9924571,0.0008841524,0,,,,
5,Chr5_19021693.0,19021693,0.0008841857,0,,,,
5,Chr5_19021909.0,19021909,0.0008841857,0,,,,
3,Chr3_22742472.0,22742472,0.0008845244,0,,,,
5,Chr5_9442262.0,9442262,0.0008845311,0,,,,
5,Chr5_9442270.0,9442270,0.0008845311,0,,,,
1,Chr1_2637913.0,2637913,0.0008847693,1,AT1G08360,AT1G08360,AT1G08360,0.0
2,Chr2_18593985.0,18593985,0.0008851151,0,,,,
2,Chr2_18594268.0,18594268,0.0008851151,0,,,,
2,Chr2_18594970.0,18594970,0.0008851151,0,,,,
2,Chr2_18595091.0,18595091,0.0008851151,0,,,,
4,Chr4_10854240.0,10854240,0.0008852191,0,,,,
4,Chr4_10855060.0,10855060,0.0008852191,1,AT4G20060,AT4G20060,AT4G20060,0.0
4,Chr4_10857377.0,10857377,0.0008852191,1,AT4G20060,AT4G20060,AT4G20060,0.0
1,Chr1_16155628.0,16155628,0.0008864963,1,AT1G43020,AT1G43020,AT1G43020,0.0
2,Chr2_9509589.0,9509589,0.0008865794,1,AT2G22410,AT2G22410,AT2G22410,0.0
4,Chr4_17091940.0,17091940,0.0008868893,0,,,,
2,Chr2_11056665.0,11056665,0.0008871997,0,,,,
4,Chr4_6443948.0,6443948,0.0008872355,0,,,,
2,Chr2_2656233.0,2656233,0.000887536,0,,,,
2,Chr2_2656278.0,2656278,0.000887536,0,,,,
1,Chr1_12392386.0,12392386,0.000888604,0,,,,
4,Chr4_817621.0,817621,0.0008886372,1,AT4G01890,AT4G01890,AT4G01890,0.0
1,Chr1_18297560.0,18297560,0.0008895306,0,,,,
1,Chr1_15622718.0,15622718,0.0008895755,0,,,,
2,Chr2_2226055.0,2226055,0.0008900898,0,,,,
5,Chr5_17135412.0,17135412,0.0008902834,0,,,,
3,Chr3_14066179.0,14066179,0.0008905511,0,,,,
3,Chr3_20577870.0,20577870,0.0008905902,0,,,,
4,Chr4_773723.0,773723,0.0008905963,1,AT4G01800,AT4G01800,AT4G01800,0.0
5,Chr5_11424886.0,11424886,0.0008907411,0,,,,
1,Chr1_23451602.0,23451602,0.0008908693,1,AT1G63230,AT1G63230,AT1G63230,0.0
5,Chr5_25968639.0,25968639,0.0008910291,0,,,,
1,Chr1_26930642.0,26930642,0.0008913025,0,,,,
1,Chr1_4648771.0,4648771,0.000892354,0,,,,
5,Chr5_13975698.0,13975698,0.000892504,0,,,,
5,Chr5_14976847.0,14976847,0.0008927751,0,,,,
5,Chr5_26530892.0,26530892,0.0008928411,1,AT5G66440,AT5G66440,AT5G66440,0.0
5,Chr5_26530916.0,26530916,0.0008928411,1,AT5G66440,AT5G66440,AT5G66440,0.0
5,Chr5_26530952.0,26530952,0.0008928411,1,AT5G66440,AT5G66440,AT5G66440,0.0
5,Chr5_26530959.0,26530959,0.0008928411,1,AT5G66440,AT5G66440,AT5G66440,0.0
5,Chr5_26530985.0,26530985,0.0008928411,1,AT5G66440,AT5G66440,AT5G66440,0.0
5,Chr5_26531512.0,26531512,0.0008928411,0,,,,
5,Chr5_26531619.0,26531619,0.0008928411,0,,,,
5,Chr5_26531628.0,26531628,0.0008928411,0,,,,
5,Chr5_26531857.0,26531857,0.0008928411,0,,,,
5,Chr5_2847192.0,2847192,0.0008934965,1,AT5G08730,AT5G08730,AT5G08730,0.0
2,Chr2_14132623.0,14132623,0.0008935864,0,,,,
2,Chr2_10240921.0,10240921,0.0008944528,0,,,,
2,Chr2_10241663.0,10241663,0.0008944528,0,,,,
5,Chr5_931160.0,931160,0.0008944641,0,,,,
2,Chr2_6035784.0,6035784,0.000894565,0,,,,
4,Chr4_15941691.0,15941691,0.0008949711,0,,,,
5,Chr5_9699785.0,9699785,0.0008949831,0,,,,
1,Chr1_24422960.0,24422960,0.0008951369,1,AT1G65670,AT1G65670,AT1G65670,0.0
1,Chr1_24422978.0,24422978,0.0008951369,1,AT1G65670,AT1G65670,AT1G65670,0.0
1,Chr1_24423004.0,24423004,0.0008951369,1,AT1G65670,AT1G65670,AT1G65670,0.0
1,Chr1_24423012.0,24423012,0.0008951369,1,AT1G65670,AT1G65670,AT1G65670,0.0
1,Chr1_24423032.0,24423032,0.0008951369,1,AT1G65670,AT1G65670,AT1G65670,0.0
1,Chr1_24423033.0,24423033,0.0008951369,1,AT1G65670,AT1G65670,AT1G65670,0.0
1,Chr1_24423037.0,24423037,0.0008951369,1,AT1G65670,AT1G65670,AT1G65670,0.0
1,Chr1_24423043.0,24423043,0.0008951369,1,AT1G65670,AT1G65670,AT1G65670,0.0
1,Chr1_24423054.0,24423054,0.0008951369,1,AT1G65670,AT1G65670,AT1G65670,0.0
1,Chr1_24423067.0,24423067,0.0008951369,1,AT1G65670,AT1G65670,AT1G65670,0.0
1,Chr1_24423113.0,24423113,0.0008951369,1,AT1G65670,AT1G65670,AT1G65670,0.0
5,Chr5_11418672.0,11418672,0.0008966343,0,,,,
2,Chr2_12918109.0,12918109,0.0008968991,0,,,,
2,Chr2_12918113.0,12918113,0.0008968991,0,,,,
2,Chr2_12918124.0,12918124,0.0008968991,0,,,,
2,Chr2_12918140.0,12918140,0.0008968991,0,,,,
2,Chr2_12918145.0,12918145,0.0008968991,0,,,,
3,Chr3_6331888.0,6331888,0.0008970588,1,AT3G18450,AT3G18450,AT3G18450,0.0
5,Chr5_19022349.0,19022349,0.0008972695,0,,,,
2,Chr2_3662002.0,3662002,0.0008982471,0,,,,
2,Chr2_7486329.0,7486329,0.0008983609,1,AT2G17210,AT2G17210,AT2G17210,0.0
5,Chr5_9152064.0,9152064,0.0008983655,1,AT5G26180,AT5G26180,AT5G26180,0.0
5,Chr5_9152067.0,9152067,0.0008983655,1,AT5G26180,AT5G26180,AT5G26180,0.0
5,Chr5_9152113.0,9152113,0.0008983655,1,AT5G26180,AT5G26180,AT5G26180,0.0
5,Chr5_9152114.0,9152114,0.0008983655,1,AT5G26180,AT5G26180,AT5G26180,0.0
5,Chr5_9152128.0,9152128,0.0008983655,1,AT5G26180,AT5G26180,AT5G26180,0.0
5,Chr5_9152179.0,9152179,0.0008983655,1,AT5G26180,AT5G26180,AT5G26180,0.0
5,Chr5_9152191.0,9152191,0.0008983655,1,AT5G26180,AT5G26180,AT5G26180,0.0
5,Chr5_9152197.0,9152197,0.0008983655,1,AT5G26180,AT5G26180,AT5G26180,0.0
5,Chr5_9152201.0,9152201,0.0008983655,1,AT5G26180,AT5G26180,AT5G26180,0.0
5,Chr5_9152218.0,9152218,0.0008983655,1,AT5G26180,AT5G26180,AT5G26180,0.0
5,Chr5_9152265.0,9152265,0.0008983655,1,AT5G26180,AT5G26180,AT5G26180,0.0
5,Chr5_9152280.0,9152280,0.0008983655,1,AT5G26180,AT5G26180,AT5G26180,0.0
5,Chr5_9152307.0,9152307,0.0008983655,1,AT5G26180,AT5G26180,AT5G26180,0.0
5,Chr5_9152311.0,9152311,0.0008983655,1,AT5G26180,AT5G26180,AT5G26180,0.0
5,Chr5_9152322.0,9152322,0.0008983655,1,AT5G26180,AT5G26180,AT5G26180,0.0
5,Chr5_9152323.0,9152323,0.0008983655,1,AT5G26180,AT5G26180,AT5G26180,0.0
5,Chr5_9152325.0,9152325,0.0008983655,1,AT5G26180,AT5G26180,AT5G26180,0.0
5,Chr5_9152364.0,9152364,0.0008983655,1,AT5G26180,AT5G26180,AT5G26180,0.0
5,Chr5_9152365.0,9152365,0.0008983655,1,AT5G26180,AT5G26180,AT5G26180,0.0
1,Chr1_25984481.0,25984481,0.0008987102,1,AT1G69120,AT1G69120,AT1G69120,0.0
5,Chr5_9054634.0,9054634,0.0008987991,1,AT5G25940,AT5G25940,AT5G25940,0.0
4,Chr4_761712.0,761712,0.0008992469,0,,,,
5,Chr5_14646156.0,14646156,0.0008993817,0,,,,
5,Chr5_4076485.0,4076485,0.0009000191,0,,,,
5,Chr5_4078479.0,4078479,0.0009000191,1,AT5G12920,AT5G12920,AT5G12920,0.0
5,Chr5_4078632.0,4078632,0.0009000191,1,AT5G12920,AT5G12920,AT5G12920,0.0
1,Chr1_18883293.0,18883293,0.0009002985,1,AT1G50950,AT1G50950,AT1G50950,0.0
2,Chr2_17241651.0,17241651,0.0009008372,0,,,,
1,Chr1_10827675.0,10827675,0.0009010394,0,,,,
1,Chr1_10841971.0,10841971,0.0009010394,1,AT1G30600,AT1G30600,AT1G30600,0.0
1,Chr1_10844257.0,10844257,0.0009010394,1,AT1G30600,AT1G30600,AT1G30600,0.0
1,Chr1_494725.0,494725,0.0009011303,1,AT1G02420,AT1G02420,AT1G02420,0.0
1,Chr1_495988.0,495988,0.0009011303,1,AT1G02430,AT1G02430,AT1G02430,0.0
1,Chr1_54811.0,54811,0.0009014876,0,,,,
1,Chr1_19566270.0,19566270,0.0009016994,1,AT1G52520,AT1G52520,AT1G52520,0.0
1,Chr1_19566690.0,19566690,0.0009016994,1,AT1G52520,AT1G52520,AT1G52520,0.0
1,Chr1_19567866.0,19567866,0.0009016994,1,AT1G52520,AT1G52520,AT1G52520,0.0
1,Chr1_19568062.0,19568062,0.0009016994,1,AT1G52520,AT1G52520,AT1G52520,0.0
1,Chr1_19568080.0,19568080,0.0009016994,1,AT1G52520,AT1G52520,AT1G52520,0.0
1,Chr1_19568135.0,19568135,0.0009016994,1,AT1G52520,AT1G52520,AT1G52520,0.0
1,Chr1_19568170.0,19568170,0.0009016994,1,AT1G52520,AT1G52520,AT1G52520,0.0
1,Chr1_19568185.0,19568185,0.0009016994,1,AT1G52520,AT1G52520,AT1G52520,0.0
1,Chr1_19568188.0,19568188,0.0009016994,1,AT1G52520,AT1G52520,AT1G52520,0.0
1,Chr1_19568404.0,19568404,0.0009016994,0,,,,
1,Chr1_19568465.0,19568465,0.0009016994,0,,,,
1,Chr1_19568499.0,19568499,0.0009016994,0,,,,
1,Chr1_19568834.0,19568834,0.0009016994,1,AT1G52530,AT1G52530,AT1G52530,0.0
1,Chr1_19568865.0,19568865,0.0009016994,1,AT1G52530,AT1G52530,AT1G52530,0.0
1,Chr1_19568933.0,19568933,0.0009016994,1,AT1G52530,AT1G52530,AT1G52530,0.0
1,Chr1_19568937.0,19568937,0.0009016994,1,AT1G52530,AT1G52530,AT1G52530,0.0
1,Chr1_19568960.0,19568960,0.0009016994,1,AT1G52530,AT1G52530,AT1G52530,0.0
1,Chr1_19568964.0,19568964,0.0009016994,1,AT1G52530,AT1G52530,AT1G52530,0.0
1,Chr1_19568965.0,19568965,0.0009016994,1,AT1G52530,AT1G52530,AT1G52530,0.0
1,Chr1_19568991.0,19568991,0.0009016994,1,AT1G52530,AT1G52530,AT1G52530,0.0
1,Chr1_19569053.0,19569053,0.0009016994,1,AT1G52530,AT1G52530,AT1G52530,0.0
1,Chr1_19569065.0,19569065,0.0009016994,1,AT1G52530,AT1G52530,AT1G52530,0.0
1,Chr1_20023292.0,20023292,0.0009019716,1,AT1G53640,AT1G53640,AT1G53640,0.0
4,Chr4_2104211.0,2104211,0.0009027521,0,,,,
2,Chr2_2066880.0,2066880,0.0009028,0,,,,
1,Chr1_12587434.0,12587434,0.0009029784,1,AT1G34420,AT1G34420,AT1G34420,0.0
5,Chr5_6288433.0,6288433,0.0009037428,0,,,,
3,Chr3_17817447.0,17817447,0.0009038698,1,AT3G48190,AT3G48190,AT3G48190,0.0
5,Chr5_9143709.0,9143709,0.0009039929,1,AT5G26160,AT5G26160,AT5G26160,0.0
5,Chr5_9143718.0,9143718,0.0009039929,1,AT5G26160,AT5G26160,AT5G26160,0.0
5,Chr5_9143727.0,9143727,0.0009039929,1,AT5G26160,AT5G26160,AT5G26160,0.0
5,Chr5_9143742.0,9143742,0.0009039929,1,AT5G26160,AT5G26160,AT5G26160,0.0
5,Chr5_9143745.0,9143745,0.0009039929,1,AT5G26160,AT5G26160,AT5G26160,0.0
5,Chr5_9143763.0,9143763,0.0009039929,1,AT5G26160,AT5G26160,AT5G26160,0.0
5,Chr5_9143767.0,9143767,0.0009039929,1,AT5G26160,AT5G26160,AT5G26160,0.0
5,Chr5_9143802.0,9143802,0.0009039929,1,AT5G26160,AT5G26160,AT5G26160,0.0
5,Chr5_9143803.0,9143803,0.0009039929,1,AT5G26160,AT5G26160,AT5G26160,0.0
5,Chr5_9143808.0,9143808,0.0009039929,1,AT5G26160,AT5G26160,AT5G26160,0.0
5,Chr5_9143811.0,9143811,0.0009039929,1,AT5G26160,AT5G26160,AT5G26160,0.0
5,Chr5_9143826.0,9143826,0.0009039929,1,AT5G26160,AT5G26160,AT5G26160,0.0
1,Chr1_11291255.0,11291255,0.0009040301,1,AT1G31540,AT1G31540,AT1G31540,0.0
1,Chr1_11291256.0,11291256,0.0009040301,1,AT1G31540,AT1G31540,AT1G31540,0.0
3,Chr3_22619131.0,22619131,0.0009041207,1,AT3G61120,AT3G61120,AT3G61120,0.0
3,Chr3_12475053.0,12475053,0.0009044109,0,,,,
1,Chr1_19903076.0,19903076,0.0009053096,1,AT1G53345,AT1G53345,AT1G53345,0.0
3,Chr3_11308100.0,11308100,0.0009053592,0,,,,
2,Chr2_13328143.0,13328143,0.0009055262,0,,,,
1,Chr1_25414990.0,25414990,0.0009056675,1,AT1G67780,AT1G67780,AT1G67780,0.0
1,Chr1_25416837.0,25416837,0.0009056675,1,AT1G67785,AT1G67785,AT1G67785,0.0
3,Chr3_17853161.0,17853161,0.0009060712,1,AT3G48220,AT3G48220,AT3G48220,0.0
5,Chr5_16993206.0,16993206,0.0009062784,0,,,,
2,Chr2_13404511.0,13404511,0.0009064091,0,,,,
3,Chr3_14792839.0,14792839,0.0009068811,0,,,,
5,Chr5_9757937.0,9757937,0.0009073372,0,,,,
2,Chr2_2353184.0,2353184,0.0009074481,1,AT2G06040,AT2G06040,AT2G06040,0.0
3,Chr3_14934956.0,14934956,0.0009078139,0,,,,
4,Chr4_10647245.0,10647245,0.0009079183,0,,,,
4,Chr4_10647248.0,10647248,0.0009079183,0,,,,
5,Chr5_22872367.0,22872367,0.0009080442,1,AT5G56490,AT5G56490,AT5G56490,0.0
3,Chr3_2338469.0,2338469,0.0009081925,1,AT3G07330,AT3G07330,AT3G07330,0.0
2,Chr2_2201854.0,2201854,0.0009082796,0,,,,
4,Chr4_8755509.0,8755509,0.0009085233,1,AT4G15340,AT4G15340,AT4G15340,0.0
2,Chr2_8034515.0,8034515,0.0009086188,1,AT2G18520,AT2G18520,AT2G18520,0.0
2,Chr2_8038725.0,8038725,0.0009086188,0,,,,
1,Chr1_9065484.0,9065484,0.0009088359,0,,,,
2,Chr2_9798452.0,9798452,0.0009089313,0,,,,
3,Chr3_15649132.0,15649132,0.0009089996,0,,,,
4,Chr4_7104924.0,7104924,0.0009095987,1,AT4G11810,AT4G11810,AT4G11810,0.0
5,Chr5_22228722.0,22228722,0.0009096177,1,AT5G54710,AT5G54710,AT5G54710,0.0
5,Chr5_21666047.0,21666047,0.0009097221,0,,,,
5,Chr5_21668530.0,21668530,0.0009097221,0,,,,
5,Chr5_21670254.0,21670254,0.0009097221,0,,,,
2,Chr2_17166572.0,17166572,0.0009102037,0,,,,
4,Chr4_2103989.0,2103989,0.0009104466,0,,,,
3,Chr3_15366214.0,15366214,0.0009105869,0,,,,
1,Chr1_18088251.0,18088251,0.0009107626,0,,,,
5,Chr5_24890503.0,24890503,0.0009109451,1,AT5G61970,AT5G61970,AT5G61970,0.0
1,Chr1_21389996.0,21389996,0.0009110351,0,,,,
3,Chr3_15596379.0,15596379,0.0009112245,0,,,,
3,Chr3_19509926.0,19509926,0.0009115364,0,,,,
3,Chr3_19510242.0,19510242,0.0009115364,0,,,,
5,Chr5_24581711.0,24581711,0.0009117575,1,AT5G61110,AT5G61110,AT5G61110,0.0
1,Chr1_29360522.0,29360522,0.0009119174,0,,,,
1,Chr1_10749621.0,10749621,0.0009122981,1,AT1G30420,AT1G30420,AT1G30420,0.0
1,Chr1_10754707.0,10754707,0.0009122981,1,AT1G30420,AT1G30420,AT1G30420,0.0
1,Chr1_18474014.0,18474014,0.0009126218,1,AT1G49900,AT1G49900,AT1G49900,0.0
1,Chr1_21941652.0,21941652,0.0009133219,1,AT1G59720,AT1G59720,AT1G59720,0.0
5,Chr5_17955521.0,17955521,0.0009135342,0,,,,
3,Chr3_6729354.0,6729354,0.0009136472,0,,,,
5,Chr5_13773311.0,13773311,0.0009137017,0,,,,
5,Chr5_13316616.0,13316616,0.0009137032,0,,,,
5,Chr5_13317005.0,13317005,0.0009137032,0,,,,
5,Chr5_13318667.0,13318667,0.0009137032,0,,,,
4,Chr4_8722353.0,8722353,0.000914146,1,AT4G15290,AT4G15290,AT4G15290,0.0
1,Chr1_9286152.0,9286152,0.0009141947,1,AT1G26800,AT1G26800,AT1G26800,0.0
5,Chr5_9921235.0,9921235,0.0009142021,0,,,,
5,Chr5_48465.0,48465,0.0009142079,1,AT5G01130,AT5G01130,AT5G01130,0.0
5,Chr5_26742878.0,26742878,0.0009145296,0,,,,
5,Chr5_15392752.0,15392752,0.0009150711,0,,,,
5,Chr5_15394502.0,15394502,0.0009150711,1,AT5G38450,AT5G38450,AT5G38450,0.0
5,Chr5_15402886.0,15402886,0.0009150711,0,,,,
5,Chr5_15404209.0,15404209,0.0009150711,0,,,,
5,Chr5_15408007.0,15408007,0.0009150711,0,,,,
5,Chr5_15408172.0,15408172,0.0009150711,0,,,,
5,Chr5_15411730.0,15411730,0.0009150711,1,AT5G38490,AT5G38490,AT5G38490,0.0
5,Chr5_15416788.0,15416788,0.0009150711,1,AT5G38500,AT5G38500,AT5G38500,0.0
5,Chr5_15427628.0,15427628,0.0009150711,1,AT5G38540,AT5G38540,AT5G38540,0.0
1,Chr1_27611378.0,27611378,0.0009156086,1,AT1G73440,AT1G73440,AT1G73440,0.0
5,Chr5_11000719.0,11000719,0.0009160385,0,,,,
1,Chr1_99677.0,99677,0.000916186,0,,,,
2,Chr2_2339651.0,2339651,0.0009167494,0,,,,
2,Chr2_781018.0,781018,0.0009172456,0,,,,
5,Chr5_15436070.0,15436070,0.0009174228,0,,,,
5,Chr5_11582046.0,11582046,0.0009174836,0,,,,
1,Chr1_29955748.0,29955748,0.0009187912,1,AT1G79610,AT1G79610,AT1G79610,0.0
1,Chr1_25915475.0,25915475,0.0009188213,1,AT1G68920,AT1G68920,AT1G68920,0.0
2,Chr2_9163086.0,9163086,0.0009194417,1,AT2G21410,AT2G21410,AT2G21410,0.0
5,Chr5_9662032.0,9662032,0.0009195468,1,AT5G27360,AT5G27360,AT5G27360,0.0
2,Chr2_9196433.0,9196433,0.0009197923,0,,,,
3,Chr3_10204436.0,10204436,0.0009200023,0,,,,
2,Chr2_17356706.0,17356706,0.0009202033,1,AT2G41630,AT2G41630,AT2G41630,0.0
2,Chr2_17356707.0,17356707,0.0009202033,1,AT2G41630,AT2G41630,AT2G41630,0.0
3,Chr3_20437249.0,20437249,0.00092031,0,,,,
1,Chr1_17199238.0,17199238,0.000920908,0,,,,
2,Chr2_2398938.0,2398938,0.0009212178,0,,,,
1,Chr1_11618140.0,11618140,0.0009217946,0,,,,
2,Chr2_13431548.0,13431548,0.0009218476,1,AT2G31540,AT2G31540,AT2G31540,0.0
1,Chr1_14053297.0,14053297,0.0009220402,0,,,,
2,Chr2_7434544.0,7434544,0.0009220582,0,,,,
5,Chr5_26813072.0,26813072,0.0009224843,0,,,,
5,Chr5_24113755.0,24113755,0.0009227309,1,AT5G59860,AT5G59860,AT5G59860,0.0
4,Chr4_17526405.0,17526405,0.0009228138,0,,,,
5,Chr5_25537612.0,25537612,0.0009229171,1,AT5G63810,AT5G63810,AT5G63810,0.0
3,Chr3_12279234.0,12279234,0.0009231009,0,,,,
4,Chr4_9143497.0,9143497,0.0009234644,1,AT4G16146,AT4G16146,AT4G16146,0.0
5,Chr5_254209.0,254209,0.0009235762,1,AT5G01680,AT5G01680,AT5G01680,0.0
5,Chr5_12940808.0,12940808,0.0009236017,0,,,,
5,Chr5_16663804.0,16663804,0.0009240302,0,,,,
4,Chr4_4154934.0,4154934,0.0009240309,0,,,,
1,Chr1_923963.0,923963,0.0009243968,1,AT1G03710,AT1G03710,AT1G03710,0.0
1,Chr1_924799.0,924799,0.0009243968,0,,,,
1,Chr1_927699.0,927699,0.0009243968,0,,,,
5,Chr5_22834079.0,22834079,0.0009247304,1,AT5G56368,AT5G56368,AT5G56368,0.0
3,Chr3_3485813.0,3485813,0.0009251732,1,AT3G11130,AT3G11130,AT3G11130,0.0
3,Chr3_3495128.0,3495128,0.0009251732,0,,,,
3,Chr3_8978687.0,8978687,0.0009254041,0,,,,
3,Chr3_18456486.0,18456486,0.0009260243,0,,,,
2,Chr2_5136373.0,5136373,0.0009264067,0,,,,
2,Chr2_5136384.0,5136384,0.0009264067,0,,,,
4,Chr4_2811473.0,2811473,0.0009265188,0,,,,
2,Chr2_6395026.0,6395026,0.0009280619,0,,,,
4,Chr4_15076503.0,15076503,0.0009283623,1,AT4G30975,AT4G30975,AT4G30975,0.0
2,Chr2_13439892.0,13439892,0.000928523,0,,,,
2,Chr2_13440120.0,13440120,0.000928523,0,,,,
2,Chr2_13440259.0,13440259,0.000928523,0,,,,
2,Chr2_13443260.0,13443260,0.000928523,1,AT2G31580,AT2G31580,AT2G31580,0.0
2,Chr2_13443271.0,13443271,0.000928523,1,AT2G31580,AT2G31580,AT2G31580,0.0
1,Chr1_26525717.0,26525717,0.0009286177,0,,,,
3,Chr3_5787034.0,5787034,0.000928853,1,AT3G16950,AT3G16950,AT3G16950,0.0
3,Chr3_5788436.0,5788436,0.000928853,1,AT3G16950,AT3G16950,AT3G16950,0.0
3,Chr3_20353635.0,20353635,0.0009289579,0,,,,
5,Chr5_2440354.0,2440354,0.0009289938,0,,,,
2,Chr2_2155514.0,2155514,0.0009291615,0,,,,
4,Chr4_7226724.0,7226724,0.0009292496,0,,,,
1,Chr1_19732933.0,19732933,0.0009297832,0,,,,
1,Chr1_8321638.0,8321638,0.0009300605,0,,,,
1,Chr1_8321639.0,8321639,0.0009300605,0,,,,
1,Chr1_8321642.0,8321642,0.0009300605,0,,,,
5,Chr5_14019175.0,14019175,0.0009301172,0,,,,
5,Chr5_14191373.0,14191373,0.0009301747,0,,,,
1,Chr1_15742207.0,15742207,0.0009305361,0,,,,
1,Chr1_17451885.0,17451885,0.0009305573,1,AT1G47530,AT1G47530,AT1G47530,0.0
1,Chr1_7828572.0,7828572,0.0009310015,1,AT1G22180,AT1G22180,AT1G22180,0.0
1,Chr1_7828927.0,7828927,0.0009310015,1,AT1G22180,AT1G22180,AT1G22180,0.0
1,Chr1_7832558.0,7832558,0.0009310015,0,,,,
1,Chr1_19684516.0,19684516,0.0009310849,0,,,,
4,Chr4_9378452.0,9378452,0.0009311734,1,AT4G16660,AT4G16660,AT4G16660,0.0
1,Chr1_26614199.0,26614199,0.0009316284,1,AT1G70580,AT1G70580,AT1G70580,0.0
2,Chr2_9940139.0,9940139,0.0009319027,0,,,,
1,Chr1_492709.0,492709,0.0009324138,1,AT1G02410,AT1G02410,AT1G02410,0.0
5,Chr5_12576761.0,12576761,0.000932509,0,,,,
3,Chr3_18435449.0,18435449,0.0009328458,1,AT3G49700,AT3G49700,AT3G49700,0.0
5,Chr5_16409653.0,16409653,0.0009337872,0,,,,
2,Chr2_9209811.0,9209811,0.0009338398,1,AT2G21500,AT2G21500,AT2G21500,0.0
2,Chr2_9209926.0,9209926,0.0009338398,1,AT2G21500,AT2G21500,AT2G21500,0.0
3,Chr3_16773291.0,16773291,0.0009342138,0,,,,
4,Chr4_12131587.0,12131587,0.0009344188,1,AT4G23160,AT4G23160,AT4G23160,0.0
5,Chr5_11735054.0,11735054,0.0009345895,0,,,,
5,Chr5_12015518.0,12015518,0.0009351791,0,,,,
5,Chr5_12015519.0,12015519,0.0009351791,0,,,,
4,Chr4_1283237.0,1283237,0.000935462,0,,,,
4,Chr4_15714514.0,15714514,0.0009355732,1,AT4G32560,AT4G32560,AT4G32560,0.0
5,Chr5_14017456.0,14017456,0.0009356956,0,,,,
1,Chr1_16188386.0,16188386,0.0009357814,0,,,,
5,Chr5_8197292.0,8197292,0.0009363397,0,,,,
5,Chr5_8197367.0,8197367,0.0009363397,0,,,,
5,Chr5_8197564.0,8197564,0.0009363397,0,,,,
5,Chr5_8197909.0,8197909,0.0009363397,0,,,,
5,Chr5_25413762.0,25413762,0.0009364928,1,AT5G63460,AT5G63460,AT5G63460,0.0
1,Chr1_4315957.0,4315957,0.0009365854,0,,,,
1,Chr1_4316018.0,4316018,0.0009365854,0,,,,
4,Chr4_11643401.0,11643401,0.0009368985,1,AT4G21940,AT4G21940,AT4G21940,0.0
4,Chr4_11643404.0,11643404,0.0009368985,1,AT4G21940,AT4G21940,AT4G21940,0.0
1,Chr1_12234079.0,12234079,0.0009369679,1,AT1G33750,AT1G33750,AT1G33750,0.0
1,Chr1_9470926.0,9470926,0.0009373742,1,AT1G27260,AT1G27260,AT1G27260,0.0
3,Chr3_3360763.0,3360763,0.0009376332,0,,,,
2,Chr2_655678.0,655678,0.000937767,0,,,,
3,Chr3_14012850.0,14012850,0.0009383084,0,,,,
2,Chr2_52361.0,52361,0.0009387944,0,,,,
4,Chr4_15351747.0,15351747,0.0009389637,1,AT4G31710,AT4G31710,AT4G31710,0.0
4,Chr4_6901376.0,6901376,0.0009391457,0,,,,
5,Chr5_17460457.0,17460457,0.0009392563,1,AT5G43460,AT5G43460,AT5G43460,0.0
4,Chr4_2557943.0,2557943,0.0009396963,0,,,,
5,Chr5_3893480.0,3893480,0.0009397835,0,,,,
1,Chr1_9409581.0,9409581,0.0009400929,1,AT1G27100,AT1G27100,AT1G27100,0.0
4,Chr4_17527563.0,17527563,0.0009403725,0,,,,
5,Chr5_26415275.0,26415275,0.0009404035,0,,,,
2,Chr2_90361.0,90361,0.0009405121,1,AT2G01130,AT2G01130,AT2G01130,0.0
2,Chr2_91510.0,91510,0.0009405121,1,AT2G01130,AT2G01130,AT2G01130,0.0
3,Chr3_15638643.0,15638643,0.0009405793,0,,,,
1,Chr1_15648231.0,15648231,0.0009407289,0,,,,
1,Chr1_15648499.0,15648499,0.0009407289,0,,,,
5,Chr5_5834523.0,5834523,0.0009412982,0,,,,
3,Chr3_10461040.0,10461040,0.0009418297,0,,,,
5,Chr5_9197864.0,9197864,0.0009421827,1,AT5G26250,AT5G26250,AT5G26250,0.0
2,Chr2_9445399.0,9445399,0.000942498,0,,,,
4,Chr4_7840778.0,7840778,0.0009426832,0,,,,
5,Chr5_2495553.0,2495553,0.0009431238,1,AT5G07810,AT5G07810,AT5G07810,0.0
4,Chr4_2232406.0,2232406,0.0009431749,1,AT4G04490,AT4G04490,AT4G04490,0.0
3,Chr3_8657987.0,8657987,0.0009434339,1,AT3G23960,AT3G23960,AT3G23960,0.0
4,Chr4_2371848.0,2371848,0.0009437681,1,AT4G04670,AT4G04670,AT4G04670,0.0
1,Chr1_59565.0,59565,0.0009444298,0,,,,
5,Chr5_13732475.0,13732475,0.0009447215,0,,,,
3,Chr3_18992983.0,18992983,0.0009450012,0,,,,
5,Chr5_26913253.0,26913253,0.000945236,1,AT5G67440,AT5G67440,AT5G67440,0.0
1,Chr1_2021199.0,2021199,0.0009454015,1,AT1G06590,AT1G06590,AT1G06590,0.0
1,Chr1_2065781.0,2065781,0.0009454015,1,AT1G06720,AT1G06720,AT1G06720,0.0
4,Chr4_8633528.0,8633528,0.0009461991,0,,,,
5,Chr5_740166.0,740166,0.0009463542,0,,,,
5,Chr5_6327432.0,6327432,0.0009463789,1,AT5G18940,AT5G18940,AT5G18940,0.0
3,Chr3_5802752.0,5802752,0.0009465814,1,AT3G17020,AT3G17020,AT3G17020,0.0
3,Chr3_9785939.0,9785939,0.0009476902,0,,,,
2,Chr2_1623576.0,1623576,0.0009477139,1,AT2G04650,AT2G04650,AT2G04650,0.0
5,Chr5_2488627.0,2488627,0.0009477954,1,AT5G07800,AT5G07800,AT5G07800,0.0
1,Chr1_18755621.0,18755621,0.0009483855,0,,,,
4,Chr4_18333311.0,18333311,0.0009485869,1,AT4G39410,AT4G39410,AT4G39410,0.0
1,Chr1_19825174.0,19825174,0.0009486269,0,,,,
1,Chr1_19282620.0,19282620,0.0009490244,1,AT1G51900,AT1G51900,AT1G51900,0.0
5,Chr5_500350.0,500350,0.0009492028,0,,,,
5,Chr5_500387.0,500387,0.0009492028,0,,,,
5,Chr5_500391.0,500391,0.0009492028,0,,,,
4,Chr4_1835569.0,1835569,0.0009509506,0,,,,
3,Chr3_840948.0,840948,0.0009510626,0,,,,
4,Chr4_945236.0,945236,0.0009511467,1,AT4G02130,AT4G02130,AT4G02130,0.0
5,Chr5_1191125.0,1191125,0.0009511529,0,,,,
5,Chr5_14043264.0,14043264,0.000951583,0,,,,
1,Chr1_55576.0,55576,0.0009518475,0,,,,
1,Chr1_904214.0,904214,0.0009520183,0,,,,
2,Chr2_12791292.0,12791292,0.0009520238,0,,,,
2,Chr2_12791293.0,12791293,0.0009520238,0,,,,
3,Chr3_11134604.0,11134604,0.0009525575,0,,,,
3,Chr3_15762704.0,15762704,0.0009525713,1,AT3G43930,AT3G43930,AT3G43930,0.0
3,Chr3_15763537.0,15763537,0.0009525713,0,,,,
3,Chr3_15764170.0,15764170,0.0009525713,0,,,,
3,Chr3_15765724.0,15765724,0.0009525713,0,,,,
5,Chr5_1074089.0,1074089,0.000952577,0,,,,
1,Chr1_1663868.0,1663868,0.0009528947,1,AT1G05577,AT1G05577,AT1G05577,0.0
3,Chr3_16145337.0,16145337,0.0009532809,0,,,,
5,Chr5_9360664.0,9360664,0.0009533568,1,AT5G26617,AT5G26617,AT5G26617,0.0
3,Chr3_20493128.0,20493128,0.0009543853,0,,,,
5,Chr5_12594733.0,12594733,0.0009544346,1,AT5G33340,AT5G33340,AT5G33340,0.0
5,Chr5_12597539.0,12597539,0.0009544346,0,,,,
5,Chr5_12599433.0,12599433,0.0009544346,1,AT5G33355,AT5G33355,AT5G33355,0.0
5,Chr5_12601423.0,12601423,0.0009544346,0,,,,
5,Chr5_12601451.0,12601451,0.0009544346,0,,,,
2,Chr2_9218406.0,9218406,0.0009546673,1,AT2G21520,AT2G21520,AT2G21520,0.0
3,Chr3_19645874.0,19645874,0.0009548571,1,AT3G52980,AT3G52980,AT3G52980,0.0
5,Chr5_12056298.0,12056298,0.000954988,0,,,,
5,Chr5_17954182.0,17954182,0.0009554265,0,,,,
1,Chr1_29782703.0,29782703,0.0009555488,0,,,,
2,Chr2_5394694.0,5394694,0.0009555971,0,,,,
5,Chr5_5437201.0,5437201,0.0009560895,0,,,,
5,Chr5_10273635.0,10273635,0.000956484,0,,,,
3,Chr3_8847934.0,8847934,0.0009565874,0,,,,
4,Chr4_15947435.0,15947435,0.0009566592,0,,,,
5,Chr5_17134726.0,17134726,0.0009566806,0,,,,
5,Chr5_17134897.0,17134897,0.0009566806,0,,,,
5,Chr5_3086244.0,3086244,0.0009568624,1,AT5G09890,AT5G09890,AT5G09890,0.0
2,Chr2_3126337.0,3126337,0.000956974,0,,,,
2,Chr2_3127565.0,3127565,0.000956974,0,,,,
5,Chr5_25476112.0,25476112,0.0009571275,1,AT5G63630,AT5G63630,AT5G63630,0.0
1,Chr1_6070835.0,6070835,0.0009573639,1,AT1G17650,AT1G17650,AT1G17650,0.0
5,Chr5_750700.0,750700,0.0009574043,1,AT5G03160,AT5G03160,AT5G03160,0.0
4,Chr4_6685228.0,6685228,0.0009575866,0,,,,
1,Chr1_15529537.0,15529537,0.0009576261,0,,,,
1,Chr1_8657257.0,8657257,0.0009578154,1,AT1G24420,AT1G24420,AT1G24420,0.0
1,Chr1_8657258.0,8657258,0.0009578154,1,AT1G24420,AT1G24420,AT1G24420,0.0
4,Chr4_17655730.0,17655730,0.0009580482,0,,,,
1,Chr1_6401992.0,6401992,0.0009583448,1,AT1G18600,AT1G18600,AT1G18600,0.0
1,Chr1_4001407.0,4001407,0.0009584077,1,AT1G11860,AT1G11860,AT1G11860,0.0
1,Chr1_5691766.0,5691766,0.0009585279,0,,,,
3,Chr3_14267025.0,14267025,0.000958804,0,,,,
1,Chr1_16896310.0,16896310,0.0009589819,0,,,,
2,Chr2_6387365.0,6387365,0.0009590992,1,AT2G14850,AT2G14850,AT2G14850,0.0
5,Chr5_25473574.0,25473574,0.0009596051,1,AT5G63630,AT5G63630,AT5G63630,0.0
5,Chr5_25475739.0,25475739,0.0009596051,1,AT5G63630,AT5G63630,AT5G63630,0.0
3,Chr3_3014507.0,3014507,0.000959841,1,AT3G09820,AT3G09820,AT3G09820,0.0
2,Chr2_11896732.0,11896732,0.0009600307,0,,,,
2,Chr2_1081445.0,1081445,0.0009611141,0,,,,
2,Chr2_981821.0,981821,0.0009620844,0,,,,
3,Chr3_19088388.0,19088388,0.00096218,0,,,,
3,Chr3_14583006.0,14583006,0.0009628049,0,,,,
5,Chr5_12219730.0,12219730,0.0009634902,0,,,,
4,Chr4_12372080.0,12372080,0.0009637082,0,,,,
4,Chr4_1996506.0,1996506,0.0009638328,0,,,,
2,Chr2_13677097.0,13677097,0.0009638518,1,AT2G32200,AT2G32200,AT2G32200,0.0
3,Chr3_15992621.0,15992621,0.0009639659,0,,,,
3,Chr3_16395737.0,16395737,0.0009641023,0,,,,
3,Chr3_16395740.0,16395740,0.0009641023,0,,,,
3,Chr3_16395748.0,16395748,0.0009641023,0,,,,
3,Chr3_16395749.0,16395749,0.0009641023,0,,,,
1,Chr1_1159810.0,1159810,0.0009644603,0,,,,
1,Chr1_19734671.0,19734671,0.0009648042,0,,,,
3,Chr3_13548004.0,13548004,0.0009653207,0,,,,
2,Chr2_5367112.0,5367112,0.0009654918,0,,,,
4,Chr4_6314736.0,6314736,0.00096596,0,,,,
4,Chr4_6314737.0,6314737,0.00096596,0,,,,
4,Chr4_6319379.0,6319379,0.00096596,1,AT4G10120,AT4G10120,AT4G10120,0.0
4,Chr4_6319483.0,6319483,0.00096596,1,AT4G10120,AT4G10120,AT4G10120,0.0
4,Chr4_9867480.0,9867480,0.0009663617,1,AT4G17740,AT4G17740,AT4G17740,0.0
4,Chr4_9867610.0,9867610,0.0009663617,1,AT4G17740,AT4G17740,AT4G17740,0.0
1,Chr1_28137336.0,28137336,0.0009664125,1,AT1G74910,AT1G74910,AT1G74910,0.0
2,Chr2_619755.0,619755,0.0009665129,1,AT2G02360,AT2G02360,AT2G02360,0.0
3,Chr3_22606184.0,22606184,0.0009667976,1,AT3G61070,AT3G61070,AT3G61070,0.0
2,Chr2_37357.0,37357,0.0009668614,0,,,,
1,Chr1_17446957.0,17446957,0.0009673876,0,,,,
3,Chr3_22195146.0,22195146,0.0009674404,1,AT3G60100,AT3G60100,AT3G60100,0.0
5,Chr5_9153526.0,9153526,0.0009677151,0,,,,
3,Chr3_14009428.0,14009428,0.00096823,0,,,,
3,Chr3_18999546.0,18999546,0.0009685026,1,AT3G51140,AT3G51140,AT3G51140,0.0
5,Chr5_8316043.0,8316043,0.0009685944,0,,,,
3,Chr3_7978917.0,7978917,0.0009686181,0,,,,
2,Chr2_238087.0,238087,0.000968923,0,,,,
1,Chr1_28570642.0,28570642,0.000969139,0,,,,
4,Chr4_9273158.0,9273158,0.0009692681,0,,,,
5,Chr5_11034585.0,11034585,0.0009694092,0,,,,
2,Chr2_13436400.0,13436400,0.0009695205,0,,,,
2,Chr2_13436454.0,13436454,0.0009695205,0,,,,
2,Chr2_13436468.0,13436468,0.0009695205,0,,,,
1,Chr1_25568033.0,25568033,0.0009699272,1,AT1G68210,AT1G68210,AT1G68210,0.0
4,Chr4_16271893.0,16271893,0.0009699517,0,,,,
2,Chr2_16022484.0,16022484,0.0009705826,1,AT2G38255,AT2G38255,AT2G38255,0.0
2,Chr2_16023947.0,16023947,0.0009705826,1,AT2G38255,AT2G38255,AT2G38255,0.0
1,Chr1_23174961.0,23174961,0.0009706259,1,AT1G62580,AT1G62580,AT1G62580,0.0
5,Chr5_11308581.0,11308581,0.0009709567,0,,,,
5,Chr5_1055874.0,1055874,0.000971011,1,AT5G03910,AT5G03910,AT5G03910,0.0
1,Chr1_25998124.0,25998124,0.0009710296,0,,,,
4,Chr4_761576.0,761576,0.000971366,0,,,,
3,Chr3_15641662.0,15641662,0.0009713891,0,,,,
1,Chr1_17194789.0,17194789,0.0009715464,0,,,,
5,Chr5_15049180.0,15049180,0.0009724561,0,,,,
5,Chr5_25431246.0,25431246,0.0009725628,0,,,,
2,Chr2_4799897.0,4799897,0.0009728738,0,,,,
4,Chr4_7107030.0,7107030,0.0009729157,1,AT4G11810,AT4G11810,AT4G11810,0.0
4,Chr4_761591.0,761591,0.000973197,0,,,,
3,Chr3_14738015.0,14738015,0.000973472,0,,,,
1,Chr1_14444311.0,14444311,0.0009735719,0,,,,
1,Chr1_14444457.0,14444457,0.0009735719,0,,,,
1,Chr1_12030686.0,12030686,0.0009735776,0,,,,
3,Chr3_15075274.0,15075274,0.0009736301,0,,,,
5,Chr5_24330295.0,24330295,0.0009738912,0,,,,
1,Chr1_3201337.0,3201337,0.0009739546,0,,,,
4,Chr4_2080934.0,2080934,0.0009739801,0,,,,
4,Chr4_2105932.0,2105932,0.0009745962,0,,,,
5,Chr5_13716313.0,13716313,0.0009746628,0,,,,
5,Chr5_13716856.0,13716856,0.0009746628,0,,,,
2,Chr2_2255433.0,2255433,0.0009755245,0,,,,
5,Chr5_11020787.0,11020787,0.0009757209,0,,,,
3,Chr3_17020044.0,17020044,0.0009758276,1,AT3G46320,AT3G46320,AT3G46320,0.0
2,Chr2_18595237.0,18595237,0.000976156,0,,,,
5,Chr5_18299325.0,18299325,0.0009761987,1,AT5G45220,AT5G45220,AT5G45220,0.0
4,Chr4_8724028.0,8724028,0.0009764787,1,AT4G15290,AT4G15290,AT4G15290,0.0
1,Chr1_8979679.0,8979679,0.0009767166,0,,,,
5,Chr5_13777798.0,13777798,0.0009768335,0,,,,
1,Chr1_27329817.0,27329817,0.0009773504,1,AT1G72560,AT1G72560,AT1G72560,0.0
3,Chr3_10438535.0,10438535,0.0009774282,0,,,,
4,Chr4_10272777.0,10272777,0.000977541,0,,,,
5,Chr5_1196111.0,1196111,0.000978353,1,AT5G04290,AT5G04290,AT5G04290,0.0
3,Chr3_14739485.0,14739485,0.0009787771,0,,,,
3,Chr3_14739703.0,14739703,0.0009787771,0,,,,
3,Chr3_14740213.0,14740213,0.0009787771,0,,,,
3,Chr3_14741247.0,14741247,0.0009787771,0,,,,
3,Chr3_14742215.0,14742215,0.0009787771,0,,,,
1,Chr1_26163897.0,26163897,0.0009789486,0,,,,
5,Chr5_15532896.0,15532896,0.0009793993,0,,,,
4,Chr4_779716.0,779716,0.0009794152,1,AT4G01810,AT4G01810,AT4G01810,0.0
1,Chr1_11671397.0,11671397,0.0009794788,0,,,,
1,Chr1_8191321.0,8191321,0.0009796268,0,,,,
1,Chr1_4524270.0,4524270,0.0009799339,0,,,,
5,Chr5_16410561.0,16410561,0.0009801616,0,,,,
1,Chr1_4244886.0,4244886,0.0009806059,1,AT1G12450,AT1G12450,AT1G12450,0.0
2,Chr2_8550104.0,8550104,0.0009806352,0,,,,
1,Chr1_8321679.0,8321679,0.0009806742,0,,,,
2,Chr2_14564755.0,14564755,0.000980694,1,AT2G34570,AT2G34570,AT2G34570,0.0
5,Chr5_2559341.0,2559341,0.0009813191,0,,,,
5,Chr5_2559343.0,2559343,0.0009813191,0,,,,
2,Chr2_13447171.0,13447171,0.0009815207,1,AT2G31590,AT2G31590,AT2G31590,0.0
5,Chr5_614739.0,614739,0.0009816696,0,,,,
5,Chr5_614873.0,614873,0.0009816696,0,,,,
3,Chr3_18661653.0,18661653,0.0009816974,0,,,,
3,Chr3_18663575.0,18663575,0.0009816974,0,,,,
4,Chr4_15716245.0,15716245,0.0009817708,2,AT4G32560;AT4G32570,AT4G32560,AT4G32560,0.0
4,Chr4_2737877.0,2737877,0.00098302,1,AT4G05380,AT4G05380,AT4G05380,0.0
1,Chr1_23571857.0,23571857,0.0009839445,0,,,,
1,Chr1_12594664.0,12594664,0.000984252,0,,,,
4,Chr4_6200139.0,6200139,0.0009842768,1,AT4G09870,AT4G09870,AT4G09870,0.0
4,Chr4_6201082.0,6201082,0.0009842768,1,AT4G09870,AT4G09870,AT4G09870,0.0
4,Chr4_6202397.0,6202397,0.0009842768,0,,,,
4,Chr4_9434269.0,9434269,0.0009847775,0,,,,
2,Chr2_4318141.0,4318141,0.0009848769,0,,,,
4,Chr4_2492681.0,2492681,0.0009852074,1,AT4G04910,AT4G04910,AT4G04910,0.0
2,Chr2_5288660.0,5288660,0.0009854361,0,,,,
2,Chr2_14132749.0,14132749,0.0009854855,0,,,,
5,Chr5_25426382.0,25426382,0.0009860145,1,AT5G63520,AT5G63520,AT5G63520,0.0
3,Chr3_3364595.0,3364595,0.0009861748,1,AT3G10740,AT3G10740,AT3G10740,0.0
3,Chr3_3251143.0,3251143,0.0009867346,1,AT3G10450,AT3G10450,AT3G10450,0.0
3,Chr3_15953645.0,15953645,0.0009874857,0,,,,
3,Chr3_15953685.0,15953685,0.0009874857,0,,,,
3,Chr3_15962400.0,15962400,0.0009874857,0,,,,
3,Chr3_15963065.0,15963065,0.0009874857,0,,,,
3,Chr3_15964864.0,15964864,0.0009874857,0,,,,
3,Chr3_15965274.0,15965274,0.0009874857,0,,,,
3,Chr3_15965698.0,15965698,0.0009874857,0,,,,
5,Chr5_26743131.0,26743131,0.0009877448,0,,,,
5,Chr5_26825115.0,26825115,0.0009877712,1,AT5G67240,AT5G67240,AT5G67240,0.0
4,Chr4_428628.0,428628,0.0009878058,1,AT4G00990,AT4G00990,AT4G00990,0.0
4,Chr4_434332.0,434332,0.0009878058,0,,,,
4,Chr4_434364.0,434364,0.0009878058,0,,,,
4,Chr4_434478.0,434478,0.0009878058,0,,,,
4,Chr4_437289.0,437289,0.0009878058,0,,,,
5,Chr5_11198886.0,11198886,0.0009882614,0,,,,
5,Chr5_11200626.0,11200626,0.0009882614,0,,,,
4,Chr4_6863461.0,6863461,0.0009887836,0,,,,
3,Chr3_22618420.0,22618420,0.0009888413,1,AT3G61120,AT3G61120,AT3G61120,0.0
4,Chr4_10979304.0,10979304,0.0009890774,1,AT4G20320,AT4G20320,AT4G20320,0.0
5,Chr5_4983374.0,4983374,0.0009892232,1,AT5G15340,AT5G15340,AT5G15340,0.0
2,Chr2_5021256.0,5021256,0.0009902962,0,,,,
1,Chr1_23451460.0,23451460,0.0009905159,1,AT1G63230,AT1G63230,AT1G63230,0.0
1,Chr1_23451510.0,23451510,0.0009905159,1,AT1G63230,AT1G63230,AT1G63230,0.0
1,Chr1_23451527.0,23451527,0.0009905159,1,AT1G63230,AT1G63230,AT1G63230,0.0
1,Chr1_23451538.0,23451538,0.0009905159,1,AT1G63230,AT1G63230,AT1G63230,0.0
2,Chr2_15480198.0,15480198,0.0009912158,1,AT2G36880,AT2G36880,AT2G36880,0.0
4,Chr4_10764623.0,10764623,0.0009914079,1,AT4G19810,AT4G19810,AT4G19810,0.0
2,Chr2_17870936.0,17870936,0.0009915799,0,,,,
4,Chr4_2631460.0,2631460,0.00099186,0,,,,
5,Chr5_174618.0,174618,0.0009925188,0,,,,
3,Chr3_9699187.0,9699187,0.0009928769,0,,,,
3,Chr3_14641664.0,14641664,0.0009935026,0,,,,
2,Chr2_18414698.0,18414698,0.000993629,1,AT2G44620,AT2G44620,AT2G44620,0.0
2,Chr2_18414760.0,18414760,0.000993629,1,AT2G44620,AT2G44620,AT2G44620,0.0
1,Chr1_18886043.0,18886043,0.0009938102,0,,,,
1,Chr1_3150084.0,3150084,0.0009941236,1,AT1G09730,AT1G09730,AT1G09730,0.0
1,Chr1_3150762.0,3150762,0.0009941236,1,AT1G09730,AT1G09730,AT1G09730,0.0
1,Chr1_3151089.0,3151089,0.0009941236,1,AT1G09730,AT1G09730,AT1G09730,0.0
1,Chr1_3154432.0,3154432,0.0009941236,0,,,,
4,Chr4_1991489.0,1991489,0.0009943331,0,,,,
5,Chr5_12925133.0,12925133,0.0009945082,0,,,,
4,Chr4_7393751.0,7393751,0.0009954166,1,AT4G12460,AT4G12460,AT4G12460,0.0
4,Chr4_7395640.0,7395640,0.0009954166,1,AT4G12460,AT4G12460,AT4G12460,0.0
2,Chr2_2174268.0,2174268,0.0009956719,0,,,,
3,Chr3_14801954.0,14801954,0.0009959503,0,,,,
4,Chr4_17091497.0,17091497,0.0009960934,0,,,,
2,Chr2_625036.0,625036,0.0009966613,0,,,,
2,Chr2_625053.0,625053,0.0009966613,0,,,,
3,Chr3_15953341.0,15953341,0.0009967427,0,,,,
3,Chr3_4647093.0,4647093,0.0009970361,1,AT3G14030,AT3G14030,AT3G14030,0.0
4,Chr4_17749089.0,17749089,0.0009973124,0,,,,
4,Chr4_10764655.0,10764655,0.000997332,1,AT4G19810,AT4G19810,AT4G19810,0.0
2,Chr2_13766756.0,13766756,0.0009976556,0,,,,
3,Chr3_16697615.0,16697615,0.0009977497,1,AT3G45525,AT3G45525,AT3G45525,0.0
5,Chr5_1014780.0,1014780,0.0009978892,1,AT5G03810,AT5G03810,AT5G03810,0.0
1,Chr1_10008096.0,10008096,0.0009991601,0,,,,
1,Chr1_26215149.0,26215149,0.0009992206,0,,,,
3,Chr3_9466721.0,9466721,0.0009993527,0,,,,
1,Chr1_4160401.0,4160401,0.0009995437,1,AT1G12250,AT1G12250,AT1G12250,0.0
3,Chr3_12182050.0,12182050,0.0009998632,0,,,,
5,Chr5_21419328.0,21419328,0.001000277,0,,,,
5,Chr5_14808325.0,14808325,0.001000283,0,,,,
3,Chr3_12530957.0,12530957,0.001000286,1,AT3G30820,AT3G30820,AT3G30820,0.0
2,Chr2_4585210.0,4585210,0.001000491,0,,,,
2,Chr2_5804136.0,5804136,0.001000533,0,,,,
2,Chr2_6400651.0,6400651,0.001000753,1,AT2G14890,AT2G14890,AT2G14890,0.0
2,Chr2_2210842.0,2210842,0.001000755,0,,,,
3,Chr3_3048420.0,3048420,0.001000997,0,,,,
3,Chr3_15421181.0,15421181,0.001001275,0,,,,
2,Chr2_10385455.0,10385455,0.001001457,1,AT2G24430,AT2G24430,AT2G24430,0.0
2,Chr2_3006237.0,3006237,0.001001814,0,,,,
1,Chr1_12247590.0,12247590,0.001002205,0,,,,
3,Chr3_8800153.0,8800153,0.001002507,0,,,,
3,Chr3_8800156.0,8800156,0.001002507,0,,,,
3,Chr3_8800226.0,8800226,0.001002507,0,,,,
3,Chr3_8800376.0,8800376,0.001002507,0,,,,
3,Chr3_8800404.0,8800404,0.001002507,0,,,,
2,Chr2_17339763.0,17339763,0.001002732,0,,,,
2,Chr2_17339815.0,17339815,0.001002732,0,,,,
5,Chr5_12206023.0,12206023,0.001002763,0,,,,
1,Chr1_1389296.0,1389296,0.001002844,1,AT1G04910,AT1G04910,AT1G04910,0.0
1,Chr1_18466898.0,18466898,0.001003218,0,,,,
5,Chr5_2910636.0,2910636,0.00100361,0,,,,
1,Chr1_12078796.0,12078796,0.001003858,0,,,,
1,Chr1_19026877.0,19026877,0.001004012,0,,,,
1,Chr1_4239969.0,4239969,0.001004801,0,,,,
1,Chr1_12229240.0,12229240,0.00100489,0,,,,
3,Chr3_22711374.0,22711374,0.001005393,0,,,,
1,Chr1_4085488.0,4085488,0.001005948,0,,,,
1,Chr1_9452761.0,9452761,0.001006139,0,,,,
1,Chr1_9452950.0,9452950,0.001006139,0,,,,
5,Chr5_10448506.0,10448506,0.001006424,0,,,,
5,Chr5_19499346.0,19499346,0.001006689,0,,,,
1,Chr1_8678192.0,8678192,0.001006977,0,,,,
3,Chr3_15582222.0,15582222,0.001007543,0,,,,
5,Chr5_8472274.0,8472274,0.00100805,1,AT5G24740,AT5G24740,AT5G24740,0.0
4,Chr4_13204374.0,13204374,0.001008131,0,,,,
4,Chr4_17902519.0,17902519,0.001008953,1,AT4G38160,AT4G38160,AT4G38160,0.0
5,Chr5_9816754.0,9816754,0.001009126,1,AT5G27720,AT5G27720,AT5G27720,0.0
5,Chr5_9816755.0,9816755,0.001009126,1,AT5G27720,AT5G27720,AT5G27720,0.0
3,Chr3_15066435.0,15066435,0.001009247,0,,,,
3,Chr3_15066450.0,15066450,0.001009247,0,,,,
3,Chr3_15066832.0,15066832,0.001009247,0,,,,
3,Chr3_15067002.0,15067002,0.001009247,0,,,,
3,Chr3_15067077.0,15067077,0.001009247,0,,,,
3,Chr3_15067292.0,15067292,0.001009247,0,,,,
3,Chr3_15068202.0,15068202,0.001009247,0,,,,
3,Chr3_15068239.0,15068239,0.001009247,0,,,,
5,Chr5_2488655.0,2488655,0.001009486,1,AT5G07800,AT5G07800,AT5G07800,0.0
3,Chr3_4634914.0,4634914,0.001010046,0,,,,
5,Chr5_13971561.0,13971561,0.001010136,0,,,,
5,Chr5_13971562.0,13971562,0.001010136,0,,,,
1,Chr1_25517359.0,25517359,0.001010183,0,,,,
3,Chr3_4789502.0,4789502,0.001010491,0,,,,
3,Chr3_5597648.0,5597648,0.001010725,1,AT3G16470,AT3G16470,AT3G16470,0.0
4,Chr4_2326900.0,2326900,0.001010887,1,AT4G04610,AT4G04610,AT4G04610,0.0
5,Chr5_1053569.0,1053569,0.001010891,1,AT5G03905,AT5G03905,AT5G03905,0.0
5,Chr5_1053606.0,1053606,0.001010891,1,AT5G03905,AT5G03905,AT5G03905,0.0
5,Chr5_1053699.0,1053699,0.001010891,1,AT5G03905,AT5G03905,AT5G03905,0.0
5,Chr5_1053755.0,1053755,0.001010891,1,AT5G03905,AT5G03905,AT5G03905,0.0
5,Chr5_1053794.0,1053794,0.001010891,1,AT5G03905,AT5G03905,AT5G03905,0.0
5,Chr5_1053865.0,1053865,0.001010891,1,AT5G03905,AT5G03905,AT5G03905,0.0
5,Chr5_1053915.0,1053915,0.001010891,1,AT5G03905,AT5G03905,AT5G03905,0.0
5,Chr5_1053921.0,1053921,0.001010891,1,AT5G03905,AT5G03905,AT5G03905,0.0
5,Chr5_1054346.0,1054346,0.001010891,1,AT5G03910,AT5G03910,AT5G03910,0.0
5,Chr5_1054454.0,1054454,0.001010891,1,AT5G03910,AT5G03910,AT5G03910,0.0
5,Chr5_1054497.0,1054497,0.001010891,1,AT5G03910,AT5G03910,AT5G03910,0.0
5,Chr5_1054500.0,1054500,0.001010891,1,AT5G03910,AT5G03910,AT5G03910,0.0
5,Chr5_1054533.0,1054533,0.001010891,1,AT5G03910,AT5G03910,AT5G03910,0.0
5,Chr5_1054668.0,1054668,0.001010891,1,AT5G03910,AT5G03910,AT5G03910,0.0
5,Chr5_1054727.0,1054727,0.001010891,1,AT5G03910,AT5G03910,AT5G03910,0.0
5,Chr5_1054749.0,1054749,0.001010891,1,AT5G03910,AT5G03910,AT5G03910,0.0
5,Chr5_1054815.0,1054815,0.001010891,1,AT5G03910,AT5G03910,AT5G03910,0.0
5,Chr5_1054844.0,1054844,0.001010891,1,AT5G03910,AT5G03910,AT5G03910,0.0
5,Chr5_1054896.0,1054896,0.001010891,1,AT5G03910,AT5G03910,AT5G03910,0.0
5,Chr5_1054975.0,1054975,0.001010891,1,AT5G03910,AT5G03910,AT5G03910,0.0
5,Chr5_1054980.0,1054980,0.001010891,1,AT5G03910,AT5G03910,AT5G03910,0.0
5,Chr5_1055091.0,1055091,0.001010891,1,AT5G03910,AT5G03910,AT5G03910,0.0
5,Chr5_1055124.0,1055124,0.001010891,1,AT5G03910,AT5G03910,AT5G03910,0.0
5,Chr5_1055128.0,1055128,0.001010891,1,AT5G03910,AT5G03910,AT5G03910,0.0
5,Chr5_1055141.0,1055141,0.001010891,1,AT5G03910,AT5G03910,AT5G03910,0.0
5,Chr5_1055188.0,1055188,0.001010891,1,AT5G03910,AT5G03910,AT5G03910,0.0
5,Chr5_1055667.0,1055667,0.001010891,1,AT5G03910,AT5G03910,AT5G03910,0.0
5,Chr5_1056044.0,1056044,0.001010891,1,AT5G03910,AT5G03910,AT5G03910,0.0
5,Chr5_1056406.0,1056406,0.001010891,1,AT5G03910,AT5G03910,AT5G03910,0.0
5,Chr5_1056451.0,1056451,0.001010891,1,AT5G03910,AT5G03910,AT5G03910,0.0
1,Chr1_18470590.0,18470590,0.001011519,1,AT1G49890,AT1G49890,AT1G49890,0.0
1,Chr1_18470626.0,18470626,0.001011519,1,AT1G49890,AT1G49890,AT1G49890,0.0
1,Chr1_18470632.0,18470632,0.001011519,1,AT1G49890,AT1G49890,AT1G49890,0.0
1,Chr1_12096243.0,12096243,0.001011551,0,,,,
5,Chr5_22834754.0,22834754,0.001012183,0,,,,
5,Chr5_9260431.0,9260431,0.001012374,0,,,,
4,Chr4_17400446.0,17400446,0.001013165,0,,,,
3,Chr3_16484713.0,16484713,0.001014368,0,,,,
3,Chr3_16484716.0,16484716,0.001014368,0,,,,
1,Chr1_24835076.0,24835076,0.001014373,0,,,,
4,Chr4_15381778.0,15381778,0.001014451,0,,,,
2,Chr2_16007825.0,16007825,0.00101472,0,,,,
1,Chr1_1017228.0,1017228,0.001015181,1,AT1G03960,AT1G03960,AT1G03960,0.0
1,Chr1_17135693.0,17135693,0.001015233,0,,,,
5,Chr5_5590268.0,5590268,0.001015535,1,AT5G17010,AT5G17010,AT5G17010,0.0
5,Chr5_5589209.0,5589209,0.001015691,1,AT5G17010,AT5G17010,AT5G17010,0.0
5,Chr5_5591521.0,5591521,0.001015691,1,AT5G17010,AT5G17010,AT5G17010,0.0
3,Chr3_3655111.0,3655111,0.001016055,0,,,,
3,Chr3_9038820.0,9038820,0.001016782,0,,,,
3,Chr3_9038822.0,9038822,0.001016782,0,,,,
5,Chr5_5591884.0,5591884,0.001017003,1,AT5G17010,AT5G17010,AT5G17010,0.0
2,Chr2_13372310.0,13372310,0.001017239,1,AT2G31360,AT2G31360,AT2G31360,0.0
5,Chr5_5055968.0,5055968,0.001017398,1,AT5G15540,AT5G15540,AT5G15540,0.0
5,Chr5_5062422.0,5062422,0.001017398,0,,,,
5,Chr5_13975842.0,13975842,0.001017529,0,,,,
5,Chr5_2559287.0,2559287,0.001017657,0,,,,
2,Chr2_13435051.0,13435051,0.00101768,1,AT2G31550,AT2G31550,AT2G31550,0.0
4,Chr4_1988523.0,1988523,0.001018259,0,,,,
5,Chr5_1295632.0,1295632,0.001018805,0,,,,
5,Chr5_1306224.0,1306224,0.001018805,0,,,,
5,Chr5_9428001.0,9428001,0.001019092,1,AT5G26805,AT5G26805,AT5G26805,0.0
5,Chr5_1418861.0,1418861,0.001019971,1,AT5G04870,AT5G04870,AT5G04870,0.0
5,Chr5_10277331.0,10277331,0.001020146,0,,,,
5,Chr5_24841789.0,24841789,0.001020381,1,AT5G61840,AT5G61840,AT5G61840,0.0
2,Chr2_7944863.0,7944863,0.001020462,0,,,,
4,Chr4_17533763.0,17533763,0.001020769,0,,,,
3,Chr3_14345137.0,14345137,0.001020869,0,,,,
4,Chr4_17525472.0,17525472,0.001020871,0,,,,
3,Chr3_18938370.0,18938370,0.001021026,1,AT3G50950,AT3G50950,AT3G50950,0.0
5,Chr5_7108789.0,7108789,0.00102114,1,AT5G20950,AT5G20950,AT5G20950,0.0
5,Chr5_7109994.0,7109994,0.00102114,1,AT5G20950,AT5G20950,AT5G20950,0.0
5,Chr5_7110581.0,7110581,0.00102114,1,AT5G20950,AT5G20950,AT5G20950,0.0
5,Chr5_7110827.0,7110827,0.00102114,1,AT5G20950,AT5G20950,AT5G20950,0.0
4,Chr4_9188971.0,9188971,0.001021265,0,,,,
1,Chr1_510791.0,510791,0.001021326,0,,,,
1,Chr1_510792.0,510792,0.001021326,0,,,,
3,Chr3_15661703.0,15661703,0.001021397,1,AT3G43800,AT3G43800,AT3G43800,0.0
3,Chr3_9281858.0,9281858,0.001021526,1,AT3G25560,AT3G25560,AT3G25560,0.0
3,Chr3_10742832.0,10742832,0.001021566,0,,,,
2,Chr2_4370584.0,4370584,0.00102178,0,,,,
1,Chr1_7367275.0,7367275,0.001022372,1,AT1G21050,AT1G21050,AT1G21050,0.0
1,Chr1_20311861.0,20311861,0.001022519,1,AT1G54420,AT1G54420,AT1G54420,0.0
3,Chr3_8084570.0,8084570,0.001022682,1,AT3G22840,AT3G22840,AT3G22840,0.0
1,Chr1_1002582.0,1002582,0.001022945,1,AT1G03920,AT1G03920,AT1G03920,0.0
4,Chr4_2088444.0,2088444,0.001023017,0,,,,
1,Chr1_16809380.0,16809380,0.001023111,1,AT1G44180,AT1G44180,AT1G44180,0.0
5,Chr5_12128179.0,12128179,0.001023277,0,,,,
1,Chr1_3200098.0,3200098,0.001023772,1,AT1G09840,AT1G09840,AT1G09840,0.0
3,Chr3_14979678.0,14979678,0.001023932,0,,,,
2,Chr2_17341234.0,17341234,0.001023951,0,,,,
2,Chr2_17341421.0,17341421,0.001023951,0,,,,
2,Chr2_625390.0,625390,0.001023975,0,,,,
5,Chr5_2504433.0,2504433,0.001024281,1,AT5G07830,AT5G07830,AT5G07830,0.0
1,Chr1_555232.0,555232,0.001024766,1,AT1G02610,AT1G02610,AT1G02610,0.0
1,Chr1_555237.0,555237,0.001024766,1,AT1G02610,AT1G02610,AT1G02610,0.0
3,Chr3_17206352.0,17206352,0.001024863,0,,,,
5,Chr5_7673999.0,7673999,0.001025568,0,,,,
3,Chr3_15341388.0,15341388,0.001026131,0,,,,
2,Chr2_238279.0,238279,0.0010268,0,,,,
2,Chr2_238582.0,238582,0.0010268,0,,,,
4,Chr4_729157.0,729157,0.001026812,0,,,,
1,Chr1_4298358.0,4298358,0.001026887,0,,,,
5,Chr5_3543257.0,3543257,0.001027189,1,AT5G11130,AT5G11130,AT5G11130,0.0
2,Chr2_9098813.0,9098813,0.001027288,0,,,,
1,Chr1_16199039.0,16199039,0.001028174,0,,,,
1,Chr1_16199128.0,16199128,0.001028174,0,,,,
1,Chr1_16199709.0,16199709,0.001028174,0,,,,
1,Chr1_16199915.0,16199915,0.001028174,0,,,,
1,Chr1_16200198.0,16200198,0.001028174,0,,,,
4,Chr4_8722322.0,8722322,0.001028869,1,AT4G15290,AT4G15290,AT4G15290,0.0
4,Chr4_8722323.0,8722323,0.001028869,1,AT4G15290,AT4G15290,AT4G15290,0.0
4,Chr4_8722333.0,8722333,0.001028869,1,AT4G15290,AT4G15290,AT4G15290,0.0
4,Chr4_8722349.0,8722349,0.001028869,1,AT4G15290,AT4G15290,AT4G15290,0.0
4,Chr4_8722636.0,8722636,0.001028869,1,AT4G15290,AT4G15290,AT4G15290,0.0
1,Chr1_23451471.0,23451471,0.001029554,1,AT1G63230,AT1G63230,AT1G63230,0.0
1,Chr1_25722803.0,25722803,0.001030162,0,,,,
1,Chr1_17248511.0,17248511,0.00103024,0,,,,
5,Chr5_10282970.0,10282970,0.001030241,0,,,,
5,Chr5_889169.0,889169,0.00103054,0,,,,
4,Chr4_16093324.0,16093324,0.001030707,1,AT4G33440,AT4G33440,AT4G33440,0.0
4,Chr4_16093351.0,16093351,0.001030707,1,AT4G33440,AT4G33440,AT4G33440,0.0
4,Chr4_16093367.0,16093367,0.001030707,1,AT4G33440,AT4G33440,AT4G33440,0.0
4,Chr4_16093446.0,16093446,0.001030707,1,AT4G33440,AT4G33440,AT4G33440,0.0
4,Chr4_16093639.0,16093639,0.001030707,1,AT4G33440,AT4G33440,AT4G33440,0.0
4,Chr4_16093684.0,16093684,0.001030707,1,AT4G33440,AT4G33440,AT4G33440,0.0
4,Chr4_16093697.0,16093697,0.001030707,1,AT4G33440,AT4G33440,AT4G33440,0.0
4,Chr4_16093834.0,16093834,0.001030707,1,AT4G33440,AT4G33440,AT4G33440,0.0
4,Chr4_16093835.0,16093835,0.001030707,1,AT4G33440,AT4G33440,AT4G33440,0.0
4,Chr4_16093850.0,16093850,0.001030707,1,AT4G33440,AT4G33440,AT4G33440,0.0
4,Chr4_16093858.0,16093858,0.001030707,1,AT4G33440,AT4G33440,AT4G33440,0.0
4,Chr4_16093859.0,16093859,0.001030707,1,AT4G33440,AT4G33440,AT4G33440,0.0
4,Chr4_16093862.0,16093862,0.001030707,1,AT4G33440,AT4G33440,AT4G33440,0.0
4,Chr4_16093865.0,16093865,0.001030707,1,AT4G33440,AT4G33440,AT4G33440,0.0
4,Chr4_16093874.0,16093874,0.001030707,1,AT4G33440,AT4G33440,AT4G33440,0.0
4,Chr4_16093879.0,16093879,0.001030707,1,AT4G33440,AT4G33440,AT4G33440,0.0
4,Chr4_16093893.0,16093893,0.001030707,1,AT4G33440,AT4G33440,AT4G33440,0.0
4,Chr4_16093918.0,16093918,0.001030707,1,AT4G33440,AT4G33440,AT4G33440,0.0
4,Chr4_16093975.0,16093975,0.001030707,1,AT4G33440,AT4G33440,AT4G33440,0.0
4,Chr4_16094065.0,16094065,0.001030707,1,AT4G33440,AT4G33440,AT4G33440,0.0
4,Chr4_16094157.0,16094157,0.001030707,1,AT4G33440,AT4G33440,AT4G33440,0.0
1,Chr1_15615869.0,15615869,0.00103095,0,,,,
1,Chr1_12425999.0,12425999,0.001031407,0,,,,
5,Chr5_6790729.0,6790729,0.001031457,0,,,,
5,Chr5_46713.0,46713,0.00103181,1,AT5G01120,AT5G01120,AT5G01120,0.0
5,Chr5_46717.0,46717,0.00103181,1,AT5G01120,AT5G01120,AT5G01120,0.0
5,Chr5_46768.0,46768,0.00103181,1,AT5G01120,AT5G01120,AT5G01120,0.0
5,Chr5_46793.0,46793,0.00103181,1,AT5G01120,AT5G01120,AT5G01120,0.0
5,Chr5_46795.0,46795,0.00103181,1,AT5G01120,AT5G01120,AT5G01120,0.0
5,Chr5_46796.0,46796,0.00103181,1,AT5G01120,AT5G01120,AT5G01120,0.0
2,Chr2_7481254.0,7481254,0.001032409,1,AT2G17190,AT2G17190,AT2G17190,0.0
1,Chr1_19559111.0,19559111,0.00103263,0,,,,
1,Chr1_19560666.0,19560666,0.00103263,1,AT1G52500,AT1G52500,AT1G52500,0.0
3,Chr3_11133894.0,11133894,0.00103325,0,,,,
3,Chr3_10423902.0,10423902,0.001033263,0,,,,
2,Chr2_10304242.0,10304242,0.001033551,1,AT2G24230,AT2G24230,AT2G24230,0.0
1,Chr1_24171879.0,24171879,0.001033782,0,,,,
1,Chr1_6584123.0,6584123,0.001033792,0,,,,
1,Chr1_6584693.0,6584693,0.001033792,2,AT1G19070;AT1G19080,AT1G19070,AT1G19070,0.0
1,Chr1_6586067.0,6586067,0.001033792,1,AT1G19080,AT1G19080,AT1G19080,0.0
1,Chr1_6586868.0,6586868,0.001033792,0,,,,
1,Chr1_6588170.0,6588170,0.001033792,0,,,,
1,Chr1_6588277.0,6588277,0.001033792,0,,,,
1,Chr1_6589874.0,6589874,0.001033792,0,,,,
1,Chr1_6590366.0,6590366,0.001033792,1,AT1G19090,AT1G19090,AT1G19090,0.0
1,Chr1_6592588.0,6592588,0.001033792,1,AT1G19090,AT1G19090,AT1G19090,0.0
1,Chr1_6593006.0,6593006,0.001033792,0,,,,
1,Chr1_6593358.0,6593358,0.001033792,0,,,,
1,Chr1_6593708.0,6593708,0.001033792,0,,,,
1,Chr1_6593997.0,6593997,0.001033792,0,,,,
1,Chr1_6594135.0,6594135,0.001033792,0,,,,
1,Chr1_6619726.0,6619726,0.001033792,0,,,,
1,Chr1_6621287.0,6621287,0.001033792,0,,,,
2,Chr2_9496525.0,9496525,0.001033996,0,,,,
1,Chr1_8275862.0,8275862,0.001034267,0,,,,
1,Chr1_8282417.0,8282417,0.001034267,0,,,,
2,Chr2_2311199.0,2311199,0.001034531,0,,,,
4,Chr4_10841432.0,10841432,0.001034719,0,,,,
2,Chr2_625001.0,625001,0.001034839,0,,,,
5,Chr5_2275864.0,2275864,0.001034868,1,AT5G07250,AT5G07250,AT5G07250,0.0
4,Chr4_7687540.0,7687540,0.001035319,0,,,,
4,Chr4_7106087.0,7106087,0.001035377,1,AT4G11810,AT4G11810,AT4G11810,0.0
1,Chr1_5540004.0,5540004,0.001035551,0,,,,
5,Chr5_10911772.0,10911772,0.001035635,0,,,,
2,Chr2_17307752.0,17307752,0.001036184,0,,,,
5,Chr5_15461489.0,15461489,0.001036189,0,,,,
2,Chr2_8578066.0,8578066,0.001036272,0,,,,
2,Chr2_8578832.0,8578832,0.001036272,0,,,,
5,Chr5_336837.0,336837,0.001036405,0,,,,
4,Chr4_1599214.0,1599214,0.001037048,0,,,,
3,Chr3_16699238.0,16699238,0.001037532,0,,,,
3,Chr3_16699278.0,16699278,0.001037532,0,,,,
3,Chr3_16699592.0,16699592,0.001037532,0,,,,
3,Chr3_11397276.0,11397276,0.001037541,0,,,,
5,Chr5_24329052.0,24329052,0.001037997,1,AT5G60500,AT5G60500,AT5G60500,0.0
1,Chr1_14226978.0,14226978,0.001038126,0,,,,
1,Chr1_497722.0,497722,0.001038256,0,,,,
3,Chr3_12318635.0,12318635,0.00103848,0,,,,
1,Chr1_13603954.0,13603954,0.001038737,0,,,,
3,Chr3_15032002.0,15032002,0.001038795,0,,,,
1,Chr1_23451593.0,23451593,0.001038808,1,AT1G63230,AT1G63230,AT1G63230,0.0
1,Chr1_23451611.0,23451611,0.001038808,1,AT1G63230,AT1G63230,AT1G63230,0.0
3,Chr3_20940851.0,20940851,0.001039468,0,,,,
2,Chr2_8410702.0,8410702,0.001039491,0,,,,
5,Chr5_9355148.0,9355148,0.001039525,0,,,,
3,Chr3_17226977.0,17226977,0.001039669,0,,,,
4,Chr4_8843612.0,8843612,0.001040198,1,AT4G15470,AT4G15470,AT4G15470,0.0
5,Chr5_24895229.0,24895229,0.001040294,1,AT5G61980,AT5G61980,AT5G61980,0.0
1,Chr1_28925277.0,28925277,0.001040436,1,AT1G76970,AT1G76970,AT1G76970,0.0
1,Chr1_28925504.0,28925504,0.001040436,0,,,,
4,Chr4_16899013.0,16899013,0.00104055,0,,,,
3,Chr3_11300190.0,11300190,0.001040962,0,,,,
3,Chr3_20948185.0,20948185,0.001041201,0,,,,
2,Chr2_15116112.0,15116112,0.001041801,1,AT2G35990,AT2G35990,AT2G35990,0.0
1,Chr1_7368076.0,7368076,0.001042081,0,,,,
3,Chr3_14901435.0,14901435,0.001042276,0,,,,
5,Chr5_11049168.0,11049168,0.00104242,0,,,,
4,Chr4_2057065.0,2057065,0.001042721,0,,,,
4,Chr4_2064913.0,2064913,0.001042721,0,,,,
3,Chr3_14796379.0,14796379,0.001042972,0,,,,
1,Chr1_13129281.0,13129281,0.001044082,0,,,,
4,Chr4_8101172.0,8101172,0.001044302,1,AT4G14040,AT4G14040,AT4G14040,0.0
4,Chr4_16456110.0,16456110,0.001044868,0,,,,
4,Chr4_16456115.0,16456115,0.001044868,0,,,,
4,Chr4_14174557.0,14174557,0.001045221,1,AT4G28710,AT4G28710,AT4G28710,0.0
4,Chr4_13235684.0,13235684,0.00104529,1,AT4G26110,AT4G26110,AT4G26110,0.0
5,Chr5_5190691.0,5190691,0.001045334,1,AT5G15900,AT5G15900,AT5G15900,0.0
4,Chr4_11826788.0,11826788,0.00104604,0,,,,
1,Chr1_18120028.0,18120028,0.001046171,1,AT1G48980,AT1G48980,AT1G48980,0.0
5,Chr5_11425322.0,11425322,0.001047154,0,,,,
2,Chr2_9213709.0,9213709,0.00104722,0,,,,
1,Chr1_15901606.0,15901606,0.001047242,0,,,,
5,Chr5_26617376.0,26617376,0.00104735,0,,,,
1,Chr1_12703964.0,12703964,0.001047941,0,,,,
4,Chr4_14239216.0,14239216,0.001047949,0,,,,
3,Chr3_18657405.0,18657405,0.001048194,1,AT3G50330,AT3G50330,AT3G50330,0.0
3,Chr3_18659963.0,18659963,0.001048194,0,,,,
5,Chr5_11109544.0,11109544,0.001048458,0,,,,
5,Chr5_11111180.0,11111180,0.001048458,0,,,,
5,Chr5_11112156.0,11112156,0.001048458,1,AT5G29050,AT5G29050,AT5G29050,0.0
5,Chr5_11112361.0,11112361,0.001048458,0,,,,
5,Chr5_11112496.0,11112496,0.001048458,0,,,,
5,Chr5_11116251.0,11116251,0.001048458,0,,,,
3,Chr3_18839288.0,18839288,0.001048629,0,,,,
3,Chr3_18839322.0,18839322,0.001048629,0,,,,
3,Chr3_18839410.0,18839410,0.001048629,0,,,,
3,Chr3_14267039.0,14267039,0.001048672,0,,,,
4,Chr4_9337895.0,9337895,0.001048713,1,AT4G16570,AT4G16570,AT4G16570,0.0
4,Chr4_9342004.0,9342004,0.001048713,1,AT4G16580,AT4G16580,AT4G16580,0.0
4,Chr4_9342228.0,9342228,0.001048713,1,AT4G16580,AT4G16580,AT4G16580,0.0
4,Chr4_9344234.0,9344234,0.001048713,0,,,,
4,Chr4_9346165.0,9346165,0.001048713,1,AT4G16590,AT4G16590,AT4G16590,0.0
1,Chr1_2989752.0,2989752,0.001048858,1,AT1G09250,AT1G09250,AT1G09250,0.0
4,Chr4_1981823.0,1981823,0.001048873,0,,,,
2,Chr2_6243630.0,6243630,0.001048917,0,,,,
5,Chr5_9481179.0,9481179,0.001049211,1,AT5G26940,AT5G26940,AT5G26940,0.0
4,Chr4_2044687.0,2044687,0.00104945,0,,,,
5,Chr5_25496640.0,25496640,0.001049492,1,AT5G63700,AT5G63700,AT5G63700,0.0
5,Chr5_751149.0,751149,0.001049893,1,AT5G03160,AT5G03160,AT5G03160,0.0
3,Chr3_13174993.0,13174993,0.001050296,0,,,,
5,Chr5_18945229.0,18945229,0.001050524,0,,,,
3,Chr3_3363582.0,3363582,0.001051135,1,AT3G10740,AT3G10740,AT3G10740,0.0
4,Chr4_17527476.0,17527476,0.001051402,0,,,,
2,Chr2_9173515.0,9173515,0.001051628,0,,,,
2,Chr2_9178657.0,9178657,0.001051628,1,AT2G21440,AT2G21440,AT2G21440,0.0
2,Chr2_9180181.0,9180181,0.001051628,1,AT2G21450,AT2G21450,AT2G21450,0.0
1,Chr1_26641785.0,26641785,0.001052475,2,AT1G70650;AT1G70660,AT1G70650,AT1G70650,0.0
5,Chr5_16588407.0,16588407,0.001052501,0,,,,
1,Chr1_2524033.0,2524033,0.001052982,0,,,,
2,Chr2_5911864.0,5911864,0.001053034,1,AT2G14050,AT2G14050,AT2G14050,0.0
2,Chr2_16333662.0,16333662,0.001053417,1,AT2G39160,AT2G39160,AT2G39160,0.0
4,Chr4_11006485.0,11006485,0.001053696,1,AT4G20380,AT4G20380,AT4G20380,0.0
3,Chr3_5341756.0,5341756,0.001053888,1,AT3G15780,AT3G15780,AT3G15780,0.0
4,Chr4_2111146.0,2111146,0.001054244,0,,,,
4,Chr4_16092454.0,16092454,0.001054249,1,AT4G33440,AT4G33440,AT4G33440,0.0
2,Chr2_2656162.0,2656162,0.001054368,0,,,,
1,Chr1_26217463.0,26217463,0.001054428,1,AT1G69690,AT1G69690,AT1G69690,0.0
3,Chr3_12368928.0,12368928,0.001054606,0,,,,
1,Chr1_25973687.0,25973687,0.001055089,0,,,,
2,Chr2_4336047.0,4336047,0.00105548,0,,,,
1,Chr1_4701042.0,4701042,0.001055616,0,,,,
2,Chr2_16514531.0,16514531,0.001056178,1,AT2G39580,AT2G39580,AT2G39580,0.0
1,Chr1_4248688.0,4248688,0.001056407,1,AT1G12460,AT1G12460,AT1G12460,0.0
1,Chr1_4249641.0,4249641,0.001056407,1,AT1G12460,AT1G12460,AT1G12460,0.0
1,Chr1_13152103.0,13152103,0.001056495,0,,,,
5,Chr5_14966371.0,14966371,0.001056588,0,,,,
4,Chr4_4687239.0,4687239,0.00105698,0,,,,
4,Chr4_4687518.0,4687518,0.00105698,0,,,,
4,Chr4_4687607.0,4687607,0.00105698,0,,,,
5,Chr5_26694924.0,26694924,0.001057629,1,AT5G66840,AT5G66840,AT5G66840,0.0
5,Chr5_13773490.0,13773490,0.001058257,0,,,,
1,Chr1_1662150.0,1662150,0.001058402,1,AT1G05575,AT1G05575,AT1G05575,0.0
5,Chr5_7224382.0,7224382,0.001058498,0,,,,
3,Chr3_4228642.0,4228642,0.001058734,1,AT3G13150,AT3G13150,AT3G13150,0.0
2,Chr2_18341540.0,18341540,0.001058742,1,AT2G44450,AT2G44450,AT2G44450,0.0
1,Chr1_12063159.0,12063159,0.001058973,0,,,,
1,Chr1_12063673.0,12063673,0.001058973,0,,,,
5,Chr5_11290585.0,11290585,0.001059175,0,,,,
1,Chr1_378458.0,378458,0.00105949,1,AT1G02080,AT1G02080,AT1G02080,0.0
3,Chr3_9099289.0,9099289,0.001059983,1,AT3G24900,AT3G24900,AT3G24900,0.0
3,Chr3_6623723.0,6623723,0.001060566,0,,,,
1,Chr1_26959988.0,26959988,0.001060689,0,,,,
4,Chr4_6951962.0,6951962,0.001061304,1,AT4G11420,AT4G11420,AT4G11420,0.0
4,Chr4_764239.0,764239,0.001061411,0,,,,
1,Chr1_278911.0,278911,0.001061775,1,AT1G01770,AT1G01770,AT1G01770,0.0
4,Chr4_7106514.0,7106514,0.001062517,1,AT4G11810,AT4G11810,AT4G11810,0.0
5,Chr5_1320578.0,1320578,0.001062746,1,AT5G04590,AT5G04590,AT5G04590,0.0
2,Chr2_850960.0,850960,0.001063009,0,,,,
3,Chr3_16400196.0,16400196,0.001063303,0,,,,
3,Chr3_16400197.0,16400197,0.001063303,0,,,,
2,Chr2_13431135.0,13431135,0.001063684,1,AT2G31540,AT2G31540,AT2G31540,0.0
1,Chr1_18380440.0,18380440,0.001063983,0,,,,
1,Chr1_4315924.0,4315924,0.001064313,0,,,,
1,Chr1_4315931.0,4315931,0.001064313,0,,,,
4,Chr4_10764798.0,10764798,0.00106446,1,AT4G19810,AT4G19810,AT4G19810,0.0
1,Chr1_23451594.0,23451594,0.001064835,1,AT1G63230,AT1G63230,AT1G63230,0.0
5,Chr5_26834668.0,26834668,0.001065291,0,,,,
5,Chr5_7529373.0,7529373,0.001065563,1,AT5G22640,AT5G22640,AT5G22640,0.0
2,Chr2_6780058.0,6780058,0.00106599,0,,,,
2,Chr2_16113066.0,16113066,0.001066099,0,,,,
1,Chr1_11523927.0,11523927,0.001066129,0,,,,
1,Chr1_9123298.0,9123298,0.001066161,1,AT1G26370,AT1G26370,AT1G26370,0.0
1,Chr1_9126124.0,9126124,0.001066161,0,,,,
3,Chr3_8800438.0,8800438,0.001066362,0,,,,
3,Chr3_8800439.0,8800439,0.001066362,0,,,,
5,Chr5_15463821.0,15463821,0.001066564,0,,,,
5,Chr5_17881907.0,17881907,0.001066803,0,,,,
2,Chr2_13436425.0,13436425,0.001066961,0,,,,
1,Chr1_6670486.0,6670486,0.0010672,0,,,,
5,Chr5_11589763.0,11589763,0.001067257,0,,,,
5,Chr5_26850935.0,26850935,0.00106726,0,,,,
5,Chr5_26850962.0,26850962,0.00106726,0,,,,
5,Chr5_26850965.0,26850965,0.00106726,0,,,,
5,Chr5_26850979.0,26850979,0.00106726,0,,,,
5,Chr5_26850990.0,26850990,0.00106726,0,,,,
3,Chr3_15605742.0,15605742,0.001067685,1,AT3G43710,AT3G43710,AT3G43710,0.0
1,Chr1_28893018.0,28893018,0.001067882,1,AT1G76920,AT1G76920,AT1G76920,0.0
2,Chr2_9157591.0,9157591,0.001068062,0,,,,
2,Chr2_9157631.0,9157631,0.001068062,0,,,,
1,Chr1_12235519.0,12235519,0.001068201,1,AT1G33750,AT1G33750,AT1G33750,0.0
5,Chr5_6355990.0,6355990,0.001068288,1,AT5G19025,AT5G19025,AT5G19025,0.0
3,Chr3_14902924.0,14902924,0.001068378,0,,,,
3,Chr3_18622614.0,18622614,0.001069295,1,AT3G50230,AT3G50230,AT3G50230,0.0
5,Chr5_15489172.0,15489172,0.001069372,0,,,,
2,Chr2_6123328.0,6123328,0.001069905,0,,,,
2,Chr2_6123941.0,6123941,0.001069905,0,,,,
2,Chr2_13860950.0,13860950,0.001070616,1,AT2G32680,AT2G32680,AT2G32680,0.0
2,Chr2_13864994.0,13864994,0.001070616,0,,,,
2,Chr2_13685709.0,13685709,0.001070694,1,AT2G32240,AT2G32240,AT2G32240,0.0
1,Chr1_22627567.0,22627567,0.00107086,0,,,,
4,Chr4_8722762.0,8722762,0.001070875,1,AT4G15290,AT4G15290,AT4G15290,0.0
4,Chr4_8722773.0,8722773,0.001070875,1,AT4G15290,AT4G15290,AT4G15290,0.0
4,Chr4_8722781.0,8722781,0.001070875,1,AT4G15290,AT4G15290,AT4G15290,0.0
5,Chr5_12574715.0,12574715,0.00107135,0,,,,
2,Chr2_8067862.0,8067862,0.001071526,0,,,,
2,Chr2_8067867.0,8067867,0.001071526,0,,,,
2,Chr2_8067871.0,8067871,0.001071526,0,,,,
2,Chr2_8067900.0,8067900,0.001071526,0,,,,
2,Chr2_8067933.0,8067933,0.001071526,0,,,,
2,Chr2_8067961.0,8067961,0.001071526,0,,,,
2,Chr2_13809067.0,13809067,0.001071718,0,,,,
4,Chr4_2001073.0,2001073,0.001071782,0,,,,
5,Chr5_5801572.0,5801572,0.001071784,0,,,,
5,Chr5_2508914.0,2508914,0.00107199,0,,,,
5,Chr5_2508916.0,2508916,0.00107199,0,,,,
2,Chr2_9038728.0,9038728,0.001072063,0,,,,
5,Chr5_744804.0,744804,0.001072486,0,,,,
5,Chr5_744832.0,744832,0.001072486,0,,,,
4,Chr4_9584568.0,9584568,0.001072883,0,,,,
4,Chr4_9600027.0,9600027,0.001072883,0,,,,
2,Chr2_6035261.0,6035261,0.001073319,0,,,,
1,Chr1_22719700.0,22719700,0.001073885,0,,,,
4,Chr4_9444854.0,9444854,0.001073962,0,,,,
2,Chr2_11056292.0,11056292,0.001074301,0,,,,
2,Chr2_7489671.0,7489671,0.001074888,1,AT2G17220,AT2G17220,AT2G17220,0.0
4,Chr4_2258310.0,2258310,0.001075035,0,,,,
5,Chr5_10736021.0,10736021,0.001075268,0,,,,
5,Chr5_9683620.0,9683620,0.00107537,0,,,,
1,Chr1_8061078.0,8061078,0.00107594,1,AT1G22767,AT1G22767,AT1G22767,0.0
2,Chr2_5740384.0,5740384,0.001076192,0,,,,
1,Chr1_4531563.0,4531563,0.00107672,0,,,,
2,Chr2_6491497.0,6491497,0.001077182,1,AT2G15020,AT2G15020,AT2G15020,0.0
5,Chr5_18909733.0,18909733,0.00107721,1,AT5G46600,AT5G46600,AT5G46600,0.0
3,Chr3_20533451.0,20533451,0.001077327,0,,,,
3,Chr3_12645855.0,12645855,0.001077333,0,,,,
3,Chr3_12646126.0,12646126,0.001077333,0,,,,
4,Chr4_18251677.0,18251677,0.001077659,0,,,,
4,Chr4_12131728.0,12131728,0.001077912,1,AT4G23160,AT4G23160,AT4G23160,0.0
3,Chr3_18295796.0,18295796,0.0010781,0,,,,
3,Chr3_13962719.0,13962719,0.001078267,0,,,,
3,Chr3_7941528.0,7941528,0.001078464,1,AT3G22415,AT3G22415,AT3G22415,0.0
2,Chr2_8426323.0,8426323,0.001078886,1,AT2G19450,AT2G19450,AT2G19450,0.0
1,Chr1_25987127.0,25987127,0.001079406,0,,,,
5,Chr5_13893430.0,13893430,0.001080114,0,,,,
5,Chr5_13801478.0,13801478,0.001081019,0,,,,
3,Chr3_3363619.0,3363619,0.001081328,1,AT3G10740,AT3G10740,AT3G10740,0.0
5,Chr5_10229048.0,10229048,0.001081999,0,,,,
5,Chr5_2490469.0,2490469,0.001082472,0,,,,
4,Chr4_16919338.0,16919338,0.001082849,1,AT4G35680,AT4G35680,AT4G35680,0.0
5,Chr5_8373766.0,8373766,0.001082867,0,,,,
5,Chr5_8373773.0,8373773,0.001082867,0,,,,
2,Chr2_4349284.0,4349284,0.001083349,1,AT2G11005,AT2G11005,AT2G11005,0.0
1,Chr1_535861.0,535861,0.001083562,0,,,,
3,Chr3_3362232.0,3362232,0.001083644,1,AT3G10740,AT3G10740,AT3G10740,0.0
3,Chr3_3362245.0,3362245,0.001083644,1,AT3G10740,AT3G10740,AT3G10740,0.0
3,Chr3_3362246.0,3362246,0.001083644,1,AT3G10740,AT3G10740,AT3G10740,0.0
3,Chr3_3362476.0,3362476,0.001083644,1,AT3G10740,AT3G10740,AT3G10740,0.0
3,Chr3_3362542.0,3362542,0.001083644,1,AT3G10740,AT3G10740,AT3G10740,0.0
3,Chr3_3362581.0,3362581,0.001083644,1,AT3G10740,AT3G10740,AT3G10740,0.0
3,Chr3_3362761.0,3362761,0.001083644,1,AT3G10740,AT3G10740,AT3G10740,0.0
3,Chr3_3362814.0,3362814,0.001083644,1,AT3G10740,AT3G10740,AT3G10740,0.0
3,Chr3_3362820.0,3362820,0.001083644,1,AT3G10740,AT3G10740,AT3G10740,0.0
3,Chr3_3362850.0,3362850,0.001083644,1,AT3G10740,AT3G10740,AT3G10740,0.0
3,Chr3_3362903.0,3362903,0.001083644,1,AT3G10740,AT3G10740,AT3G10740,0.0
3,Chr3_3362929.0,3362929,0.001083644,1,AT3G10740,AT3G10740,AT3G10740,0.0
3,Chr3_3363015.0,3363015,0.001083644,1,AT3G10740,AT3G10740,AT3G10740,0.0
3,Chr3_3363051.0,3363051,0.001083644,1,AT3G10740,AT3G10740,AT3G10740,0.0
3,Chr3_3363106.0,3363106,0.001083644,1,AT3G10740,AT3G10740,AT3G10740,0.0
3,Chr3_3363123.0,3363123,0.001083644,1,AT3G10740,AT3G10740,AT3G10740,0.0
3,Chr3_3363175.0,3363175,0.001083644,1,AT3G10740,AT3G10740,AT3G10740,0.0
3,Chr3_3363258.0,3363258,0.001083644,1,AT3G10740,AT3G10740,AT3G10740,0.0
3,Chr3_3363335.0,3363335,0.001083644,1,AT3G10740,AT3G10740,AT3G10740,0.0
3,Chr3_3363539.0,3363539,0.001083644,1,AT3G10740,AT3G10740,AT3G10740,0.0
3,Chr3_3363628.0,3363628,0.001083644,1,AT3G10740,AT3G10740,AT3G10740,0.0
3,Chr3_3363638.0,3363638,0.001083644,1,AT3G10740,AT3G10740,AT3G10740,0.0
3,Chr3_3363703.0,3363703,0.001083644,1,AT3G10740,AT3G10740,AT3G10740,0.0
3,Chr3_3363749.0,3363749,0.001083644,1,AT3G10740,AT3G10740,AT3G10740,0.0
3,Chr3_3363753.0,3363753,0.001083644,1,AT3G10740,AT3G10740,AT3G10740,0.0
3,Chr3_3363981.0,3363981,0.001083644,1,AT3G10740,AT3G10740,AT3G10740,0.0
3,Chr3_3364032.0,3364032,0.001083644,1,AT3G10740,AT3G10740,AT3G10740,0.0
3,Chr3_15384164.0,15384164,0.00108387,0,,,,
2,Chr2_16192697.0,16192697,0.001083934,1,AT2G38730,AT2G38730,AT2G38730,0.0
1,Chr1_25985544.0,25985544,0.001084433,1,AT1G69120,AT1G69120,AT1G69120,0.0
5,Chr5_13861007.0,13861007,0.001084611,0,,,,
5,Chr5_13861609.0,13861609,0.001084611,0,,,,
3,Chr3_19135099.0,19135099,0.001085027,0,,,,
3,Chr3_16477968.0,16477968,0.001085181,1,AT3G45060,AT3G45060,AT3G45060,0.0
5,Chr5_22834616.0,22834616,0.001085556,1,AT5G56368,AT5G56368,AT5G56368,0.0
4,Chr4_888147.0,888147,0.001086463,1,AT4G02020,AT4G02020,AT4G02020,0.0
4,Chr4_891080.0,891080,0.001086463,1,AT4G02020,AT4G02020,AT4G02020,0.0
2,Chr2_5136234.0,5136234,0.001086861,0,,,,
5,Chr5_14066436.0,14066436,0.001086993,0,,,,
5,Chr5_2462679.0,2462679,0.001087088,1,AT5G07740,AT5G07740,AT5G07740,0.0
4,Chr4_2480717.0,2480717,0.001087678,1,AT4G04890,AT4G04890,AT4G04890,0.0
4,Chr4_2482045.0,2482045,0.001087678,1,AT4G04890,AT4G04890,AT4G04890,0.0
4,Chr4_2483194.0,2483194,0.001087678,0,,,,
4,Chr4_8756081.0,8756081,0.001087786,1,AT4G15340,AT4G15340,AT4G15340,0.0
4,Chr4_10747360.0,10747360,0.001088116,0,,,,
4,Chr4_10747776.0,10747776,0.001088116,0,,,,
4,Chr4_10749540.0,10749540,0.001088116,0,,,,
5,Chr5_20255043.0,20255043,0.001088438,0,,,,
2,Chr2_14333959.0,14333959,0.001088697,0,,,,
2,Chr2_14333964.0,14333964,0.001088697,0,,,,
1,Chr1_18876727.0,18876727,0.001088878,0,,,,
1,Chr1_4736406.0,4736406,0.001089105,1,AT1G13820,AT1G13820,AT1G13820,0.0
3,Chr3_19999612.0,19999612,0.001089927,0,,,,
1,Chr1_26232656.0,26232656,0.001090077,1,AT1G69740,AT1G69740,AT1G69740,0.0
1,Chr1_26232898.0,26232898,0.001090077,1,AT1G69740,AT1G69740,AT1G69740,0.0
5,Chr5_17742161.0,17742161,0.001091471,0,,,,
4,Chr4_5621328.0,5621328,0.001091746,0,,,,
5,Chr5_6542119.0,6542119,0.001092599,1,AT5G19400,AT5G19400,AT5G19400,0.0
5,Chr5_6553784.0,6553784,0.001092599,1,AT5G19430,AT5G19430,AT5G19430,0.0
5,Chr5_6553795.0,6553795,0.001092599,1,AT5G19430,AT5G19430,AT5G19430,0.0
4,Chr4_4099164.0,4099164,0.001092692,0,,,,
1,Chr1_17419655.0,17419655,0.001093262,0,,,,
2,Chr2_9448700.0,9448700,0.001093657,0,,,,
3,Chr3_18357621.0,18357621,0.001093707,0,,,,
1,Chr1_16562333.0,16562333,0.001093898,0,,,,
4,Chr4_1881582.0,1881582,0.001094009,0,,,,
1,Chr1_4315820.0,4315820,0.001094478,0,,,,
2,Chr2_1841929.0,1841929,0.001094536,1,AT2G05120,AT2G05120,AT2G05120,0.0
2,Chr2_1845673.0,1845673,0.001094536,1,AT2G05120,AT2G05120,AT2G05120,0.0
2,Chr2_1879545.0,1879545,0.001094536,0,,,,
2,Chr2_1880660.0,1880660,0.001094536,0,,,,
2,Chr2_1919243.0,1919243,0.001094536,1,AT2G05260,AT2G05260,AT2G05260,0.0
1,Chr1_167256.0,167256,0.00109489,1,AT1G01453,AT1G01453,AT1G01453,0.0
1,Chr1_167679.0,167679,0.00109489,1,AT1G01453,AT1G01453,AT1G01453,0.0
1,Chr1_1621808.0,1621808,0.001095112,1,AT1G05490,AT1G05490,AT1G05490,0.0
1,Chr1_13606154.0,13606154,0.001095119,0,,,,
1,Chr1_13607997.0,13607997,0.001095119,0,,,,
1,Chr1_13608958.0,13608958,0.001095119,0,,,,
1,Chr1_13609396.0,13609396,0.001095119,0,,,,
5,Chr5_7676634.0,7676634,0.001095652,0,,,,
5,Chr5_25412929.0,25412929,0.001095677,0,,,,
5,Chr5_10284156.0,10284156,0.001095876,0,,,,
2,Chr2_1464305.0,1464305,0.001096098,0,,,,
2,Chr2_15940107.0,15940107,0.001096341,0,,,,
5,Chr5_10238919.0,10238919,0.001096488,1,AT5G28262,AT5G28262,AT5G28262,0.0
1,Chr1_19477963.0,19477963,0.001096876,0,,,,
2,Chr2_6503104.0,6503104,0.001097886,0,,,,
4,Chr4_15345860.0,15345860,0.001098233,0,,,,
5,Chr5_26713213.0,26713213,0.001098344,1,AT5G66890,AT5G66890,AT5G66890,0.0
4,Chr4_6177603.0,6177603,0.001098792,0,,,,
2,Chr2_16810351.0,16810351,0.001098824,0,,,,
2,Chr2_16810356.0,16810356,0.001098824,0,,,,
4,Chr4_8835411.0,8835411,0.001098844,0,,,,
5,Chr5_14018010.0,14018010,0.001099165,0,,,,
5,Chr5_14018011.0,14018011,0.001099165,0,,,,
1,Chr1_491131.0,491131,0.001099235,1,AT1G02410,AT1G02410,AT1G02410,0.0
2,Chr2_653557.0,653557,0.001099434,1,AT2G02470,AT2G02470,AT2G02470,0.0
2,Chr2_653568.0,653568,0.001099434,1,AT2G02470,AT2G02470,AT2G02470,0.0
2,Chr2_17318420.0,17318420,0.001100047,1,AT2G41520,AT2G41520,AT2G41520,0.0
2,Chr2_17320266.0,17320266,0.001100047,1,AT2G41520,AT2G41520,AT2G41520,0.0
3,Chr3_20431933.0,20431933,0.001100668,0,,,,
5,Chr5_2512663.0,2512663,0.001100909,1,AT5G07860,AT5G07860,AT5G07860,0.0
1,Chr1_29481662.0,29481662,0.001101108,0,,,,
5,Chr5_17283698.0,17283698,0.001101398,0,,,,
1,Chr1_2224808.0,2224808,0.001101497,1,AT1G07240,AT1G07240,AT1G07240,0.0
5,Chr5_3750836.0,3750836,0.001101846,0,,,,
5,Chr5_20698954.0,20698954,0.001102233,0,,,,
1,Chr1_3579806.0,3579806,0.001102356,0,,,,
4,Chr4_9833626.0,9833626,0.001102527,0,,,,
4,Chr4_6812743.0,6812743,0.001102891,1,AT4G11170,AT4G11170,AT4G11170,0.0
3,Chr3_16621708.0,16621708,0.001103234,1,AT3G45300,AT3G45300,AT3G45300,0.0
2,Chr2_10532676.0,10532676,0.00110326,1,AT2G24735,AT2G24735,AT2G24735,0.0
2,Chr2_10547875.0,10547875,0.00110326,1,AT2G24755,AT2G24755,AT2G24755,0.0
2,Chr2_10547952.0,10547952,0.00110326,1,AT2G24755,AT2G24755,AT2G24755,0.0
2,Chr2_10548257.0,10548257,0.00110326,1,AT2G24755,AT2G24755,AT2G24755,0.0
5,Chr5_9410255.0,9410255,0.001103281,0,,,,
5,Chr5_9410258.0,9410258,0.001103281,0,,,,
5,Chr5_9410263.0,9410263,0.001103281,0,,,,
5,Chr5_9410496.0,9410496,0.001103281,0,,,,
2,Chr2_9157457.0,9157457,0.001103655,0,,,,
3,Chr3_10742286.0,10742286,0.001104524,0,,,,
3,Chr3_14798736.0,14798736,0.001104531,0,,,,
2,Chr2_2399736.0,2399736,0.001104621,0,,,,
1,Chr1_19513585.0,19513585,0.001104752,0,,,,
4,Chr4_17527494.0,17527494,0.001104875,0,,,,
3,Chr3_15633362.0,15633362,0.001105031,0,,,,
2,Chr2_3852414.0,3852414,0.001105229,0,,,,
4,Chr4_951776.0,951776,0.001105232,1,AT4G02150,AT4G02150,AT4G02150,0.0
4,Chr4_952984.0,952984,0.001105232,1,AT4G02150,AT4G02150,AT4G02150,0.0
4,Chr4_15364428.0,15364428,0.001105316,1,AT4G31750,AT4G31750,AT4G31750,0.0
4,Chr4_9402568.0,9402568,0.001105617,0,,,,
2,Chr2_13860332.0,13860332,0.001105656,1,AT2G32680,AT2G32680,AT2G32680,0.0
4,Chr4_7154033.0,7154033,0.001105942,0,,,,
4,Chr4_7154041.0,7154041,0.001105942,0,,,,
2,Chr2_14017753.0,14017753,0.001106122,1,AT2G33030,AT2G33030,AT2G33030,0.0
1,Chr1_25967478.0,25967478,0.001106151,1,AT1G69070,AT1G69070,AT1G69070,0.0
5,Chr5_11068323.0,11068323,0.001106189,0,,,,
3,Chr3_13024140.0,13024140,0.001106442,0,,,,
4,Chr4_2256549.0,2256549,0.001106483,0,,,,
3,Chr3_14255612.0,14255612,0.001106546,0,,,,
2,Chr2_5367456.0,5367456,0.001107488,0,,,,
1,Chr1_11326653.0,11326653,0.001107771,1,AT1G31650,AT1G31650,AT1G31650,0.0
3,Chr3_15619188.0,15619188,0.001108184,0,,,,
3,Chr3_15620607.0,15620607,0.001108184,0,,,,
3,Chr3_15621610.0,15621610,0.001108184,0,,,,
3,Chr3_15623457.0,15623457,0.001108184,0,,,,
3,Chr3_15628920.0,15628920,0.001108184,0,,,,
2,Chr2_6143068.0,6143068,0.001108377,0,,,,
4,Chr4_5367596.0,5367596,0.001108492,1,AT4G08450,AT4G08450,AT4G08450,0.0
4,Chr4_15901231.0,15901231,0.001109089,1,AT4G32940,AT4G32940,AT4G32940,0.0
2,Chr2_7635011.0,7635011,0.001109326,1,AT2G17550,AT2G17550,AT2G17550,0.0
2,Chr2_7635061.0,7635061,0.001109326,1,AT2G17550,AT2G17550,AT2G17550,0.0
2,Chr2_7636227.0,7636227,0.001109326,1,AT2G17550,AT2G17550,AT2G17550,0.0
2,Chr2_7638193.0,7638193,0.001109326,0,,,,
4,Chr4_11756857.0,11756857,0.001109638,0,,,,
4,Chr4_11758270.0,11758270,0.001109638,0,,,,
4,Chr4_11758914.0,11758914,0.001109638,1,AT4G22217,AT4G22217,AT4G22217,0.0
4,Chr4_18053339.0,18053339,0.001109783,0,,,,
5,Chr5_26873507.0,26873507,0.001109946,1,AT5G67360,AT5G67360,AT5G67360,0.0
3,Chr3_19817515.0,19817515,0.00110998,0,,,,
5,Chr5_493039.0,493039,0.001110037,1,AT5G02340,AT5G02340,AT5G02340,0.0
4,Chr4_14863304.0,14863304,0.001110077,0,,,,
4,Chr4_8722066.0,8722066,0.001110335,1,AT4G15290,AT4G15290,AT4G15290,0.0
4,Chr4_8722067.0,8722067,0.001110335,1,AT4G15290,AT4G15290,AT4G15290,0.0
4,Chr4_8722073.0,8722073,0.001110335,1,AT4G15290,AT4G15290,AT4G15290,0.0
4,Chr4_8722074.0,8722074,0.001110335,1,AT4G15290,AT4G15290,AT4G15290,0.0
4,Chr4_8722075.0,8722075,0.001110335,1,AT4G15290,AT4G15290,AT4G15290,0.0
4,Chr4_8722318.0,8722318,0.001110335,1,AT4G15290,AT4G15290,AT4G15290,0.0
4,Chr4_3590322.0,3590322,0.001110512,0,,,,
5,Chr5_7811354.0,7811354,0.00111095,1,AT5G23210,AT5G23210,AT5G23210,0.0
5,Chr5_7811372.0,7811372,0.00111095,1,AT5G23210,AT5G23210,AT5G23210,0.0
5,Chr5_7811406.0,7811406,0.00111095,1,AT5G23210,AT5G23210,AT5G23210,0.0
5,Chr5_7811412.0,7811412,0.00111095,1,AT5G23210,AT5G23210,AT5G23210,0.0
5,Chr5_7811422.0,7811422,0.00111095,1,AT5G23210,AT5G23210,AT5G23210,0.0
5,Chr5_25748195.0,25748195,0.001111008,0,,,,
1,Chr1_12159314.0,12159314,0.001111164,0,,,,
4,Chr4_7106448.0,7106448,0.001111367,1,AT4G11810,AT4G11810,AT4G11810,0.0
4,Chr4_17590049.0,17590049,0.001111812,0,,,,
1,Chr1_17144833.0,17144833,0.001111944,0,,,,
5,Chr5_26714678.0,26714678,0.00111219,0,,,,
5,Chr5_15845727.0,15845727,0.0011124,1,AT5G39570,AT5G39570,AT5G39570,0.0
2,Chr2_16023477.0,16023477,0.001112404,1,AT2G38255,AT2G38255,AT2G38255,0.0
2,Chr2_3737817.0,3737817,0.001112558,0,,,,
3,Chr3_15228704.0,15228704,0.001112569,0,,,,
3,Chr3_15229196.0,15229196,0.001112569,0,,,,
3,Chr3_15230390.0,15230390,0.001112569,0,,,,
3,Chr3_15234566.0,15234566,0.001112569,1,AT3G43300,AT3G43300,AT3G43300,0.0
3,Chr3_15236463.0,15236463,0.001112569,1,AT3G43300,AT3G43300,AT3G43300,0.0
3,Chr3_15239480.0,15239480,0.001112569,1,AT3G43300,AT3G43300,AT3G43300,0.0
5,Chr5_14728479.0,14728479,0.001112915,1,AT5G37200,AT5G37200,AT5G37200,0.0
5,Chr5_14728553.0,14728553,0.001112915,0,,,,
5,Chr5_14728615.0,14728615,0.001112915,0,,,,
5,Chr5_14728637.0,14728637,0.001112915,0,,,,
5,Chr5_14728694.0,14728694,0.001112915,0,,,,
5,Chr5_14728759.0,14728759,0.001112915,0,,,,
5,Chr5_14728813.0,14728813,0.001112915,0,,,,
5,Chr5_14728822.0,14728822,0.001112915,0,,,,
1,Chr1_17207358.0,17207358,0.001113181,0,,,,
5,Chr5_13888242.0,13888242,0.001113208,0,,,,
4,Chr4_2059073.0,2059073,0.001113259,0,,,,
5,Chr5_7872040.0,7872040,0.001113684,1,AT5G23390,AT5G23390,AT5G23390,0.0
5,Chr5_7872489.0,7872489,0.001113684,1,AT5G23390,AT5G23390,AT5G23390,0.0
5,Chr5_7872490.0,7872490,0.001113684,1,AT5G23390,AT5G23390,AT5G23390,0.0
5,Chr5_7872492.0,7872492,0.001113684,1,AT5G23390,AT5G23390,AT5G23390,0.0
2,Chr2_13573206.0,13573206,0.001114398,1,AT2G31910,AT2G31910,AT2G31910,0.0
5,Chr5_15164830.0,15164830,0.001114742,0,,,,
1,Chr1_29309829.0,29309829,0.001114885,1,AT1G77950,AT1G77950,AT1G77950,0.0
5,Chr5_4112031.0,4112031,0.001114947,1,AT5G13000,AT5G13000,AT5G13000,0.0
5,Chr5_4138960.0,4138960,0.001114947,0,,,,
5,Chr5_4142584.0,4142584,0.001114947,0,,,,
1,Chr1_19492667.0,19492667,0.001115024,1,AT1G52342,AT1G52342,AT1G52342,0.0
4,Chr4_7107381.0,7107381,0.001115096,1,AT4G11810,AT4G11810,AT4G11810,0.0
4,Chr4_7107567.0,7107567,0.001115096,1,AT4G11810,AT4G11810,AT4G11810,0.0
4,Chr4_8464778.0,8464778,0.001115112,0,,,,
5,Chr5_500400.0,500400,0.001115128,0,,,,
3,Chr3_19133613.0,19133613,0.001115329,0,,,,
3,Chr3_3363620.0,3363620,0.001115388,1,AT3G10740,AT3G10740,AT3G10740,0.0
5,Chr5_7525548.0,7525548,0.001115743,1,AT5G22630,AT5G22630,AT5G22630,0.0
5,Chr5_7525550.0,7525550,0.001115743,1,AT5G22630,AT5G22630,AT5G22630,0.0
5,Chr5_7525568.0,7525568,0.001115743,1,AT5G22630,AT5G22630,AT5G22630,0.0
4,Chr4_10073989.0,10073989,0.001115777,1,AT4G18205,AT4G18205,AT4G18205,0.0
3,Chr3_11497688.0,11497688,0.001116885,0,,,,
2,Chr2_385057.0,385057,0.001116956,0,,,,
4,Chr4_12686053.0,12686053,0.001117457,0,,,,
4,Chr4_5176672.0,5176672,0.001117585,0,,,,
3,Chr3_14063178.0,14063178,0.001117649,0,,,,
4,Chr4_6018739.0,6018739,0.001117747,1,AT4G09500,AT4G09500,AT4G09500,0.0
4,Chr4_6018741.0,6018741,0.001117747,1,AT4G09500,AT4G09500,AT4G09500,0.0
4,Chr4_6018777.0,6018777,0.001117747,1,AT4G09500,AT4G09500,AT4G09500,0.0
4,Chr4_6018783.0,6018783,0.001117747,1,AT4G09500,AT4G09500,AT4G09500,0.0
5,Chr5_17830910.0,17830910,0.00111783,1,AT5G44260,AT5G44260,AT5G44260,0.0
4,Chr4_15474467.0,15474467,0.001117868,1,AT4G32000,AT4G32000,AT4G32000,0.0
4,Chr4_944249.0,944249,0.001118278,1,AT4G02120,AT4G02120,AT4G02120,0.0
1,Chr1_8351049.0,8351049,0.001118457,1,AT1G23550,AT1G23550,AT1G23550,0.0
3,Chr3_6334437.0,6334437,0.00111857,0,,,,
3,Chr3_3377221.0,3377221,0.001118802,0,,,,
2,Chr2_5165117.0,5165117,0.00111918,0,,,,
2,Chr2_5165307.0,5165307,0.00111918,0,,,,
4,Chr4_15848925.0,15848925,0.00111959,0,,,,
3,Chr3_20453192.0,20453192,0.001119628,1,AT3G55170,AT3G55170,AT3G55170,0.0
5,Chr5_7776409.0,7776409,0.001119979,0,,,,
1,Chr1_1006161.0,1006161,0.001120076,1,AT1G03930,AT1G03930,AT1G03930,0.0
1,Chr1_1008565.0,1008565,0.001120076,0,,,,
3,Chr3_12716596.0,12716596,0.001120328,0,,,,
5,Chr5_17135424.0,17135424,0.001120457,0,,,,
5,Chr5_17135529.0,17135529,0.001120457,0,,,,
5,Chr5_17136015.0,17136015,0.001120457,1,AT5G42740,AT5G42740,AT5G42740,0.0
5,Chr5_17136247.0,17136247,0.001120457,1,AT5G42740,AT5G42740,AT5G42740,0.0
1,Chr1_79756.0,79756,0.001120869,0,,,,
1,Chr1_79816.0,79816,0.001120869,0,,,,
2,Chr2_13754946.0,13754946,0.001121059,1,AT2G32400,AT2G32400,AT2G32400,0.0
1,Chr1_15897712.0,15897712,0.001121066,1,AT1G42440,AT1G42440,AT1G42440,0.0
1,Chr1_15897900.0,15897900,0.001121066,1,AT1G42440,AT1G42440,AT1G42440,0.0
1,Chr1_15898888.0,15898888,0.001121066,1,AT1G42440,AT1G42440,AT1G42440,0.0
5,Chr5_523514.0,523514,0.001121648,1,AT5G02420,AT5G02420,AT5G02420,0.0
1,Chr1_25349042.0,25349042,0.001122304,0,,,,
1,Chr1_905017.0,905017,0.001122888,1,AT1G03620,AT1G03620,AT1G03620,0.0
2,Chr2_5137329.0,5137329,0.001122995,0,,,,
1,Chr1_4100796.0,4100796,0.001123241,0,,,,
1,Chr1_17254946.0,17254946,0.001123615,0,,,,
5,Chr5_20122356.0,20122356,0.001123704,0,,,,
5,Chr5_9913021.0,9913021,0.001123906,0,,,,
2,Chr2_13849579.0,13849579,0.001124254,1,AT2G32640,AT2G32640,AT2G32640,0.0
3,Chr3_829066.0,829066,0.001124288,1,AT3G03480,AT3G03480,AT3G03480,0.0
3,Chr3_829093.0,829093,0.001124288,1,AT3G03480,AT3G03480,AT3G03480,0.0
3,Chr3_15508795.0,15508795,0.001124299,0,,,,
4,Chr4_645151.0,645151,0.001124348,0,,,,
1,Chr1_16815572.0,16815572,0.001124355,0,,,,
5,Chr5_8007824.0,8007824,0.00112458,0,,,,
4,Chr4_6696567.0,6696567,0.00112477,0,,,,
1,Chr1_3145262.0,3145262,0.001125279,1,AT1G09720,AT1G09720,AT1G09720,0.0
1,Chr1_3145937.0,3145937,0.001125279,1,AT1G09720,AT1G09720,AT1G09720,0.0
1,Chr1_3146230.0,3146230,0.001125279,1,AT1G09720,AT1G09720,AT1G09720,0.0
2,Chr2_236459.0,236459,0.001125465,1,AT2G01520,AT2G01520,AT2G01520,0.0
3,Chr3_17250452.0,17250452,0.001125628,0,,,,
3,Chr3_3363155.0,3363155,0.001125965,1,AT3G10740,AT3G10740,AT3G10740,0.0
2,Chr2_7060380.0,7060380,0.00112612,1,AT2G16290,AT2G16290,AT2G16290,0.0
5,Chr5_14657104.0,14657104,0.001126604,0,,,,
1,Chr1_1005544.0,1005544,0.001126722,1,AT1G03930,AT1G03930,AT1G03930,0.0
2,Chr2_4317678.0,4317678,0.001126975,1,AT2G10950,AT2G10950,AT2G10950,0.0
3,Chr3_22470352.0,22470352,0.001127086,0,,,,
2,Chr2_5791085.0,5791085,0.001127118,1,AT2G13840,AT2G13840,AT2G13840,0.0
4,Chr4_1417663.0,1417663,0.001127147,1,AT4G03220,AT4G03220,AT4G03220,0.0
4,Chr4_1419702.0,1419702,0.001127147,1,AT4G03230,AT4G03230,AT4G03230,0.0
4,Chr4_1419849.0,1419849,0.001127147,1,AT4G03230,AT4G03230,AT4G03230,0.0
4,Chr4_1419868.0,1419868,0.001127147,1,AT4G03230,AT4G03230,AT4G03230,0.0
4,Chr4_1423546.0,1423546,0.001127147,1,AT4G03240,AT4G03240,AT4G03240,0.0
4,Chr4_1424677.0,1424677,0.001127147,1,AT4G03240,AT4G03240,AT4G03240,0.0
4,Chr4_1425750.0,1425750,0.001127147,1,AT4G03250,AT4G03250,AT4G03250,0.0
5,Chr5_5591508.0,5591508,0.001127344,1,AT5G17010,AT5G17010,AT5G17010,0.0
4,Chr4_4552493.0,4552493,0.00112738,0,,,,
4,Chr4_17522942.0,17522942,0.001127651,0,,,,
4,Chr4_17523612.0,17523612,0.001127651,0,,,,
1,Chr1_23574766.0,23574766,0.001127799,0,,,,
5,Chr5_18781194.0,18781194,0.001128004,0,,,,
1,Chr1_6906553.0,6906553,0.001128092,0,,,,
4,Chr4_11920312.0,11920312,0.001128519,1,AT4G22670,AT4G22670,AT4G22670,0.0
4,Chr4_8718861.0,8718861,0.001129075,0,,,,
4,Chr4_8718902.0,8718902,0.001129075,0,,,,
4,Chr4_8718935.0,8718935,0.001129075,0,,,,
5,Chr5_8274284.0,8274284,0.001129273,1,AT5G24310,AT5G24310,AT5G24310,0.0
3,Chr3_15549653.0,15549653,0.001129278,0,,,,
3,Chr3_15549831.0,15549831,0.001129278,0,,,,
3,Chr3_15550682.0,15550682,0.001129278,0,,,,
2,Chr2_9038634.0,9038634,0.001129307,0,,,,
2,Chr2_9038971.0,9038971,0.001129307,0,,,,
2,Chr2_9039530.0,9039530,0.001129307,0,,,,
2,Chr2_9040317.0,9040317,0.001129307,0,,,,
2,Chr2_9041439.0,9041439,0.001129307,1,AT2G21070,AT2G21070,AT2G21070,0.0
2,Chr2_9041549.0,9041549,0.001129307,1,AT2G21070,AT2G21070,AT2G21070,0.0
2,Chr2_9043856.0,9043856,0.001129307,1,AT2G21080,AT2G21080,AT2G21080,0.0
2,Chr2_9044113.0,9044113,0.001129307,1,AT2G21080,AT2G21080,AT2G21080,0.0
1,Chr1_3108449.0,3108449,0.001129559,0,,,,
1,Chr1_26235224.0,26235224,0.00112984,0,,,,
4,Chr4_16706850.0,16706850,0.001129933,0,,,,
1,Chr1_8539782.0,8539782,0.001129982,0,,,,
5,Chr5_11521695.0,11521695,0.001130144,0,,,,
1,Chr1_19205650.0,19205650,0.001130377,1,AT1G51780,AT1G51780,AT1G51780,0.0
4,Chr4_6151613.0,6151613,0.00113047,0,,,,
4,Chr4_1989380.0,1989380,0.001131026,0,,,,
5,Chr5_15549987.0,15549987,0.001131096,0,,,,
5,Chr5_15549998.0,15549998,0.001131096,0,,,,
5,Chr5_15550002.0,15550002,0.001131096,0,,,,
5,Chr5_15550004.0,15550004,0.001131096,0,,,,
5,Chr5_15550007.0,15550007,0.001131096,0,,,,
5,Chr5_15550008.0,15550008,0.001131096,0,,,,
5,Chr5_15550010.0,15550010,0.001131096,0,,,,
5,Chr5_15550014.0,15550014,0.001131096,0,,,,
5,Chr5_15550028.0,15550028,0.001131096,0,,,,
5,Chr5_9422525.0,9422525,0.001131273,0,,,,
5,Chr5_9422650.0,9422650,0.001131273,0,,,,
1,Chr1_4315843.0,4315843,0.001131582,0,,,,
1,Chr1_4315853.0,4315853,0.001131582,0,,,,
1,Chr1_4315856.0,4315856,0.001131582,0,,,,
1,Chr1_4315860.0,4315860,0.001131582,0,,,,
3,Chr3_3362914.0,3362914,0.001131827,1,AT3G10740,AT3G10740,AT3G10740,0.0
3,Chr3_3362915.0,3362915,0.001131827,1,AT3G10740,AT3G10740,AT3G10740,0.0
5,Chr5_11392919.0,11392919,0.001132017,0,,,,
5,Chr5_11420324.0,11420324,0.001132017,0,,,,
5,Chr5_11451168.0,11451168,0.001132017,0,,,,
5,Chr5_11451820.0,11451820,0.001132017,0,,,,
5,Chr5_13886122.0,13886122,0.001132022,0,,,,
4,Chr4_2982796.0,2982796,0.001132265,0,,,,
4,Chr4_944484.0,944484,0.001132731,1,AT4G02130,AT4G02130,AT4G02130,0.0
2,Chr2_65065.0,65065,0.0011328,0,,,,
5,Chr5_956579.0,956579,0.001133178,0,,,,
1,Chr1_11062642.0,11062642,0.001133493,0,,,,
5,Chr5_14693082.0,14693082,0.001133554,0,,,,
5,Chr5_14693249.0,14693249,0.001133554,0,,,,
3,Chr3_14801700.0,14801700,0.001133677,0,,,,
2,Chr2_17331722.0,17331722,0.001134274,0,,,,
5,Chr5_26255277.0,26255277,0.001134757,1,AT5G65670,AT5G65670,AT5G65670,0.0
1,Chr1_3858099.0,3858099,0.001135056,1,AT1G11460,AT1G11460,AT1G11460,0.0
1,Chr1_3859189.0,3859189,0.001135056,1,AT1G11460,AT1G11460,AT1G11460,0.0
1,Chr1_5543161.0,5543161,0.001135338,1,AT1G16190,AT1G16190,AT1G16190,0.0
5,Chr5_18023784.0,18023784,0.001136077,0,,,,
3,Chr3_11576666.0,11576666,0.001136168,0,,,,
3,Chr3_5624096.0,5624096,0.001136229,0,,,,
3,Chr3_12005678.0,12005678,0.001136235,0,,,,
3,Chr3_7846200.0,7846200,0.001136291,1,AT3G22231,AT3G22231,AT3G22231,0.0
5,Chr5_8112033.0,8112033,0.001136468,1,AT5G24000,AT5G24000,AT5G24000,0.0
2,Chr2_2226059.0,2226059,0.00113664,0,,,,
1,Chr1_6957826.0,6957826,0.001137281,1,AT1G20065,AT1G20065,AT1G20065,0.0
5,Chr5_22135182.0,22135182,0.001137298,0,,,,
3,Chr3_17268213.0,17268213,0.001137339,0,,,,
4,Chr4_17569896.0,17569896,0.001137638,1,AT4G37370,AT4G37370,AT4G37370,0.0
5,Chr5_9234811.0,9234811,0.001138044,1,AT5G26310,AT5G26310,AT5G26310,0.0
5,Chr5_9234937.0,9234937,0.001138044,1,AT5G26310,AT5G26310,AT5G26310,0.0
5,Chr5_9235380.0,9235380,0.001138044,1,AT5G26310,AT5G26310,AT5G26310,0.0
5,Chr5_9235389.0,9235389,0.001138044,1,AT5G26310,AT5G26310,AT5G26310,0.0
5,Chr5_9235400.0,9235400,0.001138044,1,AT5G26310,AT5G26310,AT5G26310,0.0
5,Chr5_9237533.0,9237533,0.001138044,0,,,,
5,Chr5_26713567.0,26713567,0.001138106,1,AT5G66890,AT5G66890,AT5G66890,0.0
2,Chr2_500549.0,500549,0.001138184,0,,,,
4,Chr4_17206477.0,17206477,0.001138198,0,,,,
5,Chr5_18080485.0,18080485,0.001139,0,,,,
5,Chr5_25790765.0,25790765,0.00113901,0,,,,
3,Chr3_15502237.0,15502237,0.00113911,1,AT3G43580,AT3G43580,AT3G43580,0.0
1,Chr1_26932115.0,26932115,0.001139188,1,AT1G71480,AT1G71480,AT1G71480,0.0
1,Chr1_26932199.0,26932199,0.001139188,1,AT1G71480,AT1G71480,AT1G71480,0.0
1,Chr1_26932220.0,26932220,0.001139188,1,AT1G71480,AT1G71480,AT1G71480,0.0
1,Chr1_26932223.0,26932223,0.001139188,1,AT1G71480,AT1G71480,AT1G71480,0.0
1,Chr1_26932228.0,26932228,0.001139188,1,AT1G71480,AT1G71480,AT1G71480,0.0
1,Chr1_26932232.0,26932232,0.001139188,1,AT1G71480,AT1G71480,AT1G71480,0.0
1,Chr1_26932233.0,26932233,0.001139188,1,AT1G71480,AT1G71480,AT1G71480,0.0
3,Chr3_18837929.0,18837929,0.00113953,0,,,,
2,Chr2_162341.0,162341,0.00114001,0,,,,
1,Chr1_6423952.0,6423952,0.001140325,1,AT1G18660,AT1G18660,AT1G18660,0.0
5,Chr5_17940410.0,17940410,0.001140688,1,AT5G44530,AT5G44530,AT5G44530,0.0
5,Chr5_17941214.0,17941214,0.001140688,1,AT5G44530,AT5G44530,AT5G44530,0.0
5,Chr5_17941614.0,17941614,0.001140688,1,AT5G44540,AT5G44540,AT5G44540,0.0
4,Chr4_16889397.0,16889397,0.00114117,1,AT4G35580,AT4G35580,AT4G35580,0.0
5,Chr5_24096690.0,24096690,0.001141416,0,,,,
4,Chr4_5353732.0,5353732,0.001141622,0,,,,
4,Chr4_764313.0,764313,0.001141964,0,,,,
1,Chr1_26019737.0,26019737,0.001142894,1,AT1G69210,AT1G69210,AT1G69210,0.0
1,Chr1_3584401.0,3584401,0.001143104,1,AT1G10760,AT1G10760,AT1G10760,0.0
1,Chr1_12137187.0,12137187,0.001143125,0,,,,
5,Chr5_19816855.0,19816855,0.001143159,1,AT5G48880,AT5G48880,AT5G48880,0.0
1,Chr1_9723622.0,9723622,0.001143188,1,AT1G27910,AT1G27910,AT1G27910,0.0
1,Chr1_9724849.0,9724849,0.001143188,0,,,,
5,Chr5_1233960.0,1233960,0.001143349,1,AT5G04370,AT5G04370,AT5G04370,0.0
1,Chr1_16992500.0,16992500,0.00114436,0,,,,
1,Chr1_16992567.0,16992567,0.00114436,0,,,,
1,Chr1_16992587.0,16992587,0.00114436,0,,,,
3,Chr3_5782770.0,5782770,0.001144738,1,AT3G16940,AT3G16940,AT3G16940,0.0
5,Chr5_1184863.0,1184863,0.001145264,0,,,,
5,Chr5_16207180.0,16207180,0.001145682,0,,,,
1,Chr1_2066849.0,2066849,0.001145775,1,AT1G06720,AT1G06720,AT1G06720,0.0
4,Chr4_6700096.0,6700096,0.001146092,0,,,,
1,Chr1_13604775.0,13604775,0.001146274,0,,,,
1,Chr1_13609595.0,13609595,0.001146274,0,,,,
1,Chr1_16270775.0,16270775,0.00114664,0,,,,
2,Chr2_735436.0,735436,0.001146847,1,AT2G02650,AT2G02650,AT2G02650,0.0
2,Chr2_737083.0,737083,0.001146847,0,,,,
2,Chr2_738839.0,738839,0.001146847,1,AT2G02660,AT2G02660,AT2G02660,0.0
5,Chr5_16147276.0,16147276,0.001147001,0,,,,
5,Chr5_16147550.0,16147550,0.001147001,0,,,,
3,Chr3_14357526.0,14357526,0.001148813,0,,,,
1,Chr1_1171356.0,1171356,0.001148897,0,,,,
4,Chr4_4155371.0,4155371,0.001149737,0,,,,
2,Chr2_319327.0,319327,0.001149838,1,AT2G01720,AT2G01720,AT2G01720,0.0
4,Chr4_18583211.0,18583211,0.001149951,0,,,,
5,Chr5_9230926.0,9230926,0.001150157,1,AT5G26300,AT5G26300,AT5G26300,0.0
3,Chr3_21135000.0,21135000,0.001150834,1,AT3G57110,AT3G57110,AT3G57110,0.0
3,Chr3_21135154.0,21135154,0.001150834,1,AT3G57110,AT3G57110,AT3G57110,0.0
5,Chr5_15050344.0,15050344,0.001150878,1,AT5G37820,AT5G37820,AT5G37820,0.0
4,Chr4_17586200.0,17586200,0.001151105,1,AT4G37400,AT4G37400,AT4G37400,0.0
5,Chr5_21980643.0,21980643,0.001151218,0,,,,
5,Chr5_10893858.0,10893858,0.001151522,0,,,,
2,Chr2_1071291.0,1071291,0.001151616,1,AT2G03520,AT2G03520,AT2G03520,0.0
5,Chr5_9150611.0,9150611,0.001151767,1,AT5G26180,AT5G26180,AT5G26180,0.0
5,Chr5_14610795.0,14610795,0.001152152,0,,,,
3,Chr3_20753393.0,20753393,0.001152207,0,,,,
1,Chr1_26164136.0,26164136,0.001152462,0,,,,
1,Chr1_6935603.0,6935603,0.001153264,1,AT1G19990,AT1G19990,AT1G19990,0.0
4,Chr4_16021594.0,16021594,0.001153272,0,,,,
4,Chr4_8916836.0,8916836,0.001153291,0,,,,
1,Chr1_12393194.0,12393194,0.001153793,0,,,,
3,Chr3_13267827.0,13267827,0.001154449,0,,,,
5,Chr5_582674.0,582674,0.001154925,0,,,,
1,Chr1_11755013.0,11755013,0.001155297,0,,,,
5,Chr5_8241325.0,8241325,0.001155388,1,AT5G24270,AT5G24270,AT5G24270,0.0
5,Chr5_8242915.0,8242915,0.001155388,1,AT5G24270,AT5G24270,AT5G24270,0.0
3,Chr3_18322583.0,18322583,0.001155412,1,AT3G49400,AT3G49400,AT3G49400,0.0
3,Chr3_18326814.0,18326814,0.001155412,1,AT3G49410,AT3G49410,AT3G49410,0.0
3,Chr3_18336207.0,18336207,0.001155412,1,AT3G49440,AT3G49440,AT3G49440,0.0
3,Chr3_18353954.0,18353954,0.001155412,1,AT3G49510,AT3G49510,AT3G49510,0.0
3,Chr3_18358979.0,18358979,0.001155412,0,,,,
2,Chr2_1049351.0,1049351,0.001155514,0,,,,
5,Chr5_9753415.0,9753415,0.001156032,0,,,,
4,Chr4_941209.0,941209,0.001156425,1,AT4G02120,AT4G02120,AT4G02120,0.0
5,Chr5_11595058.0,11595058,0.001156454,0,,,,
4,Chr4_3479901.0,3479901,0.001156845,0,,,,
3,Chr3_14741953.0,14741953,0.001157737,0,,,,
3,Chr3_15659294.0,15659294,0.00115789,1,AT3G43790,AT3G43790,AT3G43790,0.0
2,Chr2_8451948.0,8451948,0.0011579,0,,,,
5,Chr5_9695459.0,9695459,0.001157961,1,AT5G27470,AT5G27470,AT5G27470,0.0
5,Chr5_16445977.0,16445977,0.001158537,1,AT5G41090,AT5G41090,AT5G41090,0.0
5,Chr5_25984660.0,25984660,0.001158846,1,AT5G65050,AT5G65050,AT5G65050,0.0
2,Chr2_14985788.0,14985788,0.001159163,1,AT2G35650,AT2G35650,AT2G35650,0.0
5,Chr5_3972335.0,3972335,0.001159252,1,AT5G12280,AT5G12280,AT5G12280,0.0
5,Chr5_1168763.0,1168763,0.001160278,0,,,,
4,Chr4_16022062.0,16022062,0.001160502,0,,,,
2,Chr2_7704856.0,7704856,0.001160625,1,AT2G17730,AT2G17730,AT2G17730,0.0
5,Chr5_9905742.0,9905742,0.001160639,1,AT5G27890,AT5G27890,AT5G27890,0.0
5,Chr5_9906378.0,9906378,0.001160639,0,,,,
5,Chr5_9907250.0,9907250,0.001160639,0,,,,
5,Chr5_9909889.0,9909889,0.001160639,0,,,,
2,Chr2_9221450.0,9221450,0.001160709,1,AT2G21540,AT2G21540,AT2G21540,0.0
5,Chr5_17918076.0,17918076,0.00116078,0,,,,
4,Chr4_17638609.0,17638609,0.001161293,0,,,,
4,Chr4_15713763.0,15713763,0.001161415,1,AT4G32560,AT4G32560,AT4G32560,0.0
1,Chr1_13856694.0,13856694,0.001162333,0,,,,
1,Chr1_9095097.0,9095097,0.001162334,0,,,,
4,Chr4_18249973.0,18249973,0.001162426,0,,,,
3,Chr3_22984416.0,22984416,0.001163155,1,AT3G62070,AT3G62070,AT3G62070,0.0
5,Chr5_15532587.0,15532587,0.001163155,0,,,,
4,Chr4_16387826.0,16387826,0.001163222,1,AT4G34230,AT4G34230,AT4G34230,0.0
5,Chr5_13778409.0,13778409,0.001163749,0,,,,
5,Chr5_13779567.0,13779567,0.001163749,0,,,,
5,Chr5_13782719.0,13782719,0.001163749,0,,,,
5,Chr5_13786903.0,13786903,0.001163749,0,,,,
5,Chr5_13792521.0,13792521,0.001163749,0,,,,
5,Chr5_13794532.0,13794532,0.001163749,0,,,,
5,Chr5_13795341.0,13795341,0.001163749,0,,,,
5,Chr5_13800818.0,13800818,0.001163749,0,,,,
5,Chr5_13800920.0,13800920,0.001163749,0,,,,
4,Chr4_16720828.0,16720828,0.001163974,0,,,,
4,Chr4_9525207.0,9525207,0.001164409,1,AT4G16920,AT4G16920,AT4G16920,0.0
4,Chr4_9526384.0,9526384,0.001164409,0,,,,
4,Chr4_9543566.0,9543566,0.001164409,1,AT4G16950,AT4G16950,AT4G16950,0.0
4,Chr4_9543611.0,9543611,0.001164409,1,AT4G16950,AT4G16950,AT4G16950,0.0
4,Chr4_9554342.0,9554342,0.001164409,1,AT4G16970,AT4G16970,AT4G16970,0.0
4,Chr4_9556529.0,9556529,0.001164409,0,,,,
5,Chr5_1283094.0,1283094,0.001164772,0,,,,
2,Chr2_2163591.0,2163591,0.001165519,0,,,,
1,Chr1_26605800.0,26605800,0.001166592,1,AT1G70560,AT1G70560,AT1G70560,0.0
1,Chr1_26609053.0,26609053,0.001166592,1,AT1G70570,AT1G70570,AT1G70570,0.0
1,Chr1_179209.0,179209,0.001166859,0,,,,
1,Chr1_18882917.0,18882917,0.001167237,1,AT1G50950,AT1G50950,AT1G50950,0.0
1,Chr1_2455179.0,2455179,0.001167556,1,AT1G07920,AT1G07920,AT1G07920,0.0
4,Chr4_1642664.0,1642664,0.001168473,0,,,,
5,Chr5_9883291.0,9883291,0.001168579,0,,,,
4,Chr4_12133686.0,12133686,0.001169,1,AT4G23160,AT4G23160,AT4G23160,0.0
4,Chr4_12133697.0,12133697,0.001169,1,AT4G23160,AT4G23160,AT4G23160,0.0
1,Chr1_14444059.0,14444059,0.001170032,0,,,,
4,Chr4_8761513.0,8761513,0.001170859,0,,,,
5,Chr5_14728278.0,14728278,0.00117104,1,AT5G37200,AT5G37200,AT5G37200,0.0
1,Chr1_25741920.0,25741920,0.001171077,0,,,,
2,Chr2_8757405.0,8757405,0.001171165,1,AT2G20300,AT2G20300,AT2G20300,0.0
5,Chr5_24904781.0,24904781,0.001171337,0,,,,
3,Chr3_18787681.0,18787681,0.001171401,0,,,,
5,Chr5_13892944.0,13892944,0.001171556,0,,,,
5,Chr5_5460653.0,5460653,0.001171653,0,,,,
5,Chr5_11490165.0,11490165,0.001171903,0,,,,
1,Chr1_6870728.0,6870728,0.001172701,0,,,,
5,Chr5_20792033.0,20792033,0.001172758,0,,,,
2,Chr2_9232364.0,9232364,0.001172892,0,,,,
4,Chr4_2311353.0,2311353,0.001173299,0,,,,
4,Chr4_2311375.0,2311375,0.001173299,0,,,,
4,Chr4_2084532.0,2084532,0.001173539,0,,,,
5,Chr5_11410309.0,11410309,0.001174138,0,,,,
5,Chr5_18957965.0,18957965,0.001174339,0,,,,
5,Chr5_7870641.0,7870641,0.001174378,1,AT5G23390,AT5G23390,AT5G23390,0.0
4,Chr4_2375010.0,2375010,0.00117471,1,AT4G04690,AT4G04690,AT4G04690,0.0
5,Chr5_13893055.0,13893055,0.001175256,0,,,,
5,Chr5_25428814.0,25428814,0.001176044,1,AT5G63520,AT5G63520,AT5G63520,0.0
2,Chr2_13314893.0,13314893,0.001176146,0,,,,
5,Chr5_13881585.0,13881585,0.001176328,1,AT5G35715,AT5G35715,AT5G35715,0.0
4,Chr4_17534838.0,17534838,0.001176822,0,,,,
3,Chr3_16938807.0,16938807,0.001176971,1,AT3G46120,AT3G46120,AT3G46120,0.0
3,Chr3_16938821.0,16938821,0.001176971,1,AT3G46120,AT3G46120,AT3G46120,0.0
3,Chr3_11262200.0,11262200,0.001178161,1,AT3G29340,AT3G29340,AT3G29340,0.0
1,Chr1_16444107.0,16444107,0.001178465,1,AT1G43650,AT1G43650,AT1G43650,0.0
1,Chr1_6666194.0,6666194,0.001178642,0,,,,
1,Chr1_6667460.0,6667460,0.001178642,1,AT1G19290,AT1G19290,AT1G19290,0.0
1,Chr1_6669721.0,6669721,0.001178642,0,,,,
5,Chr5_26709078.0,26709078,0.001179275,0,,,,
3,Chr3_20850528.0,20850528,0.001179769,1,AT3G56200,AT3G56200,AT3G56200,0.0
1,Chr1_21537804.0,21537804,0.001179812,1,AT1G58180,AT1G58180,AT1G58180,0.0
3,Chr3_17425045.0,17425045,0.001179842,0,,,,
5,Chr5_11075193.0,11075193,0.001180285,0,,,,
4,Chr4_645149.0,645149,0.001180626,0,,,,
1,Chr1_23665252.0,23665252,0.001181076,1,AT1G63780,AT1G63780,AT1G63780,0.0
1,Chr1_23665369.0,23665369,0.001181076,1,AT1G63780,AT1G63780,AT1G63780,0.0
2,Chr2_9039400.0,9039400,0.001181169,0,,,,
5,Chr5_19929739.0,19929739,0.001181242,0,,,,
5,Chr5_19934702.0,19934702,0.001181242,1,AT5G49160,AT5G49160,AT5G49160,0.0
5,Chr5_19941226.0,19941226,0.001181242,1,AT5G49180,AT5G49180,AT5G49180,0.0
5,Chr5_19952081.0,19952081,0.001181242,0,,,,
5,Chr5_408799.0,408799,0.001181691,0,,,,
2,Chr2_7145832.0,7145832,0.001181914,0,,,,
3,Chr3_9282617.0,9282617,0.001182358,1,AT3G25560,AT3G25560,AT3G25560,0.0
3,Chr3_7941524.0,7941524,0.001182426,1,AT3G22415,AT3G22415,AT3G22415,0.0
1,Chr1_14253224.0,14253224,0.001182695,0,,,,
1,Chr1_8178663.0,8178663,0.00118299,0,,,,
4,Chr4_8722082.0,8722082,0.001183118,1,AT4G15290,AT4G15290,AT4G15290,0.0
4,Chr4_8722086.0,8722086,0.001183118,1,AT4G15290,AT4G15290,AT4G15290,0.0
4,Chr4_8722149.0,8722149,0.001183118,1,AT4G15290,AT4G15290,AT4G15290,0.0
5,Chr5_3043764.0,3043764,0.001183681,1,AT5G09800,AT5G09800,AT5G09800,0.0
4,Chr4_13215514.0,13215514,0.001184086,1,AT4G26060,AT4G26060,AT4G26060,0.0
5,Chr5_9815619.0,9815619,0.001184734,1,AT5G27720,AT5G27720,AT5G27720,0.0
1,Chr1_14266876.0,14266876,0.001185095,0,,,,
1,Chr1_10756106.0,10756106,0.001185328,1,AT1G30420,AT1G30420,AT1G30420,0.0
5,Chr5_19407924.0,19407924,0.001185361,0,,,,
5,Chr5_19408064.0,19408064,0.001185361,0,,,,
5,Chr5_19411347.0,19411347,0.001185361,1,AT5G47940,AT5G47940,AT5G47940,0.0
1,Chr1_13034033.0,13034033,0.001185914,0,,,,
4,Chr4_15718145.0,15718145,0.001185945,1,AT4G32570,AT4G32570,AT4G32570,0.0
5,Chr5_11270100.0,11270100,0.001186001,0,,,,
1,Chr1_28516097.0,28516097,0.001186222,0,,,,
2,Chr2_13444992.0,13444992,0.001186553,1,AT2G31580,AT2G31580,AT2G31580,0.0
2,Chr2_15386308.0,15386308,0.001186852,1,AT2G36700,AT2G36700,AT2G36700,0.0
3,Chr3_20782080.0,20782080,0.001187141,1,AT3G55990,AT3G55990,AT3G55990,0.0
5,Chr5_1264700.0,1264700,0.001187162,0,,,,
5,Chr5_26828434.0,26828434,0.001187585,0,,,,
2,Chr2_8067969.0,8067969,0.001187768,0,,,,
2,Chr2_8067975.0,8067975,0.001187768,0,,,,
2,Chr2_8067991.0,8067991,0.001187768,0,,,,
2,Chr2_8068006.0,8068006,0.001187768,0,,,,
2,Chr2_8068020.0,8068020,0.001187768,0,,,,
2,Chr2_8068047.0,8068047,0.001187768,0,,,,
2,Chr2_8068054.0,8068054,0.001187768,0,,,,
2,Chr2_8068058.0,8068058,0.001187768,0,,,,
2,Chr2_8068059.0,8068059,0.001187768,0,,,,
2,Chr2_8068074.0,8068074,0.001187768,0,,,,
2,Chr2_8068087.0,8068087,0.001187768,0,,,,
2,Chr2_8068095.0,8068095,0.001187768,0,,,,
2,Chr2_8068139.0,8068139,0.001187768,0,,,,
2,Chr2_6874495.0,6874495,0.001188098,1,AT2G15780,AT2G15780,AT2G15780,0.0
5,Chr5_18679680.0,18679680,0.00118821,0,,,,
5,Chr5_18679747.0,18679747,0.00118821,0,,,,
3,Chr3_10984771.0,10984771,0.001188578,1,AT3G28960,AT3G28960,AT3G28960,0.0
2,Chr2_13428193.0,13428193,0.001189271,1,AT2G31530,AT2G31530,AT2G31530,0.0
2,Chr2_13428378.0,13428378,0.001189271,1,AT2G31530,AT2G31530,AT2G31530,0.0
3,Chr3_17629270.0,17629270,0.001189271,0,,,,
5,Chr5_10063202.0,10063202,0.001189323,0,,,,
2,Chr2_9039507.0,9039507,0.001189507,0,,,,
3,Chr3_14016162.0,14016162,0.00118975,0,,,,
4,Chr4_9460709.0,9460709,0.001189768,1,AT4G16810,AT4G16810,AT4G16810,0.0
1,Chr1_491042.0,491042,0.001190104,1,AT1G02410,AT1G02410,AT1G02410,0.0
1,Chr1_5519018.0,5519018,0.001190324,1,AT1G16110,AT1G16110,AT1G16110,0.0
1,Chr1_5519062.0,5519062,0.001190324,1,AT1G16110,AT1G16110,AT1G16110,0.0
1,Chr1_5519097.0,5519097,0.001190324,1,AT1G16110,AT1G16110,AT1G16110,0.0
1,Chr1_5519123.0,5519123,0.001190324,1,AT1G16110,AT1G16110,AT1G16110,0.0
1,Chr1_5519128.0,5519128,0.001190324,1,AT1G16110,AT1G16110,AT1G16110,0.0
1,Chr1_5519139.0,5519139,0.001190324,1,AT1G16110,AT1G16110,AT1G16110,0.0
1,Chr1_5519145.0,5519145,0.001190324,1,AT1G16110,AT1G16110,AT1G16110,0.0
1,Chr1_5519178.0,5519178,0.001190324,1,AT1G16110,AT1G16110,AT1G16110,0.0
1,Chr1_5519183.0,5519183,0.001190324,1,AT1G16110,AT1G16110,AT1G16110,0.0
1,Chr1_5519189.0,5519189,0.001190324,1,AT1G16110,AT1G16110,AT1G16110,0.0
1,Chr1_5519191.0,5519191,0.001190324,1,AT1G16110,AT1G16110,AT1G16110,0.0
1,Chr1_5519214.0,5519214,0.001190324,1,AT1G16110,AT1G16110,AT1G16110,0.0
1,Chr1_5519235.0,5519235,0.001190324,1,AT1G16110,AT1G16110,AT1G16110,0.0
1,Chr1_5519243.0,5519243,0.001190324,1,AT1G16110,AT1G16110,AT1G16110,0.0
1,Chr1_5519244.0,5519244,0.001190324,1,AT1G16110,AT1G16110,AT1G16110,0.0
1,Chr1_5519253.0,5519253,0.001190324,1,AT1G16110,AT1G16110,AT1G16110,0.0
1,Chr1_5519364.0,5519364,0.001190324,1,AT1G16110,AT1G16110,AT1G16110,0.0
1,Chr1_5519386.0,5519386,0.001190324,1,AT1G16110,AT1G16110,AT1G16110,0.0
1,Chr1_5519387.0,5519387,0.001190324,1,AT1G16110,AT1G16110,AT1G16110,0.0
1,Chr1_5519388.0,5519388,0.001190324,1,AT1G16110,AT1G16110,AT1G16110,0.0
1,Chr1_5519401.0,5519401,0.001190324,1,AT1G16110,AT1G16110,AT1G16110,0.0
1,Chr1_5519402.0,5519402,0.001190324,1,AT1G16110,AT1G16110,AT1G16110,0.0
1,Chr1_5519413.0,5519413,0.001190324,1,AT1G16110,AT1G16110,AT1G16110,0.0
1,Chr1_5519442.0,5519442,0.001190324,1,AT1G16110,AT1G16110,AT1G16110,0.0
1,Chr1_5519457.0,5519457,0.001190324,1,AT1G16110,AT1G16110,AT1G16110,0.0
1,Chr1_5519468.0,5519468,0.001190324,1,AT1G16110,AT1G16110,AT1G16110,0.0
1,Chr1_5519536.0,5519536,0.001190324,1,AT1G16110,AT1G16110,AT1G16110,0.0
1,Chr1_5519559.0,5519559,0.001190324,1,AT1G16110,AT1G16110,AT1G16110,0.0
1,Chr1_5519560.0,5519560,0.001190324,1,AT1G16110,AT1G16110,AT1G16110,0.0
1,Chr1_5519570.0,5519570,0.001190324,1,AT1G16110,AT1G16110,AT1G16110,0.0
1,Chr1_5519616.0,5519616,0.001190324,1,AT1G16110,AT1G16110,AT1G16110,0.0
1,Chr1_5519634.0,5519634,0.001190324,1,AT1G16110,AT1G16110,AT1G16110,0.0
1,Chr1_5519635.0,5519635,0.001190324,1,AT1G16110,AT1G16110,AT1G16110,0.0
1,Chr1_5519655.0,5519655,0.001190324,1,AT1G16110,AT1G16110,AT1G16110,0.0
1,Chr1_5519657.0,5519657,0.001190324,1,AT1G16110,AT1G16110,AT1G16110,0.0
1,Chr1_5519660.0,5519660,0.001190324,1,AT1G16110,AT1G16110,AT1G16110,0.0
1,Chr1_5519673.0,5519673,0.001190324,1,AT1G16110,AT1G16110,AT1G16110,0.0
1,Chr1_5519713.0,5519713,0.001190324,1,AT1G16110,AT1G16110,AT1G16110,0.0
1,Chr1_5519717.0,5519717,0.001190324,1,AT1G16110,AT1G16110,AT1G16110,0.0
1,Chr1_5519723.0,5519723,0.001190324,1,AT1G16110,AT1G16110,AT1G16110,0.0
1,Chr1_5519864.0,5519864,0.001190324,1,AT1G16110,AT1G16110,AT1G16110,0.0
1,Chr1_5519915.0,5519915,0.001190324,1,AT1G16110,AT1G16110,AT1G16110,0.0
1,Chr1_5519918.0,5519918,0.001190324,1,AT1G16110,AT1G16110,AT1G16110,0.0
1,Chr1_5519923.0,5519923,0.001190324,1,AT1G16110,AT1G16110,AT1G16110,0.0
1,Chr1_5519936.0,5519936,0.001190324,1,AT1G16110,AT1G16110,AT1G16110,0.0
1,Chr1_5519937.0,5519937,0.001190324,1,AT1G16110,AT1G16110,AT1G16110,0.0
3,Chr3_17207353.0,17207353,0.001190938,1,AT3G46710,AT3G46710,AT3G46710,0.0
5,Chr5_25482993.0,25482993,0.001191176,1,AT5G63650,AT5G63650,AT5G63650,0.0
1,Chr1_909332.0,909332,0.001191578,1,AT1G03630,AT1G03630,AT1G03630,0.0
5,Chr5_5350797.0,5350797,0.001191646,1,AT5G16340,AT5G16340,AT5G16340,0.0
3,Chr3_15526420.0,15526420,0.001191714,0,,,,
1,Chr1_11669248.0,11669248,0.001192063,0,,,,
1,Chr1_11669252.0,11669252,0.001192063,0,,,,
1,Chr1_11669261.0,11669261,0.001192063,0,,,,
1,Chr1_11669278.0,11669278,0.001192063,0,,,,
1,Chr1_11669312.0,11669312,0.001192063,0,,,,
2,Chr2_2225656.0,2225656,0.001192351,0,,,,
1,Chr1_23570705.0,23570705,0.001193059,1,AT1G63550,AT1G63550,AT1G63550,0.0
3,Chr3_12075339.0,12075339,0.001193486,0,,,,
2,Chr2_2161837.0,2161837,0.001193538,0,,,,
3,Chr3_23180365.0,23180365,0.001193637,0,,,,
3,Chr3_14056720.0,14056720,0.001193764,0,,,,
1,Chr1_26230692.0,26230692,0.001194166,1,AT1G69730,AT1G69730,AT1G69730,0.0
3,Chr3_10474311.0,10474311,0.001194367,0,,,,
3,Chr3_10474351.0,10474351,0.001194367,0,,,,
3,Chr3_10474365.0,10474365,0.001194367,0,,,,
3,Chr3_10474397.0,10474397,0.001194367,0,,,,
3,Chr3_10474408.0,10474408,0.001194367,0,,,,
3,Chr3_10474413.0,10474413,0.001194367,0,,,,
3,Chr3_10474447.0,10474447,0.001194367,0,,,,
5,Chr5_571662.0,571662,0.001194386,0,,,,
2,Chr2_4770022.0,4770022,0.001194399,0,,,,
1,Chr1_1004650.0,1004650,0.001195549,0,,,,
5,Chr5_2487917.0,2487917,0.001195825,1,AT5G07800,AT5G07800,AT5G07800,0.0
5,Chr5_2487980.0,2487980,0.001195825,1,AT5G07800,AT5G07800,AT5G07800,0.0
5,Chr5_10575478.0,10575478,0.001195973,0,,,,
5,Chr5_10575561.0,10575561,0.001195973,0,,,,
1,Chr1_11669324.0,11669324,0.00119605,0,,,,
4,Chr4_10369903.0,10369903,0.001196218,1,AT4G18920,AT4G18920,AT4G18920,0.0
4,Chr4_10370182.0,10370182,0.001196218,1,AT4G18920,AT4G18920,AT4G18920,0.0
4,Chr4_7428178.0,7428178,0.001196505,1,AT4G12530,AT4G12530,AT4G12530,0.0
3,Chr3_15419820.0,15419820,0.001196652,0,,,,
5,Chr5_5905621.0,5905621,0.001197076,0,,,,
1,Chr1_27020594.0,27020594,0.001198119,1,AT1G71830,AT1G71830,AT1G71830,0.0
1,Chr1_27022098.0,27022098,0.001198119,1,AT1G71830,AT1G71830,AT1G71830,0.0
1,Chr1_27026361.0,27026361,0.001198119,1,AT1G71850,AT1G71850,AT1G71850,0.0
5,Chr5_7550198.0,7550198,0.001198957,1,AT5G22720,AT5G22720,AT5G22720,0.0
5,Chr5_3195950.0,3195950,0.001199453,1,AT5G10180,AT5G10180,AT5G10180,0.0
5,Chr5_3196018.0,3196018,0.001199453,1,AT5G10180,AT5G10180,AT5G10180,0.0
5,Chr5_3196021.0,3196021,0.001199453,1,AT5G10180,AT5G10180,AT5G10180,0.0
4,Chr4_620962.0,620962,0.001199663,1,AT4G01460,AT4G01460,AT4G01460,0.0
4,Chr4_621032.0,621032,0.001199663,1,AT4G01460,AT4G01460,AT4G01460,0.0
4,Chr4_621044.0,621044,0.001199663,1,AT4G01460,AT4G01460,AT4G01460,0.0
4,Chr4_621203.0,621203,0.001199663,1,AT4G01460,AT4G01460,AT4G01460,0.0
3,Chr3_16764156.0,16764156,0.001199771,1,AT3G45660,AT3G45660,AT3G45660,0.0
2,Chr2_7728538.0,7728538,0.001199836,1,AT2G17785,AT2G17785,AT2G17785,0.0
2,Chr2_7728762.0,7728762,0.001199836,1,AT2G17785,AT2G17785,AT2G17785,0.0
2,Chr2_7730952.0,7730952,0.001199836,0,,,,
2,Chr2_7731043.0,7731043,0.001199836,0,,,,
2,Chr2_7731059.0,7731059,0.001199836,0,,,,
2,Chr2_7731497.0,7731497,0.001199836,1,AT2G17787,AT2G17787,AT2G17787,0.0
2,Chr2_7731580.0,7731580,0.001199836,1,AT2G17787,AT2G17787,AT2G17787,0.0
2,Chr2_7731598.0,7731598,0.001199836,1,AT2G17787,AT2G17787,AT2G17787,0.0
2,Chr2_7731721.0,7731721,0.001199836,1,AT2G17787,AT2G17787,AT2G17787,0.0
2,Chr2_7731825.0,7731825,0.001199836,1,AT2G17787,AT2G17787,AT2G17787,0.0
2,Chr2_7731873.0,7731873,0.001199836,1,AT2G17787,AT2G17787,AT2G17787,0.0
2,Chr2_7731924.0,7731924,0.001199836,1,AT2G17787,AT2G17787,AT2G17787,0.0
2,Chr2_7731937.0,7731937,0.001199836,1,AT2G17787,AT2G17787,AT2G17787,0.0
2,Chr2_7731939.0,7731939,0.001199836,1,AT2G17787,AT2G17787,AT2G17787,0.0
2,Chr2_7732023.0,7732023,0.001199836,1,AT2G17787,AT2G17787,AT2G17787,0.0
2,Chr2_7732038.0,7732038,0.001199836,1,AT2G17787,AT2G17787,AT2G17787,0.0
2,Chr2_7732107.0,7732107,0.001199836,1,AT2G17787,AT2G17787,AT2G17787,0.0
2,Chr2_7733256.0,7733256,0.001199836,0,,,,
2,Chr2_7733822.0,7733822,0.001199836,1,AT2G17790,AT2G17790,AT2G17790,0.0
5,Chr5_26833328.0,26833328,0.001200494,1,AT5G67250,AT5G67250,AT5G67250,0.0
5,Chr5_26835492.0,26835492,0.001200494,0,,,,
3,Chr3_13018468.0,13018468,0.001200497,0,,,,
3,Chr3_11751400.0,11751400,0.001201541,0,,,,
1,Chr1_17610107.0,17610107,0.001201717,0,,,,
5,Chr5_10746902.0,10746902,0.001201741,0,,,,
1,Chr1_4606557.0,4606557,0.001202056,1,AT1G13430,AT1G13430,AT1G13430,0.0
3,Chr3_15142752.0,15142752,0.001202111,1,AT3G43148,AT3G43148,AT3G43148,0.0
3,Chr3_14110752.0,14110752,0.001202444,0,,,,
4,Chr4_6142103.0,6142103,0.001202711,0,,,,
5,Chr5_7564077.0,7564077,0.001202817,0,,,,
3,Chr3_15971501.0,15971501,0.001203062,0,,,,
2,Chr2_5003950.0,5003950,0.001203568,0,,,,
1,Chr1_4665397.0,4665397,0.001204111,1,AT1G13610,AT1G13610,AT1G13610,0.0
5,Chr5_12553099.0,12553099,0.00120422,0,,,,
1,Chr1_6588841.0,6588841,0.001204734,1,AT1G19086,AT1G19086,AT1G19086,0.0
5,Chr5_348324.0,348324,0.001205323,0,,,,
4,Chr4_950818.0,950818,0.00120586,2,AT4G02140;AT4G02150,AT4G02140,AT4G02140,0.0
1,Chr1_12392759.0,12392759,0.001206128,0,,,,
5,Chr5_26743381.0,26743381,0.001206173,1,AT5G66985,AT5G66985,AT5G66985,0.0
1,Chr1_1161860.0,1161860,0.001206522,1,AT1G04330,AT1G04330,AT1G04330,0.0
4,Chr4_13073258.0,13073258,0.001206836,0,,,,
4,Chr4_13073309.0,13073309,0.001206836,0,,,,
1,Chr1_23250504.0,23250504,0.001206943,1,AT1G62780,AT1G62780,AT1G62780,0.0
4,Chr4_14912566.0,14912566,0.001207057,0,,,,
1,Chr1_13082096.0,13082096,0.001207104,0,,,,
4,Chr4_16918375.0,16918375,0.001207173,1,AT4G35680,AT4G35680,AT4G35680,0.0
4,Chr4_438754.0,438754,0.001207214,0,,,,
4,Chr4_439366.0,439366,0.001207214,1,AT4G01020,AT4G01020,AT4G01020,0.0
4,Chr4_447202.0,447202,0.001207214,1,AT4G01026,AT4G01026,AT4G01026,0.0
4,Chr4_448765.0,448765,0.001207214,1,AT4G01030,AT4G01030,AT4G01030,0.0
4,Chr4_452964.0,452964,0.001207214,1,AT4G01037,AT4G01037,AT4G01037,0.0
2,Chr2_2201868.0,2201868,0.001207223,0,,,,
1,Chr1_12280187.0,12280187,0.001207446,1,AT1G33830,AT1G33830,AT1G33830,0.0
5,Chr5_24113181.0,24113181,0.001208108,1,AT5G59850,AT5G59850,AT5G59850,0.0
1,Chr1_8186369.0,8186369,0.001208894,1,AT1G23090,AT1G23090,AT1G23090,0.0
4,Chr4_994568.0,994568,0.001208948,0,,,,
1,Chr1_23255240.0,23255240,0.001209,1,AT1G62800,AT1G62800,AT1G62800,0.0
5,Chr5_15452455.0,15452455,0.001209082,1,AT5G38590,AT5G38590,AT5G38590,0.0
4,Chr4_788629.0,788629,0.001209156,1,AT4G01830,AT4G01830,AT4G01830,0.0
2,Chr2_324124.0,324124,0.001209548,0,,,,
2,Chr2_5014375.0,5014375,0.001210173,0,,,,
3,Chr3_17207398.0,17207398,0.001210174,1,AT3G46710,AT3G46710,AT3G46710,0.0
3,Chr3_15971339.0,15971339,0.001210235,0,,,,
2,Chr2_17198129.0,17198129,0.00121024,0,,,,
1,Chr1_25722425.0,25722425,0.001210412,0,,,,
5,Chr5_13728647.0,13728647,0.001210421,0,,,,
3,Chr3_15418037.0,15418037,0.001211175,0,,,,
3,Chr3_15418941.0,15418941,0.001211175,0,,,,
3,Chr3_15421435.0,15421435,0.001211175,0,,,,
4,Chr4_7921619.0,7921619,0.001211288,0,,,,
1,Chr1_28131377.0,28131377,0.001211902,0,,,,
1,Chr1_19828091.0,19828091,0.00121221,0,,,,
4,Chr4_17899200.0,17899200,0.001212792,1,AT4G38130,AT4G38130,AT4G38130,0.0
5,Chr5_26802065.0,26802065,0.001213131,2,AT5G67170;AT5G67180,AT5G67170,AT5G67170,0.0
5,Chr5_26802237.0,26802237,0.001213131,1,AT5G67180,AT5G67180,AT5G67180,0.0
5,Chr5_9048798.0,9048798,0.001213351,0,,,,
5,Chr5_9054082.0,9054082,0.001213351,1,AT5G25930,AT5G25930,AT5G25930,0.0
5,Chr5_5440019.0,5440019,0.001213372,1,AT5G16600,AT5G16600,AT5G16600,0.0
4,Chr4_672237.0,672237,0.001213606,1,AT4G01540,AT4G01540,AT4G01540,0.0
3,Chr3_19853598.0,19853598,0.001213894,0,,,,
2,Chr2_13318073.0,13318073,0.001214067,1,AT2G31240,AT2G31240,AT2G31240,0.0
3,Chr3_11984084.0,11984084,0.001214386,0,,,,
1,Chr1_15631710.0,15631710,0.001214854,0,,,,
4,Chr4_9366693.0,9366693,0.001215128,1,AT4G16630,AT4G16630,AT4G16630,0.0
3,Chr3_14906553.0,14906553,0.001215619,1,AT3G42800,AT3G42800,AT3G42800,0.0
2,Chr2_15501681.0,15501681,0.001215922,0,,,,
1,Chr1_25480075.0,25480075,0.001216563,1,AT1G67950,AT1G67950,AT1G67950,0.0
1,Chr1_25480105.0,25480105,0.001216563,1,AT1G67950,AT1G67950,AT1G67950,0.0
1,Chr1_25481290.0,25481290,0.001216563,1,AT1G67960,AT1G67960,AT1G67960,0.0
1,Chr1_25483719.0,25483719,0.001216563,1,AT1G67960,AT1G67960,AT1G67960,0.0
3,Chr3_15954430.0,15954430,0.001216611,0,,,,
5,Chr5_14748254.0,14748254,0.001216629,0,,,,
4,Chr4_17115745.0,17115745,0.001217002,1,AT4G36170,AT4G36170,AT4G36170,0.0
4,Chr4_17118920.0,17118920,0.001217002,1,AT4G36170,AT4G36170,AT4G36170,0.0
4,Chr4_10996111.0,10996111,0.001217135,0,,,,
1,Chr1_28645372.0,28645372,0.00121718,1,AT1G76360,AT1G76360,AT1G76360,0.0
3,Chr3_11948317.0,11948317,0.00121744,0,,,,
1,Chr1_3134214.0,3134214,0.001217445,1,AT1G09680,AT1G09680,AT1G09680,0.0
1,Chr1_3136371.0,3136371,0.001217445,1,AT1G09690,AT1G09690,AT1G09690,0.0
1,Chr1_3140578.0,3140578,0.001217445,0,,,,
1,Chr1_4111643.0,4111643,0.001217804,0,,,,
1,Chr1_5701258.0,5701258,0.001218227,0,,,,
5,Chr5_9102756.0,9102756,0.001218329,0,,,,
3,Chr3_10864815.0,10864815,0.001218456,0,,,,
5,Chr5_9290454.0,9290454,0.00121885,0,,,,
4,Chr4_15867965.0,15867965,0.001218879,1,AT4G32880,AT4G32880,AT4G32880,0.0
4,Chr4_15878498.0,15878498,0.001218879,0,,,,
3,Chr3_4632124.0,4632124,0.00121917,1,AT3G14000,AT3G14000,AT3G14000,0.0
1,Chr1_26247406.0,26247406,0.0012194,0,,,,
3,Chr3_13651281.0,13651281,0.00121956,0,,,,
5,Chr5_5822716.0,5822716,0.001219846,1,AT5G17670,AT5G17670,AT5G17670,0.0
5,Chr5_13877846.0,13877846,0.001219854,0,,,,
3,Chr3_17794032.0,17794032,0.001219997,0,,,,
5,Chr5_3325731.0,3325731,0.00122043,1,AT5G10530,AT5G10530,AT5G10530,0.0
5,Chr5_11471252.0,11471252,0.001220925,0,,,,
1,Chr1_15912032.0,15912032,0.001221757,0,,,,
1,Chr1_15915598.0,15915598,0.001221757,0,,,,
1,Chr1_15917671.0,15917671,0.001221757,0,,,,
5,Chr5_5587827.0,5587827,0.001221968,1,AT5G17010,AT5G17010,AT5G17010,0.0
1,Chr1_12215821.0,12215821,0.001221985,0,,,,
5,Chr5_25477667.0,25477667,0.001222183,0,,,,
3,Chr3_12553698.0,12553698,0.001222323,0,,,,
1,Chr1_1244953.0,1244953,0.001222466,1,AT1G04560,AT1G04560,AT1G04560,0.0
1,Chr1_1245150.0,1245150,0.001222466,1,AT1G04560,AT1G04560,AT1G04560,0.0
1,Chr1_1245232.0,1245232,0.001222466,1,AT1G04560,AT1G04560,AT1G04560,0.0
1,Chr1_1245239.0,1245239,0.001222466,1,AT1G04560,AT1G04560,AT1G04560,0.0
1,Chr1_1245253.0,1245253,0.001222466,1,AT1G04560,AT1G04560,AT1G04560,0.0
1,Chr1_1245256.0,1245256,0.001222466,1,AT1G04560,AT1G04560,AT1G04560,0.0
5,Chr5_25113450.0,25113450,0.001222698,0,,,,
5,Chr5_13945440.0,13945440,0.001223085,0,,,,
4,Chr4_11920084.0,11920084,0.001223185,1,AT4G22670,AT4G22670,AT4G22670,0.0
4,Chr4_15720034.0,15720034,0.001223188,1,AT4G32580,AT4G32580,AT4G32580,0.0
4,Chr4_15720050.0,15720050,0.001223188,1,AT4G32580,AT4G32580,AT4G32580,0.0
4,Chr4_15720092.0,15720092,0.001223188,1,AT4G32580,AT4G32580,AT4G32580,0.0
3,Chr3_20955405.0,20955405,0.001223668,1,AT3G56560,AT3G56560,AT3G56560,0.0
3,Chr3_20957585.0,20957585,0.001223668,0,,,,
3,Chr3_20957665.0,20957665,0.001223668,0,,,,
3,Chr3_20958469.0,20958469,0.001223668,0,,,,
5,Chr5_1259129.0,1259129,0.001223782,0,,,,
2,Chr2_2167646.0,2167646,0.001224557,0,,,,
2,Chr2_2169072.0,2169072,0.001224557,0,,,,
2,Chr2_7434563.0,7434563,0.001224707,0,,,,
1,Chr1_26980731.0,26980731,0.001225074,1,AT1G71710,AT1G71710,AT1G71710,0.0
1,Chr1_26980767.0,26980767,0.001225074,1,AT1G71710,AT1G71710,AT1G71710,0.0
1,Chr1_26980772.0,26980772,0.001225074,1,AT1G71710,AT1G71710,AT1G71710,0.0
1,Chr1_26980784.0,26980784,0.001225074,1,AT1G71710,AT1G71710,AT1G71710,0.0
1,Chr1_26981072.0,26981072,0.001225074,0,,,,
1,Chr1_26981102.0,26981102,0.001225074,0,,,,
1,Chr1_26981106.0,26981106,0.001225074,0,,,,
1,Chr1_26981142.0,26981142,0.001225074,0,,,,
1,Chr1_26981409.0,26981409,0.001225074,0,,,,
1,Chr1_26981428.0,26981428,0.001225074,0,,,,
4,Chr4_10039756.0,10039756,0.001226057,1,AT4G18120,AT4G18120,AT4G18120,0.0
4,Chr4_10047940.0,10047940,0.001226057,1,AT4G18140,AT4G18140,AT4G18140,0.0
5,Chr5_4165555.0,4165555,0.00122613,0,,,,
5,Chr5_4166092.0,4166092,0.00122613,0,,,,
5,Chr5_4168340.0,4168340,0.00122613,1,AT5G13130,AT5G13130,AT5G13130,0.0
4,Chr4_10732288.0,10732288,0.001226186,0,,,,
5,Chr5_13701715.0,13701715,0.00122626,1,AT5G35520,AT5G35520,AT5G35520,0.0
2,Chr2_18440277.0,18440277,0.00122713,1,AT2G44735,AT2G44735,AT2G44735,0.0
2,Chr2_18440382.0,18440382,0.00122713,1,AT2G44735,AT2G44735,AT2G44735,0.0
5,Chr5_20328419.0,20328419,0.001227405,0,,,,
5,Chr5_15528158.0,15528158,0.001228253,0,,,,
5,Chr5_2561511.0,2561511,0.001228492,1,AT5G07990,AT5G07990,AT5G07990,0.0
1,Chr1_13179406.0,13179406,0.001228509,0,,,,
5,Chr5_8273302.0,8273302,0.001228577,0,,,,
5,Chr5_9141570.0,9141570,0.001228792,0,,,,
5,Chr5_18902359.0,18902359,0.001228875,0,,,,
1,Chr1_17615203.0,17615203,0.001229164,0,,,,
2,Chr2_1606825.0,1606825,0.001229189,0,,,,
4,Chr4_2179636.0,2179636,0.001229524,0,,,,
3,Chr3_5654324.0,5654324,0.001229543,1,AT3G16600,AT3G16600,AT3G16600,0.0
3,Chr3_5654959.0,5654959,0.001229543,1,AT3G16600,AT3G16600,AT3G16600,0.0
5,Chr5_2507874.0,2507874,0.001229772,2,AT5G07840;AT5G07842,AT5G07840,AT5G07840,0.0
1,Chr1_8480367.0,8480367,0.001229887,0,,,,
3,Chr3_15387503.0,15387503,0.001230629,0,,,,
5,Chr5_9150581.0,9150581,0.001230771,1,AT5G26180,AT5G26180,AT5G26180,0.0
5,Chr5_9150655.0,9150655,0.001230771,1,AT5G26180,AT5G26180,AT5G26180,0.0
5,Chr5_9150662.0,9150662,0.001230771,1,AT5G26180,AT5G26180,AT5G26180,0.0
5,Chr5_9150691.0,9150691,0.001230771,1,AT5G26180,AT5G26180,AT5G26180,0.0
5,Chr5_9150747.0,9150747,0.001230771,1,AT5G26180,AT5G26180,AT5G26180,0.0
5,Chr5_9150749.0,9150749,0.001230771,1,AT5G26180,AT5G26180,AT5G26180,0.0
5,Chr5_17981065.0,17981065,0.00123188,1,AT5G44582,AT5G44582,AT5G44582,0.0
5,Chr5_19022191.0,19022191,0.001231915,0,,,,
2,Chr2_2331683.0,2331683,0.001232019,0,,,,
3,Chr3_1040654.0,1040654,0.001232117,1,AT3G04020,AT3G04020,AT3G04020,0.0
3,Chr3_1040686.0,1040686,0.001232117,1,AT3G04020,AT3G04020,AT3G04020,0.0
5,Chr5_11351615.0,11351615,0.001232458,0,,,,
5,Chr5_11351692.0,11351692,0.001232458,0,,,,
5,Chr5_11351833.0,11351833,0.001232458,0,,,,
5,Chr5_11353869.0,11353869,0.001232458,0,,,,
5,Chr5_5621899.0,5621899,0.001232783,1,AT5G17090,AT5G17090,AT5G17090,0.0
5,Chr5_5629466.0,5629466,0.001232783,0,,,,
5,Chr5_5629467.0,5629467,0.001232783,0,,,,
5,Chr5_6722825.0,6722825,0.001233011,0,,,,
5,Chr5_6736981.0,6736981,0.001233011,1,AT5G19920,AT5G19920,AT5G19920,0.0
5,Chr5_6743338.0,6743338,0.001233011,1,AT5G19950,AT5G19950,AT5G19950,0.0
1,Chr1_4161460.0,4161460,0.001233056,0,,,,
1,Chr1_4275679.0,4275679,0.001233703,1,AT1G12550,AT1G12550,AT1G12550,0.0
1,Chr1_4275705.0,4275705,0.001233703,1,AT1G12550,AT1G12550,AT1G12550,0.0
5,Chr5_5353646.0,5353646,0.001234075,1,AT5G16350,AT5G16350,AT5G16350,0.0
4,Chr4_8626964.0,8626964,0.001234358,1,AT4G15100,AT4G15100,AT4G15100,0.0
5,Chr5_15249141.0,15249141,0.001234527,0,,,,
4,Chr4_9972032.0,9972032,0.001236188,1,AT4G17960,AT4G17960,AT4G17960,0.0
4,Chr4_9088710.0,9088710,0.001236251,0,,,,
2,Chr2_2162320.0,2162320,0.001236594,0,,,,
1,Chr1_28179899.0,28179899,0.001236733,0,,,,
1,Chr1_99411.0,99411,0.001236913,0,,,,
3,Chr3_7751219.0,7751219,0.001237037,0,,,,
2,Chr2_13311063.0,13311063,0.001237407,0,,,,
4,Chr4_6717528.0,6717528,0.001237424,2,AT4G10955;AT4G10960,AT4G10955,AT4G10955,0.0
2,Chr2_5830490.0,5830490,0.001237508,0,,,,
3,Chr3_20919806.0,20919806,0.001237642,2,AT3G56408;AT3G56410,AT3G56408,AT3G56408,0.0
3,Chr3_20934682.0,20934682,0.001237642,0,,,,
5,Chr5_11547810.0,11547810,0.001237903,0,,,,
3,Chr3_1040558.0,1040558,0.001237936,1,AT3G04020,AT3G04020,AT3G04020,0.0
3,Chr3_1040612.0,1040612,0.001237936,1,AT3G04020,AT3G04020,AT3G04020,0.0
3,Chr3_1040626.0,1040626,0.001237936,1,AT3G04020,AT3G04020,AT3G04020,0.0
3,Chr3_1040629.0,1040629,0.001237936,1,AT3G04020,AT3G04020,AT3G04020,0.0
3,Chr3_1040630.0,1040630,0.001237936,1,AT3G04020,AT3G04020,AT3G04020,0.0
3,Chr3_1040631.0,1040631,0.001237936,1,AT3G04020,AT3G04020,AT3G04020,0.0
3,Chr3_1040634.0,1040634,0.001237936,1,AT3G04020,AT3G04020,AT3G04020,0.0
2,Chr2_1106453.0,1106453,0.001238297,1,AT2G03640,AT2G03640,AT2G03640,0.0
1,Chr1_4085855.0,4085855,0.001239356,0,,,,
5,Chr5_14050132.0,14050132,0.001239431,1,AT5G35917,AT5G35917,AT5G35917,0.0
5,Chr5_18944289.0,18944289,0.001239526,0,,,,
4,Chr4_17522879.0,17522879,0.001240311,0,,,,
5,Chr5_15464030.0,15464030,0.001240405,1,AT5G38620,AT5G38620,AT5G38620,0.0
5,Chr5_15464118.0,15464118,0.001240405,1,AT5G38620,AT5G38620,AT5G38620,0.0
5,Chr5_20215510.0,20215510,0.00124052,0,,,,
5,Chr5_9384811.0,9384811,0.001240592,0,,,,
5,Chr5_9385476.0,9385476,0.001240592,0,,,,
5,Chr5_13328265.0,13328265,0.001240864,0,,,,
5,Chr5_13328323.0,13328323,0.001240864,0,,,,
5,Chr5_13328342.0,13328342,0.001240864,0,,,,
1,Chr1_17961167.0,17961167,0.001241077,0,,,,
1,Chr1_25261263.0,25261263,0.001241162,0,,,,
5,Chr5_5671753.0,5671753,0.001241198,1,AT5G17250,AT5G17250,AT5G17250,0.0
4,Chr4_10430113.0,10430113,0.00124143,1,AT4G19038,AT4G19038,AT4G19038,0.0
1,Chr1_9347079.0,9347079,0.001241557,0,,,,
5,Chr5_6430456.0,6430456,0.001241587,0,,,,
3,Chr3_15422511.0,15422511,0.001241812,0,,,,
3,Chr3_15422882.0,15422882,0.001241812,0,,,,
1,Chr1_26634744.0,26634744,0.00124293,0,,,,
4,Chr4_13073455.0,13073455,0.001242985,0,,,,
1,Chr1_29249058.0,29249058,0.001243288,1,AT1G77780,AT1G77780,AT1G77780,0.0
1,Chr1_13149307.0,13149307,0.001243919,1,AT1G35614,AT1G35614,AT1G35614,0.0
2,Chr2_9245081.0,9245081,0.001244217,0,,,,
2,Chr2_10942814.0,10942814,0.001244517,0,,,,
4,Chr4_8718976.0,8718976,0.001245925,0,,,,
4,Chr4_7735898.0,7735898,0.001246484,1,AT4G13280,AT4G13280,AT4G13280,0.0
1,Chr1_15533644.0,15533644,0.001246685,0,,,,
1,Chr1_22270349.0,22270349,0.001247501,0,,,,
5,Chr5_17340312.0,17340312,0.001247514,1,AT5G43190,AT5G43190,AT5G43190,0.0
5,Chr5_872332.0,872332,0.00124775,1,AT5G03490,AT5G03490,AT5G03490,0.0
2,Chr2_15398946.0,15398946,0.001247894,1,AT2G36720,AT2G36720,AT2G36720,0.0
2,Chr2_15407975.0,15407975,0.001247894,1,AT2G36740,AT2G36740,AT2G36740,0.0
2,Chr2_15408050.0,15408050,0.001247894,1,AT2G36740,AT2G36740,AT2G36740,0.0
2,Chr2_15411398.0,15411398,0.001247894,1,AT2G36750,AT2G36750,AT2G36750,0.0
2,Chr2_608046.0,608046,0.001248034,0,,,,
3,Chr3_3377217.0,3377217,0.001248521,0,,,,
2,Chr2_8094444.0,8094444,0.001248586,1,AT2G18670,AT2G18670,AT2G18670,0.0
1,Chr1_30138749.0,30138749,0.001248783,0,,,,
4,Chr4_1833876.0,1833876,0.001249061,0,,,,
4,Chr4_10977503.0,10977503,0.001249265,1,AT4G20320,AT4G20320,AT4G20320,0.0
4,Chr4_10980468.0,10980468,0.001249265,1,AT4G20325,AT4G20325,AT4G20325,0.0
4,Chr4_10990617.0,10990617,0.001249265,1,AT4G20360,AT4G20360,AT4G20360,0.0
4,Chr4_10992776.0,10992776,0.001249265,0,,,,
4,Chr4_10994344.0,10994344,0.001249265,0,,,,
4,Chr4_10995458.0,10995458,0.001249265,0,,,,
4,Chr4_10997576.0,10997576,0.001249265,0,,,,
4,Chr4_10998106.0,10998106,0.001249265,0,,,,
4,Chr4_10998743.0,10998743,0.001249265,0,,,,
4,Chr4_10998861.0,10998861,0.001249265,0,,,,
4,Chr4_10999700.0,10999700,0.001249265,0,,,,
4,Chr4_11000951.0,11000951,0.001249265,1,AT4G20370,AT4G20370,AT4G20370,0.0
5,Chr5_24409487.0,24409487,0.00124975,0,,,,
5,Chr5_24413987.0,24413987,0.00124975,1,AT5G60710,AT5G60710,AT5G60710,0.0
5,Chr5_26715498.0,26715498,0.001250025,1,AT5G66900,AT5G66900,AT5G66900,0.0
3,Chr3_16109657.0,16109657,0.001250144,1,AT3G44510,AT3G44510,AT3G44510,0.0
2,Chr2_2219219.0,2219219,0.001250252,0,,,,
4,Chr4_7107534.0,7107534,0.001250719,1,AT4G11810,AT4G11810,AT4G11810,0.0
4,Chr4_7107594.0,7107594,0.001250719,1,AT4G11810,AT4G11810,AT4G11810,0.0
1,Chr1_2412392.0,2412392,0.001251126,1,AT1G07780,AT1G07780,AT1G07780,0.0
1,Chr1_11465022.0,11465022,0.001251748,1,AT1G31930,AT1G31930,AT1G31930,0.0
1,Chr1_11468155.0,11468155,0.001251748,1,AT1G31930,AT1G31930,AT1G31930,0.0
1,Chr1_11469115.0,11469115,0.001251748,1,AT1G31930,AT1G31930,AT1G31930,0.0
1,Chr1_11470274.0,11470274,0.001251748,1,AT1G31940,AT1G31940,AT1G31940,0.0
4,Chr4_10134341.0,10134341,0.001251769,0,,,,
5,Chr5_8600451.0,8600451,0.001252268,1,AT5G24960,AT5G24960,AT5G24960,0.0
2,Chr2_1615397.0,1615397,0.001252324,0,,,,
4,Chr4_4245349.0,4245349,0.001252485,0,,,,
5,Chr5_10406356.0,10406356,0.001253286,0,,,,
1,Chr1_9574459.0,9574459,0.001253382,0,,,,
1,Chr1_9574540.0,9574540,0.001253382,0,,,,
2,Chr2_19414923.0,19414923,0.001253767,0,,,,
1,Chr1_21972750.0,21972750,0.00125383,0,,,,
4,Chr4_6199938.0,6199938,0.001254184,0,,,,
5,Chr5_15461529.0,15461529,0.001254264,0,,,,
1,Chr1_13335349.0,13335349,0.001254292,0,,,,
2,Chr2_6035731.0,6035731,0.001254514,0,,,,
2,Chr2_6039066.0,6039066,0.001254514,1,AT2G14255,AT2G14255,AT2G14255,0.0
2,Chr2_6039522.0,6039522,0.001254514,1,AT2G14255,AT2G14255,AT2G14255,0.0
2,Chr2_6041205.0,6041205,0.001254514,0,,,,
2,Chr2_6044163.0,6044163,0.001254514,0,,,,
2,Chr2_6046439.0,6046439,0.001254514,0,,,,
2,Chr2_6047183.0,6047183,0.001254514,0,,,,
2,Chr2_6048833.0,6048833,0.001254514,0,,,,
3,Chr3_3363122.0,3363122,0.001254855,1,AT3G10740,AT3G10740,AT3G10740,0.0
1,Chr1_27036629.0,27036629,0.001254903,0,,,,
4,Chr4_1977256.0,1977256,0.001255451,0,,,,
3,Chr3_15549980.0,15549980,0.001255519,0,,,,
1,Chr1_1383050.0,1383050,0.001256028,0,,,,
4,Chr4_17568819.0,17568819,0.001256081,1,AT4G37360,AT4G37360,AT4G37360,0.0
5,Chr5_9921599.0,9921599,0.001256767,0,,,,
5,Chr5_12090865.0,12090865,0.001257097,0,,,,
2,Chr2_13370330.0,13370330,0.001257224,1,AT2G31350,AT2G31350,AT2G31350,0.0
2,Chr2_13370401.0,13370401,0.001257224,1,AT2G31350,AT2G31350,AT2G31350,0.0
1,Chr1_20077006.0,20077006,0.001257414,1,AT1G53780,AT1G53780,AT1G53780,0.0
1,Chr1_13603972.0,13603972,0.001257791,0,,,,
4,Chr4_17408746.0,17408746,0.001257894,0,,,,
5,Chr5_11164778.0,11164778,0.001258003,0,,,,
4,Chr4_8291873.0,8291873,0.001258156,1,AT4G14390,AT4G14390,AT4G14390,0.0
4,Chr4_1981788.0,1981788,0.001258503,0,,,,
1,Chr1_26172883.0,26172883,0.001258673,1,AT1G69580,AT1G69580,AT1G69580,0.0
2,Chr2_16091948.0,16091948,0.001259764,1,AT2G38420,AT2G38420,AT2G38420,0.0
2,Chr2_16092216.0,16092216,0.001259764,1,AT2G38420,AT2G38420,AT2G38420,0.0
5,Chr5_17083659.0,17083659,0.001259867,0,,,,
5,Chr5_17086982.0,17086982,0.001259867,0,,,,
5,Chr5_17088212.0,17088212,0.001259867,0,,,,
5,Chr5_17089905.0,17089905,0.001259867,0,,,,
5,Chr5_17090176.0,17090176,0.001259867,0,,,,
5,Chr5_17096971.0,17096971,0.001259867,0,,,,
3,Chr3_15826127.0,15826127,0.001260216,1,AT3G44060,AT3G44060,AT3G44060,0.0
3,Chr3_12711189.0,12711189,0.001260325,0,,,,
2,Chr2_2170251.0,2170251,0.001260553,1,AT2G05752,AT2G05752,AT2G05752,0.0
4,Chr4_12924928.0,12924928,0.001260818,1,AT4G25230,AT4G25230,AT4G25230,0.0
4,Chr4_12928527.0,12928527,0.001260818,1,AT4G25230,AT4G25230,AT4G25230,0.0
4,Chr4_3618586.0,3618586,0.001261085,0,,,,
1,Chr1_12249133.0,12249133,0.001262218,0,,,,
2,Chr2_17341361.0,17341361,0.001262425,0,,,,
2,Chr2_17341364.0,17341364,0.001262425,0,,,,
5,Chr5_22228752.0,22228752,0.001262776,1,AT5G54710,AT5G54710,AT5G54710,0.0
2,Chr2_384312.0,384312,0.001263059,0,,,,
2,Chr2_18594445.0,18594445,0.001263275,0,,,,
4,Chr4_3122575.0,3122575,0.001263623,0,,,,
3,Chr3_6749790.0,6749790,0.001263687,1,AT3G19470,AT3G19470,AT3G19470,0.0
4,Chr4_6789676.0,6789676,0.001264129,0,,,,
2,Chr2_6645391.0,6645391,0.001264524,1,AT2G15292,AT2G15292,AT2G15292,0.0
1,Chr1_12028095.0,12028095,0.001264604,1,AT1G33170,AT1G33170,AT1G33170,0.0
5,Chr5_11632219.0,11632219,0.0012651,0,,,,
5,Chr5_18712379.0,18712379,0.001265165,1,AT5G46160,AT5G46160,AT5G46160,0.0
5,Chr5_20784384.0,20784384,0.001265778,1,AT5G51140,AT5G51140,AT5G51140,0.0
5,Chr5_20785414.0,20785414,0.001265778,1,AT5G51140,AT5G51140,AT5G51140,0.0
2,Chr2_1830762.0,1830762,0.001266075,0,,,,
1,Chr1_4787458.0,4787458,0.001266168,0,,,,
1,Chr1_4787478.0,4787478,0.001266168,0,,,,
1,Chr1_4801337.0,4801337,0.001266168,1,AT1G14010,AT1G14010,AT1G14010,0.0
1,Chr1_4802817.0,4802817,0.001266168,1,AT1G14020,AT1G14020,AT1G14020,0.0
1,Chr1_4803789.0,4803789,0.001266168,1,AT1G14020,AT1G14020,AT1G14020,0.0
1,Chr1_4811501.0,4811501,0.001266168,1,AT1G14040,AT1G14040,AT1G14040,0.0
1,Chr1_6424750.0,6424750,0.001266176,1,AT1G18660,AT1G18660,AT1G18660,0.0
1,Chr1_6424786.0,6424786,0.001266176,1,AT1G18660,AT1G18660,AT1G18660,0.0
1,Chr1_6424812.0,6424812,0.001266176,1,AT1G18660,AT1G18660,AT1G18660,0.0
5,Chr5_13049942.0,13049942,0.001266275,0,,,,
4,Chr4_6243042.0,6243042,0.00126652,0,,,,
5,Chr5_11428561.0,11428561,0.001266816,0,,,,
5,Chr5_22411645.0,22411645,0.001267201,0,,,,
5,Chr5_9148166.0,9148166,0.001267251,0,,,,
5,Chr5_9148184.0,9148184,0.001267251,0,,,,
5,Chr5_13971594.0,13971594,0.001267356,0,,,,
4,Chr4_5744706.0,5744706,0.001267673,0,,,,
3,Chr3_15650725.0,15650725,0.001267816,0,,,,
1,Chr1_24442652.0,24442652,0.001267982,1,AT1G65730,AT1G65730,AT1G65730,0.0
1,Chr1_24442667.0,24442667,0.001267982,1,AT1G65730,AT1G65730,AT1G65730,0.0
3,Chr3_6268605.0,6268605,0.001268166,0,,,,
3,Chr3_20783670.0,20783670,0.001268186,1,AT3G56000,AT3G56000,AT3G56000,0.0
1,Chr1_17197800.0,17197800,0.001268877,0,,,,
5,Chr5_9859395.0,9859395,0.001269079,0,,,,
5,Chr5_8089204.0,8089204,0.001269265,0,,,,
2,Chr2_15613809.0,15613809,0.00126974,1,AT2G37170,AT2G37170,AT2G37170,0.0
5,Chr5_11061449.0,11061449,0.001270383,0,,,,
3,Chr3_14880797.0,14880797,0.001270728,0,,,,
3,Chr3_14885513.0,14885513,0.001270728,0,,,,
3,Chr3_14888171.0,14888171,0.001270728,0,,,,
1,Chr1_1000520.0,1000520,0.001270811,0,,,,
1,Chr1_1000521.0,1000521,0.001270811,0,,,,
1,Chr1_1000523.0,1000523,0.001270811,0,,,,
5,Chr5_9180227.0,9180227,0.001271176,0,,,,
3,Chr3_5820624.0,5820624,0.001271313,0,,,,
4,Chr4_1953855.0,1953855,0.001271341,0,,,,
4,Chr4_15323224.0,15323224,0.001272073,1,AT4G31620,AT4G31620,AT4G31620,0.0
3,Chr3_18652095.0,18652095,0.00127215,0,,,,
1,Chr1_29898526.0,29898526,0.001272516,1,AT1G79480,AT1G79480,AT1G79480,0.0
5,Chr5_10692757.0,10692757,0.001272645,0,,,,
4,Chr4_8619617.0,8619617,0.001272844,1,AT4G15093,AT4G15093,AT4G15093,0.0
3,Chr3_3375691.0,3375691,0.001273239,1,AT3G10780,AT3G10780,AT3G10780,0.0
4,Chr4_6488697.0,6488697,0.001273316,0,,,,
4,Chr4_11230865.0,11230865,0.001273425,0,,,,
1,Chr1_14503667.0,14503667,0.001273941,0,,,,
2,Chr2_554613.0,554613,0.001274193,1,AT2G02160,AT2G02160,AT2G02160,0.0
5,Chr5_6751937.0,6751937,0.001274519,0,,,,
4,Chr4_2064417.0,2064417,0.001274844,0,,,,
3,Chr3_14775462.0,14775462,0.001275037,0,,,,
4,Chr4_3195124.0,3195124,0.001275125,0,,,,
3,Chr3_5440329.0,5440329,0.001275256,1,AT3G16030,AT3G16030,AT3G16030,0.0
3,Chr3_5440334.0,5440334,0.001275256,1,AT3G16030,AT3G16030,AT3G16030,0.0
3,Chr3_5440337.0,5440337,0.001275256,1,AT3G16030,AT3G16030,AT3G16030,0.0
3,Chr3_5440341.0,5440341,0.001275256,1,AT3G16030,AT3G16030,AT3G16030,0.0
3,Chr3_5440352.0,5440352,0.001275256,1,AT3G16030,AT3G16030,AT3G16030,0.0
3,Chr3_5440361.0,5440361,0.001275256,1,AT3G16030,AT3G16030,AT3G16030,0.0
3,Chr3_5440383.0,5440383,0.001275256,1,AT3G16030,AT3G16030,AT3G16030,0.0
3,Chr3_5440398.0,5440398,0.001275256,1,AT3G16030,AT3G16030,AT3G16030,0.0
1,Chr1_4045434.0,4045434,0.001275286,0,,,,
5,Chr5_21090979.0,21090979,0.001275679,0,,,,
4,Chr4_17528338.0,17528338,0.001276136,1,AT4G37250,AT4G37250,AT4G37250,0.0
4,Chr4_17547031.0,17547031,0.001276897,1,AT4G37280,AT4G37280,AT4G37280,0.0
4,Chr4_6752102.0,6752102,0.001277135,0,,,,
3,Chr3_5795857.0,5795857,0.001277354,1,AT3G16990,AT3G16990,AT3G16990,0.0
3,Chr3_5801070.0,5801070,0.001277354,1,AT3G17010,AT3G17010,AT3G17010,0.0
3,Chr3_5803965.0,5803965,0.001277354,1,AT3G17020,AT3G17020,AT3G17020,0.0
5,Chr5_26829974.0,26829974,0.001277489,0,,,,
5,Chr5_15048377.0,15048377,0.001277683,0,,,,
5,Chr5_24959764.0,24959764,0.001278718,0,,,,
4,Chr4_7107045.0,7107045,0.001278738,1,AT4G11810,AT4G11810,AT4G11810,0.0
4,Chr4_7107046.0,7107046,0.001278738,1,AT4G11810,AT4G11810,AT4G11810,0.0
4,Chr4_1986557.0,1986557,0.001278808,0,,,,
4,Chr4_16873573.0,16873573,0.001278937,1,AT4G35530,AT4G35530,AT4G35530,0.0
1,Chr1_233825.0,233825,0.001279453,1,AT1G01650,AT1G01650,AT1G01650,0.0
2,Chr2_13362925.0,13362925,0.001279904,1,AT2G31340,AT2G31340,AT2G31340,0.0
2,Chr2_13365248.0,13365248,0.001279904,1,AT2G31345,AT2G31345,AT2G31345,0.0
1,Chr1_2873660.0,2873660,0.001280324,1,AT1G08930,AT1G08930,AT1G08930,0.0
1,Chr1_8645344.0,8645344,0.001280408,0,,,,
2,Chr2_715997.0,715997,0.001280668,0,,,,
1,Chr1_788051.0,788051,0.001280751,1,AT1G03220,AT1G03220,AT1G03220,0.0
1,Chr1_790949.0,790949,0.001280751,1,AT1G03230,AT1G03230,AT1G03230,0.0
5,Chr5_8288700.0,8288700,0.001281102,0,,,,
5,Chr5_19413882.0,19413882,0.001281405,0,,,,
5,Chr5_1257195.0,1257195,0.001281987,0,,,,
4,Chr4_7727728.0,7727728,0.001282331,0,,,,
5,Chr5_9652398.0,9652398,0.001282368,1,AT5G27350,AT5G27350,AT5G27350,0.0
3,Chr3_20585455.0,20585455,0.001282447,0,,,,
4,Chr4_9444387.0,9444387,0.001282472,0,,,,
4,Chr4_9444537.0,9444537,0.001282472,0,,,,
4,Chr4_9444566.0,9444566,0.001282472,0,,,,
1,Chr1_25527376.0,25527376,0.001282554,1,AT1G68120,AT1G68120,AT1G68120,0.0
1,Chr1_3863064.0,3863064,0.001282832,1,AT1G11475,AT1G11475,AT1G11475,0.0
5,Chr5_15173825.0,15173825,0.00128286,1,AT5G38030,AT5G38030,AT5G38030,0.0
4,Chr4_2068728.0,2068728,0.001282947,0,,,,
4,Chr4_2486439.0,2486439,0.001282975,1,AT4G04900,AT4G04900,AT4G04900,0.0
1,Chr1_174491.0,174491,0.001283374,0,,,,
1,Chr1_6592690.0,6592690,0.001283551,1,AT1G19090,AT1G19090,AT1G19090,0.0
1,Chr1_12252527.0,12252527,0.001283611,0,,,,
1,Chr1_27980429.0,27980429,0.001283807,0,,,,
4,Chr4_3397236.0,3397236,0.001283997,0,,,,
5,Chr5_14066247.0,14066247,0.001284025,0,,,,
2,Chr2_840656.0,840656,0.001284183,0,,,,
3,Chr3_10425480.0,10425480,0.001284262,1,AT3G28030,AT3G28030,AT3G28030,0.0
4,Chr4_8720204.0,8720204,0.001284576,1,AT4G15280,AT4G15280,AT4G15280,0.0
5,Chr5_16030410.0,16030410,0.001285113,0,,,,
5,Chr5_16030487.0,16030487,0.001285113,0,,,,
5,Chr5_16031446.0,16031446,0.001285113,0,,,,
5,Chr5_16031488.0,16031488,0.001285113,0,,,,
5,Chr5_16031548.0,16031548,0.001285113,0,,,,
5,Chr5_16031599.0,16031599,0.001285113,0,,,,
5,Chr5_16031651.0,16031651,0.001285113,0,,,,
5,Chr5_1184081.0,1184081,0.001285507,1,AT5G04270,AT5G04270,AT5G04270,0.0
5,Chr5_1184274.0,1184274,0.001285507,1,AT5G04270,AT5G04270,AT5G04270,0.0
5,Chr5_1184426.0,1184426,0.001285507,1,AT5G04270,AT5G04270,AT5G04270,0.0
5,Chr5_1184432.0,1184432,0.001285507,1,AT5G04270,AT5G04270,AT5G04270,0.0
5,Chr5_1184552.0,1184552,0.001285507,1,AT5G04270,AT5G04270,AT5G04270,0.0
5,Chr5_1184553.0,1184553,0.001285507,1,AT5G04270,AT5G04270,AT5G04270,0.0
5,Chr5_1184566.0,1184566,0.001285507,1,AT5G04270,AT5G04270,AT5G04270,0.0
5,Chr5_1184620.0,1184620,0.001285507,1,AT5G04270,AT5G04270,AT5G04270,0.0
5,Chr5_1184689.0,1184689,0.001285507,1,AT5G04270,AT5G04270,AT5G04270,0.0
5,Chr5_1184692.0,1184692,0.001285507,1,AT5G04270,AT5G04270,AT5G04270,0.0
5,Chr5_1184728.0,1184728,0.001285507,1,AT5G04270,AT5G04270,AT5G04270,0.0
5,Chr5_1184732.0,1184732,0.001285507,1,AT5G04270,AT5G04270,AT5G04270,0.0
5,Chr5_1184787.0,1184787,0.001285507,0,,,,
5,Chr5_1184793.0,1184793,0.001285507,0,,,,
5,Chr5_1184797.0,1184797,0.001285507,0,,,,
5,Chr5_1184800.0,1184800,0.001285507,0,,,,
5,Chr5_1184849.0,1184849,0.001285507,0,,,,
5,Chr5_1184867.0,1184867,0.001285507,0,,,,
5,Chr5_1184877.0,1184877,0.001285507,0,,,,
5,Chr5_1185466.0,1185466,0.001285507,0,,,,
5,Chr5_1185999.0,1185999,0.001285507,0,,,,
5,Chr5_1186031.0,1186031,0.001285507,0,,,,
5,Chr5_1186115.0,1186115,0.001285507,0,,,,
5,Chr5_1186146.0,1186146,0.001285507,0,,,,
5,Chr5_1186347.0,1186347,0.001285507,0,,,,
5,Chr5_1186416.0,1186416,0.001285507,0,,,,
5,Chr5_1186418.0,1186418,0.001285507,0,,,,
5,Chr5_1186438.0,1186438,0.001285507,0,,,,
5,Chr5_1187956.0,1187956,0.001285507,0,,,,
5,Chr5_1187961.0,1187961,0.001285507,0,,,,
2,Chr2_7872323.0,7872323,0.001286191,1,AT2G18110,AT2G18110,AT2G18110,0.0
4,Chr4_5424246.0,5424246,0.0012862,0,,,,
4,Chr4_10633170.0,10633170,0.001286208,0,,,,
4,Chr4_10633172.0,10633172,0.001286208,0,,,,
4,Chr4_10633189.0,10633189,0.001286208,0,,,,
5,Chr5_11438723.0,11438723,0.001286354,0,,,,
3,Chr3_4632007.0,4632007,0.001286927,1,AT3G14000,AT3G14000,AT3G14000,0.0
5,Chr5_20212202.0,20212202,0.001287025,1,AT5G49750,AT5G49750,AT5G49750,0.0
3,Chr3_5592264.0,5592264,0.001287101,0,,,,
5,Chr5_163258.0,163258,0.001287178,1,AT5G01400,AT5G01400,AT5G01400,0.0
5,Chr5_163375.0,163375,0.001287178,1,AT5G01400,AT5G01400,AT5G01400,0.0
3,Chr3_5657724.0,5657724,0.001287368,1,AT3G16610,AT3G16610,AT3G16610,0.0
3,Chr3_18857923.0,18857923,0.001287456,0,,,,
1,Chr1_4411344.0,4411344,0.001287554,0,,,,
1,Chr1_18886073.0,18886073,0.001288409,0,,,,
4,Chr4_6837475.0,6837475,0.001288572,0,,,,
4,Chr4_1984672.0,1984672,0.001288606,0,,,,
4,Chr4_1985082.0,1985082,0.001288606,0,,,,
4,Chr4_1985900.0,1985900,0.001288606,0,,,,
4,Chr4_1988871.0,1988871,0.001288606,0,,,,
4,Chr4_1989511.0,1989511,0.001288606,0,,,,
4,Chr4_1990933.0,1990933,0.001288606,0,,,,
1,Chr1_12501831.0,12501831,0.001288795,0,,,,
5,Chr5_487243.0,487243,0.00128889,0,,,,
4,Chr4_17699827.0,17699827,0.001289399,0,,,,
5,Chr5_24903326.0,24903326,0.001289556,0,,,,
1,Chr1_25362995.0,25362995,0.001290534,0,,,,
2,Chr2_9161952.0,9161952,0.001291194,0,,,,
2,Chr2_7908872.0,7908872,0.001291731,1,AT2G18170,AT2G18170,AT2G18170,0.0
1,Chr1_911301.0,911301,0.001291881,0,,,,
1,Chr1_911340.0,911340,0.001291881,0,,,,
3,Chr3_16928115.0,16928115,0.001292247,0,,,,
1,Chr1_27178383.0,27178383,0.001292409,0,,,,
4,Chr4_17674205.0,17674205,0.001292596,0,,,,
5,Chr5_5590769.0,5590769,0.001292732,1,AT5G17010,AT5G17010,AT5G17010,0.0
5,Chr5_5588561.0,5588561,0.001293126,1,AT5G17010,AT5G17010,AT5G17010,0.0
1,Chr1_24422829.0,24422829,0.001293794,1,AT1G65670,AT1G65670,AT1G65670,0.0
1,Chr1_24422888.0,24422888,0.001293794,1,AT1G65670,AT1G65670,AT1G65670,0.0
1,Chr1_24422907.0,24422907,0.001293794,1,AT1G65670,AT1G65670,AT1G65670,0.0
1,Chr1_24422920.0,24422920,0.001293794,1,AT1G65670,AT1G65670,AT1G65670,0.0
4,Chr4_9529382.0,9529382,0.001294048,0,,,,
5,Chr5_26938201.0,26938201,0.00129424,1,AT5G67510,AT5G67510,AT5G67510,0.0
5,Chr5_26941079.0,26941079,0.00129424,0,,,,
5,Chr5_26949056.0,26949056,0.00129424,1,AT5G67550,AT5G67550,AT5G67550,0.0
1,Chr1_2400473.0,2400473,0.001294568,1,AT1G07740,AT1G07740,AT1G07740,0.0
2,Chr2_6915840.0,6915840,0.001294871,0,,,,
5,Chr5_13891938.0,13891938,0.001294901,0,,,,
1,Chr1_28119124.0,28119124,0.00129499,1,AT1G74850,AT1G74850,AT1G74850,0.0
2,Chr2_13940966.0,13940966,0.001296022,1,AT2G32860,AT2G32860,AT2G32860,0.0
2,Chr2_13940967.0,13940967,0.001296022,1,AT2G32860,AT2G32860,AT2G32860,0.0
2,Chr2_16647629.0,16647629,0.001296231,0,,,,
2,Chr2_16653841.0,16653841,0.001296231,0,,,,
5,Chr5_20688256.0,20688256,0.001296287,1,AT5G50840,AT5G50840,AT5G50840,0.0
5,Chr5_20701626.0,20701626,0.001296287,1,AT5G50880,AT5G50880,AT5G50880,0.0
5,Chr5_7605689.0,7605689,0.001296316,0,,,,
4,Chr4_1943276.0,1943276,0.001296317,0,,,,
5,Chr5_26900955.0,26900955,0.001296336,0,,,,
3,Chr3_15410023.0,15410023,0.001296564,0,,,,
1,Chr1_1664377.0,1664377,0.001296723,1,AT1G05577,AT1G05577,AT1G05577,0.0
1,Chr1_4153543.0,4153543,0.001297217,0,,,,
1,Chr1_22262790.0,22262790,0.001297666,1,AT1G60420,AT1G60420,AT1G60420,0.0
4,Chr4_8442360.0,8442360,0.00129781,0,,,,
3,Chr3_3466837.0,3466837,0.001297977,1,AT3G11060,AT3G11060,AT3G11060,0.0
3,Chr3_3466838.0,3466838,0.001297977,1,AT3G11060,AT3G11060,AT3G11060,0.0
3,Chr3_3466840.0,3466840,0.001297977,1,AT3G11060,AT3G11060,AT3G11060,0.0
3,Chr3_3466845.0,3466845,0.001297977,1,AT3G11060,AT3G11060,AT3G11060,0.0
4,Chr4_770888.0,770888,0.00129877,1,AT4G01800,AT4G01800,AT4G01800,0.0
4,Chr4_772594.0,772594,0.00129877,1,AT4G01800,AT4G01800,AT4G01800,0.0
2,Chr2_16594528.0,16594528,0.001298972,0,,,,
4,Chr4_10984699.0,10984699,0.001299163,0,,,,
5,Chr5_15149064.0,15149064,0.001299658,0,,,,
3,Chr3_17841426.0,17841426,0.00129983,0,,,,
1,Chr1_16463015.0,16463015,0.001299959,0,,,,
1,Chr1_2917991.0,2917991,0.00130022,0,,,,
2,Chr2_7705483.0,7705483,0.001300243,1,AT2G17730,AT2G17730,AT2G17730,0.0
5,Chr5_873097.0,873097,0.001300516,0,,,,
1,Chr1_13609633.0,13609633,0.00130075,0,,,,
1,Chr1_964428.0,964428,0.001301023,1,AT1G03830,AT1G03830,AT1G03830,0.0
1,Chr1_964643.0,964643,0.001301023,1,AT1G03830,AT1G03830,AT1G03830,0.0
4,Chr4_15719857.0,15719857,0.001301301,1,AT4G32580,AT4G32580,AT4G32580,0.0
4,Chr4_14141107.0,14141107,0.001301624,0,,,,
2,Chr2_8767910.0,8767910,0.001301673,1,AT2G20320,AT2G20320,AT2G20320,0.0
2,Chr2_3590395.0,3590395,0.001301994,0,,,,
5,Chr5_5589029.0,5589029,0.001302353,1,AT5G17010,AT5G17010,AT5G17010,0.0
5,Chr5_5589556.0,5589556,0.001302353,1,AT5G17010,AT5G17010,AT5G17010,0.0
5,Chr5_5589861.0,5589861,0.001302353,1,AT5G17010,AT5G17010,AT5G17010,0.0
5,Chr5_5590015.0,5590015,0.001302353,1,AT5G17010,AT5G17010,AT5G17010,0.0
5,Chr5_5590056.0,5590056,0.001302353,1,AT5G17010,AT5G17010,AT5G17010,0.0
5,Chr5_5590084.0,5590084,0.001302353,1,AT5G17010,AT5G17010,AT5G17010,0.0
5,Chr5_5590179.0,5590179,0.001302353,1,AT5G17010,AT5G17010,AT5G17010,0.0
5,Chr5_5590208.0,5590208,0.001302353,1,AT5G17010,AT5G17010,AT5G17010,0.0
5,Chr5_5590295.0,5590295,0.001302353,1,AT5G17010,AT5G17010,AT5G17010,0.0
5,Chr5_5590378.0,5590378,0.001302353,1,AT5G17010,AT5G17010,AT5G17010,0.0
5,Chr5_5590482.0,5590482,0.001302353,1,AT5G17010,AT5G17010,AT5G17010,0.0
5,Chr5_5590686.0,5590686,0.001302353,1,AT5G17010,AT5G17010,AT5G17010,0.0
5,Chr5_5590901.0,5590901,0.001302353,1,AT5G17010,AT5G17010,AT5G17010,0.0
1,Chr1_28118881.0,28118881,0.001302382,1,AT1G74850,AT1G74850,AT1G74850,0.0
1,Chr1_21212631.0,21212631,0.00130244,1,AT1G56610,AT1G56610,AT1G56610,0.0
1,Chr1_16199636.0,16199636,0.001302606,0,,,,
1,Chr1_14236442.0,14236442,0.001303232,0,,,,
5,Chr5_14721958.0,14721958,0.001304173,1,AT5G37180,AT5G37180,AT5G37180,0.0
5,Chr5_14724198.0,14724198,0.001304173,1,AT5G37190,AT5G37190,AT5G37190,0.0
5,Chr5_14724650.0,14724650,0.001304173,1,AT5G37190,AT5G37190,AT5G37190,0.0
1,Chr1_25003906.0,25003906,0.001304307,0,,,,
2,Chr2_15358673.0,15358673,0.001304582,0,,,,
2,Chr2_10302309.0,10302309,0.001304609,1,AT2G24230,AT2G24230,AT2G24230,0.0
3,Chr3_12367148.0,12367148,0.001304617,0,,,,
1,Chr1_25846008.0,25846008,0.001304703,0,,,,
1,Chr1_25851281.0,25851281,0.001304703,0,,,,
1,Chr1_25854109.0,25854109,0.001304703,0,,,,
1,Chr1_25856637.0,25856637,0.001304703,0,,,,
1,Chr1_25857366.0,25857366,0.001304703,0,,,,
1,Chr1_25857496.0,25857496,0.001304703,0,,,,
1,Chr1_18425019.0,18425019,0.00130481,1,AT1G49770,AT1G49770,AT1G49770,0.0
1,Chr1_18425020.0,18425020,0.00130481,1,AT1G49770,AT1G49770,AT1G49770,0.0
4,Chr4_13212727.0,13212727,0.001305089,1,AT4G26050,AT4G26050,AT4G26050,0.0
4,Chr4_6862241.0,6862241,0.001305269,0,,,,
1,Chr1_4252819.0,4252819,0.001305296,1,AT1G12470,AT1G12470,AT1G12470,0.0
1,Chr1_4256399.0,4256399,0.001305296,1,AT1G12470,AT1G12470,AT1G12470,0.0
1,Chr1_4256740.0,4256740,0.001305296,1,AT1G12470,AT1G12470,AT1G12470,0.0
1,Chr1_4257230.0,4257230,0.001305296,1,AT1G12470,AT1G12470,AT1G12470,0.0
5,Chr5_19739095.0,19739095,0.001305348,1,AT5G48670,AT5G48670,AT5G48670,0.0
2,Chr2_13355625.0,13355625,0.001305468,1,AT2G31320,AT2G31320,AT2G31320,0.0
2,Chr2_13356154.0,13356154,0.001305468,1,AT2G31320,AT2G31320,AT2G31320,0.0
1,Chr1_13464563.0,13464563,0.00130548,0,,,,
4,Chr4_10390310.0,10390310,0.001305588,1,AT4G18970,AT4G18970,AT4G18970,0.0
4,Chr4_6872116.0,6872116,0.001306504,0,,,,
1,Chr1_13089725.0,13089725,0.001306777,0,,,,
1,Chr1_13090060.0,13090060,0.001306777,1,AT1G35530,AT1G35530,AT1G35530,0.0
3,Chr3_14875709.0,14875709,0.001306844,0,,,,
3,Chr3_20475909.0,20475909,0.001307042,0,,,,
3,Chr3_1039878.0,1039878,0.00130732,0,,,,
3,Chr3_1039887.0,1039887,0.00130732,0,,,,
3,Chr3_1039892.0,1039892,0.00130732,0,,,,
3,Chr3_1039894.0,1039894,0.00130732,0,,,,
2,Chr2_4093465.0,4093465,0.001307576,0,,,,
5,Chr5_11074835.0,11074835,0.001307868,0,,,,
5,Chr5_18613817.0,18613817,0.001307928,1,AT5G45890,AT5G45890,AT5G45890,0.0
4,Chr4_2458808.0,2458808,0.001307952,0,,,,
5,Chr5_22228711.0,22228711,0.001308027,1,AT5G54710,AT5G54710,AT5G54710,0.0
1,Chr1_22379816.0,22379816,0.00130818,0,,,,
1,Chr1_22380156.0,22380156,0.00130818,1,AT1G60790,AT1G60790,AT1G60790,0.0
5,Chr5_3196612.0,3196612,0.00130853,1,AT5G10180,AT5G10180,AT5G10180,0.0
5,Chr5_3196616.0,3196616,0.00130853,1,AT5G10180,AT5G10180,AT5G10180,0.0
2,Chr2_6186150.0,6186150,0.001308767,0,,,,
2,Chr2_6188793.0,6188793,0.001308767,1,AT2G14530,AT2G14530,AT2G14530,0.0
2,Chr2_6198072.0,6198072,0.001308767,1,AT2G14540,AT2G14540,AT2G14540,0.0
2,Chr2_6198818.0,6198818,0.001308767,1,AT2G14540,AT2G14540,AT2G14540,0.0
1,Chr1_22259420.0,22259420,0.001308919,1,AT1G60410,AT1G60410,AT1G60410,0.0
5,Chr5_4632249.0,4632249,0.001309069,1,AT5G14370,AT5G14370,AT5G14370,0.0
4,Chr4_8491529.0,8491529,0.001309245,0,,,,
4,Chr4_8491532.0,8491532,0.001309245,0,,,,
4,Chr4_8491535.0,8491535,0.001309245,0,,,,
1,Chr1_6446991.0,6446991,0.001309573,0,,,,
3,Chr3_9466656.0,9466656,0.001309709,0,,,,
3,Chr3_9466675.0,9466675,0.001309709,0,,,,
3,Chr3_9466676.0,9466676,0.001309709,0,,,,
3,Chr3_9466690.0,9466690,0.001309709,0,,,,
2,Chr2_7815022.0,7815022,0.001310262,0,,,,
5,Chr5_18956474.0,18956474,0.00131098,0,,,,
3,Chr3_11245712.0,11245712,0.00131223,0,,,,
3,Chr3_17873776.0,17873776,0.001312432,1,AT3G48260,AT3G48260,AT3G48260,0.0
3,Chr3_11247244.0,11247244,0.001312941,1,AT3G29300,AT3G29300,AT3G29300,0.0
5,Chr5_2502830.0,2502830,0.001313676,0,,,,
3,Chr3_9466694.0,9466694,0.001314171,0,,,,
5,Chr5_3448267.0,3448267,0.001314572,0,,,,
5,Chr5_3451145.0,3451145,0.001314572,1,AT5G10940,AT5G10940,AT5G10940,0.0
2,Chr2_16098897.0,16098897,0.001314664,1,AT2G38440,AT2G38440,AT2G38440,0.0
2,Chr2_16100008.0,16100008,0.001314664,1,AT2G38440,AT2G38440,AT2G38440,0.0
2,Chr2_16100092.0,16100092,0.001314664,1,AT2G38440,AT2G38440,AT2G38440,0.0
4,Chr4_15718000.0,15718000,0.001314699,1,AT4G32570,AT4G32570,AT4G32570,0.0
4,Chr4_8013269.0,8013269,0.00131491,0,,,,
4,Chr4_8013305.0,8013305,0.00131491,0,,,,
4,Chr4_13184675.0,13184675,0.001315448,1,AT4G25970,AT4G25970,AT4G25970,0.0
4,Chr4_13184679.0,13184679,0.001315448,1,AT4G25970,AT4G25970,AT4G25970,0.0
4,Chr4_13184697.0,13184697,0.001315448,1,AT4G25970,AT4G25970,AT4G25970,0.0
4,Chr4_13184739.0,13184739,0.001315448,1,AT4G25970,AT4G25970,AT4G25970,0.0
3,Chr3_15576393.0,15576393,0.001315922,0,,,,
5,Chr5_25911418.0,25911418,0.001316363,1,AT5G64813,AT5G64813,AT5G64813,0.0
5,Chr5_25918353.0,25918353,0.001316363,1,AT5G64840,AT5G64840,AT5G64840,0.0
2,Chr2_8067893.0,8067893,0.001316889,0,,,,
4,Chr4_10074022.0,10074022,0.00131732,1,AT4G18205,AT4G18205,AT4G18205,0.0
1,Chr1_8192273.0,8192273,0.00131779,0,,,,
1,Chr1_19142984.0,19142984,0.0013184,1,AT1G51630,AT1G51630,AT1G51630,0.0
1,Chr1_8677067.0,8677067,0.001318471,1,AT1G24480,AT1G24480,AT1G24480,0.0
3,Chr3_1040463.0,1040463,0.001318607,0,,,,
3,Chr3_1040471.0,1040471,0.001318607,0,,,,
3,Chr3_18628304.0,18628304,0.001318624,1,AT3G50240,AT3G50240,AT3G50240,0.0
3,Chr3_18628309.0,18628309,0.001318624,1,AT3G50240,AT3G50240,AT3G50240,0.0
2,Chr2_4115795.0,4115795,0.001318836,0,,,,
3,Chr3_22984417.0,22984417,0.001318937,1,AT3G62070,AT3G62070,AT3G62070,0.0
3,Chr3_14798895.0,14798895,0.001319352,0,,,,
5,Chr5_11402092.0,11402092,0.001319472,0,,,,
3,Chr3_13469476.0,13469476,0.001319495,0,,,,
2,Chr2_5502867.0,5502867,0.001320397,0,,,,
2,Chr2_5504153.0,5504153,0.001320397,0,,,,
2,Chr2_5504155.0,5504155,0.001320397,0,,,,
2,Chr2_5504438.0,5504438,0.001320397,0,,,,
5,Chr5_8813254.0,8813254,0.001320951,0,,,,
1,Chr1_14253113.0,14253113,0.001320952,0,,,,
1,Chr1_14253317.0,14253317,0.001320952,0,,,,
1,Chr1_14254387.0,14254387,0.001320952,0,,,,
1,Chr1_14254502.0,14254502,0.001320952,0,,,,
5,Chr5_6422830.0,6422830,0.001321115,0,,,,
2,Chr2_1084721.0,1084721,0.001321166,0,,,,
2,Chr2_1087011.0,1087011,0.001321166,0,,,,
2,Chr2_1093897.0,1093897,0.001321166,1,AT2G03580,AT2G03580,AT2G03580,0.0
2,Chr2_12909893.0,12909893,0.001321321,1,AT2G30280,AT2G30280,AT2G30280,0.0
1,Chr1_4269000.0,4269000,0.001321373,1,AT1G12530,AT1G12530,AT1G12530,0.0
2,Chr2_13426636.0,13426636,0.001321559,0,,,,
2,Chr2_13426709.0,13426709,0.001321559,0,,,,
2,Chr2_13426714.0,13426714,0.001321559,0,,,,
2,Chr2_13426749.0,13426749,0.001321559,0,,,,
2,Chr2_13426756.0,13426756,0.001321559,0,,,,
2,Chr2_13426783.0,13426783,0.001321559,0,,,,
2,Chr2_13426809.0,13426809,0.001321559,0,,,,
2,Chr2_13426903.0,13426903,0.001321559,0,,,,
2,Chr2_13426906.0,13426906,0.001321559,0,,,,
2,Chr2_13426909.0,13426909,0.001321559,0,,,,
2,Chr2_13426994.0,13426994,0.001321559,0,,,,
2,Chr2_13426996.0,13426996,0.001321559,0,,,,
2,Chr2_13427006.0,13427006,0.001321559,0,,,,
2,Chr2_13427023.0,13427023,0.001321559,1,AT2G31530,AT2G31530,AT2G31530,0.0
2,Chr2_13427024.0,13427024,0.001321559,1,AT2G31530,AT2G31530,AT2G31530,0.0
2,Chr2_13427071.0,13427071,0.001321559,1,AT2G31530,AT2G31530,AT2G31530,0.0
2,Chr2_13427093.0,13427093,0.001321559,1,AT2G31530,AT2G31530,AT2G31530,0.0
2,Chr2_13427278.0,13427278,0.001321559,1,AT2G31530,AT2G31530,AT2G31530,0.0
5,Chr5_873180.0,873180,0.001321856,0,,,,
5,Chr5_26937221.0,26937221,0.001321904,1,AT5G67500,AT5G67500,AT5G67500,0.0
5,Chr5_26938210.0,26938210,0.001321904,1,AT5G67510,AT5G67510,AT5G67510,0.0
4,Chr4_9310145.0,9310145,0.001322363,0,,,,
1,Chr1_8538051.0,8538051,0.001322498,0,,,,
4,Chr4_4687304.0,4687304,0.001322926,0,,,,
3,Chr3_18246672.0,18246672,0.001323022,0,,,,
5,Chr5_17001297.0,17001297,0.001323083,1,AT5G42520,AT5G42520,AT5G42520,0.0
1,Chr1_8137761.0,8137761,0.001323098,0,,,,
3,Chr3_3130384.0,3130384,0.001323414,1,AT3G10120,AT3G10120,AT3G10120,0.0
4,Chr4_18364378.0,18364378,0.00132405,0,,,,
1,Chr1_16462682.0,16462682,0.001324161,0,,,,
3,Chr3_18654187.0,18654187,0.001324162,1,AT3G50320,AT3G50320,AT3G50320,0.0
3,Chr3_18655073.0,18655073,0.001324162,0,,,,
2,Chr2_7434241.0,7434241,0.001324232,0,,,,
3,Chr3_4899564.0,4899564,0.001324306,1,AT3G14570,AT3G14570,AT3G14570,0.0
2,Chr2_19119919.0,19119919,0.001324349,1,AT2G46560,AT2G46560,AT2G46560,0.0
5,Chr5_15550135.0,15550135,0.001324567,0,,,,
2,Chr2_714715.0,714715,0.001324736,0,,,,
4,Chr4_9284446.0,9284446,0.001324981,0,,,,
2,Chr2_4780107.0,4780107,0.001325401,0,,,,
5,Chr5_26714501.0,26714501,0.001325487,0,,,,
5,Chr5_14897089.0,14897089,0.001325628,0,,,,
5,Chr5_22232704.0,22232704,0.001325721,1,AT5G54720,AT5G54720,AT5G54720,0.0
3,Chr3_14798782.0,14798782,0.001327493,0,,,,
4,Chr4_14270088.0,14270088,0.001327693,0,,,,
4,Chr4_14270160.0,14270160,0.001327693,0,,,,
3,Chr3_13024129.0,13024129,0.001328084,0,,,,
3,Chr3_13024133.0,13024133,0.001328084,0,,,,
4,Chr4_4434347.0,4434347,0.001328172,0,,,,
5,Chr5_19414813.0,19414813,0.001328286,0,,,,
5,Chr5_19415966.0,19415966,0.001328286,0,,,,
5,Chr5_19416159.0,19416159,0.001328286,0,,,,
1,Chr1_16058275.0,16058275,0.001328315,0,,,,
5,Chr5_25993603.0,25993603,0.001328767,1,AT5G65070,AT5G65070,AT5G65070,0.0
5,Chr5_25178329.0,25178329,0.001330005,0,,,,
3,Chr3_21516066.0,21516066,0.001330084,1,AT3G58100,AT3G58100,AT3G58100,0.0
5,Chr5_12515277.0,12515277,0.001330204,0,,,,
4,Chr4_2003199.0,2003199,0.00133029,0,,,,
3,Chr3_8364556.0,8364556,0.001330772,0,,,,
3,Chr3_8373376.0,8373376,0.001330772,0,,,,
1,Chr1_23571963.0,23571963,0.001330953,0,,,,
4,Chr4_761173.0,761173,0.001331079,0,,,,
2,Chr2_15765719.0,15765719,0.001331186,0,,,,
1,Chr1_528433.0,528433,0.00133124,1,AT1G02520,AT1G02520,AT1G02520,0.0
5,Chr5_20262891.0,20262891,0.001331786,0,,,,
4,Chr4_14886882.0,14886882,0.001332028,0,,,,
5,Chr5_6691613.0,6691613,0.001332621,0,,,,
1,Chr1_11937271.0,11937271,0.001332994,0,,,,
1,Chr1_11937280.0,11937280,0.001332994,0,,,,
1,Chr1_11937302.0,11937302,0.001332994,0,,,,
3,Chr3_14578875.0,14578875,0.001333968,0,,,,
3,Chr3_18025140.0,18025140,0.001334508,0,,,,
5,Chr5_9048414.0,9048414,0.001335218,0,,,,
5,Chr5_1237258.0,1237258,0.001335328,0,,,,
3,Chr3_3617003.0,3617003,0.001335662,1,AT3G11480,AT3G11480,AT3G11480,0.0
3,Chr3_3619394.0,3619394,0.001335662,1,AT3G11490,AT3G11490,AT3G11490,0.0
3,Chr3_3620976.0,3620976,0.001335662,0,,,,
4,Chr4_46757.0,46757,0.001335943,0,,,,
4,Chr4_48376.0,48376,0.001335943,1,AT4G00130,AT4G00130,AT4G00130,0.0
4,Chr4_48990.0,48990,0.001335943,1,AT4G00130,AT4G00130,AT4G00130,0.0
4,Chr4_50676.0,50676,0.001335943,0,,,,
4,Chr4_53966.0,53966,0.001335943,0,,,,
4,Chr4_54218.0,54218,0.001335943,0,,,,
1,Chr1_7839533.0,7839533,0.001337065,1,AT1G22200,AT1G22200,AT1G22200,0.0
2,Chr2_9529165.0,9529165,0.001337932,1,AT2G22440,AT2G22440,AT2G22440,0.0
2,Chr2_6366335.0,6366335,0.001338145,0,,,,
3,Chr3_13157571.0,13157571,0.001338584,0,,,,
2,Chr2_2190691.0,2190691,0.00133893,0,,,,
5,Chr5_5588514.0,5588514,0.001338941,1,AT5G17010,AT5G17010,AT5G17010,0.0
5,Chr5_5588659.0,5588659,0.001338941,1,AT5G17010,AT5G17010,AT5G17010,0.0
5,Chr5_5588967.0,5588967,0.001338941,1,AT5G17010,AT5G17010,AT5G17010,0.0
5,Chr5_5589184.0,5589184,0.001338941,1,AT5G17010,AT5G17010,AT5G17010,0.0
5,Chr5_5589420.0,5589420,0.001338941,1,AT5G17010,AT5G17010,AT5G17010,0.0
5,Chr5_5589795.0,5589795,0.001338941,1,AT5G17010,AT5G17010,AT5G17010,0.0
5,Chr5_5589826.0,5589826,0.001338941,1,AT5G17010,AT5G17010,AT5G17010,0.0
5,Chr5_5590334.0,5590334,0.001338941,1,AT5G17010,AT5G17010,AT5G17010,0.0
5,Chr5_5590703.0,5590703,0.001338941,1,AT5G17010,AT5G17010,AT5G17010,0.0
5,Chr5_5590761.0,5590761,0.001338941,1,AT5G17010,AT5G17010,AT5G17010,0.0
5,Chr5_5591157.0,5591157,0.001338941,1,AT5G17010,AT5G17010,AT5G17010,0.0
5,Chr5_5591452.0,5591452,0.001338941,1,AT5G17010,AT5G17010,AT5G17010,0.0
3,Chr3_12043189.0,12043189,0.001339069,0,,,,
2,Chr2_4060898.0,4060898,0.001339448,0,,,,
2,Chr2_4061526.0,4061526,0.001339448,0,,,,
2,Chr2_4062198.0,4062198,0.001339448,0,,,,
3,Chr3_21897390.0,21897390,0.001339913,1,AT3G59230,AT3G59230,AT3G59230,0.0
4,Chr4_6764777.0,6764777,0.001340109,1,AT4G11090,AT4G11090,AT4G11090,0.0
4,Chr4_6766831.0,6766831,0.001340109,0,,,,
4,Chr4_6770956.0,6770956,0.001340109,0,,,,
4,Chr4_6780243.0,6780243,0.001340109,0,,,,
4,Chr4_6787746.0,6787746,0.001340109,0,,,,
4,Chr4_6789240.0,6789240,0.001340109,0,,,,
4,Chr4_6791755.0,6791755,0.001340109,0,,,,
3,Chr3_5246493.0,5246493,0.001340221,0,,,,
1,Chr1_24422999.0,24422999,0.001340602,1,AT1G65670,AT1G65670,AT1G65670,0.0
1,Chr1_24423098.0,24423098,0.001340602,1,AT1G65670,AT1G65670,AT1G65670,0.0
1,Chr1_24423131.0,24423131,0.001340602,1,AT1G65670,AT1G65670,AT1G65670,0.0
5,Chr5_22203507.0,22203507,0.001340749,0,,,,
2,Chr2_13390751.0,13390751,0.001340771,0,,,,
3,Chr3_14750915.0,14750915,0.001340779,0,,,,
1,Chr1_18456779.0,18456779,0.001343257,0,,,,
4,Chr4_6788064.0,6788064,0.001343737,0,,,,
4,Chr4_11918782.0,11918782,0.001343783,1,AT4G22670,AT4G22670,AT4G22670,0.0
5,Chr5_11484945.0,11484945,0.001343789,0,,,,
5,Chr5_11485405.0,11485405,0.001343789,0,,,,
5,Chr5_11169448.0,11169448,0.001343794,0,,,,
5,Chr5_11170238.0,11170238,0.001343794,0,,,,
5,Chr5_10283976.0,10283976,0.001344251,0,,,,
4,Chr4_12933025.0,12933025,0.001344357,1,AT4G25240,AT4G25240,AT4G25240,0.0
4,Chr4_12945185.0,12945185,0.001344357,1,AT4G25300,AT4G25300,AT4G25300,0.0
4,Chr4_12947723.0,12947723,0.001344357,0,,,,
5,Chr5_2486705.0,2486705,0.001344671,1,AT5G07800,AT5G07800,AT5G07800,0.0
5,Chr5_25420855.0,25420855,0.00134529,1,AT5G63490,AT5G63490,AT5G63490,0.0
2,Chr2_5136919.0,5136919,0.001345294,0,,,,
2,Chr2_10825577.0,10825577,0.001345958,0,,,,
5,Chr5_9150483.0,9150483,0.001346277,1,AT5G26180,AT5G26180,AT5G26180,0.0
5,Chr5_9150495.0,9150495,0.001346277,1,AT5G26180,AT5G26180,AT5G26180,0.0
5,Chr5_9150497.0,9150497,0.001346277,1,AT5G26180,AT5G26180,AT5G26180,0.0
1,Chr1_27001469.0,27001469,0.001346432,1,AT1G71800,AT1G71800,AT1G71800,0.0
4,Chr4_14085862.0,14085862,0.001346888,1,AT4G28510,AT4G28510,AT4G28510,0.0
5,Chr5_15148901.0,15148901,0.001346954,0,,,,
2,Chr2_13366291.0,13366291,0.00134724,0,,,,
1,Chr1_16057833.0,16057833,0.001347346,0,,,,
5,Chr5_24894711.0,24894711,0.001348069,1,AT5G61980,AT5G61980,AT5G61980,0.0
5,Chr5_11448401.0,11448401,0.001348435,0,,,,
5,Chr5_8199680.0,8199680,0.001348787,0,,,,
5,Chr5_13719780.0,13719780,0.001349034,0,,,,
1,Chr1_20796060.0,20796060,0.001349153,0,,,,
2,Chr2_8066762.0,8066762,0.001349306,0,,,,
1,Chr1_21380487.0,21380487,0.001349901,0,,,,
5,Chr5_19726041.0,19726041,0.001350024,0,,,,
1,Chr1_18756141.0,18756141,0.001350165,0,,,,
5,Chr5_13930307.0,13930307,0.001350166,0,,,,
1,Chr1_15880222.0,15880222,0.001350305,0,,,,
1,Chr1_15881479.0,15881479,0.001350305,0,,,,
2,Chr2_13421837.0,13421837,0.001350329,0,,,,
2,Chr2_13426662.0,13426662,0.001350329,0,,,,
3,Chr3_14064300.0,14064300,0.001350789,0,,,,
5,Chr5_872295.0,872295,0.001351179,1,AT5G03490,AT5G03490,AT5G03490,0.0
5,Chr5_872321.0,872321,0.001351179,1,AT5G03490,AT5G03490,AT5G03490,0.0
1,Chr1_1790223.0,1790223,0.00135211,0,,,,
3,Chr3_11925632.0,11925632,0.001352361,0,,,,
4,Chr4_10156751.0,10156751,0.001352446,0,,,,
2,Chr2_99903.0,99903,0.001352551,0,,,,
1,Chr1_15911328.0,15911328,0.001352823,0,,,,
5,Chr5_13803971.0,13803971,0.001353096,0,,,,
3,Chr3_11373803.0,11373803,0.001354311,0,,,,
1,Chr1_9095082.0,9095082,0.00135557,0,,,,
1,Chr1_913363.0,913363,0.001355586,0,,,,
3,Chr3_3656991.0,3656991,0.001355762,0,,,,
5,Chr5_2512090.0,2512090,0.001355972,1,AT5G07860,AT5G07860,AT5G07860,0.0
5,Chr5_25921802.0,25921802,0.001356089,1,AT5G64850,AT5G64850,AT5G64850,0.0
5,Chr5_9021372.0,9021372,0.001356441,0,,,,
5,Chr5_18612787.0,18612787,0.001356755,0,,,,
5,Chr5_18579564.0,18579564,0.001357336,0,,,,
4,Chr4_16285350.0,16285350,0.00135734,0,,,,
1,Chr1_2892521.0,2892521,0.001357531,1,AT1G09000,AT1G09000,AT1G09000,0.0
2,Chr2_14559750.0,14559750,0.001357693,0,,,,
1,Chr1_15961997.0,15961997,0.001357711,0,,,,
5,Chr5_15050089.0,15050089,0.001358106,0,,,,
1,Chr1_19107492.0,19107492,0.001358816,1,AT1G51520,AT1G51520,AT1G51520,0.0
4,Chr4_2071964.0,2071964,0.001358844,0,,,,
4,Chr4_2311802.0,2311802,0.001359185,0,,,,
2,Chr2_10317978.0,10317978,0.001359537,0,,,,
4,Chr4_6797365.0,6797365,0.001359926,0,,,,
4,Chr4_6797424.0,6797424,0.001359926,0,,,,
5,Chr5_8411267.0,8411267,0.001360172,1,AT5G24580,AT5G24580,AT5G24580,0.0
5,Chr5_8411992.0,8411992,0.001360172,1,AT5G24580,AT5G24580,AT5G24580,0.0
1,Chr1_78485.0,78485,0.001360209,0,,,,
2,Chr2_17343200.0,17343200,0.001360357,0,,,,
4,Chr4_4883141.0,4883141,0.001360463,0,,,,
4,Chr4_16900874.0,16900874,0.001360468,0,,,,
5,Chr5_6411374.0,6411374,0.001361491,0,,,,
5,Chr5_18777328.0,18777328,0.00136175,0,,,,
1,Chr1_8538276.0,8538276,0.001362076,0,,,,
1,Chr1_8538302.0,8538302,0.001362076,0,,,,
1,Chr1_8538308.0,8538308,0.001362076,0,,,,
1,Chr1_8538310.0,8538310,0.001362076,0,,,,
2,Chr2_3660786.0,3660786,0.001362626,0,,,,
4,Chr4_2326937.0,2326937,0.001362651,1,AT4G04610,AT4G04610,AT4G04610,0.0
4,Chr4_2326984.0,2326984,0.001362651,1,AT4G04610,AT4G04610,AT4G04610,0.0
4,Chr4_2327220.0,2327220,0.001362651,1,AT4G04614,AT4G04614,AT4G04614,0.0
4,Chr4_2327225.0,2327225,0.001362651,1,AT4G04614,AT4G04614,AT4G04614,0.0
4,Chr4_2327231.0,2327231,0.001362651,1,AT4G04614,AT4G04614,AT4G04614,0.0
4,Chr4_2327239.0,2327239,0.001362651,1,AT4G04614,AT4G04614,AT4G04614,0.0
4,Chr4_2327258.0,2327258,0.001362651,1,AT4G04614,AT4G04614,AT4G04614,0.0
4,Chr4_2327286.0,2327286,0.001362651,1,AT4G04614,AT4G04614,AT4G04614,0.0
2,Chr2_98622.0,98622,0.00136322,0,,,,
1,Chr1_4323038.0,4323038,0.001363581,0,,,,
4,Chr4_13121828.0,13121828,0.001363809,1,AT4G25780,AT4G25780,AT4G25780,0.0
4,Chr4_13121871.0,13121871,0.001363809,1,AT4G25780,AT4G25780,AT4G25780,0.0
3,Chr3_3051082.0,3051082,0.001363934,1,AT3G09922,AT3G09922,AT3G09922,0.0
3,Chr3_3051113.0,3051113,0.001363934,1,AT3G09922,AT3G09922,AT3G09922,0.0
3,Chr3_5330643.0,5330643,0.001363962,1,AT3G15730,AT3G15730,AT3G15730,0.0
3,Chr3_5368734.0,5368734,0.001363962,1,AT3G15880,AT3G15880,AT3G15880,0.0
4,Chr4_18316117.0,18316117,0.001364251,1,AT4G39390,AT4G39390,AT4G39390,0.0
4,Chr4_5668862.0,5668862,0.001364311,1,AT4G08868,AT4G08868,AT4G08868,0.0
3,Chr3_12945802.0,12945802,0.001364441,0,,,,
3,Chr3_12945913.0,12945913,0.001364441,0,,,,
2,Chr2_7240467.0,7240467,0.001365342,0,,,,
5,Chr5_1258907.0,1258907,0.001365789,0,,,,
1,Chr1_12137637.0,12137637,0.001366001,0,,,,
5,Chr5_17949487.0,17949487,0.001366175,0,,,,
5,Chr5_304476.0,304476,0.001366425,0,,,,
4,Chr4_1912008.0,1912008,0.001366553,0,,,,
3,Chr3_18846319.0,18846319,0.001366599,1,AT3G50710,AT3G50710,AT3G50710,0.0
3,Chr3_18847674.0,18847674,0.001366599,1,AT3G50720,AT3G50720,AT3G50720,0.0
1,Chr1_4100056.0,4100056,0.001367235,0,,,,
1,Chr1_4102464.0,4102464,0.001367235,0,,,,
1,Chr1_3196511.0,3196511,0.001367737,1,AT1G09840,AT1G09840,AT1G09840,0.0
5,Chr5_26740480.0,26740480,0.001368753,1,AT5G66970,AT5G66970,AT5G66970,0.0
4,Chr4_1879085.0,1879085,0.001368785,0,,,,
4,Chr4_1879088.0,1879088,0.001368785,0,,,,
4,Chr4_8636135.0,8636135,0.001369295,0,,,,
1,Chr1_8539797.0,8539797,0.001369519,0,,,,
5,Chr5_22083291.0,22083291,0.001369867,0,,,,
4,Chr4_6684712.0,6684712,0.001369917,0,,,,
5,Chr5_15050386.0,15050386,0.001369926,1,AT5G37820,AT5G37820,AT5G37820,0.0
5,Chr5_10003349.0,10003349,0.001370193,0,,,,
2,Chr2_13668881.0,13668881,0.001370785,1,AT2G32170,AT2G32170,AT2G32170,0.0
4,Chr4_18066330.0,18066330,0.001371719,1,AT4G38660,AT4G38660,AT4G38660,0.0
3,Chr3_22712715.0,22712715,0.001371814,0,,,,
5,Chr5_15150808.0,15150808,0.001371913,0,,,,
3,Chr3_14009689.0,14009689,0.001372328,0,,,,
3,Chr3_11101800.0,11101800,0.001372708,0,,,,
2,Chr2_18591612.0,18591612,0.001372765,0,,,,
2,Chr2_18591634.0,18591634,0.001372765,0,,,,
2,Chr2_18594439.0,18594439,0.001372765,0,,,,
3,Chr3_19651995.0,19651995,0.001373998,1,AT3G52990,AT3G52990,AT3G52990,0.0
5,Chr5_896464.0,896464,0.001374004,0,,,,
1,Chr1_4238109.0,4238109,0.001374014,1,AT1G12430,AT1G12430,AT1G12430,0.0
1,Chr1_8538790.0,8538790,0.001374128,0,,,,
1,Chr1_8538821.0,8538821,0.001374128,0,,,,
3,Chr3_15623792.0,15623792,0.001374137,0,,,,
3,Chr3_15624289.0,15624289,0.001374137,0,,,,
3,Chr3_15625448.0,15625448,0.001374137,0,,,,
3,Chr3_15626169.0,15626169,0.001374137,0,,,,
3,Chr3_15627586.0,15627586,0.001374137,0,,,,
3,Chr3_15628120.0,15628120,0.001374137,0,,,,
3,Chr3_15628759.0,15628759,0.001374137,0,,,,
3,Chr3_15629044.0,15629044,0.001374137,0,,,,
3,Chr3_15629197.0,15629197,0.001374137,0,,,,
3,Chr3_15629328.0,15629328,0.001374137,0,,,,
3,Chr3_15630692.0,15630692,0.001374137,0,,,,
2,Chr2_6756277.0,6756277,0.001375053,0,,,,
2,Chr2_12895740.0,12895740,0.001375171,0,,,,
2,Chr2_12895923.0,12895923,0.001375171,0,,,,
5,Chr5_26695832.0,26695832,0.001375217,1,AT5G66850,AT5G66850,AT5G66850,0.0
5,Chr5_9145481.0,9145481,0.00137541,1,AT5G26160,AT5G26160,AT5G26160,0.0
2,Chr2_12191696.0,12191696,0.001375437,0,,,,
3,Chr3_10238278.0,10238278,0.001376494,0,,,,
3,Chr3_10238358.0,10238358,0.001376494,0,,,,
1,Chr1_30138719.0,30138719,0.001376779,0,,,,
4,Chr4_9066016.0,9066016,0.001376798,0,,,,
4,Chr4_9066018.0,9066018,0.001376798,0,,,,
4,Chr4_9067363.0,9067363,0.001376798,0,,,,
4,Chr4_9067364.0,9067364,0.001376798,0,,,,
4,Chr4_9082064.0,9082064,0.001376798,0,,,,
4,Chr4_9083213.0,9083213,0.001376798,0,,,,
4,Chr4_9083727.0,9083727,0.001376798,1,AT4G16030,AT4G16030,AT4G16030,0.0
4,Chr4_9083914.0,9083914,0.001376798,1,AT4G16030,AT4G16030,AT4G16030,0.0
5,Chr5_17243526.0,17243526,0.001377931,1,AT5G42980,AT5G42980,AT5G42980,0.0
4,Chr4_15359665.0,15359665,0.001378143,0,,,,
5,Chr5_8564707.0,8564707,0.00137817,1,AT5G24900,AT5G24900,AT5G24900,0.0
1,Chr1_18868630.0,18868630,0.001378195,1,AT1G50910,AT1G50910,AT1G50910,0.0
4,Chr4_14524926.0,14524926,0.001378212,0,,,,
2,Chr2_10532586.0,10532586,0.001378291,1,AT2G24735,AT2G24735,AT2G24735,0.0
4,Chr4_6281719.0,6281719,0.001379684,0,,,,
5,Chr5_15463790.0,15463790,0.001380173,0,,,,
1,Chr1_22627566.0,22627566,0.00138107,0,,,,
2,Chr2_12896743.0,12896743,0.001381203,0,,,,
2,Chr2_8957001.0,8957001,0.001381326,0,,,,
3,Chr3_9284558.0,9284558,0.001381365,0,,,,
3,Chr3_9284671.0,9284671,0.001381365,0,,,,
2,Chr2_5830360.0,5830360,0.00138142,0,,,,
5,Chr5_13347444.0,13347444,0.001381903,0,,,,
3,Chr3_11307677.0,11307677,0.001383185,0,,,,
3,Chr3_11307687.0,11307687,0.001383185,0,,,,
3,Chr3_11308273.0,11308273,0.001383185,0,,,,
4,Chr4_7707730.0,7707730,0.001383299,0,,,,
4,Chr4_9065081.0,9065081,0.001383906,0,,,,
1,Chr1_4066216.0,4066216,0.001384221,1,AT1G12030,AT1G12030,AT1G12030,0.0
3,Chr3_18992428.0,18992428,0.001384257,0,,,,
4,Chr4_4556684.0,4556684,0.001384379,0,,,,
3,Chr3_12109442.0,12109442,0.001384569,0,,,,
4,Chr4_954399.0,954399,0.001384695,0,,,,
1,Chr1_14251205.0,14251205,0.001384871,0,,,,
3,Chr3_15618751.0,15618751,0.001384902,0,,,,
3,Chr3_15528657.0,15528657,0.001385088,0,,,,
5,Chr5_26972403.0,26972403,0.001385102,0,,,,
2,Chr2_7247781.0,7247781,0.00138528,0,,,,
1,Chr1_10850662.0,10850662,0.001385575,0,,,,
5,Chr5_6447735.0,6447735,0.001385594,0,,,,
5,Chr5_16031818.0,16031818,0.001386174,0,,,,
1,Chr1_549700.0,549700,0.001386539,0,,,,
5,Chr5_14751497.0,14751497,0.001387381,1,AT5G37260,AT5G37260,AT5G37260,0.0
5,Chr5_14751616.0,14751616,0.001387381,1,AT5G37260,AT5G37260,AT5G37260,0.0
5,Chr5_14751675.0,14751675,0.001387381,1,AT5G37260,AT5G37260,AT5G37260,0.0
5,Chr5_14751785.0,14751785,0.001387381,1,AT5G37260,AT5G37260,AT5G37260,0.0
5,Chr5_14751857.0,14751857,0.001387381,1,AT5G37260,AT5G37260,AT5G37260,0.0
5,Chr5_14751907.0,14751907,0.001387381,1,AT5G37260,AT5G37260,AT5G37260,0.0
5,Chr5_14751917.0,14751917,0.001387381,1,AT5G37260,AT5G37260,AT5G37260,0.0
5,Chr5_14751935.0,14751935,0.001387381,1,AT5G37260,AT5G37260,AT5G37260,0.0
5,Chr5_14751964.0,14751964,0.001387381,1,AT5G37260,AT5G37260,AT5G37260,0.0
5,Chr5_14751966.0,14751966,0.001387381,1,AT5G37260,AT5G37260,AT5G37260,0.0
5,Chr5_14751999.0,14751999,0.001387381,1,AT5G37260,AT5G37260,AT5G37260,0.0
5,Chr5_14752062.0,14752062,0.001387381,1,AT5G37260,AT5G37260,AT5G37260,0.0
5,Chr5_14752077.0,14752077,0.001387381,1,AT5G37260,AT5G37260,AT5G37260,0.0
5,Chr5_14752083.0,14752083,0.001387381,1,AT5G37260,AT5G37260,AT5G37260,0.0
5,Chr5_14752187.0,14752187,0.001387381,1,AT5G37260,AT5G37260,AT5G37260,0.0
5,Chr5_14752205.0,14752205,0.001387381,1,AT5G37260,AT5G37260,AT5G37260,0.0
5,Chr5_14752222.0,14752222,0.001387381,1,AT5G37260,AT5G37260,AT5G37260,0.0
5,Chr5_14752274.0,14752274,0.001387381,1,AT5G37260,AT5G37260,AT5G37260,0.0
5,Chr5_14752322.0,14752322,0.001387381,1,AT5G37260,AT5G37260,AT5G37260,0.0
5,Chr5_14752507.0,14752507,0.001387381,1,AT5G37260,AT5G37260,AT5G37260,0.0
5,Chr5_14752607.0,14752607,0.001387381,1,AT5G37260,AT5G37260,AT5G37260,0.0
1,Chr1_26233087.0,26233087,0.001387523,1,AT1G69740,AT1G69740,AT1G69740,0.0
1,Chr1_26233128.0,26233128,0.001387523,1,AT1G69740,AT1G69740,AT1G69740,0.0
1,Chr1_26233137.0,26233137,0.001387523,1,AT1G69740,AT1G69740,AT1G69740,0.0
1,Chr1_26233190.0,26233190,0.001387523,1,AT1G69740,AT1G69740,AT1G69740,0.0
1,Chr1_26233200.0,26233200,0.001387523,1,AT1G69740,AT1G69740,AT1G69740,0.0
1,Chr1_26233210.0,26233210,0.001387523,1,AT1G69740,AT1G69740,AT1G69740,0.0
1,Chr1_26233236.0,26233236,0.001387523,1,AT1G69740,AT1G69740,AT1G69740,0.0
4,Chr4_10633492.0,10633492,0.001387708,0,,,,
5,Chr5_2517000.0,2517000,0.00138829,0,,,,
4,Chr4_3925465.0,3925465,0.001388536,0,,,,
1,Chr1_26626482.0,26626482,0.001388941,1,AT1G70610,AT1G70610,AT1G70610,0.0
1,Chr1_26630636.0,26630636,0.001388941,1,AT1G70620,AT1G70620,AT1G70620,0.0
1,Chr1_22270267.0,22270267,0.001388963,0,,,,
2,Chr2_8068220.0,8068220,0.001388973,0,,,,
4,Chr4_16282406.0,16282406,0.001389095,0,,,,
5,Chr5_24094070.0,24094070,0.001390135,0,,,,
2,Chr2_4283601.0,4283601,0.001390548,0,,,,
4,Chr4_18232327.0,18232327,0.00139065,0,,,,
4,Chr4_4275250.0,4275250,0.001390997,0,,,,
2,Chr2_6743089.0,6743089,0.001391066,0,,,,
4,Chr4_10633195.0,10633195,0.001391195,0,,,,
5,Chr5_1179912.0,1179912,0.001391225,1,AT5G04260,AT5G04260,AT5G04260,0.0
5,Chr5_1179922.0,1179922,0.001391225,1,AT5G04260,AT5G04260,AT5G04260,0.0
5,Chr5_1179949.0,1179949,0.001391225,1,AT5G04260,AT5G04260,AT5G04260,0.0
5,Chr5_1179992.0,1179992,0.001391225,1,AT5G04260,AT5G04260,AT5G04260,0.0
5,Chr5_1180126.0,1180126,0.001391225,0,,,,
5,Chr5_1180244.0,1180244,0.001391225,0,,,,
5,Chr5_1180304.0,1180304,0.001391225,0,,,,
5,Chr5_1180319.0,1180319,0.001391225,0,,,,
5,Chr5_1182078.0,1182078,0.001391225,0,,,,
5,Chr5_1182082.0,1182082,0.001391225,0,,,,
5,Chr5_1182128.0,1182128,0.001391225,0,,,,
5,Chr5_1182170.0,1182170,0.001391225,1,AT5G04267,AT5G04267,AT5G04267,0.0
5,Chr5_1182189.0,1182189,0.001391225,1,AT5G04267,AT5G04267,AT5G04267,0.0
5,Chr5_1182263.0,1182263,0.001391225,1,AT5G04267,AT5G04267,AT5G04267,0.0
5,Chr5_1182320.0,1182320,0.001391225,0,,,,
5,Chr5_1182373.0,1182373,0.001391225,0,,,,
5,Chr5_1182432.0,1182432,0.001391225,0,,,,
5,Chr5_1183812.0,1183812,0.001391225,1,AT5G04270,AT5G04270,AT5G04270,0.0
5,Chr5_1186159.0,1186159,0.001391225,0,,,,
5,Chr5_20235186.0,20235186,0.001391249,1,AT5G49800,AT5G49800,AT5G49800,0.0
2,Chr2_8766702.0,8766702,0.001391394,0,,,,
3,Chr3_5370016.0,5370016,0.00139176,1,AT3G15880,AT3G15880,AT3G15880,0.0
1,Chr1_23103210.0,23103210,0.001391963,1,AT1G62420,AT1G62420,AT1G62420,0.0
1,Chr1_23103308.0,23103308,0.001391963,1,AT1G62420,AT1G62420,AT1G62420,0.0
3,Chr3_14255420.0,14255420,0.001392164,0,,,,
1,Chr1_555042.0,555042,0.001392167,1,AT1G02610,AT1G02610,AT1G02610,0.0
1,Chr1_555050.0,555050,0.001392167,1,AT1G02610,AT1G02610,AT1G02610,0.0
1,Chr1_555052.0,555052,0.001392167,1,AT1G02610,AT1G02610,AT1G02610,0.0
1,Chr1_555109.0,555109,0.001392167,1,AT1G02610,AT1G02610,AT1G02610,0.0
5,Chr5_24328602.0,24328602,0.001392909,0,,,,
2,Chr2_12975894.0,12975894,0.001393193,0,,,,
2,Chr2_17340973.0,17340973,0.001393441,0,,,,
2,Chr2_17341003.0,17341003,0.001393441,0,,,,
2,Chr2_17341054.0,17341054,0.001393441,0,,,,
2,Chr2_13433604.0,13433604,0.001393522,0,,,,
5,Chr5_14758218.0,14758218,0.001393665,1,AT5G37270,AT5G37270,AT5G37270,0.0
4,Chr4_5387112.0,5387112,0.001393705,0,,,,
3,Chr3_10481948.0,10481948,0.001394746,0,,,,
2,Chr2_8710456.0,8710456,0.001394775,0,,,,
2,Chr2_8710457.0,8710457,0.001394775,0,,,,
3,Chr3_518697.0,518697,0.001394976,0,,,,
5,Chr5_7669710.0,7669710,0.001395257,0,,,,
4,Chr4_9088622.0,9088622,0.001395458,0,,,,
4,Chr4_9088773.0,9088773,0.001395458,0,,,,
2,Chr2_68194.0,68194,0.001395493,0,,,,
2,Chr2_69056.0,69056,0.001395493,1,AT2G01050,AT2G01050,AT2G01050,0.0
4,Chr4_957587.0,957587,0.001396208,0,,,,
2,Chr2_7389004.0,7389004,0.001396293,1,AT2G17000,AT2G17000,AT2G17000,0.0
1,Chr1_4498866.0,4498866,0.001396363,0,,,,
4,Chr4_2984559.0,2984559,0.001396376,0,,,,
2,Chr2_10377318.0,10377318,0.001396519,0,,,,
2,Chr2_10377321.0,10377321,0.001396519,0,,,,
2,Chr2_10377326.0,10377326,0.001396519,0,,,,
4,Chr4_16276553.0,16276553,0.001396772,0,,,,
1,Chr1_29497918.0,29497918,0.001396786,0,,,,
5,Chr5_10693258.0,10693258,0.001396832,0,,,,
5,Chr5_13999191.0,13999191,0.001397458,0,,,,
5,Chr5_13999337.0,13999337,0.001397458,0,,,,
4,Chr4_9336812.0,9336812,0.001397485,1,AT4G16570,AT4G16570,AT4G16570,0.0
5,Chr5_17337884.0,17337884,0.001397792,0,,,,
5,Chr5_9150610.0,9150610,0.001398109,1,AT5G26180,AT5G26180,AT5G26180,0.0
5,Chr5_9150626.0,9150626,0.001398109,1,AT5G26180,AT5G26180,AT5G26180,0.0
5,Chr5_13754743.0,13754743,0.00139837,0,,,,
5,Chr5_24100319.0,24100319,0.001398812,1,AT5G59810,AT5G59810,AT5G59810,0.0
2,Chr2_16101451.0,16101451,0.001398844,0,,,,
1,Chr1_3041930.0,3041930,0.001399384,0,,,,
1,Chr1_3043899.0,3043899,0.001399384,1,AT1G09430,AT1G09430,AT1G09430,0.0
1,Chr1_3049342.0,3049342,0.001399384,1,AT1G09450,AT1G09450,AT1G09450,0.0
3,Chr3_22700640.0,22700640,0.001399581,0,,,,
1,Chr1_3545728.0,3545728,0.00139969,0,,,,
1,Chr1_3582516.0,3582516,0.00139969,1,AT1G10760,AT1G10760,AT1G10760,0.0
3,Chr3_15865810.0,15865810,0.001400474,0,,,,
5,Chr5_46483.0,46483,0.001400656,1,AT5G01120,AT5G01120,AT5G01120,0.0
1,Chr1_11446551.0,11446551,0.001400746,1,AT1G31880,AT1G31880,AT1G31880,0.0
2,Chr2_8068028.0,8068028,0.001400751,0,,,,
3,Chr3_15950854.0,15950854,0.00140106,0,,,,
5,Chr5_15887263.0,15887263,0.001401441,0,,,,
4,Chr4_10633493.0,10633493,0.001401557,0,,,,
4,Chr4_16693768.0,16693768,0.001401559,0,,,,
5,Chr5_25446492.0,25446492,0.001401718,1,AT5G63550,AT5G63550,AT5G63550,0.0
5,Chr5_25448229.0,25448229,0.001401718,0,,,,
5,Chr5_25448295.0,25448295,0.001401718,0,,,,
5,Chr5_25449278.0,25449278,0.001401718,0,,,,
5,Chr5_25451929.0,25451929,0.001401718,1,AT5G63570,AT5G63570,AT5G63570,0.0
2,Chr2_4350604.0,4350604,0.001402233,0,,,,
2,Chr2_4350613.0,4350613,0.001402233,0,,,,
2,Chr2_4351020.0,4351020,0.001402233,0,,,,
2,Chr2_4351065.0,4351065,0.001402233,0,,,,
4,Chr4_10135848.0,10135848,0.001402291,0,,,,
2,Chr2_6379565.0,6379565,0.001402523,0,,,,
1,Chr1_1662147.0,1662147,0.001402783,1,AT1G05575,AT1G05575,AT1G05575,0.0
2,Chr2_6923194.0,6923194,0.001403261,0,,,,
1,Chr1_1696623.0,1696623,0.001403549,0,,,,
2,Chr2_10377315.0,10377315,0.001403667,0,,,,
2,Chr2_12918020.0,12918020,0.001403753,0,,,,
2,Chr2_12918197.0,12918197,0.001403753,0,,,,
4,Chr4_4817982.0,4817982,0.001403895,0,,,,
1,Chr1_1422146.0,1422146,0.001403916,0,,,,
2,Chr2_17042556.0,17042556,0.001404302,0,,,,
2,Chr2_1223778.0,1223778,0.001404379,0,,,,
5,Chr5_1232534.0,1232534,0.001406612,1,AT5G04370,AT5G04370,AT5G04370,0.0
4,Chr4_16094213.0,16094213,0.001406778,1,AT4G33440,AT4G33440,AT4G33440,0.0
4,Chr4_2551042.0,2551042,0.001407016,0,,,,
4,Chr4_2551047.0,2551047,0.001407016,0,,,,
1,Chr1_8537997.0,8537997,0.00140724,0,,,,
1,Chr1_8538006.0,8538006,0.00140724,0,,,,
1,Chr1_8538016.0,8538016,0.00140724,0,,,,
5,Chr5_10584583.0,10584583,0.001407263,0,,,,
4,Chr4_17843644.0,17843644,0.001407457,0,,,,
2,Chr2_13302921.0,13302921,0.001407467,1,AT2G31220,AT2G31220,AT2G31220,0.0
4,Chr4_16094060.0,16094060,0.001407977,1,AT4G33440,AT4G33440,AT4G33440,0.0
5,Chr5_14525351.0,14525351,0.001408113,1,AT5G36870,AT5G36870,AT5G36870,0.0
4,Chr4_9350405.0,9350405,0.001408118,1,AT4G16600,AT4G16600,AT4G16600,0.0
3,Chr3_11237473.0,11237473,0.001408379,1,AT3G29280,AT3G29280,AT3G29280,0.0
3,Chr3_22707292.0,22707292,0.001408461,1,AT3G61370,AT3G61370,AT3G61370,0.0
3,Chr3_20685871.0,20685871,0.001408491,0,,,,
3,Chr3_9017320.0,9017320,0.001408537,0,,,,
1,Chr1_21745334.0,21745334,0.001408891,0,,,,
1,Chr1_4914495.0,4914495,0.001410512,0,,,,
2,Chr2_9771156.0,9771156,0.001410837,2,AT2G22955;AT2G22960,AT2G22955,AT2G22955,0.0
5,Chr5_19027634.0,19027634,0.001411191,0,,,,
1,Chr1_4691630.0,4691630,0.001411568,1,AT1G13680,AT1G13680,AT1G13680,0.0
5,Chr5_1182112.0,1182112,0.001411621,0,,,,
4,Chr4_6888282.0,6888282,0.001412303,1,AT4G11320,AT4G11320,AT4G11320,0.0
4,Chr4_6888562.0,6888562,0.001412303,1,AT4G11320,AT4G11320,AT4G11320,0.0
3,Chr3_15564726.0,15564726,0.001412412,0,,,,
3,Chr3_15564731.0,15564731,0.001412412,0,,,,
5,Chr5_5970659.0,5970659,0.001412729,0,,,,
2,Chr2_9735390.0,9735390,0.001412923,0,,,,
5,Chr5_14066616.0,14066616,0.001413021,0,,,,
3,Chr3_16074951.0,16074951,0.001413549,0,,,,
1,Chr1_27611078.0,27611078,0.001413576,0,,,,
2,Chr2_7385794.0,7385794,0.001414206,1,AT2G16990,AT2G16990,AT2G16990,0.0
4,Chr4_6786020.0,6786020,0.001414526,0,,,,
2,Chr2_704757.0,704757,0.001415032,0,,,,
1,Chr1_21017340.0,21017340,0.001415459,0,,,,
3,Chr3_22714027.0,22714027,0.001415479,0,,,,
1,Chr1_18292476.0,18292476,0.001415808,1,AT1G49430,AT1G49430,AT1G49430,0.0
4,Chr4_15863416.0,15863416,0.001416181,0,,,,
4,Chr4_15863419.0,15863419,0.001416181,0,,,,
5,Chr5_12046235.0,12046235,0.001416354,0,,,,
5,Chr5_22135099.0,22135099,0.001416493,0,,,,
5,Chr5_8083396.0,8083396,0.001416778,1,AT5G23950,AT5G23950,AT5G23950,0.0
4,Chr4_17524187.0,17524187,0.001416966,0,,,,
5,Chr5_24707235.0,24707235,0.001417399,0,,,,
3,Chr3_10950988.0,10950988,0.001417759,0,,,,
1,Chr1_217247.0,217247,0.001417887,1,AT1G01590,AT1G01590,AT1G01590,0.0
1,Chr1_219152.0,219152,0.001417887,1,AT1G01600,AT1G01600,AT1G01600,0.0
1,Chr1_21224130.0,21224130,0.001417922,1,AT1G56630,AT1G56630,AT1G56630,0.0
3,Chr3_15487812.0,15487812,0.001418123,0,,,,
3,Chr3_15488088.0,15488088,0.001418123,0,,,,
3,Chr3_15488126.0,15488126,0.001418123,0,,,,
3,Chr3_15488378.0,15488378,0.001418123,0,,,,
3,Chr3_15489030.0,15489030,0.001418123,0,,,,
2,Chr2_6090702.0,6090702,0.001418738,0,,,,
5,Chr5_13360453.0,13360453,0.001419017,1,AT5G35100,AT5G35100,AT5G35100,0.0
2,Chr2_448132.0,448132,0.001419024,0,,,,
3,Chr3_17209646.0,17209646,0.001419024,0,,,,
3,Chr3_22701021.0,22701021,0.001419446,0,,,,
5,Chr5_10773024.0,10773024,0.001419579,0,,,,
4,Chr4_761588.0,761588,0.001419828,0,,,,
5,Chr5_408483.0,408483,0.001420024,0,,,,
5,Chr5_26931030.0,26931030,0.001420279,1,AT5G67480,AT5G67480,AT5G67480,0.0
1,Chr1_26626660.0,26626660,0.001420519,1,AT1G70620,AT1G70620,AT1G70620,0.0
4,Chr4_879777.0,879777,0.001421101,0,,,,
5,Chr5_23799582.0,23799582,0.00142111,1,AT5G58940,AT5G58940,AT5G58940,0.0
4,Chr4_536609.0,536609,0.001421705,1,AT4G01280,AT4G01280,AT4G01280,0.0
5,Chr5_7074175.0,7074175,0.00142182,0,,,,
5,Chr5_13884757.0,13884757,0.001422141,0,,,,
3,Chr3_8660047.0,8660047,0.001422216,0,,,,
1,Chr1_11276464.0,11276464,0.001423526,1,AT1G31500,AT1G31500,AT1G31500,0.0
4,Chr4_13252623.0,13252623,0.001423711,0,,,,
5,Chr5_306401.0,306401,0.001423863,0,,,,
5,Chr5_306428.0,306428,0.001423863,0,,,,
1,Chr1_4976201.0,4976201,0.001423907,0,,,,
1,Chr1_4978752.0,4978752,0.001423907,0,,,,
5,Chr5_10282321.0,10282321,0.001424376,1,AT5G28290,AT5G28290,AT5G28290,0.0
3,Chr3_7926595.0,7926595,0.001424471,0,,,,
1,Chr1_7522496.0,7522496,0.001424544,0,,,,
5,Chr5_14661125.0,14661125,0.001424618,0,,,,
4,Chr4_9517291.0,9517291,0.001424645,1,AT4G16915,AT4G16915,AT4G16915,0.0
2,Chr2_1437113.0,1437113,0.001424646,0,,,,
4,Chr4_553778.0,553778,0.00142505,1,AT4G01335,AT4G01335,AT4G01335,0.0
2,Chr2_16690674.0,16690674,0.001425337,0,,,,
2,Chr2_16692836.0,16692836,0.001425337,0,,,,
1,Chr1_28731972.0,28731972,0.001425404,0,,,,
3,Chr3_17644172.0,17644172,0.001425453,0,,,,
5,Chr5_16364225.0,16364225,0.001425692,0,,,,
2,Chr2_8545678.0,8545678,0.001425969,0,,,,
4,Chr4_7107273.0,7107273,0.001426099,1,AT4G11810,AT4G11810,AT4G11810,0.0
3,Chr3_7845803.0,7845803,0.001426134,0,,,,
5,Chr5_8369960.0,8369960,0.001426328,0,,,,
2,Chr2_13332574.0,13332574,0.001426968,0,,,,
2,Chr2_11619122.0,11619122,0.001427682,0,,,,
2,Chr2_11619126.0,11619126,0.001427682,0,,,,
4,Chr4_17525603.0,17525603,0.001427878,0,,,,
3,Chr3_13101856.0,13101856,0.001428259,0,,,,
2,Chr2_11867001.0,11867001,0.001428754,0,,,,
5,Chr5_6812729.0,6812729,0.00142926,0,,,,
5,Chr5_6812816.0,6812816,0.00142926,0,,,,
5,Chr5_6812848.0,6812848,0.00142926,0,,,,
5,Chr5_6812901.0,6812901,0.00142926,0,,,,
5,Chr5_6812906.0,6812906,0.00142926,0,,,,
5,Chr5_6812910.0,6812910,0.00142926,0,,,,
5,Chr5_6812984.0,6812984,0.00142926,0,,,,
5,Chr5_6812992.0,6812992,0.00142926,0,,,,
5,Chr5_6813097.0,6813097,0.00142926,0,,,,
5,Chr5_6813109.0,6813109,0.00142926,0,,,,
5,Chr5_6813120.0,6813120,0.00142926,0,,,,
5,Chr5_6813502.0,6813502,0.00142926,0,,,,
5,Chr5_6813515.0,6813515,0.00142926,0,,,,
5,Chr5_6813525.0,6813525,0.00142926,0,,,,
5,Chr5_6813582.0,6813582,0.00142926,0,,,,
5,Chr5_6813684.0,6813684,0.00142926,0,,,,
5,Chr5_6813742.0,6813742,0.00142926,0,,,,
5,Chr5_6813955.0,6813955,0.00142926,0,,,,
5,Chr5_6813998.0,6813998,0.00142926,0,,,,
1,Chr1_5507259.0,5507259,0.001429919,0,,,,
1,Chr1_5507329.0,5507329,0.001429919,0,,,,
1,Chr1_5507373.0,5507373,0.001429919,0,,,,
3,Chr3_7818166.0,7818166,0.001429934,1,AT3G22160,AT3G22160,AT3G22160,0.0
5,Chr5_17329869.0,17329869,0.001429938,1,AT5G43160,AT5G43160,AT5G43160,0.0
5,Chr5_17330738.0,17330738,0.001429938,1,AT5G43160,AT5G43160,AT5G43160,0.0
5,Chr5_22228915.0,22228915,0.001430042,1,AT5G54710,AT5G54710,AT5G54710,0.0
3,Chr3_3587033.0,3587033,0.001430112,0,,,,
3,Chr3_3587441.0,3587441,0.001430112,0,,,,
3,Chr3_3588166.0,3588166,0.001430112,0,,,,
1,Chr1_2285142.0,2285142,0.00143015,0,,,,
5,Chr5_1417850.0,1417850,0.001430422,1,AT5G04870,AT5G04870,AT5G04870,0.0
2,Chr2_9167358.0,9167358,0.00143055,1,AT2G21410,AT2G21410,AT2G21410,0.0
4,Chr4_12133652.0,12133652,0.001431722,1,AT4G23160,AT4G23160,AT4G23160,0.0
4,Chr4_15719935.0,15719935,0.001431873,1,AT4G32580,AT4G32580,AT4G32580,0.0
2,Chr2_17116071.0,17116071,0.001432552,0,,,,
4,Chr4_18316734.0,18316734,0.001433231,1,AT4G39390,AT4G39390,AT4G39390,0.0
5,Chr5_16993410.0,16993410,0.001433611,0,,,,
5,Chr5_16993415.0,16993415,0.001433611,0,,,,
5,Chr5_16993494.0,16993494,0.001433611,0,,,,
2,Chr2_13451438.0,13451438,0.001433786,1,AT2G31610,AT2G31610,AT2G31610,0.0
1,Chr1_22557730.0,22557730,0.001433855,1,AT1G61190,AT1G61190,AT1G61190,0.0
1,Chr1_4267421.0,4267421,0.001433959,1,AT1G12520,AT1G12520,AT1G12520,0.0
5,Chr5_1237025.0,1237025,0.001434082,0,,,,
5,Chr5_1237040.0,1237040,0.001434082,0,,,,
5,Chr5_1237231.0,1237231,0.001434082,0,,,,
5,Chr5_1237272.0,1237272,0.001434082,0,,,,
5,Chr5_1237307.0,1237307,0.001434082,0,,,,
2,Chr2_7997626.0,7997626,0.001434214,1,AT2G18450,AT2G18450,AT2G18450,0.0
1,Chr1_13635486.0,13635486,0.001435427,1,AT1G36272,AT1G36272,AT1G36272,0.0
1,Chr1_21413953.0,21413953,0.001435897,0,,,,
1,Chr1_21417237.0,21417237,0.001435897,1,AT1G57820,AT1G57820,AT1G57820,0.0
1,Chr1_49493.0,49493,0.001435974,0,,,,
4,Chr4_8926241.0,8926241,0.001436533,1,AT4G15660,AT4G15660,AT4G15660,0.0
5,Chr5_13891664.0,13891664,0.001436653,0,,,,
5,Chr5_11468753.0,11468753,0.001436811,0,,,,
3,Chr3_9937134.0,9937134,0.001436849,1,AT3G26940,AT3G26940,AT3G26940,0.0
3,Chr3_9382627.0,9382627,0.001437152,0,,,,
5,Chr5_1054489.0,1054489,0.00143722,1,AT5G03910,AT5G03910,AT5G03910,0.0
1,Chr1_5504342.0,5504342,0.001437379,1,AT1G16030,AT1G16030,AT1G16030,0.0
5,Chr5_9150299.0,9150299,0.001437386,1,AT5G26180,AT5G26180,AT5G26180,0.0
5,Chr5_9749172.0,9749172,0.001437573,0,,,,
2,Chr2_6644864.0,6644864,0.001438842,1,AT2G15292,AT2G15292,AT2G15292,0.0
1,Chr1_4339030.0,4339030,0.001438938,0,,,,
4,Chr4_15958798.0,15958798,0.00143944,0,,,,
3,Chr3_6597125.0,6597125,0.001439514,1,AT3G19080,AT3G19080,AT3G19080,0.0
5,Chr5_11056416.0,11056416,0.001439636,0,,,,
5,Chr5_4175169.0,4175169,0.001440147,0,,,,
1,Chr1_21612659.0,21612659,0.001440455,1,AT1G58270,AT1G58270,AT1G58270,0.0
3,Chr3_4117689.0,4117689,0.001440502,0,,,,
1,Chr1_13870415.0,13870415,0.001440679,0,,,,
3,Chr3_4631324.0,4631324,0.001440746,1,AT3G14000,AT3G14000,AT3G14000,0.0
3,Chr3_4631326.0,4631326,0.001440746,1,AT3G14000,AT3G14000,AT3G14000,0.0
1,Chr1_26191594.0,26191594,0.001440947,0,,,,
3,Chr3_12159525.0,12159525,0.001441101,0,,,,
3,Chr3_16333322.0,16333322,0.001441145,0,,,,
4,Chr4_17671075.0,17671075,0.001441405,1,AT4G37610,AT4G37610,AT4G37610,0.0
5,Chr5_5602894.0,5602894,0.001441712,1,AT5G17020,AT5G17020,AT5G17020,0.0
5,Chr5_11085658.0,11085658,0.001442067,0,,,,
2,Chr2_8816320.0,8816320,0.001443156,0,,,,
1,Chr1_16698923.0,16698923,0.001443471,0,,,,
5,Chr5_4156208.0,4156208,0.001443913,0,,,,
4,Chr4_6152509.0,6152509,0.001444564,0,,,,
4,Chr4_10131878.0,10131878,0.001445561,1,AT4G18340,AT4G18340,AT4G18340,0.0
4,Chr4_10131985.0,10131985,0.001445561,1,AT4G18340,AT4G18340,AT4G18340,0.0
3,Chr3_15203512.0,15203512,0.001445563,0,,,,
4,Chr4_7710753.0,7710753,0.001445888,0,,,,
5,Chr5_5594297.0,5594297,0.001446876,0,,,,
2,Chr2_3756567.0,3756567,0.001446895,0,,,,
1,Chr1_11669342.0,11669342,0.001446963,0,,,,
1,Chr1_13461622.0,13461622,0.001447895,0,,,,
1,Chr1_13462137.0,13462137,0.001447895,0,,,,
1,Chr1_13463580.0,13463580,0.001447895,0,,,,
1,Chr1_13464244.0,13464244,0.001447895,0,,,,
1,Chr1_13464562.0,13464562,0.001447895,0,,,,
1,Chr1_13464584.0,13464584,0.001447895,0,,,,
1,Chr1_13464601.0,13464601,0.001447895,0,,,,
1,Chr1_13467592.0,13467592,0.001447895,1,AT1G36070,AT1G36070,AT1G36070,0.0
5,Chr5_14744530.0,14744530,0.001447911,0,,,,
4,Chr4_14908046.0,14908046,0.001448105,1,AT4G30520,AT4G30520,AT4G30520,0.0
5,Chr5_8881068.0,8881068,0.001448159,1,AT5G25500,AT5G25500,AT5G25500,0.0
5,Chr5_5719050.0,5719050,0.001448165,1,AT5G17350,AT5G17350,AT5G17350,0.0
1,Chr1_12316559.0,12316559,0.001448342,0,,,,
1,Chr1_12324166.0,12324166,0.001448342,1,AT1G33930,AT1G33930,AT1G33930,0.0
4,Chr4_17982341.0,17982341,0.001448725,0,,,,
2,Chr2_9173394.0,9173394,0.001448755,0,,,,
4,Chr4_9048850.0,9048850,0.001449699,0,,,,
4,Chr4_8291951.0,8291951,0.001450115,1,AT4G14390,AT4G14390,AT4G14390,0.0
2,Chr2_4322449.0,4322449,0.00145015,0,,,,
1,Chr1_18885657.0,18885657,0.001450161,0,,,,
4,Chr4_7374404.0,7374404,0.001450308,0,,,,
4,Chr4_9204758.0,9204758,0.001450553,0,,,,
4,Chr4_9211894.0,9211894,0.001450553,1,AT4G16280,AT4G16280,AT4G16280,0.0
4,Chr4_9256257.0,9256257,0.001450553,0,,,,
4,Chr4_9265499.0,9265499,0.001450553,1,AT4G16420,AT4G16420,AT4G16420,0.0
4,Chr4_9312684.0,9312684,0.001450553,1,AT4G16530,AT4G16530,AT4G16530,0.0
4,Chr4_9361290.0,9361290,0.001450553,0,,,,
4,Chr4_9370460.0,9370460,0.001450553,0,,,,
4,Chr4_9389397.0,9389397,0.001450553,1,AT4G16680,AT4G16680,AT4G16680,0.0
4,Chr4_9547211.0,9547211,0.001450553,1,AT4G16960,AT4G16960,AT4G16960,0.0
4,Chr4_9644054.0,9644054,0.001450553,0,,,,
4,Chr4_9646575.0,9646575,0.001450553,1,AT4G17180,AT4G17180,AT4G17180,0.0
4,Chr4_9647430.0,9647430,0.001450553,1,AT4G17180,AT4G17180,AT4G17180,0.0
4,Chr4_9704413.0,9704413,0.001450553,1,AT4G17360,AT4G17360,AT4G17360,0.0
4,Chr4_9818745.0,9818745,0.001450553,1,AT4G17615,AT4G17615,AT4G17615,0.0
4,Chr4_9835332.0,9835332,0.001450553,0,,,,
4,Chr4_2231321.0,2231321,0.001450734,0,,,,
1,Chr1_29782943.0,29782943,0.001451414,0,,,,
5,Chr5_13734480.0,13734480,0.001451488,0,,,,
3,Chr3_12715622.0,12715622,0.001452158,0,,,,
3,Chr3_14069324.0,14069324,0.001452639,0,,,,
1,Chr1_554693.0,554693,0.001452789,1,AT1G02610,AT1G02610,AT1G02610,0.0
1,Chr1_13645772.0,13645772,0.001453005,0,,,,
5,Chr5_5720143.0,5720143,0.001453019,0,,,,
2,Chr2_12918650.0,12918650,0.0014531,0,,,,
2,Chr2_12918675.0,12918675,0.0014531,0,,,,
5,Chr5_22228811.0,22228811,0.001453239,1,AT5G54710,AT5G54710,AT5G54710,0.0
4,Chr4_2056885.0,2056885,0.001453245,0,,,,
4,Chr4_2110703.0,2110703,0.001453245,0,,,,
5,Chr5_11194402.0,11194402,0.00145378,0,,,,
5,Chr5_13888956.0,13888956,0.001453973,0,,,,
5,Chr5_13889042.0,13889042,0.001453973,0,,,,
5,Chr5_13889500.0,13889500,0.001453973,0,,,,
5,Chr5_13889606.0,13889606,0.001453973,0,,,,
1,Chr1_7682131.0,7682131,0.00145403,1,AT1G21880,AT1G21880,AT1G21880,0.0
1,Chr1_7682510.0,7682510,0.00145403,1,AT1G21880,AT1G21880,AT1G21880,0.0
5,Chr5_22150095.0,22150095,0.001454683,0,,,,
2,Chr2_2661995.0,2661995,0.001455108,0,,,,
1,Chr1_18473870.0,18473870,0.001455495,0,,,,
4,Chr4_9305249.0,9305249,0.001455956,0,,,,
2,Chr2_9043543.0,9043543,0.001456067,1,AT2G21070,AT2G21070,AT2G21070,0.0
1,Chr1_18321044.0,18321044,0.00145615,0,,,,
4,Chr4_2245594.0,2245594,0.001456386,0,,,,
4,Chr4_2245764.0,2245764,0.001456386,0,,,,
4,Chr4_2245883.0,2245883,0.001456386,0,,,,
4,Chr4_2246115.0,2246115,0.001456386,0,,,,
4,Chr4_2246403.0,2246403,0.001456386,0,,,,
4,Chr4_2246464.0,2246464,0.001456386,0,,,,
4,Chr4_2247065.0,2247065,0.001456386,0,,,,
4,Chr4_2247435.0,2247435,0.001456386,0,,,,
4,Chr4_2248334.0,2248334,0.001456386,0,,,,
4,Chr4_2249383.0,2249383,0.001456386,0,,,,
4,Chr4_2250144.0,2250144,0.001456386,0,,,,
4,Chr4_2250968.0,2250968,0.001456386,0,,,,
4,Chr4_2251117.0,2251117,0.001456386,0,,,,
4,Chr4_2251504.0,2251504,0.001456386,0,,,,
4,Chr4_2251730.0,2251730,0.001456386,0,,,,
4,Chr4_2252196.0,2252196,0.001456386,0,,,,
4,Chr4_2252268.0,2252268,0.001456386,0,,,,
4,Chr4_2252505.0,2252505,0.001456386,0,,,,
4,Chr4_2253435.0,2253435,0.001456386,0,,,,
4,Chr4_10905292.0,10905292,0.001456411,0,,,,
4,Chr4_8718907.0,8718907,0.001456431,0,,,,
4,Chr4_8718960.0,8718960,0.001456431,0,,,,
4,Chr4_8718967.0,8718967,0.001456431,0,,,,
4,Chr4_12952184.0,12952184,0.001456993,1,AT4G25315,AT4G25315,AT4G25315,0.0
4,Chr4_17637904.0,17637904,0.001457142,0,,,,
4,Chr4_10054821.0,10054821,0.001457322,0,,,,
4,Chr4_11925143.0,11925143,0.001457726,0,,,,
4,Chr4_11925153.0,11925153,0.001457726,0,,,,
4,Chr4_11925169.0,11925169,0.001457726,0,,,,
5,Chr5_5170747.0,5170747,0.001457824,0,,,,
5,Chr5_6844300.0,6844300,0.001458463,0,,,,
1,Chr1_18361257.0,18361257,0.001458669,0,,,,
4,Chr4_2735321.0,2735321,0.001458938,0,,,,
1,Chr1_15881905.0,15881905,0.001459478,0,,,,
5,Chr5_8435885.0,8435885,0.001459911,1,AT5G24630,AT5G24630,AT5G24630,0.0
3,Chr3_14881355.0,14881355,0.001460207,0,,,,
5,Chr5_9148621.0,9148621,0.001460316,0,,,,
5,Chr5_9148634.0,9148634,0.001460316,0,,,,
2,Chr2_13668200.0,13668200,0.00146041,1,AT2G32170,AT2G32170,AT2G32170,0.0
3,Chr3_3366253.0,3366253,0.001460713,0,,,,
4,Chr4_16508969.0,16508969,0.001461122,0,,,,
1,Chr1_21994021.0,21994021,0.001461517,1,AT1G59780,AT1G59780,AT1G59780,0.0
1,Chr1_12096763.0,12096763,0.001462026,0,,,,
5,Chr5_26699592.0,26699592,0.001462097,0,,,,
5,Chr5_26699600.0,26699600,0.001462097,0,,,,
5,Chr5_26699609.0,26699609,0.001462097,0,,,,
5,Chr5_26699610.0,26699610,0.001462097,0,,,,
5,Chr5_26699614.0,26699614,0.001462097,0,,,,
5,Chr5_26699639.0,26699639,0.001462097,0,,,,
5,Chr5_26699647.0,26699647,0.001462097,0,,,,
5,Chr5_26699648.0,26699648,0.001462097,0,,,,
1,Chr1_8706596.0,8706596,0.001462449,0,,,,
2,Chr2_18594694.0,18594694,0.001463056,0,,,,
2,Chr2_18594773.0,18594773,0.001463056,0,,,,
2,Chr2_18595699.0,18595699,0.001463056,1,AT2G45100,AT2G45100,AT2G45100,0.0
3,Chr3_14067499.0,14067499,0.00146306,0,,,,
5,Chr5_5437282.0,5437282,0.001463114,0,,,,
5,Chr5_5437287.0,5437287,0.001463114,0,,,,
5,Chr5_5437306.0,5437306,0.001463114,0,,,,
5,Chr5_5437338.0,5437338,0.001463114,0,,,,
4,Chr4_7765360.0,7765360,0.00146377,1,AT4G13345,AT4G13345,AT4G13345,0.0
4,Chr4_13121805.0,13121805,0.001463981,1,AT4G25780,AT4G25780,AT4G25780,0.0
4,Chr4_8728381.0,8728381,0.001463996,0,,,,
3,Chr3_5298249.0,5298249,0.001464462,0,,,,
3,Chr3_15060695.0,15060695,0.001464847,0,,,,
5,Chr5_304797.0,304797,0.001464922,0,,,,
2,Chr2_11452188.0,11452188,0.001465529,1,AT2G26860,AT2G26860,AT2G26860,0.0
5,Chr5_17950848.0,17950848,0.001465558,0,,,,
2,Chr2_8932707.0,8932707,0.001465893,0,,,,
5,Chr5_17379382.0,17379382,0.00146603,0,,,,
2,Chr2_2202060.0,2202060,0.001466117,0,,,,
4,Chr4_8481278.0,8481278,0.001466597,0,,,,
5,Chr5_19421057.0,19421057,0.001466599,0,,,,
5,Chr5_19421088.0,19421088,0.001466599,0,,,,
5,Chr5_16994231.0,16994231,0.001466742,0,,,,
2,Chr2_3555807.0,3555807,0.001466789,0,,,,
3,Chr3_5330779.0,5330779,0.001466908,1,AT3G15730,AT3G15730,AT3G15730,0.0
3,Chr3_14306663.0,14306663,0.001466973,0,,,,
3,Chr3_18851146.0,18851146,0.001467202,0,,,,
2,Chr2_637182.0,637182,0.001467746,0,,,,
5,Chr5_17951170.0,17951170,0.001468623,0,,,,
5,Chr5_11757399.0,11757399,0.00146945,0,,,,
3,Chr3_20533678.0,20533678,0.0014695,0,,,,
4,Chr4_15322181.0,15322181,0.001469727,1,AT4G31615,AT4G31615,AT4G31615,0.0
1,Chr1_27242183.0,27242183,0.001469811,1,AT1G72360,AT1G72360,AT1G72360,0.0
2,Chr2_2175653.0,2175653,0.00147014,0,,,,
2,Chr2_13672025.0,13672025,0.001470286,1,AT2G32179,AT2G32179,AT2G32179,0.0
5,Chr5_22229011.0,22229011,0.001471175,1,AT5G54710,AT5G54710,AT5G54710,0.0
2,Chr2_13436379.0,13436379,0.001471399,0,,,,
3,Chr3_22994661.0,22994661,0.001472448,0,,,,
1,Chr1_28730218.0,28730218,0.001472641,1,AT1G76570,AT1G76570,AT1G76570,0.0
5,Chr5_25918949.0,25918949,0.001472795,1,AT5G64840,AT5G64840,AT5G64840,0.0
2,Chr2_2168697.0,2168697,0.001472937,0,,,,
1,Chr1_17719231.0,17719231,0.001473212,0,,,,
1,Chr1_12237479.0,12237479,0.001473312,0,,,,
4,Chr4_5443426.0,5443426,0.001473568,0,,,,
3,Chr3_3356964.0,3356964,0.001473724,1,AT3G10720,AT3G10720,AT3G10720,0.0
3,Chr3_10030382.0,10030382,0.001473951,0,,,,
5,Chr5_2362158.0,2362158,0.001474082,0,,,,
1,Chr1_16187326.0,16187326,0.001474088,0,,,,
5,Chr5_2926879.0,2926879,0.001474471,1,AT5G09410,AT5G09410,AT5G09410,0.0
2,Chr2_671303.0,671303,0.001474549,1,AT2G02500,AT2G02500,AT2G02500,0.0
3,Chr3_22198008.0,22198008,0.001474684,1,AT3G60110,AT3G60110,AT3G60110,0.0
2,Chr2_13317831.0,13317831,0.001474867,1,AT2G31240,AT2G31240,AT2G31240,0.0
4,Chr4_5668535.0,5668535,0.001475027,0,,,,
5,Chr5_558092.0,558092,0.001475122,0,,,,
5,Chr5_13896955.0,13896955,0.001475654,1,AT5G35730,AT5G35730,AT5G35730,0.0
5,Chr5_25475317.0,25475317,0.001475728,1,AT5G63630,AT5G63630,AT5G63630,0.0
1,Chr1_8333999.0,8333999,0.001476659,1,AT1G23480,AT1G23480,AT1G23480,0.0
1,Chr1_8334077.0,8334077,0.001476659,1,AT1G23480,AT1G23480,AT1G23480,0.0
1,Chr1_8334875.0,8334875,0.001476659,1,AT1G23480,AT1G23480,AT1G23480,0.0
1,Chr1_8336397.0,8336397,0.001476659,0,,,,
1,Chr1_14242200.0,14242200,0.001477228,0,,,,
1,Chr1_23451574.0,23451574,0.001477306,1,AT1G63230,AT1G63230,AT1G63230,0.0
1,Chr1_23451623.0,23451623,0.001477306,1,AT1G63230,AT1G63230,AT1G63230,0.0
1,Chr1_23451627.0,23451627,0.001477306,1,AT1G63230,AT1G63230,AT1G63230,0.0
1,Chr1_23451631.0,23451631,0.001477306,1,AT1G63230,AT1G63230,AT1G63230,0.0
1,Chr1_23451632.0,23451632,0.001477306,1,AT1G63230,AT1G63230,AT1G63230,0.0
3,Chr3_11469688.0,11469688,0.001477536,0,,,,
1,Chr1_4079657.0,4079657,0.001478797,1,AT1G12070,AT1G12070,AT1G12070,0.0
3,Chr3_4664329.0,4664329,0.001479794,1,AT3G14075,AT3G14075,AT3G14075,0.0
1,Chr1_17179121.0,17179121,0.001479916,0,,,,
5,Chr5_10272205.0,10272205,0.001480051,0,,,,
4,Chr4_9271703.0,9271703,0.001480118,0,,,,
3,Chr3_1191797.0,1191797,0.001480458,1,AT3G04470,AT3G04470,AT3G04470,0.0
1,Chr1_174919.0,174919,0.001481435,0,,,,
1,Chr1_174920.0,174920,0.001481435,0,,,,
1,Chr1_175834.0,175834,0.001481435,1,AT1G01480,AT1G01480,AT1G01480,0.0
1,Chr1_26220589.0,26220589,0.001481476,1,AT1G69700,AT1G69700,AT1G69700,0.0
3,Chr3_12489985.0,12489985,0.00148165,0,,,,
2,Chr2_978627.0,978627,0.001481862,0,,,,
3,Chr3_14783494.0,14783494,0.001482148,0,,,,
5,Chr5_8435804.0,8435804,0.001482194,1,AT5G24630,AT5G24630,AT5G24630,0.0
5,Chr5_16409978.0,16409978,0.001482337,0,,,,
3,Chr3_13762841.0,13762841,0.00148249,0,,,,
1,Chr1_17440323.0,17440323,0.001482562,0,,,,
2,Chr2_5235483.0,5235483,0.001482986,0,,,,
2,Chr2_5235498.0,5235498,0.001482986,0,,,,
2,Chr2_5235503.0,5235503,0.001482986,0,,,,
3,Chr3_22701170.0,22701170,0.001484083,1,AT3G61340,AT3G61340,AT3G61340,0.0
3,Chr3_11601936.0,11601936,0.001484106,0,,,,
3,Chr3_21427392.0,21427392,0.00148421,1,AT3G57860,AT3G57860,AT3G57860,0.0
4,Chr4_6288378.0,6288378,0.001484881,0,,,,
1,Chr1_5493341.0,5493341,0.001485059,1,AT1G15990,AT1G15990,AT1G15990,0.0
5,Chr5_3195768.0,3195768,0.001485724,1,AT5G10180,AT5G10180,AT5G10180,0.0
5,Chr5_3195789.0,3195789,0.001485724,1,AT5G10180,AT5G10180,AT5G10180,0.0
4,Chr4_15598156.0,15598156,0.001486711,0,,,,
5,Chr5_3196384.0,3196384,0.001487627,1,AT5G10180,AT5G10180,AT5G10180,0.0
4,Chr4_7712849.0,7712849,0.00148773,0,,,,
1,Chr1_14311048.0,14311048,0.001487978,0,,,,
5,Chr5_522894.0,522894,0.001488117,0,,,,
5,Chr5_16224987.0,16224987,0.001491026,0,,,,
1,Chr1_13609786.0,13609786,0.001492354,0,,,,
4,Chr4_6589906.0,6589906,0.001493382,0,,,,
3,Chr3_5156381.0,5156381,0.001493566,0,,,,
2,Chr2_6051069.0,6051069,0.001493657,0,,,,
1,Chr1_2553656.0,2553656,0.001494067,1,AT1G08140,AT1G08140,AT1G08140,0.0
1,Chr1_8340651.0,8340651,0.001494163,1,AT1G23500,AT1G23500,AT1G23500,0.0
1,Chr1_9471180.0,9471180,0.001494397,0,,,,
3,Chr3_10951411.0,10951411,0.001494498,0,,,,
5,Chr5_6528911.0,6528911,0.001494624,1,AT5G19380,AT5G19380,AT5G19380,0.0
3,Chr3_14010062.0,14010062,0.001494681,0,,,,
4,Chr4_9972405.0,9972405,0.001494725,1,AT4G17960,AT4G17960,AT4G17960,0.0
2,Chr2_17339501.0,17339501,0.001495083,0,,,,
1,Chr1_23493969.0,23493969,0.001495463,1,AT1G63340,AT1G63340,AT1G63340,0.0
4,Chr4_1771481.0,1771481,0.001495511,0,,,,
4,Chr4_1643020.0,1643020,0.001495627,0,,,,
1,Chr1_554994.0,554994,0.001495871,1,AT1G02610,AT1G02610,AT1G02610,0.0
3,Chr3_3362241.0,3362241,0.00149607,1,AT3G10740,AT3G10740,AT3G10740,0.0
3,Chr3_3365844.0,3365844,0.00149607,0,,,,
5,Chr5_14610169.0,14610169,0.001496367,0,,,,
5,Chr5_14615556.0,14615556,0.001496367,0,,,,
5,Chr5_14616386.0,14616386,0.001496367,0,,,,
5,Chr5_14646551.0,14646551,0.001496367,0,,,,
5,Chr5_14646586.0,14646586,0.001496367,0,,,,
5,Chr5_14646608.0,14646608,0.001496367,0,,,,
5,Chr5_14646865.0,14646865,0.001496367,0,,,,
5,Chr5_14647083.0,14647083,0.001496367,0,,,,
5,Chr5_14649501.0,14649501,0.001496367,0,,,,
5,Chr5_14651570.0,14651570,0.001496367,1,AT5G37070,AT5G37070,AT5G37070,0.0
5,Chr5_14651685.0,14651685,0.001496367,1,AT5G37070,AT5G37070,AT5G37070,0.0
5,Chr5_16410517.0,16410517,0.001496852,0,,,,
5,Chr5_6991799.0,6991799,0.001496981,0,,,,
5,Chr5_4844806.0,4844806,0.001496985,1,AT5G14960,AT5G14960,AT5G14960,0.0
2,Chr2_704836.0,704836,0.001497209,0,,,,
2,Chr2_704837.0,704837,0.001497209,0,,,,
1,Chr1_9860390.0,9860390,0.001497777,1,AT1G28220,AT1G28220,AT1G28220,0.0
1,Chr1_9861090.0,9861090,0.001497777,1,AT1G28220,AT1G28220,AT1G28220,0.0
2,Chr2_10278386.0,10278386,0.001498714,0,,,,
2,Chr2_13447734.0,13447734,0.001498726,1,AT2G31590,AT2G31590,AT2G31590,0.0
2,Chr2_13447754.0,13447754,0.001498726,1,AT2G31590,AT2G31590,AT2G31590,0.0
2,Chr2_13448018.0,13448018,0.001498726,1,AT2G31590,AT2G31590,AT2G31590,0.0
2,Chr2_13450434.0,13450434,0.001498726,1,AT2G31610,AT2G31610,AT2G31610,0.0
2,Chr2_13450666.0,13450666,0.001498726,1,AT2G31610,AT2G31610,AT2G31610,0.0
2,Chr2_13451449.0,13451449,0.001498726,1,AT2G31610,AT2G31610,AT2G31610,0.0
2,Chr2_13451846.0,13451846,0.001498726,1,AT2G31610,AT2G31610,AT2G31610,0.0
2,Chr2_13451938.0,13451938,0.001498726,0,,,,
3,Chr3_6597077.0,6597077,0.001498862,1,AT3G19080,AT3G19080,AT3G19080,0.0
3,Chr3_6597086.0,6597086,0.001498862,1,AT3G19080,AT3G19080,AT3G19080,0.0
3,Chr3_12366533.0,12366533,0.001498897,0,,,,
5,Chr5_12231759.0,12231759,0.001499099,0,,,,
5,Chr5_18777338.0,18777338,0.001499316,0,,,,
5,Chr5_18777381.0,18777381,0.001499316,0,,,,
5,Chr5_9876649.0,9876649,0.001499455,0,,,,
4,Chr4_8722944.0,8722944,0.001500289,1,AT4G15290,AT4G15290,AT4G15290,0.0
4,Chr4_8722989.0,8722989,0.001500289,1,AT4G15290,AT4G15290,AT4G15290,0.0
4,Chr4_8722993.0,8722993,0.001500289,1,AT4G15290,AT4G15290,AT4G15290,0.0
4,Chr4_8722995.0,8722995,0.001500289,1,AT4G15290,AT4G15290,AT4G15290,0.0
4,Chr4_8723003.0,8723003,0.001500289,1,AT4G15290,AT4G15290,AT4G15290,0.0
4,Chr4_14270401.0,14270401,0.00150032,0,,,,
4,Chr4_3109603.0,3109603,0.001500854,0,,,,
4,Chr4_3109665.0,3109665,0.001500854,0,,,,
3,Chr3_20851314.0,20851314,0.001501195,1,AT3G56200,AT3G56200,AT3G56200,0.0
2,Chr2_16645010.0,16645010,0.001501928,1,AT2G39870,AT2G39870,AT2G39870,0.0
3,Chr3_14795552.0,14795552,0.00150234,0,,,,
5,Chr5_8239303.0,8239303,0.001502653,1,AT5G24270,AT5G24270,AT5G24270,0.0
5,Chr5_14028205.0,14028205,0.001502926,0,,,,
5,Chr5_14029985.0,14029985,0.001502926,1,AT5G35910,AT5G35910,AT5G35910,0.0
5,Chr5_15403460.0,15403460,0.001503066,0,,,,
4,Chr4_9272792.0,9272792,0.00150325,1,AT4G16442,AT4G16442,AT4G16442,0.0
5,Chr5_5670813.0,5670813,0.001503961,1,AT5G17250,AT5G17250,AT5G17250,0.0
2,Chr2_18440120.0,18440120,0.001504963,1,AT2G44735,AT2G44735,AT2G44735,0.0
2,Chr2_18440657.0,18440657,0.001504963,1,AT2G44735,AT2G44735,AT2G44735,0.0
2,Chr2_18440662.0,18440662,0.001504963,1,AT2G44735,AT2G44735,AT2G44735,0.0
2,Chr2_18440735.0,18440735,0.001504963,1,AT2G44735,AT2G44735,AT2G44735,0.0
2,Chr2_18440760.0,18440760,0.001504963,1,AT2G44735,AT2G44735,AT2G44735,0.0
2,Chr2_18440806.0,18440806,0.001504963,1,AT2G44735,AT2G44735,AT2G44735,0.0
2,Chr2_18440859.0,18440859,0.001504963,1,AT2G44735,AT2G44735,AT2G44735,0.0
2,Chr2_18440949.0,18440949,0.001504963,1,AT2G44735,AT2G44735,AT2G44735,0.0
2,Chr2_18440966.0,18440966,0.001504963,1,AT2G44735,AT2G44735,AT2G44735,0.0
2,Chr2_18440984.0,18440984,0.001504963,1,AT2G44735,AT2G44735,AT2G44735,0.0
2,Chr2_18441527.0,18441527,0.001504963,1,AT2G44735,AT2G44735,AT2G44735,0.0
2,Chr2_18441633.0,18441633,0.001504963,1,AT2G44735,AT2G44735,AT2G44735,0.0
2,Chr2_18441642.0,18441642,0.001504963,0,,,,
2,Chr2_18442458.0,18442458,0.001504963,1,AT2G44740,AT2G44740,AT2G44740,0.0
2,Chr2_18442473.0,18442473,0.001504963,1,AT2G44740,AT2G44740,AT2G44740,0.0
1,Chr1_23451305.0,23451305,0.001505154,1,AT1G63230,AT1G63230,AT1G63230,0.0
2,Chr2_13367633.0,13367633,0.001505318,0,,,,
5,Chr5_14373139.0,14373139,0.001505517,0,,,,
5,Chr5_18776846.0,18776846,0.001505791,0,,,,
3,Chr3_14237962.0,14237962,0.001506648,0,,,,
2,Chr2_18826007.0,18826007,0.001506691,1,AT2G45695,AT2G45695,AT2G45695,0.0
5,Chr5_8893301.0,8893301,0.001507182,0,,,,
5,Chr5_19267569.0,19267569,0.001507365,1,AT5G47490,AT5G47490,AT5G47490,0.0
4,Chr4_8722843.0,8722843,0.001507479,1,AT4G15290,AT4G15290,AT4G15290,0.0
1,Chr1_12385841.0,12385841,0.001508834,0,,,,
1,Chr1_8142585.0,8142585,0.001509568,0,,,,
1,Chr1_8142595.0,8142595,0.001509568,0,,,,
4,Chr4_12621380.0,12621380,0.001509684,0,,,,
1,Chr1_11138633.0,11138633,0.001509863,1,AT1G31173,AT1G31173,AT1G31173,0.0
5,Chr5_9718446.0,9718446,0.001510136,1,AT5G27530,AT5G27530,AT5G27530,0.0
2,Chr2_18266830.0,18266830,0.001510243,0,,,,
1,Chr1_13335781.0,13335781,0.001510927,0,,,,
3,Chr3_11187341.0,11187341,0.001511001,0,,,,
3,Chr3_15650407.0,15650407,0.001511208,0,,,,
1,Chr1_24325079.0,24325079,0.001511717,0,,,,
5,Chr5_5719122.0,5719122,0.001511931,1,AT5G17350,AT5G17350,AT5G17350,0.0
4,Chr4_9333295.0,9333295,0.001512001,0,,,,
3,Chr3_13267813.0,13267813,0.001512517,0,,,,
3,Chr3_15643753.0,15643753,0.001512895,0,,,,
1,Chr1_29933908.0,29933908,0.001513069,1,AT1G79570,AT1G79570,AT1G79570,0.0
5,Chr5_7175336.0,7175336,0.001513225,1,AT5G21105,AT5G21105,AT5G21105,0.0
1,Chr1_8537796.0,8537796,0.001513893,0,,,,
3,Chr3_13547856.0,13547856,0.001515832,0,,,,
5,Chr5_5587539.0,5587539,0.001516065,1,AT5G17010,AT5G17010,AT5G17010,0.0
4,Chr4_16092582.0,16092582,0.001516256,1,AT4G33440,AT4G33440,AT4G33440,0.0
4,Chr4_6057769.0,6057769,0.001516281,0,,,,
5,Chr5_5355406.0,5355406,0.001516472,1,AT5G16360,AT5G16360,AT5G16360,0.0
5,Chr5_483693.0,483693,0.001517213,1,AT5G02320,AT5G02320,AT5G02320,0.0
1,Chr1_18172813.0,18172813,0.001517883,0,,,,
2,Chr2_6756317.0,6756317,0.001518039,0,,,,
5,Chr5_15249218.0,15249218,0.001518608,0,,,,
1,Chr1_11590427.0,11590427,0.001519169,0,,,,
1,Chr1_11590430.0,11590430,0.001519169,0,,,,
3,Chr3_11132881.0,11132881,0.001519287,0,,,,
5,Chr5_5587016.0,5587016,0.001519291,1,AT5G17000,AT5G17000,AT5G17000,0.0
2,Chr2_8068148.0,8068148,0.001519799,0,,,,
2,Chr2_8068163.0,8068163,0.001519799,0,,,,
2,Chr2_8068169.0,8068169,0.001519799,0,,,,
2,Chr2_8068170.0,8068170,0.001519799,0,,,,
3,Chr3_14710244.0,14710244,0.001519908,0,,,,
1,Chr1_25570308.0,25570308,0.001520546,1,AT1G68220,AT1G68220,AT1G68220,0.0
1,Chr1_25570314.0,25570314,0.001520546,1,AT1G68220,AT1G68220,AT1G68220,0.0
1,Chr1_4240168.0,4240168,0.001521191,0,,,,
2,Chr2_8067695.0,8067695,0.001521321,0,,,,
1,Chr1_8253588.0,8253588,0.001522254,1,AT1G23240,AT1G23240,AT1G23240,0.0
1,Chr1_484605.0,484605,0.00152247,0,,,,
1,Chr1_484606.0,484606,0.00152247,0,,,,
1,Chr1_484607.0,484607,0.00152247,0,,,,
4,Chr4_18043187.0,18043187,0.001522744,1,AT4G38600,AT4G38600,AT4G38600,0.0
2,Chr2_12474876.0,12474876,0.001522782,1,AT2G29040,AT2G29040,AT2G29040,0.0
2,Chr2_12474912.0,12474912,0.001522782,1,AT2G29040,AT2G29040,AT2G29040,0.0
5,Chr5_18760981.0,18760981,0.00152287,1,AT5G46260,AT5G46260,AT5G46260,0.0
1,Chr1_26238719.0,26238719,0.001522903,0,,,,
4,Chr4_13839750.0,13839750,0.001522929,1,AT4G27740,AT4G27740,AT4G27740,0.0
2,Chr2_3649098.0,3649098,0.001523141,0,,,,
2,Chr2_3649146.0,3649146,0.001523141,0,,,,
4,Chr4_8442185.0,8442185,0.001523742,0,,,,
5,Chr5_1355790.0,1355790,0.001523832,1,AT5G04700,AT5G04700,AT5G04700,0.0
3,Chr3_8403933.0,8403933,0.001524606,0,,,,
3,Chr3_8403937.0,8403937,0.001524606,0,,,,
3,Chr3_8403938.0,8403938,0.001524606,0,,,,
4,Chr4_16481920.0,16481920,0.001524816,1,AT4G34480,AT4G34480,AT4G34480,0.0
2,Chr2_9507478.0,9507478,0.001524916,1,AT2G22400,AT2G22400,AT2G22400,0.0
2,Chr2_2202292.0,2202292,0.00152529,0,,,,
4,Chr4_10401616.0,10401616,0.001525792,0,,,,
4,Chr4_5842715.0,5842715,0.001526166,0,,,,
4,Chr4_15305887.0,15305887,0.001526253,1,AT4G31570,AT4G31570,AT4G31570,0.0
3,Chr3_10812824.0,10812824,0.001526407,0,,,,
1,Chr1_5504144.0,5504144,0.001526753,1,AT1G16030,AT1G16030,AT1G16030,0.0
1,Chr1_5504204.0,5504204,0.001526753,1,AT1G16030,AT1G16030,AT1G16030,0.0
1,Chr1_5504237.0,5504237,0.001526753,1,AT1G16030,AT1G16030,AT1G16030,0.0
1,Chr1_5504568.0,5504568,0.001526753,0,,,,
5,Chr5_12154915.0,12154915,0.001526988,0,,,,
5,Chr5_19832316.0,19832316,0.001527574,0,,,,
2,Chr2_5132202.0,5132202,0.001527709,0,,,,
3,Chr3_9011477.0,9011477,0.00152786,0,,,,
1,Chr1_15681426.0,15681426,0.001528225,1,AT1G41920,AT1G41920,AT1G41920,0.0
4,Chr4_8722091.0,8722091,0.001528377,1,AT4G15290,AT4G15290,AT4G15290,0.0
2,Chr2_1866714.0,1866714,0.001529607,0,,,,
4,Chr4_6058275.0,6058275,0.00152962,0,,,,
2,Chr2_1461465.0,1461465,0.001529665,0,,,,
1,Chr1_13277091.0,13277091,0.001529688,0,,,,
1,Chr1_22607868.0,22607868,0.001529757,1,AT1G61300,AT1G61300,AT1G61300,0.0
1,Chr1_3120208.0,3120208,0.001529772,1,AT1G09640,AT1G09640,AT1G09640,0.0
3,Chr3_13917295.0,13917295,0.001529794,0,,,,
3,Chr3_13917296.0,13917296,0.001529794,0,,,,
5,Chr5_13892073.0,13892073,0.001530493,0,,,,
1,Chr1_22390105.0,22390105,0.001530502,1,AT1G60810,AT1G60810,AT1G60810,0.0
1,Chr1_15615984.0,15615984,0.00153077,0,,,,
1,Chr1_16057575.0,16057575,0.001530892,0,,,,
1,Chr1_16057903.0,16057903,0.001530892,0,,,,
5,Chr5_3750648.0,3750648,0.001531348,0,,,,
1,Chr1_262449.0,262449,0.001531901,0,,,,
5,Chr5_25541821.0,25541821,0.00153191,1,AT5G63820,AT5G63820,AT5G63820,0.0
4,Chr4_2742301.0,2742301,0.001532188,1,AT4G05400,AT4G05400,AT4G05400,0.0
3,Chr3_16699451.0,16699451,0.001532209,0,,,,
3,Chr3_12434090.0,12434090,0.001533083,0,,,,
5,Chr5_6690978.0,6690978,0.001533085,0,,,,
5,Chr5_6690982.0,6690982,0.001533085,0,,,,
5,Chr5_6691075.0,6691075,0.001533085,0,,,,
5,Chr5_6691159.0,6691159,0.001533085,0,,,,
5,Chr5_6691338.0,6691338,0.001533085,0,,,,
5,Chr5_6691348.0,6691348,0.001533085,0,,,,
5,Chr5_6691359.0,6691359,0.001533085,0,,,,
5,Chr5_6691416.0,6691416,0.001533085,0,,,,
5,Chr5_6691432.0,6691432,0.001533085,0,,,,
3,Chr3_16047553.0,16047553,0.001533865,1,AT3G44400,AT3G44400,AT3G44400,0.0
1,Chr1_1377403.0,1377403,0.001534565,1,AT1G04880,AT1G04880,AT1G04880,0.0
2,Chr2_5785284.0,5785284,0.001534902,0,,,,
2,Chr2_5785380.0,5785380,0.001534902,0,,,,
2,Chr2_5787391.0,5787391,0.001534902,0,,,,
2,Chr2_5788679.0,5788679,0.001534902,1,AT2G13840,AT2G13840,AT2G13840,0.0
2,Chr2_851611.0,851611,0.001535142,1,AT2G02930,AT2G02930,AT2G02930,0.0
2,Chr2_6450979.0,6450979,0.001535638,0,,,,
1,Chr1_25975222.0,25975222,0.001535876,0,,,,
4,Chr4_5367550.0,5367550,0.001536557,1,AT4G08450,AT4G08450,AT4G08450,0.0
2,Chr2_6429779.0,6429779,0.0015366,0,,,,
1,Chr1_13023942.0,13023942,0.001536648,0,,,,
1,Chr1_11670482.0,11670482,0.001536961,0,,,,
5,Chr5_14746101.0,14746101,0.001536967,0,,,,
5,Chr5_14746107.0,14746107,0.001536967,0,,,,
2,Chr2_16537585.0,16537585,0.001537327,1,AT2G39675,AT2G39675,AT2G39675,0.0
2,Chr2_16537765.0,16537765,0.001537327,1,AT2G39675,AT2G39675,AT2G39675,0.0
4,Chr4_10057075.0,10057075,0.001537467,1,AT4G18160,AT4G18160,AT4G18160,0.0
1,Chr1_1629736.0,1629736,0.001537909,1,AT1G05510,AT1G05510,AT1G05510,0.0
4,Chr4_11786254.0,11786254,0.001539019,0,,,,
4,Chr4_11919703.0,11919703,0.001539265,1,AT4G22670,AT4G22670,AT4G22670,0.0
3,Chr3_14798528.0,14798528,0.001539394,0,,,,
4,Chr4_4405571.0,4405571,0.001539689,0,,,,
4,Chr4_14742314.0,14742314,0.001540098,0,,,,
4,Chr4_7840802.0,7840802,0.001540099,0,,,,
3,Chr3_17796699.0,17796699,0.001540152,0,,,,
1,Chr1_25722957.0,25722957,0.001540472,0,,,,
1,Chr1_26256803.0,26256803,0.00154049,0,,,,
1,Chr1_26257348.0,26257348,0.00154049,0,,,,
4,Chr4_2080983.0,2080983,0.001541127,0,,,,
1,Chr1_1087325.0,1087325,0.001541425,1,AT1G04160,AT1G04160,AT1G04160,0.0
1,Chr1_1095487.0,1095487,0.001541425,1,AT1G04160,AT1G04160,AT1G04160,0.0
4,Chr4_16663251.0,16663251,0.001541777,0,,,,
5,Chr5_18713150.0,18713150,0.00154183,0,,,,
2,Chr2_13940970.0,13940970,0.001542016,1,AT2G32860,AT2G32860,AT2G32860,0.0
5,Chr5_13884942.0,13884942,0.001542062,0,,,,
5,Chr5_13885049.0,13885049,0.001542062,0,,,,
5,Chr5_13885873.0,13885873,0.001542062,0,,,,
5,Chr5_13887257.0,13887257,0.001542062,0,,,,
5,Chr5_13887407.0,13887407,0.001542062,0,,,,
5,Chr5_13887806.0,13887806,0.001542062,0,,,,
5,Chr5_13890883.0,13890883,0.001542062,0,,,,
5,Chr5_13891139.0,13891139,0.001542062,0,,,,
5,Chr5_14665893.0,14665893,0.001542235,0,,,,
4,Chr4_9517343.0,9517343,0.001542391,1,AT4G16915,AT4G16915,AT4G16915,0.0
1,Chr1_18454419.0,18454419,0.001542433,0,,,,
5,Chr5_21980259.0,21980259,0.001542455,0,,,,
3,Chr3_12070291.0,12070291,0.001542501,0,,,,
2,Chr2_9460548.0,9460548,0.001542762,1,AT2G22250,AT2G22250,AT2G22250,0.0
5,Chr5_20697407.0,20697407,0.001542788,0,,,,
5,Chr5_11907634.0,11907634,0.001543058,0,,,,
5,Chr5_11908360.0,11908360,0.001543058,0,,,,
5,Chr5_11908671.0,11908671,0.001543058,0,,,,
1,Chr1_19676962.0,19676962,0.001543372,0,,,,
3,Chr3_21088559.0,21088559,0.001543386,1,AT3G56990,AT3G56990,AT3G56990,0.0
3,Chr3_21088856.0,21088856,0.001543386,1,AT3G56990,AT3G56990,AT3G56990,0.0
1,Chr1_7046388.0,7046388,0.001543584,0,,,,
1,Chr1_16816246.0,16816246,0.001543603,0,,,,
4,Chr4_12827393.0,12827393,0.001544325,0,,,,
3,Chr3_15353049.0,15353049,0.001544515,0,,,,
3,Chr3_15353068.0,15353068,0.001544515,0,,,,
5,Chr5_10271571.0,10271571,0.001544775,0,,,,
5,Chr5_24121334.0,24121334,0.001545053,1,AT5G59880,AT5G59880,AT5G59880,0.0
5,Chr5_22046400.0,22046400,0.001545341,0,,,,
1,Chr1_467936.0,467936,0.00154568,0,,,,
4,Chr4_9081933.0,9081933,0.001546206,0,,,,
3,Chr3_15491025.0,15491025,0.001546263,0,,,,
5,Chr5_14731999.0,14731999,0.001546771,0,,,,
5,Chr5_9230234.0,9230234,0.00154733,1,AT5G26300,AT5G26300,AT5G26300,0.0
5,Chr5_9230270.0,9230270,0.00154733,1,AT5G26300,AT5G26300,AT5G26300,0.0
5,Chr5_26916095.0,26916095,0.001547369,1,AT5G67440,AT5G67440,AT5G67440,0.0
5,Chr5_26918534.0,26918534,0.001547369,0,,,,
5,Chr5_26920300.0,26920300,0.001547369,0,,,,
5,Chr5_26921466.0,26921466,0.001547369,0,,,,
5,Chr5_21890051.0,21890051,0.001547595,0,,,,
4,Chr4_8723660.0,8723660,0.001547744,1,AT4G15290,AT4G15290,AT4G15290,0.0
3,Chr3_20471401.0,20471401,0.001548281,0,,,,
3,Chr3_20472430.0,20472430,0.001548281,1,AT3G55230,AT3G55230,AT3G55230,0.0
3,Chr3_15050057.0,15050057,0.001548412,0,,,,
4,Chr4_10752433.0,10752433,0.001548527,0,,,,
5,Chr5_9882947.0,9882947,0.001548957,0,,,,
5,Chr5_21918241.0,21918241,0.001549158,1,AT5G54000,AT5G54000,AT5G54000,0.0
2,Chr2_9445209.0,9445209,0.001549219,0,,,,
5,Chr5_25541453.0,25541453,0.001549637,1,AT5G63810,AT5G63810,AT5G63810,0.0
1,Chr1_9460742.0,9460742,0.001549689,0,,,,
1,Chr1_491701.0,491701,0.001550027,1,AT1G02410,AT1G02410,AT1G02410,0.0
4,Chr4_16480591.0,16480591,0.001550088,0,,,,
1,Chr1_4324149.0,4324149,0.001550242,1,AT1G12700,AT1G12700,AT1G12700,0.0
3,Chr3_3114245.0,3114245,0.001550488,0,,,,
5,Chr5_11379355.0,11379355,0.001550836,0,,,,
5,Chr5_11379475.0,11379475,0.001550836,0,,,,
5,Chr5_12156253.0,12156253,0.001551312,0,,,,
5,Chr5_8110828.0,8110828,0.001551726,1,AT5G24000,AT5G24000,AT5G24000,0.0
3,Chr3_3215274.0,3215274,0.001552823,1,AT3G10360,AT3G10360,AT3G10360,0.0
4,Chr4_9042300.0,9042300,0.001553365,0,,,,
2,Chr2_15358475.0,15358475,0.001553417,1,AT2G36640,AT2G36640,AT2G36640,0.0
2,Chr2_15368715.0,15368715,0.001553417,0,,,,
2,Chr2_15369021.0,15369021,0.001553417,1,AT2G36680,AT2G36680,AT2G36680,0.0
1,Chr1_28118933.0,28118933,0.001553903,1,AT1G74850,AT1G74850,AT1G74850,0.0
5,Chr5_9882903.0,9882903,0.001554302,0,,,,
4,Chr4_9344761.0,9344761,0.001554394,0,,,,
1,Chr1_21452949.0,21452949,0.001554566,0,,,,
1,Chr1_21453332.0,21453332,0.001554566,0,,,,
1,Chr1_21453447.0,21453447,0.001554566,0,,,,
2,Chr2_6196215.0,6196215,0.001554575,0,,,,
3,Chr3_16291550.0,16291550,0.001554812,1,AT3G44735,AT3G44735,AT3G44735,0.0
5,Chr5_7741610.0,7741610,0.001554969,0,,,,
4,Chr4_553615.0,553615,0.001555097,1,AT4G01335,AT4G01335,AT4G01335,0.0
5,Chr5_846344.0,846344,0.001555346,1,AT5G03420,AT5G03420,AT5G03420,0.0
2,Chr2_9481162.0,9481162,0.001556424,0,,,,
5,Chr5_392666.0,392666,0.001556444,0,,,,
1,Chr1_26247671.0,26247671,0.001556568,0,,,,
1,Chr1_26253597.0,26253597,0.001556568,0,,,,
1,Chr1_26254276.0,26254276,0.001556568,0,,,,
3,Chr3_16186093.0,16186093,0.001556647,0,,,,
1,Chr1_6570665.0,6570665,0.001557286,1,AT1G19025,AT1G19025,AT1G19025,0.0
2,Chr2_704647.0,704647,0.001557802,0,,,,
5,Chr5_17938542.0,17938542,0.001558048,1,AT5G44530,AT5G44530,AT5G44530,0.0
5,Chr5_17939129.0,17939129,0.001558048,1,AT5G44530,AT5G44530,AT5G44530,0.0
5,Chr5_17939140.0,17939140,0.001558048,1,AT5G44530,AT5G44530,AT5G44530,0.0
3,Chr3_11039480.0,11039480,0.001558297,0,,,,
3,Chr3_11039616.0,11039616,0.001558297,1,AT3G29050,AT3G29050,AT3G29050,0.0
4,Chr4_7107330.0,7107330,0.001559261,1,AT4G11810,AT4G11810,AT4G11810,0.0
4,Chr4_7107339.0,7107339,0.001559261,1,AT4G11810,AT4G11810,AT4G11810,0.0
4,Chr4_7107345.0,7107345,0.001559261,1,AT4G11810,AT4G11810,AT4G11810,0.0
4,Chr4_7107357.0,7107357,0.001559261,1,AT4G11810,AT4G11810,AT4G11810,0.0
3,Chr3_18027595.0,18027595,0.001559756,0,,,,
2,Chr2_15045598.0,15045598,0.00155995,1,AT2G35800,AT2G35800,AT2G35800,0.0
5,Chr5_17949526.0,17949526,0.001560037,0,,,,
5,Chr5_17949527.0,17949527,0.001560037,0,,,,
2,Chr2_15062421.0,15062421,0.001560051,0,,,,
1,Chr1_21628378.0,21628378,0.001560117,1,AT1G58300,AT1G58300,AT1G58300,0.0
1,Chr1_21628796.0,21628796,0.001560117,1,AT1G58300,AT1G58300,AT1G58300,0.0
1,Chr1_21630134.0,21630134,0.001560117,0,,,,
2,Chr2_7715517.0,7715517,0.001560713,1,AT2G17760,AT2G17760,AT2G17760,0.0
1,Chr1_5501745.0,5501745,0.00156086,2,AT1G16022;AT1G16025,AT1G16022,AT1G16022,0.0
4,Chr4_15932264.0,15932264,0.001561191,0,,,,
4,Chr4_15932269.0,15932269,0.001561191,0,,,,
1,Chr1_23561951.0,23561951,0.001561659,1,AT1G63520,AT1G63520,AT1G63520,0.0
2,Chr2_184922.0,184922,0.001561669,0,,,,
4,Chr4_17532870.0,17532870,0.001561827,0,,,,
4,Chr4_10074015.0,10074015,0.001562003,1,AT4G18205,AT4G18205,AT4G18205,0.0
2,Chr2_5505833.0,5505833,0.001562016,0,,,,
5,Chr5_14587324.0,14587324,0.001562391,0,,,,
1,Chr1_8537761.0,8537761,0.001562654,0,,,,
4,Chr4_3598127.0,3598127,0.001562844,0,,,,
4,Chr4_1989432.0,1989432,0.001563463,0,,,,
2,Chr2_10010652.0,10010652,0.001563723,0,,,,
2,Chr2_15102790.0,15102790,0.001564291,0,,,,
5,Chr5_1355877.0,1355877,0.001564421,1,AT5G04700,AT5G04700,AT5G04700,0.0
1,Chr1_17817074.0,17817074,0.00156474,1,AT1G48260,AT1G48260,AT1G48260,0.0
1,Chr1_17817130.0,17817130,0.00156474,1,AT1G48260,AT1G48260,AT1G48260,0.0
3,Chr3_14795199.0,14795199,0.00156476,0,,,,
1,Chr1_2075689.0,2075689,0.001564853,1,AT1G06750,AT1G06750,AT1G06750,0.0
5,Chr5_24119897.0,24119897,0.001565063,0,,,,
4,Chr4_16092271.0,16092271,0.001565229,1,AT4G33440,AT4G33440,AT4G33440,0.0
4,Chr4_16092285.0,16092285,0.001565229,1,AT4G33440,AT4G33440,AT4G33440,0.0
4,Chr4_16092286.0,16092286,0.001565229,1,AT4G33440,AT4G33440,AT4G33440,0.0
4,Chr4_16092302.0,16092302,0.001565229,1,AT4G33440,AT4G33440,AT4G33440,0.0
4,Chr4_16092305.0,16092305,0.001565229,1,AT4G33440,AT4G33440,AT4G33440,0.0
4,Chr4_16092328.0,16092328,0.001565229,1,AT4G33440,AT4G33440,AT4G33440,0.0
4,Chr4_16092356.0,16092356,0.001565229,1,AT4G33440,AT4G33440,AT4G33440,0.0
4,Chr4_16092370.0,16092370,0.001565229,1,AT4G33440,AT4G33440,AT4G33440,0.0
4,Chr4_16092376.0,16092376,0.001565229,1,AT4G33440,AT4G33440,AT4G33440,0.0
2,Chr2_2193265.0,2193265,0.001565602,0,,,,
5,Chr5_6826822.0,6826822,0.001565664,1,AT5G20230,AT5G20230,AT5G20230,0.0
3,Chr3_15417657.0,15417657,0.001565928,0,,,,
3,Chr3_21556519.0,21556519,0.001566011,0,,,,
1,Chr1_25526929.0,25526929,0.001566116,1,AT1G68120,AT1G68120,AT1G68120,0.0
4,Chr4_2080137.0,2080137,0.00156655,0,,,,
1,Chr1_21561118.0,21561118,0.0015666,1,AT1G58220,AT1G58220,AT1G58220,0.0
2,Chr2_7919868.0,7919868,0.001566844,0,,,,
4,Chr4_4059080.0,4059080,0.001567092,0,,,,
1,Chr1_12595653.0,12595653,0.001567438,1,AT1G34460,AT1G34460,AT1G34460,0.0
5,Chr5_22643245.0,22643245,0.00156827,0,,,,
5,Chr5_545493.0,545493,0.001568284,0,,,,
2,Chr2_704791.0,704791,0.001568986,0,,,,
3,Chr3_14795992.0,14795992,0.001569126,0,,,,
1,Chr1_25527281.0,25527281,0.001569494,1,AT1G68120,AT1G68120,AT1G68120,0.0
1,Chr1_25527299.0,25527299,0.001569494,1,AT1G68120,AT1G68120,AT1G68120,0.0
4,Chr4_858464.0,858464,0.001569707,0,,,,
5,Chr5_6756435.0,6756435,0.001570368,0,,,,
5,Chr5_19406345.0,19406345,0.001571364,1,AT5G47930,AT5G47930,AT5G47930,0.0
2,Chr2_4824430.0,4824430,0.001571847,0,,,,
1,Chr1_2236568.0,2236568,0.001572306,0,,,,
2,Chr2_4827599.0,4827599,0.001572373,0,,,,
4,Chr4_6671138.0,6671138,0.001572557,0,,,,
4,Chr4_6674779.0,6674779,0.001572557,0,,,,
4,Chr4_6681198.0,6681198,0.001572557,0,,,,
3,Chr3_14795348.0,14795348,0.001573018,0,,,,
2,Chr2_13373173.0,13373173,0.001573058,1,AT2G31360,AT2G31360,AT2G31360,0.0
1,Chr1_19903108.0,19903108,0.00157334,1,AT1G53345,AT1G53345,AT1G53345,0.0
4,Chr4_6897267.0,6897267,0.001573506,1,AT4G11340,AT4G11340,AT4G11340,0.0
4,Chr4_1596849.0,1596849,0.001573704,0,,,,
4,Chr4_1600761.0,1600761,0.001573704,0,,,,
1,Chr1_21957835.0,21957835,0.001573738,0,,,,
4,Chr4_2246163.0,2246163,0.001573826,0,,,,
4,Chr4_2248806.0,2248806,0.001573826,0,,,,
4,Chr4_1644114.0,1644114,0.001573842,0,,,,
3,Chr3_15341563.0,15341563,0.001575045,0,,,,
5,Chr5_17464995.0,17464995,0.001575321,1,AT5G43470,AT5G43470,AT5G43470,0.0
4,Chr4_6178018.0,6178018,0.001575397,0,,,,
2,Chr2_10470856.0,10470856,0.001575478,0,,,,
1,Chr1_25344448.0,25344448,0.001575623,1,AT1G67630,AT1G67630,AT1G67630,0.0
1,Chr1_25346275.0,25346275,0.001575623,1,AT1G67630,AT1G67630,AT1G67630,0.0
5,Chr5_13781112.0,13781112,0.001575674,0,,,,
4,Chr4_1597335.0,1597335,0.001575722,1,AT4G03580,AT4G03580,AT4G03580,0.0
4,Chr4_1598332.0,1598332,0.001575722,1,AT4G03580,AT4G03580,AT4G03580,0.0
4,Chr4_1599790.0,1599790,0.001575722,0,,,,
4,Chr4_1600326.0,1600326,0.001575722,0,,,,
4,Chr4_1600448.0,1600448,0.001575722,0,,,,
4,Chr4_1600485.0,1600485,0.001575722,0,,,,
4,Chr4_2381890.0,2381890,0.001576688,1,AT4G04695,AT4G04695,AT4G04695,0.0
5,Chr5_493096.0,493096,0.001576693,1,AT5G02340,AT5G02340,AT5G02340,0.0
5,Chr5_493097.0,493097,0.001576693,1,AT5G02340,AT5G02340,AT5G02340,0.0
1,Chr1_9370386.0,9370386,0.001577046,0,,,,
2,Chr2_5133892.0,5133892,0.001577107,0,,,,
2,Chr2_5134415.0,5134415,0.001577107,0,,,,
2,Chr2_5134834.0,5134834,0.001577107,0,,,,
3,Chr3_12436331.0,12436331,0.001577397,0,,,,
1,Chr1_9000404.0,9000404,0.001577693,0,,,,
3,Chr3_18832841.0,18832841,0.00157802,0,,,,
3,Chr3_3429455.0,3429455,0.00157842,0,,,,
2,Chr2_13426837.0,13426837,0.001578561,0,,,,
2,Chr2_13426840.0,13426840,0.001578561,0,,,,
2,Chr2_13426853.0,13426853,0.001578561,0,,,,
2,Chr2_13426855.0,13426855,0.001578561,0,,,,
2,Chr2_13426881.0,13426881,0.001578561,0,,,,
2,Chr2_13426888.0,13426888,0.001578561,0,,,,
4,Chr4_1977763.0,1977763,0.001578745,0,,,,
4,Chr4_1978817.0,1978817,0.001578745,0,,,,
2,Chr2_2154723.0,2154723,0.001578874,0,,,,
1,Chr1_15916040.0,15916040,0.001579094,0,,,,
4,Chr4_2068505.0,2068505,0.001579204,0,,,,
4,Chr4_1594560.0,1594560,0.001579283,0,,,,
2,Chr2_8934087.0,8934087,0.001579374,1,AT2G20725,AT2G20725,AT2G20725,0.0
2,Chr2_8934169.0,8934169,0.001579374,1,AT2G20725,AT2G20725,AT2G20725,0.0
5,Chr5_500853.0,500853,0.00158004,1,AT5G02360,AT5G02360,AT5G02360,0.0
1,Chr1_18448581.0,18448581,0.001580369,0,,,,
4,Chr4_7614967.0,7614967,0.001581481,1,AT4G13040,AT4G13040,AT4G13040,0.0
4,Chr4_7640390.0,7640390,0.001581481,0,,,,
3,Chr3_12475482.0,12475482,0.001581643,0,,,,
3,Chr3_12476448.0,12476448,0.001581643,0,,,,
5,Chr5_569695.0,569695,0.00158202,1,AT5G02540,AT5G02540,AT5G02540,0.0
5,Chr5_569696.0,569696,0.00158202,1,AT5G02540,AT5G02540,AT5G02540,0.0
3,Chr3_16826407.0,16826407,0.001582325,0,,,,
3,Chr3_17630374.0,17630374,0.001582344,1,AT3G47790,AT3G47790,AT3G47790,0.0
3,Chr3_17641635.0,17641635,0.001582344,0,,,,
1,Chr1_4315514.0,4315514,0.001583575,0,,,,
5,Chr5_26915750.0,26915750,0.001583723,1,AT5G67440,AT5G67440,AT5G67440,0.0
1,Chr1_13514277.0,13514277,0.00158393,0,,,,
1,Chr1_3122610.0,3122610,0.001584628,0,,,,
1,Chr1_22261628.0,22261628,0.001584858,0,,,,
5,Chr5_14728893.0,14728893,0.001585297,0,,,,
3,Chr3_4634240.0,4634240,0.001585348,0,,,,
3,Chr3_4634245.0,4634245,0.001585348,0,,,,
2,Chr2_2946293.0,2946293,0.001585426,0,,,,
2,Chr2_2946406.0,2946406,0.001585426,0,,,,
4,Chr4_3786078.0,3786078,0.001585536,0,,,,
4,Chr4_944263.0,944263,0.001585846,1,AT4G02120,AT4G02120,AT4G02120,0.0
4,Chr4_944295.0,944295,0.001585846,0,,,,
2,Chr2_1082656.0,1082656,0.001586159,0,,,,
2,Chr2_1082903.0,1082903,0.001586159,0,,,,
4,Chr4_11554323.0,11554323,0.00158648,0,,,,
3,Chr3_12413733.0,12413733,0.001587673,0,,,,
5,Chr5_5880157.0,5880157,0.001587761,0,,,,
3,Chr3_10185012.0,10185012,0.00158801,1,AT3G27500,AT3G27500,AT3G27500,0.0
3,Chr3_10185021.0,10185021,0.00158801,1,AT3G27500,AT3G27500,AT3G27500,0.0
2,Chr2_18411065.0,18411065,0.0015889,0,,,,
4,Chr4_6730374.0,6730374,0.001589186,0,,,,
5,Chr5_8007823.0,8007823,0.001589732,0,,,,
5,Chr5_8007830.0,8007830,0.001589732,0,,,,
4,Chr4_7107316.0,7107316,0.001590215,1,AT4G11810,AT4G11810,AT4G11810,0.0
3,Chr3_3745536.0,3745536,0.001590429,1,AT3G11860,AT3G11860,AT3G11860,0.0
1,Chr1_16377543.0,16377543,0.001590467,0,,,,
1,Chr1_2808586.0,2808586,0.001590683,1,AT1G08760,AT1G08760,AT1G08760,0.0
5,Chr5_5588404.0,5588404,0.001590736,1,AT5G17010,AT5G17010,AT5G17010,0.0
4,Chr4_286212.0,286212,0.001590943,1,AT4G00700,AT4G00700,AT4G00700,0.0
4,Chr4_12709349.0,12709349,0.001590993,1,AT4G24620,AT4G24620,AT4G24620,0.0
5,Chr5_18909445.0,18909445,0.001591179,1,AT5G46600,AT5G46600,AT5G46600,0.0
3,Chr3_6731145.0,6731145,0.001591351,0,,,,
5,Chr5_5820183.0,5820183,0.001591418,1,AT5G17660,AT5G17660,AT5G17660,0.0
5,Chr5_5820184.0,5820184,0.001591418,1,AT5G17660,AT5G17660,AT5G17660,0.0
5,Chr5_5820282.0,5820282,0.001591418,1,AT5G17660,AT5G17660,AT5G17660,0.0
5,Chr5_5820337.0,5820337,0.001591418,1,AT5G17660,AT5G17660,AT5G17660,0.0
5,Chr5_5820340.0,5820340,0.001591418,1,AT5G17660,AT5G17660,AT5G17660,0.0
5,Chr5_5820472.0,5820472,0.001591418,1,AT5G17660,AT5G17660,AT5G17660,0.0
5,Chr5_5820511.0,5820511,0.001591418,1,AT5G17660,AT5G17660,AT5G17660,0.0
5,Chr5_5820512.0,5820512,0.001591418,1,AT5G17660,AT5G17660,AT5G17660,0.0
5,Chr5_5820539.0,5820539,0.001591418,1,AT5G17660,AT5G17660,AT5G17660,0.0
5,Chr5_5820627.0,5820627,0.001591418,1,AT5G17660,AT5G17660,AT5G17660,0.0
5,Chr5_5820661.0,5820661,0.001591418,1,AT5G17660,AT5G17660,AT5G17660,0.0
5,Chr5_5820665.0,5820665,0.001591418,1,AT5G17660,AT5G17660,AT5G17660,0.0
5,Chr5_5820680.0,5820680,0.001591418,1,AT5G17660,AT5G17660,AT5G17660,0.0
5,Chr5_5820686.0,5820686,0.001591418,1,AT5G17660,AT5G17660,AT5G17660,0.0
5,Chr5_5820824.0,5820824,0.001591418,1,AT5G17660,AT5G17660,AT5G17660,0.0
5,Chr5_5820988.0,5820988,0.001591418,0,,,,
5,Chr5_5821218.0,5821218,0.001591418,1,AT5G17670,AT5G17670,AT5G17670,0.0
5,Chr5_5821253.0,5821253,0.001591418,1,AT5G17670,AT5G17670,AT5G17670,0.0
5,Chr5_5821266.0,5821266,0.001591418,1,AT5G17670,AT5G17670,AT5G17670,0.0
5,Chr5_5821318.0,5821318,0.001591418,1,AT5G17670,AT5G17670,AT5G17670,0.0
5,Chr5_5821426.0,5821426,0.001591418,1,AT5G17670,AT5G17670,AT5G17670,0.0
5,Chr5_5821654.0,5821654,0.001591418,1,AT5G17670,AT5G17670,AT5G17670,0.0
5,Chr5_5821681.0,5821681,0.001591418,1,AT5G17670,AT5G17670,AT5G17670,0.0
5,Chr5_5822240.0,5822240,0.001591418,1,AT5G17670,AT5G17670,AT5G17670,0.0
5,Chr5_5822587.0,5822587,0.001591418,1,AT5G17670,AT5G17670,AT5G17670,0.0
5,Chr5_5822641.0,5822641,0.001591418,1,AT5G17670,AT5G17670,AT5G17670,0.0
5,Chr5_5822646.0,5822646,0.001591418,1,AT5G17670,AT5G17670,AT5G17670,0.0
5,Chr5_5824492.0,5824492,0.001591418,1,AT5G17680,AT5G17680,AT5G17680,0.0
5,Chr5_5827396.0,5827396,0.001591418,1,AT5G17690,AT5G17690,AT5G17690,0.0
1,Chr1_9584767.0,9584767,0.001592296,0,,,,
5,Chr5_9548567.0,9548567,0.001592365,1,AT5G27140,AT5G27140,AT5G27140,0.0
3,Chr3_3338028.0,3338028,0.00159249,1,AT3G10680,AT3G10680,AT3G10680,0.0
2,Chr2_9163539.0,9163539,0.001593061,1,AT2G21410,AT2G21410,AT2G21410,0.0
2,Chr2_9163577.0,9163577,0.001593061,1,AT2G21410,AT2G21410,AT2G21410,0.0
2,Chr2_9165015.0,9165015,0.001593061,1,AT2G21410,AT2G21410,AT2G21410,0.0
3,Chr3_11644855.0,11644855,0.001593263,0,,,,
1,Chr1_19410817.0,19410817,0.001593581,1,AT1G52150,AT1G52150,AT1G52150,0.0
5,Chr5_12444408.0,12444408,0.00159359,0,,,,
5,Chr5_12444687.0,12444687,0.00159359,0,,,,
4,Chr4_4497016.0,4497016,0.001593753,0,,,,
5,Chr5_16031505.0,16031505,0.001593936,0,,,,
3,Chr3_10804130.0,10804130,0.001594008,0,,,,
5,Chr5_576458.0,576458,0.001594094,1,AT5G02560,AT5G02560,AT5G02560,0.0
2,Chr2_4084354.0,4084354,0.001594219,0,,,,
2,Chr2_4084580.0,4084580,0.001594219,0,,,,
1,Chr1_6657151.0,6657151,0.001594265,0,,,,
3,Chr3_13998699.0,13998699,0.001594563,0,,,,
3,Chr3_5535102.0,5535102,0.001595575,0,,,,
5,Chr5_4161788.0,4161788,0.001595866,1,AT5G13110,AT5G13110,AT5G13110,0.0
4,Chr4_15720907.0,15720907,0.001595948,0,,,,
5,Chr5_26724985.0,26724985,0.001596236,1,AT5G66920,AT5G66920,AT5G66920,0.0
2,Chr2_9508298.0,9508298,0.001596696,1,AT2G22400,AT2G22400,AT2G22400,0.0
2,Chr2_9508391.0,9508391,0.001596696,1,AT2G22400,AT2G22400,AT2G22400,0.0
2,Chr2_9509270.0,9509270,0.001596696,1,AT2G22410,AT2G22410,AT2G22410,0.0
2,Chr2_9509277.0,9509277,0.001596696,1,AT2G22410,AT2G22410,AT2G22410,0.0
2,Chr2_3783119.0,3783119,0.001596714,0,,,,
1,Chr1_17193667.0,17193667,0.00159686,0,,,,
3,Chr3_10803521.0,10803521,0.001596907,0,,,,
3,Chr3_3363009.0,3363009,0.001596964,1,AT3G10740,AT3G10740,AT3G10740,0.0
2,Chr2_2529062.0,2529062,0.001597353,0,,,,
2,Chr2_9163449.0,9163449,0.001597479,1,AT2G21410,AT2G21410,AT2G21410,0.0
5,Chr5_9238421.0,9238421,0.001597661,1,AT5G26320,AT5G26320,AT5G26320,0.0
5,Chr5_26711844.0,26711844,0.001599863,1,AT5G66880,AT5G66880,AT5G66880,0.0
5,Chr5_26711854.0,26711854,0.001599863,1,AT5G66880,AT5G66880,AT5G66880,0.0
5,Chr5_26711858.0,26711858,0.001599863,1,AT5G66880,AT5G66880,AT5G66880,0.0
5,Chr5_26711876.0,26711876,0.001599863,1,AT5G66880,AT5G66880,AT5G66880,0.0
5,Chr5_26711879.0,26711879,0.001599863,1,AT5G66880,AT5G66880,AT5G66880,0.0
1,Chr1_20190372.0,20190372,0.001600205,1,AT1G54090,AT1G54090,AT1G54090,0.0
2,Chr2_931189.0,931189,0.001600793,0,,,,
2,Chr2_931191.0,931191,0.001600793,0,,,,
5,Chr5_23762790.0,23762790,0.001600951,0,,,,
2,Chr2_2197858.0,2197858,0.001601288,0,,,,
5,Chr5_9237560.0,9237560,0.00160136,0,,,,
5,Chr5_6691549.0,6691549,0.001601503,0,,,,
5,Chr5_6691559.0,6691559,0.001601503,0,,,,
1,Chr1_4246459.0,4246459,0.001601561,0,,,,
3,Chr3_3219413.0,3219413,0.001601734,0,,,,
4,Chr4_1650386.0,1650386,0.001601911,0,,,,
3,Chr3_3476925.0,3476925,0.001602064,1,AT3G11100,AT3G11100,AT3G11100,0.0
1,Chr1_19470118.0,19470118,0.001602715,1,AT1G52290,AT1G52290,AT1G52290,0.0
4,Chr4_15720035.0,15720035,0.001602829,1,AT4G32580,AT4G32580,AT4G32580,0.0
5,Chr5_11067154.0,11067154,0.001603133,0,,,,
4,Chr4_16900876.0,16900876,0.001603281,0,,,,
5,Chr5_9149025.0,9149025,0.001603308,0,,,,
5,Chr5_9149036.0,9149036,0.001603308,0,,,,
5,Chr5_9149051.0,9149051,0.001603308,0,,,,
2,Chr2_9520693.0,9520693,0.00160372,0,,,,
1,Chr1_12666104.0,12666104,0.001605244,0,,,,
5,Chr5_7014277.0,7014277,0.001605247,0,,,,
3,Chr3_6344742.0,6344742,0.001605459,0,,,,
5,Chr5_7525577.0,7525577,0.001605557,1,AT5G22630,AT5G22630,AT5G22630,0.0
5,Chr5_9902838.0,9902838,0.001605589,0,,,,
1,Chr1_22786806.0,22786806,0.001605857,1,AT1G61690,AT1G61690,AT1G61690,0.0
3,Chr3_14906558.0,14906558,0.001605972,1,AT3G42800,AT3G42800,AT3G42800,0.0
3,Chr3_14906568.0,14906568,0.001605972,1,AT3G42800,AT3G42800,AT3G42800,0.0
3,Chr3_14906598.0,14906598,0.001605972,1,AT3G42800,AT3G42800,AT3G42800,0.0
5,Chr5_12455887.0,12455887,0.001605982,0,,,,
5,Chr5_12456429.0,12456429,0.001605982,0,,,,
5,Chr5_12491752.0,12491752,0.001605982,0,,,,
5,Chr5_12493086.0,12493086,0.001605982,0,,,,
5,Chr5_12493646.0,12493646,0.001605982,0,,,,
5,Chr5_12493693.0,12493693,0.001605982,0,,,,
5,Chr5_12523230.0,12523230,0.001605982,0,,,,
5,Chr5_12529265.0,12529265,0.001605982,0,,,,
5,Chr5_12532803.0,12532803,0.001605982,0,,,,
5,Chr5_12545337.0,12545337,0.001605982,0,,,,
5,Chr5_12555285.0,12555285,0.001605982,0,,,,
5,Chr5_12558481.0,12558481,0.001605982,1,AT5G33290,AT5G33290,AT5G33290,0.0
5,Chr5_12559108.0,12559108,0.001605982,1,AT5G33290,AT5G33290,AT5G33290,0.0
5,Chr5_13053545.0,13053545,0.001605982,0,,,,
5,Chr5_13053813.0,13053813,0.001605982,0,,,,
5,Chr5_13067353.0,13067353,0.001605982,0,,,,
5,Chr5_13073683.0,13073683,0.001605982,0,,,,
5,Chr5_13095085.0,13095085,0.001605982,0,,,,
5,Chr5_13096703.0,13096703,0.001605982,0,,,,
5,Chr5_13102493.0,13102493,0.001605982,0,,,,
5,Chr5_13115529.0,13115529,0.001605982,0,,,,
5,Chr5_13131498.0,13131498,0.001605982,0,,,,
5,Chr5_13160648.0,13160648,0.001605982,0,,,,
5,Chr5_13162223.0,13162223,0.001605982,0,,,,
5,Chr5_13174711.0,13174711,0.001605982,0,,,,
5,Chr5_13227405.0,13227405,0.001605982,0,,,,
5,Chr5_13235689.0,13235689,0.001605982,0,,,,
5,Chr5_13255795.0,13255795,0.001605982,0,,,,
5,Chr5_13298273.0,13298273,0.001605982,0,,,,
5,Chr5_13298979.0,13298979,0.001605982,0,,,,
5,Chr5_13299795.0,13299795,0.001605982,0,,,,
5,Chr5_13305864.0,13305864,0.001605982,0,,,,
5,Chr5_13306341.0,13306341,0.001605982,0,,,,
5,Chr5_13322385.0,13322385,0.001605982,0,,,,
5,Chr5_13322387.0,13322387,0.001605982,0,,,,
5,Chr5_13330288.0,13330288,0.001605982,0,,,,
5,Chr5_13333474.0,13333474,0.001605982,0,,,,
5,Chr5_13334959.0,13334959,0.001605982,0,,,,
5,Chr5_13344468.0,13344468,0.001605982,0,,,,
5,Chr5_13346203.0,13346203,0.001605982,0,,,,
5,Chr5_13347892.0,13347892,0.001605982,0,,,,
5,Chr5_13348032.0,13348032,0.001605982,0,,,,
5,Chr5_13357704.0,13357704,0.001605982,0,,,,
5,Chr5_12291958.0,12291958,0.001606511,0,,,,
4,Chr4_1978311.0,1978311,0.001606683,0,,,,
2,Chr2_10377262.0,10377262,0.001607195,0,,,,
5,Chr5_20323050.0,20323050,0.001607299,1,AT5G49950,AT5G49950,AT5G49950,0.0
1,Chr1_17295260.0,17295260,0.001607416,0,,,,
4,Chr4_16729167.0,16729167,0.001608318,0,,,,
4,Chr4_9937035.0,9937035,0.001608321,1,AT4G17890,AT4G17890,AT4G17890,0.0
5,Chr5_13798010.0,13798010,0.001608434,0,,,,
5,Chr5_19283379.0,19283379,0.001608717,1,AT5G47540,AT5G47540,AT5G47540,0.0
4,Chr4_7375907.0,7375907,0.001609903,0,,,,
2,Chr2_5924044.0,5924044,0.001610109,0,,,,
4,Chr4_1983476.0,1983476,0.001610505,0,,,,
4,Chr4_1990291.0,1990291,0.001610505,0,,,,
5,Chr5_12151146.0,12151146,0.001610584,0,,,,
5,Chr5_12288121.0,12288121,0.001610584,0,,,,
3,Chr3_5355204.0,5355204,0.001611352,1,AT3G15830,AT3G15830,AT3G15830,0.0
3,Chr3_4632566.0,4632566,0.001611434,1,AT3G14000,AT3G14000,AT3G14000,0.0
5,Chr5_26850910.0,26850910,0.001611832,0,,,,
1,Chr1_7528447.0,7528447,0.001611934,0,,,,
4,Chr4_18306015.0,18306015,0.00161238,0,,,,
4,Chr4_8723432.0,8723432,0.001612836,1,AT4G15290,AT4G15290,AT4G15290,0.0
4,Chr4_8723439.0,8723439,0.001612836,1,AT4G15290,AT4G15290,AT4G15290,0.0
4,Chr4_8723465.0,8723465,0.001612836,1,AT4G15290,AT4G15290,AT4G15290,0.0
4,Chr4_8723481.0,8723481,0.001612836,1,AT4G15290,AT4G15290,AT4G15290,0.0
4,Chr4_8723520.0,8723520,0.001612836,1,AT4G15290,AT4G15290,AT4G15290,0.0
4,Chr4_8723536.0,8723536,0.001612836,1,AT4G15290,AT4G15290,AT4G15290,0.0
4,Chr4_8723569.0,8723569,0.001612836,1,AT4G15290,AT4G15290,AT4G15290,0.0
4,Chr4_8723882.0,8723882,0.001612836,1,AT4G15290,AT4G15290,AT4G15290,0.0
4,Chr4_8723910.0,8723910,0.001612836,1,AT4G15290,AT4G15290,AT4G15290,0.0
3,Chr3_8368111.0,8368111,0.001612848,0,,,,
3,Chr3_20353638.0,20353638,0.001613045,0,,,,
4,Chr4_3939055.0,3939055,0.001613368,0,,,,
2,Chr2_16807731.0,16807731,0.001613569,0,,,,
5,Chr5_16994009.0,16994009,0.001613931,0,,,,
5,Chr5_16994017.0,16994017,0.001613931,0,,,,
5,Chr5_16994024.0,16994024,0.001613931,0,,,,
5,Chr5_16994030.0,16994030,0.001613931,0,,,,
4,Chr4_1285687.0,1285687,0.001613995,1,AT4G02900,AT4G02900,AT4G02900,0.0
4,Chr4_1286102.0,1286102,0.001613995,1,AT4G02900,AT4G02900,AT4G02900,0.0
4,Chr4_1301146.0,1301146,0.001613995,0,,,,
5,Chr5_14909467.0,14909467,0.001614078,0,,,,
1,Chr1_12097576.0,12097576,0.001614099,0,,,,
4,Chr4_15856841.0,15856841,0.001615233,1,AT4G32860,AT4G32860,AT4G32860,0.0
1,Chr1_1673137.0,1673137,0.001615423,1,AT1G05600,AT1G05600,AT1G05600,0.0
5,Chr5_6313797.0,6313797,0.001615815,0,,,,
4,Chr4_958215.0,958215,0.00161598,1,AT4G02170,AT4G02170,AT4G02170,0.0
4,Chr4_958222.0,958222,0.00161598,1,AT4G02170,AT4G02170,AT4G02170,0.0
3,Chr3_15843567.0,15843567,0.001616359,0,,,,
3,Chr3_2124597.0,2124597,0.001616568,1,AT3G06730,AT3G06730,AT3G06730,0.0
3,Chr3_20591006.0,20591006,0.00161684,1,AT3G55515,AT3G55515,AT3G55515,0.0
3,Chr3_11751064.0,11751064,0.001617105,0,,,,
5,Chr5_25232924.0,25232924,0.001617596,1,AT5G62860,AT5G62860,AT5G62860,0.0
5,Chr5_4180398.0,4180398,0.001617712,0,,,,
4,Chr4_4520178.0,4520178,0.001617756,0,,,,
4,Chr4_7378529.0,7378529,0.0016178,1,AT4G12440,AT4G12440,AT4G12440,0.0
2,Chr2_13808171.0,13808171,0.001618325,0,,,,
5,Chr5_9271907.0,9271907,0.001618374,0,,,,
5,Chr5_13509399.0,13509399,0.001618502,0,,,,
1,Chr1_12526321.0,12526321,0.001618592,0,,,,
1,Chr1_816634.0,816634,0.001618651,1,AT1G03310,AT1G03310,AT1G03310,0.0
4,Chr4_7166249.0,7166249,0.001618848,0,,,,
1,Chr1_22261248.0,22261248,0.00161897,0,,,,
2,Chr2_4775388.0,4775388,0.001619326,0,,,,
2,Chr2_3099795.0,3099795,0.001619393,0,,,,
5,Chr5_2635498.0,2635498,0.00161964,0,,,,
5,Chr5_4156135.0,4156135,0.001620012,0,,,,
1,Chr1_18885400.0,18885400,0.001620056,0,,,,
4,Chr4_13945684.0,13945684,0.001620219,1,AT4G28060,AT4G28060,AT4G28060,0.0
4,Chr4_11920165.0,11920165,0.001620878,1,AT4G22670,AT4G22670,AT4G22670,0.0
5,Chr5_6755586.0,6755586,0.001621165,0,,,,
4,Chr4_1833363.0,1833363,0.001622202,0,,,,
2,Chr2_1676209.0,1676209,0.001622789,0,,,,
1,Chr1_4274497.0,4274497,0.001622904,0,,,,
1,Chr1_4274498.0,4274498,0.001622904,0,,,,
4,Chr4_2630823.0,2630823,0.001623374,0,,,,
4,Chr4_2630842.0,2630842,0.001623374,0,,,,
4,Chr4_2630848.0,2630848,0.001623374,0,,,,
1,Chr1_12532500.0,12532500,0.001623775,1,AT1G34340,AT1G34340,AT1G34340,0.0
1,Chr1_12533723.0,12533723,0.001623775,1,AT1G34340,AT1G34340,AT1G34340,0.0
1,Chr1_12539979.0,12539979,0.001623775,1,AT1G34355,AT1G34355,AT1G34355,0.0
1,Chr1_4817989.0,4817989,0.001624348,1,AT1G14060,AT1G14060,AT1G14060,0.0
5,Chr5_2529238.0,2529238,0.001624349,1,AT5G07920,AT5G07920,AT5G07920,0.0
5,Chr5_2529380.0,2529380,0.001624349,0,,,,
5,Chr5_2529611.0,2529611,0.001624349,0,,,,
5,Chr5_17460437.0,17460437,0.001624543,1,AT5G43460,AT5G43460,AT5G43460,0.0
5,Chr5_17460453.0,17460453,0.001624543,1,AT5G43460,AT5G43460,AT5G43460,0.0
4,Chr4_7344040.0,7344040,0.00162515,0,,,,
4,Chr4_7344118.0,7344118,0.00162515,0,,,,
1,Chr1_4085929.0,4085929,0.001625517,0,,,,
1,Chr1_4091245.0,4091245,0.001625517,0,,,,
3,Chr3_15295948.0,15295948,0.001625764,0,,,,
1,Chr1_803386.0,803386,0.001625871,1,AT1G03280,AT1G03280,AT1G03280,0.0
1,Chr1_812251.0,812251,0.001625871,1,AT1G03300,AT1G03300,AT1G03300,0.0
5,Chr5_26898644.0,26898644,0.001626,1,AT5G67411,AT5G67411,AT5G67411,0.0
5,Chr5_26900397.0,26900397,0.001626,0,,,,
1,Chr1_4539931.0,4539931,0.001626044,0,,,,
2,Chr2_992658.0,992658,0.001626077,0,,,,
2,Chr2_19162515.0,19162515,0.001627301,0,,,,
5,Chr5_9152721.0,9152721,0.001627417,1,AT5G26180,AT5G26180,AT5G26180,0.0
2,Chr2_18442070.0,18442070,0.001627645,1,AT2G44740,AT2G44740,AT2G44740,0.0
2,Chr2_18442081.0,18442081,0.001627645,1,AT2G44740,AT2G44740,AT2G44740,0.0
2,Chr2_18442139.0,18442139,0.001627645,1,AT2G44740,AT2G44740,AT2G44740,0.0
2,Chr2_18442155.0,18442155,0.001627645,1,AT2G44740,AT2G44740,AT2G44740,0.0
2,Chr2_18442228.0,18442228,0.001627645,1,AT2G44740,AT2G44740,AT2G44740,0.0
3,Chr3_5192923.0,5192923,0.00162861,0,,,,
1,Chr1_6715381.0,6715381,0.001628667,1,AT1G19410,AT1G19410,AT1G19410,0.0
1,Chr1_30139179.0,30139179,0.001628997,1,AT1G80120,AT1G80120,AT1G80120,0.0
5,Chr5_16407525.0,16407525,0.001629325,1,AT5G40940,AT5G40940,AT5G40940,0.0
2,Chr2_5164481.0,5164481,0.001629638,0,,,,
4,Chr4_2103138.0,2103138,0.001629951,0,,,,
1,Chr1_917578.0,917578,0.001630253,1,AT1G03680,AT1G03680,AT1G03680,0.0
1,Chr1_917579.0,917579,0.001630253,1,AT1G03680,AT1G03680,AT1G03680,0.0
5,Chr5_5601144.0,5601144,0.001630427,1,AT5G17020,AT5G17020,AT5G17020,0.0
5,Chr5_10272312.0,10272312,0.001631403,0,,,,
5,Chr5_15150817.0,15150817,0.001631624,0,,,,
5,Chr5_10703590.0,10703590,0.001631764,0,,,,
1,Chr1_30140438.0,30140438,0.001631788,0,,,,
2,Chr2_13439543.0,13439543,0.001632045,1,AT2G31570,AT2G31570,AT2G31570,0.0
2,Chr2_13439549.0,13439549,0.001632045,1,AT2G31570,AT2G31570,AT2G31570,0.0
2,Chr2_13439561.0,13439561,0.001632045,1,AT2G31570,AT2G31570,AT2G31570,0.0
2,Chr2_13439634.0,13439634,0.001632045,1,AT2G31570,AT2G31570,AT2G31570,0.0
2,Chr2_13439639.0,13439639,0.001632045,1,AT2G31570,AT2G31570,AT2G31570,0.0
3,Chr3_14056000.0,14056000,0.001632078,0,,,,
3,Chr3_13920075.0,13920075,0.001632172,0,,,,
1,Chr1_26981195.0,26981195,0.001632206,0,,,,
5,Chr5_11534350.0,11534350,0.001632574,0,,,,
1,Chr1_2971896.0,2971896,0.001632975,1,AT1G09200,AT1G09200,AT1G09200,0.0
1,Chr1_26880551.0,26880551,0.001633093,0,,,,
2,Chr2_15060202.0,15060202,0.001633531,2,AT2G35859;AT2G35860,AT2G35859,AT2G35859,0.0
4,Chr4_4367753.0,4367753,0.001634617,0,,,,
4,Chr4_4367766.0,4367766,0.001634617,0,,,,
4,Chr4_4367774.0,4367774,0.001634617,0,,,,
4,Chr4_4367786.0,4367786,0.001634617,0,,,,
4,Chr4_4367812.0,4367812,0.001634617,0,,,,
4,Chr4_4367813.0,4367813,0.001634617,0,,,,
1,Chr1_502716.0,502716,0.001634709,0,,,,
4,Chr4_14655373.0,14655373,0.001634919,0,,,,
4,Chr4_14655400.0,14655400,0.001634919,0,,,,
4,Chr4_14655462.0,14655462,0.001634919,0,,,,
4,Chr4_14655903.0,14655903,0.001634919,0,,,,
4,Chr4_14655938.0,14655938,0.001634919,0,,,,
4,Chr4_14655965.0,14655965,0.001634919,0,,,,
4,Chr4_14656138.0,14656138,0.001634919,0,,,,
4,Chr4_14656173.0,14656173,0.001634919,0,,,,
4,Chr4_14656233.0,14656233,0.001634919,0,,,,
4,Chr4_14656794.0,14656794,0.001634919,0,,,,
4,Chr4_14656803.0,14656803,0.001634919,0,,,,
4,Chr4_14656862.0,14656862,0.001634919,0,,,,
4,Chr4_2076783.0,2076783,0.001634943,0,,,,
4,Chr4_2008394.0,2008394,0.001635655,0,,,,
5,Chr5_13317724.0,13317724,0.001636288,0,,,,
5,Chr5_1237845.0,1237845,0.001636616,0,,,,
5,Chr5_1237893.0,1237893,0.001636616,0,,,,
5,Chr5_1237897.0,1237897,0.001636616,0,,,,
5,Chr5_1238006.0,1238006,0.001636616,0,,,,
5,Chr5_1238015.0,1238015,0.001636616,0,,,,
5,Chr5_1238069.0,1238069,0.001636616,0,,,,
5,Chr5_1238320.0,1238320,0.001636616,0,,,,
5,Chr5_1238350.0,1238350,0.001636616,0,,,,
5,Chr5_1238367.0,1238367,0.001636616,0,,,,
5,Chr5_1238399.0,1238399,0.001636616,0,,,,
1,Chr1_13276988.0,13276988,0.001636916,0,,,,
1,Chr1_13277074.0,13277074,0.001636916,0,,,,
1,Chr1_13277077.0,13277077,0.001636916,0,,,,
5,Chr5_2519165.0,2519165,0.001637427,1,AT5G07890,AT5G07890,AT5G07890,0.0
5,Chr5_8744526.0,8744526,0.001637621,0,,,,
5,Chr5_8217232.0,8217232,0.001637719,0,,,,
5,Chr5_5724584.0,5724584,0.001637942,1,AT5G17370,AT5G17370,AT5G17370,0.0
5,Chr5_5729553.0,5729553,0.001637942,1,AT5G17400,AT5G17400,AT5G17400,0.0
2,Chr2_6779139.0,6779139,0.001638327,0,,,,
2,Chr2_14523001.0,14523001,0.001638433,1,AT2G34420,AT2G34420,AT2G34420,0.0
2,Chr2_3730922.0,3730922,0.001639574,0,,,,
4,Chr4_2670133.0,2670133,0.001639869,0,,,,
1,Chr1_15620647.0,15620647,0.001639921,0,,,,
3,Chr3_14428248.0,14428248,0.001640149,0,,,,
2,Chr2_4756705.0,4756705,0.001640193,0,,,,
5,Chr5_2557865.0,2557865,0.001640416,0,,,,
5,Chr5_4754986.0,4754986,0.001640459,0,,,,
1,Chr1_6698921.0,6698921,0.001640768,0,,,,
4,Chr4_10073649.0,10073649,0.001640934,0,,,,
4,Chr4_10073671.0,10073671,0.001640934,0,,,,
4,Chr4_10073737.0,10073737,0.001640934,0,,,,
4,Chr4_10073845.0,10073845,0.001640934,1,AT4G18205,AT4G18205,AT4G18205,0.0
4,Chr4_10073891.0,10073891,0.001640934,1,AT4G18205,AT4G18205,AT4G18205,0.0
4,Chr4_10073892.0,10073892,0.001640934,1,AT4G18205,AT4G18205,AT4G18205,0.0
4,Chr4_10073893.0,10073893,0.001640934,1,AT4G18205,AT4G18205,AT4G18205,0.0
4,Chr4_10073919.0,10073919,0.001640934,1,AT4G18205,AT4G18205,AT4G18205,0.0
4,Chr4_10073920.0,10073920,0.001640934,1,AT4G18205,AT4G18205,AT4G18205,0.0
4,Chr4_10073922.0,10073922,0.001640934,1,AT4G18205,AT4G18205,AT4G18205,0.0
4,Chr4_10074018.0,10074018,0.001640934,1,AT4G18205,AT4G18205,AT4G18205,0.0
4,Chr4_10074019.0,10074019,0.001640934,1,AT4G18205,AT4G18205,AT4G18205,0.0
4,Chr4_10074042.0,10074042,0.001640934,1,AT4G18205,AT4G18205,AT4G18205,0.0
4,Chr4_10074096.0,10074096,0.001640934,1,AT4G18205,AT4G18205,AT4G18205,0.0
4,Chr4_10074160.0,10074160,0.001640934,1,AT4G18205,AT4G18205,AT4G18205,0.0
5,Chr5_1282595.0,1282595,0.00164104,0,,,,
5,Chr5_25355825.0,25355825,0.001641367,0,,,,
5,Chr5_25996908.0,25996908,0.001641389,0,,,,
1,Chr1_4308940.0,4308940,0.00164139,0,,,,
2,Chr2_7322434.0,7322434,0.001641431,0,,,,
3,Chr3_5591597.0,5591597,0.001642287,0,,,,
2,Chr2_9509268.0,9509268,0.001642662,1,AT2G22410,AT2G22410,AT2G22410,0.0
3,Chr3_10428100.0,10428100,0.001643277,1,AT3G28030,AT3G28030,AT3G28030,0.0
3,Chr3_10432244.0,10432244,0.001643277,0,,,,
3,Chr3_2214466.0,2214466,0.001643842,1,AT3G07010,AT3G07010,AT3G07010,0.0
1,Chr1_4061516.0,4061516,0.001644049,0,,,,
5,Chr5_26713226.0,26713226,0.001644164,1,AT5G66890,AT5G66890,AT5G66890,0.0
5,Chr5_26713298.0,26713298,0.001644164,1,AT5G66890,AT5G66890,AT5G66890,0.0
5,Chr5_26713299.0,26713299,0.001644164,1,AT5G66890,AT5G66890,AT5G66890,0.0
3,Chr3_20437545.0,20437545,0.001644337,0,,,,
5,Chr5_17087336.0,17087336,0.001644404,0,,,,
1,Chr1_26050100.0,26050100,0.001644727,0,,,,
5,Chr5_8089134.0,8089134,0.001644758,0,,,,
2,Chr2_7753974.0,7753974,0.001644815,0,,,,
4,Chr4_9188728.0,9188728,0.001645216,0,,,,
1,Chr1_12270837.0,12270837,0.001645225,0,,,,
5,Chr5_9380339.0,9380339,0.001645617,0,,,,
1,Chr1_1416513.0,1416513,0.001645724,1,AT1G04985,AT1G04985,AT1G04985,0.0
4,Chr4_1981721.0,1981721,0.001645753,0,,,,
4,Chr4_1990522.0,1990522,0.001645753,0,,,,
4,Chr4_1991982.0,1991982,0.001645753,0,,,,
4,Chr4_1992556.0,1992556,0.001645753,0,,,,
4,Chr4_1994480.0,1994480,0.001645753,0,,,,
1,Chr1_365426.0,365426,0.001645947,1,AT1G02065,AT1G02065,AT1G02065,0.0
4,Chr4_17533009.0,17533009,0.001646843,0,,,,
5,Chr5_22020839.0,22020839,0.001647311,0,,,,
1,Chr1_20401897.0,20401897,0.001647628,1,AT1G54630,AT1G54630,AT1G54630,0.0
4,Chr4_3636808.0,3636808,0.001647753,0,,,,
2,Chr2_9036397.0,9036397,0.001647863,1,AT2G21050,AT2G21050,AT2G21050,0.0
5,Chr5_485943.0,485943,0.001647987,1,AT5G02320,AT5G02320,AT5G02320,0.0
1,Chr1_12592848.0,12592848,0.001648228,0,,,,
4,Chr4_2097757.0,2097757,0.001648288,0,,,,
4,Chr4_2107632.0,2107632,0.001648288,0,,,,
4,Chr4_2111770.0,2111770,0.001648288,0,,,,
3,Chr3_11861526.0,11861526,0.001648427,0,,,,
1,Chr1_15613557.0,15613557,0.001648505,0,,,,
1,Chr1_4165205.0,4165205,0.001648752,1,AT1G12260,AT1G12260,AT1G12260,0.0
4,Chr4_7348725.0,7348725,0.00164897,0,,,,
4,Chr4_13731820.0,13731820,0.00164923,0,,,,
5,Chr5_13885246.0,13885246,0.001649905,0,,,,
5,Chr5_16652335.0,16652335,0.001649919,0,,,,
5,Chr5_16652336.0,16652336,0.001649919,0,,,,
2,Chr2_8940031.0,8940031,0.001650192,0,,,,
1,Chr1_12063211.0,12063211,0.001650655,0,,,,
1,Chr1_10086646.0,10086646,0.001650835,1,AT1G28710,AT1G28710,AT1G28710,0.0
1,Chr1_10086653.0,10086653,0.001650835,1,AT1G28710,AT1G28710,AT1G28710,0.0
1,Chr1_10086709.0,10086709,0.001650835,1,AT1G28710,AT1G28710,AT1G28710,0.0
1,Chr1_10086743.0,10086743,0.001650835,1,AT1G28710,AT1G28710,AT1G28710,0.0
1,Chr1_10087312.0,10087312,0.001650835,1,AT1G28710,AT1G28710,AT1G28710,0.0
4,Chr4_15898364.0,15898364,0.001651015,0,,,,
3,Chr3_15233974.0,15233974,0.001651078,1,AT3G43300,AT3G43300,AT3G43300,0.0
1,Chr1_3156264.0,3156264,0.001651173,1,AT1G09740,AT1G09740,AT1G09740,0.0
3,Chr3_2162055.0,2162055,0.001651226,1,AT3G06860,AT3G06860,AT3G06860,0.0
4,Chr4_8723383.0,8723383,0.001651459,1,AT4G15290,AT4G15290,AT4G15290,0.0
2,Chr2_16551354.0,16551354,0.001651621,0,,,,
5,Chr5_9698578.0,9698578,0.001651702,0,,,,
1,Chr1_5504156.0,5504156,0.001651775,1,AT1G16030,AT1G16030,AT1G16030,0.0
1,Chr1_5504273.0,5504273,0.001651775,1,AT1G16030,AT1G16030,AT1G16030,0.0
1,Chr1_5504297.0,5504297,0.001651775,1,AT1G16030,AT1G16030,AT1G16030,0.0
1,Chr1_5504309.0,5504309,0.001651775,1,AT1G16030,AT1G16030,AT1G16030,0.0
5,Chr5_17858430.0,17858430,0.001652027,1,AT5G44330,AT5G44330,AT5G44330,0.0
1,Chr1_17414769.0,17414769,0.001652246,1,AT1G47470,AT1G47470,AT1G47470,0.0
1,Chr1_13290158.0,13290158,0.0016534,0,,,,
5,Chr5_16485220.0,16485220,0.001654241,1,AT5G41180,AT5G41180,AT5G41180,0.0
2,Chr2_5502361.0,5502361,0.001654266,0,,,,
2,Chr2_5504346.0,5504346,0.001654266,0,,,,
2,Chr2_5504610.0,5504610,0.001654266,0,,,,
2,Chr2_5504729.0,5504729,0.001654266,0,,,,
2,Chr2_5504749.0,5504749,0.001654266,0,,,,
2,Chr2_5504895.0,5504895,0.001654266,0,,,,
2,Chr2_5504963.0,5504963,0.001654266,0,,,,
2,Chr2_5505087.0,5505087,0.001654266,0,,,,
2,Chr2_2002206.0,2002206,0.001655792,0,,,,
2,Chr2_2002288.0,2002288,0.001655792,0,,,,
1,Chr1_29874842.0,29874842,0.001656118,0,,,,
5,Chr5_2517411.0,2517411,0.001656408,1,AT5G07890,AT5G07890,AT5G07890,0.0
5,Chr5_2521940.0,2521940,0.001656408,1,AT5G07910,AT5G07910,AT5G07910,0.0
5,Chr5_22307286.0,22307286,0.001656731,1,AT5G54930,AT5G54930,AT5G54930,0.0
3,Chr3_10461054.0,10461054,0.001656737,0,,,,
4,Chr4_3757796.0,3757796,0.001657049,0,,,,
5,Chr5_8274507.0,8274507,0.001657366,1,AT5G24310,AT5G24310,AT5G24310,0.0
5,Chr5_26767068.0,26767068,0.0016574,1,AT5G67060,AT5G67060,AT5G67060,0.0
1,Chr1_26135191.0,26135191,0.001657497,0,,,,
4,Chr4_1994773.0,1994773,0.001657527,0,,,,
4,Chr4_8722706.0,8722706,0.001657552,1,AT4G15290,AT4G15290,AT4G15290,0.0
4,Chr4_8722708.0,8722708,0.001657552,1,AT4G15290,AT4G15290,AT4G15290,0.0
5,Chr5_5586797.0,5586797,0.001657819,1,AT5G17000,AT5G17000,AT5G17000,0.0
5,Chr5_5586803.0,5586803,0.001657819,1,AT5G17000,AT5G17000,AT5G17000,0.0
4,Chr4_2109333.0,2109333,0.001657872,0,,,,
2,Chr2_13449281.0,13449281,0.001658414,1,AT2G31600,AT2G31600,AT2G31600,0.0
2,Chr2_19158965.0,19158965,0.001658541,0,,,,
1,Chr1_27529290.0,27529290,0.001658783,1,AT1G73210,AT1G73210,AT1G73210,0.0
5,Chr5_13361894.0,13361894,0.001658978,0,,,,
5,Chr5_13373848.0,13373848,0.001658978,0,,,,
5,Chr5_13383115.0,13383115,0.001658978,0,,,,
5,Chr5_13394930.0,13394930,0.001658978,0,,,,
5,Chr5_18955355.0,18955355,0.001659512,0,,,,
5,Chr5_2558711.0,2558711,0.001659578,0,,,,
1,Chr1_6045526.0,6045526,0.001659644,1,AT1G17580,AT1G17580,AT1G17580,0.0
1,Chr1_8539844.0,8539844,0.001659784,0,,,,
1,Chr1_8539852.0,8539852,0.001659784,0,,,,
1,Chr1_8539857.0,8539857,0.001659784,0,,,,
1,Chr1_7050410.0,7050410,0.001660085,0,,,,
1,Chr1_25117733.0,25117733,0.001660158,0,,,,
1,Chr1_19640967.0,19640967,0.001661006,1,AT1G52720,AT1G52720,AT1G52720,0.0
5,Chr5_18919971.0,18919971,0.001661472,0,,,,
5,Chr5_7549960.0,7549960,0.00166226,1,AT5G22720,AT5G22720,AT5G22720,0.0
3,Chr3_4632216.0,4632216,0.001662346,1,AT3G14000,AT3G14000,AT3G14000,0.0
1,Chr1_19302511.0,19302511,0.001662876,0,,,,
5,Chr5_9695239.0,9695239,0.001663212,1,AT5G27470,AT5G27470,AT5G27470,0.0
1,Chr1_15912572.0,15912572,0.001663412,0,,,,
2,Chr2_12181483.0,12181483,0.001663816,0,,,,
1,Chr1_8926164.0,8926164,0.001664356,0,,,,
1,Chr1_8926169.0,8926169,0.001664356,0,,,,
1,Chr1_8926202.0,8926202,0.001664356,0,,,,
1,Chr1_8926216.0,8926216,0.001664356,0,,,,
1,Chr1_8926224.0,8926224,0.001664356,0,,,,
4,Chr4_17522888.0,17522888,0.001664568,0,,,,
4,Chr4_17522889.0,17522889,0.001664568,0,,,,
2,Chr2_13858251.0,13858251,0.001665112,1,AT2G32670,AT2G32670,AT2G32670,0.0
4,Chr4_2098061.0,2098061,0.001665382,0,,,,
5,Chr5_7868470.0,7868470,0.001665503,1,AT5G23380,AT5G23380,AT5G23380,0.0
5,Chr5_7868925.0,7868925,0.001665503,1,AT5G23380,AT5G23380,AT5G23380,0.0
5,Chr5_7869440.0,7869440,0.001665503,1,AT5G23380,AT5G23380,AT5G23380,0.0
1,Chr1_19813418.0,19813418,0.001665596,0,,,,
5,Chr5_5211205.0,5211205,0.001666389,0,,,,
3,Chr3_11924602.0,11924602,0.00166642,0,,,,
2,Chr2_4707386.0,4707386,0.001666574,0,,,,
3,Chr3_11102053.0,11102053,0.001666777,0,,,,
4,Chr4_6305479.0,6305479,0.00166698,1,AT4G10090,AT4G10090,AT4G10090,0.0
4,Chr4_6310885.0,6310885,0.00166698,0,,,,
4,Chr4_6311155.0,6311155,0.00166698,0,,,,
4,Chr4_6311501.0,6311501,0.00166698,1,AT4G10112,AT4G10112,AT4G10112,0.0
5,Chr5_7714784.0,7714784,0.001667359,0,,,,
5,Chr5_7715037.0,7715037,0.001667359,0,,,,
5,Chr5_7715046.0,7715046,0.001667359,0,,,,
3,Chr3_11471967.0,11471967,0.001667528,0,,,,
3,Chr3_11472872.0,11472872,0.001667528,0,,,,
2,Chr2_1390302.0,1390302,0.0016678,0,,,,
3,Chr3_18880628.0,18880628,0.001667823,1,AT3G50790,AT3G50790,AT3G50790,0.0
5,Chr5_11751607.0,11751607,0.00166796,0,,,,
5,Chr5_12180734.0,12180734,0.001668154,0,,,,
5,Chr5_2488626.0,2488626,0.001668221,1,AT5G07800,AT5G07800,AT5G07800,0.0
2,Chr2_10299675.0,10299675,0.001668577,0,,,,
1,Chr1_4194548.0,4194548,0.00166913,0,,,,
2,Chr2_9783708.0,9783708,0.001669848,0,,,,
2,Chr2_13871969.0,13871969,0.001670983,1,AT2G32700,AT2G32700,AT2G32700,0.0
4,Chr4_17541942.0,17541942,0.001671504,1,AT4G37270,AT4G37270,AT4G37270,0.0
5,Chr5_17347656.0,17347656,0.001671776,1,AT5G43210,AT5G43210,AT5G43210,0.0
1,Chr1_1435243.0,1435243,0.001672055,0,,,,
1,Chr1_1435276.0,1435276,0.001672055,1,AT1G05020,AT1G05020,AT1G05020,0.0
1,Chr1_1435452.0,1435452,0.001672055,1,AT1G05020,AT1G05020,AT1G05020,0.0
1,Chr1_1435519.0,1435519,0.001672055,1,AT1G05020,AT1G05020,AT1G05020,0.0
1,Chr1_1435558.0,1435558,0.001672055,1,AT1G05020,AT1G05020,AT1G05020,0.0
1,Chr1_1435573.0,1435573,0.001672055,1,AT1G05020,AT1G05020,AT1G05020,0.0
1,Chr1_1435587.0,1435587,0.001672055,1,AT1G05020,AT1G05020,AT1G05020,0.0
5,Chr5_7683478.0,7683478,0.00167213,0,,,,
3,Chr3_16459309.0,16459309,0.001672256,0,,,,
3,Chr3_16459318.0,16459318,0.001672256,0,,,,
3,Chr3_16459320.0,16459320,0.001672256,0,,,,
3,Chr3_16459327.0,16459327,0.001672256,0,,,,
3,Chr3_16459336.0,16459336,0.001672256,0,,,,
3,Chr3_16459339.0,16459339,0.001672256,0,,,,
3,Chr3_16459378.0,16459378,0.001672256,0,,,,
1,Chr1_6341291.0,6341291,0.001672947,1,AT1G18410,AT1G18410,AT1G18410,0.0
1,Chr1_19409656.0,19409656,0.001673715,0,,,,
4,Chr4_15315936.0,15315936,0.001674107,1,AT4G31600,AT4G31600,AT4G31600,0.0
5,Chr5_25472061.0,25472061,0.001674144,0,,,,
5,Chr5_25472924.0,25472924,0.001674144,1,AT5G63630,AT5G63630,AT5G63630,0.0
4,Chr4_1983564.0,1983564,0.001674933,0,,,,
5,Chr5_894145.0,894145,0.001675183,1,AT5G03540,AT5G03540,AT5G03540,0.0
1,Chr1_13338855.0,13338855,0.001675281,0,,,,
1,Chr1_13338952.0,13338952,0.001675281,0,,,,
4,Chr4_15412437.0,15412437,0.001676541,0,,,,
3,Chr3_15264420.0,15264420,0.001676716,0,,,,
5,Chr5_9148336.0,9148336,0.001676722,0,,,,
2,Chr2_15410624.0,15410624,0.001677102,1,AT2G36750,AT2G36750,AT2G36750,0.0
1,Chr1_555251.0,555251,0.001677118,1,AT1G02610,AT1G02610,AT1G02610,0.0
5,Chr5_6407384.0,6407384,0.00167734,0,,,,
1,Chr1_1434986.0,1434986,0.00167766,0,,,,
3,Chr3_14113106.0,14113106,0.001677808,0,,,,
3,Chr3_13476539.0,13476539,0.001677882,0,,,,
3,Chr3_13476595.0,13476595,0.001677882,0,,,,
3,Chr3_15530624.0,15530624,0.001678021,0,,,,
5,Chr5_533898.0,533898,0.001678141,1,AT5G02450,AT5G02450,AT5G02450,0.0
3,Chr3_8647959.0,8647959,0.001678223,0,,,,
5,Chr5_286877.0,286877,0.001678641,0,,,,
1,Chr1_5552165.0,5552165,0.001679536,0,,,,
4,Chr4_9314520.0,9314520,0.00168038,1,AT4G16530,AT4G16530,AT4G16530,0.0
4,Chr4_9314758.0,9314758,0.00168038,1,AT4G16530,AT4G16530,AT4G16530,0.0
5,Chr5_22215648.0,22215648,0.001680747,0,,,,
1,Chr1_8387177.0,8387177,0.001680768,0,,,,
5,Chr5_10266411.0,10266411,0.001680794,0,,,,
5,Chr5_10266804.0,10266804,0.001680794,0,,,,
5,Chr5_10267061.0,10267061,0.001680794,0,,,,
5,Chr5_10268809.0,10268809,0.001680794,0,,,,
5,Chr5_10271758.0,10271758,0.001680794,0,,,,
5,Chr5_10272284.0,10272284,0.001680794,0,,,,
5,Chr5_10272393.0,10272393,0.001680794,0,,,,
5,Chr5_10273634.0,10273634,0.001680794,0,,,,
5,Chr5_6787229.0,6787229,0.001681526,1,AT5G20090,AT5G20090,AT5G20090,0.0
3,Chr3_15498312.0,15498312,0.001681632,0,,,,
2,Chr2_8881157.0,8881157,0.001681747,0,,,,
2,Chr2_8881562.0,8881562,0.001681747,0,,,,
1,Chr1_26164006.0,26164006,0.001681869,0,,,,
3,Chr3_3528499.0,3528499,0.001682094,0,,,,
5,Chr5_10694566.0,10694566,0.001682124,0,,,,
5,Chr5_7715901.0,7715901,0.001682262,0,,,,
5,Chr5_13194617.0,13194617,0.001682453,0,,,,
1,Chr1_19372679.0,19372679,0.001682663,0,,,,
1,Chr1_26925940.0,26925940,0.001682986,0,,,,
1,Chr1_5025981.0,5025981,0.001683725,0,,,,
5,Chr5_26799422.0,26799422,0.001683783,0,,,,
2,Chr2_13768598.0,13768598,0.001683821,0,,,,
3,Chr3_13964326.0,13964326,0.001683896,0,,,,
3,Chr3_15620184.0,15620184,0.001684375,0,,,,
3,Chr3_15620811.0,15620811,0.001684375,0,,,,
3,Chr3_15621787.0,15621787,0.001684375,0,,,,
3,Chr3_15622346.0,15622346,0.001684375,0,,,,
2,Chr2_714351.0,714351,0.001684667,0,,,,
2,Chr2_8502374.0,8502374,0.001685447,1,AT2G19680,AT2G19680,AT2G19680,0.0
5,Chr5_757285.0,757285,0.001685527,0,,,,
5,Chr5_757288.0,757288,0.001685527,0,,,,
3,Chr3_15633834.0,15633834,0.001685651,0,,,,
3,Chr3_15636572.0,15636572,0.001685651,0,,,,
3,Chr3_15637153.0,15637153,0.001685651,0,,,,
3,Chr3_15637522.0,15637522,0.001685651,0,,,,
3,Chr3_15637617.0,15637617,0.001685651,0,,,,
3,Chr3_15638597.0,15638597,0.001685651,0,,,,
3,Chr3_15639059.0,15639059,0.001685651,0,,,,
3,Chr3_15639201.0,15639201,0.001685651,0,,,,
3,Chr3_15639688.0,15639688,0.001685651,0,,,,
3,Chr3_15640004.0,15640004,0.001685651,0,,,,
4,Chr4_8095090.0,8095090,0.001685982,0,,,,
5,Chr5_2363533.0,2363533,0.00168616,1,AT5G07470,AT5G07470,AT5G07470,0.0
5,Chr5_2363712.0,2363712,0.00168616,1,AT5G07470,AT5G07470,AT5G07470,0.0
5,Chr5_2367591.0,2367591,0.00168616,1,AT5G07480,AT5G07480,AT5G07480,0.0
5,Chr5_2369550.0,2369550,0.00168616,1,AT5G07480,AT5G07480,AT5G07480,0.0
5,Chr5_2371067.0,2371067,0.00168616,1,AT5G07490,AT5G07490,AT5G07490,0.0
5,Chr5_2371874.0,2371874,0.00168616,0,,,,
5,Chr5_2371908.0,2371908,0.00168616,0,,,,
5,Chr5_2376386.0,2376386,0.00168616,0,,,,
4,Chr4_9851381.0,9851381,0.001686307,0,,,,
1,Chr1_13289739.0,13289739,0.001686324,0,,,,
1,Chr1_13289740.0,13289740,0.001686324,0,,,,
5,Chr5_14663607.0,14663607,0.001687202,0,,,,
5,Chr5_7840030.0,7840030,0.001687409,1,AT5G23270,AT5G23270,AT5G23270,0.0
1,Chr1_15889363.0,15889363,0.001687793,0,,,,
4,Chr4_3340332.0,3340332,0.001688001,0,,,,
4,Chr4_553701.0,553701,0.001688128,1,AT4G01335,AT4G01335,AT4G01335,0.0
1,Chr1_24554801.0,24554801,0.0016887,1,AT1G65960,AT1G65960,AT1G65960,0.0
4,Chr4_6309387.0,6309387,0.001688814,1,AT4G10100,AT4G10100,AT4G10100,0.0
5,Chr5_1202967.0,1202967,0.00168913,0,,,,
2,Chr2_6756318.0,6756318,0.001689137,0,,,,
2,Chr2_109833.0,109833,0.001689147,0,,,,
1,Chr1_22741061.0,22741061,0.001689552,0,,,,
3,Chr3_15842612.0,15842612,0.001689558,0,,,,
1,Chr1_22561122.0,22561122,0.001690146,0,,,,
3,Chr3_6547815.0,6547815,0.001690629,1,AT3G18980,AT3G18980,AT3G18980,0.0
5,Chr5_11542944.0,11542944,0.001690774,1,AT5G31412,AT5G31412,AT5G31412,0.0
5,Chr5_11544070.0,11544070,0.001690774,0,,,,
5,Chr5_11544746.0,11544746,0.001690774,0,,,,
5,Chr5_11971237.0,11971237,0.001690995,0,,,,
5,Chr5_11971676.0,11971676,0.001690995,0,,,,
5,Chr5_11971880.0,11971880,0.001690995,0,,,,
5,Chr5_11972145.0,11972145,0.001690995,0,,,,
5,Chr5_17870245.0,17870245,0.001691634,0,,,,
2,Chr2_18304062.0,18304062,0.001692039,1,AT2G44280,AT2G44280,AT2G44280,0.0
1,Chr1_25959716.0,25959716,0.001692607,1,AT1G69040,AT1G69040,AT1G69040,0.0
1,Chr1_558979.0,558979,0.001692946,0,,,,
3,Chr3_3841471.0,3841471,0.00169397,0,,,,
1,Chr1_17196422.0,17196422,0.001694173,0,,,,
1,Chr1_17196453.0,17196453,0.001694173,0,,,,
1,Chr1_17197115.0,17197115,0.001694173,0,,,,
3,Chr3_11185048.0,11185048,0.001694532,0,,,,
5,Chr5_531434.0,531434,0.001694563,1,AT5G02440,AT5G02440,AT5G02440,0.0
4,Chr4_8612357.0,8612357,0.00169473,1,AT4G15080,AT4G15080,AT4G15080,0.0
5,Chr5_9148197.0,9148197,0.001695559,0,,,,
5,Chr5_9148271.0,9148271,0.001695559,0,,,,
5,Chr5_9148311.0,9148311,0.001695559,0,,,,
4,Chr4_642338.0,642338,0.001695735,0,,,,
5,Chr5_11493773.0,11493773,0.001696174,0,,,,
5,Chr5_11526772.0,11526772,0.001696534,0,,,,
4,Chr4_7060645.0,7060645,0.001696958,0,,,,
1,Chr1_11141547.0,11141547,0.001697369,1,AT1G31175,AT1G31175,AT1G31175,0.0
5,Chr5_11097931.0,11097931,0.001698297,0,,,,
5,Chr5_13779340.0,13779340,0.001698321,0,,,,
1,Chr1_3063630.0,3063630,0.001698376,0,,,,
5,Chr5_4757780.0,4757780,0.001698729,0,,,,
1,Chr1_570676.0,570676,0.001699908,0,,,,
4,Chr4_9441589.0,9441589,0.001701102,0,,,,
4,Chr4_9441610.0,9441610,0.001701102,0,,,,
4,Chr4_9351233.0,9351233,0.001701209,1,AT4G16600,AT4G16600,AT4G16600,0.0
1,Chr1_4048342.0,4048342,0.001701276,1,AT1G11990,AT1G11990,AT1G11990,0.0
4,Chr4_6163516.0,6163516,0.00170128,0,,,,
4,Chr4_16289648.0,16289648,0.00170142,0,,,,
3,Chr3_12524863.0,12524863,0.001701555,0,,,,
3,Chr3_15343478.0,15343478,0.001701781,0,,,,
5,Chr5_18439669.0,18439669,0.001701814,0,,,,
5,Chr5_13725546.0,13725546,0.001702345,0,,,,
1,Chr1_215211.0,215211,0.001702388,1,AT1G01590,AT1G01590,AT1G01590,0.0
3,Chr3_22285048.0,22285048,0.001702862,0,,,,
3,Chr3_9386340.0,9386340,0.001702987,0,,,,
2,Chr2_11599705.0,11599705,0.001703464,0,,,,
5,Chr5_8866158.0,8866158,0.001703692,1,AT5G25470,AT5G25470,AT5G25470,0.0
5,Chr5_11551494.0,11551494,0.001703893,0,,,,
2,Chr2_7727286.0,7727286,0.001704003,1,AT2G17780,AT2G17780,AT2G17780,0.0
2,Chr2_7727292.0,7727292,0.001704003,1,AT2G17780,AT2G17780,AT2G17780,0.0
2,Chr2_7727293.0,7727293,0.001704003,1,AT2G17780,AT2G17780,AT2G17780,0.0
1,Chr1_11328845.0,11328845,0.001704523,1,AT1G31650,AT1G31650,AT1G31650,0.0
3,Chr3_5754691.0,5754691,0.001705464,0,,,,
3,Chr3_3377304.0,3377304,0.001705583,0,,,,
3,Chr3_14783499.0,14783499,0.001705857,0,,,,
5,Chr5_6877878.0,6877878,0.001705982,1,AT5G20350,AT5G20350,AT5G20350,0.0
2,Chr2_5726177.0,5726177,0.001706141,0,,,,
5,Chr5_8733949.0,8733949,0.001706531,0,,,,
3,Chr3_13625352.0,13625352,0.00170674,0,,,,
1,Chr1_26654289.0,26654289,0.001706799,0,,,,
1,Chr1_27117574.0,27117574,0.001706822,0,,,,
5,Chr5_8557401.0,8557401,0.001707052,0,,,,
5,Chr5_9848956.0,9848956,0.00170744,0,,,,
5,Chr5_15157353.0,15157353,0.001707488,0,,,,
1,Chr1_500436.0,500436,0.00170799,0,,,,
4,Chr4_15081247.0,15081247,0.001708215,1,AT4G30980,AT4G30980,AT4G30980,0.0
3,Chr3_3365623.0,3365623,0.001708216,0,,,,
5,Chr5_878980.0,878980,0.00170868,0,,,,
1,Chr1_13914469.0,13914469,0.00171052,0,,,,
1,Chr1_13914489.0,13914489,0.00171052,0,,,,
2,Chr2_2192514.0,2192514,0.001710968,0,,,,
2,Chr2_2192575.0,2192575,0.001710968,0,,,,
2,Chr2_13316159.0,13316159,0.001711047,0,,,,
5,Chr5_6808296.0,6808296,0.001711409,1,AT5G20170,AT5G20170,AT5G20170,0.0
5,Chr5_6812194.0,6812194,0.001711409,0,,,,
4,Chr4_1981131.0,1981131,0.001711524,0,,,,
2,Chr2_13431713.0,13431713,0.001712392,1,AT2G31540,AT2G31540,AT2G31540,0.0
4,Chr4_11919226.0,11919226,0.001712898,1,AT4G22670,AT4G22670,AT4G22670,0.0
4,Chr4_14183277.0,14183277,0.00171344,0,,,,
4,Chr4_6032453.0,6032453,0.001713609,0,,,,
5,Chr5_26699525.0,26699525,0.001713857,0,,,,
3,Chr3_3360715.0,3360715,0.001714769,0,,,,
3,Chr3_10908451.0,10908451,0.001714873,0,,,,
5,Chr5_1058401.0,1058401,0.001715738,1,AT5G03920,AT5G03920,AT5G03920,0.0
1,Chr1_29281319.0,29281319,0.001716108,0,,,,
1,Chr1_3551626.0,3551626,0.001716608,0,,,,
1,Chr1_26051295.0,26051295,0.001716628,1,AT1G69295,AT1G69295,AT1G69295,0.0
1,Chr1_18701509.0,18701509,0.001717161,0,,,,
1,Chr1_10314472.0,10314472,0.001717672,0,,,,
1,Chr1_1438402.0,1438402,0.00171805,1,AT1G05030,AT1G05030,AT1G05030,0.0
1,Chr1_1446717.0,1446717,0.00171805,0,,,,
1,Chr1_16340167.0,16340167,0.001718485,0,,,,
1,Chr1_28107182.0,28107182,0.001719296,0,,,,
3,Chr3_20748917.0,20748917,0.001719519,1,AT3G55940,AT3G55940,AT3G55940,0.0
3,Chr3_20748935.0,20748935,0.001719519,1,AT3G55940,AT3G55940,AT3G55940,0.0
1,Chr1_16167301.0,16167301,0.001720098,0,,,,
5,Chr5_16655090.0,16655090,0.001721269,1,AT5G41650,AT5G41650,AT5G41650,0.0
5,Chr5_16655185.0,16655185,0.001721269,1,AT5G41650,AT5G41650,AT5G41650,0.0
5,Chr5_5140996.0,5140996,0.001721558,0,,,,
3,Chr3_15634515.0,15634515,0.001721613,0,,,,
1,Chr1_3175488.0,3175488,0.00172168,1,AT1G09795,AT1G09795,AT1G09795,0.0
4,Chr4_2113207.0,2113207,0.00172181,0,,,,
2,Chr2_80007.0,80007,0.001721936,1,AT2G01090,AT2G01090,AT2G01090,0.0
2,Chr2_83999.0,83999,0.001721936,1,AT2G01110,AT2G01110,AT2G01110,0.0
3,Chr3_10890146.0,10890146,0.001722258,0,,,,
5,Chr5_18218086.0,18218086,0.00172248,0,,,,
4,Chr4_6831826.0,6831826,0.001722779,0,,,,
1,Chr1_11205672.0,11205672,0.001722921,0,,,,
5,Chr5_500696.0,500696,0.001724059,1,AT5G02360,AT5G02360,AT5G02360,0.0
4,Chr4_13216307.0,13216307,0.001724486,1,AT4G26060,AT4G26060,AT4G26060,0.0
3,Chr3_22684065.0,22684065,0.001724767,0,,,,
2,Chr2_8068146.0,8068146,0.001725425,0,,,,
3,Chr3_14061056.0,14061056,0.001726299,0,,,,
2,Chr2_9097223.0,9097223,0.001726704,1,AT2G21235,AT2G21235,AT2G21235,0.0
3,Chr3_14387800.0,14387800,0.001726761,0,,,,
1,Chr1_15631813.0,15631813,0.001726928,0,,,,
1,Chr1_15632063.0,15632063,0.001726928,0,,,,
1,Chr1_15632830.0,15632830,0.001726928,0,,,,
1,Chr1_15633347.0,15633347,0.001726928,0,,,,
1,Chr1_15633456.0,15633456,0.001726928,0,,,,
1,Chr1_15634130.0,15634130,0.001726928,0,,,,
4,Chr4_10795077.0,10795077,0.001727087,0,,,,
2,Chr2_556399.0,556399,0.001727497,0,,,,
5,Chr5_7676413.0,7676413,0.001727966,0,,,,
3,Chr3_2130218.0,2130218,0.001728063,1,AT3G06750,AT3G06750,AT3G06750,0.0
3,Chr3_2135215.0,2135215,0.001728063,1,AT3G06770,AT3G06770,AT3G06770,0.0
3,Chr3_2136503.0,2136503,0.001728063,1,AT3G06770,AT3G06770,AT3G06770,0.0
1,Chr1_4158845.0,4158845,0.001728278,1,AT1G12244,AT1G12244,AT1G12244,0.0
5,Chr5_16073882.0,16073882,0.001728964,1,AT5G40210,AT5G40210,AT5G40210,0.0
2,Chr2_10909044.0,10909044,0.001728984,1,AT2G25630,AT2G25630,AT2G25630,0.0
1,Chr1_11320010.0,11320010,0.001728985,0,,,,
1,Chr1_23715300.0,23715300,0.001729659,1,AT1G63880,AT1G63880,AT1G63880,0.0
5,Chr5_25622112.0,25622112,0.001729988,1,AT5G64020,AT5G64020,AT5G64020,0.0
3,Chr3_3188397.0,3188397,0.001730228,0,,,,
4,Chr4_15708459.0,15708459,0.001730296,1,AT4G32551,AT4G32551,AT4G32551,0.0
4,Chr4_15710176.0,15710176,0.001730296,1,AT4G32551,AT4G32551,AT4G32551,0.0
4,Chr4_15711893.0,15711893,0.001730296,1,AT4G32551,AT4G32551,AT4G32551,0.0
1,Chr1_29610994.0,29610994,0.0017308,1,AT1G78740,AT1G78740,AT1G78740,0.0
2,Chr2_6122239.0,6122239,0.001731269,0,,,,
3,Chr3_6551847.0,6551847,0.001731271,1,AT3G18990,AT3G18990,AT3G18990,0.0
2,Chr2_2178515.0,2178515,0.001732405,0,,,,
1,Chr1_6641514.0,6641514,0.001732502,0,,,,
5,Chr5_8240469.0,8240469,0.001733115,1,AT5G24270,AT5G24270,AT5G24270,0.0
5,Chr5_22731565.0,22731565,0.001733142,0,,,,
1,Chr1_21054400.0,21054400,0.001733169,0,,,,
5,Chr5_7687065.0,7687065,0.001733478,0,,,,
5,Chr5_7687219.0,7687219,0.001733478,0,,,,
5,Chr5_7687254.0,7687254,0.001733478,0,,,,
5,Chr5_7687263.0,7687263,0.001733478,0,,,,
4,Chr4_192105.0,192105,0.001733542,0,,,,
5,Chr5_25512705.0,25512705,0.001733691,0,,,,
5,Chr5_25512714.0,25512714,0.001733691,0,,,,
3,Chr3_15294307.0,15294307,0.001734313,0,,,,
4,Chr4_10059294.0,10059294,0.001734686,0,,,,
3,Chr3_8800224.0,8800224,0.001734797,0,,,,
2,Chr2_18439270.0,18439270,0.001735049,1,AT2G44735,AT2G44735,AT2G44735,0.0
2,Chr2_18439961.0,18439961,0.001735049,1,AT2G44735,AT2G44735,AT2G44735,0.0
2,Chr2_18440089.0,18440089,0.001735049,1,AT2G44735,AT2G44735,AT2G44735,0.0
4,Chr4_11848013.0,11848013,0.001735538,0,,,,
1,Chr1_18303512.0,18303512,0.001736221,0,,,,
3,Chr3_13118134.0,13118134,0.001736422,0,,,,
2,Chr2_19314245.0,19314245,0.001736764,1,AT2G47000,AT2G47000,AT2G47000,0.0
1,Chr1_3161179.0,3161179,0.001737551,1,AT1G09760,AT1G09760,AT1G09760,0.0
2,Chr2_17338961.0,17338961,0.001737902,0,,,,
1,Chr1_3273549.0,3273549,0.001738115,0,,,,
1,Chr1_3273551.0,3273551,0.001738115,0,,,,
3,Chr3_16047585.0,16047585,0.001739369,1,AT3G44400,AT3G44400,AT3G44400,0.0
3,Chr3_16047586.0,16047586,0.001739369,1,AT3G44400,AT3G44400,AT3G44400,0.0
3,Chr3_15156620.0,15156620,0.001739632,0,,,,
5,Chr5_23452716.0,23452716,0.001740135,0,,,,
2,Chr2_6379490.0,6379490,0.00174036,0,,,,
1,Chr1_16799503.0,16799503,0.001740681,1,AT1G44170,AT1G44170,AT1G44170,0.0
1,Chr1_7148500.0,7148500,0.001740686,1,AT1G20630,AT1G20630,AT1G20630,0.0
2,Chr2_3590046.0,3590046,0.001740689,0,,,,
3,Chr3_17253530.0,17253530,0.00174083,1,AT3G46840,AT3G46840,AT3G46840,0.0
3,Chr3_17255028.0,17255028,0.00174083,0,,,,
3,Chr3_17259142.0,17259142,0.00174083,1,AT3G46850,AT3G46850,AT3G46850,0.0
1,Chr1_29488478.0,29488478,0.001741141,0,,,,
5,Chr5_11464960.0,11464960,0.001741143,0,,,,
5,Chr5_11466039.0,11466039,0.001741143,0,,,,
5,Chr5_11468124.0,11468124,0.001741143,0,,,,
4,Chr4_2631054.0,2631054,0.001741273,0,,,,
1,Chr1_25379261.0,25379261,0.001741957,0,,,,
3,Chr3_18100624.0,18100624,0.001742497,1,AT3G48820,AT3G48820,AT3G48820,0.0
2,Chr2_12172876.0,12172876,0.001743813,1,AT2G28470,AT2G28470,AT2G28470,0.0
1,Chr1_664730.0,664730,0.001743962,0,,,,
2,Chr2_19152876.0,19152876,0.001744308,0,,,,
5,Chr5_26699501.0,26699501,0.001744646,0,,,,
2,Chr2_6368102.0,6368102,0.001744773,1,AT2G14835,AT2G14835,AT2G14835,0.0
2,Chr2_6371110.0,6371110,0.001744773,0,,,,
2,Chr2_6371947.0,6371947,0.001744773,0,,,,
2,Chr2_6372503.0,6372503,0.001744773,0,,,,
2,Chr2_6376990.0,6376990,0.001744773,0,,,,
2,Chr2_6377303.0,6377303,0.001744773,0,,,,
2,Chr2_6378552.0,6378552,0.001744773,0,,,,
2,Chr2_6381352.0,6381352,0.001744773,0,,,,
2,Chr2_6382308.0,6382308,0.001744773,0,,,,
4,Chr4_2179391.0,2179391,0.001744976,0,,,,
1,Chr1_13458520.0,13458520,0.001745225,0,,,,
5,Chr5_49046.0,49046,0.00174529,1,AT5G01130,AT5G01130,AT5G01130,0.0
1,Chr1_4297769.0,4297769,0.001745326,0,,,,
5,Chr5_25743126.0,25743126,0.001746343,1,AT5G64380,AT5G64380,AT5G64380,0.0
3,Chr3_18636264.0,18636264,0.001746905,1,AT3G50270,AT3G50270,AT3G50270,0.0
2,Chr2_9252601.0,9252601,0.001747116,1,AT2G21630,AT2G21630,AT2G21630,0.0
2,Chr2_987430.0,987430,0.001747533,0,,,,
2,Chr2_12322885.0,12322885,0.001748151,1,AT2G28710,AT2G28710,AT2G28710,0.0
2,Chr2_6401509.0,6401509,0.001748766,0,,,,
2,Chr2_6402571.0,6402571,0.001748766,0,,,,
4,Chr4_2102921.0,2102921,0.001749067,0,,,,
1,Chr1_4768799.0,4768799,0.00174942,0,,,,
1,Chr1_640790.0,640790,0.001749837,0,,,,
5,Chr5_7900813.0,7900813,0.001750054,0,,,,
5,Chr5_13691313.0,13691313,0.001750171,0,,,,
5,Chr5_22215951.0,22215951,0.001750417,0,,,,
1,Chr1_11963735.0,11963735,0.001750527,1,AT1G33020,AT1G33020,AT1G33020,0.0
2,Chr2_2239492.0,2239492,0.001750715,0,,,,
4,Chr4_2060789.0,2060789,0.001750807,0,,,,
1,Chr1_493986.0,493986,0.00175089,1,AT1G02420,AT1G02420,AT1G02420,0.0
2,Chr2_2945318.0,2945318,0.00175165,0,,,,
4,Chr4_16275601.0,16275601,0.001752425,0,,,,
5,Chr5_8510149.0,8510149,0.001752573,0,,,,
5,Chr5_10684674.0,10684674,0.001752751,0,,,,
5,Chr5_5822760.0,5822760,0.0017538,0,,,,
5,Chr5_5823624.0,5823624,0.0017538,1,AT5G17680,AT5G17680,AT5G17680,0.0
5,Chr5_5823737.0,5823737,0.0017538,1,AT5G17680,AT5G17680,AT5G17680,0.0
5,Chr5_5826717.0,5826717,0.0017538,1,AT5G17680,AT5G17680,AT5G17680,0.0
5,Chr5_11471695.0,11471695,0.001753813,0,,,,
5,Chr5_14050127.0,14050127,0.001753864,1,AT5G35917,AT5G35917,AT5G35917,0.0
1,Chr1_30139205.0,30139205,0.001753967,1,AT1G80120,AT1G80120,AT1G80120,0.0
5,Chr5_2560280.0,2560280,0.001754118,0,,,,
3,Chr3_5419141.0,5419141,0.001754263,0,,,,
1,Chr1_1523016.0,1523016,0.00175437,0,,,,
5,Chr5_16267606.0,16267606,0.001754547,0,,,,
3,Chr3_15420427.0,15420427,0.001755032,0,,,,
5,Chr5_18727945.0,18727945,0.001755945,1,AT5G46200,AT5G46200,AT5G46200,0.0
4,Chr4_2955271.0,2955271,0.001756341,0,,,,
4,Chr4_7106884.0,7106884,0.001756663,1,AT4G11810,AT4G11810,AT4G11810,0.0
5,Chr5_2611519.0,2611519,0.001756985,0,,,,
5,Chr5_21661842.0,21661842,0.001757133,1,AT5G53400,AT5G53400,AT5G53400,0.0
2,Chr2_2244153.0,2244153,0.001757164,1,AT2G05850,AT2G05850,AT2G05850,0.0
3,Chr3_8159058.0,8159058,0.001757756,0,,,,
1,Chr1_17189488.0,17189488,0.00175782,0,,,,
5,Chr5_6703155.0,6703155,0.001758256,1,AT5G19830,AT5G19830,AT5G19830,0.0
2,Chr2_2156114.0,2156114,0.001758527,0,,,,
4,Chr4_15713761.0,15713761,0.00175854,1,AT4G32560,AT4G32560,AT4G32560,0.0
4,Chr4_6719928.0,6719928,0.001758723,1,AT4G10970,AT4G10970,AT4G10970,0.0
2,Chr2_457315.0,457315,0.001758762,1,AT2G01980,AT2G01980,AT2G01980,0.0
2,Chr2_6869028.0,6869028,0.001758796,0,,,,
3,Chr3_15588627.0,15588627,0.001759471,0,,,,
1,Chr1_8884607.0,8884607,0.001759595,0,,,,
1,Chr1_9282935.0,9282935,0.001760715,0,,,,
5,Chr5_11532008.0,11532008,0.001760718,0,,,,
2,Chr2_17342336.0,17342336,0.00176089,0,,,,
2,Chr2_17342525.0,17342525,0.00176089,0,,,,
2,Chr2_368556.0,368556,0.0017616,1,AT2G01830,AT2G01830,AT2G01830,0.0
4,Chr4_555915.0,555915,0.001761648,1,AT4G01340,AT4G01340,AT4G01340,0.0
4,Chr4_555973.0,555973,0.001761648,1,AT4G01340,AT4G01340,AT4G01340,0.0
2,Chr2_10911432.0,10911432,0.001761659,1,AT2G25640,AT2G25640,AT2G25640,0.0
5,Chr5_1230581.0,1230581,0.001762777,0,,,,
3,Chr3_9927520.0,9927520,0.001762926,0,,,,
2,Chr2_18594301.0,18594301,0.001763294,0,,,,
2,Chr2_623750.0,623750,0.001763492,0,,,,
1,Chr1_4106793.0,4106793,0.001763495,1,AT1G12110,AT1G12110,AT1G12110,0.0
4,Chr4_51089.0,51089,0.001763694,0,,,,
1,Chr1_13416444.0,13416444,0.001763899,0,,,,
5,Chr5_13887828.0,13887828,0.001763952,0,,,,
2,Chr2_7016980.0,7016980,0.001764678,0,,,,
1,Chr1_4061913.0,4061913,0.001764744,0,,,,
2,Chr2_9205706.0,9205706,0.00176601,0,,,,
1,Chr1_4316272.0,4316272,0.001766354,0,,,,
5,Chr5_2500372.0,2500372,0.001766596,1,AT5G07820,AT5G07820,AT5G07820,0.0
4,Chr4_8630461.0,8630461,0.001767168,1,AT4G15110,AT4G15110,AT4G15110,0.0
4,Chr4_8631093.0,8631093,0.001767168,1,AT4G15110,AT4G15110,AT4G15110,0.0
4,Chr4_11917742.0,11917742,0.00176774,1,AT4G22666,AT4G22666,AT4G22666,0.0
5,Chr5_14257417.0,14257417,0.001767787,0,,,,
1,Chr1_18941471.0,18941471,0.001767855,1,AT1G51130,AT1G51130,AT1G51130,0.0
5,Chr5_15528238.0,15528238,0.001768115,0,,,,
2,Chr2_1358442.0,1358442,0.001768131,1,AT2G04080,AT2G04080,AT2G04080,0.0
4,Chr4_2689746.0,2689746,0.001768609,0,,,,
3,Chr3_5448010.0,5448010,0.001770309,1,AT3G16060,AT3G16060,AT3G16060,0.0
2,Chr2_19272390.0,19272390,0.001770951,1,AT2G46910,AT2G46910,AT2G46910,0.0
3,Chr3_4932127.0,4932127,0.00177096,0,,,,
2,Chr2_5234054.0,5234054,0.00177183,0,,,,
1,Chr1_21188730.0,21188730,0.00177263,0,,,,
4,Chr4_661613.0,661613,0.001772892,0,,,,
4,Chr4_6699267.0,6699267,0.001773016,0,,,,
4,Chr4_11846707.0,11846707,0.001773574,0,,,,
5,Chr5_2856865.0,2856865,0.001773851,1,AT5G08780,AT5G08780,AT5G08780,0.0
1,Chr1_29782661.0,29782661,0.001773924,0,,,,
1,Chr1_6023764.0,6023764,0.001774228,1,AT1G17510,AT1G17510,AT1G17510,0.0
5,Chr5_9231604.0,9231604,0.001774697,0,,,,
4,Chr4_944337.0,944337,0.001774901,0,,,,
4,Chr4_944348.0,944348,0.001774901,0,,,,
3,Chr3_6597154.0,6597154,0.001774926,1,AT3G19080,AT3G19080,AT3G19080,0.0
3,Chr3_6597225.0,6597225,0.001774926,1,AT3G19080,AT3G19080,AT3G19080,0.0
3,Chr3_18851025.0,18851025,0.001775224,0,,,,
5,Chr5_7855394.0,7855394,0.001775642,1,AT5G23330,AT5G23330,AT5G23330,0.0
5,Chr5_7864462.0,7864462,0.001775642,0,,,,
5,Chr5_7865823.0,7865823,0.001775642,0,,,,
4,Chr4_17579351.0,17579351,0.001775792,0,,,,
4,Chr4_17580146.0,17580146,0.001775792,1,AT4G37390,AT4G37390,AT4G37390,0.0
5,Chr5_18586410.0,18586410,0.001776167,0,,,,
5,Chr5_18586411.0,18586411,0.001776167,0,,,,
4,Chr4_13096206.0,13096206,0.001776223,0,,,,
4,Chr4_15841869.0,15841869,0.001776518,0,,,,
5,Chr5_7680657.0,7680657,0.001776554,0,,,,
4,Chr4_16633286.0,16633286,0.001777091,1,AT4G34910,AT4G34910,AT4G34910,0.0
4,Chr4_16633731.0,16633731,0.001777091,1,AT4G34910,AT4G34910,AT4G34910,0.0
4,Chr4_16635386.0,16635386,0.001777091,0,,,,
4,Chr4_16636496.0,16636496,0.001777091,1,AT4G34920,AT4G34920,AT4G34920,0.0
4,Chr4_16643972.0,16643972,0.001777091,1,AT4G34950,AT4G34950,AT4G34950,0.0
5,Chr5_5592064.0,5592064,0.001777512,1,AT5G17010,AT5G17010,AT5G17010,0.0
3,Chr3_8665805.0,8665805,0.001777805,1,AT3G23980,AT3G23980,AT3G23980,0.0
1,Chr1_19420588.0,19420588,0.001777833,0,,,,
5,Chr5_12138684.0,12138684,0.001778013,0,,,,
5,Chr5_25337097.0,25337097,0.001778064,0,,,,
2,Chr2_7434280.0,7434280,0.001778355,0,,,,
3,Chr3_11768112.0,11768112,0.001778484,0,,,,
4,Chr4_16556113.0,16556113,0.001778691,0,,,,
4,Chr4_16556594.0,16556594,0.001778691,0,,,,
4,Chr4_16622590.0,16622590,0.001778691,1,AT4G34890,AT4G34890,AT4G34890,0.0
2,Chr2_4357623.0,4357623,0.001778781,0,,,,
2,Chr2_4359470.0,4359470,0.001778781,0,,,,
2,Chr2_4359659.0,4359659,0.001778781,0,,,,
3,Chr3_22076452.0,22076452,0.001779013,0,,,,
5,Chr5_2504058.0,2504058,0.001779627,1,AT5G07830,AT5G07830,AT5G07830,0.0
4,Chr4_5561892.0,5561892,0.001780494,0,,,,
4,Chr4_5422119.0,5422119,0.001780729,1,AT4G08530,AT4G08530,AT4G08530,0.0
5,Chr5_9356052.0,9356052,0.001781245,1,AT5G26622,AT5G26622,AT5G26622,0.0
1,Chr1_9467451.0,9467451,0.001781266,0,,,,
1,Chr1_15610425.0,15610425,0.001782312,0,,,,
4,Chr4_11773001.0,11773001,0.001782554,0,,,,
2,Chr2_17342730.0,17342730,0.001782709,0,,,,
1,Chr1_12946555.0,12946555,0.001782938,0,,,,
1,Chr1_217933.0,217933,0.001782999,0,,,,
1,Chr1_15591147.0,15591147,0.001783032,0,,,,
2,Chr2_19157615.0,19157615,0.001783423,0,,,,
2,Chr2_16214882.0,16214882,0.001783644,1,AT2G38790,AT2G38790,AT2G38790,0.0
2,Chr2_16214885.0,16214885,0.001783644,1,AT2G38790,AT2G38790,AT2G38790,0.0
2,Chr2_16214893.0,16214893,0.001783644,1,AT2G38790,AT2G38790,AT2G38790,0.0
2,Chr2_16214894.0,16214894,0.001783644,1,AT2G38790,AT2G38790,AT2G38790,0.0
4,Chr4_7762904.0,7762904,0.00178377,0,,,,
2,Chr2_14017732.0,14017732,0.001783977,1,AT2G33030,AT2G33030,AT2G33030,0.0
2,Chr2_9156901.0,9156901,0.001784085,0,,,,
2,Chr2_9156937.0,9156937,0.001784085,0,,,,
3,Chr3_8028130.0,8028130,0.001784341,0,,,,
5,Chr5_16994065.0,16994065,0.001784356,0,,,,
5,Chr5_16994068.0,16994068,0.001784356,0,,,,
5,Chr5_16994128.0,16994128,0.001784356,0,,,,
5,Chr5_16994152.0,16994152,0.001784356,0,,,,
5,Chr5_16994185.0,16994185,0.001784356,0,,,,
5,Chr5_16994189.0,16994189,0.001784356,0,,,,
5,Chr5_16994269.0,16994269,0.001784356,1,AT5G42500,AT5G42500,AT5G42500,0.0
5,Chr5_16652033.0,16652033,0.001784807,0,,,,
5,Chr5_15120903.0,15120903,0.001785451,0,,,,
5,Chr5_20250397.0,20250397,0.001785559,0,,,,
4,Chr4_11756319.0,11756319,0.001787099,0,,,,
3,Chr3_10184993.0,10184993,0.001787608,1,AT3G27500,AT3G27500,AT3G27500,0.0
4,Chr4_2112925.0,2112925,0.001787608,0,,,,
4,Chr4_1877388.0,1877388,0.001787616,0,,,,
5,Chr5_2916139.0,2916139,0.001788206,0,,,,
5,Chr5_24602085.0,24602085,0.001788438,1,AT5G61140,AT5G61140,AT5G61140,0.0
1,Chr1_17366491.0,17366491,0.001788596,1,AT1G47370,AT1G47370,AT1G47370,0.0
3,Chr3_17206730.0,17206730,0.001788887,1,AT3G46710,AT3G46710,AT3G46710,0.0
3,Chr3_20783675.0,20783675,0.001789273,1,AT3G56000,AT3G56000,AT3G56000,0.0
5,Chr5_10368029.0,10368029,0.001789289,0,,,,
5,Chr5_10368743.0,10368743,0.001789289,1,AT5G28442,AT5G28442,AT5G28442,0.0
5,Chr5_10369606.0,10369606,0.001789289,0,,,,
4,Chr4_14442993.0,14442993,0.001789293,0,,,,
4,Chr4_18273232.0,18273232,0.001789486,0,,,,
4,Chr4_18273700.0,18273700,0.001789486,0,,,,
4,Chr4_18274637.0,18274637,0.001789486,1,AT4G39260,AT4G39260,AT4G39260,0.0
1,Chr1_9706362.0,9706362,0.001789563,0,,,,
1,Chr1_9707352.0,9707352,0.001789563,0,,,,
1,Chr1_9709640.0,9709640,0.001789563,1,AT1G27880,AT1G27880,AT1G27880,0.0
1,Chr1_9710804.0,9710804,0.001789563,1,AT1G27880,AT1G27880,AT1G27880,0.0
1,Chr1_9720827.0,9720827,0.001789563,1,AT1G27910,AT1G27910,AT1G27910,0.0
5,Chr5_25031394.0,25031394,0.001789578,0,,,,
5,Chr5_25031599.0,25031599,0.001789578,0,,,,
5,Chr5_11467426.0,11467426,0.001789709,0,,,,
5,Chr5_18512610.0,18512610,0.001790054,0,,,,
1,Chr1_26017465.0,26017465,0.00179008,1,AT1G69200,AT1G69200,AT1G69200,0.0
2,Chr2_2116802.0,2116802,0.001790715,0,,,,
4,Chr4_2029859.0,2029859,0.001790812,0,,,,
5,Chr5_26850897.0,26850897,0.001790996,0,,,,
3,Chr3_16455138.0,16455138,0.001791245,0,,,,
4,Chr4_7429046.0,7429046,0.001791387,0,,,,
5,Chr5_7536899.0,7536899,0.001791819,1,AT5G22660,AT5G22660,AT5G22660,0.0
1,Chr1_22487674.0,22487674,0.001792853,1,AT1G61050,AT1G61050,AT1G61050,0.0
1,Chr1_22487677.0,22487677,0.001792853,1,AT1G61050,AT1G61050,AT1G61050,0.0
4,Chr4_8291838.0,8291838,0.001793017,1,AT4G14390,AT4G14390,AT4G14390,0.0
4,Chr4_8291861.0,8291861,0.001793017,1,AT4G14390,AT4G14390,AT4G14390,0.0
4,Chr4_8291864.0,8291864,0.001793017,1,AT4G14390,AT4G14390,AT4G14390,0.0
4,Chr4_8291876.0,8291876,0.001793017,1,AT4G14390,AT4G14390,AT4G14390,0.0
4,Chr4_8291904.0,8291904,0.001793017,1,AT4G14390,AT4G14390,AT4G14390,0.0
5,Chr5_13406854.0,13406854,0.001793094,0,,,,
5,Chr5_13408404.0,13408404,0.001793094,0,,,,
2,Chr2_2178855.0,2178855,0.001793923,0,,,,
4,Chr4_6696070.0,6696070,0.001794202,0,,,,
4,Chr4_6696092.0,6696092,0.001794202,0,,,,
2,Chr2_714717.0,714717,0.00179426,0,,,,
4,Chr4_11314377.0,11314377,0.001794399,0,,,,
2,Chr2_19289054.0,19289054,0.001794581,0,,,,
3,Chr3_17018171.0,17018171,0.00179468,0,,,,
2,Chr2_13390664.0,13390664,0.001794818,1,AT2G31400,AT2G31400,AT2G31400,0.0
2,Chr2_8068333.0,8068333,0.001795651,0,,,,
3,Chr3_14949189.0,14949189,0.001795953,0,,,,
2,Chr2_9517894.0,9517894,0.001795958,0,,,,
5,Chr5_26531485.0,26531485,0.001796542,0,,,,
2,Chr2_15988913.0,15988913,0.00179661,0,,,,
4,Chr4_6391866.0,6391866,0.001798748,0,,,,
5,Chr5_13878435.0,13878435,0.001799482,0,,,,
3,Chr3_16418607.0,16418607,0.001799652,0,,,,
3,Chr3_17100104.0,17100104,0.001799738,1,AT3G46470,AT3G46470,AT3G46470,0.0
1,Chr1_12041374.0,12041374,0.001799969,0,,,,
3,Chr3_14863295.0,14863295,0.001800048,0,,,,
5,Chr5_14046263.0,14046263,0.00180012,0,,,,
5,Chr5_14047724.0,14047724,0.00180012,0,,,,
4,Chr4_43617.0,43617,0.001800253,0,,,,
4,Chr4_44048.0,44048,0.001800253,0,,,,
5,Chr5_9059287.0,9059287,0.001800554,1,AT5G25950,AT5G25950,AT5G25950,0.0
5,Chr5_9060670.0,9060670,0.001800554,0,,,,
5,Chr5_9062338.0,9062338,0.001800554,0,,,,
5,Chr5_9065100.0,9065100,0.001800554,0,,,,
5,Chr5_9065377.0,9065377,0.001800554,0,,,,
5,Chr5_9065687.0,9065687,0.001800554,0,,,,
5,Chr5_9068196.0,9068196,0.001800554,0,,,,
5,Chr5_9071044.0,9071044,0.001800554,0,,,,
5,Chr5_9071356.0,9071356,0.001800554,0,,,,
5,Chr5_3361361.0,3361361,0.001800955,1,AT5G10630,AT5G10630,AT5G10630,0.0
1,Chr1_7786928.0,7786928,0.001801728,0,,,,
3,Chr3_20968818.0,20968818,0.001801892,1,AT3G56600,AT3G56600,AT3G56600,0.0
3,Chr3_16957463.0,16957463,0.001801898,0,,,,
4,Chr4_533813.0,533813,0.001802269,1,AT4G01270,AT4G01270,AT4G01270,0.0
5,Chr5_14050237.0,14050237,0.001802676,1,AT5G35917,AT5G35917,AT5G35917,0.0
5,Chr5_18438291.0,18438291,0.001802748,0,,,,
3,Chr3_5730293.0,5730293,0.001802945,0,,,,
2,Chr2_553360.0,553360,0.001803606,1,AT2G02160,AT2G02160,AT2G02160,0.0
5,Chr5_15048776.0,15048776,0.001804172,0,,,,
3,Chr3_14795850.0,14795850,0.00180425,0,,,,
2,Chr2_9176528.0,9176528,0.001804986,1,AT2G21440,AT2G21440,AT2G21440,0.0
2,Chr2_9178233.0,9178233,0.001804986,1,AT2G21440,AT2G21440,AT2G21440,0.0
2,Chr2_9178748.0,9178748,0.001804986,1,AT2G21440,AT2G21440,AT2G21440,0.0
2,Chr2_9180498.0,9180498,0.001804986,1,AT2G21450,AT2G21450,AT2G21450,0.0
4,Chr4_5408661.0,5408661,0.001805592,0,,,,
3,Chr3_11263611.0,11263611,0.001805748,0,,,,
3,Chr3_11263647.0,11263647,0.001805748,0,,,,
2,Chr2_13655642.0,13655642,0.001805805,1,AT2G32140,AT2G32140,AT2G32140,0.0
4,Chr4_999164.0,999164,0.001805825,0,,,,
5,Chr5_6752206.0,6752206,0.001806064,1,AT5G19990,AT5G19990,AT5G19990,0.0
5,Chr5_6752209.0,6752209,0.001806064,1,AT5G19990,AT5G19990,AT5G19990,0.0
3,Chr3_19135086.0,19135086,0.001806328,0,,,,
5,Chr5_10658387.0,10658387,0.001806446,0,,,,
3,Chr3_16355083.0,16355083,0.001806541,0,,,,
2,Chr2_6644677.0,6644677,0.001807129,1,AT2G15292,AT2G15292,AT2G15292,0.0
2,Chr2_14024434.0,14024434,0.001807148,1,AT2G33051,AT2G33051,AT2G33051,0.0
4,Chr4_17207737.0,17207737,0.001807578,1,AT4G36440,AT4G36440,AT4G36440,0.0
1,Chr1_8539728.0,8539728,0.001808043,0,,,,
2,Chr2_981748.0,981748,0.001808267,0,,,,
2,Chr2_10138188.0,10138188,0.001808277,0,,,,
5,Chr5_17682194.0,17682194,0.001808624,1,AT5G43935,AT5G43935,AT5G43935,0.0
3,Chr3_15103750.0,15103750,0.001808678,0,,,,
2,Chr2_8015330.0,8015330,0.001809109,0,,,,
5,Chr5_10407576.0,10407576,0.001809135,0,,,,
5,Chr5_10411147.0,10411147,0.001809135,0,,,,
2,Chr2_5389224.0,5389224,0.001809615,0,,,,
5,Chr5_24327603.0,24327603,0.001809705,0,,,,
4,Chr4_780667.0,780667,0.001810245,0,,,,
5,Chr5_22030176.0,22030176,0.001810736,0,,,,
3,Chr3_20472620.0,20472620,0.001810997,1,AT3G55230,AT3G55230,AT3G55230,0.0
5,Chr5_22668555.0,22668555,0.001811173,1,AT5G55970,AT5G55970,AT5G55970,0.0
4,Chr4_6742339.0,6742339,0.001812227,0,,,,
4,Chr4_6742473.0,6742473,0.001812227,0,,,,
4,Chr4_6742521.0,6742521,0.001812227,0,,,,
4,Chr4_6742608.0,6742608,0.001812227,0,,,,
2,Chr2_7599679.0,7599679,0.001812576,0,,,,
5,Chr5_6322452.0,6322452,0.001812649,0,,,,
4,Chr4_15316793.0,15316793,0.001813045,1,AT4G31600,AT4G31600,AT4G31600,0.0
2,Chr2_15603456.0,15603456,0.001814075,0,,,,
3,Chr3_12530979.0,12530979,0.001814324,1,AT3G30820,AT3G30820,AT3G30820,0.0
2,Chr2_994122.0,994122,0.001814387,1,AT2G03270,AT2G03270,AT2G03270,0.0
5,Chr5_5592060.0,5592060,0.001814539,1,AT5G17010,AT5G17010,AT5G17010,0.0
5,Chr5_9460729.0,9460729,0.001814911,0,,,,
1,Chr1_17382016.0,17382016,0.001815177,0,,,,
1,Chr1_25722589.0,25722589,0.001815542,0,,,,
5,Chr5_9880436.0,9880436,0.001815696,1,AT5G27870,AT5G27870,AT5G27870,0.0
5,Chr5_17338143.0,17338143,0.001815738,0,,,,
4,Chr4_16673868.0,16673868,0.001815763,1,AT4G35020,AT4G35020,AT4G35020,0.0
5,Chr5_16267598.0,16267598,0.001816024,0,,,,
5,Chr5_16267613.0,16267613,0.001816024,0,,,,
5,Chr5_16267633.0,16267633,0.001816024,0,,,,
5,Chr5_16267717.0,16267717,0.001816024,0,,,,
5,Chr5_16267718.0,16267718,0.001816024,0,,,,
5,Chr5_11751345.0,11751345,0.001816346,0,,,,
5,Chr5_11751371.0,11751371,0.001816346,0,,,,
2,Chr2_98655.0,98655,0.001816689,0,,,,
1,Chr1_13337223.0,13337223,0.001816966,0,,,,
3,Chr3_15631962.0,15631962,0.001817028,0,,,,
4,Chr4_4619055.0,4619055,0.001817081,0,,,,
4,Chr4_4619075.0,4619075,0.001817081,0,,,,
2,Chr2_13282114.0,13282114,0.001817456,0,,,,
2,Chr2_715481.0,715481,0.001817536,0,,,,
5,Chr5_25266118.0,25266118,0.001817646,0,,,,
5,Chr5_8438871.0,8438871,0.00181811,1,AT5G24650,AT5G24650,AT5G24650,0.0
5,Chr5_6653034.0,6653034,0.001818288,1,AT5G19690,AT5G19690,AT5G19690,0.0
4,Chr4_6745236.0,6745236,0.001819164,1,AT4G11040,AT4G11040,AT4G11040,0.0
5,Chr5_5015555.0,5015555,0.0018192,1,AT5G15450,AT5G15450,AT5G15450,0.0
5,Chr5_7690549.0,7690549,0.001819476,1,AT5G22980,AT5G22980,AT5G22980,0.0
4,Chr4_7757983.0,7757983,0.001819614,0,,,,
1,Chr1_495487.0,495487,0.001819684,1,AT1G02430,AT1G02430,AT1G02430,0.0
5,Chr5_3384172.0,3384172,0.001819768,0,,,,
4,Chr4_7423865.0,7423865,0.001819955,0,,,,
4,Chr4_9353483.0,9353483,0.001819985,0,,,,
5,Chr5_17338105.0,17338105,0.001820359,0,,,,
5,Chr5_17338115.0,17338115,0.001820359,0,,,,
5,Chr5_17338120.0,17338120,0.001820359,0,,,,
5,Chr5_17338194.0,17338194,0.001820359,0,,,,
5,Chr5_17338296.0,17338296,0.001820359,0,,,,
5,Chr5_17338348.0,17338348,0.001820359,0,,,,
5,Chr5_17338398.0,17338398,0.001820359,0,,,,
2,Chr2_2932653.0,2932653,0.001820514,0,,,,
4,Chr4_2803714.0,2803714,0.001821364,0,,,,
4,Chr4_1994477.0,1994477,0.001821386,0,,,,
3,Chr3_18623309.0,18623309,0.001821431,1,AT3G50240,AT3G50240,AT3G50240,0.0
4,Chr4_2179629.0,2179629,0.001821633,0,,,,
2,Chr2_1310414.0,1310414,0.001822049,0,,,,
1,Chr1_14226860.0,14226860,0.001822653,0,,,,
3,Chr3_22905485.0,22905485,0.001822981,0,,,,
5,Chr5_9655230.0,9655230,0.001823323,0,,,,
2,Chr2_7177193.0,7177193,0.001823828,0,,,,
2,Chr2_4189327.0,4189327,0.001823911,0,,,,
5,Chr5_12533816.0,12533816,0.001823986,0,,,,
5,Chr5_11042283.0,11042283,0.001824905,0,,,,
5,Chr5_11055348.0,11055348,0.001824905,0,,,,
5,Chr5_11055370.0,11055370,0.001824905,0,,,,
5,Chr5_11668941.0,11668941,0.001824905,0,,,,
4,Chr4_1595558.0,1595558,0.001824979,0,,,,
5,Chr5_16267179.0,16267179,0.001825304,1,AT5G40610,AT5G40610,AT5G40610,0.0
2,Chr2_16035619.0,16035619,0.001825313,1,AT2G38280,AT2G38280,AT2G38280,0.0
5,Chr5_15075134.0,15075134,0.001825335,0,,,,
5,Chr5_8469959.0,8469959,0.001825702,1,AT5G24740,AT5G24740,AT5G24740,0.0
4,Chr4_17531493.0,17531493,0.001826115,0,,,,
5,Chr5_5589050.0,5589050,0.001826189,1,AT5G17010,AT5G17010,AT5G17010,0.0
5,Chr5_5590115.0,5590115,0.001826189,1,AT5G17010,AT5G17010,AT5G17010,0.0
4,Chr4_11638578.0,11638578,0.00182719,0,,,,
4,Chr4_2109076.0,2109076,0.001827221,0,,,,
1,Chr1_3149175.0,3149175,0.001827443,1,AT1G09730,AT1G09730,AT1G09730,0.0
2,Chr2_9209951.0,9209951,0.00182751,1,AT2G21500,AT2G21500,AT2G21500,0.0
2,Chr2_11872410.0,11872410,0.001828019,1,AT2G27880,AT2G27880,AT2G27880,0.0
2,Chr2_1437669.0,1437669,0.001828303,0,,,,
4,Chr4_17905589.0,17905589,0.001828548,1,AT4G38170,AT4G38170,AT4G38170,0.0
4,Chr4_17905620.0,17905620,0.001828548,1,AT4G38170,AT4G38170,AT4G38170,0.0
4,Chr4_17905670.0,17905670,0.001828548,1,AT4G38170,AT4G38170,AT4G38170,0.0
4,Chr4_17905676.0,17905676,0.001828548,1,AT4G38170,AT4G38170,AT4G38170,0.0
4,Chr4_17905689.0,17905689,0.001828548,1,AT4G38170,AT4G38170,AT4G38170,0.0
4,Chr4_17905734.0,17905734,0.001828548,1,AT4G38170,AT4G38170,AT4G38170,0.0
4,Chr4_17905854.0,17905854,0.001828548,1,AT4G38170,AT4G38170,AT4G38170,0.0
4,Chr4_17905975.0,17905975,0.001828548,1,AT4G38170,AT4G38170,AT4G38170,0.0
4,Chr4_17906120.0,17906120,0.001828548,1,AT4G38170,AT4G38170,AT4G38170,0.0
4,Chr4_17906310.0,17906310,0.001828548,1,AT4G38170,AT4G38170,AT4G38170,0.0
4,Chr4_17906397.0,17906397,0.001828548,1,AT4G38170,AT4G38170,AT4G38170,0.0
4,Chr4_17906476.0,17906476,0.001828548,1,AT4G38170,AT4G38170,AT4G38170,0.0
4,Chr4_17906492.0,17906492,0.001828548,1,AT4G38170,AT4G38170,AT4G38170,0.0
4,Chr4_17906586.0,17906586,0.001828548,2,AT4G38170;AT4G38180,AT4G38170,AT4G38170,0.0
4,Chr4_17906588.0,17906588,0.001828548,2,AT4G38170;AT4G38180,AT4G38170,AT4G38170,0.0
4,Chr4_17906592.0,17906592,0.001828548,2,AT4G38170;AT4G38180,AT4G38170,AT4G38170,0.0
4,Chr4_17906615.0,17906615,0.001828548,2,AT4G38170;AT4G38180,AT4G38170,AT4G38170,0.0
4,Chr4_17906642.0,17906642,0.001828548,2,AT4G38170;AT4G38180,AT4G38170,AT4G38170,0.0
4,Chr4_17906912.0,17906912,0.001828548,1,AT4G38180,AT4G38180,AT4G38180,0.0
4,Chr4_17906957.0,17906957,0.001828548,1,AT4G38180,AT4G38180,AT4G38180,0.0
4,Chr4_17907014.0,17907014,0.001828548,1,AT4G38180,AT4G38180,AT4G38180,0.0
4,Chr4_17907164.0,17907164,0.001828548,1,AT4G38180,AT4G38180,AT4G38180,0.0
4,Chr4_17907228.0,17907228,0.001828548,1,AT4G38180,AT4G38180,AT4G38180,0.0
4,Chr4_17907233.0,17907233,0.001828548,1,AT4G38180,AT4G38180,AT4G38180,0.0
4,Chr4_17907255.0,17907255,0.001828548,1,AT4G38180,AT4G38180,AT4G38180,0.0
4,Chr4_17907262.0,17907262,0.001828548,1,AT4G38180,AT4G38180,AT4G38180,0.0
4,Chr4_17907291.0,17907291,0.001828548,1,AT4G38180,AT4G38180,AT4G38180,0.0
4,Chr4_17907572.0,17907572,0.001828548,1,AT4G38180,AT4G38180,AT4G38180,0.0
4,Chr4_17908277.0,17908277,0.001828548,1,AT4G38180,AT4G38180,AT4G38180,0.0
4,Chr4_17908361.0,17908361,0.001828548,1,AT4G38180,AT4G38180,AT4G38180,0.0
4,Chr4_17908391.0,17908391,0.001828548,1,AT4G38180,AT4G38180,AT4G38180,0.0
4,Chr4_17908502.0,17908502,0.001828548,1,AT4G38180,AT4G38180,AT4G38180,0.0
4,Chr4_17908505.0,17908505,0.001828548,1,AT4G38180,AT4G38180,AT4G38180,0.0
4,Chr4_17908715.0,17908715,0.001828548,1,AT4G38180,AT4G38180,AT4G38180,0.0
4,Chr4_17909672.0,17909672,0.001828548,1,AT4G38180,AT4G38180,AT4G38180,0.0
4,Chr4_17909748.0,17909748,0.001828548,0,,,,
4,Chr4_17909764.0,17909764,0.001828548,0,,,,
4,Chr4_17909812.0,17909812,0.001828548,0,,,,
4,Chr4_17909837.0,17909837,0.001828548,0,,,,
4,Chr4_17909839.0,17909839,0.001828548,0,,,,
4,Chr4_17909957.0,17909957,0.001828548,1,AT4G38190,AT4G38190,AT4G38190,0.0
5,Chr5_492354.0,492354,0.001828761,1,AT5G02340,AT5G02340,AT5G02340,0.0
4,Chr4_17527418.0,17527418,0.001829721,0,,,,
2,Chr2_5347481.0,5347481,0.001829797,0,,,,
4,Chr4_2068599.0,2068599,0.001830123,0,,,,
1,Chr1_20854052.0,20854052,0.00183013,1,AT1G55790,AT1G55790,AT1G55790,0.0
4,Chr4_6151808.0,6151808,0.001830174,0,,,,
5,Chr5_478778.0,478778,0.001830256,1,AT5G02310,AT5G02310,AT5G02310,0.0
5,Chr5_478779.0,478779,0.001830256,1,AT5G02310,AT5G02310,AT5G02310,0.0
4,Chr4_10994346.0,10994346,0.001830351,0,,,,
3,Chr3_14167428.0,14167428,0.001830394,0,,,,
5,Chr5_13835730.0,13835730,0.001830522,0,,,,
5,Chr5_17278324.0,17278324,0.001830531,0,,,,
4,Chr4_2051578.0,2051578,0.001831008,0,,,,
4,Chr4_10094749.0,10094749,0.001831077,1,AT4G18260,AT4G18260,AT4G18260,0.0
4,Chr4_16092538.0,16092538,0.001831169,1,AT4G33440,AT4G33440,AT4G33440,0.0
5,Chr5_25476502.0,25476502,0.001831252,1,AT5G63630,AT5G63630,AT5G63630,0.0
2,Chr2_64781.0,64781,0.001831275,0,,,,
1,Chr1_8461721.0,8461721,0.001832843,0,,,,
2,Chr2_4788327.0,4788327,0.001834761,1,AT2G11851,AT2G11851,AT2G11851,0.0
2,Chr2_18818584.0,18818584,0.001834937,0,,,,
4,Chr4_2342038.0,2342038,0.001836278,0,,,,
4,Chr4_2344485.0,2344485,0.001836278,0,,,,
5,Chr5_10267813.0,10267813,0.001836444,0,,,,
1,Chr1_910785.0,910785,0.001837004,1,AT1G03650,AT1G03650,AT1G03650,0.0
1,Chr1_7844048.0,7844048,0.001837016,1,AT1G22210,AT1G22210,AT1G22210,0.0
5,Chr5_10742559.0,10742559,0.001837304,0,,,,
5,Chr5_10744302.0,10744302,0.001837304,0,,,,
5,Chr5_10744426.0,10744426,0.001837304,0,,,,
5,Chr5_10745240.0,10745240,0.001837304,0,,,,
1,Chr1_17608114.0,17608114,0.001837343,0,,,,
5,Chr5_6691184.0,6691184,0.001837627,0,,,,
5,Chr5_6691304.0,6691304,0.001837627,0,,,,
5,Chr5_6691305.0,6691305,0.001837627,0,,,,
1,Chr1_4132839.0,4132839,0.001837827,0,,,,
1,Chr1_4133118.0,4133118,0.001837827,1,AT1G12190,AT1G12190,AT1G12190,0.0
5,Chr5_13877897.0,13877897,0.001838365,0,,,,
3,Chr3_17213606.0,17213606,0.001838517,1,AT3G46730,AT3G46730,AT3G46730,0.0
3,Chr3_17213609.0,17213609,0.001838517,1,AT3G46730,AT3G46730,AT3G46730,0.0
5,Chr5_7873108.0,7873108,0.001839077,1,AT5G23390,AT5G23390,AT5G23390,0.0
4,Chr4_17532749.0,17532749,0.001839177,0,,,,
3,Chr3_14658012.0,14658012,0.001839553,0,,,,
2,Chr2_9133123.0,9133123,0.001839814,1,AT2G21340,AT2G21340,AT2G21340,0.0
2,Chr2_9133240.0,9133240,0.001839814,1,AT2G21340,AT2G21340,AT2G21340,0.0
2,Chr2_9133245.0,9133245,0.001839814,1,AT2G21340,AT2G21340,AT2G21340,0.0
2,Chr2_9133284.0,9133284,0.001839814,1,AT2G21340,AT2G21340,AT2G21340,0.0
2,Chr2_9133339.0,9133339,0.001839814,1,AT2G21340,AT2G21340,AT2G21340,0.0
2,Chr2_9133436.0,9133436,0.001839814,1,AT2G21340,AT2G21340,AT2G21340,0.0
2,Chr2_9133437.0,9133437,0.001839814,1,AT2G21340,AT2G21340,AT2G21340,0.0
2,Chr2_17267458.0,17267458,0.001840853,1,AT2G41420,AT2G41420,AT2G41420,0.0
4,Chr4_795583.0,795583,0.001840912,0,,,,
4,Chr4_10387779.0,10387779,0.001841329,1,AT4G18960,AT4G18960,AT4G18960,0.0
2,Chr2_9133247.0,9133247,0.001841433,1,AT2G21340,AT2G21340,AT2G21340,0.0
3,Chr3_6542054.0,6542054,0.001841434,0,,,,
1,Chr1_4160519.0,4160519,0.001842192,1,AT1G12250,AT1G12250,AT1G12250,0.0
2,Chr2_7601160.0,7601160,0.001842283,0,,,,
2,Chr2_1244755.0,1244755,0.001842484,0,,,,
4,Chr4_12930185.0,12930185,0.001842763,0,,,,
2,Chr2_1149446.0,1149446,0.001844007,1,AT2G03760,AT2G03760,AT2G03760,0.0
2,Chr2_1149504.0,1149504,0.001844007,1,AT2G03760,AT2G03760,AT2G03760,0.0
2,Chr2_6120780.0,6120780,0.001844163,0,,,,
2,Chr2_16158566.0,16158566,0.001844671,0,,,,
5,Chr5_24086834.0,24086834,0.001844695,0,,,,
5,Chr5_10086200.0,10086200,0.001844737,0,,,,
4,Chr4_6735030.0,6735030,0.001844898,1,AT4G11020,AT4G11020,AT4G11020,0.0
5,Chr5_18760984.0,18760984,0.001845757,1,AT5G46260,AT5G46260,AT5G46260,0.0
5,Chr5_18760990.0,18760990,0.001845757,1,AT5G46260,AT5G46260,AT5G46260,0.0
1,Chr1_13645770.0,13645770,0.001845759,0,,,,
1,Chr1_2876527.0,2876527,0.001846629,1,AT1G08930,AT1G08930,AT1G08930,0.0
1,Chr1_2880406.0,2880406,0.001846629,1,AT1G08960,AT1G08960,AT1G08960,0.0
1,Chr1_2880454.0,2880454,0.001846629,1,AT1G08960,AT1G08960,AT1G08960,0.0
1,Chr1_2880455.0,2880455,0.001846629,1,AT1G08960,AT1G08960,AT1G08960,0.0
1,Chr1_2909381.0,2909381,0.001846629,0,,,,
1,Chr1_23710404.0,23710404,0.001846854,1,AT1G63870,AT1G63870,AT1G63870,0.0
1,Chr1_3997406.0,3997406,0.001846984,1,AT1G11840,AT1G11840,AT1G11840,0.0
2,Chr2_1149499.0,1149499,0.001847155,1,AT2G03760,AT2G03760,AT2G03760,0.0
1,Chr1_6493729.0,6493729,0.001847161,1,AT1G18830,AT1G18830,AT1G18830,0.0
1,Chr1_11730820.0,11730820,0.001847274,0,,,,
1,Chr1_23165146.0,23165146,0.001847349,0,,,,
3,Chr3_14795295.0,14795295,0.001847992,0,,,,
3,Chr3_14795308.0,14795308,0.001847992,0,,,,
3,Chr3_6596716.0,6596716,0.001848124,1,AT3G19080,AT3G19080,AT3G19080,0.0
4,Chr4_8491618.0,8491618,0.001848382,0,,,,
4,Chr4_8491621.0,8491621,0.001848382,0,,,,
2,Chr2_13710109.0,13710109,0.001849375,1,AT2G32275,AT2G32275,AT2G32275,0.0
3,Chr3_19389007.0,19389007,0.001849485,0,,,,
5,Chr5_8506922.0,8506922,0.001850257,0,,,,
3,Chr3_22321479.0,22321479,0.001850553,1,AT3G60390,AT3G60390,AT3G60390,0.0
2,Chr2_8875816.0,8875816,0.001851124,0,,,,
5,Chr5_18662769.0,18662769,0.001851195,0,,,,
3,Chr3_10742236.0,10742236,0.00185147,0,,,,
4,Chr4_1962489.0,1962489,0.001851538,0,,,,
1,Chr1_3199943.0,3199943,0.001851684,1,AT1G09840,AT1G09840,AT1G09840,0.0
4,Chr4_12457929.0,12457929,0.001851689,1,AT4G23990,AT4G23990,AT4G23990,0.0
4,Chr4_6863710.0,6863710,0.001851765,0,,,,
5,Chr5_8728973.0,8728973,0.00185194,0,,,,
5,Chr5_17949801.0,17949801,0.001852462,0,,,,
1,Chr1_8479002.0,8479002,0.001853067,1,AT1G23960,AT1G23960,AT1G23960,0.0
1,Chr1_8479079.0,8479079,0.001853067,1,AT1G23960,AT1G23960,AT1G23960,0.0
2,Chr2_5307112.0,5307112,0.001853097,0,,,,
3,Chr3_14009337.0,14009337,0.001853512,0,,,,
3,Chr3_14009341.0,14009341,0.001853512,0,,,,
3,Chr3_14009356.0,14009356,0.001853512,0,,,,
3,Chr3_14009359.0,14009359,0.001853512,0,,,,
3,Chr3_14948703.0,14948703,0.001854068,0,,,,
5,Chr5_15145451.0,15145451,0.00185416,0,,,,
5,Chr5_15723977.0,15723977,0.001854375,0,,,,
3,Chr3_9394395.0,9394395,0.00185442,0,,,,
4,Chr4_10807664.0,10807664,0.001854851,0,,,,
5,Chr5_26901078.0,26901078,0.001854981,0,,,,
5,Chr5_23316033.0,23316033,0.001855054,1,AT5G57580,AT5G57580,AT5G57580,0.0
5,Chr5_23316368.0,23316368,0.001855054,1,AT5G57580,AT5G57580,AT5G57580,0.0
4,Chr4_1790725.0,1790725,0.001855149,1,AT4G03830,AT4G03830,AT4G03830,0.0
2,Chr2_352071.0,352071,0.001855311,0,,,,
4,Chr4_1986531.0,1986531,0.00185541,0,,,,
5,Chr5_17361151.0,17361151,0.001855498,1,AT5G43270,AT5G43270,AT5G43270,0.0
5,Chr5_17361470.0,17361470,0.001855498,1,AT5G43270,AT5G43270,AT5G43270,0.0
5,Chr5_17361495.0,17361495,0.001855498,1,AT5G43270,AT5G43270,AT5G43270,0.0
5,Chr5_17361559.0,17361559,0.001855498,1,AT5G43270,AT5G43270,AT5G43270,0.0
3,Chr3_13029189.0,13029189,0.001855589,0,,,,
4,Chr4_9392441.0,9392441,0.00185579,1,AT4G16690,AT4G16690,AT4G16690,0.0
5,Chr5_7876621.0,7876621,0.001855869,0,,,,
5,Chr5_7876677.0,7876677,0.001855869,0,,,,
5,Chr5_26778751.0,26778751,0.001855945,1,AT5G67100,AT5G67100,AT5G67100,0.0
3,Chr3_12946644.0,12946644,0.001856255,0,,,,
2,Chr2_5669867.0,5669867,0.001856552,0,,,,
1,Chr1_3591097.0,3591097,0.001856594,0,,,,
1,Chr1_28530562.0,28530562,0.001857362,1,AT1G76010,AT1G76010,AT1G76010,0.0
2,Chr2_4786306.0,4786306,0.001857747,1,AT2G11851,AT2G11851,AT2G11851,0.0
2,Chr2_4791651.0,4791651,0.001857747,0,,,,
2,Chr2_9394612.0,9394612,0.001857923,1,AT2G22120,AT2G22120,AT2G22120,0.0
2,Chr2_9395413.0,9395413,0.001857923,1,AT2G22120,AT2G22120,AT2G22120,0.0
5,Chr5_18223621.0,18223621,0.001858001,1,AT5G45105,AT5G45105,AT5G45105,0.0
1,Chr1_4342670.0,4342670,0.001858119,1,AT1G12740,AT1G12740,AT1G12740,0.0
5,Chr5_549207.0,549207,0.001858608,1,AT5G02480,AT5G02480,AT5G02480,0.0
1,Chr1_6334959.0,6334959,0.001859037,0,,,,
4,Chr4_9069543.0,9069543,0.001859228,0,,,,
2,Chr2_384024.0,384024,0.001859842,0,,,,
2,Chr2_8535470.0,8535470,0.001860416,0,,,,
3,Chr3_15635116.0,15635116,0.001860561,0,,,,
1,Chr1_6181291.0,6181291,0.001860616,1,AT1G17960,AT1G17960,AT1G17960,0.0
1,Chr1_6182698.0,6182698,0.001860616,1,AT1G17960,AT1G17960,AT1G17960,0.0
2,Chr2_13439673.0,13439673,0.001860804,1,AT2G31570,AT2G31570,AT2G31570,0.0
2,Chr2_13439700.0,13439700,0.001860804,1,AT2G31570,AT2G31570,AT2G31570,0.0
2,Chr2_13439706.0,13439706,0.001860804,1,AT2G31570,AT2G31570,AT2G31570,0.0
2,Chr2_13439724.0,13439724,0.001860804,1,AT2G31570,AT2G31570,AT2G31570,0.0
1,Chr1_29519853.0,29519853,0.001860931,0,,,,
1,Chr1_29519979.0,29519979,0.001860931,0,,,,
1,Chr1_29520035.0,29520035,0.001860931,0,,,,
4,Chr4_6283277.0,6283277,0.001861376,0,,,,
5,Chr5_1238440.0,1238440,0.001861624,0,,,,
5,Chr5_1238446.0,1238446,0.001861624,0,,,,
1,Chr1_3855712.0,3855712,0.001862338,0,,,,
1,Chr1_3855845.0,3855845,0.001862338,0,,,,
3,Chr3_15250199.0,15250199,0.001862909,0,,,,
4,Chr4_2245679.0,2245679,0.001863431,0,,,,
1,Chr1_3643766.0,3643766,0.001863559,1,AT1G10910,AT1G10910,AT1G10910,0.0
5,Chr5_11775827.0,11775827,0.001864026,0,,,,
2,Chr2_19159537.0,19159537,0.001864062,0,,,,
5,Chr5_2486353.0,2486353,0.001864219,1,AT5G07790,AT5G07790,AT5G07790,0.0
5,Chr5_11054626.0,11054626,0.001864327,0,,,,
4,Chr4_2685801.0,2685801,0.001864355,0,,,,
4,Chr4_6837014.0,6837014,0.001864495,0,,,,
5,Chr5_24096602.0,24096602,0.001865328,0,,,,
5,Chr5_24096650.0,24096650,0.001865328,0,,,,
5,Chr5_26354581.0,26354581,0.001865406,0,,,,
2,Chr2_2313035.0,2313035,0.001865583,0,,,,
4,Chr4_7378312.0,7378312,0.00186595,1,AT4G12440,AT4G12440,AT4G12440,0.0
2,Chr2_14342687.0,14342687,0.001865994,1,AT2G33880,AT2G33880,AT2G33880,0.0
3,Chr3_21499707.0,21499707,0.001866017,0,,,,
2,Chr2_5484691.0,5484691,0.001866114,0,,,,
2,Chr2_5484801.0,5484801,0.001866114,0,,,,
5,Chr5_24255038.0,24255038,0.001866124,0,,,,
5,Chr5_18995630.0,18995630,0.001866137,1,AT5G46820,AT5G46820,AT5G46820,0.0
2,Chr2_9350709.0,9350709,0.001866877,1,AT2G21940,AT2G21940,AT2G21940,0.0
4,Chr4_16729205.0,16729205,0.001867413,0,,,,
1,Chr1_20176513.0,20176513,0.001867666,0,,,,
4,Chr4_2334441.0,2334441,0.00186768,0,,,,
1,Chr1_25954664.0,25954664,0.001867761,0,,,,
5,Chr5_7527406.0,7527406,0.001868065,0,,,,
4,Chr4_5808174.0,5808174,0.001868401,0,,,,
4,Chr4_15719979.0,15719979,0.001868576,1,AT4G32580,AT4G32580,AT4G32580,0.0
2,Chr2_18691485.0,18691485,0.001868625,0,,,,
1,Chr1_908813.0,908813,0.001868981,1,AT1G03630,AT1G03630,AT1G03630,0.0
1,Chr1_908846.0,908846,0.001868981,1,AT1G03630,AT1G03630,AT1G03630,0.0
1,Chr1_908947.0,908947,0.001868981,1,AT1G03630,AT1G03630,AT1G03630,0.0
1,Chr1_908974.0,908974,0.001868981,1,AT1G03630,AT1G03630,AT1G03630,0.0
1,Chr1_910252.0,910252,0.001868981,1,AT1G03650,AT1G03650,AT1G03650,0.0
1,Chr1_910255.0,910255,0.001868981,1,AT1G03650,AT1G03650,AT1G03650,0.0
1,Chr1_910315.0,910315,0.001868981,1,AT1G03650,AT1G03650,AT1G03650,0.0
1,Chr1_910432.0,910432,0.001868981,1,AT1G03650,AT1G03650,AT1G03650,0.0
1,Chr1_910465.0,910465,0.001868981,1,AT1G03650,AT1G03650,AT1G03650,0.0
1,Chr1_910488.0,910488,0.001868981,1,AT1G03650,AT1G03650,AT1G03650,0.0
1,Chr1_910534.0,910534,0.001868981,1,AT1G03650,AT1G03650,AT1G03650,0.0
1,Chr1_910569.0,910569,0.001868981,1,AT1G03650,AT1G03650,AT1G03650,0.0
1,Chr1_910592.0,910592,0.001868981,1,AT1G03650,AT1G03650,AT1G03650,0.0
1,Chr1_910593.0,910593,0.001868981,1,AT1G03650,AT1G03650,AT1G03650,0.0
1,Chr1_910601.0,910601,0.001868981,1,AT1G03650,AT1G03650,AT1G03650,0.0
1,Chr1_910612.0,910612,0.001868981,1,AT1G03650,AT1G03650,AT1G03650,0.0
1,Chr1_910621.0,910621,0.001868981,1,AT1G03650,AT1G03650,AT1G03650,0.0
1,Chr1_910648.0,910648,0.001868981,1,AT1G03650,AT1G03650,AT1G03650,0.0
1,Chr1_910707.0,910707,0.001868981,1,AT1G03650,AT1G03650,AT1G03650,0.0
1,Chr1_910710.0,910710,0.001868981,1,AT1G03650,AT1G03650,AT1G03650,0.0
1,Chr1_910712.0,910712,0.001868981,1,AT1G03650,AT1G03650,AT1G03650,0.0
1,Chr1_910718.0,910718,0.001868981,1,AT1G03650,AT1G03650,AT1G03650,0.0
1,Chr1_910729.0,910729,0.001868981,1,AT1G03650,AT1G03650,AT1G03650,0.0
1,Chr1_910818.0,910818,0.001868981,1,AT1G03650,AT1G03650,AT1G03650,0.0
1,Chr1_910843.0,910843,0.001868981,1,AT1G03650,AT1G03650,AT1G03650,0.0
1,Chr1_910888.0,910888,0.001868981,1,AT1G03650,AT1G03650,AT1G03650,0.0
1,Chr1_910924.0,910924,0.001868981,1,AT1G03650,AT1G03650,AT1G03650,0.0
1,Chr1_910936.0,910936,0.001868981,1,AT1G03650,AT1G03650,AT1G03650,0.0
1,Chr1_910961.0,910961,0.001868981,1,AT1G03650,AT1G03650,AT1G03650,0.0
5,Chr5_13316024.0,13316024,0.001869957,0,,,,
1,Chr1_14708356.0,14708356,0.001870095,0,,,,
3,Chr3_12232807.0,12232807,0.001870095,0,,,,
1,Chr1_11740804.0,11740804,0.001870384,0,,,,
3,Chr3_4015190.0,4015190,0.001870385,1,AT3G12640,AT3G12640,AT3G12640,0.0
1,Chr1_13606431.0,13606431,0.001870658,0,,,,
1,Chr1_13607362.0,13607362,0.001870658,0,,,,
1,Chr1_13608193.0,13608193,0.001870658,0,,,,
1,Chr1_13608278.0,13608278,0.001870658,0,,,,
1,Chr1_13608881.0,13608881,0.001870658,0,,,,
1,Chr1_13609454.0,13609454,0.001870658,0,,,,
2,Chr2_7497261.0,7497261,0.001871158,0,,,,
2,Chr2_7497712.0,7497712,0.001871158,0,,,,
5,Chr5_483364.0,483364,0.001871383,1,AT5G02320,AT5G02320,AT5G02320,0.0
5,Chr5_483616.0,483616,0.001871383,1,AT5G02320,AT5G02320,AT5G02320,0.0
5,Chr5_483938.0,483938,0.001871383,1,AT5G02320,AT5G02320,AT5G02320,0.0
5,Chr5_484060.0,484060,0.001871383,1,AT5G02320,AT5G02320,AT5G02320,0.0
5,Chr5_484089.0,484089,0.001871383,1,AT5G02320,AT5G02320,AT5G02320,0.0
4,Chr4_1111123.0,1111123,0.001872181,1,AT4G02520,AT4G02520,AT4G02520,0.0
4,Chr4_15330171.0,15330171,0.001872735,0,,,,
2,Chr2_17338903.0,17338903,0.001873078,0,,,,
1,Chr1_6900423.0,6900423,0.00187322,1,AT1G19880,AT1G19880,AT1G19880,0.0
4,Chr4_2788223.0,2788223,0.00187337,0,,,,
5,Chr5_9540347.0,9540347,0.001873829,1,AT5G27110,AT5G27110,AT5G27110,0.0
1,Chr1_4191922.0,4191922,0.001873954,0,,,,
1,Chr1_11670461.0,11670461,0.001874458,0,,,,
4,Chr4_9132025.0,9132025,0.001874464,1,AT4G16141,AT4G16141,AT4G16141,0.0
5,Chr5_12643036.0,12643036,0.001875649,0,,,,
5,Chr5_15505487.0,15505487,0.001875825,0,,,,
5,Chr5_9547369.0,9547369,0.001876659,1,AT5G27130,AT5G27130,AT5G27130,0.0
5,Chr5_7839979.0,7839979,0.001877855,1,AT5G23270,AT5G23270,AT5G23270,0.0
4,Chr4_5842953.0,5842953,0.001878039,0,,,,
5,Chr5_7198484.0,7198484,0.001878213,0,,,,
3,Chr3_13157199.0,13157199,0.001878291,0,,,,
1,Chr1_4081653.0,4081653,0.001878297,0,,,,
5,Chr5_1238617.0,1238617,0.001878424,0,,,,
5,Chr5_14909486.0,14909486,0.001878458,0,,,,
2,Chr2_244098.0,244098,0.001879218,0,,,,
4,Chr4_6836259.0,6836259,0.001879389,1,AT4G11211,AT4G11211,AT4G11211,0.0
3,Chr3_19184389.0,19184389,0.001879511,0,,,,
2,Chr2_1927685.0,1927685,0.00187954,0,,,,
2,Chr2_2159244.0,2159244,0.001879631,0,,,,
3,Chr3_18661140.0,18661140,0.001879707,0,,,,
2,Chr2_832816.0,832816,0.001879904,0,,,,
4,Chr4_9463751.0,9463751,0.001880135,0,,,,
4,Chr4_9464061.0,9464061,0.001880135,0,,,,
4,Chr4_9464072.0,9464072,0.001880135,0,,,,
4,Chr4_9464147.0,9464147,0.001880135,0,,,,
4,Chr4_13076718.0,13076718,0.001880245,1,AT4G25640,AT4G25640,AT4G25640,0.0
2,Chr2_400008.0,400008,0.00188055,0,,,,
1,Chr1_11937057.0,11937057,0.00188067,0,,,,
1,Chr1_11937058.0,11937058,0.00188067,0,,,,
1,Chr1_11937244.0,11937244,0.00188067,0,,,,
4,Chr4_1877676.0,1877676,0.001880745,0,,,,
4,Chr4_1877740.0,1877740,0.001880745,0,,,,
4,Chr4_1879150.0,1879150,0.001880745,0,,,,
4,Chr4_1883238.0,1883238,0.001880745,0,,,,
4,Chr4_1883285.0,1883285,0.001880745,0,,,,
4,Chr4_1893949.0,1893949,0.001880745,0,,,,
4,Chr4_1894739.0,1894739,0.001880745,0,,,,
4,Chr4_1894766.0,1894766,0.001880745,0,,,,
4,Chr4_1896467.0,1896467,0.001880745,0,,,,
4,Chr4_1901515.0,1901515,0.001880745,0,,,,
4,Chr4_1931166.0,1931166,0.001880745,0,,,,
4,Chr4_1931983.0,1931983,0.001880745,0,,,,
4,Chr4_1932378.0,1932378,0.001880745,1,AT4G04020,AT4G04020,AT4G04020,0.0
3,Chr3_14067384.0,14067384,0.001880778,0,,,,
5,Chr5_21918391.0,21918391,0.00188216,1,AT5G54000,AT5G54000,AT5G54000,0.0
5,Chr5_15164802.0,15164802,0.001882372,0,,,,
3,Chr3_14928968.0,14928968,0.001882407,0,,,,
5,Chr5_18103662.0,18103662,0.001882515,0,,,,
5,Chr5_851868.0,851868,0.001883639,1,AT5G03430,AT5G03430,AT5G03430,0.0
5,Chr5_851870.0,851870,0.001883639,1,AT5G03430,AT5G03430,AT5G03430,0.0
5,Chr5_852105.0,852105,0.001883639,1,AT5G03430,AT5G03430,AT5G03430,0.0
5,Chr5_852106.0,852106,0.001883639,1,AT5G03430,AT5G03430,AT5G03430,0.0
5,Chr5_852110.0,852110,0.001883639,1,AT5G03430,AT5G03430,AT5G03430,0.0
4,Chr4_2001429.0,2001429,0.001884795,0,,,,
1,Chr1_13602801.0,13602801,0.001885302,0,,,,
1,Chr1_13603821.0,13603821,0.001885302,0,,,,
2,Chr2_1457839.0,1457839,0.001885485,0,,,,
5,Chr5_12237216.0,12237216,0.001885508,0,,,,
5,Chr5_13851049.0,13851049,0.001886181,0,,,,
2,Chr2_981407.0,981407,0.001886424,0,,,,
4,Chr4_6685630.0,6685630,0.001886514,0,,,,
4,Chr4_11840633.0,11840633,0.001886805,1,AT4G22470,AT4G22470,AT4G22470,0.0
5,Chr5_19672019.0,19672019,0.001887081,0,,,,
5,Chr5_19672602.0,19672602,0.001887081,0,,,,
4,Chr4_3682748.0,3682748,0.001887392,0,,,,
1,Chr1_15631599.0,15631599,0.001887686,0,,,,
5,Chr5_22203655.0,22203655,0.001887807,0,,,,
5,Chr5_18985905.0,18985905,0.001888217,0,,,,
3,Chr3_11970388.0,11970388,0.00188839,0,,,,
3,Chr3_10477315.0,10477315,0.001888653,0,,,,
5,Chr5_873796.0,873796,0.001888681,1,AT5G03495,AT5G03495,AT5G03495,0.0
5,Chr5_4178973.0,4178973,0.001888696,1,AT5G13160,AT5G13160,AT5G13160,0.0
1,Chr1_22269695.0,22269695,0.001889113,0,,,,
2,Chr2_9225956.0,9225956,0.001889279,0,,,,
1,Chr1_6959642.0,6959642,0.001890131,0,,,,
3,Chr3_18925240.0,18925240,0.001890172,0,,,,
2,Chr2_2003886.0,2003886,0.001890251,0,,,,
3,Chr3_8067026.0,8067026,0.001890338,0,,,,
5,Chr5_13328275.0,13328275,0.001890386,0,,,,
5,Chr5_26699621.0,26699621,0.001890466,0,,,,
4,Chr4_6069059.0,6069059,0.001891055,0,,,,
5,Chr5_7709581.0,7709581,0.001892344,0,,,,
1,Chr1_27032401.0,27032401,0.001892617,0,,,,
4,Chr4_6594795.0,6594795,0.001892633,0,,,,
4,Chr4_6595238.0,6595238,0.001892633,0,,,,
1,Chr1_962677.0,962677,0.001893382,1,AT1G03830,AT1G03830,AT1G03830,0.0
1,Chr1_27082110.0,27082110,0.00189427,0,,,,
4,Chr4_17632259.0,17632259,0.00189472,1,AT4G37520,AT4G37520,AT4G37520,0.0
1,Chr1_5485769.0,5485769,0.001894947,0,,,,
1,Chr1_5497343.0,5497343,0.001894947,1,AT1G16010,AT1G16010,AT1G16010,0.0
1,Chr1_5502298.0,5502298,0.001894947,1,AT1G16030,AT1G16030,AT1G16030,0.0
1,Chr1_5504449.0,5504449,0.001894947,1,AT1G16030,AT1G16030,AT1G16030,0.0
4,Chr4_429295.0,429295,0.001895268,1,AT4G00990,AT4G00990,AT4G00990,0.0
5,Chr5_7743066.0,7743066,0.001895486,1,AT5G23080,AT5G23080,AT5G23080,0.0
5,Chr5_9231514.0,9231514,0.001895548,0,,,,
2,Chr2_3548788.0,3548788,0.001896068,0,,,,
3,Chr3_17512677.0,17512677,0.001896491,0,,,,
3,Chr3_18542298.0,18542298,0.00189692,1,AT3G50020,AT3G50020,AT3G50020,0.0
5,Chr5_489640.0,489640,0.001896985,0,,,,
5,Chr5_8089193.0,8089193,0.001897055,0,,,,
4,Chr4_9058226.0,9058226,0.0018971,1,AT4G15980,AT4G15980,AT4G15980,0.0
3,Chr3_18281405.0,18281405,0.001897401,0,,,,
3,Chr3_13173898.0,13173898,0.001897438,0,,,,
3,Chr3_13174043.0,13174043,0.001897438,0,,,,
3,Chr3_13174189.0,13174189,0.001897438,0,,,,
1,Chr1_6198059.0,6198059,0.001897529,0,,,,
5,Chr5_8088826.0,8088826,0.001898072,0,,,,
3,Chr3_4632231.0,4632231,0.001898354,1,AT3G14000,AT3G14000,AT3G14000,0.0
5,Chr5_9084472.0,9084472,0.001899054,0,,,,
2,Chr2_1333834.0,1333834,0.001899438,1,AT2G04039,AT2G04039,AT2G04039,0.0
3,Chr3_16353048.0,16353048,0.001900244,0,,,,
4,Chr4_8491570.0,8491570,0.001900378,0,,,,
4,Chr4_8491593.0,8491593,0.001900378,0,,,,
4,Chr4_6874649.0,6874649,0.001900609,0,,,,
3,Chr3_14106498.0,14106498,0.00190096,0,,,,
3,Chr3_3189463.0,3189463,0.001901273,0,,,,
3,Chr3_15370093.0,15370093,0.001901611,0,,,,
3,Chr3_15370563.0,15370563,0.001901611,0,,,,
3,Chr3_3629794.0,3629794,0.001901795,1,AT3G11530,AT3G11530,AT3G11530,0.0
4,Chr4_754523.0,754523,0.001901846,1,AT4G01740,AT4G01740,AT4G01740,0.0
1,Chr1_28295085.0,28295085,0.001902007,0,,,,
5,Chr5_26813062.0,26813062,0.001902067,0,,,,
5,Chr5_26813063.0,26813063,0.001902067,0,,,,
2,Chr2_17046258.0,17046258,0.001902153,1,AT2G40840,AT2G40840,AT2G40840,0.0
2,Chr2_17054818.0,17054818,0.001902153,1,AT2G40860,AT2G40860,AT2G40860,0.0
3,Chr3_13292225.0,13292225,0.001902331,0,,,,
4,Chr4_2231689.0,2231689,0.001902418,0,,,,
3,Chr3_21133751.0,21133751,0.001902897,1,AT3G57100,AT3G57100,AT3G57100,0.0
5,Chr5_17460300.0,17460300,0.001903207,1,AT5G43460,AT5G43460,AT5G43460,0.0
5,Chr5_2559058.0,2559058,0.001903352,0,,,,
4,Chr4_9297862.0,9297862,0.001904114,0,,,,
1,Chr1_66902.0,66902,0.001904222,1,AT1G01140,AT1G01140,AT1G01140,0.0
1,Chr1_12703963.0,12703963,0.001904732,0,,,,
3,Chr3_12143939.0,12143939,0.001905273,0,,,,
2,Chr2_10376695.0,10376695,0.001905362,0,,,,
1,Chr1_2951951.0,2951951,0.001905491,1,AT1G09157,AT1G09157,AT1G09157,0.0
5,Chr5_8398588.0,8398588,0.001905625,0,,,,
5,Chr5_8486215.0,8486215,0.001905625,1,AT5G24740,AT5G24740,AT5G24740,0.0
2,Chr2_6415503.0,6415503,0.001906226,0,,,,
2,Chr2_6415559.0,6415559,0.001906226,0,,,,
2,Chr2_19152877.0,19152877,0.001906664,0,,,,
4,Chr4_4325002.0,4325002,0.001906709,0,,,,
2,Chr2_1425336.0,1425336,0.001907048,0,,,,
2,Chr2_508866.0,508866,0.001907762,1,AT2G02070,AT2G02070,AT2G02070,0.0
4,Chr4_3928377.0,3928377,0.001907919,0,,,,
4,Chr4_3928461.0,3928461,0.001907919,0,,,,
5,Chr5_22668573.0,22668573,0.001908179,1,AT5G55970,AT5G55970,AT5G55970,0.0
5,Chr5_22668615.0,22668615,0.001908179,1,AT5G55970,AT5G55970,AT5G55970,0.0
5,Chr5_22668675.0,22668675,0.001908179,1,AT5G55970,AT5G55970,AT5G55970,0.0
5,Chr5_22668681.0,22668681,0.001908179,1,AT5G55970,AT5G55970,AT5G55970,0.0
5,Chr5_22668693.0,22668693,0.001908179,1,AT5G55970,AT5G55970,AT5G55970,0.0
5,Chr5_22668705.0,22668705,0.001908179,1,AT5G55970,AT5G55970,AT5G55970,0.0
5,Chr5_22668708.0,22668708,0.001908179,1,AT5G55970,AT5G55970,AT5G55970,0.0
5,Chr5_22669115.0,22669115,0.001908179,1,AT5G55970,AT5G55970,AT5G55970,0.0
1,Chr1_15641487.0,15641487,0.001908249,0,,,,
4,Chr4_15456397.0,15456397,0.001908349,1,AT4G31950,AT4G31950,AT4G31950,0.0
4,Chr4_15457120.0,15457120,0.001908349,1,AT4G31950,AT4G31950,AT4G31950,0.0
1,Chr1_15519724.0,15519724,0.001908578,0,,,,
1,Chr1_15519824.0,15519824,0.001908578,0,,,,
3,Chr3_1783404.0,1783404,0.001908922,0,,,,
3,Chr3_17204791.0,17204791,0.001909104,0,,,,
3,Chr3_17204827.0,17204827,0.001909104,0,,,,
2,Chr2_9518268.0,9518268,0.001909784,0,,,,
3,Chr3_11172063.0,11172063,0.001910055,0,,,,
5,Chr5_9047941.0,9047941,0.001910223,0,,,,
1,Chr1_21214582.0,21214582,0.00191041,1,AT1G56612,AT1G56612,AT1G56612,0.0
2,Chr2_9237351.0,9237351,0.001910414,1,AT2G21580,AT2G21580,AT2G21580,0.0
2,Chr2_6046334.0,6046334,0.001910554,0,,,,
4,Chr4_13110920.0,13110920,0.00191061,1,AT4G25750,AT4G25750,AT4G25750,0.0
2,Chr2_6682490.0,6682490,0.001911158,0,,,,
2,Chr2_5155002.0,5155002,0.001911187,0,,,,
2,Chr2_17045239.0,17045239,0.00191235,1,AT2G40840,AT2G40840,AT2G40840,0.0
5,Chr5_22144200.0,22144200,0.001912759,0,,,,
2,Chr2_2177807.0,2177807,0.00191292,0,,,,
5,Chr5_11409759.0,11409759,0.001913031,0,,,,
5,Chr5_11409870.0,11409870,0.001913031,0,,,,
4,Chr4_15723472.0,15723472,0.001913381,1,AT4G32600,AT4G32600,AT4G32600,0.0
3,Chr3_15635142.0,15635142,0.001913742,0,,,,
2,Chr2_9508984.0,9508984,0.001914135,0,,,,
1,Chr1_22215992.0,22215992,0.001914694,1,AT1G60240,AT1G60240,AT1G60240,0.0
5,Chr5_26514363.0,26514363,0.001914854,1,AT5G66380,AT5G66380,AT5G66380,0.0
5,Chr5_26515310.0,26515310,0.001914854,1,AT5G66380,AT5G66380,AT5G66380,0.0
5,Chr5_26518008.0,26518008,0.001914854,0,,,,
5,Chr5_26518222.0,26518222,0.001914854,0,,,,
5,Chr5_26518243.0,26518243,0.001914854,0,,,,
5,Chr5_26521518.0,26521518,0.001914854,1,AT5G66410,AT5G66410,AT5G66410,0.0
5,Chr5_26528274.0,26528274,0.001914854,0,,,,
5,Chr5_10368274.0,10368274,0.00191499,0,,,,
2,Chr2_12918060.0,12918060,0.001915431,0,,,,
4,Chr4_18296420.0,18296420,0.001915541,0,,,,
1,Chr1_20309677.0,20309677,0.001915952,0,,,,
3,Chr3_4554296.0,4554296,0.001916123,1,AT3G13830,AT3G13830,AT3G13830,0.0
2,Chr2_2158948.0,2158948,0.001917421,0,,,,
5,Chr5_9142231.0,9142231,0.001917437,0,,,,
3,Chr3_9754024.0,9754024,0.001917695,1,AT3G26561,AT3G26561,AT3G26561,0.0
3,Chr3_7834908.0,7834908,0.001918406,0,,,,
3,Chr3_10434843.0,10434843,0.001918793,0,,,,
4,Chr4_11390102.0,11390102,0.001919069,1,AT4G21380,AT4G21380,AT4G21380,0.0
4,Chr4_2498090.0,2498090,0.001919436,1,AT4G04920,AT4G04920,AT4G04920,0.0
2,Chr2_430983.0,430983,0.001919832,0,,,,
1,Chr1_10008569.0,10008569,0.001919861,0,,,,
3,Chr3_15659883.0,15659883,0.001920968,1,AT3G43790,AT3G43790,AT3G43790,0.0
3,Chr3_15659921.0,15659921,0.001920968,1,AT3G43790,AT3G43790,AT3G43790,0.0
5,Chr5_15048200.0,15048200,0.001921099,0,,,,
3,Chr3_1037293.0,1037293,0.001921431,1,AT3G04010,AT3G04010,AT3G04010,0.0
5,Chr5_24601659.0,24601659,0.001921613,1,AT5G61140,AT5G61140,AT5G61140,0.0
3,Chr3_22639524.0,22639524,0.001921787,1,AT3G61170,AT3G61170,AT3G61170,0.0
3,Chr3_22639536.0,22639536,0.001921787,1,AT3G61170,AT3G61170,AT3G61170,0.0
5,Chr5_2532716.0,2532716,0.001922367,1,AT5G07930,AT5G07930,AT5G07930,0.0
3,Chr3_15050554.0,15050554,0.001922524,0,,,,
3,Chr3_11750186.0,11750186,0.001922803,0,,,,
5,Chr5_25991154.0,25991154,0.001922992,1,AT5G65060,AT5G65060,AT5G65060,0.0
5,Chr5_9911508.0,9911508,0.001924187,0,,,,
5,Chr5_9912347.0,9912347,0.001924187,0,,,,
5,Chr5_9912422.0,9912422,0.001924187,0,,,,
2,Chr2_9786110.0,9786110,0.001924473,0,,,,
1,Chr1_474362.0,474362,0.001925359,0,,,,
1,Chr1_3297989.0,3297989,0.001925427,1,AT1G10095,AT1G10095,AT1G10095,0.0
3,Chr3_16728294.0,16728294,0.001925644,0,,,,
1,Chr1_4293171.0,4293171,0.001925733,0,,,,
4,Chr4_9472644.0,9472644,0.00192638,0,,,,
2,Chr2_13942115.0,13942115,0.001926441,1,AT2G32860,AT2G32860,AT2G32860,0.0
1,Chr1_4284604.0,4284604,0.001926494,1,AT1G12580,AT1G12580,AT1G12580,0.0
1,Chr1_4160531.0,4160531,0.001926668,1,AT1G12250,AT1G12250,AT1G12250,0.0
1,Chr1_4160532.0,4160532,0.001926668,1,AT1G12250,AT1G12250,AT1G12250,0.0
1,Chr1_4160806.0,4160806,0.001926668,1,AT1G12250,AT1G12250,AT1G12250,0.0
3,Chr3_13917259.0,13917259,0.001926893,0,,,,
2,Chr2_9780612.0,9780612,0.001927884,1,AT2G22980,AT2G22980,AT2G22980,0.0
2,Chr2_9780616.0,9780616,0.001927884,1,AT2G22980,AT2G22980,AT2G22980,0.0
2,Chr2_9780637.0,9780637,0.001927884,1,AT2G22980,AT2G22980,AT2G22980,0.0
2,Chr2_9780642.0,9780642,0.001927884,1,AT2G22980,AT2G22980,AT2G22980,0.0
5,Chr5_9153069.0,9153069,0.001927884,1,AT5G26180,AT5G26180,AT5G26180,0.0
5,Chr5_26354447.0,26354447,0.001928457,0,,,,
2,Chr2_5992269.0,5992269,0.001928514,0,,,,
1,Chr1_28878177.0,28878177,0.001929098,0,,,,
4,Chr4_1992433.0,1992433,0.001929382,0,,,,
5,Chr5_10558028.0,10558028,0.001929838,1,AT5G28550,AT5G28550,AT5G28550,0.0
1,Chr1_22281742.0,22281742,0.001930791,0,,,,
3,Chr3_7926562.0,7926562,0.001930875,0,,,,
3,Chr3_14110900.0,14110900,0.001930997,0,,,,
4,Chr4_17157684.0,17157684,0.001931043,0,,,,
4,Chr4_5387119.0,5387119,0.001931347,0,,,,
4,Chr4_5387120.0,5387120,0.001931347,0,,,,
2,Chr2_4972501.0,4972501,0.001932122,0,,,,
2,Chr2_4782834.0,4782834,0.001932555,0,,,,
1,Chr1_21719443.0,21719443,0.001932619,0,,,,
4,Chr4_15360671.0,15360671,0.001933092,0,,,,
5,Chr5_13385890.0,13385890,0.00193336,0,,,,
5,Chr5_9054459.0,9054459,0.001933484,1,AT5G25940,AT5G25940,AT5G25940,0.0
5,Chr5_9054472.0,9054472,0.001933484,1,AT5G25940,AT5G25940,AT5G25940,0.0
5,Chr5_9054473.0,9054473,0.001933484,1,AT5G25940,AT5G25940,AT5G25940,0.0
1,Chr1_5038823.0,5038823,0.001933637,1,AT1G14670,AT1G14670,AT1G14670,0.0
3,Chr3_3231204.0,3231204,0.001933996,1,AT3G10390,AT3G10390,AT3G10390,0.0
5,Chr5_10195523.0,10195523,0.001934024,0,,,,
5,Chr5_10195527.0,10195527,0.001934024,0,,,,
5,Chr5_10195529.0,10195529,0.001934024,0,,,,
5,Chr5_10195531.0,10195531,0.001934024,0,,,,
5,Chr5_10195532.0,10195532,0.001934024,0,,,,
5,Chr5_10195567.0,10195567,0.001934024,0,,,,
3,Chr3_10576294.0,10576294,0.001934105,0,,,,
3,Chr3_3566712.0,3566712,0.001934193,1,AT3G11385,AT3G11385,AT3G11385,0.0
3,Chr3_3566728.0,3566728,0.001934193,1,AT3G11385,AT3G11385,AT3G11385,0.0
5,Chr5_26528797.0,26528797,0.001935309,0,,,,
1,Chr1_6420744.0,6420744,0.00193645,0,,,,
1,Chr1_6423521.0,6423521,0.00193645,1,AT1G18660,AT1G18660,AT1G18660,0.0
1,Chr1_6423609.0,6423609,0.00193645,1,AT1G18660,AT1G18660,AT1G18660,0.0
1,Chr1_6423643.0,6423643,0.00193645,1,AT1G18660,AT1G18660,AT1G18660,0.0
1,Chr1_6423678.0,6423678,0.00193645,1,AT1G18660,AT1G18660,AT1G18660,0.0
1,Chr1_6423963.0,6423963,0.00193645,1,AT1G18660,AT1G18660,AT1G18660,0.0
1,Chr1_6424186.0,6424186,0.00193645,1,AT1G18660,AT1G18660,AT1G18660,0.0
1,Chr1_6425087.0,6425087,0.00193645,1,AT1G18660,AT1G18660,AT1G18660,0.0
1,Chr1_6425183.0,6425183,0.00193645,1,AT1G18660,AT1G18660,AT1G18660,0.0
1,Chr1_6426810.0,6426810,0.00193645,0,,,,
1,Chr1_6427282.0,6427282,0.00193645,1,AT1G18670,AT1G18670,AT1G18670,0.0
1,Chr1_6427303.0,6427303,0.00193645,1,AT1G18670,AT1G18670,AT1G18670,0.0
5,Chr5_23700412.0,23700412,0.001936675,0,,,,
2,Chr2_239542.0,239542,0.001937612,0,,,,
3,Chr3_21563484.0,21563484,0.001937704,1,AT3G58210,AT3G58210,AT3G58210,0.0
3,Chr3_21569905.0,21569905,0.001937704,0,,,,
3,Chr3_21580769.0,21580769,0.001937704,1,AT3G58290,AT3G58290,AT3G58290,0.0
3,Chr3_21582109.0,21582109,0.001937704,0,,,,
3,Chr3_21584973.0,21584973,0.001937704,1,AT3G58310,AT3G58310,AT3G58310,0.0
3,Chr3_21587290.0,21587290,0.001937704,0,,,,
3,Chr3_21588010.0,21588010,0.001937704,0,,,,
5,Chr5_9048064.0,9048064,0.001938341,0,,,,
2,Chr2_10570288.0,10570288,0.001938468,0,,,,
2,Chr2_1466510.0,1466510,0.001938513,0,,,,
2,Chr2_6182031.0,6182031,0.001938668,0,,,,
5,Chr5_22228771.0,22228771,0.001938838,1,AT5G54710,AT5G54710,AT5G54710,0.0
5,Chr5_16302860.0,16302860,0.001938973,1,AT5G40740,AT5G40740,AT5G40740,0.0
5,Chr5_5587594.0,5587594,0.001939226,1,AT5G17010,AT5G17010,AT5G17010,0.0
5,Chr5_5587597.0,5587597,0.001939226,1,AT5G17010,AT5G17010,AT5G17010,0.0
2,Chr2_4495691.0,4495691,0.001939233,0,,,,
3,Chr3_15682704.0,15682704,0.001939263,0,,,,
5,Chr5_8125515.0,8125515,0.001939339,0,,,,
5,Chr5_8125528.0,8125528,0.001939339,0,,,,
5,Chr5_12891445.0,12891445,0.001940823,0,,,,
2,Chr2_4777373.0,4777373,0.001941191,0,,,,
1,Chr1_26933948.0,26933948,0.001942028,1,AT1G71490,AT1G71490,AT1G71490,0.0
1,Chr1_26934220.0,26934220,0.001942028,1,AT1G71490,AT1G71490,AT1G71490,0.0
1,Chr1_26939451.0,26939451,0.001942028,0,,,,
1,Chr1_14266797.0,14266797,0.001942143,0,,,,
5,Chr5_11774669.0,11774669,0.001942241,0,,,,
5,Chr5_17777308.0,17777308,0.001942373,0,,,,
4,Chr4_17735619.0,17735619,0.001942401,0,,,,
1,Chr1_19818363.0,19818363,0.001942992,1,AT1G53165,AT1G53165,AT1G53165,0.0
3,Chr3_4928455.0,4928455,0.001943068,1,AT3G14670,AT3G14670,AT3G14670,0.0
4,Chr4_997877.0,997877,0.001943793,1,AT4G02280,AT4G02280,AT4G02280,0.0
4,Chr4_997964.0,997964,0.001943793,1,AT4G02280,AT4G02280,AT4G02280,0.0
5,Chr5_14028623.0,14028623,0.001943795,0,,,,
4,Chr4_16090185.0,16090185,0.00194401,1,AT4G33430,AT4G33430,AT4G33430,0.0
4,Chr4_16091337.0,16091337,0.00194401,0,,,,
5,Chr5_25428765.0,25428765,0.001944395,1,AT5G63520,AT5G63520,AT5G63520,0.0
5,Chr5_6403771.0,6403771,0.001944582,0,,,,
5,Chr5_6404899.0,6404899,0.001944582,0,,,,
4,Chr4_298860.0,298860,0.00194501,0,,,,
1,Chr1_5965560.0,5965560,0.001945223,0,,,,
5,Chr5_9141373.0,9141373,0.001945538,0,,,,
1,Chr1_29781872.0,29781872,0.00194555,0,,,,
5,Chr5_7705162.0,7705162,0.001945596,1,AT5G23010,AT5G23010,AT5G23010,0.0
5,Chr5_4089305.0,4089305,0.001946518,0,,,,
3,Chr3_8224537.0,8224537,0.001946701,2,AT3G23100;AT3G23110,AT3G23100,AT3G23100,0.0
3,Chr3_17019603.0,17019603,0.001947047,0,,,,
2,Chr2_17115996.0,17115996,0.001947315,0,,,,
3,Chr3_13962691.0,13962691,0.001947402,0,,,,
3,Chr3_13962713.0,13962713,0.001947402,0,,,,
4,Chr4_17450135.0,17450135,0.001947654,0,,,,
2,Chr2_19046289.0,19046289,0.001948333,0,,,,
5,Chr5_3368078.0,3368078,0.001948479,1,AT5G10650,AT5G10650,AT5G10650,0.0
5,Chr5_4140093.0,4140093,0.001948707,0,,,,
1,Chr1_26003425.0,26003425,0.001949548,0,,,,
4,Chr4_7166947.0,7166947,0.001949565,0,,,,
4,Chr4_17598923.0,17598923,0.001949883,1,AT4G37430,AT4G37430,AT4G37430,0.0
4,Chr4_17598987.0,17598987,0.001949883,0,,,,
4,Chr4_8467124.0,8467124,0.001950326,0,,,,
5,Chr5_11220009.0,11220009,0.001950365,0,,,,
4,Chr4_15394093.0,15394093,0.001950742,1,AT4G31820,AT4G31820,AT4G31820,0.0
5,Chr5_16257805.0,16257805,0.00195083,0,,,,
1,Chr1_12028104.0,12028104,0.00195113,1,AT1G33170,AT1G33170,AT1G33170,0.0
5,Chr5_500385.0,500385,0.001951375,0,,,,
5,Chr5_3966329.0,3966329,0.001951387,0,,,,
1,Chr1_14894982.0,14894982,0.001951436,0,,,,
4,Chr4_2326317.0,2326317,0.0019519,1,AT4G04610,AT4G04610,AT4G04610,0.0
4,Chr4_2326360.0,2326360,0.0019519,1,AT4G04610,AT4G04610,AT4G04610,0.0
4,Chr4_2326747.0,2326747,0.0019519,1,AT4G04610,AT4G04610,AT4G04610,0.0
4,Chr4_2326761.0,2326761,0.0019519,1,AT4G04610,AT4G04610,AT4G04610,0.0
4,Chr4_2326836.0,2326836,0.0019519,1,AT4G04610,AT4G04610,AT4G04610,0.0
4,Chr4_2326869.0,2326869,0.0019519,1,AT4G04610,AT4G04610,AT4G04610,0.0
4,Chr4_2326955.0,2326955,0.0019519,1,AT4G04610,AT4G04610,AT4G04610,0.0
4,Chr4_2327305.0,2327305,0.0019519,1,AT4G04614,AT4G04614,AT4G04614,0.0
4,Chr4_2327387.0,2327387,0.0019519,1,AT4G04614,AT4G04614,AT4G04614,0.0
3,Chr3_9393033.0,9393033,0.001952056,0,,,,
4,Chr4_9437689.0,9437689,0.001952203,0,,,,
1,Chr1_18449247.0,18449247,0.001952362,0,,,,
2,Chr2_6663258.0,6663258,0.001952618,0,,,,
1,Chr1_17254880.0,17254880,0.001952672,0,,,,
4,Chr4_8976536.0,8976536,0.001952774,1,AT4G15765,AT4G15765,AT4G15765,0.0
4,Chr4_9906374.0,9906374,0.001952778,0,,,,
4,Chr4_9908384.0,9908384,0.001952778,0,,,,
4,Chr4_958862.0,958862,0.001952888,0,,,,
4,Chr4_958996.0,958996,0.001952888,0,,,,
4,Chr4_14916276.0,14916276,0.001953373,0,,,,
3,Chr3_16035441.0,16035441,0.001953484,0,,,,
3,Chr3_8208267.0,8208267,0.001954233,1,AT3G23080,AT3G23080,AT3G23080,0.0
3,Chr3_8208270.0,8208270,0.001954233,1,AT3G23080,AT3G23080,AT3G23080,0.0
3,Chr3_8208323.0,8208323,0.001954233,1,AT3G23080,AT3G23080,AT3G23080,0.0
2,Chr2_2291892.0,2291892,0.001954434,0,,,,
2,Chr2_7727200.0,7727200,0.001955145,1,AT2G17780,AT2G17780,AT2G17780,0.0
1,Chr1_23064648.0,23064648,0.001955266,0,,,,
1,Chr1_5480450.0,5480450,0.001955334,1,AT1G15950,AT1G15950,AT1G15950,0.0
1,Chr1_5481428.0,5481428,0.001955334,1,AT1G15950,AT1G15950,AT1G15950,0.0
1,Chr1_5482160.0,5482160,0.001955334,2,AT1G15950;AT1G15960,AT1G15950,AT1G15950,0.0
3,Chr3_3462438.0,3462438,0.001955373,1,AT3G11040,AT3G11040,AT3G11040,0.0
4,Chr4_2292287.0,2292287,0.00195592,1,AT4G04570,AT4G04570,AT4G04570,0.0
5,Chr5_6840105.0,6840105,0.001956335,0,,,,
4,Chr4_8722723.0,8722723,0.001956352,1,AT4G15290,AT4G15290,AT4G15290,0.0
5,Chr5_13719153.0,13719153,0.001956574,0,,,,
4,Chr4_17534487.0,17534487,0.001956761,0,,,,
3,Chr3_16923273.0,16923273,0.001956779,0,,,,
2,Chr2_7018435.0,7018435,0.001956787,0,,,,
1,Chr1_5291116.0,5291116,0.001956812,1,AT1G15380,AT1G15380,AT1G15380,0.0
3,Chr3_19733199.0,19733199,0.001956815,0,,,,
3,Chr3_4625764.0,4625764,0.001957088,1,AT3G13990,AT3G13990,AT3G13990,0.0
3,Chr3_4626060.0,4626060,0.001957088,1,AT3G13990,AT3G13990,AT3G13990,0.0
1,Chr1_5555033.0,5555033,0.001957151,1,AT1G16240,AT1G16240,AT1G16240,0.0
3,Chr3_16501897.0,16501897,0.00195792,0,,,,
5,Chr5_7705120.0,7705120,0.001957975,1,AT5G23010,AT5G23010,AT5G23010,0.0
5,Chr5_7705122.0,7705122,0.001957975,1,AT5G23010,AT5G23010,AT5G23010,0.0
5,Chr5_7705126.0,7705126,0.001957975,1,AT5G23010,AT5G23010,AT5G23010,0.0
5,Chr5_7705127.0,7705127,0.001957975,1,AT5G23010,AT5G23010,AT5G23010,0.0
3,Chr3_5517687.0,5517687,0.00195807,0,,,,
2,Chr2_8158527.0,8158527,0.001958298,1,AT2G18840,AT2G18840,AT2G18840,0.0
3,Chr3_9112799.0,9112799,0.001958417,0,,,,
4,Chr4_9896595.0,9896595,0.001958689,1,AT4G17800,AT4G17800,AT4G17800,0.0
1,Chr1_4689905.0,4689905,0.001958728,0,,,,
1,Chr1_4689957.0,4689957,0.001958728,0,,,,
1,Chr1_4556263.0,4556263,0.001959067,0,,,,
1,Chr1_12243966.0,12243966,0.001959208,1,AT1G33770,AT1G33770,AT1G33770,0.0
3,Chr3_18883986.0,18883986,0.001959427,0,,,,
1,Chr1_12243259.0,12243259,0.001959452,1,AT1G33770,AT1G33770,AT1G33770,0.0
1,Chr1_12243657.0,12243657,0.001959452,1,AT1G33770,AT1G33770,AT1G33770,0.0
5,Chr5_25622884.0,25622884,0.001959475,0,,,,
5,Chr5_586014.0,586014,0.001959582,1,AT5G02600,AT5G02600,AT5G02600,0.0
1,Chr1_27313607.0,27313607,0.001960343,1,AT1G72530,AT1G72530,AT1G72530,0.0
3,Chr3_17842253.0,17842253,0.001960364,0,,,,
5,Chr5_1350347.0,1350347,0.001960633,1,AT5G04690,AT5G04690,AT5G04690,0.0
5,Chr5_1356430.0,1356430,0.001960633,1,AT5G04700,AT5G04700,AT5G04700,0.0
3,Chr3_20783817.0,20783817,0.001960832,1,AT3G56000,AT3G56000,AT3G56000,0.0
5,Chr5_534902.0,534902,0.001960988,0,,,,
2,Chr2_106490.0,106490,0.00196107,0,,,,
2,Chr2_6060406.0,6060406,0.001961131,0,,,,
3,Chr3_22647827.0,22647827,0.001961301,1,AT3G61182,AT3G61182,AT3G61182,0.0
1,Chr1_3591842.0,3591842,0.001961741,1,AT1G10770,AT1G10770,AT1G10770,0.0
1,Chr1_18664689.0,18664689,0.001962039,1,AT1G50380,AT1G50380,AT1G50380,0.0
5,Chr5_16799952.0,16799952,0.001962136,1,AT5G42000,AT5G42000,AT5G42000,0.0
5,Chr5_6307138.0,6307138,0.001962167,1,AT5G18910,AT5G18910,AT5G18910,0.0
1,Chr1_1433690.0,1433690,0.001962807,0,,,,
1,Chr1_4078942.0,4078942,0.0019634,1,AT1G12070,AT1G12070,AT1G12070,0.0
5,Chr5_18349446.0,18349446,0.001964313,1,AT5G45280,AT5G45280,AT5G45280,0.0
2,Chr2_2189793.0,2189793,0.001964579,0,,,,
1,Chr1_2998193.0,2998193,0.001964868,2,AT1G09270;AT1G09280,AT1G09270,AT1G09270,0.0
1,Chr1_3005473.0,3005473,0.001964868,1,AT1G09300,AT1G09300,AT1G09300,0.0
1,Chr1_3012992.0,3012992,0.001964868,1,AT1G09330,AT1G09330,AT1G09330,0.0
2,Chr2_9780651.0,9780651,0.001966023,1,AT2G22980,AT2G22980,AT2G22980,0.0
2,Chr2_9780662.0,9780662,0.001966023,1,AT2G22980,AT2G22980,AT2G22980,0.0
2,Chr2_9780673.0,9780673,0.001966023,1,AT2G22980,AT2G22980,AT2G22980,0.0
2,Chr2_9780773.0,9780773,0.001966023,1,AT2G22980,AT2G22980,AT2G22980,0.0
2,Chr2_9780774.0,9780774,0.001966023,1,AT2G22980,AT2G22980,AT2G22980,0.0
2,Chr2_9780783.0,9780783,0.001966023,1,AT2G22980,AT2G22980,AT2G22980,0.0
2,Chr2_9780855.0,9780855,0.001966023,1,AT2G22980,AT2G22980,AT2G22980,0.0
2,Chr2_9780876.0,9780876,0.001966023,1,AT2G22980,AT2G22980,AT2G22980,0.0
2,Chr2_9780885.0,9780885,0.001966023,1,AT2G22980,AT2G22980,AT2G22980,0.0
2,Chr2_9780930.0,9780930,0.001966023,1,AT2G22980,AT2G22980,AT2G22980,0.0
2,Chr2_9780938.0,9780938,0.001966023,1,AT2G22980,AT2G22980,AT2G22980,0.0
2,Chr2_9780942.0,9780942,0.001966023,1,AT2G22980,AT2G22980,AT2G22980,0.0
2,Chr2_9780945.0,9780945,0.001966023,1,AT2G22980,AT2G22980,AT2G22980,0.0
2,Chr2_9780950.0,9780950,0.001966023,1,AT2G22980,AT2G22980,AT2G22980,0.0
2,Chr2_9780957.0,9780957,0.001966023,1,AT2G22980,AT2G22980,AT2G22980,0.0
2,Chr2_9780964.0,9780964,0.001966023,1,AT2G22980,AT2G22980,AT2G22980,0.0
2,Chr2_9780987.0,9780987,0.001966023,1,AT2G22980,AT2G22980,AT2G22980,0.0
2,Chr2_9780994.0,9780994,0.001966023,1,AT2G22980,AT2G22980,AT2G22980,0.0
2,Chr2_9781121.0,9781121,0.001966023,1,AT2G22980,AT2G22980,AT2G22980,0.0
2,Chr2_9781122.0,9781122,0.001966023,1,AT2G22980,AT2G22980,AT2G22980,0.0
2,Chr2_9781147.0,9781147,0.001966023,1,AT2G22980,AT2G22980,AT2G22980,0.0
2,Chr2_9781162.0,9781162,0.001966023,1,AT2G22980,AT2G22980,AT2G22980,0.0
2,Chr2_9781186.0,9781186,0.001966023,1,AT2G22980,AT2G22980,AT2G22980,0.0
3,Chr3_14863321.0,14863321,0.001966289,0,,,,
4,Chr4_2119344.0,2119344,0.001966813,0,,,,
4,Chr4_15958961.0,15958961,0.00196687,0,,,,
1,Chr1_6125932.0,6125932,0.001967214,1,AT1G17790,AT1G17790,AT1G17790,0.0
3,Chr3_5574645.0,5574645,0.001967411,0,,,,
3,Chr3_15408805.0,15408805,0.001967892,0,,,,
4,Chr4_9272033.0,9272033,0.001967926,1,AT4G16442,AT4G16442,AT4G16442,0.0
5,Chr5_9999933.0,9999933,0.001967977,0,,,,
4,Chr4_5956937.0,5956937,0.001968517,0,,,,
4,Chr4_15411746.0,15411746,0.001968624,1,AT4G31875,AT4G31875,AT4G31875,0.0
2,Chr2_15707665.0,15707665,0.001968679,0,,,,
2,Chr2_15708215.0,15708215,0.001968679,0,,,,
3,Chr3_22340275.0,22340275,0.001968899,0,,,,
5,Chr5_8400750.0,8400750,0.00196976,0,,,,
5,Chr5_8404849.0,8404849,0.00196976,0,,,,
5,Chr5_8406010.0,8406010,0.00196976,1,AT5G24570,AT5G24570,AT5G24570,0.0
2,Chr2_4670787.0,4670787,0.001969934,0,,,,
2,Chr2_4670844.0,4670844,0.001969934,0,,,,
2,Chr2_4670846.0,4670846,0.001969934,0,,,,
3,Chr3_10021433.0,10021433,0.001970264,0,,,,
1,Chr1_8198693.0,8198693,0.001970655,0,,,,
3,Chr3_14750881.0,14750881,0.001970715,0,,,,
2,Chr2_5300930.0,5300930,0.00197126,0,,,,
5,Chr5_10614119.0,10614119,0.001971417,0,,,,
5,Chr5_10618463.0,10618463,0.001971417,0,,,,
5,Chr5_10619362.0,10619362,0.001971417,0,,,,
1,Chr1_14246712.0,14246712,0.001971747,0,,,,
2,Chr2_18854307.0,18854307,0.001971785,0,,,,
3,Chr3_18278525.0,18278525,0.001971854,0,,,,
2,Chr2_9148841.0,9148841,0.001971961,1,AT2G21380,AT2G21380,AT2G21380,0.0
4,Chr4_16260829.0,16260829,0.001972747,1,AT4G33920,AT4G33920,AT4G33920,0.0
1,Chr1_12666041.0,12666041,0.001972965,0,,,,
3,Chr3_20775555.0,20775555,0.001973175,0,,,,
1,Chr1_192654.0,192654,0.001973715,1,AT1G01530,AT1G01530,AT1G01530,0.0
1,Chr1_198384.0,198384,0.001973715,1,AT1G01540,AT1G01540,AT1G01540,0.0
4,Chr4_8625352.0,8625352,0.001973936,0,,,,
1,Chr1_4312242.0,4312242,0.001974086,0,,,,
2,Chr2_15008369.0,15008369,0.001974374,0,,,,
2,Chr2_13369341.0,13369341,0.001975102,1,AT2G31350,AT2G31350,AT2G31350,0.0
5,Chr5_18955145.0,18955145,0.00197515,0,,,,
5,Chr5_9209760.0,9209760,0.001975199,1,AT5G26280,AT5G26280,AT5G26280,0.0
5,Chr5_877448.0,877448,0.001975864,1,AT5G03500,AT5G03500,AT5G03500,0.0
2,Chr2_2858034.0,2858034,0.001975983,0,,,,
1,Chr1_25971915.0,25971915,0.001976508,1,AT1G69080,AT1G69080,AT1G69080,0.0
5,Chr5_22233889.0,22233889,0.001976658,1,AT5G54730,AT5G54730,AT5G54730,0.0
5,Chr5_9148694.0,9148694,0.001976789,0,,,,
5,Chr5_9148698.0,9148698,0.001976789,0,,,,
5,Chr5_9148699.0,9148699,0.001976789,0,,,,
5,Chr5_9149182.0,9149182,0.001976789,0,,,,
5,Chr5_9149207.0,9149207,0.001976789,0,,,,
5,Chr5_10574156.0,10574156,0.001976798,0,,,,
2,Chr2_16915090.0,16915090,0.001977557,1,AT2G40490,AT2G40490,AT2G40490,0.0
5,Chr5_492725.0,492725,0.00197759,1,AT5G02340,AT5G02340,AT5G02340,0.0
5,Chr5_492744.0,492744,0.00197759,1,AT5G02340,AT5G02340,AT5G02340,0.0
4,Chr4_2345764.0,2345764,0.001977619,0,,,,
4,Chr4_6286987.0,6286987,0.001977687,1,AT4G10050,AT4G10050,AT4G10050,0.0
1,Chr1_14271984.0,14271984,0.001978614,0,,,,
1,Chr1_23168528.0,23168528,0.001979026,0,,,,
3,Chr3_13646267.0,13646267,0.001979311,0,,,,
1,Chr1_4540457.0,4540457,0.001979638,0,,,,
2,Chr2_15420065.0,15420065,0.001980127,0,,,,
1,Chr1_22695521.0,22695521,0.001980559,0,,,,
2,Chr2_1097760.0,1097760,0.001980668,1,AT2G03600,AT2G03600,AT2G03600,0.0
5,Chr5_19867159.0,19867159,0.001980787,1,AT5G49010,AT5G49010,AT5G49010,0.0
5,Chr5_19880828.0,19880828,0.001980787,1,AT5G49030,AT5G49030,AT5G49030,0.0
5,Chr5_5352557.0,5352557,0.001980951,0,,,,
5,Chr5_3711843.0,3711843,0.001980979,1,AT5G11560,AT5G11560,AT5G11560,0.0
5,Chr5_3715033.0,3715033,0.001980979,0,,,,
5,Chr5_1239293.0,1239293,0.001980994,1,AT5G04390,AT5G04390,AT5G04390,0.0
5,Chr5_1239526.0,1239526,0.001980994,1,AT5G04390,AT5G04390,AT5G04390,0.0
5,Chr5_1239678.0,1239678,0.001980994,1,AT5G04390,AT5G04390,AT5G04390,0.0
1,Chr1_1136920.0,1136920,0.001981166,1,AT1G04250,AT1G04250,AT1G04250,0.0
5,Chr5_11751559.0,11751559,0.00198147,0,,,,
5,Chr5_10570068.0,10570068,0.001982331,0,,,,
5,Chr5_13367091.0,13367091,0.001982415,0,,,,
3,Chr3_20954100.0,20954100,0.001982567,1,AT3G56550,AT3G56550,AT3G56550,0.0
3,Chr3_20954466.0,20954466,0.001982567,1,AT3G56550,AT3G56550,AT3G56550,0.0
5,Chr5_7525814.0,7525814,0.001983399,1,AT5G22630,AT5G22630,AT5G22630,0.0
2,Chr2_13797416.0,13797416,0.001983662,0,,,,
5,Chr5_533930.0,533930,0.001984191,1,AT5G02450,AT5G02450,AT5G02450,0.0
5,Chr5_533937.0,533937,0.001984191,1,AT5G02450,AT5G02450,AT5G02450,0.0
5,Chr5_533951.0,533951,0.001984191,1,AT5G02450,AT5G02450,AT5G02450,0.0
5,Chr5_533957.0,533957,0.001984191,1,AT5G02450,AT5G02450,AT5G02450,0.0
5,Chr5_533971.0,533971,0.001984191,1,AT5G02450,AT5G02450,AT5G02450,0.0
5,Chr5_534003.0,534003,0.001984191,1,AT5G02450,AT5G02450,AT5G02450,0.0
5,Chr5_534013.0,534013,0.001984191,1,AT5G02450,AT5G02450,AT5G02450,0.0
5,Chr5_534024.0,534024,0.001984191,1,AT5G02450,AT5G02450,AT5G02450,0.0
5,Chr5_534032.0,534032,0.001984191,1,AT5G02450,AT5G02450,AT5G02450,0.0
5,Chr5_534036.0,534036,0.001984191,1,AT5G02450,AT5G02450,AT5G02450,0.0
4,Chr4_754520.0,754520,0.001984708,1,AT4G01740,AT4G01740,AT4G01740,0.0
2,Chr2_13008027.0,13008027,0.001985163,0,,,,
2,Chr2_13008176.0,13008176,0.001985163,0,,,,
5,Chr5_9603977.0,9603977,0.001985309,1,AT5G27260,AT5G27260,AT5G27260,0.0
1,Chr1_8207206.0,8207206,0.001985379,2,AT1G23149;AT1G23150,AT1G23149,AT1G23149,0.0
1,Chr1_17267193.0,17267193,0.001985745,0,,,,
4,Chr4_1601346.0,1601346,0.001986062,1,AT4G03590,AT4G03590,AT4G03590,0.0
4,Chr4_1602475.0,1602475,0.001986062,1,AT4G03590,AT4G03590,AT4G03590,0.0
5,Chr5_17358629.0,17358629,0.001986496,0,,,,
5,Chr5_17359183.0,17359183,0.001986496,0,,,,
3,Chr3_17468246.0,17468246,0.001986589,0,,,,
3,Chr3_14745669.0,14745669,0.00198746,0,,,,
1,Chr1_22866289.0,22866289,0.001987719,1,AT1G61870,AT1G61870,AT1G61870,0.0
3,Chr3_20101581.0,20101581,0.001987818,1,AT3G54280,AT3G54280,AT3G54280,0.0
4,Chr4_2252642.0,2252642,0.001987926,0,,,,
5,Chr5_955415.0,955415,0.001988759,0,,,,
4,Chr4_4315777.0,4315777,0.001989192,0,,,,
5,Chr5_5254706.0,5254706,0.001989236,0,,,,
5,Chr5_871404.0,871404,0.001989374,0,,,,
5,Chr5_4830424.0,4830424,0.001989563,1,AT5G14930,AT5G14930,AT5G14930,0.0
4,Chr4_298718.0,298718,0.001989583,0,,,,
4,Chr4_16645312.0,16645312,0.001990072,0,,,,
2,Chr2_11206825.0,11206825,0.001990132,0,,,,
2,Chr2_11870682.0,11870682,0.001990262,0,,,,
3,Chr3_15530421.0,15530421,0.001990712,1,AT3G43623,AT3G43623,AT3G43623,0.0
3,Chr3_15530430.0,15530430,0.001990712,1,AT3G43623,AT3G43623,AT3G43623,0.0
3,Chr3_15530476.0,15530476,0.001990712,0,,,,
3,Chr3_15530481.0,15530481,0.001990712,0,,,,
3,Chr3_15530527.0,15530527,0.001990712,0,,,,
1,Chr1_21627084.0,21627084,0.001991585,0,,,,
1,Chr1_21834667.0,21834667,0.001991716,0,,,,
1,Chr1_4047383.0,4047383,0.001991985,1,AT1G11990,AT1G11990,AT1G11990,0.0
5,Chr5_19960135.0,19960135,0.001992004,1,AT5G49230,AT5G49230,AT5G49230,0.0
4,Chr4_1601101.0,1601101,0.001992216,1,AT4G03590,AT4G03590,AT4G03590,0.0
4,Chr4_1601661.0,1601661,0.001992216,1,AT4G03590,AT4G03590,AT4G03590,0.0
3,Chr3_1785484.0,1785484,0.001992551,0,,,,
3,Chr3_1786699.0,1786699,0.001992551,1,AT3G05970,AT3G05970,AT3G05970,0.0
3,Chr3_1789432.0,1789432,0.001992551,1,AT3G05970,AT3G05970,AT3G05970,0.0
3,Chr3_1790274.0,1790274,0.001992551,1,AT3G05970,AT3G05970,AT3G05970,0.0
3,Chr3_1790413.0,1790413,0.001992551,1,AT3G05970,AT3G05970,AT3G05970,0.0
3,Chr3_1790578.0,1790578,0.001992551,1,AT3G05970,AT3G05970,AT3G05970,0.0
3,Chr3_14717406.0,14717406,0.00199296,0,,,,
2,Chr2_8933643.0,8933643,0.001993063,1,AT2G20725,AT2G20725,AT2G20725,0.0
2,Chr2_12792729.0,12792729,0.001994137,0,,,,
3,Chr3_14743495.0,14743495,0.001994916,0,,,,
3,Chr3_15932196.0,15932196,0.001995154,1,AT3G44230,AT3G44230,AT3G44230,0.0
4,Chr4_8641470.0,8641470,0.001995526,0,,,,
5,Chr5_10500973.0,10500973,0.001996419,0,,,,
3,Chr3_17840407.0,17840407,0.001997268,0,,,,
3,Chr3_17842607.0,17842607,0.001997268,0,,,,
3,Chr3_17843850.0,17843850,0.001997268,0,,,,
5,Chr5_15461253.0,15461253,0.001997362,1,AT5G38610,AT5G38610,AT5G38610,0.0
4,Chr4_17522881.0,17522881,0.001997409,0,,,,
5,Chr5_22835931.0,22835931,0.001998155,0,,,,
3,Chr3_14975598.0,14975598,0.001998301,0,,,,
1,Chr1_22612802.0,22612802,0.001998434,0,,,,
3,Chr3_3189375.0,3189375,0.001999621,0,,,,
5,Chr5_24180185.0,24180185,0.001999974,1,AT5G60040,AT5G60040,AT5G60040,0.0
1,Chr1_15087286.0,15087286,0.00200025,0,,,,
1,Chr1_2161780.0,2161780,0.002000271,1,AT1G07040,AT1G07040,AT1G07040,0.0
3,Chr3_21437757.0,21437757,0.002000286,0,,,,
1,Chr1_16199124.0,16199124,0.002000536,0,,,,
1,Chr1_22751716.0,22751716,0.002000556,0,,,,
4,Chr4_2183851.0,2183851,0.002000724,0,,,,
4,Chr4_2184134.0,2184134,0.002000724,0,,,,
4,Chr4_2184404.0,2184404,0.002000724,0,,,,
4,Chr4_2184480.0,2184480,0.002000724,0,,,,
2,Chr2_7769229.0,7769229,0.00200103,0,,,,
2,Chr2_8957250.0,8957250,0.002001125,0,,,,
2,Chr2_1473847.0,1473847,0.002001556,0,,,,
4,Chr4_2769796.0,2769796,0.002001932,0,,,,
4,Chr4_2769807.0,2769807,0.002001932,0,,,,
1,Chr1_30139473.0,30139473,0.002002441,1,AT1G80120,AT1G80120,AT1G80120,0.0
1,Chr1_30139488.0,30139488,0.002002441,1,AT1G80120,AT1G80120,AT1G80120,0.0
1,Chr1_30139493.0,30139493,0.002002441,1,AT1G80120,AT1G80120,AT1G80120,0.0
1,Chr1_18321076.0,18321076,0.002002732,0,,,,
1,Chr1_16889137.0,16889137,0.002003048,1,AT1G44740,AT1G44740,AT1G44740,0.0
2,Chr2_6926040.0,6926040,0.002003078,0,,,,
3,Chr3_18884042.0,18884042,0.00200353,0,,,,
1,Chr1_8538084.0,8538084,0.002005667,0,,,,
5,Chr5_8373623.0,8373623,0.002005767,0,,,,
2,Chr2_2160785.0,2160785,0.002006384,0,,,,
3,Chr3_14983493.0,14983493,0.002006924,0,,,,
2,Chr2_2346508.0,2346508,0.002006945,0,,,,
5,Chr5_1053168.0,1053168,0.002007219,1,AT5G03905,AT5G03905,AT5G03905,0.0
5,Chr5_1053220.0,1053220,0.002007219,1,AT5G03905,AT5G03905,AT5G03905,0.0
5,Chr5_1053328.0,1053328,0.002007219,1,AT5G03905,AT5G03905,AT5G03905,0.0
5,Chr5_1053339.0,1053339,0.002007219,1,AT5G03905,AT5G03905,AT5G03905,0.0
5,Chr5_1053437.0,1053437,0.002007219,1,AT5G03905,AT5G03905,AT5G03905,0.0
5,Chr5_1053443.0,1053443,0.002007219,1,AT5G03905,AT5G03905,AT5G03905,0.0
5,Chr5_1053505.0,1053505,0.002007219,1,AT5G03905,AT5G03905,AT5G03905,0.0
5,Chr5_15718026.0,15718026,0.002007317,0,,,,
1,Chr1_26932107.0,26932107,0.002007668,1,AT1G71480,AT1G71480,AT1G71480,0.0
1,Chr1_26932123.0,26932123,0.002007668,1,AT1G71480,AT1G71480,AT1G71480,0.0
1,Chr1_26932124.0,26932124,0.002007668,1,AT1G71480,AT1G71480,AT1G71480,0.0
1,Chr1_26932126.0,26932126,0.002007668,1,AT1G71480,AT1G71480,AT1G71480,0.0
1,Chr1_26932132.0,26932132,0.002007668,1,AT1G71480,AT1G71480,AT1G71480,0.0
1,Chr1_26932136.0,26932136,0.002007668,1,AT1G71480,AT1G71480,AT1G71480,0.0
1,Chr1_26932170.0,26932170,0.002007668,1,AT1G71480,AT1G71480,AT1G71480,0.0
1,Chr1_26932192.0,26932192,0.002007668,1,AT1G71480,AT1G71480,AT1G71480,0.0
1,Chr1_26932211.0,26932211,0.002007668,1,AT1G71480,AT1G71480,AT1G71480,0.0
1,Chr1_26932234.0,26932234,0.002007668,1,AT1G71480,AT1G71480,AT1G71480,0.0
1,Chr1_26932249.0,26932249,0.002007668,1,AT1G71480,AT1G71480,AT1G71480,0.0
4,Chr4_7760780.0,7760780,0.002008052,1,AT4G13340,AT4G13340,AT4G13340,0.0
4,Chr4_7936450.0,7936450,0.002008852,1,AT4G13630,AT4G13630,AT4G13630,0.0
2,Chr2_11835202.0,11835202,0.002009078,0,,,,
5,Chr5_11414499.0,11414499,0.002009166,0,,,,
2,Chr2_636356.0,636356,0.002009547,0,,,,
3,Chr3_22904744.0,22904744,0.002009643,0,,,,
5,Chr5_18965551.0,18965551,0.002010156,1,AT5G46740,AT5G46740,AT5G46740,0.0
2,Chr2_18595828.0,18595828,0.002010317,1,AT2G45100,AT2G45100,AT2G45100,0.0
2,Chr2_18595850.0,18595850,0.002010317,1,AT2G45100,AT2G45100,AT2G45100,0.0
5,Chr5_22136110.0,22136110,0.002010744,0,,,,
2,Chr2_13067413.0,13067413,0.002011026,0,,,,
5,Chr5_22153426.0,22153426,0.002011679,1,AT5G54530,AT5G54530,AT5G54530,0.0
5,Chr5_22201481.0,22201481,0.002012183,1,AT5G54650,AT5G54650,AT5G54650,0.0
2,Chr2_5325825.0,5325825,0.002012325,0,,,,
3,Chr3_18037942.0,18037942,0.002012383,1,AT3G48690,AT3G48690,AT3G48690,0.0
3,Chr3_15216460.0,15216460,0.002012601,0,,,,
1,Chr1_4070738.0,4070738,0.002012619,1,AT1G12040,AT1G12040,AT1G12040,0.0
1,Chr1_4070795.0,4070795,0.002012619,1,AT1G12040,AT1G12040,AT1G12040,0.0
5,Chr5_15137458.0,15137458,0.002012635,0,,,,
5,Chr5_15138055.0,15138055,0.002012635,0,,,,
5,Chr5_481682.0,481682,0.002012748,1,AT5G02310,AT5G02310,AT5G02310,0.0
3,Chr3_5146948.0,5146948,0.002012871,0,,,,
3,Chr3_15596395.0,15596395,0.002013194,0,,,,
1,Chr1_2092721.0,2092721,0.00201338,0,,,,
3,Chr3_8633645.0,8633645,0.002013654,1,AT3G23900,AT3G23900,AT3G23900,0.0
3,Chr3_1520067.0,1520067,0.002013685,1,AT3G05330,AT3G05330,AT3G05330,0.0
4,Chr4_7959280.0,7959280,0.002013975,0,,,,
1,Chr1_24828392.0,24828392,0.002014762,0,,,,
3,Chr3_9013723.0,9013723,0.002014821,0,,,,
4,Chr4_10613383.0,10613383,0.00201493,1,AT4G19470,AT4G19470,AT4G19470,0.0
4,Chr4_10613782.0,10613782,0.00201493,1,AT4G19470,AT4G19470,AT4G19470,0.0
4,Chr4_10613848.0,10613848,0.00201493,1,AT4G19470,AT4G19470,AT4G19470,0.0
1,Chr1_25526902.0,25526902,0.002014986,1,AT1G68120,AT1G68120,AT1G68120,0.0
1,Chr1_25526916.0,25526916,0.002014986,1,AT1G68120,AT1G68120,AT1G68120,0.0
1,Chr1_25526936.0,25526936,0.002014986,1,AT1G68120,AT1G68120,AT1G68120,0.0
1,Chr1_25526937.0,25526937,0.002014986,1,AT1G68120,AT1G68120,AT1G68120,0.0
1,Chr1_25526941.0,25526941,0.002014986,1,AT1G68120,AT1G68120,AT1G68120,0.0
1,Chr1_25526945.0,25526945,0.002014986,1,AT1G68120,AT1G68120,AT1G68120,0.0
2,Chr2_12919506.0,12919506,0.002015023,1,AT2G30300,AT2G30300,AT2G30300,0.0
4,Chr4_6140010.0,6140010,0.002015225,0,,,,
5,Chr5_873810.0,873810,0.002015449,1,AT5G03495,AT5G03495,AT5G03495,0.0
3,Chr3_15100354.0,15100354,0.00201551,0,,,,
3,Chr3_15134595.0,15134595,0.00201551,0,,,,
5,Chr5_4964767.0,4964767,0.00201552,1,AT5G15280,AT5G15280,AT5G15280,0.0
4,Chr4_17212188.0,17212188,0.00201648,0,,,,
4,Chr4_17213111.0,17213111,0.00201648,0,,,,
4,Chr4_7133601.0,7133601,0.002016519,0,,,,
3,Chr3_14804014.0,14804014,0.002016642,0,,,,
5,Chr5_7526151.0,7526151,0.002017449,1,AT5G22630,AT5G22630,AT5G22630,0.0
5,Chr5_7526184.0,7526184,0.002017449,0,,,,
4,Chr4_8454501.0,8454501,0.002018031,0,,,,
1,Chr1_20175045.0,20175045,0.002018246,0,,,,
4,Chr4_3393978.0,3393978,0.002018283,0,,,,
5,Chr5_26930248.0,26930248,0.002018295,1,AT5G67470,AT5G67470,AT5G67470,0.0
5,Chr5_11709846.0,11709846,0.002018382,0,,,,
5,Chr5_5362510.0,5362510,0.002019219,1,AT5G16390,AT5G16390,AT5G16390,0.0
2,Chr2_13797347.0,13797347,0.00201924,0,,,,
2,Chr2_13798160.0,13798160,0.00201924,0,,,,
2,Chr2_4388658.0,4388658,0.002019332,0,,,,
2,Chr2_4388926.0,4388926,0.002019332,0,,,,
2,Chr2_4390357.0,4390357,0.002019332,0,,,,
2,Chr2_4390472.0,4390472,0.002019332,0,,,,
2,Chr2_4390664.0,4390664,0.002019332,0,,,,
2,Chr2_4390666.0,4390666,0.002019332,0,,,,
1,Chr1_8966686.0,8966686,0.002019493,1,AT1G25530,AT1G25530,AT1G25530,0.0
5,Chr5_535842.0,535842,0.002020023,0,,,,
4,Chr4_2111611.0,2111611,0.002020063,0,,,,
4,Chr4_4089513.0,4089513,0.002020252,0,,,,
2,Chr2_9168786.0,9168786,0.002021217,0,,,,
2,Chr2_715423.0,715423,0.002021279,0,,,,
2,Chr2_11761576.0,11761576,0.002021547,0,,,,
3,Chr3_11101788.0,11101788,0.002022112,0,,,,
1,Chr1_16770429.0,16770429,0.002022898,0,,,,
1,Chr1_5520477.0,5520477,0.00202313,1,AT1G16110,AT1G16110,AT1G16110,0.0
1,Chr1_28744346.0,28744346,0.00202393,0,,,,
2,Chr2_4261022.0,4261022,0.002024049,0,,,,
5,Chr5_9141455.0,9141455,0.002024056,0,,,,
3,Chr3_21863014.0,21863014,0.002024399,0,,,,
3,Chr3_17447424.0,17447424,0.002024974,1,AT3G47350,AT3G47350,AT3G47350,0.0
3,Chr3_17447425.0,17447425,0.002024974,1,AT3G47350,AT3G47350,AT3G47350,0.0
1,Chr1_11671007.0,11671007,0.002024977,0,,,,
1,Chr1_4631068.0,4631068,0.002025081,0,,,,
5,Chr5_18453562.0,18453562,0.002025224,0,,,,
1,Chr1_15622412.0,15622412,0.002025482,0,,,,
1,Chr1_15624936.0,15624936,0.002025482,0,,,,
1,Chr1_15645204.0,15645204,0.002025482,0,,,,
1,Chr1_13019469.0,13019469,0.002025934,0,,,,
5,Chr5_13032947.0,13032947,0.00202607,0,,,,
1,Chr1_18632211.0,18632211,0.002026427,0,,,,
4,Chr4_15708484.0,15708484,0.002026614,1,AT4G32551,AT4G32551,AT4G32551,0.0
1,Chr1_11264290.0,11264290,0.002026877,1,AT1G31470,AT1G31470,AT1G31470,0.0
4,Chr4_1989244.0,1989244,0.002027318,0,,,,
2,Chr2_4690222.0,4690222,0.002028169,0,,,,
5,Chr5_13789727.0,13789727,0.002028674,0,,,,
4,Chr4_9050530.0,9050530,0.002028753,1,AT4G15970,AT4G15970,AT4G15970,0.0
4,Chr4_9058465.0,9058465,0.002028753,1,AT4G15980,AT4G15980,AT4G15980,0.0
4,Chr4_9086012.0,9086012,0.002028753,0,,,,
4,Chr4_9094625.0,9094625,0.002028753,1,AT4G16060,AT4G16060,AT4G16060,0.0
4,Chr4_9100542.0,9100542,0.002028753,1,AT4G16070,AT4G16070,AT4G16070,0.0
4,Chr4_9101858.0,9101858,0.002028753,1,AT4G16080,AT4G16080,AT4G16080,0.0
4,Chr4_9132902.0,9132902,0.002028753,1,AT4G16141,AT4G16141,AT4G16141,0.0
4,Chr4_9135895.0,9135895,0.002028753,1,AT4G16143,AT4G16143,AT4G16143,0.0
4,Chr4_9137120.0,9137120,0.002028753,1,AT4G16143,AT4G16143,AT4G16143,0.0
4,Chr4_9137549.0,9137549,0.002028753,0,,,,
4,Chr4_9138552.0,9138552,0.002028753,1,AT4G16144,AT4G16144,AT4G16144,0.0
4,Chr4_9142742.0,9142742,0.002028753,1,AT4G16146,AT4G16146,AT4G16146,0.0
4,Chr4_9156531.0,9156531,0.002028753,1,AT4G16155,AT4G16155,AT4G16155,0.0
4,Chr4_9164425.0,9164425,0.002028753,1,AT4G16165,AT4G16165,AT4G16165,0.0
4,Chr4_9199407.0,9199407,0.002028753,1,AT4G16250,AT4G16250,AT4G16250,0.0
4,Chr4_9202073.0,9202073,0.002028753,0,,,,
1,Chr1_26001697.0,26001697,0.002028886,0,,,,
1,Chr1_27075142.0,27075142,0.002029707,0,,,,
5,Chr5_10618293.0,10618293,0.002030005,0,,,,
4,Chr4_6836187.0,6836187,0.002030066,1,AT4G11211,AT4G11211,AT4G11211,0.0
5,Chr5_25749325.0,25749325,0.002030236,1,AT5G64400,AT5G64400,AT5G64400,0.0
3,Chr3_18574665.0,18574665,0.002030633,0,,,,
3,Chr3_18575269.0,18575269,0.002030633,0,,,,
2,Chr2_1643516.0,1643516,0.002031048,0,,,,
4,Chr4_7784773.0,7784773,0.002031486,1,AT4G13390,AT4G13390,AT4G13390,0.0
4,Chr4_7784785.0,7784785,0.002031486,1,AT4G13390,AT4G13390,AT4G13390,0.0
4,Chr4_7784790.0,7784790,0.002031486,1,AT4G13390,AT4G13390,AT4G13390,0.0
4,Chr4_7784794.0,7784794,0.002031486,1,AT4G13390,AT4G13390,AT4G13390,0.0
4,Chr4_15863635.0,15863635,0.002031709,1,AT4G32880,AT4G32880,AT4G32880,0.0
2,Chr2_18279138.0,18279138,0.002031773,0,,,,
2,Chr2_18279142.0,18279142,0.002031773,0,,,,
2,Chr2_18279146.0,18279146,0.002031773,0,,,,
2,Chr2_18279160.0,18279160,0.002031773,0,,,,
2,Chr2_18279219.0,18279219,0.002031773,0,,,,
3,Chr3_18773345.0,18773345,0.002032038,1,AT3G50590,AT3G50590,AT3G50590,0.0
3,Chr3_9795480.0,9795480,0.002032485,1,AT3G26650,AT3G26650,AT3G26650,0.0
3,Chr3_9795489.0,9795489,0.002032485,1,AT3G26650,AT3G26650,AT3G26650,0.0
3,Chr3_9795518.0,9795518,0.002032485,1,AT3G26650,AT3G26650,AT3G26650,0.0
5,Chr5_10897513.0,10897513,0.002032521,1,AT5G28885,AT5G28885,AT5G28885,0.0
1,Chr1_11428871.0,11428871,0.002033448,0,,,,
1,Chr1_23570770.0,23570770,0.002033959,1,AT1G63550,AT1G63550,AT1G63550,0.0
4,Chr4_14913053.0,14913053,0.002034335,0,,,,
5,Chr5_14891617.0,14891617,0.002034998,1,AT5G37500,AT5G37500,AT5G37500,0.0
1,Chr1_11349545.0,11349545,0.002035482,0,,,,
1,Chr1_1145818.0,1145818,0.002035759,1,AT1G04280,AT1G04280,AT1G04280,0.0
5,Chr5_13883992.0,13883992,0.002036172,0,,,,
4,Chr4_1755676.0,1755676,0.002036397,0,,,,
3,Chr3_13951051.0,13951051,0.002036632,0,,,,
2,Chr2_11874452.0,11874452,0.00203684,1,AT2G27880,AT2G27880,AT2G27880,0.0
4,Chr4_9271884.0,9271884,0.002037223,1,AT4G16442,AT4G16442,AT4G16442,0.0
2,Chr2_14852525.0,14852525,0.002037255,0,,,,
5,Chr5_19949423.0,19949423,0.002037765,0,,,,
2,Chr2_15079969.0,15079969,0.002038045,1,AT2G35920,AT2G35920,AT2G35920,0.0
3,Chr3_13579038.0,13579038,0.002038102,0,,,,
1,Chr1_3107712.0,3107712,0.002038201,1,AT1G09590,AT1G09590,AT1G09590,0.0
3,Chr3_6314716.0,6314716,0.002038448,1,AT3G18390,AT3G18390,AT3G18390,0.0
5,Chr5_15130309.0,15130309,0.002039381,0,,,,
3,Chr3_14737130.0,14737130,0.002039791,0,,,,
3,Chr3_14737379.0,14737379,0.002039791,0,,,,
4,Chr4_10903247.0,10903247,0.00204013,0,,,,
5,Chr5_269419.0,269419,0.002040207,1,AT5G01720,AT5G01720,AT5G01720,0.0
1,Chr1_6454971.0,6454971,0.002040479,0,,,,
5,Chr5_9831538.0,9831538,0.002040502,1,AT5G27760,AT5G27760,AT5G27760,0.0
5,Chr5_25483147.0,25483147,0.002040542,1,AT5G63650,AT5G63650,AT5G63650,0.0
5,Chr5_22228760.0,22228760,0.00204116,1,AT5G54710,AT5G54710,AT5G54710,0.0
4,Chr4_11774266.0,11774266,0.002041166,1,AT4G22270,AT4G22270,AT4G22270,0.0
1,Chr1_15077572.0,15077572,0.002041231,0,,,,
1,Chr1_26196733.0,26196733,0.002041349,0,,,,
4,Chr4_15936790.0,15936790,0.002041513,1,AT4G33030,AT4G33030,AT4G33030,0.0
4,Chr4_15938663.0,15938663,0.002041513,0,,,,
4,Chr4_15718142.0,15718142,0.002042032,1,AT4G32570,AT4G32570,AT4G32570,0.0
1,Chr1_4135371.0,4135371,0.002042239,0,,,,
1,Chr1_4135844.0,4135844,0.002042239,0,,,,
1,Chr1_621117.0,621117,0.002042633,1,AT1G02813,AT1G02813,AT1G02813,0.0
5,Chr5_25850001.0,25850001,0.002043091,0,,,,
1,Chr1_2557425.0,2557425,0.002043345,1,AT1G08150,AT1G08150,AT1G08150,0.0
2,Chr2_11870684.0,11870684,0.002043355,0,,,,
5,Chr5_24405978.0,24405978,0.002044088,0,,,,
5,Chr5_582631.0,582631,0.002044287,0,,,,
3,Chr3_18887817.0,18887817,0.002044314,1,AT3G50808,AT3G50808,AT3G50808,0.0
3,Chr3_15574966.0,15574966,0.002044968,0,,,,
5,Chr5_8274004.0,8274004,0.002045883,1,AT5G24310,AT5G24310,AT5G24310,0.0
5,Chr5_8274016.0,8274016,0.002045883,1,AT5G24310,AT5G24310,AT5G24310,0.0
5,Chr5_8274028.0,8274028,0.002045883,1,AT5G24310,AT5G24310,AT5G24310,0.0
5,Chr5_26830744.0,26830744,0.002045955,0,,,,
5,Chr5_26433885.0,26433885,0.002046045,0,,,,
2,Chr2_12880892.0,12880892,0.002046235,1,AT2G30170,AT2G30170,AT2G30170,0.0
2,Chr2_12891377.0,12891377,0.002046235,1,AT2G30220,AT2G30220,AT2G30220,0.0
2,Chr2_12892223.0,12892223,0.002046235,1,AT2G30220,AT2G30220,AT2G30220,0.0
2,Chr2_5132484.0,5132484,0.002046787,0,,,,
2,Chr2_5132816.0,5132816,0.002046787,0,,,,
2,Chr2_5132965.0,5132965,0.002046787,0,,,,
2,Chr2_5133025.0,5133025,0.002046787,0,,,,
2,Chr2_5133618.0,5133618,0.002046787,0,,,,
2,Chr2_5133678.0,5133678,0.002046787,0,,,,
2,Chr2_5045906.0,5045906,0.002046926,0,,,,
2,Chr2_5046790.0,5046790,0.002046926,0,,,,
2,Chr2_5047361.0,5047361,0.002046926,0,,,,
1,Chr1_432466.0,432466,0.002046957,0,,,,
2,Chr2_5830661.0,5830661,0.002047642,0,,,,
2,Chr2_7433773.0,7433773,0.002048093,1,AT2G17080,AT2G17080,AT2G17080,0.0
2,Chr2_18819833.0,18819833,0.002048333,0,,,,
4,Chr4_2066290.0,2066290,0.002048335,0,,,,
4,Chr4_2079454.0,2079454,0.002048335,0,,,,
3,Chr3_15417218.0,15417218,0.002048381,0,,,,
3,Chr3_15417810.0,15417810,0.002048381,0,,,,
3,Chr3_15418288.0,15418288,0.002048381,0,,,,
3,Chr3_15419595.0,15419595,0.002048381,0,,,,
4,Chr4_5722686.0,5722686,0.002048682,0,,,,
4,Chr4_15851427.0,15851427,0.002049059,1,AT4G32850,AT4G32850,AT4G32850,0.0
1,Chr1_28647166.0,28647166,0.002049407,0,,,,
1,Chr1_28655102.0,28655102,0.002049407,0,,,,
1,Chr1_28656270.0,28656270,0.002049407,1,AT1G76390,AT1G76390,AT1G76390,0.0
2,Chr2_7433539.0,7433539,0.002049482,1,AT2G17080,AT2G17080,AT2G17080,0.0
5,Chr5_9882726.0,9882726,0.002049495,0,,,,
5,Chr5_24127987.0,24127987,0.002049513,0,,,,
5,Chr5_24131367.0,24131367,0.002049513,0,,,,
5,Chr5_24131973.0,24131973,0.002049513,0,,,,
5,Chr5_24132258.0,24132258,0.002049513,0,,,,
4,Chr4_14266054.0,14266054,0.002049838,1,AT4G28910,AT4G28910,AT4G28910,0.0
5,Chr5_9413183.0,9413183,0.002050063,0,,,,
5,Chr5_16156081.0,16156081,0.00205007,0,,,,
3,Chr3_5334344.0,5334344,0.002050323,1,AT3G15740,AT3G15740,AT3G15740,0.0
2,Chr2_5132618.0,5132618,0.002050369,0,,,,
2,Chr2_7601248.0,7601248,0.002050511,0,,,,
2,Chr2_7601783.0,7601783,0.002050511,0,,,,
4,Chr4_7213302.0,7213302,0.002051355,0,,,,
5,Chr5_13797866.0,13797866,0.002051906,0,,,,
2,Chr2_10942856.0,10942856,0.002052507,0,,,,
2,Chr2_10942983.0,10942983,0.002052507,0,,,,
5,Chr5_16761985.0,16761985,0.002052564,1,AT5G41880,AT5G41880,AT5G41880,0.0
5,Chr5_16764660.0,16764660,0.002052564,1,AT5G41890,AT5G41890,AT5G41890,0.0
1,Chr1_9980408.0,9980408,0.002052952,1,AT1G28420,AT1G28420,AT1G28420,0.0
1,Chr1_9985443.0,9985443,0.002052952,1,AT1G28420,AT1G28420,AT1G28420,0.0
1,Chr1_9988631.0,9988631,0.002052952,0,,,,
1,Chr1_9988632.0,9988632,0.002052952,0,,,,
4,Chr4_17863821.0,17863821,0.002054012,1,AT4G38030,AT4G38030,AT4G38030,0.0
3,Chr3_14864024.0,14864024,0.00205405,0,,,,
4,Chr4_9441626.0,9441626,0.002054818,0,,,,
5,Chr5_10685774.0,10685774,0.002054956,0,,,,
2,Chr2_7595042.0,7595042,0.002055136,0,,,,
5,Chr5_492984.0,492984,0.00205583,1,AT5G02340,AT5G02340,AT5G02340,0.0
1,Chr1_16087231.0,16087231,0.002055983,0,,,,
4,Chr4_10042140.0,10042140,0.002056255,2,AT4G18120;AT4G18130,AT4G18120,AT4G18120,0.0
4,Chr4_15754888.0,15754888,0.002056321,0,,,,
5,Chr5_8241548.0,8241548,0.002057217,1,AT5G24270,AT5G24270,AT5G24270,0.0
5,Chr5_2612016.0,2612016,0.002057688,0,,,,
2,Chr2_12797039.0,12797039,0.00205832,1,AT2G29995,AT2G29995,AT2G29995,0.0
2,Chr2_6376156.0,6376156,0.002058853,0,,,,
4,Chr4_8459215.0,8459215,0.002059132,0,,,,
1,Chr1_13839674.0,13839674,0.002059157,0,,,,
5,Chr5_14679480.0,14679480,0.002059239,0,,,,
5,Chr5_14680257.0,14680257,0.002059239,0,,,,
5,Chr5_21718014.0,21718014,0.002059512,0,,,,
5,Chr5_21718059.0,21718059,0.002059512,0,,,,
5,Chr5_1160772.0,1160772,0.002059517,1,AT5G04230,AT5G04230,AT5G04230,0.0
1,Chr1_16954431.0,16954431,0.002060989,0,,,,
1,Chr1_16954447.0,16954447,0.002060989,0,,,,
2,Chr2_11760923.0,11760923,0.00206138,0,,,,
3,Chr3_14750962.0,14750962,0.002061573,0,,,,
3,Chr3_15611342.0,15611342,0.00206195,0,,,,
3,Chr3_15611499.0,15611499,0.00206195,0,,,,
1,Chr1_494700.0,494700,0.002061965,1,AT1G02420,AT1G02420,AT1G02420,0.0
5,Chr5_7523522.0,7523522,0.0020625,0,,,,
4,Chr4_14911647.0,14911647,0.002063329,0,,,,
4,Chr4_14912347.0,14912347,0.002063329,0,,,,
5,Chr5_18955705.0,18955705,0.002063645,0,,,,
2,Chr2_6695286.0,6695286,0.002063795,0,,,,
4,Chr4_3723761.0,3723761,0.002063807,0,,,,
2,Chr2_13644427.0,13644427,0.00206397,1,AT2G32090,AT2G32090,AT2G32090,0.0
4,Chr4_5953029.0,5953029,0.00206461,0,,,,
1,Chr1_16462696.0,16462696,0.002064694,0,,,,
1,Chr1_22515203.0,22515203,0.002064775,0,,,,
1,Chr1_22515207.0,22515207,0.002064775,0,,,,
1,Chr1_22515253.0,22515253,0.002064775,0,,,,
3,Chr3_15583212.0,15583212,0.002065019,0,,,,
4,Chr4_17674657.0,17674657,0.002065851,0,,,,
1,Chr1_18868180.0,18868180,0.002067225,1,AT1G50910,AT1G50910,AT1G50910,0.0
4,Chr4_4053510.0,4053510,0.00206752,0,,,,
5,Chr5_25745651.0,25745651,0.002067801,1,AT5G64390,AT5G64390,AT5G64390,0.0
5,Chr5_25748578.0,25748578,0.002067801,0,,,,
1,Chr1_9373070.0,9373070,0.002067863,0,,,,
1,Chr1_9373089.0,9373089,0.002067863,0,,,,
5,Chr5_7549654.0,7549654,0.002067991,1,AT5G22720,AT5G22720,AT5G22720,0.0
5,Chr5_7549659.0,7549659,0.002067991,1,AT5G22720,AT5G22720,AT5G22720,0.0
4,Chr4_10764683.0,10764683,0.002068044,1,AT4G19810,AT4G19810,AT4G19810,0.0
4,Chr4_10764687.0,10764687,0.002068044,1,AT4G19810,AT4G19810,AT4G19810,0.0
4,Chr4_10764715.0,10764715,0.002068044,1,AT4G19810,AT4G19810,AT4G19810,0.0
3,Chr3_14069891.0,14069891,0.002068118,0,,,,
4,Chr4_7175147.0,7175147,0.002068264,1,AT4G11960,AT4G11960,AT4G11960,0.0
1,Chr1_185264.0,185264,0.002068267,1,AT1G01500,AT1G01500,AT1G01500,0.0
4,Chr4_15822362.0,15822362,0.002069117,0,,,,
1,Chr1_27178195.0,27178195,0.002069134,0,,,,
1,Chr1_27178208.0,27178208,0.002069134,0,,,,
1,Chr1_27178242.0,27178242,0.002069134,0,,,,
1,Chr1_27178244.0,27178244,0.002069134,0,,,,
3,Chr3_14235647.0,14235647,0.002069626,0,,,,
2,Chr2_649591.0,649591,0.002069747,1,AT2G02450,AT2G02450,AT2G02450,0.0
2,Chr2_9197192.0,9197192,0.002069921,0,,,,
4,Chr4_2336848.0,2336848,0.002070341,0,,,,
1,Chr1_17664079.0,17664079,0.002070939,0,,,,
1,Chr1_17664088.0,17664088,0.002070939,0,,,,
3,Chr3_11101239.0,11101239,0.002071221,0,,,,
2,Chr2_11019912.0,11019912,0.00207125,1,AT2G25830,AT2G25830,AT2G25830,0.0
1,Chr1_4721252.0,4721252,0.00207135,1,AT1G13760,AT1G13760,AT1G13760,0.0
5,Chr5_21980076.0,21980076,0.002071357,0,,,,
3,Chr3_14067132.0,14067132,0.002072185,0,,,,
1,Chr1_1245000.0,1245000,0.002072196,1,AT1G04560,AT1G04560,AT1G04560,0.0
1,Chr1_1245016.0,1245016,0.002072196,1,AT1G04560,AT1G04560,AT1G04560,0.0
1,Chr1_1245064.0,1245064,0.002072196,1,AT1G04560,AT1G04560,AT1G04560,0.0
1,Chr1_20095817.0,20095817,0.002072532,0,,,,
5,Chr5_10601438.0,10601438,0.002073207,0,,,,
1,Chr1_20177407.0,20177407,0.002073255,0,,,,
3,Chr3_15632192.0,15632192,0.002073455,0,,,,
5,Chr5_14811354.0,14811354,0.002074374,0,,,,
5,Chr5_9149135.0,9149135,0.002074464,0,,,,
5,Chr5_9149136.0,9149136,0.002074464,0,,,,
4,Chr4_4055246.0,4055246,0.00207505,0,,,,
1,Chr1_55567.0,55567,0.002075127,0,,,,
1,Chr1_58562.0,58562,0.002075127,1,AT1G01120,AT1G01120,AT1G01120,0.0
3,Chr3_18105982.0,18105982,0.002075128,1,AT3G48830,AT3G48830,AT3G48830,0.0
3,Chr3_21135012.0,21135012,0.002075434,1,AT3G57110,AT3G57110,AT3G57110,0.0
3,Chr3_21135123.0,21135123,0.002075434,1,AT3G57110,AT3G57110,AT3G57110,0.0
4,Chr4_38379.0,38379,0.002075599,0,,,,
4,Chr4_945242.0,945242,0.002076166,1,AT4G02130,AT4G02130,AT4G02130,0.0
4,Chr4_945269.0,945269,0.002076166,1,AT4G02130,AT4G02130,AT4G02130,0.0
3,Chr3_5619081.0,5619081,0.002077346,1,AT3G16520,AT3G16520,AT3G16520,0.0
4,Chr4_7379750.0,7379750,0.002077419,1,AT4G12440,AT4G12440,AT4G12440,0.0
4,Chr4_7379769.0,7379769,0.002077419,1,AT4G12440,AT4G12440,AT4G12440,0.0
4,Chr4_11008581.0,11008581,0.002077493,0,,,,
1,Chr1_9094927.0,9094927,0.002077782,0,,,,
5,Chr5_170563.0,170563,0.002077934,1,AT5G01400,AT5G01400,AT5G01400,0.0
4,Chr4_11765723.0,11765723,0.002078307,0,,,,
4,Chr4_11765725.0,11765725,0.002078307,0,,,,
2,Chr2_6099966.0,6099966,0.002078677,0,,,,
4,Chr4_15180383.0,15180383,0.002079176,2,AT4G31248;AT4G31250,AT4G31248,AT4G31248,0.0
5,Chr5_493144.0,493144,0.002079374,1,AT5G02340,AT5G02340,AT5G02340,0.0
1,Chr1_24651435.0,24651435,0.002079484,0,,,,
5,Chr5_9433906.0,9433906,0.002079875,1,AT5G26820,AT5G26820,AT5G26820,0.0
5,Chr5_9434225.0,9434225,0.002079875,1,AT5G26820,AT5G26820,AT5G26820,0.0
5,Chr5_9434260.0,9434260,0.002079875,1,AT5G26820,AT5G26820,AT5G26820,0.0
5,Chr5_9434351.0,9434351,0.002079875,1,AT5G26820,AT5G26820,AT5G26820,0.0
5,Chr5_9434358.0,9434358,0.002079875,1,AT5G26820,AT5G26820,AT5G26820,0.0
5,Chr5_9434369.0,9434369,0.002079875,1,AT5G26820,AT5G26820,AT5G26820,0.0
5,Chr5_9434382.0,9434382,0.002079875,1,AT5G26820,AT5G26820,AT5G26820,0.0
5,Chr5_9434403.0,9434403,0.002079875,1,AT5G26820,AT5G26820,AT5G26820,0.0
5,Chr5_9434431.0,9434431,0.002079875,1,AT5G26820,AT5G26820,AT5G26820,0.0
5,Chr5_9434546.0,9434546,0.002079875,1,AT5G26820,AT5G26820,AT5G26820,0.0
5,Chr5_9434549.0,9434549,0.002079875,1,AT5G26820,AT5G26820,AT5G26820,0.0
5,Chr5_9434550.0,9434550,0.002079875,1,AT5G26820,AT5G26820,AT5G26820,0.0
5,Chr5_9434552.0,9434552,0.002079875,1,AT5G26820,AT5G26820,AT5G26820,0.0
5,Chr5_9435181.0,9435181,0.002079875,1,AT5G26820,AT5G26820,AT5G26820,0.0
5,Chr5_9435273.0,9435273,0.002079875,1,AT5G26820,AT5G26820,AT5G26820,0.0
5,Chr5_9436249.0,9436249,0.002079875,1,AT5G26820,AT5G26820,AT5G26820,0.0
5,Chr5_9436252.0,9436252,0.002079875,1,AT5G26820,AT5G26820,AT5G26820,0.0
5,Chr5_9436253.0,9436253,0.002079875,1,AT5G26820,AT5G26820,AT5G26820,0.0
5,Chr5_9436270.0,9436270,0.002079875,1,AT5G26820,AT5G26820,AT5G26820,0.0
5,Chr5_9436282.0,9436282,0.002079875,1,AT5G26820,AT5G26820,AT5G26820,0.0
5,Chr5_9441576.0,9441576,0.002079875,1,AT5G26830,AT5G26830,AT5G26830,0.0
5,Chr5_9445668.0,9445668,0.002079875,1,AT5G26850,AT5G26850,AT5G26850,0.0
5,Chr5_9445705.0,9445705,0.002079875,1,AT5G26850,AT5G26850,AT5G26850,0.0
5,Chr5_9446405.0,9446405,0.002079875,1,AT5G26850,AT5G26850,AT5G26850,0.0
5,Chr5_9446570.0,9446570,0.002079875,1,AT5G26850,AT5G26850,AT5G26850,0.0
5,Chr5_9446591.0,9446591,0.002079875,1,AT5G26850,AT5G26850,AT5G26850,0.0
5,Chr5_9446749.0,9446749,0.002079875,1,AT5G26850,AT5G26850,AT5G26850,0.0
5,Chr5_9446769.0,9446769,0.002079875,1,AT5G26850,AT5G26850,AT5G26850,0.0
5,Chr5_9446801.0,9446801,0.002079875,1,AT5G26850,AT5G26850,AT5G26850,0.0
5,Chr5_9446818.0,9446818,0.002079875,1,AT5G26850,AT5G26850,AT5G26850,0.0
5,Chr5_9446826.0,9446826,0.002079875,1,AT5G26850,AT5G26850,AT5G26850,0.0
5,Chr5_9446850.0,9446850,0.002079875,1,AT5G26850,AT5G26850,AT5G26850,0.0
5,Chr5_9446871.0,9446871,0.002079875,1,AT5G26850,AT5G26850,AT5G26850,0.0
5,Chr5_9446888.0,9446888,0.002079875,1,AT5G26850,AT5G26850,AT5G26850,0.0
5,Chr5_9447123.0,9447123,0.002079875,1,AT5G26850,AT5G26850,AT5G26850,0.0
5,Chr5_9447415.0,9447415,0.002079875,1,AT5G26850,AT5G26850,AT5G26850,0.0
5,Chr5_9447471.0,9447471,0.002079875,1,AT5G26850,AT5G26850,AT5G26850,0.0
5,Chr5_9447692.0,9447692,0.002079875,1,AT5G26850,AT5G26850,AT5G26850,0.0
5,Chr5_9447698.0,9447698,0.002079875,1,AT5G26850,AT5G26850,AT5G26850,0.0
5,Chr5_9447713.0,9447713,0.002079875,1,AT5G26850,AT5G26850,AT5G26850,0.0
5,Chr5_9447736.0,9447736,0.002079875,1,AT5G26850,AT5G26850,AT5G26850,0.0
5,Chr5_9448044.0,9448044,0.002079875,1,AT5G26850,AT5G26850,AT5G26850,0.0
3,Chr3_7669868.0,7669868,0.002079956,0,,,,
3,Chr3_16140524.0,16140524,0.002080331,1,AT3G44550,AT3G44550,AT3G44550,0.0
3,Chr3_16140539.0,16140539,0.002080331,1,AT3G44550,AT3G44550,AT3G44550,0.0
5,Chr5_6691012.0,6691012,0.002080387,0,,,,
5,Chr5_18674058.0,18674058,0.002080691,0,,,,
1,Chr1_6404165.0,6404165,0.002081181,0,,,,
2,Chr2_8797276.0,8797276,0.00208141,1,AT2G20390,AT2G20390,AT2G20390,0.0
5,Chr5_6062861.0,6062861,0.002082088,1,AT5G18310,AT5G18310,AT5G18310,0.0
4,Chr4_1339980.0,1339980,0.002082725,0,,,,
3,Chr3_4555464.0,4555464,0.002082852,1,AT3G13840,AT3G13840,AT3G13840,0.0
3,Chr3_15300348.0,15300348,0.002082873,0,,,,
2,Chr2_421179.0,421179,0.002082882,0,,,,
1,Chr1_4343138.0,4343138,0.002083112,1,AT1G12740,AT1G12740,AT1G12740,0.0
1,Chr1_4343163.0,4343163,0.002083112,1,AT1G12740,AT1G12740,AT1G12740,0.0
5,Chr5_16944770.0,16944770,0.00208445,0,,,,
1,Chr1_23562195.0,23562195,0.002084737,0,,,,
4,Chr4_2785711.0,2785711,0.002085031,0,,,,
1,Chr1_26282265.0,26282265,0.002085436,0,,,,
1,Chr1_9625924.0,9625924,0.002085678,1,AT1G27660,AT1G27660,AT1G27660,0.0
1,Chr1_4569490.0,4569490,0.002085931,2,AT1G13330;AT1G13340,AT1G13330,AT1G13330,0.0
5,Chr5_7536184.0,7536184,0.002086632,1,AT5G22650,AT5G22650,AT5G22650,0.0
1,Chr1_6402485.0,6402485,0.002086737,1,AT1G18600,AT1G18600,AT1G18600,0.0
1,Chr1_18172279.0,18172279,0.002087582,1,AT1G49110,AT1G49110,AT1G49110,0.0
5,Chr5_18954650.0,18954650,0.002087776,1,AT5G46710,AT5G46710,AT5G46710,0.0
1,Chr1_12021458.0,12021458,0.002088428,0,,,,
3,Chr3_3205277.0,3205277,0.00208884,1,AT3G10340,AT3G10340,AT3G10340,0.0
5,Chr5_18974632.0,18974632,0.002089125,1,AT5G46760,AT5G46760,AT5G46760,0.0
1,Chr1_16155352.0,16155352,0.002089546,0,,,,
2,Chr2_98345.0,98345,0.002090807,0,,,,
5,Chr5_10213035.0,10213035,0.002090843,1,AT5G28237,AT5G28237,AT5G28237,0.0
2,Chr2_9120195.0,9120195,0.002091195,0,,,,
3,Chr3_12998406.0,12998406,0.002091388,0,,,,
3,Chr3_12998934.0,12998934,0.002091388,0,,,,
1,Chr1_1011155.0,1011155,0.002091879,0,,,,
1,Chr1_1011278.0,1011278,0.002091879,1,AT1G03950,AT1G03950,AT1G03950,0.0
1,Chr1_1014460.0,1014460,0.002091879,1,AT1G03960,AT1G03960,AT1G03960,0.0
1,Chr1_1015364.0,1015364,0.002091879,1,AT1G03960,AT1G03960,AT1G03960,0.0
1,Chr1_1017493.0,1017493,0.002091879,1,AT1G03960,AT1G03960,AT1G03960,0.0
1,Chr1_1021438.0,1021438,0.002091879,1,AT1G03980,AT1G03980,AT1G03980,0.0
1,Chr1_13366101.0,13366101,0.002091975,0,,,,
1,Chr1_3131388.0,3131388,0.002092094,0,,,,
1,Chr1_3131391.0,3131391,0.002092094,0,,,,
2,Chr2_13391037.0,13391037,0.002092269,0,,,,
2,Chr2_13573536.0,13573536,0.002092298,1,AT2G31910,AT2G31910,AT2G31910,0.0
2,Chr2_13573547.0,13573547,0.002092298,1,AT2G31910,AT2G31910,AT2G31910,0.0
2,Chr2_13574444.0,13574444,0.002092298,1,AT2G31920,AT2G31920,AT2G31920,0.0
1,Chr1_5498383.0,5498383,0.002092385,1,AT1G16020,AT1G16020,AT1G16020,0.0
1,Chr1_5498604.0,5498604,0.002092385,1,AT1G16020,AT1G16020,AT1G16020,0.0
1,Chr1_5499984.0,5499984,0.002092385,1,AT1G16020,AT1G16020,AT1G16020,0.0
4,Chr4_1596525.0,1596525,0.002092579,0,,,,
2,Chr2_920979.0,920979,0.002092631,0,,,,
4,Chr4_13115157.0,13115157,0.002092813,0,,,,
1,Chr1_11429287.0,11429287,0.002093081,0,,,,
1,Chr1_13021406.0,13021406,0.002093824,0,,,,
3,Chr3_14752851.0,14752851,0.002093973,1,AT3G42660,AT3G42660,AT3G42660,0.0
3,Chr3_14752859.0,14752859,0.002093973,1,AT3G42660,AT3G42660,AT3G42660,0.0
1,Chr1_18941432.0,18941432,0.002094904,1,AT1G51130,AT1G51130,AT1G51130,0.0
1,Chr1_18941490.0,18941490,0.002094904,1,AT1G51130,AT1G51130,AT1G51130,0.0
1,Chr1_18941524.0,18941524,0.002094904,1,AT1G51130,AT1G51130,AT1G51130,0.0
5,Chr5_25504843.0,25504843,0.002094975,1,AT5G63715,AT5G63715,AT5G63715,0.0
3,Chr3_14012338.0,14012338,0.002095076,0,,,,
5,Chr5_4168665.0,4168665,0.002095679,1,AT5G13130,AT5G13130,AT5G13130,0.0
3,Chr3_2923510.0,2923510,0.002095688,0,,,,
4,Chr4_9511732.0,9511732,0.002095772,0,,,,
5,Chr5_24580710.0,24580710,0.002095869,0,,,,
2,Chr2_3685198.0,3685198,0.002095906,0,,,,
4,Chr4_1594269.0,1594269,0.00209627,0,,,,
4,Chr4_1595993.0,1595993,0.00209627,0,,,,
4,Chr4_2670448.0,2670448,0.002096634,0,,,,
4,Chr4_6934227.0,6934227,0.002096775,0,,,,
2,Chr2_5859844.0,5859844,0.00209724,1,AT2G13960,AT2G13960,AT2G13960,0.0
2,Chr2_5859854.0,5859854,0.00209724,1,AT2G13960,AT2G13960,AT2G13960,0.0
5,Chr5_22332935.0,22332935,0.002097281,0,,,,
2,Chr2_9387384.0,9387384,0.002097914,1,AT2G22080,AT2G22080,AT2G22080,0.0
5,Chr5_26870017.0,26870017,0.002097999,0,,,,
4,Chr4_9031324.0,9031324,0.002099167,1,AT4G15920,AT4G15920,AT4G15920,0.0
5,Chr5_17460589.0,17460589,0.002099922,1,AT5G43460,AT5G43460,AT5G43460,0.0
1,Chr1_18887474.0,18887474,0.00210047,0,,,,
2,Chr2_3645912.0,3645912,0.002100483,0,,,,
2,Chr2_3646079.0,3646079,0.002100483,0,,,,
3,Chr3_16568320.0,16568320,0.002100552,0,,,,
1,Chr1_12894996.0,12894996,0.002100837,0,,,,
5,Chr5_7525982.0,7525982,0.002101267,1,AT5G22630,AT5G22630,AT5G22630,0.0
5,Chr5_11452092.0,11452092,0.002101637,0,,,,
4,Chr4_8723366.0,8723366,0.00210313,1,AT4G15290,AT4G15290,AT4G15290,0.0
5,Chr5_13972175.0,13972175,0.00210345,0,,,,
2,Chr2_14934863.0,14934863,0.0021035,1,AT2G35580,AT2G35580,AT2G35580,0.0
4,Chr4_1593160.0,1593160,0.00210396,1,AT4G03570,AT4G03570,AT4G03570,0.0
4,Chr4_1593708.0,1593708,0.00210396,1,AT4G03570,AT4G03570,AT4G03570,0.0
4,Chr4_1594206.0,1594206,0.00210396,0,,,,
1,Chr1_7068465.0,7068465,0.002104099,0,,,,
1,Chr1_26002616.0,26002616,0.002104583,0,,,,
1,Chr1_26002619.0,26002619,0.002104583,0,,,,
1,Chr1_26002620.0,26002620,0.002104583,0,,,,
4,Chr4_9979174.0,9979174,0.002104989,1,AT4G17980,AT4G17980,AT4G17980,0.0
4,Chr4_9982391.0,9982391,0.002104989,0,,,,
4,Chr4_9982558.0,9982558,0.002104989,0,,,,
4,Chr4_9985598.0,9985598,0.002104989,1,AT4G17990,AT4G17990,AT4G17990,0.0
4,Chr4_9990502.0,9990502,0.002104989,0,,,,
5,Chr5_11180907.0,11180907,0.002105643,0,,,,
1,Chr1_5639905.0,5639905,0.002105946,1,AT1G16500,AT1G16500,AT1G16500,0.0
5,Chr5_26742459.0,26742459,0.002106016,1,AT5G66980,AT5G66980,AT5G66980,0.0
5,Chr5_9054449.0,9054449,0.002106545,1,AT5G25940,AT5G25940,AT5G25940,0.0
5,Chr5_9054451.0,9054451,0.002106545,1,AT5G25940,AT5G25940,AT5G25940,0.0
4,Chr4_17818966.0,17818966,0.002106886,0,,,,
5,Chr5_5587558.0,5587558,0.002107445,1,AT5G17010,AT5G17010,AT5G17010,0.0
5,Chr5_5587561.0,5587561,0.002107445,1,AT5G17010,AT5G17010,AT5G17010,0.0
5,Chr5_5587585.0,5587585,0.002107445,1,AT5G17010,AT5G17010,AT5G17010,0.0
2,Chr2_10317796.0,10317796,0.002107842,0,,,,
5,Chr5_9048757.0,9048757,0.002107862,0,,,,
4,Chr4_1990105.0,1990105,0.002108153,0,,,,
2,Chr2_4768995.0,4768995,0.002108257,0,,,,
5,Chr5_13396397.0,13396397,0.002108343,0,,,,
4,Chr4_8714505.0,8714505,0.00210932,1,AT4G15260,AT4G15260,AT4G15260,0.0
2,Chr2_15102717.0,15102717,0.002109647,0,,,,
4,Chr4_5408184.0,5408184,0.002110272,0,,,,
2,Chr2_16868665.0,16868665,0.002110736,1,AT2G40390,AT2G40390,AT2G40390,0.0
2,Chr2_16874456.0,16874456,0.002110736,1,AT2G40410,AT2G40410,AT2G40410,0.0
2,Chr2_16877901.0,16877901,0.002110736,1,AT2G40420,AT2G40420,AT2G40420,0.0
2,Chr2_16893679.0,16893679,0.002110736,0,,,,
2,Chr2_16903762.0,16903762,0.002110736,0,,,,
4,Chr4_2785384.0,2785384,0.002111996,0,,,,
2,Chr2_785243.0,785243,0.002112231,0,,,,
5,Chr5_11594255.0,11594255,0.002112568,0,,,,
1,Chr1_28515607.0,28515607,0.002113386,0,,,,
5,Chr5_13176535.0,13176535,0.002113456,0,,,,
5,Chr5_13371545.0,13371545,0.002113498,0,,,,
5,Chr5_18722829.0,18722829,0.00211367,0,,,,
1,Chr1_23726760.0,23726760,0.002113752,0,,,,
3,Chr3_5485348.0,5485348,0.002113818,0,,,,
4,Chr4_544374.0,544374,0.002114235,1,AT4G01310,AT4G01310,AT4G01310,0.0
4,Chr4_544410.0,544410,0.002114235,1,AT4G01310,AT4G01310,AT4G01310,0.0
2,Chr2_15102012.0,15102012,0.002114425,0,,,,
4,Chr4_15428792.0,15428792,0.002114804,1,AT4G31890,AT4G31890,AT4G31890,0.0
1,Chr1_12481501.0,12481501,0.002114936,0,,,,
2,Chr2_13007029.0,13007029,0.002115315,0,,,,
1,Chr1_6083241.0,6083241,0.002115993,1,AT1G17690,AT1G17690,AT1G17690,0.0
5,Chr5_5822613.0,5822613,0.002116019,1,AT5G17670,AT5G17670,AT5G17670,0.0
5,Chr5_15461525.0,15461525,0.002116473,0,,,,
5,Chr5_5191966.0,5191966,0.00211651,1,AT5G15900,AT5G15900,AT5G15900,0.0
5,Chr5_5192001.0,5192001,0.00211651,1,AT5G15900,AT5G15900,AT5G15900,0.0
5,Chr5_5192005.0,5192005,0.00211651,1,AT5G15900,AT5G15900,AT5G15900,0.0
2,Chr2_19152980.0,19152980,0.002116532,0,,,,
2,Chr2_11761481.0,11761481,0.002117257,0,,,,
1,Chr1_12480625.0,12480625,0.002117886,0,,,,
1,Chr1_14205564.0,14205564,0.002118674,0,,,,
1,Chr1_17817165.0,17817165,0.002118796,1,AT1G48260,AT1G48260,AT1G48260,0.0
3,Chr3_18884378.0,18884378,0.002118841,0,,,,
2,Chr2_4710766.0,4710766,0.00211931,0,,,,
5,Chr5_1237105.0,1237105,0.002119676,0,,,,
5,Chr5_1237127.0,1237127,0.002119676,0,,,,
5,Chr5_1237137.0,1237137,0.002119676,0,,,,
5,Chr5_5591970.0,5591970,0.002120128,1,AT5G17010,AT5G17010,AT5G17010,0.0
5,Chr5_5591975.0,5591975,0.002120128,1,AT5G17010,AT5G17010,AT5G17010,0.0
5,Chr5_5593734.0,5593734,0.002120128,0,,,,
5,Chr5_5593795.0,5593795,0.002120128,0,,,,
3,Chr3_10841681.0,10841681,0.002120893,0,,,,
4,Chr4_8116734.0,8116734,0.00212092,1,AT4G14070,AT4G14070,AT4G14070,0.0
4,Chr4_8118346.0,8118346,0.00212092,0,,,,
4,Chr4_8118390.0,8118390,0.00212092,0,,,,
4,Chr4_8118624.0,8118624,0.00212092,1,AT4G14080,AT4G14080,AT4G14080,0.0
5,Chr5_26334058.0,26334058,0.002122678,0,,,,
5,Chr5_26334106.0,26334106,0.002122678,0,,,,
5,Chr5_26334109.0,26334109,0.002122678,0,,,,
5,Chr5_26334126.0,26334126,0.002122678,0,,,,
5,Chr5_26334127.0,26334127,0.002122678,0,,,,
5,Chr5_26334134.0,26334134,0.002122678,0,,,,
5,Chr5_26334181.0,26334181,0.002122678,0,,,,
5,Chr5_26334184.0,26334184,0.002122678,0,,,,
5,Chr5_26334252.0,26334252,0.002122678,0,,,,
5,Chr5_26334254.0,26334254,0.002122678,0,,,,
5,Chr5_26334261.0,26334261,0.002122678,0,,,,
2,Chr2_9103297.0,9103297,0.002122835,1,AT2G21250,AT2G21250,AT2G21250,0.0
3,Chr3_12998622.0,12998622,0.002122847,0,,,,
5,Chr5_22232381.0,22232381,0.002122898,1,AT5G54720,AT5G54720,AT5G54720,0.0
1,Chr1_2030333.0,2030333,0.002123112,1,AT1G06630,AT1G06630,AT1G06630,0.0
4,Chr4_3427828.0,3427828,0.002123121,0,,,,
5,Chr5_11172833.0,11172833,0.002123337,0,,,,
5,Chr5_14257088.0,14257088,0.002123444,0,,,,
5,Chr5_14263291.0,14263291,0.002123444,0,,,,
2,Chr2_9142275.0,9142275,0.002124235,1,AT2G21380,AT2G21380,AT2G21380,0.0
2,Chr2_9152389.0,9152389,0.002124235,1,AT2G21390,AT2G21390,AT2G21390,0.0
2,Chr2_4318067.0,4318067,0.002124297,0,,,,
5,Chr5_18099696.0,18099696,0.002124526,0,,,,
1,Chr1_2212989.0,2212989,0.002124649,0,,,,
5,Chr5_11519343.0,11519343,0.002125023,0,,,,
2,Chr2_7382294.0,7382294,0.002125143,0,,,,
3,Chr3_21436446.0,21436446,0.002125512,0,,,,
1,Chr1_19366184.0,19366184,0.002126604,1,AT1G52070,AT1G52070,AT1G52070,0.0
1,Chr1_16363358.0,16363358,0.002126688,0,,,,
1,Chr1_16209317.0,16209317,0.002126746,0,,,,
2,Chr2_9139448.0,9139448,0.002127007,1,AT2G21370,AT2G21370,AT2G21370,0.0
2,Chr2_9141760.0,9141760,0.002127007,1,AT2G21380,AT2G21380,AT2G21380,0.0
4,Chr4_15539168.0,15539168,0.002127467,1,AT4G32180,AT4G32180,AT4G32180,0.0
3,Chr3_15662479.0,15662479,0.002127697,0,,,,
2,Chr2_10937134.0,10937134,0.002127758,0,,,,
5,Chr5_16374195.0,16374195,0.002127896,0,,,,
1,Chr1_4914165.0,4914165,0.002127961,0,,,,
1,Chr1_4914169.0,4914169,0.002127961,0,,,,
3,Chr3_18857532.0,18857532,0.002127984,0,,,,
4,Chr4_4949830.0,4949830,0.002128488,0,,,,
4,Chr4_4951261.0,4951261,0.002128488,0,,,,
4,Chr4_4953239.0,4953239,0.002128488,0,,,,
4,Chr4_4954562.0,4954562,0.002128488,0,,,,
4,Chr4_4955054.0,4955054,0.002128488,0,,,,
4,Chr4_13903234.0,13903234,0.002128687,0,,,,
5,Chr5_26708062.0,26708062,0.002128721,1,AT5G66870,AT5G66870,AT5G66870,0.0
2,Chr2_3828829.0,3828829,0.002128813,0,,,,
2,Chr2_4772084.0,4772084,0.00212911,0,,,,
2,Chr2_4772978.0,4772978,0.00212911,0,,,,
2,Chr2_4775082.0,4775082,0.00212911,0,,,,
2,Chr2_4775552.0,4775552,0.00212911,0,,,,
2,Chr2_4775729.0,4775729,0.00212911,0,,,,
2,Chr2_4777579.0,4777579,0.00212911,0,,,,
2,Chr2_4777932.0,4777932,0.00212911,0,,,,
2,Chr2_4778169.0,4778169,0.00212911,0,,,,
2,Chr2_4786655.0,4786655,0.00212911,1,AT2G11851,AT2G11851,AT2G11851,0.0
2,Chr2_4788779.0,4788779,0.00212911,1,AT2G11851,AT2G11851,AT2G11851,0.0
2,Chr2_4789042.0,4789042,0.00212911,1,AT2G11851,AT2G11851,AT2G11851,0.0
2,Chr2_16388692.0,16388692,0.002129344,0,,,,
2,Chr2_16388727.0,16388727,0.002129344,0,,,,
3,Chr3_12735852.0,12735852,0.002129848,0,,,,
3,Chr3_12735856.0,12735856,0.002129848,0,,,,
3,Chr3_12735874.0,12735874,0.002129848,0,,,,
5,Chr5_493002.0,493002,0.002130003,1,AT5G02340,AT5G02340,AT5G02340,0.0
2,Chr2_5484802.0,5484802,0.002130658,0,,,,
3,Chr3_13132927.0,13132927,0.002130683,0,,,,
3,Chr3_16624013.0,16624013,0.002130869,1,AT3G45300,AT3G45300,AT3G45300,0.0
3,Chr3_16624043.0,16624043,0.002130869,1,AT3G45300,AT3G45300,AT3G45300,0.0
3,Chr3_16624062.0,16624062,0.002130869,1,AT3G45300,AT3G45300,AT3G45300,0.0
3,Chr3_16624071.0,16624071,0.002130869,1,AT3G45300,AT3G45300,AT3G45300,0.0
3,Chr3_16624072.0,16624072,0.002130869,1,AT3G45300,AT3G45300,AT3G45300,0.0
3,Chr3_16624075.0,16624075,0.002130869,1,AT3G45300,AT3G45300,AT3G45300,0.0
3,Chr3_16624078.0,16624078,0.002130869,1,AT3G45300,AT3G45300,AT3G45300,0.0
3,Chr3_16624083.0,16624083,0.002130869,1,AT3G45300,AT3G45300,AT3G45300,0.0
3,Chr3_16624084.0,16624084,0.002130869,1,AT3G45300,AT3G45300,AT3G45300,0.0
3,Chr3_16624086.0,16624086,0.002130869,1,AT3G45300,AT3G45300,AT3G45300,0.0
3,Chr3_16624909.0,16624909,0.002130869,1,AT3G45300,AT3G45300,AT3G45300,0.0
3,Chr3_16624923.0,16624923,0.002130869,1,AT3G45300,AT3G45300,AT3G45300,0.0
3,Chr3_16624957.0,16624957,0.002130869,1,AT3G45300,AT3G45300,AT3G45300,0.0
3,Chr3_16625015.0,16625015,0.002130869,1,AT3G45300,AT3G45300,AT3G45300,0.0
3,Chr3_16625208.0,16625208,0.002130869,0,,,,
5,Chr5_14739353.0,14739353,0.002131405,0,,,,
5,Chr5_14739713.0,14739713,0.002131405,0,,,,
1,Chr1_4814362.0,4814362,0.002131529,1,AT1G14040,AT1G14040,AT1G14040,0.0
5,Chr5_8102842.0,8102842,0.002132576,0,,,,
1,Chr1_3468236.0,3468236,0.002133094,1,AT1G10520,AT1G10520,AT1G10520,0.0
1,Chr1_10006166.0,10006166,0.002133563,0,,,,
1,Chr1_10006336.0,10006336,0.002133563,1,AT1G28460,AT1G28460,AT1G28460,0.0
1,Chr1_2072780.0,2072780,0.00213396,0,,,,
5,Chr5_13975620.0,13975620,0.002134278,0,,,,
3,Chr3_4229299.0,4229299,0.002134498,1,AT3G13150,AT3G13150,AT3G13150,0.0
2,Chr2_11279410.0,11279410,0.002134835,0,,,,
1,Chr1_11533586.0,11533586,0.002134871,1,AT1G32060,AT1G32060,AT1G32060,0.0
4,Chr4_14828165.0,14828165,0.002135134,0,,,,
2,Chr2_19155194.0,19155194,0.002135637,1,AT2G46660,AT2G46660,AT2G46660,0.0
4,Chr4_8140199.0,8140199,0.002135878,0,,,,
2,Chr2_625424.0,625424,0.002135997,0,,,,
5,Chr5_8007848.0,8007848,0.002136963,0,,,,
5,Chr5_7527217.0,7527217,0.002137441,0,,,,
4,Chr4_2321771.0,2321771,0.002137939,0,,,,
2,Chr2_703711.0,703711,0.002138483,1,AT2G02580,AT2G02580,AT2G02580,0.0
2,Chr2_703714.0,703714,0.002138483,1,AT2G02580,AT2G02580,AT2G02580,0.0
2,Chr2_9470048.0,9470048,0.002138809,0,,,,
2,Chr2_1082695.0,1082695,0.002139765,0,,,,
5,Chr5_26779028.0,26779028,0.002140017,1,AT5G67100,AT5G67100,AT5G67100,0.0
4,Chr4_4209075.0,4209075,0.002140235,0,,,,
4,Chr4_4209081.0,4209081,0.002140235,0,,,,
2,Chr2_9160985.0,9160985,0.002141052,0,,,,
5,Chr5_756827.0,756827,0.00214117,0,,,,
5,Chr5_759070.0,759070,0.002141181,1,AT5G03190,AT5G03190,AT5G03190,0.0
4,Chr4_17582206.0,17582206,0.002141438,0,,,,
1,Chr1_15914292.0,15914292,0.002141445,0,,,,
1,Chr1_15914406.0,15914406,0.002141445,0,,,,
4,Chr4_16707797.0,16707797,0.002141626,0,,,,
1,Chr1_1246135.0,1246135,0.002141658,0,,,,
1,Chr1_1246136.0,1246136,0.002141658,0,,,,
1,Chr1_1246152.0,1246152,0.002141658,0,,,,
3,Chr3_20905124.0,20905124,0.002141884,0,,,,
5,Chr5_12156330.0,12156330,0.00214235,0,,,,
1,Chr1_14244177.0,14244177,0.002142488,0,,,,
1,Chr1_14244203.0,14244203,0.002142488,0,,,,
3,Chr3_10803853.0,10803853,0.002143832,0,,,,
3,Chr3_10803900.0,10803900,0.002143832,0,,,,
1,Chr1_26637524.0,26637524,0.002143845,0,,,,
3,Chr3_11918093.0,11918093,0.002144513,1,AT3G30290,AT3G30290,AT3G30290,0.0
2,Chr2_4699698.0,4699698,0.002144551,0,,,,
2,Chr2_4703650.0,4703650,0.002144551,0,,,,
5,Chr5_9054534.0,9054534,0.002144955,1,AT5G25940,AT5G25940,AT5G25940,0.0
5,Chr5_9054550.0,9054550,0.002144955,1,AT5G25940,AT5G25940,AT5G25940,0.0
5,Chr5_9054574.0,9054574,0.002144955,1,AT5G25940,AT5G25940,AT5G25940,0.0
1,Chr1_8638739.0,8638739,0.002145312,2,AT1G24340;AT1G24350,AT1G24340,AT1G24340,0.0
4,Chr4_9086215.0,9086215,0.002145909,0,,,,
4,Chr4_9087783.0,9087783,0.002145909,0,,,,
4,Chr4_9088091.0,9088091,0.002145909,0,,,,
4,Chr4_9095292.0,9095292,0.002145909,1,AT4G16060,AT4G16060,AT4G16060,0.0
4,Chr4_9102191.0,9102191,0.002145909,1,AT4G16080,AT4G16080,AT4G16080,0.0
4,Chr4_9102721.0,9102721,0.002145909,1,AT4G16080,AT4G16080,AT4G16080,0.0
4,Chr4_9105488.0,9105488,0.002145909,0,,,,
4,Chr4_16707846.0,16707846,0.002146139,0,,,,
5,Chr5_9354254.0,9354254,0.002146156,0,,,,
1,Chr1_2640281.0,2640281,0.00214653,1,AT1G08370,AT1G08370,AT1G08370,0.0
3,Chr3_20840481.0,20840481,0.002146832,1,AT3G56160,AT3G56160,AT3G56160,0.0
4,Chr4_17378720.0,17378720,0.002147154,0,,,,
5,Chr5_402069.0,402069,0.002147697,1,AT5G02040,AT5G02040,AT5G02040,0.0
5,Chr5_26433756.0,26433756,0.00214774,1,AT5G66120,AT5G66120,AT5G66120,0.0
5,Chr5_13777971.0,13777971,0.002148102,0,,,,
5,Chr5_13781776.0,13781776,0.002148102,0,,,,
5,Chr5_13782327.0,13782327,0.002148102,0,,,,
5,Chr5_13782851.0,13782851,0.002148102,0,,,,
5,Chr5_13783070.0,13783070,0.002148102,0,,,,
5,Chr5_13785190.0,13785190,0.002148102,1,AT5G35603,AT5G35603,AT5G35603,0.0
5,Chr5_13791788.0,13791788,0.002148102,0,,,,
5,Chr5_13791979.0,13791979,0.002148102,0,,,,
5,Chr5_13799017.0,13799017,0.002148102,0,,,,
5,Chr5_13804170.0,13804170,0.002148102,0,,,,
5,Chr5_13806067.0,13806067,0.002148102,0,,,,
5,Chr5_13807170.0,13807170,0.002148102,0,,,,
5,Chr5_13809878.0,13809878,0.002148102,0,,,,
5,Chr5_13811784.0,13811784,0.002148102,0,,,,
5,Chr5_13815687.0,13815687,0.002148102,0,,,,
5,Chr5_13816117.0,13816117,0.002148102,0,,,,
5,Chr5_13816290.0,13816290,0.002148102,0,,,,
5,Chr5_13817298.0,13817298,0.002148102,0,,,,
5,Chr5_13817757.0,13817757,0.002148102,0,,,,
5,Chr5_13820085.0,13820085,0.002148102,1,AT5G35610,AT5G35610,AT5G35610,0.0
5,Chr5_13821272.0,13821272,0.002148102,0,,,,
5,Chr5_13823974.0,13823974,0.002148102,0,,,,
5,Chr5_13826074.0,13826074,0.002148102,1,AT5G35620,AT5G35620,AT5G35620,0.0
5,Chr5_13827140.0,13827140,0.002148102,0,,,,
5,Chr5_13827207.0,13827207,0.002148102,0,,,,
5,Chr5_13827741.0,13827741,0.002148102,0,,,,
5,Chr5_13828531.0,13828531,0.002148102,0,,,,
5,Chr5_13828622.0,13828622,0.002148102,0,,,,
5,Chr5_13829358.0,13829358,0.002148102,0,,,,
5,Chr5_13829431.0,13829431,0.002148102,0,,,,
1,Chr1_23149868.0,23149868,0.002148165,0,,,,
5,Chr5_1079059.0,1079059,0.002148661,1,AT5G04000,AT5G04000,AT5G04000,0.0
4,Chr4_14750297.0,14750297,0.002148877,0,,,,
1,Chr1_12565376.0,12565376,0.002149096,0,,,,
1,Chr1_12565782.0,12565782,0.002149096,0,,,,
1,Chr1_12568786.0,12568786,0.002149096,0,,,,
4,Chr4_10050049.0,10050049,0.002149098,0,,,,
5,Chr5_16201582.0,16201582,0.002149623,0,,,,
5,Chr5_11056641.0,11056641,0.002149765,0,,,,
3,Chr3_22988301.0,22988301,0.002150033,1,AT3G62080,AT3G62080,AT3G62080,0.0
5,Chr5_23091090.0,23091090,0.002150075,1,AT5G57060,AT5G57060,AT5G57060,0.0
5,Chr5_11290706.0,11290706,0.002150197,0,,,,
2,Chr2_7386513.0,7386513,0.002150383,1,AT2G16990,AT2G16990,AT2G16990,0.0
2,Chr2_478358.0,478358,0.0021524,0,,,,
5,Chr5_5528210.0,5528210,0.00215251,1,AT5G16810,AT5G16810,AT5G16810,0.0
5,Chr5_5529019.0,5529019,0.00215251,1,AT5G16810,AT5G16810,AT5G16810,0.0
5,Chr5_5529022.0,5529022,0.00215251,1,AT5G16810,AT5G16810,AT5G16810,0.0
5,Chr5_5530945.0,5530945,0.00215251,1,AT5G16820,AT5G16820,AT5G16820,0.0
3,Chr3_15862561.0,15862561,0.002152777,0,,,,
3,Chr3_15862726.0,15862726,0.002152777,0,,,,
3,Chr3_22905226.0,22905226,0.002152879,0,,,,
3,Chr3_22905486.0,22905486,0.002152879,0,,,,
3,Chr3_22908529.0,22908529,0.002152879,0,,,,
1,Chr1_16379072.0,16379072,0.00215357,1,AT1G43415,AT1G43415,AT1G43415,0.0
5,Chr5_26901049.0,26901049,0.002153641,0,,,,
4,Chr4_6230896.0,6230896,0.002153684,0,,,,
5,Chr5_5593790.0,5593790,0.002155016,0,,,,
1,Chr1_2302745.0,2302745,0.002155036,0,,,,
1,Chr1_2302848.0,2302848,0.002155036,0,,,,
1,Chr1_2305453.0,2305453,0.002155036,1,AT1G07510,AT1G07510,AT1G07510,0.0
1,Chr1_2305489.0,2305489,0.002155036,1,AT1G07510,AT1G07510,AT1G07510,0.0
1,Chr1_2311644.0,2311644,0.002155036,1,AT1G07520,AT1G07520,AT1G07520,0.0
1,Chr1_2313064.0,2313064,0.002155036,0,,,,
1,Chr1_2313067.0,2313067,0.002155036,0,,,,
4,Chr4_2559292.0,2559292,0.00215565,0,,,,
5,Chr5_13987386.0,13987386,0.002155661,0,,,,
5,Chr5_1193803.0,1193803,0.002155671,1,AT5G04280,AT5G04280,AT5G04280,0.0
5,Chr5_10476230.0,10476230,0.002155977,0,,,,
1,Chr1_23451576.0,23451576,0.002156499,1,AT1G63230,AT1G63230,AT1G63230,0.0
5,Chr5_24395332.0,24395332,0.002156863,0,,,,
5,Chr5_5524227.0,5524227,0.002157287,0,,,,
5,Chr5_24339423.0,24339423,0.002157601,2,AT5G60548;AT5G60550,AT5G60548,AT5G60548,0.0
5,Chr5_24339431.0,24339431,0.002157601,2,AT5G60548;AT5G60550,AT5G60548,AT5G60548,0.0
5,Chr5_24339445.0,24339445,0.002157601,2,AT5G60548;AT5G60550,AT5G60548,AT5G60548,0.0
3,Chr3_14745537.0,14745537,0.002157661,0,,,,
2,Chr2_13430885.0,13430885,0.002157852,1,AT2G31540,AT2G31540,AT2G31540,0.0
2,Chr2_2154228.0,2154228,0.002158551,0,,,,
3,Chr3_15295926.0,15295926,0.002158853,0,,,,
2,Chr2_18415103.0,18415103,0.002159565,1,AT2G44620,AT2G44620,AT2G44620,0.0
4,Chr4_7377274.0,7377274,0.002160488,1,AT4G12440,AT4G12440,AT4G12440,0.0
4,Chr4_7377284.0,7377284,0.002160488,1,AT4G12440,AT4G12440,AT4G12440,0.0
4,Chr4_7377315.0,7377315,0.002160488,1,AT4G12440,AT4G12440,AT4G12440,0.0
4,Chr4_7377401.0,7377401,0.002160488,1,AT4G12440,AT4G12440,AT4G12440,0.0
4,Chr4_7377403.0,7377403,0.002160488,1,AT4G12440,AT4G12440,AT4G12440,0.0
4,Chr4_7377445.0,7377445,0.002160488,1,AT4G12440,AT4G12440,AT4G12440,0.0
4,Chr4_7377486.0,7377486,0.002160488,1,AT4G12440,AT4G12440,AT4G12440,0.0
4,Chr4_7377499.0,7377499,0.002160488,1,AT4G12440,AT4G12440,AT4G12440,0.0
4,Chr4_7377591.0,7377591,0.002160488,1,AT4G12440,AT4G12440,AT4G12440,0.0
4,Chr4_7377603.0,7377603,0.002160488,1,AT4G12440,AT4G12440,AT4G12440,0.0
4,Chr4_7377614.0,7377614,0.002160488,1,AT4G12440,AT4G12440,AT4G12440,0.0
4,Chr4_7378721.0,7378721,0.002160488,1,AT4G12440,AT4G12440,AT4G12440,0.0
4,Chr4_7378739.0,7378739,0.002160488,1,AT4G12440,AT4G12440,AT4G12440,0.0
4,Chr4_7378771.0,7378771,0.002160488,1,AT4G12440,AT4G12440,AT4G12440,0.0
4,Chr4_7378801.0,7378801,0.002160488,1,AT4G12440,AT4G12440,AT4G12440,0.0
4,Chr4_7378803.0,7378803,0.002160488,1,AT4G12440,AT4G12440,AT4G12440,0.0
4,Chr4_7378809.0,7378809,0.002160488,1,AT4G12440,AT4G12440,AT4G12440,0.0
4,Chr4_7378912.0,7378912,0.002160488,1,AT4G12440,AT4G12440,AT4G12440,0.0
4,Chr4_7378990.0,7378990,0.002160488,1,AT4G12440,AT4G12440,AT4G12440,0.0
4,Chr4_7379005.0,7379005,0.002160488,1,AT4G12440,AT4G12440,AT4G12440,0.0
4,Chr4_7379044.0,7379044,0.002160488,1,AT4G12440,AT4G12440,AT4G12440,0.0
4,Chr4_7379050.0,7379050,0.002160488,1,AT4G12440,AT4G12440,AT4G12440,0.0
4,Chr4_7379176.0,7379176,0.002160488,1,AT4G12440,AT4G12440,AT4G12440,0.0
4,Chr4_7379181.0,7379181,0.002160488,1,AT4G12440,AT4G12440,AT4G12440,0.0
4,Chr4_7379182.0,7379182,0.002160488,1,AT4G12440,AT4G12440,AT4G12440,0.0
4,Chr4_7379224.0,7379224,0.002160488,1,AT4G12440,AT4G12440,AT4G12440,0.0
1,Chr1_28530675.0,28530675,0.002160547,1,AT1G76010,AT1G76010,AT1G76010,0.0
3,Chr3_3130544.0,3130544,0.002161241,1,AT3G10120,AT3G10120,AT3G10120,0.0
3,Chr3_18645596.0,18645596,0.002161502,0,,,,
3,Chr3_13162947.0,13162947,0.002161569,0,,,,
5,Chr5_7537618.0,7537618,0.002161869,1,AT5G22660,AT5G22660,AT5G22660,0.0
5,Chr5_7537620.0,7537620,0.002161869,1,AT5G22660,AT5G22660,AT5G22660,0.0
5,Chr5_7537621.0,7537621,0.002161869,1,AT5G22660,AT5G22660,AT5G22660,0.0
4,Chr4_1868753.0,1868753,0.002162321,0,,,,
4,Chr4_1869261.0,1869261,0.002162321,1,AT4G03935,AT4G03935,AT4G03935,0.0
4,Chr4_1872312.0,1872312,0.002162321,2,AT4G03930;AT4G03935,AT4G03930,AT4G03930,0.0
4,Chr4_17853950.0,17853950,0.002162891,1,AT4G37980,AT4G37980,AT4G37980,0.0
5,Chr5_7711004.0,7711004,0.0021629,0,,,,
3,Chr3_18852298.0,18852298,0.002163088,1,AT3G50730,AT3G50730,AT3G50730,0.0
3,Chr3_18852508.0,18852508,0.002163088,1,AT3G50730,AT3G50730,AT3G50730,0.0
5,Chr5_9846417.0,9846417,0.002163706,0,,,,
5,Chr5_9847413.0,9847413,0.002163706,0,,,,
5,Chr5_9848498.0,9848498,0.002163706,0,,,,
2,Chr2_10698920.0,10698920,0.00216445,1,AT2G25140,AT2G25140,AT2G25140,0.0
4,Chr4_1648178.0,1648178,0.002164505,0,,,,
4,Chr4_1651187.0,1651187,0.002164505,0,,,,
2,Chr2_2163260.0,2163260,0.002165023,0,,,,
2,Chr2_2164511.0,2164511,0.002165023,0,,,,
2,Chr2_2165103.0,2165103,0.002165023,0,,,,
2,Chr2_2165195.0,2165195,0.002165023,0,,,,
4,Chr4_743337.0,743337,0.002165047,0,,,,
3,Chr3_17803928.0,17803928,0.002165446,1,AT3G48190,AT3G48190,AT3G48190,0.0
3,Chr3_8159316.0,8159316,0.002165524,0,,,,
5,Chr5_11333505.0,11333505,0.002165725,0,,,,
5,Chr5_11333595.0,11333595,0.002165725,0,,,,
5,Chr5_11333879.0,11333879,0.002165725,0,,,,
4,Chr4_12475856.0,12475856,0.002166385,0,,,,
4,Chr4_17394160.0,17394160,0.002166437,0,,,,
4,Chr4_6340221.0,6340221,0.002166894,0,,,,
5,Chr5_13371464.0,13371464,0.002166988,0,,,,
2,Chr2_16382897.0,16382897,0.002167521,1,AT2G39230,AT2G39230,AT2G39230,0.0
4,Chr4_945191.0,945191,0.002167929,1,AT4G02130,AT4G02130,AT4G02130,0.0
4,Chr4_945194.0,945194,0.002167929,1,AT4G02130,AT4G02130,AT4G02130,0.0
4,Chr4_945196.0,945196,0.002167929,1,AT4G02130,AT4G02130,AT4G02130,0.0
1,Chr1_3966041.0,3966041,0.002168292,1,AT1G11740,AT1G11740,AT1G11740,0.0
2,Chr2_3950150.0,3950150,0.002168355,0,,,,
4,Chr4_15994535.0,15994535,0.002168416,1,AT4G33160,AT4G33160,AT4G33160,0.0
1,Chr1_30139665.0,30139665,0.002168854,1,AT1G80120,AT1G80120,AT1G80120,0.0
3,Chr3_10030276.0,10030276,0.002169329,0,,,,
3,Chr3_9790480.0,9790480,0.002169504,0,,,,
3,Chr3_9017144.0,9017144,0.002169584,0,,,,
4,Chr4_9332760.0,9332760,0.002169859,0,,,,
4,Chr4_9334028.0,9334028,0.002169859,0,,,,
1,Chr1_7801740.0,7801740,0.002170078,1,AT1G22110,AT1G22110,AT1G22110,0.0
1,Chr1_7804442.0,7804442,0.002170078,0,,,,
2,Chr2_2190475.0,2190475,0.002170756,0,,,,
5,Chr5_8112805.0,8112805,0.002171181,0,,,,
4,Chr4_11230714.0,11230714,0.002171206,0,,,,
4,Chr4_6890011.0,6890011,0.002171814,0,,,,
2,Chr2_7382593.0,7382593,0.002171964,0,,,,
3,Chr3_18851785.0,18851785,0.002172646,1,AT3G50730,AT3G50730,AT3G50730,0.0
1,Chr1_1469456.0,1469456,0.002172902,0,,,,
4,Chr4_14939500.0,14939500,0.002173054,1,AT4G30600,AT4G30600,AT4G30600,0.0
5,Chr5_2510412.0,2510412,0.002173141,1,AT5G07850,AT5G07850,AT5G07850,0.0
3,Chr3_10479937.0,10479937,0.002173246,0,,,,
1,Chr1_12196782.0,12196782,0.002173553,0,,,,
5,Chr5_5827438.0,5827438,0.002173619,1,AT5G17690,AT5G17690,AT5G17690,0.0
5,Chr5_18160782.0,18160782,0.002173673,1,AT5G44980,AT5G44980,AT5G44980,0.0
1,Chr1_5507067.0,5507067,0.002173992,0,,,,
5,Chr5_25422038.0,25422038,0.002173996,1,AT5G63490,AT5G63490,AT5G63490,0.0
4,Chr4_13235408.0,13235408,0.002175454,1,AT4G26110,AT4G26110,AT4G26110,0.0
2,Chr2_19122978.0,19122978,0.002175687,1,AT2G46560,AT2G46560,AT2G46560,0.0
4,Chr4_13085371.0,13085371,0.002175754,2,AT4G25670;AT4G25672,AT4G25670,AT4G25670,0.0
5,Chr5_25066405.0,25066405,0.002176324,0,,,,
1,Chr1_12666057.0,12666057,0.002176578,0,,,,
1,Chr1_4285107.0,4285107,0.002176756,1,AT1G12580,AT1G12580,AT1G12580,0.0
1,Chr1_4285904.0,4285904,0.002176756,1,AT1G12590,AT1G12590,AT1G12590,0.0
1,Chr1_4285905.0,4285905,0.002176756,1,AT1G12590,AT1G12590,AT1G12590,0.0
4,Chr4_437002.0,437002,0.002176769,1,AT4G01010,AT4G01010,AT4G01010,0.0
1,Chr1_26322755.0,26322755,0.002176809,1,AT1G69880,AT1G69880,AT1G69880,0.0
1,Chr1_27602040.0,27602040,0.002176971,1,AT1G73410,AT1G73410,AT1G73410,0.0
3,Chr3_16699186.0,16699186,0.002177171,0,,,,
4,Chr4_7217231.0,7217231,0.002177458,0,,,,
4,Chr4_17534496.0,17534496,0.002177736,0,,,,
3,Chr3_21863639.0,21863639,0.002178325,1,AT3G59140,AT3G59140,AT3G59140,0.0
4,Chr4_6900712.0,6900712,0.00217883,0,,,,
5,Chr5_26741450.0,26741450,0.002179625,0,,,,
5,Chr5_11200072.0,11200072,0.002180078,0,,,,
1,Chr1_2236995.0,2236995,0.002180505,0,,,,
2,Chr2_9132115.0,9132115,0.002180597,0,,,,
2,Chr2_6550632.0,6550632,0.002181226,0,,,,
2,Chr2_6550884.0,6550884,0.002181226,0,,,,
5,Chr5_14960870.0,14960870,0.002181271,1,AT5G37660,AT5G37660,AT5G37660,0.0
5,Chr5_16306800.0,16306800,0.00218151,0,,,,
3,Chr3_19060668.0,19060668,0.002181772,1,AT3G51350,AT3G51350,AT3G51350,0.0
1,Chr1_6424843.0,6424843,0.002182473,1,AT1G18660,AT1G18660,AT1G18660,0.0
1,Chr1_16155974.0,16155974,0.002182547,1,AT1G43020,AT1G43020,AT1G43020,0.0
5,Chr5_16035843.0,16035843,0.002182774,1,AT5G40060,AT5G40060,AT5G40060,0.0
5,Chr5_16035851.0,16035851,0.002182774,1,AT5G40060,AT5G40060,AT5G40060,0.0
5,Chr5_15049790.0,15049790,0.00218293,0,,,,
4,Chr4_9060485.0,9060485,0.002183025,0,,,,
5,Chr5_2441441.0,2441441,0.002183676,0,,,,
2,Chr2_17341954.0,17341954,0.002183788,0,,,,
2,Chr2_17342073.0,17342073,0.002183788,0,,,,
2,Chr2_17342133.0,17342133,0.002183788,0,,,,
5,Chr5_13389391.0,13389391,0.002184146,0,,,,
1,Chr1_5967167.0,5967167,0.002184751,0,,,,
5,Chr5_20470484.0,20470484,0.002185151,0,,,,
5,Chr5_6325273.0,6325273,0.002185292,0,,,,
5,Chr5_6330197.0,6330197,0.002185292,0,,,,
4,Chr4_13732398.0,13732398,0.002186238,0,,,,
2,Chr2_8939820.0,8939820,0.002186889,0,,,,
2,Chr2_2311126.0,2311126,0.002187348,0,,,,
3,Chr3_8285005.0,8285005,0.002187677,1,AT3G23210,AT3G23210,AT3G23210,0.0
1,Chr1_178315.0,178315,0.002188305,1,AT1G01480,AT1G01480,AT1G01480,0.0
1,Chr1_178995.0,178995,0.002188305,0,,,,
1,Chr1_178996.0,178996,0.002188305,0,,,,
1,Chr1_179137.0,179137,0.002188305,0,,,,
1,Chr1_179366.0,179366,0.002188305,0,,,,
5,Chr5_9982200.0,9982200,0.002189113,0,,,,
2,Chr2_4506551.0,4506551,0.002190561,0,,,,
3,Chr3_15530552.0,15530552,0.002191034,0,,,,
3,Chr3_22476821.0,22476821,0.002191381,0,,,,
5,Chr5_7910934.0,7910934,0.002191771,0,,,,
1,Chr1_14892053.0,14892053,0.002192987,0,,,,
5,Chr5_22272704.0,22272704,0.002193068,0,,,,
4,Chr4_9514611.0,9514611,0.002193088,1,AT4G16900,AT4G16900,AT4G16900,0.0
5,Chr5_17329443.0,17329443,0.002193235,1,AT5G43160,AT5G43160,AT5G43160,0.0
5,Chr5_17330479.0,17330479,0.002193235,1,AT5G43160,AT5G43160,AT5G43160,0.0
5,Chr5_17330778.0,17330778,0.002193235,1,AT5G43160,AT5G43160,AT5G43160,0.0
5,Chr5_17331136.0,17331136,0.002193235,2,AT5G43160;AT5G43170,AT5G43160,AT5G43160,0.0
5,Chr5_17331646.0,17331646,0.002193235,1,AT5G43170,AT5G43170,AT5G43170,0.0
5,Chr5_17331665.0,17331665,0.002193235,0,,,,
5,Chr5_17331801.0,17331801,0.002193235,0,,,,
5,Chr5_17332052.0,17332052,0.002193235,0,,,,
5,Chr5_17332126.0,17332126,0.002193235,0,,,,
5,Chr5_17332182.0,17332182,0.002193235,0,,,,
5,Chr5_17332198.0,17332198,0.002193235,0,,,,
5,Chr5_17332262.0,17332262,0.002193235,0,,,,
5,Chr5_17332508.0,17332508,0.002193235,0,,,,
5,Chr5_17333693.0,17333693,0.002193235,0,,,,
5,Chr5_17333886.0,17333886,0.002193235,0,,,,
5,Chr5_17334431.0,17334431,0.002193235,1,AT5G43175,AT5G43175,AT5G43175,0.0
5,Chr5_17334702.0,17334702,0.002193235,1,AT5G43175,AT5G43175,AT5G43175,0.0
5,Chr5_17334718.0,17334718,0.002193235,1,AT5G43175,AT5G43175,AT5G43175,0.0
5,Chr5_17334831.0,17334831,0.002193235,1,AT5G43175,AT5G43175,AT5G43175,0.0
5,Chr5_17335276.0,17335276,0.002193235,0,,,,
5,Chr5_17336715.0,17336715,0.002193235,1,AT5G43180,AT5G43180,AT5G43180,0.0
5,Chr5_17339498.0,17339498,0.002193235,0,,,,
5,Chr5_17339794.0,17339794,0.002193235,0,,,,
5,Chr5_17341991.0,17341991,0.002193235,0,,,,
5,Chr5_17342169.0,17342169,0.002193235,0,,,,
2,Chr2_13321648.0,13321648,0.002193287,0,,,,
1,Chr1_3338959.0,3338959,0.002193396,1,AT1G10180,AT1G10180,AT1G10180,0.0
1,Chr1_3398201.0,3398201,0.002193396,1,AT1G10370,AT1G10370,AT1G10370,0.0
1,Chr1_3435900.0,3435900,0.002193396,1,AT1G10450,AT1G10450,AT1G10450,0.0
1,Chr1_3437826.0,3437826,0.002193396,1,AT1G10450,AT1G10450,AT1G10450,0.0
5,Chr5_26433471.0,26433471,0.002193812,1,AT5G66120,AT5G66120,AT5G66120,0.0
5,Chr5_26433560.0,26433560,0.002193812,1,AT5G66120,AT5G66120,AT5G66120,0.0
5,Chr5_26433602.0,26433602,0.002193812,1,AT5G66120,AT5G66120,AT5G66120,0.0
5,Chr5_26433606.0,26433606,0.002193812,1,AT5G66120,AT5G66120,AT5G66120,0.0
5,Chr5_26433611.0,26433611,0.002193812,1,AT5G66120,AT5G66120,AT5G66120,0.0
5,Chr5_26433644.0,26433644,0.002193812,1,AT5G66120,AT5G66120,AT5G66120,0.0
5,Chr5_26433673.0,26433673,0.002193812,1,AT5G66120,AT5G66120,AT5G66120,0.0
5,Chr5_26433819.0,26433819,0.002193812,0,,,,
5,Chr5_9049978.0,9049978,0.0021941,0,,,,
5,Chr5_20663252.0,20663252,0.002194368,0,,,,
5,Chr5_18985790.0,18985790,0.002194425,0,,,,
5,Chr5_19452202.0,19452202,0.002195105,0,,,,
5,Chr5_13820980.0,13820980,0.00219574,0,,,,
4,Chr4_7663089.0,7663089,0.002195798,1,AT4G13195,AT4G13195,AT4G13195,0.0
1,Chr1_3644495.0,3644495,0.002195911,1,AT1G10920,AT1G10920,AT1G10920,0.0
1,Chr1_5965754.0,5965754,0.002196151,0,,,,
1,Chr1_26699757.0,26699757,0.002196161,0,,,,
1,Chr1_5291095.0,5291095,0.002196707,1,AT1G15380,AT1G15380,AT1G15380,0.0
5,Chr5_872351.0,872351,0.002197049,1,AT5G03490,AT5G03490,AT5G03490,0.0
5,Chr5_7972379.0,7972379,0.002197106,1,AT5G23660,AT5G23660,AT5G23660,0.0
5,Chr5_8202665.0,8202665,0.002197304,0,,,,
5,Chr5_8202682.0,8202682,0.002197304,0,,,,
5,Chr5_26901075.0,26901075,0.002197412,0,,,,
4,Chr4_7737203.0,7737203,0.002197485,0,,,,
4,Chr4_7737224.0,7737224,0.002197485,0,,,,
4,Chr4_7737239.0,7737239,0.002197485,0,,,,
4,Chr4_7737387.0,7737387,0.002197485,0,,,,
1,Chr1_4239907.0,4239907,0.002197602,0,,,,
1,Chr1_10710205.0,10710205,0.002197765,1,AT1G30350,AT1G30350,AT1G30350,0.0
5,Chr5_24587699.0,24587699,0.002197917,1,AT5G61130,AT5G61130,AT5G61130,0.0
5,Chr5_22853743.0,22853743,0.002198173,1,AT5G56430,AT5G56430,AT5G56430,0.0
3,Chr3_11605507.0,11605507,0.002198497,0,,,,
3,Chr3_11605515.0,11605515,0.002198497,0,,,,
1,Chr1_27074923.0,27074923,0.002198544,0,,,,
1,Chr1_27075088.0,27075088,0.002198544,0,,,,
1,Chr1_27075107.0,27075107,0.002198544,0,,,,
1,Chr1_27075123.0,27075123,0.002198544,0,,,,
2,Chr2_10899027.0,10899027,0.002198569,0,,,,
2,Chr2_10901087.0,10901087,0.002198569,0,,,,
2,Chr2_10912307.0,10912307,0.002198569,1,AT2G25640,AT2G25640,AT2G25640,0.0
2,Chr2_10917216.0,10917216,0.002198569,1,AT2G25660,AT2G25660,AT2G25660,0.0
2,Chr2_10917850.0,10917850,0.002198569,1,AT2G25660,AT2G25660,AT2G25660,0.0
2,Chr2_10925476.0,10925476,0.002198569,1,AT2G25660,AT2G25660,AT2G25660,0.0
2,Chr2_10925683.0,10925683,0.002198569,1,AT2G25660,AT2G25660,AT2G25660,0.0
2,Chr2_10927154.0,10927154,0.002198569,1,AT2G25660,AT2G25660,AT2G25660,0.0
2,Chr2_10927900.0,10927900,0.002198569,0,,,,
2,Chr2_10932310.0,10932310,0.002198569,0,,,,
5,Chr5_2451557.0,2451557,0.002198616,1,AT5G07700,AT5G07700,AT5G07700,0.0
3,Chr3_17118692.0,17118692,0.00219872,1,AT3G46490,AT3G46490,AT3G46490,0.0
3,Chr3_21581709.0,21581709,0.002198887,1,AT3G58290,AT3G58290,AT3G58290,0.0
3,Chr3_21582800.0,21582800,0.002198887,1,AT3G58300,AT3G58300,AT3G58300,0.0
3,Chr3_21584464.0,21584464,0.002198887,1,AT3G58310,AT3G58310,AT3G58310,0.0
3,Chr3_21588507.0,21588507,0.002198887,0,,,,
3,Chr3_21590692.0,21590692,0.002198887,0,,,,
3,Chr3_21590912.0,21590912,0.002198887,0,,,,
3,Chr3_21592312.0,21592312,0.002198887,1,AT3G58350,AT3G58350,AT3G58350,0.0
4,Chr4_15714363.0,15714363,0.002199448,1,AT4G32560,AT4G32560,AT4G32560,0.0
4,Chr4_15714381.0,15714381,0.002199448,1,AT4G32560,AT4G32560,AT4G32560,0.0
4,Chr4_15714389.0,15714389,0.002199448,1,AT4G32560,AT4G32560,AT4G32560,0.0
4,Chr4_15714392.0,15714392,0.002199448,1,AT4G32560,AT4G32560,AT4G32560,0.0
4,Chr4_15714399.0,15714399,0.002199448,1,AT4G32560,AT4G32560,AT4G32560,0.0
4,Chr4_15714428.0,15714428,0.002199448,1,AT4G32560,AT4G32560,AT4G32560,0.0
4,Chr4_15714430.0,15714430,0.002199448,1,AT4G32560,AT4G32560,AT4G32560,0.0
4,Chr4_15714431.0,15714431,0.002199448,1,AT4G32560,AT4G32560,AT4G32560,0.0
4,Chr4_15714451.0,15714451,0.002199448,1,AT4G32560,AT4G32560,AT4G32560,0.0
4,Chr4_15714456.0,15714456,0.002199448,1,AT4G32560,AT4G32560,AT4G32560,0.0
4,Chr4_15714457.0,15714457,0.002199448,1,AT4G32560,AT4G32560,AT4G32560,0.0
4,Chr4_15714458.0,15714458,0.002199448,1,AT4G32560,AT4G32560,AT4G32560,0.0
4,Chr4_15714461.0,15714461,0.002199448,1,AT4G32560,AT4G32560,AT4G32560,0.0
4,Chr4_15714466.0,15714466,0.002199448,1,AT4G32560,AT4G32560,AT4G32560,0.0
4,Chr4_8634247.0,8634247,0.002199525,0,,,,
1,Chr1_792933.0,792933,0.002199725,1,AT1G03240,AT1G03240,AT1G03240,0.0
1,Chr1_803809.0,803809,0.002199725,1,AT1G03280,AT1G03280,AT1G03280,0.0
1,Chr1_807110.0,807110,0.002199725,0,,,,
1,Chr1_810703.0,810703,0.002199725,1,AT1G03290,AT1G03290,AT1G03290,0.0
1,Chr1_824842.0,824842,0.002199725,1,AT1G03360,AT1G03360,AT1G03360,0.0
1,Chr1_839377.0,839377,0.002199725,1,AT1G03380,AT1G03380,AT1G03380,0.0
1,Chr1_842598.0,842598,0.002199725,0,,,,
1,Chr1_28546994.0,28546994,0.00220001,1,AT1G76070,AT1G76070,AT1G76070,0.0
4,Chr4_2285789.0,2285789,0.002200787,0,,,,
1,Chr1_29363671.0,29363671,0.002201023,0,,,,
5,Chr5_18878555.0,18878555,0.002201645,1,AT5G46540,AT5G46540,AT5G46540,0.0
5,Chr5_18878559.0,18878559,0.002201645,1,AT5G46540,AT5G46540,AT5G46540,0.0
1,Chr1_15620672.0,15620672,0.002201925,0,,,,
5,Chr5_1237460.0,1237460,0.002202439,0,,,,
3,Chr3_5334297.0,5334297,0.002203548,1,AT3G15740,AT3G15740,AT3G15740,0.0
1,Chr1_22786956.0,22786956,0.002203549,0,,,,
5,Chr5_10837528.0,10837528,0.002204527,0,,,,
2,Chr2_1333780.0,1333780,0.002205478,1,AT2G04039,AT2G04039,AT2G04039,0.0
3,Chr3_20501700.0,20501700,0.002205521,1,AT3G55280,AT3G55280,AT3G55280,0.0
1,Chr1_2396641.0,2396641,0.00220556,2,AT1G07725;AT1G07728,AT1G07725,AT1G07725,0.0
4,Chr4_9959151.0,9959151,0.002205987,0,,,,
3,Chr3_4642710.0,4642710,0.002206032,1,AT3G14020,AT3G14020,AT3G14020,0.0
3,Chr3_4642748.0,4642748,0.002206032,1,AT3G14020,AT3G14020,AT3G14020,0.0
5,Chr5_5054147.0,5054147,0.002206196,1,AT5G15540,AT5G15540,AT5G15540,0.0
5,Chr5_5065363.0,5065363,0.002206196,0,,,,
1,Chr1_7049751.0,7049751,0.002206275,0,,,,
5,Chr5_10594799.0,10594799,0.002206672,0,,,,
5,Chr5_25158268.0,25158268,0.002206979,0,,,,
5,Chr5_14669503.0,14669503,0.002207063,0,,,,
4,Chr4_7864869.0,7864869,0.002208101,1,AT4G13520,AT4G13520,AT4G13520,0.0
1,Chr1_11140243.0,11140243,0.002208189,0,,,,
5,Chr5_19409203.0,19409203,0.002208311,0,,,,
4,Chr4_2096396.0,2096396,0.002208709,1,AT4G04315,AT4G04315,AT4G04315,0.0
5,Chr5_18882931.0,18882931,0.002208864,0,,,,
4,Chr4_10661673.0,10661673,0.002209187,1,AT4G19560,AT4G19560,AT4G19560,0.0
2,Chr2_12144468.0,12144468,0.002209587,0,,,,
2,Chr2_9481930.0,9481930,0.002209942,0,,,,
1,Chr1_24493339.0,24493339,0.002210002,1,AT1G65845,AT1G65845,AT1G65845,0.0
3,Chr3_14067241.0,14067241,0.002210053,0,,,,
2,Chr2_7859966.0,7859966,0.002210816,0,,,,
2,Chr2_7860003.0,7860003,0.002210816,0,,,,
2,Chr2_7860359.0,7860359,0.002210816,0,,,,
2,Chr2_7861083.0,7861083,0.002210816,0,,,,
2,Chr2_7861777.0,7861777,0.002210816,0,,,,
4,Chr4_5845720.0,5845720,0.002210823,0,,,,
5,Chr5_7456891.0,7456891,0.00221083,0,,,,
5,Chr5_19452329.0,19452329,0.002210981,0,,,,
5,Chr5_19453426.0,19453426,0.002210981,0,,,,
5,Chr5_19468125.0,19468125,0.002210981,1,AT5G48030,AT5G48030,AT5G48030,0.0
1,Chr1_23157061.0,23157061,0.00221099,0,,,,
3,Chr3_17779501.0,17779501,0.002211664,1,AT3G48140,AT3G48140,AT3G48140,0.0
1,Chr1_11286609.0,11286609,0.002211706,0,,,,
4,Chr4_18247022.0,18247022,0.002212924,1,AT4G39180,AT4G39180,AT4G39180,0.0
5,Chr5_15588131.0,15588131,0.002213372,0,,,,
5,Chr5_15588132.0,15588132,0.002213372,0,,,,
5,Chr5_15588134.0,15588134,0.002213372,0,,,,
5,Chr5_15588142.0,15588142,0.002213372,0,,,,
1,Chr1_8139259.0,8139259,0.002213386,1,AT1G22990,AT1G22990,AT1G22990,0.0
1,Chr1_8139292.0,8139292,0.002213386,1,AT1G22990,AT1G22990,AT1G22990,0.0
3,Chr3_18285066.0,18285066,0.002213502,1,AT3G49310,AT3G49310,AT3G49310,0.0
2,Chr2_10810103.0,10810103,0.00221352,0,,,,
5,Chr5_22257479.0,22257479,0.00221363,0,,,,
1,Chr1_7298128.0,7298128,0.002214165,1,AT1G20950,AT1G20950,AT1G20950,0.0
1,Chr1_13232250.0,13232250,0.002214297,0,,,,
2,Chr2_4330544.0,4330544,0.002214361,0,,,,
4,Chr4_9421699.0,9421699,0.002214467,1,AT4G16750,AT4G16750,AT4G16750,0.0
5,Chr5_9150323.0,9150323,0.002214973,1,AT5G26180,AT5G26180,AT5G26180,0.0
5,Chr5_9150385.0,9150385,0.002214973,1,AT5G26180,AT5G26180,AT5G26180,0.0
5,Chr5_9150587.0,9150587,0.002214973,1,AT5G26180,AT5G26180,AT5G26180,0.0
5,Chr5_9150783.0,9150783,0.002214973,1,AT5G26180,AT5G26180,AT5G26180,0.0
5,Chr5_9151104.0,9151104,0.002214973,1,AT5G26180,AT5G26180,AT5G26180,0.0
5,Chr5_9151265.0,9151265,0.002214973,1,AT5G26180,AT5G26180,AT5G26180,0.0
5,Chr5_9151271.0,9151271,0.002214973,1,AT5G26180,AT5G26180,AT5G26180,0.0
5,Chr5_9151272.0,9151272,0.002214973,1,AT5G26180,AT5G26180,AT5G26180,0.0
5,Chr5_9151361.0,9151361,0.002214973,1,AT5G26180,AT5G26180,AT5G26180,0.0
5,Chr5_9151396.0,9151396,0.002214973,1,AT5G26180,AT5G26180,AT5G26180,0.0
5,Chr5_9151452.0,9151452,0.002214973,1,AT5G26180,AT5G26180,AT5G26180,0.0
5,Chr5_9151466.0,9151466,0.002214973,1,AT5G26180,AT5G26180,AT5G26180,0.0
5,Chr5_9151865.0,9151865,0.002214973,1,AT5G26180,AT5G26180,AT5G26180,0.0
5,Chr5_9151889.0,9151889,0.002214973,1,AT5G26180,AT5G26180,AT5G26180,0.0
5,Chr5_9151895.0,9151895,0.002214973,1,AT5G26180,AT5G26180,AT5G26180,0.0
5,Chr5_9151910.0,9151910,0.002214973,1,AT5G26180,AT5G26180,AT5G26180,0.0
5,Chr5_9151917.0,9151917,0.002214973,1,AT5G26180,AT5G26180,AT5G26180,0.0
5,Chr5_9151924.0,9151924,0.002214973,1,AT5G26180,AT5G26180,AT5G26180,0.0
5,Chr5_9152458.0,9152458,0.002214973,1,AT5G26180,AT5G26180,AT5G26180,0.0
5,Chr5_9152466.0,9152466,0.002214973,1,AT5G26180,AT5G26180,AT5G26180,0.0
5,Chr5_9152499.0,9152499,0.002214973,1,AT5G26180,AT5G26180,AT5G26180,0.0
5,Chr5_9152841.0,9152841,0.002214973,1,AT5G26180,AT5G26180,AT5G26180,0.0
5,Chr5_9152870.0,9152870,0.002214973,1,AT5G26180,AT5G26180,AT5G26180,0.0
5,Chr5_9152874.0,9152874,0.002214973,1,AT5G26180,AT5G26180,AT5G26180,0.0
5,Chr5_9152910.0,9152910,0.002214973,1,AT5G26180,AT5G26180,AT5G26180,0.0
5,Chr5_9152918.0,9152918,0.002214973,1,AT5G26180,AT5G26180,AT5G26180,0.0
5,Chr5_9152946.0,9152946,0.002214973,1,AT5G26180,AT5G26180,AT5G26180,0.0
5,Chr5_9153487.0,9153487,0.002214973,1,AT5G26180,AT5G26180,AT5G26180,0.0
5,Chr5_9153488.0,9153488,0.002214973,1,AT5G26180,AT5G26180,AT5G26180,0.0
5,Chr5_537877.0,537877,0.002214999,0,,,,
5,Chr5_9227763.0,9227763,0.002215303,1,AT5G26290,AT5G26290,AT5G26290,0.0
2,Chr2_1218960.0,1218960,0.002216668,0,,,,
1,Chr1_13266869.0,13266869,0.002216706,0,,,,
1,Chr1_13269294.0,13269294,0.002216706,0,,,,
1,Chr1_13269321.0,13269321,0.002216706,0,,,,
2,Chr2_4327549.0,4327549,0.002216874,0,,,,
3,Chr3_9504320.0,9504320,0.002217054,1,AT3G25980,AT3G25980,AT3G25980,0.0
3,Chr3_647768.0,647768,0.002217634,0,,,,
3,Chr3_9864413.0,9864413,0.002217688,0,,,,
3,Chr3_15579816.0,15579816,0.002217707,0,,,,
1,Chr1_15454746.0,15454746,0.002218103,0,,,,
1,Chr1_3198677.0,3198677,0.002218125,1,AT1G09840,AT1G09840,AT1G09840,0.0
5,Chr5_4004222.0,4004222,0.002218284,1,AT5G12370,AT5G12370,AT5G12370,0.0
2,Chr2_10038451.0,10038451,0.002218533,0,,,,
1,Chr1_16996910.0,16996910,0.002218698,0,,,,
5,Chr5_474571.0,474571,0.002218895,1,AT5G02310,AT5G02310,AT5G02310,0.0
5,Chr5_474734.0,474734,0.002218895,1,AT5G02310,AT5G02310,AT5G02310,0.0
5,Chr5_475352.0,475352,0.002218895,1,AT5G02310,AT5G02310,AT5G02310,0.0
5,Chr5_476787.0,476787,0.002218895,1,AT5G02310,AT5G02310,AT5G02310,0.0
5,Chr5_477472.0,477472,0.002218895,1,AT5G02310,AT5G02310,AT5G02310,0.0
5,Chr5_478991.0,478991,0.002218895,1,AT5G02310,AT5G02310,AT5G02310,0.0
5,Chr5_479037.0,479037,0.002218895,1,AT5G02310,AT5G02310,AT5G02310,0.0
5,Chr5_479893.0,479893,0.002218895,1,AT5G02310,AT5G02310,AT5G02310,0.0
5,Chr5_481304.0,481304,0.002218895,1,AT5G02310,AT5G02310,AT5G02310,0.0
5,Chr5_483868.0,483868,0.002218895,1,AT5G02320,AT5G02320,AT5G02320,0.0
5,Chr5_13880040.0,13880040,0.002219003,0,,,,
5,Chr5_15017254.0,15017254,0.0022192,0,,,,
2,Chr2_7729760.0,7729760,0.002219463,0,,,,
3,Chr3_22712768.0,22712768,0.002219505,0,,,,
1,Chr1_15618474.0,15618474,0.002219633,0,,,,
1,Chr1_15618891.0,15618891,0.002219633,0,,,,
1,Chr1_15619987.0,15619987,0.002219633,0,,,,
1,Chr1_15620714.0,15620714,0.002219633,0,,,,
1,Chr1_15621702.0,15621702,0.002219633,0,,,,
1,Chr1_15623871.0,15623871,0.002219633,0,,,,
1,Chr1_15626114.0,15626114,0.002219633,0,,,,
1,Chr1_15626322.0,15626322,0.002219633,0,,,,
1,Chr1_15627013.0,15627013,0.002219633,0,,,,
1,Chr1_15636679.0,15636679,0.002219633,0,,,,
1,Chr1_15643516.0,15643516,0.002219633,0,,,,
1,Chr1_15643891.0,15643891,0.002219633,0,,,,
1,Chr1_15646543.0,15646543,0.002219633,0,,,,
1,Chr1_15647651.0,15647651,0.002219633,0,,,,
1,Chr1_15649044.0,15649044,0.002219633,0,,,,
1,Chr1_15649415.0,15649415,0.002219633,0,,,,
1,Chr1_15649625.0,15649625,0.002219633,0,,,,
1,Chr1_15649704.0,15649704,0.002219633,0,,,,
1,Chr1_15649932.0,15649932,0.002219633,0,,,,
1,Chr1_28515860.0,28515860,0.00221988,0,,,,
2,Chr2_9502358.0,9502358,0.002220532,0,,,,
1,Chr1_12054750.0,12054750,0.002221456,0,,,,
1,Chr1_12054753.0,12054753,0.002221456,0,,,,
5,Chr5_22229091.0,22229091,0.002221599,1,AT5G54710,AT5G54710,AT5G54710,0.0
3,Chr3_11843051.0,11843051,0.002221638,0,,,,
2,Chr2_5599755.0,5599755,0.002221958,1,AT2G13450,AT2G13450,AT2G13450,0.0
3,Chr3_13652019.0,13652019,0.002222368,0,,,,
3,Chr3_13652030.0,13652030,0.002222368,0,,,,
5,Chr5_492140.0,492140,0.002222876,0,,,,
2,Chr2_8575091.0,8575091,0.002223516,0,,,,
2,Chr2_111269.0,111269,0.002223648,0,,,,
5,Chr5_25443811.0,25443811,0.00222378,1,AT5G63540,AT5G63540,AT5G63540,0.0
5,Chr5_2503663.0,2503663,0.002223848,1,AT5G07830,AT5G07830,AT5G07830,0.0
1,Chr1_20039717.0,20039717,0.002224308,0,,,,
2,Chr2_9780082.0,9780082,0.002226047,1,AT2G22980,AT2G22980,AT2G22980,0.0
5,Chr5_303424.0,303424,0.002226335,1,AT5G01780,AT5G01780,AT5G01780,0.0
5,Chr5_26917075.0,26917075,0.002226382,0,,,,
5,Chr5_26917095.0,26917095,0.002226382,0,,,,
5,Chr5_26917104.0,26917104,0.002226382,0,,,,
5,Chr5_13877297.0,13877297,0.002226455,0,,,,
5,Chr5_13877433.0,13877433,0.002226455,0,,,,
5,Chr5_13877726.0,13877726,0.002226455,0,,,,
5,Chr5_13878349.0,13878349,0.002226455,0,,,,
5,Chr5_13878507.0,13878507,0.002226455,0,,,,
5,Chr5_13878810.0,13878810,0.002226455,0,,,,
2,Chr2_9132954.0,9132954,0.002227066,1,AT2G21340,AT2G21340,AT2G21340,0.0
2,Chr2_9132961.0,9132961,0.002227066,1,AT2G21340,AT2G21340,AT2G21340,0.0
2,Chr2_9133159.0,9133159,0.002227066,1,AT2G21340,AT2G21340,AT2G21340,0.0
2,Chr2_9133172.0,9133172,0.002227066,1,AT2G21340,AT2G21340,AT2G21340,0.0
2,Chr2_9133177.0,9133177,0.002227066,1,AT2G21340,AT2G21340,AT2G21340,0.0
2,Chr2_9133198.0,9133198,0.002227066,1,AT2G21340,AT2G21340,AT2G21340,0.0
2,Chr2_9133277.0,9133277,0.002227066,1,AT2G21340,AT2G21340,AT2G21340,0.0
2,Chr2_9133312.0,9133312,0.002227066,1,AT2G21340,AT2G21340,AT2G21340,0.0
2,Chr2_9133428.0,9133428,0.002227066,1,AT2G21340,AT2G21340,AT2G21340,0.0
2,Chr2_9133491.0,9133491,0.002227066,1,AT2G21340,AT2G21340,AT2G21340,0.0
1,Chr1_4117805.0,4117805,0.002227234,0,,,,
3,Chr3_16200120.0,16200120,0.002227372,1,AT3G44630,AT3G44630,AT3G44630,0.0
3,Chr3_20475588.0,20475588,0.002227372,0,,,,
4,Chr4_7353518.0,7353518,0.002227668,0,,,,
3,Chr3_20464504.0,20464504,0.002227909,1,AT3G55200,AT3G55200,AT3G55200,0.0
1,Chr1_10919096.0,10919096,0.002227962,1,AT1G30760,AT1G30760,AT1G30760,0.0
3,Chr3_13579483.0,13579483,0.002228387,0,,,,
3,Chr3_8926255.0,8926255,0.002229296,0,,,,
4,Chr4_12131495.0,12131495,0.002229539,1,AT4G23160,AT4G23160,AT4G23160,0.0
5,Chr5_11489898.0,11489898,0.002229633,0,,,,
1,Chr1_17900308.0,17900308,0.002229714,0,,,,
4,Chr4_10812923.0,10812923,0.002229953,0,,,,
3,Chr3_11592737.0,11592737,0.002230004,0,,,,
1,Chr1_4264064.0,4264064,0.002230253,1,AT1G12500,AT1G12500,AT1G12500,0.0
1,Chr1_22175571.0,22175571,0.002230746,1,AT1G60130,AT1G60130,AT1G60130,0.0
5,Chr5_15050021.0,15050021,0.002230921,0,,,,
1,Chr1_8143776.0,8143776,0.002230929,1,AT1G23000,AT1G23000,AT1G23000,0.0
2,Chr2_715197.0,715197,0.002231507,0,,,,
4,Chr4_743413.0,743413,0.00223182,0,,,,
4,Chr4_743644.0,743644,0.00223182,0,,,,
4,Chr4_743906.0,743906,0.00223182,0,,,,
4,Chr4_745460.0,745460,0.00223182,1,AT4G01720,AT4G01720,AT4G01720,0.0
4,Chr4_745521.0,745521,0.00223182,1,AT4G01720,AT4G01720,AT4G01720,0.0
4,Chr4_15904125.0,15904125,0.002231932,0,,,,
4,Chr4_11756073.0,11756073,0.002232659,1,AT4G22214,AT4G22214,AT4G22214,0.0
1,Chr1_15427501.0,15427501,0.002232863,0,,,,
1,Chr1_15427693.0,15427693,0.002232863,0,,,,
1,Chr1_15428049.0,15428049,0.002232863,0,,,,
1,Chr1_15428241.0,15428241,0.002232863,0,,,,
1,Chr1_15429375.0,15429375,0.002232863,0,,,,
1,Chr1_15429439.0,15429439,0.002232863,0,,,,
4,Chr4_6166913.0,6166913,0.002233165,0,,,,
4,Chr4_2802687.0,2802687,0.002233523,0,,,,
5,Chr5_20307984.0,20307984,0.002233882,0,,,,
2,Chr2_12918778.0,12918778,0.002234538,0,,,,
3,Chr3_13917617.0,13917617,0.002234547,0,,,,
1,Chr1_520898.0,520898,0.002234805,1,AT1G02510,AT1G02510,AT1G02510,0.0
1,Chr1_22272795.0,22272795,0.002235006,1,AT1G60450,AT1G60450,AT1G60450,0.0
4,Chr4_14292007.0,14292007,0.002236402,1,AT4G28990,AT4G28990,AT4G28990,0.0
5,Chr5_26712775.0,26712775,0.002236434,1,AT5G66880,AT5G66880,AT5G66880,0.0
5,Chr5_26712807.0,26712807,0.002236434,1,AT5G66880,AT5G66880,AT5G66880,0.0
5,Chr5_26712921.0,26712921,0.002236434,1,AT5G66880,AT5G66880,AT5G66880,0.0
5,Chr5_26712922.0,26712922,0.002236434,1,AT5G66880,AT5G66880,AT5G66880,0.0
5,Chr5_26712998.0,26712998,0.002236434,1,AT5G66890,AT5G66890,AT5G66890,0.0
5,Chr5_26713021.0,26713021,0.002236434,1,AT5G66890,AT5G66890,AT5G66890,0.0
5,Chr5_26713023.0,26713023,0.002236434,1,AT5G66890,AT5G66890,AT5G66890,0.0
5,Chr5_26713043.0,26713043,0.002236434,1,AT5G66890,AT5G66890,AT5G66890,0.0
5,Chr5_26713128.0,26713128,0.002236434,1,AT5G66890,AT5G66890,AT5G66890,0.0
5,Chr5_26713252.0,26713252,0.002236434,1,AT5G66890,AT5G66890,AT5G66890,0.0
5,Chr5_26713259.0,26713259,0.002236434,1,AT5G66890,AT5G66890,AT5G66890,0.0
5,Chr5_26713280.0,26713280,0.002236434,1,AT5G66890,AT5G66890,AT5G66890,0.0
5,Chr5_26713934.0,26713934,0.002236434,1,AT5G66890,AT5G66890,AT5G66890,0.0
5,Chr5_8446956.0,8446956,0.002236452,0,,,,
5,Chr5_6375451.0,6375451,0.002236724,1,AT5G19070,AT5G19070,AT5G19070,0.0
3,Chr3_3058564.0,3058564,0.00223707,1,AT3G09940,AT3G09940,AT3G09940,0.0
2,Chr2_13439529.0,13439529,0.002237146,1,AT2G31570,AT2G31570,AT2G31570,0.0
2,Chr2_14568202.0,14568202,0.002237682,1,AT2G34585,AT2G34585,AT2G34585,0.0
5,Chr5_5479995.0,5479995,0.002238104,0,,,,
3,Chr3_17791288.0,17791288,0.00223834,0,,,,
3,Chr3_15906057.0,15906057,0.002238784,0,,,,
5,Chr5_14072689.0,14072689,0.002238923,1,AT5G35930,AT5G35930,AT5G35930,0.0
3,Chr3_5437852.0,5437852,0.002238997,0,,,,
4,Chr4_1594869.0,1594869,0.002239538,0,,,,
2,Chr2_9064676.0,9064676,0.002239774,0,,,,
4,Chr4_9815490.0,9815490,0.002239792,0,,,,
5,Chr5_1056880.0,1056880,0.002240081,1,AT5G03910,AT5G03910,AT5G03910,0.0
1,Chr1_8049069.0,8049069,0.00224014,0,,,,
2,Chr2_13008145.0,13008145,0.002240283,0,,,,
1,Chr1_18087475.0,18087475,0.002241045,1,AT1G48900,AT1G48900,AT1G48900,0.0
1,Chr1_18089717.0,18089717,0.002241045,0,,,,
4,Chr4_1986355.0,1986355,0.002241102,0,,,,
4,Chr4_6682953.0,6682953,0.002241543,0,,,,
4,Chr4_9109734.0,9109734,0.002242731,0,,,,
4,Chr4_16798975.0,16798975,0.002242747,1,AT4G35300,AT4G35300,AT4G35300,0.0
1,Chr1_6176267.0,6176267,0.002243108,0,,,,
4,Chr4_7377247.0,7377247,0.002243895,1,AT4G12440,AT4G12440,AT4G12440,0.0
4,Chr4_7380002.0,7380002,0.002243895,1,AT4G12440,AT4G12440,AT4G12440,0.0
2,Chr2_2190303.0,2190303,0.002244289,0,,,,
2,Chr2_2197479.0,2197479,0.002244289,0,,,,
4,Chr4_6018968.0,6018968,0.002244474,1,AT4G09500,AT4G09500,AT4G09500,0.0
4,Chr4_6018969.0,6018969,0.002244474,1,AT4G09500,AT4G09500,AT4G09500,0.0
4,Chr4_6018996.0,6018996,0.002244474,1,AT4G09500,AT4G09500,AT4G09500,0.0
4,Chr4_6019042.0,6019042,0.002244474,1,AT4G09500,AT4G09500,AT4G09500,0.0
4,Chr4_6019083.0,6019083,0.002244474,1,AT4G09500,AT4G09500,AT4G09500,0.0
1,Chr1_9095543.0,9095543,0.002244501,0,,,,
1,Chr1_10967048.0,10967048,0.002244556,0,,,,
2,Chr2_7942707.0,7942707,0.002244875,1,AT2G18260,AT2G18260,AT2G18260,0.0
2,Chr2_7942708.0,7942708,0.002244875,1,AT2G18260,AT2G18260,AT2G18260,0.0
4,Chr4_14391115.0,14391115,0.002245475,0,,,,
5,Chr5_13297895.0,13297895,0.002245613,0,,,,
5,Chr5_13297916.0,13297916,0.002245613,0,,,,
1,Chr1_22226344.0,22226344,0.002246206,0,,,,
3,Chr3_10742135.0,10742135,0.002246578,0,,,,
2,Chr2_13803691.0,13803691,0.002246751,0,,,,
2,Chr2_6386293.0,6386293,0.00224724,1,AT2G14850,AT2G14850,AT2G14850,0.0
1,Chr1_9095076.0,9095076,0.002247281,0,,,,
2,Chr2_2186201.0,2186201,0.002247475,0,,,,
4,Chr4_6836639.0,6836639,0.002247941,0,,,,
2,Chr2_2303759.0,2303759,0.002247998,0,,,,
1,Chr1_22928117.0,22928117,0.002248249,0,,,,
3,Chr3_14743945.0,14743945,0.002249849,0,,,,
1,Chr1_16590260.0,16590260,0.002250239,0,,,,
3,Chr3_6462936.0,6462936,0.002250351,1,AT3G18770,AT3G18770,AT3G18770,0.0
1,Chr1_23693477.0,23693477,0.00225062,0,,,,
3,Chr3_5258315.0,5258315,0.002250932,0,,,,
1,Chr1_16271809.0,16271809,0.002251362,0,,,,
3,Chr3_13489704.0,13489704,0.00225139,1,AT3G32930,AT3G32930,AT3G32930,0.0
5,Chr5_15145577.0,15145577,0.002251395,0,,,,
3,Chr3_20195272.0,20195272,0.002251945,0,,,,
5,Chr5_9665072.0,9665072,0.002252083,0,,,,
3,Chr3_17838455.0,17838455,0.002252207,0,,,,
1,Chr1_10788855.0,10788855,0.002252842,1,AT1G30475,AT1G30475,AT1G30475,0.0
1,Chr1_10788965.0,10788965,0.002252842,1,AT1G30475,AT1G30475,AT1G30475,0.0
5,Chr5_23314807.0,23314807,0.002252884,1,AT5G57580,AT5G57580,AT5G57580,0.0
2,Chr2_8015335.0,8015335,0.002253362,0,,,,
2,Chr2_8015491.0,8015491,0.002253362,0,,,,
2,Chr2_8016530.0,8016530,0.002253362,0,,,,
2,Chr2_8021281.0,8021281,0.002253362,1,AT2G18490,AT2G18490,AT2G18490,0.0
2,Chr2_8021958.0,8021958,0.002253362,0,,,,
3,Chr3_12713421.0,12713421,0.002253805,0,,,,
5,Chr5_12473642.0,12473642,0.002253892,0,,,,
1,Chr1_7147028.0,7147028,0.002254017,1,AT1G20630,AT1G20630,AT1G20630,0.0
5,Chr5_17742248.0,17742248,0.002254752,0,,,,
3,Chr3_10427214.0,10427214,0.002254794,1,AT3G28030,AT3G28030,AT3G28030,0.0
4,Chr4_7376697.0,7376697,0.002254977,1,AT4G12440,AT4G12440,AT4G12440,0.0
5,Chr5_1238967.0,1238967,0.00225504,0,,,,
5,Chr5_1239077.0,1239077,0.00225504,0,,,,
2,Chr2_12173970.0,12173970,0.002255294,0,,,,
1,Chr1_391210.0,391210,0.002255421,1,AT1G02100,AT1G02100,AT1G02100,0.0
1,Chr1_395547.0,395547,0.002255421,0,,,,
3,Chr3_15841206.0,15841206,0.002255616,0,,,,
5,Chr5_18437676.0,18437676,0.002255977,0,,,,
5,Chr5_18439776.0,18439776,0.002255977,0,,,,
5,Chr5_9151953.0,9151953,0.002256369,1,AT5G26180,AT5G26180,AT5G26180,0.0
5,Chr5_9151954.0,9151954,0.002256369,1,AT5G26180,AT5G26180,AT5G26180,0.0
5,Chr5_9151957.0,9151957,0.002256369,1,AT5G26180,AT5G26180,AT5G26180,0.0
5,Chr5_9151988.0,9151988,0.002256369,1,AT5G26180,AT5G26180,AT5G26180,0.0
5,Chr5_9151989.0,9151989,0.002256369,1,AT5G26180,AT5G26180,AT5G26180,0.0
5,Chr5_26741201.0,26741201,0.002256867,0,,,,
4,Chr4_12133611.0,12133611,0.002257178,1,AT4G23160,AT4G23160,AT4G23160,0.0
5,Chr5_2505317.0,2505317,0.002257528,1,AT5G07830,AT5G07830,AT5G07830,0.0
4,Chr4_16688734.0,16688734,0.002257861,0,,,,
3,Chr3_23405043.0,23405043,0.002257938,1,AT3G63370,AT3G63370,AT3G63370,0.0
3,Chr3_23411141.0,23411141,0.002257938,0,,,,
5,Chr5_10583603.0,10583603,0.002258429,0,,,,
5,Chr5_10583889.0,10583889,0.002258429,0,,,,
3,Chr3_22891779.0,22891779,0.002258484,0,,,,
1,Chr1_1994081.0,1994081,0.002259072,1,AT1G06520,AT1G06520,AT1G06520,0.0
4,Chr4_7784474.0,7784474,0.002259453,1,AT4G13390,AT4G13390,AT4G13390,0.0
1,Chr1_29243610.0,29243610,0.002259492,0,,,,
5,Chr5_14018486.0,14018486,0.002259679,0,,,,
3,Chr3_18800556.0,18800556,0.002259927,1,AT3G50630,AT3G50630,AT3G50630,0.0
4,Chr4_9539735.0,9539735,0.002260773,1,AT4G16950,AT4G16950,AT4G16950,0.0
4,Chr4_9539747.0,9539747,0.002260773,1,AT4G16950,AT4G16950,AT4G16950,0.0
5,Chr5_7715086.0,7715086,0.002260834,0,,,,
1,Chr1_14210721.0,14210721,0.002260954,0,,,,
1,Chr1_14213918.0,14213918,0.002260954,0,,,,
1,Chr1_14214379.0,14214379,0.002260954,0,,,,
1,Chr1_14216467.0,14216467,0.002260954,0,,,,
1,Chr1_14216728.0,14216728,0.002260954,0,,,,
4,Chr4_16058817.0,16058817,0.002261033,0,,,,
4,Chr4_16058823.0,16058823,0.002261033,0,,,,
4,Chr4_16058925.0,16058925,0.002261033,0,,,,
3,Chr3_10748612.0,10748612,0.002261394,0,,,,
1,Chr1_29776449.0,29776449,0.00226233,1,AT1G79150,AT1G79150,AT1G79150,0.0
5,Chr5_492812.0,492812,0.002262999,1,AT5G02340,AT5G02340,AT5G02340,0.0
2,Chr2_13204190.0,13204190,0.002263329,1,AT2G31020,AT2G31020,AT2G31020,0.0
2,Chr2_9244035.0,9244035,0.002263802,1,AT2G21600,AT2G21600,AT2G21600,0.0
4,Chr4_780251.0,780251,0.002264177,1,AT4G01810,AT4G01810,AT4G01810,0.0
2,Chr2_3070870.0,3070870,0.002264541,0,,,,
4,Chr4_15898934.0,15898934,0.002264675,1,AT4G32930,AT4G32930,AT4G32930,0.0
5,Chr5_11372547.0,11372547,0.002265172,0,,,,
1,Chr1_16477633.0,16477633,0.002265435,0,,,,
5,Chr5_1257041.0,1257041,0.002265483,0,,,,
5,Chr5_21977830.0,21977830,0.002266366,1,AT5G54150,AT5G54150,AT5G54150,0.0
5,Chr5_21977858.0,21977858,0.002266366,1,AT5G54150,AT5G54150,AT5G54150,0.0
5,Chr5_21977878.0,21977878,0.002266366,1,AT5G54150,AT5G54150,AT5G54150,0.0
5,Chr5_21977901.0,21977901,0.002266366,1,AT5G54150,AT5G54150,AT5G54150,0.0
5,Chr5_21977952.0,21977952,0.002266366,1,AT5G54150,AT5G54150,AT5G54150,0.0
4,Chr4_645137.0,645137,0.002266675,0,,,,
5,Chr5_18218094.0,18218094,0.002266749,0,,,,
5,Chr5_7715435.0,7715435,0.002266854,0,,,,
4,Chr4_1908148.0,1908148,0.002267037,0,,,,
3,Chr3_14358734.0,14358734,0.002267216,0,,,,
3,Chr3_14358749.0,14358749,0.002267216,0,,,,
3,Chr3_14358750.0,14358750,0.002267216,0,,,,
3,Chr3_14358754.0,14358754,0.002267216,0,,,,
3,Chr3_14358768.0,14358768,0.002267216,0,,,,
1,Chr1_4045618.0,4045618,0.002267248,0,,,,
5,Chr5_6709164.0,6709164,0.002267418,1,AT5G19840,AT5G19840,AT5G19840,0.0
1,Chr1_16577107.0,16577107,0.002267712,0,,,,
3,Chr3_10443833.0,10443833,0.002268272,1,AT3G28050,AT3G28050,AT3G28050,0.0
1,Chr1_175819.0,175819,0.002268415,1,AT1G01480,AT1G01480,AT1G01480,0.0
1,Chr1_175825.0,175825,0.002268415,1,AT1G01480,AT1G01480,AT1G01480,0.0
5,Chr5_15731070.0,15731070,0.002268772,1,AT5G39280,AT5G39280,AT5G39280,0.0
5,Chr5_13778633.0,13778633,0.002268815,0,,,,
5,Chr5_13780552.0,13780552,0.002268815,0,,,,
5,Chr5_13783989.0,13783989,0.002268815,0,,,,
5,Chr5_13785509.0,13785509,0.002268815,1,AT5G35603,AT5G35603,AT5G35603,0.0
4,Chr4_9224664.0,9224664,0.002268914,1,AT4G16310,AT4G16310,AT4G16310,0.0
2,Chr2_14559531.0,14559531,0.002269017,0,,,,
2,Chr2_17342141.0,17342141,0.002269371,0,,,,
5,Chr5_9369274.0,9369274,0.002269671,0,,,,
3,Chr3_15767779.0,15767779,0.00227098,0,,,,
3,Chr3_15767829.0,15767829,0.00227098,0,,,,
3,Chr3_18624117.0,18624117,0.002271041,1,AT3G50240,AT3G50240,AT3G50240,0.0
3,Chr3_18624120.0,18624120,0.002271041,1,AT3G50240,AT3G50240,AT3G50240,0.0
3,Chr3_18624122.0,18624122,0.002271041,1,AT3G50240,AT3G50240,AT3G50240,0.0
3,Chr3_18624126.0,18624126,0.002271041,1,AT3G50240,AT3G50240,AT3G50240,0.0
3,Chr3_18624127.0,18624127,0.002271041,1,AT3G50240,AT3G50240,AT3G50240,0.0
5,Chr5_9278463.0,9278463,0.002271865,1,AT5G26667,AT5G26667,AT5G26667,0.0
3,Chr3_10458559.0,10458559,0.002272138,1,AT3G28100,AT3G28100,AT3G28100,0.0
3,Chr3_10464661.0,10464661,0.002272138,0,,,,
3,Chr3_10465408.0,10465408,0.002272138,0,,,,
3,Chr3_10473908.0,10473908,0.002272138,0,,,,
3,Chr3_10486781.0,10486781,0.002272138,0,,,,
3,Chr3_14066834.0,14066834,0.002272139,0,,,,
5,Chr5_6821842.0,6821842,0.002272361,0,,,,
3,Chr3_8661911.0,8661911,0.002273245,0,,,,
3,Chr3_8663900.0,8663900,0.002273245,1,AT3G23980,AT3G23980,AT3G23980,0.0
3,Chr3_8666999.0,8666999,0.002273245,1,AT3G23980,AT3G23980,AT3G23980,0.0
4,Chr4_2410293.0,2410293,0.002273513,0,,,,
3,Chr3_21245737.0,21245737,0.00227396,1,AT3G57410,AT3G57410,AT3G57410,0.0
5,Chr5_2455115.0,2455115,0.002274445,1,AT5G07710,AT5G07710,AT5G07710,0.0
5,Chr5_2456353.0,2456353,0.002274445,1,AT5G07720,AT5G07720,AT5G07720,0.0
5,Chr5_2461240.0,2461240,0.002274445,1,AT5G07740,AT5G07740,AT5G07740,0.0
4,Chr4_1952921.0,1952921,0.002274868,0,,,,
5,Chr5_1053102.0,1053102,0.002275072,1,AT5G03905,AT5G03905,AT5G03905,0.0
4,Chr4_1996231.0,1996231,0.002275462,0,,,,
5,Chr5_26435615.0,26435615,0.002276075,1,AT5G66130,AT5G66130,AT5G66130,0.0
3,Chr3_13028793.0,13028793,0.002277232,0,,,,
3,Chr3_5155804.0,5155804,0.002277614,0,,,,
2,Chr2_15730993.0,15730993,0.002277943,0,,,,
3,Chr3_12709072.0,12709072,0.002279362,0,,,,
2,Chr2_9734970.0,9734970,0.002279721,0,,,,
5,Chr5_10937369.0,10937369,0.002279906,0,,,,
5,Chr5_9084735.0,9084735,0.00228028,0,,,,
5,Chr5_9085010.0,9085010,0.00228028,0,,,,
2,Chr2_2163265.0,2163265,0.00228052,0,,,,
1,Chr1_12878868.0,12878868,0.002280704,0,,,,
5,Chr5_9884255.0,9884255,0.002281729,0,,,,
2,Chr2_14566244.0,14566244,0.002281994,1,AT2G34580,AT2G34580,AT2G34580,0.0
1,Chr1_27984164.0,27984164,0.002282402,1,AT1G74450,AT1G74450,AT1G74450,0.0
5,Chr5_7525118.0,7525118,0.002282512,1,AT5G22630,AT5G22630,AT5G22630,0.0
5,Chr5_12462306.0,12462306,0.002282512,0,,,,
5,Chr5_20228046.0,20228046,0.00228295,0,,,,
5,Chr5_26928701.0,26928701,0.002283523,1,AT5G67470,AT5G67470,AT5G67470,0.0
5,Chr5_26929486.0,26929486,0.002283523,1,AT5G67470,AT5G67470,AT5G67470,0.0
5,Chr5_26929647.0,26929647,0.002283523,1,AT5G67470,AT5G67470,AT5G67470,0.0
5,Chr5_26929650.0,26929650,0.002283523,1,AT5G67470,AT5G67470,AT5G67470,0.0
5,Chr5_26929660.0,26929660,0.002283523,1,AT5G67470,AT5G67470,AT5G67470,0.0
5,Chr5_26929705.0,26929705,0.002283523,1,AT5G67470,AT5G67470,AT5G67470,0.0
5,Chr5_26929848.0,26929848,0.002283523,1,AT5G67470,AT5G67470,AT5G67470,0.0
5,Chr5_26929894.0,26929894,0.002283523,1,AT5G67470,AT5G67470,AT5G67470,0.0
5,Chr5_26929906.0,26929906,0.002283523,1,AT5G67470,AT5G67470,AT5G67470,0.0
5,Chr5_26929957.0,26929957,0.002283523,1,AT5G67470,AT5G67470,AT5G67470,0.0
3,Chr3_18857302.0,18857302,0.002283869,0,,,,
5,Chr5_3662376.0,3662376,0.00228409,0,,,,
5,Chr5_3666454.0,3666454,0.00228409,1,AT5G11470,AT5G11470,AT5G11470,0.0
5,Chr5_13771884.0,13771884,0.002284614,0,,,,
5,Chr5_13773796.0,13773796,0.002284614,0,,,,
5,Chr5_17336887.0,17336887,0.00228548,1,AT5G43180,AT5G43180,AT5G43180,0.0
1,Chr1_11351979.0,11351979,0.002285795,1,AT1G31710,AT1G31710,AT1G31710,0.0
1,Chr1_11352003.0,11352003,0.002285795,1,AT1G31710,AT1G31710,AT1G31710,0.0
5,Chr5_15464261.0,15464261,0.002286125,1,AT5G38620,AT5G38620,AT5G38620,0.0
5,Chr5_15464281.0,15464281,0.002286125,1,AT5G38620,AT5G38620,AT5G38620,0.0
5,Chr5_15464290.0,15464290,0.002286125,1,AT5G38620,AT5G38620,AT5G38620,0.0
5,Chr5_15464305.0,15464305,0.002286125,1,AT5G38620,AT5G38620,AT5G38620,0.0
5,Chr5_15464352.0,15464352,0.002286125,1,AT5G38620,AT5G38620,AT5G38620,0.0
5,Chr5_15464373.0,15464373,0.002286125,1,AT5G38620,AT5G38620,AT5G38620,0.0
5,Chr5_15464374.0,15464374,0.002286125,1,AT5G38620,AT5G38620,AT5G38620,0.0
5,Chr5_25970617.0,25970617,0.002286148,1,AT5G65010,AT5G65010,AT5G65010,0.0
5,Chr5_15434654.0,15434654,0.002286165,1,AT5G38550,AT5G38550,AT5G38550,0.0
3,Chr3_14802527.0,14802527,0.002286202,0,,,,
2,Chr2_920887.0,920887,0.002286741,0,,,,
3,Chr3_15071845.0,15071845,0.002286933,0,,,,
1,Chr1_16378516.0,16378516,0.002287165,0,,,,
3,Chr3_14236047.0,14236047,0.002287636,0,,,,
3,Chr3_21748082.0,21748082,0.002287786,0,,,,
5,Chr5_20320634.0,20320634,0.0022878,1,AT5G49950,AT5G49950,AT5G49950,0.0
4,Chr4_10827207.0,10827207,0.002287889,0,,,,
3,Chr3_15371169.0,15371169,0.002288128,0,,,,
5,Chr5_13386961.0,13386961,0.002288707,1,AT5G35120,AT5G35120,AT5G35120,0.0
2,Chr2_3080775.0,3080775,0.002289011,0,,,,
5,Chr5_8439267.0,8439267,0.002289088,0,,,,
4,Chr4_6367534.0,6367534,0.002289298,0,,,,
5,Chr5_26864423.0,26864423,0.002291165,0,,,,
5,Chr5_26864533.0,26864533,0.002291165,0,,,,
5,Chr5_26864576.0,26864576,0.002291165,1,AT5G67340,AT5G67340,AT5G67340,0.0
1,Chr1_2989158.0,2989158,0.002291615,0,,,,
5,Chr5_15147710.0,15147710,0.002291793,0,,,,
1,Chr1_4213809.0,4213809,0.002292286,0,,,,
1,Chr1_4213901.0,4213901,0.002292286,0,,,,
1,Chr1_20188212.0,20188212,0.002292328,0,,,,
1,Chr1_3463528.0,3463528,0.002292392,1,AT1G10510,AT1G10510,AT1G10510,0.0
5,Chr5_9056772.0,9056772,0.002292547,0,,,,
4,Chr4_2009585.0,2009585,0.002292603,0,,,,
5,Chr5_15132982.0,15132982,0.002292668,1,AT5G37980,AT5G37980,AT5G37980,0.0
5,Chr5_15133060.0,15133060,0.002292668,1,AT5G37980,AT5G37980,AT5G37980,0.0
1,Chr1_21445432.0,21445432,0.002293089,0,,,,
5,Chr5_8273447.0,8273447,0.002293576,0,,,,
5,Chr5_22660328.0,22660328,0.002293973,1,AT5G55950,AT5G55950,AT5G55950,0.0
4,Chr4_758280.0,758280,0.002294166,1,AT4G01750,AT4G01750,AT4G01750,0.0
4,Chr4_6836873.0,6836873,0.002294208,0,,,,
4,Chr4_6836890.0,6836890,0.002294208,0,,,,
3,Chr3_16395733.0,16395733,0.002294439,0,,,,
4,Chr4_8010459.0,8010459,0.002294625,1,AT4G13820,AT4G13820,AT4G13820,0.0
4,Chr4_8010502.0,8010502,0.002294625,1,AT4G13820,AT4G13820,AT4G13820,0.0
5,Chr5_10600945.0,10600945,0.002295092,0,,,,
5,Chr5_9071258.0,9071258,0.002295096,0,,,,
1,Chr1_19361552.0,19361552,0.002295344,0,,,,
5,Chr5_876148.0,876148,0.002295533,0,,,,
5,Chr5_7705175.0,7705175,0.002295617,1,AT5G23010,AT5G23010,AT5G23010,0.0
5,Chr5_7705215.0,7705215,0.002295617,1,AT5G23010,AT5G23010,AT5G23010,0.0
5,Chr5_7705218.0,7705218,0.002295617,1,AT5G23010,AT5G23010,AT5G23010,0.0
5,Chr5_7705219.0,7705219,0.002295617,1,AT5G23010,AT5G23010,AT5G23010,0.0
2,Chr2_13438832.0,13438832,0.002295755,1,AT2G31570,AT2G31570,AT2G31570,0.0
2,Chr2_13438844.0,13438844,0.002295755,1,AT2G31570,AT2G31570,AT2G31570,0.0
2,Chr2_13438852.0,13438852,0.002295755,1,AT2G31570,AT2G31570,AT2G31570,0.0
2,Chr2_13438870.0,13438870,0.002295755,1,AT2G31570,AT2G31570,AT2G31570,0.0
2,Chr2_13438991.0,13438991,0.002295755,1,AT2G31570,AT2G31570,AT2G31570,0.0
2,Chr2_13438994.0,13438994,0.002295755,1,AT2G31570,AT2G31570,AT2G31570,0.0
2,Chr2_13439044.0,13439044,0.002295755,1,AT2G31570,AT2G31570,AT2G31570,0.0
2,Chr2_13439057.0,13439057,0.002295755,1,AT2G31570,AT2G31570,AT2G31570,0.0
2,Chr2_13439081.0,13439081,0.002295755,1,AT2G31570,AT2G31570,AT2G31570,0.0
2,Chr2_13439083.0,13439083,0.002295755,1,AT2G31570,AT2G31570,AT2G31570,0.0
2,Chr2_13439084.0,13439084,0.002295755,1,AT2G31570,AT2G31570,AT2G31570,0.0
2,Chr2_13439105.0,13439105,0.002295755,1,AT2G31570,AT2G31570,AT2G31570,0.0
2,Chr2_13439107.0,13439107,0.002295755,1,AT2G31570,AT2G31570,AT2G31570,0.0
2,Chr2_13439121.0,13439121,0.002295755,1,AT2G31570,AT2G31570,AT2G31570,0.0
2,Chr2_13439128.0,13439128,0.002295755,1,AT2G31570,AT2G31570,AT2G31570,0.0
2,Chr2_13439153.0,13439153,0.002295755,1,AT2G31570,AT2G31570,AT2G31570,0.0
2,Chr2_13439160.0,13439160,0.002295755,1,AT2G31570,AT2G31570,AT2G31570,0.0
2,Chr2_13439164.0,13439164,0.002295755,1,AT2G31570,AT2G31570,AT2G31570,0.0
2,Chr2_13439184.0,13439184,0.002295755,1,AT2G31570,AT2G31570,AT2G31570,0.0
2,Chr2_13439188.0,13439188,0.002295755,1,AT2G31570,AT2G31570,AT2G31570,0.0
2,Chr2_13439189.0,13439189,0.002295755,1,AT2G31570,AT2G31570,AT2G31570,0.0
2,Chr2_13439213.0,13439213,0.002295755,1,AT2G31570,AT2G31570,AT2G31570,0.0
2,Chr2_13439326.0,13439326,0.002295755,1,AT2G31570,AT2G31570,AT2G31570,0.0
1,Chr1_19555081.0,19555081,0.002295757,1,AT1G52470,AT1G52470,AT1G52470,0.0
1,Chr1_19555387.0,19555387,0.002295757,1,AT1G52470,AT1G52470,AT1G52470,0.0
4,Chr4_6508615.0,6508615,0.002295804,1,AT4G10530,AT4G10530,AT4G10530,0.0
4,Chr4_9584017.0,9584017,0.002295885,0,,,,
1,Chr1_3104023.0,3104023,0.002295904,0,,,,
1,Chr1_13270264.0,13270264,0.00229596,0,,,,
4,Chr4_9109705.0,9109705,0.002296124,0,,,,
5,Chr5_6485558.0,6485558,0.002296599,0,,,,
2,Chr2_1376059.0,1376059,0.002296831,0,,,,
1,Chr1_16889119.0,16889119,0.00229699,1,AT1G44740,AT1G44740,AT1G44740,0.0
3,Chr3_16276902.0,16276902,0.002297152,0,,,,
3,Chr3_16277204.0,16277204,0.002297152,0,,,,
3,Chr3_16277215.0,16277215,0.002297152,0,,,,
3,Chr3_16277767.0,16277767,0.002297152,0,,,,
3,Chr3_16278529.0,16278529,0.002297152,0,,,,
3,Chr3_16278574.0,16278574,0.002297152,0,,,,
3,Chr3_16279144.0,16279144,0.002297152,0,,,,
5,Chr5_14154041.0,14154041,0.002297696,0,,,,
5,Chr5_26812952.0,26812952,0.002298087,0,,,,
1,Chr1_26908918.0,26908918,0.002298541,0,,,,
1,Chr1_17296488.0,17296488,0.002299047,0,,,,
1,Chr1_13456781.0,13456781,0.00229929,0,,,,
4,Chr4_13092701.0,13092701,0.002299317,0,,,,
5,Chr5_847764.0,847764,0.002300305,1,AT5G03420,AT5G03420,AT5G03420,0.0
5,Chr5_847775.0,847775,0.002300305,1,AT5G03420,AT5G03420,AT5G03420,0.0
5,Chr5_848339.0,848339,0.002300305,1,AT5G03420,AT5G03420,AT5G03420,0.0
5,Chr5_848478.0,848478,0.002300305,1,AT5G03420,AT5G03420,AT5G03420,0.0
2,Chr2_1797507.0,1797507,0.002300487,0,,,,
1,Chr1_11930232.0,11930232,0.002300916,0,,,,
4,Chr4_9301873.0,9301873,0.002300939,1,AT4G16500,AT4G16500,AT4G16500,0.0
1,Chr1_14933289.0,14933289,0.002301446,0,,,,
4,Chr4_17526365.0,17526365,0.002301658,0,,,,
2,Chr2_11761363.0,11761363,0.002302058,0,,,,
2,Chr2_11761568.0,11761568,0.002302058,0,,,,
2,Chr2_11761641.0,11761641,0.002302058,0,,,,
2,Chr2_11762045.0,11762045,0.002302058,0,,,,
2,Chr2_11762260.0,11762260,0.002302058,1,AT2G27520,AT2G27520,AT2G27520,0.0
2,Chr2_6415432.0,6415432,0.002303234,0,,,,
2,Chr2_1011089.0,1011089,0.002303308,1,AT2G03330,AT2G03330,AT2G03330,0.0
5,Chr5_15104257.0,15104257,0.002303514,0,,,,
2,Chr2_17340175.0,17340175,0.002303579,0,,,,
2,Chr2_17340383.0,17340383,0.002303579,0,,,,
2,Chr2_8152052.0,8152052,0.002303735,0,,,,
2,Chr2_8154965.0,8154965,0.002303735,0,,,,
2,Chr2_7943253.0,7943253,0.002303761,1,AT2G18260,AT2G18260,AT2G18260,0.0
5,Chr5_16406513.0,16406513,0.00230411,0,,,,
5,Chr5_1238226.0,1238226,0.002304256,0,,,,
1,Chr1_4388565.0,4388565,0.002304279,1,AT1G12870,AT1G12870,AT1G12870,0.0
4,Chr4_9429059.0,9429059,0.002304497,0,,,,
5,Chr5_13778185.0,13778185,0.002304506,0,,,,
5,Chr5_13778186.0,13778186,0.002304506,0,,,,
5,Chr5_13781233.0,13781233,0.002304506,0,,,,
5,Chr5_13782751.0,13782751,0.002304506,0,,,,
5,Chr5_13782953.0,13782953,0.002304506,0,,,,
5,Chr5_13786889.0,13786889,0.002304506,0,,,,
5,Chr5_13786907.0,13786907,0.002304506,0,,,,
5,Chr5_13792448.0,13792448,0.002304506,0,,,,
5,Chr5_13797750.0,13797750,0.002304506,0,,,,
5,Chr5_13799935.0,13799935,0.002304506,0,,,,
5,Chr5_13800781.0,13800781,0.002304506,0,,,,
1,Chr1_16560382.0,16560382,0.002304519,0,,,,
1,Chr1_7298130.0,7298130,0.002305309,1,AT1G20950,AT1G20950,AT1G20950,0.0
1,Chr1_7298132.0,7298132,0.002305309,1,AT1G20950,AT1G20950,AT1G20950,0.0
1,Chr1_3794808.0,3794808,0.002306416,1,AT1G11300,AT1G11300,AT1G11300,0.0
5,Chr5_11070889.0,11070889,0.002306833,0,,,,
2,Chr2_1149512.0,1149512,0.00230737,1,AT2G03760,AT2G03760,AT2G03760,0.0
3,Chr3_20703712.0,20703712,0.002307557,1,AT3G55770,AT3G55770,AT3G55770,0.0
1,Chr1_9627354.0,9627354,0.002308006,0,,,,
3,Chr3_9505354.0,9505354,0.002308171,1,AT3G25990,AT3G25990,AT3G25990,0.0
2,Chr2_1149520.0,1149520,0.002308421,1,AT2G03760,AT2G03760,AT2G03760,0.0
5,Chr5_11363253.0,11363253,0.00230894,0,,,,
2,Chr2_417633.0,417633,0.002309099,1,AT2G01910,AT2G01910,AT2G01910,0.0
2,Chr2_15372691.0,15372691,0.002309496,0,,,,
1,Chr1_3991222.0,3991222,0.002310079,1,AT1G11820,AT1G11820,AT1G11820,0.0
1,Chr1_4093309.0,4093309,0.002310133,0,,,,
5,Chr5_16411249.0,16411249,0.002310865,1,AT5G40950,AT5G40950,AT5G40950,0.0
5,Chr5_16411254.0,16411254,0.002310865,1,AT5G40950,AT5G40950,AT5G40950,0.0
5,Chr5_16411255.0,16411255,0.002310865,1,AT5G40950,AT5G40950,AT5G40950,0.0
4,Chr4_2527008.0,2527008,0.002311089,1,AT4G04957,AT4G04957,AT4G04957,0.0
1,Chr1_23715580.0,23715580,0.002311132,1,AT1G63880,AT1G63880,AT1G63880,0.0
1,Chr1_26908699.0,26908699,0.002311444,1,AT1G71390,AT1G71390,AT1G71390,0.0
3,Chr3_14401561.0,14401561,0.002312096,0,,,,
2,Chr2_99922.0,99922,0.002312176,0,,,,
2,Chr2_2259757.0,2259757,0.00231232,0,,,,
3,Chr3_14692588.0,14692588,0.002312606,0,,,,
1,Chr1_16741858.0,16741858,0.002312697,0,,,,
1,Chr1_15645430.0,15645430,0.002312808,0,,,,
3,Chr3_22651388.0,22651388,0.00231329,1,AT3G61190,AT3G61190,AT3G61190,0.0
3,Chr3_22651389.0,22651389,0.00231329,1,AT3G61190,AT3G61190,AT3G61190,0.0
4,Chr4_6034212.0,6034212,0.002313358,0,,,,
4,Chr4_18315249.0,18315249,0.002314225,0,,,,
4,Chr4_18315629.0,18315629,0.002314225,1,AT4G39390,AT4G39390,AT4G39390,0.0
4,Chr4_18315643.0,18315643,0.002314225,1,AT4G39390,AT4G39390,AT4G39390,0.0
4,Chr4_18315665.0,18315665,0.002314225,1,AT4G39390,AT4G39390,AT4G39390,0.0
4,Chr4_8109310.0,8109310,0.002314315,0,,,,
5,Chr5_11166438.0,11166438,0.002314407,0,,,,
5,Chr5_5674229.0,5674229,0.002314463,0,,,,
3,Chr3_16798083.0,16798083,0.002314565,0,,,,
5,Chr5_25921226.0,25921226,0.002314627,0,,,,
1,Chr1_6162088.0,6162088,0.002314684,1,AT1G17920,AT1G17920,AT1G17920,0.0
1,Chr1_6164711.0,6164711,0.002314684,1,AT1G17920,AT1G17920,AT1G17920,0.0
1,Chr1_6167560.0,6167560,0.002314684,1,AT1G17930,AT1G17930,AT1G17930,0.0
3,Chr3_5156351.0,5156351,0.002315584,0,,,,
3,Chr3_13952765.0,13952765,0.002315718,0,,,,
3,Chr3_13984712.0,13984712,0.002316177,0,,,,
2,Chr2_4769092.0,4769092,0.002317252,0,,,,
2,Chr2_4770876.0,4770876,0.002317252,0,,,,
2,Chr2_4772270.0,4772270,0.002317252,0,,,,
2,Chr2_4772453.0,4772453,0.002317252,0,,,,
2,Chr2_4773070.0,4773070,0.002317252,0,,,,
2,Chr2_4773907.0,4773907,0.002317252,0,,,,
2,Chr2_4783584.0,4783584,0.002317252,0,,,,
2,Chr2_4783752.0,4783752,0.002317252,0,,,,
2,Chr2_4784602.0,4784602,0.002317252,0,,,,
2,Chr2_4785573.0,4785573,0.002317252,0,,,,
2,Chr2_4785611.0,4785611,0.002317252,0,,,,
2,Chr2_4787841.0,4787841,0.002317252,1,AT2G11851,AT2G11851,AT2G11851,0.0
2,Chr2_4789671.0,4789671,0.002317252,2,AT2G11851;AT2G11852,AT2G11851,AT2G11851,0.0
5,Chr5_1109276.0,1109276,0.002317334,0,,,,
1,Chr1_25351970.0,25351970,0.002318109,0,,,,
1,Chr1_25352970.0,25352970,0.002318109,1,AT1G67640,AT1G67640,AT1G67640,0.0
5,Chr5_14052723.0,14052723,0.002318948,0,,,,
3,Chr3_15579387.0,15579387,0.002319484,0,,,,
5,Chr5_22203281.0,22203281,0.002320309,0,,,,
5,Chr5_22203295.0,22203295,0.002320309,0,,,,
4,Chr4_14841406.0,14841406,0.002320974,0,,,,
4,Chr4_16288177.0,16288177,0.002321309,1,AT4G33985,AT4G33985,AT4G33985,0.0
2,Chr2_7433832.0,7433832,0.00232148,1,AT2G17080,AT2G17080,AT2G17080,0.0
3,Chr3_11937803.0,11937803,0.002321554,0,,,,
3,Chr3_11937831.0,11937831,0.002321554,0,,,,
2,Chr2_1107622.0,1107622,0.002321944,0,,,,
2,Chr2_1107980.0,1107980,0.002321944,0,,,,
2,Chr2_1108807.0,1108807,0.002321944,0,,,,
2,Chr2_1111131.0,1111131,0.002321944,0,,,,
2,Chr2_1112121.0,1112121,0.002321944,0,,,,
4,Chr4_6488657.0,6488657,0.002321959,0,,,,
5,Chr5_13987335.0,13987335,0.002322073,0,,,,
4,Chr4_6696993.0,6696993,0.002322673,2,AT4G10910;AT4G10920,AT4G10910,AT4G10910,0.0
5,Chr5_26362869.0,26362869,0.002322722,1,AT5G65910,AT5G65910,AT5G65910,0.0
5,Chr5_26364240.0,26364240,0.002322722,1,AT5G65920,AT5G65920,AT5G65920,0.0
4,Chr4_10973956.0,10973956,0.002322794,0,,,,
4,Chr4_11002678.0,11002678,0.002322794,1,AT4G20370,AT4G20370,AT4G20370,0.0
4,Chr4_11015320.0,11015320,0.002322794,1,AT4G20410,AT4G20410,AT4G20410,0.0
1,Chr1_6414990.0,6414990,0.002322813,1,AT1G18630,AT1G18630,AT1G18630,0.0
1,Chr1_6430435.0,6430435,0.002322813,1,AT1G18670,AT1G18670,AT1G18670,0.0
1,Chr1_6445330.0,6445330,0.002322813,0,,,,
1,Chr1_6488047.0,6488047,0.002322813,0,,,,
3,Chr3_20783449.0,20783449,0.002323139,1,AT3G56000,AT3G56000,AT3G56000,0.0
3,Chr3_16409570.0,16409570,0.00232321,1,AT3G44935,AT3G44935,AT3G44935,0.0
1,Chr1_11697917.0,11697917,0.00232344,0,,,,
3,Chr3_16121502.0,16121502,0.002323575,1,AT3G44530,AT3G44530,AT3G44530,0.0
3,Chr3_16121615.0,16121615,0.002323575,0,,,,
5,Chr5_5588113.0,5588113,0.002323654,1,AT5G17010,AT5G17010,AT5G17010,0.0
5,Chr5_5587039.0,5587039,0.002323721,1,AT5G17000,AT5G17000,AT5G17000,0.0
5,Chr5_5587040.0,5587040,0.002323721,1,AT5G17000,AT5G17000,AT5G17000,0.0
2,Chr2_384718.0,384718,0.002323898,0,,,,
4,Chr4_2028401.0,2028401,0.002324006,1,AT4G04200,AT4G04200,AT4G04200,0.0
3,Chr3_11307198.0,11307198,0.002324202,0,,,,
3,Chr3_14443455.0,14443455,0.002324904,0,,,,
1,Chr1_13441339.0,13441339,0.002325187,0,,,,
3,Chr3_14009553.0,14009553,0.002325524,0,,,,
2,Chr2_3662701.0,3662701,0.002325765,0,,,,
4,Chr4_9441663.0,9441663,0.002325803,0,,,,
4,Chr4_9441695.0,9441695,0.002325803,0,,,,
4,Chr4_9441702.0,9441702,0.002325803,0,,,,
2,Chr2_842039.0,842039,0.002325811,1,AT2G02880,AT2G02880,AT2G02880,0.0
2,Chr2_842074.0,842074,0.002325811,1,AT2G02880,AT2G02880,AT2G02880,0.0
2,Chr2_843537.0,843537,0.002325811,0,,,,
5,Chr5_13828387.0,13828387,0.002327078,0,,,,
4,Chr4_6340656.0,6340656,0.002327532,0,,,,
4,Chr4_6340937.0,6340937,0.002327532,0,,,,
4,Chr4_6342676.0,6342676,0.002327532,0,,,,
4,Chr4_2629631.0,2629631,0.002327679,0,,,,
4,Chr4_2629650.0,2629650,0.002327679,0,,,,
4,Chr4_2629849.0,2629849,0.002327679,0,,,,
4,Chr4_2629851.0,2629851,0.002327679,0,,,,
4,Chr4_2629984.0,2629984,0.002327679,0,,,,
3,Chr3_22179670.0,22179670,0.002327735,1,AT3G60040,AT3G60040,AT3G60040,0.0
5,Chr5_579509.0,579509,0.002328403,0,,,,
4,Chr4_1953998.0,1953998,0.00232958,0,,,,
3,Chr3_11105388.0,11105388,0.002329853,0,,,,
3,Chr3_13876192.0,13876192,0.002329998,0,,,,
4,Chr4_4064140.0,4064140,0.002330209,0,,,,
2,Chr2_704686.0,704686,0.00233058,0,,,,
5,Chr5_17880935.0,17880935,0.002330868,1,AT5G44380,AT5G44380,AT5G44380,0.0
5,Chr5_17880953.0,17880953,0.002330868,1,AT5G44380,AT5G44380,AT5G44380,0.0
5,Chr5_17880977.0,17880977,0.002330868,1,AT5G44380,AT5G44380,AT5G44380,0.0
1,Chr1_30139757.0,30139757,0.002331147,1,AT1G80120,AT1G80120,AT1G80120,0.0
1,Chr1_13037508.0,13037508,0.002331252,0,,,,
1,Chr1_21586508.0,21586508,0.002331273,0,,,,
1,Chr1_24337022.0,24337022,0.002331841,0,,,,
5,Chr5_26677868.0,26677868,0.002332801,0,,,,
5,Chr5_1058576.0,1058576,0.002332835,1,AT5G03920,AT5G03920,AT5G03920,0.0
5,Chr5_1058602.0,1058602,0.002332835,1,AT5G03920,AT5G03920,AT5G03920,0.0
5,Chr5_1058606.0,1058606,0.002332835,1,AT5G03920,AT5G03920,AT5G03920,0.0
2,Chr2_9149662.0,9149662,0.002333142,1,AT2G21385,AT2G21385,AT2G21385,0.0
3,Chr3_14737774.0,14737774,0.002333215,0,,,,
4,Chr4_6695797.0,6695797,0.002333622,0,,,,
3,Chr3_17209623.0,17209623,0.002333893,0,,,,
1,Chr1_13458532.0,13458532,0.002334267,0,,,,
1,Chr1_17719322.0,17719322,0.002334321,0,,,,
1,Chr1_1388385.0,1388385,0.002334386,1,AT1G04910,AT1G04910,AT1G04910,0.0
4,Chr4_1984232.0,1984232,0.002334467,0,,,,
5,Chr5_12906581.0,12906581,0.002334549,0,,,,
1,Chr1_17623947.0,17623947,0.002334926,0,,,,
4,Chr4_2234233.0,2234233,0.002335045,1,AT4G04490,AT4G04490,AT4G04490,0.0
5,Chr5_8501859.0,8501859,0.002335128,1,AT5G24770,AT5G24770,AT5G24770,0.0
5,Chr5_8507968.0,8507968,0.002335128,1,AT5G24780,AT5G24780,AT5G24780,0.0
5,Chr5_8508394.0,8508394,0.002335128,1,AT5G24780,AT5G24780,AT5G24780,0.0
5,Chr5_8508866.0,8508866,0.002335128,1,AT5G24780,AT5G24780,AT5G24780,0.0
5,Chr5_8508891.0,8508891,0.002335128,1,AT5G24780,AT5G24780,AT5G24780,0.0
5,Chr5_8508903.0,8508903,0.002335128,1,AT5G24780,AT5G24780,AT5G24780,0.0
5,Chr5_8508990.0,8508990,0.002335128,0,,,,
5,Chr5_8509012.0,8509012,0.002335128,0,,,,
5,Chr5_8509049.0,8509049,0.002335128,0,,,,
5,Chr5_8509129.0,8509129,0.002335128,0,,,,
5,Chr5_8509155.0,8509155,0.002335128,0,,,,
5,Chr5_8509174.0,8509174,0.002335128,0,,,,
5,Chr5_8509326.0,8509326,0.002335128,0,,,,
1,Chr1_16899623.0,16899623,0.002335341,0,,,,
4,Chr4_1762740.0,1762740,0.002335439,0,,,,
4,Chr4_1765581.0,1765581,0.002335439,0,,,,
3,Chr3_9258301.0,9258301,0.002336148,0,,,,
1,Chr1_8283050.0,8283050,0.002336659,0,,,,
1,Chr1_6673058.0,6673058,0.002336701,0,,,,
4,Chr4_2087431.0,2087431,0.002337101,0,,,,
5,Chr5_24468737.0,24468737,0.002337146,0,,,,
5,Chr5_15461668.0,15461668,0.00233785,0,,,,
5,Chr5_15461710.0,15461710,0.00233785,0,,,,
2,Chr2_19439377.0,19439377,0.002337894,1,AT2G47370,AT2G47370,AT2G47370,0.0
5,Chr5_5302523.0,5302523,0.002338365,0,,,,
1,Chr1_6141441.0,6141441,0.002338922,0,,,,
3,Chr3_22603728.0,22603728,0.002338959,1,AT3G61060,AT3G61060,AT3G61060,0.0
3,Chr3_22603742.0,22603742,0.002338959,1,AT3G61060,AT3G61060,AT3G61060,0.0
3,Chr3_22603870.0,22603870,0.002338959,1,AT3G61060,AT3G61060,AT3G61060,0.0
3,Chr3_22609003.0,22609003,0.002338959,1,AT3G61080,AT3G61080,AT3G61080,0.0
5,Chr5_13578566.0,13578566,0.002339136,0,,,,
4,Chr4_16377852.0,16377852,0.002339288,0,,,,
4,Chr4_16739117.0,16739117,0.002339708,1,AT4G35180,AT4G35180,AT4G35180,0.0
4,Chr4_16742607.0,16742607,0.002339708,0,,,,
5,Chr5_15440558.0,15440558,0.002340157,1,AT5G38560,AT5G38560,AT5G38560,0.0
5,Chr5_15445653.0,15445653,0.002340157,1,AT5G38565,AT5G38565,AT5G38565,0.0
2,Chr2_3682669.0,3682669,0.002340265,0,,,,
2,Chr2_11053556.0,11053556,0.002340666,0,,,,
2,Chr2_18351482.0,18351482,0.002341241,0,,,,
1,Chr1_22272008.0,22272008,0.002341487,1,AT1G60450,AT1G60450,AT1G60450,0.0
3,Chr3_18271850.0,18271850,0.002341592,0,,,,
2,Chr2_7327457.0,7327457,0.002341974,0,,,,
2,Chr2_9021447.0,9021447,0.00234198,1,AT2G21010,AT2G21010,AT2G21010,0.0
4,Chr4_15916217.0,15916217,0.00234281,1,AT4G32980,AT4G32980,AT4G32980,0.0
4,Chr4_15917531.0,15917531,0.00234281,1,AT4G32980,AT4G32980,AT4G32980,0.0
3,Chr3_14803707.0,14803707,0.002343256,0,,,,
3,Chr3_14803870.0,14803870,0.002343256,0,,,,
3,Chr3_14803890.0,14803890,0.002343256,0,,,,
4,Chr4_16627857.0,16627857,0.002345437,1,AT4G34900,AT4G34900,AT4G34900,0.0
3,Chr3_22612940.0,22612940,0.00234582,0,,,,
1,Chr1_22270384.0,22270384,0.002345856,0,,,,
3,Chr3_14692454.0,14692454,0.002346586,0,,,,
2,Chr2_3678782.0,3678782,0.002346883,0,,,,
2,Chr2_3678814.0,3678814,0.002346883,0,,,,
4,Chr4_13739726.0,13739726,0.002347171,0,,,,
4,Chr4_13739728.0,13739728,0.002347171,0,,,,
4,Chr4_13739816.0,13739816,0.002347171,1,AT4G27490,AT4G27490,AT4G27490,0.0
4,Chr4_13739861.0,13739861,0.002347171,1,AT4G27490,AT4G27490,AT4G27490,0.0
4,Chr4_13739864.0,13739864,0.002347171,1,AT4G27490,AT4G27490,AT4G27490,0.0
4,Chr4_13739875.0,13739875,0.002347171,1,AT4G27490,AT4G27490,AT4G27490,0.0
5,Chr5_9873410.0,9873410,0.002347255,1,AT5G27850,AT5G27850,AT5G27850,0.0
1,Chr1_22421768.0,22421768,0.0023476,0,,,,
4,Chr4_9286602.0,9286602,0.002347792,1,AT4G16460,AT4G16460,AT4G16460,0.0
4,Chr4_8128826.0,8128826,0.002347996,2,AT4G14103;AT4G14104,AT4G14103,AT4G14103,0.0
5,Chr5_10499949.0,10499949,0.002348264,0,,,,
3,Chr3_5814977.0,5814977,0.002348284,0,,,,
3,Chr3_14991342.0,14991342,0.002348389,0,,,,
1,Chr1_12652501.0,12652501,0.002348511,1,AT1G34550,AT1G34550,AT1G34550,0.0
1,Chr1_11611602.0,11611602,0.002349043,0,,,,
5,Chr5_11397466.0,11397466,0.002350265,0,,,,
2,Chr2_5001211.0,5001211,0.002350478,0,,,,
4,Chr4_11925304.0,11925304,0.002350506,0,,,,
5,Chr5_11785518.0,11785518,0.002350878,0,,,,
5,Chr5_26719214.0,26719214,0.002351111,1,AT5G66910,AT5G66910,AT5G66910,0.0
4,Chr4_6790119.0,6790119,0.002351413,0,,,,
1,Chr1_1244950.0,1244950,0.002352156,1,AT1G04560,AT1G04560,AT1G04560,0.0
5,Chr5_16992710.0,16992710,0.002353704,0,,,,
1,Chr1_1173624.0,1173624,0.00235419,0,,,,
4,Chr4_2059878.0,2059878,0.002354191,0,,,,
2,Chr2_10376787.0,10376787,0.002354267,0,,,,
4,Chr4_6167821.0,6167821,0.002354437,0,,,,
4,Chr4_192100.0,192100,0.002354619,0,,,,
4,Chr4_192130.0,192130,0.002354619,0,,,,
4,Chr4_11755951.0,11755951,0.002355881,1,AT4G22214,AT4G22214,AT4G22214,0.0
1,Chr1_19853568.0,19853568,0.002355892,0,,,,
1,Chr1_19854114.0,19854114,0.002355892,0,,,,
1,Chr1_28582180.0,28582180,0.002355901,0,,,,
2,Chr2_15007707.0,15007707,0.002355993,0,,,,
4,Chr4_7131097.0,7131097,0.00235609,1,AT4G11850,AT4G11850,AT4G11850,0.0
2,Chr2_4377168.0,4377168,0.002356705,0,,,,
2,Chr2_4380577.0,4380577,0.002356705,0,,,,
5,Chr5_16409673.0,16409673,0.002357147,0,,,,
2,Chr2_8831733.0,8831733,0.00235726,1,AT2G20490,AT2G20490,AT2G20490,0.0
1,Chr1_14252446.0,14252446,0.002357408,0,,,,
1,Chr1_21583866.0,21583866,0.002357912,0,,,,
1,Chr1_11328969.0,11328969,0.002358194,1,AT1G31650,AT1G31650,AT1G31650,0.0
5,Chr5_10952097.0,10952097,0.002358515,0,,,,
3,Chr3_6758683.0,6758683,0.002358583,0,,,,
2,Chr2_9476561.0,9476561,0.0023588,1,AT2G22300,AT2G22300,AT2G22300,0.0
3,Chr3_8651169.0,8651169,0.002358963,1,AT3G23940,AT3G23940,AT3G23940,0.0
2,Chr2_13859243.0,13859243,0.002359445,1,AT2G32670,AT2G32670,AT2G32670,0.0
2,Chr2_13859562.0,13859562,0.002359445,1,AT2G32670,AT2G32670,AT2G32670,0.0
5,Chr5_18873353.0,18873353,0.00235964,0,,,,
3,Chr3_14108049.0,14108049,0.002361949,0,,,,
3,Chr3_14108270.0,14108270,0.002361949,0,,,,
2,Chr2_7707991.0,7707991,0.002361955,0,,,,
3,Chr3_8066265.0,8066265,0.002362295,0,,,,
3,Chr3_8066277.0,8066277,0.002362295,0,,,,
4,Chr4_17523356.0,17523356,0.002362647,0,,,,
5,Chr5_17000104.0,17000104,0.002362822,0,,,,
2,Chr2_9136174.0,9136174,0.00236373,1,AT2G21340,AT2G21340,AT2G21340,0.0
3,Chr3_3189382.0,3189382,0.002363801,0,,,,
1,Chr1_19552746.0,19552746,0.002364432,0,,,,
2,Chr2_7600438.0,7600438,0.002364592,0,,,,
5,Chr5_25829312.0,25829312,0.0023647,1,AT5G64610,AT5G64610,AT5G64610,0.0
4,Chr4_2425821.0,2425821,0.002365207,1,AT4G04760,AT4G04760,AT4G04760,0.0
5,Chr5_21884520.0,21884520,0.002365985,0,,,,
5,Chr5_13882481.0,13882481,0.002366208,1,AT5G35715,AT5G35715,AT5G35715,0.0
1,Chr1_2236802.0,2236802,0.00236645,0,,,,
2,Chr2_3641398.0,3641398,0.002366461,0,,,,
5,Chr5_394635.0,394635,0.002366941,0,,,,
5,Chr5_5591454.0,5591454,0.002367796,1,AT5G17010,AT5G17010,AT5G17010,0.0
5,Chr5_8226945.0,8226945,0.002367801,1,AT5G24220,AT5G24220,AT5G24220,0.0
2,Chr2_636828.0,636828,0.002368358,0,,,,
2,Chr2_636831.0,636831,0.002368358,0,,,,
2,Chr2_636855.0,636855,0.002368358,0,,,,
2,Chr2_636974.0,636974,0.002368358,0,,,,
2,Chr2_637450.0,637450,0.002368358,0,,,,
2,Chr2_637767.0,637767,0.002368358,0,,,,
2,Chr2_637869.0,637869,0.002368358,0,,,,
2,Chr2_638220.0,638220,0.002368358,1,AT2G02440,AT2G02440,AT2G02440,0.0
2,Chr2_638417.0,638417,0.002368358,1,AT2G02440,AT2G02440,AT2G02440,0.0
2,Chr2_639802.0,639802,0.002368358,0,,,,
4,Chr4_8647198.0,8647198,0.002369971,1,AT4G15160,AT4G15160,AT4G15160,0.0
4,Chr4_17529163.0,17529163,0.002370151,1,AT4G37250,AT4G37250,AT4G37250,0.0
5,Chr5_7715660.0,7715660,0.002371007,0,,,,
4,Chr4_16526948.0,16526948,0.002372026,0,,,,
4,Chr4_15714388.0,15714388,0.002372163,1,AT4G32560,AT4G32560,AT4G32560,0.0
3,Chr3_19096878.0,19096878,0.002372276,1,AT3G51460,AT3G51460,AT3G51460,0.0
3,Chr3_19107548.0,19107548,0.002372276,1,AT3G51490,AT3G51490,AT3G51490,0.0
3,Chr3_15763804.0,15763804,0.002372282,0,,,,
4,Chr4_986025.0,986025,0.002372285,1,AT4G02260,AT4G02260,AT4G02260,0.0
4,Chr4_987874.0,987874,0.002372285,1,AT4G02260,AT4G02260,AT4G02260,0.0
4,Chr4_991492.0,991492,0.002372285,1,AT4G02260,AT4G02260,AT4G02260,0.0
4,Chr4_991877.0,991877,0.002372285,0,,,,
4,Chr4_991972.0,991972,0.002372285,0,,,,
4,Chr4_993194.0,993194,0.002372285,0,,,,
4,Chr4_994845.0,994845,0.002372285,0,,,,
1,Chr1_25525854.0,25525854,0.00237247,1,AT1G68110,AT1G68110,AT1G68110,0.0
1,Chr1_25526013.0,25526013,0.00237247,1,AT1G68110,AT1G68110,AT1G68110,0.0
1,Chr1_25526044.0,25526044,0.00237247,1,AT1G68110,AT1G68110,AT1G68110,0.0
1,Chr1_25526069.0,25526069,0.00237247,1,AT1G68110,AT1G68110,AT1G68110,0.0
4,Chr4_8625334.0,8625334,0.002372784,0,,,,
3,Chr3_2161830.0,2161830,0.002374004,0,,,,
3,Chr3_12735831.0,12735831,0.002374005,0,,,,
1,Chr1_21942503.0,21942503,0.002374539,0,,,,
1,Chr1_21942564.0,21942564,0.002374539,0,,,,
1,Chr1_11620737.0,11620737,0.002374564,0,,,,
2,Chr2_924044.0,924044,0.00237508,0,,,,
5,Chr5_6847766.0,6847766,0.002375136,1,AT5G20280,AT5G20280,AT5G20280,0.0
5,Chr5_560964.0,560964,0.002375176,0,,,,
5,Chr5_561030.0,561030,0.002375176,0,,,,
5,Chr5_563193.0,563193,0.002375176,1,AT5G02520,AT5G02520,AT5G02520,0.0
5,Chr5_564477.0,564477,0.002375176,1,AT5G02530,AT5G02530,AT5G02530,0.0
5,Chr5_564478.0,564478,0.002375176,1,AT5G02530,AT5G02530,AT5G02530,0.0
2,Chr2_921338.0,921338,0.002376398,0,,,,
3,Chr3_3375646.0,3375646,0.0023769,1,AT3G10780,AT3G10780,AT3G10780,0.0
3,Chr3_3375648.0,3375648,0.0023769,1,AT3G10780,AT3G10780,AT3G10780,0.0
3,Chr3_3375666.0,3375666,0.0023769,1,AT3G10780,AT3G10780,AT3G10780,0.0
3,Chr3_14009627.0,14009627,0.002377587,0,,,,
5,Chr5_14028422.0,14028422,0.00237862,0,,,,
3,Chr3_20504645.0,20504645,0.002378928,0,,,,
3,Chr3_11828008.0,11828008,0.002379594,1,AT3G30200,AT3G30200,AT3G30200,0.0
3,Chr3_8800531.0,8800531,0.002379929,0,,,,
3,Chr3_8800534.0,8800534,0.002379929,0,,,,
3,Chr3_8800547.0,8800547,0.002379929,0,,,,
3,Chr3_8800550.0,8800550,0.002379929,0,,,,
3,Chr3_8800597.0,8800597,0.002379929,0,,,,
3,Chr3_8800624.0,8800624,0.002379929,0,,,,
3,Chr3_8800637.0,8800637,0.002379929,0,,,,
3,Chr3_8800762.0,8800762,0.002379929,0,,,,
5,Chr5_4035128.0,4035128,0.002380028,0,,,,
2,Chr2_5127765.0,5127765,0.002380203,0,,,,
5,Chr5_9140663.0,9140663,0.002380321,0,,,,
3,Chr3_3468432.0,3468432,0.00238045,1,AT3G11070,AT3G11070,AT3G11070,0.0
4,Chr4_16524186.0,16524186,0.002380451,0,,,,
4,Chr4_16524403.0,16524403,0.002380451,0,,,,
5,Chr5_9837622.0,9837622,0.002381024,0,,,,
3,Chr3_14899638.0,14899638,0.002381177,0,,,,
3,Chr3_11614198.0,11614198,0.002381583,0,,,,
1,Chr1_4298288.0,4298288,0.002381998,0,,,,
1,Chr1_4298481.0,4298481,0.002381998,0,,,,
3,Chr3_16279318.0,16279318,0.00238229,0,,,,
1,Chr1_167316.0,167316,0.00238249,1,AT1G01453,AT1G01453,AT1G01453,0.0
2,Chr2_703607.0,703607,0.00238292,1,AT2G02580,AT2G02580,AT2G02580,0.0
2,Chr2_9224801.0,9224801,0.002383113,0,,,,
1,Chr1_13018790.0,13018790,0.00238331,1,AT1G35400,AT1G35400,AT1G35400,0.0
2,Chr2_12293172.0,12293172,0.002384148,0,,,,
2,Chr2_12928736.0,12928736,0.002384274,0,,,,
3,Chr3_3060294.0,3060294,0.002384383,1,AT3G09950,AT3G09950,AT3G09950,0.0
5,Chr5_14029263.0,14029263,0.002384614,1,AT5G35900,AT5G35900,AT5G35900,0.0
3,Chr3_20906770.0,20906770,0.002384731,0,,,,
5,Chr5_9145999.0,9145999,0.002385056,1,AT5G26160,AT5G26160,AT5G26160,0.0
5,Chr5_9146468.0,9146468,0.002385056,1,AT5G26160,AT5G26160,AT5G26160,0.0
2,Chr2_17338694.0,17338694,0.002385113,0,,,,
2,Chr2_17338792.0,17338792,0.002385113,0,,,,
2,Chr2_17338952.0,17338952,0.002385113,0,,,,
2,Chr2_17339045.0,17339045,0.002385113,0,,,,
5,Chr5_7546148.0,7546148,0.002385342,1,AT5G22700,AT5G22700,AT5G22700,0.0
5,Chr5_11365895.0,11365895,0.002385439,0,,,,
3,Chr3_5610319.0,5610319,0.00238615,0,,,,
4,Chr4_5450925.0,5450925,0.002386827,1,AT4G08560,AT4G08560,AT4G08560,0.0
3,Chr3_17445045.0,17445045,0.002387285,0,,,,
4,Chr4_16705470.0,16705470,0.0023881,0,,,,
3,Chr3_11485042.0,11485042,0.00238929,0,,,,
3,Chr3_11486416.0,11486416,0.00238929,0,,,,
5,Chr5_5908590.0,5908590,0.002389815,0,,,,
5,Chr5_20707482.0,20707482,0.002390021,0,,,,
5,Chr5_20707680.0,20707680,0.002390021,0,,,,
2,Chr2_5300959.0,5300959,0.002390409,0,,,,
4,Chr4_10050870.0,10050870,0.002390456,1,AT4G18150,AT4G18150,AT4G18150,0.0
4,Chr4_10051576.0,10051576,0.002390456,1,AT4G18150,AT4G18150,AT4G18150,0.0
5,Chr5_1571812.0,1571812,0.002390542,1,AT5G05310,AT5G05310,AT5G05310,0.0
1,Chr1_26197996.0,26197996,0.002390715,1,AT1G69650,AT1G69650,AT1G69650,0.0
1,Chr1_13339384.0,13339384,0.002390908,0,,,,
4,Chr4_2004560.0,2004560,0.002391003,0,,,,
3,Chr3_15579800.0,15579800,0.002391503,0,,,,
5,Chr5_18557524.0,18557524,0.002391936,1,AT5G45740,AT5G45740,AT5G45740,0.0
5,Chr5_18558592.0,18558592,0.002391936,0,,,,
5,Chr5_18562800.0,18562800,0.002391936,1,AT5G45760,AT5G45760,AT5G45760,0.0
5,Chr5_18563651.0,18563651,0.002391936,1,AT5G45770,AT5G45770,AT5G45770,0.0
3,Chr3_12698362.0,12698362,0.002392696,0,,,,
3,Chr3_15593667.0,15593667,0.002393356,0,,,,
5,Chr5_10496908.0,10496908,0.002393626,0,,,,
1,Chr1_16889286.0,16889286,0.002393737,0,,,,
2,Chr2_13372383.0,13372383,0.002393845,1,AT2G31360,AT2G31360,AT2G31360,0.0
2,Chr2_6504202.0,6504202,0.002394109,0,,,,
2,Chr2_6504630.0,6504630,0.002394109,0,,,,
2,Chr2_13446763.0,13446763,0.002394186,0,,,,
2,Chr2_13446785.0,13446785,0.002394186,0,,,,
5,Chr5_1239292.0,1239292,0.002394658,1,AT5G04390,AT5G04390,AT5G04390,0.0
5,Chr5_19452555.0,19452555,0.002396207,0,,,,
5,Chr5_9760285.0,9760285,0.002396452,0,,,,
5,Chr5_9760294.0,9760294,0.002396452,0,,,,
3,Chr3_16770074.0,16770074,0.002396666,0,,,,
5,Chr5_17326526.0,17326526,0.00239674,0,,,,
1,Chr1_22754361.0,22754361,0.002396897,1,AT1G61660,AT1G61660,AT1G61660,0.0
4,Chr4_16670437.0,16670437,0.002397421,1,AT4G35010,AT4G35010,AT4G35010,0.0
4,Chr4_16692762.0,16692762,0.002397421,0,,,,
4,Chr4_16698190.0,16698190,0.002397421,0,,,,
1,Chr1_4312486.0,4312486,0.002397426,1,AT1G12665,AT1G12665,AT1G12665,0.0
2,Chr2_2709979.0,2709979,0.002397656,0,,,,
1,Chr1_8450985.0,8450985,0.002398538,0,,,,
4,Chr4_5722341.0,5722341,0.002398768,0,,,,
4,Chr4_7942897.0,7942897,0.002399035,1,AT4G13650,AT4G13650,AT4G13650,0.0
2,Chr2_1889888.0,1889888,0.002399212,0,,,,
5,Chr5_9877661.0,9877661,0.002400479,0,,,,
3,Chr3_22642111.0,22642111,0.00240062,0,,,,
3,Chr3_22644442.0,22644442,0.00240062,0,,,,
3,Chr3_22648295.0,22648295,0.00240062,0,,,,
5,Chr5_883066.0,883066,0.002400729,0,,,,
2,Chr2_9775847.0,9775847,0.002400971,1,AT2G22970,AT2G22970,AT2G22970,0.0
2,Chr2_4988883.0,4988883,0.002401132,0,,,,
1,Chr1_4220455.0,4220455,0.002401137,1,AT1G12390,AT1G12390,AT1G12390,0.0
1,Chr1_14247515.0,14247515,0.002402136,0,,,,
2,Chr2_5781936.0,5781936,0.002402253,0,,,,
3,Chr3_14064422.0,14064422,0.002402672,0,,,,
5,Chr5_15418640.0,15418640,0.00240327,1,AT5G38510,AT5G38510,AT5G38510,0.0
5,Chr5_26873008.0,26873008,0.002403415,1,AT5G67360,AT5G67360,AT5G67360,0.0
5,Chr5_569859.0,569859,0.002403573,1,AT5G02540,AT5G02540,AT5G02540,0.0
2,Chr2_552733.0,552733,0.002403934,0,,,,
4,Chr4_16880336.0,16880336,0.00240402,0,,,,
5,Chr5_16850086.0,16850086,0.002404073,1,AT5G42170,AT5G42170,AT5G42170,0.0
5,Chr5_26712010.0,26712010,0.002404563,1,AT5G66880,AT5G66880,AT5G66880,0.0
5,Chr5_26712024.0,26712024,0.002404563,1,AT5G66880,AT5G66880,AT5G66880,0.0
4,Chr4_3635693.0,3635693,0.002404969,0,,,,
2,Chr2_6462813.0,6462813,0.002405753,0,,,,
5,Chr5_25839706.0,25839706,0.002406309,1,AT5G64650,AT5G64650,AT5G64650,0.0
5,Chr5_25839723.0,25839723,0.002406309,1,AT5G64650,AT5G64650,AT5G64650,0.0
5,Chr5_25839746.0,25839746,0.002406309,1,AT5G64650,AT5G64650,AT5G64650,0.0
3,Chr3_18088542.0,18088542,0.002406955,0,,,,
3,Chr3_18089554.0,18089554,0.002406955,1,AT3G48780,AT3G48780,AT3G48780,0.0
3,Chr3_18091312.0,18091312,0.002406955,1,AT3G48780,AT3G48780,AT3G48780,0.0
3,Chr3_18093343.0,18093343,0.002406955,0,,,,
3,Chr3_18094827.0,18094827,0.002406955,1,AT3G48790,AT3G48790,AT3G48790,0.0
3,Chr3_18095477.0,18095477,0.002406955,0,,,,
3,Chr3_18096302.0,18096302,0.002406955,1,AT3G48800,AT3G48800,AT3G48800,0.0
3,Chr3_18097574.0,18097574,0.002406955,1,AT3G48810,AT3G48810,AT3G48810,0.0
3,Chr3_18103814.0,18103814,0.002406955,1,AT3G48830,AT3G48830,AT3G48830,0.0
4,Chr4_10633259.0,10633259,0.002408064,0,,,,
3,Chr3_20475801.0,20475801,0.002408222,0,,,,
4,Chr4_4855156.0,4855156,0.002408756,0,,,,
4,Chr4_4366100.0,4366100,0.002408944,0,,,,
3,Chr3_15186760.0,15186760,0.002408981,0,,,,
2,Chr2_9200426.0,9200426,0.002409185,1,AT2G21470,AT2G21470,AT2G21470,0.0
2,Chr2_9204852.0,9204852,0.002409185,1,AT2G21480,AT2G21480,AT2G21480,0.0
3,Chr3_14066240.0,14066240,0.002409573,0,,,,
4,Chr4_5244733.0,5244733,0.002410462,0,,,,
4,Chr4_5244748.0,5244748,0.002410462,0,,,,
1,Chr1_8537792.0,8537792,0.002411652,0,,,,
4,Chr4_1788935.0,1788935,0.002411807,0,,,,
5,Chr5_17242722.0,17242722,0.002411814,1,AT5G42980,AT5G42980,AT5G42980,0.0
4,Chr4_8448085.0,8448085,0.002411979,0,,,,
3,Chr3_15227369.0,15227369,0.002412077,0,,,,
4,Chr4_1985632.0,1985632,0.002412524,0,,,,
1,Chr1_12137197.0,12137197,0.002412837,0,,,,
4,Chr4_4251860.0,4251860,0.002413008,0,,,,
1,Chr1_12143290.0,12143290,0.002413746,0,,,,
3,Chr3_10763677.0,10763677,0.002414491,0,,,,
3,Chr3_9016220.0,9016220,0.002414799,0,,,,
1,Chr1_17016788.0,17016788,0.002414911,0,,,,
1,Chr1_11577036.0,11577036,0.002415317,1,AT1G32170,AT1G32170,AT1G32170,0.0
4,Chr4_13039276.0,13039276,0.002415632,1,AT4G25530,AT4G25530,AT4G25530,0.0
4,Chr4_16526192.0,16526192,0.002415933,0,,,,
4,Chr4_16526195.0,16526195,0.002415933,0,,,,
3,Chr3_14886994.0,14886994,0.002416071,0,,,,
5,Chr5_13869855.0,13869855,0.002416146,1,AT5G35695,AT5G35695,AT5G35695,0.0
1,Chr1_11611595.0,11611595,0.002416291,0,,,,
5,Chr5_7870650.0,7870650,0.002416486,1,AT5G23390,AT5G23390,AT5G23390,0.0
5,Chr5_7871268.0,7871268,0.002416486,1,AT5G23390,AT5G23390,AT5G23390,0.0
5,Chr5_7871774.0,7871774,0.002416486,1,AT5G23390,AT5G23390,AT5G23390,0.0
5,Chr5_7873148.0,7873148,0.002416486,1,AT5G23390,AT5G23390,AT5G23390,0.0
5,Chr5_7873685.0,7873685,0.002416486,1,AT5G23390,AT5G23390,AT5G23390,0.0
3,Chr3_14066699.0,14066699,0.002416517,0,,,,
1,Chr1_1039651.0,1039651,0.002416616,1,AT1G04020,AT1G04020,AT1G04020,0.0
3,Chr3_14069917.0,14069917,0.002416627,0,,,,
4,Chr4_13902943.0,13902943,0.002417002,1,AT4G27930,AT4G27930,AT4G27930,0.0
1,Chr1_17716516.0,17716516,0.002417362,1,AT1G48020,AT1G48020,AT1G48020,0.0
2,Chr2_9171560.0,9171560,0.002417684,1,AT2G21420,AT2G21420,AT2G21420,0.0
2,Chr2_9136081.0,9136081,0.002418115,1,AT2G21340,AT2G21340,AT2G21340,0.0
2,Chr2_9136213.0,9136213,0.002418115,1,AT2G21340,AT2G21340,AT2G21340,0.0
2,Chr2_9136249.0,9136249,0.002418115,1,AT2G21340,AT2G21340,AT2G21340,0.0
5,Chr5_25455693.0,25455693,0.002418218,1,AT5G63580,AT5G63580,AT5G63580,0.0
2,Chr2_18600765.0,18600765,0.002418626,1,AT2G45110,AT2G45110,AT2G45110,0.0
3,Chr3_12716288.0,12716288,0.002418684,0,,,,
3,Chr3_12490191.0,12490191,0.002419025,0,,,,
1,Chr1_28537273.0,28537273,0.002419438,0,,,,
1,Chr1_16807784.0,16807784,0.002419675,0,,,,
3,Chr3_20495527.0,20495527,0.002419791,0,,,,
1,Chr1_16801670.0,16801670,0.002419963,0,,,,
1,Chr1_16802238.0,16802238,0.002419963,0,,,,
5,Chr5_21165233.0,21165233,0.002420121,0,,,,
3,Chr3_15087583.0,15087583,0.002420197,0,,,,
1,Chr1_916831.0,916831,0.002420414,1,AT1G03680,AT1G03680,AT1G03680,0.0
1,Chr1_5395968.0,5395968,0.002420577,0,,,,
1,Chr1_5395993.0,5395993,0.002420577,0,,,,
2,Chr2_18350416.0,18350416,0.002420979,0,,,,
3,Chr3_8138587.0,8138587,0.002421278,0,,,,
1,Chr1_13609756.0,13609756,0.00242383,0,,,,
5,Chr5_46947.0,46947,0.002424016,1,AT5G01120,AT5G01120,AT5G01120,0.0
2,Chr2_1084050.0,1084050,0.002424064,0,,,,
5,Chr5_1188758.0,1188758,0.002424357,0,,,,
1,Chr1_25736914.0,25736914,0.002424473,1,AT1G68560,AT1G68560,AT1G68560,0.0
1,Chr1_3860855.0,3860855,0.002424999,0,,,,
3,Chr3_11396504.0,11396504,0.002425055,0,,,,
1,Chr1_26619441.0,26619441,0.002425262,1,AT1G70590,AT1G70590,AT1G70590,0.0
1,Chr1_6872941.0,6872941,0.002425613,1,AT1G19840,AT1G19840,AT1G19840,0.0
4,Chr4_14257484.0,14257484,0.002425631,1,AT4G28890,AT4G28890,AT4G28890,0.0
2,Chr2_18595833.0,18595833,0.002425713,1,AT2G45100,AT2G45100,AT2G45100,0.0
2,Chr2_18595862.0,18595862,0.002425713,1,AT2G45100,AT2G45100,AT2G45100,0.0
2,Chr2_18595863.0,18595863,0.002425713,1,AT2G45100,AT2G45100,AT2G45100,0.0
2,Chr2_18595916.0,18595916,0.002425713,1,AT2G45100,AT2G45100,AT2G45100,0.0
2,Chr2_18595919.0,18595919,0.002425713,1,AT2G45100,AT2G45100,AT2G45100,0.0
2,Chr2_18595931.0,18595931,0.002425713,1,AT2G45100,AT2G45100,AT2G45100,0.0
2,Chr2_18595937.0,18595937,0.002425713,1,AT2G45100,AT2G45100,AT2G45100,0.0
2,Chr2_18596119.0,18596119,0.002425713,1,AT2G45100,AT2G45100,AT2G45100,0.0
5,Chr5_26926371.0,26926371,0.002425972,0,,,,
3,Chr3_5475886.0,5475886,0.002427473,0,,,,
1,Chr1_4297008.0,4297008,0.002427531,1,AT1G12620,AT1G12620,AT1G12620,0.0
1,Chr1_4297132.0,4297132,0.002427531,0,,,,
2,Chr2_639410.0,639410,0.002427605,0,,,,
3,Chr3_14296274.0,14296274,0.002427668,0,,,,
2,Chr2_4779023.0,4779023,0.002427808,0,,,,
5,Chr5_17677500.0,17677500,0.002427848,1,AT5G43930,AT5G43930,AT5G43930,0.0
5,Chr5_17677846.0,17677846,0.002427848,1,AT5G43930,AT5G43930,AT5G43930,0.0
1,Chr1_13914437.0,13914437,0.002428073,0,,,,
1,Chr1_13914447.0,13914447,0.002428073,0,,,,
1,Chr1_22748966.0,22748966,0.002428321,1,AT1G61640,AT1G61640,AT1G61640,0.0
1,Chr1_22749129.0,22749129,0.002428321,1,AT1G61640,AT1G61640,AT1G61640,0.0
1,Chr1_11687205.0,11687205,0.002428415,0,,,,
5,Chr5_6751751.0,6751751,0.00242848,0,,,,
5,Chr5_6752094.0,6752094,0.00242848,1,AT5G19990,AT5G19990,AT5G19990,0.0
5,Chr5_6752123.0,6752123,0.00242848,1,AT5G19990,AT5G19990,AT5G19990,0.0
5,Chr5_6752129.0,6752129,0.00242848,1,AT5G19990,AT5G19990,AT5G19990,0.0
5,Chr5_6752149.0,6752149,0.00242848,1,AT5G19990,AT5G19990,AT5G19990,0.0
5,Chr5_21924716.0,21924716,0.002428711,0,,,,
2,Chr2_16707861.0,16707861,0.002428851,0,,,,
4,Chr4_7377666.0,7377666,0.002428882,1,AT4G12440,AT4G12440,AT4G12440,0.0
4,Chr4_7377684.0,7377684,0.002428882,1,AT4G12440,AT4G12440,AT4G12440,0.0
2,Chr2_10308523.0,10308523,0.00242921,0,,,,
4,Chr4_7784656.0,7784656,0.002429373,1,AT4G13390,AT4G13390,AT4G13390,0.0
4,Chr4_7785023.0,7785023,0.002429373,1,AT4G13390,AT4G13390,AT4G13390,0.0
3,Chr3_2981370.0,2981370,0.002430463,1,AT3G09720,AT3G09720,AT3G09720,0.0
3,Chr3_2981816.0,2981816,0.002430463,1,AT3G09720,AT3G09720,AT3G09720,0.0
4,Chr4_5562301.0,5562301,0.002430514,0,,,,
4,Chr4_6214601.0,6214601,0.002430588,0,,,,
5,Chr5_13937932.0,13937932,0.002430906,1,AT5G35770,AT5G35770,AT5G35770,0.0
3,Chr3_9915141.0,9915141,0.002431561,1,AT3G26910,AT3G26910,AT3G26910,0.0
4,Chr4_7378661.0,7378661,0.002431599,1,AT4G12440,AT4G12440,AT4G12440,0.0
5,Chr5_17529908.0,17529908,0.002431874,1,AT5G43630,AT5G43630,AT5G43630,0.0
5,Chr5_17530014.0,17530014,0.002431874,1,AT5G43630,AT5G43630,AT5G43630,0.0
5,Chr5_10495378.0,10495378,0.002432383,0,,,,
5,Chr5_10498051.0,10498051,0.002432383,0,,,,
5,Chr5_10498893.0,10498893,0.002432383,0,,,,
5,Chr5_10499576.0,10499576,0.002432383,0,,,,
5,Chr5_10511064.0,10511064,0.002432383,0,,,,
5,Chr5_10551081.0,10551081,0.002432383,0,,,,
5,Chr5_10567089.0,10567089,0.002432383,1,AT5G28560,AT5G28560,AT5G28560,0.0
5,Chr5_10567495.0,10567495,0.002432383,0,,,,
5,Chr5_10577673.0,10577673,0.002432383,0,,,,
5,Chr5_10579972.0,10579972,0.002432383,1,AT5G28590,AT5G28590,AT5G28590,0.0
5,Chr5_10596483.0,10596483,0.002432383,0,,,,
5,Chr5_10598868.0,10598868,0.002432383,0,,,,
5,Chr5_10600841.0,10600841,0.002432383,0,,,,
5,Chr5_10604224.0,10604224,0.002432383,0,,,,
5,Chr5_10604612.0,10604612,0.002432383,0,,,,
5,Chr5_10613093.0,10613093,0.002432383,0,,,,
5,Chr5_10624736.0,10624736,0.002432383,0,,,,
3,Chr3_5440751.0,5440751,0.002432468,1,AT3G16030,AT3G16030,AT3G16030,0.0
3,Chr3_5440773.0,5440773,0.002432468,1,AT3G16030,AT3G16030,AT3G16030,0.0
3,Chr3_5441026.0,5441026,0.002432468,1,AT3G16030,AT3G16030,AT3G16030,0.0
5,Chr5_3446487.0,3446487,0.002433615,1,AT5G10930,AT5G10930,AT5G10930,0.0
5,Chr5_3447211.0,3447211,0.002433615,0,,,,
4,Chr4_7379533.0,7379533,0.002433851,1,AT4G12440,AT4G12440,AT4G12440,0.0
1,Chr1_1366758.0,1366758,0.002434751,1,AT1G04850,AT1G04850,AT1G04850,0.0
1,Chr1_1366944.0,1366944,0.002434751,1,AT1G04850,AT1G04850,AT1G04850,0.0
1,Chr1_30139501.0,30139501,0.002434938,1,AT1G80120,AT1G80120,AT1G80120,0.0
1,Chr1_30139526.0,30139526,0.002434938,1,AT1G80120,AT1G80120,AT1G80120,0.0
1,Chr1_30139535.0,30139535,0.002434938,1,AT1G80120,AT1G80120,AT1G80120,0.0
5,Chr5_10223530.0,10223530,0.002435495,0,,,,
4,Chr4_1599938.0,1599938,0.002435714,0,,,,
1,Chr1_16398775.0,16398775,0.002435859,1,AT1G43560,AT1G43560,AT1G43560,0.0
5,Chr5_22217530.0,22217530,0.002436218,1,AT5G54680,AT5G54680,AT5G54680,0.0
5,Chr5_22217695.0,22217695,0.002436218,1,AT5G54680,AT5G54680,AT5G54680,0.0
5,Chr5_22218450.0,22218450,0.002436218,1,AT5G54680,AT5G54680,AT5G54680,0.0
5,Chr5_22233802.0,22233802,0.002436218,1,AT5G54730,AT5G54730,AT5G54730,0.0
5,Chr5_22233899.0,22233899,0.002436218,1,AT5G54730,AT5G54730,AT5G54730,0.0
2,Chr2_11298495.0,11298495,0.002436263,0,,,,
1,Chr1_17298286.0,17298286,0.002436439,1,AT1G47200,AT1G47200,AT1G47200,0.0
1,Chr1_3059876.0,3059876,0.002436677,1,AT1G09480,AT1G09480,AT1G09480,0.0
5,Chr5_886883.0,886883,0.002436717,1,AT5G03530,AT5G03530,AT5G03530,0.0
3,Chr3_14402141.0,14402141,0.002437267,0,,,,
1,Chr1_27178279.0,27178279,0.002437309,0,,,,
1,Chr1_27178331.0,27178331,0.002437309,0,,,,
4,Chr4_6232275.0,6232275,0.002437411,1,AT4G09940,AT4G09940,AT4G09940,0.0
3,Chr3_22295046.0,22295046,0.002437469,1,AT3G60320,AT3G60320,AT3G60320,0.0
4,Chr4_7168445.0,7168445,0.002437773,1,AT4G11940,AT4G11940,AT4G11940,0.0
1,Chr1_24172201.0,24172201,0.002438864,0,,,,
3,Chr3_14056578.0,14056578,0.002438934,0,,,,
3,Chr3_14057952.0,14057952,0.002438934,0,,,,
3,Chr3_14058139.0,14058139,0.002438934,0,,,,
3,Chr3_14058564.0,14058564,0.002438934,0,,,,
1,Chr1_16889202.0,16889202,0.002439047,0,,,,
5,Chr5_19413829.0,19413829,0.002439427,0,,,,
5,Chr5_16612106.0,16612106,0.002440056,0,,,,
1,Chr1_14178364.0,14178364,0.002440599,0,,,,
4,Chr4_9605470.0,9605470,0.002441141,1,AT4G17090,AT4G17090,AT4G17090,0.0
4,Chr4_9610111.0,9610111,0.002441141,2,AT4G17098;AT4G17100,AT4G17098,AT4G17098,0.0
4,Chr4_9640830.0,9640830,0.002441141,1,AT4G17150,AT4G17150,AT4G17150,0.0
2,Chr2_13995324.0,13995324,0.002441153,1,AT2G32970,AT2G32970,AT2G32970,0.0
5,Chr5_22051740.0,22051740,0.002441369,1,AT5G54290,AT5G54290,AT5G54290,0.0
4,Chr4_7738233.0,7738233,0.002441811,0,,,,
3,Chr3_14977435.0,14977435,0.002442855,0,,,,
4,Chr4_1600558.0,1600558,0.002443317,0,,,,
1,Chr1_17004765.0,17004765,0.002443735,1,AT1G44980,AT1G44980,AT1G44980,0.0
1,Chr1_17005995.0,17005995,0.002443735,0,,,,
1,Chr1_17008301.0,17008301,0.002443735,0,,,,
2,Chr2_9150069.0,9150069,0.002444161,1,AT2G21385,AT2G21385,AT2G21385,0.0
2,Chr2_9150070.0,9150070,0.002444161,1,AT2G21385,AT2G21385,AT2G21385,0.0
1,Chr1_11290782.0,11290782,0.002444524,1,AT1G31540,AT1G31540,AT1G31540,0.0
3,Chr3_15930245.0,15930245,0.002444944,0,,,,
3,Chr3_15931600.0,15931600,0.002444944,0,,,,
2,Chr2_9281049.0,9281049,0.002445537,1,AT2G21730,AT2G21730,AT2G21730,0.0
3,Chr3_16189196.0,16189196,0.002445673,1,AT3G44610,AT3G44610,AT3G44610,0.0
2,Chr2_17009303.0,17009303,0.00244581,0,,,,
1,Chr1_7516098.0,7516098,0.002445823,0,,,,
5,Chr5_13520502.0,13520502,0.002446213,0,,,,
1,Chr1_28515969.0,28515969,0.002446555,0,,,,
5,Chr5_25417586.0,25417586,0.002446976,1,AT5G63480,AT5G63480,AT5G63480,0.0
1,Chr1_10008979.0,10008979,0.00244713,0,,,,
2,Chr2_8851241.0,8851241,0.002447153,0,,,,
4,Chr4_4671504.0,4671504,0.002447511,0,,,,
1,Chr1_18321119.0,18321119,0.002447594,0,,,,
4,Chr4_1978364.0,1978364,0.002448167,0,,,,
4,Chr4_2614539.0,2614539,0.00244825,0,,,,
1,Chr1_22261302.0,22261302,0.002449028,0,,,,
1,Chr1_28515474.0,28515474,0.002449453,0,,,,
1,Chr1_28515485.0,28515485,0.002449453,0,,,,
1,Chr1_28515490.0,28515490,0.002449453,0,,,,
1,Chr1_28515557.0,28515557,0.002449453,0,,,,
1,Chr1_28515565.0,28515565,0.002449453,0,,,,
1,Chr1_28515578.0,28515578,0.002449453,0,,,,
1,Chr1_28515628.0,28515628,0.002449453,0,,,,
1,Chr1_28515654.0,28515654,0.002449453,0,,,,
1,Chr1_28515830.0,28515830,0.002449453,0,,,,
1,Chr1_28515844.0,28515844,0.002449453,0,,,,
1,Chr1_28515973.0,28515973,0.002449453,0,,,,
1,Chr1_28515976.0,28515976,0.002449453,0,,,,
1,Chr1_28515984.0,28515984,0.002449453,0,,,,
4,Chr4_16402248.0,16402248,0.002449557,0,,,,
5,Chr5_20797151.0,20797151,0.002450278,1,AT5G51180,AT5G51180,AT5G51180,0.0
2,Chr2_13298728.0,13298728,0.002451145,0,,,,
5,Chr5_1053158.0,1053158,0.002451574,1,AT5G03905,AT5G03905,AT5G03905,0.0
2,Chr2_6399198.0,6399198,0.002452159,0,,,,
2,Chr2_6402657.0,6402657,0.002452159,0,,,,
2,Chr2_6403996.0,6403996,0.002452159,0,,,,
2,Chr2_6405276.0,6405276,0.002452159,1,AT2G14900,AT2G14900,AT2G14900,0.0
2,Chr2_6420096.0,6420096,0.002452159,0,,,,
2,Chr2_6422220.0,6422220,0.002452159,0,,,,
2,Chr2_6423125.0,6423125,0.002452159,0,,,,
2,Chr2_6424544.0,6424544,0.002452159,0,,,,
2,Chr2_6425642.0,6425642,0.002452159,0,,,,
2,Chr2_6425647.0,6425647,0.002452159,0,,,,
2,Chr2_6429202.0,6429202,0.002452159,0,,,,
2,Chr2_6443141.0,6443141,0.002452159,0,,,,
2,Chr2_6444563.0,6444563,0.002452159,0,,,,
2,Chr2_6445588.0,6445588,0.002452159,0,,,,
2,Chr2_6447478.0,6447478,0.002452159,0,,,,
2,Chr2_6449676.0,6449676,0.002452159,0,,,,
1,Chr1_26616155.0,26616155,0.002452427,0,,,,
4,Chr4_8836093.0,8836093,0.002452718,1,AT4G15440,AT4G15440,AT4G15440,0.0
5,Chr5_9149696.0,9149696,0.002453528,1,AT5G26180,AT5G26180,AT5G26180,0.0
1,Chr1_13883450.0,13883450,0.002453606,0,,,,
4,Chr4_2968987.0,2968987,0.00245438,0,,,,
5,Chr5_7943639.0,7943639,0.002454874,1,AT5G23570,AT5G23570,AT5G23570,0.0
5,Chr5_7967564.0,7967564,0.002454874,1,AT5G23630,AT5G23630,AT5G23630,0.0
2,Chr2_13434105.0,13434105,0.002455175,1,AT2G31550,AT2G31550,AT2G31550,0.0
5,Chr5_25744801.0,25744801,0.002455278,1,AT5G64390,AT5G64390,AT5G64390,0.0
5,Chr5_25746218.0,25746218,0.002455278,1,AT5G64390,AT5G64390,AT5G64390,0.0
5,Chr5_25746507.0,25746507,0.002455278,1,AT5G64390,AT5G64390,AT5G64390,0.0
5,Chr5_25747654.0,25747654,0.002455278,0,,,,
4,Chr4_1997068.0,1997068,0.00245567,0,,,,
5,Chr5_19512903.0,19512903,0.002455724,1,AT5G48120,AT5G48120,AT5G48120,0.0
5,Chr5_15165509.0,15165509,0.00245588,0,,,,
1,Chr1_29835271.0,29835271,0.002456364,1,AT1G79310,AT1G79310,AT1G79310,0.0
1,Chr1_29835282.0,29835282,0.002456364,1,AT1G79310,AT1G79310,AT1G79310,0.0
1,Chr1_29835319.0,29835319,0.002456364,1,AT1G79310,AT1G79310,AT1G79310,0.0
1,Chr1_29835376.0,29835376,0.002456364,1,AT1G79310,AT1G79310,AT1G79310,0.0
1,Chr1_29835382.0,29835382,0.002456364,1,AT1G79310,AT1G79310,AT1G79310,0.0
1,Chr1_29836555.0,29836555,0.002456364,0,,,,
1,Chr1_29836571.0,29836571,0.002456364,0,,,,
1,Chr1_29836577.0,29836577,0.002456364,0,,,,
1,Chr1_29836593.0,29836593,0.002456364,0,,,,
1,Chr1_29836600.0,29836600,0.002456364,0,,,,
1,Chr1_29836601.0,29836601,0.002456364,0,,,,
1,Chr1_29836602.0,29836602,0.002456364,0,,,,
1,Chr1_29836605.0,29836605,0.002456364,0,,,,
1,Chr1_29836683.0,29836683,0.002456364,0,,,,
1,Chr1_29836775.0,29836775,0.002456364,1,AT1G79320,AT1G79320,AT1G79320,0.0
5,Chr5_7741558.0,7741558,0.002457113,0,,,,
1,Chr1_23830180.0,23830180,0.002457381,0,,,,
5,Chr5_13159912.0,13159912,0.002457412,0,,,,
5,Chr5_17335455.0,17335455,0.002457679,0,,,,
1,Chr1_5040765.0,5040765,0.002457802,0,,,,
1,Chr1_2421877.0,2421877,0.002457861,1,AT1G07820,AT1G07820,AT1G07820,0.0
5,Chr5_22862564.0,22862564,0.002458179,0,,,,
2,Chr2_15765724.0,15765724,0.002458264,0,,,,
1,Chr1_3601663.0,3601663,0.002458366,1,AT1G10820,AT1G10820,AT1G10820,0.0
1,Chr1_3602255.0,3602255,0.002458366,1,AT1G10820,AT1G10820,AT1G10820,0.0
5,Chr5_9756007.0,9756007,0.002459257,0,,,,
5,Chr5_26886524.0,26886524,0.002459727,1,AT5G67385,AT5G67385,AT5G67385,0.0
5,Chr5_22228754.0,22228754,0.002460092,1,AT5G54710,AT5G54710,AT5G54710,0.0
3,Chr3_15613655.0,15613655,0.002460511,0,,,,
3,Chr3_15613794.0,15613794,0.002460511,0,,,,
3,Chr3_15614068.0,15614068,0.002460511,0,,,,
3,Chr3_15614249.0,15614249,0.002460511,0,,,,
3,Chr3_9060462.0,9060462,0.002460617,0,,,,
4,Chr4_8634269.0,8634269,0.002461885,0,,,,
5,Chr5_25496625.0,25496625,0.002462023,1,AT5G63700,AT5G63700,AT5G63700,0.0
5,Chr5_10586267.0,10586267,0.002462184,0,,,,
5,Chr5_7527559.0,7527559,0.002462344,0,,,,
5,Chr5_7527745.0,7527745,0.002462344,0,,,,
5,Chr5_7527749.0,7527749,0.002462344,0,,,,
5,Chr5_7527775.0,7527775,0.002462344,0,,,,
5,Chr5_7527781.0,7527781,0.002462344,0,,,,
4,Chr4_13115163.0,13115163,0.00246272,0,,,,
5,Chr5_25747893.0,25747893,0.00246278,0,,,,
2,Chr2_2321832.0,2321832,0.002463504,0,,,,
5,Chr5_20838639.0,20838639,0.002464241,0,,,,
5,Chr5_14043813.0,14043813,0.002464609,0,,,,
3,Chr3_11087104.0,11087104,0.002464678,0,,,,
2,Chr2_13808033.0,13808033,0.002464855,0,,,,
2,Chr2_18339666.0,18339666,0.002465062,0,,,,
3,Chr3_13826148.0,13826148,0.002465152,0,,,,
5,Chr5_10154949.0,10154949,0.002465199,0,,,,
1,Chr1_26949224.0,26949224,0.002465448,1,AT1G71691,AT1G71691,AT1G71691,0.0
1,Chr1_26958148.0,26958148,0.002465448,0,,,,
4,Chr4_1760441.0,1760441,0.002465749,0,,,,
3,Chr3_17207631.0,17207631,0.002466103,1,AT3G46710,AT3G46710,AT3G46710,0.0
3,Chr3_17211786.0,17211786,0.002466103,1,AT3G46720,AT3G46720,AT3G46720,0.0
1,Chr1_21457613.0,21457613,0.002466412,0,,,,
5,Chr5_1322755.0,1322755,0.002466757,0,,,,
5,Chr5_14063571.0,14063571,0.002467051,1,AT5G35926,AT5G35926,AT5G35926,0.0
1,Chr1_25526920.0,25526920,0.00246824,1,AT1G68120,AT1G68120,AT1G68120,0.0
1,Chr1_25526969.0,25526969,0.00246824,1,AT1G68120,AT1G68120,AT1G68120,0.0
1,Chr1_25526976.0,25526976,0.00246824,1,AT1G68120,AT1G68120,AT1G68120,0.0
1,Chr1_25526977.0,25526977,0.00246824,1,AT1G68120,AT1G68120,AT1G68120,0.0
1,Chr1_24924579.0,24924579,0.002468339,0,,,,
1,Chr1_24924585.0,24924585,0.002468339,0,,,,
1,Chr1_24924597.0,24924597,0.002468339,0,,,,
4,Chr4_2114318.0,2114318,0.002468785,1,AT4G04320,AT4G04320,AT4G04320,0.0
5,Chr5_16944655.0,16944655,0.002469116,0,,,,
4,Chr4_16878983.0,16878983,0.002469135,0,,,,
1,Chr1_9376795.0,9376795,0.002469674,1,AT1G27008,AT1G27008,AT1G27008,0.0
3,Chr3_19737284.0,19737284,0.00246974,1,AT3G53240,AT3G53240,AT3G53240,0.0
4,Chr4_10633150.0,10633150,0.002470474,0,,,,
4,Chr4_10633152.0,10633152,0.002470474,0,,,,
2,Chr2_17343245.0,17343245,0.002470661,0,,,,
4,Chr4_18041811.0,18041811,0.002470732,1,AT4G38600,AT4G38600,AT4G38600,0.0
4,Chr4_6997683.0,6997683,0.002470786,1,AT4G11550,AT4G11550,AT4G11550,0.0
2,Chr2_12239470.0,12239470,0.00247089,0,,,,
3,Chr3_15541761.0,15541761,0.00247121,0,,,,
1,Chr1_11142327.0,11142327,0.002471271,1,AT1G31175,AT1G31175,AT1G31175,0.0
3,Chr3_12292961.0,12292961,0.002472046,0,,,,
3,Chr3_14120990.0,14120990,0.002473051,0,,,,
4,Chr4_4724343.0,4724343,0.002473197,0,,,,
4,Chr4_7227543.0,7227543,0.002473803,0,,,,
4,Chr4_16794710.0,16794710,0.002473879,0,,,,
5,Chr5_2559394.0,2559394,0.002474037,0,,,,
5,Chr5_497142.0,497142,0.002474136,1,AT5G02350,AT5G02350,AT5G02350,0.0
3,Chr3_8097129.0,8097129,0.0024742,1,AT3G22870,AT3G22870,AT3G22870,0.0
4,Chr4_2057258.0,2057258,0.002475318,0,,,,
3,Chr3_15081621.0,15081621,0.002476146,0,,,,
2,Chr2_5133225.0,5133225,0.002476239,0,,,,
5,Chr5_8501922.0,8501922,0.002476574,1,AT5G24770,AT5G24770,AT5G24770,0.0
2,Chr2_5155201.0,5155201,0.002476589,0,,,,
2,Chr2_5155339.0,5155339,0.002476589,0,,,,
4,Chr4_10716487.0,10716487,0.002476648,0,,,,
5,Chr5_25211729.0,25211729,0.002477403,0,,,,
5,Chr5_10448654.0,10448654,0.002478424,0,,,,
2,Chr2_7862683.0,7862683,0.002478442,0,,,,
1,Chr1_12590384.0,12590384,0.002478483,0,,,,
5,Chr5_17197100.0,17197100,0.002478546,1,AT5G42895,AT5G42895,AT5G42895,0.0
1,Chr1_4003594.0,4003594,0.002478715,0,,,,
1,Chr1_4003595.0,4003595,0.002478715,0,,,,
1,Chr1_7048197.0,7048197,0.002480078,0,,,,
5,Chr5_9847616.0,9847616,0.002480333,0,,,,
5,Chr5_8509622.0,8509622,0.002480915,0,,,,
2,Chr2_18411369.0,18411369,0.002480975,0,,,,
2,Chr2_18411379.0,18411379,0.002480975,0,,,,
2,Chr2_18411397.0,18411397,0.002480975,0,,,,
2,Chr2_18411447.0,18411447,0.002480975,1,AT2G44610,AT2G44610,AT2G44610,0.0
2,Chr2_18411455.0,18411455,0.002480975,1,AT2G44610,AT2G44610,AT2G44610,0.0
2,Chr2_18411458.0,18411458,0.002480975,1,AT2G44610,AT2G44610,AT2G44610,0.0
2,Chr2_18411535.0,18411535,0.002480975,1,AT2G44610,AT2G44610,AT2G44610,0.0
2,Chr2_18411594.0,18411594,0.002480975,1,AT2G44610,AT2G44610,AT2G44610,0.0
2,Chr2_18413076.0,18413076,0.002480975,1,AT2G44610,AT2G44610,AT2G44610,0.0
2,Chr2_18413093.0,18413093,0.002480975,1,AT2G44610,AT2G44610,AT2G44610,0.0
2,Chr2_18413303.0,18413303,0.002480975,1,AT2G44610,AT2G44610,AT2G44610,0.0
2,Chr2_18414038.0,18414038,0.002480975,1,AT2G44610,AT2G44610,AT2G44610,0.0
2,Chr2_18414135.0,18414135,0.002480975,0,,,,
2,Chr2_18414156.0,18414156,0.002480975,0,,,,
2,Chr2_18414286.0,18414286,0.002480975,1,AT2G44620,AT2G44620,AT2G44620,0.0
2,Chr2_18414355.0,18414355,0.002480975,1,AT2G44620,AT2G44620,AT2G44620,0.0
2,Chr2_18414442.0,18414442,0.002480975,1,AT2G44620,AT2G44620,AT2G44620,0.0
2,Chr2_18414469.0,18414469,0.002480975,1,AT2G44620,AT2G44620,AT2G44620,0.0
2,Chr2_18414739.0,18414739,0.002480975,1,AT2G44620,AT2G44620,AT2G44620,0.0
2,Chr2_18414748.0,18414748,0.002480975,1,AT2G44620,AT2G44620,AT2G44620,0.0
2,Chr2_18414868.0,18414868,0.002480975,1,AT2G44620,AT2G44620,AT2G44620,0.0
2,Chr2_18415165.0,18415165,0.002480975,1,AT2G44620,AT2G44620,AT2G44620,0.0
2,Chr2_18415342.0,18415342,0.002480975,0,,,,
2,Chr2_18415530.0,18415530,0.002480975,0,,,,
2,Chr2_18415551.0,18415551,0.002480975,0,,,,
2,Chr2_18415673.0,18415673,0.002480975,0,,,,
2,Chr2_18415677.0,18415677,0.002480975,0,,,,
2,Chr2_18415678.0,18415678,0.002480975,0,,,,
2,Chr2_18415692.0,18415692,0.002480975,0,,,,
2,Chr2_18415724.0,18415724,0.002480975,1,AT2G44630,AT2G44630,AT2G44630,0.0
2,Chr2_18415730.0,18415730,0.002480975,1,AT2G44630,AT2G44630,AT2G44630,0.0
2,Chr2_18416027.0,18416027,0.002480975,1,AT2G44630,AT2G44630,AT2G44630,0.0
2,Chr2_18416729.0,18416729,0.002480975,1,AT2G44630,AT2G44630,AT2G44630,0.0
2,Chr2_18416772.0,18416772,0.002480975,1,AT2G44630,AT2G44630,AT2G44630,0.0
2,Chr2_18416799.0,18416799,0.002480975,1,AT2G44630,AT2G44630,AT2G44630,0.0
2,Chr2_18416883.0,18416883,0.002480975,1,AT2G44630,AT2G44630,AT2G44630,0.0
2,Chr2_18416884.0,18416884,0.002480975,1,AT2G44630,AT2G44630,AT2G44630,0.0
2,Chr2_18416921.0,18416921,0.002480975,1,AT2G44630,AT2G44630,AT2G44630,0.0
2,Chr2_18416922.0,18416922,0.002480975,1,AT2G44630,AT2G44630,AT2G44630,0.0
2,Chr2_18417007.0,18417007,0.002480975,0,,,,
2,Chr2_18417046.0,18417046,0.002480975,0,,,,
2,Chr2_18417081.0,18417081,0.002480975,0,,,,
2,Chr2_18417114.0,18417114,0.002480975,0,,,,
2,Chr2_18417136.0,18417136,0.002480975,0,,,,
2,Chr2_18417140.0,18417140,0.002480975,0,,,,
2,Chr2_18417152.0,18417152,0.002480975,0,,,,
2,Chr2_18417153.0,18417153,0.002480975,0,,,,
2,Chr2_18417206.0,18417206,0.002480975,0,,,,
2,Chr2_18417327.0,18417327,0.002480975,1,AT2G44640,AT2G44640,AT2G44640,0.0
2,Chr2_18417507.0,18417507,0.002480975,1,AT2G44640,AT2G44640,AT2G44640,0.0
2,Chr2_18417565.0,18417565,0.002480975,1,AT2G44640,AT2G44640,AT2G44640,0.0
2,Chr2_18417581.0,18417581,0.002480975,1,AT2G44640,AT2G44640,AT2G44640,0.0
2,Chr2_18417658.0,18417658,0.002480975,1,AT2G44640,AT2G44640,AT2G44640,0.0
2,Chr2_18417930.0,18417930,0.002480975,1,AT2G44640,AT2G44640,AT2G44640,0.0
2,Chr2_18417992.0,18417992,0.002480975,1,AT2G44640,AT2G44640,AT2G44640,0.0
2,Chr2_18418020.0,18418020,0.002480975,1,AT2G44640,AT2G44640,AT2G44640,0.0
2,Chr2_18418132.0,18418132,0.002480975,1,AT2G44640,AT2G44640,AT2G44640,0.0
2,Chr2_18418172.0,18418172,0.002480975,1,AT2G44640,AT2G44640,AT2G44640,0.0
2,Chr2_18418321.0,18418321,0.002480975,1,AT2G44640,AT2G44640,AT2G44640,0.0
2,Chr2_18418446.0,18418446,0.002480975,1,AT2G44640,AT2G44640,AT2G44640,0.0
2,Chr2_18418461.0,18418461,0.002480975,1,AT2G44640,AT2G44640,AT2G44640,0.0
2,Chr2_18418559.0,18418559,0.002480975,1,AT2G44640,AT2G44640,AT2G44640,0.0
2,Chr2_18418565.0,18418565,0.002480975,1,AT2G44640,AT2G44640,AT2G44640,0.0
2,Chr2_18418607.0,18418607,0.002480975,1,AT2G44640,AT2G44640,AT2G44640,0.0
2,Chr2_18418748.0,18418748,0.002480975,1,AT2G44640,AT2G44640,AT2G44640,0.0
2,Chr2_18418878.0,18418878,0.002480975,1,AT2G44640,AT2G44640,AT2G44640,0.0
2,Chr2_18419157.0,18419157,0.002480975,1,AT2G44640,AT2G44640,AT2G44640,0.0
2,Chr2_18419182.0,18419182,0.002480975,1,AT2G44640,AT2G44640,AT2G44640,0.0
2,Chr2_18419376.0,18419376,0.002480975,2,AT2G44640;AT2G44650,AT2G44640,AT2G44640,0.0
2,Chr2_18419637.0,18419637,0.002480975,1,AT2G44650,AT2G44650,AT2G44650,0.0
2,Chr2_18419717.0,18419717,0.002480975,1,AT2G44650,AT2G44650,AT2G44650,0.0
2,Chr2_18419793.0,18419793,0.002480975,1,AT2G44650,AT2G44650,AT2G44650,0.0
2,Chr2_18419859.0,18419859,0.002480975,1,AT2G44650,AT2G44650,AT2G44650,0.0
2,Chr2_18420046.0,18420046,0.002480975,1,AT2G44650,AT2G44650,AT2G44650,0.0
2,Chr2_18420195.0,18420195,0.002480975,1,AT2G44650,AT2G44650,AT2G44650,0.0
2,Chr2_18420208.0,18420208,0.002480975,1,AT2G44650,AT2G44650,AT2G44650,0.0
2,Chr2_18420355.0,18420355,0.002480975,1,AT2G44650,AT2G44650,AT2G44650,0.0
4,Chr4_9058365.0,9058365,0.002481589,1,AT4G15980,AT4G15980,AT4G15980,0.0
4,Chr4_9064071.0,9064071,0.002481589,1,AT4G16000,AT4G16000,AT4G16000,0.0
4,Chr4_9104265.0,9104265,0.002481589,0,,,,
4,Chr4_9108314.0,9108314,0.002481589,1,AT4G16105,AT4G16105,AT4G16105,0.0
3,Chr3_15768012.0,15768012,0.002482099,0,,,,
5,Chr5_11587254.0,11587254,0.002482146,0,,,,
4,Chr4_2492659.0,2492659,0.002483149,1,AT4G04910,AT4G04910,AT4G04910,0.0
4,Chr4_2494272.0,2494272,0.002483149,1,AT4G04910,AT4G04910,AT4G04910,0.0
4,Chr4_2685399.0,2685399,0.002483426,1,AT4G05220,AT4G05220,AT4G05220,0.0
4,Chr4_9375965.0,9375965,0.002483497,1,AT4G16650,AT4G16650,AT4G16650,0.0
3,Chr3_10464854.0,10464854,0.002483987,0,,,,
4,Chr4_6362647.0,6362647,0.002484136,1,AT4G10220,AT4G10220,AT4G10220,0.0
4,Chr4_2685662.0,2685662,0.002484377,1,AT4G05220,AT4G05220,AT4G05220,0.0
4,Chr4_2685958.0,2685958,0.002484377,0,,,,
4,Chr4_2685963.0,2685963,0.002484377,0,,,,
1,Chr1_26909878.0,26909878,0.002484472,1,AT1G71400,AT1G71400,AT1G71400,0.0
1,Chr1_11139826.0,11139826,0.002484938,0,,,,
4,Chr4_6069206.0,6069206,0.002485,0,,,,
4,Chr4_6069338.0,6069338,0.002485,0,,,,
4,Chr4_6069384.0,6069384,0.002485,0,,,,
1,Chr1_26284852.0,26284852,0.002485322,0,,,,
2,Chr2_1086090.0,1086090,0.002485574,0,,,,
3,Chr3_8282769.0,8282769,0.00248568,1,AT3G23200,AT3G23200,AT3G23200,0.0
5,Chr5_26739453.0,26739453,0.002485758,1,AT5G66960,AT5G66960,AT5G66960,0.0
5,Chr5_7526976.0,7526976,0.002487673,0,,,,
4,Chr4_6597070.0,6597070,0.002487917,0,,,,
3,Chr3_15508135.0,15508135,0.002488029,0,,,,
4,Chr4_16363417.0,16363417,0.002488251,0,,,,
5,Chr5_22307984.0,22307984,0.002488681,0,,,,
5,Chr5_24492570.0,24492570,0.002488694,0,,,,
5,Chr5_13382296.0,13382296,0.00248872,0,,,,
4,Chr4_13473235.0,13473235,0.002489008,1,AT4G26730,AT4G26730,AT4G26730,0.0
5,Chr5_14049482.0,14049482,0.002489183,1,AT5G35917,AT5G35917,AT5G35917,0.0
5,Chr5_14049833.0,14049833,0.002489183,1,AT5G35917,AT5G35917,AT5G35917,0.0
5,Chr5_14049926.0,14049926,0.002489183,1,AT5G35917,AT5G35917,AT5G35917,0.0
5,Chr5_14050007.0,14050007,0.002489183,1,AT5G35917,AT5G35917,AT5G35917,0.0
2,Chr2_13438849.0,13438849,0.002489231,1,AT2G31570,AT2G31570,AT2G31570,0.0
2,Chr2_15818569.0,15818569,0.002489381,1,AT2G37720,AT2G37720,AT2G37720,0.0
3,Chr3_14877141.0,14877141,0.002489426,1,AT3G42786,AT3G42786,AT3G42786,0.0
5,Chr5_9148946.0,9148946,0.002490936,0,,,,
4,Chr4_16664644.0,16664644,0.002491682,0,,,,
3,Chr3_3048721.0,3048721,0.002491779,0,,,,
2,Chr2_7119035.0,7119035,0.002491933,0,,,,
3,Chr3_20064881.0,20064881,0.002492213,0,,,,
3,Chr3_20068728.0,20068728,0.002492213,0,,,,
1,Chr1_26187928.0,26187928,0.002492627,1,AT1G69610,AT1G69610,AT1G69610,0.0
1,Chr1_11705214.0,11705214,0.002492754,1,AT1G32430,AT1G32430,AT1G32430,0.0
4,Chr4_3727711.0,3727711,0.002493055,0,,,,
1,Chr1_6726810.0,6726810,0.002493777,1,AT1G19430,AT1G19430,AT1G19430,0.0
2,Chr2_15765847.0,15765847,0.002494073,1,AT2G37585,AT2G37585,AT2G37585,0.0
5,Chr5_15006610.0,15006610,0.002494076,0,,,,
4,Chr4_945179.0,945179,0.002494376,1,AT4G02130,AT4G02130,AT4G02130,0.0
3,Chr3_3354478.0,3354478,0.002494665,1,AT3G10720,AT3G10720,AT3G10720,0.0
3,Chr3_10462538.0,10462538,0.002494961,0,,,,
1,Chr1_4914653.0,4914653,0.002495397,0,,,,
4,Chr4_181924.0,181924,0.002495584,1,AT4G00420,AT4G00420,AT4G00420,0.0
4,Chr4_182991.0,182991,0.002495584,1,AT4G00420,AT4G00420,AT4G00420,0.0
4,Chr4_184184.0,184184,0.002495584,1,AT4G00420,AT4G00420,AT4G00420,0.0
2,Chr2_704094.0,704094,0.002495788,0,,,,
5,Chr5_7526423.0,7526423,0.00249613,0,,,,
5,Chr5_7526427.0,7526427,0.00249613,0,,,,
3,Chr3_22272323.0,22272323,0.002496141,0,,,,
4,Chr4_12182307.0,12182307,0.002496386,1,AT4G23300,AT4G23300,AT4G23300,0.0
5,Chr5_18723475.0,18723475,0.002496532,1,AT5G46190,AT5G46190,AT5G46190,0.0
5,Chr5_18724286.0,18724286,0.002496532,1,AT5G46190,AT5G46190,AT5G46190,0.0
5,Chr5_13794094.0,13794094,0.002496613,0,,,,
1,Chr1_26002008.0,26002008,0.002496664,0,,,,
5,Chr5_7538777.0,7538777,0.002497012,1,AT5G22670,AT5G22670,AT5G22670,0.0
4,Chr4_1288197.0,1288197,0.002497699,0,,,,
5,Chr5_17277588.0,17277588,0.002497813,0,,,,
1,Chr1_21340232.0,21340232,0.002498315,1,AT1G57613,AT1G57613,AT1G57613,0.0
1,Chr1_21340233.0,21340233,0.002498315,1,AT1G57613,AT1G57613,AT1G57613,0.0
1,Chr1_21340239.0,21340239,0.002498315,1,AT1G57613,AT1G57613,AT1G57613,0.0
1,Chr1_21340267.0,21340267,0.002498315,1,AT1G57613,AT1G57613,AT1G57613,0.0
2,Chr2_727202.0,727202,0.002498335,0,,,,
3,Chr3_5092802.0,5092802,0.002499059,1,AT3G15120,AT3G15120,AT3G15120,0.0
4,Chr4_11788404.0,11788404,0.002499414,1,AT4G22300,AT4G22300,AT4G22300,0.0
4,Chr4_971937.0,971937,0.00249968,1,AT4G02195,AT4G02195,AT4G02195,0.0
1,Chr1_1411302.0,1411302,0.002499967,1,AT1G04970,AT1G04970,AT1G04970,0.0
1,Chr1_1412004.0,1412004,0.002499967,1,AT1G04970,AT1G04970,AT1G04970,0.0
2,Chr2_2236548.0,2236548,0.002500003,0,,,,
4,Chr4_17523241.0,17523241,0.002500021,0,,,,
4,Chr4_17523273.0,17523273,0.002500021,0,,,,
5,Chr5_5567610.0,5567610,0.002500685,1,AT5G16920,AT5G16920,AT5G16920,0.0
5,Chr5_5567739.0,5567739,0.002500685,1,AT5G16920,AT5G16920,AT5G16920,0.0
5,Chr5_5567751.0,5567751,0.002500685,1,AT5G16920,AT5G16920,AT5G16920,0.0
5,Chr5_5567752.0,5567752,0.002500685,1,AT5G16920,AT5G16920,AT5G16920,0.0
5,Chr5_5567769.0,5567769,0.002500685,1,AT5G16920,AT5G16920,AT5G16920,0.0
5,Chr5_5567774.0,5567774,0.002500685,1,AT5G16920,AT5G16920,AT5G16920,0.0
5,Chr5_5567788.0,5567788,0.002500685,1,AT5G16920,AT5G16920,AT5G16920,0.0
5,Chr5_5567794.0,5567794,0.002500685,1,AT5G16920,AT5G16920,AT5G16920,0.0
5,Chr5_5567810.0,5567810,0.002500685,1,AT5G16920,AT5G16920,AT5G16920,0.0
4,Chr4_4500277.0,4500277,0.002500882,0,,,,
4,Chr4_4500293.0,4500293,0.002500882,0,,,,
2,Chr2_12954877.0,12954877,0.002501095,1,AT2G30395,AT2G30395,AT2G30395,0.0
5,Chr5_10524549.0,10524549,0.00250171,0,,,,
5,Chr5_10526416.0,10526416,0.00250171,1,AT5G28530,AT5G28530,AT5G28530,0.0
5,Chr5_10529039.0,10529039,0.00250171,0,,,,
5,Chr5_10529498.0,10529498,0.00250171,0,,,,
5,Chr5_10530368.0,10530368,0.00250171,0,,,,
5,Chr5_10538284.0,10538284,0.00250171,0,,,,
4,Chr4_1755660.0,1755660,0.002501734,0,,,,
2,Chr2_6433061.0,6433061,0.002501883,0,,,,
5,Chr5_3627030.0,3627030,0.002502257,0,,,,
4,Chr4_1759404.0,1759404,0.002502578,0,,,,
4,Chr4_1759705.0,1759705,0.002502578,0,,,,
3,Chr3_14229208.0,14229208,0.002503486,1,AT3G42050,AT3G42050,AT3G42050,0.0
4,Chr4_7379615.0,7379615,0.002503627,1,AT4G12440,AT4G12440,AT4G12440,0.0
4,Chr4_7379629.0,7379629,0.002503627,1,AT4G12440,AT4G12440,AT4G12440,0.0
4,Chr4_7379637.0,7379637,0.002503627,1,AT4G12440,AT4G12440,AT4G12440,0.0
4,Chr4_7379729.0,7379729,0.002503627,1,AT4G12440,AT4G12440,AT4G12440,0.0
2,Chr2_5134324.0,5134324,0.002503668,0,,,,
4,Chr4_9030278.0,9030278,0.002503859,0,,,,
4,Chr4_9030651.0,9030651,0.002503859,1,AT4G15920,AT4G15920,AT4G15920,0.0
5,Chr5_217714.0,217714,0.002504162,0,,,,
5,Chr5_20067121.0,20067121,0.002505064,1,AT5G49470,AT5G49470,AT5G49470,0.0
3,Chr3_16643091.0,16643091,0.002505656,0,,,,
4,Chr4_437978.0,437978,0.002505811,0,,,,
5,Chr5_1237471.0,1237471,0.002505956,0,,,,
3,Chr3_5344196.0,5344196,0.002506264,1,AT3G15790,AT3G15790,AT3G15790,0.0
2,Chr2_4538020.0,4538020,0.002507407,0,,,,
1,Chr1_12265158.0,12265158,0.002507522,1,AT1G33810,AT1G33810,AT1G33810,0.0
2,Chr2_6143650.0,6143650,0.002507723,1,AT2G14440,AT2G14440,AT2G14440,0.0
5,Chr5_10350551.0,10350551,0.002508929,0,,,,
5,Chr5_1195077.0,1195077,0.002509099,1,AT5G04280,AT5G04280,AT5G04280,0.0
5,Chr5_8045319.0,8045319,0.002509584,0,,,,
5,Chr5_336022.0,336022,0.00250961,1,AT5G01860,AT5G01860,AT5G01860,0.0
2,Chr2_69477.0,69477,0.002511328,1,AT2G01050,AT2G01050,AT2G01050,0.0
3,Chr3_886586.0,886586,0.00251139,0,,,,
2,Chr2_126659.0,126659,0.002511395,0,,,,
2,Chr2_126663.0,126663,0.002511395,0,,,,
5,Chr5_15210167.0,15210167,0.002512923,1,AT5G38110,AT5G38110,AT5G38110,0.0
5,Chr5_16268190.0,16268190,0.002513427,0,,,,
1,Chr1_28296805.0,28296805,0.002513744,0,,,,
1,Chr1_26197376.0,26197376,0.002514076,0,,,,
5,Chr5_12614435.0,12614435,0.002514441,0,,,,
1,Chr1_11268292.0,11268292,0.002514937,1,AT1G31480,AT1G31480,AT1G31480,0.0
1,Chr1_11268545.0,11268545,0.002514937,1,AT1G31480,AT1G31480,AT1G31480,0.0
1,Chr1_11268941.0,11268941,0.002514937,1,AT1G31480,AT1G31480,AT1G31480,0.0
1,Chr1_11271235.0,11271235,0.002514937,2,AT1G31480;AT1G31490,AT1G31480,AT1G31480,0.0
2,Chr2_1699641.0,1699641,0.002514978,1,AT2G04842,AT2G04842,AT2G04842,0.0
5,Chr5_5151114.0,5151114,0.002516864,1,AT5G15790,AT5G15790,AT5G15790,0.0
1,Chr1_19935235.0,19935235,0.002517388,1,AT1G53430,AT1G53430,AT1G53430,0.0
3,Chr3_14262879.0,14262879,0.002517576,0,,,,
3,Chr3_14736718.0,14736718,0.002518051,0,,,,
4,Chr4_13076685.0,13076685,0.002518608,1,AT4G25640,AT4G25640,AT4G25640,0.0
2,Chr2_17343095.0,17343095,0.002518705,0,,,,
3,Chr3_8667452.0,8667452,0.002518818,1,AT3G23980,AT3G23980,AT3G23980,0.0
1,Chr1_28072650.0,28072650,0.002518922,1,AT1G74710,AT1G74710,AT1G74710,0.0
1,Chr1_15615476.0,15615476,0.002519028,0,,,,
4,Chr4_14386182.0,14386182,0.002519326,1,AT4G29180,AT4G29180,AT4G29180,0.0
5,Chr5_492891.0,492891,0.002519347,1,AT5G02340,AT5G02340,AT5G02340,0.0
4,Chr4_7345095.0,7345095,0.002519845,0,,,,
5,Chr5_9866037.0,9866037,0.002519912,0,,,,
4,Chr4_4154868.0,4154868,0.002520019,0,,,,
4,Chr4_12914111.0,12914111,0.002520135,0,,,,
4,Chr4_12914112.0,12914112,0.002520135,0,,,,
4,Chr4_12930262.0,12930262,0.002520135,0,,,,
3,Chr3_15300316.0,15300316,0.002520488,0,,,,
3,Chr3_15300334.0,15300334,0.002520488,0,,,,
4,Chr4_9464568.0,9464568,0.002520668,0,,,,
5,Chr5_16962090.0,16962090,0.002520757,0,,,,
5,Chr5_3181828.0,3181828,0.002521429,0,,,,
5,Chr5_12933318.0,12933318,0.002521668,0,,,,
4,Chr4_9976695.0,9976695,0.002521773,1,AT4G17970,AT4G17970,AT4G17970,0.0
1,Chr1_3754988.0,3754988,0.002521835,1,AT1G11200,AT1G11200,AT1G11200,0.0
1,Chr1_3755006.0,3755006,0.002521835,1,AT1G11200,AT1G11200,AT1G11200,0.0
1,Chr1_3755024.0,3755024,0.002521835,1,AT1G11200,AT1G11200,AT1G11200,0.0
1,Chr1_3755090.0,3755090,0.002521835,1,AT1G11200,AT1G11200,AT1G11200,0.0
1,Chr1_3755108.0,3755108,0.002521835,1,AT1G11200,AT1G11200,AT1G11200,0.0
1,Chr1_3755131.0,3755131,0.002521835,1,AT1G11200,AT1G11200,AT1G11200,0.0
1,Chr1_3755206.0,3755206,0.002521835,1,AT1G11200,AT1G11200,AT1G11200,0.0
1,Chr1_3755207.0,3755207,0.002521835,1,AT1G11200,AT1G11200,AT1G11200,0.0
1,Chr1_3755223.0,3755223,0.002521835,1,AT1G11200,AT1G11200,AT1G11200,0.0
1,Chr1_3755226.0,3755226,0.002521835,1,AT1G11200,AT1G11200,AT1G11200,0.0
1,Chr1_3755285.0,3755285,0.002521835,1,AT1G11200,AT1G11200,AT1G11200,0.0
1,Chr1_3755291.0,3755291,0.002521835,1,AT1G11200,AT1G11200,AT1G11200,0.0
1,Chr1_3755318.0,3755318,0.002521835,1,AT1G11200,AT1G11200,AT1G11200,0.0
1,Chr1_3755324.0,3755324,0.002521835,1,AT1G11200,AT1G11200,AT1G11200,0.0
1,Chr1_178136.0,178136,0.002521939,1,AT1G01480,AT1G01480,AT1G01480,0.0
1,Chr1_12248400.0,12248400,0.002522389,0,,,,
1,Chr1_4129484.0,4129484,0.002522725,1,AT1G12170,AT1G12170,AT1G12170,0.0
5,Chr5_131284.0,131284,0.002522886,1,AT5G01320,AT5G01320,AT5G01320,0.0
3,Chr3_5829997.0,5829997,0.002522924,0,,,,
3,Chr3_1038106.0,1038106,0.002522979,1,AT3G04010,AT3G04010,AT3G04010,0.0
2,Chr2_7569229.0,7569229,0.002523026,1,AT2G17430,AT2G17430,AT2G17430,0.0
2,Chr2_7569368.0,7569368,0.002523026,1,AT2G17430,AT2G17430,AT2G17430,0.0
2,Chr2_7569369.0,7569369,0.002523026,1,AT2G17430,AT2G17430,AT2G17430,0.0
2,Chr2_7570097.0,7570097,0.002523026,1,AT2G17430,AT2G17430,AT2G17430,0.0
3,Chr3_13476573.0,13476573,0.002523075,0,,,,
1,Chr1_17952759.0,17952759,0.002524281,0,,,,
1,Chr1_17953287.0,17953287,0.002524281,1,AT1G48560,AT1G48560,AT1G48560,0.0
1,Chr1_17954071.0,17954071,0.002524281,1,AT1G48560,AT1G48560,AT1G48560,0.0
1,Chr1_17956951.0,17956951,0.002524281,1,AT1G48570,AT1G48570,AT1G48570,0.0
4,Chr4_17385323.0,17385323,0.002524568,0,,,,
3,Chr3_14688925.0,14688925,0.002524655,0,,,,
5,Chr5_8785090.0,8785090,0.002524851,1,AT5G25310,AT5G25310,AT5G25310,0.0
3,Chr3_18634135.0,18634135,0.002525002,0,,,,
2,Chr2_6915790.0,6915790,0.002525307,0,,,,
3,Chr3_14111292.0,14111292,0.002525368,0,,,,
2,Chr2_4791828.0,4791828,0.002525467,0,,,,
1,Chr1_19908966.0,19908966,0.002525975,0,,,,
1,Chr1_14332939.0,14332939,0.00252603,0,,,,
4,Chr4_12182227.0,12182227,0.002526137,1,AT4G23300,AT4G23300,AT4G23300,0.0
1,Chr1_22695490.0,22695490,0.002526234,0,,,,
3,Chr3_5680809.0,5680809,0.002527026,0,,,,
5,Chr5_7736520.0,7736520,0.002527821,0,,,,
4,Chr4_8485569.0,8485569,0.002528023,0,,,,
5,Chr5_18520908.0,18520908,0.002528419,0,,,,
3,Chr3_12777052.0,12777052,0.002529132,0,,,,
2,Chr2_2719704.0,2719704,0.002529146,0,,,,
1,Chr1_23365724.0,23365724,0.002529257,0,,,,
4,Chr4_12133438.0,12133438,0.002529803,1,AT4G23160,AT4G23160,AT4G23160,0.0
4,Chr4_12133465.0,12133465,0.002529803,1,AT4G23160,AT4G23160,AT4G23160,0.0
4,Chr4_12133473.0,12133473,0.002529803,1,AT4G23160,AT4G23160,AT4G23160,0.0
4,Chr4_8616914.0,8616914,0.002529887,1,AT4G15090,AT4G15090,AT4G15090,0.0
5,Chr5_5147049.0,5147049,0.00253024,0,,,,
2,Chr2_18820510.0,18820510,0.002530548,1,AT2G45680,AT2G45680,AT2G45680,0.0
4,Chr4_2664148.0,2664148,0.002530845,0,,,,
5,Chr5_1058478.0,1058478,0.002530999,1,AT5G03920,AT5G03920,AT5G03920,0.0
2,Chr2_1114444.0,1114444,0.002532441,1,AT2G03667,AT2G03667,AT2G03667,0.0
2,Chr2_1114637.0,1114637,0.002532441,1,AT2G03667,AT2G03667,AT2G03667,0.0
2,Chr2_1114657.0,1114657,0.002532441,1,AT2G03667,AT2G03667,AT2G03667,0.0
2,Chr2_1114699.0,1114699,0.002532441,1,AT2G03667,AT2G03667,AT2G03667,0.0
2,Chr2_1114711.0,1114711,0.002532441,1,AT2G03667,AT2G03667,AT2G03667,0.0
2,Chr2_1114815.0,1114815,0.002532441,1,AT2G03667,AT2G03667,AT2G03667,0.0
2,Chr2_1114834.0,1114834,0.002532441,1,AT2G03667,AT2G03667,AT2G03667,0.0
2,Chr2_1114835.0,1114835,0.002532441,1,AT2G03667,AT2G03667,AT2G03667,0.0
2,Chr2_1114843.0,1114843,0.002532441,1,AT2G03667,AT2G03667,AT2G03667,0.0
2,Chr2_1114849.0,1114849,0.002532441,1,AT2G03667,AT2G03667,AT2G03667,0.0
2,Chr2_1114863.0,1114863,0.002532441,1,AT2G03667,AT2G03667,AT2G03667,0.0
2,Chr2_1115113.0,1115113,0.002532441,1,AT2G03667,AT2G03667,AT2G03667,0.0
2,Chr2_1115484.0,1115484,0.002532441,1,AT2G03667,AT2G03667,AT2G03667,0.0
5,Chr5_17029679.0,17029679,0.002532525,0,,,,
5,Chr5_20417428.0,20417428,0.00253278,1,AT5G50160,AT5G50160,AT5G50160,0.0
5,Chr5_15047979.0,15047979,0.002533207,0,,,,
5,Chr5_15048098.0,15048098,0.002533207,0,,,,
5,Chr5_15048105.0,15048105,0.002533207,0,,,,
5,Chr5_15048109.0,15048109,0.002533207,0,,,,
5,Chr5_15048120.0,15048120,0.002533207,0,,,,
4,Chr4_5556596.0,5556596,0.002533632,1,AT4G08691,AT4G08691,AT4G08691,0.0
4,Chr4_5559468.0,5559468,0.002533632,0,,,,
4,Chr4_5560542.0,5560542,0.002533632,0,,,,
1,Chr1_15429862.0,15429862,0.002534032,0,,,,
1,Chr1_11837112.0,11837112,0.002534043,0,,,,
2,Chr2_596103.0,596103,0.002534499,0,,,,
5,Chr5_16679625.0,16679625,0.002535368,0,,,,
5,Chr5_4971547.0,4971547,0.002535545,0,,,,
2,Chr2_5484920.0,5484920,0.002535915,0,,,,
1,Chr1_28515712.0,28515712,0.002536598,0,,,,
1,Chr1_28515881.0,28515881,0.002536598,0,,,,
5,Chr5_8274982.0,8274982,0.002537585,1,AT5G24310,AT5G24310,AT5G24310,0.0
2,Chr2_17261517.0,17261517,0.002537935,0,,,,
3,Chr3_15245255.0,15245255,0.002538286,0,,,,
2,Chr2_9039354.0,9039354,0.002538826,0,,,,
4,Chr4_8947551.0,8947551,0.002539185,0,,,,
5,Chr5_17329993.0,17329993,0.002539894,1,AT5G43160,AT5G43160,AT5G43160,0.0
5,Chr5_26353365.0,26353365,0.002540194,1,AT5G65880,AT5G65880,AT5G65880,0.0
1,Chr1_29243972.0,29243972,0.002540434,0,,,,
1,Chr1_29244074.0,29244074,0.002540434,0,,,,
1,Chr1_17379741.0,17379741,0.002541245,1,AT1G47390,AT1G47390,AT1G47390,0.0
1,Chr1_4138117.0,4138117,0.002541786,1,AT1G12200,AT1G12200,AT1G12200,0.0
1,Chr1_13148287.0,13148287,0.002542108,0,,,,
1,Chr1_4340326.0,4340326,0.002542986,0,,,,
5,Chr5_6808363.0,6808363,0.002543051,1,AT5G20170,AT5G20170,AT5G20170,0.0
5,Chr5_6809351.0,6809351,0.002543051,1,AT5G20170,AT5G20170,AT5G20170,0.0
5,Chr5_6809379.0,6809379,0.002543051,1,AT5G20170,AT5G20170,AT5G20170,0.0
5,Chr5_6809874.0,6809874,0.002543051,1,AT5G20170,AT5G20170,AT5G20170,0.0
5,Chr5_6809896.0,6809896,0.002543051,1,AT5G20170,AT5G20170,AT5G20170,0.0
5,Chr5_6809897.0,6809897,0.002543051,1,AT5G20170,AT5G20170,AT5G20170,0.0
5,Chr5_6809899.0,6809899,0.002543051,1,AT5G20170,AT5G20170,AT5G20170,0.0
5,Chr5_6810226.0,6810226,0.002543051,1,AT5G20170,AT5G20170,AT5G20170,0.0
5,Chr5_6810255.0,6810255,0.002543051,1,AT5G20170,AT5G20170,AT5G20170,0.0
5,Chr5_6810348.0,6810348,0.002543051,1,AT5G20170,AT5G20170,AT5G20170,0.0
5,Chr5_6810560.0,6810560,0.002543051,1,AT5G20170,AT5G20170,AT5G20170,0.0
5,Chr5_6810581.0,6810581,0.002543051,1,AT5G20170,AT5G20170,AT5G20170,0.0
5,Chr5_6810607.0,6810607,0.002543051,1,AT5G20170,AT5G20170,AT5G20170,0.0
5,Chr5_6810810.0,6810810,0.002543051,0,,,,
5,Chr5_6810964.0,6810964,0.002543051,1,AT5G20180,AT5G20180,AT5G20180,0.0
5,Chr5_6810987.0,6810987,0.002543051,1,AT5G20180,AT5G20180,AT5G20180,0.0
5,Chr5_6811004.0,6811004,0.002543051,1,AT5G20180,AT5G20180,AT5G20180,0.0
5,Chr5_6811073.0,6811073,0.002543051,1,AT5G20180,AT5G20180,AT5G20180,0.0
5,Chr5_6811088.0,6811088,0.002543051,1,AT5G20180,AT5G20180,AT5G20180,0.0
5,Chr5_6811103.0,6811103,0.002543051,1,AT5G20180,AT5G20180,AT5G20180,0.0
5,Chr5_6811144.0,6811144,0.002543051,1,AT5G20180,AT5G20180,AT5G20180,0.0
5,Chr5_6811145.0,6811145,0.002543051,1,AT5G20180,AT5G20180,AT5G20180,0.0
5,Chr5_6811149.0,6811149,0.002543051,1,AT5G20180,AT5G20180,AT5G20180,0.0
5,Chr5_6811160.0,6811160,0.002543051,1,AT5G20180,AT5G20180,AT5G20180,0.0
5,Chr5_6811193.0,6811193,0.002543051,1,AT5G20180,AT5G20180,AT5G20180,0.0
5,Chr5_6811285.0,6811285,0.002543051,1,AT5G20180,AT5G20180,AT5G20180,0.0
5,Chr5_6811380.0,6811380,0.002543051,1,AT5G20180,AT5G20180,AT5G20180,0.0
5,Chr5_6811389.0,6811389,0.002543051,1,AT5G20180,AT5G20180,AT5G20180,0.0
5,Chr5_6811392.0,6811392,0.002543051,1,AT5G20180,AT5G20180,AT5G20180,0.0
5,Chr5_6811401.0,6811401,0.002543051,1,AT5G20180,AT5G20180,AT5G20180,0.0
5,Chr5_6811431.0,6811431,0.002543051,1,AT5G20180,AT5G20180,AT5G20180,0.0
5,Chr5_6811443.0,6811443,0.002543051,1,AT5G20180,AT5G20180,AT5G20180,0.0
5,Chr5_6811479.0,6811479,0.002543051,1,AT5G20180,AT5G20180,AT5G20180,0.0
5,Chr5_6811527.0,6811527,0.002543051,1,AT5G20180,AT5G20180,AT5G20180,0.0
5,Chr5_6811528.0,6811528,0.002543051,1,AT5G20180,AT5G20180,AT5G20180,0.0
5,Chr5_6811530.0,6811530,0.002543051,1,AT5G20180,AT5G20180,AT5G20180,0.0
5,Chr5_6811536.0,6811536,0.002543051,1,AT5G20180,AT5G20180,AT5G20180,0.0
5,Chr5_6811538.0,6811538,0.002543051,1,AT5G20180,AT5G20180,AT5G20180,0.0
5,Chr5_6811633.0,6811633,0.002543051,1,AT5G20180,AT5G20180,AT5G20180,0.0
5,Chr5_6811634.0,6811634,0.002543051,1,AT5G20180,AT5G20180,AT5G20180,0.0
5,Chr5_6811645.0,6811645,0.002543051,1,AT5G20180,AT5G20180,AT5G20180,0.0
5,Chr5_6811734.0,6811734,0.002543051,1,AT5G20180,AT5G20180,AT5G20180,0.0
5,Chr5_6811735.0,6811735,0.002543051,1,AT5G20180,AT5G20180,AT5G20180,0.0
5,Chr5_6811741.0,6811741,0.002543051,1,AT5G20180,AT5G20180,AT5G20180,0.0
5,Chr5_6811805.0,6811805,0.002543051,1,AT5G20180,AT5G20180,AT5G20180,0.0
5,Chr5_6811817.0,6811817,0.002543051,1,AT5G20180,AT5G20180,AT5G20180,0.0
5,Chr5_6811833.0,6811833,0.002543051,1,AT5G20180,AT5G20180,AT5G20180,0.0
5,Chr5_6811850.0,6811850,0.002543051,1,AT5G20180,AT5G20180,AT5G20180,0.0
5,Chr5_6811858.0,6811858,0.002543051,1,AT5G20180,AT5G20180,AT5G20180,0.0
5,Chr5_6811874.0,6811874,0.002543051,1,AT5G20180,AT5G20180,AT5G20180,0.0
5,Chr5_6811918.0,6811918,0.002543051,1,AT5G20180,AT5G20180,AT5G20180,0.0
5,Chr5_6811939.0,6811939,0.002543051,1,AT5G20180,AT5G20180,AT5G20180,0.0
5,Chr5_6811940.0,6811940,0.002543051,1,AT5G20180,AT5G20180,AT5G20180,0.0
5,Chr5_6812116.0,6812116,0.002543051,1,AT5G20180,AT5G20180,AT5G20180,0.0
5,Chr5_6812159.0,6812159,0.002543051,0,,,,
5,Chr5_6812162.0,6812162,0.002543051,0,,,,
5,Chr5_6812183.0,6812183,0.002543051,0,,,,
1,Chr1_26010007.0,26010007,0.002543839,0,,,,
4,Chr4_488525.0,488525,0.002544146,0,,,,
5,Chr5_12524888.0,12524888,0.002545097,0,,,,
2,Chr2_4444809.0,4444809,0.002545699,0,,,,
1,Chr1_29782252.0,29782252,0.002546162,0,,,,
1,Chr1_22932671.0,22932671,0.002546986,0,,,,
3,Chr3_15642508.0,15642508,0.002547129,0,,,,
3,Chr3_5483622.0,5483622,0.002547207,1,AT3G16180,AT3G16180,AT3G16180,0.0
1,Chr1_2911721.0,2911721,0.002547839,1,AT1G09040,AT1G09040,AT1G09040,0.0
4,Chr4_1511919.0,1511919,0.002548309,1,AT4G03420,AT4G03420,AT4G03420,0.0
5,Chr5_16268221.0,16268221,0.002548401,0,,,,
4,Chr4_10828993.0,10828993,0.002548424,0,,,,
3,Chr3_15228683.0,15228683,0.002548613,0,,,,
3,Chr3_15228876.0,15228876,0.002548613,0,,,,
3,Chr3_15240548.0,15240548,0.002548613,1,AT3G43300,AT3G43300,AT3G43300,0.0
3,Chr3_15248558.0,15248558,0.002548613,0,,,,
3,Chr3_15266660.0,15266660,0.002548613,0,,,,
5,Chr5_25909465.0,25909465,0.002549155,1,AT5G64810,AT5G64810,AT5G64810,0.0
3,Chr3_14716943.0,14716943,0.002549203,0,,,,
3,Chr3_14717290.0,14717290,0.002549203,0,,,,
1,Chr1_4078340.0,4078340,0.002549251,0,,,,
1,Chr1_5818410.0,5818410,0.002549939,1,AT1G17010,AT1G17010,AT1G17010,0.0
3,Chr3_17640759.0,17640759,0.002550056,0,,,,
1,Chr1_16729605.0,16729605,0.002550219,0,,,,
3,Chr3_16487119.0,16487119,0.002550798,1,AT3G45070,AT3G45070,AT3G45070,0.0
3,Chr3_16487202.0,16487202,0.002550798,1,AT3G45070,AT3G45070,AT3G45070,0.0
3,Chr3_16487750.0,16487750,0.002550798,0,,,,
5,Chr5_18777904.0,18777904,0.002550815,0,,,,
4,Chr4_13204116.0,13204116,0.002550904,0,,,,
5,Chr5_9882203.0,9882203,0.002551168,0,,,,
1,Chr1_21569456.0,21569456,0.002551239,1,AT1G58230,AT1G58230,AT1G58230,0.0
1,Chr1_21572875.0,21572875,0.002551239,1,AT1G58230,AT1G58230,AT1G58230,0.0
5,Chr5_17744072.0,17744072,0.002551556,1,AT5G44090,AT5G44090,AT5G44090,0.0
5,Chr5_26711484.0,26711484,0.002552347,1,AT5G66880,AT5G66880,AT5G66880,0.0
5,Chr5_26711492.0,26711492,0.002552347,1,AT5G66880,AT5G66880,AT5G66880,0.0
3,Chr3_3205151.0,3205151,0.002552789,1,AT3G10340,AT3G10340,AT3G10340,0.0
3,Chr3_3207026.0,3207026,0.002552789,1,AT3G10340,AT3G10340,AT3G10340,0.0
3,Chr3_3209188.0,3209188,0.002552789,1,AT3G10350,AT3G10350,AT3G10350,0.0
1,Chr1_29648030.0,29648030,0.002553156,1,AT1G78865,AT1G78865,AT1G78865,0.0
1,Chr1_29648032.0,29648032,0.002553156,1,AT1G78865,AT1G78865,AT1G78865,0.0
1,Chr1_29648037.0,29648037,0.002553156,1,AT1G78865,AT1G78865,AT1G78865,0.0
5,Chr5_24339623.0,24339623,0.002553336,2,AT5G60548;AT5G60550,AT5G60548,AT5G60548,0.0
5,Chr5_15387617.0,15387617,0.002553517,0,,,,
2,Chr2_9516438.0,9516438,0.002553572,0,,,,
4,Chr4_2461069.0,2461069,0.002553583,1,AT4G04860,AT4G04860,AT4G04860,0.0
4,Chr4_2461099.0,2461099,0.002553583,1,AT4G04860,AT4G04860,AT4G04860,0.0
4,Chr4_2461487.0,2461487,0.002553583,1,AT4G04860,AT4G04860,AT4G04860,0.0
3,Chr3_12694137.0,12694137,0.002554093,0,,,,
1,Chr1_25996693.0,25996693,0.002554932,0,,,,
4,Chr4_16705553.0,16705553,0.002554943,0,,,,
1,Chr1_20843404.0,20843404,0.002554972,1,AT1G55750,AT1G55750,AT1G55750,0.0
1,Chr1_20849488.0,20849488,0.002554972,0,,,,
5,Chr5_22788552.0,22788552,0.002554996,1,AT5G56290,AT5G56290,AT5G56290,0.0
5,Chr5_22789292.0,22789292,0.002554996,1,AT5G56290,AT5G56290,AT5G56290,0.0
5,Chr5_13068442.0,13068442,0.002555327,0,,,,
4,Chr4_8201368.0,8201368,0.002555621,1,AT4G14230,AT4G14230,AT4G14230,0.0
1,Chr1_24172137.0,24172137,0.00255596,0,,,,
5,Chr5_16794153.0,16794153,0.002556345,1,AT5G41980,AT5G41980,AT5G41980,0.0
5,Chr5_9148831.0,9148831,0.002556659,0,,,,
4,Chr4_17437951.0,17437951,0.002556889,0,,,,
5,Chr5_8322657.0,8322657,0.002556941,0,,,,
3,Chr3_12698608.0,12698608,0.002558317,0,,,,
3,Chr3_12698744.0,12698744,0.002558317,0,,,,
5,Chr5_1164842.0,1164842,0.002558364,0,,,,
1,Chr1_4137319.0,4137319,0.002558368,0,,,,
5,Chr5_23417155.0,23417155,0.002558547,0,,,,
5,Chr5_23417364.0,23417364,0.002558547,0,,,,
1,Chr1_22489190.0,22489190,0.002559384,1,AT1G61060,AT1G61060,AT1G61060,0.0
1,Chr1_4701917.0,4701917,0.002559895,0,,,,
2,Chr2_18341162.0,18341162,0.002560042,1,AT2G44450,AT2G44450,AT2G44450,0.0
2,Chr2_18341179.0,18341179,0.002560042,1,AT2G44450,AT2G44450,AT2G44450,0.0
2,Chr2_18341385.0,18341385,0.002560042,1,AT2G44450,AT2G44450,AT2G44450,0.0
2,Chr2_1084812.0,1084812,0.002560312,0,,,,
4,Chr4_10289692.0,10289692,0.002560425,1,AT4G18700,AT4G18700,AT4G18700,0.0
4,Chr4_3133987.0,3133987,0.002560431,0,,,,
2,Chr2_5014579.0,5014579,0.002560595,0,,,,
2,Chr2_9475267.0,9475267,0.002560977,1,AT2G22300,AT2G22300,AT2G22300,0.0
1,Chr1_29953353.0,29953353,0.002561009,1,AT1G79610,AT1G79610,AT1G79610,0.0
4,Chr4_10721659.0,10721659,0.002561292,0,,,,
4,Chr4_10724381.0,10724381,0.002561292,0,,,,
3,Chr3_18892857.0,18892857,0.002561512,0,,,,
4,Chr4_10121366.0,10121366,0.002561805,0,,,,
1,Chr1_8540037.0,8540037,0.002562571,0,,,,
4,Chr4_7224012.0,7224012,0.002562589,0,,,,
5,Chr5_6869602.0,6869602,0.002562618,0,,,,
1,Chr1_15642898.0,15642898,0.00256278,0,,,,
5,Chr5_17343180.0,17343180,0.002562843,0,,,,
4,Chr4_2119343.0,2119343,0.002562848,0,,,,
1,Chr1_1154667.0,1154667,0.002562941,0,,,,
5,Chr5_1021506.0,1021506,0.002563474,0,,,,
4,Chr4_16729268.0,16729268,0.002563721,0,,,,
1,Chr1_15649277.0,15649277,0.002564212,0,,,,
3,Chr3_10023642.0,10023642,0.002564344,0,,,,
2,Chr2_18340373.0,18340373,0.002564611,0,,,,
4,Chr4_9972793.0,9972793,0.002564654,0,,,,
2,Chr2_18820408.0,18820408,0.002564878,1,AT2G45680,AT2G45680,AT2G45680,0.0
2,Chr2_14566487.0,14566487,0.002565577,1,AT2G34580,AT2G34580,AT2G34580,0.0
3,Chr3_14746454.0,14746454,0.002565922,0,,,,
3,Chr3_3198598.0,3198598,0.002566515,0,,,,
2,Chr2_8031053.0,8031053,0.002567324,0,,,,
1,Chr1_19703930.0,19703930,0.002567522,0,,,,
1,Chr1_16561648.0,16561648,0.002568079,0,,,,
1,Chr1_16562280.0,16562280,0.002568079,0,,,,
2,Chr2_5044878.0,5044878,0.00256809,0,,,,
2,Chr2_5045436.0,5045436,0.00256809,0,,,,
2,Chr2_5046578.0,5046578,0.00256809,0,,,,
5,Chr5_20639594.0,20639594,0.002568657,0,,,,
3,Chr3_20454104.0,20454104,0.002569955,1,AT3G55170,AT3G55170,AT3G55170,0.0
3,Chr3_20454105.0,20454105,0.002569955,1,AT3G55170,AT3G55170,AT3G55170,0.0
3,Chr3_20454349.0,20454349,0.002569955,0,,,,
3,Chr3_20454552.0,20454552,0.002569955,0,,,,
3,Chr3_20454678.0,20454678,0.002569955,0,,,,
3,Chr3_20454752.0,20454752,0.002569955,0,,,,
3,Chr3_20454817.0,20454817,0.002569955,0,,,,
3,Chr3_20454834.0,20454834,0.002569955,0,,,,
1,Chr1_552933.0,552933,0.002570117,0,,,,
3,Chr3_7679729.0,7679729,0.002570232,0,,,,
1,Chr1_18119384.0,18119384,0.002570536,1,AT1G48980,AT1G48980,AT1G48980,0.0
4,Chr4_1625472.0,1625472,0.002570825,0,,,,
4,Chr4_1649380.0,1649380,0.002570825,0,,,,
4,Chr4_1650635.0,1650635,0.002570825,0,,,,
4,Chr4_1657379.0,1657379,0.002570825,0,,,,
4,Chr4_1743839.0,1743839,0.002570825,0,,,,
4,Chr4_1759776.0,1759776,0.002570825,0,,,,
4,Chr4_1794988.0,1794988,0.002570825,0,,,,
4,Chr4_1807289.0,1807289,0.002570825,0,,,,
4,Chr4_1808024.0,1808024,0.002570825,0,,,,
4,Chr4_1816275.0,1816275,0.002570825,0,,,,
4,Chr4_1816645.0,1816645,0.002570825,0,,,,
4,Chr4_1817862.0,1817862,0.002570825,0,,,,
4,Chr4_1818834.0,1818834,0.002570825,0,,,,
4,Chr4_1819503.0,1819503,0.002570825,0,,,,
4,Chr4_1821567.0,1821567,0.002570825,0,,,,
4,Chr4_1823372.0,1823372,0.002570825,0,,,,
4,Chr4_1823971.0,1823971,0.002570825,0,,,,
4,Chr4_1824297.0,1824297,0.002570825,0,,,,
4,Chr4_1824871.0,1824871,0.002570825,0,,,,
4,Chr4_1829537.0,1829537,0.002570825,0,,,,
4,Chr4_1831169.0,1831169,0.002570825,0,,,,
4,Chr4_1849093.0,1849093,0.002570825,0,,,,
4,Chr4_1854001.0,1854001,0.002570825,0,,,,
4,Chr4_1855285.0,1855285,0.002570825,0,,,,
4,Chr4_1861924.0,1861924,0.002570825,0,,,,
4,Chr4_1863010.0,1863010,0.002570825,0,,,,
4,Chr4_1863040.0,1863040,0.002570825,0,,,,
4,Chr4_2811196.0,2811196,0.002570825,0,,,,
4,Chr4_2812306.0,2812306,0.002570825,0,,,,
4,Chr4_2813249.0,2813249,0.002570825,0,,,,
4,Chr4_2851042.0,2851042,0.002570825,0,,,,
4,Chr4_2859527.0,2859527,0.002570825,0,,,,
4,Chr4_2860427.0,2860427,0.002570825,0,,,,
4,Chr4_2861317.0,2861317,0.002570825,0,,,,
4,Chr4_2881322.0,2881322,0.002570825,0,,,,
4,Chr4_2910840.0,2910840,0.002570825,0,,,,
4,Chr4_2912199.0,2912199,0.002570825,0,,,,
4,Chr4_3033187.0,3033187,0.002570825,0,,,,
4,Chr4_3137680.0,3137680,0.002570825,0,,,,
4,Chr4_3191913.0,3191913,0.002570825,0,,,,
4,Chr4_3333225.0,3333225,0.002570825,0,,,,
4,Chr4_3333432.0,3333432,0.002570825,0,,,,
4,Chr4_3335314.0,3335314,0.002570825,0,,,,
4,Chr4_3341273.0,3341273,0.002570825,0,,,,
4,Chr4_3341497.0,3341497,0.002570825,0,,,,
4,Chr4_3345537.0,3345537,0.002570825,0,,,,
4,Chr4_3345579.0,3345579,0.002570825,0,,,,
4,Chr4_3364923.0,3364923,0.002570825,0,,,,
4,Chr4_3374105.0,3374105,0.002570825,0,,,,
4,Chr4_3400520.0,3400520,0.002570825,0,,,,
4,Chr4_3419441.0,3419441,0.002570825,0,,,,
4,Chr4_3422404.0,3422404,0.002570825,0,,,,
4,Chr4_3427799.0,3427799,0.002570825,0,,,,
4,Chr4_3442393.0,3442393,0.002570825,0,,,,
4,Chr4_3443063.0,3443063,0.002570825,0,,,,
4,Chr4_3445653.0,3445653,0.002570825,0,,,,
4,Chr4_3446948.0,3446948,0.002570825,0,,,,
4,Chr4_3559111.0,3559111,0.002570825,0,,,,
4,Chr4_3562685.0,3562685,0.002570825,0,,,,
4,Chr4_3573356.0,3573356,0.002570825,0,,,,
4,Chr4_3606646.0,3606646,0.002570825,0,,,,
4,Chr4_3615820.0,3615820,0.002570825,0,,,,
4,Chr4_3712875.0,3712875,0.002570825,0,,,,
4,Chr4_3715078.0,3715078,0.002570825,0,,,,
4,Chr4_3716209.0,3716209,0.002570825,0,,,,
4,Chr4_3719221.0,3719221,0.002570825,0,,,,
4,Chr4_3727041.0,3727041,0.002570825,0,,,,
4,Chr4_3784943.0,3784943,0.002570825,0,,,,
4,Chr4_3798150.0,3798150,0.002570825,0,,,,
4,Chr4_3802174.0,3802174,0.002570825,0,,,,
4,Chr4_3829093.0,3829093,0.002570825,0,,,,
4,Chr4_3830439.0,3830439,0.002570825,0,,,,
4,Chr4_3882156.0,3882156,0.002570825,0,,,,
4,Chr4_3883849.0,3883849,0.002570825,0,,,,
4,Chr4_3908134.0,3908134,0.002570825,0,,,,
4,Chr4_3909294.0,3909294,0.002570825,0,,,,
4,Chr4_4018541.0,4018541,0.002570825,0,,,,
4,Chr4_4058370.0,4058370,0.002570825,0,,,,
4,Chr4_4059243.0,4059243,0.002570825,0,,,,
4,Chr4_4059312.0,4059312,0.002570825,0,,,,
4,Chr4_4200080.0,4200080,0.002570825,0,,,,
4,Chr4_4232619.0,4232619,0.002570825,0,,,,
4,Chr4_4233897.0,4233897,0.002570825,0,,,,
4,Chr4_4248912.0,4248912,0.002570825,0,,,,
4,Chr4_4249831.0,4249831,0.002570825,0,,,,
4,Chr4_4572598.0,4572598,0.002570825,0,,,,
4,Chr4_4573451.0,4573451,0.002570825,0,,,,
4,Chr4_4573461.0,4573461,0.002570825,0,,,,
4,Chr4_4573607.0,4573607,0.002570825,0,,,,
4,Chr4_4784725.0,4784725,0.002570825,0,,,,
4,Chr4_4804686.0,4804686,0.002570825,1,AT4G07960,AT4G07960,AT4G07960,0.0
4,Chr4_4805527.0,4805527,0.002570825,1,AT4G07960,AT4G07960,AT4G07960,0.0
1,Chr1_23687798.0,23687798,0.002571348,0,,,,
1,Chr1_21937933.0,21937933,0.002571513,1,AT1G59700,AT1G59700,AT1G59700,0.0
1,Chr1_21937988.0,21937988,0.002571513,0,,,,
1,Chr1_19732800.0,19732800,0.002571749,0,,,,
1,Chr1_9101761.0,9101761,0.002571771,1,AT1G26310,AT1G26310,AT1G26310,0.0
3,Chr3_17838558.0,17838558,0.00257183,0,,,,
1,Chr1_18457993.0,18457993,0.002572245,0,,,,
1,Chr1_3061155.0,3061155,0.00257253,1,AT1G09483,AT1G09483,AT1G09483,0.0
1,Chr1_3062237.0,3062237,0.00257253,0,,,,
1,Chr1_3062393.0,3062393,0.00257253,0,,,,
1,Chr1_3064100.0,3064100,0.00257253,0,,,,
1,Chr1_3064890.0,3064890,0.00257253,1,AT1G09490,AT1G09490,AT1G09490,0.0
1,Chr1_3067754.0,3067754,0.00257253,1,AT1G09500,AT1G09500,AT1G09500,0.0
1,Chr1_3068047.0,3068047,0.00257253,1,AT1G09500,AT1G09500,AT1G09500,0.0
4,Chr4_15949539.0,15949539,0.002572814,1,AT4G33060,AT4G33060,AT4G33060,0.0
1,Chr1_12278905.0,12278905,0.002573031,1,AT1G33820,AT1G33820,AT1G33820,0.0
5,Chr5_10692608.0,10692608,0.00257317,0,,,,
5,Chr5_858926.0,858926,0.002573365,1,AT5G03450,AT5G03450,AT5G03450,0.0
4,Chr4_1593269.0,1593269,0.002573532,1,AT4G03570,AT4G03570,AT4G03570,0.0
5,Chr5_24816103.0,24816103,0.002573629,1,AT5G61770,AT5G61770,AT5G61770,0.0
5,Chr5_26513606.0,26513606,0.002573686,1,AT5G66380,AT5G66380,AT5G66380,0.0
2,Chr2_5579747.0,5579747,0.002574797,0,,,,
4,Chr4_6678379.0,6678379,0.002574802,0,,,,
4,Chr4_7350040.0,7350040,0.002575073,1,AT4G12420,AT4G12420,AT4G12420,0.0
4,Chr4_15548803.0,15548803,0.002575591,0,,,,
5,Chr5_19585950.0,19585950,0.00257601,1,AT5G48330,AT5G48330,AT5G48330,0.0
5,Chr5_19586982.0,19586982,0.00257601,1,AT5G48330,AT5G48330,AT5G48330,0.0
5,Chr5_19588500.0,19588500,0.00257601,1,AT5G48335,AT5G48335,AT5G48335,0.0
5,Chr5_19588654.0,19588654,0.00257601,1,AT5G48335,AT5G48335,AT5G48335,0.0
5,Chr5_19589045.0,19589045,0.00257601,1,AT5G48335,AT5G48335,AT5G48335,0.0
5,Chr5_19589232.0,19589232,0.00257601,1,AT5G48335,AT5G48335,AT5G48335,0.0
5,Chr5_19593663.0,19593663,0.00257601,1,AT5G48350,AT5G48350,AT5G48350,0.0
4,Chr4_9068299.0,9068299,0.002576065,1,AT4G16008,AT4G16008,AT4G16008,0.0
1,Chr1_26226536.0,26226536,0.002576245,1,AT1G69710,AT1G69710,AT1G69710,0.0
4,Chr4_7167024.0,7167024,0.002576474,0,,,,
4,Chr4_2108454.0,2108454,0.002576776,0,,,,
4,Chr4_6790190.0,6790190,0.002576948,0,,,,
5,Chr5_4085614.0,4085614,0.002577029,0,,,,
3,Chr3_4631565.0,4631565,0.002577532,1,AT3G14000,AT3G14000,AT3G14000,0.0
3,Chr3_4631726.0,4631726,0.002577532,1,AT3G14000,AT3G14000,AT3G14000,0.0
1,Chr1_27939493.0,27939493,0.002577609,1,AT1G74310,AT1G74310,AT1G74310,0.0
3,Chr3_20947686.0,20947686,0.002577739,1,AT3G56520,AT3G56520,AT3G56520,0.0
1,Chr1_168532.0,168532,0.002577937,0,,,,
1,Chr1_11963702.0,11963702,0.002578271,1,AT1G33020,AT1G33020,AT1G33020,0.0
5,Chr5_4968046.0,4968046,0.00257831,0,,,,
1,Chr1_16642661.0,16642661,0.002578762,0,,,,
5,Chr5_15049870.0,15049870,0.002578907,0,,,,
5,Chr5_15049882.0,15049882,0.002578907,0,,,,
5,Chr5_15050197.0,15050197,0.002578907,0,,,,
5,Chr5_15050203.0,15050203,0.002578907,0,,,,
5,Chr5_15050208.0,15050208,0.002578907,0,,,,
5,Chr5_15050212.0,15050212,0.002578907,0,,,,
5,Chr5_15050241.0,15050241,0.002578907,0,,,,
5,Chr5_15050269.0,15050269,0.002578907,1,AT5G37820,AT5G37820,AT5G37820,0.0
5,Chr5_15050274.0,15050274,0.002578907,1,AT5G37820,AT5G37820,AT5G37820,0.0
5,Chr5_15050460.0,15050460,0.002578907,1,AT5G37820,AT5G37820,AT5G37820,0.0
5,Chr5_15050469.0,15050469,0.002578907,1,AT5G37820,AT5G37820,AT5G37820,0.0
5,Chr5_15050850.0,15050850,0.002578907,1,AT5G37820,AT5G37820,AT5G37820,0.0
5,Chr5_9153421.0,9153421,0.002579499,1,AT5G26180,AT5G26180,AT5G26180,0.0
5,Chr5_9153430.0,9153430,0.002579499,1,AT5G26180,AT5G26180,AT5G26180,0.0
5,Chr5_9153455.0,9153455,0.002579499,1,AT5G26180,AT5G26180,AT5G26180,0.0
2,Chr2_2177475.0,2177475,0.002579579,0,,,,
2,Chr2_7584794.0,7584794,0.002580112,1,AT2G17470,AT2G17470,AT2G17470,0.0
3,Chr3_3754163.0,3754163,0.002580159,0,,,,
1,Chr1_30138908.0,30138908,0.002580186,0,,,,
1,Chr1_30138930.0,30138930,0.002580186,0,,,,
5,Chr5_14587451.0,14587451,0.002580637,0,,,,
5,Chr5_14587453.0,14587453,0.002580637,0,,,,
5,Chr5_6325012.0,6325012,0.002580789,0,,,,
1,Chr1_10151514.0,10151514,0.002580963,0,,,,
5,Chr5_17077395.0,17077395,0.002581477,0,,,,
5,Chr5_17079601.0,17079601,0.002581477,0,,,,
5,Chr5_17083074.0,17083074,0.002581477,0,,,,
5,Chr5_13302244.0,13302244,0.002582358,0,,,,
1,Chr1_7515333.0,7515333,0.00258238,0,,,,
1,Chr1_18179337.0,18179337,0.002582471,1,AT1G49160,AT1G49160,AT1G49160,0.0
5,Chr5_2285358.0,2285358,0.002583379,1,AT5G07280,AT5G07280,AT5G07280,0.0
5,Chr5_15483708.0,15483708,0.002584234,0,,,,
1,Chr1_4135127.0,4135127,0.002584259,0,,,,
4,Chr4_16707720.0,16707720,0.002584949,0,,,,
3,Chr3_14719269.0,14719269,0.00258497,0,,,,
3,Chr3_12824194.0,12824194,0.002585242,0,,,,
5,Chr5_541331.0,541331,0.00258574,0,,,,
5,Chr5_15295326.0,15295326,0.002586339,1,AT5G38280,AT5G38280,AT5G38280,0.0
1,Chr1_1244980.0,1244980,0.002586508,1,AT1G04560,AT1G04560,AT1G04560,0.0
1,Chr1_1244988.0,1244988,0.002586508,1,AT1G04560,AT1G04560,AT1G04560,0.0
1,Chr1_1245208.0,1245208,0.002586508,1,AT1G04560,AT1G04560,AT1G04560,0.0
1,Chr1_1245422.0,1245422,0.002586508,1,AT1G04560,AT1G04560,AT1G04560,0.0
1,Chr1_1245449.0,1245449,0.002586508,1,AT1G04560,AT1G04560,AT1G04560,0.0
1,Chr1_1245479.0,1245479,0.002586508,1,AT1G04560,AT1G04560,AT1G04560,0.0
1,Chr1_1245614.0,1245614,0.002586508,1,AT1G04560,AT1G04560,AT1G04560,0.0
1,Chr1_1245616.0,1245616,0.002586508,1,AT1G04560,AT1G04560,AT1G04560,0.0
1,Chr1_1245619.0,1245619,0.002586508,1,AT1G04560,AT1G04560,AT1G04560,0.0
1,Chr1_1245629.0,1245629,0.002586508,1,AT1G04560,AT1G04560,AT1G04560,0.0
1,Chr1_1245648.0,1245648,0.002586508,1,AT1G04560,AT1G04560,AT1G04560,0.0
1,Chr1_1245682.0,1245682,0.002586508,1,AT1G04560,AT1G04560,AT1G04560,0.0
1,Chr1_1245726.0,1245726,0.002586508,1,AT1G04560,AT1G04560,AT1G04560,0.0
1,Chr1_1245783.0,1245783,0.002586508,1,AT1G04560,AT1G04560,AT1G04560,0.0
1,Chr1_1246118.0,1246118,0.002586508,0,,,,
1,Chr1_1246128.0,1246128,0.002586508,0,,,,
2,Chr2_4994099.0,4994099,0.002587116,0,,,,
2,Chr2_2382540.0,2382540,0.00258719,0,,,,
5,Chr5_25451676.0,25451676,0.002587327,0,,,,
3,Chr3_15216524.0,15216524,0.002588165,0,,,,
1,Chr1_24424203.0,24424203,0.002588246,0,,,,
3,Chr3_15601564.0,15601564,0.00258825,0,,,,
1,Chr1_5945196.0,5945196,0.002588374,0,,,,
1,Chr1_5945212.0,5945212,0.002588374,0,,,,
4,Chr4_5240251.0,5240251,0.002588421,1,AT4G08290,AT4G08290,AT4G08290,0.0
5,Chr5_18446574.0,18446574,0.00258845,1,AT5G45510,AT5G45510,AT5G45510,0.0
5,Chr5_18447580.0,18447580,0.00258845,1,AT5G45510,AT5G45510,AT5G45510,0.0
5,Chr5_18448448.0,18448448,0.00258845,1,AT5G45510,AT5G45510,AT5G45510,0.0
5,Chr5_18449059.0,18449059,0.00258845,1,AT5G45510,AT5G45510,AT5G45510,0.0
5,Chr5_18451091.0,18451091,0.00258845,1,AT5G45520,AT5G45520,AT5G45520,0.0
5,Chr5_18451236.0,18451236,0.00258845,1,AT5G45520,AT5G45520,AT5G45520,0.0
5,Chr5_18451975.0,18451975,0.00258845,1,AT5G45520,AT5G45520,AT5G45520,0.0
5,Chr5_18452015.0,18452015,0.00258845,1,AT5G45520,AT5G45520,AT5G45520,0.0
5,Chr5_18452098.0,18452098,0.00258845,1,AT5G45520,AT5G45520,AT5G45520,0.0
5,Chr5_18453156.0,18453156,0.00258845,0,,,,
5,Chr5_18453264.0,18453264,0.00258845,0,,,,
5,Chr5_18453271.0,18453271,0.00258845,0,,,,
5,Chr5_18453394.0,18453394,0.00258845,0,,,,
5,Chr5_18453620.0,18453620,0.00258845,0,,,,
5,Chr5_18453634.0,18453634,0.00258845,0,,,,
5,Chr5_18453679.0,18453679,0.00258845,0,,,,
5,Chr5_18454158.0,18454158,0.00258845,0,,,,
5,Chr5_18454159.0,18454159,0.00258845,0,,,,
3,Chr3_14062790.0,14062790,0.002588724,0,,,,
5,Chr5_25400146.0,25400146,0.002589025,0,,,,
3,Chr3_700013.0,700013,0.002589356,1,AT3G03080,AT3G03080,AT3G03080,0.0
3,Chr3_700017.0,700017,0.002589356,1,AT3G03080,AT3G03080,AT3G03080,0.0
3,Chr3_700038.0,700038,0.002589356,1,AT3G03080,AT3G03080,AT3G03080,0.0
3,Chr3_700039.0,700039,0.002589356,1,AT3G03080,AT3G03080,AT3G03080,0.0
3,Chr3_700266.0,700266,0.002589356,1,AT3G03080,AT3G03080,AT3G03080,0.0
3,Chr3_700304.0,700304,0.002589356,0,,,,
3,Chr3_700319.0,700319,0.002589356,0,,,,
3,Chr3_700329.0,700329,0.002589356,0,,,,
3,Chr3_700378.0,700378,0.002589356,0,,,,
3,Chr3_700455.0,700455,0.002589356,0,,,,
3,Chr3_700539.0,700539,0.002589356,1,AT3G03090,AT3G03090,AT3G03090,0.0
1,Chr1_23715462.0,23715462,0.002589368,1,AT1G63880,AT1G63880,AT1G63880,0.0
3,Chr3_18857582.0,18857582,0.002590443,0,,,,
3,Chr3_18857610.0,18857610,0.002590443,0,,,,
3,Chr3_18857657.0,18857657,0.002590443,0,,,,
3,Chr3_18857664.0,18857664,0.002590443,0,,,,
3,Chr3_18857698.0,18857698,0.002590443,0,,,,
3,Chr3_18857864.0,18857864,0.002590443,0,,,,
3,Chr3_18857903.0,18857903,0.002590443,0,,,,
3,Chr3_18858057.0,18858057,0.002590443,0,,,,
3,Chr3_18858062.0,18858062,0.002590443,0,,,,
3,Chr3_18858086.0,18858086,0.002590443,0,,,,
3,Chr3_18858099.0,18858099,0.002590443,0,,,,
3,Chr3_18858101.0,18858101,0.002590443,0,,,,
3,Chr3_18858116.0,18858116,0.002590443,0,,,,
3,Chr3_18858121.0,18858121,0.002590443,0,,,,
3,Chr3_18858134.0,18858134,0.002590443,0,,,,
3,Chr3_18858162.0,18858162,0.002590443,0,,,,
3,Chr3_18858190.0,18858190,0.002590443,0,,,,
3,Chr3_18858269.0,18858269,0.002590443,0,,,,
3,Chr3_18858355.0,18858355,0.002590443,0,,,,
1,Chr1_9709791.0,9709791,0.002590541,1,AT1G27880,AT1G27880,AT1G27880,0.0
1,Chr1_9725411.0,9725411,0.002590541,0,,,,
1,Chr1_26009884.0,26009884,0.00259083,0,,,,
5,Chr5_4558604.0,4558604,0.002591263,1,AT5G14120,AT5G14120,AT5G14120,0.0
1,Chr1_14308850.0,14308850,0.002591841,0,,,,
3,Chr3_20223187.0,20223187,0.002591903,1,AT3G54640,AT3G54640,AT3G54640,0.0
3,Chr3_20223656.0,20223656,0.002591903,1,AT3G54640,AT3G54640,AT3G54640,0.0
4,Chr4_773952.0,773952,0.002592135,1,AT4G01800,AT4G01800,AT4G01800,0.0
1,Chr1_3152134.0,3152134,0.002592691,1,AT1G09730,AT1G09730,AT1G09730,0.0
1,Chr1_3152861.0,3152861,0.002592691,1,AT1G09730,AT1G09730,AT1G09730,0.0
5,Chr5_14855541.0,14855541,0.002592874,1,AT5G37450,AT5G37450,AT5G37450,0.0
4,Chr4_8713131.0,8713131,0.002594224,0,,,,
2,Chr2_17252774.0,17252774,0.002594669,1,AT2G41380,AT2G41380,AT2G41380,0.0
2,Chr2_17252775.0,17252775,0.002594669,1,AT2G41380,AT2G41380,AT2G41380,0.0
2,Chr2_17252851.0,17252851,0.002594669,1,AT2G41380,AT2G41380,AT2G41380,0.0
2,Chr2_17252883.0,17252883,0.002594669,1,AT2G41380,AT2G41380,AT2G41380,0.0
2,Chr2_17260509.0,17260509,0.002594669,0,,,,
2,Chr2_9144512.0,9144512,0.002595716,1,AT2G21380,AT2G21380,AT2G21380,0.0
4,Chr4_10933225.0,10933225,0.002596141,1,AT4G20240,AT4G20240,AT4G20240,0.0
1,Chr1_30138702.0,30138702,0.002597157,0,,,,
3,Chr3_16411149.0,16411149,0.0025972,0,,,,
1,Chr1_3791439.0,3791439,0.002597245,0,,,,
2,Chr2_8574930.0,8574930,0.002597518,0,,,,
2,Chr2_3660745.0,3660745,0.002597541,0,,,,
1,Chr1_1001760.0,1001760,0.002598008,1,AT1G03920,AT1G03920,AT1G03920,0.0
4,Chr4_13976803.0,13976803,0.002598038,0,,,,
4,Chr4_2814022.0,2814022,0.002598477,0,,,,
5,Chr5_13417456.0,13417456,0.002598639,0,,,,
3,Chr3_15937052.0,15937052,0.002599071,0,,,,
3,Chr3_15937088.0,15937088,0.002599071,0,,,,
3,Chr3_9811647.0,9811647,0.002599088,1,AT3G26700,AT3G26700,AT3G26700,0.0
3,Chr3_9815352.0,9815352,0.002599088,0,,,,
3,Chr3_9815875.0,9815875,0.002599088,0,,,,
3,Chr3_9823742.0,9823742,0.002599088,1,AT3G26730,AT3G26730,AT3G26730,0.0
3,Chr3_9824873.0,9824873,0.002599088,1,AT3G26730,AT3G26730,AT3G26730,0.0
3,Chr3_9824961.0,9824961,0.002599088,1,AT3G26730,AT3G26730,AT3G26730,0.0
3,Chr3_9824962.0,9824962,0.002599088,1,AT3G26730,AT3G26730,AT3G26730,0.0
3,Chr3_9824963.0,9824963,0.002599088,1,AT3G26730,AT3G26730,AT3G26730,0.0
2,Chr2_3683387.0,3683387,0.002599314,0,,,,
4,Chr4_728222.0,728222,0.002599786,0,,,,
1,Chr1_10787713.0,10787713,0.002599918,1,AT1G30473,AT1G30473,AT1G30473,0.0
5,Chr5_335489.0,335489,0.002600225,0,,,,
3,Chr3_22375246.0,22375246,0.002601525,1,AT3G60540,AT3G60540,AT3G60540,0.0
5,Chr5_10571970.0,10571970,0.002601931,0,,,,
4,Chr4_9965217.0,9965217,0.002602223,0,,,,
5,Chr5_8917381.0,8917381,0.00260274,0,,,,
4,Chr4_7476093.0,7476093,0.002602832,1,AT4G12680,AT4G12680,AT4G12680,0.0
4,Chr4_7476312.0,7476312,0.002602832,1,AT4G12680,AT4G12680,AT4G12680,0.0
2,Chr2_2944240.0,2944240,0.002603273,0,,,,
5,Chr5_25357312.0,25357312,0.002603413,0,,,,
5,Chr5_25358251.0,25358251,0.002603413,0,,,,
2,Chr2_485455.0,485455,0.002603737,0,,,,
2,Chr2_485615.0,485615,0.002603737,0,,,,
2,Chr2_486259.0,486259,0.002603737,0,,,,
1,Chr1_11334141.0,11334141,0.002604233,0,,,,
2,Chr2_5013210.0,5013210,0.002604455,0,,,,
2,Chr2_5022928.0,5022928,0.002604455,0,,,,
2,Chr2_9046547.0,9046547,0.002604863,1,AT2G21090,AT2G21090,AT2G21090,0.0
5,Chr5_22840374.0,22840374,0.002605196,1,AT5G56380,AT5G56380,AT5G56380,0.0
5,Chr5_15048150.0,15048150,0.002605421,0,,,,
5,Chr5_15048152.0,15048152,0.002605421,0,,,,
5,Chr5_15048170.0,15048170,0.002605421,0,,,,
5,Chr5_15048187.0,15048187,0.002605421,0,,,,
5,Chr5_15048212.0,15048212,0.002605421,0,,,,
5,Chr5_15048230.0,15048230,0.002605421,0,,,,
5,Chr5_15048242.0,15048242,0.002605421,0,,,,
5,Chr5_15048257.0,15048257,0.002605421,0,,,,
5,Chr5_15048260.0,15048260,0.002605421,0,,,,
3,Chr3_12633428.0,12633428,0.002605806,0,,,,
4,Chr4_1881354.0,1881354,0.002605911,0,,,,
4,Chr4_1881355.0,1881355,0.002605911,0,,,,
4,Chr4_1881370.0,1881370,0.002605911,0,,,,
4,Chr4_1881573.0,1881573,0.002605911,0,,,,
5,Chr5_25536142.0,25536142,0.002605952,0,,,,
5,Chr5_14937537.0,14937537,0.002606126,0,,,,
5,Chr5_9153211.0,9153211,0.002606429,1,AT5G26180,AT5G26180,AT5G26180,0.0
5,Chr5_9153226.0,9153226,0.002606429,1,AT5G26180,AT5G26180,AT5G26180,0.0
5,Chr5_9153235.0,9153235,0.002606429,1,AT5G26180,AT5G26180,AT5G26180,0.0
5,Chr5_9153295.0,9153295,0.002606429,1,AT5G26180,AT5G26180,AT5G26180,0.0
5,Chr5_9153316.0,9153316,0.002606429,1,AT5G26180,AT5G26180,AT5G26180,0.0
5,Chr5_9153323.0,9153323,0.002606429,1,AT5G26180,AT5G26180,AT5G26180,0.0
5,Chr5_9153331.0,9153331,0.002606429,1,AT5G26180,AT5G26180,AT5G26180,0.0
5,Chr5_9153360.0,9153360,0.002606429,1,AT5G26180,AT5G26180,AT5G26180,0.0
3,Chr3_3427553.0,3427553,0.002606851,0,,,,
3,Chr3_22352128.0,22352128,0.00260745,0,,,,
3,Chr3_13636473.0,13636473,0.002607647,0,,,,
5,Chr5_17768408.0,17768408,0.002607836,0,,,,
3,Chr3_17047663.0,17047663,0.00260804,0,,,,
5,Chr5_9445268.0,9445268,0.00260901,1,AT5G26848,AT5G26848,AT5G26848,0.0
5,Chr5_7698400.0,7698400,0.002609127,0,,,,
3,Chr3_12134064.0,12134064,0.002609262,0,,,,
3,Chr3_20233478.0,20233478,0.002609352,0,,,,
1,Chr1_13236349.0,13236349,0.002609371,0,,,,
1,Chr1_13236478.0,13236478,0.002609371,0,,,,
1,Chr1_13236578.0,13236578,0.002609371,0,,,,
2,Chr2_7580614.0,7580614,0.002609876,0,,,,
5,Chr5_14844265.0,14844265,0.002610329,1,AT5G37430,AT5G37430,AT5G37430,0.0
5,Chr5_17747611.0,17747611,0.002610358,1,AT5G44090,AT5G44090,AT5G44090,0.0
4,Chr4_11329292.0,11329292,0.00261109,0,,,,
2,Chr2_2374632.0,2374632,0.002611141,1,AT2G06095,AT2G06095,AT2G06095,0.0
2,Chr2_2375476.0,2375476,0.002611141,0,,,,
2,Chr2_2376731.0,2376731,0.002611141,0,,,,
2,Chr2_2379665.0,2379665,0.002611141,0,,,,
2,Chr2_2384128.0,2384128,0.002611141,0,,,,
2,Chr2_2384822.0,2384822,0.002611141,0,,,,
2,Chr2_2388502.0,2388502,0.002611141,0,,,,
2,Chr2_2393587.0,2393587,0.002611141,0,,,,
2,Chr2_2395477.0,2395477,0.002611141,0,,,,
2,Chr2_2396170.0,2396170,0.002611141,0,,,,
2,Chr2_2403709.0,2403709,0.002611141,0,,,,
2,Chr2_2404942.0,2404942,0.002611141,0,,,,
2,Chr2_2406697.0,2406697,0.002611141,0,,,,
2,Chr2_2407881.0,2407881,0.002611141,0,,,,
2,Chr2_2417296.0,2417296,0.002611141,0,,,,
2,Chr2_2418569.0,2418569,0.002611141,0,,,,
2,Chr2_2418877.0,2418877,0.002611141,0,,,,
2,Chr2_2420125.0,2420125,0.002611141,0,,,,
5,Chr5_16856797.0,16856797,0.002611195,0,,,,
5,Chr5_8087327.0,8087327,0.002612583,0,,,,
5,Chr5_8087434.0,8087434,0.002612583,0,,,,
1,Chr1_26635299.0,26635299,0.002612724,0,,,,
4,Chr4_3832564.0,3832564,0.002612775,0,,,,
3,Chr3_22784384.0,22784384,0.002613189,0,,,,
3,Chr3_7845377.0,7845377,0.002613321,0,,,,
3,Chr3_7845649.0,7845649,0.002613321,0,,,,
3,Chr3_12370317.0,12370317,0.002613487,0,,,,
3,Chr3_14057358.0,14057358,0.002613886,0,,,,
3,Chr3_14057662.0,14057662,0.002613886,0,,,,
3,Chr3_14058242.0,14058242,0.002613886,0,,,,
3,Chr3_14058510.0,14058510,0.002613886,0,,,,
3,Chr3_14059077.0,14059077,0.002613886,0,,,,
1,Chr1_24977723.0,24977723,0.00261408,0,,,,
2,Chr2_19046243.0,19046243,0.002614933,0,,,,
2,Chr2_19046248.0,19046248,0.002614933,0,,,,
2,Chr2_4782249.0,4782249,0.002615024,0,,,,
4,Chr4_9334966.0,9334966,0.002615578,1,AT4G16566,AT4G16566,AT4G16566,0.0
5,Chr5_18201836.0,18201836,0.002616415,0,,,,
2,Chr2_6901633.0,6901633,0.002616679,0,,,,
5,Chr5_26712017.0,26712017,0.002617302,1,AT5G66880,AT5G66880,AT5G66880,0.0
5,Chr5_26907199.0,26907199,0.00261782,0,,,,
5,Chr5_500470.0,500470,0.002618398,0,,,,
2,Chr2_7720826.0,7720826,0.002618416,0,,,,
3,Chr3_18624066.0,18624066,0.002619055,1,AT3G50240,AT3G50240,AT3G50240,0.0
3,Chr3_18624085.0,18624085,0.002619055,1,AT3G50240,AT3G50240,AT3G50240,0.0
3,Chr3_18624091.0,18624091,0.002619055,1,AT3G50240,AT3G50240,AT3G50240,0.0
5,Chr5_15437377.0,15437377,0.00261916,0,,,,
1,Chr1_15076463.0,15076463,0.002619314,0,,,,
3,Chr3_12433362.0,12433362,0.002620029,0,,,,
5,Chr5_47796.0,47796,0.002620958,1,AT5G01130,AT5G01130,AT5G01130,0.0
5,Chr5_47860.0,47860,0.002620958,1,AT5G01130,AT5G01130,AT5G01130,0.0
5,Chr5_47863.0,47863,0.002620958,1,AT5G01130,AT5G01130,AT5G01130,0.0
2,Chr2_17852421.0,17852421,0.00262098,1,AT2G42890,AT2G42890,AT2G42890,0.0
2,Chr2_2941550.0,2941550,0.002621306,0,,,,
2,Chr2_2942452.0,2942452,0.002621306,0,,,,
2,Chr2_2942732.0,2942732,0.002621306,0,,,,
1,Chr1_22099184.0,22099184,0.002622089,0,,,,
1,Chr1_17060635.0,17060635,0.00262222,0,,,,
5,Chr5_11984721.0,11984721,0.002622421,0,,,,
1,Chr1_6652131.0,6652131,0.002622539,1,AT1G19250,AT1G19250,AT1G19250,0.0
1,Chr1_3197029.0,3197029,0.002622554,1,AT1G09840,AT1G09840,AT1G09840,0.0
1,Chr1_6653660.0,6653660,0.002622615,0,,,,
1,Chr1_6653802.0,6653802,0.002622615,0,,,,
3,Chr3_2999762.0,2999762,0.002622779,0,,,,
1,Chr1_2854900.0,2854900,0.002623161,1,AT1G08900,AT1G08900,AT1G08900,0.0
1,Chr1_15888161.0,15888161,0.002623262,0,,,,
1,Chr1_15888293.0,15888293,0.002623262,0,,,,
1,Chr1_15888520.0,15888520,0.002623262,0,,,,
1,Chr1_15889195.0,15889195,0.002623262,0,,,,
1,Chr1_15889607.0,15889607,0.002623262,0,,,,
1,Chr1_15890030.0,15890030,0.002623262,0,,,,
1,Chr1_15890573.0,15890573,0.002623262,0,,,,
1,Chr1_15891191.0,15891191,0.002623262,0,,,,
3,Chr3_8171725.0,8171725,0.002623657,0,,,,
3,Chr3_10586781.0,10586781,0.002624307,1,AT3G28330,AT3G28330,AT3G28330,0.0
5,Chr5_7206046.0,7206046,0.002624667,1,AT5G21170,AT5G21170,AT5G21170,0.0
5,Chr5_7214515.0,7214515,0.002624667,1,AT5G21274,AT5G21274,AT5G21274,0.0
5,Chr5_7219662.0,7219662,0.002624667,1,AT5G21326,AT5G21326,AT5G21326,0.0
5,Chr5_7221660.0,7221660,0.002624667,1,AT5G21326,AT5G21326,AT5G21326,0.0
5,Chr5_7228574.0,7228574,0.002624667,1,AT5G21482,AT5G21482,AT5G21482,0.0
5,Chr5_1518703.0,1518703,0.002624956,0,,,,
5,Chr5_1519021.0,1519021,0.002624956,0,,,,
5,Chr5_1519257.0,1519257,0.002624956,0,,,,
5,Chr5_14729341.0,14729341,0.002624983,1,AT5G37210,AT5G37210,AT5G37210,0.0
5,Chr5_13384045.0,13384045,0.002626377,0,,,,
2,Chr2_19058344.0,19058344,0.002627439,1,AT2G46430,AT2G46430,AT2G46430,0.0
4,Chr4_7937417.0,7937417,0.002627946,1,AT4G13640,AT4G13640,AT4G13640,0.0
1,Chr1_26534780.0,26534780,0.002627991,1,AT1G70410,AT1G70410,AT1G70410,0.0
1,Chr1_15618742.0,15618742,0.002628572,0,,,,
5,Chr5_26713535.0,26713535,0.002628653,1,AT5G66890,AT5G66890,AT5G66890,0.0
5,Chr5_24602546.0,24602546,0.002629637,1,AT5G61140,AT5G61140,AT5G61140,0.0
5,Chr5_24602547.0,24602547,0.002629637,1,AT5G61140,AT5G61140,AT5G61140,0.0
2,Chr2_10655314.0,10655314,0.002629819,1,AT2G25050,AT2G25050,AT2G25050,0.0
1,Chr1_18756122.0,18756122,0.002629867,0,,,,
5,Chr5_9913907.0,9913907,0.002630146,0,,,,
5,Chr5_9914104.0,9914104,0.002630146,0,,,,
4,Chr4_10939932.0,10939932,0.002630312,1,AT4G20250,AT4G20250,AT4G20250,0.0
2,Chr2_723357.0,723357,0.002630388,0,,,,
1,Chr1_16889211.0,16889211,0.002630462,0,,,,
5,Chr5_13878741.0,13878741,0.002630478,0,,,,
1,Chr1_907540.0,907540,0.002630746,0,,,,
4,Chr4_17465247.0,17465247,0.00263161,1,AT4G37070,AT4G37070,AT4G37070,0.0
5,Chr5_445384.0,445384,0.002631733,0,,,,
5,Chr5_9141815.0,9141815,0.00263198,0,,,,
1,Chr1_23058522.0,23058522,0.002632177,0,,,,
4,Chr4_10978083.0,10978083,0.00263263,1,AT4G20320,AT4G20320,AT4G20320,0.0
4,Chr4_10996966.0,10996966,0.00263263,0,,,,
2,Chr2_16107983.0,16107983,0.002632675,0,,,,
5,Chr5_19280566.0,19280566,0.002632783,0,,,,
3,Chr3_3461562.0,3461562,0.002633122,1,AT3G11040,AT3G11040,AT3G11040,0.0
3,Chr3_3470520.0,3470520,0.002633122,1,AT3G11080,AT3G11080,AT3G11080,0.0
1,Chr1_7368955.0,7368955,0.002633226,0,,,,
4,Chr4_8850404.0,8850404,0.002633671,1,AT4G15480,AT4G15480,AT4G15480,0.0
5,Chr5_25542737.0,25542737,0.00263417,1,AT5G63820,AT5G63820,AT5G63820,0.0
3,Chr3_13268120.0,13268120,0.002634318,0,,,,
2,Chr2_16692877.0,16692877,0.002634359,0,,,,
5,Chr5_9354326.0,9354326,0.002634478,0,,,,
2,Chr2_1025933.0,1025933,0.002634894,1,AT2G03370,AT2G03370,AT2G03370,0.0
5,Chr5_15603780.0,15603780,0.002635111,0,,,,
2,Chr2_410138.0,410138,0.00263522,0,,,,
5,Chr5_25480093.0,25480093,0.002635902,1,AT5G63640,AT5G63640,AT5G63640,0.0
5,Chr5_9567801.0,9567801,0.002637795,0,,,,
4,Chr4_17119662.0,17119662,0.002638669,1,AT4G36170,AT4G36170,AT4G36170,0.0
5,Chr5_11292202.0,11292202,0.002638802,0,,,,
1,Chr1_8351004.0,8351004,0.002639461,1,AT1G23550,AT1G23550,AT1G23550,0.0
1,Chr1_8351040.0,8351040,0.002639461,1,AT1G23550,AT1G23550,AT1G23550,0.0
5,Chr5_22307981.0,22307981,0.002639805,0,,,,
2,Chr2_4768319.0,4768319,0.002640061,0,,,,
1,Chr1_14247602.0,14247602,0.002640658,0,,,,
5,Chr5_16455505.0,16455505,0.002640722,1,AT5G41120,AT5G41120,AT5G41120,0.0
5,Chr5_17319284.0,17319284,0.002640773,1,AT5G43130,AT5G43130,AT5G43130,0.0
1,Chr1_23571201.0,23571201,0.002641831,0,,,,
3,Chr3_10596823.0,10596823,0.002642555,1,AT3G28345,AT3G28345,AT3G28345,0.0
4,Chr4_2321674.0,2321674,0.0026434,0,,,,
4,Chr4_16917687.0,16917687,0.002644011,0,,,,
5,Chr5_3967412.0,3967412,0.002644272,1,AT5G12260,AT5G12260,AT5G12260,0.0
1,Chr1_16477590.0,16477590,0.002644903,0,,,,
1,Chr1_17158907.0,17158907,0.002645117,1,AT1G45229,AT1G45229,AT1G45229,0.0
4,Chr4_8120332.0,8120332,0.002645598,1,AT4G14080,AT4G14080,AT4G14080,0.0
3,Chr3_16992147.0,16992147,0.002645733,0,,,,
1,Chr1_26598800.0,26598800,0.002645904,1,AT1G70550,AT1G70550,AT1G70550,0.0
3,Chr3_3389744.0,3389744,0.002646445,1,AT3G10820,AT3G10820,AT3G10820,0.0
2,Chr2_11408845.0,11408845,0.002646558,0,,,,
5,Chr5_14738710.0,14738710,0.002646812,1,AT5G37240,AT5G37240,AT5G37240,0.0
5,Chr5_14739645.0,14739645,0.002646812,0,,,,
5,Chr5_14743844.0,14743844,0.002646812,0,,,,
2,Chr2_4779208.0,4779208,0.002647178,0,,,,
2,Chr2_10376562.0,10376562,0.002647461,0,,,,
2,Chr2_10376690.0,10376690,0.002647461,0,,,,
2,Chr2_10376709.0,10376709,0.002647461,0,,,,
2,Chr2_10376720.0,10376720,0.002647461,0,,,,
2,Chr2_10376754.0,10376754,0.002647461,0,,,,
2,Chr2_10376930.0,10376930,0.002647461,0,,,,
2,Chr2_377521.0,377521,0.002647716,0,,,,
5,Chr5_14002765.0,14002765,0.002647778,0,,,,
1,Chr1_8262526.0,8262526,0.00264825,1,AT1G23280,AT1G23280,AT1G23280,0.0
4,Chr4_10452403.0,10452403,0.002648905,1,AT4G19090,AT4G19090,AT4G19090,0.0
3,Chr3_14802259.0,14802259,0.002648952,0,,,,
3,Chr3_19625631.0,19625631,0.002649056,1,AT3G52920,AT3G52920,AT3G52920,0.0
5,Chr5_10568766.0,10568766,0.00264945,0,,,,
2,Chr2_9134438.0,9134438,0.002649541,1,AT2G21340,AT2G21340,AT2G21340,0.0
4,Chr4_1861800.0,1861800,0.002649864,0,,,,
4,Chr4_7567675.0,7567675,0.002651223,0,,,,
5,Chr5_4612329.0,4612329,0.002652799,1,AT5G14290,AT5G14290,AT5G14290,0.0
1,Chr1_15624572.0,15624572,0.002653114,0,,,,
1,Chr1_4204537.0,4204537,0.002653258,1,AT1G12360,AT1G12360,AT1G12360,0.0
2,Chr2_754851.0,754851,0.002653684,0,,,,
1,Chr1_8544261.0,8544261,0.002653718,1,AT1G24148,AT1G24148,AT1G24148,0.0
2,Chr2_2311753.0,2311753,0.002653789,0,,,,
2,Chr2_2312002.0,2312002,0.002653789,0,,,,
2,Chr2_2312544.0,2312544,0.002653789,0,,,,
1,Chr1_26403066.0,26403066,0.002654073,0,,,,
1,Chr1_26403336.0,26403336,0.002654073,1,AT1G70100,AT1G70100,AT1G70100,0.0
3,Chr3_15370587.0,15370587,0.002654248,0,,,,
2,Chr2_10376487.0,10376487,0.002654274,0,,,,
2,Chr2_10376496.0,10376496,0.002654274,0,,,,
2,Chr2_10376509.0,10376509,0.002654274,0,,,,
2,Chr2_10376512.0,10376512,0.002654274,0,,,,
4,Chr4_5424853.0,5424853,0.002654641,0,,,,
1,Chr1_21039548.0,21039548,0.002655159,0,,,,
4,Chr4_458624.0,458624,0.002655868,0,,,,
1,Chr1_8308592.0,8308592,0.002656293,0,,,,
2,Chr2_1832443.0,1832443,0.002656444,0,,,,
2,Chr2_1834446.0,1834446,0.002656444,0,,,,
3,Chr3_17502066.0,17502066,0.002656637,0,,,,
1,Chr1_13669064.0,13669064,0.002656863,0,,,,
3,Chr3_20464505.0,20464505,0.002656923,1,AT3G55200,AT3G55200,AT3G55200,0.0
3,Chr3_20464514.0,20464514,0.002656923,1,AT3G55200,AT3G55200,AT3G55200,0.0
5,Chr5_21033270.0,21033270,0.002657253,0,,,,
1,Chr1_2825388.0,2825388,0.002658452,0,,,,
5,Chr5_9846883.0,9846883,0.002659138,0,,,,
1,Chr1_25855418.0,25855418,0.00265928,0,,,,
1,Chr1_27939464.0,27939464,0.002659738,1,AT1G74310,AT1G74310,AT1G74310,0.0
1,Chr1_27939467.0,27939467,0.002659738,1,AT1G74310,AT1G74310,AT1G74310,0.0
1,Chr1_27939473.0,27939473,0.002659738,1,AT1G74310,AT1G74310,AT1G74310,0.0
1,Chr1_27939485.0,27939485,0.002659738,1,AT1G74310,AT1G74310,AT1G74310,0.0
1,Chr1_27939530.0,27939530,0.002659738,1,AT1G74310,AT1G74310,AT1G74310,0.0
1,Chr1_21221886.0,21221886,0.00265978,0,,,,
3,Chr3_9711858.0,9711858,0.00266067,1,AT3G26510,AT3G26510,AT3G26510,0.0
3,Chr3_20957056.0,20957056,0.002660719,0,,,,
1,Chr1_129125.0,129125,0.002661607,1,AT1G01320,AT1G01320,AT1G01320,0.0
4,Chr4_9270200.0,9270200,0.002661936,1,AT4G16440,AT4G16440,AT4G16440,0.0
4,Chr4_9270207.0,9270207,0.002661936,1,AT4G16440,AT4G16440,AT4G16440,0.0
4,Chr4_9270211.0,9270211,0.002661936,1,AT4G16440,AT4G16440,AT4G16440,0.0
4,Chr4_9270238.0,9270238,0.002661936,1,AT4G16440,AT4G16440,AT4G16440,0.0
4,Chr4_9270245.0,9270245,0.002661936,1,AT4G16440,AT4G16440,AT4G16440,0.0
1,Chr1_26247727.0,26247727,0.002662044,0,,,,
1,Chr1_26190720.0,26190720,0.002662553,1,AT1G69620,AT1G69620,AT1G69620,0.0
4,Chr4_14085207.0,14085207,0.002663231,1,AT4G28510,AT4G28510,AT4G28510,0.0
1,Chr1_8356161.0,8356161,0.002663735,1,AT1G23570,AT1G23570,AT1G23570,0.0
1,Chr1_8356276.0,8356276,0.002663735,1,AT1G23570,AT1G23570,AT1G23570,0.0
1,Chr1_8356281.0,8356281,0.002663735,1,AT1G23570,AT1G23570,AT1G23570,0.0
1,Chr1_388069.0,388069,0.002664019,1,AT1G02090,AT1G02090,AT1G02090,0.0
4,Chr4_758086.0,758086,0.002664296,1,AT4G01750,AT4G01750,AT4G01750,0.0
4,Chr4_758103.0,758103,0.002664296,1,AT4G01750,AT4G01750,AT4G01750,0.0
2,Chr2_17881639.0,17881639,0.002665016,1,AT2G43000,AT2G43000,AT2G43000,0.0
1,Chr1_4599239.0,4599239,0.002665273,0,,,,
4,Chr4_10630820.0,10630820,0.00266539,1,AT4G19500,AT4G19500,AT4G19500,0.0
4,Chr4_12973500.0,12973500,0.002665793,1,AT4G25370,AT4G25370,AT4G25370,0.0
4,Chr4_12974890.0,12974890,0.002665793,0,,,,
4,Chr4_12977282.0,12977282,0.002665793,0,,,,
4,Chr4_12979476.0,12979476,0.002665793,1,AT4G25390,AT4G25390,AT4G25390,0.0
4,Chr4_11773207.0,11773207,0.002666359,0,,,,
4,Chr4_7345769.0,7345769,0.002666422,0,,,,
2,Chr2_508266.0,508266,0.002666595,1,AT2G02070,AT2G02070,AT2G02070,0.0
2,Chr2_7708210.0,7708210,0.002667,0,,,,
5,Chr5_9228209.0,9228209,0.002668035,0,,,,
1,Chr1_16817321.0,16817321,0.00266819,0,,,,
3,Chr3_15825730.0,15825730,0.002668621,1,AT3G44060,AT3G44060,AT3G44060,0.0
1,Chr1_16889200.0,16889200,0.002668682,0,,,,
1,Chr1_25445547.0,25445547,0.002669368,0,,,,
3,Chr3_1337021.0,1337021,0.002670595,0,,,,
3,Chr3_1337615.0,1337615,0.002670595,0,,,,
3,Chr3_1342876.0,1342876,0.002670595,1,AT3G04870,AT3G04870,AT3G04870,0.0
3,Chr3_21570348.0,21570348,0.002670605,0,,,,
4,Chr4_9361126.0,9361126,0.00267088,0,,,,
2,Chr2_4958742.0,4958742,0.002671145,0,,,,
3,Chr3_15564723.0,15564723,0.002671299,0,,,,
3,Chr3_13157178.0,13157178,0.002671397,0,,,,
1,Chr1_3061037.0,3061037,0.002671708,1,AT1G09483,AT1G09483,AT1G09483,0.0
3,Chr3_17210573.0,17210573,0.002672092,0,,,,
5,Chr5_18808068.0,18808068,0.002672523,1,AT5G46360,AT5G46360,AT5G46360,0.0
2,Chr2_19435417.0,19435417,0.002672813,1,AT2G47350,AT2G47350,AT2G47350,0.0
5,Chr5_13229375.0,13229375,0.002672941,0,,,,
2,Chr2_2571248.0,2571248,0.00267376,0,,,,
1,Chr1_456398.0,456398,0.002673919,1,AT1G02305,AT1G02305,AT1G02305,0.0
1,Chr1_1085466.0,1085466,0.00267457,0,,,,
5,Chr5_16411461.0,16411461,0.00267499,1,AT5G40950,AT5G40950,AT5G40950,0.0
5,Chr5_16411479.0,16411479,0.00267499,1,AT5G40950,AT5G40950,AT5G40950,0.0
4,Chr4_2644712.0,2644712,0.002675615,0,,,,
4,Chr4_2644723.0,2644723,0.002675615,0,,,,
1,Chr1_19803117.0,19803117,0.002676217,0,,,,
5,Chr5_6446008.0,6446008,0.002677334,1,AT5G19170,AT5G19170,AT5G19170,0.0
1,Chr1_16962355.0,16962355,0.002677686,0,,,,
1,Chr1_5291164.0,5291164,0.002678014,1,AT1G15380,AT1G15380,AT1G15380,0.0
5,Chr5_16994310.0,16994310,0.00268033,1,AT5G42500,AT5G42500,AT5G42500,0.0
3,Chr3_16395503.0,16395503,0.002680561,0,,,,
2,Chr2_13328824.0,13328824,0.002681554,0,,,,
4,Chr4_17808365.0,17808365,0.002681681,0,,,,
3,Chr3_20439407.0,20439407,0.00268188,1,AT3G55140,AT3G55140,AT3G55140,0.0
1,Chr1_25525356.0,25525356,0.002682215,1,AT1G68110,AT1G68110,AT1G68110,0.0
5,Chr5_11205546.0,11205546,0.002682601,0,,,,
4,Chr4_6245812.0,6245812,0.002683005,0,,,,
4,Chr4_11636054.0,11636054,0.002683012,0,,,,
2,Chr2_1056144.0,1056144,0.00268318,0,,,,
2,Chr2_1056179.0,1056179,0.00268318,0,,,,
2,Chr2_1056185.0,1056185,0.00268318,0,,,,
2,Chr2_1056264.0,1056264,0.00268318,0,,,,
2,Chr2_1056311.0,1056311,0.00268318,0,,,,
3,Chr3_9097669.0,9097669,0.002683281,1,AT3G24890,AT3G24890,AT3G24890,0.0
3,Chr3_15368830.0,15368830,0.002683695,1,AT3G43440,AT3G43440,AT3G43440,0.0
1,Chr1_11817636.0,11817636,0.002683894,0,,,,
3,Chr3_20453917.0,20453917,0.002684114,1,AT3G55170,AT3G55170,AT3G55170,0.0
2,Chr2_8154875.0,8154875,0.002685658,0,,,,
4,Chr4_15045059.0,15045059,0.002685818,1,AT4G30910,AT4G30910,AT4G30910,0.0
5,Chr5_11522759.0,11522759,0.002686401,0,,,,
5,Chr5_26714464.0,26714464,0.002686498,0,,,,
2,Chr2_9170363.0,9170363,0.002686593,1,AT2G21420,AT2G21420,AT2G21420,0.0
4,Chr4_9935927.0,9935927,0.002686621,0,,,,
1,Chr1_3582996.0,3582996,0.002686718,1,AT1G10760,AT1G10760,AT1G10760,0.0
1,Chr1_3586602.0,3586602,0.002686718,1,AT1G10760,AT1G10760,AT1G10760,0.0
1,Chr1_6651917.0,6651917,0.002687936,1,AT1G19250,AT1G19250,AT1G19250,0.0
3,Chr3_15288668.0,15288668,0.002688794,0,,,,
5,Chr5_19339283.0,19339283,0.002689246,1,AT5G47740,AT5G47740,AT5G47740,0.0
1,Chr1_20878809.0,20878809,0.002689337,1,AT1G55850,AT1G55850,AT1G55850,0.0
