chr,rs,ps,p_wald,n_genes_25kb,genes_in_25kb,closest_gene,closest_gene_id,closest_gene_distance_bp
2,Chr2_6790599.0,6790599,8.702079e-13,0,,,,
2,Chr2_6777260.0,6777260,4.03693e-12,1,AT2G15530,AT2G15530,AT2G15530,0.0
2,Chr2_6790940.0,6790940,5.00075e-12,0,,,,
2,Chr2_6766190.0,6766190,1.895282e-11,0,,,,
2,Chr2_6772151.0,6772151,1.895282e-11,0,,,,
2,Chr2_6776473.0,6776473,1.895282e-11,1,AT2G15530,AT2G15530,AT2G15530,0.0
3,Chr3_14481628.0,14481628,2.639853e-11,0,,,,
3,Chr3_14481616.0,14481616,3.639099e-11,0,,,,
3,Chr3_14481618.0,14481618,5.238248e-11,0,,,,
4,Chr4_8883701.0,8883701,7.550951e-11,0,,,,
4,Chr4_11405588.0,11405588,1.414694e-10,0,,,,
2,Chr2_6767446.0,6767446,1.823265e-10,0,,,,
2,Chr2_6775564.0,6775564,1.823265e-10,1,AT2G15530,AT2G15530,AT2G15530,0.0
2,Chr2_17534085.0,17534085,1.939691e-10,1,AT2G42010,AT2G42010,AT2G42010,0.0
2,Chr2_17536102.0,17536102,1.939691e-10,1,AT2G42010,AT2G42010,AT2G42010,0.0
2,Chr2_17540824.0,17540824,1.939691e-10,1,AT2G42030,AT2G42030,AT2G42030,0.0
5,Chr5_11733352.0,11733352,2.048566e-10,0,,,,
2,Chr2_6768389.0,6768389,2.357327e-10,0,,,,
2,Chr2_6777980.0,6777980,3.01353e-10,1,AT2G15530,AT2G15530,AT2G15530,0.0
4,Chr4_8883346.0,8883346,3.385461e-10,0,,,,
2,Chr2_6770624.0,6770624,4.914818e-10,0,,,,
2,Chr2_6787204.0,6787204,5.830921e-10,0,,,,
1,Chr1_15148910.0,15148910,6.483697e-10,0,,,,
2,Chr2_6767803.0,6767803,1.042994e-09,0,,,,
2,Chr2_10336188.0,10336188,1.154076e-09,1,AT2G24280,AT2G24280,AT2G24280,0.0
2,Chr2_10336201.0,10336201,1.154076e-09,1,AT2G24280,AT2G24280,AT2G24280,0.0
2,Chr2_10336210.0,10336210,1.154076e-09,1,AT2G24280,AT2G24280,AT2G24280,0.0
1,Chr1_2359030.0,2359030,1.302219e-09,0,,,,
2,Chr2_17531555.0,17531555,1.39993e-09,1,AT2G42005,AT2G42005,AT2G42005,0.0
2,Chr2_6787742.0,6787742,1.444739e-09,0,,,,
3,Chr3_15790219.0,15790219,1.52008e-09,0,,,,
5,Chr5_11729558.0,11729558,2.203769e-09,0,,,,
3,Chr3_15957222.0,15957222,2.404703e-09,0,,,,
5,Chr5_10048087.0,10048087,2.771626e-09,0,,,,
1,Chr1_2359050.0,2359050,3.161809e-09,0,,,,
2,Chr2_5779541.0,5779541,3.539558e-09,0,,,,
2,Chr2_6795109.0,6795109,4.778933e-09,0,,,,
2,Chr2_6795089.0,6795089,4.983102e-09,0,,,,
2,Chr2_5714325.0,5714325,5.00108e-09,0,,,,
4,Chr4_8887781.0,8887781,5.472147e-09,0,,,,
4,Chr4_8889395.0,8889395,5.472147e-09,0,,,,
4,Chr4_8889837.0,8889837,5.472147e-09,0,,,,
4,Chr4_8890894.0,8890894,5.472147e-09,1,AT4G15563,AT4G15563,AT4G15563,0.0
3,Chr3_18638963.0,18638963,6.091028e-09,1,AT3G50280,AT3G50280,AT3G50280,0.0
4,Chr4_8895677.0,8895677,7.774505e-09,1,AT4G15570,AT4G15570,AT4G15570,0.0
1,Chr1_2359287.0,2359287,7.996848e-09,0,,,,
4,Chr4_2486439.0,2486439,1.00233e-08,1,AT4G04900,AT4G04900,AT4G04900,0.0
4,Chr4_2492681.0,2492681,1.00233e-08,1,AT4G04910,AT4G04910,AT4G04910,0.0
2,Chr2_5776774.0,5776774,1.022163e-08,0,,,,
2,Chr2_5777148.0,5777148,1.022163e-08,0,,,,
2,Chr2_5779312.0,5779312,1.022163e-08,0,,,,
2,Chr2_5781130.0,5781130,1.022163e-08,0,,,,
2,Chr2_5781591.0,5781591,1.022163e-08,0,,,,
2,Chr2_5781984.0,5781984,1.022163e-08,0,,,,
2,Chr2_5783937.0,5783937,1.022163e-08,0,,,,
2,Chr2_5785856.0,5785856,1.022163e-08,0,,,,
2,Chr2_5786680.0,5786680,1.022163e-08,0,,,,
2,Chr2_5787351.0,5787351,1.022163e-08,0,,,,
2,Chr2_5788473.0,5788473,1.022163e-08,0,,,,
2,Chr2_5788549.0,5788549,1.022163e-08,0,,,,
2,Chr2_5794927.0,5794927,1.022163e-08,0,,,,
2,Chr2_5792201.0,5792201,1.198878e-08,0,,,,
2,Chr2_6794729.0,6794729,1.314487e-08,0,,,,
1,Chr1_1162312.0,1162312,1.349047e-08,0,,,,
2,Chr2_17670870.0,17670870,1.519382e-08,0,,,,
4,Chr4_8920626.0,8920626,1.626404e-08,1,AT4G15640,AT4G15640,AT4G15640,0.0
3,Chr3_12658939.0,12658939,1.800371e-08,0,,,,
3,Chr3_14743092.0,14743092,1.886248e-08,0,,,,
3,Chr3_14743999.0,14743999,1.886248e-08,0,,,,
4,Chr4_8870017.0,8870017,2.099036e-08,1,AT4G15530,AT4G15530,AT4G15530,0.0
4,Chr4_8870238.0,8870238,2.099036e-08,1,AT4G15530,AT4G15530,AT4G15530,0.0
3,Chr3_18632396.0,18632396,2.240786e-08,0,,,,
3,Chr3_18636264.0,18636264,2.240786e-08,1,AT3G50270,AT3G50270,AT3G50270,0.0
4,Chr4_8891807.0,8891807,2.24125e-08,1,AT4G15563,AT4G15563,AT4G15563,0.0
4,Chr4_8889601.0,8889601,2.437337e-08,0,,,,
2,Chr2_13858251.0,13858251,2.551004e-08,1,AT2G32670,AT2G32670,AT2G32670,0.0
2,Chr2_7325953.0,7325953,3.036707e-08,1,AT2G16900,AT2G16900,AT2G16900,0.0
1,Chr1_1173624.0,1173624,3.049544e-08,0,,,,
4,Chr4_1294094.0,1294094,3.158533e-08,1,AT4G02920,AT4G02920,AT4G02920,0.0
2,Chr2_5783842.0,5783842,3.272176e-08,0,,,,
5,Chr5_11746463.0,11746463,3.278174e-08,0,,,,
2,Chr2_17653992.0,17653992,3.333179e-08,1,AT2G42395,AT2G42395,AT2G42395,0.0
2,Chr2_17662440.0,17662440,3.333179e-08,0,,,,
2,Chr2_17678805.0,17678805,3.333179e-08,1,AT2G42460,AT2G42460,AT2G42460,0.0
3,Chr3_18645624.0,18645624,3.5888e-08,0,,,,
2,Chr2_5579393.0,5579393,3.738301e-08,0,,,,
2,Chr2_5580072.0,5580072,3.738301e-08,0,,,,
2,Chr2_13859243.0,13859243,4.265148e-08,1,AT2G32670,AT2G32670,AT2G32670,0.0
2,Chr2_13859562.0,13859562,4.265148e-08,1,AT2G32670,AT2G32670,AT2G32670,0.0
1,Chr1_29366347.0,29366347,4.355105e-08,0,,,,
1,Chr1_18588796.0,18588796,4.597268e-08,1,AT1G50190,AT1G50190,AT1G50190,0.0
2,Chr2_5783981.0,5783981,4.800419e-08,0,,,,
4,Chr4_8881357.0,8881357,4.802768e-08,0,,,,
3,Chr3_15887952.0,15887952,5.738035e-08,1,AT3G44150,AT3G44150,AT3G44150,0.0
2,Chr2_5784619.0,5784619,5.958035e-08,0,,,,
1,Chr1_1162151.0,1162151,6.067601e-08,0,,,,
2,Chr2_5794277.0,5794277,6.211645e-08,0,,,,
2,Chr2_5784889.0,5784889,6.403656e-08,0,,,,
4,Chr4_9492228.0,9492228,6.526926e-08,1,AT4G16860,AT4G16860,AT4G16860,0.0
1,Chr1_1188549.0,1188549,6.5501e-08,0,,,,
1,Chr1_1195761.0,1195761,6.5501e-08,1,AT1G04425,AT1G04425,AT1G04425,0.0
3,Chr3_15755829.0,15755829,7.145395e-08,1,AT3G43920,AT3G43920,AT3G43920,0.0
2,Chr2_11904651.0,11904651,7.915857e-08,0,,,,
2,Chr2_5778593.0,5778593,9.183967e-08,0,,,,
1,Chr1_4293006.0,4293006,9.57782e-08,0,,,,
2,Chr2_17676147.0,17676147,9.969663e-08,0,,,,
5,Chr5_202082.0,202082,1.150003e-07,1,AT5G01510,AT5G01510,AT5G01510,0.0
5,Chr5_203966.0,203966,1.150003e-07,1,AT5G01510,AT5G01510,AT5G01510,0.0
5,Chr5_204664.0,204664,1.150003e-07,1,AT5G01510,AT5G01510,AT5G01510,0.0
5,Chr5_205246.0,205246,1.150003e-07,1,AT5G01510,AT5G01510,AT5G01510,0.0
1,Chr1_17017635.0,17017635,1.190036e-07,0,,,,
1,Chr1_1171540.0,1171540,1.229824e-07,0,,,,
2,Chr2_6771506.0,6771506,1.229892e-07,0,,,,
5,Chr5_26280030.0,26280030,1.343339e-07,0,,,,
4,Chr4_8888369.0,8888369,1.346953e-07,0,,,,
4,Chr4_8889740.0,8889740,1.346953e-07,0,,,,
2,Chr2_6772496.0,6772496,1.442968e-07,0,,,,
2,Chr2_5789417.0,5789417,1.485581e-07,1,AT2G13840,AT2G13840,AT2G13840,0.0
1,Chr1_964428.0,964428,1.630831e-07,1,AT1G03830,AT1G03830,AT1G03830,0.0
1,Chr1_964643.0,964643,1.630831e-07,1,AT1G03830,AT1G03830,AT1G03830,0.0
2,Chr2_6392186.0,6392186,1.649776e-07,1,AT2G14878,AT2G14878,AT2G14878,0.0
2,Chr2_6794939.0,6794939,1.677753e-07,0,,,,
2,Chr2_6794951.0,6794951,1.677753e-07,0,,,,
2,Chr2_6794952.0,6794952,1.677753e-07,0,,,,
2,Chr2_6794980.0,6794980,1.677753e-07,0,,,,
2,Chr2_5785747.0,5785747,1.756327e-07,0,,,,
4,Chr4_6211730.0,6211730,1.764233e-07,0,,,,
4,Chr4_6211733.0,6211733,1.764233e-07,0,,,,
4,Chr4_6212543.0,6212543,1.764233e-07,0,,,,
4,Chr4_6212544.0,6212544,1.764233e-07,0,,,,
4,Chr4_6213114.0,6213114,1.764233e-07,0,,,,
4,Chr4_222113.0,222113,1.81967e-07,0,,,,
4,Chr4_8870067.0,8870067,1.828617e-07,1,AT4G15530,AT4G15530,AT4G15530,0.0
3,Chr3_15614779.0,15614779,1.86881e-07,0,,,,
4,Chr4_8918966.0,8918966,1.877093e-07,0,,,,
4,Chr4_8920015.0,8920015,1.877093e-07,1,AT4G15640,AT4G15640,AT4G15640,0.0
3,Chr3_15894564.0,15894564,1.897083e-07,0,,,,
2,Chr2_5795285.0,5795285,1.989824e-07,0,,,,
2,Chr2_5784362.0,5784362,2.05172e-07,0,,,,
3,Chr3_15893414.0,15893414,2.088759e-07,0,,,,
3,Chr3_15893892.0,15893892,2.088759e-07,0,,,,
2,Chr2_5780651.0,5780651,2.203577e-07,0,,,,
2,Chr2_5580008.0,5580008,2.227435e-07,0,,,,
2,Chr2_6764809.0,6764809,2.228198e-07,0,,,,
4,Chr4_1047019.0,1047019,2.28663e-07,0,,,,
2,Chr2_5542140.0,5542140,2.36523e-07,0,,,,
2,Chr2_5562638.0,5562638,2.373882e-07,0,,,,
2,Chr2_5563243.0,5563243,2.373882e-07,0,,,,
2,Chr2_5563685.0,5563685,2.373882e-07,0,,,,
2,Chr2_5563702.0,5563702,2.373882e-07,0,,,,
2,Chr2_5564156.0,5564156,2.373882e-07,0,,,,
1,Chr1_4290667.0,4290667,2.406446e-07,1,AT1G12610,AT1G12610,AT1G12610,0.0
1,Chr1_4297061.0,4297061,2.414796e-07,1,AT1G12620,AT1G12620,AT1G12620,0.0
1,Chr1_4297092.0,4297092,2.414796e-07,0,,,,
1,Chr1_4293137.0,4293137,2.464701e-07,0,,,,
2,Chr2_1740752.0,1740752,2.660289e-07,0,,,,
3,Chr3_15762536.0,15762536,2.721671e-07,1,AT3G43930,AT3G43930,AT3G43930,0.0
3,Chr3_15762558.0,15762558,2.721671e-07,1,AT3G43930,AT3G43930,AT3G43930,0.0
3,Chr3_15764055.0,15764055,2.721671e-07,0,,,,
3,Chr3_15764233.0,15764233,2.721671e-07,0,,,,
3,Chr3_15765272.0,15765272,2.721671e-07,1,AT3G43940,AT3G43940,AT3G43940,0.0
3,Chr3_15765329.0,15765329,2.721671e-07,1,AT3G43940,AT3G43940,AT3G43940,0.0
3,Chr3_15766547.0,15766547,2.721671e-07,1,AT3G43950,AT3G43950,AT3G43950,0.0
3,Chr3_15768412.0,15768412,2.721671e-07,0,,,,
3,Chr3_15768749.0,15768749,2.721671e-07,0,,,,
3,Chr3_15771881.0,15771881,2.721671e-07,0,,,,
3,Chr3_15774046.0,15774046,2.721671e-07,0,,,,
3,Chr3_15775048.0,15775048,2.721671e-07,1,AT3G43960,AT3G43960,AT3G43960,0.0
3,Chr3_15779472.0,15779472,2.721671e-07,0,,,,
3,Chr3_15779522.0,15779522,2.721671e-07,0,,,,
3,Chr3_15780130.0,15780130,2.721671e-07,0,,,,
3,Chr3_15780590.0,15780590,2.721671e-07,0,,,,
3,Chr3_15794559.0,15794559,2.721671e-07,0,,,,
1,Chr1_4294223.0,4294223,2.723408e-07,0,,,,
4,Chr4_6211042.0,6211042,2.832915e-07,0,,,,
3,Chr3_18634135.0,18634135,2.877653e-07,0,,,,
4,Chr4_2484823.0,2484823,2.908202e-07,0,,,,
1,Chr1_4299426.0,4299426,2.962133e-07,1,AT1G12630,AT1G12630,AT1G12630,0.0
3,Chr3_15971317.0,15971317,3.138724e-07,0,,,,
1,Chr1_1000796.0,1000796,3.146869e-07,0,,,,
4,Chr4_9492218.0,9492218,3.167312e-07,1,AT4G16860,AT4G16860,AT4G16860,0.0
3,Chr3_15790760.0,15790760,3.254324e-07,0,,,,
2,Chr2_17634501.0,17634501,3.500267e-07,0,,,,
2,Chr2_17634649.0,17634649,3.500267e-07,0,,,,
2,Chr2_17638591.0,17638591,3.500267e-07,0,,,,
2,Chr2_17643922.0,17643922,3.500267e-07,2,AT2G42365;AT2G42370,AT2G42365,AT2G42365,0.0
2,Chr2_17692306.0,17692306,3.570086e-07,1,AT2G42490,AT2G42490,AT2G42490,0.0
2,Chr2_17694668.0,17694668,3.570086e-07,1,AT2G42490,AT2G42490,AT2G42490,0.0
5,Chr5_23166718.0,23166718,3.570169e-07,0,,,,
4,Chr4_2337409.0,2337409,3.674233e-07,0,,,,
2,Chr2_5542507.0,5542507,3.705967e-07,0,,,,
3,Chr3_15852247.0,15852247,3.855922e-07,0,,,,
2,Chr2_5537002.0,5537002,3.939888e-07,1,AT2G13350,AT2G13350,AT2G13350,0.0
2,Chr2_5537053.0,5537053,3.939888e-07,1,AT2G13350,AT2G13350,AT2G13350,0.0
1,Chr1_4291565.0,4291565,3.95676e-07,0,,,,
1,Chr1_462868.0,462868,3.963711e-07,1,AT1G02330,AT1G02330,AT1G02330,0.0
1,Chr1_462871.0,462871,3.963711e-07,1,AT1G02330,AT1G02330,AT1G02330,0.0
2,Chr2_17651746.0,17651746,4.049801e-07,1,AT2G42390,AT2G42390,AT2G42390,0.0
2,Chr2_17657080.0,17657080,4.049801e-07,0,,,,
3,Chr3_15893860.0,15893860,4.105097e-07,0,,,,
2,Chr2_5398869.0,5398869,4.465883e-07,0,,,,
1,Chr1_962677.0,962677,4.475675e-07,1,AT1G03830,AT1G03830,AT1G03830,0.0
2,Chr2_17635804.0,17635804,4.533974e-07,0,,,,
2,Chr2_17639530.0,17639530,4.533974e-07,1,AT2G42350,AT2G42350,AT2G42350,0.0
2,Chr2_17645852.0,17645852,4.533974e-07,0,,,,
3,Chr3_15794801.0,15794801,4.608648e-07,0,,,,
3,Chr3_6540085.0,6540085,4.645656e-07,0,,,,
4,Chr4_18425491.0,18425491,4.667795e-07,0,,,,
4,Chr4_2466767.0,2466767,4.687358e-07,1,AT4G04880,AT4G04880,AT4G04880,0.0
2,Chr2_6795066.0,6795066,4.691493e-07,0,,,,
3,Chr3_15190864.0,15190864,4.739425e-07,0,,,,
2,Chr2_5580908.0,5580908,4.849195e-07,0,,,,
2,Chr2_5580996.0,5580996,4.849195e-07,0,,,,
2,Chr2_5581148.0,5581148,4.849195e-07,0,,,,
2,Chr2_6794866.0,6794866,5.043478e-07,0,,,,
2,Chr2_6794893.0,6794893,5.043478e-07,0,,,,
2,Chr2_6794914.0,6794914,5.043478e-07,0,,,,
2,Chr2_6794993.0,6794993,5.043478e-07,0,,,,
2,Chr2_6795017.0,6795017,5.043478e-07,0,,,,
2,Chr2_6795023.0,6795023,5.043478e-07,0,,,,
2,Chr2_6795056.0,6795056,5.043478e-07,0,,,,
2,Chr2_6795119.0,6795119,5.043478e-07,0,,,,
2,Chr2_6795152.0,6795152,5.043478e-07,0,,,,
3,Chr3_15788947.0,15788947,5.088151e-07,0,,,,
3,Chr3_15789254.0,15789254,5.088151e-07,0,,,,
3,Chr3_15790564.0,15790564,5.088151e-07,0,,,,
3,Chr3_15796482.0,15796482,5.088151e-07,0,,,,
3,Chr3_15797045.0,15797045,5.088151e-07,0,,,,
3,Chr3_15797541.0,15797541,5.088151e-07,0,,,,
3,Chr3_15800116.0,15800116,5.088151e-07,1,AT3G44010,AT3G44010,AT3G44010,0.0
3,Chr3_15801205.0,15801205,5.088151e-07,0,,,,
3,Chr3_15802128.0,15802128,5.088151e-07,1,AT3G44020,AT3G44020,AT3G44020,0.0
3,Chr3_15802616.0,15802616,5.088151e-07,1,AT3G44020,AT3G44020,AT3G44020,0.0
4,Chr4_2453058.0,2453058,5.351933e-07,1,AT4G04850,AT4G04850,AT4G04850,0.0
4,Chr4_2456108.0,2456108,5.351933e-07,1,AT4G04850,AT4G04850,AT4G04850,0.0
4,Chr4_2459498.0,2459498,5.351933e-07,0,,,,
4,Chr4_2462938.0,2462938,5.351933e-07,1,AT4G04870,AT4G04870,AT4G04870,0.0
4,Chr4_2464042.0,2464042,5.351933e-07,1,AT4G04870,AT4G04870,AT4G04870,0.0
4,Chr4_6209890.0,6209890,5.521157e-07,0,,,,
2,Chr2_5188069.0,5188069,5.597667e-07,0,,,,
3,Chr3_15881752.0,15881752,5.623868e-07,0,,,,
3,Chr3_15882370.0,15882370,5.623868e-07,1,AT3G44130,AT3G44130,AT3G44130,0.0
3,Chr3_15883006.0,15883006,5.623868e-07,1,AT3G44130,AT3G44130,AT3G44130,0.0
1,Chr1_6173538.0,6173538,5.665734e-07,0,,,,
3,Chr3_3131746.0,3131746,5.700579e-07,1,AT3G10130,AT3G10130,AT3G10130,0.0
3,Chr3_3131764.0,3131764,5.700579e-07,1,AT3G10130,AT3G10130,AT3G10130,0.0
3,Chr3_3131896.0,3131896,5.700579e-07,1,AT3G10130,AT3G10130,AT3G10130,0.0
3,Chr3_3131934.0,3131934,5.700579e-07,1,AT3G10130,AT3G10130,AT3G10130,0.0
3,Chr3_3131962.0,3131962,5.700579e-07,1,AT3G10130,AT3G10130,AT3G10130,0.0
3,Chr3_3132003.0,3132003,5.700579e-07,1,AT3G10130,AT3G10130,AT3G10130,0.0
3,Chr3_3132042.0,3132042,5.700579e-07,1,AT3G10130,AT3G10130,AT3G10130,0.0
3,Chr3_3132058.0,3132058,5.700579e-07,1,AT3G10130,AT3G10130,AT3G10130,0.0
3,Chr3_3132400.0,3132400,5.700579e-07,1,AT3G10130,AT3G10130,AT3G10130,0.0
3,Chr3_3132536.0,3132536,5.700579e-07,1,AT3G10130,AT3G10130,AT3G10130,0.0
3,Chr3_3132884.0,3132884,5.700579e-07,1,AT3G10130,AT3G10130,AT3G10130,0.0
3,Chr3_3132937.0,3132937,5.700579e-07,1,AT3G10130,AT3G10130,AT3G10130,0.0
3,Chr3_3133082.0,3133082,5.700579e-07,1,AT3G10130,AT3G10130,AT3G10130,0.0
3,Chr3_3133260.0,3133260,5.700579e-07,0,,,,
3,Chr3_3133270.0,3133270,5.700579e-07,0,,,,
3,Chr3_19496044.0,19496044,5.850534e-07,1,AT3G52560,AT3G52560,AT3G52560,0.0
3,Chr3_18590170.0,18590170,5.917995e-07,1,AT3G50130,AT3G50130,AT3G50130,0.0
4,Chr4_1812493.0,1812493,6.19869e-07,0,,,,
4,Chr4_8918226.0,8918226,6.279248e-07,1,AT4G15630,AT4G15630,AT4G15630,0.0
2,Chr2_5579551.0,5579551,6.279967e-07,0,,,,
2,Chr2_193874.0,193874,6.498053e-07,1,AT2G01440,AT2G01440,AT2G01440,0.0
2,Chr2_202439.0,202439,6.498053e-07,1,AT2G01450,AT2G01450,AT2G01450,0.0
3,Chr3_15884381.0,15884381,6.695312e-07,0,,,,
5,Chr5_23141509.0,23141509,6.931084e-07,0,,,,
5,Chr5_23141567.0,23141567,6.931084e-07,0,,,,
5,Chr5_23142735.0,23142735,6.931084e-07,0,,,,
5,Chr5_23143895.0,23143895,6.931084e-07,0,,,,
2,Chr2_14638375.0,14638375,6.995982e-07,0,,,,
5,Chr5_12142659.0,12142659,7.077348e-07,0,,,,
2,Chr2_5541744.0,5541744,7.096726e-07,0,,,,
3,Chr3_15766501.0,15766501,7.290273e-07,1,AT3G43950,AT3G43950,AT3G43950,0.0
3,Chr3_15786703.0,15786703,7.31131e-07,0,,,,
3,Chr3_15787855.0,15787855,7.31131e-07,0,,,,
3,Chr3_15788097.0,15788097,7.31131e-07,0,,,,
3,Chr3_15789072.0,15789072,7.31131e-07,0,,,,
3,Chr3_15790607.0,15790607,7.31131e-07,0,,,,
3,Chr3_15791102.0,15791102,7.31131e-07,0,,,,
3,Chr3_15791583.0,15791583,7.31131e-07,0,,,,
2,Chr2_5551088.0,5551088,7.511796e-07,1,AT2G13370,AT2G13370,AT2G13370,0.0
2,Chr2_5581235.0,5581235,7.569505e-07,0,,,,
4,Chr4_8869330.0,8869330,8.104862e-07,1,AT4G15530,AT4G15530,AT4G15530,0.0
2,Chr2_5779726.0,5779726,8.162756e-07,0,,,,
2,Chr2_441666.0,441666,8.354637e-07,1,AT2G01950,AT2G01950,AT2G01950,0.0
3,Chr3_12140855.0,12140855,8.370682e-07,0,,,,
2,Chr2_5560556.0,5560556,8.372869e-07,0,,,,
2,Chr2_5560734.0,5560734,8.372869e-07,0,,,,
2,Chr2_5560741.0,5560741,8.372869e-07,0,,,,
2,Chr2_5560833.0,5560833,8.372869e-07,0,,,,
2,Chr2_5561087.0,5561087,8.372869e-07,0,,,,
2,Chr2_5562248.0,5562248,8.372869e-07,0,,,,
2,Chr2_5562428.0,5562428,8.372869e-07,0,,,,
4,Chr4_18435236.0,18435236,8.735432e-07,0,,,,
3,Chr3_15838331.0,15838331,8.763384e-07,0,,,,
3,Chr3_15844424.0,15844424,8.763384e-07,0,,,,
3,Chr3_15848489.0,15848489,8.763384e-07,0,,,,
3,Chr3_15849313.0,15849313,8.763384e-07,0,,,,
3,Chr3_15850548.0,15850548,8.763384e-07,0,,,,
3,Chr3_15851132.0,15851132,8.763384e-07,0,,,,
3,Chr3_15851197.0,15851197,8.763384e-07,0,,,,
3,Chr3_15851453.0,15851453,8.763384e-07,0,,,,
3,Chr3_15851460.0,15851460,8.763384e-07,0,,,,
3,Chr3_15852204.0,15852204,8.763384e-07,0,,,,
3,Chr3_15852752.0,15852752,8.763384e-07,0,,,,
3,Chr3_15853173.0,15853173,8.763384e-07,0,,,,
3,Chr3_15853494.0,15853494,8.763384e-07,0,,,,
3,Chr3_15855590.0,15855590,8.763384e-07,0,,,,
3,Chr3_15856421.0,15856421,8.763384e-07,0,,,,
3,Chr3_15856700.0,15856700,8.763384e-07,0,,,,
3,Chr3_15862614.0,15862614,8.763384e-07,0,,,,
3,Chr3_15864540.0,15864540,8.763384e-07,0,,,,
3,Chr3_15864721.0,15864721,8.763384e-07,0,,,,
3,Chr3_15865649.0,15865649,8.763384e-07,0,,,,
3,Chr3_15867669.0,15867669,8.763384e-07,0,,,,
3,Chr3_15788666.0,15788666,8.892488e-07,0,,,,
3,Chr3_15796503.0,15796503,9.423386e-07,0,,,,
3,Chr3_15371444.0,15371444,9.813382e-07,0,,,,
3,Chr3_15752742.0,15752742,9.893984e-07,0,,,,
3,Chr3_15756129.0,15756129,9.893984e-07,1,AT3G43920,AT3G43920,AT3G43920,0.0
3,Chr3_15760526.0,15760526,9.893984e-07,1,AT3G43920,AT3G43920,AT3G43920,0.0
2,Chr2_17658899.0,17658899,9.903678e-07,0,,,,
2,Chr2_7895522.0,7895522,9.983636e-07,0,,,,
2,Chr2_5376128.0,5376128,9.983828e-07,0,,,,
2,Chr2_13871969.0,13871969,1.008717e-06,1,AT2G32700,AT2G32700,AT2G32700,0.0
2,Chr2_5790829.0,5790829,1.014302e-06,1,AT2G13840,AT2G13840,AT2G13840,0.0
1,Chr1_966505.0,966505,1.022164e-06,1,AT1G03830,AT1G03830,AT1G03830,0.0
1,Chr1_969325.0,969325,1.022164e-06,1,AT1G03840,AT1G03840,AT1G03840,0.0
3,Chr3_15787616.0,15787616,1.032775e-06,0,,,,
1,Chr1_933525.0,933525,1.036304e-06,1,AT1G03740,AT1G03740,AT1G03740,0.0
3,Chr3_18652095.0,18652095,1.039903e-06,0,,,,
2,Chr2_17627058.0,17627058,1.044371e-06,0,,,,
2,Chr2_17627197.0,17627197,1.044371e-06,0,,,,
2,Chr2_17627980.0,17627980,1.044371e-06,1,AT2G42320,AT2G42320,AT2G42320,0.0
2,Chr2_5779426.0,5779426,1.049794e-06,0,,,,
2,Chr2_5788339.0,5788339,1.057631e-06,0,,,,
3,Chr3_15772928.0,15772928,1.058338e-06,0,,,,
1,Chr1_1171356.0,1171356,1.059187e-06,0,,,,
1,Chr1_933100.0,933100,1.065855e-06,0,,,,
1,Chr1_933113.0,933113,1.065855e-06,0,,,,
3,Chr3_15960840.0,15960840,1.069637e-06,0,,,,
2,Chr2_17709029.0,17709029,1.090639e-06,0,,,,
4,Chr4_8871438.0,8871438,1.090768e-06,0,,,,
4,Chr4_8871467.0,8871467,1.090768e-06,0,,,,
4,Chr4_8871991.0,8871991,1.090768e-06,0,,,,
2,Chr2_5561200.0,5561200,1.094627e-06,0,,,,
2,Chr2_5561234.0,5561234,1.094627e-06,0,,,,
2,Chr2_5561350.0,5561350,1.094627e-06,0,,,,
2,Chr2_8653192.0,8653192,1.111335e-06,1,AT2G20050,AT2G20050,AT2G20050,0.0
3,Chr3_15850334.0,15850334,1.11955e-06,0,,,,
4,Chr4_5301125.0,5301125,1.12632e-06,0,,,,
2,Chr2_8329707.0,8329707,1.147591e-06,1,AT2G19190,AT2G19190,AT2G19190,0.0
2,Chr2_8329762.0,8329762,1.147591e-06,1,AT2G19190,AT2G19190,AT2G19190,0.0
2,Chr2_3919653.0,3919653,1.157741e-06,0,,,,
2,Chr2_5583263.0,5583263,1.252309e-06,0,,,,
3,Chr3_15861329.0,15861329,1.279441e-06,0,,,,
2,Chr2_17624848.0,17624848,1.283651e-06,0,,,,
2,Chr2_17627103.0,17627103,1.283651e-06,0,,,,
2,Chr2_5783252.0,5783252,1.332374e-06,0,,,,
2,Chr2_6940046.0,6940046,1.334254e-06,0,,,,
5,Chr5_15969702.0,15969702,1.359784e-06,1,AT5G39870,AT5G39870,AT5G39870,0.0
5,Chr5_15970270.0,15970270,1.359784e-06,0,,,,
5,Chr5_15970336.0,15970336,1.359784e-06,0,,,,
2,Chr2_5582963.0,5582963,1.364591e-06,0,,,,
2,Chr2_5557122.0,5557122,1.377167e-06,0,,,,
3,Chr3_18597068.0,18597068,1.388687e-06,1,AT3G50150,AT3G50150,AT3G50150,0.0
3,Chr3_18600730.0,18600730,1.388687e-06,1,AT3G50160,AT3G50160,AT3G50160,0.0
3,Chr3_18604263.0,18604263,1.388687e-06,0,,,,
4,Chr4_6149715.0,6149715,1.399673e-06,1,AT4G09760,AT4G09760,AT4G09760,0.0
4,Chr4_6152310.0,6152310,1.399673e-06,0,,,,
5,Chr5_18910372.0,18910372,1.41764e-06,1,AT5G46600,AT5G46600,AT5G46600,0.0
3,Chr3_15794571.0,15794571,1.423278e-06,0,,,,
5,Chr5_15970337.0,15970337,1.483061e-06,0,,,,
2,Chr2_17580354.0,17580354,1.48361e-06,1,AT2G42170,AT2G42170,AT2G42170,0.0
4,Chr4_7925316.0,7925316,1.508408e-06,0,,,,
3,Chr3_15819919.0,15819919,1.527491e-06,1,AT3G44050,AT3G44050,AT3G44050,0.0
3,Chr3_15821685.0,15821685,1.527491e-06,1,AT3G44050,AT3G44050,AT3G44050,0.0
3,Chr3_15825726.0,15825726,1.527491e-06,1,AT3G44060,AT3G44060,AT3G44060,0.0
3,Chr3_15829261.0,15829261,1.527491e-06,0,,,,
3,Chr3_15832758.0,15832758,1.527491e-06,0,,,,
3,Chr3_15834012.0,15834012,1.527491e-06,0,,,,
1,Chr1_6172568.0,6172568,1.58424e-06,1,AT1G17940,AT1G17940,AT1G17940,0.0
3,Chr3_11587925.0,11587925,1.590766e-06,0,,,,
5,Chr5_11705037.0,11705037,1.599849e-06,0,,,,
5,Chr5_26279326.0,26279326,1.602769e-06,0,,,,
1,Chr1_21889692.0,21889692,1.602791e-06,0,,,,
3,Chr3_15971789.0,15971789,1.619548e-06,0,,,,
4,Chr4_1303065.0,1303065,1.641152e-06,0,,,,
1,Chr1_1079536.0,1079536,1.64857e-06,1,AT1G04140,AT1G04140,AT1G04140,0.0
2,Chr2_19143641.0,19143641,1.695206e-06,0,,,,
2,Chr2_5588064.0,5588064,1.696827e-06,0,,,,
2,Chr2_5558328.0,5558328,1.698195e-06,0,,,,
2,Chr2_5559332.0,5559332,1.698195e-06,0,,,,
2,Chr2_5559468.0,5559468,1.698195e-06,0,,,,
2,Chr2_5559806.0,5559806,1.698195e-06,0,,,,
3,Chr3_15790029.0,15790029,1.707967e-06,0,,,,
2,Chr2_5536770.0,5536770,1.731996e-06,1,AT2G13350,AT2G13350,AT2G13350,0.0
2,Chr2_5676527.0,5676527,1.732057e-06,0,,,,
4,Chr4_8914537.0,8914537,1.781319e-06,1,AT4G15620,AT4G15620,AT4G15620,0.0
4,Chr4_8914538.0,8914538,1.781319e-06,1,AT4G15620,AT4G15620,AT4G15620,0.0
3,Chr3_15975307.0,15975307,1.802061e-06,0,,,,
3,Chr3_15975400.0,15975400,1.802061e-06,0,,,,
3,Chr3_15786898.0,15786898,1.802417e-06,0,,,,
3,Chr3_15796330.0,15796330,1.807726e-06,1,AT3G44006,AT3G44006,AT3G44006,0.0
3,Chr3_15796349.0,15796349,1.807726e-06,1,AT3G44006,AT3G44006,AT3G44006,0.0
3,Chr3_15796380.0,15796380,1.807726e-06,1,AT3G44006,AT3G44006,AT3G44006,0.0
3,Chr3_15796593.0,15796593,1.807726e-06,0,,,,
4,Chr4_8922768.0,8922768,1.818803e-06,1,AT4G15650,AT4G15650,AT4G15650,0.0
2,Chr2_17562247.0,17562247,1.833166e-06,1,AT2G42110,AT2G42110,AT2G42110,0.0
3,Chr3_10023642.0,10023642,1.851201e-06,0,,,,
2,Chr2_6794909.0,6794909,1.93975e-06,0,,,,
3,Chr3_15852505.0,15852505,1.949048e-06,0,,,,
4,Chr4_6213002.0,6213002,1.994949e-06,0,,,,
2,Chr2_5559967.0,5559967,2.006323e-06,0,,,,
1,Chr1_1697650.0,1697650,2.009251e-06,1,AT1G05670,AT1G05670,AT1G05670,0.0
3,Chr3_15835537.0,15835537,2.017954e-06,0,,,,
2,Chr2_5580262.0,5580262,2.071362e-06,0,,,,
2,Chr2_5580350.0,5580350,2.071362e-06,0,,,,
2,Chr2_5580667.0,5580667,2.071362e-06,0,,,,
2,Chr2_5580674.0,5580674,2.071362e-06,0,,,,
2,Chr2_5580677.0,5580677,2.071362e-06,0,,,,
1,Chr1_20951511.0,20951511,2.075352e-06,0,,,,
5,Chr5_15975562.0,15975562,2.075978e-06,1,AT5G39890,AT5G39890,AT5G39890,0.0
5,Chr5_10479601.0,10479601,2.107069e-06,0,,,,
3,Chr3_15882877.0,15882877,2.126844e-06,1,AT3G44130,AT3G44130,AT3G44130,0.0
1,Chr1_968588.0,968588,2.139608e-06,1,AT1G03840,AT1G03840,AT1G03840,0.0
1,Chr1_970465.0,970465,2.139608e-06,0,,,,
1,Chr1_971565.0,971565,2.139608e-06,0,,,,
1,Chr1_972972.0,972972,2.139608e-06,0,,,,
1,Chr1_1163523.0,1163523,2.190508e-06,1,AT1G04340,AT1G04340,AT1G04340,0.0
3,Chr3_15854247.0,15854247,2.200651e-06,0,,,,
3,Chr3_15392977.0,15392977,2.228871e-06,1,AT3G43470,AT3G43470,AT3G43470,0.0
2,Chr2_456497.0,456497,2.2498e-06,0,,,,
3,Chr3_15974366.0,15974366,2.302743e-06,1,AT3G44290,AT3G44290,AT3G44290,0.0
3,Chr3_12265613.0,12265613,2.315661e-06,0,,,,
2,Chr2_428529.0,428529,2.320315e-06,1,AT2G01930,AT2G01930,AT2G01930,0.0
3,Chr3_18844648.0,18844648,2.325275e-06,0,,,,
2,Chr2_5583588.0,5583588,2.33229e-06,0,,,,
3,Chr3_16668008.0,16668008,2.342522e-06,1,AT3G45443,AT3G45443,AT3G45443,0.0
3,Chr3_16668017.0,16668017,2.342522e-06,1,AT3G45443,AT3G45443,AT3G45443,0.0
2,Chr2_5579285.0,5579285,2.353564e-06,0,,,,
2,Chr2_5579338.0,5579338,2.353564e-06,0,,,,
2,Chr2_5579738.0,5579738,2.353564e-06,0,,,,
2,Chr2_5581649.0,5581649,2.353564e-06,0,,,,
2,Chr2_5581812.0,5581812,2.353564e-06,0,,,,
2,Chr2_5582424.0,5582424,2.353564e-06,0,,,,
2,Chr2_5582425.0,5582425,2.353564e-06,0,,,,
2,Chr2_5582975.0,5582975,2.353564e-06,0,,,,
2,Chr2_5583408.0,5583408,2.353564e-06,0,,,,
2,Chr2_5583845.0,5583845,2.353564e-06,0,,,,
2,Chr2_5585371.0,5585371,2.353564e-06,0,,,,
2,Chr2_5585561.0,5585561,2.353564e-06,0,,,,
2,Chr2_5585928.0,5585928,2.353564e-06,0,,,,
2,Chr2_5586312.0,5586312,2.353564e-06,0,,,,
1,Chr1_1687058.0,1687058,2.384698e-06,1,AT1G05630,AT1G05630,AT1G05630,0.0
1,Chr1_1689943.0,1689943,2.384698e-06,0,,,,
1,Chr1_1690139.0,1690139,2.384698e-06,0,,,,
3,Chr3_15794729.0,15794729,2.410381e-06,0,,,,
2,Chr2_17613887.0,17613887,2.435595e-06,0,,,,
3,Chr3_9119626.0,9119626,2.448266e-06,0,,,,
3,Chr3_15850086.0,15850086,2.454555e-06,0,,,,
1,Chr1_459050.0,459050,2.465342e-06,1,AT1G02310,AT1G02310,AT1G02310,0.0
2,Chr2_5788347.0,5788347,2.480257e-06,0,,,,
3,Chr3_15752846.0,15752846,2.494882e-06,0,,,,
3,Chr3_13975752.0,13975752,2.597945e-06,0,,,,
1,Chr1_4323957.0,4323957,2.611959e-06,1,AT1G12700,AT1G12700,AT1G12700,0.0
1,Chr1_4324376.0,4324376,2.611959e-06,1,AT1G12700,AT1G12700,AT1G12700,0.0
1,Chr1_4324908.0,4324908,2.611959e-06,1,AT1G12700,AT1G12700,AT1G12700,0.0
3,Chr3_12126886.0,12126886,2.644781e-06,0,,,,
3,Chr3_3154829.0,3154829,2.696488e-06,0,,,,
4,Chr4_3305406.0,3305406,2.734366e-06,0,,,,
5,Chr5_9275721.0,9275721,2.747976e-06,0,,,,
2,Chr2_5778048.0,5778048,2.762807e-06,0,,,,
2,Chr2_71252.0,71252,2.774224e-06,0,,,,
4,Chr4_9492936.0,9492936,2.856831e-06,1,AT4G16860,AT4G16860,AT4G16860,0.0
5,Chr5_17339572.0,17339572,2.858968e-06,0,,,,
3,Chr3_2989331.0,2989331,2.870559e-06,0,,,,
2,Chr2_81012.0,81012,2.888431e-06,1,AT2G01090,AT2G01090,AT2G01090,0.0
5,Chr5_25948936.0,25948936,2.935124e-06,0,,,,
3,Chr3_18633695.0,18633695,2.958056e-06,0,,,,
4,Chr4_13900448.0,13900448,2.986566e-06,1,AT4G27910,AT4G27910,AT4G27910,0.0
1,Chr1_1626512.0,1626512,3.119053e-06,1,AT1G05500,AT1G05500,AT1G05500,0.0
1,Chr1_1630713.0,1630713,3.119053e-06,1,AT1G05510,AT1G05510,AT1G05510,0.0
1,Chr1_1634944.0,1634944,3.119053e-06,1,AT1G05520,AT1G05520,AT1G05520,0.0
3,Chr3_15868386.0,15868386,3.194485e-06,0,,,,
1,Chr1_1075103.0,1075103,3.197291e-06,1,AT1G04130,AT1G04130,AT1G04130,0.0
2,Chr2_5785035.0,5785035,3.21444e-06,0,,,,
1,Chr1_17488470.0,17488470,3.244531e-06,0,,,,
3,Chr3_4551107.0,4551107,3.251614e-06,0,,,,
1,Chr1_1080453.0,1080453,3.277323e-06,1,AT1G04140,AT1G04140,AT1G04140,0.0
3,Chr3_3146568.0,3146568,3.366072e-06,1,AT3G10180,AT3G10180,AT3G10180,0.0
3,Chr3_3147318.0,3147318,3.366072e-06,1,AT3G10180,AT3G10180,AT3G10180,0.0
3,Chr3_3149193.0,3149193,3.366072e-06,1,AT3G10180,AT3G10180,AT3G10180,0.0
3,Chr3_3155040.0,3155040,3.366072e-06,0,,,,
1,Chr1_1676884.0,1676884,3.367504e-06,0,,,,
4,Chr4_8914255.0,8914255,3.389596e-06,1,AT4G15620,AT4G15620,AT4G15620,0.0
2,Chr2_71630.0,71630,3.396981e-06,0,,,,
2,Chr2_74963.0,74963,3.396981e-06,1,AT2G01060,AT2G01060,AT2G01060,0.0
2,Chr2_79508.0,79508,3.396981e-06,0,,,,
2,Chr2_94622.0,94622,3.396981e-06,1,AT2G01130,AT2G01130,AT2G01130,0.0
2,Chr2_5781327.0,5781327,3.400386e-06,0,,,,
3,Chr3_15786308.0,15786308,3.429653e-06,0,,,,
2,Chr2_465983.0,465983,3.474531e-06,1,AT2G01990,AT2G01990,AT2G01990,0.0
2,Chr2_465987.0,465987,3.474531e-06,1,AT2G01990,AT2G01990,AT2G01990,0.0
4,Chr4_9030278.0,9030278,3.498784e-06,0,,,,
4,Chr4_9030651.0,9030651,3.498784e-06,1,AT4G15920,AT4G15920,AT4G15920,0.0
2,Chr2_5536305.0,5536305,3.523495e-06,0,,,,
2,Chr2_5537705.0,5537705,3.523495e-06,1,AT2G13350,AT2G13350,AT2G13350,0.0
3,Chr3_15863558.0,15863558,3.617435e-06,0,,,,
3,Chr3_18844691.0,18844691,3.621618e-06,0,,,,
4,Chr4_5498839.0,5498839,3.671486e-06,0,,,,
4,Chr4_9031324.0,9031324,3.712225e-06,1,AT4G15920,AT4G15920,AT4G15920,0.0
5,Chr5_335489.0,335489,3.792662e-06,0,,,,
2,Chr2_68599.0,68599,3.805416e-06,1,AT2G01050,AT2G01050,AT2G01050,0.0
3,Chr3_15888899.0,15888899,3.841255e-06,0,,,,
3,Chr3_15893401.0,15893401,3.841255e-06,0,,,,
3,Chr3_15895641.0,15895641,3.841255e-06,0,,,,
3,Chr3_15895647.0,15895647,3.841255e-06,0,,,,
3,Chr3_15895756.0,15895756,3.841255e-06,0,,,,
3,Chr3_15899730.0,15899730,3.841255e-06,0,,,,
3,Chr3_15283452.0,15283452,3.879009e-06,0,,,,
1,Chr1_4293462.0,4293462,3.883012e-06,0,,,,
3,Chr3_15854266.0,15854266,3.902277e-06,0,,,,
5,Chr5_26280243.0,26280243,3.955115e-06,0,,,,
5,Chr5_26280560.0,26280560,3.955115e-06,0,,,,
3,Chr3_15893546.0,15893546,3.97628e-06,0,,,,
3,Chr3_15896207.0,15896207,3.97628e-06,1,AT3G44171,AT3G44171,AT3G44171,0.0
3,Chr3_15896217.0,15896217,3.97628e-06,1,AT3G44171,AT3G44171,AT3G44171,0.0
2,Chr2_13877467.0,13877467,4.034553e-06,1,AT2G32720,AT2G32720,AT2G32720,0.0
1,Chr1_4321016.0,4321016,4.04108e-06,1,AT1G12680,AT1G12680,AT1G12680,0.0
1,Chr1_1621808.0,1621808,4.065286e-06,1,AT1G05490,AT1G05490,AT1G05490,0.0
1,Chr1_4294740.0,4294740,4.087266e-06,1,AT1G12620,AT1G12620,AT1G12620,0.0
2,Chr2_105257.0,105257,4.096415e-06,1,AT2G01175,AT2G01175,AT2G01175,0.0
5,Chr5_25790765.0,25790765,4.097403e-06,0,,,,
1,Chr1_4312715.0,4312715,4.109248e-06,1,AT1G12665,AT1G12665,AT1G12665,0.0
3,Chr3_15946300.0,15946300,4.130695e-06,0,,,,
3,Chr3_15946720.0,15946720,4.130695e-06,0,,,,
3,Chr3_15946883.0,15946883,4.130695e-06,0,,,,
2,Chr2_78590.0,78590,4.136892e-06,1,AT2G01080,AT2G01080,AT2G01080,0.0
3,Chr3_4638322.0,4638322,4.192058e-06,1,AT3G14010,AT3G14010,AT3G14010,0.0
4,Chr4_1217356.0,1217356,4.199862e-06,0,,,,
1,Chr1_4228259.0,4228259,4.214928e-06,1,AT1G12420,AT1G12420,AT1G12420,0.0
4,Chr4_5499687.0,5499687,4.258223e-06,0,,,,
3,Chr3_15973550.0,15973550,4.382063e-06,1,AT3G44290,AT3G44290,AT3G44290,0.0
3,Chr3_15891559.0,15891559,4.405191e-06,1,AT3G44160,AT3G44160,AT3G44160,0.0
5,Chr5_10066944.0,10066944,4.470918e-06,0,,,,
2,Chr2_5580166.0,5580166,4.561882e-06,0,,,,
3,Chr3_14743606.0,14743606,4.594515e-06,0,,,,
1,Chr1_1171306.0,1171306,4.625466e-06,0,,,,
2,Chr2_453275.0,453275,4.644543e-06,1,AT2G01970,AT2G01970,AT2G01970,0.0
2,Chr2_457347.0,457347,4.644543e-06,1,AT2G01980,AT2G01980,AT2G01980,0.0
4,Chr4_8881684.0,8881684,4.666484e-06,0,,,,
2,Chr2_11201779.0,11201779,4.715759e-06,1,AT2G26310,AT2G26310,AT2G26310,0.0
2,Chr2_5818476.0,5818476,4.80205e-06,0,,,,
1,Chr1_22379746.0,22379746,4.836166e-06,0,,,,
1,Chr1_22382676.0,22382676,4.836166e-06,0,,,,
2,Chr2_13841610.0,13841610,4.850829e-06,1,AT2G32620,AT2G32620,AT2G32620,0.0
4,Chr4_9492804.0,9492804,4.960028e-06,1,AT4G16860,AT4G16860,AT4G16860,0.0
1,Chr1_4319256.0,4319256,4.963773e-06,0,,,,
3,Chr3_15698221.0,15698221,5.015509e-06,0,,,,
2,Chr2_5297579.0,5297579,5.017654e-06,0,,,,
3,Chr3_15827192.0,15827192,5.032917e-06,0,,,,
4,Chr4_8909900.0,8909900,5.049124e-06,1,AT4G15610,AT4G15610,AT4G15610,0.0
3,Chr3_15900313.0,15900313,5.056871e-06,0,,,,
3,Chr3_15788697.0,15788697,5.086075e-06,0,,,,
3,Chr3_15233095.0,15233095,5.225451e-06,0,,,,
3,Chr3_12040247.0,12040247,5.235684e-06,0,,,,
3,Chr3_12040598.0,12040598,5.235684e-06,0,,,,
3,Chr3_12040622.0,12040622,5.235684e-06,0,,,,
3,Chr3_12041223.0,12041223,5.235684e-06,0,,,,
1,Chr1_4293215.0,4293215,5.267622e-06,0,,,,
1,Chr1_4294000.0,4294000,5.267622e-06,0,,,,
1,Chr1_4294038.0,4294038,5.267622e-06,0,,,,
1,Chr1_4294066.0,4294066,5.267622e-06,0,,,,
1,Chr1_4294123.0,4294123,5.267622e-06,0,,,,
1,Chr1_4294164.0,4294164,5.267622e-06,0,,,,
1,Chr1_4294174.0,4294174,5.267622e-06,0,,,,
1,Chr1_4294278.0,4294278,5.267622e-06,0,,,,
1,Chr1_4294369.0,4294369,5.267622e-06,0,,,,
1,Chr1_4294469.0,4294469,5.267622e-06,0,,,,
1,Chr1_1194772.0,1194772,5.322574e-06,1,AT1G04425,AT1G04425,AT1G04425,0.0
1,Chr1_4320992.0,4320992,5.338243e-06,1,AT1G12680,AT1G12680,AT1G12680,0.0
1,Chr1_4321014.0,4321014,5.338243e-06,1,AT1G12680,AT1G12680,AT1G12680,0.0
1,Chr1_4321230.0,4321230,5.338243e-06,1,AT1G12680,AT1G12680,AT1G12680,0.0
1,Chr1_4321233.0,4321233,5.338243e-06,1,AT1G12680,AT1G12680,AT1G12680,0.0
1,Chr1_4321249.0,4321249,5.338243e-06,1,AT1G12680,AT1G12680,AT1G12680,0.0
1,Chr1_4321285.0,4321285,5.338243e-06,1,AT1G12680,AT1G12680,AT1G12680,0.0
1,Chr1_4321297.0,4321297,5.338243e-06,1,AT1G12680,AT1G12680,AT1G12680,0.0
1,Chr1_4321299.0,4321299,5.338243e-06,1,AT1G12680,AT1G12680,AT1G12680,0.0
1,Chr1_4321301.0,4321301,5.338243e-06,1,AT1G12680,AT1G12680,AT1G12680,0.0
1,Chr1_4321316.0,4321316,5.338243e-06,1,AT1G12680,AT1G12680,AT1G12680,0.0
1,Chr1_4321317.0,4321317,5.338243e-06,1,AT1G12680,AT1G12680,AT1G12680,0.0
4,Chr4_8871915.0,8871915,5.392681e-06,0,,,,
1,Chr1_1668865.0,1668865,5.407712e-06,1,AT1G05580,AT1G05580,AT1G05580,0.0
5,Chr5_13560536.0,13560536,5.425509e-06,0,,,,
2,Chr2_5551807.0,5551807,5.451152e-06,1,AT2G13370,AT2G13370,AT2G13370,0.0
4,Chr4_10512014.0,10512014,5.46783e-06,0,,,,
2,Chr2_19074832.0,19074832,5.476211e-06,1,AT2G46470,AT2G46470,AT2G46470,0.0
2,Chr2_19077743.0,19077743,5.476211e-06,1,AT2G46480,AT2G46480,AT2G46480,0.0
2,Chr2_19078335.0,19078335,5.476211e-06,1,AT2G46480,AT2G46480,AT2G46480,0.0
5,Chr5_26369582.0,26369582,5.480444e-06,1,AT5G65925,AT5G65925,AT5G65925,0.0
3,Chr3_6722757.0,6722757,5.487026e-06,0,,,,
1,Chr1_22376674.0,22376674,5.50778e-06,0,,,,
1,Chr1_12665483.0,12665483,5.599311e-06,0,,,,
2,Chr2_7291975.0,7291975,5.602657e-06,0,,,,
2,Chr2_7292077.0,7292077,5.602657e-06,0,,,,
3,Chr3_13820561.0,13820561,5.631411e-06,0,,,,
3,Chr3_15912210.0,15912210,5.658086e-06,0,,,,
5,Chr5_3161739.0,3161739,5.667889e-06,0,,,,
2,Chr2_6794968.0,6794968,5.676744e-06,0,,,,
5,Chr5_1511006.0,1511006,5.72704e-06,0,,,,
5,Chr5_1512463.0,1512463,5.72704e-06,1,AT5G05130,AT5G05130,AT5G05130,0.0
5,Chr5_1516902.0,1516902,5.72704e-06,0,,,,
1,Chr1_4293501.0,4293501,5.729266e-06,0,,,,
2,Chr2_19569774.0,19569774,5.789761e-06,0,,,,
2,Chr2_19571211.0,19571211,5.789761e-06,1,AT2G47790,AT2G47790,AT2G47790,0.0
3,Chr3_15892455.0,15892455,5.836057e-06,0,,,,
3,Chr3_15893964.0,15893964,5.836057e-06,0,,,,
3,Chr3_15893976.0,15893976,5.836057e-06,0,,,,
3,Chr3_15899531.0,15899531,5.836057e-06,0,,,,
1,Chr1_1185015.0,1185015,5.933952e-06,0,,,,
1,Chr1_1194753.0,1194753,5.933952e-06,1,AT1G04425,AT1G04425,AT1G04425,0.0
3,Chr3_15380441.0,15380441,5.959169e-06,0,,,,
3,Chr3_15380450.0,15380450,5.959169e-06,0,,,,
3,Chr3_15387867.0,15387867,5.959169e-06,0,,,,
3,Chr3_15399854.0,15399854,5.959169e-06,1,AT3G43490,AT3G43490,AT3G43490,0.0
1,Chr1_557564.0,557564,5.977537e-06,1,AT1G02620,AT1G02620,AT1G02620,0.0
2,Chr2_19480031.0,19480031,6.171118e-06,0,,,,
3,Chr3_7585250.0,7585250,6.171486e-06,0,,,,
2,Chr2_1836285.0,1836285,6.223519e-06,0,,,,
2,Chr2_13941790.0,13941790,6.266524e-06,1,AT2G32860,AT2G32860,AT2G32860,0.0
5,Chr5_26280362.0,26280362,6.298827e-06,0,,,,
3,Chr3_15885528.0,15885528,6.308441e-06,0,,,,
3,Chr3_15372095.0,15372095,6.322882e-06,0,,,,
5,Chr5_12635473.0,12635473,6.338649e-06,0,,,,
2,Chr2_73835.0,73835,6.345911e-06,1,AT2G01060,AT2G01060,AT2G01060,0.0
4,Chr4_2480806.0,2480806,6.388961e-06,1,AT4G04890,AT4G04890,AT4G04890,0.0
2,Chr2_13441129.0,13441129,6.528673e-06,1,AT2G31580,AT2G31580,AT2G31580,0.0
2,Chr2_5818488.0,5818488,6.595083e-06,0,,,,
2,Chr2_5820184.0,5820184,6.595083e-06,0,,,,
2,Chr2_5820296.0,5820296,6.595083e-06,0,,,,
2,Chr2_5820387.0,5820387,6.595083e-06,0,,,,
2,Chr2_5583960.0,5583960,6.598317e-06,0,,,,
1,Chr1_4323332.0,4323332,6.624373e-06,0,,,,
5,Chr5_203599.0,203599,6.6317e-06,1,AT5G01510,AT5G01510,AT5G01510,0.0
1,Chr1_13106791.0,13106791,6.668414e-06,0,,,,
1,Chr1_29747543.0,29747543,6.710339e-06,1,AT1G79080,AT1G79080,AT1G79080,0.0
1,Chr1_29748633.0,29748633,6.710339e-06,1,AT1G79080,AT1G79080,AT1G79080,0.0
1,Chr1_29749019.0,29749019,6.710339e-06,0,,,,
1,Chr1_29750259.0,29750259,6.710339e-06,1,AT1G79090,AT1G79090,AT1G79090,0.0
1,Chr1_29750474.0,29750474,6.710339e-06,1,AT1G79090,AT1G79090,AT1G79090,0.0
1,Chr1_29751721.0,29751721,6.710339e-06,1,AT1G79090,AT1G79090,AT1G79090,0.0
3,Chr3_15865048.0,15865048,6.7175e-06,0,,,,
1,Chr1_29912522.0,29912522,6.725652e-06,1,AT1G79520,AT1G79520,AT1G79520,0.0
1,Chr1_29941311.0,29941311,6.725652e-06,1,AT1G79580,AT1G79580,AT1G79580,0.0
1,Chr1_29943231.0,29943231,6.725652e-06,1,AT1G79580,AT1G79580,AT1G79580,0.0
1,Chr1_29966193.0,29966193,6.725652e-06,0,,,,
1,Chr1_29967722.0,29967722,6.725652e-06,1,AT1G79640,AT1G79640,AT1G79640,0.0
4,Chr4_7927134.0,7927134,6.752259e-06,0,,,,
3,Chr3_15892468.0,15892468,6.821625e-06,0,,,,
5,Chr5_201345.0,201345,6.825877e-06,1,AT5G01500,AT5G01500,AT5G01500,0.0
1,Chr1_1185313.0,1185313,6.84541e-06,0,,,,
3,Chr3_16666678.0,16666678,6.868456e-06,1,AT3G45440,AT3G45440,AT3G45440,0.0
3,Chr3_16667089.0,16667089,6.868456e-06,0,,,,
3,Chr3_16667747.0,16667747,6.868456e-06,0,,,,
3,Chr3_6720935.0,6720935,6.873549e-06,0,,,,
2,Chr2_5247323.0,5247323,6.911173e-06,0,,,,
2,Chr2_5297970.0,5297970,6.911173e-06,0,,,,
2,Chr2_5299207.0,5299207,6.911173e-06,0,,,,
2,Chr2_5305594.0,5305594,6.911173e-06,0,,,,
2,Chr2_5337524.0,5337524,6.911173e-06,0,,,,
4,Chr4_1274491.0,1274491,6.947868e-06,1,AT4G02880,AT4G02880,AT4G02880,0.0
1,Chr1_1173678.0,1173678,6.9505e-06,0,,,,
1,Chr1_4225717.0,4225717,6.979247e-06,0,,,,
1,Chr1_4232147.0,4232147,7.03353e-06,0,,,,
1,Chr1_4233357.0,4233357,7.03353e-06,0,,,,
4,Chr4_6190316.0,6190316,7.068921e-06,1,AT4G09830,AT4G09830,AT4G09830,0.0
4,Chr4_4696366.0,4696366,7.117387e-06,0,,,,
2,Chr2_5784775.0,5784775,7.219619e-06,0,,,,
4,Chr4_18133506.0,18133506,7.265227e-06,1,AT4G38870,AT4G38870,AT4G38870,0.0
4,Chr4_18133634.0,18133634,7.265227e-06,1,AT4G38870,AT4G38870,AT4G38870,0.0
4,Chr4_18139852.0,18139852,7.265227e-06,1,AT4G38900,AT4G38900,AT4G38900,0.0
4,Chr4_18141993.0,18141993,7.265227e-06,0,,,,
3,Chr3_14785219.0,14785219,7.285024e-06,0,,,,
4,Chr4_7247692.0,7247692,7.294701e-06,1,AT4G12100,AT4G12100,AT4G12100,0.0
4,Chr4_7375907.0,7375907,7.377835e-06,0,,,,
1,Chr1_4293389.0,4293389,7.385428e-06,0,,,,
3,Chr3_4585170.0,4585170,7.411178e-06,0,,,,
1,Chr1_4344393.0,4344393,7.446863e-06,1,AT1G12740,AT1G12740,AT1G12740,0.0
2,Chr2_12613472.0,12613472,7.478222e-06,1,AT2G29400,AT2G29400,AT2G29400,0.0
2,Chr2_7487562.0,7487562,7.560467e-06,1,AT2G17210,AT2G17210,AT2G17210,0.0
1,Chr1_4292300.0,4292300,7.725582e-06,0,,,,
1,Chr1_4293117.0,4293117,7.725582e-06,0,,,,
1,Chr1_4293143.0,4293143,7.725582e-06,0,,,,
3,Chr3_3138931.0,3138931,7.770576e-06,1,AT3G10150,AT3G10150,AT3G10150,0.0
1,Chr1_4317363.0,4317363,7.954132e-06,0,,,,
1,Chr1_4317393.0,4317393,7.954132e-06,0,,,,
1,Chr1_4317454.0,4317454,7.954132e-06,0,,,,
1,Chr1_4317470.0,4317470,7.954132e-06,0,,,,
1,Chr1_4317547.0,4317547,7.954132e-06,0,,,,
1,Chr1_4317556.0,4317556,7.954132e-06,0,,,,
1,Chr1_4317560.0,4317560,7.954132e-06,0,,,,
1,Chr1_4317582.0,4317582,7.954132e-06,0,,,,
1,Chr1_4317594.0,4317594,7.954132e-06,0,,,,
1,Chr1_4317595.0,4317595,7.954132e-06,0,,,,
1,Chr1_4317604.0,4317604,7.954132e-06,0,,,,
1,Chr1_4317692.0,4317692,7.954132e-06,0,,,,
1,Chr1_4317763.0,4317763,7.954132e-06,0,,,,
1,Chr1_4318751.0,4318751,7.954132e-06,1,AT1G12672,AT1G12672,AT1G12672,0.0
1,Chr1_4318965.0,4318965,7.954132e-06,1,AT1G12672,AT1G12672,AT1G12672,0.0
1,Chr1_4319200.0,4319200,7.954132e-06,0,,,,
1,Chr1_4319241.0,4319241,7.954132e-06,0,,,,
1,Chr1_4319251.0,4319251,7.954132e-06,0,,,,
1,Chr1_4319252.0,4319252,7.954132e-06,0,,,,
1,Chr1_4319261.0,4319261,7.954132e-06,0,,,,
1,Chr1_4320249.0,4320249,7.954132e-06,1,AT1G12680,AT1G12680,AT1G12680,0.0
1,Chr1_4320276.0,4320276,7.954132e-06,1,AT1G12680,AT1G12680,AT1G12680,0.0
1,Chr1_4322177.0,4322177,7.954132e-06,1,AT1G12680,AT1G12680,AT1G12680,0.0
1,Chr1_4322216.0,4322216,7.954132e-06,1,AT1G12680,AT1G12680,AT1G12680,0.0
1,Chr1_4322292.0,4322292,7.954132e-06,1,AT1G12680,AT1G12680,AT1G12680,0.0
1,Chr1_4322371.0,4322371,7.954132e-06,1,AT1G12680,AT1G12680,AT1G12680,0.0
1,Chr1_4322547.0,4322547,7.954132e-06,1,AT1G12680,AT1G12680,AT1G12680,0.0
1,Chr1_4322615.0,4322615,7.954132e-06,1,AT1G12680,AT1G12680,AT1G12680,0.0
1,Chr1_4322641.0,4322641,7.954132e-06,1,AT1G12680,AT1G12680,AT1G12680,0.0
1,Chr1_4322890.0,4322890,7.954132e-06,1,AT1G12680,AT1G12680,AT1G12680,0.0
1,Chr1_4323002.0,4323002,7.954132e-06,0,,,,
1,Chr1_4323051.0,4323051,7.954132e-06,0,,,,
1,Chr1_4323205.0,4323205,7.954132e-06,0,,,,
1,Chr1_4323399.0,4323399,7.954132e-06,0,,,,
1,Chr1_4323465.0,4323465,7.954132e-06,0,,,,
1,Chr1_4323496.0,4323496,7.954132e-06,0,,,,
1,Chr1_4323536.0,4323536,7.954132e-06,0,,,,
1,Chr1_4323547.0,4323547,7.954132e-06,0,,,,
1,Chr1_4323759.0,4323759,7.954132e-06,1,AT1G12700,AT1G12700,AT1G12700,0.0
1,Chr1_4323869.0,4323869,7.954132e-06,1,AT1G12700,AT1G12700,AT1G12700,0.0
1,Chr1_4323907.0,4323907,7.954132e-06,1,AT1G12700,AT1G12700,AT1G12700,0.0
1,Chr1_4323934.0,4323934,7.954132e-06,1,AT1G12700,AT1G12700,AT1G12700,0.0
1,Chr1_4323954.0,4323954,7.954132e-06,1,AT1G12700,AT1G12700,AT1G12700,0.0
1,Chr1_4324014.0,4324014,7.954132e-06,1,AT1G12700,AT1G12700,AT1G12700,0.0
1,Chr1_4324053.0,4324053,7.954132e-06,1,AT1G12700,AT1G12700,AT1G12700,0.0
1,Chr1_4324059.0,4324059,7.954132e-06,1,AT1G12700,AT1G12700,AT1G12700,0.0
1,Chr1_4324092.0,4324092,7.954132e-06,1,AT1G12700,AT1G12700,AT1G12700,0.0
1,Chr1_4324119.0,4324119,7.954132e-06,1,AT1G12700,AT1G12700,AT1G12700,0.0
1,Chr1_4324130.0,4324130,7.954132e-06,1,AT1G12700,AT1G12700,AT1G12700,0.0
1,Chr1_4324227.0,4324227,7.954132e-06,1,AT1G12700,AT1G12700,AT1G12700,0.0
1,Chr1_4324419.0,4324419,7.954132e-06,1,AT1G12700,AT1G12700,AT1G12700,0.0
1,Chr1_4324962.0,4324962,7.954132e-06,1,AT1G12700,AT1G12700,AT1G12700,0.0
1,Chr1_4324968.0,4324968,7.954132e-06,1,AT1G12700,AT1G12700,AT1G12700,0.0
1,Chr1_4325134.0,4325134,7.954132e-06,1,AT1G12700,AT1G12700,AT1G12700,0.0
1,Chr1_4325192.0,4325192,7.954132e-06,1,AT1G12700,AT1G12700,AT1G12700,0.0
1,Chr1_4325280.0,4325280,7.954132e-06,1,AT1G12700,AT1G12700,AT1G12700,0.0
1,Chr1_4325664.0,4325664,7.954132e-06,1,AT1G12700,AT1G12700,AT1G12700,0.0
1,Chr1_4325672.0,4325672,7.954132e-06,1,AT1G12700,AT1G12700,AT1G12700,0.0
1,Chr1_4325673.0,4325673,7.954132e-06,1,AT1G12700,AT1G12700,AT1G12700,0.0
1,Chr1_4325718.0,4325718,7.954132e-06,1,AT1G12700,AT1G12700,AT1G12700,0.0
1,Chr1_4325800.0,4325800,7.954132e-06,1,AT1G12700,AT1G12700,AT1G12700,0.0
1,Chr1_4325827.0,4325827,7.954132e-06,1,AT1G12700,AT1G12700,AT1G12700,0.0
1,Chr1_4325852.0,4325852,7.954132e-06,1,AT1G12700,AT1G12700,AT1G12700,0.0
1,Chr1_4325862.0,4325862,7.954132e-06,1,AT1G12700,AT1G12700,AT1G12700,0.0
1,Chr1_4325882.0,4325882,7.954132e-06,1,AT1G12700,AT1G12700,AT1G12700,0.0
1,Chr1_4325888.0,4325888,7.954132e-06,1,AT1G12700,AT1G12700,AT1G12700,0.0
1,Chr1_4325964.0,4325964,7.954132e-06,1,AT1G12700,AT1G12700,AT1G12700,0.0
1,Chr1_4325986.0,4325986,7.954132e-06,1,AT1G12700,AT1G12700,AT1G12700,0.0
1,Chr1_4326049.0,4326049,7.954132e-06,1,AT1G12700,AT1G12700,AT1G12700,0.0
1,Chr1_4326107.0,4326107,7.954132e-06,1,AT1G12700,AT1G12700,AT1G12700,0.0
1,Chr1_4326936.0,4326936,7.954132e-06,1,AT1G12710,AT1G12710,AT1G12710,0.0
1,Chr1_4327014.0,4327014,7.954132e-06,1,AT1G12710,AT1G12710,AT1G12710,0.0
1,Chr1_4345036.0,4345036,7.998434e-06,1,AT1G12750,AT1G12750,AT1G12750,0.0
1,Chr1_4345059.0,4345059,7.998434e-06,1,AT1G12750,AT1G12750,AT1G12750,0.0
1,Chr1_4317265.0,4317265,8.048668e-06,0,,,,
2,Chr2_5817183.0,5817183,8.054353e-06,0,,,,
5,Chr5_23167906.0,23167906,8.072108e-06,1,AT5G57180,AT5G57180,AT5G57180,0.0
3,Chr3_15227369.0,15227369,8.131822e-06,0,,,,
2,Chr2_72124.0,72124,8.194267e-06,0,,,,
5,Chr5_11176093.0,11176093,8.198353e-06,0,,,,
1,Chr1_2348149.0,2348149,8.257656e-06,0,,,,
1,Chr1_2348833.0,2348833,8.257656e-06,0,,,,
4,Chr4_5625636.0,5625636,8.336403e-06,0,,,,
3,Chr3_11587784.0,11587784,8.339874e-06,0,,,,
5,Chr5_8312124.0,8312124,8.419499e-06,0,,,,
3,Chr3_3139243.0,3139243,8.43294e-06,0,,,,
3,Chr3_3139249.0,3139249,8.43294e-06,0,,,,
3,Chr3_3139251.0,3139251,8.43294e-06,0,,,,
2,Chr2_68538.0,68538,8.448516e-06,1,AT2G01050,AT2G01050,AT2G01050,0.0
4,Chr4_1676558.0,1676558,8.449268e-06,0,,,,
2,Chr2_88225.0,88225,8.542889e-06,0,,,,
3,Chr3_15996871.0,15996871,8.558482e-06,0,,,,
3,Chr3_15996967.0,15996967,8.558482e-06,0,,,,
3,Chr3_15997589.0,15997589,8.558482e-06,0,,,,
3,Chr3_15997697.0,15997697,8.558482e-06,0,,,,
3,Chr3_15998455.0,15998455,8.558482e-06,0,,,,
2,Chr2_13986828.0,13986828,8.568045e-06,0,,,,
2,Chr2_1107988.0,1107988,8.582672e-06,0,,,,
2,Chr2_6920773.0,6920773,8.694957e-06,1,AT2G15890,AT2G15890,AT2G15890,0.0
3,Chr3_3136648.0,3136648,8.701258e-06,1,AT3G10140,AT3G10140,AT3G10140,0.0
3,Chr3_3137912.0,3137912,8.701258e-06,1,AT3G10150,AT3G10150,AT3G10150,0.0
3,Chr3_3138290.0,3138290,8.701258e-06,1,AT3G10150,AT3G10150,AT3G10150,0.0
3,Chr3_3141083.0,3141083,8.701258e-06,1,AT3G10160,AT3G10160,AT3G10160,0.0
4,Chr4_11366770.0,11366770,8.720827e-06,0,,,,
1,Chr1_29924367.0,29924367,8.781017e-06,1,AT1G79550,AT1G79550,AT1G79550,0.0
1,Chr1_29933908.0,29933908,8.781017e-06,1,AT1G79570,AT1G79570,AT1G79570,0.0
4,Chr4_1283675.0,1283675,8.790197e-06,0,,,,
4,Chr4_1287159.0,1287159,8.790197e-06,1,AT4G02900,AT4G02900,AT4G02900,0.0
4,Chr4_1288849.0,1288849,8.790197e-06,1,AT4G02910,AT4G02910,AT4G02910,0.0
4,Chr4_1289993.0,1289993,8.790197e-06,0,,,,
4,Chr4_1290465.0,1290465,8.790197e-06,0,,,,
2,Chr2_13973029.0,13973029,8.898093e-06,1,AT2G32940,AT2G32940,AT2G32940,0.0
2,Chr2_13973213.0,13973213,8.898093e-06,1,AT2G32940,AT2G32940,AT2G32940,0.0
2,Chr2_13982870.0,13982870,8.898093e-06,1,AT2G32950,AT2G32950,AT2G32950,0.0
5,Chr5_26369569.0,26369569,8.935516e-06,1,AT5G65925,AT5G65925,AT5G65925,0.0
3,Chr3_15777626.0,15777626,8.979194e-06,1,AT3G43970,AT3G43970,AT3G43970,0.0
3,Chr3_15780818.0,15780818,8.979194e-06,0,,,,
3,Chr3_12693364.0,12693364,8.98223e-06,0,,,,
5,Chr5_12576102.0,12576102,9.046098e-06,0,,,,
5,Chr5_12576168.0,12576168,9.046098e-06,0,,,,
1,Chr1_2356259.0,2356259,9.088287e-06,0,,,,
1,Chr1_2356260.0,2356260,9.088287e-06,0,,,,
3,Chr3_15978274.0,15978274,9.099335e-06,0,,,,
3,Chr3_15854535.0,15854535,9.10696e-06,0,,,,
1,Chr1_4343857.0,4343857,9.168945e-06,1,AT1G12740,AT1G12740,AT1G12740,0.0
3,Chr3_15189522.0,15189522,9.185761e-06,0,,,,
4,Chr4_18394251.0,18394251,9.187739e-06,1,AT4G39610,AT4G39610,AT4G39610,0.0
4,Chr4_18394386.0,18394386,9.187739e-06,1,AT4G39610,AT4G39610,AT4G39610,0.0
4,Chr4_18396376.0,18396376,9.187739e-06,1,AT4G39620,AT4G39620,AT4G39620,0.0
1,Chr1_4303973.0,4303973,9.22798e-06,1,AT1G12640,AT1G12640,AT1G12640,0.0
3,Chr3_15829097.0,15829097,9.244702e-06,0,,,,
3,Chr3_15793962.0,15793962,9.325373e-06,0,,,,
5,Chr5_17908823.0,17908823,9.339256e-06,0,,,,
5,Chr5_17908833.0,17908833,9.339256e-06,0,,,,
5,Chr5_17908838.0,17908838,9.339256e-06,0,,,,
5,Chr5_17908845.0,17908845,9.339256e-06,0,,,,
5,Chr5_17908854.0,17908854,9.339256e-06,0,,,,
5,Chr5_17908887.0,17908887,9.339256e-06,0,,,,
5,Chr5_17908888.0,17908888,9.339256e-06,0,,,,
5,Chr5_17908890.0,17908890,9.339256e-06,0,,,,
1,Chr1_1880011.0,1880011,9.350709e-06,0,,,,
3,Chr3_15693789.0,15693789,9.476556e-06,0,,,,
4,Chr4_2470899.0,2470899,9.478384e-06,0,,,,
5,Chr5_356878.0,356878,9.478815e-06,0,,,,
1,Chr1_22385384.0,22385384,9.480775e-06,1,AT1G60800,AT1G60800,AT1G60800,0.0
1,Chr1_22385611.0,22385611,9.480775e-06,1,AT1G60800,AT1G60800,AT1G60800,0.0
3,Chr3_3148363.0,3148363,9.501777e-06,1,AT3G10180,AT3G10180,AT3G10180,0.0
3,Chr3_3148441.0,3148441,9.501777e-06,1,AT3G10180,AT3G10180,AT3G10180,0.0
3,Chr3_3151742.0,3151742,9.501777e-06,1,AT3G10180,AT3G10180,AT3G10180,0.0
3,Chr3_3152032.0,3152032,9.501777e-06,1,AT3G10180,AT3G10180,AT3G10180,0.0
1,Chr1_4246569.0,4246569,9.54412e-06,0,,,,
1,Chr1_4253793.0,4253793,9.54412e-06,1,AT1G12470,AT1G12470,AT1G12470,0.0
1,Chr1_4259073.0,4259073,9.54412e-06,1,AT1G12480,AT1G12480,AT1G12480,0.0
1,Chr1_4259227.0,4259227,9.54412e-06,1,AT1G12480,AT1G12480,AT1G12480,0.0
1,Chr1_4262808.0,4262808,9.54412e-06,0,,,,
5,Chr5_10479798.0,10479798,9.548967e-06,0,,,,
1,Chr1_4228664.0,4228664,9.564265e-06,1,AT1G12420,AT1G12420,AT1G12420,0.0
1,Chr1_28930386.0,28930386,9.615542e-06,0,,,,
1,Chr1_557704.0,557704,9.642929e-06,1,AT1G02620,AT1G02620,AT1G02620,0.0
1,Chr1_558216.0,558216,9.642929e-06,0,,,,
3,Chr3_4635357.0,4635357,9.646018e-06,0,,,,
2,Chr2_2379249.0,2379249,9.668128e-06,0,,,,
2,Chr2_2379471.0,2379471,9.668128e-06,0,,,,
3,Chr3_4634914.0,4634914,9.704772e-06,0,,,,
3,Chr3_15863716.0,15863716,9.81428e-06,0,,,,
3,Chr3_15852240.0,15852240,9.830979e-06,0,,,,
4,Chr4_2816500.0,2816500,9.87289e-06,1,AT4G05530,AT4G05530,AT4G05530,0.0
3,Chr3_3129249.0,3129249,9.963837e-06,0,,,,
3,Chr3_3129268.0,3129268,9.963837e-06,0,,,,
3,Chr3_3129311.0,3129311,9.963837e-06,0,,,,
3,Chr3_3129592.0,3129592,9.963837e-06,0,,,,
3,Chr3_3129622.0,3129622,9.963837e-06,0,,,,
3,Chr3_3129661.0,3129661,9.963837e-06,0,,,,
3,Chr3_3129803.0,3129803,9.963837e-06,0,,,,
3,Chr3_3129805.0,3129805,9.963837e-06,0,,,,
3,Chr3_3129806.0,3129806,9.963837e-06,0,,,,
3,Chr3_3129821.0,3129821,9.963837e-06,0,,,,
3,Chr3_3129923.0,3129923,9.963837e-06,0,,,,
3,Chr3_3129982.0,3129982,9.963837e-06,0,,,,
3,Chr3_3130011.0,3130011,9.963837e-06,0,,,,
3,Chr3_3130125.0,3130125,9.963837e-06,1,AT3G10120,AT3G10120,AT3G10120,0.0
2,Chr2_5585851.0,5585851,9.998037e-06,0,,,,
2,Chr2_19555837.0,19555837,1.006566e-05,1,AT2G47710,AT2G47710,AT2G47710,0.0
2,Chr2_5784852.0,5784852,1.011143e-05,0,,,,
2,Chr2_5584310.0,5584310,1.015007e-05,0,,,,
3,Chr3_15863824.0,15863824,1.015402e-05,0,,,,
3,Chr3_15906201.0,15906201,1.028212e-05,0,,,,
2,Chr2_5582206.0,5582206,1.036964e-05,0,,,,
4,Chr4_5456700.0,5456700,1.042174e-05,0,,,,
3,Chr3_15994063.0,15994063,1.061067e-05,1,AT3G44320,AT3G44320,AT3G44320,0.0
2,Chr2_5593090.0,5593090,1.063001e-05,1,AT2G13440,AT2G13440,AT2G13440,0.0
3,Chr3_15696389.0,15696389,1.063628e-05,0,,,,
1,Chr1_4344638.0,4344638,1.065549e-05,1,AT1G12740,AT1G12740,AT1G12740,0.0
1,Chr1_4344785.0,4344785,1.065549e-05,1,AT1G12740,AT1G12740,AT1G12740,0.0
1,Chr1_4344801.0,4344801,1.065549e-05,1,AT1G12740,AT1G12740,AT1G12740,0.0
3,Chr3_15952405.0,15952405,1.065833e-05,1,AT3G44260,AT3G44260,AT3G44260,0.0
3,Chr3_15819033.0,15819033,1.066411e-05,1,AT3G44050,AT3G44050,AT3G44050,0.0
3,Chr3_13975784.0,13975784,1.067511e-05,0,,,,
1,Chr1_4323237.0,4323237,1.067806e-05,0,,,,
1,Chr1_4323520.0,4323520,1.067806e-05,0,,,,
1,Chr1_4323660.0,4323660,1.067806e-05,1,AT1G12700,AT1G12700,AT1G12700,0.0
1,Chr1_4324211.0,4324211,1.067806e-05,1,AT1G12700,AT1G12700,AT1G12700,0.0
1,Chr1_4324967.0,4324967,1.067806e-05,1,AT1G12700,AT1G12700,AT1G12700,0.0
1,Chr1_4325139.0,4325139,1.067806e-05,1,AT1G12700,AT1G12700,AT1G12700,0.0
1,Chr1_4325238.0,4325238,1.067806e-05,1,AT1G12700,AT1G12700,AT1G12700,0.0
1,Chr1_4325274.0,4325274,1.067806e-05,1,AT1G12700,AT1G12700,AT1G12700,0.0
1,Chr1_4325451.0,4325451,1.067806e-05,1,AT1G12700,AT1G12700,AT1G12700,0.0
1,Chr1_4325469.0,4325469,1.067806e-05,1,AT1G12700,AT1G12700,AT1G12700,0.0
1,Chr1_4325835.0,4325835,1.067806e-05,1,AT1G12700,AT1G12700,AT1G12700,0.0
3,Chr3_15830279.0,15830279,1.070142e-05,0,,,,
2,Chr2_68142.0,68142,1.072834e-05,0,,,,
3,Chr3_3141549.0,3141549,1.080605e-05,1,AT3G10160,AT3G10160,AT3G10160,0.0
2,Chr2_5393195.0,5393195,1.086271e-05,0,,,,
2,Chr2_17627411.0,17627411,1.089232e-05,1,AT2G42320,AT2G42320,AT2G42320,0.0
4,Chr4_6215460.0,6215460,1.091709e-05,0,,,,
1,Chr1_4344422.0,4344422,1.101905e-05,1,AT1G12740,AT1G12740,AT1G12740,0.0
1,Chr1_4344427.0,4344427,1.101905e-05,1,AT1G12740,AT1G12740,AT1G12740,0.0
1,Chr1_4344452.0,4344452,1.101905e-05,1,AT1G12740,AT1G12740,AT1G12740,0.0
5,Chr5_12762931.0,12762931,1.107733e-05,0,,,,
5,Chr5_205390.0,205390,1.109639e-05,0,,,,
1,Chr1_4345192.0,4345192,1.110199e-05,1,AT1G12750,AT1G12750,AT1G12750,0.0
2,Chr2_5278477.0,5278477,1.118739e-05,0,,,,
2,Chr2_5285114.0,5285114,1.118739e-05,0,,,,
2,Chr2_5286440.0,5286440,1.118739e-05,0,,,,
2,Chr2_5306405.0,5306405,1.118739e-05,0,,,,
2,Chr2_5312908.0,5312908,1.118739e-05,0,,,,
2,Chr2_5313654.0,5313654,1.118739e-05,0,,,,
2,Chr2_5317412.0,5317412,1.118739e-05,0,,,,
2,Chr2_5318155.0,5318155,1.118739e-05,1,AT2G12940,AT2G12940,AT2G12940,0.0
2,Chr2_5321075.0,5321075,1.118739e-05,0,,,,
2,Chr2_5336573.0,5336573,1.118739e-05,0,,,,
2,Chr2_5338285.0,5338285,1.118739e-05,0,,,,
2,Chr2_5370495.0,5370495,1.118739e-05,0,,,,
1,Chr1_4322416.0,4322416,1.12176e-05,1,AT1G12680,AT1G12680,AT1G12680,0.0
3,Chr3_15943049.0,15943049,1.121822e-05,0,,,,
3,Chr3_15943337.0,15943337,1.121822e-05,0,,,,
1,Chr1_4292965.0,4292965,1.12383e-05,0,,,,
1,Chr1_1629736.0,1629736,1.124878e-05,1,AT1G05510,AT1G05510,AT1G05510,0.0
3,Chr3_15852687.0,15852687,1.127638e-05,0,,,,
1,Chr1_4344557.0,4344557,1.135642e-05,1,AT1G12740,AT1G12740,AT1G12740,0.0
1,Chr1_4344589.0,4344589,1.135642e-05,1,AT1G12740,AT1G12740,AT1G12740,0.0
1,Chr1_4344870.0,4344870,1.135642e-05,0,,,,
1,Chr1_4344879.0,4344879,1.135642e-05,0,,,,
1,Chr1_4344931.0,4344931,1.135642e-05,0,,,,
3,Chr3_15938949.0,15938949,1.138209e-05,0,,,,
3,Chr3_15940322.0,15940322,1.138209e-05,1,AT3G44240,AT3G44240,AT3G44240,0.0
3,Chr3_15942560.0,15942560,1.138209e-05,0,,,,
3,Chr3_15946669.0,15946669,1.138209e-05,0,,,,
3,Chr3_15963833.0,15963833,1.138209e-05,0,,,,
3,Chr3_15965847.0,15965847,1.138209e-05,0,,,,
3,Chr3_15966305.0,15966305,1.138209e-05,0,,,,
3,Chr3_15967176.0,15967176,1.138209e-05,0,,,,
3,Chr3_15969566.0,15969566,1.138209e-05,1,AT3G44280,AT3G44280,AT3G44280,0.0
2,Chr2_18304062.0,18304062,1.139438e-05,1,AT2G44280,AT2G44280,AT2G44280,0.0
3,Chr3_16655596.0,16655596,1.139628e-05,1,AT3G45410,AT3G45410,AT3G45410,0.0
3,Chr3_16655918.0,16655918,1.139628e-05,1,AT3G45410,AT3G45410,AT3G45410,0.0
1,Chr1_4328202.0,4328202,1.141218e-05,1,AT1G12710,AT1G12710,AT1G12710,0.0
3,Chr3_15797971.0,15797971,1.143638e-05,0,,,,
3,Chr3_3142295.0,3142295,1.146471e-05,1,AT3G10160,AT3G10160,AT3G10160,0.0
1,Chr1_4344148.0,4344148,1.150857e-05,1,AT1G12740,AT1G12740,AT1G12740,0.0
2,Chr2_5713526.0,5713526,1.153301e-05,0,,,,
2,Chr2_5714077.0,5714077,1.153301e-05,0,,,,
2,Chr2_5714112.0,5714112,1.153301e-05,0,,,,
2,Chr2_5714113.0,5714113,1.153301e-05,0,,,,
2,Chr2_5717387.0,5717387,1.153301e-05,0,,,,
2,Chr2_5718493.0,5718493,1.153301e-05,0,,,,
2,Chr2_5721465.0,5721465,1.153301e-05,0,,,,
2,Chr2_5723472.0,5723472,1.153301e-05,0,,,,
2,Chr2_5724086.0,5724086,1.153301e-05,1,AT2G13720,AT2G13720,AT2G13720,0.0
2,Chr2_5770601.0,5770601,1.153301e-05,1,AT2G13810,AT2G13810,AT2G13810,0.0
2,Chr2_5773951.0,5773951,1.153301e-05,0,,,,
2,Chr2_5774603.0,5774603,1.153301e-05,1,AT2G13820,AT2G13820,AT2G13820,0.0
2,Chr2_5774680.0,5774680,1.153301e-05,1,AT2G13820,AT2G13820,AT2G13820,0.0
2,Chr2_5776781.0,5776781,1.153301e-05,0,,,,
2,Chr2_5791133.0,5791133,1.153301e-05,0,,,,
2,Chr2_5791670.0,5791670,1.153301e-05,0,,,,
2,Chr2_5795346.0,5795346,1.153301e-05,0,,,,
2,Chr2_5797497.0,5797497,1.153301e-05,0,,,,
2,Chr2_5817778.0,5817778,1.153301e-05,0,,,,
3,Chr3_3001669.0,3001669,1.156997e-05,1,AT3G09780,AT3G09780,AT3G09780,0.0
4,Chr4_1274931.0,1274931,1.164312e-05,1,AT4G02880,AT4G02880,AT4G02880,0.0
3,Chr3_15681057.0,15681057,1.166418e-05,0,,,,
3,Chr3_15681560.0,15681560,1.166418e-05,0,,,,
3,Chr3_15685877.0,15685877,1.166418e-05,0,,,,
3,Chr3_15689228.0,15689228,1.166418e-05,0,,,,
3,Chr3_15692009.0,15692009,1.166418e-05,0,,,,
3,Chr3_15695641.0,15695641,1.166418e-05,0,,,,
3,Chr3_15695800.0,15695800,1.166418e-05,0,,,,
3,Chr3_15701627.0,15701627,1.166418e-05,0,,,,
3,Chr3_15705368.0,15705368,1.166418e-05,0,,,,
3,Chr3_15707136.0,15707136,1.166418e-05,1,AT3G43860,AT3G43860,AT3G43860,0.0
3,Chr3_4636360.0,4636360,1.172172e-05,1,AT3G14010,AT3G14010,AT3G14010,0.0
3,Chr3_4641080.0,4641080,1.172172e-05,0,,,,
1,Chr1_4344126.0,4344126,1.174451e-05,1,AT1G12740,AT1G12740,AT1G12740,0.0
1,Chr1_467489.0,467489,1.179163e-05,1,AT1G02340,AT1G02340,AT1G02340,0.0
5,Chr5_25941229.0,25941229,1.184505e-05,1,AT5G64910,AT5G64910,AT5G64910,0.0
5,Chr5_25941235.0,25941235,1.184505e-05,1,AT5G64910,AT5G64910,AT5G64910,0.0
5,Chr5_25941925.0,25941925,1.184505e-05,1,AT5G64910,AT5G64910,AT5G64910,0.0
5,Chr5_25943631.0,25943631,1.184505e-05,1,AT5G64910,AT5G64910,AT5G64910,0.0
3,Chr3_15755302.0,15755302,1.184997e-05,1,AT3G43920,AT3G43920,AT3G43920,0.0
3,Chr3_15755402.0,15755402,1.184997e-05,1,AT3G43920,AT3G43920,AT3G43920,0.0
3,Chr3_15755404.0,15755404,1.184997e-05,1,AT3G43920,AT3G43920,AT3G43920,0.0
3,Chr3_15755410.0,15755410,1.184997e-05,1,AT3G43920,AT3G43920,AT3G43920,0.0
3,Chr3_15755420.0,15755420,1.184997e-05,1,AT3G43920,AT3G43920,AT3G43920,0.0
3,Chr3_15755423.0,15755423,1.184997e-05,1,AT3G43920,AT3G43920,AT3G43920,0.0
3,Chr3_15755429.0,15755429,1.184997e-05,1,AT3G43920,AT3G43920,AT3G43920,0.0
3,Chr3_15755455.0,15755455,1.184997e-05,1,AT3G43920,AT3G43920,AT3G43920,0.0
3,Chr3_15755466.0,15755466,1.184997e-05,1,AT3G43920,AT3G43920,AT3G43920,0.0
3,Chr3_15755546.0,15755546,1.184997e-05,1,AT3G43920,AT3G43920,AT3G43920,0.0
3,Chr3_12883830.0,12883830,1.189537e-05,0,,,,
2,Chr2_5277981.0,5277981,1.191705e-05,0,,,,
3,Chr3_15978136.0,15978136,1.191795e-05,0,,,,
3,Chr3_15978689.0,15978689,1.191795e-05,0,,,,
3,Chr3_15962053.0,15962053,1.197991e-05,0,,,,
3,Chr3_3129662.0,3129662,1.204701e-05,0,,,,
4,Chr4_18488383.0,18488383,1.204913e-05,0,,,,
1,Chr1_4343791.0,4343791,1.214305e-05,1,AT1G12740,AT1G12740,AT1G12740,0.0
1,Chr1_4343805.0,4343805,1.214305e-05,1,AT1G12740,AT1G12740,AT1G12740,0.0
1,Chr1_4343823.0,4343823,1.214305e-05,1,AT1G12740,AT1G12740,AT1G12740,0.0
1,Chr1_4343828.0,4343828,1.214305e-05,1,AT1G12740,AT1G12740,AT1G12740,0.0
1,Chr1_4343829.0,4343829,1.214305e-05,1,AT1G12740,AT1G12740,AT1G12740,0.0
1,Chr1_4343832.0,4343832,1.214305e-05,1,AT1G12740,AT1G12740,AT1G12740,0.0
1,Chr1_4343833.0,4343833,1.214305e-05,1,AT1G12740,AT1G12740,AT1G12740,0.0
1,Chr1_4343835.0,4343835,1.214305e-05,1,AT1G12740,AT1G12740,AT1G12740,0.0
1,Chr1_4343837.0,4343837,1.214305e-05,1,AT1G12740,AT1G12740,AT1G12740,0.0
1,Chr1_4343872.0,4343872,1.214305e-05,1,AT1G12740,AT1G12740,AT1G12740,0.0
1,Chr1_4343882.0,4343882,1.214305e-05,1,AT1G12740,AT1G12740,AT1G12740,0.0
1,Chr1_4343887.0,4343887,1.214305e-05,1,AT1G12740,AT1G12740,AT1G12740,0.0
1,Chr1_4343899.0,4343899,1.214305e-05,1,AT1G12740,AT1G12740,AT1G12740,0.0
1,Chr1_4343905.0,4343905,1.214305e-05,1,AT1G12740,AT1G12740,AT1G12740,0.0
1,Chr1_4343959.0,4343959,1.214305e-05,1,AT1G12740,AT1G12740,AT1G12740,0.0
1,Chr1_4343978.0,4343978,1.214305e-05,1,AT1G12740,AT1G12740,AT1G12740,0.0
3,Chr3_15777075.0,15777075,1.237158e-05,0,,,,
3,Chr3_15777319.0,15777319,1.237158e-05,0,,,,
3,Chr3_15777443.0,15777443,1.237158e-05,1,AT3G43970,AT3G43970,AT3G43970,0.0
3,Chr3_15778200.0,15778200,1.237158e-05,0,,,,
3,Chr3_15783503.0,15783503,1.237158e-05,1,AT3G43990,AT3G43990,AT3G43990,0.0
2,Chr2_11164020.0,11164020,1.242176e-05,0,,,,
4,Chr4_1291985.0,1291985,1.242751e-05,0,,,,
2,Chr2_5720477.0,5720477,1.259338e-05,0,,,,
3,Chr3_19753333.0,19753333,1.259345e-05,0,,,,
1,Chr1_1185200.0,1185200,1.265347e-05,0,,,,
2,Chr2_5392745.0,5392745,1.294794e-05,0,,,,
2,Chr2_5394359.0,5394359,1.294794e-05,0,,,,
2,Chr2_5394571.0,5394571,1.294794e-05,0,,,,
2,Chr2_5394661.0,5394661,1.294794e-05,0,,,,
1,Chr1_3304751.0,3304751,1.296324e-05,1,AT1G10120,AT1G10120,AT1G10120,0.0
5,Chr5_17332252.0,17332252,1.313357e-05,0,,,,
5,Chr5_17334254.0,17334254,1.313357e-05,1,AT5G43175,AT5G43175,AT5G43175,0.0
5,Chr5_17334284.0,17334284,1.313357e-05,1,AT5G43175,AT5G43175,AT5G43175,0.0
2,Chr2_12615025.0,12615025,1.330459e-05,1,AT2G29400,AT2G29400,AT2G29400,0.0
3,Chr3_3145595.0,3145595,1.341006e-05,1,AT3G10185,AT3G10185,AT3G10185,0.0
3,Chr3_3145598.0,3145598,1.341006e-05,1,AT3G10185,AT3G10185,AT3G10185,0.0
4,Chr4_6251703.0,6251703,1.341771e-05,1,AT4G09980,AT4G09980,AT4G09980,0.0
3,Chr3_15802082.0,15802082,1.342492e-05,1,AT3G44020,AT3G44020,AT3G44020,0.0
2,Chr2_5821934.0,5821934,1.349192e-05,0,,,,
4,Chr4_11037589.0,11037589,1.356445e-05,0,,,,
4,Chr4_11037768.0,11037768,1.356445e-05,0,,,,
4,Chr4_11037789.0,11037789,1.356445e-05,0,,,,
2,Chr2_11163081.0,11163081,1.358603e-05,0,,,,
3,Chr3_15218932.0,15218932,1.37024e-05,0,,,,
2,Chr2_72785.0,72785,1.374077e-05,0,,,,
5,Chr5_2271037.0,2271037,1.376475e-05,1,AT5G07230,AT5G07230,AT5G07230,0.0
2,Chr2_5766315.0,5766315,1.376923e-05,0,,,,
1,Chr1_16009182.0,16009182,1.378463e-05,0,,,,
1,Chr1_4219571.0,4219571,1.380646e-05,0,,,,
3,Chr3_15967904.0,15967904,1.387864e-05,0,,,,
3,Chr3_15955372.0,15955372,1.391125e-05,0,,,,
2,Chr2_13879710.0,13879710,1.393982e-05,0,,,,
2,Chr2_13880963.0,13880963,1.393982e-05,1,AT2G32730,AT2G32730,AT2G32730,0.0
2,Chr2_13885812.0,13885812,1.393982e-05,0,,,,
3,Chr3_16836852.0,16836852,1.396277e-05,1,AT3G45810,AT3G45810,AT3G45810,0.0
3,Chr3_15790005.0,15790005,1.396965e-05,0,,,,
3,Chr3_18645596.0,18645596,1.404837e-05,0,,,,
3,Chr3_15420771.0,15420771,1.420965e-05,0,,,,
3,Chr3_15684823.0,15684823,1.421894e-05,0,,,,
1,Chr1_4294598.0,4294598,1.423449e-05,1,AT1G12620,AT1G12620,AT1G12620,0.0
3,Chr3_15948342.0,15948342,1.431169e-05,0,,,,
3,Chr3_4561399.0,4561399,1.431943e-05,1,AT3G13855,AT3G13855,AT3G13855,0.0
5,Chr5_12746410.0,12746410,1.446346e-05,0,,,,
3,Chr3_15899935.0,15899935,1.4472e-05,0,,,,
3,Chr3_3148251.0,3148251,1.449152e-05,1,AT3G10180,AT3G10180,AT3G10180,0.0
3,Chr3_3148547.0,3148547,1.449152e-05,1,AT3G10180,AT3G10180,AT3G10180,0.0
3,Chr3_3148709.0,3148709,1.449152e-05,1,AT3G10180,AT3G10180,AT3G10180,0.0
3,Chr3_3149762.0,3149762,1.449152e-05,1,AT3G10180,AT3G10180,AT3G10180,0.0
3,Chr3_3149774.0,3149774,1.449152e-05,1,AT3G10180,AT3G10180,AT3G10180,0.0
2,Chr2_5287018.0,5287018,1.449522e-05,0,,,,
2,Chr2_5786699.0,5786699,1.449589e-05,0,,,,
3,Chr3_15904164.0,15904164,1.451848e-05,0,,,,
1,Chr1_10141736.0,10141736,1.456509e-05,0,,,,
1,Chr1_10141737.0,10141737,1.456509e-05,0,,,,
1,Chr1_4287923.0,4287923,1.460316e-05,1,AT1G12600,AT1G12600,AT1G12600,0.0
1,Chr1_4287932.0,4287932,1.460316e-05,1,AT1G12600,AT1G12600,AT1G12600,0.0
1,Chr1_4287936.0,4287936,1.460316e-05,1,AT1G12600,AT1G12600,AT1G12600,0.0
1,Chr1_4287947.0,4287947,1.460316e-05,1,AT1G12600,AT1G12600,AT1G12600,0.0
1,Chr1_4288554.0,4288554,1.460316e-05,1,AT1G12600,AT1G12600,AT1G12600,0.0
2,Chr2_451230.0,451230,1.462275e-05,1,AT2G01960,AT2G01960,AT2G01960,0.0
2,Chr2_11163296.0,11163296,1.462795e-05,0,,,,
3,Chr3_13975770.0,13975770,1.481626e-05,0,,,,
2,Chr2_5781013.0,5781013,1.490426e-05,0,,,,
2,Chr2_5781506.0,5781506,1.490426e-05,0,,,,
2,Chr2_5783007.0,5783007,1.490426e-05,0,,,,
2,Chr2_5784620.0,5784620,1.490426e-05,0,,,,
5,Chr5_178812.0,178812,1.495019e-05,0,,,,
5,Chr5_179544.0,179544,1.495019e-05,0,,,,
4,Chr4_8041073.0,8041073,1.500422e-05,0,,,,
1,Chr1_22386674.0,22386674,1.511775e-05,1,AT1G60800,AT1G60800,AT1G60800,0.0
1,Chr1_4234340.0,4234340,1.512722e-05,1,AT1G12430,AT1G12430,AT1G12430,0.0
1,Chr1_4229920.0,4229920,1.51968e-05,0,,,,
1,Chr1_1167305.0,1167305,1.535312e-05,0,,,,
1,Chr1_1167844.0,1167844,1.535312e-05,1,AT1G04360,AT1G04360,AT1G04360,0.0
5,Chr5_11916762.0,11916762,1.538153e-05,0,,,,
2,Chr2_13947420.0,13947420,1.542865e-05,0,,,,
2,Chr2_13948051.0,13948051,1.542865e-05,0,,,,
2,Chr2_19148013.0,19148013,1.543191e-05,0,,,,
2,Chr2_5329707.0,5329707,1.547158e-05,0,,,,
2,Chr2_13440086.0,13440086,1.550281e-05,0,,,,
5,Chr5_17339976.0,17339976,1.552787e-05,0,,,,
5,Chr5_17339977.0,17339977,1.552787e-05,0,,,,
2,Chr2_5779154.0,5779154,1.553076e-05,0,,,,
3,Chr3_15768128.0,15768128,1.556493e-05,0,,,,
1,Chr1_4343655.0,4343655,1.558332e-05,1,AT1G12740,AT1G12740,AT1G12740,0.0
1,Chr1_22382544.0,22382544,1.561052e-05,0,,,,
3,Chr3_15947457.0,15947457,1.568479e-05,0,,,,
3,Chr3_15957747.0,15957747,1.570012e-05,0,,,,
1,Chr1_4344848.0,4344848,1.583741e-05,1,AT1G12740,AT1G12740,AT1G12740,0.0
3,Chr3_3148173.0,3148173,1.598886e-05,1,AT3G10180,AT3G10180,AT3G10180,0.0
1,Chr1_4244272.0,4244272,1.600155e-05,0,,,,
3,Chr3_15886378.0,15886378,1.604373e-05,0,,,,
3,Chr3_15293391.0,15293391,1.605011e-05,0,,,,
5,Chr5_546517.0,546517,1.607511e-05,0,,,,
5,Chr5_546530.0,546530,1.607511e-05,0,,,,
5,Chr5_546531.0,546531,1.607511e-05,0,,,,
5,Chr5_546562.0,546562,1.607511e-05,0,,,,
5,Chr5_546609.0,546609,1.607511e-05,0,,,,
3,Chr3_15249867.0,15249867,1.608284e-05,0,,,,
5,Chr5_15975121.0,15975121,1.614996e-05,1,AT5G39890,AT5G39890,AT5G39890,0.0
3,Chr3_12037883.0,12037883,1.624727e-05,0,,,,
3,Chr3_7475810.0,7475810,1.628037e-05,0,,,,
3,Chr3_9072360.0,9072360,1.630789e-05,0,,,,
3,Chr3_9072416.0,9072416,1.630789e-05,0,,,,
1,Chr1_1694785.0,1694785,1.649295e-05,1,AT1G05660,AT1G05660,AT1G05660,0.0
3,Chr3_15789825.0,15789825,1.649317e-05,0,,,,
3,Chr3_9123723.0,9123723,1.659829e-05,0,,,,
1,Chr1_21889297.0,21889297,1.664185e-05,0,,,,
3,Chr3_15913664.0,15913664,1.667228e-05,0,,,,
4,Chr4_5620301.0,5620301,1.667658e-05,0,,,,
3,Chr3_9667617.0,9667617,1.669821e-05,1,AT3G26400,AT3G26400,AT3G26400,0.0
1,Chr1_1076837.0,1076837,1.670752e-05,1,AT1G04140,AT1G04140,AT1G04140,0.0
4,Chr4_10513279.0,10513279,1.671431e-05,0,,,,
2,Chr2_11164004.0,11164004,1.680379e-05,0,,,,
2,Chr2_13831975.0,13831975,1.681097e-05,1,AT2G32590,AT2G32590,AT2G32590,0.0
2,Chr2_13833906.0,13833906,1.681097e-05,1,AT2G32600,AT2G32600,AT2G32600,0.0
3,Chr3_3130340.0,3130340,1.687897e-05,1,AT3G10120,AT3G10120,AT3G10120,0.0
3,Chr3_3130372.0,3130372,1.687897e-05,1,AT3G10120,AT3G10120,AT3G10120,0.0
3,Chr3_3130577.0,3130577,1.687897e-05,1,AT3G10120,AT3G10120,AT3G10120,0.0
3,Chr3_3130582.0,3130582,1.687897e-05,1,AT3G10120,AT3G10120,AT3G10120,0.0
3,Chr3_3130952.0,3130952,1.687897e-05,0,,,,
3,Chr3_3131006.0,3131006,1.687897e-05,1,AT3G10130,AT3G10130,AT3G10130,0.0
3,Chr3_3131022.0,3131022,1.687897e-05,1,AT3G10130,AT3G10130,AT3G10130,0.0
3,Chr3_15681081.0,15681081,1.688168e-05,0,,,,
3,Chr3_15424684.0,15424684,1.705184e-05,0,,,,
2,Chr2_11162556.0,11162556,1.713619e-05,0,,,,
3,Chr3_13230216.0,13230216,1.722709e-05,0,,,,
1,Chr1_3321890.0,3321890,1.725167e-05,1,AT1G10130,AT1G10130,AT1G10130,0.0
4,Chr4_18407924.0,18407924,1.725799e-05,1,AT4G39660,AT4G39660,AT4G39660,0.0
2,Chr2_5351201.0,5351201,1.727187e-05,0,,,,
3,Chr3_15941479.0,15941479,1.731994e-05,0,,,,
1,Chr1_4287484.0,4287484,1.748702e-05,1,AT1G12600,AT1G12600,AT1G12600,0.0
3,Chr3_15423853.0,15423853,1.748943e-05,0,,,,
3,Chr3_12388332.0,12388332,1.760474e-05,0,,,,
1,Chr1_17821516.0,17821516,1.779916e-05,0,,,,
3,Chr3_17969100.0,17969100,1.780806e-05,0,,,,
3,Chr3_15375962.0,15375962,1.786112e-05,0,,,,
1,Chr1_22375895.0,22375895,1.792369e-05,0,,,,
1,Chr1_22376134.0,22376134,1.792369e-05,0,,,,
1,Chr1_22376162.0,22376162,1.792369e-05,0,,,,
1,Chr1_22376383.0,22376383,1.792369e-05,0,,,,
3,Chr3_15917157.0,15917157,1.794622e-05,1,AT3G44210,AT3G44210,AT3G44210,0.0
3,Chr3_15918261.0,15918261,1.794622e-05,0,,,,
3,Chr3_15692235.0,15692235,1.802906e-05,0,,,,
3,Chr3_15853586.0,15853586,1.806957e-05,0,,,,
3,Chr3_15694594.0,15694594,1.807691e-05,0,,,,
2,Chr2_11143828.0,11143828,1.825306e-05,1,AT2G26180,AT2G26180,AT2G26180,0.0
2,Chr2_17487270.0,17487270,1.829012e-05,0,,,,
3,Chr3_12530647.0,12530647,1.829683e-05,1,AT3G30820,AT3G30820,AT3G30820,0.0
3,Chr3_12531441.0,12531441,1.829683e-05,0,,,,
3,Chr3_15423923.0,15423923,1.831712e-05,0,,,,
3,Chr3_15423985.0,15423985,1.831712e-05,0,,,,
3,Chr3_15424040.0,15424040,1.831712e-05,0,,,,
1,Chr1_24256050.0,24256050,1.832752e-05,0,,,,
1,Chr1_4318930.0,4318930,1.8354e-05,1,AT1G12672,AT1G12672,AT1G12672,0.0
1,Chr1_4319022.0,4319022,1.8354e-05,1,AT1G12672,AT1G12672,AT1G12672,0.0
1,Chr1_4319044.0,4319044,1.8354e-05,1,AT1G12672,AT1G12672,AT1G12672,0.0
1,Chr1_4319052.0,4319052,1.8354e-05,1,AT1G12672,AT1G12672,AT1G12672,0.0
1,Chr1_4319057.0,4319057,1.8354e-05,1,AT1G12672,AT1G12672,AT1G12672,0.0
1,Chr1_4319139.0,4319139,1.8354e-05,0,,,,
1,Chr1_4319210.0,4319210,1.8354e-05,0,,,,
1,Chr1_4319307.0,4319307,1.8354e-05,0,,,,
1,Chr1_4319321.0,4319321,1.8354e-05,0,,,,
1,Chr1_4319480.0,4319480,1.8354e-05,0,,,,
1,Chr1_4320342.0,4320342,1.8354e-05,1,AT1G12680,AT1G12680,AT1G12680,0.0
1,Chr1_4320373.0,4320373,1.8354e-05,1,AT1G12680,AT1G12680,AT1G12680,0.0
1,Chr1_4320750.0,4320750,1.8354e-05,1,AT1G12680,AT1G12680,AT1G12680,0.0
1,Chr1_4321076.0,4321076,1.8354e-05,1,AT1G12680,AT1G12680,AT1G12680,0.0
1,Chr1_4321151.0,4321151,1.8354e-05,1,AT1G12680,AT1G12680,AT1G12680,0.0
1,Chr1_4321158.0,4321158,1.8354e-05,1,AT1G12680,AT1G12680,AT1G12680,0.0
1,Chr1_4321164.0,4321164,1.8354e-05,1,AT1G12680,AT1G12680,AT1G12680,0.0
1,Chr1_4321174.0,4321174,1.8354e-05,1,AT1G12680,AT1G12680,AT1G12680,0.0
1,Chr1_4321184.0,4321184,1.8354e-05,1,AT1G12680,AT1G12680,AT1G12680,0.0
1,Chr1_4321204.0,4321204,1.8354e-05,1,AT1G12680,AT1G12680,AT1G12680,0.0
1,Chr1_4321212.0,4321212,1.8354e-05,1,AT1G12680,AT1G12680,AT1G12680,0.0
1,Chr1_4321331.0,4321331,1.8354e-05,1,AT1G12680,AT1G12680,AT1G12680,0.0
1,Chr1_4321459.0,4321459,1.8354e-05,1,AT1G12680,AT1G12680,AT1G12680,0.0
1,Chr1_4321471.0,4321471,1.8354e-05,1,AT1G12680,AT1G12680,AT1G12680,0.0
1,Chr1_4321535.0,4321535,1.8354e-05,1,AT1G12680,AT1G12680,AT1G12680,0.0
1,Chr1_4321589.0,4321589,1.8354e-05,1,AT1G12680,AT1G12680,AT1G12680,0.0
1,Chr1_4321637.0,4321637,1.8354e-05,1,AT1G12680,AT1G12680,AT1G12680,0.0
1,Chr1_4321646.0,4321646,1.8354e-05,1,AT1G12680,AT1G12680,AT1G12680,0.0
2,Chr2_5364531.0,5364531,1.836249e-05,0,,,,
2,Chr2_5364922.0,5364922,1.836249e-05,0,,,,
2,Chr2_3771189.0,3771189,1.837874e-05,0,,,,
4,Chr4_2735777.0,2735777,1.840777e-05,0,,,,
5,Chr5_21085181.0,21085181,1.843511e-05,0,,,,
5,Chr5_21085405.0,21085405,1.843511e-05,0,,,,
4,Chr4_7942897.0,7942897,1.858984e-05,1,AT4G13650,AT4G13650,AT4G13650,0.0
1,Chr1_4344548.0,4344548,1.859824e-05,1,AT1G12740,AT1G12740,AT1G12740,0.0
3,Chr3_15753181.0,15753181,1.861784e-05,0,,,,
3,Chr3_15753236.0,15753236,1.861784e-05,0,,,,
1,Chr1_469707.0,469707,1.867692e-05,0,,,,
2,Chr2_5285498.0,5285498,1.868076e-05,0,,,,
2,Chr2_19551912.0,19551912,1.892884e-05,1,AT2G47690,AT2G47690,AT2G47690,0.0
3,Chr3_15909199.0,15909199,1.897057e-05,1,AT3G44200,AT3G44200,AT3G44200,0.0
3,Chr3_15912120.0,15912120,1.897057e-05,0,,,,
1,Chr1_4344015.0,4344015,1.89722e-05,1,AT1G12740,AT1G12740,AT1G12740,0.0
4,Chr4_13734962.0,13734962,1.897417e-05,0,,,,
4,Chr4_13735023.0,13735023,1.897417e-05,1,AT4G27470,AT4G27470,AT4G27470,0.0
1,Chr1_236047.0,236047,1.904943e-05,1,AT1G01650,AT1G01650,AT1G01650,0.0
1,Chr1_236241.0,236241,1.904943e-05,1,AT1G01650,AT1G01650,AT1G01650,0.0
1,Chr1_238008.0,238008,1.904943e-05,0,,,,
1,Chr1_238096.0,238096,1.904943e-05,0,,,,
1,Chr1_238357.0,238357,1.904943e-05,0,,,,
1,Chr1_238426.0,238426,1.904943e-05,0,,,,
1,Chr1_238600.0,238600,1.904943e-05,0,,,,
1,Chr1_238866.0,238866,1.904943e-05,0,,,,
1,Chr1_239168.0,239168,1.904943e-05,0,,,,
1,Chr1_239171.0,239171,1.904943e-05,0,,,,
1,Chr1_239396.0,239396,1.904943e-05,0,,,,
1,Chr1_241158.0,241158,1.904943e-05,1,AT1G01660,AT1G01660,AT1G01660,0.0
1,Chr1_244757.0,244757,1.904943e-05,1,AT1G01670,AT1G01670,AT1G01670,0.0
1,Chr1_247175.0,247175,1.904943e-05,1,AT1G01680,AT1G01680,AT1G01680,0.0
3,Chr3_15942875.0,15942875,1.907147e-05,0,,,,
3,Chr3_3139692.0,3139692,1.917958e-05,1,AT3G10160,AT3G10160,AT3G10160,0.0
2,Chr2_13942218.0,13942218,1.920998e-05,1,AT2G32860,AT2G32860,AT2G32860,0.0
1,Chr1_4311542.0,4311542,1.929025e-05,0,,,,
1,Chr1_4311667.0,4311667,1.929025e-05,0,,,,
2,Chr2_8329406.0,8329406,1.942809e-05,1,AT2G19190,AT2G19190,AT2G19190,0.0
3,Chr3_15947919.0,15947919,1.943911e-05,0,,,,
3,Chr3_15949409.0,15949409,1.943911e-05,1,AT3G44250,AT3G44250,AT3G44250,0.0
1,Chr1_22376714.0,22376714,1.944813e-05,0,,,,
4,Chr4_8409035.0,8409035,1.950885e-05,0,,,,
1,Chr1_15987696.0,15987696,1.95571e-05,0,,,,
3,Chr3_14169393.0,14169393,1.956897e-05,0,,,,
2,Chr2_677152.0,677152,1.966902e-05,1,AT2G02520,AT2G02520,AT2G02520,0.0
1,Chr1_29209043.0,29209043,1.967884e-05,0,,,,
4,Chr4_17561646.0,17561646,1.971816e-05,1,AT4G37320,AT4G37320,AT4G37320,0.0
3,Chr3_15620063.0,15620063,1.993944e-05,0,,,,
3,Chr3_3142473.0,3142473,1.998358e-05,1,AT3G10160,AT3G10160,AT3G10160,0.0
3,Chr3_12693577.0,12693577,2.010398e-05,0,,,,
3,Chr3_12694273.0,12694273,2.010398e-05,0,,,,
3,Chr3_12695489.0,12695489,2.010398e-05,0,,,,
1,Chr1_4312747.0,4312747,2.017073e-05,1,AT1G12665,AT1G12665,AT1G12665,0.0
1,Chr1_4318927.0,4318927,2.017073e-05,1,AT1G12672,AT1G12672,AT1G12672,0.0
1,Chr1_4319314.0,4319314,2.017073e-05,0,,,,
1,Chr1_4320183.0,4320183,2.017073e-05,1,AT1G12680,AT1G12680,AT1G12680,0.0
1,Chr1_4326820.0,4326820,2.017073e-05,1,AT1G12710,AT1G12710,AT1G12710,0.0
2,Chr2_11163978.0,11163978,2.027207e-05,0,,,,
4,Chr4_9961576.0,9961576,2.035401e-05,0,,,,
2,Chr2_11163756.0,11163756,2.036632e-05,0,,,,
1,Chr1_23773055.0,23773055,2.036791e-05,1,AT1G64060,AT1G64060,AT1G64060,0.0
1,Chr1_4316048.0,4316048,2.037625e-05,0,,,,
2,Chr2_7292327.0,7292327,2.038261e-05,0,,,,
4,Chr4_1023295.0,1023295,2.064937e-05,1,AT4G02320,AT4G02320,AT4G02320,0.0
5,Chr5_339951.0,339951,2.070332e-05,2,AT5G01880;AT5G01881,AT5G01880,AT5G01880,0.0
3,Chr3_15856441.0,15856441,2.076869e-05,0,,,,
2,Chr2_11163137.0,11163137,2.088796e-05,0,,,,
3,Chr3_16357613.0,16357613,2.089686e-05,0,,,,
3,Chr3_3139059.0,3139059,2.096799e-05,0,,,,
1,Chr1_29909717.0,29909717,2.100414e-05,1,AT1G79510,AT1G79510,AT1G79510,0.0
1,Chr1_28917228.0,28917228,2.110955e-05,0,,,,
3,Chr3_3172299.0,3172299,2.112289e-05,1,AT3G10260,AT3G10260,AT3G10260,0.0
3,Chr3_3130844.0,3130844,2.115493e-05,1,AT3G10120,AT3G10120,AT3G10120,0.0
5,Chr5_25941225.0,25941225,2.11697e-05,1,AT5G64910,AT5G64910,AT5G64910,0.0
1,Chr1_23128638.0,23128638,2.121135e-05,0,,,,
2,Chr2_5401397.0,5401397,2.123736e-05,0,,,,
2,Chr2_5419265.0,5419265,2.123736e-05,0,,,,
2,Chr2_18364202.0,18364202,2.125222e-05,0,,,,
2,Chr2_5338594.0,5338594,2.127539e-05,0,,,,
2,Chr2_5585595.0,5585595,2.130327e-05,0,,,,
3,Chr3_15381443.0,15381443,2.133923e-05,0,,,,
2,Chr2_8332746.0,8332746,2.135526e-05,0,,,,
5,Chr5_17334954.0,17334954,2.140495e-05,1,AT5G43175,AT5G43175,AT5G43175,0.0
2,Chr2_13945829.0,13945829,2.146534e-05,1,AT2G32870,AT2G32870,AT2G32870,0.0
1,Chr1_16624603.0,16624603,2.147841e-05,0,,,,
2,Chr2_176600.0,176600,2.15995e-05,0,,,,
3,Chr3_15691129.0,15691129,2.163181e-05,0,,,,
1,Chr1_5640604.0,5640604,2.165352e-05,0,,,,
4,Chr4_5624588.0,5624588,2.166865e-05,0,,,,
1,Chr1_2368073.0,2368073,2.169418e-05,1,AT1G07645,AT1G07645,AT1G07645,0.0
1,Chr1_2378564.0,2378564,2.173542e-05,1,AT1G07690,AT1G07690,AT1G07690,0.0
1,Chr1_2386222.0,2386222,2.173542e-05,0,,,,
1,Chr1_20927328.0,20927328,2.184986e-05,1,AT1G55950,AT1G55950,AT1G55950,0.0
1,Chr1_20942560.0,20942560,2.184986e-05,1,AT1G55990,AT1G55990,AT1G55990,0.0
2,Chr2_11161616.0,11161616,2.190333e-05,0,,,,
2,Chr2_11161981.0,11161981,2.190333e-05,0,,,,
2,Chr2_11163946.0,11163946,2.190333e-05,0,,,,
2,Chr2_11163809.0,11163809,2.192076e-05,0,,,,
1,Chr1_4297782.0,4297782,2.19246e-05,0,,,,
1,Chr1_4297823.0,4297823,2.19246e-05,0,,,,
4,Chr4_2013473.0,2013473,2.194185e-05,0,,,,
3,Chr3_14795429.0,14795429,2.198967e-05,0,,,,
2,Chr2_13309391.0,13309391,2.211416e-05,0,,,,
1,Chr1_1171004.0,1171004,2.213019e-05,0,,,,
2,Chr2_7492953.0,7492953,2.222213e-05,0,,,,
4,Chr4_18291668.0,18291668,2.233366e-05,1,AT4G39330,AT4G39330,AT4G39330,0.0
4,Chr4_1676382.0,1676382,2.246614e-05,0,,,,
2,Chr2_5558819.0,5558819,2.250201e-05,0,,,,
2,Chr2_5579289.0,5579289,2.264949e-05,0,,,,
4,Chr4_3116596.0,3116596,2.265652e-05,0,,,,
4,Chr4_1273794.0,1273794,2.268411e-05,0,,,,
4,Chr4_1283894.0,1283894,2.268411e-05,0,,,,
4,Chr4_1291923.0,1291923,2.268411e-05,0,,,,
4,Chr4_1299221.0,1299221,2.268411e-05,0,,,,
2,Chr2_5784921.0,5784921,2.274135e-05,0,,,,
5,Chr5_203963.0,203963,2.278556e-05,1,AT5G01510,AT5G01510,AT5G01510,0.0
3,Chr3_14945325.0,14945325,2.280798e-05,0,,,,
3,Chr3_6771317.0,6771317,2.285749e-05,0,,,,
5,Chr5_317474.0,317474,2.299921e-05,0,,,,
3,Chr3_15875605.0,15875605,2.300112e-05,0,,,,
4,Chr4_18434822.0,18434822,2.305428e-05,0,,,,
4,Chr4_6719928.0,6719928,2.305521e-05,1,AT4G10970,AT4G10970,AT4G10970,0.0
1,Chr1_3305500.0,3305500,2.309715e-05,1,AT1G10120,AT1G10120,AT1G10120,0.0
3,Chr3_3110748.0,3110748,2.309914e-05,0,,,,
2,Chr2_5538912.0,5538912,2.311333e-05,0,,,,
2,Chr2_5394711.0,5394711,2.320275e-05,0,,,,
3,Chr3_15960799.0,15960799,2.323022e-05,0,,,,
1,Chr1_20926473.0,20926473,2.331784e-05,0,,,,
1,Chr1_20930820.0,20930820,2.331784e-05,0,,,,
4,Chr4_6214720.0,6214720,2.333341e-05,1,AT4G09880,AT4G09880,AT4G09880,0.0
4,Chr4_6215995.0,6215995,2.333341e-05,0,,,,
4,Chr4_6217070.0,6217070,2.333341e-05,0,,,,
2,Chr2_11162552.0,11162552,2.335151e-05,0,,,,
4,Chr4_14981197.0,14981197,2.358522e-05,1,AT4G30750,AT4G30750,AT4G30750,0.0
2,Chr2_12243471.0,12243471,2.36115e-05,0,,,,
2,Chr2_12243843.0,12243843,2.36115e-05,0,,,,
4,Chr4_489725.0,489725,2.361896e-05,0,,,,
3,Chr3_15768069.0,15768069,2.371603e-05,0,,,,
3,Chr3_15768817.0,15768817,2.371603e-05,0,,,,
3,Chr3_15770160.0,15770160,2.371603e-05,0,,,,
3,Chr3_15771795.0,15771795,2.371603e-05,0,,,,
3,Chr3_15771796.0,15771796,2.371603e-05,0,,,,
1,Chr1_4323537.0,4323537,2.378979e-05,0,,,,
1,Chr1_4323548.0,4323548,2.378979e-05,0,,,,
1,Chr1_4323556.0,4323556,2.378979e-05,1,AT1G12700,AT1G12700,AT1G12700,0.0
1,Chr1_4323588.0,4323588,2.378979e-05,1,AT1G12700,AT1G12700,AT1G12700,0.0
1,Chr1_4323600.0,4323600,2.378979e-05,1,AT1G12700,AT1G12700,AT1G12700,0.0
1,Chr1_3325453.0,3325453,2.381e-05,0,,,,
1,Chr1_3325477.0,3325477,2.381e-05,0,,,,
1,Chr1_3325486.0,3325486,2.381e-05,0,,,,
1,Chr1_3325494.0,3325494,2.381e-05,0,,,,
2,Chr2_11162541.0,11162541,2.395003e-05,0,,,,
3,Chr3_2999455.0,2999455,2.406371e-05,0,,,,
2,Chr2_5580280.0,5580280,2.418737e-05,0,,,,
2,Chr2_5329659.0,5329659,2.453863e-05,0,,,,
3,Chr3_15929639.0,15929639,2.457995e-05,1,AT3G44220,AT3G44220,AT3G44220,0.0
5,Chr5_26369668.0,26369668,2.481271e-05,1,AT5G65925,AT5G65925,AT5G65925,0.0
2,Chr2_1252945.0,1252945,2.481952e-05,0,,,,
1,Chr1_4310225.0,4310225,2.495512e-05,0,,,,
1,Chr1_1177110.0,1177110,2.506295e-05,1,AT1G04380,AT1G04380,AT1G04380,0.0
3,Chr3_12126731.0,12126731,2.513636e-05,0,,,,
3,Chr3_2681067.0,2681067,2.531751e-05,1,AT3G08840,AT3G08840,AT3G08840,0.0
2,Chr2_5214844.0,5214844,2.536607e-05,0,,,,
2,Chr2_5291768.0,5291768,2.536607e-05,1,AT2G12880,AT2G12880,AT2G12880,0.0
2,Chr2_5306891.0,5306891,2.536607e-05,0,,,,
2,Chr2_5368864.0,5368864,2.536607e-05,0,,,,
3,Chr3_18545680.0,18545680,2.537277e-05,0,,,,
4,Chr4_5624148.0,5624148,2.589595e-05,0,,,,
1,Chr1_1172620.0,1172620,2.595598e-05,0,,,,
5,Chr5_22916075.0,22916075,2.597156e-05,0,,,,
3,Chr3_15776661.0,15776661,2.601014e-05,0,,,,
1,Chr1_3325551.0,3325551,2.601425e-05,0,,,,
3,Chr3_14325887.0,14325887,2.61358e-05,1,AT3G42180,AT3G42180,AT3G42180,0.0
5,Chr5_1466197.0,1466197,2.615312e-05,1,AT5G04970,AT5G04970,AT5G04970,0.0
5,Chr5_18822319.0,18822319,2.615312e-05,1,AT5G46400,AT5G46400,AT5G46400,0.0
5,Chr5_19608015.0,19608015,2.615312e-05,0,,,,
3,Chr3_19813556.0,19813556,2.634523e-05,1,AT3G53450,AT3G53450,AT3G53450,0.0
3,Chr3_19814556.0,19814556,2.634523e-05,1,AT3G53450,AT3G53450,AT3G53450,0.0
2,Chr2_13824135.0,13824135,2.647057e-05,0,,,,
3,Chr3_15782149.0,15782149,2.650683e-05,0,,,,
1,Chr1_3160529.0,3160529,2.65418e-05,1,AT1G09760,AT1G09760,AT1G09760,0.0
3,Chr3_15428933.0,15428933,2.660112e-05,0,,,,
3,Chr3_15777664.0,15777664,2.671429e-05,1,AT3G43970,AT3G43970,AT3G43970,0.0
4,Chr4_8032152.0,8032152,2.676563e-05,1,AT4G13890,AT4G13890,AT4G13890,0.0
3,Chr3_17969705.0,17969705,2.684097e-05,0,,,,
3,Chr3_17969869.0,17969869,2.684097e-05,0,,,,
3,Chr3_17969883.0,17969883,2.684097e-05,0,,,,
3,Chr3_17970019.0,17970019,2.684097e-05,0,,,,
3,Chr3_17970067.0,17970067,2.684097e-05,0,,,,
3,Chr3_17970446.0,17970446,2.684097e-05,0,,,,
5,Chr5_10801035.0,10801035,2.685678e-05,0,,,,
1,Chr1_1177876.0,1177876,2.693831e-05,1,AT1G04380,AT1G04380,AT1G04380,0.0
1,Chr1_1152492.0,1152492,2.700107e-05,1,AT1G04300,AT1G04300,AT1G04300,0.0
3,Chr3_15960768.0,15960768,2.711057e-05,0,,,,
5,Chr5_10479440.0,10479440,2.711203e-05,0,,,,
3,Chr3_2999263.0,2999263,2.723716e-05,0,,,,
3,Chr3_15473016.0,15473016,2.729171e-05,0,,,,
1,Chr1_13107072.0,13107072,2.735916e-05,0,,,,
5,Chr5_21077481.0,21077481,2.743084e-05,1,AT5G51845,AT5G51845,AT5G51845,0.0
5,Chr5_21077642.0,21077642,2.743084e-05,0,,,,
3,Chr3_3145900.0,3145900,2.758475e-05,1,AT3G10185,AT3G10185,AT3G10185,0.0
3,Chr3_3145968.0,3145968,2.758475e-05,1,AT3G10185,AT3G10185,AT3G10185,0.0
3,Chr3_3146099.0,3146099,2.758475e-05,1,AT3G10185,AT3G10185,AT3G10185,0.0
2,Chr2_135176.0,135176,2.758825e-05,0,,,,
5,Chr5_21083009.0,21083009,2.762725e-05,1,AT5G51860,AT5G51860,AT5G51860,0.0
5,Chr5_21083516.0,21083516,2.762725e-05,1,AT5G51860,AT5G51860,AT5G51860,0.0
5,Chr5_21084794.0,21084794,2.762725e-05,0,,,,
5,Chr5_21084852.0,21084852,2.762725e-05,0,,,,
3,Chr3_15264420.0,15264420,2.768422e-05,0,,,,
1,Chr1_3320678.0,3320678,2.770482e-05,1,AT1G10130,AT1G10130,AT1G10130,0.0
3,Chr3_15899121.0,15899121,2.771528e-05,0,,,,
2,Chr2_17166572.0,17166572,2.777257e-05,0,,,,
2,Chr2_5719266.0,5719266,2.777506e-05,0,,,,
2,Chr2_5719270.0,5719270,2.777506e-05,0,,,,
2,Chr2_5720833.0,5720833,2.777506e-05,0,,,,
2,Chr2_5721222.0,5721222,2.777506e-05,0,,,,
2,Chr2_5722231.0,5722231,2.777506e-05,0,,,,
2,Chr2_5722632.0,5722632,2.777506e-05,0,,,,
2,Chr2_5722973.0,5722973,2.777506e-05,0,,,,
2,Chr2_5723835.0,5723835,2.777506e-05,0,,,,
2,Chr2_5724534.0,5724534,2.777506e-05,1,AT2G13720,AT2G13720,AT2G13720,0.0
3,Chr3_15688952.0,15688952,2.780404e-05,0,,,,
1,Chr1_3303622.0,3303622,2.790718e-05,1,AT1G10110,AT1G10110,AT1G10110,0.0
1,Chr1_3303768.0,3303768,2.790718e-05,1,AT1G10110,AT1G10110,AT1G10110,0.0
1,Chr1_3304027.0,3304027,2.790718e-05,1,AT1G10110,AT1G10110,AT1G10110,0.0
1,Chr1_3304073.0,3304073,2.790718e-05,2,AT1G10110;AT1G10120,AT1G10110,AT1G10110,0.0
1,Chr1_1044700.0,1044700,2.802441e-05,0,,,,
3,Chr3_15994437.0,15994437,2.808908e-05,1,AT3G44320,AT3G44320,AT3G44320,0.0
4,Chr4_7774668.0,7774668,2.81719e-05,0,,,,
3,Chr3_22759335.0,22759335,2.826579e-05,1,AT3G61490,AT3G61490,AT3G61490,0.0
2,Chr2_5781186.0,5781186,2.830508e-05,0,,,,
1,Chr1_21200003.0,21200003,2.844482e-05,0,,,,
3,Chr3_15931306.0,15931306,2.851835e-05,0,,,,
2,Chr2_13891211.0,13891211,2.857076e-05,0,,,,
2,Chr2_11093824.0,11093824,2.85922e-05,0,,,,
5,Chr5_206305.0,206305,2.865237e-05,0,,,,
5,Chr5_22666561.0,22666561,2.871177e-05,0,,,,
2,Chr2_456254.0,456254,2.884183e-05,0,,,,
2,Chr2_5284907.0,5284907,2.886488e-05,0,,,,
4,Chr4_6192918.0,6192918,2.907085e-05,1,AT4G09850,AT4G09850,AT4G09850,0.0
5,Chr5_25628715.0,25628715,2.908907e-05,1,AT5G64040,AT5G64040,AT5G64040,0.0
1,Chr1_10636232.0,10636232,2.914466e-05,0,,,,
2,Chr2_5171006.0,5171006,2.915098e-05,0,,,,
1,Chr1_3304641.0,3304641,2.919869e-05,1,AT1G10120,AT1G10120,AT1G10120,0.0
2,Chr2_11200867.0,11200867,2.931982e-05,1,AT2G26300,AT2G26300,AT2G26300,0.0
3,Chr3_15845588.0,15845588,2.933006e-05,0,,,,
1,Chr1_5639848.0,5639848,2.955528e-05,1,AT1G16500,AT1G16500,AT1G16500,0.0
4,Chr4_11037907.0,11037907,2.959684e-05,0,,,,
2,Chr2_19554169.0,19554169,2.971431e-05,1,AT2G47700,AT2G47700,AT2G47700,0.0
4,Chr4_1259005.0,1259005,2.97363e-05,1,AT4G02820,AT4G02820,AT4G02820,0.0
2,Chr2_9445399.0,9445399,2.976465e-05,0,,,,
3,Chr3_6547815.0,6547815,2.98327e-05,1,AT3G18980,AT3G18980,AT3G18980,0.0
5,Chr5_21079889.0,21079889,2.987659e-05,1,AT5G51850,AT5G51850,AT5G51850,0.0
3,Chr3_4591682.0,4591682,2.992388e-05,0,,,,
3,Chr3_4591807.0,4591807,2.992388e-05,0,,,,
3,Chr3_4591930.0,4591930,2.992388e-05,0,,,,
3,Chr3_4591973.0,4591973,2.992388e-05,0,,,,
3,Chr3_4591981.0,4591981,2.992388e-05,0,,,,
3,Chr3_4591985.0,4591985,2.992388e-05,0,,,,
3,Chr3_4592064.0,4592064,2.992388e-05,0,,,,
3,Chr3_4592073.0,4592073,2.992388e-05,0,,,,
3,Chr3_4592117.0,4592117,2.992388e-05,0,,,,
3,Chr3_4592130.0,4592130,2.992388e-05,0,,,,
3,Chr3_4592133.0,4592133,2.992388e-05,0,,,,
3,Chr3_4592146.0,4592146,2.992388e-05,0,,,,
3,Chr3_4592165.0,4592165,2.992388e-05,0,,,,
3,Chr3_4592185.0,4592185,2.992388e-05,0,,,,
3,Chr3_4592202.0,4592202,2.992388e-05,0,,,,
3,Chr3_4592206.0,4592206,2.992388e-05,0,,,,
3,Chr3_4592212.0,4592212,2.992388e-05,0,,,,
3,Chr3_4592213.0,4592213,2.992388e-05,0,,,,
3,Chr3_4592214.0,4592214,2.992388e-05,0,,,,
3,Chr3_4592220.0,4592220,2.992388e-05,0,,,,
3,Chr3_4592221.0,4592221,2.992388e-05,0,,,,
3,Chr3_4592228.0,4592228,2.992388e-05,0,,,,
3,Chr3_4592282.0,4592282,2.992388e-05,1,AT3G13920,AT3G13920,AT3G13920,0.0
3,Chr3_4592289.0,4592289,2.992388e-05,1,AT3G13920,AT3G13920,AT3G13920,0.0
3,Chr3_4592295.0,4592295,2.992388e-05,1,AT3G13920,AT3G13920,AT3G13920,0.0
2,Chr2_2701963.0,2701963,3.002519e-05,0,,,,
2,Chr2_2702458.0,2702458,3.002519e-05,0,,,,
2,Chr2_5595802.0,5595802,3.002592e-05,1,AT2G13440,AT2G13440,AT2G13440,0.0
2,Chr2_5616793.0,5616793,3.002592e-05,0,,,,
2,Chr2_5619649.0,5619649,3.002592e-05,0,,,,
2,Chr2_5625109.0,5625109,3.002592e-05,0,,,,
3,Chr3_3145534.0,3145534,3.00762e-05,0,,,,
3,Chr3_3145689.0,3145689,3.00762e-05,1,AT3G10185,AT3G10185,AT3G10185,0.0
4,Chr4_8129488.0,8129488,3.015575e-05,2,AT4G14104;AT4G14105,AT4G14104,AT4G14104,0.0
3,Chr3_2705434.0,2705434,3.01831e-05,0,,,,
1,Chr1_4239681.0,4239681,3.024021e-05,0,,,,
3,Chr3_15916054.0,15916054,3.025541e-05,0,,,,
3,Chr3_15920139.0,15920139,3.025541e-05,0,,,,
3,Chr3_15920477.0,15920477,3.025541e-05,0,,,,
3,Chr3_15922222.0,15922222,3.025541e-05,0,,,,
3,Chr3_15927641.0,15927641,3.025541e-05,0,,,,
3,Chr3_15967349.0,15967349,3.028068e-05,0,,,,
1,Chr1_29758575.0,29758575,3.030992e-05,0,,,,
1,Chr1_959876.0,959876,3.044461e-05,1,AT1G03820,AT1G03820,AT1G03820,0.0
1,Chr1_960864.0,960864,3.044461e-05,0,,,,
2,Chr2_11161130.0,11161130,3.057707e-05,0,,,,
2,Chr2_11161225.0,11161225,3.057707e-05,0,,,,
2,Chr2_11161370.0,11161370,3.057707e-05,0,,,,
2,Chr2_5541703.0,5541703,3.066415e-05,0,,,,
3,Chr3_4551329.0,4551329,3.070795e-05,0,,,,
3,Chr3_15190179.0,15190179,3.078796e-05,0,,,,
3,Chr3_3133812.0,3133812,3.083459e-05,0,,,,
3,Chr3_15917479.0,15917479,3.085688e-05,0,,,,
5,Chr5_1489353.0,1489353,3.092229e-05,0,,,,
1,Chr1_2102756.0,2102756,3.094084e-05,1,AT1G06840,AT1G06840,AT1G06840,0.0
1,Chr1_2102803.0,2102803,3.094084e-05,1,AT1G06840,AT1G06840,AT1G06840,0.0
4,Chr4_3115720.0,3115720,3.098851e-05,0,,,,
3,Chr3_15232796.0,15232796,3.102647e-05,0,,,,
5,Chr5_17332571.0,17332571,3.102781e-05,0,,,,
5,Chr5_17332612.0,17332612,3.102781e-05,0,,,,
5,Chr5_21067497.0,21067497,3.109625e-05,1,AT5G51820,AT5G51820,AT5G51820,0.0
3,Chr3_6561153.0,6561153,3.126941e-05,1,AT3G19020,AT3G19020,AT3G19020,0.0
4,Chr4_15917186.0,15917186,3.127221e-05,1,AT4G32980,AT4G32980,AT4G32980,0.0
4,Chr4_15917331.0,15917331,3.127221e-05,1,AT4G32980,AT4G32980,AT4G32980,0.0
4,Chr4_7771431.0,7771431,3.128992e-05,1,AT4G13350,AT4G13350,AT4G13350,0.0
4,Chr4_18511110.0,18511110,3.129212e-05,0,,,,
3,Chr3_17964649.0,17964649,3.144744e-05,1,AT3G48500,AT3G48500,AT3G48500,0.0
3,Chr3_17965792.0,17965792,3.144744e-05,0,,,,
2,Chr2_13820315.0,13820315,3.181406e-05,1,AT2G32550,AT2G32550,AT2G32550,0.0
1,Chr1_3325469.0,3325469,3.201163e-05,0,,,,
3,Chr3_21158045.0,21158045,3.202058e-05,1,AT3G57160,AT3G57160,AT3G57160,0.0
3,Chr3_21158110.0,21158110,3.202058e-05,1,AT3G57160,AT3G57160,AT3G57160,0.0
2,Chr2_5717653.0,5717653,3.202765e-05,0,,,,
1,Chr1_21723509.0,21723509,3.207017e-05,0,,,,
4,Chr4_9146922.0,9146922,3.211705e-05,0,,,,
4,Chr4_9147282.0,9147282,3.211705e-05,0,,,,
4,Chr4_9147518.0,9147518,3.211705e-05,0,,,,
3,Chr3_15688579.0,15688579,3.222573e-05,1,AT3G43833,AT3G43833,AT3G43833,0.0
1,Chr1_3325246.0,3325246,3.223231e-05,0,,,,
1,Chr1_29364996.0,29364996,3.227041e-05,1,AT1G78080,AT1G78080,AT1G78080,0.0
1,Chr1_1202871.0,1202871,3.235309e-05,1,AT1G04440,AT1G04440,AT1G04440,0.0
2,Chr2_5337044.0,5337044,3.235857e-05,0,,,,
5,Chr5_26368287.0,26368287,3.245057e-05,0,,,,
5,Chr5_26368295.0,26368295,3.245057e-05,0,,,,
5,Chr5_26368303.0,26368303,3.245057e-05,0,,,,
2,Chr2_11556370.0,11556370,3.250237e-05,1,AT2G27070,AT2G27070,AT2G27070,0.0
3,Chr3_12404491.0,12404491,3.255412e-05,0,,,,
5,Chr5_11729591.0,11729591,3.271015e-05,0,,,,
4,Chr4_2367385.0,2367385,3.280058e-05,0,,,,
5,Chr5_11729570.0,11729570,3.289941e-05,0,,,,
5,Chr5_11729574.0,11729574,3.289941e-05,0,,,,
4,Chr4_9994924.0,9994924,3.291527e-05,0,,,,
4,Chr4_9994988.0,9994988,3.291527e-05,0,,,,
3,Chr3_7587223.0,7587223,3.304865e-05,1,AT3G21540,AT3G21540,AT3G21540,0.0
2,Chr2_5556596.0,5556596,3.30904e-05,0,,,,
2,Chr2_13273642.0,13273642,3.309444e-05,1,AT2G31150,AT2G31150,AT2G31150,0.0
4,Chr4_8734912.0,8734912,3.318595e-05,0,,,,
2,Chr2_6929611.0,6929611,3.324647e-05,1,AT2G15900,AT2G15900,AT2G15900,0.0
2,Chr2_6931428.0,6931428,3.324647e-05,1,AT2G15900,AT2G15900,AT2G15900,0.0
2,Chr2_6932105.0,6932105,3.324647e-05,1,AT2G15900,AT2G15900,AT2G15900,0.0
4,Chr4_8412966.0,8412966,3.334902e-05,0,,,,
4,Chr4_10513277.0,10513277,3.336187e-05,0,,,,
3,Chr3_15837968.0,15837968,3.352867e-05,0,,,,
1,Chr1_1876091.0,1876091,3.382507e-05,1,AT1G06148,AT1G06148,AT1G06148,0.0
3,Chr3_19509076.0,19509076,3.385511e-05,1,AT3G52600,AT3G52600,AT3G52600,0.0
3,Chr3_19509926.0,19509926,3.385511e-05,0,,,,
3,Chr3_19510242.0,19510242,3.385511e-05,0,,,,
1,Chr1_1882222.0,1882222,3.392273e-05,0,,,,
3,Chr3_3161066.0,3161066,3.402355e-05,1,AT3G10210,AT3G10210,AT3G10210,0.0
3,Chr3_3146325.0,3146325,3.40586e-05,0,,,,
3,Chr3_3146404.0,3146404,3.40586e-05,1,AT3G10180,AT3G10180,AT3G10180,0.0
3,Chr3_3146432.0,3146432,3.40586e-05,1,AT3G10180,AT3G10180,AT3G10180,0.0
3,Chr3_3146435.0,3146435,3.40586e-05,1,AT3G10180,AT3G10180,AT3G10180,0.0
3,Chr3_3146489.0,3146489,3.40586e-05,1,AT3G10180,AT3G10180,AT3G10180,0.0
3,Chr3_3146491.0,3146491,3.40586e-05,1,AT3G10180,AT3G10180,AT3G10180,0.0
3,Chr3_3146576.0,3146576,3.40586e-05,1,AT3G10180,AT3G10180,AT3G10180,0.0
3,Chr3_3146654.0,3146654,3.40586e-05,1,AT3G10180,AT3G10180,AT3G10180,0.0
3,Chr3_3146666.0,3146666,3.40586e-05,1,AT3G10180,AT3G10180,AT3G10180,0.0
3,Chr3_3146668.0,3146668,3.40586e-05,1,AT3G10180,AT3G10180,AT3G10180,0.0
3,Chr3_3146701.0,3146701,3.40586e-05,1,AT3G10180,AT3G10180,AT3G10180,0.0
3,Chr3_3146718.0,3146718,3.40586e-05,1,AT3G10180,AT3G10180,AT3G10180,0.0
3,Chr3_3146726.0,3146726,3.40586e-05,1,AT3G10180,AT3G10180,AT3G10180,0.0
3,Chr3_3146886.0,3146886,3.40586e-05,1,AT3G10180,AT3G10180,AT3G10180,0.0
3,Chr3_3147075.0,3147075,3.40586e-05,1,AT3G10180,AT3G10180,AT3G10180,0.0
3,Chr3_3147247.0,3147247,3.40586e-05,1,AT3G10180,AT3G10180,AT3G10180,0.0
3,Chr3_3147261.0,3147261,3.40586e-05,1,AT3G10180,AT3G10180,AT3G10180,0.0
3,Chr3_3147267.0,3147267,3.40586e-05,1,AT3G10180,AT3G10180,AT3G10180,0.0
3,Chr3_3147333.0,3147333,3.40586e-05,1,AT3G10180,AT3G10180,AT3G10180,0.0
3,Chr3_3147339.0,3147339,3.40586e-05,1,AT3G10180,AT3G10180,AT3G10180,0.0
3,Chr3_3147376.0,3147376,3.40586e-05,1,AT3G10180,AT3G10180,AT3G10180,0.0
3,Chr3_3147387.0,3147387,3.40586e-05,1,AT3G10180,AT3G10180,AT3G10180,0.0
3,Chr3_3147420.0,3147420,3.40586e-05,1,AT3G10180,AT3G10180,AT3G10180,0.0
3,Chr3_3147444.0,3147444,3.40586e-05,1,AT3G10180,AT3G10180,AT3G10180,0.0
3,Chr3_3147514.0,3147514,3.40586e-05,1,AT3G10180,AT3G10180,AT3G10180,0.0
3,Chr3_3147524.0,3147524,3.40586e-05,1,AT3G10180,AT3G10180,AT3G10180,0.0
3,Chr3_3147664.0,3147664,3.40586e-05,1,AT3G10180,AT3G10180,AT3G10180,0.0
3,Chr3_3147779.0,3147779,3.40586e-05,1,AT3G10180,AT3G10180,AT3G10180,0.0
3,Chr3_3147889.0,3147889,3.40586e-05,1,AT3G10180,AT3G10180,AT3G10180,0.0
3,Chr3_3148270.0,3148270,3.40586e-05,1,AT3G10180,AT3G10180,AT3G10180,0.0
3,Chr3_3148325.0,3148325,3.40586e-05,1,AT3G10180,AT3G10180,AT3G10180,0.0
3,Chr3_3148331.0,3148331,3.40586e-05,1,AT3G10180,AT3G10180,AT3G10180,0.0
3,Chr3_3148389.0,3148389,3.40586e-05,1,AT3G10180,AT3G10180,AT3G10180,0.0
3,Chr3_3148488.0,3148488,3.40586e-05,1,AT3G10180,AT3G10180,AT3G10180,0.0
3,Chr3_3148765.0,3148765,3.40586e-05,1,AT3G10180,AT3G10180,AT3G10180,0.0
3,Chr3_3148895.0,3148895,3.40586e-05,1,AT3G10180,AT3G10180,AT3G10180,0.0
3,Chr3_3149007.0,3149007,3.40586e-05,1,AT3G10180,AT3G10180,AT3G10180,0.0
3,Chr3_3149090.0,3149090,3.40586e-05,1,AT3G10180,AT3G10180,AT3G10180,0.0
3,Chr3_3149095.0,3149095,3.40586e-05,1,AT3G10180,AT3G10180,AT3G10180,0.0
3,Chr3_3149123.0,3149123,3.40586e-05,1,AT3G10180,AT3G10180,AT3G10180,0.0
3,Chr3_3149127.0,3149127,3.40586e-05,1,AT3G10180,AT3G10180,AT3G10180,0.0
3,Chr3_3149132.0,3149132,3.40586e-05,1,AT3G10180,AT3G10180,AT3G10180,0.0
3,Chr3_3149155.0,3149155,3.40586e-05,1,AT3G10180,AT3G10180,AT3G10180,0.0
3,Chr3_3149286.0,3149286,3.40586e-05,1,AT3G10180,AT3G10180,AT3G10180,0.0
3,Chr3_3149366.0,3149366,3.40586e-05,1,AT3G10180,AT3G10180,AT3G10180,0.0
3,Chr3_3149367.0,3149367,3.40586e-05,1,AT3G10180,AT3G10180,AT3G10180,0.0
3,Chr3_3149373.0,3149373,3.40586e-05,1,AT3G10180,AT3G10180,AT3G10180,0.0
3,Chr3_3149374.0,3149374,3.40586e-05,1,AT3G10180,AT3G10180,AT3G10180,0.0
3,Chr3_3149441.0,3149441,3.40586e-05,1,AT3G10180,AT3G10180,AT3G10180,0.0
3,Chr3_3149473.0,3149473,3.40586e-05,1,AT3G10180,AT3G10180,AT3G10180,0.0
3,Chr3_3149507.0,3149507,3.40586e-05,1,AT3G10180,AT3G10180,AT3G10180,0.0
3,Chr3_3149548.0,3149548,3.40586e-05,1,AT3G10180,AT3G10180,AT3G10180,0.0
3,Chr3_3149555.0,3149555,3.40586e-05,1,AT3G10180,AT3G10180,AT3G10180,0.0
3,Chr3_3149571.0,3149571,3.40586e-05,1,AT3G10180,AT3G10180,AT3G10180,0.0
3,Chr3_3149625.0,3149625,3.40586e-05,1,AT3G10180,AT3G10180,AT3G10180,0.0
3,Chr3_3149635.0,3149635,3.40586e-05,1,AT3G10180,AT3G10180,AT3G10180,0.0
3,Chr3_3149790.0,3149790,3.40586e-05,1,AT3G10180,AT3G10180,AT3G10180,0.0
3,Chr3_3149791.0,3149791,3.40586e-05,1,AT3G10180,AT3G10180,AT3G10180,0.0
3,Chr3_3150007.0,3150007,3.40586e-05,1,AT3G10180,AT3G10180,AT3G10180,0.0
3,Chr3_3150037.0,3150037,3.40586e-05,1,AT3G10180,AT3G10180,AT3G10180,0.0
3,Chr3_3150137.0,3150137,3.40586e-05,1,AT3G10180,AT3G10180,AT3G10180,0.0
3,Chr3_3150138.0,3150138,3.40586e-05,1,AT3G10180,AT3G10180,AT3G10180,0.0
3,Chr3_3150236.0,3150236,3.40586e-05,1,AT3G10180,AT3G10180,AT3G10180,0.0
3,Chr3_3150275.0,3150275,3.40586e-05,1,AT3G10180,AT3G10180,AT3G10180,0.0
3,Chr3_3150287.0,3150287,3.40586e-05,1,AT3G10180,AT3G10180,AT3G10180,0.0
3,Chr3_3150302.0,3150302,3.40586e-05,1,AT3G10180,AT3G10180,AT3G10180,0.0
3,Chr3_3150342.0,3150342,3.40586e-05,1,AT3G10180,AT3G10180,AT3G10180,0.0
3,Chr3_3150356.0,3150356,3.40586e-05,1,AT3G10180,AT3G10180,AT3G10180,0.0
3,Chr3_3150364.0,3150364,3.40586e-05,1,AT3G10180,AT3G10180,AT3G10180,0.0
3,Chr3_3150436.0,3150436,3.40586e-05,1,AT3G10180,AT3G10180,AT3G10180,0.0
3,Chr3_3150623.0,3150623,3.40586e-05,1,AT3G10180,AT3G10180,AT3G10180,0.0
3,Chr3_3150711.0,3150711,3.40586e-05,1,AT3G10180,AT3G10180,AT3G10180,0.0
3,Chr3_3150836.0,3150836,3.40586e-05,1,AT3G10180,AT3G10180,AT3G10180,0.0
3,Chr3_3150918.0,3150918,3.40586e-05,1,AT3G10180,AT3G10180,AT3G10180,0.0
3,Chr3_3150945.0,3150945,3.40586e-05,1,AT3G10180,AT3G10180,AT3G10180,0.0
3,Chr3_3150952.0,3150952,3.40586e-05,1,AT3G10180,AT3G10180,AT3G10180,0.0
3,Chr3_3151008.0,3151008,3.40586e-05,1,AT3G10180,AT3G10180,AT3G10180,0.0
3,Chr3_3151009.0,3151009,3.40586e-05,1,AT3G10180,AT3G10180,AT3G10180,0.0
3,Chr3_3151032.0,3151032,3.40586e-05,1,AT3G10180,AT3G10180,AT3G10180,0.0
3,Chr3_3151081.0,3151081,3.40586e-05,1,AT3G10180,AT3G10180,AT3G10180,0.0
3,Chr3_3151082.0,3151082,3.40586e-05,1,AT3G10180,AT3G10180,AT3G10180,0.0
3,Chr3_3151097.0,3151097,3.40586e-05,1,AT3G10180,AT3G10180,AT3G10180,0.0
3,Chr3_3151098.0,3151098,3.40586e-05,1,AT3G10180,AT3G10180,AT3G10180,0.0
3,Chr3_3151113.0,3151113,3.40586e-05,1,AT3G10180,AT3G10180,AT3G10180,0.0
3,Chr3_3151121.0,3151121,3.40586e-05,1,AT3G10180,AT3G10180,AT3G10180,0.0
3,Chr3_3151123.0,3151123,3.40586e-05,1,AT3G10180,AT3G10180,AT3G10180,0.0
3,Chr3_3151143.0,3151143,3.40586e-05,1,AT3G10180,AT3G10180,AT3G10180,0.0
3,Chr3_3151254.0,3151254,3.40586e-05,1,AT3G10180,AT3G10180,AT3G10180,0.0
3,Chr3_3151273.0,3151273,3.40586e-05,1,AT3G10180,AT3G10180,AT3G10180,0.0
3,Chr3_3151326.0,3151326,3.40586e-05,1,AT3G10180,AT3G10180,AT3G10180,0.0
3,Chr3_3151333.0,3151333,3.40586e-05,1,AT3G10180,AT3G10180,AT3G10180,0.0
3,Chr3_3151334.0,3151334,3.40586e-05,1,AT3G10180,AT3G10180,AT3G10180,0.0
3,Chr3_3151335.0,3151335,3.40586e-05,1,AT3G10180,AT3G10180,AT3G10180,0.0
3,Chr3_3151353.0,3151353,3.40586e-05,1,AT3G10180,AT3G10180,AT3G10180,0.0
3,Chr3_3151410.0,3151410,3.40586e-05,1,AT3G10180,AT3G10180,AT3G10180,0.0
3,Chr3_3151538.0,3151538,3.40586e-05,1,AT3G10180,AT3G10180,AT3G10180,0.0
3,Chr3_3151556.0,3151556,3.40586e-05,1,AT3G10180,AT3G10180,AT3G10180,0.0
3,Chr3_3151788.0,3151788,3.40586e-05,1,AT3G10180,AT3G10180,AT3G10180,0.0
3,Chr3_3151807.0,3151807,3.40586e-05,1,AT3G10180,AT3G10180,AT3G10180,0.0
3,Chr3_3151832.0,3151832,3.40586e-05,1,AT3G10180,AT3G10180,AT3G10180,0.0
3,Chr3_3151900.0,3151900,3.40586e-05,1,AT3G10180,AT3G10180,AT3G10180,0.0
3,Chr3_3152068.0,3152068,3.40586e-05,1,AT3G10180,AT3G10180,AT3G10180,0.0
3,Chr3_3152251.0,3152251,3.40586e-05,1,AT3G10180,AT3G10180,AT3G10180,0.0
3,Chr3_3152305.0,3152305,3.40586e-05,1,AT3G10180,AT3G10180,AT3G10180,0.0
3,Chr3_3152312.0,3152312,3.40586e-05,1,AT3G10180,AT3G10180,AT3G10180,0.0
3,Chr3_3152334.0,3152334,3.40586e-05,1,AT3G10180,AT3G10180,AT3G10180,0.0
3,Chr3_3152362.0,3152362,3.40586e-05,1,AT3G10180,AT3G10180,AT3G10180,0.0
3,Chr3_3152487.0,3152487,3.40586e-05,1,AT3G10180,AT3G10180,AT3G10180,0.0
3,Chr3_3152529.0,3152529,3.40586e-05,1,AT3G10180,AT3G10180,AT3G10180,0.0
3,Chr3_3152583.0,3152583,3.40586e-05,1,AT3G10180,AT3G10180,AT3G10180,0.0
3,Chr3_3152656.0,3152656,3.40586e-05,1,AT3G10180,AT3G10180,AT3G10180,0.0
3,Chr3_3152667.0,3152667,3.40586e-05,1,AT3G10180,AT3G10180,AT3G10180,0.0
3,Chr3_3152676.0,3152676,3.40586e-05,1,AT3G10180,AT3G10180,AT3G10180,0.0
3,Chr3_3152681.0,3152681,3.40586e-05,1,AT3G10180,AT3G10180,AT3G10180,0.0
3,Chr3_3152734.0,3152734,3.40586e-05,1,AT3G10180,AT3G10180,AT3G10180,0.0
3,Chr3_3152750.0,3152750,3.40586e-05,1,AT3G10180,AT3G10180,AT3G10180,0.0
3,Chr3_3152753.0,3152753,3.40586e-05,1,AT3G10180,AT3G10180,AT3G10180,0.0
3,Chr3_3152781.0,3152781,3.40586e-05,1,AT3G10180,AT3G10180,AT3G10180,0.0
3,Chr3_3152793.0,3152793,3.40586e-05,1,AT3G10180,AT3G10180,AT3G10180,0.0
3,Chr3_3152978.0,3152978,3.40586e-05,1,AT3G10180,AT3G10180,AT3G10180,0.0
3,Chr3_3152985.0,3152985,3.40586e-05,1,AT3G10180,AT3G10180,AT3G10180,0.0
3,Chr3_3153147.0,3153147,3.40586e-05,1,AT3G10180,AT3G10180,AT3G10180,0.0
3,Chr3_3153160.0,3153160,3.40586e-05,1,AT3G10180,AT3G10180,AT3G10180,0.0
3,Chr3_3153166.0,3153166,3.40586e-05,1,AT3G10180,AT3G10180,AT3G10180,0.0
3,Chr3_3153347.0,3153347,3.40586e-05,1,AT3G10180,AT3G10180,AT3G10180,0.0
3,Chr3_3153497.0,3153497,3.40586e-05,1,AT3G10180,AT3G10180,AT3G10180,0.0
3,Chr3_3153581.0,3153581,3.40586e-05,1,AT3G10180,AT3G10180,AT3G10180,0.0
3,Chr3_3153733.0,3153733,3.40586e-05,1,AT3G10180,AT3G10180,AT3G10180,0.0
3,Chr3_3153788.0,3153788,3.40586e-05,1,AT3G10180,AT3G10180,AT3G10180,0.0
5,Chr5_10730334.0,10730334,3.42057e-05,0,,,,
3,Chr3_18844682.0,18844682,3.420955e-05,0,,,,
3,Chr3_3131017.0,3131017,3.424448e-05,1,AT3G10130,AT3G10130,AT3G10130,0.0
1,Chr1_29020245.0,29020245,3.465549e-05,0,,,,
1,Chr1_29021005.0,29021005,3.465549e-05,1,AT1G77250,AT1G77250,AT1G77250,0.0
1,Chr1_29021560.0,29021560,3.465549e-05,1,AT1G77250,AT1G77250,AT1G77250,0.0
1,Chr1_3304997.0,3304997,3.472148e-05,1,AT1G10120,AT1G10120,AT1G10120,0.0
1,Chr1_3305008.0,3305008,3.472148e-05,1,AT1G10120,AT1G10120,AT1G10120,0.0
1,Chr1_3305016.0,3305016,3.472148e-05,1,AT1G10120,AT1G10120,AT1G10120,0.0
1,Chr1_3305017.0,3305017,3.472148e-05,1,AT1G10120,AT1G10120,AT1G10120,0.0
1,Chr1_3305018.0,3305018,3.472148e-05,1,AT1G10120,AT1G10120,AT1G10120,0.0
1,Chr1_3305020.0,3305020,3.472148e-05,1,AT1G10120,AT1G10120,AT1G10120,0.0
3,Chr3_15851235.0,15851235,3.477099e-05,0,,,,
2,Chr2_19075187.0,19075187,3.47955e-05,0,,,,
2,Chr2_19079157.0,19079157,3.47955e-05,0,,,,
2,Chr2_7491124.0,7491124,3.485136e-05,0,,,,
3,Chr3_9665461.0,9665461,3.509205e-05,0,,,,
2,Chr2_5316344.0,5316344,3.518209e-05,0,,,,
2,Chr2_19057618.0,19057618,3.522709e-05,0,,,,
2,Chr2_5798578.0,5798578,3.524592e-05,0,,,,
2,Chr2_11550334.0,11550334,3.526982e-05,0,,,,
3,Chr3_3153920.0,3153920,3.543699e-05,1,AT3G10180,AT3G10180,AT3G10180,0.0
3,Chr3_3153923.0,3153923,3.543699e-05,1,AT3G10180,AT3G10180,AT3G10180,0.0
3,Chr3_3153926.0,3153926,3.543699e-05,1,AT3G10180,AT3G10180,AT3G10180,0.0
3,Chr3_3153959.0,3153959,3.543699e-05,1,AT3G10180,AT3G10180,AT3G10180,0.0
3,Chr3_3153970.0,3153970,3.543699e-05,1,AT3G10180,AT3G10180,AT3G10180,0.0
3,Chr3_3153971.0,3153971,3.543699e-05,1,AT3G10180,AT3G10180,AT3G10180,0.0
3,Chr3_3153976.0,3153976,3.543699e-05,1,AT3G10180,AT3G10180,AT3G10180,0.0
3,Chr3_3153981.0,3153981,3.543699e-05,1,AT3G10180,AT3G10180,AT3G10180,0.0
3,Chr3_3153991.0,3153991,3.543699e-05,1,AT3G10180,AT3G10180,AT3G10180,0.0
3,Chr3_3154007.0,3154007,3.543699e-05,1,AT3G10180,AT3G10180,AT3G10180,0.0
3,Chr3_3154020.0,3154020,3.543699e-05,1,AT3G10180,AT3G10180,AT3G10180,0.0
3,Chr3_3154073.0,3154073,3.543699e-05,1,AT3G10180,AT3G10180,AT3G10180,0.0
3,Chr3_3154191.0,3154191,3.543699e-05,1,AT3G10180,AT3G10180,AT3G10180,0.0
3,Chr3_3154211.0,3154211,3.543699e-05,1,AT3G10180,AT3G10180,AT3G10180,0.0
3,Chr3_3154221.0,3154221,3.543699e-05,1,AT3G10180,AT3G10180,AT3G10180,0.0
3,Chr3_3154285.0,3154285,3.543699e-05,1,AT3G10180,AT3G10180,AT3G10180,0.0
3,Chr3_3154316.0,3154316,3.543699e-05,1,AT3G10180,AT3G10180,AT3G10180,0.0
3,Chr3_3154366.0,3154366,3.543699e-05,1,AT3G10180,AT3G10180,AT3G10180,0.0
3,Chr3_3154372.0,3154372,3.543699e-05,1,AT3G10180,AT3G10180,AT3G10180,0.0
3,Chr3_3154480.0,3154480,3.543699e-05,1,AT3G10180,AT3G10180,AT3G10180,0.0
3,Chr3_3154483.0,3154483,3.543699e-05,1,AT3G10180,AT3G10180,AT3G10180,0.0
3,Chr3_6729711.0,6729711,3.545587e-05,1,AT3G19410,AT3G19410,AT3G19410,0.0
3,Chr3_6734636.0,6734636,3.545587e-05,1,AT3G19420,AT3G19420,AT3G19420,0.0
5,Chr5_26483049.0,26483049,3.554882e-05,0,,,,
3,Chr3_6778658.0,6778658,3.555921e-05,0,,,,
3,Chr3_3147472.0,3147472,3.560538e-05,1,AT3G10180,AT3G10180,AT3G10180,0.0
4,Chr4_15001112.0,15001112,3.56082e-05,0,,,,
2,Chr2_5561302.0,5561302,3.565277e-05,0,,,,
4,Chr4_5620089.0,5620089,3.587436e-05,0,,,,
5,Chr5_9525749.0,9525749,3.610982e-05,0,,,,
3,Chr3_15887138.0,15887138,3.633377e-05,0,,,,
2,Chr2_91695.0,91695,3.633437e-05,1,AT2G01130,AT2G01130,AT2G01130,0.0
3,Chr3_3145437.0,3145437,3.637395e-05,0,,,,
4,Chr4_11374432.0,11374432,3.639959e-05,0,,,,
3,Chr3_3151212.0,3151212,3.640341e-05,1,AT3G10180,AT3G10180,AT3G10180,0.0
3,Chr3_3151218.0,3151218,3.640341e-05,1,AT3G10180,AT3G10180,AT3G10180,0.0
2,Chr2_5285554.0,5285554,3.644312e-05,0,,,,
4,Chr4_9764841.0,9764841,3.65026e-05,1,AT4G17505,AT4G17505,AT4G17505,0.0
1,Chr1_9458583.0,9458583,3.651312e-05,0,,,,
2,Chr2_4506551.0,4506551,3.652938e-05,0,,,,
4,Chr4_5620262.0,5620262,3.664529e-05,0,,,,
3,Chr3_15763559.0,15763559,3.666227e-05,0,,,,
3,Chr3_15647699.0,15647699,3.675246e-05,0,,,,
3,Chr3_15876741.0,15876741,3.68557e-05,0,,,,
2,Chr2_19054342.0,19054342,3.687083e-05,1,AT2G46420,AT2G46420,AT2G46420,0.0
5,Chr5_9870701.0,9870701,3.710577e-05,0,,,,
1,Chr1_2951951.0,2951951,3.718953e-05,1,AT1G09157,AT1G09157,AT1G09157,0.0
2,Chr2_11164046.0,11164046,3.721207e-05,0,,,,
4,Chr4_17996237.0,17996237,3.733585e-05,0,,,,
3,Chr3_14787592.0,14787592,3.74624e-05,0,,,,
4,Chr4_4453477.0,4453477,3.752425e-05,0,,,,
5,Chr5_2161686.0,2161686,3.754353e-05,1,AT5G06970,AT5G06970,AT5G06970,0.0
2,Chr2_94132.0,94132,3.760403e-05,1,AT2G01130,AT2G01130,AT2G01130,0.0
5,Chr5_26425724.0,26425724,3.766237e-05,0,,,,
5,Chr5_26425747.0,26425747,3.766237e-05,1,AT5G66090,AT5G66090,AT5G66090,0.0
5,Chr5_26425748.0,26425748,3.766237e-05,1,AT5G66090,AT5G66090,AT5G66090,0.0
5,Chr5_26425753.0,26425753,3.766237e-05,1,AT5G66090,AT5G66090,AT5G66090,0.0
3,Chr3_12037914.0,12037914,3.767242e-05,0,,,,
2,Chr2_5168187.0,5168187,3.769416e-05,1,AT2G12646,AT2G12646,AT2G12646,0.0
2,Chr2_5170970.0,5170970,3.769416e-05,0,,,,
2,Chr2_5171200.0,5171200,3.769416e-05,0,,,,
2,Chr2_5171529.0,5171529,3.769416e-05,0,,,,
2,Chr2_5173677.0,5173677,3.769416e-05,0,,,,
2,Chr2_5174545.0,5174545,3.769416e-05,0,,,,
2,Chr2_5174731.0,5174731,3.769416e-05,0,,,,
2,Chr2_5184414.0,5184414,3.769416e-05,0,,,,
2,Chr2_5186062.0,5186062,3.769416e-05,0,,,,
2,Chr2_5187139.0,5187139,3.769416e-05,0,,,,
2,Chr2_5188001.0,5188001,3.769416e-05,0,,,,
2,Chr2_5216734.0,5216734,3.769416e-05,0,,,,
2,Chr2_5217583.0,5217583,3.769416e-05,0,,,,
2,Chr2_5218492.0,5218492,3.769416e-05,0,,,,
2,Chr2_5219190.0,5219190,3.769416e-05,0,,,,
2,Chr2_5220775.0,5220775,3.769416e-05,0,,,,
2,Chr2_5243673.0,5243673,3.769416e-05,0,,,,
2,Chr2_5291054.0,5291054,3.769416e-05,1,AT2G12875,AT2G12875,AT2G12875,0.0
2,Chr2_5293367.0,5293367,3.769416e-05,0,,,,
2,Chr2_5293699.0,5293699,3.769416e-05,0,,,,
2,Chr2_5293880.0,5293880,3.769416e-05,0,,,,
2,Chr2_5294959.0,5294959,3.769416e-05,1,AT2G12900,AT2G12900,AT2G12900,0.0
2,Chr2_5295612.0,5295612,3.769416e-05,0,,,,
2,Chr2_5296712.0,5296712,3.769416e-05,0,,,,
2,Chr2_5302134.0,5302134,3.769416e-05,0,,,,
2,Chr2_5302324.0,5302324,3.769416e-05,0,,,,
2,Chr2_5306984.0,5306984,3.769416e-05,0,,,,
2,Chr2_5307013.0,5307013,3.769416e-05,0,,,,
2,Chr2_5321990.0,5321990,3.769416e-05,0,,,,
2,Chr2_5328164.0,5328164,3.769416e-05,0,,,,
2,Chr2_5347371.0,5347371,3.769416e-05,0,,,,
2,Chr2_5383564.0,5383564,3.769416e-05,0,,,,
2,Chr2_5384164.0,5384164,3.769416e-05,0,,,,
2,Chr2_5387735.0,5387735,3.769416e-05,0,,,,
2,Chr2_5387932.0,5387932,3.769416e-05,0,,,,
4,Chr4_15432676.0,15432676,3.776e-05,1,AT4G31900,AT4G31900,AT4G31900,0.0
3,Chr3_15886235.0,15886235,3.781498e-05,0,,,,
2,Chr2_5415929.0,5415929,3.789343e-05,1,AT2G13125,AT2G13125,AT2G13125,0.0
1,Chr1_29218010.0,29218010,3.793563e-05,0,,,,
4,Chr4_1830854.0,1830854,3.79957e-05,0,,,,
3,Chr3_15939486.0,15939486,3.812842e-05,0,,,,
2,Chr2_5539650.0,5539650,3.816116e-05,1,AT2G13360,AT2G13360,AT2G13360,0.0
3,Chr3_3146663.0,3146663,3.824649e-05,1,AT3G10180,AT3G10180,AT3G10180,0.0
3,Chr3_3149290.0,3149290,3.824649e-05,1,AT3G10180,AT3G10180,AT3G10180,0.0
1,Chr1_3304284.0,3304284,3.827994e-05,1,AT1G10120,AT1G10120,AT1G10120,0.0
1,Chr1_3304304.0,3304304,3.827994e-05,1,AT1G10120,AT1G10120,AT1G10120,0.0
1,Chr1_3304384.0,3304384,3.827994e-05,1,AT1G10120,AT1G10120,AT1G10120,0.0
1,Chr1_3304462.0,3304462,3.827994e-05,1,AT1G10120,AT1G10120,AT1G10120,0.0
1,Chr1_3304500.0,3304500,3.827994e-05,1,AT1G10120,AT1G10120,AT1G10120,0.0
1,Chr1_3304505.0,3304505,3.827994e-05,1,AT1G10120,AT1G10120,AT1G10120,0.0
1,Chr1_3304757.0,3304757,3.827994e-05,1,AT1G10120,AT1G10120,AT1G10120,0.0
1,Chr1_3304775.0,3304775,3.827994e-05,1,AT1G10120,AT1G10120,AT1G10120,0.0
1,Chr1_3304829.0,3304829,3.827994e-05,1,AT1G10120,AT1G10120,AT1G10120,0.0
3,Chr3_4571884.0,4571884,3.829412e-05,0,,,,
5,Chr5_11917195.0,11917195,3.839832e-05,0,,,,
3,Chr3_4572890.0,4572890,3.850076e-05,1,AT3G13880,AT3G13880,AT3G13880,0.0
2,Chr2_7897277.0,7897277,3.852332e-05,0,,,,
1,Chr1_4327286.0,4327286,3.862553e-05,1,AT1G12710,AT1G12710,AT1G12710,0.0
1,Chr1_4327253.0,4327253,3.868764e-05,1,AT1G12710,AT1G12710,AT1G12710,0.0
2,Chr2_677353.0,677353,3.874365e-05,1,AT2G02520,AT2G02520,AT2G02520,0.0
4,Chr4_1265733.0,1265733,3.896029e-05,1,AT4G02840,AT4G02840,AT4G02840,0.0
4,Chr4_1270381.0,1270381,3.896029e-05,1,AT4G02860,AT4G02860,AT4G02860,0.0
1,Chr1_22379496.0,22379496,3.896361e-05,0,,,,
2,Chr2_3919645.0,3919645,3.89735e-05,0,,,,
5,Chr5_12972568.0,12972568,3.913152e-05,0,,,,
5,Chr5_15973955.0,15973955,3.924804e-05,0,,,,
4,Chr4_2173166.0,2173166,3.9283e-05,0,,,,
1,Chr1_1205546.0,1205546,3.939166e-05,1,AT1G04440,AT1G04440,AT1G04440,0.0
1,Chr1_1206100.0,1206100,3.939166e-05,0,,,,
4,Chr4_1263388.0,1263388,3.943122e-05,1,AT4G02830,AT4G02830,AT4G02830,0.0
2,Chr2_8590242.0,8590242,3.957562e-05,1,AT2G19893,AT2G19893,AT2G19893,0.0
2,Chr2_8590561.0,8590561,3.957562e-05,0,,,,
3,Chr3_15944458.0,15944458,3.962468e-05,0,,,,
4,Chr4_2861967.0,2861967,3.970499e-05,0,,,,
1,Chr1_29499698.0,29499698,3.974635e-05,0,,,,
3,Chr3_5267134.0,5267134,3.995493e-05,1,AT3G15548,AT3G15548,AT3G15548,0.0
1,Chr1_3425536.0,3425536,4.005987e-05,1,AT1G10417,AT1G10417,AT1G10417,0.0
3,Chr3_12037827.0,12037827,4.006917e-05,0,,,,
4,Chr4_2003628.0,2003628,4.018457e-05,0,,,,
3,Chr3_15850395.0,15850395,4.029352e-05,0,,,,
1,Chr1_29013984.0,29013984,4.042661e-05,1,AT1G77220,AT1G77220,AT1G77220,0.0
3,Chr3_15964230.0,15964230,4.065284e-05,0,,,,
3,Chr3_15756172.0,15756172,4.073358e-05,1,AT3G43920,AT3G43920,AT3G43920,0.0
3,Chr3_15954104.0,15954104,4.077367e-05,0,,,,
3,Chr3_3172494.0,3172494,4.082378e-05,1,AT3G10260,AT3G10260,AT3G10260,0.0
5,Chr5_20156968.0,20156968,4.101146e-05,0,,,,
5,Chr5_20163938.0,20163938,4.101146e-05,1,AT5G49660,AT5G49660,AT5G49660,0.0
5,Chr5_20200356.0,20200356,4.101146e-05,0,,,,
5,Chr5_20200612.0,20200612,4.101146e-05,0,,,,
3,Chr3_2988825.0,2988825,4.106812e-05,0,,,,
1,Chr1_29012300.0,29012300,4.115574e-05,0,,,,
3,Chr3_14320435.0,14320435,4.119367e-05,0,,,,
2,Chr2_18353373.0,18353373,4.134903e-05,0,,,,
3,Chr3_4577270.0,4577270,4.135349e-05,1,AT3G13890,AT3G13890,AT3G13890,0.0
3,Chr3_3153837.0,3153837,4.1415e-05,1,AT3G10180,AT3G10180,AT3G10180,0.0
3,Chr3_2988496.0,2988496,4.146865e-05,0,,,,
2,Chr2_1109048.0,1109048,4.149443e-05,0,,,,
2,Chr2_1109232.0,1109232,4.149443e-05,0,,,,
2,Chr2_1110643.0,1110643,4.149443e-05,0,,,,
2,Chr2_1111632.0,1111632,4.149443e-05,0,,,,
2,Chr2_1112474.0,1112474,4.149443e-05,0,,,,
3,Chr3_15429419.0,15429419,4.164606e-05,0,,,,
1,Chr1_4295332.0,4295332,4.174271e-05,1,AT1G12620,AT1G12620,AT1G12620,0.0
3,Chr3_16828623.0,16828623,4.174981e-05,0,,,,
2,Chr2_5775390.0,5775390,4.189323e-05,1,AT2G13820,AT2G13820,AT2G13820,0.0
4,Chr4_3118840.0,3118840,4.191155e-05,0,,,,
2,Chr2_5580233.0,5580233,4.192581e-05,0,,,,
3,Chr3_3147582.0,3147582,4.192935e-05,1,AT3G10180,AT3G10180,AT3G10180,0.0
5,Chr5_26494123.0,26494123,4.19481e-05,0,,,,
1,Chr1_29018470.0,29018470,4.199684e-05,2,AT1G77230;AT1G77240,AT1G77230,AT1G77230,0.0
4,Chr4_1290675.0,1290675,4.212577e-05,0,,,,
5,Chr5_12918929.0,12918929,4.215592e-05,0,,,,
5,Chr5_11387377.0,11387377,4.222405e-05,0,,,,
3,Chr3_2100487.0,2100487,4.243577e-05,1,AT3G36659,AT3G36659,AT3G36659,0.0
1,Chr1_4319447.0,4319447,4.261373e-05,0,,,,
3,Chr3_15990069.0,15990069,4.270922e-05,0,,,,
3,Chr3_15770237.0,15770237,4.271061e-05,0,,,,
2,Chr2_19573771.0,19573771,4.302971e-05,0,,,,
1,Chr1_23803207.0,23803207,4.30451e-05,1,AT1G64130,AT1G64130,AT1G64130,0.0
3,Chr3_3145752.0,3145752,4.306582e-05,1,AT3G10185,AT3G10185,AT3G10185,0.0
3,Chr3_3145770.0,3145770,4.306582e-05,1,AT3G10185,AT3G10185,AT3G10185,0.0
1,Chr1_4319125.0,4319125,4.307437e-05,0,,,,
1,Chr1_4319130.0,4319130,4.307437e-05,0,,,,
3,Chr3_15976215.0,15976215,4.348799e-05,0,,,,
3,Chr3_15611657.0,15611657,4.355947e-05,0,,,,
5,Chr5_21088430.0,21088430,4.358409e-05,0,,,,
3,Chr3_4598135.0,4598135,4.361013e-05,1,AT3G13930,AT3G13930,AT3G13930,0.0
2,Chr2_5239527.0,5239527,4.370256e-05,0,,,,
3,Chr3_15186299.0,15186299,4.403549e-05,0,,,,
1,Chr1_1692748.0,1692748,4.413741e-05,0,,,,
1,Chr1_1692918.0,1692918,4.413741e-05,0,,,,
1,Chr1_1693207.0,1693207,4.413741e-05,0,,,,
3,Chr3_13423575.0,13423575,4.428185e-05,0,,,,
3,Chr3_3151313.0,3151313,4.431212e-05,1,AT3G10180,AT3G10180,AT3G10180,0.0
5,Chr5_11917170.0,11917170,4.443105e-05,0,,,,
3,Chr3_2998632.0,2998632,4.443209e-05,0,,,,
3,Chr3_15834466.0,15834466,4.456919e-05,0,,,,
2,Chr2_995918.0,995918,4.463575e-05,1,AT2G03270,AT2G03270,AT2G03270,0.0
3,Chr3_15915489.0,15915489,4.467793e-05,0,,,,
3,Chr3_15916257.0,15916257,4.467793e-05,0,,,,
3,Chr3_15918731.0,15918731,4.467793e-05,0,,,,
3,Chr3_15919707.0,15919707,4.467793e-05,0,,,,
3,Chr3_15921543.0,15921543,4.467793e-05,0,,,,
3,Chr3_15921882.0,15921882,4.467793e-05,0,,,,
3,Chr3_15923805.0,15923805,4.467793e-05,0,,,,
3,Chr3_15924265.0,15924265,4.467793e-05,0,,,,
3,Chr3_15924790.0,15924790,4.467793e-05,0,,,,
3,Chr3_3149399.0,3149399,4.488026e-05,1,AT3G10180,AT3G10180,AT3G10180,0.0
3,Chr3_3149400.0,3149400,4.488026e-05,1,AT3G10180,AT3G10180,AT3G10180,0.0
3,Chr3_3149414.0,3149414,4.488026e-05,1,AT3G10180,AT3G10180,AT3G10180,0.0
1,Chr1_4287669.0,4287669,4.502386e-05,1,AT1G12600,AT1G12600,AT1G12600,0.0
1,Chr1_4287673.0,4287673,4.502386e-05,1,AT1G12600,AT1G12600,AT1G12600,0.0
1,Chr1_4287682.0,4287682,4.502386e-05,1,AT1G12600,AT1G12600,AT1G12600,0.0
1,Chr1_4287735.0,4287735,4.502386e-05,1,AT1G12600,AT1G12600,AT1G12600,0.0
1,Chr1_4287870.0,4287870,4.502386e-05,1,AT1G12600,AT1G12600,AT1G12600,0.0
1,Chr1_4287945.0,4287945,4.502386e-05,1,AT1G12600,AT1G12600,AT1G12600,0.0
1,Chr1_4288183.0,4288183,4.502386e-05,1,AT1G12600,AT1G12600,AT1G12600,0.0
1,Chr1_4288192.0,4288192,4.502386e-05,1,AT1G12600,AT1G12600,AT1G12600,0.0
1,Chr1_4288337.0,4288337,4.502386e-05,1,AT1G12600,AT1G12600,AT1G12600,0.0
1,Chr1_4288354.0,4288354,4.502386e-05,1,AT1G12600,AT1G12600,AT1G12600,0.0
1,Chr1_4288387.0,4288387,4.502386e-05,1,AT1G12600,AT1G12600,AT1G12600,0.0
1,Chr1_4288920.0,4288920,4.502386e-05,0,,,,
1,Chr1_4288932.0,4288932,4.502386e-05,0,,,,
1,Chr1_4289019.0,4289019,4.502386e-05,0,,,,
1,Chr1_4289383.0,4289383,4.502386e-05,0,,,,
1,Chr1_4291176.0,4291176,4.502386e-05,0,,,,
3,Chr3_15262578.0,15262578,4.505684e-05,0,,,,
4,Chr4_1356521.0,1356521,4.50725e-05,0,,,,
2,Chr2_4502642.0,4502642,4.507428e-05,0,,,,
2,Chr2_4511312.0,4511312,4.507428e-05,0,,,,
2,Chr2_15058151.0,15058151,4.512502e-05,0,,,,
2,Chr2_15058152.0,15058152,4.512502e-05,0,,,,
2,Chr2_15058153.0,15058153,4.512502e-05,0,,,,
1,Chr1_6009591.0,6009591,4.519757e-05,0,,,,
2,Chr2_1783882.0,1783882,4.523395e-05,0,,,,
5,Chr5_25943089.0,25943089,4.52752e-05,1,AT5G64910,AT5G64910,AT5G64910,0.0
2,Chr2_677761.0,677761,4.535155e-05,1,AT2G02520,AT2G02520,AT2G02520,0.0
2,Chr2_6920774.0,6920774,4.535914e-05,1,AT2G15890,AT2G15890,AT2G15890,0.0
4,Chr4_1568705.0,1568705,4.567765e-05,0,,,,
4,Chr4_1568707.0,1568707,4.567765e-05,0,,,,
1,Chr1_11167182.0,11167182,4.568953e-05,1,AT1G31250,AT1G31250,AT1G31250,0.0
1,Chr1_905017.0,905017,4.570328e-05,1,AT1G03620,AT1G03620,AT1G03620,0.0
5,Chr5_10480352.0,10480352,4.577375e-05,0,,,,
3,Chr3_12758511.0,12758511,4.592215e-05,0,,,,
2,Chr2_677166.0,677166,4.59507e-05,1,AT2G02520,AT2G02520,AT2G02520,0.0
2,Chr2_677252.0,677252,4.59507e-05,1,AT2G02520,AT2G02520,AT2G02520,0.0
3,Chr3_12694245.0,12694245,4.605335e-05,0,,,,
3,Chr3_3161181.0,3161181,4.620124e-05,1,AT3G10210,AT3G10210,AT3G10210,0.0
2,Chr2_19058431.0,19058431,4.620701e-05,1,AT2G46430,AT2G46430,AT2G46430,0.0
2,Chr2_19058555.0,19058555,4.620701e-05,1,AT2G46430,AT2G46430,AT2G46430,0.0
2,Chr2_19058571.0,19058571,4.620701e-05,1,AT2G46430,AT2G46430,AT2G46430,0.0
2,Chr2_5247039.0,5247039,4.645071e-05,0,,,,
2,Chr2_5404503.0,5404503,4.6639e-05,0,,,,
2,Chr2_5406443.0,5406443,4.6639e-05,0,,,,
3,Chr3_15818201.0,15818201,4.671845e-05,0,,,,
3,Chr3_15920463.0,15920463,4.672048e-05,0,,,,
3,Chr3_16830849.0,16830849,4.692191e-05,1,AT3G45800,AT3G45800,AT3G45800,0.0
3,Chr3_16831098.0,16831098,4.692191e-05,1,AT3G45800,AT3G45800,AT3G45800,0.0
3,Chr3_16831408.0,16831408,4.692191e-05,1,AT3G45800,AT3G45800,AT3G45800,0.0
4,Chr4_1255769.0,1255769,4.695456e-05,0,,,,
3,Chr3_13997846.0,13997846,4.701478e-05,0,,,,
1,Chr1_968914.0,968914,4.710416e-05,1,AT1G03840,AT1G03840,AT1G03840,0.0
3,Chr3_15755593.0,15755593,4.714699e-05,1,AT3G43920,AT3G43920,AT3G43920,0.0
2,Chr2_1728465.0,1728465,4.725684e-05,0,,,,
2,Chr2_1729334.0,1729334,4.725684e-05,0,,,,
2,Chr2_1733393.0,1733393,4.725684e-05,0,,,,
2,Chr2_1734916.0,1734916,4.725684e-05,0,,,,
2,Chr2_1767396.0,1767396,4.725684e-05,0,,,,
2,Chr2_1770328.0,1770328,4.725684e-05,0,,,,
2,Chr2_1770503.0,1770503,4.725684e-05,0,,,,
2,Chr2_1784439.0,1784439,4.725684e-05,0,,,,
2,Chr2_1784850.0,1784850,4.725684e-05,0,,,,
2,Chr2_1785955.0,1785955,4.725684e-05,0,,,,
2,Chr2_1787065.0,1787065,4.725684e-05,0,,,,
3,Chr3_15658508.0,15658508,4.747905e-05,1,AT3G43790,AT3G43790,AT3G43790,0.0
3,Chr3_15658675.0,15658675,4.747905e-05,1,AT3G43790,AT3G43790,AT3G43790,0.0
3,Chr3_15658713.0,15658713,4.747905e-05,1,AT3G43790,AT3G43790,AT3G43790,0.0
5,Chr5_19495908.0,19495908,4.761577e-05,0,,,,
1,Chr1_17712738.0,17712738,4.764666e-05,0,,,,
1,Chr1_3325186.0,3325186,4.764959e-05,0,,,,
2,Chr2_19055069.0,19055069,4.786251e-05,1,AT2G46420,AT2G46420,AT2G46420,0.0
2,Chr2_5278443.0,5278443,4.786287e-05,0,,,,
2,Chr2_5279208.0,5279208,4.786287e-05,0,,,,
2,Chr2_5279772.0,5279772,4.786287e-05,0,,,,
2,Chr2_5280190.0,5280190,4.786287e-05,0,,,,
2,Chr2_5305742.0,5305742,4.786287e-05,0,,,,
2,Chr2_5317768.0,5317768,4.786287e-05,1,AT2G12940,AT2G12940,AT2G12940,0.0
2,Chr2_5320670.0,5320670,4.786287e-05,0,,,,
2,Chr2_5321223.0,5321223,4.786287e-05,0,,,,
1,Chr1_16581412.0,16581412,4.791721e-05,0,,,,
3,Chr3_6147661.0,6147661,4.795638e-05,0,,,,
3,Chr3_4560411.0,4560411,4.811146e-05,1,AT3G13850,AT3G13850,AT3G13850,0.0
3,Chr3_4560953.0,4560953,4.811146e-05,2,AT3G13850;AT3G13855,AT3G13850,AT3G13850,0.0
3,Chr3_4574127.0,4574127,4.811146e-05,1,AT3G13880,AT3G13880,AT3G13880,0.0
3,Chr3_4580642.0,4580642,4.811146e-05,0,,,,
5,Chr5_11744647.0,11744647,4.820462e-05,0,,,,
3,Chr3_15777198.0,15777198,4.83296e-05,0,,,,
4,Chr4_15080956.0,15080956,4.844025e-05,1,AT4G30980,AT4G30980,AT4G30980,0.0
2,Chr2_4855343.0,4855343,4.849903e-05,0,,,,
3,Chr3_7715149.0,7715149,4.856359e-05,0,,,,
1,Chr1_29748467.0,29748467,4.860559e-05,1,AT1G79080,AT1G79080,AT1G79080,0.0
1,Chr1_29754192.0,29754192,4.860559e-05,1,AT1G79100,AT1G79100,AT1G79100,0.0
3,Chr3_12387638.0,12387638,4.866182e-05,0,,,,
2,Chr2_2378864.0,2378864,4.866394e-05,0,,,,
3,Chr3_15815944.0,15815944,4.871748e-05,0,,,,
3,Chr3_15817834.0,15817834,4.871748e-05,0,,,,
3,Chr3_15817837.0,15817837,4.871748e-05,0,,,,
4,Chr4_998201.0,998201,4.875252e-05,1,AT4G02280,AT4G02280,AT4G02280,0.0
4,Chr4_3296030.0,3296030,4.904541e-05,0,,,,
3,Chr3_15947778.0,15947778,4.909167e-05,0,,,,
3,Chr3_15777151.0,15777151,4.912905e-05,0,,,,
1,Chr1_3930271.0,3930271,4.925494e-05,1,AT1G11670,AT1G11670,AT1G11670,0.0
1,Chr1_4267231.0,4267231,4.936519e-05,1,AT1G12520,AT1G12520,AT1G12520,0.0
5,Chr5_9819033.0,9819033,4.967294e-05,0,,,,
2,Chr2_11161565.0,11161565,4.968109e-05,0,,,,
2,Chr2_5394864.0,5394864,4.974029e-05,0,,,,
2,Chr2_5395067.0,5395067,4.974029e-05,0,,,,
5,Chr5_26427209.0,26427209,5.011773e-05,0,,,,
4,Chr4_231050.0,231050,5.014882e-05,1,AT4G00520,AT4G00520,AT4G00520,0.0
2,Chr2_5819036.0,5819036,5.072385e-05,0,,,,
5,Chr5_8421218.0,8421218,5.076104e-05,0,,,,
2,Chr2_5179935.0,5179935,5.091902e-05,0,,,,
4,Chr4_1989065.0,1989065,5.128639e-05,0,,,,
2,Chr2_14657309.0,14657309,5.13347e-05,1,AT2G34730,AT2G34730,AT2G34730,0.0
2,Chr2_5583945.0,5583945,5.133623e-05,0,,,,
2,Chr2_7175061.0,7175061,5.148435e-05,0,,,,
5,Chr5_10959159.0,10959159,5.170756e-05,0,,,,
1,Chr1_3426711.0,3426711,5.216996e-05,1,AT1G10417,AT1G10417,AT1G10417,0.0
1,Chr1_1195089.0,1195089,5.22313e-05,1,AT1G04425,AT1G04425,AT1G04425,0.0
5,Chr5_549207.0,549207,5.236857e-05,1,AT5G02480,AT5G02480,AT5G02480,0.0
2,Chr2_5361443.0,5361443,5.249495e-05,0,,,,
3,Chr3_15632548.0,15632548,5.254083e-05,0,,,,
2,Chr2_134491.0,134491,5.282937e-05,0,,,,
2,Chr2_134873.0,134873,5.282937e-05,0,,,,
5,Chr5_16047662.0,16047662,5.289131e-05,0,,,,
4,Chr4_1302968.0,1302968,5.297549e-05,0,,,,
4,Chr4_1303401.0,1303401,5.297549e-05,0,,,,
4,Chr4_1303430.0,1303430,5.297549e-05,0,,,,
4,Chr4_1303463.0,1303463,5.297549e-05,0,,,,
4,Chr4_1303907.0,1303907,5.297549e-05,0,,,,
1,Chr1_998328.0,998328,5.319224e-05,1,AT1G03910,AT1G03910,AT1G03910,0.0
1,Chr1_999231.0,999231,5.319224e-05,1,AT1G03910,AT1G03910,AT1G03910,0.0
2,Chr2_5741787.0,5741787,5.323534e-05,0,,,,
4,Chr4_3115832.0,3115832,5.324403e-05,0,,,,
4,Chr4_3116558.0,3116558,5.324403e-05,0,,,,
4,Chr4_3118071.0,3118071,5.324403e-05,0,,,,
4,Chr4_3121757.0,3121757,5.324403e-05,0,,,,
4,Chr4_3122364.0,3122364,5.324403e-05,0,,,,
3,Chr3_12530550.0,12530550,5.32458e-05,1,AT3G30820,AT3G30820,AT3G30820,0.0
1,Chr1_4219003.0,4219003,5.366898e-05,0,,,,
1,Chr1_4219022.0,4219022,5.366898e-05,0,,,,
1,Chr1_4219023.0,4219023,5.366898e-05,0,,,,
1,Chr1_4219050.0,4219050,5.366898e-05,0,,,,
1,Chr1_1770825.0,1770825,5.367349e-05,1,AT1G05860,AT1G05860,AT1G05860,0.0
1,Chr1_4220293.0,4220293,5.378555e-05,1,AT1G12390,AT1G12390,AT1G12390,0.0
2,Chr2_5670796.0,5670796,5.395651e-05,0,,,,
1,Chr1_16581697.0,16581697,5.395714e-05,0,,,,
1,Chr1_16616247.0,16616247,5.395714e-05,0,,,,
5,Chr5_8428121.0,8428121,5.401384e-05,1,AT5G24610,AT5G24610,AT5G24610,0.0
4,Chr4_6718931.0,6718931,5.407734e-05,0,,,,
4,Chr4_6718951.0,6718951,5.407734e-05,0,,,,
4,Chr4_6719824.0,6719824,5.407734e-05,1,AT4G10970,AT4G10970,AT4G10970,0.0
2,Chr2_5580184.0,5580184,5.410275e-05,0,,,,
3,Chr3_11276228.0,11276228,5.440405e-05,0,,,,
1,Chr1_7241559.0,7241559,5.449297e-05,0,,,,
1,Chr1_3930182.0,3930182,5.465212e-05,1,AT1G11670,AT1G11670,AT1G11670,0.0
5,Chr5_20167845.0,20167845,5.499631e-05,1,AT5G49665,AT5G49665,AT5G49665,0.0
1,Chr1_29521347.0,29521347,5.503379e-05,0,,,,
3,Chr3_13619927.0,13619927,5.521004e-05,0,,,,
4,Chr4_6734316.0,6734316,5.538698e-05,1,AT4G11010,AT4G11010,AT4G11010,0.0
4,Chr4_6737223.0,6737223,5.538698e-05,0,,,,
4,Chr4_6738425.0,6738425,5.538698e-05,1,AT4G11030,AT4G11030,AT4G11030,0.0
4,Chr4_1233838.0,1233838,5.541373e-05,0,,,,
4,Chr4_6191299.0,6191299,5.543257e-05,1,AT4G09840,AT4G09840,AT4G09840,0.0
1,Chr1_4281575.0,4281575,5.546876e-05,0,,,,
4,Chr4_13006840.0,13006840,5.561598e-05,1,AT4G25440,AT4G25440,AT4G25440,0.0
4,Chr4_13012950.0,13012950,5.561598e-05,1,AT4G25450,AT4G25450,AT4G25450,0.0
4,Chr4_6458652.0,6458652,5.561618e-05,0,,,,
1,Chr1_30243936.0,30243936,5.563324e-05,1,AT1G80450,AT1G80450,AT1G80450,0.0
3,Chr3_15423786.0,15423786,5.583298e-05,0,,,,
2,Chr2_5378187.0,5378187,5.615214e-05,0,,,,
4,Chr4_3117654.0,3117654,5.626975e-05,0,,,,
4,Chr4_18506315.0,18506315,5.670577e-05,1,AT4G39890,AT4G39890,AT4G39890,0.0
2,Chr2_1378220.0,1378220,5.674468e-05,1,AT2G04100,AT2G04100,AT2G04100,0.0
3,Chr3_15871849.0,15871849,5.688693e-05,0,,,,
4,Chr4_2330659.0,2330659,5.690005e-05,0,,,,
1,Chr1_4266614.0,4266614,5.691364e-05,0,,,,
3,Chr3_15833454.0,15833454,5.716984e-05,0,,,,
4,Chr4_9994996.0,9994996,5.724497e-05,0,,,,
3,Chr3_15755260.0,15755260,5.742239e-05,1,AT3G43920,AT3G43920,AT3G43920,0.0
3,Chr3_15756648.0,15756648,5.742239e-05,1,AT3G43920,AT3G43920,AT3G43920,0.0
3,Chr3_15756715.0,15756715,5.742239e-05,1,AT3G43920,AT3G43920,AT3G43920,0.0
3,Chr3_15875313.0,15875313,5.746442e-05,1,AT3G44115,AT3G44115,AT3G44115,0.0
2,Chr2_677532.0,677532,5.753152e-05,1,AT2G02520,AT2G02520,AT2G02520,0.0
2,Chr2_677534.0,677534,5.753152e-05,1,AT2G02520,AT2G02520,AT2G02520,0.0
2,Chr2_677538.0,677538,5.753152e-05,1,AT2G02520,AT2G02520,AT2G02520,0.0
2,Chr2_677552.0,677552,5.753152e-05,1,AT2G02520,AT2G02520,AT2G02520,0.0
3,Chr3_14795889.0,14795889,5.754423e-05,0,,,,
1,Chr1_10191931.0,10191931,5.76794e-05,1,AT1G29170,AT1G29170,AT1G29170,0.0
3,Chr3_3161701.0,3161701,5.798128e-05,0,,,,
3,Chr3_3168294.0,3168294,5.798128e-05,1,AT3G10250,AT3G10250,AT3G10250,0.0
3,Chr3_3170642.0,3170642,5.798128e-05,1,AT3G10250,AT3G10250,AT3G10250,0.0
4,Chr4_994264.0,994264,5.804236e-05,0,,,,
1,Chr1_959910.0,959910,5.808364e-05,1,AT1G03820,AT1G03820,AT1G03820,0.0
1,Chr1_960018.0,960018,5.808364e-05,1,AT1G03820,AT1G03820,AT1G03820,0.0
1,Chr1_3322334.0,3322334,5.83551e-05,0,,,,
1,Chr1_16583797.0,16583797,5.866707e-05,0,,,,
2,Chr2_15094749.0,15094749,5.871363e-05,0,,,,
5,Chr5_543930.0,543930,5.873696e-05,1,AT5G02470,AT5G02470,AT5G02470,0.0
2,Chr2_13843215.0,13843215,5.880751e-05,1,AT2G32620,AT2G32620,AT2G32620,0.0
2,Chr2_13843216.0,13843216,5.880751e-05,1,AT2G32620,AT2G32620,AT2G32620,0.0
5,Chr5_10822640.0,10822640,5.902952e-05,0,,,,
2,Chr2_7630423.0,7630423,5.908754e-05,1,AT2G17540,AT2G17540,AT2G17540,0.0
3,Chr3_16836465.0,16836465,5.923121e-05,1,AT3G45810,AT3G45810,AT3G45810,0.0
2,Chr2_5110573.0,5110573,5.946372e-05,0,,,,
2,Chr2_5174004.0,5174004,5.954645e-05,0,,,,
3,Chr3_3145386.0,3145386,5.961486e-05,0,,,,
3,Chr3_7764727.0,7764727,5.968434e-05,1,AT3G22050,AT3G22050,AT3G22050,0.0
3,Chr3_7769010.0,7769010,5.968434e-05,0,,,,
3,Chr3_7776844.0,7776844,5.968434e-05,0,,,,
3,Chr3_7780618.0,7780618,5.968434e-05,1,AT3G22080,AT3G22080,AT3G22080,0.0
1,Chr1_3425106.0,3425106,5.99088e-05,1,AT1G10417,AT1G10417,AT1G10417,0.0
3,Chr3_16534048.0,16534048,6.048469e-05,1,AT3G45160,AT3G45160,AT3G45160,0.0
3,Chr3_16534152.0,16534152,6.048469e-05,0,,,,
3,Chr3_16535435.0,16535435,6.048469e-05,0,,,,
2,Chr2_7484968.0,7484968,6.052752e-05,1,AT2G17200,AT2G17200,AT2G17200,0.0
2,Chr2_7485133.0,7485133,6.052752e-05,1,AT2G17200,AT2G17200,AT2G17200,0.0
3,Chr3_15586319.0,15586319,6.061325e-05,0,,,,
3,Chr3_15681146.0,15681146,6.074372e-05,0,,,,
1,Chr1_2375885.0,2375885,6.092302e-05,0,,,,
5,Chr5_10480353.0,10480353,6.099743e-05,0,,,,
2,Chr2_1111785.0,1111785,6.112587e-05,0,,,,
4,Chr4_5627527.0,5627527,6.119416e-05,0,,,,
3,Chr3_14785574.0,14785574,6.126544e-05,0,,,,
3,Chr3_14786209.0,14786209,6.126544e-05,0,,,,
3,Chr3_14787133.0,14787133,6.126544e-05,0,,,,
3,Chr3_14789420.0,14789420,6.126544e-05,0,,,,
3,Chr3_14789422.0,14789422,6.126544e-05,0,,,,
3,Chr3_14789504.0,14789504,6.126544e-05,0,,,,
3,Chr3_14791726.0,14791726,6.126544e-05,0,,,,
3,Chr3_14791859.0,14791859,6.126544e-05,0,,,,
3,Chr3_14792238.0,14792238,6.126544e-05,0,,,,
3,Chr3_14792506.0,14792506,6.126544e-05,0,,,,
3,Chr3_14792970.0,14792970,6.126544e-05,0,,,,
3,Chr3_14793244.0,14793244,6.126544e-05,0,,,,
3,Chr3_14793554.0,14793554,6.126544e-05,0,,,,
3,Chr3_14794933.0,14794933,6.126544e-05,0,,,,
3,Chr3_14794938.0,14794938,6.126544e-05,0,,,,
3,Chr3_14795057.0,14795057,6.126544e-05,0,,,,
3,Chr3_14795133.0,14795133,6.126544e-05,0,,,,
3,Chr3_14795524.0,14795524,6.126544e-05,0,,,,
3,Chr3_14809113.0,14809113,6.126544e-05,0,,,,
3,Chr3_14809121.0,14809121,6.126544e-05,0,,,,
3,Chr3_14830083.0,14830083,6.126544e-05,0,,,,
3,Chr3_14830358.0,14830358,6.126544e-05,0,,,,
3,Chr3_14836014.0,14836014,6.126544e-05,0,,,,
3,Chr3_14836497.0,14836497,6.126544e-05,0,,,,
3,Chr3_14837596.0,14837596,6.126544e-05,0,,,,
3,Chr3_14840083.0,14840083,6.126544e-05,1,AT3G42723,AT3G42723,AT3G42723,0.0
3,Chr3_14841909.0,14841909,6.126544e-05,0,,,,
3,Chr3_14843182.0,14843182,6.126544e-05,1,AT3G42725,AT3G42725,AT3G42725,0.0
3,Chr3_14844430.0,14844430,6.126544e-05,0,,,,
3,Chr3_14858082.0,14858082,6.126544e-05,0,,,,
3,Chr3_14858101.0,14858101,6.126544e-05,0,,,,
3,Chr3_14858522.0,14858522,6.126544e-05,0,,,,
3,Chr3_14859774.0,14859774,6.126544e-05,0,,,,
3,Chr3_14860201.0,14860201,6.126544e-05,0,,,,
3,Chr3_14860209.0,14860209,6.126544e-05,0,,,,
3,Chr3_14862744.0,14862744,6.126544e-05,0,,,,
3,Chr3_14862777.0,14862777,6.126544e-05,0,,,,
3,Chr3_14863509.0,14863509,6.126544e-05,0,,,,
3,Chr3_14863929.0,14863929,6.126544e-05,0,,,,
3,Chr3_14864081.0,14864081,6.126544e-05,0,,,,
3,Chr3_14865385.0,14865385,6.126544e-05,0,,,,
3,Chr3_14865499.0,14865499,6.126544e-05,0,,,,
3,Chr3_14866883.0,14866883,6.126544e-05,0,,,,
3,Chr3_14867383.0,14867383,6.126544e-05,1,AT3G42770,AT3G42770,AT3G42770,0.0
3,Chr3_14867612.0,14867612,6.126544e-05,1,AT3G42770,AT3G42770,AT3G42770,0.0
3,Chr3_14868340.0,14868340,6.126544e-05,1,AT3G42770,AT3G42770,AT3G42770,0.0
3,Chr3_14868815.0,14868815,6.126544e-05,1,AT3G42770,AT3G42770,AT3G42770,0.0
3,Chr3_14869943.0,14869943,6.126544e-05,1,AT3G42770,AT3G42770,AT3G42770,0.0
3,Chr3_14870928.0,14870928,6.126544e-05,0,,,,
3,Chr3_14873007.0,14873007,6.126544e-05,0,,,,
3,Chr3_14873045.0,14873045,6.126544e-05,0,,,,
3,Chr3_14873753.0,14873753,6.126544e-05,0,,,,
3,Chr3_14874142.0,14874142,6.126544e-05,0,,,,
3,Chr3_14875731.0,14875731,6.126544e-05,0,,,,
3,Chr3_14876192.0,14876192,6.126544e-05,0,,,,
3,Chr3_14876307.0,14876307,6.126544e-05,0,,,,
3,Chr3_14876934.0,14876934,6.126544e-05,1,AT3G42786,AT3G42786,AT3G42786,0.0
3,Chr3_14877672.0,14877672,6.126544e-05,0,,,,
3,Chr3_14878003.0,14878003,6.126544e-05,1,AT3G42790,AT3G42790,AT3G42790,0.0
3,Chr3_14878574.0,14878574,6.126544e-05,1,AT3G42790,AT3G42790,AT3G42790,0.0
3,Chr3_14898824.0,14898824,6.126544e-05,0,,,,
1,Chr1_22376192.0,22376192,6.140728e-05,0,,,,
3,Chr3_15905954.0,15905954,6.160992e-05,0,,,,
4,Chr4_18443503.0,18443503,6.164198e-05,0,,,,
4,Chr4_8266406.0,8266406,6.164999e-05,0,,,,
4,Chr4_13225129.0,13225129,6.165943e-05,2,AT4G26090;AT4G26095,AT4G26090,AT4G26090,0.0
3,Chr3_15976806.0,15976806,6.166109e-05,0,,,,
2,Chr2_8306239.0,8306239,6.168766e-05,1,AT2G19150,AT2G19150,AT2G19150,0.0
2,Chr2_5562733.0,5562733,6.169719e-05,0,,,,
3,Chr3_3004013.0,3004013,6.181582e-05,1,AT3G09790,AT3G09790,AT3G09790,0.0
5,Chr5_8418522.0,8418522,6.181598e-05,1,AT5G24590,AT5G24590,AT5G24590,0.0
4,Chr4_8132273.0,8132273,6.207509e-05,0,,,,
3,Chr3_15934516.0,15934516,6.213775e-05,0,,,,
3,Chr3_15370752.0,15370752,6.218304e-05,0,,,,
3,Chr3_3535717.0,3535717,6.225031e-05,1,AT3G11290,AT3G11290,AT3G11290,0.0
4,Chr4_3116630.0,3116630,6.244149e-05,0,,,,
2,Chr2_5174469.0,5174469,6.245652e-05,0,,,,
3,Chr3_15314129.0,15314129,6.254346e-05,0,,,,
4,Chr4_13206546.0,13206546,6.262148e-05,0,,,,
2,Chr2_1833269.0,1833269,6.262517e-05,0,,,,
5,Chr5_23165293.0,23165293,6.265114e-05,0,,,,
1,Chr1_12143493.0,12143493,6.273519e-05,0,,,,
3,Chr3_10531049.0,10531049,6.280782e-05,0,,,,
3,Chr3_10536363.0,10536363,6.280782e-05,0,,,,
3,Chr3_10537254.0,10537254,6.280782e-05,0,,,,
1,Chr1_4343097.0,4343097,6.300955e-05,1,AT1G12740,AT1G12740,AT1G12740,0.0
1,Chr1_4317295.0,4317295,6.306749e-05,0,,,,
3,Chr3_14868769.0,14868769,6.325824e-05,1,AT3G42770,AT3G42770,AT3G42770,0.0
5,Chr5_13402564.0,13402564,6.327694e-05,0,,,,
2,Chr2_1765375.0,1765375,6.331075e-05,0,,,,
4,Chr4_6192153.0,6192153,6.341962e-05,0,,,,
4,Chr4_6192361.0,6192361,6.341962e-05,0,,,,
4,Chr4_6193078.0,6193078,6.341962e-05,1,AT4G09850,AT4G09850,AT4G09850,0.0
3,Chr3_3155290.0,3155290,6.34437e-05,0,,,,
2,Chr2_5717847.0,5717847,6.350083e-05,0,,,,
2,Chr2_5725232.0,5725232,6.350083e-05,1,AT2G13720,AT2G13720,AT2G13720,0.0
2,Chr2_5727294.0,5727294,6.350083e-05,0,,,,
2,Chr2_5727451.0,5727451,6.350083e-05,0,,,,
2,Chr2_12619701.0,12619701,6.367485e-05,1,AT2G29430,AT2G29430,AT2G29430,0.0
4,Chr4_5908762.0,5908762,6.3786e-05,0,,,,
2,Chr2_5307839.0,5307839,6.396116e-05,0,,,,
3,Chr3_2336053.0,2336053,6.432613e-05,1,AT3G07330,AT3G07330,AT3G07330,0.0
4,Chr4_6717528.0,6717528,6.435563e-05,2,AT4G10955;AT4G10960,AT4G10955,AT4G10955,0.0
2,Chr2_5368898.0,5368898,6.464831e-05,0,,,,
1,Chr1_954166.0,954166,6.475959e-05,0,,,,
1,Chr1_955976.0,955976,6.475959e-05,1,AT1G03790,AT1G03790,AT1G03790,0.0
1,Chr1_957411.0,957411,6.475959e-05,1,AT1G03800,AT1G03800,AT1G03800,0.0
1,Chr1_958306.0,958306,6.475959e-05,0,,,,
4,Chr4_2971576.0,2971576,6.477343e-05,0,,,,
3,Chr3_3147707.0,3147707,6.479611e-05,1,AT3G10180,AT3G10180,AT3G10180,0.0
5,Chr5_8427229.0,8427229,6.488952e-05,0,,,,
3,Chr3_18844651.0,18844651,6.509441e-05,0,,,,
2,Chr2_11163712.0,11163712,6.539165e-05,0,,,,
2,Chr2_136500.0,136500,6.550021e-05,1,AT2G01260,AT2G01260,AT2G01260,0.0
3,Chr3_18725197.0,18725197,6.565285e-05,0,,,,
4,Chr4_6187444.0,6187444,6.578809e-05,0,,,,
3,Chr3_15755281.0,15755281,6.582507e-05,1,AT3G43920,AT3G43920,AT3G43920,0.0
3,Chr3_15752994.0,15752994,6.596011e-05,0,,,,
3,Chr3_4559978.0,4559978,6.602368e-05,1,AT3G13850,AT3G13850,AT3G13850,0.0
3,Chr3_19243583.0,19243583,6.633321e-05,0,,,,
3,Chr3_15871946.0,15871946,6.646845e-05,0,,,,
4,Chr4_7620781.0,7620781,6.649591e-05,1,AT4G13060,AT4G13060,AT4G13060,0.0
4,Chr4_7620789.0,7620789,6.649591e-05,1,AT4G13060,AT4G13060,AT4G13060,0.0
1,Chr1_4317394.0,4317394,6.654601e-05,0,,,,
1,Chr1_4317415.0,4317415,6.654601e-05,0,,,,
3,Chr3_15848668.0,15848668,6.672867e-05,0,,,,
3,Chr3_12662671.0,12662671,6.680151e-05,0,,,,
3,Chr3_13216398.0,13216398,6.692268e-05,0,,,,
3,Chr3_15918338.0,15918338,6.696911e-05,0,,,,
1,Chr1_1207070.0,1207070,6.69719e-05,0,,,,
3,Chr3_16417192.0,16417192,6.701807e-05,0,,,,
5,Chr5_11594839.0,11594839,6.70928e-05,0,,,,
2,Chr2_5364426.0,5364426,6.713998e-05,0,,,,
4,Chr4_18510414.0,18510414,6.730424e-05,1,AT4G39900,AT4G39900,AT4G39900,0.0
4,Chr4_9048850.0,9048850,6.74608e-05,0,,,,
4,Chr4_8330346.0,8330346,6.747685e-05,1,AT4G14480,AT4G14480,AT4G14480,0.0
5,Chr5_1563881.0,1563881,6.769509e-05,1,AT5G05270,AT5G05270,AT5G05270,0.0
5,Chr5_1565317.0,1565317,6.769509e-05,0,,,,
5,Chr5_1577201.0,1577201,6.769509e-05,1,AT5G05330,AT5G05330,AT5G05330,0.0
1,Chr1_29028743.0,29028743,6.777193e-05,1,AT1G77270,AT1G77270,AT1G77270,0.0
1,Chr1_29029148.0,29029148,6.777193e-05,1,AT1G77270,AT1G77270,AT1G77270,0.0
1,Chr1_2102674.0,2102674,6.778946e-05,1,AT1G06840,AT1G06840,AT1G06840,0.0
1,Chr1_18952967.0,18952967,6.784407e-05,0,,,,
1,Chr1_16643546.0,16643546,6.789033e-05,0,,,,
5,Chr5_6131994.0,6131994,6.809282e-05,1,AT5G18480,AT5G18480,AT5G18480,0.0
5,Chr5_6136886.0,6136886,6.809282e-05,0,,,,
5,Chr5_23110300.0,23110300,6.814918e-05,1,AT5G57110,AT5G57110,AT5G57110,0.0
3,Chr3_14409308.0,14409308,6.822724e-05,0,,,,
2,Chr2_5370184.0,5370184,6.839045e-05,0,,,,
2,Chr2_5370230.0,5370230,6.839045e-05,0,,,,
2,Chr2_5186276.0,5186276,6.849826e-05,0,,,,
5,Chr5_13646002.0,13646002,6.864987e-05,0,,,,
3,Chr3_18652872.0,18652872,6.868398e-05,0,,,,
3,Chr3_21436525.0,21436525,6.891619e-05,0,,,,
3,Chr3_15755294.0,15755294,6.895633e-05,1,AT3G43920,AT3G43920,AT3G43920,0.0
3,Chr3_15755301.0,15755301,6.895633e-05,1,AT3G43920,AT3G43920,AT3G43920,0.0
3,Chr3_15755350.0,15755350,6.895633e-05,1,AT3G43920,AT3G43920,AT3G43920,0.0
2,Chr2_1918273.0,1918273,6.931907e-05,0,,,,
3,Chr3_15834064.0,15834064,6.932122e-05,0,,,,
3,Chr3_3152544.0,3152544,6.965069e-05,1,AT3G10180,AT3G10180,AT3G10180,0.0
2,Chr2_5402312.0,5402312,6.984001e-05,0,,,,
1,Chr1_5160624.0,5160624,6.988584e-05,0,,,,
2,Chr2_14232311.0,14232311,6.999568e-05,0,,,,
4,Chr4_1002488.0,1002488,7.003297e-05,1,AT4G02290,AT4G02290,AT4G02290,0.0
1,Chr1_3325170.0,3325170,7.032585e-05,0,,,,
5,Chr5_26810276.0,26810276,7.044307e-05,0,,,,
2,Chr2_13847037.0,13847037,7.065499e-05,1,AT2G32640,AT2G32640,AT2G32640,0.0
2,Chr2_19551870.0,19551870,7.108979e-05,1,AT2G47690,AT2G47690,AT2G47690,0.0
5,Chr5_13716940.0,13716940,7.112719e-05,0,,,,
1,Chr1_29753184.0,29753184,7.13931e-05,1,AT1G79090,AT1G79090,AT1G79090,0.0
1,Chr1_5159007.0,5159007,7.149078e-05,0,,,,
1,Chr1_12193901.0,12193901,7.15543e-05,1,AT1G33615,AT1G33615,AT1G33615,0.0
3,Chr3_15420518.0,15420518,7.161054e-05,0,,,,
3,Chr3_15420622.0,15420622,7.161054e-05,0,,,,
3,Chr3_15420623.0,15420623,7.161054e-05,0,,,,
3,Chr3_15420786.0,15420786,7.161054e-05,0,,,,
1,Chr1_1874372.0,1874372,7.173615e-05,0,,,,
1,Chr1_1875674.0,1875674,7.173615e-05,1,AT1G06148,AT1G06148,AT1G06148,0.0
1,Chr1_1877113.0,1877113,7.173615e-05,1,AT1G06148,AT1G06148,AT1G06148,0.0
1,Chr1_1877114.0,1877114,7.173615e-05,1,AT1G06148,AT1G06148,AT1G06148,0.0
3,Chr3_18522020.0,18522020,7.185123e-05,0,,,,
4,Chr4_8740219.0,8740219,7.189267e-05,0,,,,
3,Chr3_6606540.0,6606540,7.193292e-05,1,AT3G19100,AT3G19100,AT3G19100,0.0
5,Chr5_12581754.0,12581754,7.219829e-05,0,,,,
2,Chr2_5666158.0,5666158,7.240706e-05,0,,,,
2,Chr2_5667407.0,5667407,7.240706e-05,0,,,,
2,Chr2_5667542.0,5667542,7.240706e-05,0,,,,
4,Chr4_5622043.0,5622043,7.269818e-05,0,,,,
4,Chr4_5623031.0,5623031,7.269818e-05,0,,,,
4,Chr4_5623391.0,5623391,7.269818e-05,0,,,,
4,Chr4_5631216.0,5631216,7.269818e-05,0,,,,
3,Chr3_3168018.0,3168018,7.27677e-05,1,AT3G10250,AT3G10250,AT3G10250,0.0
1,Chr1_16594072.0,16594072,7.293069e-05,0,,,,
4,Chr4_3115364.0,3115364,7.299274e-05,0,,,,
4,Chr4_3115404.0,3115404,7.299274e-05,0,,,,
4,Chr4_3115540.0,3115540,7.299274e-05,0,,,,
4,Chr4_3115668.0,3115668,7.299274e-05,0,,,,
4,Chr4_3115895.0,3115895,7.299274e-05,0,,,,
4,Chr4_3116009.0,3116009,7.299274e-05,0,,,,
4,Chr4_3116061.0,3116061,7.299274e-05,0,,,,
4,Chr4_3116207.0,3116207,7.299274e-05,0,,,,
4,Chr4_3116435.0,3116435,7.299274e-05,0,,,,
4,Chr4_3116781.0,3116781,7.299274e-05,0,,,,
4,Chr4_3117136.0,3117136,7.299274e-05,1,AT4G06490,AT4G06490,AT4G06490,0.0
4,Chr4_3117427.0,3117427,7.299274e-05,0,,,,
4,Chr4_3117796.0,3117796,7.299274e-05,0,,,,
4,Chr4_3118532.0,3118532,7.299274e-05,0,,,,
4,Chr4_3119800.0,3119800,7.299274e-05,0,,,,
4,Chr4_3120421.0,3120421,7.299274e-05,0,,,,
4,Chr4_3120491.0,3120491,7.299274e-05,0,,,,
1,Chr1_4345231.0,4345231,7.350446e-05,1,AT1G12750,AT1G12750,AT1G12750,0.0
1,Chr1_4345238.0,4345238,7.350446e-05,1,AT1G12750,AT1G12750,AT1G12750,0.0
5,Chr5_26368290.0,26368290,7.368817e-05,0,,,,
3,Chr3_15419872.0,15419872,7.369299e-05,0,,,,
3,Chr3_15419912.0,15419912,7.369299e-05,0,,,,
3,Chr3_15419951.0,15419951,7.369299e-05,0,,,,
3,Chr3_15419990.0,15419990,7.369299e-05,0,,,,
3,Chr3_15420184.0,15420184,7.369299e-05,0,,,,
3,Chr3_15420219.0,15420219,7.369299e-05,0,,,,
3,Chr3_15420265.0,15420265,7.369299e-05,0,,,,
3,Chr3_15421069.0,15421069,7.369299e-05,0,,,,
3,Chr3_15421868.0,15421868,7.369299e-05,0,,,,
3,Chr3_15422378.0,15422378,7.369299e-05,0,,,,
3,Chr3_15422426.0,15422426,7.369299e-05,0,,,,
3,Chr3_15424511.0,15424511,7.369299e-05,0,,,,
3,Chr3_15424685.0,15424685,7.369299e-05,0,,,,
1,Chr1_20109990.0,20109990,7.372546e-05,0,,,,
1,Chr1_4317757.0,4317757,7.373401e-05,0,,,,
4,Chr4_7620777.0,7620777,7.375898e-05,1,AT4G13060,AT4G13060,AT4G13060,0.0
3,Chr3_4560288.0,4560288,7.382911e-05,1,AT3G13850,AT3G13850,AT3G13850,0.0
4,Chr4_18011070.0,18011070,7.395791e-05,1,AT4G38510,AT4G38510,AT4G38510,0.0
2,Chr2_7483555.0,7483555,7.40343e-05,1,AT2G17200,AT2G17200,AT2G17200,0.0
2,Chr2_5278066.0,5278066,7.411501e-05,0,,,,
2,Chr2_5305461.0,5305461,7.411501e-05,0,,,,
4,Chr4_8881748.0,8881748,7.41647e-05,0,,,,
2,Chr2_677592.0,677592,7.440662e-05,1,AT2G02520,AT2G02520,AT2G02520,0.0
2,Chr2_677604.0,677604,7.440662e-05,1,AT2G02520,AT2G02520,AT2G02520,0.0
1,Chr1_16582935.0,16582935,7.461312e-05,0,,,,
1,Chr1_3325214.0,3325214,7.467985e-05,0,,,,
1,Chr1_3325228.0,3325228,7.467985e-05,0,,,,
5,Chr5_26279789.0,26279789,7.49211e-05,0,,,,
2,Chr2_5713989.0,5713989,7.503152e-05,0,,,,
3,Chr3_15503488.0,15503488,7.503915e-05,1,AT3G43580,AT3G43580,AT3G43580,0.0
5,Chr5_8425358.0,8425358,7.50927e-05,0,,,,
2,Chr2_1121424.0,1121424,7.524894e-05,1,AT2G03680,AT2G03680,AT2G03680,0.0
1,Chr1_13129734.0,13129734,7.536806e-05,0,,,,
1,Chr1_13129742.0,13129742,7.536806e-05,0,,,,
3,Chr3_15791737.0,15791737,7.542123e-05,0,,,,
3,Chr3_12662995.0,12662995,7.549503e-05,0,,,,
5,Chr5_10053857.0,10053857,7.573895e-05,0,,,,
4,Chr4_18326262.0,18326262,7.579899e-05,1,AT4G39400,AT4G39400,AT4G39400,0.0
3,Chr3_19230980.0,19230980,7.608319e-05,0,,,,
3,Chr3_16535349.0,16535349,7.609945e-05,0,,,,
4,Chr4_9947507.0,9947507,7.625791e-05,1,AT4G17900,AT4G17900,AT4G17900,0.0
4,Chr4_9947795.0,9947795,7.625791e-05,1,AT4G17900,AT4G17900,AT4G17900,0.0
4,Chr4_9947807.0,9947807,7.625791e-05,1,AT4G17900,AT4G17900,AT4G17900,0.0
1,Chr1_1074655.0,1074655,7.626308e-05,1,AT1G04130,AT1G04130,AT1G04130,0.0
1,Chr1_1074811.0,1074811,7.626308e-05,1,AT1G04130,AT1G04130,AT1G04130,0.0
2,Chr2_5781192.0,5781192,7.659254e-05,0,,,,
3,Chr3_2976594.0,2976594,7.673729e-05,0,,,,
3,Chr3_18565090.0,18565090,7.718318e-05,0,,,,
3,Chr3_4634713.0,4634713,7.73232e-05,0,,,,
3,Chr3_4635520.0,4635520,7.73232e-05,0,,,,
1,Chr1_1154667.0,1154667,7.733589e-05,0,,,,
5,Chr5_9840123.0,9840123,7.74848e-05,0,,,,
3,Chr3_3003092.0,3003092,7.755286e-05,1,AT3G09780,AT3G09780,AT3G09780,0.0
2,Chr2_4821562.0,4821562,7.764168e-05,0,,,,
3,Chr3_15975832.0,15975832,7.785501e-05,0,,,,
3,Chr3_21065986.0,21065986,7.786381e-05,0,,,,
4,Chr4_6719034.0,6719034,7.826224e-05,0,,,,
5,Chr5_7214209.0,7214209,7.839289e-05,0,,,,
1,Chr1_21723795.0,21723795,7.849021e-05,0,,,,
1,Chr1_21723803.0,21723803,7.849021e-05,0,,,,
5,Chr5_19739761.0,19739761,7.87016e-05,1,AT5G48670,AT5G48670,AT5G48670,0.0
2,Chr2_5679961.0,5679961,7.887018e-05,1,AT2G13620,AT2G13620,AT2G13620,0.0
5,Chr5_13489651.0,13489651,7.898531e-05,0,,,,
5,Chr5_17333963.0,17333963,7.915304e-05,0,,,,
5,Chr5_17334131.0,17334131,7.915304e-05,1,AT5G43175,AT5G43175,AT5G43175,0.0
4,Chr4_5155077.0,5155077,7.926867e-05,0,,,,
3,Chr3_15868175.0,15868175,7.937485e-05,0,,,,
5,Chr5_16047797.0,16047797,7.950621e-05,0,,,,
5,Chr5_1540881.0,1540881,7.951025e-05,0,,,,
3,Chr3_6553373.0,6553373,7.954751e-05,0,,,,
2,Chr2_5303652.0,5303652,7.993588e-05,0,,,,
3,Chr3_14874546.0,14874546,8.05176e-05,0,,,,
1,Chr1_11857162.0,11857162,8.098941e-05,0,,,,
1,Chr1_11857234.0,11857234,8.098941e-05,0,,,,
4,Chr4_998192.0,998192,8.10059e-05,1,AT4G02280,AT4G02280,AT4G02280,0.0
2,Chr2_5709191.0,5709191,8.109802e-05,0,,,,
3,Chr3_15904337.0,15904337,8.129835e-05,0,,,,
3,Chr3_12759066.0,12759066,8.13821e-05,0,,,,
2,Chr2_5368126.0,5368126,8.138874e-05,0,,,,
2,Chr2_5368133.0,5368133,8.138874e-05,0,,,,
2,Chr2_5368141.0,5368141,8.138874e-05,0,,,,
2,Chr2_66638.0,66638,8.15329e-05,0,,,,
2,Chr2_5676571.0,5676571,8.20834e-05,0,,,,
2,Chr2_5317677.0,5317677,8.221712e-05,1,AT2G12940,AT2G12940,AT2G12940,0.0
2,Chr2_5375049.0,5375049,8.221856e-05,0,,,,
4,Chr4_8770404.0,8770404,8.234993e-05,1,AT4G15360,AT4G15360,AT4G15360,0.0
4,Chr4_8770958.0,8770958,8.234993e-05,1,AT4G15360,AT4G15360,AT4G15360,0.0
1,Chr1_21724392.0,21724392,8.247933e-05,0,,,,
1,Chr1_21724508.0,21724508,8.247933e-05,0,,,,
3,Chr3_12036236.0,12036236,8.282084e-05,0,,,,
3,Chr3_12036410.0,12036410,8.282084e-05,0,,,,
3,Chr3_12036559.0,12036559,8.282084e-05,0,,,,
3,Chr3_12036617.0,12036617,8.282084e-05,0,,,,
3,Chr3_12036944.0,12036944,8.282084e-05,0,,,,
3,Chr3_12037137.0,12037137,8.282084e-05,0,,,,
3,Chr3_12037282.0,12037282,8.282084e-05,0,,,,
3,Chr3_12037629.0,12037629,8.282084e-05,0,,,,
2,Chr2_5395245.0,5395245,8.285901e-05,0,,,,
3,Chr3_11139171.0,11139171,8.292203e-05,0,,,,
3,Chr3_11139173.0,11139173,8.292203e-05,0,,,,
1,Chr1_10141202.0,10141202,8.348413e-05,0,,,,
1,Chr1_10141240.0,10141240,8.348413e-05,0,,,,
2,Chr2_8299514.0,8299514,8.348574e-05,0,,,,
2,Chr2_7493448.0,7493448,8.36837e-05,0,,,,
5,Chr5_25946659.0,25946659,8.378488e-05,1,AT5G64930,AT5G64930,AT5G64930,0.0
1,Chr1_17705524.0,17705524,8.3978e-05,1,AT1G48000,AT1G48000,AT1G48000,0.0
1,Chr1_3930234.0,3930234,8.399684e-05,1,AT1G11670,AT1G11670,AT1G11670,0.0
3,Chr3_9595300.0,9595300,8.414822e-05,0,,,,
5,Chr5_7666119.0,7666119,8.416778e-05,1,AT5G22920,AT5G22920,AT5G22920,0.0
2,Chr2_19062122.0,19062122,8.424693e-05,1,AT2G46440,AT2G46440,AT2G46440,0.0
4,Chr4_15015459.0,15015459,8.428602e-05,1,AT4G30830,AT4G30830,AT4G30830,0.0
3,Chr3_15925528.0,15925528,8.435222e-05,0,,,,
2,Chr2_8327998.0,8327998,8.449188e-05,1,AT2G19190,AT2G19190,AT2G19190,0.0
2,Chr2_7915326.0,7915326,8.470412e-05,1,AT2G18190,AT2G18190,AT2G18190,0.0
4,Chr4_17927381.0,17927381,8.490772e-05,1,AT4G38225,AT4G38225,AT4G38225,0.0
4,Chr4_17929427.0,17929427,8.490772e-05,1,AT4G38230,AT4G38230,AT4G38230,0.0
4,Chr4_17936356.0,17936356,8.490772e-05,1,AT4G38250,AT4G38250,AT4G38250,0.0
4,Chr4_550998.0,550998,8.490977e-05,1,AT4G01330,AT4G01330,AT4G01330,0.0
1,Chr1_10141270.0,10141270,8.500739e-05,0,,,,
1,Chr1_10141276.0,10141276,8.500739e-05,0,,,,
1,Chr1_10141296.0,10141296,8.500739e-05,0,,,,
1,Chr1_10141311.0,10141311,8.500739e-05,0,,,,
5,Chr5_15490579.0,15490579,8.543769e-05,0,,,,
5,Chr5_15490582.0,15490582,8.543769e-05,0,,,,
2,Chr2_5417797.0,5417797,8.547534e-05,0,,,,
2,Chr2_19058356.0,19058356,8.555187e-05,1,AT2G46430,AT2G46430,AT2G46430,0.0
2,Chr2_19058404.0,19058404,8.555187e-05,1,AT2G46430,AT2G46430,AT2G46430,0.0
2,Chr2_1799153.0,1799153,8.558411e-05,0,,,,
2,Chr2_1799155.0,1799155,8.558411e-05,0,,,,
2,Chr2_676369.0,676369,8.558764e-05,0,,,,
2,Chr2_676380.0,676380,8.558764e-05,0,,,,
2,Chr2_676397.0,676397,8.558764e-05,0,,,,
2,Chr2_676404.0,676404,8.558764e-05,0,,,,
2,Chr2_676409.0,676409,8.558764e-05,0,,,,
2,Chr2_676410.0,676410,8.558764e-05,0,,,,
4,Chr4_9768330.0,9768330,8.578572e-05,1,AT4G17510,AT4G17510,AT4G17510,0.0
5,Chr5_548631.0,548631,8.581908e-05,1,AT5G02480,AT5G02480,AT5G02480,0.0
1,Chr1_3324557.0,3324557,8.591611e-05,0,,,,
2,Chr2_7485048.0,7485048,8.592485e-05,1,AT2G17200,AT2G17200,AT2G17200,0.0
2,Chr2_15058140.0,15058140,8.594491e-05,0,,,,
5,Chr5_13071449.0,13071449,8.616269e-05,0,,,,
5,Chr5_14966117.0,14966117,8.616331e-05,0,,,,
1,Chr1_3322958.0,3322958,8.624518e-05,1,AT1G10140,AT1G10140,AT1G10140,0.0
3,Chr3_4576518.0,4576518,8.643759e-05,0,,,,
3,Chr3_15998282.0,15998282,8.662352e-05,0,,,,
3,Chr3_15998309.0,15998309,8.662352e-05,0,,,,
2,Chr2_3737817.0,3737817,8.702489e-05,0,,,,
3,Chr3_10532092.0,10532092,8.712782e-05,0,,,,
4,Chr4_8866239.0,8866239,8.718444e-05,1,AT4G15530,AT4G15530,AT4G15530,0.0
5,Chr5_541594.0,541594,8.739173e-05,0,,,,
4,Chr4_1774591.0,1774591,8.739786e-05,0,,,,
4,Chr4_1776853.0,1776853,8.739786e-05,0,,,,
4,Chr4_1777165.0,1777165,8.739786e-05,0,,,,
4,Chr4_2818848.0,2818848,8.739786e-05,1,AT4G05540,AT4G05540,AT4G05540,0.0
4,Chr4_2819303.0,2819303,8.739786e-05,1,AT4G05540,AT4G05540,AT4G05540,0.0
5,Chr5_13344058.0,13344058,8.756538e-05,0,,,,
3,Chr3_21436491.0,21436491,8.771554e-05,0,,,,
3,Chr3_15925763.0,15925763,8.801162e-05,0,,,,
3,Chr3_15926030.0,15926030,8.801162e-05,0,,,,
1,Chr1_3303551.0,3303551,8.80875e-05,1,AT1G10110,AT1G10110,AT1G10110,0.0
5,Chr5_19492878.0,19492878,8.830715e-05,0,,,,
2,Chr2_5337348.0,5337348,8.842188e-05,0,,,,
2,Chr2_5337501.0,5337501,8.842188e-05,0,,,,
1,Chr1_10141317.0,10141317,8.847124e-05,0,,,,
1,Chr1_10141324.0,10141324,8.847124e-05,0,,,,
1,Chr1_10141346.0,10141346,8.847124e-05,0,,,,
3,Chr3_15233013.0,15233013,8.892923e-05,0,,,,
2,Chr2_11056376.0,11056376,8.900741e-05,0,,,,
3,Chr3_18757198.0,18757198,8.914149e-05,0,,,,
5,Chr5_10451703.0,10451703,8.918598e-05,0,,,,
2,Chr2_5398659.0,5398659,8.938864e-05,0,,,,
2,Chr2_5398683.0,5398683,8.938864e-05,0,,,,
2,Chr2_5399365.0,5399365,8.938864e-05,0,,,,
2,Chr2_5418074.0,5418074,8.938864e-05,0,,,,
3,Chr3_15814219.0,15814219,8.953155e-05,0,,,,
2,Chr2_17653471.0,17653471,8.954164e-05,1,AT2G42395,AT2G42395,AT2G42395,0.0
2,Chr2_11163907.0,11163907,8.958061e-05,0,,,,
1,Chr1_3164592.0,3164592,8.972423e-05,1,AT1G09770,AT1G09770,AT1G09770,0.0
1,Chr1_3166843.0,3166843,8.972423e-05,1,AT1G09780,AT1G09780,AT1G09780,0.0
5,Chr5_14947257.0,14947257,8.974314e-05,0,,,,
3,Chr3_15058518.0,15058518,8.979213e-05,0,,,,
3,Chr3_15058654.0,15058654,8.979213e-05,0,,,,
5,Chr5_12231131.0,12231131,9.021718e-05,0,,,,
1,Chr1_1201658.0,1201658,9.031257e-05,0,,,,
1,Chr1_1202089.0,1202089,9.031257e-05,0,,,,
4,Chr4_5909986.0,5909986,9.037288e-05,0,,,,
3,Chr3_13216445.0,13216445,9.065351e-05,0,,,,
1,Chr1_3324901.0,3324901,9.087772e-05,0,,,,
3,Chr3_3057569.0,3057569,9.088541e-05,1,AT3G09940,AT3G09940,AT3G09940,0.0
1,Chr1_21725517.0,21725517,9.112751e-05,0,,,,
1,Chr1_21725812.0,21725812,9.112751e-05,0,,,,
4,Chr4_8427519.0,8427519,9.124984e-05,1,AT4G14713,AT4G14713,AT4G14713,0.0
3,Chr3_9488223.0,9488223,9.130434e-05,0,,,,
3,Chr3_15802951.0,15802951,9.13305e-05,0,,,,
4,Chr4_1222486.0,1222486,9.140245e-05,1,AT4G02750,AT4G02750,AT4G02750,0.0
4,Chr4_1223448.0,1223448,9.140245e-05,1,AT4G02750,AT4G02750,AT4G02750,0.0
4,Chr4_15906386.0,15906386,9.154157e-05,0,,,,
4,Chr4_18481636.0,18481636,9.19472e-05,0,,,,
2,Chr2_19058669.0,19058669,9.213144e-05,1,AT2G46430,AT2G46430,AT2G46430,0.0
5,Chr5_16624200.0,16624200,9.214642e-05,0,,,,
1,Chr1_10141244.0,10141244,9.22639e-05,0,,,,
3,Chr3_12072656.0,12072656,9.240856e-05,0,,,,
2,Chr2_670075.0,670075,9.248904e-05,1,AT2G02498,AT2G02498,AT2G02498,0.0
2,Chr2_667563.0,667563,9.2552e-05,1,AT2G02490,AT2G02490,AT2G02490,0.0
3,Chr3_12445819.0,12445819,9.270546e-05,1,AT3G30770,AT3G30770,AT3G30770,0.0
4,Chr4_11870137.0,11870137,9.284477e-05,0,,,,
1,Chr1_4001410.0,4001410,9.322154e-05,1,AT1G11860,AT1G11860,AT1G11860,0.0
2,Chr2_14597466.0,14597466,9.344211e-05,1,AT2G34655,AT2G34655,AT2G34655,0.0
3,Chr3_15421874.0,15421874,9.375541e-05,0,,,,
5,Chr5_23824966.0,23824966,9.399142e-05,0,,,,
5,Chr5_21079374.0,21079374,9.418025e-05,1,AT5G51850,AT5G51850,AT5G51850,0.0
2,Chr2_5238670.0,5238670,9.427832e-05,0,,,,
3,Chr3_18657660.0,18657660,9.443277e-05,1,AT3G50330,AT3G50330,AT3G50330,0.0
3,Chr3_18657699.0,18657699,9.443277e-05,1,AT3G50330,AT3G50330,AT3G50330,0.0
3,Chr3_18657723.0,18657723,9.443277e-05,1,AT3G50330,AT3G50330,AT3G50330,0.0
3,Chr3_15934319.0,15934319,9.44821e-05,0,,,,
3,Chr3_10571650.0,10571650,9.45589e-05,0,,,,
3,Chr3_10572309.0,10572309,9.45589e-05,0,,,,
1,Chr1_7027284.0,7027284,9.483739e-05,1,AT1G20290,AT1G20290,AT1G20290,0.0
4,Chr4_8136264.0,8136264,9.501764e-05,1,AT4G14120,AT4G14120,AT4G14120,0.0
3,Chr3_15979929.0,15979929,9.516544e-05,0,,,,
4,Chr4_7040887.0,7040887,9.519862e-05,0,,,,
4,Chr4_7041518.0,7041518,9.519862e-05,0,,,,
4,Chr4_7045398.0,7045398,9.519862e-05,1,AT4G11670,AT4G11670,AT4G11670,0.0
3,Chr3_3170318.0,3170318,9.521756e-05,1,AT3G10250,AT3G10250,AT3G10250,0.0
5,Chr5_22232230.0,22232230,9.549367e-05,1,AT5G54720,AT5G54720,AT5G54720,0.0
2,Chr2_5347210.0,5347210,9.559184e-05,0,,,,
2,Chr2_13334092.0,13334092,9.568273e-05,0,,,,
1,Chr1_4296754.0,4296754,9.568386e-05,1,AT1G12620,AT1G12620,AT1G12620,0.0
3,Chr3_15431259.0,15431259,9.588689e-05,1,AT3G43540,AT3G43540,AT3G43540,0.0
1,Chr1_10574000.0,10574000,9.593852e-05,0,,,,
1,Chr1_10574031.0,10574031,9.593852e-05,0,,,,
4,Chr4_2803085.0,2803085,9.598467e-05,0,,,,
3,Chr3_4563009.0,4563009,9.649951e-05,1,AT3G13860,AT3G13860,AT3G13860,0.0
3,Chr3_15422381.0,15422381,9.660958e-05,0,,,,
1,Chr1_1231783.0,1231783,9.687536e-05,1,AT1G04520,AT1G04520,AT1G04520,0.0
2,Chr2_6730092.0,6730092,9.718468e-05,0,,,,
3,Chr3_3107160.0,3107160,9.735966e-05,0,,,,
3,Chr3_3108260.0,3108260,9.735966e-05,0,,,,
3,Chr3_14147903.0,14147903,9.743402e-05,0,,,,
1,Chr1_13107445.0,13107445,9.759219e-05,0,,,,
1,Chr1_13108294.0,13108294,9.759219e-05,0,,,,
1,Chr1_13108885.0,13108885,9.759219e-05,1,AT1G35540,AT1G35540,AT1G35540,0.0
1,Chr1_13111727.0,13111727,9.759219e-05,1,AT1G35545,AT1G35545,AT1G35545,0.0
4,Chr4_5309197.0,5309197,9.766773e-05,0,,,,
4,Chr4_5309737.0,5309737,9.766773e-05,0,,,,
4,Chr4_5309913.0,5309913,9.766773e-05,0,,,,
4,Chr4_6878484.0,6878484,9.769216e-05,0,,,,
3,Chr3_14072214.0,14072214,9.782129e-05,0,,,,
3,Chr3_14073171.0,14073171,9.782129e-05,0,,,,
2,Chr2_14223994.0,14223994,9.791057e-05,1,AT2G33585,AT2G33585,AT2G33585,0.0
3,Chr3_3154414.0,3154414,9.793095e-05,1,AT3G10180,AT3G10180,AT3G10180,0.0
1,Chr1_16616311.0,16616311,9.803197e-05,0,,,,
1,Chr1_21206673.0,21206673,9.818934e-05,0,,,,
3,Chr3_15755626.0,15755626,9.831307e-05,1,AT3G43920,AT3G43920,AT3G43920,0.0
3,Chr3_12284607.0,12284607,9.844237e-05,0,,,,
3,Chr3_12284796.0,12284796,9.844237e-05,0,,,,
3,Chr3_20762250.0,20762250,9.845141e-05,1,AT3G55960,AT3G55960,AT3G55960,0.0
3,Chr3_2798831.0,2798831,9.85375e-05,0,,,,
1,Chr1_3324611.0,3324611,9.856714e-05,0,,,,
2,Chr2_8327803.0,8327803,9.8697e-05,1,AT2G19190,AT2G19190,AT2G19190,0.0
1,Chr1_1884212.0,1884212,9.877044e-05,0,,,,
4,Chr4_11037561.0,11037561,9.883976e-05,0,,,,
1,Chr1_7709919.0,7709919,9.943957e-05,0,,,,
2,Chr2_5330359.0,5330359,9.945431e-05,0,,,,
4,Chr4_4035028.0,4035028,9.956623e-05,0,,,,
1,Chr1_17503447.0,17503447,9.9569e-05,0,,,,
1,Chr1_15006204.0,15006204,9.975992e-05,0,,,,
3,Chr3_7704726.0,7704726,9.988109e-05,1,AT3G21870,AT3G21870,AT3G21870,0.0
3,Chr3_15923835.0,15923835,0.000100258,0,,,,
3,Chr3_6731256.0,6731256,0.0001003889,0,,,,
3,Chr3_15997698.0,15997698,0.0001004347,0,,,,
3,Chr3_3170674.0,3170674,0.0001005029,1,AT3G10250,AT3G10250,AT3G10250,0.0
1,Chr1_21723872.0,21723872,0.0001005222,0,,,,
3,Chr3_15420042.0,15420042,0.0001008051,0,,,,
4,Chr4_1304943.0,1304943,0.0001008255,0,,,,
2,Chr2_8590586.0,8590586,0.0001010521,0,,,,
2,Chr2_5348579.0,5348579,0.0001014791,0,,,,
1,Chr1_13105778.0,13105778,0.0001015297,0,,,,
3,Chr3_15874300.0,15874300,0.0001016457,0,,,,
2,Chr2_5367834.0,5367834,0.0001018048,0,,,,
1,Chr1_4271762.0,4271762,0.0001018859,0,,,,
1,Chr1_4272332.0,4272332,0.0001018859,0,,,,
1,Chr1_4273578.0,4273578,0.0001018859,1,AT1G12540,AT1G12540,AT1G12540,0.0
4,Chr4_12989595.0,12989595,0.0001020922,0,,,,
3,Chr3_15976899.0,15976899,0.0001021301,0,,,,
5,Chr5_26426517.0,26426517,0.0001021661,1,AT5G66090,AT5G66090,AT5G66090,0.0
1,Chr1_3306619.0,3306619,0.0001022232,1,AT1G10120,AT1G10120,AT1G10120,0.0
3,Chr3_15943102.0,15943102,0.0001022418,0,,,,
5,Chr5_9719821.0,9719821,0.0001022511,1,AT5G27530,AT5G27530,AT5G27530,0.0
3,Chr3_15783348.0,15783348,0.0001023932,1,AT3G43990,AT3G43990,AT3G43990,0.0
2,Chr2_5588571.0,5588571,0.0001025058,0,,,,
2,Chr2_13822783.0,13822783,0.0001027027,1,AT2G32550,AT2G32550,AT2G32550,0.0
2,Chr2_1108008.0,1108008,0.0001030101,0,,,,
3,Chr3_21322728.0,21322728,0.0001033749,0,,,,
2,Chr2_560757.0,560757,0.000103394,0,,,,
4,Chr4_1105157.0,1105157,0.0001037246,1,AT4G02510,AT4G02510,AT4G02510,0.0
4,Chr4_1303157.0,1303157,0.0001039255,0,,,,
5,Chr5_21067658.0,21067658,0.0001040563,1,AT5G51820,AT5G51820,AT5G51820,0.0
3,Chr3_15650329.0,15650329,0.0001041931,0,,,,
2,Chr2_5790718.0,5790718,0.0001042447,1,AT2G13840,AT2G13840,AT2G13840,0.0
1,Chr1_12138898.0,12138898,0.0001043863,0,,,,
3,Chr3_3089612.0,3089612,0.0001045166,0,,,,
1,Chr1_14605594.0,14605594,0.0001045723,0,,,,
2,Chr2_6295901.0,6295901,0.000104582,0,,,,
3,Chr3_4564367.0,4564367,0.0001047278,1,AT3G13860,AT3G13860,AT3G13860,0.0
3,Chr3_4564556.0,4564556,0.0001047278,1,AT3G13860,AT3G13860,AT3G13860,0.0
4,Chr4_3121353.0,3121353,0.0001048695,0,,,,
2,Chr2_8336969.0,8336969,0.0001048806,1,AT2G19210,AT2G19210,AT2G19210,0.0
1,Chr1_1659696.0,1659696,0.0001049099,0,,,,
1,Chr1_13786691.0,13786691,0.0001050771,0,,,,
3,Chr3_15810627.0,15810627,0.0001051354,0,,,,
3,Chr3_3168368.0,3168368,0.0001052816,1,AT3G10250,AT3G10250,AT3G10250,0.0
4,Chr4_6206055.0,6206055,0.0001053603,0,,,,
3,Chr3_15869794.0,15869794,0.0001056071,1,AT3G44110,AT3G44110,AT3G44110,0.0
1,Chr1_958421.0,958421,0.0001056455,0,,,,
3,Chr3_11050607.0,11050607,0.0001061661,1,AT3G29070,AT3G29070,AT3G29070,0.0
3,Chr3_15815162.0,15815162,0.0001062985,0,,,,
2,Chr2_5346952.0,5346952,0.0001064241,0,,,,
3,Chr3_15489443.0,15489443,0.0001065882,0,,,,
3,Chr3_15753962.0,15753962,0.0001066041,1,AT3G43920,AT3G43920,AT3G43920,0.0
3,Chr3_15754029.0,15754029,0.0001066041,1,AT3G43920,AT3G43920,AT3G43920,0.0
3,Chr3_15754522.0,15754522,0.0001066041,1,AT3G43920,AT3G43920,AT3G43920,0.0
3,Chr3_15754527.0,15754527,0.0001066041,1,AT3G43920,AT3G43920,AT3G43920,0.0
3,Chr3_15754535.0,15754535,0.0001066041,1,AT3G43920,AT3G43920,AT3G43920,0.0
3,Chr3_15754538.0,15754538,0.0001066041,1,AT3G43920,AT3G43920,AT3G43920,0.0
3,Chr3_15754539.0,15754539,0.0001066041,1,AT3G43920,AT3G43920,AT3G43920,0.0
3,Chr3_15754984.0,15754984,0.0001066041,1,AT3G43920,AT3G43920,AT3G43920,0.0
3,Chr3_15755082.0,15755082,0.0001066041,1,AT3G43920,AT3G43920,AT3G43920,0.0
3,Chr3_15755194.0,15755194,0.0001066041,1,AT3G43920,AT3G43920,AT3G43920,0.0
3,Chr3_15755293.0,15755293,0.0001066041,1,AT3G43920,AT3G43920,AT3G43920,0.0
3,Chr3_15755336.0,15755336,0.0001066041,1,AT3G43920,AT3G43920,AT3G43920,0.0
3,Chr3_15755342.0,15755342,0.0001066041,1,AT3G43920,AT3G43920,AT3G43920,0.0
3,Chr3_15755706.0,15755706,0.0001066041,1,AT3G43920,AT3G43920,AT3G43920,0.0
3,Chr3_15756744.0,15756744,0.0001066041,1,AT3G43920,AT3G43920,AT3G43920,0.0
3,Chr3_15756759.0,15756759,0.0001066041,1,AT3G43920,AT3G43920,AT3G43920,0.0
3,Chr3_15756783.0,15756783,0.0001066041,1,AT3G43920,AT3G43920,AT3G43920,0.0
3,Chr3_15927317.0,15927317,0.0001069706,0,,,,
3,Chr3_15929088.0,15929088,0.0001069706,1,AT3G44220,AT3G44220,AT3G44220,0.0
1,Chr1_2981318.0,2981318,0.000107271,1,AT1G09230,AT1G09230,AT1G09230,0.0
5,Chr5_22660274.0,22660274,0.0001074618,1,AT5G55950,AT5G55950,AT5G55950,0.0
5,Chr5_22660284.0,22660284,0.0001074618,1,AT5G55950,AT5G55950,AT5G55950,0.0
5,Chr5_22660286.0,22660286,0.0001074618,1,AT5G55950,AT5G55950,AT5G55950,0.0
5,Chr5_22660313.0,22660313,0.0001074618,1,AT5G55950,AT5G55950,AT5G55950,0.0
5,Chr5_22660349.0,22660349,0.0001074618,1,AT5G55950,AT5G55950,AT5G55950,0.0
5,Chr5_22660355.0,22660355,0.0001074618,1,AT5G55950,AT5G55950,AT5G55950,0.0
5,Chr5_22660369.0,22660369,0.0001074618,1,AT5G55950,AT5G55950,AT5G55950,0.0
5,Chr5_22660375.0,22660375,0.0001074618,1,AT5G55950,AT5G55950,AT5G55950,0.0
5,Chr5_22660376.0,22660376,0.0001074618,1,AT5G55950,AT5G55950,AT5G55950,0.0
5,Chr5_22660379.0,22660379,0.0001074618,1,AT5G55950,AT5G55950,AT5G55950,0.0
5,Chr5_22660393.0,22660393,0.0001074618,1,AT5G55950,AT5G55950,AT5G55950,0.0
5,Chr5_22660394.0,22660394,0.0001074618,1,AT5G55950,AT5G55950,AT5G55950,0.0
5,Chr5_22660455.0,22660455,0.0001074618,0,,,,
4,Chr4_15485090.0,15485090,0.0001078475,1,AT4G32010,AT4G32010,AT4G32010,0.0
3,Chr3_15424429.0,15424429,0.0001078771,0,,,,
2,Chr2_8331802.0,8331802,0.0001079533,0,,,,
1,Chr1_6465741.0,6465741,0.0001079596,1,AT1G18745,AT1G18745,AT1G18745,0.0
4,Chr4_11867732.0,11867732,0.0001081053,0,,,,
3,Chr3_15429873.0,15429873,0.0001081081,0,,,,
4,Chr4_237084.0,237084,0.0001083104,1,AT4G00540,AT4G00540,AT4G00540,0.0
2,Chr2_19481148.0,19481148,0.0001083413,0,,,,
2,Chr2_19481175.0,19481175,0.0001083413,0,,,,
2,Chr2_19481179.0,19481179,0.0001083413,0,,,,
2,Chr2_19481182.0,19481182,0.0001083413,0,,,,
2,Chr2_19481191.0,19481191,0.0001083413,0,,,,
2,Chr2_6750158.0,6750158,0.0001084998,0,,,,
5,Chr5_23834426.0,23834426,0.0001085604,1,AT5G59030,AT5G59030,AT5G59030,0.0
4,Chr4_998399.0,998399,0.0001088144,1,AT4G02280,AT4G02280,AT4G02280,0.0
1,Chr1_22378955.0,22378955,0.0001090565,0,,,,
1,Chr1_22379520.0,22379520,0.0001090565,0,,,,
1,Chr1_13036985.0,13036985,0.000109088,0,,,,
1,Chr1_28965253.0,28965253,0.0001091635,0,,,,
3,Chr3_11273813.0,11273813,0.0001091722,0,,,,
2,Chr2_5328434.0,5328434,0.0001093432,0,,,,
4,Chr4_5956413.0,5956413,0.0001095227,0,,,,
2,Chr2_5832235.0,5832235,0.0001097506,0,,,,
5,Chr5_20164905.0,20164905,0.000109978,0,,,,
5,Chr5_20165585.0,20165585,0.000109978,0,,,,
5,Chr5_20165764.0,20165764,0.000109978,0,,,,
2,Chr2_5536487.0,5536487,0.0001101601,1,AT2G13350,AT2G13350,AT2G13350,0.0
5,Chr5_12576761.0,12576761,0.0001101764,0,,,,
1,Chr1_3156086.0,3156086,0.0001102189,1,AT1G09740,AT1G09740,AT1G09740,0.0
2,Chr2_5330621.0,5330621,0.0001102753,0,,,,
5,Chr5_10422944.0,10422944,0.00011034,0,,,,
3,Chr3_16484713.0,16484713,0.0001106982,0,,,,
3,Chr3_16484716.0,16484716,0.0001106982,0,,,,
4,Chr4_5622602.0,5622602,0.0001107795,0,,,,
2,Chr2_5369770.0,5369770,0.0001108157,0,,,,
1,Chr1_27758373.0,27758373,0.0001111272,0,,,,
2,Chr2_134396.0,134396,0.0001111978,1,AT2G01250,AT2G01250,AT2G01250,0.0
2,Chr2_134878.0,134878,0.0001111978,0,,,,
4,Chr4_18392169.0,18392169,0.0001111981,0,,,,
1,Chr1_10141210.0,10141210,0.0001112111,0,,,,
3,Chr3_1986160.0,1986160,0.0001113924,1,AT3G06480,AT3G06480,AT3G06480,0.0
1,Chr1_16636042.0,16636042,0.0001114459,0,,,,
4,Chr4_15466639.0,15466639,0.0001118778,1,AT4G31980,AT4G31980,AT4G31980,0.0
5,Chr5_20215510.0,20215510,0.0001120171,0,,,,
2,Chr2_5580067.0,5580067,0.0001123971,0,,,,
2,Chr2_5311762.0,5311762,0.0001124389,0,,,,
5,Chr5_10149852.0,10149852,0.0001126998,0,,,,
2,Chr2_5617909.0,5617909,0.0001127862,0,,,,
2,Chr2_5598223.0,5598223,0.0001128597,1,AT2G13440,AT2G13440,AT2G13440,0.0
4,Chr4_3120005.0,3120005,0.0001129806,0,,,,
4,Chr4_3120286.0,3120286,0.0001129806,0,,,,
4,Chr4_3120938.0,3120938,0.0001129806,0,,,,
4,Chr4_3121396.0,3121396,0.0001129806,0,,,,
4,Chr4_3121456.0,3121456,0.0001129806,0,,,,
3,Chr3_19782033.0,19782033,0.0001135033,1,AT3G53350,AT3G53350,AT3G53350,0.0
3,Chr3_19784274.0,19784274,0.0001135033,0,,,,
3,Chr3_19792575.0,19792575,0.0001135033,1,AT3G53390,AT3G53390,AT3G53390,0.0
3,Chr3_19797226.0,19797226,0.0001135033,0,,,,
4,Chr4_8167182.0,8167182,0.0001135054,0,,,,
4,Chr4_8855479.0,8855479,0.0001135261,0,,,,
5,Chr5_10148708.0,10148708,0.0001136463,0,,,,
2,Chr2_8294232.0,8294232,0.0001138455,1,AT2G19130,AT2G19130,AT2G19130,0.0
2,Chr2_8300084.0,8300084,0.0001138455,0,,,,
2,Chr2_8314138.0,8314138,0.0001138455,1,AT2G19170,AT2G19170,AT2G19170,0.0
1,Chr1_22376677.0,22376677,0.0001138654,0,,,,
2,Chr2_13953739.0,13953739,0.0001142027,2,AT2G32890;AT2G32900,AT2G32890,AT2G32890,0.0
2,Chr2_13954756.0,13954756,0.0001142027,1,AT2G32900,AT2G32900,AT2G32900,0.0
2,Chr2_13958898.0,13958898,0.0001142027,1,AT2G32905,AT2G32905,AT2G32905,0.0
3,Chr3_15696219.0,15696219,0.0001143168,0,,,,
3,Chr3_15697268.0,15697268,0.0001143168,0,,,,
1,Chr1_14606205.0,14606205,0.000114525,0,,,,
2,Chr2_5596594.0,5596594,0.0001145474,1,AT2G13440,AT2G13440,AT2G13440,0.0
3,Chr3_10590894.0,10590894,0.0001145899,0,,,,
3,Chr3_10600139.0,10600139,0.0001145899,0,,,,
3,Chr3_10604624.0,10604624,0.0001145899,0,,,,
3,Chr3_15939471.0,15939471,0.0001146445,0,,,,
3,Chr3_15939658.0,15939658,0.0001146445,0,,,,
1,Chr1_926787.0,926787,0.0001146779,0,,,,
4,Chr4_9765013.0,9765013,0.0001147935,1,AT4G17505,AT4G17505,AT4G17505,0.0
1,Chr1_2387645.0,2387645,0.0001148447,1,AT1G07710,AT1G07710,AT1G07710,0.0
4,Chr4_17559266.0,17559266,0.0001148701,0,,,,
5,Chr5_2055815.0,2055815,0.0001149272,0,,,,
5,Chr5_2063189.0,2063189,0.0001149272,0,,,,
3,Chr3_13451126.0,13451126,0.0001150389,0,,,,
4,Chr4_982500.0,982500,0.0001150563,0,,,,
5,Chr5_1609033.0,1609033,0.000115215,0,,,,
1,Chr1_10141144.0,10141144,0.0001153465,0,,,,
4,Chr4_18522457.0,18522457,0.0001157361,0,,,,
4,Chr4_18524987.0,18524987,0.0001157361,0,,,,
2,Chr2_670667.0,670667,0.0001157534,0,,,,
4,Chr4_8210204.0,8210204,0.0001157702,1,AT4G14250,AT4G14250,AT4G14250,0.0
4,Chr4_15021499.0,15021499,0.000116176,1,AT4G30850,AT4G30850,AT4G30850,0.0
5,Chr5_3568071.0,3568071,0.0001164221,1,AT5G11200,AT5G11200,AT5G11200,0.0
2,Chr2_165685.0,165685,0.0001164263,1,AT2G01350,AT2G01350,AT2G01350,0.0
2,Chr2_166904.0,166904,0.0001164263,1,AT2G01350,AT2G01350,AT2G01350,0.0
3,Chr3_15388531.0,15388531,0.0001170006,0,,,,
3,Chr3_4597556.0,4597556,0.0001170017,1,AT3G13930,AT3G13930,AT3G13930,0.0
1,Chr1_5639315.0,5639315,0.0001171132,1,AT1G16500,AT1G16500,AT1G16500,0.0
1,Chr1_5639339.0,5639339,0.0001171132,1,AT1G16500,AT1G16500,AT1G16500,0.0
2,Chr2_7901082.0,7901082,0.0001172062,0,,,,
2,Chr2_5332815.0,5332815,0.0001172156,0,,,,
5,Chr5_10785223.0,10785223,0.000117449,1,AT5G28750,AT5G28750,AT5G28750,0.0
2,Chr2_3872451.0,3872451,0.0001174877,0,,,,
2,Chr2_7482318.0,7482318,0.000117492,1,AT2G17200,AT2G17200,AT2G17200,0.0
1,Chr1_1203417.0,1203417,0.0001179881,1,AT1G04440,AT1G04440,AT1G04440,0.0
4,Chr4_5910544.0,5910544,0.000118114,0,,,,
4,Chr4_5910570.0,5910570,0.000118114,0,,,,
1,Chr1_13107930.0,13107930,0.0001181393,0,,,,
3,Chr3_15996779.0,15996779,0.0001189481,0,,,,
3,Chr3_15997476.0,15997476,0.0001189481,0,,,,
1,Chr1_18137257.0,18137257,0.0001189983,1,AT1G49030,AT1G49030,AT1G49030,0.0
3,Chr3_15428471.0,15428471,0.0001190823,0,,,,
4,Chr4_8307036.0,8307036,0.0001190885,1,AT4G14440,AT4G14440,AT4G14440,0.0
2,Chr2_5666944.0,5666944,0.0001192512,0,,,,
4,Chr4_1628934.0,1628934,0.0001197937,0,,,,
3,Chr3_15345754.0,15345754,0.0001198058,0,,,,
3,Chr3_15421844.0,15421844,0.0001199553,0,,,,
1,Chr1_20998585.0,20998585,0.0001199764,1,AT1G56130,AT1G56130,AT1G56130,0.0
3,Chr3_14848151.0,14848151,0.0001200047,0,,,,
3,Chr3_3184526.0,3184526,0.0001201275,1,AT3G10290,AT3G10290,AT3G10290,0.0
4,Chr4_8783892.0,8783892,0.0001203904,0,,,,
1,Chr1_28927062.0,28927062,0.0001206664,1,AT1G76980,AT1G76980,AT1G76980,0.0
3,Chr3_15795456.0,15795456,0.0001206894,0,,,,
1,Chr1_3303190.0,3303190,0.0001207776,1,AT1G10110,AT1G10110,AT1G10110,0.0
4,Chr4_3774256.0,3774256,0.000120858,0,,,,
5,Chr5_25943003.0,25943003,0.0001210156,1,AT5G64910,AT5G64910,AT5G64910,0.0
3,Chr3_22915786.0,22915786,0.0001210366,0,,,,
2,Chr2_17147508.0,17147508,0.0001210774,0,,,,
4,Chr4_15054463.0,15054463,0.0001211892,0,,,,
4,Chr4_15054743.0,15054743,0.0001211892,0,,,,
2,Chr2_3839374.0,3839374,0.0001214394,0,,,,
1,Chr1_23622121.0,23622121,0.0001215217,1,AT1G63690,AT1G63690,AT1G63690,0.0
5,Chr5_10164017.0,10164017,0.0001216434,0,,,,
3,Chr3_17904661.0,17904661,0.0001216449,0,,,,
4,Chr4_17377701.0,17377701,0.0001218459,0,,,,
4,Chr4_17385961.0,17385961,0.0001218459,0,,,,
3,Chr3_2992830.0,2992830,0.0001221758,1,AT3G09760,AT3G09760,AT3G09760,0.0
5,Chr5_4634135.0,4634135,0.0001222977,0,,,,
5,Chr5_4634286.0,4634286,0.0001222977,0,,,,
5,Chr5_4635067.0,4635067,0.0001222977,0,,,,
5,Chr5_4637287.0,4637287,0.0001222977,0,,,,
5,Chr5_4639678.0,4639678,0.0001222977,1,AT5G14390,AT5G14390,AT5G14390,0.0
3,Chr3_15862393.0,15862393,0.0001226329,0,,,,
1,Chr1_3313508.0,3313508,0.0001227183,1,AT1G10130,AT1G10130,AT1G10130,0.0
2,Chr2_17732472.0,17732472,0.0001227584,1,AT2G42590,AT2G42590,AT2G42590,0.0
2,Chr2_17732473.0,17732473,0.0001227584,1,AT2G42590,AT2G42590,AT2G42590,0.0
1,Chr1_4273537.0,4273537,0.0001229274,1,AT1G12540,AT1G12540,AT1G12540,0.0
3,Chr3_7769231.0,7769231,0.0001230187,0,,,,
3,Chr3_7769270.0,7769270,0.0001230187,0,,,,
3,Chr3_7769555.0,7769555,0.0001230187,1,AT3G22057,AT3G22057,AT3G22057,0.0
2,Chr2_5782977.0,5782977,0.0001230423,0,,,,
2,Chr2_5783366.0,5783366,0.0001230423,0,,,,
2,Chr2_5282569.0,5282569,0.0001235814,0,,,,
1,Chr1_4271507.0,4271507,0.0001236202,0,,,,
1,Chr1_27094792.0,27094792,0.0001236885,0,,,,
2,Chr2_5543146.0,5543146,0.0001239039,0,,,,
2,Chr2_19557998.0,19557998,0.0001239338,1,AT2G47730,AT2G47730,AT2G47730,0.0
3,Chr3_15795278.0,15795278,0.0001242081,0,,,,
2,Chr2_8300479.0,8300479,0.0001243791,0,,,,
2,Chr2_8300533.0,8300533,0.0001243791,0,,,,
2,Chr2_8302059.0,8302059,0.0001243791,0,,,,
2,Chr2_5246767.0,5246767,0.000124539,0,,,,
2,Chr2_5248869.0,5248869,0.000124539,0,,,,
2,Chr2_5337034.0,5337034,0.000124539,0,,,,
2,Chr2_5728024.0,5728024,0.0001245679,0,,,,
2,Chr2_5728216.0,5728216,0.0001245679,0,,,,
2,Chr2_5731864.0,5731864,0.0001245679,0,,,,
2,Chr2_5732819.0,5732819,0.0001245679,0,,,,
1,Chr1_2817117.0,2817117,0.0001246814,1,AT1G08800,AT1G08800,AT1G08800,0.0
1,Chr1_4317664.0,4317664,0.0001252721,0,,,,
1,Chr1_18137295.0,18137295,0.0001253063,1,AT1G49030,AT1G49030,AT1G49030,0.0
3,Chr3_10494989.0,10494989,0.000125372,0,,,,
5,Chr5_18900604.0,18900604,0.0001254805,0,,,,
1,Chr1_1641645.0,1641645,0.0001257121,1,AT1G05550,AT1G05550,AT1G05550,0.0
2,Chr2_5558310.0,5558310,0.0001258526,0,,,,
4,Chr4_855278.0,855278,0.0001264873,1,AT4G01970,AT4G01970,AT4G01970,0.0
4,Chr4_857625.0,857625,0.0001264873,0,,,,
3,Chr3_18530931.0,18530931,0.0001265882,1,AT3G49980,AT3G49980,AT3G49980,0.0
4,Chr4_8464778.0,8464778,0.0001276327,0,,,,
5,Chr5_20166577.0,20166577,0.0001277535,0,,,,
2,Chr2_882714.0,882714,0.0001278365,1,AT2G03020,AT2G03020,AT2G03020,0.0
1,Chr1_7464803.0,7464803,0.0001280531,1,AT1G21320,AT1G21320,AT1G21320,0.0
4,Chr4_3115503.0,3115503,0.0001280873,0,,,,
4,Chr4_4116142.0,4116142,0.000128394,0,,,,
3,Chr3_10495304.0,10495304,0.0001286566,0,,,,
5,Chr5_16625489.0,16625489,0.0001289211,1,AT5G41570,AT5G41570,AT5G41570,0.0
5,Chr5_16625700.0,16625700,0.0001289211,1,AT5G41570,AT5G41570,AT5G41570,0.0
1,Chr1_17576332.0,17576332,0.0001290944,0,,,,
5,Chr5_7214057.0,7214057,0.0001291966,0,,,,
5,Chr5_9951815.0,9951815,0.0001294681,0,,,,
2,Chr2_5302478.0,5302478,0.0001295662,0,,,,
2,Chr2_5384502.0,5384502,0.0001295662,0,,,,
2,Chr2_5384865.0,5384865,0.0001295662,0,,,,
5,Chr5_7563398.0,7563398,0.0001296608,0,,,,
5,Chr5_7563418.0,7563418,0.0001296608,0,,,,
1,Chr1_3426347.0,3426347,0.0001298819,1,AT1G10417,AT1G10417,AT1G10417,0.0
1,Chr1_3427820.0,3427820,0.0001298819,0,,,,
1,Chr1_3435750.0,3435750,0.0001298819,1,AT1G10450,AT1G10450,AT1G10450,0.0
3,Chr3_15685158.0,15685158,0.0001300375,0,,,,
1,Chr1_14606415.0,14606415,0.0001301315,0,,,,
2,Chr2_677350.0,677350,0.0001301477,1,AT2G02520,AT2G02520,AT2G02520,0.0
2,Chr2_680190.0,680190,0.0001301477,0,,,,
3,Chr3_15764513.0,15764513,0.0001302794,1,AT3G43940,AT3G43940,AT3G43940,0.0
4,Chr4_11038272.0,11038272,0.0001303118,0,,,,
4,Chr4_11038273.0,11038273,0.0001303118,0,,,,
3,Chr3_14870490.0,14870490,0.0001303692,0,,,,
1,Chr1_2714766.0,2714766,0.0001305538,0,,,,
3,Chr3_11514409.0,11514409,0.0001308451,0,,,,
3,Chr3_15700018.0,15700018,0.0001308648,0,,,,
5,Chr5_23165287.0,23165287,0.0001310871,0,,,,
4,Chr4_1289592.0,1289592,0.0001312448,1,AT4G02910,AT4G02910,AT4G02910,0.0
4,Chr4_9086824.0,9086824,0.0001313699,0,,,,
4,Chr4_1199074.0,1199074,0.0001314452,0,,,,
3,Chr3_14836518.0,14836518,0.0001316557,0,,,,
3,Chr3_18530168.0,18530168,0.000131874,0,,,,
1,Chr1_28929979.0,28929979,0.0001323989,0,,,,
1,Chr1_28929980.0,28929980,0.0001323989,0,,,,
4,Chr4_9961241.0,9961241,0.000132751,0,,,,
4,Chr4_9961668.0,9961668,0.000132751,0,,,,
1,Chr1_4001408.0,4001408,0.0001332433,1,AT1G11860,AT1G11860,AT1G11860,0.0
1,Chr1_11854432.0,11854432,0.0001332573,1,AT1G32750,AT1G32750,AT1G32750,0.0
1,Chr1_11856697.0,11856697,0.0001332573,1,AT1G32750,AT1G32750,AT1G32750,0.0
2,Chr2_5579005.0,5579005,0.000133328,0,,,,
1,Chr1_29559836.0,29559836,0.0001334181,1,AT1G78580,AT1G78580,AT1G78580,0.0
3,Chr3_15423850.0,15423850,0.0001334204,0,,,,
3,Chr3_19424420.0,19424420,0.0001340147,1,AT3G52390,AT3G52390,AT3G52390,0.0
1,Chr1_192682.0,192682,0.0001341053,1,AT1G01530,AT1G01530,AT1G01530,0.0
5,Chr5_19494617.0,19494617,0.0001342459,0,,,,
5,Chr5_19495022.0,19495022,0.0001342459,0,,,,
2,Chr2_5546852.0,5546852,0.0001345333,1,AT2G13370,AT2G13370,AT2G13370,0.0
2,Chr2_5553923.0,5553923,0.0001345333,1,AT2G13370,AT2G13370,AT2G13370,0.0
2,Chr2_8299560.0,8299560,0.0001348093,0,,,,
1,Chr1_942480.0,942480,0.0001350338,1,AT1G03760,AT1G03760,AT1G03760,0.0
1,Chr1_943448.0,943448,0.0001350338,0,,,,
1,Chr1_16599987.0,16599987,0.000135096,0,,,,
4,Chr4_8012797.0,8012797,0.0001361433,0,,,,
3,Chr3_15935140.0,15935140,0.0001361993,0,,,,
3,Chr3_10488681.0,10488681,0.0001368585,0,,,,
3,Chr3_10489190.0,10489190,0.0001368585,0,,,,
3,Chr3_10493253.0,10493253,0.0001368585,0,,,,
1,Chr1_12060319.0,12060319,0.000137045,0,,,,
3,Chr3_15796656.0,15796656,0.0001373093,0,,,,
3,Chr3_15796665.0,15796665,0.0001373093,0,,,,
3,Chr3_4579688.0,4579688,0.0001376746,0,,,,
5,Chr5_22053929.0,22053929,0.0001376912,1,AT5G54290,AT5G54290,AT5G54290,0.0
5,Chr5_22053932.0,22053932,0.0001376912,1,AT5G54290,AT5G54290,AT5G54290,0.0
5,Chr5_22053938.0,22053938,0.0001376912,1,AT5G54290,AT5G54290,AT5G54290,0.0
5,Chr5_22053948.0,22053948,0.0001376912,1,AT5G54290,AT5G54290,AT5G54290,0.0
5,Chr5_22053950.0,22053950,0.0001376912,1,AT5G54290,AT5G54290,AT5G54290,0.0
1,Chr1_21723968.0,21723968,0.0001377398,0,,,,
1,Chr1_21724031.0,21724031,0.0001377398,0,,,,
3,Chr3_14480697.0,14480697,0.0001377455,0,,,,
3,Chr3_14480827.0,14480827,0.0001377455,0,,,,
3,Chr3_14480945.0,14480945,0.0001377455,0,,,,
3,Chr3_14481064.0,14481064,0.0001377455,0,,,,
3,Chr3_14481156.0,14481156,0.0001377455,0,,,,
1,Chr1_1074106.0,1074106,0.0001379429,1,AT1G04130,AT1G04130,AT1G04130,0.0
1,Chr1_1074380.0,1074380,0.0001379429,1,AT1G04130,AT1G04130,AT1G04130,0.0
1,Chr1_1074408.0,1074408,0.0001379429,1,AT1G04130,AT1G04130,AT1G04130,0.0
1,Chr1_1074481.0,1074481,0.0001379429,1,AT1G04130,AT1G04130,AT1G04130,0.0
1,Chr1_1074626.0,1074626,0.0001379429,1,AT1G04130,AT1G04130,AT1G04130,0.0
1,Chr1_1074643.0,1074643,0.0001379429,1,AT1G04130,AT1G04130,AT1G04130,0.0
1,Chr1_1074681.0,1074681,0.0001379429,1,AT1G04130,AT1G04130,AT1G04130,0.0
1,Chr1_1074684.0,1074684,0.0001379429,1,AT1G04130,AT1G04130,AT1G04130,0.0
1,Chr1_1074743.0,1074743,0.0001379429,1,AT1G04130,AT1G04130,AT1G04130,0.0
2,Chr2_7001729.0,7001729,0.0001380948,0,,,,
2,Chr2_7001748.0,7001748,0.0001380948,0,,,,
2,Chr2_5393710.0,5393710,0.0001383623,0,,,,
2,Chr2_2396250.0,2396250,0.0001385071,0,,,,
3,Chr3_17966339.0,17966339,0.0001386164,0,,,,
4,Chr4_8041081.0,8041081,0.0001386471,0,,,,
3,Chr3_15970018.0,15970018,0.0001386763,1,AT3G44280,AT3G44280,AT3G44280,0.0
1,Chr1_1879493.0,1879493,0.0001388277,0,,,,
2,Chr2_445032.0,445032,0.0001389551,0,,,,
4,Chr4_5456390.0,5456390,0.0001390295,0,,,,
3,Chr3_15921727.0,15921727,0.0001390373,0,,,,
4,Chr4_7227044.0,7227044,0.0001399461,0,,,,
4,Chr4_5909024.0,5909024,0.0001400611,0,,,,
5,Chr5_8433032.0,8433032,0.0001400773,1,AT5G24630,AT5G24630,AT5G24630,0.0
4,Chr4_5313057.0,5313057,0.0001401408,0,,,,
3,Chr3_3150888.0,3150888,0.0001401955,1,AT3G10180,AT3G10180,AT3G10180,0.0
2,Chr2_13942784.0,13942784,0.0001402026,1,AT2G32860,AT2G32860,AT2G32860,0.0
3,Chr3_18658396.0,18658396,0.0001403459,0,,,,
2,Chr2_5817756.0,5817756,0.0001405411,0,,,,
3,Chr3_11271328.0,11271328,0.0001410409,0,,,,
1,Chr1_30018813.0,30018813,0.0001411093,1,AT1G79800,AT1G79800,AT1G79800,0.0
5,Chr5_1953421.0,1953421,0.0001412579,1,AT5G06390,AT5G06390,AT5G06390,0.0
3,Chr3_18069344.0,18069344,0.0001415037,0,,,,
2,Chr2_8766702.0,8766702,0.000141877,0,,,,
5,Chr5_12200979.0,12200979,0.0001421531,0,,,,
5,Chr5_25909461.0,25909461,0.0001424275,1,AT5G64810,AT5G64810,AT5G64810,0.0
4,Chr4_1288775.0,1288775,0.0001426625,1,AT4G02910,AT4G02910,AT4G02910,0.0
2,Chr2_5302806.0,5302806,0.0001429969,0,,,,
2,Chr2_1859685.0,1859685,0.0001435399,1,AT2G05160,AT2G05160,AT2G05160,0.0
3,Chr3_18531033.0,18531033,0.0001436045,1,AT3G49980,AT3G49980,AT3G49980,0.0
3,Chr3_2660945.0,2660945,0.0001441777,0,,,,
5,Chr5_26425871.0,26425871,0.0001447091,1,AT5G66090,AT5G66090,AT5G66090,0.0
5,Chr5_26425930.0,26425930,0.0001447091,1,AT5G66090,AT5G66090,AT5G66090,0.0
3,Chr3_15756515.0,15756515,0.0001447117,1,AT3G43920,AT3G43920,AT3G43920,0.0
1,Chr1_23680733.0,23680733,0.0001450886,0,,,,
4,Chr4_8854186.0,8854186,0.0001453458,1,AT4G15490,AT4G15490,AT4G15490,0.0
2,Chr2_5591773.0,5591773,0.0001454369,0,,,,
1,Chr1_4400586.0,4400586,0.0001458017,1,AT1G12930,AT1G12930,AT1G12930,0.0
1,Chr1_4403693.0,4403693,0.0001458017,1,AT1G12930,AT1G12930,AT1G12930,0.0
3,Chr3_18422078.0,18422078,0.0001458724,0,,,,
3,Chr3_15570258.0,15570258,0.0001462666,0,,,,
2,Chr2_15054209.0,15054209,0.0001464409,1,AT2G35840,AT2G35840,AT2G35840,0.0
3,Chr3_3109466.0,3109466,0.0001465178,1,AT3G10090,AT3G10090,AT3G10090,0.0
3,Chr3_3113041.0,3113041,0.0001465178,0,,,,
1,Chr1_2982999.0,2982999,0.0001465787,0,,,,
1,Chr1_998904.0,998904,0.0001465886,1,AT1G03910,AT1G03910,AT1G03910,0.0
4,Chr4_8711972.0,8711972,0.0001466071,0,,,,
2,Chr2_18407849.0,18407849,0.0001472494,0,,,,
3,Chr3_15619247.0,15619247,0.0001473743,0,,,,
3,Chr3_14803589.0,14803589,0.0001475145,0,,,,
3,Chr3_14803685.0,14803685,0.0001475145,0,,,,
3,Chr3_14803867.0,14803867,0.0001475145,0,,,,
1,Chr1_4872945.0,4872945,0.0001475252,1,AT1G14260,AT1G14260,AT1G14260,0.0
5,Chr5_26561773.0,26561773,0.0001475998,0,,,,
1,Chr1_23683301.0,23683301,0.0001476376,1,AT1G63820,AT1G63820,AT1G63820,0.0
1,Chr1_11400235.0,11400235,0.0001479188,1,AT1G31810,AT1G31810,AT1G31810,0.0
1,Chr1_24710481.0,24710481,0.0001481217,0,,,,
1,Chr1_24710647.0,24710647,0.0001481217,0,,,,
1,Chr1_24711097.0,24711097,0.0001481217,0,,,,
1,Chr1_24714245.0,24714245,0.0001481217,1,AT1G66290,AT1G66290,AT1G66290,0.0
1,Chr1_24714246.0,24714246,0.0001481217,1,AT1G66290,AT1G66290,AT1G66290,0.0
1,Chr1_24714374.0,24714374,0.0001481217,1,AT1G66290,AT1G66290,AT1G66290,0.0
4,Chr4_18509034.0,18509034,0.0001481762,1,AT4G39900,AT4G39900,AT4G39900,0.0
4,Chr4_18509058.0,18509058,0.0001481762,1,AT4G39900,AT4G39900,AT4G39900,0.0
4,Chr4_18509059.0,18509059,0.0001481762,1,AT4G39900,AT4G39900,AT4G39900,0.0
4,Chr4_18509086.0,18509086,0.0001481762,1,AT4G39900,AT4G39900,AT4G39900,0.0
4,Chr4_18509090.0,18509090,0.0001481762,1,AT4G39900,AT4G39900,AT4G39900,0.0
5,Chr5_10682923.0,10682923,0.0001484928,0,,,,
5,Chr5_10683000.0,10683000,0.0001484928,0,,,,
2,Chr2_713961.0,713961,0.0001485017,0,,,,
1,Chr1_2317522.0,2317522,0.0001486885,0,,,,
2,Chr2_4504381.0,4504381,0.0001490446,0,,,,
1,Chr1_10634233.0,10634233,0.0001495038,1,AT1G30220,AT1G30220,AT1G30220,0.0
1,Chr1_10636103.0,10636103,0.0001495038,0,,,,
3,Chr3_15570300.0,15570300,0.0001496181,0,,,,
3,Chr3_15574022.0,15574022,0.0001496181,0,,,,
3,Chr3_15586647.0,15586647,0.0001496181,0,,,,
3,Chr3_15595759.0,15595759,0.0001496181,0,,,,
3,Chr3_15595761.0,15595761,0.0001496181,0,,,,
3,Chr3_15596198.0,15596198,0.0001496181,0,,,,
3,Chr3_15596314.0,15596314,0.0001496181,0,,,,
3,Chr3_15596883.0,15596883,0.0001496181,0,,,,
3,Chr3_15597577.0,15597577,0.0001496181,0,,,,
3,Chr3_15599389.0,15599389,0.0001496181,0,,,,
3,Chr3_15600951.0,15600951,0.0001496181,0,,,,
4,Chr4_9137564.0,9137564,0.0001500294,0,,,,
4,Chr4_2017630.0,2017630,0.000150099,0,,,,
3,Chr3_20570772.0,20570772,0.0001502272,1,AT3G55480,AT3G55480,AT3G55480,0.0
3,Chr3_10482767.0,10482767,0.0001504598,0,,,,
2,Chr2_18640942.0,18640942,0.0001506668,0,,,,
2,Chr2_18640993.0,18640993,0.0001506668,0,,,,
2,Chr2_18641012.0,18641012,0.0001506668,0,,,,
2,Chr2_11556013.0,11556013,0.0001514832,1,AT2G27070,AT2G27070,AT2G27070,0.0
1,Chr1_3324685.0,3324685,0.0001516173,0,,,,
1,Chr1_3875038.0,3875038,0.0001516468,1,AT1G11530,AT1G11530,AT1G11530,0.0
3,Chr3_10447704.0,10447704,0.0001517436,0,,,,
3,Chr3_154587.0,154587,0.0001519032,1,AT3G01410,AT3G01410,AT3G01410,0.0
2,Chr2_676465.0,676465,0.0001519184,0,,,,
5,Chr5_26411471.0,26411471,0.0001522907,0,,,,
3,Chr3_18540341.0,18540341,0.000152299,0,,,,
3,Chr3_18546114.0,18546114,0.000152299,0,,,,
3,Chr3_18546833.0,18546833,0.000152299,1,AT3G50030,AT3G50030,AT3G50030,0.0
3,Chr3_18547147.0,18547147,0.000152299,1,AT3G50030,AT3G50030,AT3G50030,0.0
3,Chr3_18549026.0,18549026,0.000152299,0,,,,
3,Chr3_18549390.0,18549390,0.000152299,1,AT3G50040,AT3G50040,AT3G50040,0.0
3,Chr3_18549497.0,18549497,0.000152299,1,AT3G50040,AT3G50040,AT3G50040,0.0
3,Chr3_18549556.0,18549556,0.000152299,1,AT3G50040,AT3G50040,AT3G50040,0.0
3,Chr3_18551345.0,18551345,0.000152299,0,,,,
3,Chr3_18551347.0,18551347,0.000152299,0,,,,
3,Chr3_18552300.0,18552300,0.000152299,0,,,,
3,Chr3_18553805.0,18553805,0.000152299,0,,,,
2,Chr2_5281314.0,5281314,0.0001525815,0,,,,
2,Chr2_11322221.0,11322221,0.0001526917,1,AT2G26610,AT2G26610,AT2G26610,0.0
4,Chr4_11873052.0,11873052,0.0001528121,0,,,,
4,Chr4_11873201.0,11873201,0.0001528121,0,,,,
5,Chr5_16624223.0,16624223,0.0001528734,1,AT5G41570,AT5G41570,AT5G41570,0.0
5,Chr5_536657.0,536657,0.0001529926,0,,,,
5,Chr5_540133.0,540133,0.0001529926,1,AT5G02460,AT5G02460,AT5G02460,0.0
4,Chr4_2170436.0,2170436,0.0001531307,0,,,,
4,Chr4_2171443.0,2171443,0.0001531307,0,,,,
4,Chr4_2172419.0,2172419,0.0001531307,0,,,,
3,Chr3_15893639.0,15893639,0.0001533076,0,,,,
5,Chr5_14645614.0,14645614,0.0001534781,0,,,,
2,Chr2_14601962.0,14601962,0.0001535068,0,,,,
2,Chr2_14602359.0,14602359,0.0001535068,0,,,,
2,Chr2_14602802.0,14602802,0.0001535068,1,AT2G34660,AT2G34660,AT2G34660,0.0
2,Chr2_14604341.0,14604341,0.0001535068,1,AT2G34660,AT2G34660,AT2G34660,0.0
2,Chr2_14613552.0,14613552,0.0001535068,1,AT2G34670,AT2G34670,AT2G34670,0.0
2,Chr2_14613788.0,14613788,0.0001535068,1,AT2G34670,AT2G34670,AT2G34670,0.0
2,Chr2_14616248.0,14616248,0.0001535068,0,,,,
5,Chr5_20670371.0,20670371,0.000153544,0,,,,
2,Chr2_13842209.0,13842209,0.0001536782,1,AT2G32620,AT2G32620,AT2G32620,0.0
4,Chr4_15464013.0,15464013,0.0001538539,1,AT4G31970,AT4G31970,AT4G31970,0.0
1,Chr1_4309255.0,4309255,0.0001540253,1,AT1G12660,AT1G12660,AT1G12660,0.0
4,Chr4_6199892.0,6199892,0.0001543905,0,,,,
1,Chr1_16689780.0,16689780,0.0001543935,0,,,,
5,Chr5_18717789.0,18717789,0.0001544906,0,,,,
3,Chr3_15796719.0,15796719,0.0001546888,0,,,,
1,Chr1_29962136.0,29962136,0.000155038,1,AT1G79620,AT1G79620,AT1G79620,0.0
1,Chr1_28520801.0,28520801,0.0001551887,0,,,,
1,Chr1_28527365.0,28527365,0.0001551887,0,,,,
3,Chr3_16724492.0,16724492,0.0001555218,0,,,,
5,Chr5_10055459.0,10055459,0.0001557289,0,,,,
1,Chr1_21914623.0,21914623,0.0001558921,0,,,,
5,Chr5_18981413.0,18981413,0.000156277,0,,,,
5,Chr5_20636813.0,20636813,0.0001563548,1,AT5G50740,AT5G50740,AT5G50740,0.0
1,Chr1_28917143.0,28917143,0.0001563848,0,,,,
1,Chr1_28917144.0,28917144,0.0001563848,0,,,,
2,Chr2_6011266.0,6011266,0.0001564467,0,,,,
1,Chr1_29519853.0,29519853,0.0001567851,0,,,,
1,Chr1_29519979.0,29519979,0.0001567851,0,,,,
1,Chr1_29520035.0,29520035,0.0001567851,0,,,,
4,Chr4_7924888.0,7924888,0.0001568752,1,AT4G13615,AT4G13615,AT4G13615,0.0
4,Chr4_1834069.0,1834069,0.0001572278,0,,,,
3,Chr3_15923772.0,15923772,0.0001572281,0,,,,
4,Chr4_1369107.0,1369107,0.0001573456,1,AT4G03090,AT4G03090,AT4G03090,0.0
1,Chr1_4273341.0,4273341,0.0001573616,1,AT1G12540,AT1G12540,AT1G12540,0.0
1,Chr1_4273345.0,4273345,0.0001573616,1,AT1G12540,AT1G12540,AT1G12540,0.0
2,Chr2_5410389.0,5410389,0.0001574357,0,,,,
2,Chr2_5410390.0,5410390,0.0001574357,0,,,,
2,Chr2_5410409.0,5410409,0.0001574357,0,,,,
2,Chr2_5410443.0,5410443,0.0001574357,0,,,,
2,Chr2_5410450.0,5410450,0.0001574357,0,,,,
2,Chr2_5410502.0,5410502,0.0001574357,0,,,,
3,Chr3_14055860.0,14055860,0.0001575146,0,,,,
1,Chr1_21208301.0,21208301,0.0001579574,1,AT1G56600,AT1G56600,AT1G56600,0.0
4,Chr4_7038524.0,7038524,0.0001580082,0,,,,
2,Chr2_6943379.0,6943379,0.0001580166,0,,,,
3,Chr3_12362751.0,12362751,0.0001582803,0,,,,
4,Chr4_8152016.0,8152016,0.0001584319,1,AT4G14140,AT4G14140,AT4G14140,0.0
4,Chr4_8152306.0,8152306,0.0001584319,1,AT4G14145,AT4G14145,AT4G14145,0.0
4,Chr4_15032075.0,15032075,0.0001587711,1,AT4G30870,AT4G30870,AT4G30870,0.0
4,Chr4_15032749.0,15032749,0.0001587711,0,,,,
2,Chr2_7477822.0,7477822,0.000158839,0,,,,
2,Chr2_2002206.0,2002206,0.0001589818,0,,,,
2,Chr2_2002288.0,2002288,0.0001589818,0,,,,
3,Chr3_12444098.0,12444098,0.0001591489,0,,,,
1,Chr1_13109818.0,13109818,0.0001593419,1,AT1G35540,AT1G35540,AT1G35540,0.0
3,Chr3_15848255.0,15848255,0.0001594159,0,,,,
3,Chr3_3184423.0,3184423,0.0001596426,1,AT3G10290,AT3G10290,AT3G10290,0.0
3,Chr3_3184468.0,3184468,0.0001596426,1,AT3G10290,AT3G10290,AT3G10290,0.0
3,Chr3_3184470.0,3184470,0.0001596426,1,AT3G10290,AT3G10290,AT3G10290,0.0
3,Chr3_3184478.0,3184478,0.0001596426,1,AT3G10290,AT3G10290,AT3G10290,0.0
3,Chr3_3184480.0,3184480,0.0001596426,1,AT3G10290,AT3G10290,AT3G10290,0.0
4,Chr4_14970011.0,14970011,0.0001599601,0,,,,
2,Chr2_13346215.0,13346215,0.0001600076,1,AT2G31300,AT2G31300,AT2G31300,0.0
2,Chr2_13352169.0,13352169,0.0001600076,0,,,,
2,Chr2_13364506.0,13364506,0.0001600076,1,AT2G31340,AT2G31340,AT2G31340,0.0
1,Chr1_3302161.0,3302161,0.0001606476,0,,,,
4,Chr4_1853340.0,1853340,0.0001608703,0,,,,
4,Chr4_1855372.0,1855372,0.0001608703,0,,,,
4,Chr4_1869158.0,1869158,0.0001608703,1,AT4G03935,AT4G03935,AT4G03935,0.0
4,Chr4_1870573.0,1870573,0.0001608703,2,AT4G03930;AT4G03935,AT4G03930,AT4G03930,0.0
3,Chr3_15757903.0,15757903,0.0001612854,1,AT3G43920,AT3G43920,AT3G43920,0.0
1,Chr1_192654.0,192654,0.0001615752,1,AT1G01530,AT1G01530,AT1G01530,0.0
1,Chr1_198384.0,198384,0.0001615752,1,AT1G01540,AT1G01540,AT1G01540,0.0
3,Chr3_15921368.0,15921368,0.0001616363,0,,,,
4,Chr4_15468239.0,15468239,0.0001618183,1,AT4G31980,AT4G31980,AT4G31980,0.0
2,Chr2_8362374.0,8362374,0.000162071,0,,,,
3,Chr3_15812938.0,15812938,0.0001622005,0,,,,
4,Chr4_15019836.0,15019836,0.0001623835,0,,,,
4,Chr4_2378517.0,2378517,0.0001629527,0,,,,
4,Chr4_2378687.0,2378687,0.0001629527,0,,,,
1,Chr1_23434637.0,23434637,0.0001634711,0,,,,
4,Chr4_1795071.0,1795071,0.000163508,0,,,,
5,Chr5_9956891.0,9956891,0.0001642447,0,,,,
3,Chr3_3156662.0,3156662,0.0001642697,1,AT3G10195,AT3G10195,AT3G10195,0.0
1,Chr1_21725316.0,21725316,0.000164367,0,,,,
4,Chr4_5909595.0,5909595,0.0001645861,0,,,,
2,Chr2_19557840.0,19557840,0.0001646781,1,AT2G47730,AT2G47730,AT2G47730,0.0
2,Chr2_19557921.0,19557921,0.0001646781,1,AT2G47730,AT2G47730,AT2G47730,0.0
1,Chr1_1201881.0,1201881,0.0001651843,0,,,,
1,Chr1_3324564.0,3324564,0.0001654014,0,,,,
2,Chr2_5279761.0,5279761,0.0001655245,0,,,,
2,Chr2_439775.0,439775,0.0001656014,0,,,,
1,Chr1_1203027.0,1203027,0.0001656261,1,AT1G04440,AT1G04440,AT1G04440,0.0
2,Chr2_14001192.0,14001192,0.0001658547,0,,,,
1,Chr1_14932159.0,14932159,0.0001659841,0,,,,
2,Chr2_11555016.0,11555016,0.0001662378,0,,,,
3,Chr3_5290761.0,5290761,0.0001663024,1,AT3G15605,AT3G15605,AT3G15605,0.0
3,Chr3_5291238.0,5291238,0.0001663024,1,AT3G15610,AT3G15610,AT3G15610,0.0
5,Chr5_26427580.0,26427580,0.0001668645,1,AT5G66100,AT5G66100,AT5G66100,0.0
5,Chr5_26425827.0,26425827,0.0001668818,1,AT5G66090,AT5G66090,AT5G66090,0.0
1,Chr1_2316879.0,2316879,0.0001671663,0,,,,
5,Chr5_10447672.0,10447672,0.0001672228,0,,,,
1,Chr1_11863414.0,11863414,0.0001673779,0,,,,
4,Chr4_11776367.0,11776367,0.0001674761,1,AT4G22280,AT4G22280,AT4G22280,0.0
3,Chr3_15940248.0,15940248,0.0001675274,1,AT3G44240,AT3G44240,AT3G44240,0.0
2,Chr2_5303214.0,5303214,0.0001675768,0,,,,
3,Chr3_15611371.0,15611371,0.0001677811,0,,,,
3,Chr3_10452009.0,10452009,0.0001679309,1,AT3G28080,AT3G28080,AT3G28080,0.0
3,Chr3_10452637.0,10452637,0.0001679309,1,AT3G28080,AT3G28080,AT3G28080,0.0
4,Chr4_15636545.0,15636545,0.0001679697,1,AT4G32390,AT4G32390,AT4G32390,0.0
1,Chr1_14604013.0,14604013,0.0001680563,0,,,,
1,Chr1_14604022.0,14604022,0.0001680563,0,,,,
1,Chr1_14604415.0,14604415,0.0001680563,0,,,,
1,Chr1_1669523.0,1669523,0.0001680703,1,AT1G05590,AT1G05590,AT1G05590,0.0
1,Chr1_1669957.0,1669957,0.0001680703,1,AT1G05590,AT1G05590,AT1G05590,0.0
1,Chr1_1671777.0,1671777,0.0001680703,1,AT1G05590,AT1G05590,AT1G05590,0.0
1,Chr1_1671778.0,1671778,0.0001680703,1,AT1G05590,AT1G05590,AT1G05590,0.0
1,Chr1_1671985.0,1671985,0.0001680703,1,AT1G05600,AT1G05600,AT1G05600,0.0
1,Chr1_1672077.0,1672077,0.0001680703,1,AT1G05600,AT1G05600,AT1G05600,0.0
1,Chr1_1674643.0,1674643,0.0001680703,1,AT1G05610,AT1G05610,AT1G05610,0.0
1,Chr1_1675333.0,1675333,0.0001680703,1,AT1G05610,AT1G05610,AT1G05610,0.0
1,Chr1_1675772.0,1675772,0.0001680703,1,AT1G05610,AT1G05610,AT1G05610,0.0
1,Chr1_1675978.0,1675978,0.0001680703,0,,,,
1,Chr1_1676912.0,1676912,0.0001680703,0,,,,
1,Chr1_1677329.0,1677329,0.0001680703,0,,,,
1,Chr1_1679219.0,1679219,0.0001680703,1,AT1G05620,AT1G05620,AT1G05620,0.0
1,Chr1_1679264.0,1679264,0.0001680703,1,AT1G05620,AT1G05620,AT1G05620,0.0
1,Chr1_1679359.0,1679359,0.0001680703,1,AT1G05620,AT1G05620,AT1G05620,0.0
1,Chr1_1685582.0,1685582,0.0001680703,1,AT1G05630,AT1G05630,AT1G05630,0.0
1,Chr1_1689681.0,1689681,0.0001680703,0,,,,
1,Chr1_1690167.0,1690167,0.0001680703,0,,,,
2,Chr2_11556298.0,11556298,0.0001684127,1,AT2G27070,AT2G27070,AT2G27070,0.0
4,Chr4_5628651.0,5628651,0.0001684892,0,,,,
1,Chr1_16635659.0,16635659,0.0001684942,0,,,,
2,Chr2_15987515.0,15987515,0.0001685387,1,AT2G38160,AT2G38160,AT2G38160,0.0
4,Chr4_15462910.0,15462910,0.0001685766,1,AT4G31970,AT4G31970,AT4G31970,0.0
4,Chr4_15463226.0,15463226,0.0001685766,1,AT4G31970,AT4G31970,AT4G31970,0.0
4,Chr4_502944.0,502944,0.0001686767,1,AT4G01180,AT4G01180,AT4G01180,0.0
4,Chr4_519361.0,519361,0.0001686767,1,AT4G01240,AT4G01240,AT4G01240,0.0
5,Chr5_15035208.0,15035208,0.0001689992,0,,,,
5,Chr5_19766374.0,19766374,0.0001693111,1,AT5G48740,AT5G48740,AT5G48740,0.0
5,Chr5_19766585.0,19766585,0.0001693111,1,AT5G48740,AT5G48740,AT5G48740,0.0
5,Chr5_19766666.0,19766666,0.0001693111,1,AT5G48740,AT5G48740,AT5G48740,0.0
5,Chr5_19766902.0,19766902,0.0001693111,1,AT5G48740,AT5G48740,AT5G48740,0.0
5,Chr5_2233784.0,2233784,0.0001694007,0,,,,
3,Chr3_19210492.0,19210492,0.0001698695,1,AT3G51790,AT3G51790,AT3G51790,0.0
3,Chr3_3173055.0,3173055,0.0001699652,0,,,,
3,Chr3_19425386.0,19425386,0.0001700725,0,,,,
1,Chr1_3303266.0,3303266,0.0001702955,1,AT1G10110,AT1G10110,AT1G10110,0.0
1,Chr1_3303389.0,3303389,0.0001702955,1,AT1G10110,AT1G10110,AT1G10110,0.0
2,Chr2_9986847.0,9986847,0.0001703412,0,,,,
3,Chr3_2657510.0,2657510,0.0001707629,1,AT3G08750,AT3G08750,AT3G08750,0.0
1,Chr1_1041274.0,1041274,0.0001710653,1,AT1G04030,AT1G04030,AT1G04030,0.0
3,Chr3_9696089.0,9696089,0.0001714836,0,,,,
5,Chr5_8733983.0,8733983,0.0001715523,0,,,,
2,Chr2_15054977.0,15054977,0.0001716337,1,AT2G35840,AT2G35840,AT2G35840,0.0
2,Chr2_15056604.0,15056604,0.0001716337,1,AT2G35840,AT2G35840,AT2G35840,0.0
1,Chr1_3305839.0,3305839,0.0001716976,1,AT1G10120,AT1G10120,AT1G10120,0.0
2,Chr2_5777923.0,5777923,0.0001721851,0,,,,
5,Chr5_7147191.0,7147191,0.000172323,1,AT5G21040,AT5G21040,AT5G21040,0.0
4,Chr4_15021113.0,15021113,0.0001723387,1,AT4G30850,AT4G30850,AT4G30850,0.0
4,Chr4_15021128.0,15021128,0.0001723387,1,AT4G30850,AT4G30850,AT4G30850,0.0
4,Chr4_15021223.0,15021223,0.0001723387,1,AT4G30850,AT4G30850,AT4G30850,0.0
4,Chr4_15021308.0,15021308,0.0001723387,1,AT4G30850,AT4G30850,AT4G30850,0.0
4,Chr4_15021391.0,15021391,0.0001723387,1,AT4G30850,AT4G30850,AT4G30850,0.0
4,Chr4_15021430.0,15021430,0.0001723387,1,AT4G30850,AT4G30850,AT4G30850,0.0
4,Chr4_15021497.0,15021497,0.0001723387,1,AT4G30850,AT4G30850,AT4G30850,0.0
4,Chr4_15022234.0,15022234,0.0001723387,1,AT4G30850,AT4G30850,AT4G30850,0.0
4,Chr4_15022283.0,15022283,0.0001723387,1,AT4G30850,AT4G30850,AT4G30850,0.0
2,Chr2_1921643.0,1921643,0.0001729686,0,,,,
5,Chr5_25946206.0,25946206,0.0001735786,1,AT5G64930,AT5G64930,AT5G64930,0.0
4,Chr4_1819648.0,1819648,0.000173857,0,,,,
4,Chr4_1821361.0,1821361,0.000173857,0,,,,
3,Chr3_21322797.0,21322797,0.0001741866,0,,,,
2,Chr2_14009825.0,14009825,0.0001747474,0,,,,
5,Chr5_16453813.0,16453813,0.0001751342,1,AT5G41110,AT5G41110,AT5G41110,0.0
2,Chr2_4510516.0,4510516,0.0001751833,0,,,,
2,Chr2_676687.0,676687,0.0001753105,0,,,,
2,Chr2_676688.0,676688,0.0001753105,0,,,,
2,Chr2_676703.0,676703,0.0001753105,0,,,,
4,Chr4_1298102.0,1298102,0.000175502,1,AT4G02930,AT4G02930,AT4G02930,0.0
4,Chr4_1298155.0,1298155,0.000175502,1,AT4G02930,AT4G02930,AT4G02930,0.0
4,Chr4_1299151.0,1299151,0.000175502,0,,,,
2,Chr2_6503519.0,6503519,0.0001755699,0,,,,
1,Chr1_12137434.0,12137434,0.0001757915,0,,,,
4,Chr4_5456339.0,5456339,0.0001759744,0,,,,
1,Chr1_23650512.0,23650512,0.0001764187,0,,,,
4,Chr4_8018564.0,8018564,0.0001766396,0,,,,
4,Chr4_8032577.0,8032577,0.0001766396,1,AT4G13890,AT4G13890,AT4G13890,0.0
4,Chr4_1301488.0,1301488,0.0001767085,0,,,,
5,Chr5_21697115.0,21697115,0.0001767132,0,,,,
2,Chr2_11555875.0,11555875,0.0001767318,1,AT2G27070,AT2G27070,AT2G27070,0.0
2,Chr2_5677252.0,5677252,0.0001770085,0,,,,
3,Chr3_10508983.0,10508983,0.0001772746,1,AT3G28180,AT3G28180,AT3G28180,0.0
1,Chr1_19678384.0,19678384,0.0001775325,0,,,,
1,Chr1_19678496.0,19678496,0.0001775325,0,,,,
1,Chr1_19679196.0,19679196,0.0001775325,0,,,,
2,Chr2_6504202.0,6504202,0.0001779456,0,,,,
2,Chr2_6504630.0,6504630,0.0001779456,0,,,,
5,Chr5_1841283.0,1841283,0.0001781311,1,AT5G06110,AT5G06110,AT5G06110,0.0
5,Chr5_1931065.0,1931065,0.0001781311,1,AT5G06320,AT5G06320,AT5G06320,0.0
5,Chr5_1934264.0,1934264,0.0001781311,0,,,,
5,Chr5_1945311.0,1945311,0.0001781311,1,AT5G06360,AT5G06360,AT5G06360,0.0
5,Chr5_1967003.0,1967003,0.0001781311,1,AT5G06440,AT5G06440,AT5G06440,0.0
4,Chr4_15015301.0,15015301,0.0001783831,1,AT4G30830,AT4G30830,AT4G30830,0.0
4,Chr4_15015464.0,15015464,0.0001783831,1,AT4G30830,AT4G30830,AT4G30830,0.0
3,Chr3_9015961.0,9015961,0.0001787981,0,,,,
1,Chr1_2964778.0,2964778,0.0001795387,0,,,,
5,Chr5_26368250.0,26368250,0.0001795492,0,,,,
3,Chr3_10995681.0,10995681,0.0001798359,0,,,,
3,Chr3_15981825.0,15981825,0.0001800619,0,,,,
1,Chr1_4874718.0,4874718,0.0001801506,1,AT1G14260,AT1G14260,AT1G14260,0.0
1,Chr1_4877776.0,4877776,0.0001801506,1,AT1G14280,AT1G14280,AT1G14280,0.0
5,Chr5_20161149.0,20161149,0.0001803731,0,,,,
5,Chr5_20161207.0,20161207,0.0001803731,1,AT5G49660,AT5G49660,AT5G49660,0.0
1,Chr1_8319747.0,8319747,0.0001804925,0,,,,
1,Chr1_4112954.0,4112954,0.0001805116,0,,,,
4,Chr4_5586983.0,5586983,0.0001807318,1,AT4G08760,AT4G08760,AT4G08760,0.0
5,Chr5_26548570.0,26548570,0.0001809377,1,AT5G66500,AT5G66500,AT5G66500,0.0
5,Chr5_26551006.0,26551006,0.0001809377,1,AT5G66510,AT5G66510,AT5G66510,0.0
5,Chr5_26551607.0,26551607,0.0001809377,1,AT5G66510,AT5G66510,AT5G66510,0.0
1,Chr1_16198584.0,16198584,0.0001812393,0,,,,
2,Chr2_5279684.0,5279684,0.0001813078,0,,,,
2,Chr2_5280497.0,5280497,0.0001813078,0,,,,
2,Chr2_5280732.0,5280732,0.0001813078,0,,,,
2,Chr2_5280823.0,5280823,0.0001813078,0,,,,
2,Chr2_5305045.0,5305045,0.0001813078,0,,,,
2,Chr2_5305071.0,5305071,0.0001813078,0,,,,
2,Chr2_5305565.0,5305565,0.0001813078,0,,,,
2,Chr2_5313723.0,5313723,0.0001813078,0,,,,
2,Chr2_5316912.0,5316912,0.0001813078,0,,,,
2,Chr2_5317423.0,5317423,0.0001813078,0,,,,
2,Chr2_5319239.0,5319239,0.0001813078,0,,,,
2,Chr2_5321328.0,5321328,0.0001813078,0,,,,
5,Chr5_10053540.0,10053540,0.0001822367,0,,,,
3,Chr3_15430598.0,15430598,0.000182252,0,,,,
3,Chr3_15430602.0,15430602,0.000182252,0,,,,
2,Chr2_7486676.0,7486676,0.0001824594,1,AT2G17210,AT2G17210,AT2G17210,0.0
2,Chr2_11546495.0,11546495,0.0001826868,1,AT2G27050,AT2G27050,AT2G27050,0.0
4,Chr4_17632525.0,17632525,0.0001829734,1,AT4G37520,AT4G37520,AT4G37520,0.0
1,Chr1_3874991.0,3874991,0.0001832659,1,AT1G11530,AT1G11530,AT1G11530,0.0
3,Chr3_15407426.0,15407426,0.0001832998,1,AT3G43520,AT3G43520,AT3G43520,0.0
3,Chr3_15407450.0,15407450,0.0001832998,1,AT3G43520,AT3G43520,AT3G43520,0.0
3,Chr3_15407510.0,15407510,0.0001832998,1,AT3G43520,AT3G43520,AT3G43520,0.0
3,Chr3_22940220.0,22940220,0.0001833235,1,AT3G61950,AT3G61950,AT3G61950,0.0
3,Chr3_15968624.0,15968624,0.0001834271,1,AT3G44280,AT3G44280,AT3G44280,0.0
2,Chr2_5336978.0,5336978,0.0001834686,0,,,,
1,Chr1_16636122.0,16636122,0.0001835757,0,,,,
1,Chr1_16636133.0,16636133,0.0001835757,0,,,,
4,Chr4_8399824.0,8399824,0.0001835784,1,AT4G14640,AT4G14640,AT4G14640,0.0
1,Chr1_16665535.0,16665535,0.0001837602,0,,,,
4,Chr4_9766957.0,9766957,0.0001837626,0,,,,
1,Chr1_17554803.0,17554803,0.0001839374,0,,,,
5,Chr5_14645592.0,14645592,0.0001842338,0,,,,
5,Chr5_14645593.0,14645593,0.0001842338,0,,,,
3,Chr3_12191329.0,12191329,0.0001846621,0,,,,
2,Chr2_6524389.0,6524389,0.0001846701,0,,,,
4,Chr4_3431983.0,3431983,0.0001850818,0,,,,
2,Chr2_5418646.0,5418646,0.0001853843,0,,,,
4,Chr4_9123934.0,9123934,0.0001857452,1,AT4G16130,AT4G16130,AT4G16130,0.0
4,Chr4_9124980.0,9124980,0.0001857452,1,AT4G16130,AT4G16130,AT4G16130,0.0
3,Chr3_19833751.0,19833751,0.0001858799,1,AT3G53490,AT3G53490,AT3G53490,0.0
5,Chr5_11085947.0,11085947,0.0001858876,0,,,,
3,Chr3_10023340.0,10023340,0.0001858888,0,,,,
3,Chr3_8232396.0,8232396,0.0001860154,0,,,,
1,Chr1_29745184.0,29745184,0.0001860754,1,AT1G79070,AT1G79070,AT1G79070,0.0
3,Chr3_15691647.0,15691647,0.0001864585,0,,,,
3,Chr3_13230088.0,13230088,0.00018671,0,,,,
2,Chr2_7492681.0,7492681,0.0001870189,0,,,,
2,Chr2_6971874.0,6971874,0.0001871703,0,,,,
5,Chr5_8431960.0,8431960,0.0001876318,1,AT5G24620,AT5G24620,AT5G24620,0.0
5,Chr5_8431971.0,8431971,0.0001876318,1,AT5G24620,AT5G24620,AT5G24620,0.0
5,Chr5_10785360.0,10785360,0.0001881085,1,AT5G28750,AT5G28750,AT5G28750,0.0
3,Chr3_15754524.0,15754524,0.0001883231,1,AT3G43920,AT3G43920,AT3G43920,0.0
2,Chr2_5296179.0,5296179,0.0001885072,0,,,,
2,Chr2_5299030.0,5299030,0.0001885072,0,,,,
2,Chr2_5327319.0,5327319,0.0001885072,0,,,,
3,Chr3_8900263.0,8900263,0.0001893483,0,,,,
4,Chr4_11866868.0,11866868,0.0001894955,0,,,,
1,Chr1_27193730.0,27193730,0.0001896199,1,AT1G72250,AT1G72250,AT1G72250,0.0
1,Chr1_27196481.0,27196481,0.0001896199,1,AT1G72250,AT1G72250,AT1G72250,0.0
1,Chr1_27197103.0,27197103,0.0001896199,1,AT1G72250,AT1G72250,AT1G72250,0.0
1,Chr1_27198185.0,27198185,0.0001896199,1,AT1G72250,AT1G72250,AT1G72250,0.0
1,Chr1_27202887.0,27202887,0.0001896199,1,AT1G72270,AT1G72270,AT1G72270,0.0
4,Chr4_497392.0,497392,0.0001896388,0,,,,
2,Chr2_10337502.0,10337502,0.0001899615,1,AT2G24285,AT2G24285,AT2G24285,0.0
3,Chr3_2754878.0,2754878,0.000190143,1,AT3G09030,AT3G09030,AT3G09030,0.0
3,Chr3_10516928.0,10516928,0.0001902573,0,,,,
3,Chr3_10517942.0,10517942,0.0001902573,0,,,,
3,Chr3_10517952.0,10517952,0.0001902573,0,,,,
3,Chr3_10526710.0,10526710,0.0001902573,1,AT3G28220,AT3G28220,AT3G28220,0.0
2,Chr2_12611948.0,12611948,0.0001902798,1,AT2G29390,AT2G29390,AT2G29390,0.0
2,Chr2_12613082.0,12613082,0.0001902798,1,AT2G29400,AT2G29400,AT2G29400,0.0
2,Chr2_12614148.0,12614148,0.0001902798,1,AT2G29400,AT2G29400,AT2G29400,0.0
2,Chr2_12614385.0,12614385,0.0001902798,1,AT2G29400,AT2G29400,AT2G29400,0.0
2,Chr2_10505581.0,10505581,0.000190816,0,,,,
3,Chr3_15974422.0,15974422,0.0001910307,1,AT3G44290,AT3G44290,AT3G44290,0.0
4,Chr4_3549193.0,3549193,0.0001912378,0,,,,
5,Chr5_13638336.0,13638336,0.0001914288,0,,,,
2,Chr2_12722398.0,12722398,0.000191581,1,AT2G29790,AT2G29790,AT2G29790,0.0
2,Chr2_6952132.0,6952132,0.0001919559,1,AT2G15980,AT2G15980,AT2G15980,0.0
2,Chr2_6956501.0,6956501,0.0001919559,0,,,,
2,Chr2_6956852.0,6956852,0.0001919559,0,,,,
2,Chr2_6957087.0,6957087,0.0001919559,0,,,,
2,Chr2_6957277.0,6957277,0.0001919559,0,,,,
2,Chr2_6958067.0,6958067,0.0001919559,0,,,,
2,Chr2_6958900.0,6958900,0.0001919559,0,,,,
2,Chr2_6959115.0,6959115,0.0001919559,0,,,,
2,Chr2_6961082.0,6961082,0.0001919559,0,,,,
2,Chr2_6963370.0,6963370,0.0001919559,0,,,,
2,Chr2_6964002.0,6964002,0.0001919559,0,,,,
2,Chr2_6964347.0,6964347,0.0001919559,0,,,,
2,Chr2_6968746.0,6968746,0.0001919559,0,,,,
2,Chr2_6969033.0,6969033,0.0001919559,0,,,,
2,Chr2_6969757.0,6969757,0.0001919559,0,,,,
2,Chr2_6970136.0,6970136,0.0001919559,0,,,,
2,Chr2_6970460.0,6970460,0.0001919559,1,AT2G16015,AT2G16015,AT2G16015,0.0
2,Chr2_6973205.0,6973205,0.0001919559,2,AT2G16018;AT2G16019,AT2G16018,AT2G16018,0.0
2,Chr2_6974463.0,6974463,0.0001919559,1,AT2G16030,AT2G16030,AT2G16030,0.0
2,Chr2_6974885.0,6974885,0.0001919559,1,AT2G16030,AT2G16030,AT2G16030,0.0
2,Chr2_6974920.0,6974920,0.0001919559,0,,,,
2,Chr2_6978044.0,6978044,0.0001919559,0,,,,
2,Chr2_6978371.0,6978371,0.0001919559,0,,,,
2,Chr2_6978682.0,6978682,0.0001919559,0,,,,
2,Chr2_6978741.0,6978741,0.0001919559,0,,,,
2,Chr2_6978996.0,6978996,0.0001919559,0,,,,
2,Chr2_6979322.0,6979322,0.0001919559,0,,,,
2,Chr2_6985714.0,6985714,0.0001919559,0,,,,
2,Chr2_6985774.0,6985774,0.0001919559,0,,,,
2,Chr2_6986014.0,6986014,0.0001919559,0,,,,
2,Chr2_6992658.0,6992658,0.0001919559,0,,,,
2,Chr2_6995738.0,6995738,0.0001919559,0,,,,
5,Chr5_11597936.0,11597936,0.0001919672,0,,,,
2,Chr2_5711323.0,5711323,0.0001920118,0,,,,
4,Chr4_7620468.0,7620468,0.0001920157,1,AT4G13060,AT4G13060,AT4G13060,0.0
1,Chr1_2289118.0,2289118,0.0001924204,1,AT1G07450,AT1G07450,AT1G07450,0.0
2,Chr2_13888853.0,13888853,0.0001924296,0,,,,
1,Chr1_4311049.0,4311049,0.0001924815,1,AT1G12663,AT1G12663,AT1G12663,0.0
5,Chr5_2519880.0,2519880,0.0001926918,1,AT5G07890,AT5G07890,AT5G07890,0.0
3,Chr3_18660053.0,18660053,0.0001929474,0,,,,
1,Chr1_936463.0,936463,0.000193157,1,AT1G03740,AT1G03740,AT1G03740,0.0
1,Chr1_937424.0,937424,0.000193157,1,AT1G03746,AT1G03746,AT1G03746,0.0
4,Chr4_1876908.0,1876908,0.0001932428,0,,,,
3,Chr3_10575575.0,10575575,0.0001933485,0,,,,
4,Chr4_17565879.0,17565879,0.0001936575,1,AT4G37340,AT4G37340,AT4G37340,0.0
4,Chr4_17568763.0,17568763,0.0001936575,1,AT4G37360,AT4G37360,AT4G37360,0.0
2,Chr2_14596892.0,14596892,0.0001936921,1,AT2G34655,AT2G34655,AT2G34655,0.0
2,Chr2_14597830.0,14597830,0.0001936921,0,,,,
4,Chr4_1288407.0,1288407,0.0001937944,0,,,,
5,Chr5_25921802.0,25921802,0.0001939211,1,AT5G64850,AT5G64850,AT5G64850,0.0
3,Chr3_5291732.0,5291732,0.0001939961,1,AT3G15610,AT3G15610,AT3G15610,0.0
3,Chr3_5292118.0,5292118,0.0001939961,1,AT3G15610,AT3G15610,AT3G15610,0.0
1,Chr1_16642260.0,16642260,0.0001943772,0,,,,
2,Chr2_18676354.0,18676354,0.0001944094,0,,,,
1,Chr1_4343647.0,4343647,0.0001948345,1,AT1G12740,AT1G12740,AT1G12740,0.0
1,Chr1_4343672.0,4343672,0.0001948345,1,AT1G12740,AT1G12740,AT1G12740,0.0
4,Chr4_3118274.0,3118274,0.0001948359,0,,,,
4,Chr4_3121295.0,3121295,0.0001948359,0,,,,
4,Chr4_3121428.0,3121428,0.0001948359,0,,,,
5,Chr5_10676532.0,10676532,0.0001952095,1,AT5G28646,AT5G28646,AT5G28646,0.0
5,Chr5_10676603.0,10676603,0.0001952095,1,AT5G28646,AT5G28646,AT5G28646,0.0
5,Chr5_10676619.0,10676619,0.0001952095,1,AT5G28646,AT5G28646,AT5G28646,0.0
4,Chr4_15017195.0,15017195,0.0001959373,0,,,,
4,Chr4_15017221.0,15017221,0.0001959373,0,,,,
4,Chr4_15017919.0,15017919,0.0001959373,1,AT4G30840,AT4G30840,AT4G30840,0.0
4,Chr4_15017939.0,15017939,0.0001959373,1,AT4G30840,AT4G30840,AT4G30840,0.0
4,Chr4_15018085.0,15018085,0.0001959373,1,AT4G30840,AT4G30840,AT4G30840,0.0
4,Chr4_15018135.0,15018135,0.0001959373,1,AT4G30840,AT4G30840,AT4G30840,0.0
4,Chr4_15018621.0,15018621,0.0001959373,1,AT4G30840,AT4G30840,AT4G30840,0.0
4,Chr4_15018658.0,15018658,0.0001959373,1,AT4G30840,AT4G30840,AT4G30840,0.0
4,Chr4_15018926.0,15018926,0.0001959373,1,AT4G30840,AT4G30840,AT4G30840,0.0
4,Chr4_15019070.0,15019070,0.0001959373,1,AT4G30840,AT4G30840,AT4G30840,0.0
2,Chr2_8305262.0,8305262,0.000195986,1,AT2G19150,AT2G19150,AT2G19150,0.0
4,Chr4_15015536.0,15015536,0.000196013,1,AT4G30830,AT4G30830,AT4G30830,0.0
2,Chr2_17806231.0,17806231,0.0001960801,0,,,,
4,Chr4_5910152.0,5910152,0.0001964378,0,,,,
4,Chr4_5910372.0,5910372,0.0001964378,0,,,,
4,Chr4_5910399.0,5910399,0.0001964378,0,,,,
4,Chr4_5910922.0,5910922,0.0001964378,0,,,,
5,Chr5_8362166.0,8362166,0.0001964845,0,,,,
5,Chr5_8363169.0,8363169,0.0001964845,0,,,,
5,Chr5_8363804.0,8363804,0.0001964845,0,,,,
5,Chr5_8370077.0,8370077,0.0001964845,0,,,,
5,Chr5_8375855.0,8375855,0.0001964845,0,,,,
1,Chr1_24643747.0,24643747,0.0001969657,1,AT1G66173,AT1G66173,AT1G66173,0.0
2,Chr2_5338471.0,5338471,0.0001973489,0,,,,
4,Chr4_7977541.0,7977541,0.000198059,1,AT4G13750,AT4G13750,AT4G13750,0.0
3,Chr3_3153963.0,3153963,0.0001980595,1,AT3G10180,AT3G10180,AT3G10180,0.0
3,Chr3_3153969.0,3153969,0.0001980595,1,AT3G10180,AT3G10180,AT3G10180,0.0
5,Chr5_10480408.0,10480408,0.0001983233,0,,,,
2,Chr2_8643554.0,8643554,0.0001986397,0,,,,
2,Chr2_8648595.0,8648595,0.0001986397,1,AT2G20030,AT2G20030,AT2G20030,0.0
3,Chr3_12429576.0,12429576,0.0001987238,0,,,,
4,Chr4_8461464.0,8461464,0.0001988991,0,,,,
2,Chr2_17635763.0,17635763,0.0001990019,0,,,,
2,Chr2_19557788.0,19557788,0.0001991033,1,AT2G47730,AT2G47730,AT2G47730,0.0
2,Chr2_676801.0,676801,0.0001991308,1,AT2G02520,AT2G02520,AT2G02520,0.0
4,Chr4_1301493.0,1301493,0.0001991918,0,,,,
2,Chr2_5582229.0,5582229,0.000199261,0,,,,
2,Chr2_5732235.0,5732235,0.0001993184,0,,,,
1,Chr1_3344160.0,3344160,0.0001993775,1,AT1G10190,AT1G10190,AT1G10190,0.0
1,Chr1_3344202.0,3344202,0.0001993775,1,AT1G10190,AT1G10190,AT1G10190,0.0
4,Chr4_3427342.0,3427342,0.000199829,0,,,,
5,Chr5_20741666.0,20741666,0.0001998755,0,,,,
2,Chr2_19553020.0,19553020,0.0001999705,1,AT2G47700,AT2G47700,AT2G47700,0.0
1,Chr1_1875926.0,1875926,0.0001999918,1,AT1G06148,AT1G06148,AT1G06148,0.0
5,Chr5_11469896.0,11469896,0.0002002432,0,,,,
3,Chr3_15957824.0,15957824,0.0002004574,0,,,,
3,Chr3_15050371.0,15050371,0.0002005319,0,,,,
2,Chr2_676913.0,676913,0.0002005968,1,AT2G02520,AT2G02520,AT2G02520,0.0
2,Chr2_676968.0,676968,0.0002005968,1,AT2G02520,AT2G02520,AT2G02520,0.0
5,Chr5_9315492.0,9315492,0.0002008358,0,,,,
5,Chr5_8363414.0,8363414,0.0002009669,0,,,,
4,Chr4_4115854.0,4115854,0.0002016243,0,,,,
4,Chr4_4116675.0,4116675,0.0002016243,0,,,,
1,Chr1_11179585.0,11179585,0.0002016251,0,,,,
5,Chr5_26563400.0,26563400,0.0002021679,0,,,,
3,Chr3_15898834.0,15898834,0.0002023967,0,,,,
2,Chr2_13888965.0,13888965,0.000202483,0,,,,
1,Chr1_1669279.0,1669279,0.0002027231,0,,,,
4,Chr4_10349261.0,10349261,0.0002028255,1,AT4G18880,AT4G18880,AT4G18880,0.0
4,Chr4_10350277.0,10350277,0.0002028255,0,,,,
1,Chr1_23634942.0,23634942,0.0002028745,0,,,,
2,Chr2_18287829.0,18287829,0.0002029267,1,AT2G44230,AT2G44230,AT2G44230,0.0
1,Chr1_17028170.0,17028170,0.0002030801,0,,,,
1,Chr1_2026691.0,2026691,0.0002031367,1,AT1G06620,AT1G06620,AT1G06620,0.0
1,Chr1_2059483.0,2059483,0.0002031367,1,AT1G06710,AT1G06710,AT1G06710,0.0
2,Chr2_9773753.0,9773753,0.0002032175,0,,,,
1,Chr1_16604333.0,16604333,0.0002032499,0,,,,
1,Chr1_16604874.0,16604874,0.0002032499,0,,,,
2,Chr2_5386526.0,5386526,0.0002032948,0,,,,
3,Chr3_15599685.0,15599685,0.0002033066,0,,,,
4,Chr4_7227040.0,7227040,0.0002033353,0,,,,
1,Chr1_21207765.0,21207765,0.0002034389,1,AT1G56600,AT1G56600,AT1G56600,0.0
1,Chr1_21604524.0,21604524,0.0002034486,0,,,,
1,Chr1_3324400.0,3324400,0.0002047107,0,,,,
3,Chr3_22912909.0,22912909,0.0002047191,0,,,,
5,Chr5_8432971.0,8432971,0.000204863,1,AT5G24630,AT5G24630,AT5G24630,0.0
1,Chr1_12188676.0,12188676,0.0002051505,0,,,,
1,Chr1_12190618.0,12190618,0.0002051505,0,,,,
2,Chr2_13417171.0,13417171,0.0002052315,1,AT2G31510,AT2G31510,AT2G31510,0.0
1,Chr1_12625353.0,12625353,0.0002054615,0,,,,
3,Chr3_18586343.0,18586343,0.000205506,1,AT3G50120,AT3G50120,AT3G50120,0.0
1,Chr1_3343207.0,3343207,0.0002058236,0,,,,
3,Chr3_15427759.0,15427759,0.0002065512,0,,,,
2,Chr2_5299863.0,5299863,0.0002067446,0,,,,
1,Chr1_20915016.0,20915016,0.0002068047,0,,,,
2,Chr2_19552180.0,19552180,0.0002068166,1,AT2G47690,AT2G47690,AT2G47690,0.0
1,Chr1_18176885.0,18176885,0.0002071826,1,AT1G49140,AT1G49140,AT1G49140,0.0
2,Chr2_5785685.0,5785685,0.0002073329,0,,,,
3,Chr3_16024736.0,16024736,0.0002075937,0,,,,
3,Chr3_16024856.0,16024856,0.0002075937,0,,,,
2,Chr2_19072484.0,19072484,0.0002080329,1,AT2G46470,AT2G46470,AT2G46470,0.0
2,Chr2_19072684.0,19072684,0.0002080329,1,AT2G46470,AT2G46470,AT2G46470,0.0
1,Chr1_29208345.0,29208345,0.0002082166,0,,,,
1,Chr1_29208538.0,29208538,0.0002082166,0,,,,
2,Chr2_5368180.0,5368180,0.0002083289,0,,,,
4,Chr4_5810536.0,5810536,0.0002087701,0,,,,
4,Chr4_1807614.0,1807614,0.0002088628,0,,,,
4,Chr4_1814217.0,1814217,0.0002088628,0,,,,
4,Chr4_1816948.0,1816948,0.0002088628,0,,,,
4,Chr4_1830524.0,1830524,0.0002089549,0,,,,
3,Chr3_15811021.0,15811021,0.0002092792,0,,,,
3,Chr3_12377666.0,12377666,0.0002092801,0,,,,
3,Chr3_12379401.0,12379401,0.0002092801,0,,,,
3,Chr3_17420162.0,17420162,0.000209376,0,,,,
2,Chr2_2123711.0,2123711,0.0002095068,0,,,,
5,Chr5_26458488.0,26458488,0.0002095116,1,AT5G66210,AT5G66210,AT5G66210,0.0
3,Chr3_12061234.0,12061234,0.0002095717,0,,,,
1,Chr1_4311084.0,4311084,0.0002097222,1,AT1G12663,AT1G12663,AT1G12663,0.0
1,Chr1_4311085.0,4311085,0.0002097222,1,AT1G12663,AT1G12663,AT1G12663,0.0
3,Chr3_12737865.0,12737865,0.0002097939,0,,,,
3,Chr3_3571369.0,3571369,0.0002099118,1,AT3G11390,AT3G11390,AT3G11390,0.0
2,Chr2_7881394.0,7881394,0.0002099546,1,AT2G18130,AT2G18130,AT2G18130,0.0
2,Chr2_7885075.0,7885075,0.0002099546,0,,,,
2,Chr2_7885808.0,7885808,0.0002099546,0,,,,
5,Chr5_11737196.0,11737196,0.0002101634,0,,,,
3,Chr3_11970635.0,11970635,0.0002101701,0,,,,
2,Chr2_19072679.0,19072679,0.0002102044,1,AT2G46470,AT2G46470,AT2G46470,0.0
1,Chr1_204946.0,204946,0.0002108321,0,,,,
1,Chr1_206470.0,206470,0.0002108321,1,AT1G01570,AT1G01570,AT1G01570,0.0
4,Chr4_1233893.0,1233893,0.0002108655,0,,,,
4,Chr4_1234780.0,1234780,0.0002108655,0,,,,
4,Chr4_1238832.0,1238832,0.0002108655,1,AT4G02780,AT4G02780,AT4G02780,0.0
2,Chr2_13849579.0,13849579,0.0002109113,1,AT2G32640,AT2G32640,AT2G32640,0.0
5,Chr5_21090967.0,21090967,0.0002111147,0,,,,
5,Chr5_12578162.0,12578162,0.0002111521,0,,,,
5,Chr5_12578771.0,12578771,0.0002111521,0,,,,
5,Chr5_12580179.0,12580179,0.0002111521,0,,,,
5,Chr5_12581499.0,12581499,0.0002111521,0,,,,
3,Chr3_15941861.0,15941861,0.0002114135,0,,,,
2,Chr2_5299348.0,5299348,0.0002116576,0,,,,
2,Chr2_6705885.0,6705885,0.000211768,0,,,,
1,Chr1_4113060.0,4113060,0.0002117843,0,,,,
4,Chr4_2837925.0,2837925,0.0002119557,0,,,,
4,Chr4_2837933.0,2837933,0.0002119557,0,,,,
4,Chr4_17997567.0,17997567,0.0002120564,0,,,,
5,Chr5_11596125.0,11596125,0.0002121685,0,,,,
1,Chr1_28888419.0,28888419,0.0002122406,0,,,,
2,Chr2_19492487.0,19492487,0.0002123996,0,,,,
2,Chr2_19492609.0,19492609,0.0002123996,0,,,,
2,Chr2_19492623.0,19492623,0.0002123996,0,,,,
2,Chr2_19492634.0,19492634,0.0002123996,0,,,,
2,Chr2_19492635.0,19492635,0.0002123996,0,,,,
2,Chr2_19492636.0,19492636,0.0002123996,0,,,,
3,Chr3_14167415.0,14167415,0.0002124438,0,,,,
2,Chr2_709897.0,709897,0.0002125232,0,,,,
3,Chr3_11394564.0,11394564,0.0002125884,0,,,,
2,Chr2_7892577.0,7892577,0.0002135233,1,AT2G18150,AT2G18150,AT2G18150,0.0
4,Chr4_3610173.0,3610173,0.0002136721,0,,,,
5,Chr5_20212202.0,20212202,0.0002138008,1,AT5G49750,AT5G49750,AT5G49750,0.0
3,Chr3_15668364.0,15668364,0.0002138797,0,,,,
2,Chr2_6961906.0,6961906,0.0002139024,0,,,,
1,Chr1_3312639.0,3312639,0.0002139464,1,AT1G10130,AT1G10130,AT1G10130,0.0
1,Chr1_3315157.0,3315157,0.0002139464,1,AT1G10130,AT1G10130,AT1G10130,0.0
1,Chr1_3315376.0,3315376,0.0002139464,1,AT1G10130,AT1G10130,AT1G10130,0.0
1,Chr1_3316098.0,3316098,0.0002139464,1,AT1G10130,AT1G10130,AT1G10130,0.0
1,Chr1_3316703.0,3316703,0.0002139464,1,AT1G10130,AT1G10130,AT1G10130,0.0
1,Chr1_3320364.0,3320364,0.0002139464,1,AT1G10130,AT1G10130,AT1G10130,0.0
3,Chr3_6177540.0,6177540,0.0002142799,1,AT3G18040,AT3G18040,AT3G18040,0.0
3,Chr3_6183554.0,6183554,0.0002142799,0,,,,
5,Chr5_323798.0,323798,0.0002148411,0,,,,
5,Chr5_22668573.0,22668573,0.0002148584,1,AT5G55970,AT5G55970,AT5G55970,0.0
5,Chr5_22668615.0,22668615,0.0002148584,1,AT5G55970,AT5G55970,AT5G55970,0.0
5,Chr5_22668675.0,22668675,0.0002148584,1,AT5G55970,AT5G55970,AT5G55970,0.0
5,Chr5_22668681.0,22668681,0.0002148584,1,AT5G55970,AT5G55970,AT5G55970,0.0
5,Chr5_22668693.0,22668693,0.0002148584,1,AT5G55970,AT5G55970,AT5G55970,0.0
5,Chr5_22668705.0,22668705,0.0002148584,1,AT5G55970,AT5G55970,AT5G55970,0.0
5,Chr5_22668708.0,22668708,0.0002148584,1,AT5G55970,AT5G55970,AT5G55970,0.0
5,Chr5_22669115.0,22669115,0.0002148584,1,AT5G55970,AT5G55970,AT5G55970,0.0
2,Chr2_5299688.0,5299688,0.000215003,0,,,,
5,Chr5_356704.0,356704,0.000215877,0,,,,
2,Chr2_837097.0,837097,0.00021608,0,,,,
4,Chr4_15017312.0,15017312,0.0002161524,0,,,,
4,Chr4_15018538.0,15018538,0.0002161524,1,AT4G30840,AT4G30840,AT4G30840,0.0
4,Chr4_15018871.0,15018871,0.0002161524,1,AT4G30840,AT4G30840,AT4G30840,0.0
4,Chr4_15019537.0,15019537,0.0002161524,1,AT4G30840,AT4G30840,AT4G30840,0.0
4,Chr4_11805018.0,11805018,0.0002165721,1,AT4G22350,AT4G22350,AT4G22350,0.0
4,Chr4_11824328.0,11824328,0.0002165721,0,,,,
4,Chr4_11824900.0,11824900,0.0002165721,0,,,,
4,Chr4_11826071.0,11826071,0.0002165721,1,AT4G22420,AT4G22420,AT4G22420,0.0
1,Chr1_13083373.0,13083373,0.0002166078,1,AT1G35520,AT1G35520,AT1G35520,0.0
1,Chr1_13084151.0,13084151,0.0002166078,1,AT1G35520,AT1G35520,AT1G35520,0.0
1,Chr1_13086430.0,13086430,0.0002166078,0,,,,
1,Chr1_13088549.0,13088549,0.0002166078,0,,,,
1,Chr1_13090257.0,13090257,0.0002166078,1,AT1G35530,AT1G35530,AT1G35530,0.0
2,Chr2_5367758.0,5367758,0.0002170822,0,,,,
2,Chr2_15058238.0,15058238,0.0002181354,0,,,,
1,Chr1_3325252.0,3325252,0.0002183578,0,,,,
2,Chr2_17712658.0,17712658,0.0002187356,0,,,,
2,Chr2_5281182.0,5281182,0.000219401,0,,,,
1,Chr1_16659679.0,16659679,0.0002195832,0,,,,
1,Chr1_11752463.0,11752463,0.0002198866,0,,,,
2,Chr2_476301.0,476301,0.0002199869,1,AT2G02010,AT2G02010,AT2G02010,0.0
2,Chr2_478914.0,478914,0.0002199869,0,,,,
2,Chr2_479375.0,479375,0.0002199869,1,AT2G02020,AT2G02020,AT2G02020,0.0
2,Chr2_480577.0,480577,0.0002199869,1,AT2G02020,AT2G02020,AT2G02020,0.0
5,Chr5_14645607.0,14645607,0.0002203209,0,,,,
1,Chr1_14605227.0,14605227,0.0002203277,0,,,,
1,Chr1_11170808.0,11170808,0.0002204761,0,,,,
3,Chr3_3159904.0,3159904,0.0002207467,1,AT3G10200,AT3G10200,AT3G10200,0.0
1,Chr1_3343153.0,3343153,0.0002209959,0,,,,
5,Chr5_4775756.0,4775756,0.0002211304,0,,,,
1,Chr1_12670003.0,12670003,0.0002212811,0,,,,
4,Chr4_9768996.0,9768996,0.0002214424,0,,,,
4,Chr4_11792688.0,11792688,0.0002214647,1,AT4G22310,AT4G22310,AT4G22310,0.0
4,Chr4_11793355.0,11793355,0.0002214647,1,AT4G22320,AT4G22320,AT4G22320,0.0
4,Chr4_11795370.0,11795370,0.0002214647,0,,,,
4,Chr4_11795655.0,11795655,0.0002214647,0,,,,
4,Chr4_11796274.0,11796274,0.0002214647,0,,,,
1,Chr1_13100487.0,13100487,0.0002216458,0,,,,
2,Chr2_5367864.0,5367864,0.0002216949,0,,,,
4,Chr4_8167320.0,8167320,0.0002218369,0,,,,
4,Chr4_3115683.0,3115683,0.0002219468,0,,,,
2,Chr2_11593009.0,11593009,0.0002224079,1,AT2G27120,AT2G27120,AT2G27120,0.0
5,Chr5_16624443.0,16624443,0.0002224884,1,AT5G41570,AT5G41570,AT5G41570,0.0
3,Chr3_21446463.0,21446463,0.0002225887,0,,,,
3,Chr3_21446468.0,21446468,0.0002225887,0,,,,
3,Chr3_21446470.0,21446470,0.0002225887,0,,,,
5,Chr5_10762879.0,10762879,0.0002226253,0,,,,
4,Chr4_1510675.0,1510675,0.0002228111,0,,,,
2,Chr2_5367249.0,5367249,0.0002232294,0,,,,
4,Chr4_13839750.0,13839750,0.0002233152,1,AT4G27740,AT4G27740,AT4G27740,0.0
5,Chr5_10396650.0,10396650,0.0002233298,0,,,,
2,Chr2_15476401.0,15476401,0.0002234074,0,,,,
5,Chr5_16624540.0,16624540,0.0002234635,1,AT5G41570,AT5G41570,AT5G41570,0.0
5,Chr5_16624605.0,16624605,0.0002234635,1,AT5G41570,AT5G41570,AT5G41570,0.0
3,Chr3_14830289.0,14830289,0.0002235711,0,,,,
2,Chr2_12712031.0,12712031,0.0002235902,0,,,,
4,Chr4_14989970.0,14989970,0.000223859,0,,,,
3,Chr3_9758703.0,9758703,0.0002248188,0,,,,
1,Chr1_16593759.0,16593759,0.0002248331,0,,,,
1,Chr1_16595346.0,16595346,0.0002248331,0,,,,
1,Chr1_16611471.0,16611471,0.0002248331,0,,,,
1,Chr1_3240303.0,3240303,0.0002250192,0,,,,
1,Chr1_1974637.0,1974637,0.0002250622,0,,,,
1,Chr1_4885647.0,4885647,0.0002251155,1,AT1G14310,AT1G14310,AT1G14310,0.0
1,Chr1_4886101.0,4886101,0.0002251155,1,AT1G14310,AT1G14310,AT1G14310,0.0
1,Chr1_4887761.0,4887761,0.0002251155,1,AT1G14315,AT1G14315,AT1G14315,0.0
1,Chr1_4888544.0,4888544,0.0002251155,1,AT1G14320,AT1G14320,AT1G14320,0.0
1,Chr1_4889498.0,4889498,0.0002251155,1,AT1G14320,AT1G14320,AT1G14320,0.0
1,Chr1_29508645.0,29508645,0.0002251703,0,,,,
3,Chr3_4497357.0,4497357,0.0002254631,0,,,,
3,Chr3_4497359.0,4497359,0.0002254631,0,,,,
3,Chr3_4502786.0,4502786,0.0002254631,0,,,,
4,Chr4_1373843.0,1373843,0.0002257541,0,,,,
5,Chr5_20964508.0,20964508,0.0002271437,0,,,,
4,Chr4_998443.0,998443,0.0002271987,1,AT4G02280,AT4G02280,AT4G02280,0.0
2,Chr2_5215216.0,5215216,0.000227287,0,,,,
3,Chr3_14874150.0,14874150,0.0002276624,0,,,,
4,Chr4_1225946.0,1225946,0.000227803,1,AT4G02760,AT4G02760,AT4G02760,0.0
4,Chr4_7925990.0,7925990,0.0002278704,0,,,,
3,Chr3_8437536.0,8437536,0.0002279159,1,AT3G23530,AT3G23530,AT3G23530,0.0
2,Chr2_7001197.0,7001197,0.0002281559,0,,,,
5,Chr5_2170772.0,2170772,0.000228447,0,,,,
5,Chr5_10000524.0,10000524,0.000228666,0,,,,
4,Chr4_3119898.0,3119898,0.000229586,0,,,,
1,Chr1_3323866.0,3323866,0.000229769,0,,,,
2,Chr2_4504188.0,4504188,0.0002301012,0,,,,
1,Chr1_27094360.0,27094360,0.0002303514,0,,,,
1,Chr1_27094401.0,27094401,0.0002303514,0,,,,
1,Chr1_27094491.0,27094491,0.0002303514,0,,,,
1,Chr1_27094521.0,27094521,0.0002303514,0,,,,
1,Chr1_27094745.0,27094745,0.0002303514,0,,,,
1,Chr1_27094757.0,27094757,0.0002303514,0,,,,
1,Chr1_27094776.0,27094776,0.0002303514,0,,,,
1,Chr1_192251.0,192251,0.000230786,0,,,,
1,Chr1_20095919.0,20095919,0.0002308207,0,,,,
1,Chr1_3344056.0,3344056,0.0002309985,1,AT1G10190,AT1G10190,AT1G10190,0.0
2,Chr2_5614684.0,5614684,0.0002311721,0,,,,
4,Chr4_18305128.0,18305128,0.0002319925,0,,,,
4,Chr4_18305732.0,18305732,0.0002319925,0,,,,
4,Chr4_18305740.0,18305740,0.0002319925,0,,,,
4,Chr4_18305771.0,18305771,0.0002319925,0,,,,
3,Chr3_4124816.0,4124816,0.0002320346,0,,,,
2,Chr2_1637402.0,1637402,0.0002320601,0,,,,
4,Chr4_2101249.0,2101249,0.0002322743,0,,,,
3,Chr3_20570774.0,20570774,0.0002325471,1,AT3G55480,AT3G55480,AT3G55480,0.0
3,Chr3_20570778.0,20570778,0.0002325471,1,AT3G55480,AT3G55480,AT3G55480,0.0
4,Chr4_8041313.0,8041313,0.0002328383,0,,,,
1,Chr1_19462478.0,19462478,0.000232952,1,AT1G52260,AT1G52260,AT1G52260,0.0
2,Chr2_5278520.0,5278520,0.0002333656,0,,,,
3,Chr3_15647933.0,15647933,0.0002333876,0,,,,
2,Chr2_5365093.0,5365093,0.0002337154,0,,,,
2,Chr2_5365334.0,5365334,0.0002337154,0,,,,
2,Chr2_5989956.0,5989956,0.0002338277,0,,,,
1,Chr1_10166924.0,10166924,0.000233834,0,,,,
1,Chr1_23634539.0,23634539,0.0002339166,0,,,,
3,Chr3_18029093.0,18029093,0.0002341929,0,,,,
1,Chr1_27094715.0,27094715,0.0002343056,0,,,,
1,Chr1_27094720.0,27094720,0.0002343056,0,,,,
2,Chr2_5445157.0,5445157,0.0002343209,0,,,,
2,Chr2_5445741.0,5445741,0.0002343209,0,,,,
2,Chr2_5445996.0,5445996,0.0002343209,0,,,,
2,Chr2_5449420.0,5449420,0.0002343209,0,,,,
2,Chr2_5450437.0,5450437,0.0002343209,0,,,,
2,Chr2_5450608.0,5450608,0.0002343209,0,,,,
2,Chr2_5450937.0,5450937,0.0002343209,0,,,,
2,Chr2_5451596.0,5451596,0.0002343209,0,,,,
2,Chr2_5458357.0,5458357,0.0002343209,0,,,,
2,Chr2_5462817.0,5462817,0.0002343209,0,,,,
2,Chr2_5463280.0,5463280,0.0002343209,0,,,,
2,Chr2_5509576.0,5509576,0.0002343209,0,,,,
2,Chr2_5509611.0,5509611,0.0002343209,0,,,,
2,Chr2_5511447.0,5511447,0.0002343209,0,,,,
2,Chr2_5511458.0,5511458,0.0002343209,0,,,,
2,Chr2_5513745.0,5513745,0.0002343209,0,,,,
2,Chr2_5403666.0,5403666,0.000235033,0,,,,
2,Chr2_5406720.0,5406720,0.000235033,0,,,,
2,Chr2_5409521.0,5409521,0.000235033,0,,,,
2,Chr2_5409617.0,5409617,0.000235033,0,,,,
2,Chr2_5409624.0,5409624,0.000235033,0,,,,
2,Chr2_5410069.0,5410069,0.000235033,0,,,,
2,Chr2_5410199.0,5410199,0.000235033,0,,,,
5,Chr5_15291383.0,15291383,0.0002354582,0,,,,
1,Chr1_19501256.0,19501256,0.0002357829,1,AT1G52360,AT1G52360,AT1G52360,0.0
1,Chr1_19506517.0,19506517,0.0002357829,1,AT1G52370,AT1G52370,AT1G52370,0.0
2,Chr2_1608870.0,1608870,0.0002363101,0,,,,
1,Chr1_2353169.0,2353169,0.0002363562,0,,,,
5,Chr5_10052225.0,10052225,0.0002367461,0,,,,
5,Chr5_10054335.0,10054335,0.0002367461,0,,,,
5,Chr5_10055165.0,10055165,0.0002367461,0,,,,
5,Chr5_10055658.0,10055658,0.0002367461,0,,,,
5,Chr5_10057210.0,10057210,0.0002367461,0,,,,
5,Chr5_10059543.0,10059543,0.0002367461,0,,,,
5,Chr5_10065229.0,10065229,0.0002367461,0,,,,
5,Chr5_10065851.0,10065851,0.0002367461,0,,,,
4,Chr4_18443584.0,18443584,0.0002375323,0,,,,
5,Chr5_11599572.0,11599572,0.000237533,0,,,,
1,Chr1_10166945.0,10166945,0.0002376616,0,,,,
2,Chr2_7947753.0,7947753,0.000237675,1,AT2G18280,AT2G18280,AT2G18280,0.0
2,Chr2_7951475.0,7951475,0.000237675,0,,,,
2,Chr2_7953150.0,7953150,0.000237675,1,AT2G18300,AT2G18300,AT2G18300,0.0
2,Chr2_17811479.0,17811479,0.0002376764,0,,,,
2,Chr2_17812842.0,17812842,0.0002376764,1,AT2G42810,AT2G42810,AT2G42810,0.0
2,Chr2_5307061.0,5307061,0.0002377276,0,,,,
4,Chr4_18487288.0,18487288,0.0002387834,0,,,,
2,Chr2_6392006.0,6392006,0.0002393896,0,,,,
1,Chr1_1975981.0,1975981,0.0002398595,0,,,,
1,Chr1_1976025.0,1976025,0.0002398595,0,,,,
1,Chr1_1976615.0,1976615,0.0002398595,0,,,,
1,Chr1_1987465.0,1987465,0.0002398595,1,AT1G06490,AT1G06490,AT1G06490,0.0
5,Chr5_26336494.0,26336494,0.0002400139,0,,,,
4,Chr4_2894465.0,2894465,0.0002400577,0,,,,
2,Chr2_14231913.0,14231913,0.0002401296,0,,,,
2,Chr2_14233592.0,14233592,0.0002401296,0,,,,
3,Chr3_15796757.0,15796757,0.0002405602,0,,,,
2,Chr2_6979287.0,6979287,0.0002406286,0,,,,
5,Chr5_580315.0,580315,0.0002406871,1,AT5G02580,AT5G02580,AT5G02580,0.0
4,Chr4_8433340.0,8433340,0.000240825,1,AT4G14720,AT4G14720,AT4G14720,0.0
1,Chr1_18812543.0,18812543,0.0002414532,0,,,,
2,Chr2_1681103.0,1681103,0.0002414771,0,,,,
2,Chr2_5374994.0,5374994,0.0002418205,0,,,,
4,Chr4_15459580.0,15459580,0.0002427334,1,AT4G31960,AT4G31960,AT4G31960,0.0
1,Chr1_786379.0,786379,0.0002427564,0,,,,
5,Chr5_20665425.0,20665425,0.0002435016,1,AT5G50800,AT5G50800,AT5G50800,0.0
5,Chr5_20665523.0,20665523,0.0002435016,1,AT5G50800,AT5G50800,AT5G50800,0.0
1,Chr1_26550448.0,26550448,0.0002437503,1,AT1G70440,AT1G70440,AT1G70440,0.0
5,Chr5_12242577.0,12242577,0.0002439235,0,,,,
4,Chr4_4421081.0,4421081,0.0002441577,0,,,,
2,Chr2_14506406.0,14506406,0.0002443228,0,,,,
2,Chr2_14507105.0,14507105,0.0002443228,0,,,,
2,Chr2_14507344.0,14507344,0.0002443228,1,AT2G34360,AT2G34360,AT2G34360,0.0
3,Chr3_15932825.0,15932825,0.0002455691,0,,,,
3,Chr3_15932850.0,15932850,0.0002455691,0,,,,
2,Chr2_5367673.0,5367673,0.0002456312,0,,,,
3,Chr3_12373755.0,12373755,0.0002463045,0,,,,
3,Chr3_12422569.0,12422569,0.0002463045,0,,,,
5,Chr5_3652451.0,3652451,0.0002465254,0,,,,
5,Chr5_20161851.0,20161851,0.0002465382,1,AT5G49660,AT5G49660,AT5G49660,0.0
5,Chr5_22660465.0,22660465,0.0002468344,0,,,,
1,Chr1_22375751.0,22375751,0.0002469902,1,AT1G60783,AT1G60783,AT1G60783,0.0
4,Chr4_878828.0,878828,0.0002471393,1,AT4G02005,AT4G02005,AT4G02005,0.0
4,Chr4_882498.0,882498,0.0002471393,1,AT4G02010,AT4G02010,AT4G02010,0.0
4,Chr4_882499.0,882499,0.0002471393,1,AT4G02010,AT4G02010,AT4G02010,0.0
2,Chr2_6959021.0,6959021,0.0002471395,0,,,,
5,Chr5_8427235.0,8427235,0.0002472568,0,,,,
2,Chr2_9887402.0,9887402,0.0002473218,0,,,,
5,Chr5_19483986.0,19483986,0.0002473847,0,,,,
5,Chr5_19484613.0,19484613,0.0002473847,1,AT5G48090,AT5G48090,AT5G48090,0.0
5,Chr5_19487566.0,19487566,0.0002473847,1,AT5G48090,AT5G48090,AT5G48090,0.0
5,Chr5_19491174.0,19491174,0.0002473847,1,AT5G48100,AT5G48100,AT5G48100,0.0
5,Chr5_20964265.0,20964265,0.0002474792,1,AT5G51600,AT5G51600,AT5G51600,0.0
3,Chr3_18529510.0,18529510,0.0002475871,0,,,,
3,Chr3_18529547.0,18529547,0.0002475871,0,,,,
3,Chr3_3171503.0,3171503,0.0002477272,1,AT3G10260,AT3G10260,AT3G10260,0.0
3,Chr3_14848891.0,14848891,0.000248027,0,,,,
2,Chr2_12623149.0,12623149,0.0002481141,0,,,,
2,Chr2_13969934.0,13969934,0.0002484851,0,,,,
1,Chr1_1592081.0,1592081,0.0002487386,0,,,,
4,Chr4_5301348.0,5301348,0.0002489096,0,,,,
4,Chr4_5301367.0,5301367,0.0002489096,0,,,,
1,Chr1_2986874.0,2986874,0.0002491456,0,,,,
1,Chr1_16641201.0,16641201,0.0002492423,0,,,,
3,Chr3_12531254.0,12531254,0.0002496017,0,,,,
2,Chr2_5365047.0,5365047,0.000249821,0,,,,
2,Chr2_9821123.0,9821123,0.0002498255,0,,,,
3,Chr3_3050281.0,3050281,0.0002498586,0,,,,
4,Chr4_4115675.0,4115675,0.000250024,0,,,,
4,Chr4_3922555.0,3922555,0.0002505027,1,AT4G06688,AT4G06688,AT4G06688,0.0
1,Chr1_4289418.0,4289418,0.0002508814,0,,,,
2,Chr2_19057451.0,19057451,0.0002510057,0,,,,
3,Chr3_15533370.0,15533370,0.0002510587,0,,,,
3,Chr3_15535476.0,15535476,0.0002510587,0,,,,
3,Chr3_15537556.0,15537556,0.0002510587,0,,,,
3,Chr3_3184612.0,3184612,0.0002510676,1,AT3G10290,AT3G10290,AT3G10290,0.0
3,Chr3_3184698.0,3184698,0.0002510676,1,AT3G10290,AT3G10290,AT3G10290,0.0
5,Chr5_10757977.0,10757977,0.0002510736,0,,,,
3,Chr3_17643890.0,17643890,0.0002513072,0,,,,
5,Chr5_24972200.0,24972200,0.0002513271,0,,,,
2,Chr2_70416.0,70416,0.0002518202,0,,,,
4,Chr4_18508208.0,18508208,0.0002521147,0,,,,
4,Chr4_18508289.0,18508289,0.0002521147,0,,,,
4,Chr4_18508290.0,18508290,0.0002521147,0,,,,
4,Chr4_18508379.0,18508379,0.0002521147,1,AT4G39900,AT4G39900,AT4G39900,0.0
5,Chr5_20197014.0,20197014,0.0002521449,1,AT5G49710,AT5G49710,AT5G49710,0.0
4,Chr4_6830940.0,6830940,0.000252184,0,,,,
4,Chr4_8706130.0,8706130,0.0002522386,1,AT4G15242,AT4G15242,AT4G15242,0.0
1,Chr1_11167848.0,11167848,0.000252259,0,,,,
1,Chr1_11168990.0,11168990,0.000252259,0,,,,
1,Chr1_11170455.0,11170455,0.000252259,0,,,,
1,Chr1_11176542.0,11176542,0.000252259,1,AT1G31260,AT1G31260,AT1G31260,0.0
1,Chr1_27288703.0,27288703,0.0002523581,0,,,,
1,Chr1_13164379.0,13164379,0.0002525323,1,AT1G35630,AT1G35630,AT1G35630,0.0
1,Chr1_13164577.0,13164577,0.0002525323,0,,,,
1,Chr1_13164630.0,13164630,0.0002525323,0,,,,
1,Chr1_13165749.0,13165749,0.0002525323,0,,,,
4,Chr4_17520335.0,17520335,0.0002526601,0,,,,
1,Chr1_18180239.0,18180239,0.0002526734,1,AT1G49160,AT1G49160,AT1G49160,0.0
5,Chr5_8765537.0,8765537,0.0002528967,0,,,,
5,Chr5_8765552.0,8765552,0.0002528967,0,,,,
5,Chr5_15979946.0,15979946,0.0002530452,1,AT5G39910,AT5G39910,AT5G39910,0.0
5,Chr5_15980515.0,15980515,0.0002530452,1,AT5G39910,AT5G39910,AT5G39910,0.0
5,Chr5_15983977.0,15983977,0.0002530452,0,,,,
5,Chr5_15984388.0,15984388,0.0002530452,0,,,,
5,Chr5_15984623.0,15984623,0.0002530452,0,,,,
5,Chr5_15993986.0,15993986,0.0002530452,0,,,,
3,Chr3_3059330.0,3059330,0.0002538302,0,,,,
3,Chr3_3059434.0,3059434,0.0002538302,0,,,,
3,Chr3_3059453.0,3059453,0.0002538302,0,,,,
3,Chr3_3059465.0,3059465,0.0002538302,0,,,,
4,Chr4_13895229.0,13895229,0.0002542783,1,AT4G27910,AT4G27910,AT4G27910,0.0
4,Chr4_13897966.0,13897966,0.0002542783,1,AT4G27910,AT4G27910,AT4G27910,0.0
2,Chr2_676676.0,676676,0.0002543149,0,,,,
4,Chr4_17564201.0,17564201,0.0002543812,1,AT4G37330,AT4G37330,AT4G37330,0.0
3,Chr3_8225631.0,8225631,0.0002544793,1,AT3G23100,AT3G23100,AT3G23100,0.0
2,Chr2_7412189.0,7412189,0.0002546119,1,AT2G17050,AT2G17050,AT2G17050,0.0
2,Chr2_5728058.0,5728058,0.000254618,0,,,,
2,Chr2_5728155.0,5728155,0.000254618,0,,,,
3,Chr3_19442430.0,19442430,0.0002549863,0,,,,
4,Chr4_6342621.0,6342621,0.0002550063,0,,,,
4,Chr4_2169374.0,2169374,0.0002550816,0,,,,
5,Chr5_9870638.0,9870638,0.0002551702,0,,,,
5,Chr5_7146336.0,7146336,0.000255215,1,AT5G21040,AT5G21040,AT5G21040,0.0
3,Chr3_18529750.0,18529750,0.0002557043,0,,,,
3,Chr3_18529780.0,18529780,0.0002557043,0,,,,
3,Chr3_18530053.0,18530053,0.0002557043,0,,,,
3,Chr3_18530059.0,18530059,0.0002557043,0,,,,
2,Chr2_5345883.0,5345883,0.0002557212,0,,,,
2,Chr2_5345943.0,5345943,0.0002557212,0,,,,
3,Chr3_4602488.0,4602488,0.0002557328,0,,,,
3,Chr3_4603651.0,4603651,0.0002557328,0,,,,
5,Chr5_24971101.0,24971101,0.0002559083,0,,,,
4,Chr4_1320255.0,1320255,0.0002563566,1,AT4G02980,AT4G02980,AT4G02980,0.0
3,Chr3_10575597.0,10575597,0.0002565798,0,,,,
3,Chr3_19428285.0,19428285,0.0002568353,0,,,,
1,Chr1_17592352.0,17592352,0.0002573951,0,,,,
1,Chr1_17592509.0,17592509,0.0002573951,0,,,,
3,Chr3_15964552.0,15964552,0.0002576385,0,,,,
5,Chr5_15963129.0,15963129,0.0002579536,0,,,,
5,Chr5_25911418.0,25911418,0.0002579648,1,AT5G64813,AT5G64813,AT5G64813,0.0
5,Chr5_25918353.0,25918353,0.0002579648,1,AT5G64840,AT5G64840,AT5G64840,0.0
3,Chr3_7725387.0,7725387,0.000258038,0,,,,
4,Chr4_2234233.0,2234233,0.0002580386,1,AT4G04490,AT4G04490,AT4G04490,0.0
2,Chr2_14907955.0,14907955,0.0002583713,0,,,,
3,Chr3_20658107.0,20658107,0.0002586542,1,AT3G55670,AT3G55670,AT3G55670,0.0
2,Chr2_6994022.0,6994022,0.0002587895,0,,,,
4,Chr4_822687.0,822687,0.0002590802,1,AT4G01900,AT4G01900,AT4G01900,0.0
2,Chr2_1905054.0,1905054,0.0002596955,0,,,,
5,Chr5_20963919.0,20963919,0.0002598522,1,AT5G51600,AT5G51600,AT5G51600,0.0
5,Chr5_20964615.0,20964615,0.0002598522,0,,,,
5,Chr5_17291963.0,17291963,0.000259992,0,,,,
1,Chr1_17953850.0,17953850,0.0002604569,1,AT1G48560,AT1G48560,AT1G48560,0.0
3,Chr3_15662785.0,15662785,0.0002607552,0,,,,
3,Chr3_3003975.0,3003975,0.0002613155,1,AT3G09790,AT3G09790,AT3G09790,0.0
3,Chr3_15811078.0,15811078,0.0002614486,0,,,,
3,Chr3_15811282.0,15811282,0.0002614486,0,,,,
3,Chr3_15811834.0,15811834,0.0002614486,0,,,,
3,Chr3_15811967.0,15811967,0.0002614486,0,,,,
3,Chr3_15813024.0,15813024,0.0002614486,0,,,,
3,Chr3_15813265.0,15813265,0.0002614486,0,,,,
3,Chr3_15814263.0,15814263,0.0002614486,0,,,,
3,Chr3_15815572.0,15815572,0.0002614486,0,,,,
4,Chr4_4897922.0,4897922,0.0002618044,0,,,,
2,Chr2_5694578.0,5694578,0.0002618669,1,AT2G13680,AT2G13680,AT2G13680,0.0
2,Chr2_5699972.0,5699972,0.0002618669,1,AT2G13680,AT2G13680,AT2G13680,0.0
2,Chr2_5701210.0,5701210,0.0002618669,1,AT2G13680,AT2G13680,AT2G13680,0.0
2,Chr2_5707770.0,5707770,0.0002618669,1,AT2G13690,AT2G13690,AT2G13690,0.0
2,Chr2_5708357.0,5708357,0.0002618669,1,AT2G13690,AT2G13690,AT2G13690,0.0
2,Chr2_5709952.0,5709952,0.0002618669,0,,,,
2,Chr2_5710519.0,5710519,0.0002618669,0,,,,
2,Chr2_5711076.0,5711076,0.0002618669,0,,,,
2,Chr2_5711086.0,5711086,0.0002618669,0,,,,
2,Chr2_5711790.0,5711790,0.0002618669,0,,,,
4,Chr4_8095271.0,8095271,0.0002619974,1,AT4G14020,AT4G14020,AT4G14020,0.0
4,Chr4_8102251.0,8102251,0.0002619974,1,AT4G14040,AT4G14040,AT4G14040,0.0
4,Chr4_8104242.0,8104242,0.0002619974,1,AT4G14050,AT4G14050,AT4G14050,0.0
5,Chr5_7644681.0,7644681,0.0002621954,0,,,,
5,Chr5_8326009.0,8326009,0.0002623889,1,AT5G24380,AT5G24380,AT5G24380,0.0
3,Chr3_3631888.0,3631888,0.0002624777,1,AT3G11540,AT3G11540,AT3G11540,0.0
3,Chr3_15537849.0,15537849,0.0002630838,0,,,,
4,Chr4_7437971.0,7437971,0.0002632164,0,,,,
2,Chr2_17788689.0,17788689,0.0002637953,1,AT2G42730,AT2G42730,AT2G42730,0.0
2,Chr2_17793883.0,17793883,0.0002637953,1,AT2G42750,AT2G42750,AT2G42750,0.0
2,Chr2_17794088.0,17794088,0.0002637953,1,AT2G42750,AT2G42750,AT2G42750,0.0
5,Chr5_8427108.0,8427108,0.0002638034,0,,,,
3,Chr3_11226538.0,11226538,0.000263957,0,,,,
1,Chr1_12137637.0,12137637,0.0002640884,0,,,,
4,Chr4_10011086.0,10011086,0.000264533,0,,,,
3,Chr3_61667.0,61667,0.0002646082,0,,,,
2,Chr2_19072677.0,19072677,0.0002646283,1,AT2G46470,AT2G46470,AT2G46470,0.0
1,Chr1_2356394.0,2356394,0.000265476,0,,,,
3,Chr3_13618887.0,13618887,0.0002661641,0,,,,
2,Chr2_995531.0,995531,0.0002663608,1,AT2G03270,AT2G03270,AT2G03270,0.0
3,Chr3_15424438.0,15424438,0.0002664114,0,,,,
3,Chr3_15424469.0,15424469,0.0002664114,0,,,,
3,Chr3_15424632.0,15424632,0.0002664114,0,,,,
5,Chr5_3161710.0,3161710,0.0002666713,0,,,,
2,Chr2_11556062.0,11556062,0.0002666727,1,AT2G27070,AT2G27070,AT2G27070,0.0
1,Chr1_10141608.0,10141608,0.0002669032,0,,,,
1,Chr1_17846483.0,17846483,0.0002670949,0,,,,
2,Chr2_11228262.0,11228262,0.0002679063,0,,,,
3,Chr3_15990894.0,15990894,0.0002685231,0,,,,
5,Chr5_6442852.0,6442852,0.0002685319,0,,,,
4,Chr4_18494124.0,18494124,0.0002690409,1,AT4G39850,AT4G39850,AT4G39850,0.0
4,Chr4_18494809.0,18494809,0.0002690409,1,AT4G39850,AT4G39850,AT4G39850,0.0
4,Chr4_18494819.0,18494819,0.0002690409,1,AT4G39850,AT4G39850,AT4G39850,0.0
4,Chr4_18495176.0,18495176,0.0002690409,1,AT4G39850,AT4G39850,AT4G39850,0.0
4,Chr4_18495876.0,18495876,0.0002690409,1,AT4G39850,AT4G39850,AT4G39850,0.0
2,Chr2_3104372.0,3104372,0.0002690478,0,,,,
1,Chr1_21926290.0,21926290,0.0002690936,1,AT1G59660,AT1G59660,AT1G59660,0.0
1,Chr1_9267034.0,9267034,0.0002695784,0,,,,
3,Chr3_21319321.0,21319321,0.0002697539,1,AT3G57570,AT3G57570,AT3G57570,0.0
1,Chr1_8297713.0,8297713,0.0002697872,1,AT1G23380,AT1G23380,AT1G23380,0.0
5,Chr5_9859395.0,9859395,0.0002700397,0,,,,
3,Chr3_3571383.0,3571383,0.0002702944,1,AT3G11390,AT3G11390,AT3G11390,0.0
3,Chr3_4615141.0,4615141,0.0002703092,0,,,,
1,Chr1_12136656.0,12136656,0.0002703661,0,,,,
2,Chr2_11765014.0,11765014,0.0002703953,0,,,,
3,Chr3_15919618.0,15919618,0.0002704027,0,,,,
4,Chr4_3448067.0,3448067,0.0002705151,0,,,,
1,Chr1_6876238.0,6876238,0.0002706759,0,,,,
5,Chr5_13613589.0,13613589,0.0002708689,0,,,,
5,Chr5_13613804.0,13613804,0.0002708689,0,,,,
5,Chr5_13614851.0,13614851,0.0002708689,0,,,,
3,Chr3_3253118.0,3253118,0.0002711341,0,,,,
4,Chr4_5818463.0,5818463,0.0002714524,1,AT4G09140,AT4G09140,AT4G09140,0.0
4,Chr4_5821703.0,5821703,0.0002714524,0,,,,
4,Chr4_5821785.0,5821785,0.0002714524,0,,,,
4,Chr4_5827592.0,5827592,0.0002714524,0,,,,
4,Chr4_5827997.0,5827997,0.0002714524,0,,,,
4,Chr4_5830994.0,5830994,0.0002714524,1,AT4G09150,AT4G09150,AT4G09150,0.0
3,Chr3_15904659.0,15904659,0.0002714994,0,,,,
3,Chr3_4594665.0,4594665,0.0002716504,1,AT3G13920,AT3G13920,AT3G13920,0.0
3,Chr3_4600625.0,4600625,0.0002716504,1,AT3G13940,AT3G13940,AT3G13940,0.0
3,Chr3_4600650.0,4600650,0.0002716504,1,AT3G13940,AT3G13940,AT3G13940,0.0
4,Chr4_6001258.0,6001258,0.0002721421,0,,,,
3,Chr3_15377640.0,15377640,0.000272738,0,,,,
3,Chr3_3130114.0,3130114,0.000272965,1,AT3G10120,AT3G10120,AT3G10120,0.0
2,Chr2_15586445.0,15586445,0.0002731083,0,,,,
1,Chr1_4372221.0,4372221,0.0002731315,0,,,,
5,Chr5_15891007.0,15891007,0.0002736271,0,,,,
5,Chr5_17353102.0,17353102,0.0002739376,1,AT5G43240,AT5G43240,AT5G43240,0.0
1,Chr1_3291520.0,3291520,0.0002739427,1,AT1G10090,AT1G10090,AT1G10090,0.0
5,Chr5_9793718.0,9793718,0.0002750588,0,,,,
5,Chr5_9798830.0,9798830,0.0002750588,1,AT5G27680,AT5G27680,AT5G27680,0.0
5,Chr5_10825457.0,10825457,0.000275263,1,AT5G28810,AT5G28810,AT5G28810,0.0
2,Chr2_5383942.0,5383942,0.0002753805,0,,,,
3,Chr3_12377308.0,12377308,0.0002754329,0,,,,
2,Chr2_9257435.0,9257435,0.0002762164,0,,,,
3,Chr3_14784527.0,14784527,0.0002763818,0,,,,
3,Chr3_14793980.0,14793980,0.0002763818,0,,,,
1,Chr1_2966269.0,2966269,0.0002767392,1,AT1G09190,AT1G09190,AT1G09190,0.0
5,Chr5_19489389.0,19489389,0.0002768488,1,AT5G48100,AT5G48100,AT5G48100,0.0
5,Chr5_19492610.0,19492610,0.0002769877,1,AT5G48100,AT5G48100,AT5G48100,0.0
4,Chr4_15016666.0,15016666,0.000277001,1,AT4G30830,AT4G30830,AT4G30830,0.0
4,Chr4_15016715.0,15016715,0.000277001,1,AT4G30830,AT4G30830,AT4G30830,0.0
1,Chr1_29208571.0,29208571,0.0002772221,0,,,,
1,Chr1_19678619.0,19678619,0.0002775043,0,,,,
1,Chr1_19678620.0,19678620,0.0002775043,0,,,,
3,Chr3_7724359.0,7724359,0.0002785122,0,,,,
5,Chr5_10447182.0,10447182,0.0002786586,0,,,,
5,Chr5_1895481.0,1895481,0.0002788262,0,,,,
1,Chr1_12136625.0,12136625,0.0002789769,0,,,,
1,Chr1_2994944.0,2994944,0.0002790671,1,AT1G09270,AT1G09270,AT1G09270,0.0
3,Chr3_4635298.0,4635298,0.0002792762,0,,,,
4,Chr4_9764975.0,9764975,0.0002792846,1,AT4G17505,AT4G17505,AT4G17505,0.0
3,Chr3_11034508.0,11034508,0.0002794407,1,AT3G29035,AT3G29035,AT3G29035,0.0
4,Chr4_3442534.0,3442534,0.0002795406,0,,,,
5,Chr5_22053935.0,22053935,0.0002795745,1,AT5G54290,AT5G54290,AT5G54290,0.0
5,Chr5_11727370.0,11727370,0.0002800299,0,,,,
1,Chr1_13111998.0,13111998,0.000280715,1,AT1G35545,AT1G35545,AT1G35545,0.0
3,Chr3_3059471.0,3059471,0.0002810891,0,,,,
1,Chr1_28913302.0,28913302,0.0002812889,0,,,,
2,Chr2_5348423.0,5348423,0.000281352,0,,,,
1,Chr1_12732025.0,12732025,0.0002817245,0,,,,
4,Chr4_17548810.0,17548810,0.0002817924,1,AT4G37280,AT4G37280,AT4G37280,0.0
5,Chr5_26686946.0,26686946,0.0002819411,0,,,,
3,Chr3_4597210.0,4597210,0.0002821864,1,AT3G13930,AT3G13930,AT3G13930,0.0
3,Chr3_4601122.0,4601122,0.0002821864,1,AT3G13940,AT3G13940,AT3G13940,0.0
1,Chr1_28910292.0,28910292,0.0002821959,1,AT1G76950,AT1G76950,AT1G76950,0.0
4,Chr4_8199302.0,8199302,0.000282225,0,,,,
5,Chr5_9742292.0,9742292,0.0002825091,0,,,,
4,Chr4_861575.0,861575,0.0002829849,0,,,,
4,Chr4_1309621.0,1309621,0.0002830677,1,AT4G02940,AT4G02940,AT4G02940,0.0
3,Chr3_15968219.0,15968219,0.000283102,0,,,,
3,Chr3_3007312.0,3007312,0.0002836697,1,AT3G09800,AT3G09800,AT3G09800,0.0
3,Chr3_3007313.0,3007313,0.0002836697,1,AT3G09800,AT3G09800,AT3G09800,0.0
4,Chr4_11412650.0,11412650,0.0002839527,0,,,,
5,Chr5_10368061.0,10368061,0.0002839906,0,,,,
4,Chr4_10516003.0,10516003,0.0002842698,0,,,,
4,Chr4_1948229.0,1948229,0.000284754,0,,,,
1,Chr1_989687.0,989687,0.0002849483,1,AT1G03890,AT1G03890,AT1G03890,0.0
1,Chr1_997300.0,997300,0.0002849483,1,AT1G03910,AT1G03910,AT1G03910,0.0
4,Chr4_11770050.0,11770050,0.0002850576,1,AT4G22260,AT4G22260,AT4G22260,0.0
2,Chr2_13986229.0,13986229,0.0002851523,0,,,,
2,Chr2_13986812.0,13986812,0.0002851523,0,,,,
4,Chr4_18533578.0,18533578,0.000285452,0,,,,
2,Chr2_19052483.0,19052483,0.0002855604,0,,,,
1,Chr1_1662848.0,1662848,0.0002860538,1,AT1G05577,AT1G05577,AT1G05577,0.0
1,Chr1_1666479.0,1666479,0.0002860538,1,AT1G05580,AT1G05580,AT1G05580,0.0
1,Chr1_1667381.0,1667381,0.0002860538,1,AT1G05580,AT1G05580,AT1G05580,0.0
2,Chr2_5238734.0,5238734,0.0002861565,0,,,,
4,Chr4_9216455.0,9216455,0.0002861977,0,,,,
3,Chr3_13965324.0,13965324,0.0002862106,0,,,,
2,Chr2_6942415.0,6942415,0.000286271,0,,,,
4,Chr4_991507.0,991507,0.0002865822,0,,,,
1,Chr1_3139665.0,3139665,0.0002866312,1,AT1G09700,AT1G09700,AT1G09700,0.0
1,Chr1_21907217.0,21907217,0.0002867688,1,AT1G59630,AT1G59630,AT1G59630,0.0
3,Chr3_15958456.0,15958456,0.0002872722,0,,,,
4,Chr4_1956974.0,1956974,0.0002872925,0,,,,
5,Chr5_21058342.0,21058342,0.0002874357,0,,,,
2,Chr2_4760841.0,4760841,0.0002878767,0,,,,
2,Chr2_4761900.0,4761900,0.0002878767,0,,,,
2,Chr2_8752497.0,8752497,0.0002880588,0,,,,
2,Chr2_5386726.0,5386726,0.0002880939,0,,,,
2,Chr2_11411821.0,11411821,0.0002881588,1,AT2G26780,AT2G26780,AT2G26780,0.0
4,Chr4_17564361.0,17564361,0.0002889539,1,AT4G37330,AT4G37330,AT4G37330,0.0
3,Chr3_22712350.0,22712350,0.0002892142,0,,,,
3,Chr3_14706110.0,14706110,0.0002897082,0,,,,
5,Chr5_26537530.0,26537530,0.0002900716,0,,,,
4,Chr4_1203710.0,1203710,0.0002905886,0,,,,
1,Chr1_13259476.0,13259476,0.0002906378,0,,,,
2,Chr2_4778330.0,4778330,0.0002906926,0,,,,
4,Chr4_15922690.0,15922690,0.0002912276,0,,,,
4,Chr4_15923902.0,15923902,0.0002912276,0,,,,
4,Chr4_15923911.0,15923911,0.0002912276,0,,,,
2,Chr2_6761265.0,6761265,0.0002912617,1,AT2G15480,AT2G15480,AT2G15480,0.0
2,Chr2_15730993.0,15730993,0.0002913519,0,,,,
4,Chr4_5834924.0,5834924,0.0002920408,0,,,,
1,Chr1_599124.0,599124,0.0002928285,0,,,,
2,Chr2_13974153.0,13974153,0.0002930786,1,AT2G32940,AT2G32940,AT2G32940,0.0
2,Chr2_13976375.0,13976375,0.0002930786,1,AT2G32940,AT2G32940,AT2G32940,0.0
2,Chr2_13978995.0,13978995,0.0002930786,1,AT2G32950,AT2G32950,AT2G32950,0.0
2,Chr2_13984221.0,13984221,0.0002930786,0,,,,
5,Chr5_8765587.0,8765587,0.0002931405,0,,,,
5,Chr5_8765656.0,8765656,0.0002931405,0,,,,
3,Chr3_15578748.0,15578748,0.000293519,0,,,,
2,Chr2_15106013.0,15106013,0.0002938323,1,AT2G35950,AT2G35950,AT2G35950,0.0
5,Chr5_510219.0,510219,0.0002940401,1,AT5G02390,AT5G02390,AT5G02390,0.0
5,Chr5_513425.0,513425,0.0002940401,0,,,,
5,Chr5_518374.0,518374,0.0002940401,1,AT5G02410,AT5G02410,AT5G02410,0.0
4,Chr4_433945.0,433945,0.0002940568,0,,,,
1,Chr1_11667633.0,11667633,0.0002942227,1,AT1G32350,AT1G32350,AT1G32350,0.0
4,Chr4_8420429.0,8420429,0.0002943573,1,AT4G14695,AT4G14695,AT4G14695,0.0
4,Chr4_17279514.0,17279514,0.0002945725,0,,,,
1,Chr1_16635675.0,16635675,0.0002951579,0,,,,
1,Chr1_17653328.0,17653328,0.0002953592,0,,,,
3,Chr3_16947712.0,16947712,0.0002954453,0,,,,
4,Chr4_5659682.0,5659682,0.0002958207,0,,,,
3,Chr3_13833419.0,13833419,0.0002963112,0,,,,
1,Chr1_8319594.0,8319594,0.0002963926,0,,,,
4,Chr4_6214538.0,6214538,0.0002964501,0,,,,
4,Chr4_6214540.0,6214540,0.0002964501,0,,,,
4,Chr4_15010471.0,15010471,0.0002967375,1,AT4G30825,AT4G30825,AT4G30825,0.0
3,Chr3_14167752.0,14167752,0.0002967641,0,,,,
4,Chr4_5144558.0,5144558,0.0002968249,0,,,,
5,Chr5_14738343.0,14738343,0.0002970705,1,AT5G37240,AT5G37240,AT5G37240,0.0
1,Chr1_3875026.0,3875026,0.0002973549,1,AT1G11530,AT1G11530,AT1G11530,0.0
4,Chr4_5019378.0,5019378,0.0002973589,0,,,,
3,Chr3_18529771.0,18529771,0.0002973858,0,,,,
4,Chr4_11757921.0,11757921,0.0002976423,0,,,,
4,Chr4_11759039.0,11759039,0.0002976423,1,AT4G22217,AT4G22217,AT4G22217,0.0
4,Chr4_11761760.0,11761760,0.0002976423,0,,,,
4,Chr4_11773169.0,11773169,0.0002976423,0,,,,
4,Chr4_11773786.0,11773786,0.0002976423,1,AT4G22270,AT4G22270,AT4G22270,0.0
4,Chr4_11774024.0,11774024,0.0002976423,1,AT4G22270,AT4G22270,AT4G22270,0.0
4,Chr4_11776938.0,11776938,0.0002976423,1,AT4G22280,AT4G22280,AT4G22280,0.0
4,Chr4_11777288.0,11777288,0.0002976423,1,AT4G22280,AT4G22280,AT4G22280,0.0
1,Chr1_11172163.0,11172163,0.0002977694,0,,,,
5,Chr5_10432625.0,10432625,0.0002978309,0,,,,
4,Chr4_3854929.0,3854929,0.0002979714,0,,,,
1,Chr1_13114991.0,13114991,0.0002979799,0,,,,
5,Chr5_20964367.0,20964367,0.0002981079,1,AT5G51600,AT5G51600,AT5G51600,0.0
5,Chr5_20964372.0,20964372,0.0002981079,1,AT5G51600,AT5G51600,AT5G51600,0.0
2,Chr2_5367968.0,5367968,0.0002981951,0,,,,
2,Chr2_11199770.0,11199770,0.0002986825,1,AT2G26300,AT2G26300,AT2G26300,0.0
5,Chr5_9818088.0,9818088,0.0002987252,0,,,,
5,Chr5_9820101.0,9820101,0.0002987252,0,,,,
4,Chr4_13038673.0,13038673,0.0002988611,1,AT4G25530,AT4G25530,AT4G25530,0.0
4,Chr4_11826142.0,11826142,0.0002995784,1,AT4G22420,AT4G22420,AT4G22420,0.0
1,Chr1_5641042.0,5641042,0.0002995846,0,,,,
1,Chr1_5641044.0,5641044,0.0002995846,0,,,,
3,Chr3_15755597.0,15755597,0.0002996699,1,AT3G43920,AT3G43920,AT3G43920,0.0
1,Chr1_15978254.0,15978254,0.0002997884,1,AT1G42550,AT1G42550,AT1G42550,0.0
1,Chr1_15984628.0,15984628,0.0002997884,0,,,,
1,Chr1_15987463.0,15987463,0.0002997884,0,,,,
1,Chr1_15989352.0,15989352,0.0002997884,0,,,,
1,Chr1_15989360.0,15989360,0.0002997884,0,,,,
1,Chr1_15992368.0,15992368,0.0002997884,0,,,,
1,Chr1_15994074.0,15994074,0.0002997884,0,,,,
1,Chr1_15994310.0,15994310,0.0002997884,0,,,,
1,Chr1_15995092.0,15995092,0.0002997884,0,,,,
1,Chr1_15997064.0,15997064,0.0002997884,0,,,,
1,Chr1_15997660.0,15997660,0.0002997884,0,,,,
1,Chr1_15998465.0,15998465,0.0002997884,0,,,,
1,Chr1_16002438.0,16002438,0.0002997884,0,,,,
1,Chr1_16003785.0,16003785,0.0002997884,0,,,,
1,Chr1_16005891.0,16005891,0.0002997884,0,,,,
1,Chr1_16006107.0,16006107,0.0002997884,0,,,,
1,Chr1_16006847.0,16006847,0.0002997884,0,,,,
1,Chr1_16010197.0,16010197,0.0002997884,0,,,,
1,Chr1_16010708.0,16010708,0.0002997884,0,,,,
1,Chr1_16011025.0,16011025,0.0002997884,0,,,,
1,Chr1_16012224.0,16012224,0.0002997884,0,,,,
1,Chr1_16027078.0,16027078,0.0002997884,0,,,,
1,Chr1_16027182.0,16027182,0.0002997884,0,,,,
1,Chr1_16027350.0,16027350,0.0002997884,0,,,,
1,Chr1_16027777.0,16027777,0.0002997884,0,,,,
1,Chr1_16027821.0,16027821,0.0002997884,0,,,,
1,Chr1_16027958.0,16027958,0.0002997884,0,,,,
1,Chr1_16030938.0,16030938,0.0002997884,0,,,,
1,Chr1_16031541.0,16031541,0.0002997884,0,,,,
1,Chr1_16032256.0,16032256,0.0002997884,0,,,,
1,Chr1_16032534.0,16032534,0.0002997884,0,,,,
1,Chr1_16034694.0,16034694,0.0002997884,0,,,,
1,Chr1_16035321.0,16035321,0.0002997884,0,,,,
1,Chr1_16036055.0,16036055,0.0002997884,0,,,,
1,Chr1_16036297.0,16036297,0.0002997884,0,,,,
1,Chr1_16036595.0,16036595,0.0002997884,0,,,,
1,Chr1_16036990.0,16036990,0.0002997884,0,,,,
1,Chr1_16037178.0,16037178,0.0002997884,0,,,,
1,Chr1_16039313.0,16039313,0.0002997884,0,,,,
1,Chr1_16039749.0,16039749,0.0002997884,0,,,,
1,Chr1_16039980.0,16039980,0.0002997884,0,,,,
1,Chr1_16042810.0,16042810,0.0002997884,1,AT1G42680,AT1G42680,AT1G42680,0.0
1,Chr1_16043626.0,16043626,0.0002997884,0,,,,
1,Chr1_16060971.0,16060971,0.0002997884,0,,,,
1,Chr1_16060980.0,16060980,0.0002997884,0,,,,
1,Chr1_16061358.0,16061358,0.0002997884,0,,,,
1,Chr1_16062830.0,16062830,0.0002997884,0,,,,
1,Chr1_16062974.0,16062974,0.0002997884,0,,,,
1,Chr1_16063699.0,16063699,0.0002997884,0,,,,
1,Chr1_16108936.0,16108936,0.0002997884,0,,,,
1,Chr1_16109968.0,16109968,0.0002997884,0,,,,
1,Chr1_16110337.0,16110337,0.0002997884,0,,,,
1,Chr1_16112838.0,16112838,0.0002997884,0,,,,
1,Chr1_16113169.0,16113169,0.0002997884,0,,,,
2,Chr2_11395326.0,11395326,0.0003003409,0,,,,
1,Chr1_20962754.0,20962754,0.0003005072,1,AT1G56045,AT1G56045,AT1G56045,0.0
1,Chr1_3323432.0,3323432,0.0003005306,1,AT1G10140,AT1G10140,AT1G10140,0.0
2,Chr2_5511726.0,5511726,0.0003005969,1,AT2G13290,AT2G13290,AT2G13290,0.0
5,Chr5_26276841.0,26276841,0.0003007186,0,,,,
1,Chr1_29144074.0,29144074,0.0003010574,1,AT1G77580,AT1G77580,AT1G77580,0.0
3,Chr3_15692034.0,15692034,0.0003011188,0,,,,
3,Chr3_18543285.0,18543285,0.0003011725,0,,,,
1,Chr1_3506824.0,3506824,0.0003012531,1,AT1G10610,AT1G10610,AT1G10610,0.0
5,Chr5_26368338.0,26368338,0.0003015798,0,,,,
5,Chr5_9363644.0,9363644,0.0003018862,0,,,,
4,Chr4_6216681.0,6216681,0.0003023744,0,,,,
4,Chr4_18520909.0,18520909,0.000302588,1,AT4G39940,AT4G39940,AT4G39940,0.0
2,Chr2_14020080.0,14020080,0.0003027509,1,AT2G33040,AT2G33040,AT2G33040,0.0
2,Chr2_14021678.0,14021678,0.0003027509,0,,,,
2,Chr2_5367423.0,5367423,0.0003030583,0,,,,
4,Chr4_2470636.0,2470636,0.0003032377,0,,,,
5,Chr5_7736883.0,7736883,0.0003033087,1,AT5G23060,AT5G23060,AT5G23060,0.0
1,Chr1_2102481.0,2102481,0.0003033786,1,AT1G06840,AT1G06840,AT1G06840,0.0
3,Chr3_14282085.0,14282085,0.0003034526,0,,,,
3,Chr3_14282118.0,14282118,0.0003034526,0,,,,
3,Chr3_16001173.0,16001173,0.0003034624,1,AT3G44326,AT3G44326,AT3G44326,0.0
3,Chr3_16001728.0,16001728,0.0003034624,1,AT3G44326,AT3G44326,AT3G44326,0.0
3,Chr3_16013998.0,16013998,0.0003034624,1,AT3G44340,AT3G44340,AT3G44340,0.0
3,Chr3_16014471.0,16014471,0.0003034624,1,AT3G44340,AT3G44340,AT3G44340,0.0
3,Chr3_16015209.0,16015209,0.0003034624,1,AT3G44340,AT3G44340,AT3G44340,0.0
3,Chr3_16016541.0,16016541,0.0003034624,1,AT3G44340,AT3G44340,AT3G44340,0.0
1,Chr1_29006819.0,29006819,0.0003036197,0,,,,
5,Chr5_26270227.0,26270227,0.0003045345,1,AT5G65687,AT5G65687,AT5G65687,0.0
5,Chr5_26271245.0,26271245,0.0003045345,1,AT5G65687,AT5G65687,AT5G65687,0.0
5,Chr5_26272341.0,26272341,0.0003045345,1,AT5G65687,AT5G65687,AT5G65687,0.0
2,Chr2_145708.0,145708,0.0003050244,1,AT2G01280,AT2G01280,AT2G01280,0.0
4,Chr4_6730374.0,6730374,0.0003050379,0,,,,
1,Chr1_2101945.0,2101945,0.0003050589,1,AT1G06840,AT1G06840,AT1G06840,0.0
1,Chr1_2102346.0,2102346,0.0003050589,1,AT1G06840,AT1G06840,AT1G06840,0.0
1,Chr1_29216611.0,29216611,0.0003053995,0,,,,
3,Chr3_15972341.0,15972341,0.0003054464,0,,,,
5,Chr5_20152523.0,20152523,0.0003057535,0,,,,
2,Chr2_7478398.0,7478398,0.0003060183,1,AT2G17190,AT2G17190,AT2G17190,0.0
4,Chr4_8190145.0,8190145,0.000306065,0,,,,
4,Chr4_7939470.0,7939470,0.0003063057,1,AT4G13650,AT4G13650,AT4G13650,0.0
2,Chr2_19245186.0,19245186,0.0003065599,0,,,,
3,Chr3_19218033.0,19218033,0.0003065652,1,AT3G51820,AT3G51820,AT3G51820,0.0
5,Chr5_14909760.0,14909760,0.0003068786,0,,,,
3,Chr3_15150393.0,15150393,0.0003069251,1,AT3G43153,AT3G43153,AT3G43153,0.0
3,Chr3_14799670.0,14799670,0.0003079324,0,,,,
2,Chr2_19552469.0,19552469,0.0003081285,1,AT2G47700,AT2G47700,AT2G47700,0.0
2,Chr2_19552587.0,19552587,0.0003081285,1,AT2G47700,AT2G47700,AT2G47700,0.0
2,Chr2_19552827.0,19552827,0.0003081285,1,AT2G47700,AT2G47700,AT2G47700,0.0
1,Chr1_3343737.0,3343737,0.0003081775,1,AT1G10190,AT1G10190,AT1G10190,0.0
2,Chr2_5667581.0,5667581,0.0003083797,0,,,,
2,Chr2_5671015.0,5671015,0.0003083797,0,,,,
5,Chr5_26368021.0,26368021,0.0003085548,0,,,,
1,Chr1_16610877.0,16610877,0.0003087525,0,,,,
5,Chr5_15018053.0,15018053,0.0003089177,0,,,,
4,Chr4_17521688.0,17521688,0.0003089334,0,,,,
5,Chr5_5643228.0,5643228,0.0003096992,1,AT5G17165,AT5G17165,AT5G17165,0.0
2,Chr2_5178475.0,5178475,0.0003097078,0,,,,
3,Chr3_4616320.0,4616320,0.000309721,0,,,,
3,Chr3_4616717.0,4616717,0.000309721,0,,,,
5,Chr5_9396248.0,9396248,0.0003097602,0,,,,
1,Chr1_2316871.0,2316871,0.0003102129,0,,,,
1,Chr1_3343253.0,3343253,0.0003102788,0,,,,
3,Chr3_15947901.0,15947901,0.0003103176,0,,,,
2,Chr2_8303594.0,8303594,0.000310399,0,,,,
3,Chr3_14555703.0,14555703,0.0003106317,0,,,,
3,Chr3_14555750.0,14555750,0.0003106317,0,,,,
3,Chr3_12415615.0,12415615,0.0003108698,0,,,,
4,Chr4_5951654.0,5951654,0.0003109063,0,,,,
4,Chr4_15433992.0,15433992,0.0003109561,1,AT4G31900,AT4G31900,AT4G31900,0.0
3,Chr3_17422580.0,17422580,0.0003110111,1,AT3G47290,AT3G47290,AT3G47290,0.0
2,Chr2_5110818.0,5110818,0.0003112164,0,,,,
5,Chr5_19234899.0,19234899,0.0003115909,1,AT5G47420,AT5G47420,AT5G47420,0.0
5,Chr5_13719122.0,13719122,0.0003125662,0,,,,
1,Chr1_16545064.0,16545064,0.0003126449,0,,,,
5,Chr5_15987404.0,15987404,0.0003127065,0,,,,
5,Chr5_15988016.0,15988016,0.0003127065,1,AT5G39940,AT5G39940,AT5G39940,0.0
5,Chr5_15992616.0,15992616,0.0003127065,0,,,,
4,Chr4_17960067.0,17960067,0.0003130059,1,AT4G38350,AT4G38350,AT4G38350,0.0
4,Chr4_17962116.0,17962116,0.0003130059,1,AT4G38350,AT4G38350,AT4G38350,0.0
3,Chr3_15598018.0,15598018,0.000313028,0,,,,
3,Chr3_15667746.0,15667746,0.000313377,0,,,,
4,Chr4_17348360.0,17348360,0.0003133886,0,,,,
4,Chr4_8723944.0,8723944,0.0003135479,1,AT4G15290,AT4G15290,AT4G15290,0.0
4,Chr4_1917774.0,1917774,0.0003135905,0,,,,
3,Chr3_15403046.0,15403046,0.0003137307,0,,,,
1,Chr1_23135139.0,23135139,0.0003139862,0,,,,
4,Chr4_6735030.0,6735030,0.000314313,1,AT4G11020,AT4G11020,AT4G11020,0.0
1,Chr1_21605333.0,21605333,0.0003153449,0,,,,
5,Chr5_10723672.0,10723672,0.0003157696,1,AT5G28690,AT5G28690,AT5G28690,0.0
2,Chr2_5293049.0,5293049,0.000315881,0,,,,
1,Chr1_13787444.0,13787444,0.0003161296,0,,,,
4,Chr4_7974872.0,7974872,0.0003167524,0,,,,
4,Chr4_7975619.0,7975619,0.0003167524,1,AT4G13750,AT4G13750,AT4G13750,0.0
4,Chr4_7987877.0,7987877,0.0003167524,0,,,,
4,Chr4_7992216.0,7992216,0.0003167524,1,AT4G13770,AT4G13770,AT4G13770,0.0
4,Chr4_7988174.0,7988174,0.0003167997,1,AT4G13760,AT4G13760,AT4G13760,0.0
4,Chr4_7988511.0,7988511,0.0003167997,1,AT4G13760,AT4G13760,AT4G13760,0.0
1,Chr1_16616154.0,16616154,0.0003174649,0,,,,
4,Chr4_8917630.0,8917630,0.0003176525,1,AT4G15630,AT4G15630,AT4G15630,0.0
5,Chr5_9741914.0,9741914,0.0003178071,0,,,,
2,Chr2_5241904.0,5241904,0.0003179352,0,,,,
3,Chr3_3160656.0,3160656,0.0003179656,1,AT3G10210,AT3G10210,AT3G10210,0.0
2,Chr2_5548320.0,5548320,0.0003181174,1,AT2G13370,AT2G13370,AT2G13370,0.0
3,Chr3_10530194.0,10530194,0.0003183377,1,AT3G28230,AT3G28230,AT3G28230,0.0
3,Chr3_10533396.0,10533396,0.0003183377,1,AT3G28250,AT3G28250,AT3G28250,0.0
3,Chr3_3253124.0,3253124,0.0003189485,0,,,,
3,Chr3_13262223.0,13262223,0.0003190952,0,,,,
4,Chr4_17863822.0,17863822,0.0003192663,1,AT4G38030,AT4G38030,AT4G38030,0.0
4,Chr4_7989939.0,7989939,0.0003193005,0,,,,
4,Chr4_1220402.0,1220402,0.000319565,1,AT4G02740,AT4G02740,AT4G02740,0.0
4,Chr4_1224592.0,1224592,0.000319565,1,AT4G02760,AT4G02760,AT4G02760,0.0
5,Chr5_2288853.0,2288853,0.0003196518,0,,,,
5,Chr5_2289475.0,2289475,0.0003196518,0,,,,
5,Chr5_2289826.0,2289826,0.0003196518,0,,,,
5,Chr5_2290190.0,2290190,0.0003196518,0,,,,
4,Chr4_5303758.0,5303758,0.000319746,0,,,,
3,Chr3_2653384.0,2653384,0.0003198393,1,AT3G08730,AT3G08730,AT3G08730,0.0
3,Chr3_2654622.0,2654622,0.0003198393,0,,,,
3,Chr3_4789432.0,4789432,0.0003199906,0,,,,
4,Chr4_6822557.0,6822557,0.0003204465,0,,,,
1,Chr1_1715156.0,1715156,0.0003205877,1,AT1G05710,AT1G05710,AT1G05710,0.0
1,Chr1_1715667.0,1715667,0.0003205877,1,AT1G05710,AT1G05710,AT1G05710,0.0
4,Chr4_5584248.0,5584248,0.000321448,0,,,,
5,Chr5_1982068.0,1982068,0.0003220007,0,,,,
1,Chr1_1185121.0,1185121,0.0003220556,0,,,,
1,Chr1_2316792.0,2316792,0.000322638,0,,,,
4,Chr4_18517168.0,18517168,0.0003228713,1,AT4G39920,AT4G39920,AT4G39920,0.0
4,Chr4_721410.0,721410,0.000323071,0,,,,
4,Chr4_722028.0,722028,0.000323071,0,,,,
1,Chr1_5791586.0,5791586,0.000323137,0,,,,
4,Chr4_4457998.0,4457998,0.0003233357,1,AT4G07666,AT4G07666,AT4G07666,0.0
1,Chr1_16636210.0,16636210,0.0003234325,0,,,,
1,Chr1_27094473.0,27094473,0.0003235905,0,,,,
5,Chr5_26683158.0,26683158,0.0003237411,0,,,,
3,Chr3_17419262.0,17419262,0.0003245375,0,,,,
4,Chr4_9947358.0,9947358,0.0003245642,1,AT4G17900,AT4G17900,AT4G17900,0.0
1,Chr1_21190950.0,21190950,0.0003252187,0,,,,
4,Chr4_15438143.0,15438143,0.0003252499,1,AT4G31900,AT4G31900,AT4G31900,0.0
3,Chr3_7767507.0,7767507,0.0003263735,1,AT3G22053,AT3G22053,AT3G22053,0.0
1,Chr1_20094723.0,20094723,0.0003264631,0,,,,
4,Chr4_3796012.0,3796012,0.0003266561,0,,,,
5,Chr5_25259977.0,25259977,0.000326668,0,,,,
4,Chr4_13963065.0,13963065,0.0003273861,1,AT4G28090,AT4G28090,AT4G28090,0.0
3,Chr3_15507509.0,15507509,0.0003274021,0,,,,
4,Chr4_1273873.0,1273873,0.0003275393,0,,,,
4,Chr4_1320406.0,1320406,0.0003278987,1,AT4G02980,AT4G02980,AT4G02980,0.0
4,Chr4_1325241.0,1325241,0.0003278987,1,AT4G03000,AT4G03000,AT4G03000,0.0
4,Chr4_1328581.0,1328581,0.0003278987,0,,,,
3,Chr3_6551847.0,6551847,0.0003279572,1,AT3G18990,AT3G18990,AT3G18990,0.0
4,Chr4_13743487.0,13743487,0.0003280768,1,AT4G27500,AT4G27500,AT4G27500,0.0
3,Chr3_12433880.0,12433880,0.0003283022,0,,,,
2,Chr2_19028544.0,19028544,0.0003285061,1,AT2G46360,AT2G46360,AT2G46360,0.0
1,Chr1_1952744.0,1952744,0.0003285696,1,AT1G06400,AT1G06400,AT1G06400,0.0
2,Chr2_4828024.0,4828024,0.0003286308,0,,,,
1,Chr1_21676360.0,21676360,0.0003287435,0,,,,
5,Chr5_20254400.0,20254400,0.0003287755,1,AT5G49830,AT5G49830,AT5G49830,0.0
2,Chr2_11195841.0,11195841,0.0003288578,0,,,,
4,Chr4_8888781.0,8888781,0.0003290139,0,,,,
1,Chr1_19565419.0,19565419,0.0003296972,0,,,,
1,Chr1_19569946.0,19569946,0.0003296972,1,AT1G52530,AT1G52530,AT1G52530,0.0
1,Chr1_19570396.0,19570396,0.0003296972,1,AT1G52540,AT1G52540,AT1G52540,0.0
4,Chr4_4915355.0,4915355,0.0003299505,0,,,,
5,Chr5_8733949.0,8733949,0.000330729,0,,,,
2,Chr2_13923007.0,13923007,0.0003308309,1,AT2G32810,AT2G32810,AT2G32810,0.0
3,Chr3_15997774.0,15997774,0.0003308517,0,,,,
4,Chr4_17888747.0,17888747,0.0003308905,1,AT4G38120,AT4G38120,AT4G38120,0.0
3,Chr3_15574032.0,15574032,0.0003309334,0,,,,
2,Chr2_1767477.0,1767477,0.0003309474,0,,,,
2,Chr2_1773250.0,1773250,0.0003309474,0,,,,
4,Chr4_15606937.0,15606937,0.0003311419,0,,,,
3,Chr3_14809357.0,14809357,0.0003315353,0,,,,
4,Chr4_7934794.0,7934794,0.0003323975,1,AT4G13630,AT4G13630,AT4G13630,0.0
4,Chr4_7937367.0,7937367,0.0003323975,1,AT4G13640,AT4G13640,AT4G13640,0.0
5,Chr5_20965440.0,20965440,0.0003324517,0,,,,
5,Chr5_26505671.0,26505671,0.0003325887,1,AT5G66350,AT5G66350,AT5G66350,0.0
2,Chr2_4763975.0,4763975,0.0003326224,0,,,,
2,Chr2_4764671.0,4764671,0.0003326224,0,,,,
4,Chr4_6239752.0,6239752,0.0003327537,1,AT4G09960,AT4G09960,AT4G09960,0.0
4,Chr4_3115342.0,3115342,0.0003331936,0,,,,
1,Chr1_16645505.0,16645505,0.000333212,0,,,,
4,Chr4_11820708.0,11820708,0.0003333182,0,,,,
4,Chr4_11820959.0,11820959,0.0003333182,0,,,,
4,Chr4_11822558.0,11822558,0.0003333182,0,,,,
4,Chr4_11823509.0,11823509,0.0003333182,0,,,,
4,Chr4_11823825.0,11823825,0.0003333182,0,,,,
4,Chr4_11826508.0,11826508,0.0003333182,0,,,,
3,Chr3_15805794.0,15805794,0.0003333345,0,,,,
3,Chr3_4624211.0,4624211,0.0003333788,0,,,,
2,Chr2_5238351.0,5238351,0.0003334745,0,,,,
1,Chr1_18966578.0,18966578,0.0003336523,0,,,,
3,Chr3_3003838.0,3003838,0.0003342882,0,,,,
2,Chr2_11413011.0,11413011,0.0003351256,1,AT2G26780,AT2G26780,AT2G26780,0.0
2,Chr2_11433186.0,11433186,0.0003351256,0,,,,
4,Chr4_6207638.0,6207638,0.0003357156,0,,,,
1,Chr1_5639370.0,5639370,0.0003357399,1,AT1G16500,AT1G16500,AT1G16500,0.0
5,Chr5_11598324.0,11598324,0.0003362538,0,,,,
4,Chr4_8734838.0,8734838,0.0003362734,0,,,,
2,Chr2_5449397.0,5449397,0.000336278,0,,,,
1,Chr1_3308904.0,3308904,0.0003366311,0,,,,
1,Chr1_19829019.0,19829019,0.0003369607,0,,,,
3,Chr3_15951743.0,15951743,0.0003379812,0,,,,
1,Chr1_25537772.0,25537772,0.0003382704,0,,,,
3,Chr3_13230290.0,13230290,0.0003390767,0,,,,
4,Chr4_3122478.0,3122478,0.0003393911,0,,,,
2,Chr2_1891018.0,1891018,0.0003394598,1,AT2G05210,AT2G05210,AT2G05210,0.0
2,Chr2_1896662.0,1896662,0.0003394598,0,,,,
2,Chr2_1898722.0,1898722,0.0003394598,0,,,,
2,Chr2_1903730.0,1903730,0.0003394598,0,,,,
2,Chr2_1904100.0,1904100,0.0003394598,0,,,,
2,Chr2_1904656.0,1904656,0.0003394598,0,,,,
2,Chr2_1904657.0,1904657,0.0003394598,0,,,,
2,Chr2_1912285.0,1912285,0.0003394598,0,,,,
2,Chr2_1912392.0,1912392,0.0003394598,0,,,,
2,Chr2_1916763.0,1916763,0.0003394598,0,,,,
2,Chr2_1917683.0,1917683,0.0003394598,0,,,,
2,Chr2_1918502.0,1918502,0.0003394598,1,AT2G05260,AT2G05260,AT2G05260,0.0
5,Chr5_9749434.0,9749434,0.000339699,0,,,,
3,Chr3_11034459.0,11034459,0.0003400106,1,AT3G29035,AT3G29035,AT3G29035,0.0
3,Chr3_11034495.0,11034495,0.0003400106,1,AT3G29035,AT3G29035,AT3G29035,0.0
3,Chr3_12389761.0,12389761,0.0003402653,0,,,,
2,Chr2_5416001.0,5416001,0.0003403203,1,AT2G13125,AT2G13125,AT2G13125,0.0
2,Chr2_5416144.0,5416144,0.0003403203,1,AT2G13125,AT2G13125,AT2G13125,0.0
2,Chr2_5416180.0,5416180,0.0003403203,1,AT2G13125,AT2G13125,AT2G13125,0.0
2,Chr2_5416729.0,5416729,0.0003403203,1,AT2G13126,AT2G13126,AT2G13126,0.0
1,Chr1_28522216.0,28522216,0.0003403345,0,,,,
2,Chr2_17738391.0,17738391,0.0003407356,1,AT2G42600,AT2G42600,AT2G42600,0.0
4,Chr4_1306933.0,1306933,0.000340838,1,AT4G02940,AT4G02940,AT4G02940,0.0
1,Chr1_599536.0,599536,0.0003409888,1,AT1G02740,AT1G02740,AT1G02740,0.0
2,Chr2_5399393.0,5399393,0.0003412585,0,,,,
2,Chr2_5399997.0,5399997,0.0003412585,0,,,,
2,Chr2_5400860.0,5400860,0.0003412585,0,,,,
2,Chr2_5404845.0,5404845,0.0003412585,0,,,,
2,Chr2_5408939.0,5408939,0.0003412585,0,,,,
2,Chr2_5408977.0,5408977,0.0003412585,0,,,,
2,Chr2_5408978.0,5408978,0.0003412585,0,,,,
2,Chr2_5409022.0,5409022,0.0003412585,0,,,,
3,Chr3_15426695.0,15426695,0.0003418707,0,,,,
3,Chr3_15426797.0,15426797,0.0003418707,0,,,,
3,Chr3_15427110.0,15427110,0.0003418707,0,,,,
3,Chr3_15427304.0,15427304,0.0003418707,0,,,,
3,Chr3_15427417.0,15427417,0.0003418707,0,,,,
3,Chr3_15427627.0,15427627,0.0003418707,0,,,,
3,Chr3_15427703.0,15427703,0.0003418707,0,,,,
3,Chr3_15427708.0,15427708,0.0003418707,0,,,,
1,Chr1_3343306.0,3343306,0.0003419359,0,,,,
1,Chr1_10587047.0,10587047,0.0003421059,0,,,,
4,Chr4_10523390.0,10523390,0.0003421186,1,AT4G19230,AT4G19230,AT4G19230,0.0
3,Chr3_14319757.0,14319757,0.0003421416,0,,,,
3,Chr3_14320002.0,14320002,0.0003421416,0,,,,
1,Chr1_7026161.0,7026161,0.0003427206,1,AT1G20290,AT1G20290,AT1G20290,0.0
1,Chr1_7027042.0,7027042,0.0003427206,1,AT1G20290,AT1G20290,AT1G20290,0.0
1,Chr1_7027072.0,7027072,0.0003427206,1,AT1G20290,AT1G20290,AT1G20290,0.0
1,Chr1_3340739.0,3340739,0.0003429234,1,AT1G10180,AT1G10180,AT1G10180,0.0
1,Chr1_3340743.0,3340743,0.0003429234,1,AT1G10180,AT1G10180,AT1G10180,0.0
1,Chr1_3343743.0,3343743,0.0003429234,1,AT1G10190,AT1G10190,AT1G10190,0.0
1,Chr1_3343807.0,3343807,0.0003429234,1,AT1G10190,AT1G10190,AT1G10190,0.0
3,Chr3_15893759.0,15893759,0.0003429321,0,,,,
1,Chr1_12288314.0,12288314,0.0003432746,0,,,,
3,Chr3_15601317.0,15601317,0.0003433016,0,,,,
4,Chr4_371096.0,371096,0.000343367,0,,,,
4,Chr4_17362346.0,17362346,0.0003435115,0,,,,
4,Chr4_17362351.0,17362351,0.0003435115,0,,,,
4,Chr4_10303439.0,10303439,0.0003436,1,AT4G18740,AT4G18740,AT4G18740,0.0
4,Chr4_18499249.0,18499249,0.0003438478,0,,,,
2,Chr2_8333180.0,8333180,0.0003441343,0,,,,
3,Chr3_11904963.0,11904963,0.0003441439,0,,,,
3,Chr3_12447853.0,12447853,0.0003442336,1,AT3G30770,AT3G30770,AT3G30770,0.0
2,Chr2_8299302.0,8299302,0.0003442637,0,,,,
3,Chr3_18166373.0,18166373,0.0003444437,0,,,,
1,Chr1_16662110.0,16662110,0.000344584,0,,,,
2,Chr2_5804592.0,5804592,0.0003446398,0,,,,
2,Chr2_5804613.0,5804613,0.0003446398,0,,,,
3,Chr3_16380811.0,16380811,0.00034487,1,AT3G44860,AT3G44860,AT3G44860,0.0
4,Chr4_16022062.0,16022062,0.0003451163,0,,,,
2,Chr2_1118550.0,1118550,0.0003451257,1,AT2G03670,AT2G03670,AT2G03670,0.0
1,Chr1_19593776.0,19593776,0.000345246,0,,,,
2,Chr2_19068866.0,19068866,0.000345263,1,AT2G46450,AT2G46450,AT2G46450,0.0
1,Chr1_2675071.0,2675071,0.0003454507,0,,,,
3,Chr3_3032512.0,3032512,0.000345542,0,,,,
3,Chr3_15187345.0,15187345,0.0003458396,0,,,,
2,Chr2_6671861.0,6671861,0.0003459837,0,,,,
3,Chr3_3059567.0,3059567,0.0003459847,0,,,,
3,Chr3_13207838.0,13207838,0.0003459953,0,,,,
3,Chr3_13208172.0,13208172,0.0003459953,0,,,,
1,Chr1_16634133.0,16634133,0.0003460519,0,,,,
1,Chr1_16634807.0,16634807,0.0003460519,0,,,,
2,Chr2_7493007.0,7493007,0.0003461188,0,,,,
2,Chr2_19028665.0,19028665,0.0003466464,1,AT2G46360,AT2G46360,AT2G46360,0.0
1,Chr1_16634249.0,16634249,0.0003467253,0,,,,
1,Chr1_16634360.0,16634360,0.0003467253,0,,,,
1,Chr1_16585022.0,16585022,0.0003468267,0,,,,
3,Chr3_12159525.0,12159525,0.0003468558,0,,,,
4,Chr4_15917437.0,15917437,0.0003470863,1,AT4G32980,AT4G32980,AT4G32980,0.0
3,Chr3_15598531.0,15598531,0.0003472573,0,,,,
2,Chr2_19058010.0,19058010,0.0003475124,0,,,,
2,Chr2_19058022.0,19058022,0.0003475124,0,,,,
5,Chr5_10106170.0,10106170,0.0003478863,0,,,,
2,Chr2_5400289.0,5400289,0.0003481014,0,,,,
1,Chr1_7168831.0,7168831,0.000348214,0,,,,
4,Chr4_11845911.0,11845911,0.0003482164,1,AT4G22485,AT4G22485,AT4G22485,0.0
4,Chr4_11989179.0,11989179,0.0003484212,0,,,,
1,Chr1_11856387.0,11856387,0.0003486343,1,AT1G32750,AT1G32750,AT1G32750,0.0
4,Chr4_9121686.0,9121686,0.0003488538,1,AT4G16130,AT4G16130,AT4G16130,0.0
1,Chr1_29395555.0,29395555,0.0003491432,1,AT1G78120,AT1G78120,AT1G78120,0.0
1,Chr1_6866369.0,6866369,0.0003492561,0,,,,
3,Chr3_17419413.0,17419413,0.0003492899,0,,,,
3,Chr3_12431442.0,12431442,0.0003494683,0,,,,
4,Chr4_2253388.0,2253388,0.0003496966,0,,,,
4,Chr4_2255283.0,2255283,0.0003496966,0,,,,
4,Chr4_2265635.0,2265635,0.0003496966,0,,,,
2,Chr2_676497.0,676497,0.0003501627,0,,,,
3,Chr3_13135306.0,13135306,0.0003510865,0,,,,
2,Chr2_13915180.0,13915180,0.0003512065,0,,,,
3,Chr3_14738795.0,14738795,0.0003514196,0,,,,
4,Chr4_8428770.0,8428770,0.0003515296,1,AT4G14713,AT4G14713,AT4G14713,0.0
2,Chr2_10170466.0,10170466,0.0003519322,0,,,,
1,Chr1_13075702.0,13075702,0.0003523005,0,,,,
2,Chr2_672483.0,672483,0.0003523391,1,AT2G02500,AT2G02500,AT2G02500,0.0
2,Chr2_5052677.0,5052677,0.0003526492,0,,,,
4,Chr4_7035042.0,7035042,0.0003534027,0,,,,
4,Chr4_5957921.0,5957921,0.000353483,0,,,,
1,Chr1_2866118.0,2866118,0.0003535268,0,,,,
2,Chr2_138720.0,138720,0.0003535998,0,,,,
1,Chr1_240654.0,240654,0.0003536809,1,AT1G01660,AT1G01660,AT1G01660,0.0
1,Chr1_245558.0,245558,0.0003536809,1,AT1G01670,AT1G01670,AT1G01670,0.0
1,Chr1_10568914.0,10568914,0.0003538069,0,,,,
5,Chr5_21097010.0,21097010,0.0003541021,0,,,,
3,Chr3_14715274.0,14715274,0.0003541874,0,,,,
4,Chr4_1234322.0,1234322,0.0003544746,0,,,,
1,Chr1_3308308.0,3308308,0.0003544782,0,,,,
1,Chr1_28537310.0,28537310,0.0003549455,0,,,,
2,Chr2_16294513.0,16294513,0.0003550221,0,,,,
3,Chr3_15283546.0,15283546,0.0003551082,0,,,,
4,Chr4_1835105.0,1835105,0.0003558002,0,,,,
2,Chr2_6968923.0,6968923,0.0003559667,0,,,,
1,Chr1_9458340.0,9458340,0.0003560649,0,,,,
5,Chr5_15601482.0,15601482,0.0003561032,0,,,,
1,Chr1_12708758.0,12708758,0.0003563523,0,,,,
1,Chr1_23647396.0,23647396,0.0003564176,1,AT1G63740,AT1G63740,AT1G63740,0.0
1,Chr1_3876090.0,3876090,0.0003565068,1,AT1G11540,AT1G11540,AT1G11540,0.0
4,Chr4_4869078.0,4869078,0.000356758,0,,,,
2,Chr2_11154545.0,11154545,0.0003568285,1,AT2G26200,AT2G26200,AT2G26200,0.0
5,Chr5_20152886.0,20152886,0.0003568588,1,AT5G49650,AT5G49650,AT5G49650,0.0
5,Chr5_20156623.0,20156623,0.0003568588,0,,,,
5,Chr5_20157768.0,20157768,0.0003568588,0,,,,
5,Chr5_20171165.0,20171165,0.0003568588,0,,,,
4,Chr4_9143070.0,9143070,0.0003570303,1,AT4G16146,AT4G16146,AT4G16146,0.0
4,Chr4_15489864.0,15489864,0.0003570855,0,,,,
1,Chr1_3023716.0,3023716,0.0003572089,0,,,,
2,Chr2_11206852.0,11206852,0.0003572431,0,,,,
5,Chr5_26540744.0,26540744,0.0003575038,1,AT5G66460,AT5G66460,AT5G66460,0.0
2,Chr2_6954937.0,6954937,0.0003580662,0,,,,
3,Chr3_12035657.0,12035657,0.0003583257,0,,,,
4,Chr4_15015452.0,15015452,0.0003587041,1,AT4G30830,AT4G30830,AT4G30830,0.0
1,Chr1_17541957.0,17541957,0.0003592585,0,,,,
1,Chr1_17542053.0,17542053,0.0003592585,0,,,,
2,Chr2_316626.0,316626,0.0003596395,1,AT2G01710,AT2G01710,AT2G01710,0.0
4,Chr4_8387480.0,8387480,0.0003599056,0,,,,
5,Chr5_538685.0,538685,0.0003610282,0,,,,
3,Chr3_15344090.0,15344090,0.0003610772,0,,,,
3,Chr3_12077013.0,12077013,0.0003611566,0,,,,
2,Chr2_5117103.0,5117103,0.0003612372,1,AT2G12550,AT2G12550,AT2G12550,0.0
5,Chr5_25921226.0,25921226,0.0003613296,0,,,,
4,Chr4_6831137.0,6831137,0.0003613325,0,,,,
1,Chr1_1206435.0,1206435,0.0003613589,0,,,,
3,Chr3_15918599.0,15918599,0.0003621673,0,,,,
1,Chr1_4317530.0,4317530,0.0003623692,0,,,,
1,Chr1_11704757.0,11704757,0.0003623987,0,,,,
3,Chr3_10481001.0,10481001,0.0003638462,0,,,,
4,Chr4_1867105.0,1867105,0.0003639065,0,,,,
4,Chr4_1867325.0,1867325,0.0003639065,0,,,,
1,Chr1_21188818.0,21188818,0.0003639817,0,,,,
1,Chr1_21193452.0,21193452,0.0003639817,1,AT1G56560,AT1G56560,AT1G56560,0.0
1,Chr1_21195880.0,21195880,0.0003639817,1,AT1G56570,AT1G56570,AT1G56570,0.0
1,Chr1_21198276.0,21198276,0.0003639817,1,AT1G56580,AT1G56580,AT1G56580,0.0
1,Chr1_1855088.0,1855088,0.0003640506,0,,,,
1,Chr1_7169160.0,7169160,0.00036462,0,,,,
1,Chr1_7169179.0,7169179,0.00036462,0,,,,
1,Chr1_14605346.0,14605346,0.0003646285,0,,,,
1,Chr1_14605695.0,14605695,0.0003646285,0,,,,
1,Chr1_14606025.0,14606025,0.0003646285,0,,,,
4,Chr4_2862429.0,2862429,0.0003646338,0,,,,
4,Chr4_2863034.0,2863034,0.0003646338,0,,,,
4,Chr4_2863701.0,2863701,0.0003646338,0,,,,
4,Chr4_2493197.0,2493197,0.0003648419,1,AT4G04910,AT4G04910,AT4G04910,0.0
1,Chr1_4307551.0,4307551,0.000365464,1,AT1G12650,AT1G12650,AT1G12650,0.0
5,Chr5_344668.0,344668,0.0003660135,1,AT5G01890,AT5G01890,AT5G01890,0.0
2,Chr2_11053377.0,11053377,0.0003664662,0,,,,
3,Chr3_2661172.0,2661172,0.0003669045,0,,,,
1,Chr1_5040712.0,5040712,0.0003670775,0,,,,
2,Chr2_5409350.0,5409350,0.0003673536,0,,,,
1,Chr1_1197042.0,1197042,0.0003675621,0,,,,
1,Chr1_11172570.0,11172570,0.0003675817,0,,,,
5,Chr5_3835283.0,3835283,0.000368228,1,AT5G11900,AT5G11900,AT5G11900,0.0
1,Chr1_11311617.0,11311617,0.0003684868,1,AT1G31580,AT1G31580,AT1G31580,0.0
1,Chr1_4293171.0,4293171,0.0003686216,0,,,,
4,Chr4_2723800.0,2723800,0.0003689649,0,,,,
3,Chr3_6629981.0,6629981,0.0003692424,1,AT3G19170,AT3G19170,AT3G19170,0.0
4,Chr4_4117649.0,4117649,0.0003693506,0,,,,
4,Chr4_4117806.0,4117806,0.0003693506,0,,,,
4,Chr4_4118412.0,4118412,0.0003693506,0,,,,
4,Chr4_4118708.0,4118708,0.0003693506,0,,,,
4,Chr4_4118968.0,4118968,0.0003693506,0,,,,
4,Chr4_4119019.0,4119019,0.0003693506,0,,,,
4,Chr4_4119273.0,4119273,0.0003693506,0,,,,
4,Chr4_4119438.0,4119438,0.0003693506,0,,,,
1,Chr1_3644495.0,3644495,0.0003693872,1,AT1G10920,AT1G10920,AT1G10920,0.0
1,Chr1_13112206.0,13112206,0.0003696199,1,AT1G35545,AT1G35545,AT1G35545,0.0
1,Chr1_23494789.0,23494789,0.0003700318,0,,,,
1,Chr1_21604826.0,21604826,0.0003701332,0,,,,
1,Chr1_21604856.0,21604856,0.0003701332,0,,,,
1,Chr1_21604869.0,21604869,0.0003701332,0,,,,
1,Chr1_21604873.0,21604873,0.0003701332,0,,,,
1,Chr1_21604874.0,21604874,0.0003701332,0,,,,
5,Chr5_12580415.0,12580415,0.0003702492,0,,,,
1,Chr1_28981154.0,28981154,0.0003705218,1,AT1G77130,AT1G77130,AT1G77130,0.0
1,Chr1_28981298.0,28981298,0.0003705218,1,AT1G77130,AT1G77130,AT1G77130,0.0
2,Chr2_11207227.0,11207227,0.0003716822,0,,,,
2,Chr2_11207228.0,11207228,0.0003716822,0,,,,
4,Chr4_5723839.0,5723839,0.0003718236,0,,,,
3,Chr3_14125476.0,14125476,0.0003720553,0,,,,
3,Chr3_15937212.0,15937212,0.0003725484,0,,,,
4,Chr4_8154617.0,8154617,0.0003728477,1,AT4G14147,AT4G14147,AT4G14147,0.0
1,Chr1_21640587.0,21640587,0.0003730089,0,,,,
1,Chr1_28470273.0,28470273,0.0003730703,0,,,,
5,Chr5_7473099.0,7473099,0.0003739792,1,AT5G22500,AT5G22500,AT5G22500,0.0
1,Chr1_27160118.0,27160118,0.0003740666,0,,,,
3,Chr3_2102361.0,2102361,0.0003749319,0,,,,
3,Chr3_15918199.0,15918199,0.0003750249,0,,,,
4,Chr4_10089878.0,10089878,0.0003756542,1,AT4G18250,AT4G18250,AT4G18250,0.0
2,Chr2_5417047.0,5417047,0.000375738,0,,,,
5,Chr5_21096516.0,21096516,0.0003759798,0,,,,
3,Chr3_12067752.0,12067752,0.0003763189,0,,,,
3,Chr3_5221040.0,5221040,0.0003766399,0,,,,
1,Chr1_17713885.0,17713885,0.0003766484,0,,,,
1,Chr1_27434300.0,27434300,0.0003779743,0,,,,
4,Chr4_464756.0,464756,0.0003783483,0,,,,
1,Chr1_12435484.0,12435484,0.0003784704,0,,,,
5,Chr5_26538109.0,26538109,0.0003790693,0,,,,
5,Chr5_10676591.0,10676591,0.0003801211,1,AT5G28646,AT5G28646,AT5G28646,0.0
5,Chr5_10676645.0,10676645,0.0003801211,1,AT5G28646,AT5G28646,AT5G28646,0.0
1,Chr1_1613165.0,1613165,0.0003801815,0,,,,
1,Chr1_3323875.0,3323875,0.0003802321,0,,,,
1,Chr1_3323976.0,3323976,0.0003802321,0,,,,
1,Chr1_3324051.0,3324051,0.0003802321,0,,,,
1,Chr1_3324447.0,3324447,0.0003802321,0,,,,
1,Chr1_3324488.0,3324488,0.0003802321,0,,,,
1,Chr1_21604995.0,21604995,0.0003804913,0,,,,
1,Chr1_21604997.0,21604997,0.0003804913,0,,,,
1,Chr1_21605464.0,21605464,0.0003804913,0,,,,
1,Chr1_21605500.0,21605500,0.0003804913,0,,,,
1,Chr1_21605635.0,21605635,0.0003804913,0,,,,
1,Chr1_5638971.0,5638971,0.0003810807,0,,,,
5,Chr5_24288397.0,24288397,0.0003811087,0,,,,
2,Chr2_19057768.0,19057768,0.0003811351,0,,,,
2,Chr2_7537163.0,7537163,0.0003814464,0,,,,
1,Chr1_19520873.0,19520873,0.0003819741,1,AT1G52410,AT1G52410,AT1G52410,0.0
4,Chr4_8427518.0,8427518,0.00038211,1,AT4G14713,AT4G14713,AT4G14713,0.0
3,Chr3_15954481.0,15954481,0.0003822624,0,,,,
3,Chr3_15957067.0,15957067,0.0003822624,0,,,,
3,Chr3_15957231.0,15957231,0.0003822624,0,,,,
3,Chr3_15957427.0,15957427,0.0003822624,0,,,,
2,Chr2_19554307.0,19554307,0.0003822936,1,AT2G47700,AT2G47700,AT2G47700,0.0
2,Chr2_19555460.0,19555460,0.0003822936,1,AT2G47710,AT2G47710,AT2G47710,0.0
2,Chr2_19556126.0,19556126,0.0003822936,0,,,,
2,Chr2_19558245.0,19558245,0.0003822936,1,AT2G47730,AT2G47730,AT2G47730,0.0
2,Chr2_19560153.0,19560153,0.0003822936,1,AT2G47750,AT2G47750,AT2G47750,0.0
1,Chr1_2666705.0,2666705,0.0003822982,0,,,,
1,Chr1_16626981.0,16626981,0.0003824942,0,,,,
1,Chr1_16627008.0,16627008,0.0003824942,0,,,,
2,Chr2_11419920.0,11419920,0.0003825095,1,AT2G26780,AT2G26780,AT2G26780,0.0
2,Chr2_19093550.0,19093550,0.0003829011,0,,,,
2,Chr2_19093551.0,19093551,0.0003829011,0,,,,
1,Chr1_14089660.0,14089660,0.0003833687,0,,,,
4,Chr4_2585256.0,2585256,0.0003834482,0,,,,
5,Chr5_8435790.0,8435790,0.0003835435,1,AT5G24630,AT5G24630,AT5G24630,0.0
2,Chr2_676891.0,676891,0.0003838156,1,AT2G02520,AT2G02520,AT2G02520,0.0
1,Chr1_4282179.0,4282179,0.0003840154,0,,,,
5,Chr5_14889237.0,14889237,0.000384027,0,,,,
5,Chr5_14912857.0,14912857,0.000384027,1,AT5G37540,AT5G37540,AT5G37540,0.0
2,Chr2_11770461.0,11770461,0.0003841867,0,,,,
5,Chr5_1547971.0,1547971,0.0003842916,1,AT5G05210,AT5G05210,AT5G05210,0.0
3,Chr3_19782034.0,19782034,0.0003845783,1,AT3G53350,AT3G53350,AT3G53350,0.0
3,Chr3_8066440.0,8066440,0.0003848521,0,,,,
3,Chr3_15682188.0,15682188,0.0003849432,0,,,,
3,Chr3_15682856.0,15682856,0.0003849432,0,,,,
2,Chr2_19492440.0,19492440,0.0003858684,0,,,,
2,Chr2_19492450.0,19492450,0.0003858684,0,,,,
5,Chr5_10317221.0,10317221,0.0003859312,0,,,,
4,Chr4_6336439.0,6336439,0.0003862708,1,AT4G10160,AT4G10160,AT4G10160,0.0
1,Chr1_5640931.0,5640931,0.0003866026,0,,,,
1,Chr1_5641052.0,5641052,0.0003866026,0,,,,
4,Chr4_499759.0,499759,0.0003866732,1,AT4G01170,AT4G01170,AT4G01170,0.0
2,Chr2_5721744.0,5721744,0.0003870299,0,,,,
5,Chr5_2234188.0,2234188,0.0003872598,0,,,,
2,Chr2_670702.0,670702,0.0003874127,0,,,,
1,Chr1_2666537.0,2666537,0.0003877866,0,,,,
2,Chr2_19152545.0,19152545,0.0003878572,1,AT2G46650,AT2G46650,AT2G46650,0.0
2,Chr2_13401682.0,13401682,0.0003881195,1,AT2G31450,AT2G31450,AT2G31450,0.0
1,Chr1_4396283.0,4396283,0.0003884986,1,AT1G12910,AT1G12910,AT1G12910,0.0
4,Chr4_8854451.0,8854451,0.0003885457,1,AT4G15490,AT4G15490,AT4G15490,0.0
2,Chr2_14233192.0,14233192,0.0003885636,0,,,,
5,Chr5_9835395.0,9835395,0.0003886157,0,,,,
2,Chr2_1826619.0,1826619,0.0003888834,0,,,,
1,Chr1_10599510.0,10599510,0.0003889717,1,AT1G30140,AT1G30140,AT1G30140,0.0
1,Chr1_19580545.0,19580545,0.0003892587,1,AT1G52565,AT1G52565,AT1G52565,0.0
2,Chr2_5399347.0,5399347,0.0003893923,0,,,,
5,Chr5_10308056.0,10308056,0.0003894381,0,,,,
5,Chr5_20964166.0,20964166,0.0003899069,1,AT5G51600,AT5G51600,AT5G51600,0.0
1,Chr1_16624787.0,16624787,0.0003903934,0,,,,
1,Chr1_240721.0,240721,0.0003904743,1,AT1G01660,AT1G01660,AT1G01660,0.0
1,Chr1_29035188.0,29035188,0.0003909666,1,AT1G77280,AT1G77280,AT1G77280,0.0
1,Chr1_12705539.0,12705539,0.000390989,0,,,,
3,Chr3_11423382.0,11423382,0.0003910219,0,,,,
1,Chr1_11863990.0,11863990,0.0003911815,0,,,,
3,Chr3_14844114.0,14844114,0.0003918131,0,,,,
3,Chr3_10588978.0,10588978,0.0003919113,1,AT3G28340,AT3G28340,AT3G28340,0.0
1,Chr1_1205599.0,1205599,0.0003922775,1,AT1G04440,AT1G04440,AT1G04440,0.0
2,Chr2_11206228.0,11206228,0.0003923298,1,AT2G26320,AT2G26320,AT2G26320,0.0
4,Chr4_18326238.0,18326238,0.0003923499,1,AT4G39400,AT4G39400,AT4G39400,0.0
4,Chr4_3122594.0,3122594,0.0003924586,0,,,,
4,Chr4_3122633.0,3122633,0.0003924586,0,,,,
1,Chr1_29106505.0,29106505,0.0003924666,1,AT1G77460,AT1G77460,AT1G77460,0.0
4,Chr4_4594877.0,4594877,0.0003926773,0,,,,
5,Chr5_6867709.0,6867709,0.0003928857,1,AT5G20320,AT5G20320,AT5G20320,0.0
4,Chr4_6744888.0,6744888,0.0003929573,0,,,,
5,Chr5_12544844.0,12544844,0.0003930697,0,,,,
5,Chr5_9741723.0,9741723,0.0003930724,0,,,,
5,Chr5_12128179.0,12128179,0.0003930986,0,,,,
3,Chr3_15953354.0,15953354,0.0003933544,0,,,,
4,Chr4_3122146.0,3122146,0.0003936456,0,,,,
4,Chr4_11799738.0,11799738,0.0003941399,1,AT4G22330,AT4G22330,AT4G22330,0.0
2,Chr2_9296209.0,9296209,0.0003944144,1,AT2G21790,AT2G21790,AT2G21790,0.0
2,Chr2_9300105.0,9300105,0.0003944144,1,AT2G21800,AT2G21800,AT2G21800,0.0
2,Chr2_9301481.0,9301481,0.0003944144,1,AT2G21800,AT2G21800,AT2G21800,0.0
2,Chr2_9303228.0,9303228,0.0003944144,1,AT2G21820,AT2G21820,AT2G21820,0.0
2,Chr2_9303832.0,9303832,0.0003944144,1,AT2G21830,AT2G21830,AT2G21830,0.0
2,Chr2_9305449.0,9305449,0.0003944144,1,AT2G21830,AT2G21830,AT2G21830,0.0
4,Chr4_3919788.0,3919788,0.0003944188,0,,,,
4,Chr4_15261721.0,15261721,0.0003944428,0,,,,
3,Chr3_19851623.0,19851623,0.0003951097,0,,,,
5,Chr5_15036427.0,15036427,0.0003951659,1,AT5G37800,AT5G37800,AT5G37800,0.0
3,Chr3_18649416.0,18649416,0.0003953082,1,AT3G50310,AT3G50310,AT3G50310,0.0
2,Chr2_9318718.0,9318718,0.0003956515,1,AT2G21860,AT2G21860,AT2G21860,0.0
1,Chr1_3315599.0,3315599,0.0003957334,1,AT1G10130,AT1G10130,AT1G10130,0.0
1,Chr1_3315725.0,3315725,0.0003957334,1,AT1G10130,AT1G10130,AT1G10130,0.0
1,Chr1_3320707.0,3320707,0.0003957334,1,AT1G10130,AT1G10130,AT1G10130,0.0
1,Chr1_10161675.0,10161675,0.0003960866,0,,,,
1,Chr1_10162212.0,10162212,0.0003960866,0,,,,
5,Chr5_19504959.0,19504959,0.0003962441,0,,,,
5,Chr5_19505271.0,19505271,0.0003962441,0,,,,
5,Chr5_19505306.0,19505306,0.0003962441,0,,,,
5,Chr5_21847338.0,21847338,0.0003965513,0,,,,
5,Chr5_21849275.0,21849275,0.0003965513,1,AT5G53800,AT5G53800,AT5G53800,0.0
5,Chr5_21849878.0,21849878,0.0003965513,1,AT5G53800,AT5G53800,AT5G53800,0.0
5,Chr5_21855521.0,21855521,0.0003965513,0,,,,
5,Chr5_21855537.0,21855537,0.0003965513,0,,,,
5,Chr5_21858535.0,21858535,0.0003965513,0,,,,
5,Chr5_21864637.0,21864637,0.0003965513,1,AT5G53850,AT5G53850,AT5G53850,0.0
5,Chr5_21866712.0,21866712,0.0003965513,1,AT5G53860,AT5G53860,AT5G53860,0.0
3,Chr3_15698933.0,15698933,0.0003965753,0,,,,
3,Chr3_3059559.0,3059559,0.0003969447,0,,,,
2,Chr2_10129422.0,10129422,0.0003971316,0,,,,
2,Chr2_15061852.0,15061852,0.0003977837,1,AT2G35860,AT2G35860,AT2G35860,0.0
1,Chr1_21604552.0,21604552,0.0003982348,0,,,,
2,Chr2_472959.0,472959,0.0003983917,0,,,,
5,Chr5_9948432.0,9948432,0.0003984073,0,,,,
2,Chr2_2350220.0,2350220,0.0003990025,1,AT2G06025,AT2G06025,AT2G06025,0.0
5,Chr5_11921768.0,11921768,0.0003992836,0,,,,
3,Chr3_12659085.0,12659085,0.0003998144,0,,,,
3,Chr3_2430415.0,2430415,0.0003999233,1,AT3G07610,AT3G07610,AT3G07610,0.0
3,Chr3_2430907.0,2430907,0.0003999233,1,AT3G07610,AT3G07610,AT3G07610,0.0
4,Chr4_8306984.0,8306984,0.0004000382,1,AT4G14440,AT4G14440,AT4G14440,0.0
5,Chr5_26810016.0,26810016,0.0004003422,0,,,,
1,Chr1_4338791.0,4338791,0.0004005249,0,,,,
1,Chr1_20883174.0,20883174,0.0004006269,1,AT1G55860,AT1G55860,AT1G55860,0.0
1,Chr1_23684545.0,23684545,0.000401224,0,,,,
1,Chr1_23687637.0,23687637,0.000401224,0,,,,
2,Chr2_5651755.0,5651755,0.0004018673,1,AT2G13560,AT2G13560,AT2G13560,0.0
3,Chr3_14827844.0,14827844,0.0004020146,0,,,,
3,Chr3_6682224.0,6682224,0.0004020454,1,AT3G19280,AT3G19280,AT3G19280,0.0
3,Chr3_6683561.0,6683561,0.0004020454,1,AT3G19280,AT3G19280,AT3G19280,0.0
1,Chr1_18175174.0,18175174,0.0004021412,1,AT1G49130,AT1G49130,AT1G49130,0.0
1,Chr1_937124.0,937124,0.0004022922,0,,,,
1,Chr1_3323905.0,3323905,0.0004023227,0,,,,
3,Chr3_8208113.0,8208113,0.0004025027,1,AT3G23080,AT3G23080,AT3G23080,0.0
3,Chr3_16207767.0,16207767,0.0004028602,0,,,,
2,Chr2_4779128.0,4779128,0.0004029274,0,,,,
2,Chr2_4780549.0,4780549,0.0004029274,0,,,,
2,Chr2_4780685.0,4780685,0.0004029274,0,,,,
2,Chr2_4781808.0,4781808,0.0004029274,0,,,,
2,Chr2_13974135.0,13974135,0.0004032108,1,AT2G32940,AT2G32940,AT2G32940,0.0
2,Chr2_316603.0,316603,0.0004035827,1,AT2G01710,AT2G01710,AT2G01710,0.0
2,Chr2_316606.0,316606,0.0004035827,1,AT2G01710,AT2G01710,AT2G01710,0.0
2,Chr2_4504580.0,4504580,0.0004038396,0,,,,
2,Chr2_4506358.0,4506358,0.0004038396,0,,,,
3,Chr3_3156621.0,3156621,0.0004045153,1,AT3G10195,AT3G10195,AT3G10195,0.0
3,Chr3_3156623.0,3156623,0.0004045153,1,AT3G10195,AT3G10195,AT3G10195,0.0
3,Chr3_3156624.0,3156624,0.0004045153,1,AT3G10195,AT3G10195,AT3G10195,0.0
4,Chr4_8411378.0,8411378,0.0004047385,1,AT4G14670,AT4G14670,AT4G14670,0.0
4,Chr4_1236482.0,1236482,0.0004051648,0,,,,
2,Chr2_7175282.0,7175282,0.0004053304,0,,,,
1,Chr1_28931651.0,28931651,0.0004053699,0,,,,
2,Chr2_677564.0,677564,0.0004054598,1,AT2G02520,AT2G02520,AT2G02520,0.0
1,Chr1_4350521.0,4350521,0.0004056714,1,AT1G12760,AT1G12760,AT1G12760,0.0
2,Chr2_11765159.0,11765159,0.0004057852,0,,,,
2,Chr2_9885419.0,9885419,0.0004059681,1,AT2G23220,AT2G23220,AT2G23220,0.0
3,Chr3_18422548.0,18422548,0.0004060824,0,,,,
2,Chr2_13972392.0,13972392,0.0004063762,1,AT2G32940,AT2G32940,AT2G32940,0.0
2,Chr2_13972621.0,13972621,0.0004063762,1,AT2G32940,AT2G32940,AT2G32940,0.0
5,Chr5_9956399.0,9956399,0.0004064631,0,,,,
1,Chr1_3323858.0,3323858,0.0004068762,0,,,,
1,Chr1_3324140.0,3324140,0.0004068762,0,,,,
1,Chr1_3324184.0,3324184,0.0004068762,0,,,,
1,Chr1_3324260.0,3324260,0.0004068762,0,,,,
3,Chr3_4615796.0,4615796,0.0004068832,0,,,,
1,Chr1_17525473.0,17525473,0.0004082322,1,AT1G47655,AT1G47655,AT1G47655,0.0
4,Chr4_9948565.0,9948565,0.0004083867,0,,,,
4,Chr4_9953394.0,9953394,0.0004083867,1,AT4G17910,AT4G17910,AT4G17910,0.0
3,Chr3_4571394.0,4571394,0.0004084704,0,,,,
3,Chr3_4571409.0,4571409,0.0004084704,0,,,,
3,Chr3_4571460.0,4571460,0.0004084704,0,,,,
1,Chr1_7396660.0,7396660,0.0004084904,1,AT1G21120,AT1G21120,AT1G21120,0.0
4,Chr4_1301372.0,1301372,0.000409153,0,,,,
4,Chr4_17863130.0,17863130,0.0004093229,1,AT4G38030,AT4G38030,AT4G38030,0.0
4,Chr4_8060373.0,8060373,0.0004099437,0,,,,
4,Chr4_8060374.0,8060374,0.0004099437,0,,,,
3,Chr3_9160696.0,9160696,0.00041036,1,AT3G25160,AT3G25160,AT3G25160,0.0
2,Chr2_11408705.0,11408705,0.0004103667,0,,,,
5,Chr5_10066327.0,10066327,0.0004105565,0,,,,
5,Chr5_10066328.0,10066328,0.0004105565,0,,,,
1,Chr1_24167623.0,24167623,0.0004107607,1,AT1G65060,AT1G65060,AT1G65060,0.0
1,Chr1_24171204.0,24171204,0.0004107607,1,AT1G65060,AT1G65060,AT1G65060,0.0
3,Chr3_15954340.0,15954340,0.0004108006,0,,,,
2,Chr2_676489.0,676489,0.0004108264,0,,,,
4,Chr4_11988789.0,11988789,0.0004108931,1,AT4G22820,AT4G22820,AT4G22820,0.0
2,Chr2_5337859.0,5337859,0.0004112048,0,,,,
5,Chr5_20162635.0,20162635,0.0004119604,1,AT5G49660,AT5G49660,AT5G49660,0.0
5,Chr5_20166293.0,20166293,0.0004119604,0,,,,
5,Chr5_19489455.0,19489455,0.0004120248,1,AT5G48100,AT5G48100,AT5G48100,0.0
4,Chr4_15606938.0,15606938,0.0004120279,0,,,,
5,Chr5_25463211.0,25463211,0.000412071,0,,,,
4,Chr4_2843238.0,2843238,0.0004121136,0,,,,
4,Chr4_2895002.0,2895002,0.0004121136,0,,,,
4,Chr4_3409802.0,3409802,0.0004121136,0,,,,
4,Chr4_3878097.0,3878097,0.0004121136,0,,,,
5,Chr5_17415271.0,17415271,0.0004122552,0,,,,
3,Chr3_2420568.0,2420568,0.000412553,0,,,,
3,Chr3_2420570.0,2420570,0.000412553,0,,,,
3,Chr3_2420575.0,2420575,0.000412553,0,,,,
2,Chr2_1923646.0,1923646,0.0004129259,0,,,,
1,Chr1_12411390.0,12411390,0.000413942,0,,,,
4,Chr4_6215362.0,6215362,0.0004143281,0,,,,
3,Chr3_18657816.0,18657816,0.0004143548,1,AT3G50330,AT3G50330,AT3G50330,0.0
4,Chr4_8404459.0,8404459,0.0004147381,0,,,,
4,Chr4_8407925.0,8407925,0.0004147381,0,,,,
2,Chr2_2448444.0,2448444,0.0004152014,0,,,,
2,Chr2_5399090.0,5399090,0.0004152443,0,,,,
2,Chr2_5399247.0,5399247,0.0004152443,0,,,,
1,Chr1_6324103.0,6324103,0.0004153972,1,AT1G18370,AT1G18370,AT1G18370,0.0
1,Chr1_4013895.0,4013895,0.0004154844,1,AT1G11900,AT1G11900,AT1G11900,0.0
1,Chr1_333858.0,333858,0.0004155512,1,AT1G01960,AT1G01960,AT1G01960,0.0
4,Chr4_5958100.0,5958100,0.0004160496,0,,,,
4,Chr4_5959236.0,5959236,0.0004160496,0,,,,
4,Chr4_5960426.0,5960426,0.0004160496,0,,,,
4,Chr4_5961114.0,5961114,0.0004160496,0,,,,
4,Chr4_5961427.0,5961427,0.0004160496,0,,,,
3,Chr3_16207956.0,16207956,0.0004161503,0,,,,
3,Chr3_16208021.0,16208021,0.0004161503,0,,,,
5,Chr5_25133954.0,25133954,0.0004166661,1,AT5G62610,AT5G62610,AT5G62610,0.0
5,Chr5_21058759.0,21058759,0.000417017,1,AT5G51812,AT5G51812,AT5G51812,0.0
2,Chr2_5506032.0,5506032,0.0004170281,0,,,,
1,Chr1_4411215.0,4411215,0.0004179054,0,,,,
2,Chr2_5092125.0,5092125,0.0004180344,0,,,,
5,Chr5_3155922.0,3155922,0.0004183825,0,,,,
3,Chr3_14810951.0,14810951,0.0004185385,0,,,,
3,Chr3_14690432.0,14690432,0.0004186388,0,,,,
4,Chr4_7238957.0,7238957,0.000418789,0,,,,
3,Chr3_11039480.0,11039480,0.0004193655,0,,,,
3,Chr3_11039616.0,11039616,0.0004193655,1,AT3G29050,AT3G29050,AT3G29050,0.0
2,Chr2_13866426.0,13866426,0.0004193938,1,AT2G32698,AT2G32698,AT2G32698,0.0
1,Chr1_28887678.0,28887678,0.0004198718,1,AT1G76910,AT1G76910,AT1G76910,0.0
4,Chr4_8041202.0,8041202,0.0004198981,0,,,,
3,Chr3_3156082.0,3156082,0.0004200068,1,AT3G10190,AT3G10190,AT3G10190,0.0
4,Chr4_8131052.0,8131052,0.0004201642,0,,,,
5,Chr5_278806.0,278806,0.000420328,0,,,,
4,Chr4_11833913.0,11833913,0.0004213056,0,,,,
2,Chr2_5239400.0,5239400,0.000421817,0,,,,
2,Chr2_5298658.0,5298658,0.0004219524,0,,,,
2,Chr2_5299934.0,5299934,0.0004219524,0,,,,
2,Chr2_5300906.0,5300906,0.0004219524,0,,,,
2,Chr2_5301287.0,5301287,0.0004219524,0,,,,
2,Chr2_5301414.0,5301414,0.0004219524,0,,,,
2,Chr2_5303330.0,5303330,0.0004219524,0,,,,
2,Chr2_5322442.0,5322442,0.0004219524,0,,,,
2,Chr2_5324156.0,5324156,0.0004219524,0,,,,
2,Chr2_5324503.0,5324503,0.0004219524,0,,,,
2,Chr2_5327713.0,5327713,0.0004219524,0,,,,
2,Chr2_5328695.0,5328695,0.0004219524,0,,,,
2,Chr2_5329053.0,5329053,0.0004219524,0,,,,
2,Chr2_5329468.0,5329468,0.0004219524,0,,,,
1,Chr1_12621472.0,12621472,0.0004220155,0,,,,
1,Chr1_12621559.0,12621559,0.0004220155,0,,,,
4,Chr4_7212132.0,7212132,0.0004221668,1,AT4G12030,AT4G12030,AT4G12030,0.0
1,Chr1_18966266.0,18966266,0.0004224178,0,,,,
1,Chr1_18966317.0,18966317,0.0004224178,0,,,,
3,Chr3_16232143.0,16232143,0.0004225296,1,AT3G44690,AT3G44690,AT3G44690,0.0
1,Chr1_23677494.0,23677494,0.000422641,0,,,,
5,Chr5_17603326.0,17603326,0.0004227095,0,,,,
2,Chr2_5284847.0,5284847,0.0004228753,0,,,,
1,Chr1_29015543.0,29015543,0.0004233186,1,AT1G77220,AT1G77220,AT1G77220,0.0
1,Chr1_11861077.0,11861077,0.0004236115,0,,,,
2,Chr2_8292640.0,8292640,0.0004236924,0,,,,
1,Chr1_13787605.0,13787605,0.0004237704,0,,,,
2,Chr2_4507339.0,4507339,0.0004246697,0,,,,
1,Chr1_3323450.0,3323450,0.0004247824,1,AT1G10140,AT1G10140,AT1G10140,0.0
5,Chr5_184681.0,184681,0.0004248648,1,AT5G01450,AT5G01450,AT5G01450,0.0
1,Chr1_1713853.0,1713853,0.0004250642,0,,,,
3,Chr3_13249216.0,13249216,0.0004258359,0,,,,
3,Chr3_13249222.0,13249222,0.0004258359,0,,,,
3,Chr3_13249224.0,13249224,0.0004258359,0,,,,
4,Chr4_15687745.0,15687745,0.0004258423,1,AT4G32510,AT4G32510,AT4G32510,0.0
4,Chr4_15687768.0,15687768,0.0004258423,1,AT4G32510,AT4G32510,AT4G32510,0.0
1,Chr1_29501926.0,29501926,0.0004258568,0,,,,
1,Chr1_3766966.0,3766966,0.0004260315,1,AT1G11240,AT1G11240,AT1G11240,0.0
2,Chr2_676494.0,676494,0.0004264238,0,,,,
3,Chr3_8237895.0,8237895,0.0004265944,0,,,,
3,Chr3_8238021.0,8238021,0.0004265944,0,,,,
3,Chr3_19701642.0,19701642,0.0004275961,0,,,,
3,Chr3_14858961.0,14858961,0.000427607,0,,,,
2,Chr2_19552671.0,19552671,0.0004276788,1,AT2G47700,AT2G47700,AT2G47700,0.0
2,Chr2_19553022.0,19553022,0.0004276788,1,AT2G47700,AT2G47700,AT2G47700,0.0
3,Chr3_14743267.0,14743267,0.0004276878,0,,,,
5,Chr5_20964351.0,20964351,0.0004277794,1,AT5G51600,AT5G51600,AT5G51600,0.0
5,Chr5_25939350.0,25939350,0.0004278391,0,,,,
4,Chr4_7033664.0,7033664,0.0004289211,0,,,,
4,Chr4_11416198.0,11416198,0.0004291979,0,,,,
4,Chr4_11416200.0,11416200,0.0004291979,0,,,,
4,Chr4_11416206.0,11416206,0.0004291979,0,,,,
4,Chr4_11416390.0,11416390,0.0004291979,0,,,,
2,Chr2_13952007.0,13952007,0.0004292915,1,AT2G32885,AT2G32885,AT2G32885,0.0
2,Chr2_13952123.0,13952123,0.0004292915,1,AT2G32885,AT2G32885,AT2G32885,0.0
5,Chr5_23835884.0,23835884,0.000429405,0,,,,
3,Chr3_18633504.0,18633504,0.000429423,0,,,,
1,Chr1_1173418.0,1173418,0.0004295791,0,,,,
3,Chr3_22912730.0,22912730,0.0004298109,0,,,,
3,Chr3_22912739.0,22912739,0.0004298109,0,,,,
3,Chr3_22912877.0,22912877,0.0004298109,0,,,,
3,Chr3_22912906.0,22912906,0.0004298109,0,,,,
1,Chr1_29366507.0,29366507,0.0004299862,0,,,,
3,Chr3_15814741.0,15814741,0.0004301478,0,,,,
5,Chr5_8816417.0,8816417,0.0004302508,1,AT5G25380,AT5G25380,AT5G25380,0.0
5,Chr5_8821113.0,8821113,0.0004302508,1,AT5G25390,AT5G25390,AT5G25390,0.0
1,Chr1_28931108.0,28931108,0.0004304042,0,,,,
5,Chr5_3241582.0,3241582,0.0004305576,1,AT5G10310,AT5G10310,AT5G10310,0.0
5,Chr5_22668608.0,22668608,0.000430671,1,AT5G55970,AT5G55970,AT5G55970,0.0
5,Chr5_19498816.0,19498816,0.000430847,0,,,,
5,Chr5_9952059.0,9952059,0.0004309289,0,,,,
5,Chr5_9953347.0,9953347,0.0004309289,0,,,,
1,Chr1_3320051.0,3320051,0.0004311975,1,AT1G10130,AT1G10130,AT1G10130,0.0
2,Chr2_6955503.0,6955503,0.0004327944,0,,,,
5,Chr5_24527025.0,24527025,0.0004330451,1,AT5G60950,AT5G60950,AT5G60950,0.0
3,Chr3_15404996.0,15404996,0.0004334508,0,,,,
2,Chr2_16022866.0,16022866,0.0004339161,1,AT2G38255,AT2G38255,AT2G38255,0.0
1,Chr1_2242081.0,2242081,0.0004347256,0,,,,
3,Chr3_15814632.0,15814632,0.0004347451,0,,,,
2,Chr2_19148834.0,19148834,0.0004348349,1,AT2G46640,AT2G46640,AT2G46640,0.0
2,Chr2_19150245.0,19150245,0.0004348349,1,AT2G46640,AT2G46640,AT2G46640,0.0
4,Chr4_10409463.0,10409463,0.0004349363,1,AT4G19006,AT4G19006,AT4G19006,0.0
4,Chr4_10413548.0,10413548,0.0004349363,1,AT4G19010,AT4G19010,AT4G19010,0.0
4,Chr4_10420717.0,10420717,0.0004349363,1,AT4G19020,AT4G19020,AT4G19020,0.0
4,Chr4_10421393.0,10421393,0.0004349363,0,,,,
5,Chr5_6418912.0,6418912,0.0004350746,1,AT5G19130,AT5G19130,AT5G19130,0.0
5,Chr5_6418988.0,6418988,0.0004350746,1,AT5G19130,AT5G19130,AT5G19130,0.0
5,Chr5_6419007.0,6419007,0.0004350746,1,AT5G19130,AT5G19130,AT5G19130,0.0
5,Chr5_6419021.0,6419021,0.0004350746,1,AT5G19130,AT5G19130,AT5G19130,0.0
4,Chr4_735041.0,735041,0.000435903,0,,,,
5,Chr5_10791472.0,10791472,0.0004367367,0,,,,
4,Chr4_6800240.0,6800240,0.0004370602,1,AT4G11150,AT4G11150,AT4G11150,0.0
4,Chr4_6803203.0,6803203,0.0004370602,0,,,,
4,Chr4_6803409.0,6803409,0.0004370602,0,,,,
4,Chr4_6803542.0,6803542,0.0004370602,0,,,,
4,Chr4_6804034.0,6804034,0.0004370602,1,AT4G11160,AT4G11160,AT4G11160,0.0
4,Chr4_6811448.0,6811448,0.0004370602,1,AT4G11170,AT4G11170,AT4G11170,0.0
4,Chr4_6814521.0,6814521,0.0004370602,1,AT4G11170,AT4G11170,AT4G11170,0.0
1,Chr1_1082309.0,1082309,0.0004372059,1,AT1G04150,AT1G04150,AT1G04150,0.0
3,Chr3_6618350.0,6618350,0.0004373102,0,,,,
3,Chr3_15871971.0,15871971,0.0004375534,0,,,,
3,Chr3_2718285.0,2718285,0.0004375969,1,AT3G08940,AT3G08940,AT3G08940,0.0
4,Chr4_4282571.0,4282571,0.0004376261,0,,,,
1,Chr1_13457739.0,13457739,0.0004377448,0,,,,
1,Chr1_5298478.0,5298478,0.0004377643,1,AT1G15410,AT1G15410,AT1G15410,0.0
4,Chr4_8412081.0,8412081,0.0004377839,1,AT4G14670,AT4G14670,AT4G14670,0.0
3,Chr3_17420281.0,17420281,0.0004381335,0,,,,
3,Chr3_11396504.0,11396504,0.0004381469,0,,,,
1,Chr1_11169408.0,11169408,0.0004381769,0,,,,
1,Chr1_11169409.0,11169409,0.0004381769,0,,,,
1,Chr1_4142866.0,4142866,0.0004382085,1,AT1G12210,AT1G12210,AT1G12210,0.0
4,Chr4_3117795.0,3117795,0.0004382763,0,,,,
4,Chr4_15080954.0,15080954,0.0004384869,1,AT4G30980,AT4G30980,AT4G30980,0.0
5,Chr5_10163931.0,10163931,0.0004385128,1,AT5G28180,AT5G28180,AT5G28180,0.0
1,Chr1_462942.0,462942,0.0004386457,1,AT1G02330,AT1G02330,AT1G02330,0.0
3,Chr3_14845600.0,14845600,0.0004388831,0,,,,
2,Chr2_15613602.0,15613602,0.0004391137,1,AT2G37170,AT2G37170,AT2G37170,0.0
4,Chr4_7988607.0,7988607,0.0004392698,1,AT4G13760,AT4G13760,AT4G13760,0.0
5,Chr5_10723903.0,10723903,0.0004392991,1,AT5G28690,AT5G28690,AT5G28690,0.0
4,Chr4_3115611.0,3115611,0.00043946,0,,,,
2,Chr2_13824071.0,13824071,0.000439785,0,,,,
5,Chr5_16624323.0,16624323,0.0004404089,1,AT5G41570,AT5G41570,AT5G41570,0.0
5,Chr5_10163910.0,10163910,0.000440429,1,AT5G28180,AT5G28180,AT5G28180,0.0
2,Chr2_5395190.0,5395190,0.0004405948,0,,,,
2,Chr2_5395197.0,5395197,0.0004405948,0,,,,
2,Chr2_5395256.0,5395256,0.0004405948,0,,,,
3,Chr3_15422878.0,15422878,0.0004407245,0,,,,
1,Chr1_12410332.0,12410332,0.0004408134,0,,,,
4,Chr4_7437854.0,7437854,0.0004408496,0,,,,
1,Chr1_3172667.0,3172667,0.0004409813,1,AT1G09794,AT1G09794,AT1G09794,0.0
4,Chr4_17864579.0,17864579,0.0004410067,1,AT4G38030,AT4G38030,AT4G38030,0.0
5,Chr5_16078674.0,16078674,0.0004412283,1,AT5G40220,AT5G40220,AT5G40220,0.0
5,Chr5_16078714.0,16078714,0.0004412283,1,AT5G40220,AT5G40220,AT5G40220,0.0
2,Chr2_726843.0,726843,0.0004415925,0,,,,
5,Chr5_22903522.0,22903522,0.0004420889,1,AT5G56570,AT5G56570,AT5G56570,0.0
5,Chr5_22903628.0,22903628,0.0004420889,1,AT5G56570,AT5G56570,AT5G56570,0.0
5,Chr5_10432171.0,10432171,0.0004421552,1,AT5G28470,AT5G28470,AT5G28470,0.0
1,Chr1_21212727.0,21212727,0.0004424068,1,AT1G56610,AT1G56610,AT1G56610,0.0
2,Chr2_1797586.0,1797586,0.0004428411,0,,,,
2,Chr2_1848845.0,1848845,0.0004428581,0,,,,
5,Chr5_176219.0,176219,0.0004430451,0,,,,
4,Chr4_15010450.0,15010450,0.0004431888,1,AT4G30825,AT4G30825,AT4G30825,0.0
4,Chr4_15010721.0,15010721,0.0004431888,1,AT4G30825,AT4G30825,AT4G30825,0.0
3,Chr3_15703679.0,15703679,0.0004434188,1,AT3G43850,AT3G43850,AT3G43850,0.0
2,Chr2_7492924.0,7492924,0.0004439337,0,,,,
4,Chr4_8392146.0,8392146,0.000444412,0,,,,
2,Chr2_6009994.0,6009994,0.000444472,0,,,,
2,Chr2_5281383.0,5281383,0.0004444892,0,,,,
1,Chr1_18966560.0,18966560,0.0004450896,0,,,,
1,Chr1_8267408.0,8267408,0.0004452129,0,,,,
5,Chr5_24974769.0,24974769,0.0004454459,1,AT5G62170,AT5G62170,AT5G62170,0.0
5,Chr5_2771863.0,2771863,0.0004456804,1,AT5G08560,AT5G08560,AT5G08560,0.0
2,Chr2_5300179.0,5300179,0.0004462831,0,,,,
3,Chr3_2647212.0,2647212,0.0004463849,0,,,,
1,Chr1_23729786.0,23729786,0.000446484,0,,,,
3,Chr3_5536680.0,5536680,0.0004465478,0,,,,
4,Chr4_16975054.0,16975054,0.0004466108,1,AT4G35830,AT4G35830,AT4G35830,0.0
4,Chr4_16975064.0,16975064,0.0004466108,1,AT4G35830,AT4G35830,AT4G35830,0.0
3,Chr3_10461054.0,10461054,0.0004470562,0,,,,
1,Chr1_17377214.0,17377214,0.0004472548,0,,,,
2,Chr2_86107.0,86107,0.0004473722,1,AT2G01120,AT2G01120,AT2G01120,0.0
4,Chr4_15947229.0,15947229,0.0004481322,0,,,,
5,Chr5_9750646.0,9750646,0.0004482187,0,,,,
2,Chr2_1912803.0,1912803,0.000448497,0,,,,
4,Chr4_5103285.0,5103285,0.0004485298,0,,,,
2,Chr2_1829887.0,1829887,0.00044878,0,,,,
3,Chr3_15931521.0,15931521,0.0004491055,0,,,,
1,Chr1_3240250.0,3240250,0.0004491138,0,,,,
1,Chr1_29561923.0,29561923,0.0004491999,0,,,,
2,Chr2_858480.0,858480,0.0004495038,0,,,,
2,Chr2_5289000.0,5289000,0.0004497601,0,,,,
2,Chr2_5290218.0,5290218,0.0004497601,1,AT2G12875,AT2G12875,AT2G12875,0.0
3,Chr3_15345143.0,15345143,0.0004498024,0,,,,
1,Chr1_8264079.0,8264079,0.0004500361,1,AT1G23300,AT1G23300,AT1G23300,0.0
1,Chr1_8264528.0,8264528,0.0004500361,1,AT1G23300,AT1G23300,AT1G23300,0.0
1,Chr1_8265302.0,8265302,0.0004500361,1,AT1G23300,AT1G23300,AT1G23300,0.0
5,Chr5_14899736.0,14899736,0.0004506249,1,AT5G37510,AT5G37510,AT5G37510,0.0
5,Chr5_14906883.0,14906883,0.0004506249,1,AT5G37530,AT5G37530,AT5G37530,0.0
1,Chr1_3546969.0,3546969,0.0004509098,0,,,,
1,Chr1_1745455.0,1745455,0.0004511689,1,AT1G05805,AT1G05805,AT1G05805,0.0
1,Chr1_1745459.0,1745459,0.0004511689,1,AT1G05805,AT1G05805,AT1G05805,0.0
1,Chr1_3324716.0,3324716,0.0004514908,0,,,,
2,Chr2_6016807.0,6016807,0.0004519272,1,AT2G14206,AT2G14206,AT2G14206,0.0
3,Chr3_15425743.0,15425743,0.0004519481,0,,,,
2,Chr2_10211334.0,10211334,0.0004519527,1,AT2G24000,AT2G24000,AT2G24000,0.0
3,Chr3_12682281.0,12682281,0.0004522289,0,,,,
4,Chr4_781259.0,781259,0.0004527721,1,AT4G01820,AT4G01820,AT4G01820,0.0
5,Chr5_560727.0,560727,0.0004528972,1,AT5G02510,AT5G02510,AT5G02510,0.0
5,Chr5_561444.0,561444,0.0004528972,1,AT5G02520,AT5G02520,AT5G02520,0.0
5,Chr5_562260.0,562260,0.0004528972,1,AT5G02520,AT5G02520,AT5G02520,0.0
5,Chr5_562647.0,562647,0.0004528972,1,AT5G02520,AT5G02520,AT5G02520,0.0
5,Chr5_563390.0,563390,0.0004528972,1,AT5G02520,AT5G02520,AT5G02520,0.0
5,Chr5_563862.0,563862,0.0004528972,1,AT5G02520,AT5G02520,AT5G02520,0.0
5,Chr5_565209.0,565209,0.0004528972,1,AT5G02530,AT5G02530,AT5G02530,0.0
1,Chr1_3343640.0,3343640,0.0004529119,0,,,,
3,Chr3_5258488.0,5258488,0.0004529686,0,,,,
5,Chr5_10816608.0,10816608,0.0004530568,0,,,,
3,Chr3_15941619.0,15941619,0.0004531115,0,,,,
1,Chr1_13111204.0,13111204,0.0004534456,2,AT1G35540;AT1G35545,AT1G35540,AT1G35540,0.0
5,Chr5_4688001.0,4688001,0.000453793,1,AT5G14540,AT5G14540,AT5G14540,0.0
3,Chr3_18530495.0,18530495,0.0004540133,1,AT3G49980,AT3G49980,AT3G49980,0.0
4,Chr4_7377528.0,7377528,0.0004540865,1,AT4G12440,AT4G12440,AT4G12440,0.0
3,Chr3_3239109.0,3239109,0.0004548266,0,,,,
3,Chr3_15706500.0,15706500,0.0004553577,0,,,,
4,Chr4_4509469.0,4509469,0.0004554458,0,,,,
4,Chr4_12618273.0,12618273,0.0004565256,1,AT4G24400,AT4G24400,AT4G24400,0.0
2,Chr2_5448001.0,5448001,0.0004565494,0,,,,
2,Chr2_5448774.0,5448774,0.0004565494,0,,,,
2,Chr2_5461790.0,5461790,0.0004565494,0,,,,
5,Chr5_26453206.0,26453206,0.0004567764,0,,,,
5,Chr5_16625440.0,16625440,0.0004570553,1,AT5G41570,AT5G41570,AT5G41570,0.0
4,Chr4_9147045.0,9147045,0.000457163,0,,,,
4,Chr4_15438052.0,15438052,0.0004573244,1,AT4G31900,AT4G31900,AT4G31900,0.0
4,Chr4_15444932.0,15444932,0.0004573244,1,AT4G31920,AT4G31920,AT4G31920,0.0
4,Chr4_5952340.0,5952340,0.0004574536,0,,,,
4,Chr4_5953225.0,5953225,0.0004574536,0,,,,
4,Chr4_5957606.0,5957606,0.0004574536,0,,,,
4,Chr4_5961336.0,5961336,0.0004574536,0,,,,
4,Chr4_5961420.0,5961420,0.0004574536,0,,,,
1,Chr1_10158951.0,10158951,0.0004579414,0,,,,
4,Chr4_18481189.0,18481189,0.000458561,1,AT4G39830,AT4G39830,AT4G39830,0.0
4,Chr4_17619097.0,17619097,0.0004586127,0,,,,
4,Chr4_17619719.0,17619719,0.0004586127,1,AT4G37480,AT4G37480,AT4G37480,0.0
4,Chr4_17620424.0,17620424,0.0004586127,1,AT4G37480,AT4G37480,AT4G37480,0.0
4,Chr4_17627885.0,17627885,0.0004586127,1,AT4G37510,AT4G37510,AT4G37510,0.0
4,Chr4_17629923.0,17629923,0.0004586127,0,,,,
4,Chr4_2481355.0,2481355,0.0004586189,1,AT4G04890,AT4G04890,AT4G04890,0.0
4,Chr4_823443.0,823443,0.0004589577,1,AT4G01900,AT4G01900,AT4G01900,0.0
4,Chr4_835109.0,835109,0.0004589577,0,,,,
3,Chr3_20354015.0,20354015,0.0004595714,0,,,,
3,Chr3_20355035.0,20355035,0.0004595714,1,AT3G54940,AT3G54940,AT3G54940,0.0
4,Chr4_18393142.0,18393142,0.0004598197,0,,,,
2,Chr2_11433424.0,11433424,0.0004598206,0,,,,
1,Chr1_12408785.0,12408785,0.0004599653,0,,,,
1,Chr1_12408953.0,12408953,0.0004599653,0,,,,
1,Chr1_12409733.0,12409733,0.0004599653,0,,,,
1,Chr1_7766148.0,7766148,0.0004599658,0,,,,
1,Chr1_3309443.0,3309443,0.0004601125,0,,,,
1,Chr1_3309509.0,3309509,0.0004601125,0,,,,
1,Chr1_3309516.0,3309516,0.0004601125,0,,,,
1,Chr1_3309554.0,3309554,0.0004601125,0,,,,
1,Chr1_3309674.0,3309674,0.0004601125,0,,,,
1,Chr1_3309797.0,3309797,0.0004601125,0,,,,
1,Chr1_1676629.0,1676629,0.0004602212,0,,,,
3,Chr3_12634936.0,12634936,0.0004602412,0,,,,
2,Chr2_6958797.0,6958797,0.0004603583,0,,,,
2,Chr2_4716190.0,4716190,0.0004606142,0,,,,
3,Chr3_13230208.0,13230208,0.0004606819,0,,,,
5,Chr5_21052588.0,21052588,0.0004609045,0,,,,
3,Chr3_15344414.0,15344414,0.0004615313,0,,,,
1,Chr1_1142780.0,1142780,0.0004615362,1,AT1G04270,AT1G04270,AT1G04270,0.0
1,Chr1_29156085.0,29156085,0.0004616568,1,AT1G77600,AT1G77600,AT1G77600,0.0
2,Chr2_675924.0,675924,0.000461699,0,,,,
3,Chr3_22937371.0,22937371,0.0004617771,1,AT3G61940,AT3G61940,AT3G61940,0.0
1,Chr1_178136.0,178136,0.0004618314,1,AT1G01480,AT1G01480,AT1G01480,0.0
2,Chr2_19550879.0,19550879,0.0004633479,1,AT2G47680,AT2G47680,AT2G47680,0.0
5,Chr5_8364799.0,8364799,0.0004634759,1,AT5G24480,AT5G24480,AT5G24480,0.0
1,Chr1_12412206.0,12412206,0.0004642653,1,AT1G34095,AT1G34095,AT1G34095,0.0
1,Chr1_12412318.0,12412318,0.0004642653,1,AT1G34095,AT1G34095,AT1G34095,0.0
1,Chr1_12412702.0,12412702,0.0004642653,0,,,,
5,Chr5_331465.0,331465,0.0004642693,0,,,,
5,Chr5_7776753.0,7776753,0.0004645481,0,,,,
1,Chr1_2966607.0,2966607,0.0004650958,1,AT1G09190,AT1G09190,AT1G09190,0.0
3,Chr3_15955723.0,15955723,0.0004652474,0,,,,
3,Chr3_15955733.0,15955733,0.0004652474,0,,,,
3,Chr3_15955903.0,15955903,0.0004652474,0,,,,
1,Chr1_16268291.0,16268291,0.0004654611,1,AT1G43170,AT1G43170,AT1G43170,0.0
3,Chr3_21343657.0,21343657,0.0004654987,1,AT3G57630,AT3G57630,AT3G57630,0.0
2,Chr2_5173623.0,5173623,0.000466948,0,,,,
1,Chr1_17707252.0,17707252,0.0004672221,0,,,,
1,Chr1_17707823.0,17707823,0.0004672221,0,,,,
1,Chr1_17708171.0,17708171,0.0004672221,0,,,,
1,Chr1_17709241.0,17709241,0.0004672221,0,,,,
1,Chr1_17709628.0,17709628,0.0004672221,0,,,,
1,Chr1_17715120.0,17715120,0.0004672221,0,,,,
1,Chr1_14583653.0,14583653,0.0004674281,0,,,,
3,Chr3_15795459.0,15795459,0.0004675884,0,,,,
4,Chr4_11868672.0,11868672,0.0004681022,0,,,,
5,Chr5_13858630.0,13858630,0.0004681645,1,AT5G35680,AT5G35680,AT5G35680,0.0
1,Chr1_3324438.0,3324438,0.0004681942,0,,,,
3,Chr3_2100450.0,2100450,0.0004683241,1,AT3G36659,AT3G36659,AT3G36659,0.0
3,Chr3_2100466.0,2100466,0.0004683241,1,AT3G36659,AT3G36659,AT3G36659,0.0
2,Chr2_5348111.0,5348111,0.00046882,0,,,,
5,Chr5_23005156.0,23005156,0.0004688646,1,AT5G56870,AT5G56870,AT5G56870,0.0
1,Chr1_2303235.0,2303235,0.0004688694,0,,,,
4,Chr4_1300791.0,1300791,0.000468969,0,,,,
5,Chr5_11592293.0,11592293,0.0004691692,0,,,,
5,Chr5_9743439.0,9743439,0.0004694332,1,AT5G27600,AT5G27600,AT5G27600,0.0
5,Chr5_10163865.0,10163865,0.0004694353,1,AT5G28180,AT5G28180,AT5G28180,0.0
4,Chr4_11803413.0,11803413,0.0004697983,1,AT4G22340,AT4G22340,AT4G22340,0.0
4,Chr4_11803654.0,11803654,0.0004697983,0,,,,
4,Chr4_11803656.0,11803656,0.0004697983,0,,,,
4,Chr4_11803661.0,11803661,0.0004697983,0,,,,
4,Chr4_11803662.0,11803662,0.0004697983,0,,,,
4,Chr4_11803668.0,11803668,0.0004697983,0,,,,
4,Chr4_11807433.0,11807433,0.0004697983,0,,,,
4,Chr4_11807611.0,11807611,0.0004697983,0,,,,
4,Chr4_11807650.0,11807650,0.0004697983,0,,,,
3,Chr3_15938536.0,15938536,0.0004703287,0,,,,
4,Chr4_15687750.0,15687750,0.0004709801,1,AT4G32510,AT4G32510,AT4G32510,0.0
2,Chr2_7479622.0,7479622,0.0004712264,1,AT2G17190,AT2G17190,AT2G17190,0.0
5,Chr5_24311315.0,24311315,0.0004721194,1,AT5G60450,AT5G60450,AT5G60450,0.0
1,Chr1_18176861.0,18176861,0.0004722781,1,AT1G49140,AT1G49140,AT1G49140,0.0
3,Chr3_2980073.0,2980073,0.0004726652,0,,,,
2,Chr2_2003974.0,2003974,0.0004732935,0,,,,
4,Chr4_5933422.0,5933422,0.0004733283,0,,,,
1,Chr1_27973842.0,27973842,0.0004735448,0,,,,
5,Chr5_313447.0,313447,0.0004738795,1,AT5G01820,AT5G01820,AT5G01820,0.0
3,Chr3_10438846.0,10438846,0.0004740697,0,,,,
3,Chr3_10453812.0,10453812,0.0004740697,1,AT3G28080,AT3G28080,AT3G28080,0.0
3,Chr3_14779618.0,14779618,0.0004745663,0,,,,
3,Chr3_15600443.0,15600443,0.0004752453,0,,,,
4,Chr4_5409011.0,5409011,0.0004758331,0,,,,
4,Chr4_10197181.0,10197181,0.0004762532,1,AT4G18465,AT4G18465,AT4G18465,0.0
4,Chr4_10197182.0,10197182,0.0004762532,1,AT4G18465,AT4G18465,AT4G18465,0.0
4,Chr4_10197183.0,10197183,0.0004762532,1,AT4G18465,AT4G18465,AT4G18465,0.0
1,Chr1_16620583.0,16620583,0.0004764119,1,AT1G43850,AT1G43850,AT1G43850,0.0
3,Chr3_15777615.0,15777615,0.0004766742,1,AT3G43970,AT3G43970,AT3G43970,0.0
3,Chr3_15689902.0,15689902,0.0004767204,0,,,,
3,Chr3_14795682.0,14795682,0.0004768826,0,,,,
3,Chr3_14878609.0,14878609,0.0004768826,1,AT3G42790,AT3G42790,AT3G42790,0.0
3,Chr3_15347132.0,15347132,0.0004769991,0,,,,
4,Chr4_17622994.0,17622994,0.0004773722,1,AT4G37490,AT4G37490,AT4G37490,0.0
4,Chr4_17625567.0,17625567,0.0004773722,1,AT4G37500,AT4G37500,AT4G37500,0.0
4,Chr4_17629461.0,17629461,0.0004773722,0,,,,
4,Chr4_17630966.0,17630966,0.0004773722,0,,,,
4,Chr4_6232501.0,6232501,0.0004775575,1,AT4G09940,AT4G09940,AT4G09940,0.0
5,Chr5_21096088.0,21096088,0.0004779331,0,,,,
5,Chr5_21096399.0,21096399,0.0004779331,0,,,,
5,Chr5_22558357.0,22558357,0.0004781364,1,AT5G55730,AT5G55730,AT5G55730,0.0
4,Chr4_9529382.0,9529382,0.0004787415,0,,,,
1,Chr1_14322474.0,14322474,0.0004791199,0,,,,
2,Chr2_13902617.0,13902617,0.0004792103,0,,,,
1,Chr1_599235.0,599235,0.000479312,0,,,,
3,Chr3_16533011.0,16533011,0.0004795554,0,,,,
2,Chr2_1912504.0,1912504,0.0004807488,0,,,,
3,Chr3_19763588.0,19763588,0.0004807981,0,,,,
1,Chr1_12665185.0,12665185,0.0004808312,0,,,,
1,Chr1_12665440.0,12665440,0.0004808312,0,,,,
1,Chr1_12665442.0,12665442,0.0004808312,0,,,,
1,Chr1_12665470.0,12665470,0.0004808312,0,,,,
1,Chr1_12665515.0,12665515,0.0004808312,0,,,,
1,Chr1_12665527.0,12665527,0.0004808312,0,,,,
1,Chr1_12665574.0,12665574,0.0004808312,0,,,,
1,Chr1_12665640.0,12665640,0.0004808312,0,,,,
5,Chr5_2081668.0,2081668,0.0004810104,1,AT5G06730,AT5G06730,AT5G06730,0.0
2,Chr2_5450688.0,5450688,0.0004812059,0,,,,
2,Chr2_5460853.0,5460853,0.0004812059,0,,,,
2,Chr2_5463810.0,5463810,0.0004812059,0,,,,
2,Chr2_12523901.0,12523901,0.0004813152,1,AT2G29125,AT2G29125,AT2G29125,0.0
4,Chr4_12034290.0,12034290,0.0004813907,1,AT4G22970,AT4G22970,AT4G22970,0.0
5,Chr5_10164933.0,10164933,0.0004815501,0,,,,
3,Chr3_4284178.0,4284178,0.0004816895,0,,,,
3,Chr3_3170900.0,3170900,0.0004820929,1,AT3G10250,AT3G10250,AT3G10250,0.0
5,Chr5_13605689.0,13605689,0.0004823027,0,,,,
3,Chr3_5222931.0,5222931,0.0004823963,0,,,,
4,Chr4_9959232.0,9959232,0.0004826949,0,,,,
4,Chr4_9961566.0,9961566,0.0004826949,0,,,,
2,Chr2_9917591.0,9917591,0.0004829448,1,AT2G23310,AT2G23310,AT2G23310,0.0
4,Chr4_2047555.0,2047555,0.0004830185,0,,,,
1,Chr1_3875866.0,3875866,0.0004830971,1,AT1G11540,AT1G11540,AT1G11540,0.0
1,Chr1_3875874.0,3875874,0.0004830971,1,AT1G11540,AT1G11540,AT1G11540,0.0
1,Chr1_3876016.0,3876016,0.0004830971,1,AT1G11540,AT1G11540,AT1G11540,0.0
4,Chr4_4703782.0,4703782,0.0004832024,0,,,,
4,Chr4_4703807.0,4703807,0.0004832024,0,,,,
3,Chr3_19500540.0,19500540,0.0004834469,0,,,,
1,Chr1_1695536.0,1695536,0.0004836812,1,AT1G05660,AT1G05660,AT1G05660,0.0
3,Chr3_12849582.0,12849582,0.000484061,0,,,,
3,Chr3_12849583.0,12849583,0.000484061,0,,,,
3,Chr3_12849603.0,12849603,0.000484061,0,,,,
3,Chr3_12849613.0,12849613,0.000484061,0,,,,
3,Chr3_12849693.0,12849693,0.000484061,0,,,,
3,Chr3_3115825.0,3115825,0.0004843155,0,,,,
2,Chr2_19557913.0,19557913,0.000484597,1,AT2G47730,AT2G47730,AT2G47730,0.0
3,Chr3_9132009.0,9132009,0.000485095,0,,,,
3,Chr3_9132182.0,9132182,0.000485095,0,,,,
3,Chr3_9133814.0,9133814,0.000485095,1,AT3G25070,AT3G25070,AT3G25070,0.0
3,Chr3_9136809.0,9136809,0.000485095,1,AT3G25080,AT3G25080,AT3G25080,0.0
5,Chr5_10755378.0,10755378,0.0004855601,0,,,,
3,Chr3_2100671.0,2100671,0.0004856514,1,AT3G36659,AT3G36659,AT3G36659,0.0
2,Chr2_11769850.0,11769850,0.0004857655,0,,,,
2,Chr2_11771020.0,11771020,0.0004857655,0,,,,
2,Chr2_11771192.0,11771192,0.0004857655,0,,,,
1,Chr1_14604383.0,14604383,0.0004858452,0,,,,
4,Chr4_7629134.0,7629134,0.0004859136,0,,,,
2,Chr2_19666660.0,19666660,0.0004870401,1,AT2G48080,AT2G48080,AT2G48080,0.0
3,Chr3_14614249.0,14614249,0.0004871892,0,,,,
3,Chr3_14614291.0,14614291,0.0004871892,0,,,,
3,Chr3_3219508.0,3219508,0.0004872867,0,,,,
3,Chr3_3220954.0,3220954,0.0004872867,1,AT3G10380,AT3G10380,AT3G10380,0.0
3,Chr3_3221009.0,3221009,0.0004872867,1,AT3G10380,AT3G10380,AT3G10380,0.0
3,Chr3_3222470.0,3222470,0.0004872867,1,AT3G10380,AT3G10380,AT3G10380,0.0
3,Chr3_3223033.0,3223033,0.0004872867,1,AT3G10380,AT3G10380,AT3G10380,0.0
3,Chr3_3225158.0,3225158,0.0004872867,1,AT3G10380,AT3G10380,AT3G10380,0.0
3,Chr3_3226142.0,3226142,0.0004872867,1,AT3G10380,AT3G10380,AT3G10380,0.0
3,Chr3_3232125.0,3232125,0.0004872867,1,AT3G10390,AT3G10390,AT3G10390,0.0
3,Chr3_3233612.0,3233612,0.0004872867,1,AT3G10400,AT3G10400,AT3G10400,0.0
3,Chr3_3234918.0,3234918,0.0004872867,1,AT3G10405,AT3G10405,AT3G10405,0.0
5,Chr5_21068983.0,21068983,0.0004876876,0,,,,
1,Chr1_12706919.0,12706919,0.0004879718,0,,,,
4,Chr4_6794759.0,6794759,0.0004880921,0,,,,
3,Chr3_22912285.0,22912285,0.0004887011,0,,,,
3,Chr3_22912298.0,22912298,0.0004887011,0,,,,
3,Chr3_22912480.0,22912480,0.0004887011,0,,,,
3,Chr3_22912487.0,22912487,0.0004887011,0,,,,
3,Chr3_22912546.0,22912546,0.0004887011,0,,,,
3,Chr3_22912564.0,22912564,0.0004887011,0,,,,
3,Chr3_22912623.0,22912623,0.0004887011,0,,,,
3,Chr3_15635849.0,15635849,0.0004887428,0,,,,
4,Chr4_17163509.0,17163509,0.0004888396,1,AT4G36270,AT4G36270,AT4G36270,0.0
5,Chr5_7913227.0,7913227,0.0004889131,1,AT5G23460,AT5G23460,AT5G23460,0.0
4,Chr4_4856034.0,4856034,0.0004893931,0,,,,
2,Chr2_7946511.0,7946511,0.000489721,1,AT2G18280,AT2G18280,AT2G18280,0.0
3,Chr3_19204483.0,19204483,0.0004898337,0,,,,
5,Chr5_24971095.0,24971095,0.0004901437,0,,,,
5,Chr5_10052017.0,10052017,0.0004904614,0,,,,
5,Chr5_10052436.0,10052436,0.0004904614,0,,,,
5,Chr5_10052489.0,10052489,0.0004904614,0,,,,
5,Chr5_10052599.0,10052599,0.0004904614,0,,,,
5,Chr5_10052967.0,10052967,0.0004904614,0,,,,
5,Chr5_10053739.0,10053739,0.0004904614,0,,,,
5,Chr5_10053840.0,10053840,0.0004904614,0,,,,
5,Chr5_10054293.0,10054293,0.0004904614,0,,,,
5,Chr5_10054760.0,10054760,0.0004904614,0,,,,
5,Chr5_10054965.0,10054965,0.0004904614,0,,,,
5,Chr5_10055207.0,10055207,0.0004904614,0,,,,
5,Chr5_10055372.0,10055372,0.0004904614,0,,,,
5,Chr5_10055497.0,10055497,0.0004904614,0,,,,
5,Chr5_10055939.0,10055939,0.0004904614,0,,,,
5,Chr5_10056390.0,10056390,0.0004904614,0,,,,
5,Chr5_10057421.0,10057421,0.0004904614,0,,,,
5,Chr5_10057450.0,10057450,0.0004904614,0,,,,
5,Chr5_10057478.0,10057478,0.0004904614,0,,,,
5,Chr5_10057665.0,10057665,0.0004904614,0,,,,
5,Chr5_10057929.0,10057929,0.0004904614,0,,,,
5,Chr5_10058225.0,10058225,0.0004904614,0,,,,
5,Chr5_22647676.0,22647676,0.0004906859,1,AT5G55920,AT5G55920,AT5G55920,0.0
5,Chr5_22648311.0,22648311,0.0004906859,1,AT5G55920,AT5G55920,AT5G55920,0.0
4,Chr4_10201145.0,10201145,0.0004908993,1,AT4G18465,AT4G18465,AT4G18465,0.0
4,Chr4_10203366.0,10203366,0.0004908993,1,AT4G18480,AT4G18480,AT4G18480,0.0
3,Chr3_12434034.0,12434034,0.0004911578,0,,,,
4,Chr4_7202224.0,7202224,0.000491159,1,AT4G12020,AT4G12020,AT4G12020,0.0
3,Chr3_15422840.0,15422840,0.0004913377,0,,,,
3,Chr3_18018252.0,18018252,0.0004924806,1,AT3G48630,AT3G48630,AT3G48630,0.0
5,Chr5_6981716.0,6981716,0.0004925601,1,AT5G20635,AT5G20635,AT5G20635,0.0
4,Chr4_4053815.0,4053815,0.0004926156,0,,,,
5,Chr5_10045545.0,10045545,0.0004928329,1,AT5G28050,AT5G28050,AT5G28050,0.0
1,Chr1_10586997.0,10586997,0.0004930273,0,,,,
4,Chr4_3922556.0,3922556,0.0004935736,1,AT4G06688,AT4G06688,AT4G06688,0.0
2,Chr2_5993116.0,5993116,0.0004941849,0,,,,
4,Chr4_3438964.0,3438964,0.0004944276,0,,,,
4,Chr4_3440553.0,3440553,0.0004944276,0,,,,
4,Chr4_3442503.0,3442503,0.0004944276,0,,,,
4,Chr4_3444071.0,3444071,0.0004944276,0,,,,
4,Chr4_3445117.0,3445117,0.0004944276,0,,,,
4,Chr4_3445783.0,3445783,0.0004944276,0,,,,
4,Chr4_3446671.0,3446671,0.0004944276,0,,,,
4,Chr4_3447382.0,3447382,0.0004944276,0,,,,
4,Chr4_3449008.0,3449008,0.0004944276,0,,,,
4,Chr4_3450869.0,3450869,0.0004944276,0,,,,
4,Chr4_3451493.0,3451493,0.0004944276,0,,,,
5,Chr5_22660215.0,22660215,0.0004945966,1,AT5G55950,AT5G55950,AT5G55950,0.0
3,Chr3_2998659.0,2998659,0.0004949164,0,,,,
4,Chr4_17561739.0,17561739,0.0004957888,0,,,,
4,Chr4_17561870.0,17561870,0.0004957888,0,,,,
2,Chr2_1912735.0,1912735,0.0004963736,0,,,,
3,Chr3_2725229.0,2725229,0.0004965212,1,AT3G08947,AT3G08947,AT3G08947,0.0
3,Chr3_2725532.0,2725532,0.0004965212,1,AT3G08947,AT3G08947,AT3G08947,0.0
3,Chr3_2725862.0,2725862,0.0004965212,1,AT3G08947,AT3G08947,AT3G08947,0.0
3,Chr3_2725961.0,2725961,0.0004965212,1,AT3G08947,AT3G08947,AT3G08947,0.0
3,Chr3_2734552.0,2734552,0.0004965212,1,AT3G08960,AT3G08960,AT3G08960,0.0
3,Chr3_15876993.0,15876993,0.0004966935,0,,,,
5,Chr5_8752616.0,8752616,0.0004970975,0,,,,
4,Chr4_11521721.0,11521721,0.0004978217,0,,,,
2,Chr2_6000205.0,6000205,0.0004979255,0,,,,
4,Chr4_15493191.0,15493191,0.0004980406,1,AT4G32030,AT4G32030,AT4G32030,0.0
5,Chr5_9761932.0,9761932,0.0004986209,0,,,,
3,Chr3_15617587.0,15617587,0.0004988018,0,,,,
5,Chr5_9533292.0,9533292,0.0004989644,0,,,,
2,Chr2_5505040.0,5505040,0.0004990475,0,,,,
3,Chr3_20876078.0,20876078,0.0004993554,0,,,,
5,Chr5_9754514.0,9754514,0.0004994316,0,,,,
2,Chr2_14707601.0,14707601,0.0004995047,0,,,,
4,Chr4_91836.0,91836,0.0004998843,1,AT4G00220,AT4G00220,AT4G00220,0.0
2,Chr2_5394428.0,5394428,0.0004998946,0,,,,
5,Chr5_26609102.0,26609102,0.0005001742,0,,,,
2,Chr2_1384348.0,1384348,0.0005004335,0,,,,
2,Chr2_5511094.0,5511094,0.0005007496,0,,,,
4,Chr4_7400277.0,7400277,0.0005010012,0,,,,
2,Chr2_19301854.0,19301854,0.0005020423,1,AT2G46980,AT2G46980,AT2G46980,0.0
2,Chr2_19301855.0,19301855,0.0005020423,1,AT2G46980,AT2G46980,AT2G46980,0.0
2,Chr2_19301857.0,19301857,0.0005020423,1,AT2G46980,AT2G46980,AT2G46980,0.0
3,Chr3_16523749.0,16523749,0.0005022609,0,,,,
4,Chr4_1510760.0,1510760,0.0005030071,0,,,,
2,Chr2_6003343.0,6003343,0.0005035704,0,,,,
2,Chr2_8319452.0,8319452,0.0005044084,0,,,,
1,Chr1_3324423.0,3324423,0.0005045701,0,,,,
1,Chr1_3324426.0,3324426,0.0005045701,0,,,,
1,Chr1_3324427.0,3324427,0.0005045701,0,,,,
2,Chr2_4472420.0,4472420,0.0005046432,0,,,,
4,Chr4_17542308.0,17542308,0.0005061474,1,AT4G37270,AT4G37270,AT4G37270,0.0
4,Chr4_17547705.0,17547705,0.0005061474,1,AT4G37280,AT4G37280,AT4G37280,0.0
5,Chr5_3161619.0,3161619,0.0005062606,1,AT5G10100,AT5G10100,AT5G10100,0.0
2,Chr2_13959289.0,13959289,0.0005066351,1,AT2G32910,AT2G32910,AT2G32910,0.0
2,Chr2_13962902.0,13962902,0.0005066351,1,AT2G32920,AT2G32920,AT2G32920,0.0
2,Chr2_13967508.0,13967508,0.0005066351,1,AT2G32930,AT2G32930,AT2G32930,0.0
5,Chr5_19499736.0,19499736,0.0005069614,0,,,,
2,Chr2_13395662.0,13395662,0.0005069844,1,AT2G31425,AT2G31425,AT2G31425,0.0
5,Chr5_2076402.0,2076402,0.0005070172,0,,,,
2,Chr2_11111460.0,11111460,0.0005071435,1,AT2G26080,AT2G26080,AT2G26080,0.0
1,Chr1_4304858.0,4304858,0.0005072265,1,AT1G12640,AT1G12640,AT1G12640,0.0
3,Chr3_11517795.0,11517795,0.0005072924,0,,,,
1,Chr1_29782325.0,29782325,0.0005082716,1,AT1G79170,AT1G79170,AT1G79170,0.0
2,Chr2_5584950.0,5584950,0.0005085709,0,,,,
1,Chr1_6858812.0,6858812,0.0005087323,1,AT1G19835,AT1G19835,AT1G19835,0.0
1,Chr1_2682040.0,2682040,0.0005092626,0,,,,
4,Chr4_8209944.0,8209944,0.0005099655,1,AT4G14250,AT4G14250,AT4G14250,0.0
2,Chr2_19057937.0,19057937,0.0005113327,0,,,,
2,Chr2_3969472.0,3969472,0.0005114176,0,,,,
2,Chr2_5142541.0,5142541,0.0005115372,0,,,,
1,Chr1_16665392.0,16665392,0.0005120067,0,,,,
2,Chr2_13970848.0,13970848,0.0005123803,0,,,,
2,Chr2_5676674.0,5676674,0.0005126312,0,,,,
1,Chr1_10627181.0,10627181,0.0005130936,0,,,,
1,Chr1_10627416.0,10627416,0.0005130936,1,AT1G30210,AT1G30210,AT1G30210,0.0
2,Chr2_7492719.0,7492719,0.0005133151,0,,,,
2,Chr2_7492755.0,7492755,0.0005133151,0,,,,
2,Chr2_7492767.0,7492767,0.0005133151,0,,,,
2,Chr2_7492769.0,7492769,0.0005133151,0,,,,
2,Chr2_7492804.0,7492804,0.0005133151,0,,,,
2,Chr2_7492818.0,7492818,0.0005133151,0,,,,
2,Chr2_7492859.0,7492859,0.0005133151,0,,,,
2,Chr2_7492861.0,7492861,0.0005133151,0,,,,
2,Chr2_7492896.0,7492896,0.0005133151,0,,,,
2,Chr2_7492909.0,7492909,0.0005133151,0,,,,
2,Chr2_5367696.0,5367696,0.0005133213,0,,,,
3,Chr3_15582016.0,15582016,0.0005135456,0,,,,
3,Chr3_10473790.0,10473790,0.0005138572,0,,,,
3,Chr3_13249804.0,13249804,0.0005139316,0,,,,
1,Chr1_21913099.0,21913099,0.0005139356,0,,,,
5,Chr5_2114494.0,2114494,0.0005139871,1,AT5G06820,AT5G06820,AT5G06820,0.0
5,Chr5_2116033.0,2116033,0.0005139871,1,AT5G06820,AT5G06820,AT5G06820,0.0
1,Chr1_24706422.0,24706422,0.000514197,0,,,,
4,Chr4_6228435.0,6228435,0.0005142158,0,,,,
3,Chr3_17928610.0,17928610,0.0005153565,0,,,,
4,Chr4_1778498.0,1778498,0.0005154689,0,,,,
1,Chr1_6858755.0,6858755,0.0005159569,1,AT1G19835,AT1G19835,AT1G19835,0.0
3,Chr3_20589642.0,20589642,0.0005163299,0,,,,
2,Chr2_2488127.0,2488127,0.0005166484,0,,,,
2,Chr2_2488139.0,2488139,0.0005166484,0,,,,
2,Chr2_19506763.0,19506763,0.000516845,0,,,,
2,Chr2_19507978.0,19507978,0.000516845,0,,,,
2,Chr2_1894820.0,1894820,0.0005169334,1,AT2G05220,AT2G05220,AT2G05220,0.0
2,Chr2_11164035.0,11164035,0.0005172804,0,,,,
5,Chr5_21296588.0,21296588,0.0005173503,1,AT5G52470,AT5G52470,AT5G52470,0.0
3,Chr3_6620147.0,6620147,0.0005177232,0,,,,
1,Chr1_3344341.0,3344341,0.0005179059,1,AT1G10190,AT1G10190,AT1G10190,0.0
1,Chr1_3344403.0,3344403,0.0005179059,1,AT1G10190,AT1G10190,AT1G10190,0.0
1,Chr1_3344416.0,3344416,0.0005179059,1,AT1G10190,AT1G10190,AT1G10190,0.0
1,Chr1_3344442.0,3344442,0.0005179059,1,AT1G10190,AT1G10190,AT1G10190,0.0
3,Chr3_21065049.0,21065049,0.0005180371,0,,,,
3,Chr3_8412158.0,8412158,0.0005180501,1,AT3G23450,AT3G23450,AT3G23450,0.0
3,Chr3_8191449.0,8191449,0.0005183058,0,,,,
3,Chr3_11886420.0,11886420,0.0005184903,0,,,,
5,Chr5_9747170.0,9747170,0.0005190934,0,,,,
5,Chr5_9747336.0,9747336,0.0005190934,0,,,,
5,Chr5_9749209.0,9749209,0.0005190934,0,,,,
2,Chr2_4539082.0,4539082,0.0005203541,0,,,,
2,Chr2_11213519.0,11213519,0.0005204083,1,AT2G26330,AT2G26330,AT2G26330,0.0
4,Chr4_3121234.0,3121234,0.0005204484,0,,,,
4,Chr4_11875427.0,11875427,0.0005204577,0,,,,
3,Chr3_15422887.0,15422887,0.0005206218,0,,,,
2,Chr2_12613229.0,12613229,0.0005212976,1,AT2G29400,AT2G29400,AT2G29400,0.0
2,Chr2_12613231.0,12613231,0.0005212976,1,AT2G29400,AT2G29400,AT2G29400,0.0
3,Chr3_11270527.0,11270527,0.0005214566,0,,,,
3,Chr3_11271055.0,11271055,0.0005214566,0,,,,
3,Chr3_11271290.0,11271290,0.0005214566,0,,,,
5,Chr5_26646694.0,26646694,0.0005216589,0,,,,
2,Chr2_19673788.0,19673788,0.0005221045,1,AT2G48110,AT2G48110,AT2G48110,0.0
4,Chr4_6724529.0,6724529,0.0005224789,0,,,,
3,Chr3_18521417.0,18521417,0.0005225945,0,,,,
1,Chr1_3427982.0,3427982,0.0005226275,0,,,,
1,Chr1_3428126.0,3428126,0.0005226275,0,,,,
3,Chr3_8014694.0,8014694,0.0005233323,0,,,,
2,Chr2_18350921.0,18350921,0.0005233632,0,,,,
2,Chr2_14083007.0,14083007,0.0005236305,0,,,,
2,Chr2_14083010.0,14083010,0.0005236305,0,,,,
2,Chr2_14083020.0,14083020,0.0005236305,0,,,,
3,Chr3_18036281.0,18036281,0.0005236897,1,AT3G48680,AT3G48680,AT3G48680,0.0
1,Chr1_16624776.0,16624776,0.0005236926,0,,,,
3,Chr3_15811898.0,15811898,0.0005237306,0,,,,
5,Chr5_9773110.0,9773110,0.0005238153,1,AT5G27620,AT5G27620,AT5G27620,0.0
5,Chr5_9774409.0,9774409,0.0005238153,1,AT5G27620,AT5G27620,AT5G27620,0.0
1,Chr1_22025149.0,22025149,0.0005238801,1,AT1G59835,AT1G59835,AT1G59835,0.0
4,Chr4_10071391.0,10071391,0.0005240111,0,,,,
3,Chr3_7708818.0,7708818,0.0005241413,0,,,,
1,Chr1_19508608.0,19508608,0.0005244342,1,AT1G52370,AT1G52370,AT1G52370,0.0
5,Chr5_19487418.0,19487418,0.0005245386,1,AT5G48090,AT5G48090,AT5G48090,0.0
4,Chr4_15437296.0,15437296,0.0005246892,1,AT4G31900,AT4G31900,AT4G31900,0.0
3,Chr3_1596860.0,1596860,0.0005250277,1,AT3G05510,AT3G05510,AT3G05510,0.0
3,Chr3_1602692.0,1602692,0.0005250277,0,,,,
3,Chr3_1606626.0,1606626,0.0005250277,1,AT3G05540,AT3G05540,AT3G05540,0.0
4,Chr4_11871066.0,11871066,0.0005250856,0,,,,
2,Chr2_5668251.0,5668251,0.0005258532,0,,,,
1,Chr1_16590749.0,16590749,0.0005258756,0,,,,
4,Chr4_1054848.0,1054848,0.0005260382,1,AT4G02400,AT4G02400,AT4G02400,0.0
2,Chr2_5377966.0,5377966,0.0005261416,0,,,,
5,Chr5_13370766.0,13370766,0.0005262228,0,,,,
5,Chr5_13373260.0,13373260,0.0005262228,0,,,,
5,Chr5_10737174.0,10737174,0.0005263054,0,,,,
3,Chr3_14077251.0,14077251,0.0005263774,0,,,,
3,Chr3_15428586.0,15428586,0.0005276557,0,,,,
3,Chr3_15428754.0,15428754,0.0005276557,0,,,,
1,Chr1_15887758.0,15887758,0.0005276751,0,,,,
4,Chr4_8019784.0,8019784,0.0005285943,0,,,,
4,Chr4_8928264.0,8928264,0.0005289879,0,,,,
1,Chr1_17092377.0,17092377,0.0005291382,0,,,,
4,Chr4_18313745.0,18313745,0.0005296575,0,,,,
2,Chr2_5448808.0,5448808,0.0005298262,0,,,,
3,Chr3_20571112.0,20571112,0.0005299059,1,AT3G55480,AT3G55480,AT3G55480,0.0
3,Chr3_20571163.0,20571163,0.0005299059,1,AT3G55480,AT3G55480,AT3G55480,0.0
3,Chr3_20571193.0,20571193,0.0005299059,1,AT3G55480,AT3G55480,AT3G55480,0.0
4,Chr4_10657124.0,10657124,0.0005304311,1,AT4G19530,AT4G19530,AT4G19530,0.0
4,Chr4_1298236.0,1298236,0.0005312735,1,AT4G02930,AT4G02930,AT4G02930,0.0
2,Chr2_4531353.0,4531353,0.0005313077,0,,,,
2,Chr2_19554490.0,19554490,0.0005314058,1,AT2G47700,AT2G47700,AT2G47700,0.0
2,Chr2_14033734.0,14033734,0.0005314441,1,AT2G33080,AT2G33080,AT2G33080,0.0
2,Chr2_18351800.0,18351800,0.0005315828,0,,,,
2,Chr2_14627820.0,14627820,0.0005317838,1,AT2G34680,AT2G34680,AT2G34680,0.0
1,Chr1_16609020.0,16609020,0.0005317865,0,,,,
4,Chr4_6045487.0,6045487,0.000532321,0,,,,
1,Chr1_26255757.0,26255757,0.0005325018,0,,,,
4,Chr4_6863339.0,6863339,0.0005334042,0,,,,
4,Chr4_8981747.0,8981747,0.0005335703,1,AT4G15780,AT4G15780,AT4G15780,0.0
4,Chr4_11444510.0,11444510,0.0005338187,0,,,,
4,Chr4_11444513.0,11444513,0.0005338187,0,,,,
1,Chr1_2587859.0,2587859,0.0005340368,0,,,,
5,Chr5_9616612.0,9616612,0.0005340588,0,,,,
4,Chr4_15957359.0,15957359,0.0005341898,0,,,,
5,Chr5_26514363.0,26514363,0.0005344257,1,AT5G66380,AT5G66380,AT5G66380,0.0
5,Chr5_26515310.0,26515310,0.0005344257,1,AT5G66380,AT5G66380,AT5G66380,0.0
5,Chr5_26518008.0,26518008,0.0005344257,0,,,,
5,Chr5_26518222.0,26518222,0.0005344257,0,,,,
5,Chr5_26518243.0,26518243,0.0005344257,0,,,,
5,Chr5_26521518.0,26521518,0.0005344257,1,AT5G66410,AT5G66410,AT5G66410,0.0
5,Chr5_26528274.0,26528274,0.0005344257,0,,,,
1,Chr1_4251166.0,4251166,0.0005344355,1,AT1G12470,AT1G12470,AT1G12470,0.0
1,Chr1_4279403.0,4279403,0.0005347182,1,AT1G12570,AT1G12570,AT1G12570,0.0
1,Chr1_4281417.0,4281417,0.0005347182,0,,,,
5,Chr5_26541163.0,26541163,0.0005350353,0,,,,
1,Chr1_4872467.0,4872467,0.0005352375,0,,,,
4,Chr4_2449075.0,2449075,0.0005356011,0,,,,
3,Chr3_6706207.0,6706207,0.0005356706,0,,,,
3,Chr3_6709197.0,6709197,0.0005356706,0,,,,
3,Chr3_6709299.0,6709299,0.0005356706,0,,,,
1,Chr1_29499316.0,29499316,0.0005358104,1,AT1G78400,AT1G78400,AT1G78400,0.0
5,Chr5_22566471.0,22566471,0.0005359466,0,,,,
5,Chr5_14728075.0,14728075,0.0005360767,1,AT5G37200,AT5G37200,AT5G37200,0.0
4,Chr4_16845635.0,16845635,0.0005361357,0,,,,
5,Chr5_25967851.0,25967851,0.0005365539,1,AT5G65005,AT5G65005,AT5G65005,0.0
3,Chr3_19606768.0,19606768,0.0005367589,0,,,,
5,Chr5_17247805.0,17247805,0.0005368143,0,,,,
5,Chr5_17257911.0,17257911,0.0005368143,0,,,,
2,Chr2_3018253.0,3018253,0.0005370788,0,,,,
5,Chr5_9750125.0,9750125,0.0005374196,0,,,,
1,Chr1_12402010.0,12402010,0.0005374994,0,,,,
5,Chr5_5536010.0,5536010,0.0005377274,1,AT5G16840,AT5G16840,AT5G16840,0.0
3,Chr3_21322695.0,21322695,0.000538131,0,,,,
2,Chr2_19491544.0,19491544,0.0005386464,0,,,,
2,Chr2_676498.0,676498,0.0005389723,0,,,,
1,Chr1_5157747.0,5157747,0.0005393094,1,AT1G14950,AT1G14950,AT1G14950,0.0
1,Chr1_8913900.0,8913900,0.0005393848,0,,,,
2,Chr2_5629610.0,5629610,0.0005393975,0,,,,
3,Chr3_15404221.0,15404221,0.0005394754,0,,,,
1,Chr1_19524870.0,19524870,0.0005398592,1,AT1G52410,AT1G52410,AT1G52410,0.0
3,Chr3_14078230.0,14078230,0.000540257,0,,,,
5,Chr5_9844391.0,9844391,0.0005409384,0,,,,
5,Chr5_1000964.0,1000964,0.0005414029,1,AT5G03780,AT5G03780,AT5G03780,0.0
1,Chr1_28905306.0,28905306,0.0005414314,0,,,,
4,Chr4_3488654.0,3488654,0.0005418148,0,,,,
3,Chr3_12844497.0,12844497,0.0005418695,0,,,,
2,Chr2_11559086.0,11559086,0.0005419853,1,AT2G27070,AT2G27070,AT2G27070,0.0
4,Chr4_6243524.0,6243524,0.000542151,0,,,,
5,Chr5_9756099.0,9756099,0.0005423252,0,,,,
5,Chr5_9756115.0,9756115,0.0005423252,0,,,,
5,Chr5_9756833.0,9756833,0.0005423252,0,,,,
5,Chr5_9759020.0,9759020,0.0005423252,0,,,,
2,Chr2_5347564.0,5347564,0.0005423728,0,,,,
4,Chr4_15263227.0,15263227,0.0005424563,1,AT4G31480,AT4G31480,AT4G31480,0.0
1,Chr1_12046418.0,12046418,0.0005426447,0,,,,
3,Chr3_2753457.0,2753457,0.0005433141,1,AT3G09020,AT3G09020,AT3G09020,0.0
4,Chr4_5937253.0,5937253,0.0005434851,0,,,,
4,Chr4_1510663.0,1510663,0.0005434888,0,,,,
1,Chr1_16614027.0,16614027,0.000543655,0,,,,
1,Chr1_29284412.0,29284412,0.000544029,1,AT1G77860,AT1G77860,AT1G77860,0.0
1,Chr1_29284446.0,29284446,0.000544029,1,AT1G77860,AT1G77860,AT1G77860,0.0
5,Chr5_21067967.0,21067967,0.0005440616,1,AT5G51820,AT5G51820,AT5G51820,0.0
1,Chr1_29222504.0,29222504,0.0005442948,1,AT1G77740,AT1G77740,AT1G77740,0.0
1,Chr1_12705519.0,12705519,0.000544421,0,,,,
1,Chr1_12705661.0,12705661,0.000544421,0,,,,
3,Chr3_8962246.0,8962246,0.0005445907,1,AT3G24550,AT3G24550,AT3G24550,0.0
5,Chr5_6701076.0,6701076,0.0005449427,1,AT5G19820,AT5G19820,AT5G19820,0.0
3,Chr3_21757634.0,21757634,0.0005450569,1,AT3G58840,AT3G58840,AT3G58840,0.0
4,Chr4_17253317.0,17253317,0.0005451832,0,,,,
3,Chr3_12437628.0,12437628,0.0005457549,0,,,,
4,Chr4_17520260.0,17520260,0.0005459099,0,,,,
4,Chr4_17520288.0,17520288,0.0005459099,0,,,,
5,Chr5_11735054.0,11735054,0.0005459109,0,,,,
1,Chr1_18177598.0,18177598,0.0005459896,1,AT1G49140,AT1G49140,AT1G49140,0.0
1,Chr1_18177754.0,18177754,0.0005459896,1,AT1G49140,AT1G49140,AT1G49140,0.0
1,Chr1_18177755.0,18177755,0.0005459896,1,AT1G49140,AT1G49140,AT1G49140,0.0
2,Chr2_2497496.0,2497496,0.0005461209,0,,,,
5,Chr5_13081600.0,13081600,0.0005462736,0,,,,
4,Chr4_9117460.0,9117460,0.0005463775,1,AT4G16120,AT4G16120,AT4G16120,0.0
1,Chr1_17194213.0,17194213,0.0005466102,0,,,,
5,Chr5_13014418.0,13014418,0.0005466226,0,,,,
5,Chr5_9741822.0,9741822,0.0005466436,0,,,,
2,Chr2_4612750.0,4612750,0.0005467976,0,,,,
2,Chr2_4612765.0,4612765,0.0005467976,0,,,,
2,Chr2_4613084.0,4613084,0.0005467976,0,,,,
2,Chr2_4613191.0,4613191,0.0005467976,0,,,,
4,Chr4_1230193.0,1230193,0.0005471189,0,,,,
1,Chr1_11291532.0,11291532,0.0005475532,1,AT1G31540,AT1G31540,AT1G31540,0.0
5,Chr5_10726997.0,10726997,0.0005475541,0,,,,
4,Chr4_4064325.0,4064325,0.0005477001,0,,,,
5,Chr5_9761828.0,9761828,0.0005477899,0,,,,
1,Chr1_13455174.0,13455174,0.0005480783,1,AT1G36060,AT1G36060,AT1G36060,0.0
1,Chr1_29129412.0,29129412,0.0005481421,1,AT1G77510,AT1G77510,AT1G77510,0.0
2,Chr2_19024832.0,19024832,0.0005485253,1,AT2G46340,AT2G46340,AT2G46340,0.0
2,Chr2_19026956.0,19026956,0.0005485253,1,AT2G46340,AT2G46340,AT2G46340,0.0
2,Chr2_19026959.0,19026959,0.0005485253,1,AT2G46340,AT2G46340,AT2G46340,0.0
1,Chr1_13112763.0,13112763,0.000548555,2,AT1G35545;AT1G35550,AT1G35545,AT1G35545,0.0
2,Chr2_19570565.0,19570565,0.0005487866,1,AT2G47780,AT2G47780,AT2G47780,0.0
1,Chr1_7452991.0,7452991,0.0005491612,0,,,,
1,Chr1_7453018.0,7453018,0.0005491612,0,,,,
1,Chr1_7453099.0,7453099,0.0005491612,0,,,,
5,Chr5_26369876.0,26369876,0.0005495666,1,AT5G65930,AT5G65930,AT5G65930,0.0
4,Chr4_13910938.0,13910938,0.0005498425,0,,,,
2,Chr2_5387533.0,5387533,0.0005502163,0,,,,
3,Chr3_3155774.0,3155774,0.000550266,1,AT3G10190,AT3G10190,AT3G10190,0.0
1,Chr1_12409564.0,12409564,0.0005504627,0,,,,
5,Chr5_9811714.0,9811714,0.0005506127,0,,,,
1,Chr1_12703615.0,12703615,0.0005506177,0,,,,
1,Chr1_29188818.0,29188818,0.0005515888,0,,,,
5,Chr5_4694457.0,4694457,0.0005525061,0,,,,
4,Chr4_3122926.0,3122926,0.0005526887,0,,,,
4,Chr4_3123309.0,3123309,0.0005526887,0,,,,
2,Chr2_12027634.0,12027634,0.0005528086,0,,,,
2,Chr2_5510472.0,5510472,0.0005532727,0,,,,
4,Chr4_1013945.0,1013945,0.0005533632,0,,,,
1,Chr1_3344552.0,3344552,0.0005533715,1,AT1G10190,AT1G10190,AT1G10190,0.0
5,Chr5_9751175.0,9751175,0.0005534703,0,,,,
2,Chr2_6224501.0,6224501,0.0005539773,0,,,,
5,Chr5_21069408.0,21069408,0.0005544029,0,,,,
5,Chr5_21069740.0,21069740,0.0005544029,1,AT5G51830,AT5G51830,AT5G51830,0.0
5,Chr5_21069936.0,21069936,0.0005544029,1,AT5G51830,AT5G51830,AT5G51830,0.0
5,Chr5_21074041.0,21074041,0.0005544029,1,AT5G51840,AT5G51840,AT5G51840,0.0
5,Chr5_21075053.0,21075053,0.0005544029,0,,,,
2,Chr2_19552477.0,19552477,0.0005548593,1,AT2G47700,AT2G47700,AT2G47700,0.0
3,Chr3_12196494.0,12196494,0.000554986,0,,,,
2,Chr2_2488082.0,2488082,0.0005552971,0,,,,
3,Chr3_15934544.0,15934544,0.0005553128,0,,,,
4,Chr4_14665687.0,14665687,0.0005557529,0,,,,
1,Chr1_3557200.0,3557200,0.0005560697,0,,,,
1,Chr1_3558187.0,3558187,0.0005560697,0,,,,
5,Chr5_542462.0,542462,0.000556239,1,AT5G02470,AT5G02470,AT5G02470,0.0
5,Chr5_544512.0,544512,0.000556239,1,AT5G02470,AT5G02470,AT5G02470,0.0
1,Chr1_19620232.0,19620232,0.0005567646,1,AT1G52690,AT1G52690,AT1G52690,0.0
3,Chr3_15955662.0,15955662,0.0005569662,0,,,,
3,Chr3_15955663.0,15955663,0.0005569662,0,,,,
3,Chr3_12039911.0,12039911,0.0005570236,0,,,,
4,Chr4_3018167.0,3018167,0.0005570329,0,,,,
4,Chr4_3133192.0,3133192,0.0005573338,0,,,,
2,Chr2_12522518.0,12522518,0.0005573643,0,,,,
4,Chr4_7232864.0,7232864,0.0005577666,2,AT4G12065;AT4G12070,AT4G12065,AT4G12065,0.0
5,Chr5_26367674.0,26367674,0.00055781,0,,,,
2,Chr2_12035976.0,12035976,0.0005582293,1,AT2G28220,AT2G28220,AT2G28220,0.0
3,Chr3_15754091.0,15754091,0.0005583122,1,AT3G43920,AT3G43920,AT3G43920,0.0
3,Chr3_15754185.0,15754185,0.0005583122,1,AT3G43920,AT3G43920,AT3G43920,0.0
3,Chr3_15754212.0,15754212,0.0005583122,1,AT3G43920,AT3G43920,AT3G43920,0.0
3,Chr3_15754213.0,15754213,0.0005583122,1,AT3G43920,AT3G43920,AT3G43920,0.0
3,Chr3_15754215.0,15754215,0.0005583122,1,AT3G43920,AT3G43920,AT3G43920,0.0
3,Chr3_15754233.0,15754233,0.0005583122,1,AT3G43920,AT3G43920,AT3G43920,0.0
3,Chr3_15754255.0,15754255,0.0005583122,1,AT3G43920,AT3G43920,AT3G43920,0.0
3,Chr3_15754267.0,15754267,0.0005583122,1,AT3G43920,AT3G43920,AT3G43920,0.0
3,Chr3_15754273.0,15754273,0.0005583122,1,AT3G43920,AT3G43920,AT3G43920,0.0
3,Chr3_15754276.0,15754276,0.0005583122,1,AT3G43920,AT3G43920,AT3G43920,0.0
3,Chr3_15754290.0,15754290,0.0005583122,1,AT3G43920,AT3G43920,AT3G43920,0.0
3,Chr3_15754297.0,15754297,0.0005583122,1,AT3G43920,AT3G43920,AT3G43920,0.0
3,Chr3_15754308.0,15754308,0.0005583122,1,AT3G43920,AT3G43920,AT3G43920,0.0
3,Chr3_15754316.0,15754316,0.0005583122,1,AT3G43920,AT3G43920,AT3G43920,0.0
3,Chr3_15754317.0,15754317,0.0005583122,1,AT3G43920,AT3G43920,AT3G43920,0.0
3,Chr3_15754426.0,15754426,0.0005583122,1,AT3G43920,AT3G43920,AT3G43920,0.0
3,Chr3_15754437.0,15754437,0.0005583122,1,AT3G43920,AT3G43920,AT3G43920,0.0
3,Chr3_15754444.0,15754444,0.0005583122,1,AT3G43920,AT3G43920,AT3G43920,0.0
3,Chr3_15754453.0,15754453,0.0005583122,1,AT3G43920,AT3G43920,AT3G43920,0.0
3,Chr3_15754475.0,15754475,0.0005583122,1,AT3G43920,AT3G43920,AT3G43920,0.0
3,Chr3_15754482.0,15754482,0.0005583122,1,AT3G43920,AT3G43920,AT3G43920,0.0
3,Chr3_15754510.0,15754510,0.0005583122,1,AT3G43920,AT3G43920,AT3G43920,0.0
3,Chr3_15754558.0,15754558,0.0005583122,1,AT3G43920,AT3G43920,AT3G43920,0.0
3,Chr3_15754565.0,15754565,0.0005583122,1,AT3G43920,AT3G43920,AT3G43920,0.0
3,Chr3_15754568.0,15754568,0.0005583122,1,AT3G43920,AT3G43920,AT3G43920,0.0
3,Chr3_15754590.0,15754590,0.0005583122,1,AT3G43920,AT3G43920,AT3G43920,0.0
3,Chr3_15754751.0,15754751,0.0005583122,1,AT3G43920,AT3G43920,AT3G43920,0.0
3,Chr3_15754759.0,15754759,0.0005583122,1,AT3G43920,AT3G43920,AT3G43920,0.0
4,Chr4_15941672.0,15941672,0.0005585074,0,,,,
4,Chr4_8411835.0,8411835,0.0005586914,1,AT4G14670,AT4G14670,AT4G14670,0.0
4,Chr4_1690035.0,1690035,0.0005587828,0,,,,
4,Chr4_1690524.0,1690524,0.0005587828,0,,,,
3,Chr3_6700720.0,6700720,0.0005598397,1,AT3G19330,AT3G19330,AT3G19330,0.0
5,Chr5_19719896.0,19719896,0.000560244,1,AT5G48620,AT5G48620,AT5G48620,0.0
3,Chr3_11067815.0,11067815,0.0005603557,0,,,,
1,Chr1_6489663.0,6489663,0.000562097,1,AT1G18830,AT1G18830,AT1G18830,0.0
5,Chr5_25794984.0,25794984,0.00056225,0,,,,
4,Chr4_3814186.0,3814186,0.0005623706,0,,,,
2,Chr2_14852147.0,14852147,0.0005629437,0,,,,
4,Chr4_4947902.0,4947902,0.0005633664,0,,,,
4,Chr4_4955813.0,4955813,0.0005633664,0,,,,
1,Chr1_3324391.0,3324391,0.0005639101,0,,,,
1,Chr1_3324393.0,3324393,0.0005639101,0,,,,
1,Chr1_12703666.0,12703666,0.0005639651,0,,,,
2,Chr2_18415631.0,18415631,0.0005640039,0,,,,
4,Chr4_18499266.0,18499266,0.0005642079,0,,,,
4,Chr4_18500589.0,18500589,0.0005642079,1,AT4G39860,AT4G39860,AT4G39860,0.0
1,Chr1_6490056.0,6490056,0.0005642628,1,AT1G18830,AT1G18830,AT1G18830,0.0
1,Chr1_6490369.0,6490369,0.0005642628,1,AT1G18830,AT1G18830,AT1G18830,0.0
5,Chr5_15917808.0,15917808,0.0005646982,0,,,,
5,Chr5_15917818.0,15917818,0.0005646982,0,,,,
3,Chr3_11885746.0,11885746,0.0005649782,0,,,,
3,Chr3_15803581.0,15803581,0.0005650555,0,,,,
3,Chr3_15807169.0,15807169,0.0005650555,0,,,,
5,Chr5_10049668.0,10049668,0.0005657528,0,,,,
5,Chr5_10049872.0,10049872,0.0005657528,0,,,,
1,Chr1_29181320.0,29181320,0.000566034,1,AT1G77650,AT1G77650,AT1G77650,0.0
1,Chr1_13151353.0,13151353,0.0005661981,0,,,,
3,Chr3_15855941.0,15855941,0.0005662554,0,,,,
1,Chr1_26043180.0,26043180,0.0005663875,0,,,,
1,Chr1_3344211.0,3344211,0.0005672157,1,AT1G10190,AT1G10190,AT1G10190,0.0
5,Chr5_9996302.0,9996302,0.0005674481,0,,,,
4,Chr4_1951584.0,1951584,0.0005678314,0,,,,
4,Chr4_1951623.0,1951623,0.0005678314,0,,,,
5,Chr5_19505811.0,19505811,0.0005682833,0,,,,
4,Chr4_5403058.0,5403058,0.0005687391,0,,,,
4,Chr4_5403433.0,5403433,0.0005687391,0,,,,
4,Chr4_5406585.0,5406585,0.0005687391,1,AT4G08500,AT4G08500,AT4G08500,0.0
1,Chr1_17489280.0,17489280,0.000568855,0,,,,
3,Chr3_15966976.0,15966976,0.0005690163,0,,,,
1,Chr1_989749.0,989749,0.0005690317,1,AT1G03890,AT1G03890,AT1G03890,0.0
5,Chr5_19720171.0,19720171,0.0005690887,1,AT5G48620,AT5G48620,AT5G48620,0.0
3,Chr3_10612732.0,10612732,0.0005694633,1,AT3G28360,AT3G28360,AT3G28360,0.0
3,Chr3_10617889.0,10617889,0.0005694633,0,,,,
3,Chr3_10635215.0,10635215,0.0005694633,0,,,,
3,Chr3_10635871.0,10635871,0.0005694633,0,,,,
3,Chr3_10637416.0,10637416,0.0005694633,0,,,,
3,Chr3_10638325.0,10638325,0.0005694633,0,,,,
3,Chr3_10638428.0,10638428,0.0005694633,0,,,,
3,Chr3_6728957.0,6728957,0.0005695578,0,,,,
3,Chr3_15929014.0,15929014,0.0005700679,1,AT3G44220,AT3G44220,AT3G44220,0.0
3,Chr3_15368580.0,15368580,0.0005702149,1,AT3G43440,AT3G43440,AT3G43440,0.0
3,Chr3_15368644.0,15368644,0.0005702149,1,AT3G43440,AT3G43440,AT3G43440,0.0
3,Chr3_15368693.0,15368693,0.0005702149,1,AT3G43440,AT3G43440,AT3G43440,0.0
3,Chr3_15368724.0,15368724,0.0005702149,1,AT3G43440,AT3G43440,AT3G43440,0.0
3,Chr3_15368970.0,15368970,0.0005702149,1,AT3G43440,AT3G43440,AT3G43440,0.0
4,Chr4_18379665.0,18379665,0.0005709758,1,AT4G39540,AT4G39540,AT4G39540,0.0
4,Chr4_18380348.0,18380348,0.0005709758,1,AT4G39540,AT4G39540,AT4G39540,0.0
1,Chr1_12652501.0,12652501,0.0005712588,1,AT1G34550,AT1G34550,AT1G34550,0.0
1,Chr1_21211332.0,21211332,0.0005718853,0,,,,
1,Chr1_17489242.0,17489242,0.0005720003,0,,,,
1,Chr1_16625861.0,16625861,0.0005727259,0,,,,
5,Chr5_26405019.0,26405019,0.0005731952,1,AT5G66030,AT5G66030,AT5G66030,0.0
4,Chr4_6766807.0,6766807,0.0005732131,0,,,,
5,Chr5_9749318.0,9749318,0.000573327,0,,,,
3,Chr3_8215094.0,8215094,0.0005734156,1,AT3G23090,AT3G23090,AT3G23090,0.0
1,Chr1_3324359.0,3324359,0.0005741445,0,,,,
3,Chr3_20808942.0,20808942,0.000574379,0,,,,
5,Chr5_6419187.0,6419187,0.0005743952,0,,,,
5,Chr5_6419258.0,6419258,0.0005743952,0,,,,
3,Chr3_17635161.0,17635161,0.0005745477,1,AT3G47800,AT3G47800,AT3G47800,0.0
3,Chr3_3155821.0,3155821,0.0005747535,1,AT3G10190,AT3G10190,AT3G10190,0.0
3,Chr3_15875582.0,15875582,0.0005749804,0,,,,
1,Chr1_14469319.0,14469319,0.0005752038,0,,,,
2,Chr2_836652.0,836652,0.0005755635,0,,,,
2,Chr2_836706.0,836706,0.0005755635,0,,,,
2,Chr2_836755.0,836755,0.0005755635,0,,,,
2,Chr2_836776.0,836776,0.0005755635,0,,,,
4,Chr4_1235849.0,1235849,0.0005759259,0,,,,
3,Chr3_8421607.0,8421607,0.0005761085,1,AT3G23480,AT3G23480,AT3G23480,0.0
4,Chr4_4704718.0,4704718,0.0005763459,0,,,,
4,Chr4_1270753.0,1270753,0.0005768001,0,,,,
3,Chr3_15196813.0,15196813,0.0005769384,0,,,,
2,Chr2_19503493.0,19503493,0.0005770834,1,AT2G47520,AT2G47520,AT2G47520,0.0
3,Chr3_7707458.0,7707458,0.0005772143,1,AT3G21880,AT3G21880,AT3G21880,0.0
3,Chr3_7707486.0,7707486,0.0005772143,1,AT3G21880,AT3G21880,AT3G21880,0.0
5,Chr5_9957081.0,9957081,0.0005776584,0,,,,
4,Chr4_3768595.0,3768595,0.0005780135,0,,,,
1,Chr1_11471401.0,11471401,0.000578085,0,,,,
4,Chr4_18368642.0,18368642,0.0005792401,0,,,,
3,Chr3_8421462.0,8421462,0.0005794927,1,AT3G23480,AT3G23480,AT3G23480,0.0
5,Chr5_9950897.0,9950897,0.0005794938,0,,,,
4,Chr4_745693.0,745693,0.0005810592,1,AT4G01720,AT4G01720,AT4G01720,0.0
1,Chr1_8317943.0,8317943,0.0005818284,1,AT1G23420,AT1G23420,AT1G23420,0.0
1,Chr1_29282732.0,29282732,0.0005818854,1,AT1G77860,AT1G77860,AT1G77860,0.0
5,Chr5_12973298.0,12973298,0.000582198,0,,,,
5,Chr5_12974675.0,12974675,0.000582198,0,,,,
5,Chr5_12975041.0,12975041,0.000582198,0,,,,
2,Chr2_281158.0,281158,0.0005823612,1,AT2G01630,AT2G01630,AT2G01630,0.0
1,Chr1_29022354.0,29022354,0.0005825019,1,AT1G77250,AT1G77250,AT1G77250,0.0
1,Chr1_4145475.0,4145475,0.0005825237,1,AT1G12220,AT1G12220,AT1G12220,0.0
1,Chr1_11310937.0,11310937,0.0005831552,0,,,,
1,Chr1_11310996.0,11310996,0.0005831552,0,,,,
2,Chr2_5328730.0,5328730,0.0005832793,0,,,,
1,Chr1_28970965.0,28970965,0.0005834183,1,AT1G77110,AT1G77110,AT1G77110,0.0
2,Chr2_12660382.0,12660382,0.000583753,0,,,,
5,Chr5_319696.0,319696,0.0005844449,0,,,,
5,Chr5_319889.0,319889,0.0005844449,0,,,,
3,Chr3_17971796.0,17971796,0.0005847783,0,,,,
4,Chr4_11821275.0,11821275,0.0005853995,0,,,,
4,Chr4_11821848.0,11821848,0.0005853995,0,,,,
4,Chr4_11822200.0,11822200,0.0005853995,0,,,,
4,Chr4_11822668.0,11822668,0.0005853995,0,,,,
4,Chr4_11823688.0,11823688,0.0005853995,0,,,,
4,Chr4_11824704.0,11824704,0.0005853995,0,,,,
4,Chr4_11829997.0,11829997,0.0005853995,0,,,,
4,Chr4_11840022.0,11840022,0.0005853995,0,,,,
4,Chr4_11842424.0,11842424,0.0005853995,0,,,,
1,Chr1_21207374.0,21207374,0.0005854674,0,,,,
1,Chr1_21207380.0,21207380,0.0005854674,0,,,,
4,Chr4_4453511.0,4453511,0.0005857052,0,,,,
2,Chr2_6015145.0,6015145,0.0005857674,0,,,,
3,Chr3_15601309.0,15601309,0.0005859552,0,,,,
3,Chr3_14788220.0,14788220,0.0005866392,0,,,,
3,Chr3_14792696.0,14792696,0.0005866392,0,,,,
3,Chr3_14795781.0,14795781,0.0005866392,0,,,,
3,Chr3_14809524.0,14809524,0.0005866392,0,,,,
2,Chr2_4980355.0,4980355,0.0005866919,0,,,,
2,Chr2_4980378.0,4980378,0.0005866919,0,,,,
2,Chr2_5555106.0,5555106,0.0005872581,1,AT2G13370,AT2G13370,AT2G13370,0.0
1,Chr1_21723807.0,21723807,0.000587598,0,,,,
2,Chr2_5398792.0,5398792,0.0005878423,0,,,,
1,Chr1_16602104.0,16602104,0.0005892454,0,,,,
1,Chr1_16604254.0,16604254,0.0005892454,0,,,,
1,Chr1_16604575.0,16604575,0.0005892454,0,,,,
1,Chr1_3324321.0,3324321,0.0005893694,0,,,,
4,Chr4_9124907.0,9124907,0.0005894648,1,AT4G16130,AT4G16130,AT4G16130,0.0
4,Chr4_17404077.0,17404077,0.0005894766,1,AT4G36925,AT4G36925,AT4G36925,0.0
5,Chr5_8438878.0,8438878,0.000589492,1,AT5G24650,AT5G24650,AT5G24650,0.0
1,Chr1_11865249.0,11865249,0.0005897555,0,,,,
1,Chr1_3242419.0,3242419,0.0005897599,0,,,,
5,Chr5_15994113.0,15994113,0.0005899224,1,AT5G39960,AT5G39960,AT5G39960,0.0
5,Chr5_15994223.0,15994223,0.0005899224,1,AT5G39960,AT5G39960,AT5G39960,0.0
2,Chr2_5368190.0,5368190,0.0005899989,0,,,,
3,Chr3_13426172.0,13426172,0.0005909078,0,,,,
3,Chr3_10526637.0,10526637,0.0005909519,1,AT3G28220,AT3G28220,AT3G28220,0.0
5,Chr5_16682789.0,16682789,0.0005913999,0,,,,
1,Chr1_18176761.0,18176761,0.0005920006,0,,,,
1,Chr1_18176889.0,18176889,0.0005920006,1,AT1G49140,AT1G49140,AT1G49140,0.0
1,Chr1_18177034.0,18177034,0.0005920006,1,AT1G49140,AT1G49140,AT1G49140,0.0
2,Chr2_8292748.0,8292748,0.0005921601,0,,,,
1,Chr1_29204422.0,29204422,0.000592797,0,,,,
1,Chr1_10170230.0,10170230,0.000593543,0,,,,
1,Chr1_10185917.0,10185917,0.000593543,0,,,,
1,Chr1_10186779.0,10186779,0.000593543,0,,,,
5,Chr5_26023195.0,26023195,0.0005938197,0,,,,
5,Chr5_26027526.0,26027526,0.0005938197,0,,,,
1,Chr1_19590673.0,19590673,0.0005942346,1,AT1G52600,AT1G52600,AT1G52600,0.0
3,Chr3_18688744.0,18688744,0.0005942554,1,AT3G50380,AT3G50380,AT3G50380,0.0
3,Chr3_18708807.0,18708807,0.0005942554,0,,,,
3,Chr3_18713628.0,18713628,0.0005942554,1,AT3G50420,AT3G50420,AT3G50420,0.0
3,Chr3_18714506.0,18714506,0.0005942554,1,AT3G50430,AT3G50430,AT3G50430,0.0
3,Chr3_18720771.0,18720771,0.0005942554,0,,,,
3,Chr3_18721983.0,18721983,0.0005942554,0,,,,
1,Chr1_23804846.0,23804846,0.0005948811,2,AT1G64140;AT1G64142,AT1G64140,AT1G64140,0.0
5,Chr5_18417373.0,18417373,0.0005949043,1,AT5G45460,AT5G45460,AT5G45460,0.0
5,Chr5_18417636.0,18417636,0.0005949043,1,AT5G45460,AT5G45460,AT5G45460,0.0
5,Chr5_18418513.0,18418513,0.0005949043,1,AT5G45460,AT5G45460,AT5G45460,0.0
4,Chr4_9128768.0,9128768,0.0005954291,0,,,,
3,Chr3_15810473.0,15810473,0.0005954422,0,,,,
3,Chr3_14072108.0,14072108,0.0005962034,0,,,,
3,Chr3_14072505.0,14072505,0.0005962034,0,,,,
3,Chr3_14072631.0,14072631,0.0005962034,0,,,,
3,Chr3_14072679.0,14072679,0.0005962034,0,,,,
4,Chr4_11571189.0,11571189,0.0005974529,1,AT4G21790,AT4G21790,AT4G21790,0.0
5,Chr5_23147884.0,23147884,0.0005976437,1,AT5G57130,AT5G57130,AT5G57130,0.0
3,Chr3_22912927.0,22912927,0.0005978866,0,,,,
2,Chr2_7945428.0,7945428,0.0005980496,0,,,,
4,Chr4_17561655.0,17561655,0.0005983353,1,AT4G37320,AT4G37320,AT4G37320,0.0
4,Chr4_17561669.0,17561669,0.0005983353,1,AT4G37320,AT4G37320,AT4G37320,0.0
4,Chr4_17561869.0,17561869,0.0005983353,0,,,,
4,Chr4_17561983.0,17561983,0.0005983353,0,,,,
3,Chr3_396043.0,396043,0.0005984306,1,AT3G02170,AT3G02170,AT3G02170,0.0
3,Chr3_398663.0,398663,0.0005984306,1,AT3G02170,AT3G02170,AT3G02170,0.0
3,Chr3_21322944.0,21322944,0.0005984765,0,,,,
2,Chr2_5404064.0,5404064,0.0005986413,0,,,,
5,Chr5_10616163.0,10616163,0.000599146,0,,,,
1,Chr1_28992452.0,28992452,0.0005992279,0,,,,
5,Chr5_16621009.0,16621009,0.0005992487,0,,,,
1,Chr1_22829171.0,22829171,0.0005994793,0,,,,
2,Chr2_19690514.0,19690514,0.0005996127,1,AT2G48160,AT2G48160,AT2G48160,0.0
2,Chr2_19692844.0,19692844,0.0005996127,1,AT2G48160,AT2G48160,AT2G48160,0.0
2,Chr2_19694989.0,19694989,0.0005996127,1,AT2G48160,AT2G48160,AT2G48160,0.0
2,Chr2_19696416.0,19696416,0.0005996127,1,AT2G48160,AT2G48160,AT2G48160,0.0
2,Chr2_15415935.0,15415935,0.0005997915,1,AT2G36770,AT2G36770,AT2G36770,0.0
2,Chr2_5240661.0,5240661,0.000600173,0,,,,
5,Chr5_16463464.0,16463464,0.000600218,0,,,,
5,Chr5_13715184.0,13715184,0.0006004377,0,,,,
4,Chr4_6142321.0,6142321,0.0006008251,0,,,,
3,Chr3_2648358.0,2648358,0.0006010052,0,,,,
3,Chr3_16699957.0,16699957,0.0006010083,0,,,,
3,Chr3_16699993.0,16699993,0.0006010083,0,,,,
1,Chr1_14605128.0,14605128,0.0006010184,0,,,,
4,Chr4_17289969.0,17289969,0.0006011923,0,,,,
1,Chr1_19593002.0,19593002,0.0006014442,0,,,,
1,Chr1_19593077.0,19593077,0.0006014442,0,,,,
5,Chr5_25730733.0,25730733,0.0006021758,4,AT5G64340;AT5G64341;AT5G64342;AT5G64343,AT5G64340,AT5G64340,0.0
1,Chr1_12389794.0,12389794,0.0006023601,0,,,,
1,Chr1_12390113.0,12390113,0.0006023601,0,,,,
4,Chr4_9143251.0,9143251,0.0006026182,1,AT4G16146,AT4G16146,AT4G16146,0.0
3,Chr3_15875042.0,15875042,0.0006028101,1,AT3G44115,AT3G44115,AT3G44115,0.0
1,Chr1_28673092.0,28673092,0.0006031715,1,AT1G76420,AT1G76420,AT1G76420,0.0
3,Chr3_8237719.0,8237719,0.0006036668,0,,,,
5,Chr5_26445987.0,26445987,0.0006042645,1,AT5G66160,AT5G66160,AT5G66160,0.0
5,Chr5_26450819.0,26450819,0.0006042645,1,AT5G66180,AT5G66180,AT5G66180,0.0
1,Chr1_4224520.0,4224520,0.000604528,1,AT1G12410,AT1G12410,AT1G12410,0.0
3,Chr3_16014786.0,16014786,0.0006046259,1,AT3G44340,AT3G44340,AT3G44340,0.0
1,Chr1_28890652.0,28890652,0.0006050203,0,,,,
1,Chr1_11168299.0,11168299,0.0006051046,0,,,,
1,Chr1_11182397.0,11182397,0.0006051046,1,AT1G31280,AT1G31280,AT1G31280,0.0
1,Chr1_11184221.0,11184221,0.0006051046,1,AT1G31280,AT1G31280,AT1G31280,0.0
1,Chr1_11187141.0,11187141,0.0006051046,0,,,,
1,Chr1_11187748.0,11187748,0.0006051046,0,,,,
1,Chr1_11187753.0,11187753,0.0006051046,0,,,,
1,Chr1_11187754.0,11187754,0.0006051046,0,,,,
1,Chr1_11187762.0,11187762,0.0006051046,0,,,,
1,Chr1_11188681.0,11188681,0.0006051046,1,AT1G31290,AT1G31290,AT1G31290,0.0
1,Chr1_11188809.0,11188809,0.0006051046,1,AT1G31290,AT1G31290,AT1G31290,0.0
1,Chr1_4870549.0,4870549,0.0006054547,1,AT1G14250,AT1G14250,AT1G14250,0.0
1,Chr1_15751579.0,15751579,0.0006067337,0,,,,
4,Chr4_4318602.0,4318602,0.0006072155,0,,,,
2,Chr2_17774191.0,17774191,0.0006072228,1,AT2G42670,AT2G42670,AT2G42670,0.0
2,Chr2_5422184.0,5422184,0.0006080477,0,,,,
2,Chr2_5422905.0,5422905,0.0006080477,0,,,,
2,Chr2_5424205.0,5424205,0.0006080477,0,,,,
2,Chr2_5424533.0,5424533,0.0006080477,0,,,,
2,Chr2_5424612.0,5424612,0.0006080477,0,,,,
2,Chr2_5425528.0,5425528,0.0006080477,0,,,,
2,Chr2_5425613.0,5425613,0.0006080477,0,,,,
2,Chr2_5426130.0,5426130,0.0006080477,0,,,,
2,Chr2_5426768.0,5426768,0.0006080477,0,,,,
2,Chr2_5426897.0,5426897,0.0006080477,0,,,,
2,Chr2_5434597.0,5434597,0.0006080477,0,,,,
2,Chr2_5437275.0,5437275,0.0006080477,1,AT2G13150,AT2G13150,AT2G13150,0.0
2,Chr2_5437998.0,5437998,0.0006080477,1,AT2G13150,AT2G13150,AT2G13150,0.0
2,Chr2_5438640.0,5438640,0.0006080477,0,,,,
2,Chr2_5467870.0,5467870,0.0006080477,0,,,,
2,Chr2_5469403.0,5469403,0.0006080477,0,,,,
2,Chr2_5469507.0,5469507,0.0006080477,0,,,,
2,Chr2_5470519.0,5470519,0.0006080477,0,,,,
2,Chr2_5470800.0,5470800,0.0006080477,0,,,,
2,Chr2_5470816.0,5470816,0.0006080477,0,,,,
2,Chr2_5470825.0,5470825,0.0006080477,0,,,,
2,Chr2_5504666.0,5504666,0.0006080477,0,,,,
1,Chr1_29078859.0,29078859,0.0006087788,0,,,,
2,Chr2_5619860.0,5619860,0.0006089987,0,,,,
2,Chr2_1909611.0,1909611,0.0006090028,0,,,,
5,Chr5_25090188.0,25090188,0.00060901,1,AT5G62490,AT5G62490,AT5G62490,0.0
5,Chr5_5536001.0,5536001,0.0006095112,1,AT5G16840,AT5G16840,AT5G16840,0.0
1,Chr1_19459899.0,19459899,0.0006095381,0,,,,
5,Chr5_25815643.0,25815643,0.0006095873,0,,,,
4,Chr4_5916395.0,5916395,0.0006102782,0,,,,
3,Chr3_17895127.0,17895127,0.000610385,0,,,,
5,Chr5_9721068.0,9721068,0.0006109031,1,AT5G27530,AT5G27530,AT5G27530,0.0
5,Chr5_9721318.0,9721318,0.0006109031,0,,,,
5,Chr5_9721348.0,9721348,0.0006109031,0,,,,
4,Chr4_6831845.0,6831845,0.0006116215,0,,,,
3,Chr3_11265800.0,11265800,0.0006117054,0,,,,
1,Chr1_21215269.0,21215269,0.0006117964,1,AT1G56612,AT1G56612,AT1G56612,0.0
1,Chr1_21215900.0,21215900,0.0006117964,0,,,,
1,Chr1_21216639.0,21216639,0.0006117964,0,,,,
4,Chr4_7024420.0,7024420,0.0006125446,0,,,,
3,Chr3_9110564.0,9110564,0.000612592,1,AT3G25010,AT3G25010,AT3G25010,0.0
3,Chr3_9110580.0,9110580,0.000612592,1,AT3G25010,AT3G25010,AT3G25010,0.0
5,Chr5_102507.0,102507,0.0006125965,1,AT5G01250,AT5G01250,AT5G01250,0.0
2,Chr2_5383145.0,5383145,0.0006126055,0,,,,
3,Chr3_15421762.0,15421762,0.0006128671,0,,,,
5,Chr5_14644913.0,14644913,0.0006133652,1,AT5G37060,AT5G37060,AT5G37060,0.0
5,Chr5_9833216.0,9833216,0.0006135128,0,,,,
4,Chr4_3122528.0,3122528,0.000613717,0,,,,
2,Chr2_4778313.0,4778313,0.0006140262,0,,,,
1,Chr1_8321754.0,8321754,0.0006141644,1,AT1G23440,AT1G23440,AT1G23440,0.0
2,Chr2_13984478.0,13984478,0.0006155568,0,,,,
1,Chr1_5639141.0,5639141,0.0006157645,1,AT1G16500,AT1G16500,AT1G16500,0.0
1,Chr1_5639203.0,5639203,0.0006157645,1,AT1G16500,AT1G16500,AT1G16500,0.0
1,Chr1_5639328.0,5639328,0.0006157645,1,AT1G16500,AT1G16500,AT1G16500,0.0
1,Chr1_5639349.0,5639349,0.0006157645,1,AT1G16500,AT1G16500,AT1G16500,0.0
1,Chr1_5639365.0,5639365,0.0006157645,1,AT1G16500,AT1G16500,AT1G16500,0.0
2,Chr2_6249020.0,6249020,0.000616236,0,,,,
4,Chr4_5453033.0,5453033,0.0006164232,1,AT4G08560,AT4G08560,AT4G08560,0.0
4,Chr4_5453060.0,5453060,0.0006164232,1,AT4G08560,AT4G08560,AT4G08560,0.0
2,Chr2_4509508.0,4509508,0.0006169057,0,,,,
2,Chr2_4509913.0,4509913,0.0006169057,0,,,,
1,Chr1_17285901.0,17285901,0.0006172552,0,,,,
5,Chr5_26022718.0,26022718,0.0006174435,0,,,,
1,Chr1_29500940.0,29500940,0.000617672,0,,,,
1,Chr1_3688185.0,3688185,0.0006183225,1,AT1G11060,AT1G11060,AT1G11060,0.0
1,Chr1_29159558.0,29159558,0.0006184122,1,AT1G77600,AT1G77600,AT1G77600,0.0
5,Chr5_10381313.0,10381313,0.0006185333,0,,,,
5,Chr5_6077022.0,6077022,0.0006189482,1,AT5G18350,AT5G18350,AT5G18350,0.0
4,Chr4_15951485.0,15951485,0.0006193445,1,AT4G33060,AT4G33060,AT4G33060,0.0
1,Chr1_10182972.0,10182972,0.0006197831,0,,,,
1,Chr1_10183473.0,10183473,0.0006197831,0,,,,
1,Chr1_10184945.0,10184945,0.0006197831,0,,,,
1,Chr1_10185004.0,10185004,0.0006197831,0,,,,
2,Chr2_5392529.0,5392529,0.0006205179,0,,,,
1,Chr1_3343959.0,3343959,0.0006206527,1,AT1G10190,AT1G10190,AT1G10190,0.0
4,Chr4_10291731.0,10291731,0.0006207078,0,,,,
4,Chr4_10292225.0,10292225,0.0006207078,0,,,,
2,Chr2_249841.0,249841,0.0006210173,1,AT2G01554,AT2G01554,AT2G01554,0.0
5,Chr5_9848331.0,9848331,0.0006211482,0,,,,
5,Chr5_9848896.0,9848896,0.0006211482,0,,,,
2,Chr2_1899142.0,1899142,0.0006213383,0,,,,
2,Chr2_1899409.0,1899409,0.0006213383,0,,,,
5,Chr5_9954947.0,9954947,0.0006214891,0,,,,
5,Chr5_9954989.0,9954989,0.0006214891,0,,,,
5,Chr5_9954990.0,9954990,0.0006214891,0,,,,
1,Chr1_6788411.0,6788411,0.0006216393,0,,,,
4,Chr4_8012701.0,8012701,0.0006217989,1,AT4G13830,AT4G13830,AT4G13830,0.0
1,Chr1_3890719.0,3890719,0.0006220353,1,AT1G11580,AT1G11580,AT1G11580,0.0
3,Chr3_15380395.0,15380395,0.0006220483,0,,,,
1,Chr1_13102947.0,13102947,0.0006222354,0,,,,
1,Chr1_2317526.0,2317526,0.0006223949,0,,,,
3,Chr3_3571404.0,3571404,0.0006226291,1,AT3G11390,AT3G11390,AT3G11390,0.0
5,Chr5_13614919.0,13614919,0.00062286,0,,,,
4,Chr4_1678227.0,1678227,0.0006229944,0,,,,
2,Chr2_5281312.0,5281312,0.000623217,0,,,,
2,Chr2_19560113.0,19560113,0.0006243509,0,,,,
2,Chr2_19560446.0,19560446,0.0006243509,1,AT2G47750,AT2G47750,AT2G47750,0.0
4,Chr4_7774512.0,7774512,0.0006244159,0,,,,
3,Chr3_13209105.0,13209105,0.0006244658,0,,,,
4,Chr4_18399209.0,18399209,0.0006246778,1,AT4G39630,AT4G39630,AT4G39630,0.0
3,Chr3_22938964.0,22938964,0.0006253933,0,,,,
3,Chr3_22939043.0,22939043,0.0006253933,0,,,,
3,Chr3_22939061.0,22939061,0.0006253933,0,,,,
2,Chr2_139451.0,139451,0.0006260779,1,AT2G01270,AT2G01270,AT2G01270,0.0
2,Chr2_139493.0,139493,0.0006260779,1,AT2G01270,AT2G01270,AT2G01270,0.0
2,Chr2_139568.0,139568,0.0006260779,1,AT2G01270,AT2G01270,AT2G01270,0.0
2,Chr2_140124.0,140124,0.0006260779,1,AT2G01270,AT2G01270,AT2G01270,0.0
2,Chr2_141039.0,141039,0.0006260779,1,AT2G01270,AT2G01270,AT2G01270,0.0
2,Chr2_143394.0,143394,0.0006260779,1,AT2G01275,AT2G01275,AT2G01275,0.0
3,Chr3_7728979.0,7728979,0.0006270898,0,,,,
1,Chr1_23602208.0,23602208,0.0006270925,1,AT1G63650,AT1G63650,AT1G63650,0.0
5,Chr5_10753481.0,10753481,0.0006275105,0,,,,
5,Chr5_10754822.0,10754822,0.0006275105,0,,,,
5,Chr5_10759744.0,10759744,0.0006275105,0,,,,
2,Chr2_3133000.0,3133000,0.0006275141,0,,,,
5,Chr5_13623913.0,13623913,0.000627542,0,,,,
5,Chr5_13624199.0,13624199,0.000627542,0,,,,
5,Chr5_13625002.0,13625002,0.000627542,0,,,,
3,Chr3_13135229.0,13135229,0.0006278462,0,,,,
1,Chr1_24167195.0,24167195,0.0006282782,0,,,,
3,Chr3_3225768.0,3225768,0.0006282892,1,AT3G10380,AT3G10380,AT3G10380,0.0
3,Chr3_22758688.0,22758688,0.0006284579,1,AT3G61490,AT3G61490,AT3G61490,0.0
2,Chr2_18341540.0,18341540,0.0006286513,1,AT2G44450,AT2G44450,AT2G44450,0.0
4,Chr4_18380150.0,18380150,0.000628747,1,AT4G39540,AT4G39540,AT4G39540,0.0
2,Chr2_19480969.0,19480969,0.0006289087,0,,,,
2,Chr2_19480970.0,19480970,0.0006289087,0,,,,
2,Chr2_7379802.0,7379802,0.0006294129,1,AT2G16980,AT2G16980,AT2G16980,0.0
1,Chr1_14203302.0,14203302,0.0006299379,0,,,,
1,Chr1_26288469.0,26288469,0.0006299933,1,AT1G69830,AT1G69830,AT1G69830,0.0
3,Chr3_13292094.0,13292094,0.0006303009,0,,,,
1,Chr1_19594133.0,19594133,0.0006304864,0,,,,
2,Chr2_1669725.0,1669725,0.0006305326,0,,,,
1,Chr1_6778596.0,6778596,0.0006313768,0,,,,
5,Chr5_20166099.0,20166099,0.0006315497,0,,,,
4,Chr4_20874.0,20874,0.000632184,0,,,,
1,Chr1_1952981.0,1952981,0.0006336139,0,,,,
3,Chr3_15533612.0,15533612,0.000634285,0,,,,
3,Chr3_15534520.0,15534520,0.000634285,0,,,,
3,Chr3_15535829.0,15535829,0.000634285,0,,,,
3,Chr3_15537061.0,15537061,0.000634285,0,,,,
3,Chr3_15538535.0,15538535,0.000634285,0,,,,
1,Chr1_15005337.0,15005337,0.0006345166,0,,,,
1,Chr1_15005549.0,15005549,0.0006345166,0,,,,
1,Chr1_15006164.0,15006164,0.0006345166,0,,,,
1,Chr1_15006401.0,15006401,0.0006345166,0,,,,
1,Chr1_15007314.0,15007314,0.0006345166,0,,,,
3,Chr3_15138894.0,15138894,0.0006350625,0,,,,
1,Chr1_4359859.0,4359859,0.0006355379,1,AT1G12790,AT1G12790,AT1G12790,0.0
1,Chr1_4362109.0,4362109,0.0006355379,1,AT1G12800,AT1G12800,AT1G12800,0.0
2,Chr2_19491266.0,19491266,0.0006361824,0,,,,
5,Chr5_9719715.0,9719715,0.0006362946,1,AT5G27530,AT5G27530,AT5G27530,0.0
5,Chr5_9719717.0,9719717,0.0006362946,1,AT5G27530,AT5G27530,AT5G27530,0.0
5,Chr5_9719720.0,9719720,0.0006362946,1,AT5G27530,AT5G27530,AT5G27530,0.0
5,Chr5_9719767.0,9719767,0.0006362946,1,AT5G27530,AT5G27530,AT5G27530,0.0
5,Chr5_9610576.0,9610576,0.0006365895,0,,,,
2,Chr2_5785871.0,5785871,0.0006366161,0,,,,
5,Chr5_12598810.0,12598810,0.000636686,0,,,,
2,Chr2_5294963.0,5294963,0.0006368628,1,AT2G12900,AT2G12900,AT2G12900,0.0
3,Chr3_16731705.0,16731705,0.0006369899,0,,,,
3,Chr3_16732060.0,16732060,0.0006369899,0,,,,
3,Chr3_16732223.0,16732223,0.0006369899,0,,,,
3,Chr3_15697339.0,15697339,0.0006374786,0,,,,
5,Chr5_11504790.0,11504790,0.0006377838,0,,,,
2,Chr2_11907078.0,11907078,0.0006379456,0,,,,
2,Chr2_6958430.0,6958430,0.0006380793,0,,,,
1,Chr1_4397704.0,4397704,0.000639213,1,AT1G12920,AT1G12920,AT1G12920,0.0
2,Chr2_5655378.0,5655378,0.0006396232,0,,,,
2,Chr2_90361.0,90361,0.0006399078,1,AT2G01130,AT2G01130,AT2G01130,0.0
2,Chr2_91510.0,91510,0.0006399078,1,AT2G01130,AT2G01130,AT2G01130,0.0
3,Chr3_15875299.0,15875299,0.0006402085,1,AT3G44115,AT3G44115,AT3G44115,0.0
4,Chr4_7036384.0,7036384,0.0006402383,0,,,,
5,Chr5_16721354.0,16721354,0.0006406004,0,,,,
1,Chr1_13297600.0,13297600,0.0006408826,0,,,,
4,Chr4_5914805.0,5914805,0.0006409574,0,,,,
3,Chr3_15754592.0,15754592,0.0006412082,1,AT3G43920,AT3G43920,AT3G43920,0.0
1,Chr1_27834677.0,27834677,0.0006416701,0,,,,
1,Chr1_23362683.0,23362683,0.0006431066,0,,,,
1,Chr1_23362685.0,23362685,0.0006431066,0,,,,
5,Chr5_9950401.0,9950401,0.0006432957,0,,,,
4,Chr4_11850227.0,11850227,0.0006435126,1,AT4G22490,AT4G22490,AT4G22490,0.0
4,Chr4_11850528.0,11850528,0.0006435126,0,,,,
1,Chr1_29506749.0,29506749,0.0006450111,1,AT1G78420,AT1G78420,AT1G78420,0.0
1,Chr1_13107482.0,13107482,0.0006450417,0,,,,
4,Chr4_4120221.0,4120221,0.000645165,0,,,,
2,Chr2_667880.0,667880,0.0006457127,1,AT2G02490,AT2G02490,AT2G02490,0.0
3,Chr3_22940974.0,22940974,0.0006462732,1,AT3G61950,AT3G61950,AT3G61950,0.0
5,Chr5_787180.0,787180,0.0006466642,0,,,,
3,Chr3_16502251.0,16502251,0.0006468089,0,,,,
3,Chr3_11276334.0,11276334,0.000646829,0,,,,
2,Chr2_6935393.0,6935393,0.0006469354,1,AT2G15910,AT2G15910,AT2G15910,0.0
3,Chr3_136611.0,136611,0.0006477846,2,AT3G01350;AT3G01360,AT3G01350,AT3G01350,0.0
3,Chr3_136613.0,136613,0.0006477846,2,AT3G01350;AT3G01360,AT3G01350,AT3G01350,0.0
1,Chr1_2143370.0,2143370,0.0006478735,1,AT1G06980,AT1G06980,AT1G06980,0.0
5,Chr5_26276775.0,26276775,0.0006489186,0,,,,
5,Chr5_25090055.0,25090055,0.0006491349,0,,,,
4,Chr4_15491184.0,15491184,0.0006491405,1,AT4G32030,AT4G32030,AT4G32030,0.0
3,Chr3_18543754.0,18543754,0.0006493421,0,,,,
4,Chr4_4118902.0,4118902,0.0006494166,0,,,,
4,Chr4_9053841.0,9053841,0.0006494268,0,,,,
4,Chr4_9054261.0,9054261,0.0006494268,0,,,,
2,Chr2_677172.0,677172,0.0006497688,1,AT2G02520,AT2G02520,AT2G02520,0.0
2,Chr2_13997284.0,13997284,0.0006499505,0,,,,
2,Chr2_13997317.0,13997317,0.0006499505,0,,,,
2,Chr2_13997330.0,13997330,0.0006499505,0,,,,
2,Chr2_13997334.0,13997334,0.0006499505,0,,,,
2,Chr2_13997397.0,13997397,0.0006499505,1,AT2G32980,AT2G32980,AT2G32980,0.0
2,Chr2_13997398.0,13997398,0.0006499505,1,AT2G32980,AT2G32980,AT2G32980,0.0
2,Chr2_13997399.0,13997399,0.0006499505,1,AT2G32980,AT2G32980,AT2G32980,0.0
2,Chr2_13997403.0,13997403,0.0006499505,1,AT2G32980,AT2G32980,AT2G32980,0.0
2,Chr2_13997422.0,13997422,0.0006499505,1,AT2G32980,AT2G32980,AT2G32980,0.0
2,Chr2_13997470.0,13997470,0.0006499505,1,AT2G32980,AT2G32980,AT2G32980,0.0
5,Chr5_499100.0,499100,0.000650273,0,,,,
5,Chr5_499334.0,499334,0.000650273,0,,,,
5,Chr5_518232.0,518232,0.000650273,1,AT5G02410,AT5G02410,AT5G02410,0.0
3,Chr3_15814148.0,15814148,0.0006503623,0,,,,
1,Chr1_4287776.0,4287776,0.000650793,1,AT1G12600,AT1G12600,AT1G12600,0.0
1,Chr1_4287857.0,4287857,0.000650793,1,AT1G12600,AT1G12600,AT1G12600,0.0
1,Chr1_4287913.0,4287913,0.000650793,1,AT1G12600,AT1G12600,AT1G12600,0.0
2,Chr2_7477206.0,7477206,0.000650807,1,AT2G17180,AT2G17180,AT2G17180,0.0
2,Chr2_7477485.0,7477485,0.000650807,1,AT2G17180,AT2G17180,AT2G17180,0.0
4,Chr4_16807855.0,16807855,0.0006509572,1,AT4G35335,AT4G35335,AT4G35335,0.0
4,Chr4_9700691.0,9700691,0.0006511036,0,,,,
4,Chr4_1515399.0,1515399,0.0006515333,0,,,,
1,Chr1_3323906.0,3323906,0.0006517481,0,,,,
1,Chr1_3323910.0,3323910,0.0006517481,0,,,,
1,Chr1_3323911.0,3323911,0.0006517481,0,,,,
1,Chr1_3323926.0,3323926,0.0006517481,0,,,,
5,Chr5_153459.0,153459,0.0006518156,1,AT5G01370,AT5G01370,AT5G01370,0.0
1,Chr1_21723941.0,21723941,0.0006518572,0,,,,
1,Chr1_4892295.0,4892295,0.0006526293,0,,,,
1,Chr1_12187258.0,12187258,0.0006530424,1,AT1G33607,AT1G33607,AT1G33607,0.0
1,Chr1_12187265.0,12187265,0.0006530424,1,AT1G33607,AT1G33607,AT1G33607,0.0
1,Chr1_12187281.0,12187281,0.0006530424,1,AT1G33607,AT1G33607,AT1G33607,0.0
1,Chr1_12187289.0,12187289,0.0006530424,1,AT1G33607,AT1G33607,AT1G33607,0.0
1,Chr1_12187313.0,12187313,0.0006530424,1,AT1G33607,AT1G33607,AT1G33607,0.0
1,Chr1_12187320.0,12187320,0.0006530424,1,AT1G33607,AT1G33607,AT1G33607,0.0
4,Chr4_11975578.0,11975578,0.0006530485,1,AT4G22790,AT4G22790,AT4G22790,0.0
4,Chr4_3122291.0,3122291,0.0006535251,0,,,,
5,Chr5_553375.0,553375,0.0006549951,0,,,,
3,Chr3_18719174.0,18719174,0.0006555797,0,,,,
3,Chr3_11681993.0,11681993,0.0006564621,0,,,,
3,Chr3_11684767.0,11684767,0.0006564621,0,,,,
3,Chr3_14844603.0,14844603,0.0006568614,0,,,,
3,Chr3_15347681.0,15347681,0.0006572513,0,,,,
4,Chr4_1042939.0,1042939,0.0006574326,1,AT4G02370,AT4G02370,AT4G02370,0.0
3,Chr3_15630913.0,15630913,0.0006593253,0,,,,
4,Chr4_18471070.0,18471070,0.000659391,1,AT4G39800,AT4G39800,AT4G39800,0.0
1,Chr1_3307964.0,3307964,0.0006595017,0,,,,
4,Chr4_745669.0,745669,0.0006596048,1,AT4G01720,AT4G01720,AT4G01720,0.0
3,Chr3_20566771.0,20566771,0.0006600278,1,AT3G55480,AT3G55480,AT3G55480,0.0
3,Chr3_20567299.0,20567299,0.0006600278,1,AT3G55480,AT3G55480,AT3G55480,0.0
3,Chr3_20570259.0,20570259,0.0006600278,1,AT3G55480,AT3G55480,AT3G55480,0.0
3,Chr3_20570319.0,20570319,0.0006600278,1,AT3G55480,AT3G55480,AT3G55480,0.0
3,Chr3_20570639.0,20570639,0.0006600278,1,AT3G55480,AT3G55480,AT3G55480,0.0
3,Chr3_20570726.0,20570726,0.0006600278,1,AT3G55480,AT3G55480,AT3G55480,0.0
3,Chr3_20570731.0,20570731,0.0006600278,1,AT3G55480,AT3G55480,AT3G55480,0.0
3,Chr3_20570782.0,20570782,0.0006600278,1,AT3G55480,AT3G55480,AT3G55480,0.0
3,Chr3_20570894.0,20570894,0.0006600278,1,AT3G55480,AT3G55480,AT3G55480,0.0
3,Chr3_20570962.0,20570962,0.0006600278,1,AT3G55480,AT3G55480,AT3G55480,0.0
3,Chr3_20571037.0,20571037,0.0006600278,1,AT3G55480,AT3G55480,AT3G55480,0.0
1,Chr1_13299816.0,13299816,0.0006601495,0,,,,
2,Chr2_7420920.0,7420920,0.0006602391,0,,,,
1,Chr1_17296110.0,17296110,0.0006604452,0,,,,
5,Chr5_10658351.0,10658351,0.0006608034,0,,,,
3,Chr3_11038023.0,11038023,0.0006609354,1,AT3G29040,AT3G29040,AT3G29040,0.0
5,Chr5_285773.0,285773,0.0006620366,0,,,,
3,Chr3_16756150.0,16756150,0.0006627613,1,AT3G45638,AT3G45638,AT3G45638,0.0
4,Chr4_9422574.0,9422574,0.0006628525,0,,,,
2,Chr2_4315413.0,4315413,0.0006631454,1,AT2G10950,AT2G10950,AT2G10950,0.0
2,Chr2_19566295.0,19566295,0.0006632491,1,AT2G47760,AT2G47760,AT2G47760,0.0
2,Chr2_15708594.0,15708594,0.0006635124,0,,,,
5,Chr5_15043251.0,15043251,0.0006639421,0,,,,
5,Chr5_135049.0,135049,0.0006640432,0,,,,
1,Chr1_4363791.0,4363791,0.0006647144,1,AT1G12800,AT1G12800,AT1G12800,0.0
5,Chr5_1969667.0,1969667,0.0006650256,0,,,,
1,Chr1_13306352.0,13306352,0.0006650498,0,,,,
1,Chr1_13307189.0,13307189,0.0006650498,0,,,,
2,Chr2_18641026.0,18641026,0.0006655478,0,,,,
2,Chr2_888955.0,888955,0.0006658033,0,,,,
2,Chr2_5091993.0,5091993,0.0006658902,0,,,,
3,Chr3_11871850.0,11871850,0.0006661884,0,,,,
3,Chr3_11872048.0,11872048,0.0006661884,0,,,,
3,Chr3_11910342.0,11910342,0.0006661884,1,AT3G30260,AT3G30260,AT3G30260,0.0
1,Chr1_24652147.0,24652147,0.0006663057,0,,,,
4,Chr4_1809977.0,1809977,0.0006664454,0,,,,
3,Chr3_11865624.0,11865624,0.0006664866,0,,,,
3,Chr3_11866073.0,11866073,0.0006664866,0,,,,
3,Chr3_8820026.0,8820026,0.0006667006,0,,,,
2,Chr2_6993634.0,6993634,0.0006668506,0,,,,
3,Chr3_15992743.0,15992743,0.0006672332,0,,,,
4,Chr4_5615676.0,5615676,0.0006677187,1,AT4G08800,AT4G08800,AT4G08800,0.0
3,Chr3_15618588.0,15618588,0.0006678812,0,,,,
5,Chr5_10727986.0,10727986,0.0006680909,0,,,,
2,Chr2_610908.0,610908,0.000668598,1,AT2G02320,AT2G02320,AT2G02320,0.0
1,Chr1_5733199.0,5733199,0.000669071,0,,,,
5,Chr5_11753996.0,11753996,0.000669138,0,,,,
2,Chr2_6972811.0,6972811,0.0006693008,1,AT2G16018,AT2G16018,AT2G16018,0.0
5,Chr5_2141908.0,2141908,0.0006706936,1,AT5G06910,AT5G06910,AT5G06910,0.0
5,Chr5_2142103.0,2142103,0.0006706936,1,AT5G06910,AT5G06910,AT5G06910,0.0
5,Chr5_2143119.0,2143119,0.0006706936,1,AT5G06920,AT5G06920,AT5G06920,0.0
5,Chr5_2147359.0,2147359,0.0006706936,1,AT5G06930,AT5G06930,AT5G06930,0.0
5,Chr5_2151799.0,2151799,0.0006706936,1,AT5G06950,AT5G06950,AT5G06950,0.0
5,Chr5_2153384.0,2153384,0.0006706936,1,AT5G06950,AT5G06950,AT5G06950,0.0
4,Chr4_3032192.0,3032192,0.0006710962,0,,,,
1,Chr1_6803748.0,6803748,0.0006719708,1,AT1G19670,AT1G19670,AT1G19670,0.0
4,Chr4_11584221.0,11584221,0.0006721803,0,,,,
2,Chr2_676936.0,676936,0.0006727474,1,AT2G02520,AT2G02520,AT2G02520,0.0
2,Chr2_677060.0,677060,0.0006727474,1,AT2G02520,AT2G02520,AT2G02520,0.0
2,Chr2_7945470.0,7945470,0.0006732194,0,,,,
1,Chr1_1659946.0,1659946,0.0006743643,0,,,,
2,Chr2_5389288.0,5389288,0.0006754733,0,,,,
3,Chr3_16732299.0,16732299,0.0006754842,0,,,,
3,Chr3_18709810.0,18709810,0.0006755772,1,AT3G50410,AT3G50410,AT3G50410,0.0
3,Chr3_21324407.0,21324407,0.0006768143,0,,,,
4,Chr4_9121201.0,9121201,0.0006768241,1,AT4G16130,AT4G16130,AT4G16130,0.0
2,Chr2_1904675.0,1904675,0.0006770152,0,,,,
1,Chr1_26250379.0,26250379,0.0006770538,1,AT1G69770,AT1G69770,AT1G69770,0.0
1,Chr1_26253954.0,26253954,0.0006770538,0,,,,
2,Chr2_5455190.0,5455190,0.0006771966,0,,,,
5,Chr5_26298778.0,26298778,0.0006775532,0,,,,
5,Chr5_13571850.0,13571850,0.0006779421,0,,,,
5,Chr5_13573935.0,13573935,0.0006779421,0,,,,
5,Chr5_13593073.0,13593073,0.0006779421,1,AT5G35375,AT5G35375,AT5G35375,0.0
4,Chr4_15447806.0,15447806,0.0006779481,0,,,,
2,Chr2_5380973.0,5380973,0.0006782651,0,,,,
2,Chr2_5381989.0,5381989,0.0006782651,0,,,,
2,Chr2_5382458.0,5382458,0.0006782651,0,,,,
2,Chr2_5383729.0,5383729,0.0006782651,0,,,,
2,Chr2_19220023.0,19220023,0.0006783595,0,,,,
5,Chr5_212152.0,212152,0.0006793074,2,AT5G01540;AT5G01542,AT5G01540,AT5G01540,0.0
3,Chr3_3059290.0,3059290,0.000679627,0,,,,
3,Chr3_3059307.0,3059307,0.000679627,0,,,,
3,Chr3_15853283.0,15853283,0.0006798904,0,,,,
1,Chr1_7975947.0,7975947,0.0006799174,0,,,,
4,Chr4_1676153.0,1676153,0.0006800439,0,,,,
2,Chr2_5592320.0,5592320,0.0006800973,0,,,,
2,Chr2_5593825.0,5593825,0.0006800973,1,AT2G13440,AT2G13440,AT2G13440,0.0
2,Chr2_5595039.0,5595039,0.0006800973,1,AT2G13440,AT2G13440,AT2G13440,0.0
2,Chr2_5596011.0,5596011,0.0006800973,1,AT2G13440,AT2G13440,AT2G13440,0.0
3,Chr3_11873827.0,11873827,0.0006805376,0,,,,
3,Chr3_11876074.0,11876074,0.0006805376,0,,,,
3,Chr3_11876598.0,11876598,0.0006805376,0,,,,
3,Chr3_11880164.0,11880164,0.0006805376,1,AT3G30230,AT3G30230,AT3G30230,0.0
3,Chr3_15956741.0,15956741,0.0006812924,0,,,,
3,Chr3_11532343.0,11532343,0.0006813043,1,AT3G29680,AT3G29680,AT3G29680,0.0
3,Chr3_11583201.0,11583201,0.0006813043,0,,,,
3,Chr3_11583445.0,11583445,0.0006813043,0,,,,
3,Chr3_11583481.0,11583481,0.0006813043,0,,,,
3,Chr3_11584709.0,11584709,0.0006813043,0,,,,
3,Chr3_11585462.0,11585462,0.0006813043,0,,,,
3,Chr3_11585651.0,11585651,0.0006813043,0,,,,
3,Chr3_15803331.0,15803331,0.0006815902,0,,,,
3,Chr3_15803353.0,15803353,0.0006815902,0,,,,
3,Chr3_15803477.0,15803477,0.0006815902,0,,,,
3,Chr3_15803748.0,15803748,0.0006815902,0,,,,
3,Chr3_15804941.0,15804941,0.0006815902,0,,,,
3,Chr3_15807230.0,15807230,0.0006815902,0,,,,
3,Chr3_15807422.0,15807422,0.0006815902,0,,,,
3,Chr3_15809379.0,15809379,0.0006815902,0,,,,
3,Chr3_15809570.0,15809570,0.0006815902,0,,,,
3,Chr3_15810445.0,15810445,0.0006815902,0,,,,
3,Chr3_15810745.0,15810745,0.0006815902,0,,,,
5,Chr5_21377012.0,21377012,0.0006817883,1,AT5G52710,AT5G52710,AT5G52710,0.0
5,Chr5_21377813.0,21377813,0.0006817883,1,AT5G52710,AT5G52710,AT5G52710,0.0
5,Chr5_21378473.0,21378473,0.0006817883,0,,,,
5,Chr5_21380372.0,21380372,0.0006817883,1,AT5G52730,AT5G52730,AT5G52730,0.0
5,Chr5_21381765.0,21381765,0.0006817883,0,,,,
5,Chr5_21382771.0,21382771,0.0006817883,1,AT5G52740,AT5G52740,AT5G52740,0.0
5,Chr5_21384882.0,21384882,0.0006817883,1,AT5G52750,AT5G52750,AT5G52750,0.0
5,Chr5_21393125.0,21393125,0.0006817883,1,AT5G52790,AT5G52790,AT5G52790,0.0
5,Chr5_21410267.0,21410267,0.0006817883,0,,,,
5,Chr5_21410332.0,21410332,0.0006817883,0,,,,
5,Chr5_21414987.0,21414987,0.0006817883,2,AT5G52840;AT5G52850,AT5G52840,AT5G52840,0.0
1,Chr1_29782405.0,29782405,0.0006820108,1,AT1G79170,AT1G79170,AT1G79170,0.0
1,Chr1_15663286.0,15663286,0.0006820332,0,,,,
1,Chr1_15671287.0,15671287,0.0006820332,0,,,,
1,Chr1_15703940.0,15703940,0.0006820332,0,,,,
1,Chr1_15737995.0,15737995,0.0006820332,0,,,,
5,Chr5_23102250.0,23102250,0.0006825353,1,AT5G57090,AT5G57090,AT5G57090,0.0
2,Chr2_11053556.0,11053556,0.0006826593,0,,,,
2,Chr2_19091495.0,19091495,0.0006830986,1,AT2G46510,AT2G46510,AT2G46510,0.0
1,Chr1_29785490.0,29785490,0.0006843376,0,,,,
3,Chr3_15427973.0,15427973,0.0006844367,0,,,,
2,Chr2_10191750.0,10191750,0.0006845685,0,,,,
4,Chr4_11745729.0,11745729,0.0006845992,0,,,,
2,Chr2_184216.0,184216,0.0006846896,1,AT2G01422,AT2G01422,AT2G01422,0.0
5,Chr5_6418975.0,6418975,0.000685014,1,AT5G19130,AT5G19130,AT5G19130,0.0
5,Chr5_5937022.0,5937022,0.0006851284,1,AT5G17920,AT5G17920,AT5G17920,0.0
5,Chr5_5938450.0,5938450,0.0006851284,1,AT5G17920,AT5G17920,AT5G17920,0.0
5,Chr5_5943394.0,5943394,0.0006851284,1,AT5G17930,AT5G17930,AT5G17930,0.0
3,Chr3_20540166.0,20540166,0.0006851307,0,,,,
4,Chr4_3111754.0,3111754,0.0006855077,0,,,,
4,Chr4_3112371.0,3112371,0.0006855077,0,,,,
2,Chr2_252472.0,252472,0.0006867166,0,,,,
3,Chr3_22396679.0,22396679,0.0006870178,0,,,,
3,Chr3_22452308.0,22452308,0.0006870178,1,AT3G60740,AT3G60740,AT3G60740,0.0
3,Chr3_18049758.0,18049758,0.0006870843,1,AT3G48730,AT3G48730,AT3G48730,0.0
3,Chr3_15577356.0,15577356,0.0006879478,0,,,,
4,Chr4_745513.0,745513,0.0006887014,1,AT4G01720,AT4G01720,AT4G01720,0.0
3,Chr3_3137294.0,3137294,0.000688795,1,AT3G10140,AT3G10140,AT3G10140,0.0
4,Chr4_14641513.0,14641513,0.000689085,0,,,,
4,Chr4_18519758.0,18519758,0.0006893382,1,AT4G39940,AT4G39940,AT4G39940,0.0
3,Chr3_10461040.0,10461040,0.0006897654,0,,,,
2,Chr2_8368010.0,8368010,0.0006897783,0,,,,
5,Chr5_356340.0,356340,0.0006900975,0,,,,
5,Chr5_356547.0,356547,0.0006900975,0,,,,
5,Chr5_356839.0,356839,0.0006900975,0,,,,
1,Chr1_22233922.0,22233922,0.0006901738,0,,,,
5,Chr5_11591149.0,11591149,0.0006902327,0,,,,
1,Chr1_1073087.0,1073087,0.0006903062,0,,,,
1,Chr1_1073660.0,1073660,0.0006903062,1,AT1G04130,AT1G04130,AT1G04130,0.0
1,Chr1_1073777.0,1073777,0.0006903062,1,AT1G04130,AT1G04130,AT1G04130,0.0
1,Chr1_1073807.0,1073807,0.0006903062,1,AT1G04130,AT1G04130,AT1G04130,0.0
1,Chr1_1073819.0,1073819,0.0006903062,1,AT1G04130,AT1G04130,AT1G04130,0.0
3,Chr3_21074073.0,21074073,0.0006903792,1,AT3G56930,AT3G56930,AT3G56930,0.0
3,Chr3_4495007.0,4495007,0.000690914,0,,,,
4,Chr4_7175132.0,7175132,0.0006909671,1,AT4G11960,AT4G11960,AT4G11960,0.0
2,Chr2_1896453.0,1896453,0.0006916054,0,,,,
2,Chr2_19301840.0,19301840,0.0006916714,1,AT2G46980,AT2G46980,AT2G46980,0.0
1,Chr1_2321225.0,2321225,0.0006917341,0,,,,
1,Chr1_2321624.0,2321624,0.0006917341,0,,,,
4,Chr4_2508054.0,2508054,0.0006918214,0,,,,
4,Chr4_1236085.0,1236085,0.0006919053,0,,,,
4,Chr4_5611586.0,5611586,0.0006920678,0,,,,
3,Chr3_11743579.0,11743579,0.0006924258,0,,,,
4,Chr4_8427511.0,8427511,0.0006925084,1,AT4G14713,AT4G14713,AT4G14713,0.0
4,Chr4_8427512.0,8427512,0.0006925084,1,AT4G14713,AT4G14713,AT4G14713,0.0
5,Chr5_16455505.0,16455505,0.0006928675,1,AT5G41120,AT5G41120,AT5G41120,0.0
3,Chr3_15803523.0,15803523,0.000693072,0,,,,
4,Chr4_439446.0,439446,0.0006933615,1,AT4G01020,AT4G01020,AT4G01020,0.0
1,Chr1_1150797.0,1150797,0.0006934849,1,AT1G04300,AT1G04300,AT1G04300,0.0
1,Chr1_29186215.0,29186215,0.000693597,1,AT1G77660,AT1G77660,AT1G77660,0.0
1,Chr1_6267445.0,6267445,0.0006938747,1,AT1G18210,AT1G18210,AT1G18210,0.0
1,Chr1_6268916.0,6268916,0.0006938747,0,,,,
1,Chr1_13280790.0,13280790,0.0006938902,0,,,,
5,Chr5_20964205.0,20964205,0.0006939703,1,AT5G51600,AT5G51600,AT5G51600,0.0
4,Chr4_17404314.0,17404314,0.0006941328,1,AT4G36925,AT4G36925,AT4G36925,0.0
4,Chr4_17404378.0,17404378,0.0006941328,1,AT4G36925,AT4G36925,AT4G36925,0.0
4,Chr4_17404390.0,17404390,0.0006941328,1,AT4G36925,AT4G36925,AT4G36925,0.0
4,Chr4_17404497.0,17404497,0.0006941328,0,,,,
4,Chr4_17404930.0,17404930,0.0006941328,0,,,,
4,Chr4_4072923.0,4072923,0.000694579,0,,,,
1,Chr1_2988803.0,2988803,0.0006947591,0,,,,
1,Chr1_21725227.0,21725227,0.0006952874,0,,,,
4,Chr4_5723861.0,5723861,0.0006955322,0,,,,
2,Chr2_5395283.0,5395283,0.0006957872,0,,,,
4,Chr4_8880507.0,8880507,0.0006958228,0,,,,
2,Chr2_17843055.0,17843055,0.0006960201,1,AT2G42880,AT2G42880,AT2G42880,0.0
2,Chr2_5482474.0,5482474,0.0006965436,0,,,,
4,Chr4_6719365.0,6719365,0.0006980085,1,AT4G10970,AT4G10970,AT4G10970,0.0
4,Chr4_3548927.0,3548927,0.0006985518,0,,,,
4,Chr4_1912045.0,1912045,0.0006985841,0,,,,
2,Chr2_5278528.0,5278528,0.0006987862,0,,,,
1,Chr1_16631876.0,16631876,0.000699203,0,,,,
5,Chr5_26459768.0,26459768,0.0006992746,1,AT5G66211,AT5G66211,AT5G66211,0.0
3,Chr3_15342068.0,15342068,0.0007001653,0,,,,
1,Chr1_2816903.0,2816903,0.0007003571,1,AT1G08800,AT1G08800,AT1G08800,0.0
5,Chr5_6980193.0,6980193,0.0007004958,1,AT5G20635,AT5G20635,AT5G20635,0.0
5,Chr5_6980926.0,6980926,0.0007004958,1,AT5G20635,AT5G20635,AT5G20635,0.0
4,Chr4_3391517.0,3391517,0.0007006619,0,,,,
5,Chr5_16053592.0,16053592,0.0007006784,0,,,,
1,Chr1_6772600.0,6772600,0.0007009691,0,,,,
5,Chr5_13414680.0,13414680,0.0007009767,0,,,,
5,Chr5_13432059.0,13432059,0.0007009767,1,AT5G35180,AT5G35180,AT5G35180,0.0
5,Chr5_13434285.0,13434285,0.0007009767,1,AT5G35190,AT5G35190,AT5G35190,0.0
5,Chr5_13476975.0,13476975,0.0007009767,1,AT5G35210,AT5G35210,AT5G35210,0.0
5,Chr5_13484510.0,13484510,0.0007009767,1,AT5G35220,AT5G35220,AT5G35220,0.0
5,Chr5_13523071.0,13523071,0.0007009767,1,AT5G35320,AT5G35320,AT5G35320,0.0
5,Chr5_13523493.0,13523493,0.0007009767,1,AT5G35330,AT5G35330,AT5G35330,0.0
5,Chr5_13525519.0,13525519,0.0007009767,1,AT5G35330,AT5G35330,AT5G35330,0.0
5,Chr5_13526127.0,13526127,0.0007009767,0,,,,
5,Chr5_13527104.0,13527104,0.0007009767,0,,,,
5,Chr5_13527873.0,13527873,0.0007009767,0,,,,
5,Chr5_13529800.0,13529800,0.0007009767,0,,,,
5,Chr5_13551653.0,13551653,0.0007009767,0,,,,
5,Chr5_13555666.0,13555666,0.0007009767,0,,,,
5,Chr5_13561574.0,13561574,0.0007009767,0,,,,
5,Chr5_13584075.0,13584075,0.0007009767,0,,,,
5,Chr5_10701519.0,10701519,0.0007009819,0,,,,
5,Chr5_10702251.0,10702251,0.0007009819,0,,,,
5,Chr5_10702539.0,10702539,0.0007009819,0,,,,
5,Chr5_13340499.0,13340499,0.0007010162,0,,,,
1,Chr1_11311622.0,11311622,0.0007012631,1,AT1G31580,AT1G31580,AT1G31580,0.0
3,Chr3_2501014.0,2501014,0.0007012667,1,AT3G07830,AT3G07830,AT3G07830,0.0
1,Chr1_10163469.0,10163469,0.0007013727,1,AT1G29090,AT1G29090,AT1G29090,0.0
5,Chr5_13622315.0,13622315,0.0007017551,0,,,,
5,Chr5_13622913.0,13622913,0.0007017551,0,,,,
5,Chr5_12953789.0,12953789,0.0007018238,0,,,,
1,Chr1_12188632.0,12188632,0.0007020862,0,,,,
2,Chr2_17165236.0,17165236,0.0007020867,2,AT2G41178;AT2G41180,AT2G41178,AT2G41178,0.0
5,Chr5_14863600.0,14863600,0.0007022952,0,,,,
1,Chr1_29048870.0,29048870,0.0007023601,1,AT1G77300,AT1G77300,AT1G77300,0.0
1,Chr1_29048902.0,29048902,0.0007023601,1,AT1G77300,AT1G77300,AT1G77300,0.0
2,Chr2_13856233.0,13856233,0.0007023808,0,,,,
5,Chr5_13551739.0,13551739,0.0007024912,0,,,,
2,Chr2_14083035.0,14083035,0.0007025954,1,AT2G33233,AT2G33233,AT2G33233,0.0
2,Chr2_14083044.0,14083044,0.0007025954,1,AT2G33233,AT2G33233,AT2G33233,0.0
4,Chr4_18014352.0,18014352,0.0007029708,1,AT4G38510,AT4G38510,AT4G38510,0.0
2,Chr2_5263939.0,5263939,0.0007030896,0,,,,
3,Chr3_18673627.0,18673627,0.0007037284,1,AT3G50350,AT3G50350,AT3G50350,0.0
4,Chr4_18012644.0,18012644,0.0007038858,1,AT4G38510,AT4G38510,AT4G38510,0.0
5,Chr5_545582.0,545582,0.00070402,0,,,,
4,Chr4_17390452.0,17390452,0.0007041999,0,,,,
4,Chr4_17391497.0,17391497,0.0007041999,1,AT4G36910,AT4G36910,AT4G36910,0.0
5,Chr5_21056798.0,21056798,0.0007044348,1,AT5G51810,AT5G51810,AT5G51810,0.0
5,Chr5_21056799.0,21056799,0.0007044348,1,AT5G51810,AT5G51810,AT5G51810,0.0
2,Chr2_252728.0,252728,0.0007050233,0,,,,
4,Chr4_17579084.0,17579084,0.0007051159,0,,,,
4,Chr4_15459314.0,15459314,0.0007055536,1,AT4G31960,AT4G31960,AT4G31960,0.0
1,Chr1_3766852.0,3766852,0.0007056217,1,AT1G11240,AT1G11240,AT1G11240,0.0
1,Chr1_3766859.0,3766859,0.0007056217,1,AT1G11240,AT1G11240,AT1G11240,0.0
1,Chr1_3766864.0,3766864,0.0007056217,1,AT1G11240,AT1G11240,AT1G11240,0.0
3,Chr3_12239303.0,12239303,0.0007066246,0,,,,
5,Chr5_16132879.0,16132879,0.0007071483,1,AT5G40340,AT5G40340,AT5G40340,0.0
5,Chr5_25120024.0,25120024,0.0007073884,1,AT5G62580,AT5G62580,AT5G62580,0.0
5,Chr5_25132519.0,25132519,0.0007073884,1,AT5G62600,AT5G62600,AT5G62600,0.0
2,Chr2_19551009.0,19551009,0.0007080963,0,,,,
2,Chr2_19551053.0,19551053,0.0007080963,0,,,,
1,Chr1_18449267.0,18449267,0.0007085876,0,,,,
5,Chr5_12574078.0,12574078,0.0007086875,0,,,,
1,Chr1_13107067.0,13107067,0.0007093931,0,,,,
2,Chr2_11517956.0,11517956,0.0007094278,1,AT2G26980,AT2G26980,AT2G26980,0.0
4,Chr4_1049438.0,1049438,0.0007096297,0,,,,
1,Chr1_19510469.0,19510469,0.0007099555,1,AT1G52380,AT1G52380,AT1G52380,0.0
2,Chr2_7855300.0,7855300,0.0007101448,0,,,,
5,Chr5_9362399.0,9362399,0.000710839,0,,,,
5,Chr5_9364646.0,9364646,0.000710839,0,,,,
2,Chr2_19683268.0,19683268,0.0007109196,0,,,,
5,Chr5_9756944.0,9756944,0.000711068,0,,,,
1,Chr1_3252369.0,3252369,0.000711225,1,AT1G09970,AT1G09970,AT1G09970,0.0
1,Chr1_3252387.0,3252387,0.000711225,1,AT1G09970,AT1G09970,AT1G09970,0.0
4,Chr4_8391463.0,8391463,0.0007117192,0,,,,
1,Chr1_2351276.0,2351276,0.0007120118,1,AT1G07630,AT1G07630,AT1G07630,0.0
4,Chr4_3879846.0,3879846,0.0007125202,0,,,,
1,Chr1_1881090.0,1881090,0.000713384,0,,,,
5,Chr5_10724577.0,10724577,0.0007133902,0,,,,
3,Chr3_18530274.0,18530274,0.0007135927,0,,,,
3,Chr3_18530277.0,18530277,0.0007135927,0,,,,
2,Chr2_11401792.0,11401792,0.0007135995,1,AT2G26760,AT2G26760,AT2G26760,0.0
5,Chr5_10738326.0,10738326,0.0007136791,0,,,,
4,Chr4_7369013.0,7369013,0.0007137634,0,,,,
2,Chr2_109848.0,109848,0.0007138485,0,,,,
3,Chr3_15405279.0,15405279,0.0007144886,0,,,,
3,Chr3_15418841.0,15418841,0.0007144886,0,,,,
3,Chr3_15418895.0,15418895,0.0007144886,0,,,,
4,Chr4_15994535.0,15994535,0.0007149882,1,AT4G33160,AT4G33160,AT4G33160,0.0
5,Chr5_13613898.0,13613898,0.0007152466,0,,,,
2,Chr2_10748902.0,10748902,0.0007153175,0,,,,
1,Chr1_22848288.0,22848288,0.0007155461,1,AT1G61840,AT1G61840,AT1G61840,0.0
1,Chr1_4416179.0,4416179,0.0007158111,0,,,,
2,Chr2_8333707.0,8333707,0.0007160225,0,,,,
2,Chr2_8333874.0,8333874,0.0007160225,0,,,,
2,Chr2_8334466.0,8334466,0.0007160225,0,,,,
4,Chr4_5941279.0,5941279,0.0007161489,1,AT4G09360,AT4G09360,AT4G09360,0.0
4,Chr4_5941574.0,5941574,0.0007161489,1,AT4G09360,AT4G09360,AT4G09360,0.0
4,Chr4_5941876.0,5941876,0.0007161489,1,AT4G09360,AT4G09360,AT4G09360,0.0
4,Chr4_5942220.0,5942220,0.0007161489,1,AT4G09360,AT4G09360,AT4G09360,0.0
5,Chr5_1216219.0,1216219,0.0007172106,1,AT5G04340,AT5G04340,AT5G04340,0.0
3,Chr3_10514820.0,10514820,0.0007173903,0,,,,
3,Chr3_10514827.0,10514827,0.0007173903,0,,,,
1,Chr1_29078482.0,29078482,0.000717436,0,,,,
1,Chr1_27229783.0,27229783,0.0007177764,1,AT1G72320,AT1G72320,AT1G72320,0.0
1,Chr1_27247121.0,27247121,0.0007177764,1,AT1G72390,AT1G72390,AT1G72390,0.0
2,Chr2_11156619.0,11156619,0.0007178375,0,,,,
5,Chr5_10754401.0,10754401,0.0007179747,0,,,,
5,Chr5_10754458.0,10754458,0.0007179747,0,,,,
4,Chr4_6827371.0,6827371,0.0007180574,1,AT4G11190,AT4G11190,AT4G11190,0.0
3,Chr3_18687628.0,18687628,0.000719305,1,AT3G50380,AT3G50380,AT3G50380,0.0
5,Chr5_9750329.0,9750329,0.0007193205,0,,,,
1,Chr1_21725612.0,21725612,0.0007196575,0,,,,
3,Chr3_14870758.0,14870758,0.0007196929,0,,,,
4,Chr4_13046589.0,13046589,0.0007198555,1,AT4G25540,AT4G25540,AT4G25540,0.0
4,Chr4_13057774.0,13057774,0.0007198555,1,AT4G25580,AT4G25580,AT4G25580,0.0
2,Chr2_5297901.0,5297901,0.0007200378,0,,,,
3,Chr3_20357366.0,20357366,0.0007203964,0,,,,
3,Chr3_20357529.0,20357529,0.0007203964,0,,,,
3,Chr3_20357691.0,20357691,0.0007203964,0,,,,
1,Chr1_19571731.0,19571731,0.00072099,1,AT1G52540,AT1G52540,AT1G52540,0.0
2,Chr2_11387652.0,11387652,0.0007212369,0,,,,
4,Chr4_2469346.0,2469346,0.00072143,0,,,,
5,Chr5_14387964.0,14387964,0.0007216107,0,,,,
5,Chr5_9725939.0,9725939,0.0007221257,1,AT5G27540,AT5G27540,AT5G27540,0.0
4,Chr4_521979.0,521979,0.0007225686,0,,,,
1,Chr1_29290950.0,29290950,0.0007228694,0,,,,
2,Chr2_2372545.0,2372545,0.0007231466,0,,,,
2,Chr2_6973089.0,6973089,0.0007232792,1,AT2G16018,AT2G16018,AT2G16018,0.0
5,Chr5_10660221.0,10660221,0.0007237832,0,,,,
3,Chr3_10599148.0,10599148,0.0007248455,0,,,,
2,Chr2_5450286.0,5450286,0.0007257,0,,,,
2,Chr2_17147263.0,17147263,0.00072577,0,,,,
3,Chr3_10535341.0,10535341,0.0007258942,1,AT3G28260,AT3G28260,AT3G28260,0.0
2,Chr2_6550679.0,6550679,0.0007263398,0,,,,
3,Chr3_9115113.0,9115113,0.0007268376,1,AT3G25013,AT3G25013,AT3G25013,0.0
3,Chr3_2701727.0,2701727,0.0007268994,1,AT3G08870,AT3G08870,AT3G08870,0.0
3,Chr3_15611902.0,15611902,0.0007269021,0,,,,
4,Chr4_11763525.0,11763525,0.0007270465,1,AT4G22233,AT4G22233,AT4G22233,0.0
2,Chr2_5410219.0,5410219,0.0007274978,0,,,,
2,Chr2_5410227.0,5410227,0.0007274978,0,,,,
2,Chr2_5410277.0,5410277,0.0007274978,0,,,,
2,Chr2_5410285.0,5410285,0.0007274978,0,,,,
2,Chr2_5410307.0,5410307,0.0007274978,0,,,,
2,Chr2_5410312.0,5410312,0.0007274978,0,,,,
2,Chr2_5410327.0,5410327,0.0007274978,0,,,,
2,Chr2_5410353.0,5410353,0.0007274978,0,,,,
2,Chr2_5410413.0,5410413,0.0007274978,0,,,,
2,Chr2_5410438.0,5410438,0.0007274978,0,,,,
2,Chr2_5410501.0,5410501,0.0007274978,0,,,,
2,Chr2_5410516.0,5410516,0.0007274978,0,,,,
2,Chr2_5410911.0,5410911,0.0007274978,0,,,,
2,Chr2_5411011.0,5411011,0.0007274978,0,,,,
3,Chr3_22912466.0,22912466,0.0007275049,0,,,,
5,Chr5_13362371.0,13362371,0.0007275066,0,,,,
4,Chr4_3193518.0,3193518,0.000727632,0,,,,
4,Chr4_3193943.0,3193943,0.000727632,0,,,,
4,Chr4_3194588.0,3194588,0.000727632,0,,,,
2,Chr2_6974212.0,6974212,0.0007279106,1,AT2G16030,AT2G16030,AT2G16030,0.0
1,Chr1_2960569.0,2960569,0.0007285456,1,AT1G09170,AT1G09170,AT1G09170,0.0
1,Chr1_28948172.0,28948172,0.0007286866,1,AT1G77030,AT1G77030,AT1G77030,0.0
1,Chr1_28948396.0,28948396,0.0007286866,1,AT1G77030,AT1G77030,AT1G77030,0.0
5,Chr5_13719084.0,13719084,0.0007290289,0,,,,
3,Chr3_15871767.0,15871767,0.00072938,0,,,,
5,Chr5_11466435.0,11466435,0.0007294547,0,,,,
3,Chr3_20569131.0,20569131,0.000730698,1,AT3G55480,AT3G55480,AT3G55480,0.0
2,Chr2_11408953.0,11408953,0.0007310025,0,,,,
5,Chr5_7389242.0,7389242,0.0007313845,1,AT5G22320,AT5G22320,AT5G22320,0.0
4,Chr4_15464386.0,15464386,0.0007314514,0,,,,
1,Chr1_29216363.0,29216363,0.0007316986,0,,,,
1,Chr1_3317624.0,3317624,0.0007317101,1,AT1G10130,AT1G10130,AT1G10130,0.0
3,Chr3_8223457.0,8223457,0.000731739,2,AT3G23100;AT3G23110,AT3G23100,AT3G23100,0.0
4,Chr4_5384894.0,5384894,0.0007318231,1,AT4G08470,AT4G08470,AT4G08470,0.0
3,Chr3_21903259.0,21903259,0.0007318788,1,AT3G59250,AT3G59250,AT3G59250,0.0
3,Chr3_20540799.0,20540799,0.0007320806,0,,,,
4,Chr4_9123706.0,9123706,0.0007325162,1,AT4G16130,AT4G16130,AT4G16130,0.0
4,Chr4_1557451.0,1557451,0.0007325224,1,AT4G03510,AT4G03510,AT4G03510,0.0
4,Chr4_1557487.0,1557487,0.0007325224,1,AT4G03510,AT4G03510,AT4G03510,0.0
2,Chr2_17585538.0,17585538,0.0007330625,0,,,,
2,Chr2_17588061.0,17588061,0.0007330625,1,AT2G42200,AT2G42200,AT2G42200,0.0
2,Chr2_19504049.0,19504049,0.000733276,0,,,,
2,Chr2_19505592.0,19505592,0.000733276,0,,,,
3,Chr3_16207976.0,16207976,0.000733298,0,,,,
3,Chr3_15578746.0,15578746,0.0007336839,0,,,,
5,Chr5_21054953.0,21054953,0.0007339427,0,,,,
5,Chr5_21533092.0,21533092,0.0007340727,1,AT5G53110,AT5G53110,AT5G53110,0.0
3,Chr3_3729149.0,3729149,0.0007341177,0,,,,
3,Chr3_3729150.0,3729150,0.0007341177,0,,,,
5,Chr5_21058927.0,21058927,0.0007342934,0,,,,
1,Chr1_4111493.0,4111493,0.0007343273,0,,,,
1,Chr1_18022521.0,18022521,0.0007344801,0,,,,
5,Chr5_10762566.0,10762566,0.0007345261,0,,,,
5,Chr5_10058096.0,10058096,0.0007350447,0,,,,
1,Chr1_3931757.0,3931757,0.0007353805,0,,,,
3,Chr3_14614271.0,14614271,0.0007354596,0,,,,
2,Chr2_12043108.0,12043108,0.0007355107,0,,,,
2,Chr2_19043970.0,19043970,0.0007355967,1,AT2G46400,AT2G46400,AT2G46400,0.0
4,Chr4_18503391.0,18503391,0.000735604,1,AT4G39870,AT4G39870,AT4G39870,0.0
5,Chr5_9363522.0,9363522,0.0007356972,0,,,,
4,Chr4_5158956.0,5158956,0.000736045,0,,,,
5,Chr5_10069384.0,10069384,0.0007365444,0,,,,
5,Chr5_10071663.0,10071663,0.0007365444,0,,,,
5,Chr5_10071864.0,10071864,0.0007365444,0,,,,
5,Chr5_10088961.0,10088961,0.0007365444,0,,,,
5,Chr5_10089562.0,10089562,0.0007365444,0,,,,
4,Chr4_6743060.0,6743060,0.0007365937,0,,,,
3,Chr3_15799187.0,15799187,0.0007369752,0,,,,
1,Chr1_16607722.0,16607722,0.000737409,0,,,,
2,Chr2_1740602.0,1740602,0.0007376723,0,,,,
5,Chr5_23140411.0,23140411,0.0007377291,0,,,,
3,Chr3_3156427.0,3156427,0.0007380165,0,,,,
3,Chr3_12236129.0,12236129,0.0007386483,0,,,,
3,Chr3_12237077.0,12237077,0.0007386483,0,,,,
4,Chr4_10205096.0,10205096,0.0007388045,1,AT4G18490,AT4G18490,AT4G18490,0.0
4,Chr4_10205262.0,10205262,0.0007388045,1,AT4G18490,AT4G18490,AT4G18490,0.0
4,Chr4_10206532.0,10206532,0.0007388045,1,AT4G18490,AT4G18490,AT4G18490,0.0
4,Chr4_10208418.0,10208418,0.0007388045,0,,,,
2,Chr2_15476943.0,15476943,0.0007389492,0,,,,
2,Chr2_15477184.0,15477184,0.0007389492,0,,,,
4,Chr4_7032858.0,7032858,0.0007390881,0,,,,
2,Chr2_31226.0,31226,0.0007395332,0,,,,
4,Chr4_476372.0,476372,0.0007396584,0,,,,
5,Chr5_26513606.0,26513606,0.0007403043,1,AT5G66380,AT5G66380,AT5G66380,0.0
2,Chr2_2783034.0,2783034,0.0007404942,0,,,,
1,Chr1_29562216.0,29562216,0.0007404976,0,,,,
3,Chr3_8229632.0,8229632,0.0007406596,0,,,,
3,Chr3_8230325.0,8230325,0.0007406596,0,,,,
3,Chr3_8233109.0,8233109,0.0007406596,0,,,,
5,Chr5_14896259.0,14896259,0.0007406662,0,,,,
3,Chr3_15426764.0,15426764,0.0007406848,0,,,,
2,Chr2_5295206.0,5295206,0.000740837,1,AT2G12900,AT2G12900,AT2G12900,0.0
1,Chr1_20468195.0,20468195,0.0007408997,0,,,,
1,Chr1_20468759.0,20468759,0.0007408997,0,,,,
1,Chr1_4460735.0,4460735,0.0007410127,1,AT1G13080,AT1G13080,AT1G13080,0.0
1,Chr1_4460976.0,4460976,0.0007410127,0,,,,
1,Chr1_4461134.0,4461134,0.0007410127,0,,,,
1,Chr1_4461383.0,4461383,0.0007410127,0,,,,
3,Chr3_14799419.0,14799419,0.0007416489,0,,,,
1,Chr1_3909127.0,3909127,0.0007417523,1,AT1G11610,AT1G11610,AT1G11610,0.0
2,Chr2_5767994.0,5767994,0.0007424089,0,,,,
2,Chr2_5768518.0,5768518,0.0007424089,1,AT2G13810,AT2G13810,AT2G13810,0.0
4,Chr4_17535960.0,17535960,0.0007426199,0,,,,
1,Chr1_22344202.0,22344202,0.0007431148,1,AT1G60670,AT1G60670,AT1G60670,0.0
1,Chr1_22349193.0,22349193,0.0007431148,1,AT1G60680,AT1G60680,AT1G60680,0.0
4,Chr4_11845935.0,11845935,0.0007433005,1,AT4G22485,AT4G22485,AT4G22485,0.0
4,Chr4_11846414.0,11846414,0.0007433005,1,AT4G22485,AT4G22485,AT4G22485,0.0
5,Chr5_10809094.0,10809094,0.0007433165,0,,,,
2,Chr2_9816299.0,9816299,0.0007437472,0,,,,
4,Chr4_4809186.0,4809186,0.0007438765,1,AT4G07965,AT4G07965,AT4G07965,0.0
4,Chr4_4809498.0,4809498,0.0007438765,0,,,,
1,Chr1_10187099.0,10187099,0.0007441134,0,,,,
3,Chr3_19180997.0,19180997,0.0007445466,1,AT3G51700,AT3G51700,AT3G51700,0.0
3,Chr3_19181002.0,19181002,0.0007445466,1,AT3G51700,AT3G51700,AT3G51700,0.0
3,Chr3_19181008.0,19181008,0.0007445466,1,AT3G51700,AT3G51700,AT3G51700,0.0
1,Chr1_4287362.0,4287362,0.00074602,1,AT1G12600,AT1G12600,AT1G12600,0.0
1,Chr1_4287371.0,4287371,0.00074602,1,AT1G12600,AT1G12600,AT1G12600,0.0
1,Chr1_4287395.0,4287395,0.00074602,1,AT1G12600,AT1G12600,AT1G12600,0.0
1,Chr1_4287458.0,4287458,0.00074602,1,AT1G12600,AT1G12600,AT1G12600,0.0
1,Chr1_4287589.0,4287589,0.00074602,1,AT1G12600,AT1G12600,AT1G12600,0.0
1,Chr1_4287598.0,4287598,0.00074602,1,AT1G12600,AT1G12600,AT1G12600,0.0
1,Chr1_4287644.0,4287644,0.00074602,1,AT1G12600,AT1G12600,AT1G12600,0.0
3,Chr3_15046615.0,15046615,0.0007461183,0,,,,
5,Chr5_9745755.0,9745755,0.0007461716,1,AT5G27600,AT5G27600,AT5G27600,0.0
4,Chr4_11755293.0,11755293,0.0007461991,0,,,,
2,Chr2_4539731.0,4539731,0.0007465565,0,,,,
2,Chr2_5440133.0,5440133,0.0007466137,0,,,,
1,Chr1_3138578.0,3138578,0.0007466374,1,AT1G09700,AT1G09700,AT1G09700,0.0
2,Chr2_5775887.0,5775887,0.0007468349,1,AT2G13820,AT2G13820,AT2G13820,0.0
5,Chr5_11802351.0,11802351,0.0007471094,0,,,,
4,Chr4_8099038.0,8099038,0.0007472469,1,AT4G14030,AT4G14030,AT4G14030,0.0
2,Chr2_1912736.0,1912736,0.0007473762,0,,,,
1,Chr1_4112673.0,4112673,0.0007478352,0,,,,
5,Chr5_9741845.0,9741845,0.0007479782,0,,,,
5,Chr5_26426208.0,26426208,0.0007484391,1,AT5G66090,AT5G66090,AT5G66090,0.0
3,Chr3_12700421.0,12700421,0.0007499397,0,,,,
5,Chr5_7216462.0,7216462,0.0007500747,0,,,,
4,Chr4_17392943.0,17392943,0.0007505636,1,AT4G36910,AT4G36910,AT4G36910,0.0
4,Chr4_17394179.0,17394179,0.0007505636,0,,,,
4,Chr4_17394818.0,17394818,0.0007505636,0,,,,
4,Chr4_17394824.0,17394824,0.0007505636,0,,,,
1,Chr1_8869727.0,8869727,0.0007509351,0,,,,
4,Chr4_4711141.0,4711141,0.0007510075,0,,,,
4,Chr4_4711152.0,4711152,0.0007510075,0,,,,
4,Chr4_4711171.0,4711171,0.0007510075,0,,,,
4,Chr4_4711173.0,4711173,0.0007510075,0,,,,
4,Chr4_4711184.0,4711184,0.0007510075,0,,,,
2,Chr2_7509856.0,7509856,0.0007510183,0,,,,
2,Chr2_7509872.0,7509872,0.0007510183,0,,,,
5,Chr5_9738774.0,9738774,0.0007511012,0,,,,
3,Chr3_13416959.0,13416959,0.0007512342,0,,,,
3,Chr3_15689844.0,15689844,0.0007527348,0,,,,
4,Chr4_1231807.0,1231807,0.0007533218,0,,,,
4,Chr4_1232392.0,1232392,0.0007533218,0,,,,
4,Chr4_1232393.0,1232393,0.0007533218,0,,,,
4,Chr4_8412220.0,8412220,0.0007536506,1,AT4G14670,AT4G14670,AT4G14670,0.0
4,Chr4_4974899.0,4974899,0.0007536595,0,,,,
4,Chr4_4976306.0,4976306,0.0007536595,0,,,,
4,Chr4_5003133.0,5003133,0.0007536595,0,,,,
4,Chr4_5011962.0,5011962,0.0007536595,0,,,,
4,Chr4_5047765.0,5047765,0.0007536595,0,,,,
4,Chr4_5048876.0,5048876,0.0007536595,0,,,,
4,Chr4_5110038.0,5110038,0.0007536595,0,,,,
4,Chr4_5113819.0,5113819,0.0007536595,0,,,,
4,Chr4_5114012.0,5114012,0.0007536595,0,,,,
4,Chr4_5115191.0,5115191,0.0007536595,0,,,,
4,Chr4_5115604.0,5115604,0.0007536595,0,,,,
4,Chr4_5115674.0,5115674,0.0007536595,0,,,,
2,Chr2_4797252.0,4797252,0.0007537711,0,,,,
3,Chr3_7707405.0,7707405,0.0007538405,1,AT3G21880,AT3G21880,AT3G21880,0.0
4,Chr4_3816756.0,3816756,0.0007538656,0,,,,
4,Chr4_3820990.0,3820990,0.0007538656,0,,,,
4,Chr4_3825831.0,3825831,0.0007538656,0,,,,
4,Chr4_3826997.0,3826997,0.0007538656,0,,,,
4,Chr4_3827251.0,3827251,0.0007538656,0,,,,
4,Chr4_3828594.0,3828594,0.0007538656,0,,,,
4,Chr4_3832420.0,3832420,0.0007538656,0,,,,
2,Chr2_19491206.0,19491206,0.0007538687,0,,,,
4,Chr4_17678378.0,17678378,0.0007543634,0,,,,
1,Chr1_1088043.0,1088043,0.0007546226,1,AT1G04160,AT1G04160,AT1G04160,0.0
4,Chr4_8728058.0,8728058,0.0007554473,0,,,,
4,Chr4_9159271.0,9159271,0.0007554646,1,AT4G16162,AT4G16162,AT4G16162,0.0
5,Chr5_5855579.0,5855579,0.0007555017,0,,,,
4,Chr4_6616774.0,6616774,0.0007561023,0,,,,
1,Chr1_8322289.0,8322289,0.0007567162,1,AT1G23440,AT1G23440,AT1G23440,0.0
4,Chr4_927447.0,927447,0.0007571539,0,,,,
1,Chr1_9458354.0,9458354,0.0007571607,0,,,,
4,Chr4_1270716.0,1270716,0.0007572111,0,,,,
3,Chr3_19429403.0,19429403,0.000757354,0,,,,
4,Chr4_5653371.0,5653371,0.0007574196,0,,,,
2,Chr2_676428.0,676428,0.0007575012,0,,,,
4,Chr4_7226867.0,7226867,0.0007576302,0,,,,
4,Chr4_7226891.0,7226891,0.0007576302,0,,,,
5,Chr5_15871678.0,15871678,0.000758183,0,,,,
5,Chr5_6287902.0,6287902,0.000758323,0,,,,
1,Chr1_5780205.0,5780205,0.0007586294,1,AT1G16900,AT1G16900,AT1G16900,0.0
3,Chr3_7708652.0,7708652,0.0007586861,0,,,,
3,Chr3_14985365.0,14985365,0.0007588576,0,,,,
5,Chr5_26646050.0,26646050,0.000759513,0,,,,
1,Chr1_18038671.0,18038671,0.0007596011,1,AT1G48760,AT1G48760,AT1G48760,0.0
1,Chr1_2308073.0,2308073,0.0007599934,1,AT1G07510,AT1G07510,AT1G07510,0.0
1,Chr1_2309730.0,2309730,0.0007599934,1,AT1G07520,AT1G07520,AT1G07520,0.0
1,Chr1_11296469.0,11296469,0.0007601486,1,AT1G31550,AT1G31550,AT1G31550,0.0
2,Chr2_5395183.0,5395183,0.0007608493,0,,,,
1,Chr1_29519291.0,29519291,0.0007614812,1,AT1G78460,AT1G78460,AT1G78460,0.0
1,Chr1_29520656.0,29520656,0.0007614812,0,,,,
1,Chr1_29521638.0,29521638,0.0007614812,0,,,,
1,Chr1_12696598.0,12696598,0.0007615841,1,AT1G34650,AT1G34650,AT1G34650,0.0
1,Chr1_12696746.0,12696746,0.0007615841,1,AT1G34650,AT1G34650,AT1G34650,0.0
1,Chr1_12696790.0,12696790,0.0007615841,1,AT1G34650,AT1G34650,AT1G34650,0.0
4,Chr4_8175949.0,8175949,0.000761628,0,,,,
4,Chr4_8185257.0,8185257,0.000761628,0,,,,
4,Chr4_11412809.0,11412809,0.0007620279,0,,,,
4,Chr4_17493832.0,17493832,0.0007620728,1,AT4G37150,AT4G37150,AT4G37150,0.0
1,Chr1_5156157.0,5156157,0.0007623535,0,,,,
5,Chr5_10895592.0,10895592,0.0007632802,0,,,,
3,Chr3_14811118.0,14811118,0.0007637828,0,,,,
3,Chr3_14811420.0,14811420,0.0007637828,0,,,,
3,Chr3_20570681.0,20570681,0.0007638002,1,AT3G55480,AT3G55480,AT3G55480,0.0
3,Chr3_15958489.0,15958489,0.0007638443,0,,,,
3,Chr3_15958529.0,15958529,0.0007638443,0,,,,
4,Chr4_622331.0,622331,0.0007641653,1,AT4G01460,AT4G01460,AT4G01460,0.0
4,Chr4_622419.0,622419,0.0007641653,1,AT4G01460,AT4G01460,AT4G01460,0.0
1,Chr1_12184745.0,12184745,0.0007643104,0,,,,
2,Chr2_1106453.0,1106453,0.0007643322,1,AT2G03640,AT2G03640,AT2G03640,0.0
1,Chr1_11262759.0,11262759,0.0007645081,1,AT1G31460,AT1G31460,AT1G31460,0.0
1,Chr1_11263103.0,11263103,0.0007645081,2,AT1G31460;AT1G31470,AT1G31460,AT1G31460,0.0
2,Chr2_5654377.0,5654377,0.0007649128,1,AT2G13560,AT2G13560,AT2G13560,0.0
4,Chr4_18369041.0,18369041,0.0007651043,1,AT4G39510,AT4G39510,AT4G39510,0.0
4,Chr4_11932161.0,11932161,0.0007652601,0,,,,
4,Chr4_8855738.0,8855738,0.0007655155,0,,,,
1,Chr1_4009184.0,4009184,0.0007656769,1,AT1G11880,AT1G11880,AT1G11880,0.0
4,Chr4_1586585.0,1586585,0.0007660696,0,,,,
5,Chr5_25733849.0,25733849,0.0007662516,0,,,,
2,Chr2_9886914.0,9886914,0.0007663936,0,,,,
1,Chr1_17254063.0,17254063,0.0007664985,0,,,,
4,Chr4_4054951.0,4054951,0.0007668528,0,,,,
1,Chr1_6009961.0,6009961,0.0007673772,0,,,,
3,Chr3_3156685.0,3156685,0.0007677409,1,AT3G10195,AT3G10195,AT3G10195,0.0
2,Chr2_5333482.0,5333482,0.0007682562,0,,,,
3,Chr3_15426837.0,15426837,0.0007683774,0,,,,
4,Chr4_7446311.0,7446311,0.000768691,1,AT4G12570,AT4G12570,AT4G12570,0.0
5,Chr5_9616787.0,9616787,0.0007688628,0,,,,
3,Chr3_15957636.0,15957636,0.0007688655,0,,,,
5,Chr5_23131715.0,23131715,0.0007695882,0,,,,
2,Chr2_9775116.0,9775116,0.0007699098,1,AT2G22970,AT2G22970,AT2G22970,0.0
2,Chr2_4837962.0,4837962,0.0007699954,0,,,,
3,Chr3_3182605.0,3182605,0.0007703567,0,,,,
4,Chr4_496193.0,496193,0.0007705456,1,AT4G01160,AT4G01160,AT4G01160,0.0
3,Chr3_15139098.0,15139098,0.0007707313,0,,,,
1,Chr1_20967045.0,20967045,0.0007707755,1,AT1G56060,AT1G56060,AT1G56060,0.0
2,Chr2_5561557.0,5561557,0.0007710637,0,,,,
5,Chr5_9760255.0,9760255,0.0007717477,0,,,,
4,Chr4_1568925.0,1568925,0.0007717988,0,,,,
5,Chr5_17415045.0,17415045,0.0007722228,0,,,,
1,Chr1_3314440.0,3314440,0.0007722622,1,AT1G10130,AT1G10130,AT1G10130,0.0
1,Chr1_3318242.0,3318242,0.0007722622,1,AT1G10130,AT1G10130,AT1G10130,0.0
1,Chr1_3319478.0,3319478,0.0007722622,1,AT1G10130,AT1G10130,AT1G10130,0.0
3,Chr3_15917851.0,15917851,0.0007724507,0,,,,
4,Chr4_17289983.0,17289983,0.0007728124,0,,,,
4,Chr4_14988471.0,14988471,0.000773448,0,,,,
3,Chr3_13135248.0,13135248,0.000774059,0,,,,
2,Chr2_4099764.0,4099764,0.0007752129,0,,,,
1,Chr1_12408750.0,12408750,0.0007752136,0,,,,
3,Chr3_15849537.0,15849537,0.0007752375,0,,,,
1,Chr1_21172942.0,21172942,0.0007757916,1,AT1G56510,AT1G56510,AT1G56510,0.0
2,Chr2_1688660.0,1688660,0.0007759743,0,,,,
5,Chr5_10743115.0,10743115,0.0007765406,0,,,,
4,Chr4_18289528.0,18289528,0.0007768719,1,AT4G39320,AT4G39320,AT4G39320,0.0
4,Chr4_18289540.0,18289540,0.0007768719,1,AT4G39320,AT4G39320,AT4G39320,0.0
4,Chr4_18289554.0,18289554,0.0007768719,1,AT4G39320,AT4G39320,AT4G39320,0.0
1,Chr1_16634171.0,16634171,0.0007778116,0,,,,
1,Chr1_12136658.0,12136658,0.0007785454,0,,,,
2,Chr2_596199.0,596199,0.0007788801,0,,,,
1,Chr1_29542543.0,29542543,0.0007795622,1,AT1G78540,AT1G78540,AT1G78540,0.0
4,Chr4_5909181.0,5909181,0.0007798265,0,,,,
2,Chr2_5621234.0,5621234,0.0007799584,0,,,,
3,Chr3_14250235.0,14250235,0.0007806407,0,,,,
3,Chr3_14737623.0,14737623,0.0007809524,0,,,,
2,Chr2_11767979.0,11767979,0.0007811228,0,,,,
4,Chr4_8625285.0,8625285,0.0007811415,0,,,,
4,Chr4_1357547.0,1357547,0.0007817387,0,,,,
1,Chr1_5158875.0,5158875,0.0007822112,0,,,,
2,Chr2_5665328.0,5665328,0.0007828248,0,,,,
1,Chr1_3249856.0,3249856,0.0007828988,0,,,,
3,Chr3_2659235.0,2659235,0.000783025,1,AT3G08760,AT3G08760,AT3G08760,0.0
3,Chr3_2660229.0,2660229,0.000783025,1,AT3G08760,AT3G08760,AT3G08760,0.0
1,Chr1_29561860.0,29561860,0.000783081,0,,,,
1,Chr1_29561892.0,29561892,0.000783081,0,,,,
1,Chr1_29561909.0,29561909,0.000783081,0,,,,
1,Chr1_29561919.0,29561919,0.000783081,0,,,,
1,Chr1_29561975.0,29561975,0.000783081,0,,,,
1,Chr1_22378042.0,22378042,0.0007831511,0,,,,
2,Chr2_5290701.0,5290701,0.0007834144,1,AT2G12875,AT2G12875,AT2G12875,0.0
3,Chr3_15872431.0,15872431,0.0007835696,0,,,,
2,Chr2_1689931.0,1689931,0.0007838728,1,AT2G04810,AT2G04810,AT2G04810,0.0
5,Chr5_7056223.0,7056223,0.0007839801,0,,,,
3,Chr3_14865140.0,14865140,0.0007840036,0,,,,
4,Chr4_15933061.0,15933061,0.0007841599,1,AT4G33020,AT4G33020,AT4G33020,0.0
4,Chr4_15935070.0,15935070,0.0007841599,0,,,,
4,Chr4_9535832.0,9535832,0.0007842843,1,AT4G16940,AT4G16940,AT4G16940,0.0
1,Chr1_18588597.0,18588597,0.0007844651,1,AT1G50190,AT1G50190,AT1G50190,0.0
1,Chr1_18588602.0,18588602,0.0007844651,1,AT1G50190,AT1G50190,AT1G50190,0.0
2,Chr2_14635260.0,14635260,0.0007848121,1,AT2G34700,AT2G34700,AT2G34700,0.0
2,Chr2_7621772.0,7621772,0.0007850336,0,,,,
2,Chr2_7623390.0,7623390,0.0007850336,0,,,,
2,Chr2_7628157.0,7628157,0.0007850336,1,AT2G17530,AT2G17530,AT2G17530,0.0
3,Chr3_153073.0,153073,0.0007850811,1,AT3G01400,AT3G01400,AT3G01400,0.0
3,Chr3_156754.0,156754,0.0007850811,0,,,,
2,Chr2_5212672.0,5212672,0.0007852842,0,,,,
2,Chr2_17418001.0,17418001,0.0007853659,0,,,,
2,Chr2_13966527.0,13966527,0.0007859555,1,AT2G32930,AT2G32930,AT2G32930,0.0
5,Chr5_8564965.0,8564965,0.0007863491,1,AT5G24900,AT5G24900,AT5G24900,0.0
3,Chr3_8825886.0,8825886,0.0007864347,1,AT3G24320,AT3G24320,AT3G24320,0.0
2,Chr2_5403561.0,5403561,0.0007866252,0,,,,
4,Chr4_18422544.0,18422544,0.0007868901,0,,,,
1,Chr1_13111553.0,13111553,0.0007874895,2,AT1G35540;AT1G35545,AT1G35540,AT1G35540,0.0
2,Chr2_3105292.0,3105292,0.0007878914,0,,,,
5,Chr5_12973366.0,12973366,0.0007878935,0,,,,
5,Chr5_7945882.0,7945882,0.0007880079,1,AT5G23570,AT5G23570,AT5G23570,0.0
3,Chr3_5870502.0,5870502,0.0007880651,0,,,,
4,Chr4_9764998.0,9764998,0.0007884783,1,AT4G17505,AT4G17505,AT4G17505,0.0
2,Chr2_6674076.0,6674076,0.0007886514,0,,,,
2,Chr2_6676274.0,6676274,0.0007886514,0,,,,
2,Chr2_6676302.0,6676302,0.0007886514,0,,,,
4,Chr4_18452061.0,18452061,0.0007887167,0,,,,
1,Chr1_28427635.0,28427635,0.0007887479,0,,,,
1,Chr1_20962927.0,20962927,0.0007894453,1,AT1G56045,AT1G56045,AT1G56045,0.0
2,Chr2_9885333.0,9885333,0.0007897754,1,AT2G23220,AT2G23220,AT2G23220,0.0
4,Chr4_11584181.0,11584181,0.0007898505,0,,,,
4,Chr4_11584214.0,11584214,0.0007898505,0,,,,
3,Chr3_56359.0,56359,0.0007909759,1,AT3G01160,AT3G01160,AT3G01160,0.0
3,Chr3_4554492.0,4554492,0.0007910145,1,AT3G13830,AT3G13830,AT3G13830,0.0
3,Chr3_12737881.0,12737881,0.0007913283,0,,,,
2,Chr2_15066101.0,15066101,0.0007917889,0,,,,
3,Chr3_14950929.0,14950929,0.0007928865,1,AT3G42870,AT3G42870,AT3G42870,0.0
2,Chr2_5245711.0,5245711,0.0007930078,0,,,,
1,Chr1_19528011.0,19528011,0.0007939952,1,AT1G52420,AT1G52420,AT1G52420,0.0
1,Chr1_19532664.0,19532664,0.0007939952,1,AT1G52430,AT1G52430,AT1G52430,0.0
1,Chr1_19535609.0,19535609,0.0007939952,1,AT1G52430,AT1G52430,AT1G52430,0.0
4,Chr4_8208155.0,8208155,0.0007957463,0,,,,
5,Chr5_9710794.0,9710794,0.0007959163,0,,,,
2,Chr2_19301699.0,19301699,0.0007959521,1,AT2G46980,AT2G46980,AT2G46980,0.0
2,Chr2_19301702.0,19301702,0.0007959521,1,AT2G46980,AT2G46980,AT2G46980,0.0
2,Chr2_19301712.0,19301712,0.0007959521,1,AT2G46980,AT2G46980,AT2G46980,0.0
2,Chr2_19301721.0,19301721,0.0007959521,1,AT2G46980,AT2G46980,AT2G46980,0.0
4,Chr4_1626073.0,1626073,0.0007962142,0,,,,
3,Chr3_16418390.0,16418390,0.0007971475,0,,,,
1,Chr1_8915051.0,8915051,0.0007975525,1,AT1G25410,AT1G25410,AT1G25410,0.0
5,Chr5_433695.0,433695,0.0007975937,1,AT5G02180,AT5G02180,AT5G02180,0.0
5,Chr5_21785715.0,21785715,0.0007983005,0,,,,
1,Chr1_14604727.0,14604727,0.0007986524,0,,,,
1,Chr1_14604750.0,14604750,0.0007986524,0,,,,
5,Chr5_2715810.0,2715810,0.0007994421,1,AT5G08420,AT5G08420,AT5G08420,0.0
5,Chr5_2724535.0,2724535,0.0007994421,1,AT5G08440,AT5G08440,AT5G08440,0.0
5,Chr5_2739303.0,2739303,0.0007994421,1,AT5G08470,AT5G08470,AT5G08470,0.0
5,Chr5_2745878.0,2745878,0.0007994421,1,AT5G08490,AT5G08490,AT5G08490,0.0
5,Chr5_2808168.0,2808168,0.0007994421,1,AT5G08650,AT5G08650,AT5G08650,0.0
1,Chr1_28913299.0,28913299,0.0007994762,0,,,,
1,Chr1_28913451.0,28913451,0.0007994762,0,,,,
4,Chr4_6342735.0,6342735,0.0008002618,0,,,,
3,Chr3_3156591.0,3156591,0.0008006297,1,AT3G10195,AT3G10195,AT3G10195,0.0
1,Chr1_2850670.0,2850670,0.0008007564,1,AT1G08890,AT1G08890,AT1G08890,0.0
2,Chr2_251849.0,251849,0.0008010363,0,,,,
2,Chr2_251853.0,251853,0.0008010363,0,,,,
2,Chr2_836770.0,836770,0.000801191,0,,,,
4,Chr4_5914079.0,5914079,0.0008013442,0,,,,
4,Chr4_5914163.0,5914163,0.0008013442,0,,,,
3,Chr3_12856621.0,12856621,0.0008017827,0,,,,
3,Chr3_20661154.0,20661154,0.0008030961,1,AT3G55672,AT3G55672,AT3G55672,0.0
3,Chr3_12037026.0,12037026,0.0008035151,0,,,,
5,Chr5_11594075.0,11594075,0.000803611,0,,,,
4,Chr4_1184738.0,1184738,0.0008037634,1,AT4G02680,AT4G02680,AT4G02680,0.0
1,Chr1_23255831.0,23255831,0.0008039184,1,AT1G62800,AT1G62800,AT1G62800,0.0
2,Chr2_5600254.0,5600254,0.0008042753,0,,,,
2,Chr2_11150413.0,11150413,0.0008045733,1,AT2G26190,AT2G26190,AT2G26190,0.0
4,Chr4_14886789.0,14886789,0.0008047256,0,,,,
4,Chr4_11875314.0,11875314,0.0008050816,0,,,,
3,Chr3_2094579.0,2094579,0.0008052499,0,,,,
3,Chr3_12021373.0,12021373,0.0008053048,0,,,,
1,Chr1_14212021.0,14212021,0.0008054933,0,,,,
1,Chr1_14213516.0,14213516,0.0008054933,0,,,,
1,Chr1_14269772.0,14269772,0.0008054933,0,,,,
1,Chr1_14275772.0,14275772,0.0008054933,0,,,,
1,Chr1_14276853.0,14276853,0.0008054933,0,,,,
5,Chr5_25970760.0,25970760,0.0008059266,1,AT5G65010,AT5G65010,AT5G65010,0.0
4,Chr4_7767211.0,7767211,0.0008060497,1,AT4G13345,AT4G13345,AT4G13345,0.0
4,Chr4_8014406.0,8014406,0.0008062801,1,AT4G13840,AT4G13840,AT4G13840,0.0
2,Chr2_5629609.0,5629609,0.0008064179,0,,,,
4,Chr4_4066629.0,4066629,0.0008065503,0,,,,
4,Chr4_4066630.0,4066630,0.0008065503,0,,,,
4,Chr4_1561925.0,1561925,0.0008081119,0,,,,
2,Chr2_8276833.0,8276833,0.0008085215,0,,,,
5,Chr5_9753138.0,9753138,0.0008085491,1,AT5G27606,AT5G27606,AT5G27606,0.0
5,Chr5_9754678.0,9754678,0.0008085491,0,,,,
1,Chr1_3766099.0,3766099,0.0008095422,0,,,,
1,Chr1_3766125.0,3766125,0.0008095422,0,,,,
4,Chr4_7925983.0,7925983,0.0008097535,0,,,,
4,Chr4_8392076.0,8392076,0.0008097651,0,,,,
4,Chr4_18291177.0,18291177,0.0008099139,0,,,,
3,Chr3_15877300.0,15877300,0.0008102922,0,,,,
3,Chr3_4571294.0,4571294,0.000810499,0,,,,
3,Chr3_20606210.0,20606210,0.0008113028,1,AT3G55560,AT3G55560,AT3G55560,0.0
1,Chr1_24173991.0,24173991,0.0008113301,1,AT1G65070,AT1G65070,AT1G65070,0.0
1,Chr1_24174074.0,24174074,0.0008113301,1,AT1G65070,AT1G65070,AT1G65070,0.0
5,Chr5_14863480.0,14863480,0.0008116042,0,,,,
4,Chr4_3553200.0,3553200,0.000812085,0,,,,
4,Chr4_3553548.0,3553548,0.000812085,0,,,,
4,Chr4_3437102.0,3437102,0.0008120871,0,,,,
3,Chr3_7710838.0,7710838,0.0008122604,0,,,,
3,Chr3_7710884.0,7710884,0.0008122604,0,,,,
3,Chr3_7710934.0,7710934,0.0008122604,0,,,,
2,Chr2_5362126.0,5362126,0.000812867,0,,,,
4,Chr4_18504316.0,18504316,0.0008130775,1,AT4G39870,AT4G39870,AT4G39870,0.0
5,Chr5_5541397.0,5541397,0.0008133497,1,AT5G16850,AT5G16850,AT5G16850,0.0
5,Chr5_5542303.0,5542303,0.0008133497,1,AT5G16850,AT5G16850,AT5G16850,0.0
2,Chr2_4575635.0,4575635,0.0008136806,0,,,,
3,Chr3_15915928.0,15915928,0.0008149393,0,,,,
5,Chr5_17367546.0,17367546,0.0008154586,0,,,,
3,Chr3_4579342.0,4579342,0.0008158265,0,,,,
1,Chr1_3884209.0,3884209,0.0008158871,0,,,,
4,Chr4_8034428.0,8034428,0.0008165438,0,,,,
4,Chr4_8034560.0,8034560,0.0008165438,0,,,,
3,Chr3_3113853.0,3113853,0.0008166862,0,,,,
3,Chr3_3114424.0,3114424,0.0008166862,0,,,,
5,Chr5_21088192.0,21088192,0.0008168256,0,,,,
5,Chr5_21088272.0,21088272,0.0008168256,0,,,,
5,Chr5_19499737.0,19499737,0.0008186858,0,,,,
3,Chr3_15774015.0,15774015,0.0008188011,0,,,,
3,Chr3_16491846.0,16491846,0.0008192988,1,AT3G45090,AT3G45090,AT3G45090,0.0
3,Chr3_16491867.0,16491867,0.0008192988,1,AT3G45090,AT3G45090,AT3G45090,0.0
3,Chr3_16492185.0,16492185,0.0008192988,1,AT3G45090,AT3G45090,AT3G45090,0.0
3,Chr3_16492306.0,16492306,0.0008192988,1,AT3G45090,AT3G45090,AT3G45090,0.0
3,Chr3_16492312.0,16492312,0.0008192988,1,AT3G45090,AT3G45090,AT3G45090,0.0
3,Chr3_16492863.0,16492863,0.0008192988,1,AT3G45090,AT3G45090,AT3G45090,0.0
3,Chr3_16493317.0,16493317,0.0008192988,1,AT3G45090,AT3G45090,AT3G45090,0.0
3,Chr3_16493366.0,16493366,0.0008192988,1,AT3G45090,AT3G45090,AT3G45090,0.0
3,Chr3_16493374.0,16493374,0.0008192988,1,AT3G45090,AT3G45090,AT3G45090,0.0
3,Chr3_16493391.0,16493391,0.0008192988,1,AT3G45090,AT3G45090,AT3G45090,0.0
3,Chr3_16493653.0,16493653,0.0008192988,1,AT3G45090,AT3G45090,AT3G45090,0.0
3,Chr3_16493832.0,16493832,0.0008192988,1,AT3G45090,AT3G45090,AT3G45090,0.0
2,Chr2_18268148.0,18268148,0.0008194218,0,,,,
4,Chr4_17519169.0,17519169,0.0008199951,1,AT4G37235,AT4G37235,AT4G37235,0.0
5,Chr5_14909486.0,14909486,0.0008199961,0,,,,
5,Chr5_10742925.0,10742925,0.0008203364,0,,,,
4,Chr4_18013654.0,18013654,0.0008203624,1,AT4G38510,AT4G38510,AT4G38510,0.0
4,Chr4_18014140.0,18014140,0.0008203624,1,AT4G38510,AT4G38510,AT4G38510,0.0
3,Chr3_14775462.0,14775462,0.0008204901,0,,,,
5,Chr5_10148123.0,10148123,0.0008205098,0,,,,
5,Chr5_324240.0,324240,0.0008211513,0,,,,
4,Chr4_10523201.0,10523201,0.0008213002,1,AT4G19230,AT4G19230,AT4G19230,0.0
1,Chr1_23729768.0,23729768,0.0008213095,0,,,,
1,Chr1_2863750.0,2863750,0.0008213337,0,,,,
1,Chr1_2863839.0,2863839,0.0008213337,0,,,,
1,Chr1_11178795.0,11178795,0.0008217176,0,,,,
4,Chr4_10633489.0,10633489,0.0008220621,0,,,,
3,Chr3_7716119.0,7716119,0.0008223476,1,AT3G21900,AT3G21900,AT3G21900,0.0
5,Chr5_9029643.0,9029643,0.0008225719,0,,,,
1,Chr1_12710691.0,12710691,0.0008226037,0,,,,
2,Chr2_17588106.0,17588106,0.0008226802,1,AT2G42200,AT2G42200,AT2G42200,0.0
2,Chr2_4581787.0,4581787,0.0008234526,0,,,,
2,Chr2_4599505.0,4599505,0.0008234526,0,,,,
2,Chr2_4610869.0,4610869,0.0008234526,0,,,,
2,Chr2_4611156.0,4611156,0.0008234526,0,,,,
4,Chr4_3766934.0,3766934,0.0008238159,0,,,,
4,Chr4_5097460.0,5097460,0.000823955,0,,,,
3,Chr3_11883872.0,11883872,0.0008239917,0,,,,
3,Chr3_13560662.0,13560662,0.0008242396,0,,,,
4,Chr4_17399321.0,17399321,0.0008243219,0,,,,
1,Chr1_25717726.0,25717726,0.0008244951,0,,,,
3,Chr3_20566779.0,20566779,0.0008248887,1,AT3G55480,AT3G55480,AT3G55480,0.0
3,Chr3_20566803.0,20566803,0.0008248887,1,AT3G55480,AT3G55480,AT3G55480,0.0
3,Chr3_20566808.0,20566808,0.0008248887,1,AT3G55480,AT3G55480,AT3G55480,0.0
3,Chr3_20566813.0,20566813,0.0008248887,1,AT3G55480,AT3G55480,AT3G55480,0.0
1,Chr1_1184427.0,1184427,0.0008249579,0,,,,
2,Chr2_11399862.0,11399862,0.000825284,0,,,,
3,Chr3_7710947.0,7710947,0.0008254386,0,,,,
2,Chr2_5383565.0,5383565,0.0008255584,0,,,,
4,Chr4_14887533.0,14887533,0.000826182,0,,,,
4,Chr4_14887649.0,14887649,0.000826182,0,,,,
3,Chr3_13158825.0,13158825,0.0008262666,0,,,,
3,Chr3_13158858.0,13158858,0.0008262666,0,,,,
3,Chr3_13159872.0,13159872,0.0008262666,0,,,,
3,Chr3_13159944.0,13159944,0.0008262666,0,,,,
3,Chr3_13160103.0,13160103,0.0008262666,0,,,,
3,Chr3_13160369.0,13160369,0.0008262666,0,,,,
3,Chr3_13160656.0,13160656,0.0008262666,0,,,,
2,Chr2_11230582.0,11230582,0.0008265602,0,,,,
2,Chr2_5471266.0,5471266,0.0008271913,0,,,,
2,Chr2_5472307.0,5472307,0.0008271913,0,,,,
3,Chr3_3204943.0,3204943,0.0008272602,1,AT3G10340,AT3G10340,AT3G10340,0.0
3,Chr3_3204945.0,3204945,0.0008272602,1,AT3G10340,AT3G10340,AT3G10340,0.0
3,Chr3_3205274.0,3205274,0.0008272602,1,AT3G10340,AT3G10340,AT3G10340,0.0
1,Chr1_17593318.0,17593318,0.0008275414,0,,,,
2,Chr2_5426127.0,5426127,0.0008279481,0,,,,
2,Chr2_13837968.0,13837968,0.0008284065,1,AT2G32610,AT2G32610,AT2G32610,0.0
3,Chr3_15956637.0,15956637,0.0008292523,0,,,,
1,Chr1_6764228.0,6764228,0.0008300282,1,AT1G19530,AT1G19530,AT1G19530,0.0
1,Chr1_3261511.0,3261511,0.0008300859,1,AT1G09980,AT1G09980,AT1G09980,0.0
1,Chr1_16627072.0,16627072,0.0008303917,0,,,,
1,Chr1_14919877.0,14919877,0.0008308112,0,,,,
1,Chr1_14920593.0,14920593,0.0008308112,0,,,,
5,Chr5_9956197.0,9956197,0.0008312591,0,,,,
4,Chr4_1559167.0,1559167,0.0008313287,1,AT4G03510,AT4G03510,AT4G03510,0.0
4,Chr4_10644604.0,10644604,0.0008320978,1,AT4G19520,AT4G19520,AT4G19520,0.0
1,Chr1_3524822.0,3524822,0.0008324098,1,AT1G10650,AT1G10650,AT1G10650,0.0
2,Chr2_4537079.0,4537079,0.0008324131,0,,,,
2,Chr2_4538393.0,4538393,0.0008324131,0,,,,
2,Chr2_4538483.0,4538483,0.0008324131,0,,,,
3,Chr3_3071534.0,3071534,0.0008324157,0,,,,
4,Chr4_15449590.0,15449590,0.0008328658,0,,,,
3,Chr3_10528620.0,10528620,0.0008333041,1,AT3G28223,AT3G28223,AT3G28223,0.0
5,Chr5_542465.0,542465,0.0008339937,1,AT5G02470,AT5G02470,AT5G02470,0.0
5,Chr5_542845.0,542845,0.0008339937,1,AT5G02470,AT5G02470,AT5G02470,0.0
5,Chr5_542859.0,542859,0.0008339937,1,AT5G02470,AT5G02470,AT5G02470,0.0
5,Chr5_542999.0,542999,0.0008339937,1,AT5G02470,AT5G02470,AT5G02470,0.0
5,Chr5_543084.0,543084,0.0008339937,1,AT5G02470,AT5G02470,AT5G02470,0.0
5,Chr5_543254.0,543254,0.0008339937,1,AT5G02470,AT5G02470,AT5G02470,0.0
5,Chr5_543263.0,543263,0.0008339937,1,AT5G02470,AT5G02470,AT5G02470,0.0
5,Chr5_543302.0,543302,0.0008339937,1,AT5G02470,AT5G02470,AT5G02470,0.0
5,Chr5_543355.0,543355,0.0008339937,1,AT5G02470,AT5G02470,AT5G02470,0.0
5,Chr5_543404.0,543404,0.0008339937,1,AT5G02470,AT5G02470,AT5G02470,0.0
5,Chr5_543632.0,543632,0.0008339937,1,AT5G02470,AT5G02470,AT5G02470,0.0
5,Chr5_543638.0,543638,0.0008339937,1,AT5G02470,AT5G02470,AT5G02470,0.0
5,Chr5_543644.0,543644,0.0008339937,1,AT5G02470,AT5G02470,AT5G02470,0.0
5,Chr5_543659.0,543659,0.0008339937,1,AT5G02470,AT5G02470,AT5G02470,0.0
5,Chr5_543668.0,543668,0.0008339937,1,AT5G02470,AT5G02470,AT5G02470,0.0
5,Chr5_543672.0,543672,0.0008339937,1,AT5G02470,AT5G02470,AT5G02470,0.0
5,Chr5_543676.0,543676,0.0008339937,1,AT5G02470,AT5G02470,AT5G02470,0.0
5,Chr5_543683.0,543683,0.0008339937,1,AT5G02470,AT5G02470,AT5G02470,0.0
5,Chr5_543702.0,543702,0.0008339937,1,AT5G02470,AT5G02470,AT5G02470,0.0
5,Chr5_543901.0,543901,0.0008339937,1,AT5G02470,AT5G02470,AT5G02470,0.0
5,Chr5_543924.0,543924,0.0008339937,1,AT5G02470,AT5G02470,AT5G02470,0.0
5,Chr5_543934.0,543934,0.0008339937,1,AT5G02470,AT5G02470,AT5G02470,0.0
5,Chr5_543988.0,543988,0.0008339937,1,AT5G02470,AT5G02470,AT5G02470,0.0
5,Chr5_544003.0,544003,0.0008339937,1,AT5G02470,AT5G02470,AT5G02470,0.0
5,Chr5_544013.0,544013,0.0008339937,1,AT5G02470,AT5G02470,AT5G02470,0.0
5,Chr5_544014.0,544014,0.0008339937,1,AT5G02470,AT5G02470,AT5G02470,0.0
5,Chr5_544016.0,544016,0.0008339937,1,AT5G02470,AT5G02470,AT5G02470,0.0
5,Chr5_544097.0,544097,0.0008339937,1,AT5G02470,AT5G02470,AT5G02470,0.0
5,Chr5_544100.0,544100,0.0008339937,1,AT5G02470,AT5G02470,AT5G02470,0.0
5,Chr5_544266.0,544266,0.0008339937,1,AT5G02470,AT5G02470,AT5G02470,0.0
5,Chr5_544491.0,544491,0.0008339937,1,AT5G02470,AT5G02470,AT5G02470,0.0
5,Chr5_545601.0,545601,0.0008339937,0,,,,
5,Chr5_546022.0,546022,0.0008339937,0,,,,
5,Chr5_546025.0,546025,0.0008339937,0,,,,
5,Chr5_546032.0,546032,0.0008339937,0,,,,
5,Chr5_546082.0,546082,0.0008339937,0,,,,
3,Chr3_2720688.0,2720688,0.0008345403,1,AT3G08943,AT3G08943,AT3G08943,0.0
2,Chr2_5988160.0,5988160,0.0008346628,0,,,,
4,Chr4_9764999.0,9764999,0.0008349271,1,AT4G17505,AT4G17505,AT4G17505,0.0
4,Chr4_9030329.0,9030329,0.0008352245,0,,,,
4,Chr4_9030340.0,9030340,0.0008352245,0,,,,
4,Chr4_9030349.0,9030349,0.0008352245,0,,,,
4,Chr4_9030354.0,9030354,0.0008352245,0,,,,
4,Chr4_9030370.0,9030370,0.0008352245,0,,,,
4,Chr4_9030385.0,9030385,0.0008352245,0,,,,
3,Chr3_8227059.0,8227059,0.0008372979,0,,,,
1,Chr1_10060625.0,10060625,0.0008374593,1,AT1G28630,AT1G28630,AT1G28630,0.0
3,Chr3_12193599.0,12193599,0.0008394605,0,,,,
3,Chr3_6567654.0,6567654,0.0008405585,1,AT3G19040,AT3G19040,AT3G19040,0.0
5,Chr5_13848740.0,13848740,0.0008413039,0,,,,
1,Chr1_8317352.0,8317352,0.0008416882,0,,,,
1,Chr1_7157497.0,7157497,0.0008417975,1,AT1G20640,AT1G20640,AT1G20640,0.0
3,Chr3_15963930.0,15963930,0.0008418243,0,,,,
2,Chr2_5319445.0,5319445,0.0008419799,0,,,,
5,Chr5_9760248.0,9760248,0.000842024,0,,,,
5,Chr5_10130411.0,10130411,0.0008426299,0,,,,
5,Chr5_19244121.0,19244121,0.0008426693,1,AT5G47440,AT5G47440,AT5G47440,0.0
5,Chr5_2374343.0,2374343,0.0008427234,0,,,,
5,Chr5_2375177.0,2375177,0.0008427234,0,,,,
5,Chr5_2376880.0,2376880,0.0008427234,0,,,,
4,Chr4_18386342.0,18386342,0.000842846,1,AT4G39580,AT4G39580,AT4G39580,0.0
1,Chr1_11311638.0,11311638,0.0008432025,1,AT1G31580,AT1G31580,AT1G31580,0.0
2,Chr2_11752738.0,11752738,0.0008432674,1,AT2G27500,AT2G27500,AT2G27500,0.0
3,Chr3_15830182.0,15830182,0.0008434032,0,,,,
5,Chr5_9844400.0,9844400,0.0008434771,0,,,,
2,Chr2_19491976.0,19491976,0.0008437088,0,,,,
4,Chr4_1677130.0,1677130,0.0008450532,0,,,,
4,Chr4_1677295.0,1677295,0.0008450532,0,,,,
4,Chr4_1677598.0,1677598,0.0008450532,0,,,,
4,Chr4_1677750.0,1677750,0.0008450532,0,,,,
4,Chr4_1677751.0,1677751,0.0008450532,0,,,,
4,Chr4_1677982.0,1677982,0.0008450532,0,,,,
4,Chr4_1678178.0,1678178,0.0008450532,0,,,,
4,Chr4_1678493.0,1678493,0.0008450532,0,,,,
1,Chr1_30042384.0,30042384,0.0008451007,1,AT1G79860,AT1G79860,AT1G79860,0.0
1,Chr1_7752413.0,7752413,0.0008454824,1,AT1G22015,AT1G22015,AT1G22015,0.0
1,Chr1_12187129.0,12187129,0.0008461679,1,AT1G33607,AT1G33607,AT1G33607,0.0
5,Chr5_26584850.0,26584850,0.0008462333,1,AT5G66610,AT5G66610,AT5G66610,0.0
1,Chr1_19500392.0,19500392,0.0008463219,1,AT1G52360,AT1G52360,AT1G52360,0.0
1,Chr1_19502031.0,19502031,0.0008463219,1,AT1G52360,AT1G52360,AT1G52360,0.0
1,Chr1_8267844.0,8267844,0.0008467355,0,,,,
1,Chr1_8269149.0,8269149,0.0008467355,1,AT1G23310,AT1G23310,AT1G23310,0.0
1,Chr1_8269429.0,8269429,0.0008467355,1,AT1G23310,AT1G23310,AT1G23310,0.0
1,Chr1_16548079.0,16548079,0.0008470716,0,,,,
3,Chr3_11819878.0,11819878,0.000847451,0,,,,
5,Chr5_20962031.0,20962031,0.0008476595,1,AT5G51600,AT5G51600,AT5G51600,0.0
5,Chr5_20963392.0,20963392,0.0008476595,1,AT5G51600,AT5G51600,AT5G51600,0.0
5,Chr5_20964184.0,20964184,0.0008476595,1,AT5G51600,AT5G51600,AT5G51600,0.0
1,Chr1_16545935.0,16545935,0.0008479664,0,,,,
1,Chr1_16548048.0,16548048,0.0008479664,0,,,,
4,Chr4_18160939.0,18160939,0.0008485838,0,,,,
4,Chr4_18160941.0,18160941,0.0008485838,0,,,,
5,Chr5_8662633.0,8662633,0.0008486125,1,AT5G25120,AT5G25120,AT5G25120,0.0
1,Chr1_1730205.0,1730205,0.0008486978,0,,,,
1,Chr1_4556925.0,4556925,0.0008488289,1,AT1G13300,AT1G13300,AT1G13300,0.0
4,Chr4_1183255.0,1183255,0.0008489657,1,AT4G02680,AT4G02680,AT4G02680,0.0
4,Chr4_1183366.0,1183366,0.0008489657,1,AT4G02680,AT4G02680,AT4G02680,0.0
4,Chr4_10473876.0,10473876,0.000848994,0,,,,
3,Chr3_14743502.0,14743502,0.0008490284,0,,,,
5,Chr5_21845073.0,21845073,0.0008495723,1,AT5G53790,AT5G53790,AT5G53790,0.0
5,Chr5_14561965.0,14561965,0.0008497311,1,AT5G36910,AT5G36910,AT5G36910,0.0
3,Chr3_16830727.0,16830727,0.0008497989,1,AT3G45800,AT3G45800,AT3G45800,0.0
3,Chr3_2670700.0,2670700,0.000850122,1,AT3G08790,AT3G08790,AT3G08790,0.0
3,Chr3_2671355.0,2671355,0.000850122,1,AT3G08800,AT3G08800,AT3G08800,0.0
3,Chr3_2673745.0,2673745,0.000850122,1,AT3G08800,AT3G08800,AT3G08800,0.0
3,Chr3_2674587.0,2674587,0.000850122,1,AT3G08800,AT3G08800,AT3G08800,0.0
3,Chr3_2675020.0,2675020,0.000850122,1,AT3G08800,AT3G08800,AT3G08800,0.0
5,Chr5_10805527.0,10805527,0.0008504911,0,,,,
5,Chr5_10805870.0,10805870,0.0008504911,0,,,,
4,Chr4_9512485.0,9512485,0.0008509713,1,AT4G16900,AT4G16900,AT4G16900,0.0
4,Chr4_1626157.0,1626157,0.000851053,0,,,,
4,Chr4_1626315.0,1626315,0.000851053,0,,,,
4,Chr4_1626582.0,1626582,0.000851053,0,,,,
2,Chr2_5177977.0,5177977,0.0008517024,0,,,,
3,Chr3_2999170.0,2999170,0.0008537253,0,,,,
2,Chr2_8366525.0,8366525,0.0008542335,1,AT2G19290,AT2G19290,AT2G19290,0.0
3,Chr3_10452436.0,10452436,0.0008544162,1,AT3G28080,AT3G28080,AT3G28080,0.0
2,Chr2_13495819.0,13495819,0.0008554047,0,,,,
1,Chr1_3186008.0,3186008,0.0008569659,0,,,,
2,Chr2_4536663.0,4536663,0.0008570521,0,,,,
2,Chr2_4544678.0,4544678,0.000857329,0,,,,
2,Chr2_4546500.0,4546500,0.000857329,0,,,,
1,Chr1_19512861.0,19512861,0.0008574914,0,,,,
1,Chr1_19513701.0,19513701,0.0008574914,0,,,,
1,Chr1_19514552.0,19514552,0.0008574914,0,,,,
3,Chr3_20566827.0,20566827,0.000857999,1,AT3G55480,AT3G55480,AT3G55480,0.0
3,Chr3_20566833.0,20566833,0.000857999,1,AT3G55480,AT3G55480,AT3G55480,0.0
3,Chr3_20566881.0,20566881,0.000857999,1,AT3G55480,AT3G55480,AT3G55480,0.0
3,Chr3_20566947.0,20566947,0.000857999,1,AT3G55480,AT3G55480,AT3G55480,0.0
3,Chr3_20567251.0,20567251,0.000857999,1,AT3G55480,AT3G55480,AT3G55480,0.0
3,Chr3_20567308.0,20567308,0.000857999,1,AT3G55480,AT3G55480,AT3G55480,0.0
3,Chr3_20567413.0,20567413,0.000857999,1,AT3G55480,AT3G55480,AT3G55480,0.0
3,Chr3_20567601.0,20567601,0.000857999,1,AT3G55480,AT3G55480,AT3G55480,0.0
3,Chr3_20567725.0,20567725,0.000857999,1,AT3G55480,AT3G55480,AT3G55480,0.0
3,Chr3_20567779.0,20567779,0.000857999,1,AT3G55480,AT3G55480,AT3G55480,0.0
3,Chr3_20568024.0,20568024,0.000857999,1,AT3G55480,AT3G55480,AT3G55480,0.0
3,Chr3_20568101.0,20568101,0.000857999,1,AT3G55480,AT3G55480,AT3G55480,0.0
3,Chr3_20568187.0,20568187,0.000857999,1,AT3G55480,AT3G55480,AT3G55480,0.0
3,Chr3_20568382.0,20568382,0.000857999,1,AT3G55480,AT3G55480,AT3G55480,0.0
3,Chr3_20568387.0,20568387,0.000857999,1,AT3G55480,AT3G55480,AT3G55480,0.0
3,Chr3_20568396.0,20568396,0.000857999,1,AT3G55480,AT3G55480,AT3G55480,0.0
3,Chr3_20568403.0,20568403,0.000857999,1,AT3G55480,AT3G55480,AT3G55480,0.0
3,Chr3_20568456.0,20568456,0.000857999,1,AT3G55480,AT3G55480,AT3G55480,0.0
3,Chr3_20568486.0,20568486,0.000857999,1,AT3G55480,AT3G55480,AT3G55480,0.0
3,Chr3_20568985.0,20568985,0.000857999,1,AT3G55480,AT3G55480,AT3G55480,0.0
3,Chr3_20569125.0,20569125,0.000857999,1,AT3G55480,AT3G55480,AT3G55480,0.0
3,Chr3_20569340.0,20569340,0.000857999,1,AT3G55480,AT3G55480,AT3G55480,0.0
3,Chr3_20569463.0,20569463,0.000857999,1,AT3G55480,AT3G55480,AT3G55480,0.0
3,Chr3_20569472.0,20569472,0.000857999,1,AT3G55480,AT3G55480,AT3G55480,0.0
3,Chr3_20569729.0,20569729,0.000857999,1,AT3G55480,AT3G55480,AT3G55480,0.0
3,Chr3_20569993.0,20569993,0.000857999,1,AT3G55480,AT3G55480,AT3G55480,0.0
3,Chr3_20570734.0,20570734,0.000857999,1,AT3G55480,AT3G55480,AT3G55480,0.0
3,Chr3_20570804.0,20570804,0.000857999,1,AT3G55480,AT3G55480,AT3G55480,0.0
3,Chr3_20570812.0,20570812,0.000857999,1,AT3G55480,AT3G55480,AT3G55480,0.0
3,Chr3_20570881.0,20570881,0.000857999,1,AT3G55480,AT3G55480,AT3G55480,0.0
3,Chr3_20570931.0,20570931,0.000857999,1,AT3G55480,AT3G55480,AT3G55480,0.0
3,Chr3_15746553.0,15746553,0.0008581492,0,,,,
1,Chr1_2865250.0,2865250,0.0008590666,0,,,,
1,Chr1_10173850.0,10173850,0.0008590814,0,,,,
1,Chr1_5071493.0,5071493,0.000859295,0,,,,
1,Chr1_1074912.0,1074912,0.0008596156,1,AT1G04130,AT1G04130,AT1G04130,0.0
5,Chr5_26238741.0,26238741,0.000860667,1,AT5G65640,AT5G65640,AT5G65640,0.0
5,Chr5_6984661.0,6984661,0.0008608609,1,AT5G20640,AT5G20640,AT5G20640,0.0
2,Chr2_6022192.0,6022192,0.0008611742,1,AT2G14210,AT2G14210,AT2G14210,0.0
2,Chr2_5987543.0,5987543,0.0008616352,0,,,,
2,Chr2_5987787.0,5987787,0.0008616352,0,,,,
1,Chr1_10563697.0,10563697,0.0008616391,0,,,,
2,Chr2_8330204.0,8330204,0.0008625869,0,,,,
5,Chr5_23365450.0,23365450,0.0008628007,0,,,,
2,Chr2_14897857.0,14897857,0.0008630416,0,,,,
1,Chr1_17361213.0,17361213,0.0008632809,0,,,,
1,Chr1_17362302.0,17362302,0.0008632809,0,,,,
1,Chr1_17362623.0,17362623,0.0008632809,0,,,,
1,Chr1_17362750.0,17362750,0.0008632809,0,,,,
1,Chr1_17363850.0,17363850,0.0008632809,0,,,,
1,Chr1_17364075.0,17364075,0.0008632809,0,,,,
1,Chr1_17364362.0,17364362,0.0008632809,0,,,,
1,Chr1_13715066.0,13715066,0.0008637651,0,,,,
2,Chr2_687341.0,687341,0.0008643919,0,,,,
2,Chr2_687415.0,687415,0.0008643919,1,AT2G02550,AT2G02550,AT2G02550,0.0
2,Chr2_694482.0,694482,0.0008643919,1,AT2G02560,AT2G02560,AT2G02560,0.0
2,Chr2_709257.0,709257,0.0008643919,0,,,,
3,Chr3_16208858.0,16208858,0.0008646785,0,,,,
4,Chr4_8442185.0,8442185,0.0008652787,0,,,,
3,Chr3_19856052.0,19856052,0.0008652873,0,,,,
4,Chr4_5830771.0,5830771,0.0008654014,1,AT4G09150,AT4G09150,AT4G09150,0.0
2,Chr2_5427487.0,5427487,0.0008662797,0,,,,
2,Chr2_5431875.0,5431875,0.0008662797,0,,,,
5,Chr5_10132552.0,10132552,0.0008662968,0,,,,
3,Chr3_8183971.0,8183971,0.0008668426,0,,,,
1,Chr1_29577584.0,29577584,0.0008670238,1,AT1G78630,AT1G78630,AT1G78630,0.0
1,Chr1_1745450.0,1745450,0.0008670384,1,AT1G05805,AT1G05805,AT1G05805,0.0
5,Chr5_17741258.0,17741258,0.0008674292,0,,,,
5,Chr5_17741398.0,17741398,0.0008674292,0,,,,
5,Chr5_17741485.0,17741485,0.0008674292,0,,,,
4,Chr4_2310454.0,2310454,0.0008677309,0,,,,
4,Chr4_2310548.0,2310548,0.0008677309,0,,,,
4,Chr4_2314308.0,2314308,0.0008677309,0,,,,
5,Chr5_21069281.0,21069281,0.0008683333,0,,,,
3,Chr3_11263840.0,11263840,0.0008683477,0,,,,
4,Chr4_3809652.0,3809652,0.0008689244,0,,,,
5,Chr5_356474.0,356474,0.000869372,0,,,,
1,Chr1_3141240.0,3141240,0.0008695275,1,AT1G09710,AT1G09710,AT1G09710,0.0
3,Chr3_17461989.0,17461989,0.000870174,1,AT3G47390,AT3G47390,AT3G47390,0.0
3,Chr3_17465535.0,17465535,0.000870174,0,,,,
2,Chr2_5448099.0,5448099,0.0008701943,0,,,,
3,Chr3_8231040.0,8231040,0.0008702229,0,,,,
3,Chr3_12952919.0,12952919,0.0008710669,0,,,,
2,Chr2_4060822.0,4060822,0.0008712302,0,,,,
5,Chr5_14015268.0,14015268,0.0008715415,0,,,,
1,Chr1_1896989.0,1896989,0.0008716645,0,,,,
1,Chr1_470545.0,470545,0.0008720859,1,AT1G02350,AT1G02350,AT1G02350,0.0
4,Chr4_7021347.0,7021347,0.0008721106,1,AT4G11630,AT4G11630,AT4G11630,0.0
2,Chr2_2353755.0,2353755,0.0008721352,1,AT2G06040,AT2G06040,AT2G06040,0.0
2,Chr2_4863741.0,4863741,0.0008731816,0,,,,
3,Chr3_7875550.0,7875550,0.00087375,1,AT3G22270,AT3G22270,AT3G22270,0.0
5,Chr5_11824354.0,11824354,0.0008742109,0,,,,
5,Chr5_11824368.0,11824368,0.0008742109,0,,,,
5,Chr5_11824596.0,11824596,0.0008742109,0,,,,
2,Chr2_5406402.0,5406402,0.0008748313,0,,,,
4,Chr4_6419274.0,6419274,0.0008749117,0,,,,
5,Chr5_15273195.0,15273195,0.000875416,0,,,,
1,Chr1_13114389.0,13114389,0.0008760415,0,,,,
3,Chr3_16017026.0,16017026,0.0008760476,1,AT3G44340,AT3G44340,AT3G44340,0.0
3,Chr3_2648267.0,2648267,0.0008760983,0,,,,
1,Chr1_23255072.0,23255072,0.0008773878,1,AT1G62800,AT1G62800,AT1G62800,0.0
1,Chr1_21207823.0,21207823,0.0008777664,1,AT1G56600,AT1G56600,AT1G56600,0.0
1,Chr1_21207827.0,21207827,0.0008777664,1,AT1G56600,AT1G56600,AT1G56600,0.0
1,Chr1_21207835.0,21207835,0.0008777664,1,AT1G56600,AT1G56600,AT1G56600,0.0
5,Chr5_14908056.0,14908056,0.0008778561,1,AT5G37530,AT5G37530,AT5G37530,0.0
1,Chr1_3766766.0,3766766,0.0008785205,1,AT1G11240,AT1G11240,AT1G11240,0.0
5,Chr5_4892281.0,4892281,0.0008789595,1,AT5G15100,AT5G15100,AT5G15100,0.0
5,Chr5_4892463.0,4892463,0.0008789595,1,AT5G15100,AT5G15100,AT5G15100,0.0
2,Chr2_5434096.0,5434096,0.0008792311,0,,,,
2,Chr2_6206404.0,6206404,0.0008796916,0,,,,
1,Chr1_21207396.0,21207396,0.0008814813,0,,,,
5,Chr5_22903373.0,22903373,0.0008815528,1,AT5G56570,AT5G56570,AT5G56570,0.0
1,Chr1_3230325.0,3230325,0.0008816354,0,,,,
4,Chr4_17288751.0,17288751,0.000881686,1,AT4G36670,AT4G36670,AT4G36670,0.0
3,Chr3_11202208.0,11202208,0.0008819746,0,,,,
3,Chr3_15929053.0,15929053,0.0008839507,1,AT3G44220,AT3G44220,AT3G44220,0.0
5,Chr5_21396319.0,21396319,0.000883961,1,AT5G52800,AT5G52800,AT5G52800,0.0
5,Chr5_10732647.0,10732647,0.0008841421,0,,,,
5,Chr5_10732729.0,10732729,0.0008841421,0,,,,
5,Chr5_10737620.0,10737620,0.0008841421,0,,,,
5,Chr5_10740788.0,10740788,0.0008841421,0,,,,
5,Chr5_10804369.0,10804369,0.0008841421,0,,,,
5,Chr5_10804556.0,10804556,0.0008841421,0,,,,
5,Chr5_10810054.0,10810054,0.0008841421,0,,,,
5,Chr5_10811330.0,10811330,0.0008841421,0,,,,
5,Chr5_10818999.0,10818999,0.0008841421,0,,,,
5,Chr5_10823055.0,10823055,0.0008841421,1,AT5G28800,AT5G28800,AT5G28800,0.0
5,Chr5_10830407.0,10830407,0.0008841421,0,,,,
5,Chr5_10835909.0,10835909,0.0008841421,0,,,,
5,Chr5_10838171.0,10838171,0.0008841421,1,AT5G28823,AT5G28823,AT5G28823,0.0
5,Chr5_10843930.0,10843930,0.0008841421,1,AT5G28824,AT5G28824,AT5G28824,0.0
5,Chr5_10846363.0,10846363,0.0008841421,0,,,,
5,Chr5_10854943.0,10854943,0.0008841421,0,,,,
5,Chr5_10855573.0,10855573,0.0008841421,0,,,,
2,Chr2_10209320.0,10209320,0.0008841573,0,,,,
4,Chr4_18372282.0,18372282,0.0008847964,1,AT4G39520,AT4G39520,AT4G39520,0.0
4,Chr4_18372417.0,18372417,0.0008847964,1,AT4G39520,AT4G39520,AT4G39520,0.0
3,Chr3_13870734.0,13870734,0.0008848579,0,,,,
4,Chr4_3587630.0,3587630,0.0008849724,0,,,,
3,Chr3_10515178.0,10515178,0.0008851712,0,,,,
5,Chr5_20965553.0,20965553,0.0008856109,0,,,,
4,Chr4_9104185.0,9104185,0.0008856412,0,,,,
3,Chr3_16473820.0,16473820,0.0008858023,1,AT3G45040,AT3G45040,AT3G45040,0.0
3,Chr3_16477171.0,16477171,0.0008858023,1,AT3G45050,AT3G45050,AT3G45050,0.0
3,Chr3_16496129.0,16496129,0.0008858023,0,,,,
3,Chr3_16497372.0,16497372,0.0008858023,0,,,,
3,Chr3_16498616.0,16498616,0.0008858023,0,,,,
3,Chr3_16499869.0,16499869,0.0008858023,0,,,,
3,Chr3_16500018.0,16500018,0.0008858023,0,,,,
3,Chr3_16500471.0,16500471,0.0008858023,0,,,,
1,Chr1_17449879.0,17449879,0.0008859503,0,,,,
5,Chr5_18722829.0,18722829,0.0008860374,0,,,,
2,Chr2_12627830.0,12627830,0.000886057,0,,,,
1,Chr1_15006731.0,15006731,0.0008863608,0,,,,
2,Chr2_122117.0,122117,0.0008864069,0,,,,
2,Chr2_127255.0,127255,0.0008864069,0,,,,
2,Chr2_129280.0,129280,0.0008864069,0,,,,
2,Chr2_129541.0,129541,0.0008864069,0,,,,
5,Chr5_9750259.0,9750259,0.0008864507,0,,,,
1,Chr1_1745242.0,1745242,0.0008869847,1,AT1G05805,AT1G05805,AT1G05805,0.0
1,Chr1_1745338.0,1745338,0.0008869847,1,AT1G05805,AT1G05805,AT1G05805,0.0
1,Chr1_1745344.0,1745344,0.0008869847,1,AT1G05805,AT1G05805,AT1G05805,0.0
3,Chr3_18676155.0,18676155,0.0008873547,1,AT3G50370,AT3G50370,AT3G50370,0.0
3,Chr3_18682997.0,18682997,0.0008873547,1,AT3G50370,AT3G50370,AT3G50370,0.0
3,Chr3_18695522.0,18695522,0.0008873547,1,AT3G50380,AT3G50380,AT3G50380,0.0
5,Chr5_15454847.0,15454847,0.000888142,0,,,,
5,Chr5_15454866.0,15454866,0.000888142,0,,,,
2,Chr2_12725772.0,12725772,0.0008882841,0,,,,
4,Chr4_18447338.0,18447338,0.0008883831,0,,,,
4,Chr4_18452966.0,18452966,0.0008883831,0,,,,
4,Chr4_18454145.0,18454145,0.0008883831,0,,,,
4,Chr4_18454284.0,18454284,0.0008883831,0,,,,
4,Chr4_5910943.0,5910943,0.0008884633,0,,,,
4,Chr4_5911295.0,5911295,0.0008884633,0,,,,
5,Chr5_10729318.0,10729318,0.0008892131,0,,,,
5,Chr5_19759793.0,19759793,0.0008894628,1,AT5G48720,AT5G48720,AT5G48720,0.0
5,Chr5_19760397.0,19760397,0.0008894628,1,AT5G48720,AT5G48720,AT5G48720,0.0
5,Chr5_19760473.0,19760473,0.0008894628,1,AT5G48720,AT5G48720,AT5G48720,0.0
5,Chr5_19760479.0,19760479,0.0008894628,1,AT5G48720,AT5G48720,AT5G48720,0.0
5,Chr5_19761268.0,19761268,0.0008894628,1,AT5G48720,AT5G48720,AT5G48720,0.0
5,Chr5_19764229.0,19764229,0.0008894628,1,AT5G48730,AT5G48730,AT5G48730,0.0
1,Chr1_24677287.0,24677287,0.0008896665,1,AT1G66230,AT1G66230,AT1G66230,0.0
1,Chr1_24680520.0,24680520,0.0008896665,0,,,,
1,Chr1_24683780.0,24683780,0.0008896665,1,AT1G66235,AT1G66235,AT1G66235,0.0
3,Chr3_4282832.0,4282832,0.0008900899,0,,,,
1,Chr1_29839603.0,29839603,0.0008904803,1,AT1G79330,AT1G79330,AT1G79330,0.0
3,Chr3_19192782.0,19192782,0.0008915791,0,,,,
4,Chr4_4712552.0,4712552,0.0008916258,0,,,,
4,Chr4_4712875.0,4712875,0.0008916258,0,,,,
1,Chr1_3931751.0,3931751,0.000892054,0,,,,
1,Chr1_4350754.0,4350754,0.0008924251,1,AT1G12760,AT1G12760,AT1G12760,0.0
1,Chr1_4351215.0,4351215,0.0008924251,1,AT1G12770,AT1G12770,AT1G12770,0.0
1,Chr1_4351748.0,4351748,0.0008924251,1,AT1G12770,AT1G12770,AT1G12770,0.0
1,Chr1_4353075.0,4353075,0.0008924251,1,AT1G12770,AT1G12770,AT1G12770,0.0
1,Chr1_4353964.0,4353964,0.0008924251,1,AT1G12775,AT1G12775,AT1G12775,0.0
1,Chr1_6075573.0,6075573,0.0008924354,0,,,,
4,Chr4_2378107.0,2378107,0.0008924937,0,,,,
4,Chr4_2311189.0,2311189,0.0008925823,0,,,,
3,Chr3_13873741.0,13873741,0.0008932138,0,,,,
3,Chr3_13874908.0,13874908,0.0008932138,0,,,,
1,Chr1_12695906.0,12695906,0.0008936173,1,AT1G34650,AT1G34650,AT1G34650,0.0
3,Chr3_6567038.0,6567038,0.0008937381,0,,,,
1,Chr1_20882616.0,20882616,0.0008937507,1,AT1G55860,AT1G55860,AT1G55860,0.0
3,Chr3_12239521.0,12239521,0.0008938988,0,,,,
4,Chr4_18482666.0,18482666,0.0008946809,0,,,,
4,Chr4_14629362.0,14629362,0.0008948186,1,AT4G29910,AT4G29910,AT4G29910,0.0
4,Chr4_14631795.0,14631795,0.0008948186,0,,,,
4,Chr4_14637894.0,14637894,0.0008948186,0,,,,
5,Chr5_2508163.0,2508163,0.0008948632,2,AT5G07840;AT5G07842,AT5G07840,AT5G07840,0.0
5,Chr5_2508183.0,2508183,0.0008948632,2,AT5G07840;AT5G07842,AT5G07840,AT5G07840,0.0
1,Chr1_16482827.0,16482827,0.000894979,1,AT1G43690,AT1G43690,AT1G43690,0.0
1,Chr1_16482858.0,16482858,0.000894979,0,,,,
1,Chr1_23599771.0,23599771,0.0008949955,1,AT1G63650,AT1G63650,AT1G63650,0.0
2,Chr2_8183562.0,8183562,0.0008950369,0,,,,
2,Chr2_8675499.0,8675499,0.0008953036,0,,,,
2,Chr2_8681232.0,8681232,0.0008953036,1,AT2G20100,AT2G20100,AT2G20100,0.0
2,Chr2_8685929.0,8685929,0.0008953036,1,AT2G20110,AT2G20110,AT2G20110,0.0
3,Chr3_23300192.0,23300192,0.0008961148,0,,,,
1,Chr1_2869335.0,2869335,0.0008964016,1,AT1G08920,AT1G08920,AT1G08920,0.0
3,Chr3_14743242.0,14743242,0.0008964031,0,,,,
2,Chr2_7844921.0,7844921,0.0008964489,0,,,,
1,Chr1_3309288.0,3309288,0.000897142,0,,,,
1,Chr1_3309526.0,3309526,0.000897142,0,,,,
1,Chr1_3309557.0,3309557,0.000897142,0,,,,
3,Chr3_15954569.0,15954569,0.0008987158,1,AT3G44261,AT3G44261,AT3G44261,0.0
1,Chr1_27204807.0,27204807,0.0008994223,1,AT1G72270,AT1G72270,AT1G72270,0.0
4,Chr4_6488690.0,6488690,0.000900078,0,,,,
3,Chr3_4613845.0,4613845,0.0009008377,1,AT3G13970,AT3G13970,AT3G13970,0.0
5,Chr5_10761110.0,10761110,0.0009010913,0,,,,
2,Chr2_6951587.0,6951587,0.0009013962,1,AT2G15980,AT2G15980,AT2G15980,0.0
2,Chr2_6951588.0,6951588,0.0009013962,1,AT2G15980,AT2G15980,AT2G15980,0.0
3,Chr3_9685121.0,9685121,0.0009024803,0,,,,
3,Chr3_9685136.0,9685136,0.0009024803,0,,,,
1,Chr1_20830302.0,20830302,0.0009026889,1,AT1G55720,AT1G55720,AT1G55720,0.0
1,Chr1_21218745.0,21218745,0.0009029863,0,,,,
4,Chr4_4642504.0,4642504,0.0009033043,0,,,,
4,Chr4_4642653.0,4642653,0.0009033043,0,,,,
1,Chr1_24709130.0,24709130,0.0009039059,1,AT1G66280,AT1G66280,AT1G66280,0.0
3,Chr3_8198468.0,8198468,0.0009040906,0,,,,
4,Chr4_17383639.0,17383639,0.0009043091,0,,,,
3,Chr3_15834232.0,15834232,0.0009043788,0,,,,
1,Chr1_24519734.0,24519734,0.0009045122,0,,,,
3,Chr3_15097340.0,15097340,0.0009046191,0,,,,
4,Chr4_6331554.0,6331554,0.0009054705,0,,,,
4,Chr4_6331820.0,6331820,0.0009054705,0,,,,
4,Chr4_6333320.0,6333320,0.0009054705,0,,,,
4,Chr4_6333896.0,6333896,0.0009054705,0,,,,
4,Chr4_6334217.0,6334217,0.0009054705,0,,,,
3,Chr3_15955469.0,15955469,0.0009059034,0,,,,
4,Chr4_9319966.0,9319966,0.0009061035,1,AT4G16550,AT4G16550,AT4G16550,0.0
1,Chr1_4416713.0,4416713,0.0009062581,1,AT1G12940,AT1G12940,AT1G12940,0.0
4,Chr4_3401092.0,3401092,0.0009065119,0,,,,
1,Chr1_5159185.0,5159185,0.0009076764,0,,,,
1,Chr1_11496683.0,11496683,0.0009085745,0,,,,
4,Chr4_7438334.0,7438334,0.0009086352,0,,,,
1,Chr1_5485351.0,5485351,0.0009090341,0,,,,
4,Chr4_4742237.0,4742237,0.0009090748,0,,,,
5,Chr5_10429003.0,10429003,0.0009092269,0,,,,
3,Chr3_15854561.0,15854561,0.0009094219,0,,,,
1,Chr1_8352488.0,8352488,0.0009095981,1,AT1G23550,AT1G23550,AT1G23550,0.0
3,Chr3_15926547.0,15926547,0.0009106261,0,,,,
4,Chr4_5402743.0,5402743,0.0009108063,0,,,,
5,Chr5_21067226.0,21067226,0.0009112484,1,AT5G51820,AT5G51820,AT5G51820,0.0
2,Chr2_6504862.0,6504862,0.0009114708,0,,,,
5,Chr5_9951177.0,9951177,0.0009118258,0,,,,
5,Chr5_9957131.0,9957131,0.0009118258,0,,,,
5,Chr5_9957136.0,9957136,0.0009118258,0,,,,
3,Chr3_12187847.0,12187847,0.0009125093,0,,,,
4,Chr4_5854045.0,5854045,0.0009133509,0,,,,
1,Chr1_11472778.0,11472778,0.0009137944,0,,,,
4,Chr4_17536662.0,17536662,0.0009138784,0,,,,
4,Chr4_17537223.0,17537223,0.0009138784,0,,,,
2,Chr2_6939644.0,6939644,0.0009139021,0,,,,
3,Chr3_20658047.0,20658047,0.000914205,1,AT3G55670,AT3G55670,AT3G55670,0.0
5,Chr5_14901967.0,14901967,0.0009143959,0,,,,
2,Chr2_853672.0,853672,0.0009144167,0,,,,
4,Chr4_2450046.0,2450046,0.0009146078,1,AT4G04840,AT4G04840,AT4G04840,0.0
3,Chr3_18901278.0,18901278,0.0009154561,0,,,,
1,Chr1_1907518.0,1907518,0.0009158022,1,AT1G06230,AT1G06230,AT1G06230,0.0
1,Chr1_8357929.0,8357929,0.0009166788,1,AT1G23580,AT1G23580,AT1G23580,0.0
1,Chr1_6276852.0,6276852,0.000916776,1,AT1G18250,AT1G18250,AT1G18250,0.0
1,Chr1_6279075.0,6279075,0.000916776,1,AT1G18260,AT1G18260,AT1G18260,0.0
1,Chr1_6283708.0,6283708,0.000916776,1,AT1G18270,AT1G18270,AT1G18270,0.0
1,Chr1_6287194.0,6287194,0.000916776,1,AT1G18270,AT1G18270,AT1G18270,0.0
1,Chr1_6287793.0,6287793,0.000916776,1,AT1G18270,AT1G18270,AT1G18270,0.0
1,Chr1_6288754.0,6288754,0.000916776,1,AT1G18270,AT1G18270,AT1G18270,0.0
1,Chr1_6292159.0,6292159,0.000916776,1,AT1G18270,AT1G18270,AT1G18270,0.0
1,Chr1_6298689.0,6298689,0.000916776,0,,,,
1,Chr1_17527824.0,17527824,0.0009170613,0,,,,
1,Chr1_5779630.0,5779630,0.0009171094,1,AT1G16900,AT1G16900,AT1G16900,0.0
3,Chr3_11761970.0,11761970,0.0009175179,0,,,,
1,Chr1_7752185.0,7752185,0.0009175897,1,AT1G22015,AT1G22015,AT1G22015,0.0
5,Chr5_13717722.0,13717722,0.0009177586,0,,,,
4,Chr4_3979064.0,3979064,0.0009181146,0,,,,
2,Chr2_7024177.0,7024177,0.0009184826,0,,,,
3,Chr3_15374125.0,15374125,0.0009192132,0,,,,
1,Chr1_3324285.0,3324285,0.0009197336,0,,,,
1,Chr1_3324287.0,3324287,0.0009197336,0,,,,
1,Chr1_3324293.0,3324293,0.0009197336,0,,,,
1,Chr1_3324296.0,3324296,0.0009197336,0,,,,
1,Chr1_3324304.0,3324304,0.0009197336,0,,,,
1,Chr1_3324310.0,3324310,0.0009197336,0,,,,
5,Chr5_1724843.0,1724843,0.0009199828,1,AT5G05740,AT5G05740,AT5G05740,0.0
1,Chr1_3171471.0,3171471,0.0009202135,0,,,,
1,Chr1_7160503.0,7160503,0.0009202292,1,AT1G20650,AT1G20650,AT1G20650,0.0
4,Chr4_6102394.0,6102394,0.0009202901,0,,,,
5,Chr5_10722271.0,10722271,0.0009208213,0,,,,
3,Chr3_15765572.0,15765572,0.0009212693,0,,,,
3,Chr3_18982301.0,18982301,0.0009219769,0,,,,
1,Chr1_6268573.0,6268573,0.0009225667,1,AT1G18210,AT1G18210,AT1G18210,0.0
2,Chr2_1726091.0,1726091,0.0009228052,0,,,,
2,Chr2_1726716.0,1726716,0.0009228052,1,AT2G04920,AT2G04920,AT2G04920,0.0
1,Chr1_5482581.0,5482581,0.0009231593,1,AT1G15960,AT1G15960,AT1G15960,0.0
1,Chr1_2970412.0,2970412,0.0009243375,1,AT1G09195,AT1G09195,AT1G09195,0.0
1,Chr1_14605583.0,14605583,0.0009244375,0,,,,
5,Chr5_25623550.0,25623550,0.0009248102,0,,,,
5,Chr5_25625245.0,25625245,0.0009248102,1,AT5G64030,AT5G64030,AT5G64030,0.0
5,Chr5_25626901.0,25626901,0.0009248102,1,AT5G64030,AT5G64030,AT5G64030,0.0
5,Chr5_25634407.0,25634407,0.0009248102,1,AT5G64060,AT5G64060,AT5G64060,0.0
2,Chr2_10210836.0,10210836,0.0009249033,1,AT2G24000,AT2G24000,AT2G24000,0.0
3,Chr3_14743255.0,14743255,0.0009249514,0,,,,
3,Chr3_16208513.0,16208513,0.0009253489,0,,,,
5,Chr5_9849558.0,9849558,0.0009258287,0,,,,
3,Chr3_20809169.0,20809169,0.0009259945,0,,,,
1,Chr1_599165.0,599165,0.000926389,0,,,,
4,Chr4_5791233.0,5791233,0.0009264123,0,,,,
4,Chr4_4704710.0,4704710,0.0009269132,0,,,,
4,Chr4_4704742.0,4704742,0.0009269132,0,,,,
4,Chr4_16270386.0,16270386,0.0009271155,1,AT4G33945,AT4G33945,AT4G33945,0.0
4,Chr4_16271956.0,16271956,0.0009271155,0,,,,
3,Chr3_15410290.0,15410290,0.0009272302,0,,,,
4,Chr4_18496755.0,18496755,0.000927292,1,AT4G39850,AT4G39850,AT4G39850,0.0
2,Chr2_5452381.0,5452381,0.0009273527,0,,,,
1,Chr1_26950474.0,26950474,0.0009276835,1,AT1G71691,AT1G71691,AT1G71691,0.0
3,Chr3_10223765.0,10223765,0.0009278319,1,AT3G27600,AT3G27600,AT3G27600,0.0
5,Chr5_2982643.0,2982643,0.0009279733,1,AT5G09610,AT5G09610,AT5G09610,0.0
4,Chr4_18180200.0,18180200,0.0009284497,0,,,,
5,Chr5_15601780.0,15601780,0.0009285699,0,,,,
4,Chr4_6888268.0,6888268,0.0009288146,1,AT4G11320,AT4G11320,AT4G11320,0.0
4,Chr4_5078220.0,5078220,0.0009291377,0,,,,
4,Chr4_1283467.0,1283467,0.0009293645,0,,,,
2,Chr2_5768705.0,5768705,0.0009307344,1,AT2G13810,AT2G13810,AT2G13810,0.0
3,Chr3_18534537.0,18534537,0.0009308389,1,AT3G50000,AT3G50000,AT3G50000,0.0
1,Chr1_29747031.0,29747031,0.0009311306,1,AT1G79080,AT1G79080,AT1G79080,0.0
4,Chr4_3833620.0,3833620,0.0009312528,0,,,,
3,Chr3_8409430.0,8409430,0.0009313053,0,,,,
1,Chr1_3344354.0,3344354,0.000931434,1,AT1G10190,AT1G10190,AT1G10190,0.0
1,Chr1_29562151.0,29562151,0.0009314502,0,,,,
4,Chr4_3121179.0,3121179,0.000931705,0,,,,
4,Chr4_1381710.0,1381710,0.0009319027,0,,,,
4,Chr4_6169260.0,6169260,0.0009323949,0,,,,
3,Chr3_15939177.0,15939177,0.000932429,0,,,,
3,Chr3_8232053.0,8232053,0.0009327981,0,,,,
3,Chr3_15931208.0,15931208,0.0009332541,0,,,,
4,Chr4_2231230.0,2231230,0.0009335055,0,,,,
4,Chr4_2231330.0,2231330,0.0009335055,0,,,,
5,Chr5_14645753.0,14645753,0.0009337808,0,,,,
5,Chr5_14645818.0,14645818,0.0009337808,0,,,,
5,Chr5_14645825.0,14645825,0.0009337808,0,,,,
5,Chr5_14645832.0,14645832,0.0009337808,0,,,,
5,Chr5_14645834.0,14645834,0.0009337808,0,,,,
5,Chr5_14645835.0,14645835,0.0009337808,0,,,,
5,Chr5_14645865.0,14645865,0.0009337808,0,,,,
5,Chr5_14645873.0,14645873,0.0009337808,0,,,,
5,Chr5_14645889.0,14645889,0.0009337808,0,,,,
5,Chr5_14645901.0,14645901,0.0009337808,0,,,,
5,Chr5_14645907.0,14645907,0.0009337808,0,,,,
5,Chr5_14645913.0,14645913,0.0009337808,0,,,,
5,Chr5_14645928.0,14645928,0.0009337808,0,,,,
5,Chr5_14645943.0,14645943,0.0009337808,0,,,,
3,Chr3_11134604.0,11134604,0.0009344889,0,,,,
1,Chr1_15610414.0,15610414,0.0009345912,0,,,,
4,Chr4_9494087.0,9494087,0.0009356514,1,AT4G16860,AT4G16860,AT4G16860,0.0
1,Chr1_9279430.0,9279430,0.0009357701,1,AT1G26796,AT1G26796,AT1G26796,0.0
5,Chr5_2491417.0,2491417,0.0009357936,1,AT5G07810,AT5G07810,AT5G07810,0.0
3,Chr3_12449588.0,12449588,0.0009358425,1,AT3G30775,AT3G30775,AT3G30775,0.0
2,Chr2_19546945.0,19546945,0.0009361731,1,AT2G47680,AT2G47680,AT2G47680,0.0
2,Chr2_19547022.0,19547022,0.0009361731,1,AT2G47680,AT2G47680,AT2G47680,0.0
2,Chr2_19547046.0,19547046,0.0009361731,1,AT2G47680,AT2G47680,AT2G47680,0.0
2,Chr2_19547058.0,19547058,0.0009361731,1,AT2G47680,AT2G47680,AT2G47680,0.0
2,Chr2_19547420.0,19547420,0.0009361731,1,AT2G47680,AT2G47680,AT2G47680,0.0
2,Chr2_19547458.0,19547458,0.0009361731,1,AT2G47680,AT2G47680,AT2G47680,0.0
2,Chr2_19547651.0,19547651,0.0009361731,1,AT2G47680,AT2G47680,AT2G47680,0.0
2,Chr2_19547888.0,19547888,0.0009361731,1,AT2G47680,AT2G47680,AT2G47680,0.0
2,Chr2_19547995.0,19547995,0.0009361731,1,AT2G47680,AT2G47680,AT2G47680,0.0
2,Chr2_19548272.0,19548272,0.0009361731,1,AT2G47680,AT2G47680,AT2G47680,0.0
2,Chr2_19548507.0,19548507,0.0009361731,1,AT2G47680,AT2G47680,AT2G47680,0.0
2,Chr2_19548547.0,19548547,0.0009361731,1,AT2G47680,AT2G47680,AT2G47680,0.0
2,Chr2_19548768.0,19548768,0.0009361731,1,AT2G47680,AT2G47680,AT2G47680,0.0
2,Chr2_19548877.0,19548877,0.0009361731,1,AT2G47680,AT2G47680,AT2G47680,0.0
2,Chr2_19549065.0,19549065,0.0009361731,1,AT2G47680,AT2G47680,AT2G47680,0.0
2,Chr2_19549279.0,19549279,0.0009361731,1,AT2G47680,AT2G47680,AT2G47680,0.0
2,Chr2_19549688.0,19549688,0.0009361731,1,AT2G47680,AT2G47680,AT2G47680,0.0
2,Chr2_19549806.0,19549806,0.0009361731,1,AT2G47680,AT2G47680,AT2G47680,0.0
2,Chr2_19549825.0,19549825,0.0009361731,1,AT2G47680,AT2G47680,AT2G47680,0.0
2,Chr2_19549864.0,19549864,0.0009361731,1,AT2G47680,AT2G47680,AT2G47680,0.0
2,Chr2_19550070.0,19550070,0.0009361731,1,AT2G47680,AT2G47680,AT2G47680,0.0
2,Chr2_19550390.0,19550390,0.0009361731,1,AT2G47680,AT2G47680,AT2G47680,0.0
2,Chr2_19550460.0,19550460,0.0009361731,1,AT2G47680,AT2G47680,AT2G47680,0.0
2,Chr2_19550578.0,19550578,0.0009361731,1,AT2G47680,AT2G47680,AT2G47680,0.0
3,Chr3_14614623.0,14614623,0.0009370433,0,,,,
4,Chr4_18445976.0,18445976,0.0009371596,0,,,,
3,Chr3_15404829.0,15404829,0.0009372635,0,,,,
4,Chr4_5231668.0,5231668,0.0009375479,1,AT4G08280,AT4G08280,AT4G08280,0.0
4,Chr4_5232092.0,5232092,0.0009375479,1,AT4G08280,AT4G08280,AT4G08280,0.0
5,Chr5_26584759.0,26584759,0.0009377427,0,,,,
1,Chr1_11550670.0,11550670,0.0009383611,0,,,,
1,Chr1_7298932.0,7298932,0.0009387627,1,AT1G20950,AT1G20950,AT1G20950,0.0
4,Chr4_18446211.0,18446211,0.0009390119,0,,,,
5,Chr5_13798010.0,13798010,0.0009390877,0,,,,
1,Chr1_14136434.0,14136434,0.0009392679,1,AT1G37113,AT1G37113,AT1G37113,0.0
3,Chr3_4775844.0,4775844,0.0009392855,0,,,,
2,Chr2_5379502.0,5379502,0.0009394353,0,,,,
1,Chr1_10159809.0,10159809,0.0009399005,0,,,,
3,Chr3_15427124.0,15427124,0.0009400849,0,,,,
1,Chr1_8272708.0,8272708,0.0009404753,0,,,,
1,Chr1_8273351.0,8273351,0.0009404753,0,,,,
1,Chr1_8275719.0,8275719,0.0009404753,0,,,,
1,Chr1_8276331.0,8276331,0.0009404753,0,,,,
1,Chr1_8276341.0,8276341,0.0009404753,0,,,,
1,Chr1_8278425.0,8278425,0.0009404753,0,,,,
1,Chr1_8278630.0,8278630,0.0009404753,0,,,,
1,Chr1_8278686.0,8278686,0.0009404753,0,,,,
1,Chr1_8278753.0,8278753,0.0009404753,0,,,,
1,Chr1_8280118.0,8280118,0.0009404753,1,AT1G23330,AT1G23330,AT1G23330,0.0
1,Chr1_8280218.0,8280218,0.0009404753,1,AT1G23330,AT1G23330,AT1G23330,0.0
1,Chr1_8280620.0,8280620,0.0009404753,1,AT1G23330,AT1G23330,AT1G23330,0.0
4,Chr4_11802624.0,11802624,0.0009406953,1,AT4G22340,AT4G22340,AT4G22340,0.0
2,Chr2_4629833.0,4629833,0.0009409209,0,,,,
3,Chr3_11517523.0,11517523,0.0009416513,0,,,,
3,Chr3_9160601.0,9160601,0.0009418201,1,AT3G25160,AT3G25160,AT3G25160,0.0
2,Chr2_13872676.0,13872676,0.0009430792,0,,,,
1,Chr1_2347272.0,2347272,0.0009431026,0,,,,
3,Chr3_14046045.0,14046045,0.0009436243,0,,,,
1,Chr1_4439775.0,4439775,0.0009440041,0,,,,
4,Chr4_11436257.0,11436257,0.0009441178,0,,,,
1,Chr1_15985568.0,15985568,0.0009442456,0,,,,
4,Chr4_17555746.0,17555746,0.0009442707,1,AT4G37300,AT4G37300,AT4G37300,0.0
1,Chr1_18580594.0,18580594,0.0009445571,0,,,,
2,Chr2_8489799.0,8489799,0.000944881,0,,,,
2,Chr2_8490505.0,8490505,0.000944881,1,AT2G19630,AT2G19630,AT2G19630,0.0
2,Chr2_8490891.0,8490891,0.000944881,1,AT2G19630,AT2G19630,AT2G19630,0.0
2,Chr2_8491734.0,8491734,0.000944881,1,AT2G19640,AT2G19640,AT2G19640,0.0
4,Chr4_8933602.0,8933602,0.0009454802,0,,,,
4,Chr4_13620506.0,13620506,0.0009457908,0,,,,
3,Chr3_19244687.0,19244687,0.0009461097,1,AT3G51870,AT3G51870,AT3G51870,0.0
5,Chr5_15992083.0,15992083,0.000946251,0,,,,
5,Chr5_2121398.0,2121398,0.0009464174,1,AT5G06839,AT5G06839,AT5G06839,0.0
1,Chr1_5156423.0,5156423,0.0009466889,0,,,,
5,Chr5_25230561.0,25230561,0.0009467211,1,AT5G62850,AT5G62850,AT5G62850,0.0
4,Chr4_246305.0,246305,0.0009469008,1,AT4G00570,AT4G00570,AT4G00570,0.0
1,Chr1_1039651.0,1039651,0.0009469157,1,AT1G04020,AT1G04020,AT1G04020,0.0
3,Chr3_15811366.0,15811366,0.0009470308,0,,,,
5,Chr5_14905744.0,14905744,0.0009476003,0,,,,
3,Chr3_20539425.0,20539425,0.0009476391,0,,,,
4,Chr4_15941612.0,15941612,0.0009477112,0,,,,
2,Chr2_10209741.0,10209741,0.0009478067,1,AT2G24000,AT2G24000,AT2G24000,0.0
4,Chr4_6192530.0,6192530,0.0009487406,1,AT4G09850,AT4G09850,AT4G09850,0.0
2,Chr2_5988946.0,5988946,0.0009491494,0,,,,
4,Chr4_8937469.0,8937469,0.0009494144,1,AT4G15700,AT4G15700,AT4G15700,0.0
1,Chr1_29095820.0,29095820,0.0009496709,0,,,,
3,Chr3_18912286.0,18912286,0.000949883,1,AT3G50870,AT3G50870,AT3G50870,0.0
1,Chr1_2120485.0,2120485,0.0009499973,1,AT1G06900,AT1G06900,AT1G06900,0.0
4,Chr4_7459216.0,7459216,0.0009500426,1,AT4G12617,AT4G12617,AT4G12617,0.0
4,Chr4_7462099.0,7462099,0.0009500426,1,AT4G12620,AT4G12620,AT4G12620,0.0
4,Chr4_7463230.0,7463230,0.0009500426,1,AT4G12640,AT4G12640,AT4G12640,0.0
4,Chr4_7463549.0,7463549,0.0009500426,1,AT4G12640,AT4G12640,AT4G12640,0.0
4,Chr4_7467832.0,7467832,0.0009500426,1,AT4G12640,AT4G12640,AT4G12640,0.0
4,Chr4_7474104.0,7474104,0.0009500426,1,AT4G12670,AT4G12670,AT4G12670,0.0
4,Chr4_744636.0,744636,0.0009501231,0,,,,
4,Chr4_6831714.0,6831714,0.0009504151,0,,,,
4,Chr4_3938815.0,3938815,0.0009509691,0,,,,
1,Chr1_19593877.0,19593877,0.0009510447,0,,,,
4,Chr4_15934884.0,15934884,0.0009511092,0,,,,
5,Chr5_2770383.0,2770383,0.0009517211,0,,,,
5,Chr5_2770384.0,2770384,0.0009517211,0,,,,
5,Chr5_2770395.0,2770395,0.0009517211,0,,,,
1,Chr1_12136776.0,12136776,0.0009519359,0,,,,
4,Chr4_3922500.0,3922500,0.0009520689,1,AT4G06688,AT4G06688,AT4G06688,0.0
3,Chr3_5617486.0,5617486,0.0009521251,1,AT3G16510,AT3G16510,AT3G16510,0.0
3,Chr3_5621737.0,5621737,0.0009521251,0,,,,
1,Chr1_22889558.0,22889558,0.0009521976,0,,,,
2,Chr2_1690179.0,1690179,0.0009522597,0,,,,
5,Chr5_19499944.0,19499944,0.0009529219,0,,,,
5,Chr5_19500513.0,19500513,0.0009529219,0,,,,
3,Chr3_18593534.0,18593534,0.0009533573,1,AT3G50140,AT3G50140,AT3G50140,0.0
3,Chr3_15849830.0,15849830,0.0009537496,0,,,,
3,Chr3_15851568.0,15851568,0.0009537496,0,,,,
3,Chr3_15852396.0,15852396,0.0009537496,0,,,,
3,Chr3_19180869.0,19180869,0.0009538783,1,AT3G51700,AT3G51700,AT3G51700,0.0
3,Chr3_19180930.0,19180930,0.0009538783,1,AT3G51700,AT3G51700,AT3G51700,0.0
3,Chr3_6618561.0,6618561,0.0009539687,0,,,,
1,Chr1_1744989.0,1744989,0.0009541908,1,AT1G05805,AT1G05805,AT1G05805,0.0
1,Chr1_1745004.0,1745004,0.0009541908,1,AT1G05805,AT1G05805,AT1G05805,0.0
2,Chr2_8476984.0,8476984,0.0009545188,1,AT2G19590,AT2G19590,AT2G19590,0.0
2,Chr2_15057665.0,15057665,0.0009545993,0,,,,
3,Chr3_19180457.0,19180457,0.0009549092,1,AT3G51700,AT3G51700,AT3G51700,0.0
4,Chr4_9986534.0,9986534,0.0009551932,0,,,,
4,Chr4_9986588.0,9986588,0.0009551932,0,,,,
1,Chr1_26801430.0,26801430,0.0009553321,0,,,,
4,Chr4_3527203.0,3527203,0.0009554108,0,,,,
3,Chr3_14326172.0,14326172,0.0009554156,1,AT3G42180,AT3G42180,AT3G42180,0.0
5,Chr5_10165192.0,10165192,0.0009557438,0,,,,
3,Chr3_3156686.0,3156686,0.0009560064,1,AT3G10195,AT3G10195,AT3G10195,0.0
5,Chr5_10738843.0,10738843,0.0009564113,0,,,,
3,Chr3_12380499.0,12380499,0.0009564802,0,,,,
4,Chr4_11484873.0,11484873,0.0009566443,0,,,,
2,Chr2_13824023.0,13824023,0.0009567508,0,,,,
5,Chr5_26425777.0,26425777,0.0009567994,1,AT5G66090,AT5G66090,AT5G66090,0.0
2,Chr2_10709413.0,10709413,0.0009568825,1,AT2G25160,AT2G25160,AT2G25160,0.0
2,Chr2_10709539.0,10709539,0.0009568825,1,AT2G25160,AT2G25160,AT2G25160,0.0
3,Chr3_15939217.0,15939217,0.0009570741,0,,,,
1,Chr1_2856712.0,2856712,0.0009575513,1,AT1G08910,AT1G08910,AT1G08910,0.0
2,Chr2_4699798.0,4699798,0.0009580483,0,,,,
4,Chr4_10199487.0,10199487,0.0009595678,1,AT4G18465,AT4G18465,AT4G18465,0.0
5,Chr5_9746159.0,9746159,0.0009597727,1,AT5G27600,AT5G27600,AT5G27600,0.0
5,Chr5_5753930.0,5753930,0.0009598059,0,,,,
4,Chr4_2459175.0,2459175,0.0009602237,0,,,,
4,Chr4_2459291.0,2459291,0.0009602237,0,,,,
1,Chr1_7453223.0,7453223,0.0009608225,0,,,,
1,Chr1_7453237.0,7453237,0.0009608225,1,AT1G21310,AT1G21310,AT1G21310,0.0
1,Chr1_4246580.0,4246580,0.0009611388,0,,,,
2,Chr2_6166569.0,6166569,0.0009614598,0,,,,
4,Chr4_6192017.0,6192017,0.0009618823,0,,,,
4,Chr4_6192039.0,6192039,0.0009618823,0,,,,
2,Chr2_19049790.0,19049790,0.0009620613,1,AT2G46410,AT2G46410,AT2G46410,0.0
1,Chr1_3396134.0,3396134,0.0009622732,1,AT1G10360,AT1G10360,AT1G10360,0.0
5,Chr5_2206983.0,2206983,0.0009627975,1,AT5G07120,AT5G07120,AT5G07120,0.0
5,Chr5_574602.0,574602,0.0009632892,0,,,,
3,Chr3_12014926.0,12014926,0.0009633443,0,,,,
1,Chr1_3249395.0,3249395,0.0009636849,0,,,,
2,Chr2_11395141.0,11395141,0.0009638526,0,,,,
4,Chr4_6739001.0,6739001,0.0009645906,1,AT4G11030,AT4G11030,AT4G11030,0.0
5,Chr5_11924042.0,11924042,0.0009646141,0,,,,
4,Chr4_8041108.0,8041108,0.0009646358,0,,,,
4,Chr4_1224052.0,1224052,0.0009647894,1,AT4G02760,AT4G02760,AT4G02760,0.0
1,Chr1_3238483.0,3238483,0.000964846,1,AT1G09940,AT1G09940,AT1G09940,0.0
4,Chr4_6205508.0,6205508,0.0009655852,0,,,,
1,Chr1_26539680.0,26539680,0.0009656779,1,AT1G70420,AT1G70420,AT1G70420,0.0
1,Chr1_2230837.0,2230837,0.0009658054,1,AT1G07270,AT1G07270,AT1G07270,0.0
2,Chr2_11971917.0,11971917,0.000966119,0,,,,
2,Chr2_11972222.0,11972222,0.000966119,1,AT2G28090,AT2G28090,AT2G28090,0.0
4,Chr4_3770505.0,3770505,0.0009663591,0,,,,
5,Chr5_16625280.0,16625280,0.0009664739,1,AT5G41570,AT5G41570,AT5G41570,0.0
5,Chr5_16625282.0,16625282,0.0009664739,1,AT5G41570,AT5G41570,AT5G41570,0.0
2,Chr2_6761298.0,6761298,0.000966556,1,AT2G15480,AT2G15480,AT2G15480,0.0
1,Chr1_19608050.0,19608050,0.0009666431,1,AT1G52630,AT1G52630,AT1G52630,0.0
1,Chr1_19608582.0,19608582,0.0009666431,1,AT1G52630,AT1G52630,AT1G52630,0.0
3,Chr3_8182619.0,8182619,0.0009671383,0,,,,
3,Chr3_7775337.0,7775337,0.0009676907,2,AT3G22070;AT3G22072,AT3G22070,AT3G22070,0.0
1,Chr1_7762376.0,7762376,0.0009678677,0,,,,
2,Chr2_11244209.0,11244209,0.0009679918,1,AT2G26430,AT2G26430,AT2G26430,0.0
3,Chr3_1475264.0,1475264,0.000968649,1,AT3G05190,AT3G05190,AT3G05190,0.0
3,Chr3_18664368.0,18664368,0.0009691042,0,,,,
1,Chr1_3764939.0,3764939,0.0009692962,0,,,,
5,Chr5_2084049.0,2084049,0.0009699747,0,,,,
3,Chr3_10389284.0,10389284,0.0009700918,0,,,,
3,Chr3_10389288.0,10389288,0.0009700918,0,,,,
4,Chr4_154546.0,154546,0.0009701584,0,,,,
3,Chr3_3184558.0,3184558,0.0009706366,1,AT3G10290,AT3G10290,AT3G10290,0.0
4,Chr4_4643234.0,4643234,0.0009707171,0,,,,
5,Chr5_341731.0,341731,0.0009710634,1,AT5G01890,AT5G01890,AT5G01890,0.0
4,Chr4_18519809.0,18519809,0.0009713694,1,AT4G39940,AT4G39940,AT4G39940,0.0
2,Chr2_19052004.0,19052004,0.0009717101,0,,,,
1,Chr1_3287020.0,3287020,0.0009719015,1,AT1G10060,AT1G10060,AT1G10060,0.0
1,Chr1_3287047.0,3287047,0.0009719015,1,AT1G10060,AT1G10060,AT1G10060,0.0
2,Chr2_14852525.0,14852525,0.0009720407,0,,,,
5,Chr5_11600638.0,11600638,0.000973397,0,,,,
3,Chr3_15954018.0,15954018,0.000973403,0,,,,
1,Chr1_1669881.0,1669881,0.0009739422,1,AT1G05590,AT1G05590,AT1G05590,0.0
3,Chr3_15272933.0,15272933,0.0009740161,0,,,,
3,Chr3_15272936.0,15272936,0.0009740161,0,,,,
3,Chr3_15273042.0,15273042,0.0009740161,0,,,,
3,Chr3_15273091.0,15273091,0.0009740161,0,,,,
5,Chr5_356390.0,356390,0.0009741699,0,,,,
3,Chr3_11099854.0,11099854,0.0009743903,0,,,,
1,Chr1_23563166.0,23563166,0.0009746565,0,,,,
5,Chr5_22170008.0,22170008,0.0009751336,2,AT5G54569;AT5G54570,AT5G54569,AT5G54569,0.0
5,Chr5_22171818.0,22171818,0.0009751336,1,AT5G54580,AT5G54580,AT5G54580,0.0
2,Chr2_5420177.0,5420177,0.0009755087,0,,,,
2,Chr2_8368427.0,8368427,0.0009757592,0,,,,
5,Chr5_19500179.0,19500179,0.0009760838,0,,,,
5,Chr5_14645690.0,14645690,0.0009764061,0,,,,
4,Chr4_6102194.0,6102194,0.000976462,0,,,,
3,Chr3_15976793.0,15976793,0.0009765098,0,,,,
4,Chr4_6199841.0,6199841,0.0009767241,0,,,,
4,Chr4_6199889.0,6199889,0.0009767241,0,,,,
4,Chr4_2403863.0,2403863,0.0009769891,1,AT4G04740,AT4G04740,AT4G04740,0.0
1,Chr1_17709499.0,17709499,0.0009770141,0,,,,
4,Chr4_10633158.0,10633158,0.0009777426,0,,,,
5,Chr5_356857.0,356857,0.0009778304,0,,,,
1,Chr1_18571099.0,18571099,0.0009782792,1,AT1G50140,AT1G50140,AT1G50140,0.0
4,Chr4_6384191.0,6384191,0.000978388,0,,,,
1,Chr1_19637817.0,19637817,0.0009786597,0,,,,
2,Chr2_18396722.0,18396722,0.0009787488,0,,,,
5,Chr5_7025539.0,7025539,0.0009789402,0,,,,
3,Chr3_18243309.0,18243309,0.0009790012,0,,,,
1,Chr1_12548358.0,12548358,0.0009790035,0,,,,
2,Chr2_4581533.0,4581533,0.0009793524,0,,,,
2,Chr2_4589929.0,4589929,0.0009793524,1,AT2G11462,AT2G11462,AT2G11462,0.0
2,Chr2_4591635.0,4591635,0.0009793524,0,,,,
2,Chr2_4600381.0,4600381,0.0009793524,0,,,,
2,Chr2_4617644.0,4617644,0.0009793524,0,,,,
2,Chr2_4617827.0,4617827,0.0009793524,0,,,,
3,Chr3_12408343.0,12408343,0.0009797353,0,,,,
5,Chr5_25908781.0,25908781,0.0009798812,1,AT5G64810,AT5G64810,AT5G64810,0.0
4,Chr4_983401.0,983401,0.0009801835,0,,,,
5,Chr5_1871744.0,1871744,0.0009805782,0,,,,
5,Chr5_6287871.0,6287871,0.0009806976,0,,,,
2,Chr2_6745540.0,6745540,0.0009817194,0,,,,
2,Chr2_6745636.0,6745636,0.0009817194,0,,,,
2,Chr2_6745817.0,6745817,0.0009817194,0,,,,
2,Chr2_6756816.0,6756816,0.0009817194,0,,,,
2,Chr2_6757101.0,6757101,0.0009817194,0,,,,
5,Chr5_21064833.0,21064833,0.0009822253,1,AT5G51820,AT5G51820,AT5G51820,0.0
5,Chr5_16623252.0,16623252,0.0009825461,0,,,,
4,Chr4_8981781.0,8981781,0.0009825998,0,,,,
5,Chr5_19225103.0,19225103,0.0009832033,0,,,,
5,Chr5_19225104.0,19225104,0.0009832033,0,,,,
5,Chr5_19225108.0,19225108,0.0009832033,0,,,,
2,Chr2_1299704.0,1299704,0.0009834859,0,,,,
4,Chr4_6727088.0,6727088,0.0009835722,0,,,,
3,Chr3_16348525.0,16348525,0.0009836028,0,,,,
5,Chr5_13714176.0,13714176,0.0009837414,0,,,,
1,Chr1_14274373.0,14274373,0.0009839343,0,,,,
4,Chr4_3651019.0,3651019,0.0009840287,0,,,,
3,Chr3_18787147.0,18787147,0.0009842578,0,,,,
2,Chr2_4037568.0,4037568,0.0009843562,0,,,,
2,Chr2_18560486.0,18560486,0.0009847687,1,AT2G44990,AT2G44990,AT2G44990,0.0
4,Chr4_4712794.0,4712794,0.0009848561,0,,,,
3,Chr3_15706496.0,15706496,0.0009852225,0,,,,
1,Chr1_1619902.0,1619902,0.0009853302,1,AT1G05490,AT1G05490,AT1G05490,0.0
1,Chr1_1621385.0,1621385,0.0009853302,1,AT1G05490,AT1G05490,AT1G05490,0.0
1,Chr1_1621538.0,1621538,0.0009853302,1,AT1G05490,AT1G05490,AT1G05490,0.0
1,Chr1_1622989.0,1622989,0.0009853302,1,AT1G05490,AT1G05490,AT1G05490,0.0
1,Chr1_1625247.0,1625247,0.0009853302,1,AT1G05500,AT1G05500,AT1G05500,0.0
1,Chr1_1626025.0,1626025,0.0009853302,1,AT1G05500,AT1G05500,AT1G05500,0.0
1,Chr1_1627349.0,1627349,0.0009853302,1,AT1G05500,AT1G05500,AT1G05500,0.0
1,Chr1_1628095.0,1628095,0.0009853302,1,AT1G05500,AT1G05500,AT1G05500,0.0
1,Chr1_1630603.0,1630603,0.0009853302,1,AT1G05510,AT1G05510,AT1G05510,0.0
1,Chr1_1630993.0,1630993,0.0009853302,1,AT1G05520,AT1G05520,AT1G05520,0.0
1,Chr1_1636171.0,1636171,0.0009853302,0,,,,
1,Chr1_1638360.0,1638360,0.0009853302,0,,,,
1,Chr1_1638510.0,1638510,0.0009853302,0,,,,
1,Chr1_1638603.0,1638603,0.0009853302,0,,,,
1,Chr1_1640399.0,1640399,0.0009853302,1,AT1G05540,AT1G05540,AT1G05540,0.0
1,Chr1_1641039.0,1641039,0.0009853302,1,AT1G05550,AT1G05550,AT1G05550,0.0
1,Chr1_1641919.0,1641919,0.0009853302,1,AT1G05550,AT1G05550,AT1G05550,0.0
1,Chr1_1643292.0,1643292,0.0009853302,1,AT1G05550,AT1G05550,AT1G05550,0.0
1,Chr1_1646220.0,1646220,0.0009853302,2,AT1G05560;AT1G05562,AT1G05560,AT1G05560,0.0
1,Chr1_1646429.0,1646429,0.0009853302,2,AT1G05560;AT1G05562,AT1G05560,AT1G05560,0.0
1,Chr1_1647045.0,1647045,0.0009853302,2,AT1G05560;AT1G05562,AT1G05560,AT1G05560,0.0
1,Chr1_1647331.0,1647331,0.0009853302,0,,,,
1,Chr1_1650164.0,1650164,0.0009853302,1,AT1G05570,AT1G05570,AT1G05570,0.0
1,Chr1_1650914.0,1650914,0.0009853302,1,AT1G05570,AT1G05570,AT1G05570,0.0
1,Chr1_1652201.0,1652201,0.0009853302,1,AT1G05570,AT1G05570,AT1G05570,0.0
1,Chr1_1654243.0,1654243,0.0009853302,1,AT1G05570,AT1G05570,AT1G05570,0.0
1,Chr1_1654378.0,1654378,0.0009853302,1,AT1G05570,AT1G05570,AT1G05570,0.0
1,Chr1_1659755.0,1659755,0.0009853302,0,,,,
1,Chr1_1660275.0,1660275,0.0009853302,0,,,,
3,Chr3_13900120.0,13900120,0.0009854467,0,,,,
4,Chr4_9353979.0,9353979,0.0009855209,0,,,,
4,Chr4_8977516.0,8977516,0.0009856,0,,,,
1,Chr1_4169480.0,4169480,0.000985887,0,,,,
1,Chr1_1952421.0,1952421,0.0009858871,1,AT1G06400,AT1G06400,AT1G06400,0.0
2,Chr2_4573193.0,4573193,0.0009860278,0,,,,
2,Chr2_4573231.0,4573231,0.0009860278,0,,,,
2,Chr2_4573643.0,4573643,0.0009860278,0,,,,
2,Chr2_4574520.0,4574520,0.0009860278,0,,,,
3,Chr3_23289640.0,23289640,0.0009865224,1,AT3G63010,AT3G63010,AT3G63010,0.0
4,Chr4_6189816.0,6189816,0.0009869147,1,AT4G09830,AT4G09830,AT4G09830,0.0
1,Chr1_29636397.0,29636397,0.0009874033,0,,,,
5,Chr5_14651402.0,14651402,0.0009875541,1,AT5G37070,AT5G37070,AT5G37070,0.0
5,Chr5_14651485.0,14651485,0.0009875541,1,AT5G37070,AT5G37070,AT5G37070,0.0
1,Chr1_16593631.0,16593631,0.0009880965,0,,,,
4,Chr4_7936886.0,7936886,0.0009888562,1,AT4G13640,AT4G13640,AT4G13640,0.0
3,Chr3_4275092.0,4275092,0.0009888828,0,,,,
3,Chr3_15944751.0,15944751,0.0009890115,0,,,,
1,Chr1_3424326.0,3424326,0.0009895746,1,AT1G10417,AT1G10417,AT1G10417,0.0
5,Chr5_15990483.0,15990483,0.0009896225,1,AT5G39940,AT5G39940,AT5G39940,0.0
1,Chr1_7163623.0,7163623,0.0009898599,0,,,,
3,Chr3_15816053.0,15816053,0.000990581,0,,,,
3,Chr3_14119940.0,14119940,0.0009906175,0,,,,
4,Chr4_12987426.0,12987426,0.0009917362,0,,,,
1,Chr1_26952055.0,26952055,0.0009918844,0,,,,
1,Chr1_26958697.0,26958697,0.0009918844,0,,,,
2,Chr2_6983137.0,6983137,0.0009927366,1,AT2G16060,AT2G16060,AT2G16060,0.0
4,Chr4_3692478.0,3692478,0.0009927716,0,,,,
5,Chr5_3161768.0,3161768,0.0009929022,0,,,,
2,Chr2_5990506.0,5990506,0.0009931837,0,,,,
2,Chr2_17242015.0,17242015,0.000993353,0,,,,
1,Chr1_21190181.0,21190181,0.0009948797,0,,,,
4,Chr4_1459334.0,1459334,0.0009953192,0,,,,
4,Chr4_6537129.0,6537129,0.000995614,0,,,,
3,Chr3_3134032.0,3134032,0.0009956453,0,,,,
3,Chr3_3146157.0,3146157,0.0009956453,1,AT3G10185,AT3G10185,AT3G10185,0.0
5,Chr5_7387693.0,7387693,0.0009960058,0,,,,
5,Chr5_26368688.0,26368688,0.0009960907,0,,,,
5,Chr5_10142343.0,10142343,0.0009961436,0,,,,
5,Chr5_10142507.0,10142507,0.0009961436,0,,,,
5,Chr5_10142551.0,10142551,0.0009961436,0,,,,
5,Chr5_10142860.0,10142860,0.0009961436,0,,,,
1,Chr1_12398455.0,12398455,0.0009962758,1,AT1G34065,AT1G34065,AT1G34065,0.0
4,Chr4_1303002.0,1303002,0.0009963196,0,,,,
4,Chr4_4642866.0,4642866,0.0009966826,0,,,,
3,Chr3_15852584.0,15852584,0.0009977236,0,,,,
5,Chr5_9871249.0,9871249,0.0009982612,0,,,,
2,Chr2_4037586.0,4037586,0.0009985233,0,,,,
3,Chr3_6427954.0,6427954,0.0009985793,1,AT3G18680,AT3G18680,AT3G18680,0.0
1,Chr1_1102018.0,1102018,0.0009994464,0,,,,
1,Chr1_246305.0,246305,0.0009995679,0,,,,
1,Chr1_246308.0,246308,0.0009995679,0,,,,
1,Chr1_246309.0,246309,0.0009995679,0,,,,
1,Chr1_246319.0,246319,0.0009995679,0,,,,
4,Chr4_1283393.0,1283393,0.0009995949,0,,,,
3,Chr3_8186384.0,8186384,0.0009996265,1,AT3G23040,AT3G23040,AT3G23040,0.0
1,Chr1_19472751.0,19472751,0.001000019,0,,,,
4,Chr4_18386431.0,18386431,0.001000568,1,AT4G39580,AT4G39580,AT4G39580,0.0
1,Chr1_1372538.0,1372538,0.001001722,1,AT1G04860,AT1G04860,AT1G04860,0.0
3,Chr3_17493106.0,17493106,0.001001877,1,AT3G47460,AT3G47460,AT3G47460,0.0
1,Chr1_23638897.0,23638897,0.001002254,0,,,,
1,Chr1_12187224.0,12187224,0.00100248,1,AT1G33607,AT1G33607,AT1G33607,0.0
1,Chr1_12187337.0,12187337,0.00100248,1,AT1G33607,AT1G33607,AT1G33607,0.0
1,Chr1_12187359.0,12187359,0.00100248,1,AT1G33607,AT1G33607,AT1G33607,0.0
1,Chr1_12187387.0,12187387,0.00100248,1,AT1G33607,AT1G33607,AT1G33607,0.0
3,Chr3_11278064.0,11278064,0.001002724,0,,,,
3,Chr3_11278077.0,11278077,0.001002724,0,,,,
3,Chr3_11278103.0,11278103,0.001002724,0,,,,
1,Chr1_11266419.0,11266419,0.001003042,1,AT1G31480,AT1G31480,AT1G31480,0.0
5,Chr5_7983042.0,7983042,0.001003193,1,AT5G23670,AT5G23670,AT5G23670,0.0
5,Chr5_7983169.0,7983169,0.001003193,1,AT5G23670,AT5G23670,AT5G23670,0.0
5,Chr5_7983506.0,7983506,0.001003193,1,AT5G23670,AT5G23670,AT5G23670,0.0
5,Chr5_24922872.0,24922872,0.001004472,1,AT5G62040,AT5G62040,AT5G62040,0.0
2,Chr2_11422288.0,11422288,0.001005072,1,AT2G26780,AT2G26780,AT2G26780,0.0
5,Chr5_3165618.0,3165618,0.001005114,0,,,,
5,Chr5_3178353.0,3178353,0.001005114,1,AT5G10140,AT5G10140,AT5G10140,0.0
3,Chr3_9806455.0,9806455,0.001005151,0,,,,
1,Chr1_238263.0,238263,0.001006067,0,,,,
5,Chr5_26258675.0,26258675,0.001006284,0,,,,
5,Chr5_26260170.0,26260170,0.001006284,0,,,,
5,Chr5_26261236.0,26261236,0.001006284,0,,,,
5,Chr5_26263017.0,26263017,0.001006284,1,AT5G65683,AT5G65683,AT5G65683,0.0
2,Chr2_3549101.0,3549101,0.00100655,0,,,,
4,Chr4_8206651.0,8206651,0.001006687,1,AT4G14240,AT4G14240,AT4G14240,0.0
4,Chr4_3118058.0,3118058,0.001006984,0,,,,
1,Chr1_1202376.0,1202376,0.001007425,1,AT1G04440,AT1G04440,AT1G04440,0.0
2,Chr2_4054275.0,4054275,0.001007734,0,,,,
4,Chr4_10408058.0,10408058,0.001007905,1,AT4G19003,AT4G19003,AT4G19003,0.0
2,Chr2_11557378.0,11557378,0.001007931,1,AT2G27070,AT2G27070,AT2G27070,0.0
2,Chr2_11557475.0,11557475,0.001007931,1,AT2G27070,AT2G27070,AT2G27070,0.0
3,Chr3_18519728.0,18519728,0.001008192,0,,,,
3,Chr3_9684728.0,9684728,0.001008279,0,,,,
1,Chr1_29517670.0,29517670,0.001008516,1,AT1G78450,AT1G78450,AT1G78450,0.0
4,Chr4_4704784.0,4704784,0.001008611,0,,,,
4,Chr4_4704863.0,4704863,0.001008611,0,,,,
4,Chr4_1363381.0,1363381,0.001008838,1,AT4G03080,AT4G03080,AT4G03080,0.0
4,Chr4_8668173.0,8668173,0.001009019,1,AT4G15210,AT4G15210,AT4G15210,0.0
3,Chr3_12421146.0,12421146,0.001009119,0,,,,
5,Chr5_158200.0,158200,0.001009202,0,,,,
4,Chr4_10037223.0,10037223,0.001009444,1,AT4G18110,AT4G18110,AT4G18110,0.0
2,Chr2_5468388.0,5468388,0.001010523,0,,,,
4,Chr4_11733530.0,11733530,0.001011018,1,AT4G22160,AT4G22160,AT4G22160,0.0
2,Chr2_6978037.0,6978037,0.001011239,0,,,,
3,Chr3_15166411.0,15166411,0.001011498,0,,,,
3,Chr3_1461533.0,1461533,0.001011714,1,AT3G05165,AT3G05165,AT3G05165,0.0
3,Chr3_12201189.0,12201189,0.001012294,0,,,,
1,Chr1_3251901.0,3251901,0.001012863,0,,,,
1,Chr1_3252054.0,3252054,0.001012863,0,,,,
3,Chr3_8226349.0,8226349,0.00101296,1,AT3G23100,AT3G23100,AT3G23100,0.0
2,Chr2_8367917.0,8367917,0.001013575,0,,,,
2,Chr2_11250449.0,11250449,0.001013666,0,,,,
4,Chr4_9120436.0,9120436,0.00101496,0,,,,
4,Chr4_12945797.0,12945797,0.001015105,1,AT4G25300,AT4G25300,AT4G25300,0.0
1,Chr1_10923259.0,10923259,0.001015233,0,,,,
1,Chr1_30266988.0,30266988,0.001015291,1,AT1G80490,AT1G80490,AT1G80490,0.0
4,Chr4_3860637.0,3860637,0.001015394,0,,,,
1,Chr1_1202919.0,1202919,0.001015715,1,AT1G04440,AT1G04440,AT1G04440,0.0
2,Chr2_3083994.0,3083994,0.001016043,0,,,,
2,Chr2_12411444.0,12411444,0.00101654,0,,,,
2,Chr2_5333558.0,5333558,0.001016558,0,,,,
3,Chr3_8976180.0,8976180,0.001016767,1,AT3G24610,AT3G24610,AT3G24610,0.0
3,Chr3_15806295.0,15806295,0.001016864,0,,,,
1,Chr1_10684265.0,10684265,0.001018037,0,,,,
1,Chr1_13715060.0,13715060,0.001018217,0,,,,
3,Chr3_11902798.0,11902798,0.001018812,0,,,,
2,Chr2_15058161.0,15058161,0.001018936,0,,,,
2,Chr2_6327002.0,6327002,0.001019172,0,,,,
4,Chr4_998064.0,998064,0.001019411,1,AT4G02280,AT4G02280,AT4G02280,0.0
3,Chr3_15693362.0,15693362,0.001019682,0,,,,
3,Chr3_15690473.0,15690473,0.001019993,0,,,,
1,Chr1_13108889.0,13108889,0.001020755,1,AT1G35540,AT1G35540,AT1G35540,0.0
4,Chr4_6207525.0,6207525,0.001021176,0,,,,
5,Chr5_17093450.0,17093450,0.001022251,0,,,,
4,Chr4_13828870.0,13828870,0.001022494,1,AT4G27710,AT4G27710,AT4G27710,0.0
2,Chr2_15116750.0,15116750,0.001022541,1,AT2G35990,AT2G35990,AT2G35990,0.0
2,Chr2_6005759.0,6005759,0.001022667,0,,,,
5,Chr5_10676328.0,10676328,0.001022927,1,AT5G28646,AT5G28646,AT5G28646,0.0
5,Chr5_10676354.0,10676354,0.001022927,1,AT5G28646,AT5G28646,AT5G28646,0.0
5,Chr5_10676355.0,10676355,0.001022927,1,AT5G28646,AT5G28646,AT5G28646,0.0
4,Chr4_4916500.0,4916500,0.001023096,0,,,,
4,Chr4_4918267.0,4918267,0.001023096,0,,,,
4,Chr4_4953801.0,4953801,0.001023096,0,,,,
4,Chr4_5024979.0,5024979,0.001023096,0,,,,
4,Chr4_5025096.0,5025096,0.001023096,0,,,,
4,Chr4_5121313.0,5121313,0.001023096,0,,,,
4,Chr4_5124050.0,5124050,0.001023096,0,,,,
4,Chr4_5144436.0,5144436,0.001023096,0,,,,
1,Chr1_12137060.0,12137060,0.001023197,0,,,,
4,Chr4_8066978.0,8066978,0.001023446,1,AT4G13965,AT4G13965,AT4G13965,0.0
4,Chr4_8067054.0,8067054,0.001023446,1,AT4G13965,AT4G13965,AT4G13965,0.0
4,Chr4_8067132.0,8067132,0.001023446,1,AT4G13965,AT4G13965,AT4G13965,0.0
5,Chr5_8497725.0,8497725,0.001024051,0,,,,
1,Chr1_4263169.0,4263169,0.001024743,1,AT1G12500,AT1G12500,AT1G12500,0.0
5,Chr5_5942371.0,5942371,0.001025092,1,AT5G17930,AT5G17930,AT5G17930,0.0
2,Chr2_11377890.0,11377890,0.001025095,0,,,,
2,Chr2_11381166.0,11381166,0.001025095,1,AT2G26710,AT2G26710,AT2G26710,0.0
2,Chr2_11384864.0,11384864,0.001025095,1,AT2G26720,AT2G26720,AT2G26720,0.0
2,Chr2_12044293.0,12044293,0.001025194,1,AT2G28250,AT2G28250,AT2G28250,0.0
5,Chr5_16623248.0,16623248,0.001025345,0,,,,
5,Chr5_5538242.0,5538242,0.001025522,2,AT5G16840;AT5G16850,AT5G16840,AT5G16840,0.0
5,Chr5_5538353.0,5538353,0.001025522,1,AT5G16850,AT5G16850,AT5G16850,0.0
5,Chr5_5538658.0,5538658,0.001025522,1,AT5G16850,AT5G16850,AT5G16850,0.0
5,Chr5_5540306.0,5540306,0.001025522,1,AT5G16850,AT5G16850,AT5G16850,0.0
3,Chr3_7784986.0,7784986,0.001026179,0,,,,
2,Chr2_13942079.0,13942079,0.001026806,1,AT2G32860,AT2G32860,AT2G32860,0.0
5,Chr5_7563448.0,7563448,0.001027352,0,,,,
1,Chr1_3487977.0,3487977,0.001027399,1,AT1G10570,AT1G10570,AT1G10570,0.0
2,Chr2_6786330.0,6786330,0.001027519,1,AT2G15555,AT2G15555,AT2G15555,0.0
5,Chr5_10367637.0,10367637,0.001027925,0,,,,
5,Chr5_10367679.0,10367679,0.001027925,0,,,,
5,Chr5_10367917.0,10367917,0.001027925,0,,,,
1,Chr1_17312681.0,17312681,0.001028418,0,,,,
5,Chr5_542541.0,542541,0.001028456,1,AT5G02470,AT5G02470,AT5G02470,0.0
5,Chr5_542742.0,542742,0.001028456,1,AT5G02470,AT5G02470,AT5G02470,0.0
5,Chr5_542772.0,542772,0.001028456,1,AT5G02470,AT5G02470,AT5G02470,0.0
5,Chr5_542781.0,542781,0.001028456,1,AT5G02470,AT5G02470,AT5G02470,0.0
5,Chr5_542815.0,542815,0.001028456,1,AT5G02470,AT5G02470,AT5G02470,0.0
5,Chr5_543112.0,543112,0.001028456,1,AT5G02470,AT5G02470,AT5G02470,0.0
5,Chr5_543204.0,543204,0.001028456,1,AT5G02470,AT5G02470,AT5G02470,0.0
5,Chr5_543237.0,543237,0.001028456,1,AT5G02470,AT5G02470,AT5G02470,0.0
5,Chr5_543291.0,543291,0.001028456,1,AT5G02470,AT5G02470,AT5G02470,0.0
5,Chr5_543293.0,543293,0.001028456,1,AT5G02470,AT5G02470,AT5G02470,0.0
5,Chr5_543311.0,543311,0.001028456,1,AT5G02470,AT5G02470,AT5G02470,0.0
5,Chr5_543319.0,543319,0.001028456,1,AT5G02470,AT5G02470,AT5G02470,0.0
5,Chr5_543819.0,543819,0.001028456,1,AT5G02470,AT5G02470,AT5G02470,0.0
5,Chr5_543823.0,543823,0.001028456,1,AT5G02470,AT5G02470,AT5G02470,0.0
5,Chr5_543892.0,543892,0.001028456,1,AT5G02470,AT5G02470,AT5G02470,0.0
5,Chr5_544080.0,544080,0.001028456,1,AT5G02470,AT5G02470,AT5G02470,0.0
5,Chr5_544124.0,544124,0.001028456,1,AT5G02470,AT5G02470,AT5G02470,0.0
5,Chr5_544172.0,544172,0.001028456,1,AT5G02470,AT5G02470,AT5G02470,0.0
5,Chr5_544226.0,544226,0.001028456,1,AT5G02470,AT5G02470,AT5G02470,0.0
5,Chr5_544269.0,544269,0.001028456,1,AT5G02470,AT5G02470,AT5G02470,0.0
5,Chr5_544278.0,544278,0.001028456,1,AT5G02470,AT5G02470,AT5G02470,0.0
5,Chr5_544358.0,544358,0.001028456,1,AT5G02470,AT5G02470,AT5G02470,0.0
5,Chr5_544437.0,544437,0.001028456,1,AT5G02470,AT5G02470,AT5G02470,0.0
5,Chr5_544539.0,544539,0.001028456,1,AT5G02470,AT5G02470,AT5G02470,0.0
5,Chr5_544540.0,544540,0.001028456,1,AT5G02470,AT5G02470,AT5G02470,0.0
5,Chr5_544573.0,544573,0.001028456,1,AT5G02470,AT5G02470,AT5G02470,0.0
5,Chr5_544581.0,544581,0.001028456,1,AT5G02470,AT5G02470,AT5G02470,0.0
5,Chr5_544638.0,544638,0.001028456,1,AT5G02470,AT5G02470,AT5G02470,0.0
5,Chr5_544666.0,544666,0.001028456,1,AT5G02470,AT5G02470,AT5G02470,0.0
5,Chr5_545849.0,545849,0.001028456,0,,,,
5,Chr5_545920.0,545920,0.001028456,0,,,,
5,Chr5_545946.0,545946,0.001028456,0,,,,
5,Chr5_545980.0,545980,0.001028456,0,,,,
5,Chr5_546073.0,546073,0.001028456,0,,,,
5,Chr5_546465.0,546465,0.001028456,0,,,,
2,Chr2_5446033.0,5446033,0.001028978,0,,,,
3,Chr3_14319553.0,14319553,0.001029104,0,,,,
2,Chr2_11195852.0,11195852,0.001029202,0,,,,
2,Chr2_11196748.0,11196748,0.001029202,0,,,,
4,Chr4_18369621.0,18369621,0.001030149,1,AT4G39510,AT4G39510,AT4G39510,0.0
3,Chr3_19610013.0,19610013,0.001030249,1,AT3G52890,AT3G52890,AT3G52890,0.0
3,Chr3_2435089.0,2435089,0.001030683,0,,,,
3,Chr3_2435143.0,2435143,0.001030683,0,,,,
3,Chr3_2435416.0,2435416,0.001030683,0,,,,
3,Chr3_2435621.0,2435621,0.001030683,1,AT3G07630,AT3G07630,AT3G07630,0.0
3,Chr3_2435639.0,2435639,0.001030683,1,AT3G07630,AT3G07630,AT3G07630,0.0
3,Chr3_2435687.0,2435687,0.001030683,1,AT3G07630,AT3G07630,AT3G07630,0.0
3,Chr3_2435709.0,2435709,0.001030683,1,AT3G07630,AT3G07630,AT3G07630,0.0
3,Chr3_2435741.0,2435741,0.001030683,1,AT3G07630,AT3G07630,AT3G07630,0.0
3,Chr3_2436083.0,2436083,0.001030683,1,AT3G07630,AT3G07630,AT3G07630,0.0
3,Chr3_2436105.0,2436105,0.001030683,1,AT3G07630,AT3G07630,AT3G07630,0.0
3,Chr3_2436222.0,2436222,0.001030683,1,AT3G07630,AT3G07630,AT3G07630,0.0
3,Chr3_2436829.0,2436829,0.001030683,1,AT3G07630,AT3G07630,AT3G07630,0.0
3,Chr3_2436957.0,2436957,0.001030683,1,AT3G07630,AT3G07630,AT3G07630,0.0
3,Chr3_2437055.0,2437055,0.001030683,1,AT3G07630,AT3G07630,AT3G07630,0.0
3,Chr3_2437065.0,2437065,0.001030683,1,AT3G07630,AT3G07630,AT3G07630,0.0
3,Chr3_2437251.0,2437251,0.001030683,1,AT3G07630,AT3G07630,AT3G07630,0.0
3,Chr3_2437300.0,2437300,0.001030683,1,AT3G07630,AT3G07630,AT3G07630,0.0
3,Chr3_2437302.0,2437302,0.001030683,1,AT3G07630,AT3G07630,AT3G07630,0.0
3,Chr3_2437306.0,2437306,0.001030683,1,AT3G07630,AT3G07630,AT3G07630,0.0
3,Chr3_2437430.0,2437430,0.001030683,1,AT3G07630,AT3G07630,AT3G07630,0.0
3,Chr3_2437463.0,2437463,0.001030683,1,AT3G07630,AT3G07630,AT3G07630,0.0
3,Chr3_2437473.0,2437473,0.001030683,1,AT3G07630,AT3G07630,AT3G07630,0.0
3,Chr3_2437488.0,2437488,0.001030683,1,AT3G07630,AT3G07630,AT3G07630,0.0
3,Chr3_2437577.0,2437577,0.001030683,1,AT3G07630,AT3G07630,AT3G07630,0.0
3,Chr3_2437588.0,2437588,0.001030683,1,AT3G07630,AT3G07630,AT3G07630,0.0
3,Chr3_2437666.0,2437666,0.001030683,1,AT3G07630,AT3G07630,AT3G07630,0.0
3,Chr3_2437810.0,2437810,0.001030683,1,AT3G07630,AT3G07630,AT3G07630,0.0
3,Chr3_2437811.0,2437811,0.001030683,1,AT3G07630,AT3G07630,AT3G07630,0.0
3,Chr3_2437814.0,2437814,0.001030683,1,AT3G07630,AT3G07630,AT3G07630,0.0
3,Chr3_2437816.0,2437816,0.001030683,1,AT3G07630,AT3G07630,AT3G07630,0.0
3,Chr3_2437834.0,2437834,0.001030683,1,AT3G07630,AT3G07630,AT3G07630,0.0
3,Chr3_2437876.0,2437876,0.001030683,1,AT3G07630,AT3G07630,AT3G07630,0.0
3,Chr3_2438019.0,2438019,0.001030683,0,,,,
3,Chr3_2438055.0,2438055,0.001030683,0,,,,
3,Chr3_2438057.0,2438057,0.001030683,0,,,,
3,Chr3_2438064.0,2438064,0.001030683,0,,,,
3,Chr3_2438069.0,2438069,0.001030683,0,,,,
3,Chr3_2438088.0,2438088,0.001030683,0,,,,
3,Chr3_2438107.0,2438107,0.001030683,0,,,,
3,Chr3_2438146.0,2438146,0.001030683,1,AT3G07640,AT3G07640,AT3G07640,0.0
3,Chr3_2438197.0,2438197,0.001030683,1,AT3G07640,AT3G07640,AT3G07640,0.0
3,Chr3_2438240.0,2438240,0.001030683,1,AT3G07640,AT3G07640,AT3G07640,0.0
3,Chr3_2438253.0,2438253,0.001030683,1,AT3G07640,AT3G07640,AT3G07640,0.0
3,Chr3_2438327.0,2438327,0.001030683,1,AT3G07640,AT3G07640,AT3G07640,0.0
3,Chr3_2438390.0,2438390,0.001030683,1,AT3G07640,AT3G07640,AT3G07640,0.0
3,Chr3_2438429.0,2438429,0.001030683,1,AT3G07640,AT3G07640,AT3G07640,0.0
3,Chr3_2438440.0,2438440,0.001030683,1,AT3G07640,AT3G07640,AT3G07640,0.0
3,Chr3_2438443.0,2438443,0.001030683,1,AT3G07640,AT3G07640,AT3G07640,0.0
3,Chr3_2438455.0,2438455,0.001030683,1,AT3G07640,AT3G07640,AT3G07640,0.0
3,Chr3_2438465.0,2438465,0.001030683,1,AT3G07640,AT3G07640,AT3G07640,0.0
3,Chr3_2438484.0,2438484,0.001030683,1,AT3G07640,AT3G07640,AT3G07640,0.0
3,Chr3_2438506.0,2438506,0.001030683,1,AT3G07640,AT3G07640,AT3G07640,0.0
3,Chr3_2438508.0,2438508,0.001030683,1,AT3G07640,AT3G07640,AT3G07640,0.0
3,Chr3_2438572.0,2438572,0.001030683,1,AT3G07640,AT3G07640,AT3G07640,0.0
3,Chr3_2438584.0,2438584,0.001030683,1,AT3G07640,AT3G07640,AT3G07640,0.0
3,Chr3_2438586.0,2438586,0.001030683,1,AT3G07640,AT3G07640,AT3G07640,0.0
3,Chr3_2438590.0,2438590,0.001030683,1,AT3G07640,AT3G07640,AT3G07640,0.0
3,Chr3_2438594.0,2438594,0.001030683,1,AT3G07640,AT3G07640,AT3G07640,0.0
3,Chr3_2438614.0,2438614,0.001030683,1,AT3G07640,AT3G07640,AT3G07640,0.0
3,Chr3_2438622.0,2438622,0.001030683,1,AT3G07640,AT3G07640,AT3G07640,0.0
3,Chr3_2438624.0,2438624,0.001030683,1,AT3G07640,AT3G07640,AT3G07640,0.0
3,Chr3_2438690.0,2438690,0.001030683,1,AT3G07640,AT3G07640,AT3G07640,0.0
3,Chr3_2438693.0,2438693,0.001030683,1,AT3G07640,AT3G07640,AT3G07640,0.0
3,Chr3_2438695.0,2438695,0.001030683,1,AT3G07640,AT3G07640,AT3G07640,0.0
3,Chr3_2438764.0,2438764,0.001030683,1,AT3G07640,AT3G07640,AT3G07640,0.0
3,Chr3_2438766.0,2438766,0.001030683,1,AT3G07640,AT3G07640,AT3G07640,0.0
3,Chr3_2438786.0,2438786,0.001030683,1,AT3G07640,AT3G07640,AT3G07640,0.0
3,Chr3_2438827.0,2438827,0.001030683,1,AT3G07640,AT3G07640,AT3G07640,0.0
3,Chr3_2438829.0,2438829,0.001030683,1,AT3G07640,AT3G07640,AT3G07640,0.0
3,Chr3_2438852.0,2438852,0.001030683,1,AT3G07640,AT3G07640,AT3G07640,0.0
3,Chr3_2438918.0,2438918,0.001030683,1,AT3G07640,AT3G07640,AT3G07640,0.0
3,Chr3_2438928.0,2438928,0.001030683,1,AT3G07640,AT3G07640,AT3G07640,0.0
3,Chr3_2438937.0,2438937,0.001030683,1,AT3G07640,AT3G07640,AT3G07640,0.0
3,Chr3_2438949.0,2438949,0.001030683,1,AT3G07640,AT3G07640,AT3G07640,0.0
3,Chr3_2438985.0,2438985,0.001030683,1,AT3G07640,AT3G07640,AT3G07640,0.0
3,Chr3_2438995.0,2438995,0.001030683,1,AT3G07640,AT3G07640,AT3G07640,0.0
3,Chr3_2439003.0,2439003,0.001030683,1,AT3G07640,AT3G07640,AT3G07640,0.0
3,Chr3_2439071.0,2439071,0.001030683,1,AT3G07640,AT3G07640,AT3G07640,0.0
3,Chr3_2439254.0,2439254,0.001030683,1,AT3G07640,AT3G07640,AT3G07640,0.0
3,Chr3_2439471.0,2439471,0.001030683,1,AT3G07640,AT3G07640,AT3G07640,0.0
3,Chr3_2439726.0,2439726,0.001030683,1,AT3G07640,AT3G07640,AT3G07640,0.0
3,Chr3_2439945.0,2439945,0.001030683,0,,,,
3,Chr3_2440005.0,2440005,0.001030683,0,,,,
5,Chr5_13714305.0,13714305,0.001030731,0,,,,
4,Chr4_1943841.0,1943841,0.001031164,0,,,,
5,Chr5_13713319.0,13713319,0.001031173,0,,,,
4,Chr4_3549101.0,3549101,0.001031535,0,,,,
4,Chr4_3550106.0,3550106,0.001031535,0,,,,
4,Chr4_5153433.0,5153433,0.001031773,0,,,,
1,Chr1_1160095.0,1160095,0.001031953,0,,,,
4,Chr4_8097381.0,8097381,0.001032148,0,,,,
3,Chr3_12194824.0,12194824,0.001032478,0,,,,
3,Chr3_3835553.0,3835553,0.001032913,1,AT3G12040,AT3G12040,AT3G12040,0.0
4,Chr4_3114967.0,3114967,0.001032922,0,,,,
3,Chr3_4635306.0,4635306,0.001033121,0,,,,
1,Chr1_29565568.0,29565568,0.001033915,1,AT1G78590,AT1G78590,AT1G78590,0.0
5,Chr5_11175997.0,11175997,0.001034499,0,,,,
1,Chr1_3946824.0,3946824,0.001034572,0,,,,
4,Chr4_2882293.0,2882293,0.001035481,0,,,,
4,Chr4_2882799.0,2882799,0.001035481,0,,,,
4,Chr4_2883034.0,2883034,0.001035481,0,,,,
4,Chr4_2884839.0,2884839,0.001035481,0,,,,
4,Chr4_17397160.0,17397160,0.001035994,0,,,,
4,Chr4_17397319.0,17397319,0.001035994,0,,,,
3,Chr3_15597435.0,15597435,0.001036112,0,,,,
1,Chr1_3499793.0,3499793,0.001037237,0,,,,
1,Chr1_8990339.0,8990339,0.001040239,0,,,,
2,Chr2_5732313.0,5732313,0.001040258,0,,,,
4,Chr4_17302949.0,17302949,0.00104053,0,,,,
4,Chr4_17302953.0,17302953,0.00104053,0,,,,
1,Chr1_1655373.0,1655373,0.001040963,1,AT1G05570,AT1G05570,AT1G05570,0.0
1,Chr1_5774127.0,5774127,0.001041037,1,AT1G16880,AT1G16880,AT1G16880,0.0
1,Chr1_5774230.0,5774230,0.001041037,1,AT1G16880,AT1G16880,AT1G16880,0.0
5,Chr5_12158986.0,12158986,0.001041059,0,,,,
2,Chr2_1383626.0,1383626,0.001041246,0,,,,
3,Chr3_1461513.0,1461513,0.001041283,1,AT3G05165,AT3G05165,AT3G05165,0.0
2,Chr2_5721216.0,5721216,0.001041392,0,,,,
4,Chr4_3693966.0,3693966,0.001041608,0,,,,
5,Chr5_12654932.0,12654932,0.00104188,0,,,,
3,Chr3_16509494.0,16509494,0.00104233,0,,,,
4,Chr4_369170.0,369170,0.001042791,0,,,,
4,Chr4_6419199.0,6419199,0.001043037,0,,,,
1,Chr1_3764300.0,3764300,0.001043073,1,AT1G11230,AT1G11230,AT1G11230,0.0
3,Chr3_7708803.0,7708803,0.001043596,0,,,,
3,Chr3_12192375.0,12192375,0.001043845,0,,,,
3,Chr3_12192437.0,12192437,0.001043845,0,,,,
2,Chr2_4592069.0,4592069,0.00104609,0,,,,
3,Chr3_18709486.0,18709486,0.001046211,0,,,,
4,Chr4_11350565.0,11350565,0.001046228,1,AT4G21330,AT4G21330,AT4G21330,0.0
3,Chr3_13872032.0,13872032,0.001046993,0,,,,
1,Chr1_3348272.0,3348272,0.001047005,0,,,,
1,Chr1_3348273.0,3348273,0.001047005,0,,,,
1,Chr1_3348288.0,3348288,0.001047005,0,,,,
4,Chr4_4649937.0,4649937,0.001047227,0,,,,
2,Chr2_2488092.0,2488092,0.001047331,0,,,,
1,Chr1_6867303.0,6867303,0.001048592,0,,,,
3,Chr3_17418727.0,17418727,0.001048707,0,,,,
2,Chr2_10211118.0,10211118,0.001048994,1,AT2G24000,AT2G24000,AT2G24000,0.0
3,Chr3_18643420.0,18643420,0.001049097,0,,,,
3,Chr3_16070567.0,16070567,0.001049443,0,,,,
3,Chr3_1284993.0,1284993,0.001049742,0,,,,
1,Chr1_11123131.0,11123131,0.001050235,1,AT1G31160,AT1G31160,AT1G31160,0.0
4,Chr4_10101441.0,10101441,0.001050272,1,AT4G18270,AT4G18270,AT4G18270,0.0
3,Chr3_12067242.0,12067242,0.001050549,0,,,,
3,Chr3_12067342.0,12067342,0.001050549,0,,,,
2,Chr2_6956319.0,6956319,0.001050858,0,,,,
3,Chr3_2714093.0,2714093,0.001051163,1,AT3G08930,AT3G08930,AT3G08930,0.0
3,Chr3_2503224.0,2503224,0.00105162,1,AT3G07840,AT3G07840,AT3G07840,0.0
3,Chr3_13871649.0,13871649,0.001051754,0,,,,
3,Chr3_20653952.0,20653952,0.00105196,1,AT3G55665,AT3G55665,AT3G55665,0.0
1,Chr1_3739041.0,3739041,0.001052343,1,AT1G11160,AT1G11160,AT1G11160,0.0
3,Chr3_14803604.0,14803604,0.001052551,0,,,,
5,Chr5_25825931.0,25825931,0.001052863,1,AT5G64600,AT5G64600,AT5G64600,0.0
3,Chr3_9573066.0,9573066,0.001052895,0,,,,
1,Chr1_16544451.0,16544451,0.001052928,0,,,,
5,Chr5_9753913.0,9753913,0.001053494,0,,,,
2,Chr2_5299979.0,5299979,0.001054187,0,,,,
3,Chr3_12208971.0,12208971,0.001054539,0,,,,
3,Chr3_20633150.0,20633150,0.001054554,0,,,,
4,Chr4_12769072.0,12769072,0.001054685,0,,,,
1,Chr1_26951466.0,26951466,0.001055596,1,AT1G71691,AT1G71691,AT1G71691,0.0
1,Chr1_26951627.0,26951627,0.001055596,0,,,,
1,Chr1_26957600.0,26957600,0.001055596,0,,,,
3,Chr3_11879547.0,11879547,0.001055655,1,AT3G30230,AT3G30230,AT3G30230,0.0
5,Chr5_15909859.0,15909859,0.001055879,0,,,,
5,Chr5_15909860.0,15909860,0.001055879,0,,,,
2,Chr2_6228093.0,6228093,0.00105601,0,,,,
4,Chr4_5391637.0,5391637,0.001056126,0,,,,
5,Chr5_10677655.0,10677655,0.001056229,0,,,,
3,Chr3_12090040.0,12090040,0.001056399,0,,,,
4,Chr4_6243565.0,6243565,0.001056598,0,,,,
3,Chr3_15415382.0,15415382,0.001056706,0,,,,
1,Chr1_4246362.0,4246362,0.001056814,0,,,,
1,Chr1_2379743.0,2379743,0.001057059,1,AT1G07700,AT1G07700,AT1G07700,0.0
1,Chr1_17527909.0,17527909,0.00105731,0,,,,
2,Chr2_11164129.0,11164129,0.001057553,0,,,,
3,Chr3_11578339.0,11578339,0.00105812,0,,,,
2,Chr2_5583929.0,5583929,0.00105844,0,,,,
1,Chr1_12407444.0,12407444,0.001058572,0,,,,
3,Chr3_12758616.0,12758616,0.001058737,0,,,,
3,Chr3_2106126.0,2106126,0.001059339,1,AT3G06670,AT3G06670,AT3G06670,0.0
3,Chr3_8425375.0,8425375,0.001059669,0,,,,
2,Chr2_14575950.0,14575950,0.001059678,1,AT2G34610,AT2G34610,AT2G34610,0.0
3,Chr3_6698371.0,6698371,0.00105968,0,,,,
3,Chr3_15315223.0,15315223,0.00105979,0,,,,
2,Chr2_15608796.0,15608796,0.001060205,0,,,,
1,Chr1_29078583.0,29078583,0.001060887,0,,,,
1,Chr1_29078951.0,29078951,0.001060887,0,,,,
2,Chr2_4569086.0,4569086,0.001061507,0,,,,
2,Chr2_4570431.0,4570431,0.001061507,0,,,,
2,Chr2_4570529.0,4570529,0.001061507,0,,,,
2,Chr2_4575890.0,4575890,0.001061507,0,,,,
2,Chr2_4576267.0,4576267,0.001061507,0,,,,
2,Chr2_4579697.0,4579697,0.001061507,0,,,,
2,Chr2_4579805.0,4579805,0.001061507,0,,,,
2,Chr2_4580668.0,4580668,0.001061507,0,,,,
2,Chr2_4581859.0,4581859,0.001061507,0,,,,
2,Chr2_4584084.0,4584084,0.001061507,0,,,,
2,Chr2_4585279.0,4585279,0.001061507,0,,,,
2,Chr2_4585280.0,4585280,0.001061507,0,,,,
2,Chr2_4588979.0,4588979,0.001061507,0,,,,
2,Chr2_4589053.0,4589053,0.001061507,0,,,,
2,Chr2_4589505.0,4589505,0.001061507,0,,,,
2,Chr2_4592760.0,4592760,0.001061507,0,,,,
2,Chr2_4597361.0,4597361,0.001061507,0,,,,
2,Chr2_4597959.0,4597959,0.001061507,0,,,,
2,Chr2_4597964.0,4597964,0.001061507,0,,,,
2,Chr2_4599998.0,4599998,0.001061507,0,,,,
2,Chr2_4600194.0,4600194,0.001061507,0,,,,
2,Chr2_4600251.0,4600251,0.001061507,0,,,,
2,Chr2_4601715.0,4601715,0.001061507,0,,,,
2,Chr2_4601889.0,4601889,0.001061507,0,,,,
2,Chr2_4601924.0,4601924,0.001061507,0,,,,
2,Chr2_4602417.0,4602417,0.001061507,0,,,,
2,Chr2_4603444.0,4603444,0.001061507,0,,,,
2,Chr2_4609518.0,4609518,0.001061507,0,,,,
2,Chr2_4609721.0,4609721,0.001061507,0,,,,
2,Chr2_4609786.0,4609786,0.001061507,0,,,,
2,Chr2_4611852.0,4611852,0.001061507,0,,,,
2,Chr2_4612272.0,4612272,0.001061507,0,,,,
2,Chr2_4612372.0,4612372,0.001061507,0,,,,
2,Chr2_4612517.0,4612517,0.001061507,0,,,,
2,Chr2_4614817.0,4614817,0.001061507,0,,,,
2,Chr2_4614843.0,4614843,0.001061507,0,,,,
2,Chr2_4615233.0,4615233,0.001061507,0,,,,
2,Chr2_4617699.0,4617699,0.001061507,0,,,,
2,Chr2_4617814.0,4617814,0.001061507,0,,,,
1,Chr1_26555313.0,26555313,0.001061935,0,,,,
1,Chr1_9022467.0,9022467,0.001062215,1,AT1G26090,AT1G26090,AT1G26090,0.0
1,Chr1_21207427.0,21207427,0.001062413,0,,,,
1,Chr1_21207428.0,21207428,0.001062413,0,,,,
1,Chr1_21207434.0,21207434,0.001062413,0,,,,
1,Chr1_21207539.0,21207539,0.001062413,1,AT1G56600,AT1G56600,AT1G56600,0.0
1,Chr1_21207542.0,21207542,0.001062413,1,AT1G56600,AT1G56600,AT1G56600,0.0
1,Chr1_23255093.0,23255093,0.001063919,1,AT1G62800,AT1G62800,AT1G62800,0.0
2,Chr2_14893949.0,14893949,0.001064882,1,AT2G35380,AT2G35380,AT2G35380,0.0
4,Chr4_1923273.0,1923273,0.001065199,0,,,,
1,Chr1_19641558.0,19641558,0.001065416,1,AT1G52720,AT1G52720,AT1G52720,0.0
4,Chr4_7367819.0,7367819,0.001065572,2,AT4G12430;AT4G12432,AT4G12430,AT4G12430,0.0
4,Chr4_7367820.0,7367820,0.001065572,2,AT4G12430;AT4G12432,AT4G12430,AT4G12430,0.0
2,Chr2_11734770.0,11734770,0.001065587,0,,,,
2,Chr2_11734773.0,11734773,0.001065587,0,,,,
2,Chr2_11736658.0,11736658,0.001065587,0,,,,
2,Chr2_11740002.0,11740002,0.001065587,0,,,,
2,Chr2_11743154.0,11743154,0.001065587,1,AT2G27460,AT2G27460,AT2G27460,0.0
4,Chr4_4048462.0,4048462,0.001065667,0,,,,
2,Chr2_4099769.0,4099769,0.001065778,0,,,,
1,Chr1_4417278.0,4417278,0.001065894,1,AT1G12940,AT1G12940,AT1G12940,0.0
4,Chr4_8007155.0,8007155,0.00106614,1,AT4G13810,AT4G13810,AT4G13810,0.0
2,Chr2_8367375.0,8367375,0.001066322,0,,,,
4,Chr4_10491054.0,10491054,0.00106668,1,AT4G19185,AT4G19185,AT4G19185,0.0
4,Chr4_10482188.0,10482188,0.001067211,1,AT4G19170,AT4G19170,AT4G19170,0.0
4,Chr4_7226909.0,7226909,0.001067865,0,,,,
4,Chr4_11735455.0,11735455,0.001068108,0,,,,
4,Chr4_15507043.0,15507043,0.00106859,1,AT4G32070,AT4G32070,AT4G32070,0.0
3,Chr3_14075153.0,14075153,0.001069041,0,,,,
3,Chr3_14075179.0,14075179,0.001069041,0,,,,
1,Chr1_4893959.0,4893959,0.001070224,0,,,,
4,Chr4_771935.0,771935,0.001070315,1,AT4G01800,AT4G01800,AT4G01800,0.0
2,Chr2_6626490.0,6626490,0.001070744,0,,,,
2,Chr2_12716650.0,12716650,0.00107229,1,AT2G29770,AT2G29770,AT2G29770,0.0
3,Chr3_19847185.0,19847185,0.001072381,1,AT3G53540,AT3G53540,AT3G53540,0.0
3,Chr3_20633188.0,20633188,0.001072412,0,,,,
4,Chr4_11853895.0,11853895,0.001072609,0,,,,
4,Chr4_15250811.0,15250811,0.001072914,1,AT4G31430,AT4G31430,AT4G31430,0.0
5,Chr5_23343839.0,23343839,0.001073393,0,,,,
3,Chr3_16002809.0,16002809,0.00107377,0,,,,
2,Chr2_4512735.0,4512735,0.001073907,0,,,,
4,Chr4_3122338.0,3122338,0.001074149,0,,,,
1,Chr1_1079383.0,1079383,0.001074263,1,AT1G04140,AT1G04140,AT1G04140,0.0
5,Chr5_19491835.0,19491835,0.001074329,1,AT5G48100,AT5G48100,AT5G48100,0.0
5,Chr5_26350187.0,26350187,0.001074361,0,,,,
5,Chr5_10731997.0,10731997,0.001074506,0,,,,
3,Chr3_2463435.0,2463435,0.001075103,1,AT3G07700,AT3G07700,AT3G07700,0.0
1,Chr1_6662608.0,6662608,0.001076442,1,AT1G19270,AT1G19270,AT1G19270,0.0
5,Chr5_22013251.0,22013251,0.001076678,0,,,,
5,Chr5_3161711.0,3161711,0.001076752,0,,,,
5,Chr5_10674576.0,10674576,0.001076757,0,,,,
3,Chr3_13249449.0,13249449,0.001077237,0,,,,
4,Chr4_8173972.0,8173972,0.001077878,0,,,,
3,Chr3_21039802.0,21039802,0.001078569,0,,,,
3,Chr3_14737633.0,14737633,0.001079148,0,,,,
4,Chr4_5913449.0,5913449,0.001079953,0,,,,
2,Chr2_12997489.0,12997489,0.001080422,0,,,,
4,Chr4_2127297.0,2127297,0.00108062,0,,,,
2,Chr2_5621323.0,5621323,0.001080949,0,,,,
2,Chr2_5621682.0,5621682,0.001080949,0,,,,
2,Chr2_5623729.0,5623729,0.001080949,0,,,,
2,Chr2_5625721.0,5625721,0.001080949,0,,,,
2,Chr2_5626835.0,5626835,0.001080949,0,,,,
2,Chr2_5626993.0,5626993,0.001080949,0,,,,
2,Chr2_5630513.0,5630513,0.001080949,1,AT2G13510,AT2G13510,AT2G13510,0.0
2,Chr2_5630762.0,5630762,0.001080949,1,AT2G13510,AT2G13510,AT2G13510,0.0
2,Chr2_7493049.0,7493049,0.001081054,0,,,,
2,Chr2_7493116.0,7493116,0.001081054,0,,,,
2,Chr2_7493135.0,7493135,0.001081054,0,,,,
1,Chr1_3346345.0,3346345,0.001081169,0,,,,
4,Chr4_747483.0,747483,0.001081176,1,AT4G01720,AT4G01720,AT4G01720,0.0
2,Chr2_5798245.0,5798245,0.001081423,0,,,,
2,Chr2_515874.0,515874,0.001081779,0,,,,
3,Chr3_13225118.0,13225118,0.001081936,0,,,,
5,Chr5_21841242.0,21841242,0.001082279,1,AT5G53780,AT5G53780,AT5G53780,0.0
3,Chr3_14314143.0,14314143,0.001082606,0,,,,
4,Chr4_8139459.0,8139459,0.001082626,0,,,,
1,Chr1_6331195.0,6331195,0.001083289,0,,,,
4,Chr4_18368575.0,18368575,0.001083746,0,,,,
1,Chr1_1775974.0,1775974,0.001083798,1,AT1G05880,AT1G05880,AT1G05880,0.0
4,Chr4_18438404.0,18438404,0.001083905,1,AT4G39745,AT4G39745,AT4G39745,0.0
5,Chr5_9750584.0,9750584,0.001084012,0,,,,
5,Chr5_13472592.0,13472592,0.001084448,0,,,,
5,Chr5_13519543.0,13519543,0.001084448,0,,,,
5,Chr5_13545041.0,13545041,0.001084448,0,,,,
5,Chr5_13552789.0,13552789,0.001084448,0,,,,
5,Chr5_13552790.0,13552790,0.001084448,0,,,,
5,Chr5_13552791.0,13552791,0.001084448,0,,,,
3,Chr3_20390737.0,20390737,0.001085146,1,AT3G55020,AT3G55020,AT3G55020,0.0
1,Chr1_10177775.0,10177775,0.001085465,1,AT1G29120,AT1G29120,AT1G29120,0.0
2,Chr2_19142628.0,19142628,0.001085537,0,,,,
3,Chr3_6722986.0,6722986,0.001086695,0,,,,
3,Chr3_16673348.0,16673348,0.001087346,1,AT3G45450,AT3G45450,AT3G45450,0.0
1,Chr1_13075678.0,13075678,0.001087489,0,,,,
2,Chr2_11556826.0,11556826,0.001087824,1,AT2G27070,AT2G27070,AT2G27070,0.0
2,Chr2_11556903.0,11556903,0.001087824,1,AT2G27070,AT2G27070,AT2G27070,0.0
2,Chr2_11556935.0,11556935,0.001087824,1,AT2G27070,AT2G27070,AT2G27070,0.0
2,Chr2_11556945.0,11556945,0.001087824,1,AT2G27070,AT2G27070,AT2G27070,0.0
2,Chr2_11556948.0,11556948,0.001087824,1,AT2G27070,AT2G27070,AT2G27070,0.0
2,Chr2_11556978.0,11556978,0.001087824,1,AT2G27070,AT2G27070,AT2G27070,0.0
2,Chr2_11556982.0,11556982,0.001087824,1,AT2G27070,AT2G27070,AT2G27070,0.0
2,Chr2_11557023.0,11557023,0.001087824,1,AT2G27070,AT2G27070,AT2G27070,0.0
2,Chr2_11557076.0,11557076,0.001087824,1,AT2G27070,AT2G27070,AT2G27070,0.0
1,Chr1_11863574.0,11863574,0.001087885,0,,,,
1,Chr1_11866045.0,11866045,0.001087885,1,AT1G32770,AT1G32770,AT1G32770,0.0
4,Chr4_15272068.0,15272068,0.001087923,1,AT4G31490,AT4G31490,AT4G31490,0.0
1,Chr1_29525717.0,29525717,0.001088184,2,AT1G78476;AT1G78480,AT1G78476,AT1G78476,0.0
1,Chr1_26329262.0,26329262,0.001088439,0,,,,
1,Chr1_23647270.0,23647270,0.001088695,1,AT1G63740,AT1G63740,AT1G63740,0.0
3,Chr3_10653065.0,10653065,0.001088945,0,,,,
3,Chr3_10653506.0,10653506,0.001088945,0,,,,
3,Chr3_10653700.0,10653700,0.001088945,0,,,,
3,Chr3_6731188.0,6731188,0.001089053,0,,,,
2,Chr2_19257698.0,19257698,0.001089265,0,,,,
3,Chr3_14262676.0,14262676,0.001090218,0,,,,
5,Chr5_10724389.0,10724389,0.00109038,0,,,,
4,Chr4_11769986.0,11769986,0.001090733,1,AT4G22260,AT4G22260,AT4G22260,0.0
1,Chr1_20726793.0,20726793,0.001090774,1,AT1G55520,AT1G55520,AT1G55520,0.0
5,Chr5_26409157.0,26409157,0.001090876,1,AT5G66030,AT5G66030,AT5G66030,0.0
3,Chr3_20604715.0,20604715,0.001091622,1,AT3G55560,AT3G55560,AT3G55560,0.0
1,Chr1_7312573.0,7312573,0.001092065,0,,,,
1,Chr1_7312664.0,7312664,0.001092065,0,,,,
1,Chr1_10624603.0,10624603,0.001092138,0,,,,
3,Chr3_11580894.0,11580894,0.001092517,0,,,,
3,Chr3_2677033.0,2677033,0.001093551,0,,,,
1,Chr1_17286276.0,17286276,0.001093821,0,,,,
1,Chr1_13455102.0,13455102,0.001094253,1,AT1G36060,AT1G36060,AT1G36060,0.0
5,Chr5_26477260.0,26477260,0.001094691,1,AT5G66280,AT5G66280,AT5G66280,0.0
1,Chr1_16582313.0,16582313,0.001095419,0,,,,
1,Chr1_10621822.0,10621822,0.001095511,0,,,,
5,Chr5_13003547.0,13003547,0.001095647,0,,,,
5,Chr5_26334058.0,26334058,0.001096226,0,,,,
5,Chr5_26334106.0,26334106,0.001096226,0,,,,
5,Chr5_26334109.0,26334109,0.001096226,0,,,,
5,Chr5_26334126.0,26334126,0.001096226,0,,,,
5,Chr5_26334127.0,26334127,0.001096226,0,,,,
5,Chr5_26334134.0,26334134,0.001096226,0,,,,
5,Chr5_26334181.0,26334181,0.001096226,0,,,,
5,Chr5_26334184.0,26334184,0.001096226,0,,,,
5,Chr5_26334252.0,26334252,0.001096226,0,,,,
5,Chr5_26334254.0,26334254,0.001096226,0,,,,
5,Chr5_26334261.0,26334261,0.001096226,0,,,,
1,Chr1_3311108.0,3311108,0.001096419,1,AT1G10130,AT1G10130,AT1G10130,0.0
5,Chr5_21059213.0,21059213,0.001096513,0,,,,
3,Chr3_12172401.0,12172401,0.001096575,0,,,,
5,Chr5_13457076.0,13457076,0.001097075,0,,,,
3,Chr3_17963127.0,17963127,0.001097272,1,AT3G48500,AT3G48500,AT3G48500,0.0
2,Chr2_10209308.0,10209308,0.00109731,0,,,,
2,Chr2_10209369.0,10209369,0.00109731,0,,,,
2,Chr2_10209389.0,10209389,0.00109731,0,,,,
2,Chr2_10209507.0,10209507,0.00109731,1,AT2G24000,AT2G24000,AT2G24000,0.0
2,Chr2_10209513.0,10209513,0.00109731,1,AT2G24000,AT2G24000,AT2G24000,0.0
2,Chr2_10209520.0,10209520,0.00109731,1,AT2G24000,AT2G24000,AT2G24000,0.0
2,Chr2_10209521.0,10209521,0.00109731,1,AT2G24000,AT2G24000,AT2G24000,0.0
2,Chr2_10209523.0,10209523,0.00109731,1,AT2G24000,AT2G24000,AT2G24000,0.0
2,Chr2_10209536.0,10209536,0.00109731,1,AT2G24000,AT2G24000,AT2G24000,0.0
2,Chr2_10209642.0,10209642,0.00109731,1,AT2G24000,AT2G24000,AT2G24000,0.0
2,Chr2_10210488.0,10210488,0.00109731,1,AT2G24000,AT2G24000,AT2G24000,0.0
2,Chr2_10210649.0,10210649,0.00109731,1,AT2G24000,AT2G24000,AT2G24000,0.0
2,Chr2_10210683.0,10210683,0.00109731,1,AT2G24000,AT2G24000,AT2G24000,0.0
2,Chr2_10210696.0,10210696,0.00109731,1,AT2G24000,AT2G24000,AT2G24000,0.0
2,Chr2_10210697.0,10210697,0.00109731,1,AT2G24000,AT2G24000,AT2G24000,0.0
3,Chr3_16774618.0,16774618,0.001097337,0,,,,
2,Chr2_8590602.0,8590602,0.001097699,0,,,,
2,Chr2_6969646.0,6969646,0.001097705,0,,,,
2,Chr2_6426706.0,6426706,0.001098398,0,,,,
5,Chr5_8449161.0,8449161,0.001098706,1,AT5G24670,AT5G24670,AT5G24670,0.0
5,Chr5_3543257.0,3543257,0.00109881,1,AT5G11130,AT5G11130,AT5G11130,0.0
4,Chr4_18370690.0,18370690,0.001099571,0,,,,
1,Chr1_3872591.0,3872591,0.001099806,1,AT1G11510,AT1G11510,AT1G11510,0.0
2,Chr2_2354369.0,2354369,0.001100422,1,AT2G06040,AT2G06040,AT2G06040,0.0
5,Chr5_25833892.0,25833892,0.001100455,1,AT5G64630,AT5G64630,AT5G64630,0.0
4,Chr4_17856341.0,17856341,0.001100565,1,AT4G37990,AT4G37990,AT4G37990,0.0
1,Chr1_17279826.0,17279826,0.001100753,0,,,,
1,Chr1_17281233.0,17281233,0.001100753,0,,,,
3,Chr3_17395493.0,17395493,0.001100826,0,,,,
2,Chr2_5724109.0,5724109,0.001100868,1,AT2G13720,AT2G13720,AT2G13720,0.0
1,Chr1_5814255.0,5814255,0.00110151,1,AT1G17000,AT1G17000,AT1G17000,0.0
4,Chr4_4705324.0,4705324,0.001101623,0,,,,
4,Chr4_4705464.0,4705464,0.001101623,0,,,,
4,Chr4_4705679.0,4705679,0.001101623,0,,,,
1,Chr1_28847180.0,28847180,0.001101739,1,AT1G76840,AT1G76840,AT1G76840,0.0
1,Chr1_28847214.0,28847214,0.001101739,1,AT1G76840,AT1G76840,AT1G76840,0.0
3,Chr3_3843582.0,3843582,0.001102938,1,AT3G12060,AT3G12060,AT3G12060,0.0
5,Chr5_13569240.0,13569240,0.001103064,0,,,,
5,Chr5_13577484.0,13577484,0.001103064,0,,,,
5,Chr5_13577646.0,13577646,0.001103064,0,,,,
4,Chr4_7224012.0,7224012,0.001103385,0,,,,
2,Chr2_2128411.0,2128411,0.001103389,0,,,,
5,Chr5_9956240.0,9956240,0.001104032,0,,,,
2,Chr2_5319895.0,5319895,0.001104049,0,,,,
2,Chr2_507264.0,507264,0.001104217,1,AT2G02070,AT2G02070,AT2G02070,0.0
1,Chr1_5786408.0,5786408,0.001104575,0,,,,
1,Chr1_5787112.0,5787112,0.001104575,1,AT1G16916,AT1G16916,AT1G16916,0.0
1,Chr1_5788080.0,5788080,0.001104575,1,AT1G16920,AT1G16920,AT1G16920,0.0
1,Chr1_21217920.0,21217920,0.001104784,0,,,,
1,Chr1_21218349.0,21218349,0.001104784,0,,,,
5,Chr5_193445.0,193445,0.001105127,1,AT5G01480,AT5G01480,AT5G01480,0.0
3,Chr3_2438893.0,2438893,0.001107104,1,AT3G07640,AT3G07640,AT3G07640,0.0
5,Chr5_23214320.0,23214320,0.001107517,1,AT5G57320,AT5G57320,AT5G57320,0.0
4,Chr4_15505785.0,15505785,0.001108423,1,AT4G32070,AT4G32070,AT4G32070,0.0
2,Chr2_4575229.0,4575229,0.001108756,0,,,,
1,Chr1_10455786.0,10455786,0.001109126,0,,,,
4,Chr4_870029.0,870029,0.001109344,0,,,,
4,Chr4_5635184.0,5635184,0.001110046,0,,,,
1,Chr1_2703817.0,2703817,0.001110233,1,AT1G08540,AT1G08540,AT1G08540,0.0
1,Chr1_2703834.0,2703834,0.001110233,1,AT1G08540,AT1G08540,AT1G08540,0.0
4,Chr4_11024189.0,11024189,0.001110615,1,AT4G20450,AT4G20450,AT4G20450,0.0
1,Chr1_12198847.0,12198847,0.001110806,0,,,,
2,Chr2_5310158.0,5310158,0.001111117,0,,,,
2,Chr2_5391864.0,5391864,0.001111628,1,AT2G13100,AT2G13100,AT2G13100,0.0
2,Chr2_5392231.0,5392231,0.001111628,0,,,,
3,Chr3_11660919.0,11660919,0.001111842,0,,,,
1,Chr1_3894453.0,3894453,0.001112237,1,AT1G11590,AT1G11590,AT1G11590,0.0
3,Chr3_13498058.0,13498058,0.001112399,0,,,,
3,Chr3_13498090.0,13498090,0.001112399,0,,,,
4,Chr4_3585540.0,3585540,0.001112455,0,,,,
5,Chr5_25735362.0,25735362,0.001112457,1,AT5G64350,AT5G64350,AT5G64350,0.0
4,Chr4_8100144.0,8100144,0.001112883,1,AT4G14030,AT4G14030,AT4G14030,0.0
3,Chr3_12849297.0,12849297,0.001113005,0,,,,
1,Chr1_13077492.0,13077492,0.001113739,0,,,,
3,Chr3_9013194.0,9013194,0.001113787,0,,,,
4,Chr4_8976120.0,8976120,0.001114606,1,AT4G15765,AT4G15765,AT4G15765,0.0
1,Chr1_2670591.0,2670591,0.001114739,1,AT1G08450,AT1G08450,AT1G08450,0.0
3,Chr3_16492721.0,16492721,0.001115301,1,AT3G45090,AT3G45090,AT3G45090,0.0
4,Chr4_17560958.0,17560958,0.001115801,1,AT4G37320,AT4G37320,AT4G37320,0.0
4,Chr4_4711342.0,4711342,0.001116839,0,,,,
4,Chr4_2419495.0,2419495,0.001116859,1,AT4G04750,AT4G04750,AT4G04750,0.0
4,Chr4_2419773.0,2419773,0.001116859,1,AT4G04750,AT4G04750,AT4G04750,0.0
4,Chr4_2420310.0,2420310,0.001116859,1,AT4G04750,AT4G04750,AT4G04750,0.0
4,Chr4_2420441.0,2420441,0.001116859,1,AT4G04750,AT4G04750,AT4G04750,0.0
3,Chr3_15561603.0,15561603,0.001116954,0,,,,
5,Chr5_547645.0,547645,0.001117254,1,AT5G02480,AT5G02480,AT5G02480,0.0
2,Chr2_18797474.0,18797474,0.001117292,0,,,,
2,Chr2_145334.0,145334,0.001117321,0,,,,
3,Chr3_11497688.0,11497688,0.001117396,0,,,,
2,Chr2_670206.0,670206,0.001117676,0,,,,
2,Chr2_4787598.0,4787598,0.001118256,1,AT2G11851,AT2G11851,AT2G11851,0.0
3,Chr3_13230428.0,13230428,0.001118911,0,,,,
3,Chr3_18673345.0,18673345,0.001119596,1,AT3G50350,AT3G50350,AT3G50350,0.0
3,Chr3_18739540.0,18739540,0.001119596,0,,,,
3,Chr3_18746324.0,18746324,0.001119596,0,,,,
3,Chr3_18747906.0,18747906,0.001119596,0,,,,
4,Chr4_15019036.0,15019036,0.001119817,1,AT4G30840,AT4G30840,AT4G30840,0.0
4,Chr4_771790.0,771790,0.001119825,1,AT4G01800,AT4G01800,AT4G01800,0.0
4,Chr4_783895.0,783895,0.001119825,1,AT4G01820,AT4G01820,AT4G01820,0.0
4,Chr4_2166555.0,2166555,0.001120139,0,,,,
1,Chr1_21192381.0,21192381,0.001120626,0,,,,
1,Chr1_21192382.0,21192382,0.001120626,0,,,,
5,Chr5_10688773.0,10688773,0.001120896,0,,,,
5,Chr5_10688800.0,10688800,0.001120896,0,,,,
5,Chr5_10689843.0,10689843,0.001120896,0,,,,
5,Chr5_10690449.0,10690449,0.001120896,0,,,,
5,Chr5_10690644.0,10690644,0.001120896,0,,,,
1,Chr1_6772941.0,6772941,0.001121298,0,,,,
5,Chr5_147372.0,147372,0.001121895,0,,,,
3,Chr3_17966941.0,17966941,0.001122079,0,,,,
5,Chr5_9858110.0,9858110,0.001122085,0,,,,
3,Chr3_18519013.0,18519013,0.001122109,0,,,,
3,Chr3_18519400.0,18519400,0.001122109,0,,,,
3,Chr3_18519953.0,18519953,0.001122109,0,,,,
1,Chr1_17335609.0,17335609,0.001122473,0,,,,
5,Chr5_13718312.0,13718312,0.001122863,0,,,,
3,Chr3_15045462.0,15045462,0.001122869,0,,,,
3,Chr3_12849352.0,12849352,0.001122987,0,,,,
1,Chr1_19577650.0,19577650,0.001123253,0,,,,
1,Chr1_19577706.0,19577706,0.001123253,0,,,,
1,Chr1_19578063.0,19578063,0.001123253,0,,,,
1,Chr1_19578084.0,19578084,0.001123253,0,,,,
1,Chr1_19578140.0,19578140,0.001123253,0,,,,
2,Chr2_5400422.0,5400422,0.001123502,0,,,,
2,Chr2_5400505.0,5400505,0.001123502,0,,,,
2,Chr2_5400608.0,5400608,0.001123502,0,,,,
2,Chr2_5401372.0,5401372,0.001123502,0,,,,
2,Chr2_5403853.0,5403853,0.001123502,0,,,,
2,Chr2_5403956.0,5403956,0.001123502,0,,,,
2,Chr2_5404284.0,5404284,0.001123502,0,,,,
2,Chr2_5404394.0,5404394,0.001123502,0,,,,
2,Chr2_5404951.0,5404951,0.001123502,0,,,,
2,Chr2_5405445.0,5405445,0.001123502,0,,,,
2,Chr2_5405658.0,5405658,0.001123502,0,,,,
2,Chr2_5406313.0,5406313,0.001123502,0,,,,
2,Chr2_5407460.0,5407460,0.001123502,0,,,,
2,Chr2_5407857.0,5407857,0.001123502,0,,,,
2,Chr2_5407926.0,5407926,0.001123502,0,,,,
2,Chr2_5408113.0,5408113,0.001123502,0,,,,
2,Chr2_5408239.0,5408239,0.001123502,0,,,,
2,Chr2_5408380.0,5408380,0.001123502,0,,,,
2,Chr2_5408654.0,5408654,0.001123502,0,,,,
2,Chr2_5408709.0,5408709,0.001123502,0,,,,
2,Chr2_5408767.0,5408767,0.001123502,0,,,,
2,Chr2_5408887.0,5408887,0.001123502,0,,,,
3,Chr3_7736443.0,7736443,0.001123542,0,,,,
3,Chr3_12848957.0,12848957,0.001123941,0,,,,
4,Chr4_5951824.0,5951824,0.001124835,0,,,,
5,Chr5_2491443.0,2491443,0.001124863,1,AT5G07810,AT5G07810,AT5G07810,0.0
5,Chr5_2491463.0,2491463,0.001124863,1,AT5G07810,AT5G07810,AT5G07810,0.0
5,Chr5_2491495.0,2491495,0.001124863,1,AT5G07810,AT5G07810,AT5G07810,0.0
5,Chr5_2491534.0,2491534,0.001124863,1,AT5G07810,AT5G07810,AT5G07810,0.0
5,Chr5_2491535.0,2491535,0.001124863,1,AT5G07810,AT5G07810,AT5G07810,0.0
5,Chr5_2491559.0,2491559,0.001124863,1,AT5G07810,AT5G07810,AT5G07810,0.0
5,Chr5_2491590.0,2491590,0.001124863,1,AT5G07810,AT5G07810,AT5G07810,0.0
5,Chr5_2491603.0,2491603,0.001124863,1,AT5G07810,AT5G07810,AT5G07810,0.0
5,Chr5_2491666.0,2491666,0.001124863,1,AT5G07810,AT5G07810,AT5G07810,0.0
5,Chr5_2491677.0,2491677,0.001124863,1,AT5G07810,AT5G07810,AT5G07810,0.0
5,Chr5_2491681.0,2491681,0.001124863,1,AT5G07810,AT5G07810,AT5G07810,0.0
4,Chr4_84300.0,84300,0.00112536,1,AT4G00200,AT4G00200,AT4G00200,0.0
4,Chr4_5914093.0,5914093,0.001125385,0,,,,
1,Chr1_1656010.0,1656010,0.001126981,1,AT1G05570,AT1G05570,AT1G05570,0.0
1,Chr1_5836942.0,5836942,0.001127059,0,,,,
5,Chr5_22864459.0,22864459,0.001127371,0,,,,
5,Chr5_22868474.0,22868474,0.001127371,0,,,,
5,Chr5_22871160.0,22871160,0.001127371,0,,,,
4,Chr4_6342815.0,6342815,0.001127633,0,,,,
4,Chr4_4643418.0,4643418,0.001127852,0,,,,
4,Chr4_5473500.0,5473500,0.001128061,0,,,,
4,Chr4_5479492.0,5479492,0.001128061,0,,,,
4,Chr4_5480473.0,5480473,0.001128061,0,,,,
4,Chr4_5482671.0,5482671,0.001128061,0,,,,
4,Chr4_5483189.0,5483189,0.001128061,0,,,,
4,Chr4_5485391.0,5485391,0.001128061,0,,,,
4,Chr4_5489544.0,5489544,0.001128061,0,,,,
4,Chr4_5490423.0,5490423,0.001128061,0,,,,
4,Chr4_5491430.0,5491430,0.001128061,0,,,,
5,Chr5_9753481.0,9753481,0.001128176,0,,,,
1,Chr1_29078413.0,29078413,0.001128195,0,,,,
2,Chr2_5408432.0,5408432,0.001128419,0,,,,
2,Chr2_7587838.0,7587838,0.001128435,1,AT2G17470,AT2G17470,AT2G17470,0.0
2,Chr2_4753654.0,4753654,0.001128562,0,,,,
3,Chr3_16492650.0,16492650,0.001128732,1,AT3G45090,AT3G45090,AT3G45090,0.0
2,Chr2_14888157.0,14888157,0.001129599,0,,,,
4,Chr4_2899138.0,2899138,0.00112973,0,,,,
5,Chr5_11920923.0,11920923,0.001130129,0,,,,
5,Chr5_13071303.0,13071303,0.001130396,0,,,,
1,Chr1_28914968.0,28914968,0.001130643,0,,,,
1,Chr1_28915347.0,28915347,0.001130643,0,,,,
1,Chr1_10190608.0,10190608,0.001131352,1,AT1G29170,AT1G29170,AT1G29170,0.0
1,Chr1_7452915.0,7452915,0.001131726,0,,,,
5,Chr5_25791997.0,25791997,0.001131748,0,,,,
1,Chr1_4106255.0,4106255,0.001132422,1,AT1G12110,AT1G12110,AT1G12110,0.0
3,Chr3_19499812.0,19499812,0.001132473,0,,,,
3,Chr3_11225236.0,11225236,0.001132502,0,,,,
1,Chr1_21188816.0,21188816,0.001133005,0,,,,
3,Chr3_15233974.0,15233974,0.001133371,1,AT3G43300,AT3G43300,AT3G43300,0.0
4,Chr4_6102604.0,6102604,0.001134731,0,,,,
3,Chr3_15956620.0,15956620,0.001135043,0,,,,
4,Chr4_6831826.0,6831826,0.001135545,0,,,,
2,Chr2_5424844.0,5424844,0.001135685,0,,,,
2,Chr2_5436980.0,5436980,0.001135685,0,,,,
2,Chr2_5438657.0,5438657,0.001135685,0,,,,
2,Chr2_5440288.0,5440288,0.001135685,0,,,,
4,Chr4_11878995.0,11878995,0.001136167,0,,,,
5,Chr5_16623278.0,16623278,0.001136358,0,,,,
5,Chr5_16623279.0,16623279,0.001136358,0,,,,
5,Chr5_356709.0,356709,0.001137944,0,,,,
5,Chr5_23156020.0,23156020,0.001139227,1,AT5G57160,AT5G57160,AT5G57160,0.0
3,Chr3_17317102.0,17317102,0.001139499,1,AT3G47010,AT3G47010,AT3G47010,0.0
2,Chr2_11514913.0,11514913,0.001140162,1,AT2G26980,AT2G26980,AT2G26980,0.0
2,Chr2_5002631.0,5002631,0.00114068,0,,,,
3,Chr3_15805359.0,15805359,0.00114096,0,,,,
5,Chr5_26298733.0,26298733,0.001141025,0,,,,
3,Chr3_12546420.0,12546420,0.0011415,0,,,,
2,Chr2_5068304.0,5068304,0.001142258,0,,,,
3,Chr3_8170984.0,8170984,0.001142563,0,,,,
5,Chr5_13713469.0,13713469,0.00114269,0,,,,
5,Chr5_25327277.0,25327277,0.001143607,0,,,,
2,Chr2_2354991.0,2354991,0.001144199,1,AT2G06040,AT2G06040,AT2G06040,0.0
3,Chr3_22246350.0,22246350,0.001144678,1,AT3G60190,AT3G60190,AT3G60190,0.0
3,Chr3_14900272.0,14900272,0.001144794,0,,,,
5,Chr5_19227434.0,19227434,0.00114499,1,AT5G47390,AT5G47390,AT5G47390,0.0
3,Chr3_15600672.0,15600672,0.001146974,0,,,,
2,Chr2_11094144.0,11094144,0.001147336,0,,,,
3,Chr3_20641058.0,20641058,0.001147499,1,AT3G55640,AT3G55640,AT3G55640,0.0
1,Chr1_17296755.0,17296755,0.001147789,0,,,,
3,Chr3_12176028.0,12176028,0.001147823,0,,,,
3,Chr3_12437299.0,12437299,0.001147823,0,,,,
3,Chr3_12437418.0,12437418,0.001147823,0,,,,
3,Chr3_12437457.0,12437457,0.001147823,0,,,,
3,Chr3_12437476.0,12437476,0.001147823,0,,,,
3,Chr3_12437477.0,12437477,0.001147823,0,,,,
3,Chr3_12437497.0,12437497,0.001147823,0,,,,
3,Chr3_12437522.0,12437522,0.001147823,0,,,,
5,Chr5_9803555.0,9803555,0.001147832,0,,,,
3,Chr3_12271606.0,12271606,0.001148054,0,,,,
5,Chr5_26478114.0,26478114,0.001148621,1,AT5G66290,AT5G66290,AT5G66290,0.0
1,Chr1_25034531.0,25034531,0.001148802,0,,,,
1,Chr1_25662368.0,25662368,0.00114943,0,,,,
2,Chr2_19628492.0,19628492,0.001150032,1,AT2G47960,AT2G47960,AT2G47960,0.0
4,Chr4_983839.0,983839,0.001150057,0,,,,
2,Chr2_14635882.0,14635882,0.001150212,0,,,,
2,Chr2_14635994.0,14635994,0.001150212,0,,,,
4,Chr4_17678481.0,17678481,0.001150424,0,,,,
5,Chr5_15578432.0,15578432,0.001150841,0,,,,
2,Chr2_1842402.0,1842402,0.001151731,1,AT2G05120,AT2G05120,AT2G05120,0.0
2,Chr2_1849811.0,1849811,0.001151731,0,,,,
2,Chr2_1852554.0,1852554,0.001151731,0,,,,
5,Chr5_4640246.0,4640246,0.001152186,0,,,,
5,Chr5_4640247.0,4640247,0.001152186,0,,,,
5,Chr5_4640248.0,4640248,0.001152186,0,,,,
5,Chr5_4643484.0,4643484,0.001152186,0,,,,
5,Chr5_4643913.0,4643913,0.001152186,1,AT5G14400,AT5G14400,AT5G14400,0.0
5,Chr5_4643920.0,4643920,0.001152186,1,AT5G14400,AT5G14400,AT5G14400,0.0
3,Chr3_8230823.0,8230823,0.001152384,0,,,,
3,Chr3_8232775.0,8232775,0.001152384,0,,,,
1,Chr1_14322367.0,14322367,0.001152429,0,,,,
2,Chr2_251819.0,251819,0.00115247,0,,,,
2,Chr2_251820.0,251820,0.00115247,0,,,,
2,Chr2_7492994.0,7492994,0.00115299,0,,,,
2,Chr2_7493009.0,7493009,0.00115299,0,,,,
2,Chr2_7493201.0,7493201,0.00115299,0,,,,
5,Chr5_25830730.0,25830730,0.001153091,0,,,,
3,Chr3_14987884.0,14987884,0.001153113,0,,,,
5,Chr5_25105691.0,25105691,0.001153803,1,AT5G62550,AT5G62550,AT5G62550,0.0
5,Chr5_25107553.0,25107553,0.001153803,1,AT5G62550,AT5G62550,AT5G62550,0.0
1,Chr1_4275101.0,4275101,0.001154422,1,AT1G12550,AT1G12550,AT1G12550,0.0
2,Chr2_10209156.0,10209156,0.001155165,0,,,,
3,Chr3_16831516.0,16831516,0.001155248,1,AT3G45800,AT3G45800,AT3G45800,0.0
2,Chr2_11551077.0,11551077,0.001155383,1,AT2G27060,AT2G27060,AT2G27060,0.0
1,Chr1_12282566.0,12282566,0.00115539,0,,,,
5,Chr5_21959341.0,21959341,0.001155895,1,AT5G54110,AT5G54110,AT5G54110,0.0
3,Chr3_10683979.0,10683979,0.001156618,0,,,,
3,Chr3_16911988.0,16911988,0.001157288,0,,,,
3,Chr3_12116326.0,12116326,0.001157684,0,,,,
2,Chr2_11162568.0,11162568,0.001157855,0,,,,
5,Chr5_2518038.0,2518038,0.001158229,1,AT5G07890,AT5G07890,AT5G07890,0.0
4,Chr4_17768380.0,17768380,0.001158748,1,AT4G37790,AT4G37790,AT4G37790,0.0
3,Chr3_6719688.0,6719688,0.001158917,0,,,,
2,Chr2_11557167.0,11557167,0.001159344,1,AT2G27070,AT2G27070,AT2G27070,0.0
5,Chr5_5536626.0,5536626,0.001159892,1,AT5G16840,AT5G16840,AT5G16840,0.0
3,Chr3_3128405.0,3128405,0.001160213,0,,,,
3,Chr3_3128407.0,3128407,0.001160213,0,,,,
1,Chr1_201608.0,201608,0.001160305,1,AT1G01550,AT1G01550,AT1G01550,0.0
3,Chr3_12849156.0,12849156,0.00116036,0,,,,
3,Chr3_15634152.0,15634152,0.001160545,0,,,,
3,Chr3_15634898.0,15634898,0.001160545,0,,,,
3,Chr3_15634904.0,15634904,0.001160545,0,,,,
3,Chr3_15635347.0,15635347,0.001160545,0,,,,
2,Chr2_5551385.0,5551385,0.001160767,1,AT2G13370,AT2G13370,AT2G13370,0.0
2,Chr2_5551386.0,5551386,0.001160767,1,AT2G13370,AT2G13370,AT2G13370,0.0
1,Chr1_16644324.0,16644324,0.001160943,0,,,,
3,Chr3_17421049.0,17421049,0.001162381,1,AT3G47290,AT3G47290,AT3G47290,0.0
4,Chr4_1183730.0,1183730,0.001162976,1,AT4G02680,AT4G02680,AT4G02680,0.0
1,Chr1_17805141.0,17805141,0.001163421,0,,,,
1,Chr1_10173097.0,10173097,0.001164153,0,,,,
3,Chr3_13312432.0,13312432,0.001164512,0,,,,
1,Chr1_11187523.0,11187523,0.001165083,0,,,,
1,Chr1_11188029.0,11188029,0.001165083,0,,,,
1,Chr1_11188114.0,11188114,0.001165083,0,,,,
1,Chr1_11188264.0,11188264,0.001165083,0,,,,
1,Chr1_11188274.0,11188274,0.001165083,0,,,,
1,Chr1_11188298.0,11188298,0.001165083,1,AT1G31290,AT1G31290,AT1G31290,0.0
1,Chr1_11188306.0,11188306,0.001165083,1,AT1G31290,AT1G31290,AT1G31290,0.0
1,Chr1_11188674.0,11188674,0.001165083,1,AT1G31290,AT1G31290,AT1G31290,0.0
3,Chr3_23353897.0,23353897,0.00116577,1,AT3G63210,AT3G63210,AT3G63210,0.0
5,Chr5_26494736.0,26494736,0.001166224,0,,,,
5,Chr5_21052743.0,21052743,0.001166942,0,,,,
2,Chr2_717275.0,717275,0.001167264,1,AT2G02620,AT2G02620,AT2G02620,0.0
2,Chr2_10001805.0,10001805,0.001167352,0,,,,
5,Chr5_20656740.0,20656740,0.001167688,1,AT5G50790,AT5G50790,AT5G50790,0.0
5,Chr5_20664077.0,20664077,0.001167688,0,,,,
1,Chr1_13455057.0,13455057,0.001168056,1,AT1G36060,AT1G36060,AT1G36060,0.0
1,Chr1_13455063.0,13455063,0.001168056,1,AT1G36060,AT1G36060,AT1G36060,0.0
5,Chr5_26024125.0,26024125,0.001168378,0,,,,
5,Chr5_19187097.0,19187097,0.001169316,1,AT5G47250,AT5G47250,AT5G47250,0.0
3,Chr3_15427172.0,15427172,0.001169328,0,,,,
5,Chr5_2532716.0,2532716,0.001169446,1,AT5G07930,AT5G07930,AT5G07930,0.0
1,Chr1_13106573.0,13106573,0.001170667,0,,,,
2,Chr2_1793270.0,1793270,0.001171134,0,,,,
5,Chr5_25975210.0,25975210,0.001171376,1,AT5G65020,AT5G65020,AT5G65020,0.0
1,Chr1_2335236.0,2335236,0.001171488,0,,,,
2,Chr2_15792197.0,15792197,0.001171808,0,,,,
2,Chr2_11197254.0,11197254,0.001172077,1,AT2G26300,AT2G26300,AT2G26300,0.0
3,Chr3_3069011.0,3069011,0.001172305,0,,,,
5,Chr5_26648676.0,26648676,0.001172804,0,,,,
2,Chr2_5079368.0,5079368,0.001173014,0,,,,
3,Chr3_8176510.0,8176510,0.001173696,1,AT3G23010,AT3G23010,AT3G23010,0.0
2,Chr2_13338447.0,13338447,0.001174531,0,,,,
2,Chr2_13338560.0,13338560,0.001174531,0,,,,
2,Chr2_9769816.0,9769816,0.00117509,0,,,,
1,Chr1_19493175.0,19493175,0.001175121,0,,,,
2,Chr2_5448898.0,5448898,0.001175124,0,,,,
2,Chr2_5448899.0,5448899,0.001175124,0,,,,
3,Chr3_18478689.0,18478689,0.001175854,0,,,,
5,Chr5_10716179.0,10716179,0.001176625,0,,,,
2,Chr2_18799181.0,18799181,0.001176763,0,,,,
3,Chr3_11046713.0,11046713,0.001177334,1,AT3G29060,AT3G29060,AT3G29060,0.0
1,Chr1_13087389.0,13087389,0.001177732,0,,,,
3,Chr3_16089259.0,16089259,0.001178259,0,,,,
2,Chr2_8362196.0,8362196,0.001178266,0,,,,
2,Chr2_8362360.0,8362360,0.001178266,0,,,,
2,Chr2_8362371.0,8362371,0.001178266,0,,,,
2,Chr2_8362404.0,8362404,0.001178266,0,,,,
2,Chr2_8362433.0,8362433,0.001178266,0,,,,
2,Chr2_8362477.0,8362477,0.001178266,1,AT2G19280,AT2G19280,AT2G19280,0.0
2,Chr2_8362548.0,8362548,0.001178266,1,AT2G19280,AT2G19280,AT2G19280,0.0
2,Chr2_8362786.0,8362786,0.001178266,1,AT2G19280,AT2G19280,AT2G19280,0.0
3,Chr3_19817515.0,19817515,0.001178699,0,,,,
4,Chr4_18428064.0,18428064,0.001179043,1,AT4G39710,AT4G39710,AT4G39710,0.0
3,Chr3_15197383.0,15197383,0.001179554,1,AT3G43220,AT3G43220,AT3G43220,0.0
5,Chr5_11600825.0,11600825,0.001180234,0,,,,
5,Chr5_11600916.0,11600916,0.001180234,0,,,,
5,Chr5_13718914.0,13718914,0.001180802,0,,,,
2,Chr2_4573768.0,4573768,0.001181214,0,,,,
2,Chr2_4573960.0,4573960,0.001181214,0,,,,
5,Chr5_25649906.0,25649906,0.001181816,0,,,,
2,Chr2_17147225.0,17147225,0.00118186,0,,,,
1,Chr1_28937514.0,28937514,0.001182021,0,,,,
2,Chr2_13335825.0,13335825,0.001183107,0,,,,
5,Chr5_553545.0,553545,0.00118338,0,,,,
4,Chr4_17539241.0,17539241,0.001183817,0,,,,
4,Chr4_17521490.0,17521490,0.001184068,0,,,,
1,Chr1_26252257.0,26252257,0.001185463,1,AT1G69770,AT1G69770,AT1G69770,0.0
5,Chr5_582454.0,582454,0.001186058,0,,,,
1,Chr1_23614194.0,23614194,0.001186142,0,,,,
2,Chr2_10210178.0,10210178,0.001186639,1,AT2G24000,AT2G24000,AT2G24000,0.0
3,Chr3_15415721.0,15415721,0.001188299,0,,,,
3,Chr3_11049419.0,11049419,0.001188785,0,,,,
1,Chr1_18020275.0,18020275,0.00118881,0,,,,
2,Chr2_5654469.0,5654469,0.00118886,1,AT2G13560,AT2G13560,AT2G13560,0.0
5,Chr5_10752027.0,10752027,0.001189137,0,,,,
3,Chr3_7709998.0,7709998,0.001189191,0,,,,
4,Chr4_8390739.0,8390739,0.001189229,2,AT4G14620;AT4G14622,AT4G14620,AT4G14620,0.0
4,Chr4_8390748.0,8390748,0.001189229,2,AT4G14620;AT4G14622,AT4G14620,AT4G14620,0.0
4,Chr4_995326.0,995326,0.001189779,1,AT4G02280,AT4G02280,AT4G02280,0.0
4,Chr4_6835034.0,6835034,0.001189835,0,,,,
2,Chr2_5389436.0,5389436,0.001189946,0,,,,
3,Chr3_10454613.0,10454613,0.001190166,1,AT3G28080,AT3G28080,AT3G28080,0.0
1,Chr1_24659944.0,24659944,0.001190312,0,,,,
1,Chr1_24665153.0,24665153,0.001190312,0,,,,
3,Chr3_23272729.0,23272729,0.001190902,1,AT3G62970,AT3G62970,AT3G62970,0.0
2,Chr2_6958475.0,6958475,0.001191624,0,,,,
3,Chr3_17429337.0,17429337,0.001191862,1,AT3G47300,AT3G47300,AT3G47300,0.0
1,Chr1_12665205.0,12665205,0.001192012,0,,,,
2,Chr2_11556848.0,11556848,0.001192106,1,AT2G27070,AT2G27070,AT2G27070,0.0
2,Chr2_11556904.0,11556904,0.001192106,1,AT2G27070,AT2G27070,AT2G27070,0.0
2,Chr2_11556967.0,11556967,0.001192106,1,AT2G27070,AT2G27070,AT2G27070,0.0
2,Chr2_11556987.0,11556987,0.001192106,1,AT2G27070,AT2G27070,AT2G27070,0.0
2,Chr2_11557061.0,11557061,0.001192106,1,AT2G27070,AT2G27070,AT2G27070,0.0
2,Chr2_11557081.0,11557081,0.001192106,1,AT2G27070,AT2G27070,AT2G27070,0.0
2,Chr2_11557174.0,11557174,0.001192106,1,AT2G27070,AT2G27070,AT2G27070,0.0
2,Chr2_11557188.0,11557188,0.001192106,1,AT2G27070,AT2G27070,AT2G27070,0.0
2,Chr2_11557215.0,11557215,0.001192106,1,AT2G27070,AT2G27070,AT2G27070,0.0
2,Chr2_11557220.0,11557220,0.001192106,1,AT2G27070,AT2G27070,AT2G27070,0.0
2,Chr2_11557232.0,11557232,0.001192106,1,AT2G27070,AT2G27070,AT2G27070,0.0
2,Chr2_11557254.0,11557254,0.001192106,1,AT2G27070,AT2G27070,AT2G27070,0.0
2,Chr2_11557422.0,11557422,0.001192106,1,AT2G27070,AT2G27070,AT2G27070,0.0
2,Chr2_11557447.0,11557447,0.001192106,1,AT2G27070,AT2G27070,AT2G27070,0.0
2,Chr2_11557526.0,11557526,0.001192106,1,AT2G27070,AT2G27070,AT2G27070,0.0
2,Chr2_4317289.0,4317289,0.001193128,1,AT2G10950,AT2G10950,AT2G10950,0.0
2,Chr2_4330093.0,4330093,0.001193128,0,,,,
1,Chr1_11128128.0,11128128,0.001193478,0,,,,
3,Chr3_12323282.0,12323282,0.001193902,0,,,,
4,Chr4_15915389.0,15915389,0.001194329,1,AT4G32980,AT4G32980,AT4G32980,0.0
4,Chr4_15915391.0,15915391,0.001194329,1,AT4G32980,AT4G32980,AT4G32980,0.0
5,Chr5_1489082.0,1489082,0.001194412,0,,,,
3,Chr3_12702241.0,12702241,0.001194585,0,,,,
5,Chr5_7736999.0,7736999,0.00119534,1,AT5G23060,AT5G23060,AT5G23060,0.0
2,Chr2_11232316.0,11232316,0.001195348,1,AT2G26400,AT2G26400,AT2G26400,0.0
5,Chr5_407034.0,407034,0.00119596,1,AT5G02070,AT5G02070,AT5G02070,0.0
5,Chr5_407037.0,407037,0.00119596,1,AT5G02070,AT5G02070,AT5G02070,0.0
4,Chr4_7045559.0,7045559,0.001196228,1,AT4G11670,AT4G11670,AT4G11670,0.0
5,Chr5_5263915.0,5263915,0.001197023,0,,,,
1,Chr1_19509334.0,19509334,0.001197584,1,AT1G52380,AT1G52380,AT1G52380,0.0
1,Chr1_19510376.0,19510376,0.001197584,1,AT1G52380,AT1G52380,AT1G52380,0.0
2,Chr2_5478968.0,5478968,0.001197767,0,,,,
4,Chr4_6346183.0,6346183,0.001198359,0,,,,
3,Chr3_3182818.0,3182818,0.001198528,0,,,,
2,Chr2_19498191.0,19498191,0.001198551,0,,,,
1,Chr1_29040198.0,29040198,0.001198565,1,AT1G77300,AT1G77300,AT1G77300,0.0
1,Chr1_28845739.0,28845739,0.001198789,1,AT1G76830,AT1G76830,AT1G76830,0.0
1,Chr1_28845979.0,28845979,0.001198789,0,,,,
2,Chr2_8362475.0,8362475,0.001200596,1,AT2G19280,AT2G19280,AT2G19280,0.0
2,Chr2_8362476.0,8362476,0.001200596,1,AT2G19280,AT2G19280,AT2G19280,0.0
2,Chr2_8362479.0,8362479,0.001200596,1,AT2G19280,AT2G19280,AT2G19280,0.0
1,Chr1_2316157.0,2316157,0.001200933,1,AT1G07530,AT1G07530,AT1G07530,0.0
2,Chr2_6975112.0,6975112,0.001201247,0,,,,
4,Chr4_784117.0,784117,0.001202018,1,AT4G01820,AT4G01820,AT4G01820,0.0
3,Chr3_15341388.0,15341388,0.001202086,0,,,,
3,Chr3_17977495.0,17977495,0.001202222,0,,,,
3,Chr3_4281105.0,4281105,0.001202697,0,,,,
4,Chr4_8465025.0,8465025,0.00120283,0,,,,
2,Chr2_11969100.0,11969100,0.00120293,0,,,,
5,Chr5_9747072.0,9747072,0.001202987,0,,,,
3,Chr3_17945137.0,17945137,0.001203684,0,,,,
2,Chr2_2128047.0,2128047,0.001203885,0,,,,
3,Chr3_9042082.0,9042082,0.00120401,0,,,,
4,Chr4_5064986.0,5064986,0.001204337,0,,,,
5,Chr5_17612664.0,17612664,0.001204355,1,AT5G43810,AT5G43810,AT5G43810,0.0
1,Chr1_3249449.0,3249449,0.001204669,0,,,,
1,Chr1_3249536.0,3249536,0.001204669,0,,,,
1,Chr1_3249541.0,3249541,0.001204669,0,,,,
1,Chr1_3249542.0,3249542,0.001204669,0,,,,
1,Chr1_3249555.0,3249555,0.001204669,0,,,,
1,Chr1_3249575.0,3249575,0.001204669,0,,,,
1,Chr1_3249665.0,3249665,0.001204669,0,,,,
1,Chr1_3249674.0,3249674,0.001204669,0,,,,
1,Chr1_3249697.0,3249697,0.001204669,0,,,,
1,Chr1_3249708.0,3249708,0.001204669,0,,,,
1,Chr1_3249721.0,3249721,0.001204669,0,,,,
1,Chr1_3249779.0,3249779,0.001204669,0,,,,
1,Chr1_3249806.0,3249806,0.001204669,0,,,,
1,Chr1_3249829.0,3249829,0.001204669,0,,,,
1,Chr1_3249840.0,3249840,0.001204669,0,,,,
1,Chr1_3249903.0,3249903,0.001204669,0,,,,
1,Chr1_3250017.0,3250017,0.001204669,0,,,,
1,Chr1_3250023.0,3250023,0.001204669,0,,,,
1,Chr1_12703863.0,12703863,0.001204821,0,,,,
1,Chr1_2113799.0,2113799,0.00120491,1,AT1G06890,AT1G06890,AT1G06890,0.0
1,Chr1_2121799.0,2121799,0.00120491,1,AT1G06910,AT1G06910,AT1G06910,0.0
1,Chr1_991156.0,991156,0.001205357,1,AT1G03900,AT1G03900,AT1G03900,0.0
5,Chr5_23756950.0,23756950,0.001205694,1,AT5G58830,AT5G58830,AT5G58830,0.0
4,Chr4_8050716.0,8050716,0.001206414,0,,,,
5,Chr5_10357737.0,10357737,0.001206883,0,,,,
4,Chr4_3567268.0,3567268,0.001206908,0,,,,
4,Chr4_3567384.0,3567384,0.001206908,0,,,,
5,Chr5_23831429.0,23831429,0.001207795,0,,,,
3,Chr3_6353642.0,6353642,0.001207949,1,AT3G18500,AT3G18500,AT3G18500,0.0
3,Chr3_6354860.0,6354860,0.001207949,1,AT3G18500,AT3G18500,AT3G18500,0.0
2,Chr2_8547803.0,8547803,0.001208159,0,,,,
1,Chr1_16474783.0,16474783,0.001208233,0,,,,
3,Chr3_10950570.0,10950570,0.001208756,0,,,,
1,Chr1_28903091.0,28903091,0.001208854,1,AT1G76940,AT1G76940,AT1G76940,0.0
1,Chr1_9547633.0,9547633,0.001209167,0,,,,
5,Chr5_25820807.0,25820807,0.00120973,1,AT5G64580,AT5G64580,AT5G64580,0.0
3,Chr3_9686855.0,9686855,0.001210261,1,AT3G26470,AT3G26470,AT3G26470,0.0
2,Chr2_6741310.0,6741310,0.001210448,0,,,,
5,Chr5_2076135.0,2076135,0.001210631,0,,,,
5,Chr5_278676.0,278676,0.00121127,0,,,,
2,Chr2_19490676.0,19490676,0.001211777,0,,,,
1,Chr1_3249720.0,3249720,0.001211852,0,,,,
2,Chr2_6962050.0,6962050,0.001212021,0,,,,
2,Chr2_5710088.0,5710088,0.001212097,0,,,,
2,Chr2_14892567.0,14892567,0.00121281,0,,,,
5,Chr5_6418242.0,6418242,0.001212835,1,AT5G19130,AT5G19130,AT5G19130,0.0
5,Chr5_6418495.0,6418495,0.001212835,1,AT5G19130,AT5G19130,AT5G19130,0.0
5,Chr5_6418496.0,6418496,0.001212835,1,AT5G19130,AT5G19130,AT5G19130,0.0
5,Chr5_6418547.0,6418547,0.001212835,1,AT5G19130,AT5G19130,AT5G19130,0.0
5,Chr5_6418632.0,6418632,0.001212835,1,AT5G19130,AT5G19130,AT5G19130,0.0
5,Chr5_6418662.0,6418662,0.001212835,1,AT5G19130,AT5G19130,AT5G19130,0.0
5,Chr5_6418675.0,6418675,0.001212835,1,AT5G19130,AT5G19130,AT5G19130,0.0
5,Chr5_6418730.0,6418730,0.001212835,1,AT5G19130,AT5G19130,AT5G19130,0.0
5,Chr5_6418779.0,6418779,0.001212835,1,AT5G19130,AT5G19130,AT5G19130,0.0
5,Chr5_6418820.0,6418820,0.001212835,1,AT5G19130,AT5G19130,AT5G19130,0.0
5,Chr5_6418855.0,6418855,0.001212835,1,AT5G19130,AT5G19130,AT5G19130,0.0
5,Chr5_6419112.0,6419112,0.001212835,0,,,,
5,Chr5_6419117.0,6419117,0.001212835,0,,,,
5,Chr5_2544675.0,2544675,0.001213123,1,AT5G07970,AT5G07970,AT5G07970,0.0
5,Chr5_26403416.0,26403416,0.001213277,1,AT5G66020,AT5G66020,AT5G66020,0.0
1,Chr1_13107747.0,13107747,0.001213564,0,,,,
3,Chr3_14530094.0,14530094,0.001214461,0,,,,
5,Chr5_10728282.0,10728282,0.001215384,0,,,,
4,Chr4_17553405.0,17553405,0.001215445,0,,,,
4,Chr4_17395084.0,17395084,0.001215673,0,,,,
4,Chr4_17395092.0,17395092,0.001215673,0,,,,
1,Chr1_3182930.0,3182930,0.001215874,1,AT1G09810,AT1G09810,AT1G09810,0.0
3,Chr3_16073106.0,16073106,0.001216502,0,,,,
1,Chr1_29039767.0,29039767,0.001216709,1,AT1G77290,AT1G77290,AT1G77290,0.0
5,Chr5_19583980.0,19583980,0.001216735,1,AT5G48320,AT5G48320,AT5G48320,0.0
4,Chr4_7212093.0,7212093,0.001217186,1,AT4G12030,AT4G12030,AT4G12030,0.0
2,Chr2_8183407.0,8183407,0.001217204,0,,,,
2,Chr2_5334419.0,5334419,0.001217557,0,,,,
2,Chr2_19228752.0,19228752,0.001218619,0,,,,
1,Chr1_3338051.0,3338051,0.001219888,0,,,,
4,Chr4_2380564.0,2380564,0.001220011,0,,,,
3,Chr3_14860046.0,14860046,0.001220119,0,,,,
5,Chr5_26411321.0,26411321,0.001220125,1,AT5G66040,AT5G66040,AT5G66040,0.0
5,Chr5_10652083.0,10652083,0.001220244,0,,,,
1,Chr1_11860444.0,11860444,0.001220773,0,,,,
5,Chr5_21055157.0,21055157,0.001220955,0,,,,
3,Chr3_14746167.0,14746167,0.001221216,0,,,,
4,Chr4_9120435.0,9120435,0.001221934,0,,,,
4,Chr4_9120873.0,9120873,0.001221934,1,AT4G16130,AT4G16130,AT4G16130,0.0
4,Chr4_9125853.0,9125853,0.001221934,1,AT4G16130,AT4G16130,AT4G16130,0.0
3,Chr3_6633096.0,6633096,0.001222171,1,AT3G19180,AT3G19180,AT3G19180,0.0
2,Chr2_320017.0,320017,0.001222497,1,AT2G01720,AT2G01720,AT2G01720,0.0
1,Chr1_2096279.0,2096279,0.001222942,0,,,,
3,Chr3_19006676.0,19006676,0.00122301,1,AT3G51150,AT3G51150,AT3G51150,0.0
3,Chr3_19009808.0,19009808,0.00122301,0,,,,
3,Chr3_19805926.0,19805926,0.001223317,0,,,,
3,Chr3_15808923.0,15808923,0.001223601,0,,,,
2,Chr2_6078245.0,6078245,0.001223869,0,,,,
3,Chr3_7706981.0,7706981,0.001224995,1,AT3G21880,AT3G21880,AT3G21880,0.0
3,Chr3_7706987.0,7706987,0.001224995,1,AT3G21880,AT3G21880,AT3G21880,0.0
3,Chr3_7707093.0,7707093,0.001224995,1,AT3G21880,AT3G21880,AT3G21880,0.0
3,Chr3_7707298.0,7707298,0.001224995,1,AT3G21880,AT3G21880,AT3G21880,0.0
5,Chr5_13835051.0,13835051,0.001225276,1,AT5G35640,AT5G35640,AT5G35640,0.0
1,Chr1_29199833.0,29199833,0.001225323,0,,,,
3,Chr3_8175731.0,8175731,0.001225352,1,AT3G23010,AT3G23010,AT3G23010,0.0
4,Chr4_2527282.0,2527282,0.001225891,1,AT4G04957,AT4G04957,AT4G04957,0.0
4,Chr4_2527446.0,2527446,0.001225891,0,,,,
4,Chr4_2527598.0,2527598,0.001225891,0,,,,
4,Chr4_2527890.0,2527890,0.001225891,0,,,,
4,Chr4_2527994.0,2527994,0.001225891,0,,,,
4,Chr4_2528085.0,2528085,0.001225891,0,,,,
3,Chr3_18663443.0,18663443,0.001225932,0,,,,
3,Chr3_15710448.0,15710448,0.001225956,0,,,,
3,Chr3_15710465.0,15710465,0.001225956,0,,,,
3,Chr3_4571204.0,4571204,0.001226112,1,AT3G13870,AT3G13870,AT3G13870,0.0
4,Chr4_11855845.0,11855845,0.001226206,1,AT4G22510,AT4G22510,AT4G22510,0.0
5,Chr5_9719301.0,9719301,0.00122642,1,AT5G27530,AT5G27530,AT5G27530,0.0
1,Chr1_1196154.0,1196154,0.001227094,1,AT1G04425,AT1G04425,AT1G04425,0.0
1,Chr1_3406508.0,3406508,0.001227653,0,,,,
2,Chr2_5542222.0,5542222,0.001227758,0,,,,
4,Chr4_9927721.0,9927721,0.001227822,0,,,,
5,Chr5_22570405.0,22570405,0.001228016,1,AT5G55760,AT5G55760,AT5G55760,0.0
4,Chr4_5914070.0,5914070,0.001229414,0,,,,
4,Chr4_18295619.0,18295619,0.001229453,0,,,,
4,Chr4_18295634.0,18295634,0.001229453,0,,,,
4,Chr4_18295636.0,18295636,0.001229453,0,,,,
4,Chr4_18295734.0,18295734,0.001229453,0,,,,
3,Chr3_1075205.0,1075205,0.001230034,0,,,,
1,Chr1_12166303.0,12166303,0.001230233,0,,,,
2,Chr2_4050288.0,4050288,0.00123037,0,,,,
3,Chr3_20658283.0,20658283,0.001230494,1,AT3G55670,AT3G55670,AT3G55670,0.0
3,Chr3_20658520.0,20658520,0.001230494,1,AT3G55670,AT3G55670,AT3G55670,0.0
3,Chr3_15025088.0,15025088,0.001232742,1,AT3G42970,AT3G42970,AT3G42970,0.0
4,Chr4_6214879.0,6214879,0.001233051,1,AT4G09880,AT4G09880,AT4G09880,0.0
5,Chr5_21240652.0,21240652,0.001233282,0,,,,
3,Chr3_4777998.0,4777998,0.001233633,1,AT3G14320,AT3G14320,AT3G14320,0.0
3,Chr3_4779685.0,4779685,0.001233633,0,,,,
3,Chr3_4782315.0,4782315,0.001233633,1,AT3G14330,AT3G14330,AT3G14330,0.0
3,Chr3_4782547.0,4782547,0.001233633,0,,,,
3,Chr3_4785535.0,4785535,0.001233633,1,AT3G14350,AT3G14350,AT3G14350,0.0
3,Chr3_4789847.0,4789847,0.001233633,0,,,,
2,Chr2_11429103.0,11429103,0.001233878,1,AT2G26800,AT2G26800,AT2G26800,0.0
1,Chr1_2348840.0,2348840,0.001234341,0,,,,
1,Chr1_8267402.0,8267402,0.001234567,0,,,,
4,Chr4_17562024.0,17562024,0.001234662,0,,,,
2,Chr2_11160879.0,11160879,0.001234711,0,,,,
3,Chr3_15597616.0,15597616,0.001234897,0,,,,
3,Chr3_15597671.0,15597671,0.001234897,0,,,,
5,Chr5_10043544.0,10043544,0.001235194,0,,,,
5,Chr5_25791564.0,25791564,0.001235724,0,,,,
1,Chr1_11687939.0,11687939,0.001235849,0,,,,
1,Chr1_11705693.0,11705693,0.001235849,1,AT1G32430,AT1G32430,AT1G32430,0.0
1,Chr1_11712087.0,11712087,0.001235849,0,,,,
1,Chr1_11715697.0,11715697,0.001235849,1,AT1G32450,AT1G32450,AT1G32450,0.0
1,Chr1_11720562.0,11720562,0.001235849,0,,,,
4,Chr4_2174290.0,2174290,0.001236385,0,,,,
4,Chr4_18008911.0,18008911,0.001236548,1,AT4G38500,AT4G38500,AT4G38500,0.0
3,Chr3_15900050.0,15900050,0.001236565,0,,,,
3,Chr3_4787951.0,4787951,0.001236598,0,,,,
3,Chr3_4787953.0,4787953,0.001236598,0,,,,
1,Chr1_2857529.0,2857529,0.001236877,1,AT1G08910,AT1G08910,AT1G08910,0.0
2,Chr2_4539533.0,4539533,0.001236887,0,,,,
5,Chr5_20637053.0,20637053,0.001237131,1,AT5G50740,AT5G50740,AT5G50740,0.0
2,Chr2_8367488.0,8367488,0.001237276,0,,,,
2,Chr2_8367567.0,8367567,0.001237276,0,,,,
1,Chr1_29761707.0,29761707,0.001237552,0,,,,
1,Chr1_16896189.0,16896189,0.001237574,0,,,,
1,Chr1_12161978.0,12161978,0.001237585,0,,,,
5,Chr5_7011768.0,7011768,0.001238367,1,AT5G20710,AT5G20710,AT5G20710,0.0
3,Chr3_6546799.0,6546799,0.001239123,1,AT3G18980,AT3G18980,AT3G18980,0.0
5,Chr5_3173496.0,3173496,0.001239296,0,,,,
5,Chr5_17847425.0,17847425,0.001239926,0,,,,
2,Chr2_19491770.0,19491770,0.001240054,0,,,,
2,Chr2_19491811.0,19491811,0.001240054,0,,,,
2,Chr2_19491832.0,19491832,0.001240054,0,,,,
4,Chr4_7616026.0,7616026,0.001240297,0,,,,
4,Chr4_551562.0,551562,0.001240524,1,AT4G01330,AT4G01330,AT4G01330,0.0
3,Chr3_12712865.0,12712865,0.001241079,0,,,,
3,Chr3_12712871.0,12712871,0.001241079,0,,,,
4,Chr4_3768102.0,3768102,0.001241129,0,,,,
5,Chr5_20958420.0,20958420,0.00124113,1,AT5G51590,AT5G51590,AT5G51590,0.0
1,Chr1_1879693.0,1879693,0.001241237,0,,,,
2,Chr2_3679502.0,3679502,0.001241379,0,,,,
5,Chr5_14870175.0,14870175,0.001241457,0,,,,
2,Chr2_11764408.0,11764408,0.001241698,1,AT2G27530,AT2G27530,AT2G27530,0.0
5,Chr5_25120112.0,25120112,0.001242105,1,AT5G62580,AT5G62580,AT5G62580,0.0
1,Chr1_11123866.0,11123866,0.001243202,1,AT1G31160,AT1G31160,AT1G31160,0.0
1,Chr1_11123872.0,11123872,0.001243202,1,AT1G31160,AT1G31160,AT1G31160,0.0
4,Chr4_4118273.0,4118273,0.001243331,0,,,,
4,Chr4_16321640.0,16321640,0.001243484,0,,,,
4,Chr4_18497127.0,18497127,0.001243769,1,AT4G39850,AT4G39850,AT4G39850,0.0
1,Chr1_12286662.0,12286662,0.001244015,0,,,,
4,Chr4_7212268.0,7212268,0.00124428,1,AT4G12030,AT4G12030,AT4G12030,0.0
5,Chr5_7563065.0,7563065,0.001244424,0,,,,
5,Chr5_7563080.0,7563080,0.001244424,0,,,,
5,Chr5_7563094.0,7563094,0.001244424,0,,,,
3,Chr3_8232371.0,8232371,0.001244756,0,,,,
2,Chr2_19050060.0,19050060,0.00124491,1,AT2G46410,AT2G46410,AT2G46410,0.0
4,Chr4_5472971.0,5472971,0.001245005,0,,,,
1,Chr1_21453808.0,21453808,0.001245362,0,,,,
1,Chr1_6785412.0,6785412,0.001245953,0,,,,
2,Chr2_10335054.0,10335054,0.001245957,1,AT2G24280,AT2G24280,AT2G24280,0.0
1,Chr1_13187908.0,13187908,0.001246374,0,,,,
1,Chr1_13187912.0,13187912,0.001246374,0,,,,
1,Chr1_3101676.0,3101676,0.001246645,1,AT1G09575,AT1G09575,AT1G09575,0.0
4,Chr4_3437108.0,3437108,0.00124697,0,,,,
1,Chr1_4275011.0,4275011,0.001247232,1,AT1G12550,AT1G12550,AT1G12550,0.0
4,Chr4_6103439.0,6103439,0.001247403,0,,,,
5,Chr5_18671645.0,18671645,0.001247718,1,AT5G46040,AT5G46040,AT5G46040,0.0
1,Chr1_19469343.0,19469343,0.001247812,1,AT1G52280,AT1G52280,AT1G52280,0.0
5,Chr5_11732804.0,11732804,0.00124799,0,,,,
1,Chr1_19620074.0,19620074,0.001248233,1,AT1G52690,AT1G52690,AT1G52690,0.0
1,Chr1_19621147.0,19621147,0.001248233,1,AT1G52690,AT1G52690,AT1G52690,0.0
5,Chr5_4076509.0,4076509,0.001248284,0,,,,
1,Chr1_23646506.0,23646506,0.00124846,1,AT1G63740,AT1G63740,AT1G63740,0.0
1,Chr1_23648021.0,23648021,0.00124846,1,AT1G63740,AT1G63740,AT1G63740,0.0
4,Chr4_7036740.0,7036740,0.001248503,0,,,,
4,Chr4_8402259.0,8402259,0.001248769,1,AT4G14650,AT4G14650,AT4G14650,0.0
1,Chr1_15852236.0,15852236,0.001248808,0,,,,
5,Chr5_26263341.0,26263341,0.00124892,1,AT5G65683,AT5G65683,AT5G65683,0.0
3,Chr3_15798325.0,15798325,0.001249188,0,,,,
3,Chr3_15798404.0,15798404,0.001249188,0,,,,
3,Chr3_15798480.0,15798480,0.001249188,0,,,,
3,Chr3_15798489.0,15798489,0.001249188,0,,,,
3,Chr3_15798490.0,15798490,0.001249188,0,,,,
3,Chr3_15798660.0,15798660,0.001249188,0,,,,
3,Chr3_15798741.0,15798741,0.001249188,0,,,,
3,Chr3_15798820.0,15798820,0.001249188,0,,,,
3,Chr3_15798950.0,15798950,0.001249188,0,,,,
3,Chr3_15798997.0,15798997,0.001249188,0,,,,
3,Chr3_15799030.0,15799030,0.001249188,0,,,,
3,Chr3_15799116.0,15799116,0.001249188,0,,,,
3,Chr3_15799298.0,15799298,0.001249188,0,,,,
4,Chr4_8982090.0,8982090,0.001249442,0,,,,
1,Chr1_15740572.0,15740572,0.001249986,0,,,,
1,Chr1_15740576.0,15740576,0.001249986,0,,,,
5,Chr5_10106185.0,10106185,0.001251118,0,,,,
5,Chr5_20637318.0,20637318,0.001251324,1,AT5G50740,AT5G50740,AT5G50740,0.0
4,Chr4_8094337.0,8094337,0.001251347,0,,,,
4,Chr4_5112340.0,5112340,0.001252033,0,,,,
3,Chr3_4274784.0,4274784,0.00125235,0,,,,
5,Chr5_10659106.0,10659106,0.001252939,0,,,,
5,Chr5_10659152.0,10659152,0.001252939,0,,,,
5,Chr5_10659163.0,10659163,0.001252939,0,,,,
5,Chr5_10659199.0,10659199,0.001252939,0,,,,
5,Chr5_10659204.0,10659204,0.001252939,0,,,,
5,Chr5_10659236.0,10659236,0.001252939,0,,,,
5,Chr5_10659245.0,10659245,0.001252939,0,,,,
5,Chr5_10659275.0,10659275,0.001252939,0,,,,
5,Chr5_8374606.0,8374606,0.001253123,0,,,,
2,Chr2_3599781.0,3599781,0.00125386,0,,,,
2,Chr2_560126.0,560126,0.001254475,0,,,,
1,Chr1_18449154.0,18449154,0.001254802,0,,,,
3,Chr3_3057828.0,3057828,0.001254859,1,AT3G09940,AT3G09940,AT3G09940,0.0
3,Chr3_3057884.0,3057884,0.001254859,1,AT3G09940,AT3G09940,AT3G09940,0.0
5,Chr5_9741038.0,9741038,0.001255226,0,,,,
5,Chr5_26416220.0,26416220,0.001255384,1,AT5G66052,AT5G66052,AT5G66052,0.0
5,Chr5_2375786.0,2375786,0.001255548,0,,,,
3,Chr3_21323121.0,21323121,0.001256087,0,,,,
4,Chr4_15054923.0,15054923,0.001256125,1,AT4G30940,AT4G30940,AT4G30940,0.0
1,Chr1_3268387.0,3268387,0.001256206,1,AT1G10010,AT1G10010,AT1G10010,0.0
4,Chr4_6027789.0,6027789,0.001256681,0,,,,
5,Chr5_10737173.0,10737173,0.001256856,0,,,,
3,Chr3_13971127.0,13971127,0.001257904,0,,,,
3,Chr3_13973093.0,13973093,0.001257904,0,,,,
3,Chr3_13973351.0,13973351,0.001257904,0,,,,
1,Chr1_9295544.0,9295544,0.001257911,0,,,,
3,Chr3_21282314.0,21282314,0.001258026,1,AT3G57500,AT3G57500,AT3G57500,0.0
4,Chr4_2386457.0,2386457,0.001258386,1,AT4G04700,AT4G04700,AT4G04700,0.0
2,Chr2_5334892.0,5334892,0.001258393,0,,,,
5,Chr5_9748583.0,9748583,0.001258465,0,,,,
3,Chr3_21315555.0,21315555,0.001258549,1,AT3G57570,AT3G57570,AT3G57570,0.0
5,Chr5_3535283.0,3535283,0.001258657,0,,,,
2,Chr2_5348156.0,5348156,0.001258797,0,,,,
3,Chr3_18901574.0,18901574,0.001259317,1,AT3G50850,AT3G50850,AT3G50850,0.0
4,Chr4_4643236.0,4643236,0.001259633,0,,,,
3,Chr3_7334841.0,7334841,0.001260421,1,AT3G20935,AT3G20935,AT3G20935,0.0
1,Chr1_21607567.0,21607567,0.001261195,1,AT1G58260,AT1G58260,AT1G58260,0.0
1,Chr1_25682634.0,25682634,0.001261351,0,,,,
1,Chr1_4275051.0,4275051,0.001262129,1,AT1G12550,AT1G12550,AT1G12550,0.0
4,Chr4_2398332.0,2398332,0.00126225,0,,,,
4,Chr4_2398350.0,2398350,0.00126225,0,,,,
4,Chr4_2399076.0,2399076,0.00126225,0,,,,
4,Chr4_2399662.0,2399662,0.00126225,0,,,,
4,Chr4_2400499.0,2400499,0.00126225,0,,,,
4,Chr4_2400779.0,2400779,0.00126225,0,,,,
4,Chr4_2402187.0,2402187,0.00126225,1,AT4G04730,AT4G04730,AT4G04730,0.0
4,Chr4_2402362.0,2402362,0.00126225,0,,,,
4,Chr4_2402453.0,2402453,0.00126225,0,,,,
4,Chr4_2402935.0,2402935,0.00126225,0,,,,
4,Chr4_2403061.0,2403061,0.00126225,0,,,,
3,Chr3_2459371.0,2459371,0.001262272,1,AT3G07690,AT3G07690,AT3G07690,0.0
5,Chr5_13621911.0,13621911,0.001262284,0,,,,
5,Chr5_3177593.0,3177593,0.001262767,1,AT5G10140,AT5G10140,AT5G10140,0.0
5,Chr5_19506210.0,19506210,0.001263302,0,,,,
5,Chr5_19506286.0,19506286,0.001263302,0,,,,
1,Chr1_22627006.0,22627006,0.001263419,0,,,,
1,Chr1_22627099.0,22627099,0.001263419,0,,,,
3,Chr3_4541892.0,4541892,0.00126355,0,,,,
4,Chr4_11876619.0,11876619,0.001263584,0,,,,
4,Chr4_1632332.0,1632332,0.001264486,0,,,,
1,Chr1_11859940.0,11859940,0.001264767,0,,,,
2,Chr2_13017114.0,13017114,0.00126479,1,AT2G30550,AT2G30550,AT2G30550,0.0
2,Chr2_13017848.0,13017848,0.00126479,1,AT2G30560,AT2G30560,AT2G30560,0.0
1,Chr1_29202415.0,29202415,0.001264893,1,AT1G77690,AT1G77690,AT1G77690,0.0
1,Chr1_16629031.0,16629031,0.001264936,0,,,,
4,Chr4_14567252.0,14567252,0.001265718,1,AT4G29740,AT4G29740,AT4G29740,0.0
4,Chr4_14567253.0,14567253,0.001265718,1,AT4G29740,AT4G29740,AT4G29740,0.0
3,Chr3_20540330.0,20540330,0.001265891,0,,,,
3,Chr3_10012110.0,10012110,0.001267107,0,,,,
3,Chr3_10012111.0,10012111,0.001267107,0,,,,
2,Chr2_13885933.0,13885933,0.001267272,0,,,,
3,Chr3_18040697.0,18040697,0.001267597,0,,,,
3,Chr3_18040766.0,18040766,0.001267597,0,,,,
5,Chr5_3180528.0,3180528,0.001268119,0,,,,
3,Chr3_16913432.0,16913432,0.00126942,0,,,,
5,Chr5_3185062.0,3185062,0.001269575,0,,,,
1,Chr1_3208237.0,3208237,0.001269734,1,AT1G09870,AT1G09870,AT1G09870,0.0
5,Chr5_12573788.0,12573788,0.001269941,0,,,,
2,Chr2_4861933.0,4861933,0.001270182,0,,,,
5,Chr5_25750194.0,25750194,0.001271018,1,AT5G64400,AT5G64400,AT5G64400,0.0
2,Chr2_8637072.0,8637072,0.001271181,1,AT2G20000,AT2G20000,AT2G20000,0.0
2,Chr2_8696031.0,8696031,0.001271181,1,AT2G20142,AT2G20142,AT2G20142,0.0
1,Chr1_12665432.0,12665432,0.001271418,0,,,,
2,Chr2_12049122.0,12049122,0.001271681,0,,,,
4,Chr4_6738504.0,6738504,0.001271754,1,AT4G11030,AT4G11030,AT4G11030,0.0
2,Chr2_305916.0,305916,0.001272175,0,,,,
1,Chr1_13000749.0,13000749,0.00127249,0,,,,
4,Chr4_14049332.0,14049332,0.001272509,1,AT4G28400,AT4G28400,AT4G28400,0.0
4,Chr4_14050103.0,14050103,0.001272509,1,AT4G28400,AT4G28400,AT4G28400,0.0
2,Chr2_13885998.0,13885998,0.001272551,0,,,,
4,Chr4_9058226.0,9058226,0.001272764,1,AT4G15980,AT4G15980,AT4G15980,0.0
5,Chr5_15602798.0,15602798,0.001272856,0,,,,
1,Chr1_16466824.0,16466824,0.00127299,0,,,,
5,Chr5_16113602.0,16113602,0.001273318,1,AT5G40310,AT5G40310,AT5G40310,0.0
5,Chr5_16113774.0,16113774,0.001273318,1,AT5G40310,AT5G40310,AT5G40310,0.0
2,Chr2_5281606.0,5281606,0.001274615,0,,,,
2,Chr2_19697361.0,19697361,0.001274739,0,,,,
4,Chr4_6192031.0,6192031,0.001274772,0,,,,
4,Chr4_9131125.0,9131125,0.001275322,0,,,,
3,Chr3_7709864.0,7709864,0.001275673,0,,,,
3,Chr3_7709899.0,7709899,0.001275673,0,,,,
3,Chr3_8172152.0,8172152,0.001276444,0,,,,
2,Chr2_5070825.0,5070825,0.001276685,1,AT2G12480,AT2G12480,AT2G12480,0.0
2,Chr2_5071259.0,5071259,0.001276685,1,AT2G12480,AT2G12480,AT2G12480,0.0
2,Chr2_5581574.0,5581574,0.001276779,0,,,,
2,Chr2_7492959.0,7492959,0.001276962,0,,,,
5,Chr5_11593509.0,11593509,0.001277294,0,,,,
2,Chr2_6743089.0,6743089,0.001277814,0,,,,
5,Chr5_26417043.0,26417043,0.001278005,0,,,,
1,Chr1_29118082.0,29118082,0.001278182,1,AT1G77490,AT1G77490,AT1G77490,0.0
3,Chr3_14614272.0,14614272,0.001278319,0,,,,
3,Chr3_8415217.0,8415217,0.001278386,1,AT3G23470,AT3G23470,AT3G23470,0.0
5,Chr5_20953049.0,20953049,0.001279521,1,AT5G51580,AT5G51580,AT5G51580,0.0
1,Chr1_926786.0,926786,0.001279603,0,,,,
4,Chr4_2179636.0,2179636,0.00128048,0,,,,
5,Chr5_17571065.0,17571065,0.00128062,1,AT5G43745,AT5G43745,AT5G43745,0.0
4,Chr4_712552.0,712552,0.001280919,1,AT4G01670,AT4G01670,AT4G01670,0.0
1,Chr1_7763942.0,7763942,0.001281629,0,,,,
3,Chr3_3382773.0,3382773,0.001281686,1,AT3G10810,AT3G10810,AT3G10810,0.0
5,Chr5_3168814.0,3168814,0.001281729,0,,,,
1,Chr1_468613.0,468613,0.001282237,0,,,,
4,Chr4_10838705.0,10838705,0.001282458,1,AT4G20000,AT4G20000,AT4G20000,0.0
1,Chr1_13112001.0,13112001,0.001282633,1,AT1G35545,AT1G35545,AT1G35545,0.0
5,Chr5_23447064.0,23447064,0.001282742,2,AT5G57880;AT5G57887,AT5G57880,AT5G57880,0.0
1,Chr1_20468704.0,20468704,0.00128309,0,,,,
1,Chr1_20469251.0,20469251,0.00128309,0,,,,
1,Chr1_20469365.0,20469365,0.00128309,0,,,,
3,Chr3_15802992.0,15802992,0.001283589,0,,,,
1,Chr1_28695376.0,28695376,0.001284057,0,,,,
2,Chr2_7946197.0,7946197,0.001284079,2,AT2G18270;AT2G18280,AT2G18270,AT2G18270,0.0
3,Chr3_19977781.0,19977781,0.001285,0,,,,
1,Chr1_24498635.0,24498635,0.001285109,0,,,,
3,Chr3_6740786.0,6740786,0.001285343,1,AT3G19440,AT3G19440,AT3G19440,0.0
1,Chr1_4353868.0,4353868,0.001285501,0,,,,
1,Chr1_21192323.0,21192323,0.001285729,0,,,,
1,Chr1_21192343.0,21192343,0.001285729,0,,,,
1,Chr1_21192390.0,21192390,0.001285729,0,,,,
1,Chr1_15004580.0,15004580,0.001285746,0,,,,
4,Chr4_12861185.0,12861185,0.001286117,1,AT4G25020,AT4G25020,AT4G25020,0.0
3,Chr3_12644381.0,12644381,0.001286118,0,,,,
2,Chr2_13880098.0,13880098,0.001286296,1,AT2G32730,AT2G32730,AT2G32730,0.0
2,Chr2_13885923.0,13885923,0.001286296,0,,,,
4,Chr4_18508351.0,18508351,0.001286635,0,,,,
4,Chr4_17558047.0,17558047,0.00128664,1,AT4G37310,AT4G37310,AT4G37310,0.0
2,Chr2_8492736.0,8492736,0.00128674,1,AT2G19640,AT2G19640,AT2G19640,0.0
1,Chr1_7313489.0,7313489,0.001286762,0,,,,
4,Chr4_7025187.0,7025187,0.001286947,1,AT4G11650,AT4G11650,AT4G11650,0.0
5,Chr5_3176393.0,3176393,0.001286971,1,AT5G10140,AT5G10140,AT5G10140,0.0
3,Chr3_21325362.0,21325362,0.001287182,0,,,,
3,Chr3_6604703.0,6604703,0.001287536,0,,,,
1,Chr1_3768812.0,3768812,0.001288326,1,AT1G11250,AT1G11250,AT1G11250,0.0
4,Chr4_17554475.0,17554475,0.001288337,0,,,,
4,Chr4_17555822.0,17555822,0.001288337,1,AT4G37300,AT4G37300,AT4G37300,0.0
4,Chr4_17555864.0,17555864,0.001288337,0,,,,
4,Chr4_17555869.0,17555869,0.001288337,0,,,,
4,Chr4_17561841.0,17561841,0.001288337,0,,,,
4,Chr4_17562227.0,17562227,0.001288337,0,,,,
4,Chr4_17562228.0,17562228,0.001288337,0,,,,
4,Chr4_17568675.0,17568675,0.001288337,1,AT4G37360,AT4G37360,AT4G37360,0.0
4,Chr4_17575384.0,17575384,0.001288337,0,,,,
4,Chr4_17586017.0,17586017,0.001288337,1,AT4G37400,AT4G37400,AT4G37400,0.0
4,Chr4_17589285.0,17589285,0.001288337,0,,,,
4,Chr4_17594752.0,17594752,0.001288337,1,AT4G37420,AT4G37420,AT4G37420,0.0
4,Chr4_17603240.0,17603240,0.001288337,1,AT4G37440,AT4G37440,AT4G37440,0.0
4,Chr4_17624867.0,17624867,0.001288337,0,,,,
3,Chr3_13870681.0,13870681,0.001288933,0,,,,
3,Chr3_13871898.0,13871898,0.001288933,0,,,,
5,Chr5_11445382.0,11445382,0.001289247,0,,,,
5,Chr5_11755503.0,11755503,0.001289539,0,,,,
5,Chr5_9827555.0,9827555,0.001289644,0,,,,
5,Chr5_9877272.0,9877272,0.001290035,0,,,,
2,Chr2_4771845.0,4771845,0.001290324,0,,,,
1,Chr1_29518120.0,29518120,0.001290634,0,,,,
5,Chr5_21048077.0,21048077,0.001291188,0,,,,
1,Chr1_6866884.0,6866884,0.001291595,0,,,,
2,Chr2_12198062.0,12198062,0.001291729,0,,,,
2,Chr2_5333068.0,5333068,0.001291745,0,,,,
3,Chr3_8213498.0,8213498,0.001291812,0,,,,
2,Chr2_3760332.0,3760332,0.001292571,0,,,,
4,Chr4_4642879.0,4642879,0.001292876,0,,,,
4,Chr4_75785.0,75785,0.001294131,0,,,,
3,Chr3_8234811.0,8234811,0.001294292,0,,,,
2,Chr2_18364210.0,18364210,0.001295271,0,,,,
4,Chr4_18386524.0,18386524,0.001295385,1,AT4G39580,AT4G39580,AT4G39580,0.0
4,Chr4_18386527.0,18386527,0.001295385,1,AT4G39580,AT4G39580,AT4G39580,0.0
2,Chr2_19545248.0,19545248,0.00129542,0,,,,
2,Chr2_19551559.0,19551559,0.00129542,1,AT2G47690,AT2G47690,AT2G47690,0.0
4,Chr4_2535283.0,2535283,0.001295877,1,AT4G04960,AT4G04960,AT4G04960,0.0
3,Chr3_12374898.0,12374898,0.001295911,0,,,,
5,Chr5_10728629.0,10728629,0.001296615,0,,,,
1,Chr1_11188893.0,11188893,0.001297122,1,AT1G31290,AT1G31290,AT1G31290,0.0
1,Chr1_11188894.0,11188894,0.001297122,1,AT1G31290,AT1G31290,AT1G31290,0.0
1,Chr1_3286651.0,3286651,0.001297278,1,AT1G10060,AT1G10060,AT1G10060,0.0
1,Chr1_3286664.0,3286664,0.001297278,1,AT1G10060,AT1G10060,AT1G10060,0.0
1,Chr1_3286778.0,3286778,0.001297278,1,AT1G10060,AT1G10060,AT1G10060,0.0
5,Chr5_16112863.0,16112863,0.001297295,1,AT5G40300,AT5G40300,AT5G40300,0.0
1,Chr1_10192014.0,10192014,0.001297805,1,AT1G29170,AT1G29170,AT1G29170,0.0
5,Chr5_19489198.0,19489198,0.0012979,0,,,,
5,Chr5_25620499.0,25620499,0.001298374,1,AT5G64020,AT5G64020,AT5G64020,0.0
5,Chr5_25621486.0,25621486,0.001298374,1,AT5G64020,AT5G64020,AT5G64020,0.0
3,Chr3_10448759.0,10448759,0.00129856,1,AT3G28070,AT3G28070,AT3G28070,0.0
3,Chr3_10449390.0,10449390,0.00129856,1,AT3G28070,AT3G28070,AT3G28070,0.0
3,Chr3_10449495.0,10449495,0.00129856,1,AT3G28070,AT3G28070,AT3G28070,0.0
2,Chr2_19542831.0,19542831,0.001298622,0,,,,
4,Chr4_2508901.0,2508901,0.001299726,0,,,,
2,Chr2_671213.0,671213,0.001299851,1,AT2G02500,AT2G02500,AT2G02500,0.0
1,Chr1_10630598.0,10630598,0.001300362,1,AT1G30210,AT1G30210,AT1G30210,0.0
5,Chr5_21075358.0,21075358,0.001300525,0,,,,
3,Chr3_14166434.0,14166434,0.00130085,0,,,,
3,Chr3_14166934.0,14166934,0.00130085,0,,,,
3,Chr3_14169404.0,14169404,0.00130085,0,,,,
4,Chr4_5040581.0,5040581,0.001300942,0,,,,
2,Chr2_2413374.0,2413374,0.001301077,0,,,,
3,Chr3_6536646.0,6536646,0.001301766,0,,,,
3,Chr3_12181123.0,12181123,0.001302669,0,,,,
5,Chr5_25787842.0,25787842,0.001302826,0,,,,
5,Chr5_2186821.0,2186821,0.001303161,0,,,,
2,Chr2_6730571.0,6730571,0.001303163,0,,,,
1,Chr1_26288467.0,26288467,0.001303412,1,AT1G69830,AT1G69830,AT1G69830,0.0
3,Chr3_21132432.0,21132432,0.001303844,0,,,,
4,Chr4_2976486.0,2976486,0.001304341,0,,,,
4,Chr4_2976888.0,2976888,0.001304341,0,,,,
2,Chr2_6350971.0,6350971,0.001304344,0,,,,
5,Chr5_9363087.0,9363087,0.001304386,0,,,,
5,Chr5_13615985.0,13615985,0.001305082,0,,,,
5,Chr5_13623804.0,13623804,0.001305082,0,,,,
5,Chr5_13624992.0,13624992,0.001305082,0,,,,
5,Chr5_13625242.0,13625242,0.001305082,0,,,,
2,Chr2_5238430.0,5238430,0.001305116,0,,,,
1,Chr1_2353129.0,2353129,0.001305547,0,,,,
1,Chr1_2353207.0,2353207,0.001305547,0,,,,
2,Chr2_9773630.0,9773630,0.00130563,0,,,,
4,Chr4_18477329.0,18477329,0.001305706,1,AT4G39820,AT4G39820,AT4G39820,0.0
5,Chr5_25144499.0,25144499,0.001306438,1,AT5G62630,AT5G62630,AT5G62630,0.0
5,Chr5_17306953.0,17306953,0.001307349,0,,,,
1,Chr1_7752396.0,7752396,0.001307358,1,AT1G22015,AT1G22015,AT1G22015,0.0
1,Chr1_3169658.0,3169658,0.001307475,1,AT1G09790,AT1G09790,AT1G09790,0.0
3,Chr3_11082823.0,11082823,0.001307533,1,AT3G29110,AT3G29110,AT3G29110,0.0
2,Chr2_4500699.0,4500699,0.001307569,0,,,,
5,Chr5_10134865.0,10134865,0.001307867,0,,,,
1,Chr1_2313019.0,2313019,0.001308281,0,,,,
1,Chr1_2313040.0,2313040,0.001308281,0,,,,
4,Chr4_7195336.0,7195336,0.001308689,0,,,,
5,Chr5_1488166.0,1488166,0.001308711,0,,,,
3,Chr3_6615198.0,6615198,0.001309955,1,AT3G19140,AT3G19140,AT3G19140,0.0
2,Chr2_11763318.0,11763318,0.00131008,1,AT2G27530,AT2G27530,AT2G27530,0.0
2,Chr2_4572569.0,4572569,0.001310212,0,,,,
2,Chr2_4572666.0,4572666,0.001310212,0,,,,
1,Chr1_17696056.0,17696056,0.001310252,0,,,,
4,Chr4_11737661.0,11737661,0.001310972,1,AT4G22170,AT4G22170,AT4G22170,0.0
4,Chr4_11737662.0,11737662,0.001310972,1,AT4G22170,AT4G22170,AT4G22170,0.0
4,Chr4_11737668.0,11737668,0.001310972,1,AT4G22170,AT4G22170,AT4G22170,0.0
4,Chr4_11737672.0,11737672,0.001310972,1,AT4G22170,AT4G22170,AT4G22170,0.0
4,Chr4_11737677.0,11737677,0.001310972,1,AT4G22170,AT4G22170,AT4G22170,0.0
4,Chr4_11737690.0,11737690,0.001310972,1,AT4G22170,AT4G22170,AT4G22170,0.0
4,Chr4_11737693.0,11737693,0.001310972,1,AT4G22170,AT4G22170,AT4G22170,0.0
4,Chr4_11737694.0,11737694,0.001310972,1,AT4G22170,AT4G22170,AT4G22170,0.0
5,Chr5_10421935.0,10421935,0.001311792,0,,,,
3,Chr3_15023916.0,15023916,0.001312169,0,,,,
2,Chr2_1835479.0,1835479,0.001312242,0,,,,
2,Chr2_1837670.0,1837670,0.001312242,0,,,,
2,Chr2_1840931.0,1840931,0.001312242,0,,,,
3,Chr3_16535706.0,16535706,0.001313141,0,,,,
1,Chr1_6471747.0,6471747,0.001314479,1,AT1G18760,AT1G18760,AT1G18760,0.0
2,Chr2_2412649.0,2412649,0.001314506,0,,,,
3,Chr3_13499878.0,13499878,0.001314821,1,AT3G32960,AT3G32960,AT3G32960,0.0
3,Chr3_13500986.0,13500986,0.001314821,0,,,,
3,Chr3_13501942.0,13501942,0.001314821,0,,,,
2,Chr2_3839441.0,3839441,0.001315239,0,,,,
3,Chr3_15872268.0,15872268,0.001315499,0,,,,
1,Chr1_6653786.0,6653786,0.001315734,0,,,,
3,Chr3_20660411.0,20660411,0.001315913,0,,,,
2,Chr2_7254346.0,7254346,0.001316029,0,,,,
5,Chr5_25855496.0,25855496,0.001316254,0,,,,
5,Chr5_23171726.0,23171726,0.001316357,1,AT5G57190,AT5G57190,AT5G57190,0.0
1,Chr1_3249540.0,3249540,0.001316446,0,,,,
5,Chr5_17816422.0,17816422,0.001316813,0,,,,
4,Chr4_4118739.0,4118739,0.001317827,0,,,,
3,Chr3_16828462.0,16828462,0.001318275,0,,,,
1,Chr1_11265945.0,11265945,0.001318508,1,AT1G31480,AT1G31480,AT1G31480,0.0
1,Chr1_11268088.0,11268088,0.001318508,1,AT1G31480,AT1G31480,AT1G31480,0.0
1,Chr1_11273880.0,11273880,0.001318508,1,AT1G31500,AT1G31500,AT1G31500,0.0
1,Chr1_11274078.0,11274078,0.001318508,1,AT1G31500,AT1G31500,AT1G31500,0.0
1,Chr1_11274699.0,11274699,0.001318508,1,AT1G31500,AT1G31500,AT1G31500,0.0
1,Chr1_11275901.0,11275901,0.001318508,1,AT1G31500,AT1G31500,AT1G31500,0.0
1,Chr1_11276285.0,11276285,0.001318508,1,AT1G31500,AT1G31500,AT1G31500,0.0
1,Chr1_11276422.0,11276422,0.001318508,1,AT1G31500,AT1G31500,AT1G31500,0.0
1,Chr1_11280007.0,11280007,0.001318508,0,,,,
1,Chr1_11280668.0,11280668,0.001318508,0,,,,
4,Chr4_17298127.0,17298127,0.001318767,0,,,,
5,Chr5_23317993.0,23317993,0.001319153,1,AT5G57580,AT5G57580,AT5G57580,0.0
1,Chr1_19680333.0,19680333,0.001319403,0,,,,
2,Chr2_12155016.0,12155016,0.00131965,0,,,,
5,Chr5_7496629.0,7496629,0.001319945,1,AT5G22570,AT5G22570,AT5G22570,0.0
3,Chr3_14630423.0,14630423,0.001320081,0,,,,
2,Chr2_11739941.0,11739941,0.001320334,0,,,,
3,Chr3_21325067.0,21325067,0.001320415,0,,,,
1,Chr1_14299380.0,14299380,0.00132068,0,,,,
3,Chr3_18441976.0,18441976,0.001320749,1,AT3G49720,AT3G49720,AT3G49720,0.0
4,Chr4_5910207.0,5910207,0.001321159,0,,,,
1,Chr1_12282565.0,12282565,0.001321323,0,,,,
5,Chr5_10139811.0,10139811,0.001321492,0,,,,
4,Chr4_6206594.0,6206594,0.001321621,0,,,,
5,Chr5_10788653.0,10788653,0.001321982,0,,,,
5,Chr5_10790869.0,10790869,0.001321982,0,,,,
5,Chr5_10794851.0,10794851,0.001321982,0,,,,
5,Chr5_10798305.0,10798305,0.001321982,0,,,,
5,Chr5_10803894.0,10803894,0.001321982,0,,,,
5,Chr5_11651618.0,11651618,0.001322002,0,,,,
3,Chr3_18530898.0,18530898,0.001322284,1,AT3G49980,AT3G49980,AT3G49980,0.0
5,Chr5_13850818.0,13850818,0.001322832,0,,,,
2,Chr2_6344661.0,6344661,0.00132284,0,,,,
5,Chr5_16054717.0,16054717,0.001323556,0,,,,
3,Chr3_2998387.0,2998387,0.001323905,0,,,,
5,Chr5_16445977.0,16445977,0.001324168,1,AT5G41090,AT5G41090,AT5G41090,0.0
4,Chr4_10487062.0,10487062,0.001324183,1,AT4G19180,AT4G19180,AT4G19180,0.0
1,Chr1_2856015.0,2856015,0.001325541,0,,,,
1,Chr1_2856781.0,2856781,0.001325541,1,AT1G08910,AT1G08910,AT1G08910,0.0
1,Chr1_2858781.0,2858781,0.001325541,1,AT1G08910,AT1G08910,AT1G08910,0.0
1,Chr1_2859960.0,2859960,0.001325541,1,AT1G08910,AT1G08910,AT1G08910,0.0
1,Chr1_2860365.0,2860365,0.001325541,1,AT1G08910,AT1G08910,AT1G08910,0.0
1,Chr1_2861000.0,2861000,0.001325541,1,AT1G08910,AT1G08910,AT1G08910,0.0
2,Chr2_19300689.0,19300689,0.001325573,1,AT2G46980,AT2G46980,AT2G46980,0.0
2,Chr2_19300976.0,19300976,0.001325573,1,AT2G46980,AT2G46980,AT2G46980,0.0
2,Chr2_19301419.0,19301419,0.001325573,1,AT2G46980,AT2G46980,AT2G46980,0.0
2,Chr2_19301483.0,19301483,0.001325573,1,AT2G46980,AT2G46980,AT2G46980,0.0
2,Chr2_19301501.0,19301501,0.001325573,1,AT2G46980,AT2G46980,AT2G46980,0.0
2,Chr2_19301507.0,19301507,0.001325573,1,AT2G46980,AT2G46980,AT2G46980,0.0
2,Chr2_19301535.0,19301535,0.001325573,1,AT2G46980,AT2G46980,AT2G46980,0.0
2,Chr2_19301542.0,19301542,0.001325573,1,AT2G46980,AT2G46980,AT2G46980,0.0
2,Chr2_19301546.0,19301546,0.001325573,1,AT2G46980,AT2G46980,AT2G46980,0.0
2,Chr2_19301610.0,19301610,0.001325573,1,AT2G46980,AT2G46980,AT2G46980,0.0
2,Chr2_19301635.0,19301635,0.001325573,1,AT2G46980,AT2G46980,AT2G46980,0.0
2,Chr2_19301653.0,19301653,0.001325573,1,AT2G46980,AT2G46980,AT2G46980,0.0
2,Chr2_19301684.0,19301684,0.001325573,1,AT2G46980,AT2G46980,AT2G46980,0.0
2,Chr2_19301755.0,19301755,0.001325573,1,AT2G46980,AT2G46980,AT2G46980,0.0
2,Chr2_19301803.0,19301803,0.001325573,1,AT2G46980,AT2G46980,AT2G46980,0.0
2,Chr2_19301824.0,19301824,0.001325573,1,AT2G46980,AT2G46980,AT2G46980,0.0
2,Chr2_19301864.0,19301864,0.001325573,1,AT2G46980,AT2G46980,AT2G46980,0.0
2,Chr2_19301872.0,19301872,0.001325573,1,AT2G46980,AT2G46980,AT2G46980,0.0
2,Chr2_19301875.0,19301875,0.001325573,1,AT2G46980,AT2G46980,AT2G46980,0.0
2,Chr2_19301907.0,19301907,0.001325573,1,AT2G46980,AT2G46980,AT2G46980,0.0
2,Chr2_19302045.0,19302045,0.001325573,1,AT2G46980,AT2G46980,AT2G46980,0.0
2,Chr2_19302123.0,19302123,0.001325573,1,AT2G46980,AT2G46980,AT2G46980,0.0
2,Chr2_19302199.0,19302199,0.001325573,1,AT2G46980,AT2G46980,AT2G46980,0.0
2,Chr2_19302221.0,19302221,0.001325573,1,AT2G46980,AT2G46980,AT2G46980,0.0
2,Chr2_19302333.0,19302333,0.001325573,1,AT2G46980,AT2G46980,AT2G46980,0.0
2,Chr2_19302335.0,19302335,0.001325573,1,AT2G46980,AT2G46980,AT2G46980,0.0
2,Chr2_19302341.0,19302341,0.001325573,1,AT2G46980,AT2G46980,AT2G46980,0.0
2,Chr2_19302371.0,19302371,0.001325573,1,AT2G46980,AT2G46980,AT2G46980,0.0
2,Chr2_19302388.0,19302388,0.001325573,1,AT2G46980,AT2G46980,AT2G46980,0.0
2,Chr2_19302413.0,19302413,0.001325573,1,AT2G46980,AT2G46980,AT2G46980,0.0
2,Chr2_19302430.0,19302430,0.001325573,1,AT2G46980,AT2G46980,AT2G46980,0.0
2,Chr2_19302452.0,19302452,0.001325573,1,AT2G46980,AT2G46980,AT2G46980,0.0
2,Chr2_19302479.0,19302479,0.001325573,1,AT2G46980,AT2G46980,AT2G46980,0.0
2,Chr2_19302495.0,19302495,0.001325573,1,AT2G46980,AT2G46980,AT2G46980,0.0
2,Chr2_19302506.0,19302506,0.001325573,1,AT2G46980,AT2G46980,AT2G46980,0.0
2,Chr2_19302509.0,19302509,0.001325573,1,AT2G46980,AT2G46980,AT2G46980,0.0
2,Chr2_19302518.0,19302518,0.001325573,1,AT2G46980,AT2G46980,AT2G46980,0.0
2,Chr2_19302524.0,19302524,0.001325573,1,AT2G46980,AT2G46980,AT2G46980,0.0
2,Chr2_19302534.0,19302534,0.001325573,1,AT2G46980,AT2G46980,AT2G46980,0.0
2,Chr2_19302552.0,19302552,0.001325573,1,AT2G46980,AT2G46980,AT2G46980,0.0
2,Chr2_19302553.0,19302553,0.001325573,1,AT2G46980,AT2G46980,AT2G46980,0.0
2,Chr2_19302554.0,19302554,0.001325573,1,AT2G46980,AT2G46980,AT2G46980,0.0
2,Chr2_19302581.0,19302581,0.001325573,1,AT2G46980,AT2G46980,AT2G46980,0.0
2,Chr2_19302602.0,19302602,0.001325573,1,AT2G46980,AT2G46980,AT2G46980,0.0
2,Chr2_19302612.0,19302612,0.001325573,1,AT2G46980,AT2G46980,AT2G46980,0.0
2,Chr2_19302617.0,19302617,0.001325573,1,AT2G46980,AT2G46980,AT2G46980,0.0
2,Chr2_19302775.0,19302775,0.001325573,1,AT2G46980,AT2G46980,AT2G46980,0.0
2,Chr2_19302824.0,19302824,0.001325573,1,AT2G46980,AT2G46980,AT2G46980,0.0
2,Chr2_19302948.0,19302948,0.001325573,1,AT2G46980,AT2G46980,AT2G46980,0.0
2,Chr2_19303001.0,19303001,0.001325573,1,AT2G46980,AT2G46980,AT2G46980,0.0
2,Chr2_19303002.0,19303002,0.001325573,1,AT2G46980,AT2G46980,AT2G46980,0.0
2,Chr2_19303159.0,19303159,0.001325573,1,AT2G46980,AT2G46980,AT2G46980,0.0
2,Chr2_19303215.0,19303215,0.001325573,1,AT2G46980,AT2G46980,AT2G46980,0.0
2,Chr2_19303238.0,19303238,0.001325573,1,AT2G46980,AT2G46980,AT2G46980,0.0
2,Chr2_19303259.0,19303259,0.001325573,1,AT2G46980,AT2G46980,AT2G46980,0.0
2,Chr2_19303265.0,19303265,0.001325573,1,AT2G46980,AT2G46980,AT2G46980,0.0
2,Chr2_19303266.0,19303266,0.001325573,1,AT2G46980,AT2G46980,AT2G46980,0.0
2,Chr2_19303268.0,19303268,0.001325573,1,AT2G46980,AT2G46980,AT2G46980,0.0
2,Chr2_19303316.0,19303316,0.001325573,1,AT2G46980,AT2G46980,AT2G46980,0.0
2,Chr2_19303337.0,19303337,0.001325573,1,AT2G46980,AT2G46980,AT2G46980,0.0
2,Chr2_19303397.0,19303397,0.001325573,1,AT2G46980,AT2G46980,AT2G46980,0.0
5,Chr5_13611061.0,13611061,0.001325627,0,,,,
5,Chr5_18671619.0,18671619,0.001325855,1,AT5G46040,AT5G46040,AT5G46040,0.0
5,Chr5_25592638.0,25592638,0.001325886,1,AT5G63950,AT5G63950,AT5G63950,0.0
5,Chr5_8672826.0,8672826,0.001326023,1,AT5G25140,AT5G25140,AT5G25140,0.0
2,Chr2_5427110.0,5427110,0.001326503,0,,,,
1,Chr1_18588589.0,18588589,0.001326529,1,AT1G50190,AT1G50190,AT1G50190,0.0
5,Chr5_1951797.0,1951797,0.00132657,0,,,,
3,Chr3_15690474.0,15690474,0.00132753,0,,,,
3,Chr3_14737651.0,14737651,0.001328445,0,,,,
3,Chr3_23084273.0,23084273,0.0013285,1,AT3G62380,AT3G62380,AT3G62380,0.0
5,Chr5_6418976.0,6418976,0.001328764,1,AT5G19130,AT5G19130,AT5G19130,0.0
2,Chr2_6436449.0,6436449,0.001328766,0,,,,
2,Chr2_6437470.0,6437470,0.001328766,0,,,,
2,Chr2_6438775.0,6438775,0.001328766,0,,,,
4,Chr4_3088843.0,3088843,0.001329345,0,,,,
2,Chr2_6953996.0,6953996,0.001329347,0,,,,
4,Chr4_15943224.0,15943224,0.001329356,0,,,,
3,Chr3_17007615.0,17007615,0.00132942,1,AT3G46280,AT3G46280,AT3G46280,0.0
1,Chr1_13643146.0,13643146,0.001330318,0,,,,
3,Chr3_19178436.0,19178436,0.001330595,0,,,,
1,Chr1_29184673.0,29184673,0.001330955,0,,,,
3,Chr3_14799207.0,14799207,0.001331802,0,,,,
2,Chr2_19491184.0,19491184,0.001332068,0,,,,
1,Chr1_17694548.0,17694548,0.00133226,0,,,,
3,Chr3_20566368.0,20566368,0.001332588,1,AT3G55480,AT3G55480,AT3G55480,0.0
3,Chr3_20566378.0,20566378,0.001332588,1,AT3G55480,AT3G55480,AT3G55480,0.0
2,Chr2_16846269.0,16846269,0.001332739,0,,,,
3,Chr3_21131224.0,21131224,0.001334268,0,,,,
1,Chr1_3252089.0,3252089,0.00133508,0,,,,
3,Chr3_8231104.0,8231104,0.001336595,0,,,,
3,Chr3_9550318.0,9550318,0.001337598,0,,,,
4,Chr4_17504001.0,17504001,0.001337964,0,,,,
4,Chr4_4052114.0,4052114,0.001338369,0,,,,
2,Chr2_10271419.0,10271419,0.001338862,0,,,,
1,Chr1_3892083.0,3892083,0.001339955,0,,,,
1,Chr1_3894472.0,3894472,0.001339955,1,AT1G11590,AT1G11590,AT1G11590,0.0
3,Chr3_5580957.0,5580957,0.001339978,0,,,,
3,Chr3_18029591.0,18029591,0.001340128,0,,,,
4,Chr4_4289467.0,4289467,0.00134032,0,,,,
5,Chr5_20637952.0,20637952,0.001341,1,AT5G50740,AT5G50740,AT5G50740,0.0
5,Chr5_14645505.0,14645505,0.001341247,0,,,,
4,Chr4_2029263.0,2029263,0.001341248,0,,,,
4,Chr4_7904357.0,7904357,0.001341963,0,,,,
2,Chr2_7182705.0,7182705,0.001342187,0,,,,
3,Chr3_16493644.0,16493644,0.001343258,1,AT3G45090,AT3G45090,AT3G45090,0.0
2,Chr2_15997267.0,15997267,0.001343634,1,AT2G38180,AT2G38180,AT2G38180,0.0
4,Chr4_2856508.0,2856508,0.001343657,0,,,,
4,Chr4_11024384.0,11024384,0.001343665,1,AT4G20450,AT4G20450,AT4G20450,0.0
2,Chr2_18798286.0,18798286,0.001343996,0,,,,
2,Chr2_18798494.0,18798494,0.001343996,0,,,,
1,Chr1_3176744.0,3176744,0.001344909,1,AT1G09795,AT1G09795,AT1G09795,0.0
1,Chr1_3180994.0,3180994,0.001344909,1,AT1G09810,AT1G09810,AT1G09810,0.0
1,Chr1_15915888.0,15915888,0.001345077,0,,,,
3,Chr3_13159075.0,13159075,0.001345381,0,,,,
1,Chr1_5576527.0,5576527,0.001345514,1,AT1G16300,AT1G16300,AT1G16300,0.0
2,Chr2_11382532.0,11382532,0.001345597,1,AT2G26710,AT2G26710,AT2G26710,0.0
4,Chr4_16882305.0,16882305,0.001345905,1,AT4G35560,AT4G35560,AT4G35560,0.0
2,Chr2_11556564.0,11556564,0.00134616,1,AT2G27070,AT2G27070,AT2G27070,0.0
3,Chr3_22514158.0,22514158,0.001346488,0,,,,
2,Chr2_4590890.0,4590890,0.00134693,0,,,,
5,Chr5_18206031.0,18206031,0.001347028,0,,,,
5,Chr5_2201732.0,2201732,0.001347565,1,AT5G07080,AT5G07080,AT5G07080,0.0
5,Chr5_2201942.0,2201942,0.001347565,1,AT5G07080,AT5G07080,AT5G07080,0.0
5,Chr5_2202067.0,2202067,0.001347565,1,AT5G07080,AT5G07080,AT5G07080,0.0
5,Chr5_2202291.0,2202291,0.001347565,0,,,,
5,Chr5_2202393.0,2202393,0.001347565,1,AT5G07090,AT5G07090,AT5G07090,0.0
1,Chr1_9023188.0,9023188,0.001347678,1,AT1G26100,AT1G26100,AT1G26100,0.0
1,Chr1_9023190.0,9023190,0.001347678,1,AT1G26100,AT1G26100,AT1G26100,0.0
5,Chr5_26369782.0,26369782,0.001347721,0,,,,
1,Chr1_13306698.0,13306698,0.001348257,0,,,,
4,Chr4_3031890.0,3031890,0.001348456,0,,,,
3,Chr3_19589324.0,19589324,0.001349123,1,AT3G52850,AT3G52850,AT3G52850,0.0
2,Chr2_4592152.0,4592152,0.001349139,0,,,,
3,Chr3_20966540.0,20966540,0.001349517,1,AT3G56590,AT3G56590,AT3G56590,0.0
1,Chr1_3186520.0,3186520,0.001350252,0,,,,
1,Chr1_12051524.0,12051524,0.00135034,1,AT1G33240,AT1G33240,AT1G33240,0.0
3,Chr3_8197719.0,8197719,0.001350493,0,,,,
4,Chr4_1774595.0,1774595,0.001351242,0,,,,
1,Chr1_2352866.0,2352866,0.00135143,0,,,,
1,Chr1_3764724.0,3764724,0.001351608,0,,,,
3,Chr3_7710127.0,7710127,0.00135263,0,,,,
3,Chr3_12090064.0,12090064,0.001352832,0,,,,
5,Chr5_12319397.0,12319397,0.001352852,0,,,,
5,Chr5_10734454.0,10734454,0.001353529,0,,,,
2,Chr2_15324420.0,15324420,0.001353881,0,,,,
4,Chr4_5473615.0,5473615,0.00135393,0,,,,
3,Chr3_19201396.0,19201396,0.001354226,1,AT3G51770,AT3G51770,AT3G51770,0.0
3,Chr3_19202460.0,19202460,0.001354226,1,AT3G51770,AT3G51770,AT3G51770,0.0
3,Chr3_12169157.0,12169157,0.001354252,0,,,,
1,Chr1_11857265.0,11857265,0.001354767,0,,,,
4,Chr4_2234449.0,2234449,0.001355721,1,AT4G04490,AT4G04490,AT4G04490,0.0
2,Chr2_1461308.0,1461308,0.001356077,0,,,,
1,Chr1_14031357.0,14031357,0.001356224,0,,,,
4,Chr4_6206205.0,6206205,0.001356948,0,,,,
4,Chr4_6206254.0,6206254,0.001356948,0,,,,
1,Chr1_4328510.0,4328510,0.001356995,0,,,,
5,Chr5_10616606.0,10616606,0.001357334,0,,,,
5,Chr5_10629195.0,10629195,0.001357334,0,,,,
1,Chr1_3286760.0,3286760,0.001357341,1,AT1G10060,AT1G10060,AT1G10060,0.0
1,Chr1_3286813.0,3286813,0.001357341,1,AT1G10060,AT1G10060,AT1G10060,0.0
1,Chr1_3286883.0,3286883,0.001357341,1,AT1G10060,AT1G10060,AT1G10060,0.0
5,Chr5_13610993.0,13610993,0.001358497,0,,,,
4,Chr4_5623342.0,5623342,0.001359495,0,,,,
1,Chr1_3249334.0,3249334,0.001359507,0,,,,
1,Chr1_3249336.0,3249336,0.001359507,0,,,,
5,Chr5_10729889.0,10729889,0.001359991,0,,,,
5,Chr5_11507924.0,11507924,0.001360219,0,,,,
1,Chr1_5778478.0,5778478,0.001360322,1,AT1G16890,AT1G16890,AT1G16890,0.0
2,Chr2_11564317.0,11564317,0.001360468,1,AT2G27080,AT2G27080,AT2G27080,0.0
1,Chr1_3892965.0,3892965,0.001360888,1,AT1G11590,AT1G11590,AT1G11590,0.0
3,Chr3_18981194.0,18981194,0.001361025,1,AT3G51100,AT3G51100,AT3G51100,0.0
3,Chr3_18981206.0,18981206,0.001361025,1,AT3G51100,AT3G51100,AT3G51100,0.0
3,Chr3_18981225.0,18981225,0.001361025,1,AT3G51100,AT3G51100,AT3G51100,0.0
3,Chr3_11562090.0,11562090,0.001361072,0,,,,
3,Chr3_17418843.0,17418843,0.001362111,0,,,,
2,Chr2_11755696.0,11755696,0.001362213,0,,,,
3,Chr3_9331156.0,9331156,0.001362344,0,,,,
5,Chr5_24122207.0,24122207,0.001362727,0,,,,
4,Chr4_15017472.0,15017472,0.001362748,0,,,,
3,Chr3_12415104.0,12415104,0.001363054,0,,,,
4,Chr4_3541529.0,3541529,0.001363123,0,,,,
4,Chr4_3541751.0,3541751,0.001363123,0,,,,
4,Chr4_3542846.0,3542846,0.001363123,0,,,,
4,Chr4_3543940.0,3543940,0.001363123,0,,,,
4,Chr4_3544623.0,3544623,0.001363123,0,,,,
3,Chr3_3216297.0,3216297,0.001363748,0,,,,
1,Chr1_19567318.0,19567318,0.001364047,1,AT1G52520,AT1G52520,AT1G52520,0.0
5,Chr5_12576138.0,12576138,0.001364166,0,,,,
5,Chr5_26267034.0,26267034,0.001364246,1,AT5G65690,AT5G65690,AT5G65690,0.0
4,Chr4_1228179.0,1228179,0.001364284,1,AT4G02760,AT4G02760,AT4G02760,0.0
4,Chr4_17299716.0,17299716,0.001364435,1,AT4G36700,AT4G36700,AT4G36700,0.0
5,Chr5_9882156.0,9882156,0.001365335,0,,,,
3,Chr3_3209351.0,3209351,0.001365536,1,AT3G10350,AT3G10350,AT3G10350,0.0
3,Chr3_3210760.0,3210760,0.001365536,1,AT3G10350,AT3G10350,AT3G10350,0.0
3,Chr3_3211291.0,3211291,0.001365536,2,AT3G10350;AT3G10360,AT3G10350,AT3G10350,0.0
5,Chr5_22772822.0,22772822,0.00136589,1,AT5G56250,AT5G56250,AT5G56250,0.0
4,Chr4_6105522.0,6105522,0.001366215,1,AT4G09660,AT4G09660,AT4G09660,0.0
1,Chr1_2161834.0,2161834,0.001366409,1,AT1G07040,AT1G07040,AT1G07040,0.0
4,Chr4_4207563.0,4207563,0.001366489,0,,,,
1,Chr1_16161678.0,16161678,0.001366627,0,,,,
2,Chr2_288397.0,288397,0.001367276,0,,,,
2,Chr2_289032.0,289032,0.001367276,0,,,,
3,Chr3_20659293.0,20659293,0.001367543,1,AT3G55670,AT3G55670,AT3G55670,0.0
4,Chr4_11872467.0,11872467,0.001368231,0,,,,
4,Chr4_6488697.0,6488697,0.001368956,0,,,,
2,Chr2_16061217.0,16061217,0.00136904,0,,,,
1,Chr1_202536.0,202536,0.001369626,1,AT1G01560,AT1G01560,AT1G01560,0.0
1,Chr1_10726298.0,10726298,0.001370938,0,,,,
1,Chr1_21219541.0,21219541,0.001371035,0,,,,
2,Chr2_19542119.0,19542119,0.00137107,0,,,,
2,Chr2_19542533.0,19542533,0.00137107,0,,,,
2,Chr2_19543176.0,19543176,0.00137107,0,,,,
2,Chr2_19543599.0,19543599,0.00137107,0,,,,
3,Chr3_8847934.0,8847934,0.001371109,0,,,,
5,Chr5_21871500.0,21871500,0.001371483,0,,,,
4,Chr4_8835357.0,8835357,0.001371553,0,,,,
4,Chr4_8835764.0,8835764,0.001371553,1,AT4G15440,AT4G15440,AT4G15440,0.0
5,Chr5_19225096.0,19225096,0.001371848,0,,,,
4,Chr4_3823932.0,3823932,0.001372014,0,,,,
4,Chr4_8933722.0,8933722,0.001372214,0,,,,
5,Chr5_26479791.0,26479791,0.00137275,0,,,,
2,Chr2_5477362.0,5477362,0.001372815,0,,,,
3,Chr3_17894244.0,17894244,0.001373015,0,,,,
3,Chr3_17895513.0,17895513,0.001373015,0,,,,
1,Chr1_10161097.0,10161097,0.001373351,0,,,,
1,Chr1_4892089.0,4892089,0.001373466,1,AT1G14330,AT1G14330,AT1G14330,0.0
5,Chr5_4984175.0,4984175,0.001373719,0,,,,
1,Chr1_16048139.0,16048139,0.001374636,0,,,,
4,Chr4_17677984.0,17677984,0.001374666,0,,,,
4,Chr4_14887189.0,14887189,0.001374742,0,,,,
1,Chr1_14224003.0,14224003,0.001375133,0,,,,
1,Chr1_11125134.0,11125134,0.001375322,0,,,,
1,Chr1_11127182.0,11127182,0.001375322,0,,,,
1,Chr1_11127266.0,11127266,0.001375322,0,,,,
4,Chr4_3470072.0,3470072,0.00137583,0,,,,
2,Chr2_10331198.0,10331198,0.001375836,0,,,,
2,Chr2_5712093.0,5712093,0.00137594,0,,,,
3,Chr3_15211980.0,15211980,0.00137598,1,AT3G43240,AT3G43240,AT3G43240,0.0
5,Chr5_10762268.0,10762268,0.001377131,0,,,,
5,Chr5_10762487.0,10762487,0.001377131,0,,,,
3,Chr3_131543.0,131543,0.001377197,0,,,,
1,Chr1_15079940.0,15079940,0.001377437,0,,,,
1,Chr1_15080045.0,15080045,0.001377437,0,,,,
1,Chr1_8267506.0,8267506,0.001377701,0,,,,
5,Chr5_22535517.0,22535517,0.00137829,0,,,,
3,Chr3_11326003.0,11326003,0.001378445,0,,,,
1,Chr1_3249816.0,3249816,0.001378819,0,,,,
2,Chr2_13899605.0,13899605,0.001378962,1,AT2G32780,AT2G32780,AT2G32780,0.0
5,Chr5_1319663.0,1319663,0.00137898,1,AT5G04590,AT5G04590,AT5G04590,0.0
1,Chr1_12188731.0,12188731,0.001379148,0,,,,
1,Chr1_2394790.0,2394790,0.001379432,0,,,,
3,Chr3_15954764.0,15954764,0.00137979,0,,,,
3,Chr3_16491669.0,16491669,0.001380541,1,AT3G45090,AT3G45090,AT3G45090,0.0
3,Chr3_16491771.0,16491771,0.001380541,1,AT3G45090,AT3G45090,AT3G45090,0.0
3,Chr3_16491780.0,16491780,0.001380541,1,AT3G45090,AT3G45090,AT3G45090,0.0
3,Chr3_16491905.0,16491905,0.001380541,1,AT3G45090,AT3G45090,AT3G45090,0.0
3,Chr3_16492211.0,16492211,0.001380541,1,AT3G45090,AT3G45090,AT3G45090,0.0
3,Chr3_16492709.0,16492709,0.001380541,1,AT3G45090,AT3G45090,AT3G45090,0.0
3,Chr3_16492712.0,16492712,0.001380541,1,AT3G45090,AT3G45090,AT3G45090,0.0
3,Chr3_16492770.0,16492770,0.001380541,1,AT3G45090,AT3G45090,AT3G45090,0.0
3,Chr3_16493139.0,16493139,0.001380541,1,AT3G45090,AT3G45090,AT3G45090,0.0
3,Chr3_16493163.0,16493163,0.001380541,1,AT3G45090,AT3G45090,AT3G45090,0.0
3,Chr3_16493459.0,16493459,0.001380541,1,AT3G45090,AT3G45090,AT3G45090,0.0
3,Chr3_16493936.0,16493936,0.001380541,1,AT3G45090,AT3G45090,AT3G45090,0.0
3,Chr3_16493948.0,16493948,0.001380541,1,AT3G45090,AT3G45090,AT3G45090,0.0
3,Chr3_12186059.0,12186059,0.001380567,0,,,,
2,Chr2_18262686.0,18262686,0.001380754,1,AT2G44160,AT2G44160,AT2G44160,0.0
2,Chr2_316574.0,316574,0.001380877,1,AT2G01710,AT2G01710,AT2G01710,0.0
1,Chr1_24156696.0,24156696,0.001382174,0,,,,
5,Chr5_11510377.0,11510377,0.001382217,0,,,,
5,Chr5_11510383.0,11510383,0.001382217,0,,,,
5,Chr5_11510797.0,11510797,0.001382217,0,,,,
5,Chr5_11511169.0,11511169,0.001382217,0,,,,
5,Chr5_11511346.0,11511346,0.001382217,0,,,,
5,Chr5_11511421.0,11511421,0.001382217,0,,,,
5,Chr5_11511904.0,11511904,0.001382217,0,,,,
5,Chr5_11512062.0,11512062,0.001382217,0,,,,
5,Chr5_11512766.0,11512766,0.001382217,0,,,,
5,Chr5_4173618.0,4173618,0.00138249,1,AT5G13150,AT5G13150,AT5G13150,0.0
1,Chr1_21739737.0,21739737,0.001382723,0,,,,
5,Chr5_8617237.0,8617237,0.001382992,0,,,,
1,Chr1_26702322.0,26702322,0.001383095,1,AT1G70790,AT1G70790,AT1G70790,0.0
1,Chr1_26704938.0,26704938,0.001383095,1,AT1G70810,AT1G70810,AT1G70810,0.0
1,Chr1_26706121.0,26706121,0.001383095,1,AT1G70820,AT1G70820,AT1G70820,0.0
1,Chr1_26707396.0,26707396,0.001383095,1,AT1G70820,AT1G70820,AT1G70820,0.0
4,Chr4_6093959.0,6093959,0.001383432,0,,,,
1,Chr1_23755443.0,23755443,0.001383588,0,,,,
4,Chr4_5952150.0,5952150,0.001384664,0,,,,
2,Chr2_4049617.0,4049617,0.00138487,0,,,,
1,Chr1_225884.0,225884,0.001385001,1,AT1G01620,AT1G01620,AT1G01620,0.0
1,Chr1_7289704.0,7289704,0.001385999,1,AT1G20920,AT1G20920,AT1G20920,0.0
2,Chr2_5112044.0,5112044,0.001386767,0,,,,
4,Chr4_7998011.0,7998011,0.001387182,1,AT4G13780,AT4G13780,AT4G13780,0.0
2,Chr2_19082737.0,19082737,0.001387329,1,AT2G46494,AT2G46494,AT2G46494,0.0
2,Chr2_1210983.0,1210983,0.001387426,0,,,,
1,Chr1_4081570.0,4081570,0.001387645,0,,,,
1,Chr1_16569915.0,16569915,0.001387727,0,,,,
1,Chr1_3628460.0,3628460,0.001388282,1,AT1G10890,AT1G10890,AT1G10890,0.0
2,Chr2_6953859.0,6953859,0.001388429,0,,,,
5,Chr5_2345834.0,2345834,0.001388626,1,AT5G07410,AT5G07410,AT5G07410,0.0
1,Chr1_29288982.0,29288982,0.001388791,0,,,,
5,Chr5_25950174.0,25950174,0.001388872,1,AT5G64940,AT5G64940,AT5G64940,0.0
5,Chr5_25950297.0,25950297,0.001388872,1,AT5G64940,AT5G64940,AT5G64940,0.0
5,Chr5_25963112.0,25963112,0.001388872,1,AT5G64980,AT5G64980,AT5G64980,0.0
4,Chr4_3115622.0,3115622,0.001389298,0,,,,
1,Chr1_23138134.0,23138134,0.001389854,0,,,,
1,Chr1_23144218.0,23144218,0.001389854,0,,,,
4,Chr4_2195470.0,2195470,0.001389996,0,,,,
4,Chr4_3660799.0,3660799,0.001389996,0,,,,
4,Chr4_3670413.0,3670413,0.001389996,0,,,,
1,Chr1_4342065.0,4342065,0.001390003,0,,,,
2,Chr2_4618228.0,4618228,0.001390008,0,,,,
4,Chr4_5477939.0,5477939,0.001390143,0,,,,
1,Chr1_3003657.0,3003657,0.001390272,2,AT1G09290;AT1G09300,AT1G09290,AT1G09290,0.0
4,Chr4_7159119.0,7159119,0.001390281,1,AT4G11911,AT4G11911,AT4G11911,0.0
2,Chr2_19579967.0,19579967,0.001390658,1,AT2G47800,AT2G47800,AT2G47800,0.0
5,Chr5_14568237.0,14568237,0.001390872,1,AT5G36930,AT5G36930,AT5G36930,0.0
3,Chr3_6616480.0,6616480,0.001391496,1,AT3G19150,AT3G19150,AT3G19150,0.0
5,Chr5_11593615.0,11593615,0.001391657,0,,,,
2,Chr2_5437073.0,5437073,0.001391711,1,AT2G13150,AT2G13150,AT2G13150,0.0
3,Chr3_3571410.0,3571410,0.001392768,1,AT3G11390,AT3G11390,AT3G11390,0.0
5,Chr5_13719700.0,13719700,0.001392777,0,,,,
1,Chr1_14712976.0,14712976,0.001393486,0,,,,
1,Chr1_23649983.0,23649983,0.001393491,0,,,,
4,Chr4_2916039.0,2916039,0.001393753,0,,,,
5,Chr5_11801395.0,11801395,0.00139376,0,,,,
1,Chr1_12185647.0,12185647,0.001393952,0,,,,
1,Chr1_12185751.0,12185751,0.001393952,0,,,,
1,Chr1_12186185.0,12186185,0.001393952,0,,,,
1,Chr1_11122768.0,11122768,0.001394085,1,AT1G31160,AT1G31160,AT1G31160,0.0
5,Chr5_26412837.0,26412837,0.001394533,1,AT5G66050,AT5G66050,AT5G66050,0.0
4,Chr4_4252266.0,4252266,0.00139792,0,,,,
4,Chr4_4252277.0,4252277,0.00139792,0,,,,
1,Chr1_4372374.0,4372374,0.001398145,0,,,,
4,Chr4_14712759.0,14712759,0.001398333,0,,,,
1,Chr1_5236301.0,5236301,0.001398899,1,AT1G15210,AT1G15210,AT1G15210,0.0
2,Chr2_137888.0,137888,0.001399373,0,,,,
3,Chr3_12952931.0,12952931,0.001399758,0,,,,
4,Chr4_5029451.0,5029451,0.001400306,0,,,,
1,Chr1_19508235.0,19508235,0.001401616,1,AT1G52370,AT1G52370,AT1G52370,0.0
3,Chr3_7769504.0,7769504,0.001401941,1,AT3G22057,AT3G22057,AT3G22057,0.0
2,Chr2_3899625.0,3899625,0.001402131,0,,,,
5,Chr5_13859297.0,13859297,0.001402175,0,,,,
4,Chr4_721963.0,721963,0.001402347,0,,,,
3,Chr3_19163110.0,19163110,0.001402491,0,,,,
4,Chr4_823650.0,823650,0.001402595,0,,,,
1,Chr1_27749608.0,27749608,0.001403081,0,,,,
1,Chr1_27749612.0,27749612,0.001403081,0,,,,
1,Chr1_8324399.0,8324399,0.001403824,0,,,,
4,Chr4_17524018.0,17524018,0.00140395,0,,,,
4,Chr4_17524121.0,17524121,0.00140395,0,,,,
4,Chr4_17524127.0,17524127,0.00140395,0,,,,
4,Chr4_17524128.0,17524128,0.00140395,0,,,,
4,Chr4_17524147.0,17524147,0.00140395,0,,,,
4,Chr4_17524156.0,17524156,0.00140395,0,,,,
3,Chr3_9595624.0,9595624,0.001404111,0,,,,
5,Chr5_12974709.0,12974709,0.001404212,0,,,,
1,Chr1_15662701.0,15662701,0.001404305,0,,,,
3,Chr3_8082123.0,8082123,0.00140439,0,,,,
4,Chr4_1564052.0,1564052,0.00140454,1,AT4G03520,AT4G03520,AT4G03520,0.0
2,Chr2_5582163.0,5582163,0.00140468,0,,,,
4,Chr4_5933850.0,5933850,0.001404729,0,,,,
3,Chr3_18593579.0,18593579,0.001405428,1,AT3G50140,AT3G50140,AT3G50140,0.0
2,Chr2_7478278.0,7478278,0.001405959,1,AT2G17190,AT2G17190,AT2G17190,0.0
2,Chr2_19581779.0,19581779,0.001405986,0,,,,
3,Chr3_16786346.0,16786346,0.001406531,1,AT3G45720,AT3G45720,AT3G45720,0.0
1,Chr1_12219186.0,12219186,0.001406635,0,,,,
3,Chr3_11886598.0,11886598,0.001406742,0,,,,
3,Chr3_11886638.0,11886638,0.001406742,0,,,,
3,Chr3_8424509.0,8424509,0.001406967,1,AT3G23490,AT3G23490,AT3G23490,0.0
3,Chr3_8424532.0,8424532,0.001406967,1,AT3G23490,AT3G23490,AT3G23490,0.0
1,Chr1_613873.0,613873,0.001408601,1,AT1G02800,AT1G02800,AT1G02800,0.0
5,Chr5_26272942.0,26272942,0.001408761,0,,,,
5,Chr5_26273010.0,26273010,0.001408761,0,,,,
5,Chr5_26273024.0,26273024,0.001408761,0,,,,
5,Chr5_26273084.0,26273084,0.001408761,0,,,,
4,Chr4_4012615.0,4012615,0.001409177,0,,,,
3,Chr3_4579528.0,4579528,0.001410035,0,,,,
4,Chr4_2875893.0,2875893,0.001410308,0,,,,
1,Chr1_1977126.0,1977126,0.001410494,0,,,,
2,Chr2_5472354.0,5472354,0.001411599,0,,,,
2,Chr2_5472655.0,5472655,0.001411599,0,,,,
1,Chr1_16607635.0,16607635,0.001411923,0,,,,
1,Chr1_245788.0,245788,0.00141195,1,AT1G01670,AT1G01670,AT1G01670,0.0
3,Chr3_15048474.0,15048474,0.001412045,0,,,,
2,Chr2_11176276.0,11176276,0.001412243,0,,,,
4,Chr4_4704811.0,4704811,0.001412321,0,,,,
3,Chr3_15880082.0,15880082,0.001412344,0,,,,
4,Chr4_3782069.0,3782069,0.001412408,0,,,,
3,Chr3_7709946.0,7709946,0.001412461,0,,,,
3,Chr3_7709980.0,7709980,0.001412461,0,,,,
3,Chr3_7709997.0,7709997,0.001412461,0,,,,
5,Chr5_9731655.0,9731655,0.001413089,1,AT5G27560,AT5G27560,AT5G27560,0.0
1,Chr1_2313080.0,2313080,0.001413204,0,,,,
1,Chr1_2315936.0,2315936,0.001413204,1,AT1G07530,AT1G07530,AT1G07530,0.0
2,Chr2_5918553.0,5918553,0.001413437,0,,,,
2,Chr2_5919449.0,5919449,0.001413437,0,,,,
2,Chr2_12239383.0,12239383,0.001413519,0,,,,
5,Chr5_23036651.0,23036651,0.001413542,0,,,,
5,Chr5_2090567.0,2090567,0.001414127,0,,,,
1,Chr1_26768916.0,26768916,0.001414341,0,,,,
4,Chr4_14712166.0,14712166,0.001414628,0,,,,
5,Chr5_13397377.0,13397377,0.001414804,0,,,,
3,Chr3_12372623.0,12372623,0.0014149,0,,,,
5,Chr5_7260853.0,7260853,0.001415475,0,,,,
2,Chr2_1466779.0,1466779,0.001415967,0,,,,
3,Chr3_15597493.0,15597493,0.001416174,0,,,,
3,Chr3_15597502.0,15597502,0.001416174,0,,,,
3,Chr3_15597525.0,15597525,0.001416174,0,,,,
1,Chr1_2715552.0,2715552,0.001416337,1,AT1G08580,AT1G08580,AT1G08580,0.0
1,Chr1_2729114.0,2729114,0.001416337,1,AT1G08600,AT1G08600,AT1G08600,0.0
1,Chr1_2740267.0,2740267,0.001416337,1,AT1G08620,AT1G08620,AT1G08620,0.0
1,Chr1_2749562.0,2749562,0.001416337,1,AT1G08640,AT1G08640,AT1G08640,0.0
1,Chr1_2754090.0,2754090,0.001416337,0,,,,
1,Chr1_2755046.0,2755046,0.001416337,0,,,,
3,Chr3_17912624.0,17912624,0.001416466,0,,,,
3,Chr3_15972676.0,15972676,0.001416721,0,,,,
3,Chr3_3182017.0,3182017,0.001416902,0,,,,
2,Chr2_5182883.0,5182883,0.001417544,0,,,,
5,Chr5_588035.0,588035,0.001417772,1,AT5G02610,AT5G02610,AT5G02610,0.0
5,Chr5_11592426.0,11592426,0.001418261,0,,,,
3,Chr3_15428524.0,15428524,0.00141876,0,,,,
2,Chr2_6084336.0,6084336,0.001418782,0,,,,
5,Chr5_20098299.0,20098299,0.001419224,0,,,,
3,Chr3_12188414.0,12188414,0.00141926,0,,,,
2,Chr2_11393663.0,11393663,0.001419521,1,AT2G26740,AT2G26740,AT2G26740,0.0
2,Chr2_11394663.0,11394663,0.001419521,0,,,,
4,Chr4_5517058.0,5517058,0.001419771,0,,,,
1,Chr1_3133968.0,3133968,0.001420091,0,,,,
1,Chr1_3134643.0,3134643,0.001420091,1,AT1G09680,AT1G09680,AT1G09680,0.0
3,Chr3_9686651.0,9686651,0.001420276,1,AT3G26470,AT3G26470,AT3G26470,0.0
1,Chr1_12048031.0,12048031,0.001420743,1,AT1G33230,AT1G33230,AT1G33230,0.0
1,Chr1_18588585.0,18588585,0.001421021,1,AT1G50190,AT1G50190,AT1G50190,0.0
1,Chr1_18588587.0,18588587,0.001421021,1,AT1G50190,AT1G50190,AT1G50190,0.0
1,Chr1_2027503.0,2027503,0.001421748,0,,,,
1,Chr1_1968359.0,1968359,0.001421977,1,AT1G06460,AT1G06460,AT1G06460,0.0
3,Chr3_2670341.0,2670341,0.00142225,1,AT3G08790,AT3G08790,AT3G08790,0.0
3,Chr3_2675085.0,2675085,0.00142225,1,AT3G08800,AT3G08800,AT3G08800,0.0
3,Chr3_2675261.0,2675261,0.00142225,0,,,,
3,Chr3_3481069.0,3481069,0.001422617,1,AT3G11120,AT3G11120,AT3G11120,0.0
3,Chr3_3490351.0,3490351,0.001422617,1,AT3G11130,AT3G11130,AT3G11130,0.0
5,Chr5_2936497.0,2936497,0.001422652,0,,,,
3,Chr3_17885395.0,17885395,0.001423024,0,,,,
3,Chr3_17885796.0,17885796,0.001423024,1,AT3G48300,AT3G48300,AT3G48300,0.0
3,Chr3_17897260.0,17897260,0.001423024,0,,,,
3,Chr3_17897476.0,17897476,0.001423024,0,,,,
3,Chr3_17898268.0,17898268,0.001423024,1,AT3G48340,AT3G48340,AT3G48340,0.0
1,Chr1_16110888.0,16110888,0.001423539,0,,,,
5,Chr5_17667006.0,17667006,0.001423936,1,AT5G43900,AT5G43900,AT5G43900,0.0
5,Chr5_17667035.0,17667035,0.001423936,1,AT5G43900,AT5G43900,AT5G43900,0.0
1,Chr1_11557857.0,11557857,0.001423987,1,AT1G32120,AT1G32120,AT1G32120,0.0
5,Chr5_13613463.0,13613463,0.001424041,0,,,,
4,Chr4_9362317.0,9362317,0.001424724,1,AT4G16630,AT4G16630,AT4G16630,0.0
4,Chr4_4270170.0,4270170,0.001424775,0,,,,
2,Chr2_3657645.0,3657645,0.001425037,0,,,,
5,Chr5_9870234.0,9870234,0.001425288,0,,,,
3,Chr3_18543733.0,18543733,0.001426417,0,,,,
1,Chr1_2140635.0,2140635,0.001427514,1,AT1G06970,AT1G06970,AT1G06970,0.0
4,Chr4_17290027.0,17290027,0.001427775,0,,,,
4,Chr4_17391226.0,17391226,0.001428546,1,AT4G36910,AT4G36910,AT4G36910,0.0
4,Chr4_6217676.0,6217676,0.001428627,0,,,,
4,Chr4_13859640.0,13859640,0.001428713,1,AT4G27820,AT4G27820,AT4G27820,0.0
2,Chr2_4735992.0,4735992,0.00142875,0,,,,
1,Chr1_4275437.0,4275437,0.001428916,1,AT1G12550,AT1G12550,AT1G12550,0.0
3,Chr3_6739119.0,6739119,0.001429516,0,,,,
3,Chr3_6739120.0,6739120,0.001429516,0,,,,
1,Chr1_13455066.0,13455066,0.001430157,1,AT1G36060,AT1G36060,AT1G36060,0.0
4,Chr4_8306973.0,8306973,0.001430739,1,AT4G14440,AT4G14440,AT4G14440,0.0
2,Chr2_14911901.0,14911901,0.001431179,1,AT2G35480,AT2G35480,AT2G35480,0.0
2,Chr2_12659810.0,12659810,0.001431973,1,AT2G29605,AT2G29605,AT2G29605,0.0
2,Chr2_12660062.0,12660062,0.001431973,1,AT2G29605,AT2G29605,AT2G29605,0.0
1,Chr1_11311677.0,11311677,0.001432837,1,AT1G31580,AT1G31580,AT1G31580,0.0
2,Chr2_18397982.0,18397982,0.001433118,0,,,,
2,Chr2_4712970.0,4712970,0.001433185,0,,,,
2,Chr2_4713301.0,4713301,0.001433185,0,,,,
4,Chr4_5921075.0,5921075,0.001433931,0,,,,
4,Chr4_5923373.0,5923373,0.001433931,0,,,,
1,Chr1_26316184.0,26316184,0.001434768,1,AT1G69870,AT1G69870,AT1G69870,0.0
1,Chr1_26316226.0,26316226,0.001434768,1,AT1G69870,AT1G69870,AT1G69870,0.0
1,Chr1_26316228.0,26316228,0.001434768,1,AT1G69870,AT1G69870,AT1G69870,0.0
4,Chr4_7620470.0,7620470,0.001435532,1,AT4G13060,AT4G13060,AT4G13060,0.0
4,Chr4_7623270.0,7623270,0.001435532,1,AT4G13070,AT4G13070,AT4G13070,0.0
4,Chr4_90705.0,90705,0.001435943,1,AT4G00220,AT4G00220,AT4G00220,0.0
4,Chr4_90799.0,90799,0.001435943,1,AT4G00220,AT4G00220,AT4G00220,0.0
3,Chr3_9550179.0,9550179,0.001436063,0,,,,
3,Chr3_15941758.0,15941758,0.00143669,0,,,,
2,Chr2_660586.0,660586,0.001437094,0,,,,
1,Chr1_11280565.0,11280565,0.001437735,0,,,,
4,Chr4_11812890.0,11812890,0.001438109,1,AT4G22380,AT4G22380,AT4G22380,0.0
4,Chr4_11813011.0,11813011,0.001438109,0,,,,
2,Chr2_8366751.0,8366751,0.001438284,1,AT2G19290,AT2G19290,AT2G19290,0.0
4,Chr4_13223439.0,13223439,0.001438782,0,,,,
4,Chr4_9324771.0,9324771,0.001439619,1,AT4G16560,AT4G16560,AT4G16560,0.0
5,Chr5_22660469.0,22660469,0.001439791,0,,,,
5,Chr5_13592779.0,13592779,0.001439983,1,AT5G35375,AT5G35375,AT5G35375,0.0
3,Chr3_18495265.0,18495265,0.001441571,0,,,,
1,Chr1_21727137.0,21727137,0.001441972,1,AT1G58470,AT1G58470,AT1G58470,0.0
3,Chr3_6113066.0,6113066,0.001442187,1,AT3G17850,AT3G17850,AT3G17850,0.0
1,Chr1_27669320.0,27669320,0.001442882,1,AT1G73600,AT1G73600,AT1G73600,0.0
1,Chr1_12050299.0,12050299,0.001442961,0,,,,
1,Chr1_13114982.0,13114982,0.001443025,0,,,,
3,Chr3_10593372.0,10593372,0.001444075,0,,,,
3,Chr3_10593521.0,10593521,0.001444075,0,,,,
4,Chr4_4054946.0,4054946,0.001444623,0,,,,
4,Chr4_5916308.0,5916308,0.001444825,0,,,,
2,Chr2_256811.0,256811,0.001445768,1,AT2G01570,AT2G01570,AT2G01570,0.0
2,Chr2_256826.0,256826,0.001445768,1,AT2G01570,AT2G01570,AT2G01570,0.0
2,Chr2_670721.0,670721,0.001445988,0,,,,
5,Chr5_11823735.0,11823735,0.001446331,0,,,,
2,Chr2_12727555.0,12727555,0.001446393,0,,,,
2,Chr2_5081624.0,5081624,0.001446437,0,,,,
1,Chr1_13119614.0,13119614,0.001446588,0,,,,
5,Chr5_10780182.0,10780182,0.001446632,1,AT5G28730,AT5G28730,AT5G28730,0.0
3,Chr3_19651300.0,19651300,0.001446721,1,AT3G52990,AT3G52990,AT3G52990,0.0
3,Chr3_19651641.0,19651641,0.001446721,1,AT3G52990,AT3G52990,AT3G52990,0.0
3,Chr3_19652778.0,19652778,0.001446721,0,,,,
3,Chr3_14115576.0,14115576,0.001446728,0,,,,
2,Chr2_6856339.0,6856339,0.001447082,0,,,,
1,Chr1_13080073.0,13080073,0.001447141,1,AT1G35515,AT1G35515,AT1G35515,0.0
3,Chr3_18916781.0,18916781,0.001447172,1,AT3G50890,AT3G50890,AT3G50890,0.0
1,Chr1_3249679.0,3249679,0.001447554,0,,,,
1,Chr1_3249681.0,3249681,0.001447554,0,,,,
4,Chr4_17863821.0,17863821,0.001447828,1,AT4G38030,AT4G38030,AT4G38030,0.0
2,Chr2_6754232.0,6754232,0.001447913,0,,,,
4,Chr4_10011969.0,10011969,0.001448331,0,,,,
4,Chr4_1231719.0,1231719,0.00144888,0,,,,
5,Chr5_326307.0,326307,0.001449082,0,,,,
1,Chr1_18923959.0,18923959,0.001449687,0,,,,
1,Chr1_11122993.0,11122993,0.001449719,1,AT1G31160,AT1G31160,AT1G31160,0.0
3,Chr3_12044143.0,12044143,0.001450086,0,,,,
4,Chr4_10520274.0,10520274,0.001450825,0,,,,
4,Chr4_6140511.0,6140511,0.001450992,0,,,,
3,Chr3_7599717.0,7599717,0.001451219,0,,,,
2,Chr2_6939974.0,6939974,0.001451681,0,,,,
2,Chr2_6940978.0,6940978,0.001451681,0,,,,
4,Chr4_5933331.0,5933331,0.00145192,0,,,,
2,Chr2_11433423.0,11433423,0.00145197,0,,,,
2,Chr2_15707889.0,15707889,0.001452913,0,,,,
2,Chr2_15708023.0,15708023,0.001452913,0,,,,
5,Chr5_25999073.0,25999073,0.001453236,1,AT5G65080,AT5G65080,AT5G65080,0.0
5,Chr5_17351607.0,17351607,0.001453339,1,AT5G43230,AT5G43230,AT5G43230,0.0
5,Chr5_17352176.0,17352176,0.001453339,1,AT5G43230,AT5G43230,AT5G43230,0.0
3,Chr3_15406454.0,15406454,0.001453534,1,AT3G43520,AT3G43520,AT3G43520,0.0
3,Chr3_15406602.0,15406602,0.001453534,1,AT3G43520,AT3G43520,AT3G43520,0.0
3,Chr3_15466107.0,15466107,0.001453695,0,,,,
3,Chr3_2704168.0,2704168,0.001454221,1,AT3G08880,AT3G08880,AT3G08880,0.0
3,Chr3_2705910.0,2705910,0.001454221,0,,,,
3,Chr3_2710412.0,2710412,0.001454221,1,AT3G08910,AT3G08910,AT3G08910,0.0
1,Chr1_26256803.0,26256803,0.001454783,0,,,,
1,Chr1_26257348.0,26257348,0.001454783,0,,,,
2,Chr2_9824945.0,9824945,0.001455158,1,AT2G23070,AT2G23070,AT2G23070,0.0
2,Chr2_19302368.0,19302368,0.001455238,1,AT2G46980,AT2G46980,AT2G46980,0.0
4,Chr4_2009848.0,2009848,0.001455251,0,,,,
4,Chr4_2010142.0,2010142,0.001455251,0,,,,
1,Chr1_3891057.0,3891057,0.001455547,0,,,,
1,Chr1_4738613.0,4738613,0.001455933,0,,,,
5,Chr5_7481178.0,7481178,0.001456293,1,AT5G22530,AT5G22530,AT5G22530,0.0
4,Chr4_2508560.0,2508560,0.001456821,0,,,,
1,Chr1_15590668.0,15590668,0.001457023,0,,,,
5,Chr5_10740735.0,10740735,0.001457246,0,,,,
3,Chr3_12849353.0,12849353,0.001457505,0,,,,
4,Chr4_9349330.0,9349330,0.001457561,0,,,,
3,Chr3_12196906.0,12196906,0.001458926,0,,,,
2,Chr2_7471975.0,7471975,0.001459205,0,,,,
4,Chr4_13092497.0,13092497,0.001459419,0,,,,
5,Chr5_109700.0,109700,0.001459729,1,AT5G01270,AT5G01270,AT5G01270,0.0
5,Chr5_109941.0,109941,0.001459729,1,AT5G01270,AT5G01270,AT5G01270,0.0
4,Chr4_9513925.0,9513925,0.00146022,1,AT4G16900,AT4G16900,AT4G16900,0.0
4,Chr4_9514944.0,9514944,0.00146022,1,AT4G16900,AT4G16900,AT4G16900,0.0
4,Chr4_9515601.0,9515601,0.00146022,1,AT4G16900,AT4G16900,AT4G16900,0.0
4,Chr4_9515805.0,9515805,0.00146022,1,AT4G16900,AT4G16900,AT4G16900,0.0
5,Chr5_6619552.0,6619552,0.001461116,1,AT5G19610,AT5G19610,AT5G19610,0.0
2,Chr2_3985029.0,3985029,0.00146124,0,,,,
4,Chr4_17482827.0,17482827,0.001461631,0,,,,
4,Chr4_17482861.0,17482861,0.001461631,0,,,,
4,Chr4_10351965.0,10351965,0.001461674,0,,,,
5,Chr5_2505381.0,2505381,0.001462941,1,AT5G07830,AT5G07830,AT5G07830,0.0
4,Chr4_9893526.0,9893526,0.001463057,0,,,,
3,Chr3_18519839.0,18519839,0.001463226,0,,,,
5,Chr5_581319.0,581319,0.001463624,0,,,,
3,Chr3_19587898.0,19587898,0.001463629,1,AT3G52850,AT3G52850,AT3G52850,0.0
1,Chr1_4340006.0,4340006,0.001463742,0,,,,
2,Chr2_10330855.0,10330855,0.001464174,0,,,,
4,Chr4_16090185.0,16090185,0.001464417,1,AT4G33430,AT4G33430,AT4G33430,0.0
4,Chr4_16091337.0,16091337,0.001464417,0,,,,
4,Chr4_2005065.0,2005065,0.001464608,0,,,,
4,Chr4_2005584.0,2005584,0.001464608,0,,,,
5,Chr5_21076274.0,21076274,0.00146476,0,,,,
5,Chr5_21076466.0,21076466,0.00146476,0,,,,
5,Chr5_21076473.0,21076473,0.00146476,0,,,,
5,Chr5_21076545.0,21076545,0.00146476,0,,,,
5,Chr5_21076619.0,21076619,0.00146476,0,,,,
5,Chr5_21077309.0,21077309,0.00146476,1,AT5G51845,AT5G51845,AT5G51845,0.0
5,Chr5_21077538.0,21077538,0.00146476,0,,,,
5,Chr5_21077706.0,21077706,0.00146476,0,,,,
5,Chr5_21077719.0,21077719,0.00146476,0,,,,
2,Chr2_7882994.0,7882994,0.001464845,1,AT2G18130,AT2G18130,AT2G18130,0.0
1,Chr1_4332718.0,4332718,0.001465543,0,,,,
3,Chr3_15693834.0,15693834,0.001465976,0,,,,
3,Chr3_15694258.0,15694258,0.001465976,0,,,,
5,Chr5_18147809.0,18147809,0.001466042,0,,,,
5,Chr5_13376659.0,13376659,0.001466473,0,,,,
5,Chr5_13377816.0,13377816,0.001466473,0,,,,
5,Chr5_13378210.0,13378210,0.001466473,0,,,,
5,Chr5_13378211.0,13378211,0.001466473,0,,,,
5,Chr5_7621717.0,7621717,0.001466524,1,AT5G22810,AT5G22810,AT5G22810,0.0
1,Chr1_4290013.0,4290013,0.001466693,1,AT1G12610,AT1G12610,AT1G12610,0.0
1,Chr1_4290313.0,4290313,0.001466693,1,AT1G12610,AT1G12610,AT1G12610,0.0
4,Chr4_6011528.0,6011528,0.00146681,0,,,,
3,Chr3_15804015.0,15804015,0.001467233,0,,,,
3,Chr3_16493177.0,16493177,0.001467375,1,AT3G45090,AT3G45090,AT3G45090,0.0
5,Chr5_25854268.0,25854268,0.001467731,1,AT5G64680,AT5G64680,AT5G64680,0.0
3,Chr3_3556857.0,3556857,0.001467842,1,AT3G11340,AT3G11340,AT3G11340,0.0
2,Chr2_5073596.0,5073596,0.001468447,0,,,,
3,Chr3_12242526.0,12242526,0.00146868,0,,,,
1,Chr1_28664990.0,28664990,0.001468832,0,,,,
2,Chr2_4763474.0,4763474,0.001468905,0,,,,
3,Chr3_16300298.0,16300298,0.001468986,0,,,,
1,Chr1_28891038.0,28891038,0.001469693,0,,,,
1,Chr1_28892043.0,28892043,0.001469693,0,,,,
2,Chr2_5310072.0,5310072,0.00147073,0,,,,
5,Chr5_10239072.0,10239072,0.001471352,1,AT5G28262,AT5G28262,AT5G28262,0.0
5,Chr5_10239132.0,10239132,0.001471352,1,AT5G28262,AT5G28262,AT5G28262,0.0
2,Chr2_11087921.0,11087921,0.001471823,1,AT2G26010,AT2G26010,AT2G26010,0.0
1,Chr1_3889005.0,3889005,0.001472618,1,AT1G11580,AT1G11580,AT1G11580,0.0
1,Chr1_3889096.0,3889096,0.001472618,1,AT1G11580,AT1G11580,AT1G11580,0.0
3,Chr3_3171230.0,3171230,0.001472936,1,AT3G10260,AT3G10260,AT3G10260,0.0
3,Chr3_3171244.0,3171244,0.001472936,1,AT3G10260,AT3G10260,AT3G10260,0.0
2,Chr2_1382759.0,1382759,0.001473038,0,,,,
2,Chr2_1384786.0,1384786,0.001473038,0,,,,
2,Chr2_13293217.0,13293217,0.001473396,1,AT2G31190,AT2G31190,AT2G31190,0.0
4,Chr4_14736258.0,14736258,0.001473423,1,AT4G30130,AT4G30130,AT4G30130,0.0
4,Chr4_14740319.0,14740319,0.001473423,1,AT4G30140,AT4G30140,AT4G30140,0.0
2,Chr2_11556786.0,11556786,0.001474118,1,AT2G27070,AT2G27070,AT2G27070,0.0
3,Chr3_11901455.0,11901455,0.001474892,0,,,,
1,Chr1_18363189.0,18363189,0.001475112,1,AT1G49610,AT1G49610,AT1G49610,0.0
1,Chr1_17312715.0,17312715,0.001475229,0,,,,
4,Chr4_3847038.0,3847038,0.001475499,0,,,,
1,Chr1_28481145.0,28481145,0.001476368,1,AT1G75850,AT1G75850,AT1G75850,0.0
1,Chr1_28483466.0,28483466,0.001476368,1,AT1G75850,AT1G75850,AT1G75850,0.0
1,Chr1_3764778.0,3764778,0.001476491,0,,,,
3,Chr3_10950364.0,10950364,0.001477207,0,,,,
1,Chr1_3423791.0,3423791,0.001477951,0,,,,
4,Chr4_17294299.0,17294299,0.001478099,1,AT4G36690,AT4G36690,AT4G36690,0.0
1,Chr1_3440307.0,3440307,0.001478706,1,AT1G10460,AT1G10460,AT1G10460,0.0
4,Chr4_5145494.0,5145494,0.001478991,0,,,,
2,Chr2_5551376.0,5551376,0.00147919,1,AT2G13370,AT2G13370,AT2G13370,0.0
5,Chr5_13715485.0,13715485,0.001479645,0,,,,
5,Chr5_13716357.0,13716357,0.001479645,0,,,,
5,Chr5_13716595.0,13716595,0.001479645,0,,,,
1,Chr1_240290.0,240290,0.00148044,1,AT1G01660,AT1G01660,AT1G01660,0.0
1,Chr1_241299.0,241299,0.00148044,1,AT1G01660,AT1G01660,AT1G01660,0.0
1,Chr1_241723.0,241723,0.00148044,1,AT1G01660,AT1G01660,AT1G01660,0.0
1,Chr1_241968.0,241968,0.00148044,1,AT1G01660,AT1G01660,AT1G01660,0.0
1,Chr1_241992.0,241992,0.00148044,1,AT1G01660,AT1G01660,AT1G01660,0.0
1,Chr1_242160.0,242160,0.00148044,1,AT1G01660,AT1G01660,AT1G01660,0.0
1,Chr1_242197.0,242197,0.00148044,1,AT1G01660,AT1G01660,AT1G01660,0.0
1,Chr1_242395.0,242395,0.00148044,1,AT1G01660,AT1G01660,AT1G01660,0.0
1,Chr1_242437.0,242437,0.00148044,1,AT1G01660,AT1G01660,AT1G01660,0.0
1,Chr1_242438.0,242438,0.00148044,1,AT1G01660,AT1G01660,AT1G01660,0.0
1,Chr1_243173.0,243173,0.00148044,1,AT1G01670,AT1G01670,AT1G01670,0.0
1,Chr1_243221.0,243221,0.00148044,1,AT1G01670,AT1G01670,AT1G01670,0.0
1,Chr1_243233.0,243233,0.00148044,1,AT1G01670,AT1G01670,AT1G01670,0.0
1,Chr1_243303.0,243303,0.00148044,1,AT1G01670,AT1G01670,AT1G01670,0.0
1,Chr1_243322.0,243322,0.00148044,1,AT1G01670,AT1G01670,AT1G01670,0.0
1,Chr1_243373.0,243373,0.00148044,1,AT1G01670,AT1G01670,AT1G01670,0.0
1,Chr1_243470.0,243470,0.00148044,1,AT1G01670,AT1G01670,AT1G01670,0.0
1,Chr1_243574.0,243574,0.00148044,1,AT1G01670,AT1G01670,AT1G01670,0.0
1,Chr1_243619.0,243619,0.00148044,1,AT1G01670,AT1G01670,AT1G01670,0.0
1,Chr1_243666.0,243666,0.00148044,1,AT1G01670,AT1G01670,AT1G01670,0.0
1,Chr1_245038.0,245038,0.00148044,1,AT1G01670,AT1G01670,AT1G01670,0.0
1,Chr1_245416.0,245416,0.00148044,1,AT1G01670,AT1G01670,AT1G01670,0.0
1,Chr1_245419.0,245419,0.00148044,1,AT1G01670,AT1G01670,AT1G01670,0.0
1,Chr1_245432.0,245432,0.00148044,1,AT1G01670,AT1G01670,AT1G01670,0.0
1,Chr1_245484.0,245484,0.00148044,1,AT1G01670,AT1G01670,AT1G01670,0.0
1,Chr1_245783.0,245783,0.00148044,1,AT1G01670,AT1G01670,AT1G01670,0.0
1,Chr1_245801.0,245801,0.00148044,1,AT1G01670,AT1G01670,AT1G01670,0.0
1,Chr1_245804.0,245804,0.00148044,1,AT1G01670,AT1G01670,AT1G01670,0.0
1,Chr1_245820.0,245820,0.00148044,1,AT1G01670,AT1G01670,AT1G01670,0.0
1,Chr1_245957.0,245957,0.00148044,1,AT1G01670,AT1G01670,AT1G01670,0.0
1,Chr1_245959.0,245959,0.00148044,1,AT1G01670,AT1G01670,AT1G01670,0.0
1,Chr1_246084.0,246084,0.00148044,0,,,,
1,Chr1_246087.0,246087,0.00148044,0,,,,
1,Chr1_246110.0,246110,0.00148044,0,,,,
1,Chr1_246174.0,246174,0.00148044,0,,,,
1,Chr1_246294.0,246294,0.00148044,0,,,,
4,Chr4_15259253.0,15259253,0.001480858,0,,,,
4,Chr4_18501965.0,18501965,0.001480972,1,AT4G39870,AT4G39870,AT4G39870,0.0
1,Chr1_1170308.0,1170308,0.001481477,0,,,,
5,Chr5_26416239.0,26416239,0.001481535,1,AT5G66052,AT5G66052,AT5G66052,0.0
3,Chr3_13885275.0,13885275,0.001481931,0,,,,
3,Chr3_13885625.0,13885625,0.001481931,0,,,,
3,Chr3_13885696.0,13885696,0.001481931,0,,,,
1,Chr1_14582808.0,14582808,0.001481957,0,,,,
1,Chr1_19443867.0,19443867,0.001482061,0,,,,
1,Chr1_29041672.0,29041672,0.001482585,1,AT1G77300,AT1G77300,AT1G77300,0.0
1,Chr1_5787256.0,5787256,0.001483807,0,,,,
5,Chr5_8293371.0,8293371,0.001483826,0,,,,
3,Chr3_14836162.0,14836162,0.001484016,0,,,,
5,Chr5_7486778.0,7486778,0.001484309,0,,,,
1,Chr1_11123627.0,11123627,0.001484919,1,AT1G31160,AT1G31160,AT1G31160,0.0
5,Chr5_3190172.0,3190172,0.001485018,1,AT5G10170,AT5G10170,AT5G10170,0.0
5,Chr5_3191296.0,3191296,0.001485018,0,,,,
5,Chr5_3192020.0,3192020,0.001485018,0,,,,
5,Chr5_3192386.0,3192386,0.001485018,0,,,,
1,Chr1_12139628.0,12139628,0.00148533,0,,,,
1,Chr1_28494614.0,28494614,0.00148549,1,AT1G75890,AT1G75890,AT1G75890,0.0
1,Chr1_17290590.0,17290590,0.001486308,0,,,,
4,Chr4_4668004.0,4668004,0.00148717,0,,,,
4,Chr4_4668129.0,4668129,0.00148717,0,,,,
2,Chr2_2185715.0,2185715,0.001488079,0,,,,
5,Chr5_11593976.0,11593976,0.001488152,0,,,,
3,Chr3_15562979.0,15562979,0.001489157,0,,,,
1,Chr1_3343089.0,3343089,0.001489333,0,,,,
5,Chr5_19500281.0,19500281,0.001489476,0,,,,
2,Chr2_1890846.0,1890846,0.001489581,0,,,,
5,Chr5_771421.0,771421,0.001489834,0,,,,
3,Chr3_3057706.0,3057706,0.001491153,1,AT3G09940,AT3G09940,AT3G09940,0.0
3,Chr3_3057963.0,3057963,0.001491153,1,AT3G09940,AT3G09940,AT3G09940,0.0
3,Chr3_3058116.0,3058116,0.001491153,1,AT3G09940,AT3G09940,AT3G09940,0.0
5,Chr5_10738709.0,10738709,0.001491328,0,,,,
2,Chr2_5395132.0,5395132,0.001491585,0,,,,
5,Chr5_282711.0,282711,0.001491618,0,,,,
5,Chr5_282712.0,282712,0.001491618,0,,,,
2,Chr2_1258898.0,1258898,0.001492159,0,,,,
1,Chr1_26309802.0,26309802,0.001492213,1,AT1G69860,AT1G69860,AT1G69860,0.0
1,Chr1_29363671.0,29363671,0.001492262,0,,,,
4,Chr4_6102675.0,6102675,0.001492303,0,,,,
3,Chr3_1283081.0,1283081,0.001492571,0,,,,
1,Chr1_11311478.0,11311478,0.001494815,1,AT1G31580,AT1G31580,AT1G31580,0.0
2,Chr2_5625018.0,5625018,0.001495063,0,,,,
2,Chr2_11765144.0,11765144,0.001495946,0,,,,
4,Chr4_4809427.0,4809427,0.001496054,0,,,,
4,Chr4_14517403.0,14517403,0.001496084,0,,,,
2,Chr2_15729551.0,15729551,0.001496362,0,,,,
1,Chr1_17594096.0,17594096,0.001496903,0,,,,
1,Chr1_19261018.0,19261018,0.001497518,1,AT1G51860,AT1G51860,AT1G51860,0.0
1,Chr1_19270114.0,19270114,0.001497518,0,,,,
2,Chr2_4553751.0,4553751,0.001497529,0,,,,
5,Chr5_26249948.0,26249948,0.001497633,0,,,,
2,Chr2_5400993.0,5400993,0.001497868,0,,,,
4,Chr4_11803659.0,11803659,0.00149815,0,,,,
5,Chr5_12711423.0,12711423,0.001498913,0,,,,
2,Chr2_15996799.0,15996799,0.00149943,0,,,,
5,Chr5_8409658.0,8409658,0.001499995,0,,,,
2,Chr2_4609112.0,4609112,0.001500398,0,,,,
4,Chr4_6165753.0,6165753,0.001500559,0,,,,
2,Chr2_19300141.0,19300141,0.001501038,1,AT2G46980,AT2G46980,AT2G46980,0.0
2,Chr2_19300217.0,19300217,0.001501038,1,AT2G46980,AT2G46980,AT2G46980,0.0
2,Chr2_19300239.0,19300239,0.001501038,1,AT2G46980,AT2G46980,AT2G46980,0.0
2,Chr2_19300241.0,19300241,0.001501038,1,AT2G46980,AT2G46980,AT2G46980,0.0
2,Chr2_19300281.0,19300281,0.001501038,1,AT2G46980,AT2G46980,AT2G46980,0.0
2,Chr2_19300288.0,19300288,0.001501038,1,AT2G46980,AT2G46980,AT2G46980,0.0
2,Chr2_19300360.0,19300360,0.001501038,1,AT2G46980,AT2G46980,AT2G46980,0.0
2,Chr2_19300443.0,19300443,0.001501038,1,AT2G46980,AT2G46980,AT2G46980,0.0
2,Chr2_19300490.0,19300490,0.001501038,1,AT2G46980,AT2G46980,AT2G46980,0.0
2,Chr2_19300507.0,19300507,0.001501038,1,AT2G46980,AT2G46980,AT2G46980,0.0
2,Chr2_19300513.0,19300513,0.001501038,1,AT2G46980,AT2G46980,AT2G46980,0.0
4,Chr4_4705238.0,4705238,0.001501055,0,,,,
1,Chr1_28434457.0,28434457,0.0015011,0,,,,
1,Chr1_28435489.0,28435489,0.0015011,1,AT1G75720,AT1G75720,AT1G75720,0.0
1,Chr1_28435535.0,28435535,0.0015011,0,,,,
4,Chr4_17679349.0,17679349,0.001501233,1,AT4G37630,AT4G37630,AT4G37630,0.0
4,Chr4_17679363.0,17679363,0.001501233,1,AT4G37630,AT4G37630,AT4G37630,0.0
2,Chr2_7353213.0,7353213,0.001501527,0,,,,
3,Chr3_15952648.0,15952648,0.001501838,1,AT3G44260,AT3G44260,AT3G44260,0.0
3,Chr3_3156562.0,3156562,0.001502206,1,AT3G10195,AT3G10195,AT3G10195,0.0
4,Chr4_2972431.0,2972431,0.001502506,0,,,,
5,Chr5_566541.0,566541,0.00150263,0,,,,
5,Chr5_26334497.0,26334497,0.001503133,0,,,,
1,Chr1_28567350.0,28567350,0.001503142,0,,,,
1,Chr1_21312321.0,21312321,0.001504357,0,,,,
1,Chr1_21313615.0,21313615,0.001504357,0,,,,
1,Chr1_10644604.0,10644604,0.00150536,1,AT1G30240,AT1G30240,AT1G30240,0.0
1,Chr1_3889462.0,3889462,0.00150615,1,AT1G11580,AT1G11580,AT1G11580,0.0
2,Chr2_5348368.0,5348368,0.001506439,0,,,,
1,Chr1_12408359.0,12408359,0.001506905,0,,,,
3,Chr3_22214725.0,22214725,0.001506958,0,,,,
2,Chr2_6015252.0,6015252,0.001508104,0,,,,
5,Chr5_13712723.0,13712723,0.001508242,0,,,,
1,Chr1_21207393.0,21207393,0.001508559,0,,,,
1,Chr1_3558671.0,3558671,0.001509119,1,AT1G10710,AT1G10710,AT1G10710,0.0
1,Chr1_3560176.0,3560176,0.001509119,1,AT1G10710,AT1G10710,AT1G10710,0.0
2,Chr2_4053709.0,4053709,0.001509149,0,,,,
5,Chr5_26584715.0,26584715,0.001509323,0,,,,
3,Chr3_7693345.0,7693345,0.00151005,0,,,,
3,Chr3_15152229.0,15152229,0.001510919,0,,,,
1,Chr1_4192795.0,4192795,0.001511279,0,,,,
2,Chr2_1384329.0,1384329,0.001511506,0,,,,
2,Chr2_5424089.0,5424089,0.001511717,0,,,,
2,Chr2_5426629.0,5426629,0.001511717,0,,,,
2,Chr2_5429346.0,5429346,0.001511717,0,,,,
2,Chr2_5432629.0,5432629,0.001511717,0,,,,
3,Chr3_6423426.0,6423426,0.001512032,0,,,,
1,Chr1_13715062.0,13715062,0.001512533,0,,,,
3,Chr3_15367844.0,15367844,0.001513267,1,AT3G43440,AT3G43440,AT3G43440,0.0
3,Chr3_15367846.0,15367846,0.001513267,1,AT3G43440,AT3G43440,AT3G43440,0.0
2,Chr2_5073656.0,5073656,0.001513446,0,,,,
2,Chr2_5074915.0,5074915,0.001513446,0,,,,
2,Chr2_7477419.0,7477419,0.001513586,1,AT2G17180,AT2G17180,AT2G17180,0.0
2,Chr2_7477462.0,7477462,0.001513586,1,AT2G17180,AT2G17180,AT2G17180,0.0
3,Chr3_13870903.0,13870903,0.001514654,0,,,,
3,Chr3_20316535.0,20316535,0.001515352,0,,,,
5,Chr5_8353232.0,8353232,0.001515471,1,AT5G24450,AT5G24450,AT5G24450,0.0
5,Chr5_8354214.0,8354214,0.001515471,0,,,,
4,Chr4_5942922.0,5942922,0.001515746,1,AT4G09360,AT4G09360,AT4G09360,0.0
2,Chr2_10331158.0,10331158,0.001515873,0,,,,
2,Chr2_240359.0,240359,0.001516014,1,AT2G01530,AT2G01530,AT2G01530,0.0
1,Chr1_12225734.0,12225734,0.001517007,0,,,,
1,Chr1_5236289.0,5236289,0.001517327,1,AT1G15210,AT1G15210,AT1G15210,0.0
1,Chr1_5236295.0,5236295,0.001517327,1,AT1G15210,AT1G15210,AT1G15210,0.0
1,Chr1_5236346.0,5236346,0.001517327,1,AT1G15210,AT1G15210,AT1G15210,0.0
3,Chr3_12107216.0,12107216,0.001517516,0,,,,
4,Chr4_4712902.0,4712902,0.001517718,0,,,,
4,Chr4_6103065.0,6103065,0.001517834,0,,,,
4,Chr4_4056945.0,4056945,0.001518435,0,,,,
4,Chr4_18371182.0,18371182,0.001518706,1,AT4G39520,AT4G39520,AT4G39520,0.0
1,Chr1_5784759.0,5784759,0.001518986,0,,,,
5,Chr5_20966470.0,20966470,0.001519137,1,AT5G51610,AT5G51610,AT5G51610,0.0
5,Chr5_10799686.0,10799686,0.001519405,0,,,,
5,Chr5_10800321.0,10800321,0.001519405,0,,,,
1,Chr1_13146303.0,13146303,0.001519553,0,,,,
2,Chr2_5630282.0,5630282,0.001519906,1,AT2G13510,AT2G13510,AT2G13510,0.0
1,Chr1_2812375.0,2812375,0.00151997,1,AT1G08790,AT1G08790,AT1G08790,0.0
1,Chr1_2812399.0,2812399,0.00151997,1,AT1G08790,AT1G08790,AT1G08790,0.0
5,Chr5_10677583.0,10677583,0.001520069,0,,,,
4,Chr4_4642222.0,4642222,0.00152099,0,,,,
4,Chr4_5018735.0,5018735,0.001521927,0,,,,
3,Chr3_4634200.0,4634200,0.00152209,0,,,,
2,Chr2_6230012.0,6230012,0.001522213,0,,,,
2,Chr2_11557087.0,11557087,0.001522496,1,AT2G27070,AT2G27070,AT2G27070,0.0
2,Chr2_11557235.0,11557235,0.001522496,1,AT2G27070,AT2G27070,AT2G27070,0.0
5,Chr5_19762306.0,19762306,0.001522689,0,,,,
4,Chr4_6469281.0,6469281,0.001522849,0,,,,
2,Chr2_5831402.0,5831402,0.001524701,0,,,,
2,Chr2_463698.0,463698,0.001525573,0,,,,
3,Chr3_4932052.0,4932052,0.0015258,0,,,,
4,Chr4_3793313.0,3793313,0.001526287,0,,,,
3,Chr3_7943745.0,7943745,0.001526991,0,,,,
4,Chr4_17857881.0,17857881,0.001527039,0,,,,
2,Chr2_9773780.0,9773780,0.001527463,0,,,,
1,Chr1_23645857.0,23645857,0.001528297,1,AT1G63740,AT1G63740,AT1G63740,0.0
1,Chr1_23645877.0,23645877,0.001528297,1,AT1G63740,AT1G63740,AT1G63740,0.0
1,Chr1_23645880.0,23645880,0.001528297,1,AT1G63740,AT1G63740,AT1G63740,0.0
1,Chr1_23645983.0,23645983,0.001528297,1,AT1G63740,AT1G63740,AT1G63740,0.0
1,Chr1_23646075.0,23646075,0.001528297,1,AT1G63740,AT1G63740,AT1G63740,0.0
1,Chr1_23647110.0,23647110,0.001528297,1,AT1G63740,AT1G63740,AT1G63740,0.0
3,Chr3_15539789.0,15539789,0.00152885,0,,,,
1,Chr1_15994182.0,15994182,0.001529738,0,,,,
3,Chr3_12798890.0,12798890,0.001529989,0,,,,
3,Chr3_20661178.0,20661178,0.00153001,1,AT3G55672,AT3G55672,AT3G55672,0.0
4,Chr4_18497823.0,18497823,0.00153021,0,,,,
4,Chr4_8060352.0,8060352,0.001530529,0,,,,
1,Chr1_15987909.0,15987909,0.001531026,0,,,,
1,Chr1_28693402.0,28693402,0.001531439,1,AT1G76480,AT1G76480,AT1G76480,0.0
3,Chr3_3571281.0,3571281,0.001532025,1,AT3G11390,AT3G11390,AT3G11390,0.0
3,Chr3_20948167.0,20948167,0.001532135,0,,,,
5,Chr5_11220195.0,11220195,0.001532177,0,,,,
4,Chr4_9892993.0,9892993,0.001532203,0,,,,
5,Chr5_20121353.0,20121353,0.001532359,0,,,,
2,Chr2_1466387.0,1466387,0.001533291,0,,,,
1,Chr1_19500949.0,19500949,0.001533508,1,AT1G52360,AT1G52360,AT1G52360,0.0
2,Chr2_3968154.0,3968154,0.001535028,0,,,,
2,Chr2_3968172.0,3968172,0.001535028,0,,,,
3,Chr3_15958227.0,15958227,0.001535102,0,,,,
1,Chr1_23712272.0,23712272,0.001535432,0,,,,
3,Chr3_15627814.0,15627814,0.001535619,0,,,,
3,Chr3_15628010.0,15628010,0.001535619,0,,,,
3,Chr3_12747022.0,12747022,0.001536149,0,,,,
2,Chr2_11240741.0,11240741,0.001536174,1,AT2G26420,AT2G26420,AT2G26420,0.0
2,Chr2_11240808.0,11240808,0.001536174,1,AT2G26420,AT2G26420,AT2G26420,0.0
5,Chr5_13379490.0,13379490,0.001536763,0,,,,
1,Chr1_5573244.0,5573244,0.001536807,1,AT1G16290,AT1G16290,AT1G16290,0.0
5,Chr5_12439775.0,12439775,0.00153792,0,,,,
3,Chr3_10340597.0,10340597,0.001537983,0,,,,
2,Chr2_19027123.0,19027123,0.001537992,1,AT2G46340,AT2G46340,AT2G46340,0.0
5,Chr5_2494588.0,2494588,0.00153811,1,AT5G07810,AT5G07810,AT5G07810,0.0
3,Chr3_5548967.0,5548967,0.001538118,1,AT3G16350,AT3G16350,AT3G16350,0.0
4,Chr4_4245349.0,4245349,0.00153831,0,,,,
1,Chr1_29100006.0,29100006,0.001538864,1,AT1G77450,AT1G77450,AT1G77450,0.0
5,Chr5_22644913.0,22644913,0.00153919,0,,,,
4,Chr4_18005753.0,18005753,0.001539734,1,AT4G38480,AT4G38480,AT4G38480,0.0
4,Chr4_17648099.0,17648099,0.001540399,2,AT4G37553;AT4G37560,AT4G37553,AT4G37553,0.0
3,Chr3_8357853.0,8357853,0.00154326,1,AT3G23370,AT3G23370,AT3G23370,0.0
5,Chr5_10701760.0,10701760,0.001543282,0,,,,
5,Chr5_13565353.0,13565353,0.001543512,0,,,,
4,Chr4_8856483.0,8856483,0.001544547,0,,,,
4,Chr4_8856900.0,8856900,0.001544547,0,,,,
4,Chr4_8863858.0,8863858,0.001544547,1,AT4G15520,AT4G15520,AT4G15520,0.0
4,Chr4_8865016.0,8865016,0.001544547,1,AT4G15530,AT4G15530,AT4G15530,0.0
1,Chr1_28918097.0,28918097,0.001544797,1,AT1G76954,AT1G76954,AT1G76954,0.0
3,Chr3_8421718.0,8421718,0.001544812,1,AT3G23480,AT3G23480,AT3G23480,0.0
2,Chr2_19569390.0,19569390,0.001545537,1,AT2G47770,AT2G47770,AT2G47770,0.0
3,Chr3_15206155.0,15206155,0.001545677,0,,,,
1,Chr1_10159762.0,10159762,0.001545849,0,,,,
5,Chr5_2003394.0,2003394,0.001546307,1,AT5G06560,AT5G06560,AT5G06560,0.0
1,Chr1_12218845.0,12218845,0.001546825,0,,,,
5,Chr5_13314906.0,13314906,0.001546948,0,,,,
4,Chr4_10203104.0,10203104,0.001547601,1,AT4G18480,AT4G18480,AT4G18480,0.0
1,Chr1_16636789.0,16636789,0.00154824,0,,,,
4,Chr4_5236522.0,5236522,0.001548243,0,,,,
3,Chr3_13970800.0,13970800,0.001548351,0,,,,
4,Chr4_1968251.0,1968251,0.00154879,0,,,,
4,Chr4_1972620.0,1972620,0.00154879,1,AT4G04110,AT4G04110,AT4G04110,0.0
3,Chr3_20566283.0,20566283,0.001549009,2,AT3G55470;AT3G55480,AT3G55470,AT3G55470,0.0
3,Chr3_8231975.0,8231975,0.001549172,0,,,,
1,Chr1_21743880.0,21743880,0.001550688,1,AT1G58590,AT1G58590,AT1G58590,0.0
3,Chr3_18005361.0,18005361,0.001550938,0,,,,
4,Chr4_18340230.0,18340230,0.001551112,1,AT4G39420,AT4G39420,AT4G39420,0.0
4,Chr4_18351233.0,18351233,0.001551112,1,AT4G39420,AT4G39420,AT4G39420,0.0
1,Chr1_6323738.0,6323738,0.001551161,1,AT1G18370,AT1G18370,AT1G18370,0.0
1,Chr1_2325347.0,2325347,0.001551417,1,AT1G07550,AT1G07550,AT1G07550,0.0
4,Chr4_1183460.0,1183460,0.001551963,1,AT4G02680,AT4G02680,AT4G02680,0.0
4,Chr4_1183615.0,1183615,0.001551963,1,AT4G02680,AT4G02680,AT4G02680,0.0
3,Chr3_1463597.0,1463597,0.00155204,0,,,,
5,Chr5_25788765.0,25788765,0.00155231,1,AT5G64520,AT5G64520,AT5G64520,0.0
3,Chr3_16828536.0,16828536,0.001552472,0,,,,
5,Chr5_20682840.0,20682840,0.001552634,0,,,,
3,Chr3_18515274.0,18515274,0.001552921,1,AT3G49940,AT3G49940,AT3G49940,0.0
4,Chr4_6382476.0,6382476,0.001553489,0,,,,
3,Chr3_9580885.0,9580885,0.001553619,0,,,,
5,Chr5_26335507.0,26335507,0.001553689,0,,,,
4,Chr4_601916.0,601916,0.001553816,0,,,,
4,Chr4_7768067.0,7768067,0.001553827,1,AT4G13345,AT4G13345,AT4G13345,0.0
5,Chr5_24189436.0,24189436,0.001554403,1,AT5G60060,AT5G60060,AT5G60060,0.0
5,Chr5_26273244.0,26273244,0.001554727,1,AT5G65685,AT5G65685,AT5G65685,0.0
3,Chr3_15920032.0,15920032,0.001554785,0,,,,
1,Chr1_25033875.0,25033875,0.00155489,0,,,,
5,Chr5_12574098.0,12574098,0.001555535,0,,,,
5,Chr5_12574143.0,12574143,0.001555535,0,,,,
2,Chr2_7403545.0,7403545,0.001555961,1,AT2G17033,AT2G17033,AT2G17033,0.0
5,Chr5_2495894.0,2495894,0.001556039,1,AT5G07810,AT5G07810,AT5G07810,0.0
3,Chr3_12792664.0,12792664,0.001556219,0,,,,
2,Chr2_6936700.0,6936700,0.001556722,0,,,,
3,Chr3_15596979.0,15596979,0.001556812,0,,,,
1,Chr1_29909954.0,29909954,0.001556893,1,AT1G79510,AT1G79510,AT1G79510,0.0
2,Chr2_6957361.0,6957361,0.001556906,0,,,,
1,Chr1_11311394.0,11311394,0.001557643,1,AT1G31580,AT1G31580,AT1G31580,0.0
3,Chr3_15625004.0,15625004,0.001558029,0,,,,
2,Chr2_6961795.0,6961795,0.001558056,0,,,,
3,Chr3_14739481.0,14739481,0.001558135,0,,,,
2,Chr2_16527658.0,16527658,0.001558377,0,,,,
2,Chr2_16527836.0,16527836,0.001558377,1,AT2G39650,AT2G39650,AT2G39650,0.0
4,Chr4_5932580.0,5932580,0.001560022,0,,,,
4,Chr4_5932631.0,5932631,0.001560022,0,,,,
4,Chr4_6247743.0,6247743,0.001560487,2,AT4G09970;AT4G09980,AT4G09970,AT4G09970,0.0
5,Chr5_12719063.0,12719063,0.00156071,0,,,,
4,Chr4_2003997.0,2003997,0.001561069,0,,,,
2,Chr2_19505337.0,19505337,0.0015613,0,,,,
5,Chr5_2202240.0,2202240,0.001561821,0,,,,
4,Chr4_10123656.0,10123656,0.001562234,0,,,,
1,Chr1_11123371.0,11123371,0.001562484,1,AT1G31160,AT1G31160,AT1G31160,0.0
2,Chr2_8641704.0,8641704,0.001563008,0,,,,
4,Chr4_3478972.0,3478972,0.001564135,0,,,,
5,Chr5_13719746.0,13719746,0.001564439,0,,,,
1,Chr1_3372242.0,3372242,0.001564525,1,AT1G10290,AT1G10290,AT1G10290,0.0
4,Chr4_11737944.0,11737944,0.001564561,0,,,,
4,Chr4_11738060.0,11738060,0.001564561,0,,,,
4,Chr4_11738133.0,11738133,0.001564561,0,,,,
4,Chr4_3618175.0,3618175,0.00156511,0,,,,
2,Chr2_19570458.0,19570458,0.00156639,1,AT2G47780,AT2G47780,AT2G47780,0.0
2,Chr2_11240547.0,11240547,0.001566583,1,AT2G26420,AT2G26420,AT2G26420,0.0
4,Chr4_4711832.0,4711832,0.001566795,0,,,,
4,Chr4_4711893.0,4711893,0.001566795,0,,,,
2,Chr2_6953088.0,6953088,0.00156823,0,,,,
5,Chr5_21077451.0,21077451,0.001568291,1,AT5G51845,AT5G51845,AT5G51845,0.0
5,Chr5_20166070.0,20166070,0.001568479,0,,,,
3,Chr3_12952227.0,12952227,0.001569006,1,AT3G31950,AT3G31950,AT3G31950,0.0
5,Chr5_9761203.0,9761203,0.001570084,0,,,,
5,Chr5_25969865.0,25969865,0.001570206,1,AT5G65010,AT5G65010,AT5G65010,0.0
5,Chr5_25971028.0,25971028,0.001570206,1,AT5G65010,AT5G65010,AT5G65010,0.0
1,Chr1_26244712.0,26244712,0.001570272,0,,,,
3,Chr3_13530780.0,13530780,0.001570499,0,,,,
3,Chr3_13533904.0,13533904,0.001570499,0,,,,
3,Chr3_13557283.0,13557283,0.001570499,0,,,,
3,Chr3_13558204.0,13558204,0.001570499,0,,,,
3,Chr3_13558229.0,13558229,0.001570499,0,,,,
3,Chr3_13559240.0,13559240,0.001570499,0,,,,
3,Chr3_13559837.0,13559837,0.001570499,0,,,,
3,Chr3_13559940.0,13559940,0.001570499,0,,,,
3,Chr3_13560576.0,13560576,0.001570499,0,,,,
3,Chr3_13571466.0,13571466,0.001570499,0,,,,
3,Chr3_13571957.0,13571957,0.001570499,0,,,,
3,Chr3_13575193.0,13575193,0.001570499,0,,,,
3,Chr3_13575339.0,13575339,0.001570499,0,,,,
1,Chr1_5378733.0,5378733,0.001571433,0,,,,
2,Chr2_5692620.0,5692620,0.001571469,2,AT2G13660;AT2G13665,AT2G13660,AT2G13660,0.0
5,Chr5_13714369.0,13714369,0.001571517,0,,,,
2,Chr2_17774834.0,17774834,0.001571736,0,,,,
1,Chr1_4237085.0,4237085,0.001571883,1,AT1G12430,AT1G12430,AT1G12430,0.0
2,Chr2_19301984.0,19301984,0.001571947,1,AT2G46980,AT2G46980,AT2G46980,0.0
2,Chr2_19301987.0,19301987,0.001571947,1,AT2G46980,AT2G46980,AT2G46980,0.0
2,Chr2_19301993.0,19301993,0.001571947,1,AT2G46980,AT2G46980,AT2G46980,0.0
2,Chr2_19302039.0,19302039,0.001571947,1,AT2G46980,AT2G46980,AT2G46980,0.0
2,Chr2_19302130.0,19302130,0.001571947,1,AT2G46980,AT2G46980,AT2G46980,0.0
2,Chr2_19302131.0,19302131,0.001571947,1,AT2G46980,AT2G46980,AT2G46980,0.0
2,Chr2_19302142.0,19302142,0.001571947,1,AT2G46980,AT2G46980,AT2G46980,0.0
2,Chr2_19302152.0,19302152,0.001571947,1,AT2G46980,AT2G46980,AT2G46980,0.0
2,Chr2_19302154.0,19302154,0.001571947,1,AT2G46980,AT2G46980,AT2G46980,0.0
2,Chr2_19302156.0,19302156,0.001571947,1,AT2G46980,AT2G46980,AT2G46980,0.0
2,Chr2_19302157.0,19302157,0.001571947,1,AT2G46980,AT2G46980,AT2G46980,0.0
2,Chr2_19302171.0,19302171,0.001571947,1,AT2G46980,AT2G46980,AT2G46980,0.0
2,Chr2_19302177.0,19302177,0.001571947,1,AT2G46980,AT2G46980,AT2G46980,0.0
2,Chr2_19302182.0,19302182,0.001571947,1,AT2G46980,AT2G46980,AT2G46980,0.0
2,Chr2_19302190.0,19302190,0.001571947,1,AT2G46980,AT2G46980,AT2G46980,0.0
1,Chr1_18448820.0,18448820,0.001572066,0,,,,
5,Chr5_2194008.0,2194008,0.001572429,1,AT5G07060,AT5G07060,AT5G07060,0.0
5,Chr5_26606876.0,26606876,0.001572537,0,,,,
1,Chr1_24059964.0,24059964,0.001572546,0,,,,
1,Chr1_24084465.0,24084465,0.001572546,0,,,,
1,Chr1_24109588.0,24109588,0.001572546,1,AT1G64890,AT1G64890,AT1G64890,0.0
5,Chr5_10673957.0,10673957,0.001572757,0,,,,
1,Chr1_12185082.0,12185082,0.001573116,0,,,,
3,Chr3_2437729.0,2437729,0.001573291,1,AT3G07630,AT3G07630,AT3G07630,0.0
1,Chr1_17972932.0,17972932,0.001573512,1,AT1G48610,AT1G48610,AT1G48610,0.0
1,Chr1_17976211.0,17976211,0.001573512,1,AT1G48620,AT1G48620,AT1G48620,0.0
5,Chr5_6419313.0,6419313,0.001574014,0,,,,
5,Chr5_6419384.0,6419384,0.001574014,0,,,,
5,Chr5_6419683.0,6419683,0.001574014,0,,,,
5,Chr5_6419685.0,6419685,0.001574014,0,,,,
1,Chr1_18579509.0,18579509,0.001574432,0,,,,
1,Chr1_13119689.0,13119689,0.001574729,0,,,,
1,Chr1_22217064.0,22217064,0.001575248,0,,,,
3,Chr3_15119481.0,15119481,0.001575446,0,,,,
3,Chr3_17248961.0,17248961,0.001575631,0,,,,
3,Chr3_12883698.0,12883698,0.001575767,0,,,,
1,Chr1_11457480.0,11457480,0.001576402,1,AT1G31910,AT1G31910,AT1G31910,0.0
5,Chr5_8771349.0,8771349,0.001576505,0,,,,
3,Chr3_18700934.0,18700934,0.001576579,0,,,,
3,Chr3_18704144.0,18704144,0.001576579,0,,,,
4,Chr4_4704651.0,4704651,0.001576609,0,,,,
4,Chr4_4704652.0,4704652,0.001576609,0,,,,
4,Chr4_4704667.0,4704667,0.001576609,0,,,,
4,Chr4_4704696.0,4704696,0.001576609,0,,,,
4,Chr4_4704768.0,4704768,0.001576609,0,,,,
4,Chr4_4704775.0,4704775,0.001576609,0,,,,
1,Chr1_1104117.0,1104117,0.001577588,0,,,,
3,Chr3_15429468.0,15429468,0.001577692,0,,,,
3,Chr3_7785866.0,7785866,0.001577825,0,,,,
5,Chr5_15602145.0,15602145,0.001577852,0,,,,
2,Chr2_4035473.0,4035473,0.001578055,0,,,,
5,Chr5_9719470.0,9719470,0.001578552,1,AT5G27530,AT5G27530,AT5G27530,0.0
5,Chr5_8631039.0,8631039,0.00157857,0,,,,
3,Chr3_10979069.0,10979069,0.001578617,0,,,,
3,Chr3_4635233.0,4635233,0.001578928,0,,,,
1,Chr1_6786655.0,6786655,0.001579455,1,AT1G19630,AT1G19630,AT1G19630,0.0
2,Chr2_14894581.0,14894581,0.001579458,1,AT2G35384,AT2G35384,AT2G35384,0.0
3,Chr3_9595755.0,9595755,0.001579982,0,,,,
3,Chr3_12067112.0,12067112,0.001580232,0,,,,
3,Chr3_12067844.0,12067844,0.001580232,0,,,,
2,Chr2_1240108.0,1240108,0.001580235,0,,,,
4,Chr4_1113801.0,1113801,0.001580976,1,AT4G02530,AT4G02530,AT4G02530,0.0
2,Chr2_4634872.0,4634872,0.001581516,1,AT2G11570,AT2G11570,AT2G11570,0.0
2,Chr2_11557162.0,11557162,0.001583214,1,AT2G27070,AT2G27070,AT2G27070,0.0
5,Chr5_3970979.0,3970979,0.001583475,1,AT5G12270,AT5G12270,AT5G12270,0.0
2,Chr2_19491002.0,19491002,0.001583833,0,,,,
2,Chr2_19491116.0,19491116,0.001583833,0,,,,
4,Chr4_2724628.0,2724628,0.001583887,0,,,,
2,Chr2_1833400.0,1833400,0.001584,0,,,,
5,Chr5_2398710.0,2398710,0.00158422,0,,,,
3,Chr3_14263026.0,14263026,0.001584445,0,,,,
4,Chr4_8304824.0,8304824,0.001584723,1,AT4G14430,AT4G14430,AT4G14430,0.0
4,Chr4_8304846.0,8304846,0.001584723,1,AT4G14430,AT4G14430,AT4G14430,0.0
4,Chr4_8304897.0,8304897,0.001584723,1,AT4G14430,AT4G14430,AT4G14430,0.0
2,Chr2_9372195.0,9372195,0.0015849,0,,,,
1,Chr1_1183853.0,1183853,0.00158508,0,,,,
5,Chr5_22566840.0,22566840,0.001585432,0,,,,
5,Chr5_22567577.0,22567577,0.001585432,1,AT5G55760,AT5G55760,AT5G55760,0.0
5,Chr5_13404301.0,13404301,0.001585497,0,,,,
2,Chr2_11231536.0,11231536,0.001585668,0,,,,
4,Chr4_11850793.0,11850793,0.001587151,0,,,,
5,Chr5_25156596.0,25156596,0.001587242,1,AT5G62660,AT5G62660,AT5G62660,0.0
5,Chr5_10732569.0,10732569,0.001587274,0,,,,
5,Chr5_10732669.0,10732669,0.001587274,0,,,,
5,Chr5_10732741.0,10732741,0.001587274,0,,,,
3,Chr3_20964158.0,20964158,0.001588022,0,,,,
3,Chr3_15829789.0,15829789,0.001588174,0,,,,
3,Chr3_6623723.0,6623723,0.001588557,0,,,,
2,Chr2_5423265.0,5423265,0.001589904,0,,,,
2,Chr2_14226065.0,14226065,0.001589928,1,AT2G33590,AT2G33590,AT2G33590,0.0
3,Chr3_12678422.0,12678422,0.001590283,0,,,,
2,Chr2_17742042.0,17742042,0.001590422,0,,,,
3,Chr3_17966517.0,17966517,0.001590567,0,,,,
3,Chr3_8240133.0,8240133,0.00159089,0,,,,
1,Chr1_16633362.0,16633362,0.001591231,0,,,,
4,Chr4_9776397.0,9776397,0.001591429,1,AT4G17540,AT4G17540,AT4G17540,0.0
1,Chr1_28381409.0,28381409,0.00159179,0,,,,
2,Chr2_9291418.0,9291418,0.00159299,1,AT2G21780,AT2G21780,AT2G21780,0.0
3,Chr3_21134181.0,21134181,0.001593484,1,AT3G57100,AT3G57100,AT3G57100,0.0
1,Chr1_25337277.0,25337277,0.001593907,1,AT1G67600,AT1G67600,AT1G67600,0.0
1,Chr1_25338927.0,25338927,0.001593907,0,,,,
1,Chr1_25340103.0,25340103,0.001593907,0,,,,
1,Chr1_10524793.0,10524793,0.001594543,0,,,,
1,Chr1_2240023.0,2240023,0.001594583,1,AT1G07280,AT1G07280,AT1G07280,0.0
4,Chr4_17706373.0,17706373,0.001595463,0,,,,
4,Chr4_17706374.0,17706374,0.001595463,0,,,,
5,Chr5_19444593.0,19444593,0.001595526,1,AT5G48000,AT5G48000,AT5G48000,0.0
5,Chr5_19501725.0,19501725,0.001595526,1,AT5G48110,AT5G48110,AT5G48110,0.0
2,Chr2_9917545.0,9917545,0.00159616,1,AT2G23310,AT2G23310,AT2G23310,0.0
5,Chr5_10714115.0,10714115,0.001596379,0,,,,
5,Chr5_10714607.0,10714607,0.001596379,0,,,,
5,Chr5_10714616.0,10714616,0.001596379,0,,,,
5,Chr5_10714761.0,10714761,0.001596379,0,,,,
5,Chr5_26584698.0,26584698,0.001596774,0,,,,
5,Chr5_26584724.0,26584724,0.001596774,0,,,,
5,Chr5_26584725.0,26584725,0.001596774,0,,,,
5,Chr5_15271990.0,15271990,0.001596856,0,,,,
1,Chr1_245112.0,245112,0.001596866,1,AT1G01670,AT1G01670,AT1G01670,0.0
3,Chr3_18661484.0,18661484,0.001597275,0,,,,
1,Chr1_505761.0,505761,0.001597796,1,AT1G02460,AT1G02460,AT1G02460,0.0
3,Chr3_21324190.0,21324190,0.001598199,0,,,,
1,Chr1_19572810.0,19572810,0.001598472,0,,,,
2,Chr2_9839259.0,9839259,0.001598604,1,AT2G23100,AT2G23100,AT2G23100,0.0
5,Chr5_10729691.0,10729691,0.001599117,0,,,,
5,Chr5_19827085.0,19827085,0.001599648,1,AT5G48900,AT5G48900,AT5G48900,0.0
5,Chr5_19836871.0,19836871,0.001599648,1,AT5G48930,AT5G48930,AT5G48930,0.0
1,Chr1_2104095.0,2104095,0.001600298,0,,,,
2,Chr2_6048646.0,6048646,0.001600407,0,,,,
1,Chr1_4076825.0,4076825,0.001600571,1,AT1G12060,AT1G12060,AT1G12060,0.0
4,Chr4_8387019.0,8387019,0.001600733,0,,,,
5,Chr5_22996096.0,22996096,0.001600795,0,,,,
5,Chr5_18588552.0,18588552,0.001600852,0,,,,
1,Chr1_16683999.0,16683999,0.001600958,0,,,,
2,Chr2_11372573.0,11372573,0.00160133,0,,,,
1,Chr1_25523764.0,25523764,0.001601805,1,AT1G68100,AT1G68100,AT1G68100,0.0
3,Chr3_12430201.0,12430201,0.001602189,0,,,,
3,Chr3_12430233.0,12430233,0.001602189,0,,,,
3,Chr3_12430264.0,12430264,0.001602189,0,,,,
3,Chr3_14836038.0,14836038,0.001602589,0,,,,
3,Chr3_14838945.0,14838945,0.001602589,1,AT3G42723,AT3G42723,AT3G42723,0.0
5,Chr5_2272543.0,2272543,0.001602851,1,AT5G07240,AT5G07240,AT5G07240,0.0
5,Chr5_2272741.0,2272741,0.001602851,1,AT5G07240,AT5G07240,AT5G07240,0.0
4,Chr4_8722353.0,8722353,0.001602968,1,AT4G15290,AT4G15290,AT4G15290,0.0
1,Chr1_19604279.0,19604279,0.001603014,1,AT1G52620,AT1G52620,AT1G52620,0.0
1,Chr1_1206646.0,1206646,0.001603039,0,,,,
1,Chr1_1206668.0,1206668,0.001603039,0,,,,
1,Chr1_1206722.0,1206722,0.001603039,0,,,,
5,Chr5_2500567.0,2500567,0.001603579,1,AT5G07820,AT5G07820,AT5G07820,0.0
1,Chr1_2245132.0,2245132,0.001603669,0,,,,
3,Chr3_13219694.0,13219694,0.001603711,1,AT3G32260,AT3G32260,AT3G32260,0.0
3,Chr3_12240346.0,12240346,0.001603909,0,,,,
2,Chr2_1107274.0,1107274,0.001604026,0,,,,
1,Chr1_16632881.0,16632881,0.001604212,0,,,,
2,Chr2_14910879.0,14910879,0.001604481,1,AT2G35480,AT2G35480,AT2G35480,0.0
2,Chr2_14910935.0,14910935,0.001604481,1,AT2G35480,AT2G35480,AT2G35480,0.0
2,Chr2_14912169.0,14912169,0.001604481,1,AT2G35490,AT2G35490,AT2G35490,0.0
2,Chr2_14913700.0,14913700,0.001604481,1,AT2G35490,AT2G35490,AT2G35490,0.0
5,Chr5_10730588.0,10730588,0.001604795,0,,,,
1,Chr1_3874970.0,3874970,0.001605657,1,AT1G11530,AT1G11530,AT1G11530,0.0
3,Chr3_11607553.0,11607553,0.001605713,0,,,,
3,Chr3_11608058.0,11608058,0.001605713,0,,,,
3,Chr3_11609716.0,11609716,0.001605713,0,,,,
1,Chr1_4349108.0,4349108,0.001605779,1,AT1G12760,AT1G12760,AT1G12760,0.0
1,Chr1_4349842.0,4349842,0.001605779,1,AT1G12760,AT1G12760,AT1G12760,0.0
4,Chr4_13680907.0,13680907,0.001606442,1,AT4G27320,AT4G27320,AT4G27320,0.0
4,Chr4_13680912.0,13680912,0.001606442,1,AT4G27320,AT4G27320,AT4G27320,0.0
4,Chr4_13680913.0,13680913,0.001606442,1,AT4G27320,AT4G27320,AT4G27320,0.0
4,Chr4_13680914.0,13680914,0.001606442,1,AT4G27320,AT4G27320,AT4G27320,0.0
3,Chr3_15433138.0,15433138,0.001606682,1,AT3G43540,AT3G43540,AT3G43540,0.0
3,Chr3_15433178.0,15433178,0.001606682,1,AT3G43540,AT3G43540,AT3G43540,0.0
5,Chr5_1843756.0,1843756,0.001607172,1,AT5G06110,AT5G06110,AT5G06110,0.0
3,Chr3_5299843.0,5299843,0.00160726,1,AT3G15640,AT3G15640,AT3G15640,0.0
4,Chr4_7288458.0,7288458,0.001607513,1,AT4G12240,AT4G12240,AT4G12240,0.0
5,Chr5_10732279.0,10732279,0.001607775,0,,,,
3,Chr3_18558864.0,18558864,0.001608754,1,AT3G50060,AT3G50060,AT3G50060,0.0
1,Chr1_11238449.0,11238449,0.001609419,1,AT1G31370,AT1G31370,AT1G31370,0.0
3,Chr3_8233328.0,8233328,0.001609783,0,,,,
5,Chr5_11592375.0,11592375,0.001609994,0,,,,
4,Chr4_7927367.0,7927367,0.001610097,0,,,,
1,Chr1_10637313.0,10637313,0.001610405,0,,,,
1,Chr1_10637320.0,10637320,0.001610405,0,,,,
1,Chr1_29519665.0,29519665,0.001610903,0,,,,
3,Chr3_7710156.0,7710156,0.001611015,0,,,,
3,Chr3_7710399.0,7710399,0.001611015,0,,,,
1,Chr1_6787092.0,6787092,0.001611055,1,AT1G19630,AT1G19630,AT1G19630,0.0
4,Chr4_17677959.0,17677959,0.001611865,0,,,,
4,Chr4_17677962.0,17677962,0.001611865,0,,,,
4,Chr4_17677972.0,17677972,0.001611865,0,,,,
4,Chr4_11834053.0,11834053,0.001611901,0,,,,
5,Chr5_13716959.0,13716959,0.001611948,0,,,,
1,Chr1_30014109.0,30014109,0.001612713,0,,,,
4,Chr4_17556203.0,17556203,0.001612862,1,AT4G37310,AT4G37310,AT4G37310,0.0
4,Chr4_17556242.0,17556242,0.001612862,1,AT4G37310,AT4G37310,AT4G37310,0.0
4,Chr4_17556283.0,17556283,0.001612862,1,AT4G37310,AT4G37310,AT4G37310,0.0
4,Chr4_17556305.0,17556305,0.001612862,1,AT4G37310,AT4G37310,AT4G37310,0.0
4,Chr4_17556324.0,17556324,0.001612862,1,AT4G37310,AT4G37310,AT4G37310,0.0
4,Chr4_17556335.0,17556335,0.001612862,1,AT4G37310,AT4G37310,AT4G37310,0.0
4,Chr4_17556491.0,17556491,0.001612862,1,AT4G37310,AT4G37310,AT4G37310,0.0
4,Chr4_17556557.0,17556557,0.001612862,1,AT4G37310,AT4G37310,AT4G37310,0.0
4,Chr4_17556670.0,17556670,0.001612862,1,AT4G37310,AT4G37310,AT4G37310,0.0
4,Chr4_17556674.0,17556674,0.001612862,1,AT4G37310,AT4G37310,AT4G37310,0.0
4,Chr4_17556678.0,17556678,0.001612862,1,AT4G37310,AT4G37310,AT4G37310,0.0
4,Chr4_17556688.0,17556688,0.001612862,1,AT4G37310,AT4G37310,AT4G37310,0.0
4,Chr4_17556694.0,17556694,0.001612862,1,AT4G37310,AT4G37310,AT4G37310,0.0
4,Chr4_17556776.0,17556776,0.001612862,1,AT4G37310,AT4G37310,AT4G37310,0.0
4,Chr4_17556818.0,17556818,0.001612862,1,AT4G37310,AT4G37310,AT4G37310,0.0
4,Chr4_17556867.0,17556867,0.001612862,1,AT4G37310,AT4G37310,AT4G37310,0.0
4,Chr4_17557214.0,17557214,0.001612862,1,AT4G37310,AT4G37310,AT4G37310,0.0
3,Chr3_18020905.0,18020905,0.001614005,0,,,,
2,Chr2_871250.0,871250,0.001614291,0,,,,
5,Chr5_7737626.0,7737626,0.001615054,1,AT5G23060,AT5G23060,AT5G23060,0.0
5,Chr5_7737677.0,7737677,0.001615054,1,AT5G23060,AT5G23060,AT5G23060,0.0
5,Chr5_7737719.0,7737719,0.001615054,1,AT5G23060,AT5G23060,AT5G23060,0.0
5,Chr5_7737792.0,7737792,0.001615054,1,AT5G23060,AT5G23060,AT5G23060,0.0
5,Chr5_7737847.0,7737847,0.001615054,1,AT5G23060,AT5G23060,AT5G23060,0.0
5,Chr5_7738239.0,7738239,0.001615054,1,AT5G23060,AT5G23060,AT5G23060,0.0
2,Chr2_5427125.0,5427125,0.001615544,0,,,,
5,Chr5_25841107.0,25841107,0.001615681,0,,,,
2,Chr2_138403.0,138403,0.001615915,0,,,,
1,Chr1_3344618.0,3344618,0.00161623,1,AT1G10190,AT1G10190,AT1G10190,0.0
1,Chr1_29411073.0,29411073,0.001617526,0,,,,
3,Chr3_17756377.0,17756377,0.001617642,1,AT3G48090,AT3G48090,AT3G48090,0.0
1,Chr1_4403221.0,4403221,0.001618138,1,AT1G12930,AT1G12930,AT1G12930,0.0
1,Chr1_240180.0,240180,0.001618169,1,AT1G01660,AT1G01660,AT1G01660,0.0
1,Chr1_240345.0,240345,0.001618169,1,AT1G01660,AT1G01660,AT1G01660,0.0
1,Chr1_241496.0,241496,0.001618169,1,AT1G01660,AT1G01660,AT1G01660,0.0
1,Chr1_241628.0,241628,0.001618169,1,AT1G01660,AT1G01660,AT1G01660,0.0
1,Chr1_241750.0,241750,0.001618169,1,AT1G01660,AT1G01660,AT1G01660,0.0
1,Chr1_241788.0,241788,0.001618169,1,AT1G01660,AT1G01660,AT1G01660,0.0
1,Chr1_242064.0,242064,0.001618169,1,AT1G01660,AT1G01660,AT1G01660,0.0
1,Chr1_242140.0,242140,0.001618169,1,AT1G01660,AT1G01660,AT1G01660,0.0
1,Chr1_242323.0,242323,0.001618169,1,AT1G01660,AT1G01660,AT1G01660,0.0
1,Chr1_242504.0,242504,0.001618169,1,AT1G01660,AT1G01660,AT1G01660,0.0
1,Chr1_242626.0,242626,0.001618169,0,,,,
1,Chr1_243012.0,243012,0.001618169,1,AT1G01670,AT1G01670,AT1G01670,0.0
1,Chr1_243170.0,243170,0.001618169,1,AT1G01670,AT1G01670,AT1G01670,0.0
1,Chr1_243177.0,243177,0.001618169,1,AT1G01670,AT1G01670,AT1G01670,0.0
1,Chr1_243192.0,243192,0.001618169,1,AT1G01670,AT1G01670,AT1G01670,0.0
1,Chr1_243503.0,243503,0.001618169,1,AT1G01670,AT1G01670,AT1G01670,0.0
1,Chr1_243511.0,243511,0.001618169,1,AT1G01670,AT1G01670,AT1G01670,0.0
1,Chr1_243779.0,243779,0.001618169,1,AT1G01670,AT1G01670,AT1G01670,0.0
1,Chr1_243829.0,243829,0.001618169,1,AT1G01670,AT1G01670,AT1G01670,0.0
1,Chr1_243902.0,243902,0.001618169,1,AT1G01670,AT1G01670,AT1G01670,0.0
1,Chr1_243914.0,243914,0.001618169,1,AT1G01670,AT1G01670,AT1G01670,0.0
4,Chr4_4252260.0,4252260,0.001618408,0,,,,
4,Chr4_4252304.0,4252304,0.001618408,0,,,,
5,Chr5_14645515.0,14645515,0.001619275,0,,,,
5,Chr5_10700860.0,10700860,0.001619356,0,,,,
3,Chr3_6577191.0,6577191,0.001620581,0,,,,
1,Chr1_3413578.0,3413578,0.001620674,0,,,,
1,Chr1_23270307.0,23270307,0.001620876,0,,,,
3,Chr3_12700608.0,12700608,0.00162127,0,,,,
3,Chr3_12700636.0,12700636,0.00162127,0,,,,
3,Chr3_1461462.0,1461462,0.001622585,1,AT3G05165,AT3G05165,AT3G05165,0.0
3,Chr3_1461470.0,1461470,0.001622585,1,AT3G05165,AT3G05165,AT3G05165,0.0
3,Chr3_1461472.0,1461472,0.001622585,1,AT3G05165,AT3G05165,AT3G05165,0.0
3,Chr3_1461476.0,1461476,0.001622585,1,AT3G05165,AT3G05165,AT3G05165,0.0
4,Chr4_994984.0,994984,0.001623078,1,AT4G02280,AT4G02280,AT4G02280,0.0
2,Chr2_11277796.0,11277796,0.001624129,1,AT2G26511,AT2G26511,AT2G26511,0.0
2,Chr2_11278185.0,11278185,0.001624129,0,,,,
1,Chr1_29217208.0,29217208,0.001624349,0,,,,
4,Chr4_8304789.0,8304789,0.001624375,1,AT4G14430,AT4G14430,AT4G14430,0.0
4,Chr4_4953130.0,4953130,0.001624518,0,,,,
1,Chr1_10524703.0,10524703,0.001625665,0,,,,
4,Chr4_17677953.0,17677953,0.001625771,0,,,,
3,Chr3_16373625.0,16373625,0.001625962,1,AT3G44840,AT3G44840,AT3G44840,0.0
5,Chr5_4891730.0,4891730,0.001626072,0,,,,
1,Chr1_4071191.0,4071191,0.001626956,1,AT1G12040,AT1G12040,AT1G12040,0.0
1,Chr1_4075887.0,4075887,0.001626956,1,AT1G12050,AT1G12050,AT1G12050,0.0
5,Chr5_25823979.0,25823979,0.001627614,0,,,,
5,Chr5_25828779.0,25828779,0.001627614,1,AT5G64610,AT5G64610,AT5G64610,0.0
1,Chr1_4276437.0,4276437,0.001628091,0,,,,
4,Chr4_7227406.0,7227406,0.001628107,0,,,,
4,Chr4_15293998.0,15293998,0.001628359,0,,,,
4,Chr4_8422371.0,8422371,0.001629103,1,AT4G14700,AT4G14700,AT4G14700,0.0
1,Chr1_11170255.0,11170255,0.001629221,0,,,,
3,Chr3_23315225.0,23315225,0.001629334,0,,,,
4,Chr4_9445899.0,9445899,0.001629691,0,,,,
1,Chr1_23771661.0,23771661,0.001629698,1,AT1G64060,AT1G64060,AT1G64060,0.0
1,Chr1_26306012.0,26306012,0.001629759,0,,,,
1,Chr1_26306198.0,26306198,0.001629759,0,,,,
2,Chr2_14269604.0,14269604,0.001629936,1,AT2G33740,AT2G33740,AT2G33740,0.0
2,Chr2_14269623.0,14269623,0.001629936,1,AT2G33740,AT2G33740,AT2G33740,0.0
3,Chr3_17421102.0,17421102,0.001629943,1,AT3G47290,AT3G47290,AT3G47290,0.0
4,Chr4_6718963.0,6718963,0.00162998,0,,,,
1,Chr1_23711452.0,23711452,0.001630005,1,AT1G63870,AT1G63870,AT1G63870,0.0
1,Chr1_23711729.0,23711729,0.001630005,1,AT1G63870,AT1G63870,AT1G63870,0.0
1,Chr1_23712069.0,23712069,0.001630005,0,,,,
1,Chr1_23712614.0,23712614,0.001630005,1,AT1G63880,AT1G63880,AT1G63880,0.0
1,Chr1_19853574.0,19853574,0.001630851,0,,,,
5,Chr5_10263732.0,10263732,0.001631227,0,,,,
5,Chr5_10265855.0,10265855,0.001631227,0,,,,
3,Chr3_9698386.0,9698386,0.001631448,0,,,,
5,Chr5_13714614.0,13714614,0.00163157,0,,,,
4,Chr4_10351918.0,10351918,0.001631976,0,,,,
1,Chr1_6494148.0,6494148,0.001632174,1,AT1G18830,AT1G18830,AT1G18830,0.0
1,Chr1_22890417.0,22890417,0.001632326,0,,,,
1,Chr1_29523898.0,29523898,0.001633026,0,,,,
1,Chr1_23616474.0,23616474,0.001633074,1,AT1G63680,AT1G63680,AT1G63680,0.0
1,Chr1_19040698.0,19040698,0.001634341,0,,,,
1,Chr1_12657414.0,12657414,0.001634865,1,AT1G34575,AT1G34575,AT1G34575,0.0
1,Chr1_12657428.0,12657428,0.001634865,1,AT1G34575,AT1G34575,AT1G34575,0.0
2,Chr2_202495.0,202495,0.001635545,1,AT2G01450,AT2G01450,AT2G01450,0.0
4,Chr4_9314520.0,9314520,0.001635951,1,AT4G16530,AT4G16530,AT4G16530,0.0
4,Chr4_9314758.0,9314758,0.001635951,1,AT4G16530,AT4G16530,AT4G16530,0.0
1,Chr1_17491056.0,17491056,0.00163792,0,,,,
4,Chr4_2723650.0,2723650,0.001638096,0,,,,
1,Chr1_2353111.0,2353111,0.001638202,0,,,,
5,Chr5_25083763.0,25083763,0.001638325,0,,,,
5,Chr5_10778013.0,10778013,0.001638502,0,,,,
1,Chr1_4194311.0,4194311,0.001639446,0,,,,
4,Chr4_3163063.0,3163063,0.001639861,0,,,,
4,Chr4_5549467.0,5549467,0.001640276,0,,,,
4,Chr4_5549535.0,5549535,0.001640276,0,,,,
2,Chr2_15521523.0,15521523,0.001640648,0,,,,
3,Chr3_3724857.0,3724857,0.001641099,1,AT3G11780,AT3G11780,AT3G11780,0.0
3,Chr3_3912137.0,3912137,0.001641587,1,AT3G12270,AT3G12270,AT3G12270,0.0
3,Chr3_3919611.0,3919611,0.001641587,1,AT3G12290,AT3G12290,AT3G12290,0.0
3,Chr3_3921642.0,3921642,0.001641587,1,AT3G12300,AT3G12300,AT3G12300,0.0
3,Chr3_3931157.0,3931157,0.001641587,0,,,,
3,Chr3_3931161.0,3931161,0.001641587,0,,,,
3,Chr3_3931192.0,3931192,0.001641587,0,,,,
3,Chr3_3932013.0,3932013,0.001641587,1,AT3G12350,AT3G12350,AT3G12350,0.0
3,Chr3_3932877.0,3932877,0.001641587,1,AT3G12350,AT3G12350,AT3G12350,0.0
5,Chr5_22943556.0,22943556,0.001642266,0,,,,
2,Chr2_14894266.0,14894266,0.001642398,0,,,,
5,Chr5_13219988.0,13219988,0.001642943,0,,,,
3,Chr3_934655.0,934655,0.001643321,0,,,,
3,Chr3_20656723.0,20656723,0.001643608,0,,,,
1,Chr1_29664061.0,29664061,0.001644197,1,AT1G78900,AT1G78900,AT1G78900,0.0
1,Chr1_29667107.0,29667107,0.001644197,1,AT1G78910,AT1G78910,AT1G78910,0.0
2,Chr2_7513494.0,7513494,0.00164513,1,AT2G17280,AT2G17280,AT2G17280,0.0
4,Chr4_8307411.0,8307411,0.001647468,1,AT4G14440,AT4G14440,AT4G14440,0.0
3,Chr3_15695380.0,15695380,0.001647953,0,,,,
3,Chr3_15695596.0,15695596,0.001647953,0,,,,
4,Chr4_6229839.0,6229839,0.001648289,1,AT4G09930,AT4G09930,AT4G09930,0.0
4,Chr4_8050315.0,8050315,0.001648449,0,,,,
4,Chr4_10645511.0,10645511,0.001648732,1,AT4G19520,AT4G19520,AT4G19520,0.0
3,Chr3_4579525.0,4579525,0.001650345,0,,,,
3,Chr3_18571211.0,18571211,0.001650848,0,,,,
1,Chr1_1666119.0,1666119,0.001651026,1,AT1G05580,AT1G05580,AT1G05580,0.0
1,Chr1_4194486.0,4194486,0.001652177,0,,,,
1,Chr1_601402.0,601402,0.00165279,1,AT1G02740,AT1G02740,AT1G02740,0.0
5,Chr5_10728870.0,10728870,0.001652951,0,,,,
2,Chr2_854785.0,854785,0.0016533,0,,,,
2,Chr2_857082.0,857082,0.0016533,0,,,,
5,Chr5_9575969.0,9575969,0.001653923,0,,,,
5,Chr5_9584779.0,9584779,0.001653923,1,AT5G27230,AT5G27230,AT5G27230,0.0
1,Chr1_3869840.0,3869840,0.001653929,1,AT1G11490,AT1G11490,AT1G11490,0.0
3,Chr3_15596167.0,15596167,0.001653941,0,,,,
3,Chr3_10978378.0,10978378,0.001654009,0,,,,
3,Chr3_10979617.0,10979617,0.001654009,0,,,,
3,Chr3_10979884.0,10979884,0.001654009,0,,,,
1,Chr1_4138989.0,4138989,0.001654366,1,AT1G12200,AT1G12200,AT1G12200,0.0
2,Chr2_856267.0,856267,0.001654446,1,AT2G02950,AT2G02950,AT2G02950,0.0
1,Chr1_5236331.0,5236331,0.001655144,1,AT1G15210,AT1G15210,AT1G15210,0.0
3,Chr3_13942869.0,13942869,0.001655603,0,,,,
2,Chr2_12657267.0,12657267,0.001656414,1,AT2G29600,AT2G29600,AT2G29600,0.0
5,Chr5_10724695.0,10724695,0.001657013,0,,,,
2,Chr2_8328777.0,8328777,0.001657228,1,AT2G19190,AT2G19190,AT2G19190,0.0
2,Chr2_8339171.0,8339171,0.001657656,1,AT2G19210,AT2G19210,AT2G19210,0.0
2,Chr2_5666844.0,5666844,0.001658444,0,,,,
5,Chr5_10397120.0,10397120,0.001658485,0,,,,
5,Chr5_5954895.0,5954895,0.0016587,1,AT5G17980,AT5G17980,AT5G17980,0.0
5,Chr5_5973411.0,5973411,0.0016587,1,AT5G18040,AT5G18040,AT5G18040,0.0
5,Chr5_5989760.0,5989760,0.0016587,1,AT5G18110,AT5G18110,AT5G18110,0.0
5,Chr5_13561425.0,13561425,0.001659098,0,,,,
5,Chr5_13563014.0,13563014,0.001659098,0,,,,
5,Chr5_13565260.0,13565260,0.001659098,0,,,,
5,Chr5_13566487.0,13566487,0.001659098,0,,,,
4,Chr4_1989244.0,1989244,0.00165921,0,,,,
3,Chr3_3723508.0,3723508,0.001659254,1,AT3G11773,AT3G11773,AT3G11773,0.0
1,Chr1_22812420.0,22812420,0.001660443,1,AT1G61770,AT1G61770,AT1G61770,0.0
2,Chr2_5953882.0,5953882,0.001660464,1,AT2G14115,AT2G14115,AT2G14115,0.0
3,Chr3_8231385.0,8231385,0.001661474,0,,,,
1,Chr1_8915512.0,8915512,0.001661843,0,,,,
4,Chr4_4118299.0,4118299,0.001662212,0,,,,
4,Chr4_4119053.0,4119053,0.001662212,0,,,,
4,Chr4_4119164.0,4119164,0.001662212,0,,,,
4,Chr4_4119526.0,4119526,0.001662212,0,,,,
3,Chr3_4829802.0,4829802,0.001662273,0,,,,
4,Chr4_14519529.0,14519529,0.001662762,0,,,,
3,Chr3_11223390.0,11223390,0.00166297,0,,,,
2,Chr2_6881400.0,6881400,0.001663167,0,,,,
3,Chr3_15315206.0,15315206,0.001663487,0,,,,
5,Chr5_12573967.0,12573967,0.001663568,0,,,,
5,Chr5_12574068.0,12574068,0.001663568,0,,,,
4,Chr4_5461297.0,5461297,0.001663852,0,,,,
5,Chr5_19580986.0,19580986,0.001664134,0,,,,
1,Chr1_28930794.0,28930794,0.001664683,0,,,,
1,Chr1_1669720.0,1669720,0.001664949,1,AT1G05590,AT1G05590,AT1G05590,0.0
1,Chr1_29227977.0,29227977,0.00166498,1,AT1G77746,AT1G77746,AT1G77746,0.0
3,Chr3_16011726.0,16011726,0.001665236,1,AT3G44340,AT3G44340,AT3G44340,0.0
5,Chr5_9720119.0,9720119,0.001665604,1,AT5G27530,AT5G27530,AT5G27530,0.0
3,Chr3_17437240.0,17437240,0.00166584,0,,,,
1,Chr1_16044109.0,16044109,0.001666351,0,,,,
2,Chr2_6014486.0,6014486,0.001666513,0,,,,
1,Chr1_27150964.0,27150964,0.001666552,1,AT1G72150,AT1G72150,AT1G72150,0.0
4,Chr4_3692477.0,3692477,0.001666766,0,,,,
1,Chr1_11711799.0,11711799,0.001666832,0,,,,
3,Chr3_8066674.0,8066674,0.001666942,0,,,,
1,Chr1_3931703.0,3931703,0.001667676,0,,,,
3,Chr3_19752797.0,19752797,0.001668596,1,AT3G53270,AT3G53270,AT3G53270,0.0
4,Chr4_5910342.0,5910342,0.001668956,0,,,,
2,Chr2_193130.0,193130,0.001669418,0,,,,
3,Chr3_12326570.0,12326570,0.001670074,0,,,,
5,Chr5_9760675.0,9760675,0.001670743,0,,,,
5,Chr5_9877717.0,9877717,0.001671096,0,,,,
5,Chr5_25659191.0,25659191,0.001671347,0,,,,
3,Chr3_4115415.0,4115415,0.001671381,1,AT3G12915,AT3G12915,AT3G12915,0.0
2,Chr2_11231323.0,11231323,0.001671862,0,,,,
1,Chr1_3371486.0,3371486,0.001672145,1,AT1G10290,AT1G10290,AT1G10290,0.0
5,Chr5_10144607.0,10144607,0.001672224,0,,,,
5,Chr5_10144793.0,10144793,0.001672224,0,,,,
5,Chr5_10148602.0,10148602,0.001672224,0,,,,
1,Chr1_467617.0,467617,0.001672749,1,AT1G02340,AT1G02340,AT1G02340,0.0
1,Chr1_25528130.0,25528130,0.001673066,0,,,,
3,Chr3_16536654.0,16536654,0.001673405,0,,,,
3,Chr3_16473052.0,16473052,0.001673918,1,AT3G45040,AT3G45040,AT3G45040,0.0
1,Chr1_24657937.0,24657937,0.001675805,0,,,,
4,Chr4_4252328.0,4252328,0.001676037,0,,,,
4,Chr4_4252329.0,4252329,0.001676037,0,,,,
4,Chr4_4252334.0,4252334,0.001676037,0,,,,
4,Chr4_4252348.0,4252348,0.001676037,0,,,,
5,Chr5_22750246.0,22750246,0.001676055,0,,,,
2,Chr2_12727370.0,12727370,0.001676796,0,,,,
2,Chr2_1705006.0,1705006,0.001678964,1,AT2G04850,AT2G04850,AT2G04850,0.0
2,Chr2_1705404.0,1705404,0.001678964,2,AT2G04850;AT2G04852,AT2G04850,AT2G04850,0.0
4,Chr4_9831469.0,9831469,0.001679038,1,AT4G17660,AT4G17660,AT4G17660,0.0
3,Chr3_15277271.0,15277271,0.001679185,0,,,,
3,Chr3_15278121.0,15278121,0.001679185,0,,,,
3,Chr3_15281096.0,15281096,0.001679185,0,,,,
3,Chr3_15282914.0,15282914,0.001679185,0,,,,
3,Chr3_15293428.0,15293428,0.001679185,0,,,,
3,Chr3_3057137.0,3057137,0.00167929,1,AT3G09940,AT3G09940,AT3G09940,0.0
3,Chr3_3057139.0,3057139,0.00167929,1,AT3G09940,AT3G09940,AT3G09940,0.0
3,Chr3_12193031.0,12193031,0.001679335,0,,,,
2,Chr2_15707966.0,15707966,0.001679804,0,,,,
1,Chr1_13119437.0,13119437,0.001679874,0,,,,
1,Chr1_21205331.0,21205331,0.001682392,0,,,,
5,Chr5_5262946.0,5262946,0.001682741,0,,,,
3,Chr3_9109877.0,9109877,0.001682864,0,,,,
3,Chr3_9109913.0,9109913,0.001682864,0,,,,
3,Chr3_9109921.0,9109921,0.001682864,0,,,,
3,Chr3_9109946.0,9109946,0.001682864,0,,,,
3,Chr3_18593552.0,18593552,0.001683584,1,AT3G50140,AT3G50140,AT3G50140,0.0
5,Chr5_10134088.0,10134088,0.001683642,0,,,,
2,Chr2_5614950.0,5614950,0.001683803,0,,,,
1,Chr1_5196666.0,5196666,0.00168421,0,,,,
1,Chr1_12689929.0,12689929,0.001684556,0,,,,
5,Chr5_7393692.0,7393692,0.001684809,1,AT5G22330,AT5G22330,AT5G22330,0.0
3,Chr3_14317140.0,14317140,0.001684909,0,,,,
3,Chr3_16381794.0,16381794,0.001685196,0,,,,
4,Chr4_15445752.0,15445752,0.001685305,1,AT4G31920,AT4G31920,AT4G31920,0.0
1,Chr1_22848291.0,22848291,0.001686049,1,AT1G61840,AT1G61840,AT1G61840,0.0
2,Chr2_19492870.0,19492870,0.001686488,0,,,,
5,Chr5_26272860.0,26272860,0.001687177,1,AT5G65687,AT5G65687,AT5G65687,0.0
2,Chr2_4514369.0,4514369,0.001687479,0,,,,
3,Chr3_11266237.0,11266237,0.001687585,0,,,,
2,Chr2_3869490.0,3869490,0.00168766,0,,,,
5,Chr5_26531853.0,26531853,0.001688022,0,,,,
2,Chr2_5348677.0,5348677,0.001688162,0,,,,
2,Chr2_5348695.0,5348695,0.001688162,0,,,,
4,Chr4_6764777.0,6764777,0.001689185,1,AT4G11090,AT4G11090,AT4G11090,0.0
4,Chr4_6766831.0,6766831,0.001689185,0,,,,
4,Chr4_6770956.0,6770956,0.001689185,0,,,,
4,Chr4_6780243.0,6780243,0.001689185,0,,,,
4,Chr4_6787746.0,6787746,0.001689185,0,,,,
4,Chr4_6789240.0,6789240,0.001689185,0,,,,
4,Chr4_6791755.0,6791755,0.001689185,0,,,,
1,Chr1_6857508.0,6857508,0.001689292,1,AT1G19835,AT1G19835,AT1G19835,0.0
1,Chr1_9237179.0,9237179,0.001689685,0,,,,
2,Chr2_94452.0,94452,0.001690983,1,AT2G01130,AT2G01130,AT2G01130,0.0
5,Chr5_22720754.0,22720754,0.001691063,0,,,,
5,Chr5_22720783.0,22720783,0.001691063,0,,,,
5,Chr5_22174266.0,22174266,0.00169108,0,,,,
2,Chr2_4794409.0,4794409,0.00169149,0,,,,
1,Chr1_10570277.0,10570277,0.001691948,0,,,,
2,Chr2_17358896.0,17358896,0.001691981,0,,,,
4,Chr4_1122732.0,1122732,0.001692176,0,,,,
4,Chr4_3288196.0,3288196,0.001692218,0,,,,
5,Chr5_13793762.0,13793762,0.001692903,0,,,,
1,Chr1_2672274.0,2672274,0.001693534,0,,,,
5,Chr5_2375497.0,2375497,0.001693562,0,,,,
5,Chr5_10804622.0,10804622,0.001693591,0,,,,
4,Chr4_4642722.0,4642722,0.00169393,0,,,,
2,Chr2_6339628.0,6339628,0.001694084,0,,,,
5,Chr5_18203674.0,18203674,0.001694755,1,AT5G45090,AT5G45090,AT5G45090,0.0
1,Chr1_10580492.0,10580492,0.001695293,0,,,,
5,Chr5_4192641.0,4192641,0.001695952,0,,,,
3,Chr3_19612655.0,19612655,0.001696142,0,,,,
2,Chr2_6953630.0,6953630,0.001696373,0,,,,
4,Chr4_1120564.0,1120564,0.001696846,1,AT4G02550,AT4G02550,AT4G02550,0.0
3,Chr3_11822208.0,11822208,0.001697074,0,,,,
1,Chr1_28929942.0,28929942,0.001697267,0,,,,
3,Chr3_14290708.0,14290708,0.001697339,0,,,,
1,Chr1_4709182.0,4709182,0.001697349,0,,,,
4,Chr4_3119103.0,3119103,0.001698179,0,,,,
4,Chr4_6232275.0,6232275,0.001699598,1,AT4G09940,AT4G09940,AT4G09940,0.0
1,Chr1_8941584.0,8941584,0.001700271,0,,,,
4,Chr4_1897105.0,1897105,0.001700285,0,,,,
2,Chr2_12174250.0,12174250,0.00170047,0,,,,
3,Chr3_16828444.0,16828444,0.001700476,0,,,,
1,Chr1_13748337.0,13748337,0.001700606,0,,,,
1,Chr1_13749265.0,13749265,0.001700606,0,,,,
1,Chr1_28891748.0,28891748,0.001701055,0,,,,
4,Chr4_10486438.0,10486438,0.001701329,1,AT4G19180,AT4G19180,AT4G19180,0.0
4,Chr4_8409906.0,8409906,0.001701783,0,,,,
3,Chr3_2438288.0,2438288,0.001702745,1,AT3G07640,AT3G07640,AT3G07640,0.0
3,Chr3_2438291.0,2438291,0.001702745,1,AT3G07640,AT3G07640,AT3G07640,0.0
3,Chr3_2438297.0,2438297,0.001702745,1,AT3G07640,AT3G07640,AT3G07640,0.0
2,Chr2_13885539.0,13885539,0.001702943,1,AT2G32730,AT2G32730,AT2G32730,0.0
5,Chr5_1445245.0,1445245,0.001703756,1,AT5G04930,AT5G04930,AT5G04930,0.0
2,Chr2_4769352.0,4769352,0.001703892,0,,,,
5,Chr5_11502018.0,11502018,0.001704126,0,,,,
5,Chr5_11502050.0,11502050,0.001704126,0,,,,
5,Chr5_11502064.0,11502064,0.001704126,0,,,,
5,Chr5_11502065.0,11502065,0.001704126,0,,,,
5,Chr5_11502284.0,11502284,0.001704126,0,,,,
5,Chr5_11503023.0,11503023,0.001704126,0,,,,
5,Chr5_11503800.0,11503800,0.001704126,0,,,,
5,Chr5_11503847.0,11503847,0.001704126,0,,,,
5,Chr5_11503885.0,11503885,0.001704126,0,,,,
5,Chr5_11504025.0,11504025,0.001704126,0,,,,
5,Chr5_11504126.0,11504126,0.001704126,0,,,,
5,Chr5_11504252.0,11504252,0.001704126,0,,,,
5,Chr5_11504413.0,11504413,0.001704126,0,,,,
5,Chr5_11504562.0,11504562,0.001704126,0,,,,
5,Chr5_11504598.0,11504598,0.001704126,0,,,,
5,Chr5_11504819.0,11504819,0.001704126,0,,,,
5,Chr5_11504982.0,11504982,0.001704126,0,,,,
5,Chr5_11505196.0,11505196,0.001704126,0,,,,
5,Chr5_11505294.0,11505294,0.001704126,0,,,,
5,Chr5_25169501.0,25169501,0.001705089,0,,,,
5,Chr5_8394244.0,8394244,0.001705407,1,AT5G24550,AT5G24550,AT5G24550,0.0
5,Chr5_8399074.0,8399074,0.001705407,0,,,,
5,Chr5_8405073.0,8405073,0.001705407,0,,,,
2,Chr2_17602772.0,17602772,0.001706114,1,AT2G42260,AT2G42260,AT2G42260,0.0
2,Chr2_17603017.0,17603017,0.001706114,1,AT2G42260,AT2G42260,AT2G42260,0.0
2,Chr2_17606108.0,17606108,0.001706114,1,AT2G42270,AT2G42270,AT2G42270,0.0
2,Chr2_17608882.0,17608882,0.001706114,1,AT2G42270,AT2G42270,AT2G42270,0.0
1,Chr1_21207305.0,21207305,0.001706333,0,,,,
5,Chr5_10673077.0,10673077,0.001706511,0,,,,
5,Chr5_13344404.0,13344404,0.001706546,0,,,,
5,Chr5_13349849.0,13349849,0.001706546,0,,,,
1,Chr1_3235999.0,3235999,0.001706952,0,,,,
4,Chr4_17575141.0,17575141,0.001707253,0,,,,
5,Chr5_10086310.0,10086310,0.001708228,0,,,,
1,Chr1_11862521.0,11862521,0.001708528,0,,,,
1,Chr1_11862522.0,11862522,0.001708528,0,,,,
3,Chr3_12389795.0,12389795,0.001708801,0,,,,
1,Chr1_21190834.0,21190834,0.001710696,0,,,,
5,Chr5_14651182.0,14651182,0.001710772,1,AT5G37070,AT5G37070,AT5G37070,0.0
4,Chr4_13067576.0,13067576,0.001711176,1,AT4G25620,AT4G25620,AT4G25620,0.0
3,Chr3_6239675.0,6239675,0.001711205,1,AT3G18210,AT3G18210,AT3G18210,0.0
3,Chr3_6240380.0,6240380,0.001711205,1,AT3G18210,AT3G18210,AT3G18210,0.0
3,Chr3_3074180.0,3074180,0.001711328,1,AT3G09990,AT3G09990,AT3G09990,0.0
2,Chr2_17620504.0,17620504,0.001711377,0,,,,
5,Chr5_10163744.0,10163744,0.001711811,1,AT5G28180,AT5G28180,AT5G28180,0.0
5,Chr5_10163745.0,10163745,0.001711811,1,AT5G28180,AT5G28180,AT5G28180,0.0
5,Chr5_10057677.0,10057677,0.001712368,0,,,,
5,Chr5_12522123.0,12522123,0.00171278,0,,,,
5,Chr5_11200191.0,11200191,0.001712833,0,,,,
2,Chr2_19079738.0,19079738,0.001713245,1,AT2G46490,AT2G46490,AT2G46490,0.0
1,Chr1_3367439.0,3367439,0.001713623,1,AT1G10280,AT1G10280,AT1G10280,0.0
4,Chr4_10051165.0,10051165,0.00171374,1,AT4G18150,AT4G18150,AT4G18150,0.0
4,Chr4_10051526.0,10051526,0.00171374,1,AT4G18150,AT4G18150,AT4G18150,0.0
2,Chr2_5348619.0,5348619,0.001714035,0,,,,
5,Chr5_105427.0,105427,0.001714221,1,AT5G01260,AT5G01260,AT5G01260,0.0
2,Chr2_14995384.0,14995384,0.00171458,1,AT2G35670,AT2G35670,AT2G35670,0.0
1,Chr1_1949864.0,1949864,0.001714613,1,AT1G06390,AT1G06390,AT1G06390,0.0
1,Chr1_19093048.0,19093048,0.001714614,1,AT1G51480,AT1G51480,AT1G51480,0.0
5,Chr5_11498030.0,11498030,0.001714806,0,,,,
2,Chr2_2412832.0,2412832,0.001714985,0,,,,
5,Chr5_25815919.0,25815919,0.001715364,0,,,,
5,Chr5_25815932.0,25815932,0.001715364,0,,,,
5,Chr5_7469027.0,7469027,0.001717039,0,,,,
4,Chr4_16879909.0,16879909,0.001717642,0,,,,
4,Chr4_16880470.0,16880470,0.001717642,0,,,,
4,Chr4_16888749.0,16888749,0.001717642,1,AT4G35580,AT4G35580,AT4G35580,0.0
4,Chr4_16892236.0,16892236,0.001717642,0,,,,
5,Chr5_3352168.0,3352168,0.001718096,1,AT5G10600,AT5G10600,AT5G10600,0.0
1,Chr1_7066146.0,7066146,0.001718668,0,,,,
5,Chr5_11533962.0,11533962,0.001718845,0,,,,
4,Chr4_6697522.0,6697522,0.001718951,1,AT4G10920,AT4G10920,AT4G10920,0.0
2,Chr2_5076316.0,5076316,0.001719674,0,,,,
2,Chr2_5076461.0,5076461,0.001719674,0,,,,
2,Chr2_5077420.0,5077420,0.001719674,0,,,,
3,Chr3_12952006.0,12952006,0.001719839,1,AT3G31950,AT3G31950,AT3G31950,0.0
1,Chr1_21210695.0,21210695,0.001720032,0,,,,
4,Chr4_17678919.0,17678919,0.001720199,0,,,,
5,Chr5_14672834.0,14672834,0.001720241,0,,,,
4,Chr4_6197665.0,6197665,0.001720274,0,,,,
4,Chr4_4857044.0,4857044,0.001720583,0,,,,
3,Chr3_4778280.0,4778280,0.001720871,1,AT3G14320,AT3G14320,AT3G14320,0.0
1,Chr1_19521591.0,19521591,0.001721938,1,AT1G52410,AT1G52410,AT1G52410,0.0
5,Chr5_2200085.0,2200085,0.001722741,0,,,,
5,Chr5_2201253.0,2201253,0.001722741,1,AT5G07080,AT5G07080,AT5G07080,0.0
1,Chr1_3428237.0,3428237,0.001723155,0,,,,
1,Chr1_3428452.0,3428452,0.001723155,0,,,,
1,Chr1_3428459.0,3428459,0.001723155,0,,,,
1,Chr1_1624926.0,1624926,0.001723447,0,,,,
4,Chr4_4704776.0,4704776,0.00172349,0,,,,
4,Chr4_4704785.0,4704785,0.00172349,0,,,,
4,Chr4_4704794.0,4704794,0.00172349,0,,,,
4,Chr4_4704814.0,4704814,0.00172349,0,,,,
2,Chr2_11264983.0,11264983,0.001723755,1,AT2G26480,AT2G26480,AT2G26480,0.0
4,Chr4_1548638.0,1548638,0.001724142,1,AT4G03480,AT4G03480,AT4G03480,0.0
1,Chr1_22801279.0,22801279,0.001725024,0,,,,
1,Chr1_22802427.0,22802427,0.001725024,0,,,,
1,Chr1_22803576.0,22803576,0.001725024,0,,,,
1,Chr1_22805772.0,22805772,0.001725024,1,AT1G61750,AT1G61750,AT1G61750,0.0
1,Chr1_22809216.0,22809216,0.001725024,0,,,,
3,Chr3_21872639.0,21872639,0.001725072,0,,,,
3,Chr3_21872640.0,21872640,0.001725072,0,,,,
1,Chr1_20957826.0,20957826,0.001725571,1,AT1G56030,AT1G56030,AT1G56030,0.0
4,Chr4_1277989.0,1277989,0.001725842,1,AT4G02880,AT4G02880,AT4G02880,0.0
4,Chr4_17538475.0,17538475,0.001726087,0,,,,
4,Chr4_4878651.0,4878651,0.001726318,0,,,,
4,Chr4_4879580.0,4879580,0.001726318,0,,,,
1,Chr1_1124043.0,1124043,0.001726379,0,,,,
1,Chr1_17092934.0,17092934,0.001726646,0,,,,
2,Chr2_4577625.0,4577625,0.001727124,0,,,,
2,Chr2_12609655.0,12609655,0.001727329,1,AT2G29380,AT2G29380,AT2G29380,0.0
3,Chr3_22232190.0,22232190,0.001727605,0,,,,
1,Chr1_29044908.0,29044908,0.001727849,1,AT1G77300,AT1G77300,AT1G77300,0.0
1,Chr1_26295471.0,26295471,0.001728027,1,AT1G69840,AT1G69840,AT1G69840,0.0
5,Chr5_11562440.0,11562440,0.001728329,0,,,,
2,Chr2_6249572.0,6249572,0.00172863,0,,,,
2,Chr2_6249582.0,6249582,0.00172863,0,,,,
1,Chr1_12410841.0,12410841,0.001730169,0,,,,
1,Chr1_12411138.0,12411138,0.001730169,0,,,,
1,Chr1_12411625.0,12411625,0.001730169,0,,,,
4,Chr4_13388621.0,13388621,0.001730332,1,AT4G26520,AT4G26520,AT4G26520,0.0
5,Chr5_2924316.0,2924316,0.001731023,1,AT5G09410,AT5G09410,AT5G09410,0.0
2,Chr2_10118116.0,10118116,0.001731261,0,,,,
5,Chr5_10694499.0,10694499,0.001731923,0,,,,
5,Chr5_26506966.0,26506966,0.001733666,0,,,,
5,Chr5_26506967.0,26506967,0.001733666,0,,,,
3,Chr3_19419557.0,19419557,0.001733776,1,AT3G52370,AT3G52370,AT3G52370,0.0
3,Chr3_19420361.0,19420361,0.001733776,0,,,,
3,Chr3_14751140.0,14751140,0.001734272,0,,,,
5,Chr5_8771243.0,8771243,0.001734671,0,,,,
1,Chr1_22352702.0,22352702,0.001734735,1,AT1G60700,AT1G60700,AT1G60700,0.0
4,Chr4_7226062.0,7226062,0.001735237,0,,,,
1,Chr1_14459132.0,14459132,0.0017354,0,,,,
4,Chr4_1629748.0,1629748,0.001735595,0,,,,
2,Chr2_10210522.0,10210522,0.001736876,1,AT2G24000,AT2G24000,AT2G24000,0.0
3,Chr3_8908046.0,8908046,0.001736921,0,,,,
3,Chr3_15961868.0,15961868,0.001737266,0,,,,
5,Chr5_23752413.0,23752413,0.001737471,1,AT5G58820,AT5G58820,AT5G58820,0.0
2,Chr2_4554204.0,4554204,0.001737552,0,,,,
4,Chr4_1675575.0,1675575,0.001738653,0,,,,
3,Chr3_6356531.0,6356531,0.001738887,0,,,,
2,Chr2_5676598.0,5676598,0.001739369,0,,,,
2,Chr2_5244880.0,5244880,0.001739704,0,,,,
3,Chr3_20631912.0,20631912,0.00173997,0,,,,
1,Chr1_16564220.0,16564220,0.001740997,1,AT1G43780,AT1G43780,AT1G43780,0.0
1,Chr1_24542110.0,24542110,0.001742199,1,AT1G65930,AT1G65930,AT1G65930,0.0
4,Chr4_4796716.0,4796716,0.001742601,0,,,,
3,Chr3_17986352.0,17986352,0.00174271,0,,,,
3,Chr3_15563874.0,15563874,0.001742858,0,,,,
5,Chr5_17364695.0,17364695,0.001743275,0,,,,
2,Chr2_11183491.0,11183491,0.001743421,0,,,,
2,Chr2_11189229.0,11189229,0.001743421,1,AT2G26280,AT2G26280,AT2G26280,0.0
1,Chr1_15758864.0,15758864,0.001743999,0,,,,
5,Chr5_22566249.0,22566249,0.001744215,0,,,,
5,Chr5_22567050.0,22567050,0.001744215,0,,,,
3,Chr3_18030095.0,18030095,0.001744283,1,AT3G48660,AT3G48660,AT3G48660,0.0
2,Chr2_2003886.0,2003886,0.001744702,0,,,,
3,Chr3_18538190.0,18538190,0.001745425,1,AT3G50010,AT3G50010,AT3G50010,0.0
1,Chr1_3681651.0,3681651,0.001746245,0,,,,
2,Chr2_4858966.0,4858966,0.00174643,0,,,,
3,Chr3_15654486.0,15654486,0.001746548,0,,,,
1,Chr1_16662404.0,16662404,0.001746885,0,,,,
1,Chr1_11293625.0,11293625,0.001746916,1,AT1G31540,AT1G31540,AT1G31540,0.0
1,Chr1_11860978.0,11860978,0.001747096,0,,,,
5,Chr5_16069170.0,16069170,0.001747421,0,,,,
5,Chr5_16071001.0,16071001,0.001747421,1,AT5G40200,AT5G40200,AT5G40200,0.0
5,Chr5_16071460.0,16071460,0.001747421,1,AT5G40200,AT5G40200,AT5G40200,0.0
1,Chr1_10622407.0,10622407,0.001747617,0,,,,
2,Chr2_5112256.0,5112256,0.001748013,0,,,,
5,Chr5_13715904.0,13715904,0.001748318,0,,,,
2,Chr2_8714435.0,8714435,0.001748561,1,AT2G20190,AT2G20190,AT2G20190,0.0
2,Chr2_8715673.0,8715673,0.001748561,1,AT2G20190,AT2G20190,AT2G20190,0.0
2,Chr2_8716882.0,8716882,0.001748561,1,AT2G20190,AT2G20190,AT2G20190,0.0
5,Chr5_6419597.0,6419597,0.001749095,0,,,,
5,Chr5_6419605.0,6419605,0.001749095,0,,,,
5,Chr5_6419609.0,6419609,0.001749095,0,,,,
1,Chr1_11123855.0,11123855,0.001749152,1,AT1G31160,AT1G31160,AT1G31160,0.0
5,Chr5_21098080.0,21098080,0.001749249,1,AT5G51920,AT5G51920,AT5G51920,0.0
2,Chr2_3210517.0,3210517,0.001749804,0,,,,
1,Chr1_3269841.0,3269841,0.001750719,1,AT1G10020,AT1G10020,AT1G10020,0.0
1,Chr1_3269854.0,3269854,0.001750719,1,AT1G10020,AT1G10020,AT1G10020,0.0
1,Chr1_20470419.0,20470419,0.001751129,0,,,,
1,Chr1_20470593.0,20470593,0.001751129,0,,,,
1,Chr1_20472413.0,20472413,0.001751129,1,AT1G54920,AT1G54920,AT1G54920,0.0
1,Chr1_20473230.0,20473230,0.001751129,1,AT1G54920,AT1G54920,AT1G54920,0.0
1,Chr1_20474617.0,20474617,0.001751129,1,AT1G54920,AT1G54920,AT1G54920,0.0
4,Chr4_9337657.0,9337657,0.001752048,1,AT4G16570,AT4G16570,AT4G16570,0.0
1,Chr1_28918706.0,28918706,0.001752118,0,,,,
4,Chr4_7032862.0,7032862,0.001752177,0,,,,
1,Chr1_12696492.0,12696492,0.001753181,1,AT1G34650,AT1G34650,AT1G34650,0.0
1,Chr1_25652989.0,25652989,0.001753679,1,AT1G68410,AT1G68410,AT1G68410,0.0
1,Chr1_15415858.0,15415858,0.001753803,0,,,,
3,Chr3_20592082.0,20592082,0.00175382,0,,,,
2,Chr2_5367847.0,5367847,0.001753837,0,,,,
3,Chr3_20568477.0,20568477,0.001753862,1,AT3G55480,AT3G55480,AT3G55480,0.0
2,Chr2_19495511.0,19495511,0.001753929,1,AT2G47500,AT2G47500,AT2G47500,0.0
4,Chr4_8020329.0,8020329,0.001754516,0,,,,
2,Chr2_1416792.0,1416792,0.001755483,0,,,,
3,Chr3_11938515.0,11938515,0.001755927,0,,,,
4,Chr4_11735465.0,11735465,0.001755998,0,,,,
3,Chr3_3029976.0,3029976,0.001756799,1,AT3G09880,AT3G09880,AT3G09880,0.0
3,Chr3_16800260.0,16800260,0.00175712,0,,,,
3,Chr3_6577289.0,6577289,0.001757149,0,,,,
1,Chr1_28919262.0,28919262,0.001757561,1,AT1G76955,AT1G76955,AT1G76955,0.0
5,Chr5_10758530.0,10758530,0.001757627,0,,,,
3,Chr3_23098718.0,23098718,0.001758603,0,,,,
1,Chr1_7074649.0,7074649,0.001758796,1,AT1G20400,AT1G20400,AT1G20400,0.0
1,Chr1_24287516.0,24287516,0.001759228,1,AT1G65380,AT1G65380,AT1G65380,0.0
1,Chr1_24287683.0,24287683,0.001759228,1,AT1G65380,AT1G65380,AT1G65380,0.0
1,Chr1_24288193.0,24288193,0.001759228,1,AT1G65380,AT1G65380,AT1G65380,0.0
1,Chr1_16608842.0,16608842,0.001760393,0,,,,
4,Chr4_4064386.0,4064386,0.001760406,0,,,,
1,Chr1_17491860.0,17491860,0.001760429,1,AT1G47600,AT1G47600,AT1G47600,0.0
3,Chr3_1291185.0,1291185,0.001760492,0,,,,
3,Chr3_3187757.0,3187757,0.00176072,1,AT3G10300,AT3G10300,AT3G10300,0.0
3,Chr3_3187763.0,3187763,0.00176072,1,AT3G10300,AT3G10300,AT3G10300,0.0
3,Chr3_19136600.0,19136600,0.001760824,1,AT3G51590,AT3G51590,AT3G51590,0.0
1,Chr1_625555.0,625555,0.001760971,1,AT1G02830,AT1G02830,AT1G02830,0.0
1,Chr1_625583.0,625583,0.001760971,1,AT1G02830,AT1G02830,AT1G02830,0.0
1,Chr1_625701.0,625701,0.001760971,0,,,,
1,Chr1_625762.0,625762,0.001760971,0,,,,
1,Chr1_625789.0,625789,0.001760971,0,,,,
1,Chr1_625795.0,625795,0.001760971,0,,,,
1,Chr1_625803.0,625803,0.001760971,0,,,,
1,Chr1_625832.0,625832,0.001760971,0,,,,
1,Chr1_625837.0,625837,0.001760971,0,,,,
1,Chr1_625839.0,625839,0.001760971,0,,,,
4,Chr4_9198448.0,9198448,0.00176155,1,AT4G16250,AT4G16250,AT4G16250,0.0
4,Chr4_9238553.0,9238553,0.00176155,1,AT4G16340,AT4G16340,AT4G16340,0.0
2,Chr2_1309775.0,1309775,0.001761982,0,,,,
1,Chr1_6472150.0,6472150,0.001762282,0,,,,
4,Chr4_8271395.0,8271395,0.001762471,0,,,,
1,Chr1_1613131.0,1613131,0.001763229,0,,,,
1,Chr1_1613166.0,1613166,0.001763229,0,,,,
2,Chr2_4774076.0,4774076,0.001763758,0,,,,
2,Chr2_4775183.0,4775183,0.001763758,0,,,,
2,Chr2_4782090.0,4782090,0.001763758,0,,,,
1,Chr1_20177407.0,20177407,0.001764772,0,,,,
5,Chr5_2520655.0,2520655,0.001764861,1,AT5G07900,AT5G07900,AT5G07900,0.0
2,Chr2_1003411.0,1003411,0.001765051,0,,,,
4,Chr4_1987013.0,1987013,0.001765206,0,,,,
4,Chr4_7028078.0,7028078,0.001765608,0,,,,
4,Chr4_6030035.0,6030035,0.001765697,0,,,,
4,Chr4_6033434.0,6033434,0.001765697,0,,,,
4,Chr4_6034570.0,6034570,0.001765697,0,,,,
4,Chr4_6034735.0,6034735,0.001765697,0,,,,
4,Chr4_6036435.0,6036435,0.001765697,0,,,,
4,Chr4_6038524.0,6038524,0.001765697,0,,,,
4,Chr4_6044941.0,6044941,0.001765697,0,,,,
4,Chr4_6046300.0,6046300,0.001765697,0,,,,
4,Chr4_6047684.0,6047684,0.001765697,0,,,,
5,Chr5_1519968.0,1519968,0.001766435,1,AT5G05140,AT5G05140,AT5G05140,0.0
1,Chr1_3290395.0,3290395,0.001766777,2,AT1G10070;AT1G10090,AT1G10070,AT1G10070,0.0
1,Chr1_3296231.0,3296231,0.001766777,0,,,,
4,Chr4_6274847.0,6274847,0.001767241,0,,,,
1,Chr1_6653754.0,6653754,0.001767583,0,,,,
4,Chr4_7227260.0,7227260,0.001767601,0,,,,
4,Chr4_2441986.0,2441986,0.001768006,1,AT4G04810,AT4G04810,AT4G04810,0.0
3,Chr3_3186088.0,3186088,0.001768019,0,,,,
3,Chr3_3186089.0,3186089,0.001768019,0,,,,
3,Chr3_3186116.0,3186116,0.001768019,0,,,,
5,Chr5_10674003.0,10674003,0.001768197,0,,,,
1,Chr1_6660582.0,6660582,0.001768491,0,,,,
5,Chr5_20502005.0,20502005,0.001769042,0,,,,
4,Chr4_8304800.0,8304800,0.001769238,1,AT4G14430,AT4G14430,AT4G14430,0.0
4,Chr4_8084652.0,8084652,0.001769355,1,AT4G13990,AT4G13990,AT4G13990,0.0
4,Chr4_8086046.0,8086046,0.001769355,1,AT4G13990,AT4G13990,AT4G13990,0.0
3,Chr3_3174460.0,3174460,0.001769362,1,AT3G10270,AT3G10270,AT3G10270,0.0
3,Chr3_4778277.0,4778277,0.001769565,1,AT3G14320,AT3G14320,AT3G14320,0.0
4,Chr4_7593281.0,7593281,0.001769871,0,,,,
3,Chr3_12173983.0,12173983,0.001770866,0,,,,
4,Chr4_9999026.0,9999026,0.001770935,0,,,,
5,Chr5_19493445.0,19493445,0.001770984,0,,,,
2,Chr2_15720518.0,15720518,0.001771056,1,AT2G37440,AT2G37440,AT2G37440,0.0
3,Chr3_3185914.0,3185914,0.001771193,0,,,,
1,Chr1_3268272.0,3268272,0.00177189,1,AT1G10010,AT1G10010,AT1G10010,0.0
1,Chr1_3268444.0,3268444,0.00177189,1,AT1G10010,AT1G10010,AT1G10010,0.0
4,Chr4_8971057.0,8971057,0.001772106,1,AT4G15755,AT4G15755,AT4G15755,0.0
3,Chr3_239676.0,239676,0.001772991,1,AT3G01640,AT3G01640,AT3G01640,0.0
3,Chr3_239678.0,239678,0.001772991,1,AT3G01640,AT3G01640,AT3G01640,0.0
1,Chr1_2144086.0,2144086,0.001775431,0,,,,
4,Chr4_4669765.0,4669765,0.001775513,0,,,,
4,Chr4_18386479.0,18386479,0.001776447,1,AT4G39580,AT4G39580,AT4G39580,0.0
2,Chr2_9285722.0,9285722,0.001776965,1,AT2G21770,AT2G21770,AT2G21770,0.0
2,Chr2_9289645.0,9289645,0.001776965,0,,,,
3,Chr3_18640425.0,18640425,0.001777515,1,AT3G50290,AT3G50290,AT3G50290,0.0
1,Chr1_28652717.0,28652717,0.001778973,1,AT1G76380,AT1G76380,AT1G76380,0.0
4,Chr4_3166033.0,3166033,0.001779239,0,,,,
2,Chr2_8620552.0,8620552,0.001779486,1,AT2G19950,AT2G19950,AT2G19950,0.0
1,Chr1_14299433.0,14299433,0.001779547,0,,,,
4,Chr4_554439.0,554439,0.001780312,0,,,,
5,Chr5_8660058.0,8660058,0.001781489,0,,,,
4,Chr4_7907911.0,7907911,0.001781643,0,,,,
3,Chr3_8660597.0,8660597,0.001781725,1,AT3G23970,AT3G23970,AT3G23970,0.0
3,Chr3_8660598.0,8660598,0.001781725,1,AT3G23970,AT3G23970,AT3G23970,0.0
1,Chr1_1254283.0,1254283,0.00178175,1,AT1G04580,AT1G04580,AT1G04580,0.0
1,Chr1_1269388.0,1269388,0.00178175,1,AT1G04600,AT1G04600,AT1G04600,0.0
1,Chr1_1274811.0,1274811,0.00178175,0,,,,
1,Chr1_1275438.0,1275438,0.00178175,0,,,,
1,Chr1_1277804.0,1277804,0.00178175,0,,,,
1,Chr1_1285958.0,1285958,0.00178175,1,AT1G04620,AT1G04620,AT1G04620,0.0
1,Chr1_1288998.0,1288998,0.00178175,1,AT1G04625,AT1G04625,AT1G04625,0.0
1,Chr1_1289809.0,1289809,0.00178175,2,AT1G04625;AT1G04630,AT1G04625,AT1G04625,0.0
1,Chr1_1290134.0,1290134,0.00178175,1,AT1G04630,AT1G04630,AT1G04630,0.0
1,Chr1_1291906.0,1291906,0.00178175,1,AT1G04635,AT1G04635,AT1G04635,0.0
1,Chr1_1295536.0,1295536,0.00178175,1,AT1G04650,AT1G04650,AT1G04650,0.0
1,Chr1_1302994.0,1302994,0.00178175,0,,,,
1,Chr1_1307153.0,1307153,0.00178175,1,AT1G04680,AT1G04680,AT1G04680,0.0
3,Chr3_20593434.0,20593434,0.001781949,0,,,,
5,Chr5_22902887.0,22902887,0.001782065,1,AT5G56570,AT5G56570,AT5G56570,0.0
5,Chr5_22902905.0,22902905,0.001782065,1,AT5G56570,AT5G56570,AT5G56570,0.0
2,Chr2_6431805.0,6431805,0.001782266,1,AT2G14935,AT2G14935,AT2G14935,0.0
1,Chr1_18173927.0,18173927,0.001782517,1,AT1G49120,AT1G49120,AT1G49120,0.0
1,Chr1_18173930.0,18173930,0.001782517,1,AT1G49120,AT1G49120,AT1G49120,0.0
2,Chr2_2457749.0,2457749,0.001782905,1,AT2G06255,AT2G06255,AT2G06255,0.0
1,Chr1_16591054.0,16591054,0.001782929,0,,,,
3,Chr3_16216316.0,16216316,0.001783072,0,,,,
5,Chr5_19512048.0,19512048,0.001783274,1,AT5G48120,AT5G48120,AT5G48120,0.0
5,Chr5_19513225.0,19513225,0.001783274,1,AT5G48120,AT5G48120,AT5G48120,0.0
1,Chr1_24784673.0,24784673,0.001783408,0,,,,
2,Chr2_5380848.0,5380848,0.001783431,0,,,,
5,Chr5_13816209.0,13816209,0.001783739,0,,,,
2,Chr2_13888008.0,13888008,0.001784713,1,AT2G32740,AT2G32740,AT2G32740,0.0
2,Chr2_13888028.0,13888028,0.001784713,1,AT2G32740,AT2G32740,AT2G32740,0.0
3,Chr3_4503274.0,4503274,0.001784765,0,,,,
2,Chr2_13888293.0,13888293,0.001786863,0,,,,
4,Chr4_5596384.0,5596384,0.001786973,0,,,,
5,Chr5_9387027.0,9387027,0.001787617,0,,,,
5,Chr5_9387630.0,9387630,0.001787617,0,,,,
2,Chr2_13311414.0,13311414,0.001787632,0,,,,
3,Chr3_3571345.0,3571345,0.001787674,1,AT3G11390,AT3G11390,AT3G11390,0.0
3,Chr3_21324031.0,21324031,0.001789329,0,,,,
4,Chr4_1049845.0,1049845,0.001789808,0,,,,
4,Chr4_1052755.0,1052755,0.001789808,1,AT4G02390,AT4G02390,AT4G02390,0.0
4,Chr4_1053920.0,1053920,0.001789808,1,AT4G02390,AT4G02390,AT4G02390,0.0
4,Chr4_1057937.0,1057937,0.001789808,2,AT4G02400;AT4G02405,AT4G02400,AT4G02400,0.0
4,Chr4_1058126.0,1058126,0.001789808,1,AT4G02405,AT4G02405,AT4G02405,0.0
4,Chr4_1059241.0,1059241,0.001789808,1,AT4G02405,AT4G02405,AT4G02405,0.0
4,Chr4_1093860.0,1093860,0.001789808,1,AT4G02485,AT4G02485,AT4G02485,0.0
4,Chr4_1104497.0,1104497,0.001789808,0,,,,
1,Chr1_29741091.0,29741091,0.001789815,0,,,,
5,Chr5_20210362.0,20210362,0.00179004,0,,,,
2,Chr2_11092930.0,11092930,0.001790306,1,AT2G26030,AT2G26030,AT2G26030,0.0
1,Chr1_13107089.0,13107089,0.001790354,0,,,,
1,Chr1_4244945.0,4244945,0.001790682,1,AT1G12450,AT1G12450,AT1G12450,0.0
5,Chr5_18956961.0,18956961,0.001790722,0,,,,
4,Chr4_3781937.0,3781937,0.001792005,0,,,,
5,Chr5_7387743.0,7387743,0.001793084,0,,,,
2,Chr2_7330138.0,7330138,0.001793318,0,,,,
3,Chr3_15650386.0,15650386,0.001793788,0,,,,
3,Chr3_12013731.0,12013731,0.00179401,0,,,,
1,Chr1_16624617.0,16624617,0.001794864,0,,,,
5,Chr5_13716832.0,13716832,0.001794909,0,,,,
5,Chr5_7481295.0,7481295,0.001795709,0,,,,
2,Chr2_11642836.0,11642836,0.001795936,0,,,,
2,Chr2_11645766.0,11645766,0.001795936,0,,,,
4,Chr4_3767825.0,3767825,0.00179599,0,,,,
4,Chr4_6786018.0,6786018,0.001796181,0,,,,
4,Chr4_6146015.0,6146015,0.001796267,0,,,,
1,Chr1_17721829.0,17721829,0.001796333,1,AT1G48040,AT1G48040,AT1G48040,0.0
5,Chr5_20071702.0,20071702,0.001797182,0,,,,
2,Chr2_10072056.0,10072056,0.001797834,0,,,,
5,Chr5_12319331.0,12319331,0.001798047,0,,,,
5,Chr5_12319332.0,12319332,0.001798047,0,,,,
5,Chr5_12319375.0,12319375,0.001798047,0,,,,
5,Chr5_13602685.0,13602685,0.001798053,0,,,,
4,Chr4_10002346.0,10002346,0.001798274,0,,,,
5,Chr5_17415310.0,17415310,0.001798368,0,,,,
5,Chr5_13633746.0,13633746,0.001798621,0,,,,
3,Chr3_19564449.0,19564449,0.001798808,0,,,,
2,Chr2_19303544.0,19303544,0.001798966,1,AT2G46980,AT2G46980,AT2G46980,0.0
2,Chr2_19303601.0,19303601,0.001798966,1,AT2G46980,AT2G46980,AT2G46980,0.0
2,Chr2_19303604.0,19303604,0.001798966,1,AT2G46980,AT2G46980,AT2G46980,0.0
2,Chr2_19303628.0,19303628,0.001798966,1,AT2G46980,AT2G46980,AT2G46980,0.0
2,Chr2_19303639.0,19303639,0.001798966,1,AT2G46980,AT2G46980,AT2G46980,0.0
2,Chr2_19303818.0,19303818,0.001798966,1,AT2G46980,AT2G46980,AT2G46980,0.0
2,Chr2_19303949.0,19303949,0.001798966,1,AT2G46980,AT2G46980,AT2G46980,0.0
2,Chr2_19303960.0,19303960,0.001798966,1,AT2G46980,AT2G46980,AT2G46980,0.0
2,Chr2_19304017.0,19304017,0.001798966,1,AT2G46980,AT2G46980,AT2G46980,0.0
2,Chr2_19304058.0,19304058,0.001798966,1,AT2G46980,AT2G46980,AT2G46980,0.0
2,Chr2_19304118.0,19304118,0.001798966,1,AT2G46980,AT2G46980,AT2G46980,0.0
5,Chr5_7673907.0,7673907,0.001799147,0,,,,
5,Chr5_2134235.0,2134235,0.001799203,1,AT5G06870,AT5G06870,AT5G06870,0.0
5,Chr5_2137474.0,2137474,0.001799203,1,AT5G06900,AT5G06900,AT5G06900,0.0
5,Chr5_2139219.0,2139219,0.001799203,1,AT5G06905,AT5G06905,AT5G06905,0.0
5,Chr5_2139407.0,2139407,0.001799203,1,AT5G06905,AT5G06905,AT5G06905,0.0
3,Chr3_20566340.0,20566340,0.001799305,1,AT3G55480,AT3G55480,AT3G55480,0.0
1,Chr1_24405190.0,24405190,0.001799336,0,,,,
2,Chr2_5882430.0,5882430,0.001799669,0,,,,
3,Chr3_10611545.0,10611545,0.001800582,1,AT3G28360,AT3G28360,AT3G28360,0.0
1,Chr1_4079794.0,4079794,0.001800752,1,AT1G12070,AT1G12070,AT1G12070,0.0
3,Chr3_15432884.0,15432884,0.001800765,1,AT3G43540,AT3G43540,AT3G43540,0.0
3,Chr3_12040024.0,12040024,0.001800801,0,,,,
2,Chr2_2354668.0,2354668,0.001800886,1,AT2G06040,AT2G06040,AT2G06040,0.0
1,Chr1_8272814.0,8272814,0.00180091,0,,,,
4,Chr4_17653693.0,17653693,0.001801768,0,,,,
5,Chr5_12573940.0,12573940,0.001801831,0,,,,
4,Chr4_3433170.0,3433170,0.001802176,0,,,,
2,Chr2_19553791.0,19553791,0.0018022,1,AT2G47700,AT2G47700,AT2G47700,0.0
4,Chr4_15396925.0,15396925,0.001802534,0,,,,
2,Chr2_6953972.0,6953972,0.001802672,0,,,,
2,Chr2_4869491.0,4869491,0.001803069,0,,,,
5,Chr5_10700362.0,10700362,0.001803416,0,,,,
3,Chr3_15814234.0,15814234,0.001803501,0,,,,
1,Chr1_1592362.0,1592362,0.001803681,0,,,,
1,Chr1_12240386.0,12240386,0.001805088,0,,,,
3,Chr3_14886207.0,14886207,0.001805229,0,,,,
1,Chr1_3250260.0,3250260,0.001805403,0,,,,
1,Chr1_2403149.0,2403149,0.001805526,0,,,,
4,Chr4_1957645.0,1957645,0.00180641,0,,,,
1,Chr1_23254868.0,23254868,0.001806478,1,AT1G62800,AT1G62800,AT1G62800,0.0
1,Chr1_23254902.0,23254902,0.001806478,1,AT1G62800,AT1G62800,AT1G62800,0.0
1,Chr1_23254912.0,23254912,0.001806478,1,AT1G62800,AT1G62800,AT1G62800,0.0
3,Chr3_13871506.0,13871506,0.001806561,0,,,,
1,Chr1_4724544.0,4724544,0.001806735,0,,,,
1,Chr1_2236703.0,2236703,0.001807324,0,,,,
3,Chr3_15849076.0,15849076,0.001807499,0,,,,
1,Chr1_3889119.0,3889119,0.001807964,1,AT1G11580,AT1G11580,AT1G11580,0.0
1,Chr1_3889553.0,3889553,0.001807964,1,AT1G11580,AT1G11580,AT1G11580,0.0
1,Chr1_3891167.0,3891167,0.001807964,0,,,,
1,Chr1_3891908.0,3891908,0.001807964,0,,,,
1,Chr1_3892834.0,3892834,0.001807964,1,AT1G11590,AT1G11590,AT1G11590,0.0
1,Chr1_5780824.0,5780824,0.00180873,1,AT1G16900,AT1G16900,AT1G16900,0.0
2,Chr2_6682725.0,6682725,0.001808928,0,,,,
3,Chr3_6706223.0,6706223,0.001809159,0,,,,
3,Chr3_3510179.0,3510179,0.001810237,1,AT3G11200,AT3G11200,AT3G11200,0.0
5,Chr5_15329131.0,15329131,0.001810299,1,AT5G38350,AT5G38350,AT5G38350,0.0
1,Chr1_28899750.0,28899750,0.001810332,0,,,,
1,Chr1_23749569.0,23749569,0.001810334,0,,,,
1,Chr1_23749710.0,23749710,0.001810334,0,,,,
1,Chr1_23749715.0,23749715,0.001810334,0,,,,
3,Chr3_15767207.0,15767207,0.001810388,0,,,,
4,Chr4_4456990.0,4456990,0.001810948,1,AT4G07666,AT4G07666,AT4G07666,0.0
4,Chr4_4456991.0,4456991,0.001810948,1,AT4G07666,AT4G07666,AT4G07666,0.0
4,Chr4_4957241.0,4957241,0.001810981,0,,,,
5,Chr5_26328291.0,26328291,0.001811574,0,,,,
3,Chr3_7906247.0,7906247,0.001811842,0,,,,
2,Chr2_13880598.0,13880598,0.001812126,1,AT2G32730,AT2G32730,AT2G32730,0.0
2,Chr2_13884327.0,13884327,0.001812126,1,AT2G32730,AT2G32730,AT2G32730,0.0
1,Chr1_25662762.0,25662762,0.001812508,0,,,,
5,Chr5_16042961.0,16042961,0.001812727,1,AT5G40090,AT5G40090,AT5G40090,0.0
5,Chr5_16042962.0,16042962,0.001812727,1,AT5G40090,AT5G40090,AT5G40090,0.0
5,Chr5_16044877.0,16044877,0.001812727,1,AT5G40100,AT5G40100,AT5G40100,0.0
1,Chr1_20866848.0,20866848,0.001812783,1,AT1G55820,AT1G55820,AT1G55820,0.0
3,Chr3_21505.0,21505,0.001813114,0,,,,
3,Chr3_15407071.0,15407071,0.001813503,1,AT3G43520,AT3G43520,AT3G43520,0.0
2,Chr2_11119501.0,11119501,0.001813552,0,,,,
1,Chr1_4236563.0,4236563,0.00181377,1,AT1G12430,AT1G12430,AT1G12430,0.0
3,Chr3_22610204.0,22610204,0.00181399,0,,,,
3,Chr3_22616574.0,22616574,0.00181399,0,,,,
5,Chr5_16047271.0,16047271,0.001814171,1,AT5G40100,AT5G40100,AT5G40100,0.0
5,Chr5_16047374.0,16047374,0.001814171,0,,,,
2,Chr2_12923245.0,12923245,0.001814174,1,AT2G30310,AT2G30310,AT2G30310,0.0
1,Chr1_22891585.0,22891585,0.001814196,0,,,,
1,Chr1_8288138.0,8288138,0.001814283,0,,,,
2,Chr2_9291723.0,9291723,0.001814821,0,,,,
2,Chr2_6166754.0,6166754,0.001815085,0,,,,
5,Chr5_21385777.0,21385777,0.001815345,0,,,,
1,Chr1_12657455.0,12657455,0.001815969,1,AT1G34575,AT1G34575,AT1G34575,0.0
1,Chr1_22387081.0,22387081,0.001817294,1,AT1G60800,AT1G60800,AT1G60800,0.0
1,Chr1_11124485.0,11124485,0.001817656,0,,,,
2,Chr2_18795923.0,18795923,0.00181783,0,,,,
2,Chr2_11759756.0,11759756,0.001817852,0,,,,
2,Chr2_19484920.0,19484920,0.001817945,0,,,,
4,Chr4_11673181.0,11673181,0.001818006,1,AT4G22030,AT4G22030,AT4G22030,0.0
4,Chr4_3823499.0,3823499,0.001818158,0,,,,
4,Chr4_997349.0,997349,0.001818226,1,AT4G02280,AT4G02280,AT4G02280,0.0
1,Chr1_22700230.0,22700230,0.001818299,1,AT1G61520,AT1G61520,AT1G61520,0.0
5,Chr5_21050301.0,21050301,0.001818533,1,AT5G51800,AT5G51800,AT5G51800,0.0
5,Chr5_17741113.0,17741113,0.001819062,0,,,,
4,Chr4_2525414.0,2525414,0.001819352,0,,,,
4,Chr4_2525599.0,2525599,0.001819352,0,,,,
4,Chr4_2525925.0,2525925,0.001819352,0,,,,
4,Chr4_2525988.0,2525988,0.001819352,0,,,,
4,Chr4_2526033.0,2526033,0.001819352,0,,,,
4,Chr4_2526060.0,2526060,0.001819352,0,,,,
4,Chr4_2526288.0,2526288,0.001819352,0,,,,
4,Chr4_2526699.0,2526699,0.001819352,0,,,,
4,Chr4_2526766.0,2526766,0.001819352,0,,,,
4,Chr4_2526855.0,2526855,0.001819352,1,AT4G04957,AT4G04957,AT4G04957,0.0
4,Chr4_2527111.0,2527111,0.001819352,1,AT4G04957,AT4G04957,AT4G04957,0.0
4,Chr4_2527141.0,2527141,0.001819352,1,AT4G04957,AT4G04957,AT4G04957,0.0
4,Chr4_2527228.0,2527228,0.001819352,1,AT4G04957,AT4G04957,AT4G04957,0.0
4,Chr4_5487070.0,5487070,0.001819547,0,,,,
2,Chr2_5348549.0,5348549,0.001819836,0,,,,
1,Chr1_3308841.0,3308841,0.001820616,0,,,,
1,Chr1_696639.0,696639,0.001820844,0,,,,
5,Chr5_6690405.0,6690405,0.001820844,0,,,,
4,Chr4_8385591.0,8385591,0.001821183,0,,,,
3,Chr3_8414538.0,8414538,0.001821335,0,,,,
3,Chr3_8414642.0,8414642,0.001821335,0,,,,
3,Chr3_8414674.0,8414674,0.001821335,0,,,,
5,Chr5_14552483.0,14552483,0.001821512,0,,,,
4,Chr4_15943000.0,15943000,0.001821523,0,,,,
4,Chr4_15944927.0,15944927,0.001821523,1,AT4G33050,AT4G33050,AT4G33050,0.0
4,Chr4_15945932.0,15945932,0.001821523,1,AT4G33050,AT4G33050,AT4G33050,0.0
4,Chr4_15947072.0,15947072,0.001821523,0,,,,
4,Chr4_15947970.0,15947970,0.001821523,0,,,,
4,Chr4_6399959.0,6399959,0.001821691,1,AT4G10320,AT4G10320,AT4G10320,0.0
4,Chr4_6405638.0,6405638,0.001821691,0,,,,
3,Chr3_2098285.0,2098285,0.001821907,1,AT3G66658,AT3G66658,AT3G66658,0.0
1,Chr1_24011466.0,24011466,0.00182273,0,,,,
2,Chr2_17745588.0,17745588,0.001823021,0,,,,
2,Chr2_318335.0,318335,0.001824257,1,AT2G01720,AT2G01720,AT2G01720,0.0
3,Chr3_15798580.0,15798580,0.001825051,0,,,,
5,Chr5_10368029.0,10368029,0.001826762,0,,,,
5,Chr5_10368743.0,10368743,0.001826762,1,AT5G28442,AT5G28442,AT5G28442,0.0
5,Chr5_10369606.0,10369606,0.001826762,0,,,,
5,Chr5_10727160.0,10727160,0.001826764,0,,,,
5,Chr5_2374258.0,2374258,0.001827278,0,,,,
2,Chr2_5542458.0,5542458,0.001827355,1,AT2G13363,AT2G13363,AT2G13363,0.0
1,Chr1_7439508.0,7439508,0.001827756,1,AT1G21250,AT1G21250,AT1G21250,0.0
5,Chr5_22906603.0,22906603,0.001828286,1,AT5G56580,AT5G56580,AT5G56580,0.0
1,Chr1_4370798.0,4370798,0.001828287,1,AT1G12820,AT1G12820,AT1G12820,0.0
4,Chr4_5909911.0,5909911,0.001828979,0,,,,
4,Chr4_7976499.0,7976499,0.001830114,1,AT4G13750,AT4G13750,AT4G13750,0.0
4,Chr4_7978120.0,7978120,0.001830114,1,AT4G13750,AT4G13750,AT4G13750,0.0
4,Chr4_7984282.0,7984282,0.001830114,1,AT4G13750,AT4G13750,AT4G13750,0.0
5,Chr5_26846269.0,26846269,0.001830257,0,,,,
1,Chr1_5505750.0,5505750,0.001830949,1,AT1G16040,AT1G16040,AT1G16040,0.0
5,Chr5_11566135.0,11566135,0.001831401,0,,,,
2,Chr2_4864219.0,4864219,0.001831655,0,,,,
2,Chr2_4864390.0,4864390,0.001831655,0,,,,
1,Chr1_4328521.0,4328521,0.001832246,0,,,,
1,Chr1_4068231.0,4068231,0.001832544,0,,,,
1,Chr1_16628823.0,16628823,0.001832767,0,,,,
1,Chr1_2104213.0,2104213,0.001833027,0,,,,
2,Chr2_19080735.0,19080735,0.001833122,1,AT2G46493,AT2G46493,AT2G46493,0.0
4,Chr4_1358142.0,1358142,0.001834083,0,,,,
5,Chr5_22720704.0,22720704,0.001835629,0,,,,
5,Chr5_22720829.0,22720829,0.001835629,0,,,,
5,Chr5_22720846.0,22720846,0.001835629,0,,,,
5,Chr5_22720850.0,22720850,0.001835629,0,,,,
3,Chr3_15545609.0,15545609,0.001836198,0,,,,
1,Chr1_22890745.0,22890745,0.001836259,0,,,,
1,Chr1_26295364.0,26295364,0.001838002,1,AT1G69840,AT1G69840,AT1G69840,0.0
3,Chr3_14241136.0,14241136,0.001838278,0,,,,
5,Chr5_14728926.0,14728926,0.001838308,0,,,,
3,Chr3_2678964.0,2678964,0.001838334,1,AT3G08820,AT3G08820,AT3G08820,0.0
3,Chr3_2683378.0,2683378,0.001838334,1,AT3G08840,AT3G08840,AT3G08840,0.0
3,Chr3_2689438.0,2689438,0.001838334,1,AT3G08850,AT3G08850,AT3G08850,0.0
3,Chr3_2693370.0,2693370,0.001838334,1,AT3G08850,AT3G08850,AT3G08850,0.0
2,Chr2_10140977.0,10140977,0.001838445,1,AT2G23820,AT2G23820,AT2G23820,0.0
4,Chr4_3586901.0,3586901,0.001838471,0,,,,
5,Chr5_21660480.0,21660480,0.001838689,0,,,,
3,Chr3_15415667.0,15415667,0.00183869,0,,,,
4,Chr4_8942613.0,8942613,0.001839275,0,,,,
4,Chr4_8943285.0,8943285,0.001839275,0,,,,
4,Chr4_8943536.0,8943536,0.001839275,0,,,,
4,Chr4_8944407.0,8944407,0.001839275,0,,,,
4,Chr4_8944784.0,8944784,0.001839275,0,,,,
4,Chr4_3762586.0,3762586,0.001839415,0,,,,
4,Chr4_2310310.0,2310310,0.001839672,0,,,,
4,Chr4_2310375.0,2310375,0.001839672,0,,,,
2,Chr2_15709088.0,15709088,0.001840403,0,,,,
1,Chr1_13593327.0,13593327,0.001840587,0,,,,
4,Chr4_830678.0,830678,0.001840861,1,AT4G01920,AT4G01920,AT4G01920,0.0
2,Chr2_317229.0,317229,0.001841855,1,AT2G01720,AT2G01720,AT2G01720,0.0
3,Chr3_7227177.0,7227177,0.001842255,1,AT3G20660,AT3G20660,AT3G20660,0.0
5,Chr5_3543190.0,3543190,0.001842339,1,AT5G11130,AT5G11130,AT5G11130,0.0
5,Chr5_3543202.0,3543202,0.001842339,1,AT5G11130,AT5G11130,AT5G11130,0.0
5,Chr5_3543207.0,3543207,0.001842339,1,AT5G11130,AT5G11130,AT5G11130,0.0
5,Chr5_3543305.0,3543305,0.001842339,1,AT5G11130,AT5G11130,AT5G11130,0.0
5,Chr5_10727217.0,10727217,0.001843309,0,,,,
5,Chr5_18926479.0,18926479,0.001843542,1,AT5G46640,AT5G46640,AT5G46640,0.0
2,Chr2_1276099.0,1276099,0.001843564,0,,,,
3,Chr3_5258016.0,5258016,0.001844099,0,,,,
2,Chr2_13855423.0,13855423,0.001844189,1,AT2G32660,AT2G32660,AT2G32660,0.0
5,Chr5_23767377.0,23767377,0.001844439,1,AT5G58860,AT5G58860,AT5G58860,0.0
1,Chr1_18214720.0,18214720,0.001844953,0,,,,
5,Chr5_9844839.0,9844839,0.001845059,0,,,,
5,Chr5_9845279.0,9845279,0.001845059,0,,,,
5,Chr5_9847000.0,9847000,0.001845059,0,,,,
1,Chr1_22995085.0,22995085,0.001845243,1,AT1G62240,AT1G62240,AT1G62240,0.0
1,Chr1_22999775.0,22999775,0.001845243,1,AT1G62260,AT1G62260,AT1G62260,0.0
4,Chr4_8401058.0,8401058,0.001845245,1,AT4G14650,AT4G14650,AT4G14650,0.0
2,Chr2_6949449.0,6949449,0.001845499,0,,,,
5,Chr5_8765680.0,8765680,0.001845937,0,,,,
5,Chr5_8765681.0,8765681,0.001845937,0,,,,
4,Chr4_3881225.0,3881225,0.001846352,0,,,,
2,Chr2_7587754.0,7587754,0.001846668,1,AT2G17470,AT2G17470,AT2G17470,0.0
2,Chr2_17827852.0,17827852,0.001847072,0,,,,
2,Chr2_17833296.0,17833296,0.001847072,1,AT2G42850,AT2G42850,AT2G42850,0.0
2,Chr2_17839964.0,17839964,0.001847072,0,,,,
2,Chr2_5174091.0,5174091,0.00184793,0,,,,
2,Chr2_5174255.0,5174255,0.00184793,0,,,,
5,Chr5_26416874.0,26416874,0.001848459,1,AT5G66052,AT5G66052,AT5G66052,0.0
1,Chr1_12657029.0,12657029,0.001848718,0,,,,
1,Chr1_12186788.0,12186788,0.001849182,0,,,,
3,Chr3_3548722.0,3548722,0.001849223,1,AT3G11320,AT3G11320,AT3G11320,0.0
3,Chr3_16830701.0,16830701,0.001850299,1,AT3G45800,AT3G45800,AT3G45800,0.0
3,Chr3_16830712.0,16830712,0.001850299,1,AT3G45800,AT3G45800,AT3G45800,0.0
2,Chr2_19491515.0,19491515,0.001850731,0,,,,
1,Chr1_3221053.0,3221053,0.00185083,1,AT1G09910,AT1G09910,AT1G09910,0.0
1,Chr1_6857440.0,6857440,0.001851081,1,AT1G19835,AT1G19835,AT1G19835,0.0
1,Chr1_6857460.0,6857460,0.001851081,1,AT1G19835,AT1G19835,AT1G19835,0.0
1,Chr1_6857461.0,6857461,0.001851081,1,AT1G19835,AT1G19835,AT1G19835,0.0
1,Chr1_6857465.0,6857465,0.001851081,1,AT1G19835,AT1G19835,AT1G19835,0.0
1,Chr1_6857594.0,6857594,0.001851081,1,AT1G19835,AT1G19835,AT1G19835,0.0
1,Chr1_6857634.0,6857634,0.001851081,1,AT1G19835,AT1G19835,AT1G19835,0.0
1,Chr1_6857753.0,6857753,0.001851081,1,AT1G19835,AT1G19835,AT1G19835,0.0
1,Chr1_6857772.0,6857772,0.001851081,1,AT1G19835,AT1G19835,AT1G19835,0.0
1,Chr1_6857795.0,6857795,0.001851081,1,AT1G19835,AT1G19835,AT1G19835,0.0
1,Chr1_6857805.0,6857805,0.001851081,1,AT1G19835,AT1G19835,AT1G19835,0.0
1,Chr1_6857840.0,6857840,0.001851081,1,AT1G19835,AT1G19835,AT1G19835,0.0
1,Chr1_6857909.0,6857909,0.001851081,1,AT1G19835,AT1G19835,AT1G19835,0.0
4,Chr4_15281401.0,15281401,0.001851616,1,AT4G31520,AT4G31520,AT4G31520,0.0
4,Chr4_15281443.0,15281443,0.001851616,1,AT4G31520,AT4G31520,AT4G31520,0.0
5,Chr5_10862502.0,10862502,0.001852193,1,AT5G28840,AT5G28840,AT5G28840,0.0
3,Chr3_18701300.0,18701300,0.001852515,0,,,,
1,Chr1_16565058.0,16565058,0.001852828,1,AT1G43780,AT1G43780,AT1G43780,0.0
1,Chr1_6006452.0,6006452,0.001853092,0,,,,
3,Chr3_14408878.0,14408878,0.001853672,0,,,,
3,Chr3_14408958.0,14408958,0.001853672,0,,,,
3,Chr3_17994429.0,17994429,0.001853812,1,AT3G48550,AT3G48550,AT3G48550,0.0
4,Chr4_2966621.0,2966621,0.001854016,0,,,,
1,Chr1_4005263.0,4005263,0.001854816,1,AT1G11870,AT1G11870,AT1G11870,0.0
1,Chr1_4005292.0,4005292,0.001854816,1,AT1G11870,AT1G11870,AT1G11870,0.0
1,Chr1_4008593.0,4008593,0.001854816,1,AT1G11880,AT1G11880,AT1G11880,0.0
1,Chr1_4014919.0,4014919,0.001854816,1,AT1G11905,AT1G11905,AT1G11905,0.0
1,Chr1_4018451.0,4018451,0.001854816,1,AT1G11910,AT1G11910,AT1G11910,0.0
1,Chr1_4019517.0,4019517,0.001854816,1,AT1G11910,AT1G11910,AT1G11910,0.0
1,Chr1_14459097.0,14459097,0.001855514,0,,,,
2,Chr2_5629870.0,5629870,0.001855808,0,,,,
5,Chr5_10773212.0,10773212,0.001856325,0,,,,
3,Chr3_21754146.0,21754146,0.00185645,1,AT3G58820,AT3G58820,AT3G58820,0.0
3,Chr3_15957932.0,15957932,0.001856511,0,,,,
1,Chr1_21990502.0,21990502,0.001858529,0,,,,
3,Chr3_15416979.0,15416979,0.001859593,0,,,,
3,Chr3_15417063.0,15417063,0.001859593,0,,,,
3,Chr3_15417311.0,15417311,0.001859593,0,,,,
1,Chr1_2848072.0,2848072,0.001860397,0,,,,
4,Chr4_17404442.0,17404442,0.001861474,1,AT4G36925,AT4G36925,AT4G36925,0.0
1,Chr1_4400921.0,4400921,0.001861519,1,AT1G12930,AT1G12930,AT1G12930,0.0
4,Chr4_12013594.0,12013594,0.001861569,1,AT4G22910,AT4G22910,AT4G22910,0.0
2,Chr2_2322780.0,2322780,0.001861892,1,AT2G05990,AT2G05990,AT2G05990,0.0
4,Chr4_10631906.0,10631906,0.001862054,0,,,,
4,Chr4_10632014.0,10632014,0.001862054,0,,,,
5,Chr5_22631593.0,22631593,0.001862513,0,,,,
4,Chr4_5932890.0,5932890,0.001862535,0,,,,
2,Chr2_3099234.0,3099234,0.001863202,0,,,,
3,Chr3_15850081.0,15850081,0.001863212,0,,,,
1,Chr1_2312141.0,2312141,0.001863246,0,,,,
2,Chr2_13826318.0,13826318,0.001863538,1,AT2G32560,AT2G32560,AT2G32560,0.0
2,Chr2_13828188.0,13828188,0.001863538,1,AT2G32580,AT2G32580,AT2G32580,0.0
5,Chr5_26265921.0,26265921,0.001863738,0,,,,
4,Chr4_18332466.0,18332466,0.001864793,0,,,,
5,Chr5_21456669.0,21456669,0.001864813,0,,,,
1,Chr1_26766784.0,26766784,0.001865075,0,,,,
4,Chr4_7962852.0,7962852,0.001865112,1,AT4G13710,AT4G13710,AT4G13710,0.0
4,Chr4_1635782.0,1635782,0.001866143,0,,,,
3,Chr3_1461514.0,1461514,0.00186651,1,AT3G05165,AT3G05165,AT3G05165,0.0
3,Chr3_1461524.0,1461524,0.00186651,1,AT3G05165,AT3G05165,AT3G05165,0.0
1,Chr1_21207474.0,21207474,0.001866647,0,,,,
2,Chr2_18795973.0,18795973,0.001867159,1,AT2G45630,AT2G45630,AT2G45630,0.0
4,Chr4_5821387.0,5821387,0.001867433,0,,,,
4,Chr4_17976086.0,17976086,0.00186852,1,AT4G38390,AT4G38390,AT4G38390,0.0
3,Chr3_15150551.0,15150551,0.00186891,1,AT3G43153,AT3G43153,AT3G43153,0.0
3,Chr3_16286805.0,16286805,0.001869158,1,AT3G44730,AT3G44730,AT3G44730,0.0
3,Chr3_16287408.0,16287408,0.001869158,1,AT3G44730,AT3G44730,AT3G44730,0.0
3,Chr3_16287690.0,16287690,0.001869158,1,AT3G44730,AT3G44730,AT3G44730,0.0
3,Chr3_16290182.0,16290182,0.001869158,1,AT3G44730,AT3G44730,AT3G44730,0.0
4,Chr4_12667635.0,12667635,0.001871551,1,AT4G24530,AT4G24530,AT4G24530,0.0
3,Chr3_14310683.0,14310683,0.001871956,1,AT3G42150,AT3G42150,AT3G42150,0.0
2,Chr2_5280827.0,5280827,0.0018721,0,,,,
2,Chr2_5280830.0,5280830,0.0018721,0,,,,
5,Chr5_4690479.0,4690479,0.001872164,0,,,,
2,Chr2_2875979.0,2875979,0.001872576,0,,,,
1,Chr1_3765587.0,3765587,0.001872636,0,,,,
4,Chr4_7369091.0,7369091,0.001872727,0,,,,
2,Chr2_15733371.0,15733371,0.001873221,0,,,,
5,Chr5_11593735.0,11593735,0.001873812,0,,,,
5,Chr5_11596095.0,11596095,0.001873812,0,,,,
1,Chr1_10060860.0,10060860,0.001874463,1,AT1G28630,AT1G28630,AT1G28630,0.0
4,Chr4_2311575.0,2311575,0.001874839,0,,,,
3,Chr3_18980627.0,18980627,0.001875125,1,AT3G51100,AT3G51100,AT3G51100,0.0
3,Chr3_18981286.0,18981286,0.001875125,1,AT3G51100,AT3G51100,AT3G51100,0.0
3,Chr3_18981317.0,18981317,0.001875125,1,AT3G51100,AT3G51100,AT3G51100,0.0
3,Chr3_18981782.0,18981782,0.001875125,1,AT3G51100,AT3G51100,AT3G51100,0.0
3,Chr3_18981801.0,18981801,0.001875125,1,AT3G51100,AT3G51100,AT3G51100,0.0
3,Chr3_18981809.0,18981809,0.001875125,1,AT3G51100,AT3G51100,AT3G51100,0.0
3,Chr3_18981837.0,18981837,0.001875125,1,AT3G51100,AT3G51100,AT3G51100,0.0
3,Chr3_18981855.0,18981855,0.001875125,1,AT3G51100,AT3G51100,AT3G51100,0.0
1,Chr1_3745670.0,3745670,0.001875492,0,,,,
1,Chr1_302303.0,302303,0.00187568,1,AT1G01830,AT1G01830,AT1G01830,0.0
3,Chr3_2775964.0,2775964,0.001875789,0,,,,
4,Chr4_8411525.0,8411525,0.001876031,1,AT4G14670,AT4G14670,AT4G14670,0.0
4,Chr4_7027938.0,7027938,0.001876047,0,,,,
4,Chr4_15948472.0,15948472,0.001876131,0,,,,
1,Chr1_4336550.0,4336550,0.001876144,1,AT1G12730,AT1G12730,AT1G12730,0.0
3,Chr3_22913402.0,22913402,0.001876316,0,,,,
4,Chr4_11412800.0,11412800,0.001877372,0,,,,
5,Chr5_19610620.0,19610620,0.001879258,1,AT5G48385,AT5G48385,AT5G48385,0.0
4,Chr4_17532882.0,17532882,0.001880182,0,,,,
1,Chr1_16722429.0,16722429,0.001880437,0,,,,
1,Chr1_16608353.0,16608353,0.001880495,0,,,,
1,Chr1_3295717.0,3295717,0.001881769,1,AT1G10090,AT1G10090,AT1G10090,0.0
1,Chr1_3297645.0,3297645,0.001881769,1,AT1G10095,AT1G10095,AT1G10095,0.0
3,Chr3_10683867.0,10683867,0.001882395,0,,,,
3,Chr3_10684467.0,10684467,0.001882395,0,,,,
3,Chr3_10685359.0,10685359,0.001882395,0,,,,
4,Chr4_9054338.0,9054338,0.001883051,0,,,,
4,Chr4_9054813.0,9054813,0.001883051,0,,,,
1,Chr1_1880333.0,1880333,0.001883235,0,,,,
1,Chr1_1881116.0,1881116,0.001883235,0,,,,
3,Chr3_12759641.0,12759641,0.001883452,0,,,,
3,Chr3_12759958.0,12759958,0.001883452,0,,,,
3,Chr3_12760063.0,12760063,0.001883452,0,,,,
3,Chr3_12760256.0,12760256,0.001883452,0,,,,
3,Chr3_7330886.0,7330886,0.001884157,0,,,,
3,Chr3_7353034.0,7353034,0.001884157,0,,,,
5,Chr5_11531794.0,11531794,0.001884407,0,,,,
1,Chr1_4354478.0,4354478,0.001884515,1,AT1G12775,AT1G12775,AT1G12775,0.0
4,Chr4_4227371.0,4227371,0.001884552,0,,,,
4,Chr4_14618746.0,14618746,0.001885055,1,AT4G29900,AT4G29900,AT4G29900,0.0
2,Chr2_11119323.0,11119323,0.001885179,0,,,,
5,Chr5_11593293.0,11593293,0.001885477,0,,,,
4,Chr4_4207644.0,4207644,0.001885896,0,,,,
5,Chr5_10760034.0,10760034,0.001886574,0,,,,
2,Chr2_5676614.0,5676614,0.001888857,0,,,,
4,Chr4_8090215.0,8090215,0.001888957,0,,,,
4,Chr4_8095090.0,8095090,0.001888957,0,,,,
1,Chr1_11123153.0,11123153,0.001889622,1,AT1G31160,AT1G31160,AT1G31160,0.0
3,Chr3_16828731.0,16828731,0.00189002,0,,,,
1,Chr1_14328740.0,14328740,0.00189037,0,,,,
5,Chr5_22671964.0,22671964,0.001891097,1,AT5G55990,AT5G55990,AT5G55990,0.0
5,Chr5_14172916.0,14172916,0.001891323,0,,,,
4,Chr4_4704846.0,4704846,0.001891325,0,,,,
1,Chr1_3230772.0,3230772,0.001891687,1,AT1G09932,AT1G09932,AT1G09932,0.0
4,Chr4_2132918.0,2132918,0.001891743,1,AT4G04350,AT4G04350,AT4G04350,0.0
4,Chr4_4705368.0,4705368,0.001891942,0,,,,
4,Chr4_4705435.0,4705435,0.001891942,0,,,,
4,Chr4_4705485.0,4705485,0.001891942,0,,,,
4,Chr4_4705546.0,4705546,0.001891942,0,,,,
4,Chr4_4705617.0,4705617,0.001891942,0,,,,
1,Chr1_1173560.0,1173560,0.001891981,0,,,,
5,Chr5_10739324.0,10739324,0.001892783,0,,,,
3,Chr3_16499579.0,16499579,0.001892855,0,,,,
2,Chr2_11269909.0,11269909,0.001893396,0,,,,
5,Chr5_10140027.0,10140027,0.001894398,0,,,,
5,Chr5_10140949.0,10140949,0.001894398,0,,,,
5,Chr5_10140962.0,10140962,0.001894398,0,,,,
1,Chr1_20982454.0,20982454,0.001894534,1,AT1G56100,AT1G56100,AT1G56100,0.0
1,Chr1_20982490.0,20982490,0.001894534,1,AT1G56100,AT1G56100,AT1G56100,0.0
5,Chr5_9952608.0,9952608,0.001895021,0,,,,
5,Chr5_20165346.0,20165346,0.001895335,0,,,,
3,Chr3_2705504.0,2705504,0.001895372,0,,,,
2,Chr2_4977620.0,4977620,0.001895839,0,,,,
4,Chr4_11862492.0,11862492,0.001895859,1,AT4G22540,AT4G22540,AT4G22540,0.0
1,Chr1_26710334.0,26710334,0.001896266,1,AT1G70830,AT1G70830,AT1G70830,0.0
2,Chr2_10065635.0,10065635,0.00189687,0,,,,
3,Chr3_15186958.0,15186958,0.001897066,0,,,,
1,Chr1_29493826.0,29493826,0.001897158,0,,,,
1,Chr1_3293542.0,3293542,0.001897252,1,AT1G10090,AT1G10090,AT1G10090,0.0
5,Chr5_24185383.0,24185383,0.001897773,1,AT5G60050,AT5G60050,AT5G60050,0.0
2,Chr2_5423918.0,5423918,0.001898157,0,,,,
4,Chr4_8214725.0,8214725,0.001898753,0,,,,
2,Chr2_4052268.0,4052268,0.001899548,0,,,,
1,Chr1_7391439.0,7391439,0.001900131,1,AT1G21110,AT1G21110,AT1G21110,0.0
4,Chr4_12685534.0,12685534,0.001900201,0,,,,
3,Chr3_20376097.0,20376097,0.001901229,1,AT3G54990,AT3G54990,AT3G54990,0.0
3,Chr3_12028860.0,12028860,0.001901276,0,,,,
2,Chr2_1906120.0,1906120,0.001901422,0,,,,
1,Chr1_3212201.0,3212201,0.001901645,0,,,,
2,Chr2_19581244.0,19581244,0.001901676,0,,,,
5,Chr5_10750468.0,10750468,0.00190195,0,,,,
1,Chr1_29517435.0,29517435,0.001902445,1,AT1G78450,AT1G78450,AT1G78450,0.0
3,Chr3_8531023.0,8531023,0.00190259,0,,,,
2,Chr2_2087945.0,2087945,0.001902665,1,AT2G05632,AT2G05632,AT2G05632,0.0
3,Chr3_3548707.0,3548707,0.001902674,1,AT3G11320,AT3G11320,AT3G11320,0.0
2,Chr2_184239.0,184239,0.001902689,1,AT2G01422,AT2G01422,AT2G01422,0.0
2,Chr2_16032063.0,16032063,0.001902822,1,AT2G38270,AT2G38270,AT2G38270,0.0
2,Chr2_16042154.0,16042154,0.001902822,1,AT2G38290,AT2G38290,AT2G38290,0.0
4,Chr4_3356692.0,3356692,0.001903504,0,,,,
1,Chr1_17654766.0,17654766,0.001904292,0,,,,
2,Chr2_5768909.0,5768909,0.001904414,1,AT2G13810,AT2G13810,AT2G13810,0.0
4,Chr4_15501914.0,15501914,0.001904693,1,AT4G32060,AT4G32060,AT4G32060,0.0
3,Chr3_7710067.0,7710067,0.001905203,0,,,,
1,Chr1_14603195.0,14603195,0.001905244,0,,,,
4,Chr4_1969632.0,1969632,0.001905668,0,,,,
1,Chr1_29517344.0,29517344,0.001906522,1,AT1G78450,AT1G78450,AT1G78450,0.0
1,Chr1_18817489.0,18817489,0.001906698,0,,,,
3,Chr3_16989678.0,16989678,0.001907199,0,,,,
4,Chr4_8859082.0,8859082,0.001907489,0,,,,
1,Chr1_10578258.0,10578258,0.001907498,0,,,,
3,Chr3_15431558.0,15431558,0.001907515,1,AT3G43540,AT3G43540,AT3G43540,0.0
4,Chr4_3379790.0,3379790,0.001907807,0,,,,
1,Chr1_10353396.0,10353396,0.001908456,1,AT1G29630,AT1G29630,AT1G29630,0.0
5,Chr5_12243390.0,12243390,0.001908699,0,,,,
2,Chr2_10621724.0,10621724,0.001909032,0,,,,
2,Chr2_13988520.0,13988520,0.001909137,1,AT2G32960,AT2G32960,AT2G32960,0.0
5,Chr5_7475019.0,7475019,0.001909322,1,AT5G22510,AT5G22510,AT5G22510,0.0
3,Chr3_10644780.0,10644780,0.001909681,0,,,,
4,Chr4_6036386.0,6036386,0.001909962,0,,,,
5,Chr5_336248.0,336248,0.001910254,1,AT5G01860,AT5G01860,AT5G01860,0.0
2,Chr2_1408389.0,1408389,0.001911783,0,,,,
4,Chr4_17360154.0,17360154,0.00191203,1,AT4G36860,AT4G36860,AT4G36860,0.0
3,Chr3_15768602.0,15768602,0.001912287,0,,,,
1,Chr1_15686947.0,15686947,0.001912493,0,,,,
5,Chr5_16187083.0,16187083,0.001912866,1,AT5G40450,AT5G40450,AT5G40450,0.0
2,Chr2_19623175.0,19623175,0.001913347,0,,,,
5,Chr5_15360602.0,15360602,0.00191445,0,,,,
3,Chr3_19852613.0,19852613,0.001915144,0,,,,
3,Chr3_14630465.0,14630465,0.0019164,0,,,,
2,Chr2_8362122.0,8362122,0.001916614,0,,,,
3,Chr3_12255619.0,12255619,0.001917066,0,,,,
4,Chr4_14935452.0,14935452,0.001917137,0,,,,
1,Chr1_11122847.0,11122847,0.001917279,1,AT1G31160,AT1G31160,AT1G31160,0.0
3,Chr3_9060236.0,9060236,0.001917286,0,,,,
3,Chr3_9060617.0,9060617,0.001917286,0,,,,
3,Chr3_9064229.0,9064229,0.001917286,1,AT3G24820,AT3G24820,AT3G24820,0.0
3,Chr3_9065125.0,9065125,0.001917286,1,AT3G24830,AT3G24830,AT3G24830,0.0
3,Chr3_9071603.0,9071603,0.001917286,1,AT3G24850,AT3G24850,AT3G24850,0.0
1,Chr1_21607155.0,21607155,0.001918553,1,AT1G58260,AT1G58260,AT1G58260,0.0
3,Chr3_3057732.0,3057732,0.001919173,1,AT3G09940,AT3G09940,AT3G09940,0.0
3,Chr3_3057746.0,3057746,0.001919173,1,AT3G09940,AT3G09940,AT3G09940,0.0
3,Chr3_3058020.0,3058020,0.001919173,1,AT3G09940,AT3G09940,AT3G09940,0.0
3,Chr3_3058041.0,3058041,0.001919173,1,AT3G09940,AT3G09940,AT3G09940,0.0
3,Chr3_3058114.0,3058114,0.001919173,1,AT3G09940,AT3G09940,AT3G09940,0.0
3,Chr3_3058134.0,3058134,0.001919173,1,AT3G09940,AT3G09940,AT3G09940,0.0
5,Chr5_4679123.0,4679123,0.001919238,1,AT5G14510,AT5G14510,AT5G14510,0.0
2,Chr2_2710923.0,2710923,0.001919753,0,,,,
1,Chr1_2701169.0,2701169,0.001920124,0,,,,
1,Chr1_3294747.0,3294747,0.001920143,1,AT1G10090,AT1G10090,AT1G10090,0.0
1,Chr1_14893854.0,14893854,0.001920227,0,,,,
5,Chr5_13890199.0,13890199,0.001920489,0,,,,
1,Chr1_4068458.0,4068458,0.001920922,0,,,,
1,Chr1_16740058.0,16740058,0.001921206,1,AT1G44050,AT1G44050,AT1G44050,0.0
4,Chr4_6740988.0,6740988,0.00192275,1,AT4G11030,AT4G11030,AT4G11030,0.0
1,Chr1_3220362.0,3220362,0.001923023,1,AT1G09910,AT1G09910,AT1G09910,0.0
3,Chr3_11133894.0,11133894,0.001923894,0,,,,
1,Chr1_16471631.0,16471631,0.001924789,0,,,,
4,Chr4_11832455.0,11832455,0.001924953,0,,,,
1,Chr1_3201329.0,3201329,0.001925225,0,,,,
3,Chr3_20590071.0,20590071,0.001925549,0,,,,
1,Chr1_24823486.0,24823486,0.001925742,0,,,,
1,Chr1_248695.0,248695,0.001925959,0,,,,
5,Chr5_26370055.0,26370055,0.001926163,1,AT5G65930,AT5G65930,AT5G65930,0.0
4,Chr4_9472604.0,9472604,0.001927211,0,,,,
1,Chr1_21686197.0,21686197,0.001927268,1,AT1G58370,AT1G58370,AT1G58370,0.0
1,Chr1_21686218.0,21686218,0.001927268,1,AT1G58370,AT1G58370,AT1G58370,0.0
4,Chr4_10292511.0,10292511,0.001928454,0,,,,
4,Chr4_351579.0,351579,0.001929615,0,,,,
5,Chr5_19508120.0,19508120,0.001929681,1,AT5G48120,AT5G48120,AT5G48120,0.0
1,Chr1_13075756.0,13075756,0.00193014,0,,,,
1,Chr1_18135737.0,18135737,0.001930602,0,,,,
4,Chr4_735040.0,735040,0.001930834,0,,,,
4,Chr4_8171481.0,8171481,0.001932414,1,AT4G14160,AT4G14160,AT4G14160,0.0
1,Chr1_12397649.0,12397649,0.001932657,1,AT1G34060,AT1G34060,AT1G34060,0.0
4,Chr4_5539597.0,5539597,0.001932847,0,,,,
5,Chr5_24971670.0,24971670,0.001933163,0,,,,
4,Chr4_3789180.0,3789180,0.001933316,0,,,,
4,Chr4_485246.0,485246,0.00193477,0,,,,
2,Chr2_7995378.0,7995378,0.001935574,1,AT2G18440,AT2G18440,AT2G18440,0.0
4,Chr4_9420279.0,9420279,0.001937109,1,AT4G16748,AT4G16748,AT4G16748,0.0
3,Chr3_18531013.0,18531013,0.00193759,1,AT3G49980,AT3G49980,AT3G49980,0.0
3,Chr3_18531015.0,18531015,0.00193759,1,AT3G49980,AT3G49980,AT3G49980,0.0
4,Chr4_15220028.0,15220028,0.001938474,0,,,,
4,Chr4_15220621.0,15220621,0.001938474,0,,,,
5,Chr5_22998964.0,22998964,0.001938622,0,,,,
2,Chr2_676036.0,676036,0.001939017,0,,,,
2,Chr2_676037.0,676037,0.001939017,0,,,,
2,Chr2_676041.0,676041,0.001939017,0,,,,
2,Chr2_676048.0,676048,0.001939017,0,,,,
2,Chr2_676089.0,676089,0.001939017,0,,,,
2,Chr2_676120.0,676120,0.001939017,0,,,,
2,Chr2_676145.0,676145,0.001939017,0,,,,
2,Chr2_676153.0,676153,0.001939017,0,,,,
2,Chr2_676156.0,676156,0.001939017,0,,,,
3,Chr3_16539536.0,16539536,0.001939174,0,,,,
4,Chr4_5106507.0,5106507,0.001939674,0,,,,
3,Chr3_15361811.0,15361811,0.001940255,0,,,,
4,Chr4_8981915.0,8981915,0.00194036,0,,,,
3,Chr3_22609567.0,22609567,0.001940405,1,AT3G61090,AT3G61090,AT3G61090,0.0
4,Chr4_16923919.0,16923919,0.00194082,1,AT4G35700,AT4G35700,AT4G35700,0.0
4,Chr4_16924698.0,16924698,0.00194082,0,,,,
1,Chr1_3338335.0,3338335,0.001941006,1,AT1G10180,AT1G10180,AT1G10180,0.0
4,Chr4_13110920.0,13110920,0.001942242,1,AT4G25750,AT4G25750,AT4G25750,0.0
1,Chr1_4152366.0,4152366,0.001942277,0,,,,
1,Chr1_24096332.0,24096332,0.001942319,0,,,,
5,Chr5_14910162.0,14910162,0.001942691,0,,,,
1,Chr1_6787537.0,6787537,0.00194271,1,AT1G19630,AT1G19630,AT1G19630,0.0
2,Chr2_9917622.0,9917622,0.001943213,1,AT2G23310,AT2G23310,AT2G23310,0.0
1,Chr1_1918262.0,1918262,0.001944503,1,AT1G06270,AT1G06270,AT1G06270,0.0
1,Chr1_4343658.0,4343658,0.001944776,1,AT1G12740,AT1G12740,AT1G12740,0.0
3,Chr3_17965767.0,17965767,0.001944938,0,,,,
5,Chr5_144648.0,144648,0.001944944,1,AT5G01340,AT5G01340,AT5G01340,0.0
5,Chr5_144680.0,144680,0.001944944,1,AT5G01340,AT5G01340,AT5G01340,0.0
3,Chr3_5231326.0,5231326,0.001945943,0,,,,
1,Chr1_5198504.0,5198504,0.001945951,0,,,,
5,Chr5_26678115.0,26678115,0.001946044,0,,,,
4,Chr4_6140652.0,6140652,0.001946157,0,,,,
5,Chr5_7738349.0,7738349,0.001946703,1,AT5G23060,AT5G23060,AT5G23060,0.0
5,Chr5_7738687.0,7738687,0.001946703,0,,,,
3,Chr3_16127019.0,16127019,0.001946788,1,AT3G44540,AT3G44540,AT3G44540,0.0
2,Chr2_12727496.0,12727496,0.001947041,0,,,,
4,Chr4_13628239.0,13628239,0.001947166,0,,,,
2,Chr2_1728779.0,1728779,0.001947561,0,,,,
4,Chr4_10566216.0,10566216,0.001947609,1,AT4G19370,AT4G19370,AT4G19370,0.0
3,Chr3_2753077.0,2753077,0.001947704,0,,,,
4,Chr4_6345446.0,6345446,0.001947732,1,AT4G10170,AT4G10170,AT4G10170,0.0
1,Chr1_11496696.0,11496696,0.001947762,0,,,,
3,Chr3_4635255.0,4635255,0.001949255,0,,,,
1,Chr1_27164438.0,27164438,0.001949339,1,AT1G72180,AT1G72180,AT1G72180,0.0
1,Chr1_22828587.0,22828587,0.001949436,0,,,,
1,Chr1_12618014.0,12618014,0.001949661,0,,,,
1,Chr1_12618482.0,12618482,0.001949661,0,,,,
3,Chr3_2439951.0,2439951,0.00195014,0,,,,
5,Chr5_14561893.0,14561893,0.001950493,1,AT5G36910,AT5G36910,AT5G36910,0.0
5,Chr5_14561904.0,14561904,0.001950493,1,AT5G36910,AT5G36910,AT5G36910,0.0
5,Chr5_13859530.0,13859530,0.001950571,0,,,,
1,Chr1_3177414.0,3177414,0.001950928,1,AT1G09800,AT1G09800,AT1G09800,0.0
1,Chr1_3180543.0,3180543,0.001950928,0,,,,
3,Chr3_7331275.0,7331275,0.001950987,0,,,,
5,Chr5_9748752.0,9748752,0.001951672,0,,,,
5,Chr5_21062943.0,21062943,0.001951842,0,,,,
3,Chr3_20657447.0,20657447,0.001952744,0,,,,
1,Chr1_6034097.0,6034097,0.001953068,0,,,,
2,Chr2_711876.0,711876,0.001953536,1,AT2G02610,AT2G02610,AT2G02610,0.0
2,Chr2_712037.0,712037,0.001953536,1,AT2G02610,AT2G02610,AT2G02610,0.0
2,Chr2_5468670.0,5468670,0.001953547,0,,,,
1,Chr1_4557143.0,4557143,0.001953698,1,AT1G13300,AT1G13300,AT1G13300,0.0
5,Chr5_10573754.0,10573754,0.001953703,0,,,,
1,Chr1_29137191.0,29137191,0.001953773,1,AT1G77530,AT1G77530,AT1G77530,0.0
2,Chr2_10269210.0,10269210,0.00195386,0,,,,
3,Chr3_11491028.0,11491028,0.001954442,0,,,,
1,Chr1_599610.0,599610,0.001955589,1,AT1G02740,AT1G02740,AT1G02740,0.0
1,Chr1_22272795.0,22272795,0.001955752,1,AT1G60450,AT1G60450,AT1G60450,0.0
4,Chr4_6617035.0,6617035,0.001957284,0,,,,
2,Chr2_11578528.0,11578528,0.001957631,1,AT2G27110,AT2G27110,AT2G27110,0.0
3,Chr3_2097219.0,2097219,0.001958584,1,AT3G66658,AT3G66658,AT3G66658,0.0
2,Chr2_3063382.0,3063382,0.001958677,0,,,,
5,Chr5_17415384.0,17415384,0.001959533,0,,,,
5,Chr5_11642126.0,11642126,0.001960574,0,,,,
5,Chr5_11642127.0,11642127,0.001960574,0,,,,
5,Chr5_2508914.0,2508914,0.001960827,0,,,,
5,Chr5_2508916.0,2508916,0.001960827,0,,,,
2,Chr2_4105144.0,4105144,0.001960871,0,,,,
4,Chr4_8304736.0,8304736,0.001960873,1,AT4G14430,AT4G14430,AT4G14430,0.0
1,Chr1_28565131.0,28565131,0.00196095,0,,,,
2,Chr2_8366225.0,8366225,0.001961313,1,AT2G19290,AT2G19290,AT2G19290,0.0
5,Chr5_21024064.0,21024064,0.001961517,0,,,,
4,Chr4_17867730.0,17867730,0.001961627,1,AT4G38040,AT4G38040,AT4G38040,0.0
5,Chr5_13653723.0,13653723,0.0019617,0,,,,
2,Chr2_11561250.0,11561250,0.001961737,0,,,,
5,Chr5_5383648.0,5383648,0.001961737,1,AT5G16486,AT5G16486,AT5G16486,0.0
5,Chr5_5383755.0,5383755,0.001961737,1,AT5G16486,AT5G16486,AT5G16486,0.0
5,Chr5_5384134.0,5384134,0.001961737,1,AT5G16486,AT5G16486,AT5G16486,0.0
3,Chr3_4284843.0,4284843,0.001961774,0,,,,
5,Chr5_7214315.0,7214315,0.001961845,0,,,,
5,Chr5_101964.0,101964,0.001962033,0,,,,
5,Chr5_15601618.0,15601618,0.001962036,0,,,,
5,Chr5_15601658.0,15601658,0.001962036,0,,,,
5,Chr5_15601698.0,15601698,0.001962036,0,,,,
1,Chr1_29217499.0,29217499,0.001962086,0,,,,
5,Chr5_26273189.0,26273189,0.001962286,1,AT5G65685,AT5G65685,AT5G65685,0.0
1,Chr1_11616465.0,11616465,0.001962778,0,,,,
5,Chr5_2913651.0,2913651,0.001963644,1,AT5G09390,AT5G09390,AT5G09390,0.0
5,Chr5_2913683.0,2913683,0.001963644,1,AT5G09390,AT5G09390,AT5G09390,0.0
4,Chr4_15358451.0,15358451,0.001963798,0,,,,
2,Chr2_318484.0,318484,0.001963982,1,AT2G01720,AT2G01720,AT2G01720,0.0
5,Chr5_8281698.0,8281698,0.001964055,0,,,,
3,Chr3_14750234.0,14750234,0.001964303,0,,,,
5,Chr5_2754374.0,2754374,0.0019645,1,AT5G08510,AT5G08510,AT5G08510,0.0
4,Chr4_2170644.0,2170644,0.001964924,0,,,,
1,Chr1_5160024.0,5160024,0.001966393,1,AT1G14960,AT1G14960,AT1G14960,0.0
1,Chr1_10558848.0,10558848,0.001966827,0,,,,
5,Chr5_14875569.0,14875569,0.001967018,0,,,,
2,Chr2_6957599.0,6957599,0.001967307,0,,,,
5,Chr5_8469951.0,8469951,0.001967553,1,AT5G24740,AT5G24740,AT5G24740,0.0
1,Chr1_18183063.0,18183063,0.001967737,0,,,,
2,Chr2_7515179.0,7515179,0.001967878,0,,,,
5,Chr5_26680097.0,26680097,0.001968425,0,,,,
4,Chr4_4711738.0,4711738,0.001969141,0,,,,
5,Chr5_1376808.0,1376808,0.001969279,0,,,,
2,Chr2_2623625.0,2623625,0.001970041,1,AT2G06570,AT2G06570,AT2G06570,0.0
2,Chr2_6953111.0,6953111,0.001970203,0,,,,
1,Chr1_16913902.0,16913902,0.001970561,0,,,,
4,Chr4_17290121.0,17290121,0.001970763,0,,,,
1,Chr1_11245348.0,11245348,0.001971601,1,AT1G31400,AT1G31400,AT1G31400,0.0
3,Chr3_2097452.0,2097452,0.001972478,1,AT3G66658,AT3G66658,AT3G66658,0.0
3,Chr3_10753352.0,10753352,0.001972505,0,,,,
3,Chr3_21324306.0,21324306,0.001972553,0,,,,
5,Chr5_3542882.0,3542882,0.0019726,1,AT5G11130,AT5G11130,AT5G11130,0.0
5,Chr5_3543009.0,3543009,0.0019726,1,AT5G11130,AT5G11130,AT5G11130,0.0
3,Chr3_14290081.0,14290081,0.001974153,0,,,,
3,Chr3_14290102.0,14290102,0.001974153,0,,,,
4,Chr4_15945818.0,15945818,0.001974205,1,AT4G33050,AT4G33050,AT4G33050,0.0
4,Chr4_15946023.0,15946023,0.001974205,1,AT4G33050,AT4G33050,AT4G33050,0.0
4,Chr4_15946052.0,15946052,0.001974205,1,AT4G33050,AT4G33050,AT4G33050,0.0
3,Chr3_4645011.0,4645011,0.001974274,0,,,,
3,Chr3_4645012.0,4645012,0.001974274,0,,,,
1,Chr1_4275032.0,4275032,0.001974381,1,AT1G12550,AT1G12550,AT1G12550,0.0
1,Chr1_3142957.0,3142957,0.001974429,1,AT1G09710,AT1G09710,AT1G09710,0.0
1,Chr1_3143016.0,3143016,0.001974429,1,AT1G09710,AT1G09710,AT1G09710,0.0
1,Chr1_3155231.0,3155231,0.001974429,1,AT1G09740,AT1G09740,AT1G09740,0.0
3,Chr3_12431183.0,12431183,0.001974797,0,,,,
3,Chr3_12431204.0,12431204,0.001974797,0,,,,
3,Chr3_12431217.0,12431217,0.001974797,0,,,,
3,Chr3_12187784.0,12187784,0.001974864,0,,,,
1,Chr1_11311714.0,11311714,0.001975172,1,AT1G31580,AT1G31580,AT1G31580,0.0
1,Chr1_29500670.0,29500670,0.001975555,0,,,,
1,Chr1_29500688.0,29500688,0.001975555,0,,,,
1,Chr1_17360054.0,17360054,0.001976397,1,AT1G47350,AT1G47350,AT1G47350,0.0
1,Chr1_17360418.0,17360418,0.001976397,1,AT1G47350,AT1G47350,AT1G47350,0.0
4,Chr4_6077598.0,6077598,0.001976827,1,AT4G09620,AT4G09620,AT4G09620,0.0
5,Chr5_17741118.0,17741118,0.001977302,0,,,,
1,Chr1_23608654.0,23608654,0.001977679,1,AT1G63670,AT1G63670,AT1G63670,0.0
4,Chr4_8207451.0,8207451,0.001977682,0,,,,
1,Chr1_3407323.0,3407323,0.001977793,1,AT1G10390,AT1G10390,AT1G10390,0.0
5,Chr5_12574055.0,12574055,0.001978106,0,,,,
1,Chr1_16630430.0,16630430,0.001978146,0,,,,
1,Chr1_16630499.0,16630499,0.001978146,0,,,,
4,Chr4_2725332.0,2725332,0.001978621,0,,,,
5,Chr5_10653586.0,10653586,0.001978621,0,,,,
5,Chr5_10653737.0,10653737,0.001978621,0,,,,
3,Chr3_20956118.0,20956118,0.001979046,1,AT3G56560,AT3G56560,AT3G56560,0.0
3,Chr3_20964560.0,20964560,0.001979046,0,,,,
1,Chr1_19446117.0,19446117,0.001979114,0,,,,
1,Chr1_19449207.0,19449207,0.001979114,0,,,,
5,Chr5_25733571.0,25733571,0.001979401,0,,,,
5,Chr5_26268905.0,26268905,0.001979596,1,AT5G65690,AT5G65690,AT5G65690,0.0
2,Chr2_19586816.0,19586816,0.0019797,0,,,,
3,Chr3_17601414.0,17601414,0.001980046,1,AT3G47740,AT3G47740,AT3G47740,0.0
4,Chr4_3893206.0,3893206,0.001980246,0,,,,
4,Chr4_1514453.0,1514453,0.001980291,0,,,,
4,Chr4_1515811.0,1515811,0.001980291,0,,,,
4,Chr4_1516625.0,1516625,0.001980291,0,,,,
4,Chr4_1520543.0,1520543,0.001980291,1,AT4G03430,AT4G03430,AT4G03430,0.0
4,Chr4_1520865.0,1520865,0.001980291,0,,,,
4,Chr4_1521220.0,1521220,0.001980291,0,,,,
4,Chr4_1523677.0,1523677,0.001980291,0,,,,
4,Chr4_1523705.0,1523705,0.001980291,0,,,,
4,Chr4_1525010.0,1525010,0.001980291,1,AT4G03440,AT4G03440,AT4G03440,0.0
4,Chr4_1525684.0,1525684,0.001980291,1,AT4G03440,AT4G03440,AT4G03440,0.0
4,Chr4_1525721.0,1525721,0.001980291,1,AT4G03440,AT4G03440,AT4G03440,0.0
4,Chr4_1526144.0,1526144,0.001980291,1,AT4G03440,AT4G03440,AT4G03440,0.0
4,Chr4_1526788.0,1526788,0.001980291,1,AT4G03440,AT4G03440,AT4G03440,0.0
4,Chr4_1527479.0,1527479,0.001980291,0,,,,
4,Chr4_1527734.0,1527734,0.001980291,1,AT4G03443,AT4G03443,AT4G03443,0.0
4,Chr4_1527917.0,1527917,0.001980291,1,AT4G03443,AT4G03443,AT4G03443,0.0
4,Chr4_1528657.0,1528657,0.001980291,0,,,,
1,Chr1_11907499.0,11907499,0.001980661,1,AT1G32860,AT1G32860,AT1G32860,0.0
1,Chr1_7236623.0,7236623,0.00198128,0,,,,
1,Chr1_7236673.0,7236673,0.00198128,0,,,,
1,Chr1_7236980.0,7236980,0.00198128,0,,,,
1,Chr1_19522815.0,19522815,0.001981784,1,AT1G52410,AT1G52410,AT1G52410,0.0
3,Chr3_16834515.0,16834515,0.001982124,1,AT3G45810,AT3G45810,AT3G45810,0.0
3,Chr3_16834518.0,16834518,0.001982124,1,AT3G45810,AT3G45810,AT3G45810,0.0
3,Chr3_16834553.0,16834553,0.001982124,1,AT3G45810,AT3G45810,AT3G45810,0.0
3,Chr3_16834672.0,16834672,0.001982124,1,AT3G45810,AT3G45810,AT3G45810,0.0
3,Chr3_16834709.0,16834709,0.001982124,1,AT3G45810,AT3G45810,AT3G45810,0.0
3,Chr3_16834730.0,16834730,0.001982124,1,AT3G45810,AT3G45810,AT3G45810,0.0
3,Chr3_16834799.0,16834799,0.001982124,1,AT3G45810,AT3G45810,AT3G45810,0.0
1,Chr1_29362529.0,29362529,0.001982543,0,,,,
3,Chr3_13250285.0,13250285,0.001982575,0,,,,
2,Chr2_5595511.0,5595511,0.001983653,1,AT2G13440,AT2G13440,AT2G13440,0.0
2,Chr2_5617032.0,5617032,0.001983653,0,,,,
2,Chr2_5617647.0,5617647,0.001983653,0,,,,
2,Chr2_5620781.0,5620781,0.001983653,0,,,,
2,Chr2_5621046.0,5621046,0.001983653,0,,,,
2,Chr2_5621980.0,5621980,0.001983653,0,,,,
2,Chr2_5622090.0,5622090,0.001983653,0,,,,
2,Chr2_5624619.0,5624619,0.001983653,0,,,,
2,Chr2_5625752.0,5625752,0.001983653,0,,,,
2,Chr2_5627346.0,5627346,0.001983653,0,,,,
2,Chr2_5629032.0,5629032,0.001983653,1,AT2G13500,AT2G13500,AT2G13500,0.0
1,Chr1_17407958.0,17407958,0.001984426,0,,,,
1,Chr1_11702224.0,11702224,0.001986034,1,AT1G32420,AT1G32420,AT1G32420,0.0
4,Chr4_1251815.0,1251815,0.001986184,0,,,,
1,Chr1_30296636.0,30296636,0.001987191,1,AT1G80590,AT1G80590,AT1G80590,0.0
5,Chr5_14650914.0,14650914,0.001987609,0,,,,
3,Chr3_4635247.0,4635247,0.001987648,0,,,,
2,Chr2_6745850.0,6745850,0.001987707,0,,,,
2,Chr2_12623091.0,12623091,0.001988221,0,,,,
1,Chr1_20910325.0,20910325,0.001988876,0,,,,
3,Chr3_22620578.0,22620578,0.001988879,0,,,,
1,Chr1_21740966.0,21740966,0.001989092,0,,,,
1,Chr1_21741369.0,21741369,0.001989092,0,,,,
1,Chr1_21741434.0,21741434,0.001989092,0,,,,
5,Chr5_10747775.0,10747775,0.001989251,0,,,,
1,Chr1_1195238.0,1195238,0.001989995,1,AT1G04425,AT1G04425,AT1G04425,0.0
1,Chr1_8347745.0,8347745,0.001990079,1,AT1G23540,AT1G23540,AT1G23540,0.0
2,Chr2_5219315.0,5219315,0.001990096,0,,,,
4,Chr4_2118899.0,2118899,0.001990133,0,,,,
5,Chr5_497784.0,497784,0.001990527,0,,,,
5,Chr5_499253.0,499253,0.001990527,0,,,,
5,Chr5_2247215.0,2247215,0.001990788,0,,,,
5,Chr5_2250287.0,2250287,0.001990788,0,,,,
5,Chr5_2265385.0,2265385,0.001990788,1,AT5G07220,AT5G07220,AT5G07220,0.0
4,Chr4_7492800.0,7492800,0.001990966,1,AT4G12730,AT4G12730,AT4G12730,0.0
4,Chr4_7492816.0,7492816,0.001990966,1,AT4G12730,AT4G12730,AT4G12730,0.0
1,Chr1_3386094.0,3386094,0.001991207,1,AT1G10320,AT1G10320,AT1G10320,0.0
5,Chr5_26678122.0,26678122,0.001991745,0,,,,
3,Chr3_15098761.0,15098761,0.001991852,0,,,,
1,Chr1_6511218.0,6511218,0.001992019,1,AT1G18860,AT1G18860,AT1G18860,0.0
3,Chr3_23390438.0,23390438,0.001992381,1,AT3G63320,AT3G63320,AT3G63320,0.0
3,Chr3_23400302.0,23400302,0.001992381,1,AT3G63350,AT3G63350,AT3G63350,0.0
3,Chr3_23413352.0,23413352,0.001992381,1,AT3G63400,AT3G63400,AT3G63400,0.0
3,Chr3_23419408.0,23419408,0.001992381,0,,,,
3,Chr3_23419804.0,23419804,0.001992381,0,,,,
3,Chr3_23419912.0,23419912,0.001992381,0,,,,
3,Chr3_23425550.0,23425550,0.001992381,2,AT3G63440;AT3G63445,AT3G63440,AT3G63440,0.0
5,Chr5_21169462.0,21169462,0.001992699,1,AT5G52090,AT5G52090,AT5G52090,0.0
5,Chr5_15970150.0,15970150,0.001994282,0,,,,
2,Chr2_5918866.0,5918866,0.001994292,0,,,,
5,Chr5_19916095.0,19916095,0.001994505,2,AT5G49130;AT5G49138,AT5G49130,AT5G49130,0.0
5,Chr5_21279906.0,21279906,0.001994745,0,,,,
5,Chr5_11824194.0,11824194,0.001994847,0,,,,
2,Chr2_906186.0,906186,0.001994932,1,AT2G03070,AT2G03070,AT2G03070,0.0
5,Chr5_13714195.0,13714195,0.001995163,0,,,,
2,Chr2_4548846.0,4548846,0.001995547,0,,,,
2,Chr2_746047.0,746047,0.001996232,1,AT2G02680,AT2G02680,AT2G02680,0.0
5,Chr5_1982037.0,1982037,0.001996251,0,,,,
5,Chr5_7648786.0,7648786,0.001996544,0,,,,
1,Chr1_3396016.0,3396016,0.001997957,1,AT1G10360,AT1G10360,AT1G10360,0.0
1,Chr1_2101452.0,2101452,0.001998421,1,AT1G06840,AT1G06840,AT1G06840,0.0
3,Chr3_12038622.0,12038622,0.001998733,0,,,,
5,Chr5_10039944.0,10039944,0.001998743,0,,,,
3,Chr3_11876136.0,11876136,0.001999043,0,,,,
1,Chr1_5162205.0,5162205,0.002000199,1,AT1G14970,AT1G14970,AT1G14970,0.0
1,Chr1_5162377.0,5162377,0.002000199,1,AT1G14970,AT1G14970,AT1G14970,0.0
4,Chr4_8297628.0,8297628,0.002000627,1,AT4G14400,AT4G14400,AT4G14400,0.0
2,Chr2_8360509.0,8360509,0.002002064,1,AT2G19270,AT2G19270,AT2G19270,0.0
3,Chr3_19196552.0,19196552,0.002002172,1,AT3G51750,AT3G51750,AT3G51750,0.0
4,Chr4_4956846.0,4956846,0.002002233,0,,,,
4,Chr4_4956869.0,4956869,0.002002233,0,,,,
4,Chr4_4956878.0,4956878,0.002002233,0,,,,
3,Chr3_21121898.0,21121898,0.002002636,1,AT3G57062,AT3G57062,AT3G57062,0.0
4,Chr4_5922220.0,5922220,0.002003522,0,,,,
1,Chr1_20705773.0,20705773,0.002004239,1,AT1G55450,AT1G55450,AT1G55450,0.0
2,Chr2_5219178.0,5219178,0.002004285,0,,,,
5,Chr5_2193883.0,2193883,0.002004586,0,,,,
4,Chr4_6202629.0,6202629,0.00200494,0,,,,
3,Chr3_22912665.0,22912665,0.002005175,0,,,,
3,Chr3_22912667.0,22912667,0.002005175,0,,,,
1,Chr1_24553763.0,24553763,0.0020053,1,AT1G65960,AT1G65960,AT1G65960,0.0
1,Chr1_24555096.0,24555096,0.0020053,1,AT1G65960,AT1G65960,AT1G65960,0.0
1,Chr1_27923311.0,27923311,0.002006487,1,AT1G74260,AT1G74260,AT1G74260,0.0
2,Chr2_707519.0,707519,0.0020066,0,,,,
2,Chr2_11478645.0,11478645,0.002007083,0,,,,
4,Chr4_13063613.0,13063613,0.002007459,1,AT4G25610,AT4G25610,AT4G25610,0.0
4,Chr4_17782824.0,17782824,0.002007662,0,,,,
2,Chr2_3063357.0,3063357,0.002008113,0,,,,
5,Chr5_9859131.0,9859131,0.002008788,0,,,,
1,Chr1_13299893.0,13299893,0.002009832,0,,,,
2,Chr2_317539.0,317539,0.002010391,1,AT2G01720,AT2G01720,AT2G01720,0.0
2,Chr2_318543.0,318543,0.002010391,1,AT2G01720,AT2G01720,AT2G01720,0.0
3,Chr3_20258529.0,20258529,0.002010679,0,,,,
3,Chr3_15579961.0,15579961,0.002010739,0,,,,
5,Chr5_20497881.0,20497881,0.002010978,0,,,,
3,Chr3_388638.0,388638,0.002010998,0,,,,
1,Chr1_3186316.0,3186316,0.00201156,0,,,,
5,Chr5_25588981.0,25588981,0.002012368,1,AT5G63940,AT5G63940,AT5G63940,0.0
5,Chr5_25589296.0,25589296,0.002012368,1,AT5G63940,AT5G63940,AT5G63940,0.0
5,Chr5_25598214.0,25598214,0.002012368,1,AT5G63950,AT5G63950,AT5G63950,0.0
5,Chr5_25598448.0,25598448,0.002012368,1,AT5G63950,AT5G63950,AT5G63950,0.0
5,Chr5_25599758.0,25599758,0.002012368,1,AT5G63960,AT5G63960,AT5G63960,0.0
5,Chr5_10777207.0,10777207,0.002012387,0,,,,
5,Chr5_10777255.0,10777255,0.002012387,0,,,,
5,Chr5_10777413.0,10777413,0.002012387,0,,,,
5,Chr5_16625728.0,16625728,0.00201241,1,AT5G41570,AT5G41570,AT5G41570,0.0
4,Chr4_17237505.0,17237505,0.002012412,0,,,,
2,Chr2_12658510.0,12658510,0.002012414,1,AT2G29605,AT2G29605,AT2G29605,0.0
3,Chr3_8175457.0,8175457,0.002012557,1,AT3G23010,AT3G23010,AT3G23010,0.0
4,Chr4_8271765.0,8271765,0.002013134,1,AT4G14365,AT4G14365,AT4G14365,0.0
5,Chr5_13714471.0,13714471,0.002013371,0,,,,
5,Chr5_13714693.0,13714693,0.002013371,0,,,,
5,Chr5_13715201.0,13715201,0.002013371,0,,,,
5,Chr5_13715757.0,13715757,0.002013371,0,,,,
2,Chr2_18380904.0,18380904,0.002013688,1,AT2G44520,AT2G44520,AT2G44520,0.0
4,Chr4_5127007.0,5127007,0.002014156,0,,,,
3,Chr3_19631170.0,19631170,0.00201439,1,AT3G52940,AT3G52940,AT3G52940,0.0
3,Chr3_19631865.0,19631865,0.00201439,1,AT3G52940,AT3G52940,AT3G52940,0.0
5,Chr5_10727050.0,10727050,0.002014472,0,,,,
2,Chr2_1086275.0,1086275,0.00201451,0,,,,
4,Chr4_6740643.0,6740643,0.002014613,1,AT4G11030,AT4G11030,AT4G11030,0.0
2,Chr2_5543613.0,5543613,0.002014709,0,,,,
4,Chr4_4252397.0,4252397,0.002015078,0,,,,
2,Chr2_1466442.0,1466442,0.002015436,0,,,,
5,Chr5_25122234.0,25122234,0.002015612,1,AT5G62580,AT5G62580,AT5G62580,0.0
5,Chr5_25125568.0,25125568,0.002015612,1,AT5G62600,AT5G62600,AT5G62600,0.0
5,Chr5_25130817.0,25130817,0.002015612,1,AT5G62600,AT5G62600,AT5G62600,0.0
5,Chr5_10701171.0,10701171,0.002015842,0,,,,
5,Chr5_25824791.0,25824791,0.002016228,0,,,,
5,Chr5_8555472.0,8555472,0.00201651,0,,,,
1,Chr1_6786354.0,6786354,0.00201679,1,AT1G19630,AT1G19630,AT1G19630,0.0
1,Chr1_6786434.0,6786434,0.00201679,1,AT1G19630,AT1G19630,AT1G19630,0.0
1,Chr1_6786446.0,6786446,0.00201679,1,AT1G19630,AT1G19630,AT1G19630,0.0
1,Chr1_6786451.0,6786451,0.00201679,1,AT1G19630,AT1G19630,AT1G19630,0.0
1,Chr1_6786455.0,6786455,0.00201679,1,AT1G19630,AT1G19630,AT1G19630,0.0
1,Chr1_6786672.0,6786672,0.00201679,1,AT1G19630,AT1G19630,AT1G19630,0.0
1,Chr1_6786766.0,6786766,0.00201679,1,AT1G19630,AT1G19630,AT1G19630,0.0
1,Chr1_6786921.0,6786921,0.00201679,1,AT1G19630,AT1G19630,AT1G19630,0.0
1,Chr1_6786929.0,6786929,0.00201679,1,AT1G19630,AT1G19630,AT1G19630,0.0
1,Chr1_6786944.0,6786944,0.00201679,1,AT1G19630,AT1G19630,AT1G19630,0.0
1,Chr1_6786948.0,6786948,0.00201679,1,AT1G19630,AT1G19630,AT1G19630,0.0
1,Chr1_6786949.0,6786949,0.00201679,1,AT1G19630,AT1G19630,AT1G19630,0.0
1,Chr1_6786957.0,6786957,0.00201679,1,AT1G19630,AT1G19630,AT1G19630,0.0
1,Chr1_6787107.0,6787107,0.00201679,1,AT1G19630,AT1G19630,AT1G19630,0.0
1,Chr1_6787191.0,6787191,0.00201679,1,AT1G19630,AT1G19630,AT1G19630,0.0
1,Chr1_6787238.0,6787238,0.00201679,1,AT1G19630,AT1G19630,AT1G19630,0.0
1,Chr1_6787266.0,6787266,0.00201679,1,AT1G19630,AT1G19630,AT1G19630,0.0
1,Chr1_6787345.0,6787345,0.00201679,1,AT1G19630,AT1G19630,AT1G19630,0.0
1,Chr1_6787395.0,6787395,0.00201679,1,AT1G19630,AT1G19630,AT1G19630,0.0
5,Chr5_14063626.0,14063626,0.002018431,1,AT5G35926,AT5G35926,AT5G35926,0.0
1,Chr1_1102712.0,1102712,0.002019092,0,,,,
4,Chr4_8783246.0,8783246,0.00201911,0,,,,
4,Chr4_6798252.0,6798252,0.002019225,0,,,,
1,Chr1_10162386.0,10162386,0.0020194,0,,,,
4,Chr4_9309154.0,9309154,0.002019559,0,,,,
2,Chr2_11160359.0,11160359,0.002019906,0,,,,
4,Chr4_15281578.0,15281578,0.002021236,1,AT4G31520,AT4G31520,AT4G31520,0.0
1,Chr1_12287018.0,12287018,0.002021542,0,,,,
1,Chr1_12293360.0,12293360,0.002021542,0,,,,
3,Chr3_4829682.0,4829682,0.002022557,0,,,,
3,Chr3_4829731.0,4829731,0.002022557,0,,,,
2,Chr2_12722843.0,12722843,0.002022682,0,,,,
1,Chr1_3308895.0,3308895,0.002022814,0,,,,
5,Chr5_10124919.0,10124919,0.002022845,0,,,,
2,Chr2_6076615.0,6076615,0.002023492,0,,,,
2,Chr2_6076877.0,6076877,0.002023492,0,,,,
2,Chr2_6077142.0,6077142,0.002023492,0,,,,
2,Chr2_6077476.0,6077476,0.002023492,0,,,,
2,Chr2_6078025.0,6078025,0.002023492,0,,,,
2,Chr2_19304740.0,19304740,0.002023832,0,,,,
3,Chr3_21003955.0,21003955,0.002024056,0,,,,
4,Chr4_4705369.0,4705369,0.002024531,0,,,,
2,Chr2_7761338.0,7761338,0.002025139,0,,,,
4,Chr4_419290.0,419290,0.002025306,1,AT4G00970,AT4G00970,AT4G00970,0.0
1,Chr1_22890721.0,22890721,0.002025633,0,,,,
1,Chr1_22890722.0,22890722,0.002025633,0,,,,
3,Chr3_19650121.0,19650121,0.002025795,1,AT3G52990,AT3G52990,AT3G52990,0.0
5,Chr5_7300437.0,7300437,0.002025996,0,,,,
5,Chr5_7305507.0,7305507,0.002025996,1,AT5G22060,AT5G22060,AT5G22060,0.0
2,Chr2_200852.0,200852,0.002026319,1,AT2G01450,AT2G01450,AT2G01450,0.0
1,Chr1_17334945.0,17334945,0.002026646,0,,,,
1,Chr1_7236718.0,7236718,0.002026682,0,,,,
2,Chr2_1911265.0,1911265,0.002026815,0,,,,
4,Chr4_1628680.0,1628680,0.002027289,0,,,,
3,Chr3_15405236.0,15405236,0.00202767,0,,,,
5,Chr5_18904352.0,18904352,0.00202791,0,,,,
2,Chr2_667337.0,667337,0.002028027,1,AT2G02490,AT2G02490,AT2G02490,0.0
4,Chr4_3118344.0,3118344,0.002028401,0,,,,
1,Chr1_21603671.0,21603671,0.002028495,0,,,,
3,Chr3_2094392.0,2094392,0.002028727,0,,,,
3,Chr3_2094409.0,2094409,0.002028727,0,,,,
1,Chr1_25384642.0,25384642,0.002029341,0,,,,
3,Chr3_8410683.0,8410683,0.002030408,1,AT3G23450,AT3G23450,AT3G23450,0.0
4,Chr4_16295290.0,16295290,0.002030637,0,,,,
2,Chr2_5217134.0,5217134,0.002031054,0,,,,
1,Chr1_3765579.0,3765579,0.00203144,0,,,,
1,Chr1_3765901.0,3765901,0.00203144,0,,,,
1,Chr1_3765942.0,3765942,0.00203144,0,,,,
1,Chr1_3765991.0,3765991,0.00203144,0,,,,
1,Chr1_3766010.0,3766010,0.00203144,0,,,,
1,Chr1_3766012.0,3766012,0.00203144,0,,,,
1,Chr1_3766298.0,3766298,0.00203144,0,,,,
1,Chr1_3766340.0,3766340,0.00203144,0,,,,
1,Chr1_3766347.0,3766347,0.00203144,0,,,,
5,Chr5_15356930.0,15356930,0.00203174,0,,,,
3,Chr3_21323765.0,21323765,0.002031884,0,,,,
4,Chr4_9759006.0,9759006,0.002032569,0,,,,
5,Chr5_13713941.0,13713941,0.002032652,0,,,,
3,Chr3_15956751.0,15956751,0.00203321,0,,,,
4,Chr4_17641454.0,17641454,0.00203329,0,,,,
4,Chr4_848767.0,848767,0.002034322,0,,,,
1,Chr1_10546084.0,10546084,0.002034614,0,,,,
4,Chr4_12384755.0,12384755,0.002036167,0,,,,
4,Chr4_12385481.0,12385481,0.002036167,0,,,,
1,Chr1_11173778.0,11173778,0.002036416,0,,,,
4,Chr4_6102656.0,6102656,0.002036466,0,,,,
5,Chr5_5383893.0,5383893,0.002036479,1,AT5G16486,AT5G16486,AT5G16486,0.0
4,Chr4_7449152.0,7449152,0.002036779,0,,,,
4,Chr4_17537110.0,17537110,0.002036832,0,,,,
5,Chr5_4695219.0,4695219,0.002037854,2,AT5G14565;AT5G14570,AT5G14565,AT5G14565,0.0
3,Chr3_22431791.0,22431791,0.002038134,1,AT3G60680,AT3G60680,AT3G60680,0.0
2,Chr2_12763455.0,12763455,0.002038421,1,AT2G29940,AT2G29940,AT2G29940,0.0
5,Chr5_19239658.0,19239658,0.002039446,1,AT5G47430,AT5G47430,AT5G47430,0.0
3,Chr3_12329733.0,12329733,0.002040094,0,,,,
5,Chr5_26687493.0,26687493,0.002040523,0,,,,
5,Chr5_101056.0,101056,0.002041203,1,AT5G01240,AT5G01240,AT5G01240,0.0
5,Chr5_101073.0,101073,0.002041203,1,AT5G01240,AT5G01240,AT5G01240,0.0
1,Chr1_16547551.0,16547551,0.002041928,0,,,,
2,Chr2_84615.0,84615,0.002042289,1,AT2G01110,AT2G01110,AT2G01110,0.0
2,Chr2_14894696.0,14894696,0.002042868,0,,,,
4,Chr4_8858729.0,8858729,0.002042972,0,,,,
4,Chr4_8927866.0,8927866,0.002043393,0,,,,
3,Chr3_15292492.0,15292492,0.002043556,0,,,,
2,Chr2_1210864.0,1210864,0.0020436,0,,,,
1,Chr1_2852286.0,2852286,0.002044315,0,,,,
1,Chr1_2852956.0,2852956,0.002044315,1,AT1G08900,AT1G08900,AT1G08900,0.0
4,Chr4_4642217.0,4642217,0.002044391,0,,,,
3,Chr3_15856417.0,15856417,0.002044637,0,,,,
5,Chr5_22003034.0,22003034,0.00204469,0,,,,
5,Chr5_17864984.0,17864984,0.002044947,1,AT5G44350,AT5G44350,AT5G44350,0.0
5,Chr5_10448369.0,10448369,0.002045104,0,,,,
5,Chr5_10702560.0,10702560,0.002045235,0,,,,
3,Chr3_1466794.0,1466794,0.002045733,1,AT3G05170,AT3G05170,AT3G05170,0.0
5,Chr5_2072367.0,2072367,0.002046352,0,,,,
5,Chr5_4632703.0,4632703,0.002046679,1,AT5G14370,AT5G14370,AT5G14370,0.0
4,Chr4_796559.0,796559,0.002047048,1,AT4G01850,AT4G01850,AT4G01850,0.0
3,Chr3_22610289.0,22610289,0.002047083,0,,,,
3,Chr3_12348949.0,12348949,0.002048467,0,,,,
3,Chr3_2096704.0,2096704,0.00204852,1,AT3G66658,AT3G66658,AT3G66658,0.0
5,Chr5_26475406.0,26475406,0.002049371,1,AT5G66270,AT5G66270,AT5G66270,0.0
3,Chr3_16794433.0,16794433,0.002049913,1,AT3G45750,AT3G45750,AT3G45750,0.0
3,Chr3_16794454.0,16794454,0.002049913,1,AT3G45750,AT3G45750,AT3G45750,0.0
5,Chr5_9959287.0,9959287,0.002049923,1,AT5G27930,AT5G27930,AT5G27930,0.0
5,Chr5_8637860.0,8637860,0.002049972,1,AT5G25060,AT5G25060,AT5G25060,0.0
5,Chr5_8641194.0,8641194,0.002049972,1,AT5G25070,AT5G25070,AT5G25070,0.0
2,Chr2_12662683.0,12662683,0.002050158,0,,,,
5,Chr5_463011.0,463011,0.002050536,0,,,,
2,Chr2_17615255.0,17615255,0.002051103,0,,,,
1,Chr1_26767582.0,26767582,0.00205172,1,AT1G70990,AT1G70990,AT1G70990,0.0
2,Chr2_11233905.0,11233905,0.002051886,0,,,,
2,Chr2_11234570.0,11234570,0.002051886,0,,,,
2,Chr2_11234973.0,11234973,0.002051886,1,AT2G26410,AT2G26410,AT2G26410,0.0
2,Chr2_11236099.0,11236099,0.002051886,1,AT2G26410,AT2G26410,AT2G26410,0.0
5,Chr5_2376052.0,2376052,0.002052053,0,,,,
5,Chr5_2376105.0,2376105,0.002052053,0,,,,
5,Chr5_2376334.0,2376334,0.002052053,0,,,,
2,Chr2_3063744.0,3063744,0.002052219,0,,,,
5,Chr5_9753626.0,9753626,0.002052942,0,,,,
4,Chr4_8926917.0,8926917,0.002053294,0,,,,
3,Chr3_21145850.0,21145850,0.00205342,0,,,,
1,Chr1_11311354.0,11311354,0.00205434,1,AT1G31580,AT1G31580,AT1G31580,0.0
5,Chr5_505429.0,505429,0.002055093,1,AT5G02370,AT5G02370,AT5G02370,0.0
4,Chr4_1557315.0,1557315,0.002055551,2,AT4G03505;AT4G03510,AT4G03505,AT4G03505,0.0
2,Chr2_5714208.0,5714208,0.002056051,0,,,,
1,Chr1_1097777.0,1097777,0.002056197,1,AT1G04170,AT1G04170,AT1G04170,0.0
1,Chr1_1100184.0,1100184,0.002056197,0,,,,
4,Chr4_15971051.0,15971051,0.002056264,0,,,,
1,Chr1_664351.0,664351,0.002057071,0,,,,
5,Chr5_14750204.0,14750204,0.002057449,0,,,,
5,Chr5_14750212.0,14750212,0.002057449,0,,,,
5,Chr5_14755029.0,14755029,0.002057449,0,,,,
3,Chr3_11247244.0,11247244,0.002057512,1,AT3G29300,AT3G29300,AT3G29300,0.0
4,Chr4_2736513.0,2736513,0.002058827,1,AT4G05370,AT4G05370,AT4G05370,0.0
5,Chr5_10753274.0,10753274,0.002059815,0,,,,
5,Chr5_10753635.0,10753635,0.002059815,0,,,,
5,Chr5_10754684.0,10754684,0.002059815,0,,,,
5,Chr5_10756123.0,10756123,0.002059815,0,,,,
5,Chr5_10756399.0,10756399,0.002059815,0,,,,
5,Chr5_10756543.0,10756543,0.002059815,0,,,,
5,Chr5_10756895.0,10756895,0.002059815,0,,,,
5,Chr5_10757433.0,10757433,0.002059815,0,,,,
5,Chr5_10757479.0,10757479,0.002059815,0,,,,
5,Chr5_10757769.0,10757769,0.002059815,0,,,,
5,Chr5_10758252.0,10758252,0.002059815,0,,,,
5,Chr5_10759031.0,10759031,0.002059815,0,,,,
5,Chr5_10759136.0,10759136,0.002059815,0,,,,
5,Chr5_10760129.0,10760129,0.002059815,0,,,,
5,Chr5_10760145.0,10760145,0.002059815,0,,,,
5,Chr5_10760527.0,10760527,0.002059815,0,,,,
5,Chr5_10760569.0,10760569,0.002059815,0,,,,
5,Chr5_10761189.0,10761189,0.002059815,0,,,,
5,Chr5_10761212.0,10761212,0.002059815,0,,,,
5,Chr5_10761319.0,10761319,0.002059815,0,,,,
5,Chr5_10761627.0,10761627,0.002059815,0,,,,
5,Chr5_10762417.0,10762417,0.002059815,0,,,,
5,Chr5_10762530.0,10762530,0.002059815,0,,,,
5,Chr5_10762644.0,10762644,0.002059815,0,,,,
5,Chr5_10762711.0,10762711,0.002059815,0,,,,
5,Chr5_10762766.0,10762766,0.002059815,0,,,,
5,Chr5_10763702.0,10763702,0.002059815,0,,,,
5,Chr5_10763759.0,10763759,0.002059815,0,,,,
5,Chr5_10763844.0,10763844,0.002059815,0,,,,
5,Chr5_10764014.0,10764014,0.002059815,0,,,,
5,Chr5_10764052.0,10764052,0.002059815,0,,,,
4,Chr4_2968917.0,2968917,0.002060027,0,,,,
2,Chr2_5664746.0,5664746,0.00206064,0,,,,
1,Chr1_3688724.0,3688724,0.002060721,1,AT1G11060,AT1G11060,AT1G11060,0.0
2,Chr2_5404711.0,5404711,0.002061219,0,,,,
2,Chr2_5405114.0,5405114,0.002061219,0,,,,
4,Chr4_7993090.0,7993090,0.002062102,0,,,,
1,Chr1_21726815.0,21726815,0.002062705,0,,,,
1,Chr1_25243851.0,25243851,0.00206281,0,,,,
2,Chr2_4541950.0,4541950,0.002063496,0,,,,
1,Chr1_26295506.0,26295506,0.002063594,1,AT1G69840,AT1G69840,AT1G69840,0.0
1,Chr1_26295509.0,26295509,0.002063594,1,AT1G69840,AT1G69840,AT1G69840,0.0
2,Chr2_18798085.0,18798085,0.002063787,0,,,,
2,Chr2_5472088.0,5472088,0.002063909,0,,,,
2,Chr2_13879599.0,13879599,0.002063937,0,,,,
3,Chr3_10664388.0,10664388,0.002064645,0,,,,
5,Chr5_9030605.0,9030605,0.002064767,0,,,,
1,Chr1_3301756.0,3301756,0.002065461,0,,,,
1,Chr1_8322982.0,8322982,0.002065732,1,AT1G23440,AT1G23440,AT1G23440,0.0
1,Chr1_8325875.0,8325875,0.002065732,1,AT1G23450,AT1G23450,AT1G23450,0.0
4,Chr4_10183546.0,10183546,0.002065895,0,,,,
1,Chr1_12696185.0,12696185,0.002067766,1,AT1G34650,AT1G34650,AT1G34650,0.0
2,Chr2_12146030.0,12146030,0.002067832,0,,,,
1,Chr1_12486410.0,12486410,0.002067902,1,AT1G34260,AT1G34260,AT1G34260,0.0
3,Chr3_18662309.0,18662309,0.002067904,0,,,,
3,Chr3_12692040.0,12692040,0.002067919,0,,,,
1,Chr1_21600550.0,21600550,0.00206795,1,AT1G58250,AT1G58250,AT1G58250,0.0
5,Chr5_144670.0,144670,0.002068008,1,AT5G01340,AT5G01340,AT5G01340,0.0
5,Chr5_12573847.0,12573847,0.00206819,0,,,,
2,Chr2_13897312.0,13897312,0.002068637,1,AT2G32770,AT2G32770,AT2G32770,0.0
2,Chr2_13900869.0,13900869,0.002068637,1,AT2G32780,AT2G32780,AT2G32780,0.0
2,Chr2_13901519.0,13901519,0.002068637,1,AT2G32780,AT2G32780,AT2G32780,0.0
5,Chr5_26581192.0,26581192,0.002069416,0,,,,
5,Chr5_13383106.0,13383106,0.002069961,0,,,,
5,Chr5_13383414.0,13383414,0.002069961,0,,,,
4,Chr4_622354.0,622354,0.002070528,1,AT4G01460,AT4G01460,AT4G01460,0.0
3,Chr3_12174179.0,12174179,0.002071019,0,,,,
5,Chr5_10682757.0,10682757,0.002071046,0,,,,
1,Chr1_18845890.0,18845890,0.002071239,0,,,,
4,Chr4_18443156.0,18443156,0.002071522,0,,,,
3,Chr3_18193256.0,18193256,0.002071746,1,AT3G49070,AT3G49070,AT3G49070,0.0
1,Chr1_5488060.0,5488060,0.002071772,1,AT1G15970,AT1G15970,AT1G15970,0.0
1,Chr1_5489530.0,5489530,0.002071772,1,AT1G15980,AT1G15980,AT1G15980,0.0
1,Chr1_5494095.0,5494095,0.002071772,0,,,,
1,Chr1_5494610.0,5494610,0.002071772,1,AT1G16000,AT1G16000,AT1G16000,0.0
1,Chr1_22701516.0,22701516,0.002072038,0,,,,
1,Chr1_22701543.0,22701543,0.002072038,0,,,,
1,Chr1_22701669.0,22701669,0.002072038,0,,,,
1,Chr1_22701697.0,22701697,0.002072038,0,,,,
2,Chr2_233136.0,233136,0.00207207,0,,,,
2,Chr2_12517409.0,12517409,0.002072213,0,,,,
3,Chr3_3225021.0,3225021,0.002072673,1,AT3G10380,AT3G10380,AT3G10380,0.0
3,Chr3_20401116.0,20401116,0.002072818,1,AT3G55050,AT3G55050,AT3G55050,0.0
1,Chr1_12256398.0,12256398,0.00207321,0,,,,
1,Chr1_3230978.0,3230978,0.00207336,1,AT1G09932,AT1G09932,AT1G09932,0.0
1,Chr1_3231111.0,3231111,0.00207336,1,AT1G09932,AT1G09932,AT1G09932,0.0
5,Chr5_22671927.0,22671927,0.002073389,1,AT5G55990,AT5G55990,AT5G55990,0.0
2,Chr2_13999420.0,13999420,0.002073458,1,AT2G32980,AT2G32980,AT2G32980,0.0
1,Chr1_13151953.0,13151953,0.002073501,0,,,,
2,Chr2_1642494.0,1642494,0.002073677,0,,,,
1,Chr1_4869888.0,4869888,0.002073725,1,AT1G14250,AT1G14250,AT1G14250,0.0
1,Chr1_4872564.0,4872564,0.002073725,0,,,,
4,Chr4_1810019.0,1810019,0.00207373,0,,,,
4,Chr4_5308928.0,5308928,0.002074093,0,,,,
5,Chr5_17889482.0,17889482,0.002074159,0,,,,
4,Chr4_2129423.0,2129423,0.002074544,1,AT4G04350,AT4G04350,AT4G04350,0.0
4,Chr4_2165118.0,2165118,0.002074544,1,AT4G04402,AT4G04402,AT4G04402,0.0
3,Chr3_7339434.0,7339434,0.00207491,0,,,,
3,Chr3_7343241.0,7343241,0.00207491,1,AT3G20950,AT3G20950,AT3G20950,0.0
3,Chr3_7346241.0,7346241,0.00207491,1,AT3G20960,AT3G20960,AT3G20960,0.0
3,Chr3_7347090.0,7347090,0.00207491,1,AT3G20960,AT3G20960,AT3G20960,0.0
3,Chr3_7348644.0,7348644,0.00207491,1,AT3G20970,AT3G20970,AT3G20970,0.0
3,Chr3_15639464.0,15639464,0.002075418,0,,,,
1,Chr1_9046878.0,9046878,0.002075625,1,AT1G26160,AT1G26160,AT1G26160,0.0
3,Chr3_9055002.0,9055002,0.002076055,0,,,,
4,Chr4_17500711.0,17500711,0.002076099,0,,,,
3,Chr3_16072253.0,16072253,0.002076348,0,,,,
1,Chr1_3249163.0,3249163,0.002076532,0,,,,
1,Chr1_3249171.0,3249171,0.002076532,0,,,,
1,Chr1_3249284.0,3249284,0.002076532,0,,,,
5,Chr5_6057237.0,6057237,0.002077176,1,AT5G18290,AT5G18290,AT5G18290,0.0
5,Chr5_6057244.0,6057244,0.002077176,1,AT5G18290,AT5G18290,AT5G18290,0.0
3,Chr3_11335080.0,11335080,0.002077364,0,,,,
1,Chr1_15161443.0,15161443,0.002077427,0,,,,
2,Chr2_14595285.0,14595285,0.002077884,0,,,,
1,Chr1_7470632.0,7470632,0.002077912,0,,,,
4,Chr4_15393322.0,15393322,0.002078033,1,AT4G31820,AT4G31820,AT4G31820,0.0
3,Chr3_18647667.0,18647667,0.00207804,0,,,,
3,Chr3_14227367.0,14227367,0.002078818,0,,,,
5,Chr5_26409210.0,26409210,0.002078819,1,AT5G66030,AT5G66030,AT5G66030,0.0
1,Chr1_22873162.0,22873162,0.002079289,0,,,,
2,Chr2_5581650.0,5581650,0.002079725,0,,,,
3,Chr3_8827130.0,8827130,0.002079828,1,AT3G24320,AT3G24320,AT3G24320,0.0
5,Chr5_12574191.0,12574191,0.002080016,0,,,,
1,Chr1_1669143.0,1669143,0.002080841,0,,,,
3,Chr3_15561351.0,15561351,0.002081481,0,,,,
3,Chr3_18046022.0,18046022,0.002081528,0,,,,
1,Chr1_6786663.0,6786663,0.002081865,1,AT1G19630,AT1G19630,AT1G19630,0.0
2,Chr2_4049975.0,4049975,0.002081876,0,,,,
4,Chr4_4870684.0,4870684,0.002082407,0,,,,
4,Chr4_8305081.0,8305081,0.002082953,1,AT4G14430,AT4G14430,AT4G14430,0.0
4,Chr4_1552397.0,1552397,0.00208307,1,AT4G03490,AT4G03490,AT4G03490,0.0
4,Chr4_7618696.0,7618696,0.002083458,1,AT4G13050,AT4G13050,AT4G13050,0.0
3,Chr3_7561214.0,7561214,0.002083524,1,AT3G21465,AT3G21465,AT3G21465,0.0
1,Chr1_28906692.0,28906692,0.00208371,1,AT1G76950,AT1G76950,AT1G76950,0.0
2,Chr2_5711274.0,5711274,0.002083998,0,,,,
1,Chr1_3338276.0,3338276,0.002084404,0,,,,
1,Chr1_3338283.0,3338283,0.002084404,0,,,,
1,Chr1_30173817.0,30173817,0.002084412,0,,,,
2,Chr2_19624452.0,19624452,0.00208499,1,AT2G47950,AT2G47950,AT2G47950,0.0
2,Chr2_19636347.0,19636347,0.00208499,1,AT2G47980,AT2G47980,AT2G47980,0.0
2,Chr2_19636811.0,19636811,0.00208499,1,AT2G47980,AT2G47980,AT2G47980,0.0
2,Chr2_19637974.0,19637974,0.00208499,1,AT2G47990,AT2G47990,AT2G47990,0.0
2,Chr2_19644097.0,19644097,0.00208499,0,,,,
2,Chr2_19649008.0,19649008,0.00208499,1,AT2G48030,AT2G48030,AT2G48030,0.0
2,Chr2_19659208.0,19659208,0.00208499,1,AT2G48060,AT2G48060,AT2G48060,0.0
1,Chr1_5160326.0,5160326,0.002085092,0,,,,
2,Chr2_8367601.0,8367601,0.002085619,0,,,,
3,Chr3_2831196.0,2831196,0.002085666,0,,,,
5,Chr5_10730371.0,10730371,0.00208595,0,,,,
1,Chr1_28379927.0,28379927,0.002086006,0,,,,
5,Chr5_27722.0,27722,0.002086111,0,,,,
3,Chr3_15801533.0,15801533,0.002086618,1,AT3G44020,AT3G44020,AT3G44020,0.0
5,Chr5_13713297.0,13713297,0.002087101,0,,,,
4,Chr4_1113874.0,1113874,0.002087356,1,AT4G02530,AT4G02530,AT4G02530,0.0
4,Chr4_1113877.0,1113877,0.002087356,1,AT4G02530,AT4G02530,AT4G02530,0.0
1,Chr1_29767545.0,29767545,0.002087415,1,AT1G79120,AT1G79120,AT1G79120,0.0
1,Chr1_29770110.0,29770110,0.002087415,0,,,,
5,Chr5_3455136.0,3455136,0.002088614,0,,,,
1,Chr1_5158245.0,5158245,0.002088642,1,AT1G14950,AT1G14950,AT1G14950,0.0
1,Chr1_23723792.0,23723792,0.002088811,0,,,,
4,Chr4_3785831.0,3785831,0.002089977,0,,,,
3,Chr3_4284719.0,4284719,0.002090433,0,,,,
1,Chr1_7067682.0,7067682,0.002090869,0,,,,
5,Chr5_3355913.0,3355913,0.002091165,1,AT5G10620,AT5G10620,AT5G10620,0.0
5,Chr5_1048490.0,1048490,0.002091272,1,AT5G03900,AT5G03900,AT5G03900,0.0
1,Chr1_29761706.0,29761706,0.002091399,0,,,,
4,Chr4_8301320.0,8301320,0.002092184,1,AT4G14410,AT4G14410,AT4G14410,0.0
1,Chr1_4001108.0,4001108,0.002092338,0,,,,
4,Chr4_17741025.0,17741025,0.002092682,1,AT4G37750,AT4G37750,AT4G37750,0.0
5,Chr5_10743991.0,10743991,0.002095796,0,,,,
1,Chr1_516333.0,516333,0.002096079,0,,,,
2,Chr2_1897210.0,1897210,0.002097176,0,,,,
3,Chr3_13423806.0,13423806,0.002097539,0,,,,
1,Chr1_7026968.0,7026968,0.002098241,1,AT1G20290,AT1G20290,AT1G20290,0.0
1,Chr1_3343231.0,3343231,0.002098559,0,,,,
5,Chr5_17864930.0,17864930,0.002098615,1,AT5G44350,AT5G44350,AT5G44350,0.0
5,Chr5_17864944.0,17864944,0.002098615,1,AT5G44350,AT5G44350,AT5G44350,0.0
3,Chr3_2094955.0,2094955,0.00209884,0,,,,
5,Chr5_4945579.0,4945579,0.002099214,1,AT5G15230,AT5G15230,AT5G15230,0.0
5,Chr5_16625701.0,16625701,0.002099354,1,AT5G41570,AT5G41570,AT5G41570,0.0
3,Chr3_5001529.0,5001529,0.002099373,0,,,,
3,Chr3_8170268.0,8170268,0.002099575,0,,,,
2,Chr2_7493188.0,7493188,0.00210029,0,,,,
2,Chr2_7493199.0,7493199,0.00210029,0,,,,
2,Chr2_5446739.0,5446739,0.00210036,0,,,,
2,Chr2_1649180.0,1649180,0.00210076,0,,,,
3,Chr3_15575268.0,15575268,0.002100863,0,,,,
1,Chr1_13762240.0,13762240,0.002100968,1,AT1G36510,AT1G36510,AT1G36510,0.0
2,Chr2_5263541.0,5263541,0.002101267,0,,,,
3,Chr3_2681752.0,2681752,0.002101677,1,AT3G08840,AT3G08840,AT3G08840,0.0
2,Chr2_253077.0,253077,0.002101877,0,,,,
2,Chr2_5441509.0,5441509,0.002103076,0,,,,
3,Chr3_132467.0,132467,0.002104527,0,,,,
2,Chr2_5178044.0,5178044,0.002104711,0,,,,
5,Chr5_7483293.0,7483293,0.002105118,1,AT5G22545,AT5G22545,AT5G22545,0.0
4,Chr4_17383230.0,17383230,0.002105437,0,,,,
4,Chr4_17383293.0,17383293,0.002105437,0,,,,
1,Chr1_23696110.0,23696110,0.002106587,0,,,,
5,Chr5_20701718.0,20701718,0.002107055,0,,,,
1,Chr1_3288486.0,3288486,0.002108736,1,AT1G10070,AT1G10070,AT1G10070,0.0
1,Chr1_3289030.0,3289030,0.002108736,1,AT1G10070,AT1G10070,AT1G10070,0.0
1,Chr1_3290204.0,3290204,0.002108736,1,AT1G10070,AT1G10070,AT1G10070,0.0
5,Chr5_5383250.0,5383250,0.00210894,0,,,,
2,Chr2_2124909.0,2124909,0.002109062,0,,,,
2,Chr2_2128892.0,2128892,0.002109062,0,,,,
2,Chr2_8549058.0,8549058,0.002109146,0,,,,
3,Chr3_18656274.0,18656274,0.002110723,0,,,,
3,Chr3_6567627.0,6567627,0.00211081,1,AT3G19040,AT3G19040,AT3G19040,0.0
1,Chr1_23563525.0,23563525,0.002110918,1,AT1G63530,AT1G63530,AT1G63530,0.0
1,Chr1_23564106.0,23564106,0.002110918,1,AT1G63530,AT1G63530,AT1G63530,0.0
1,Chr1_23564203.0,23564203,0.002110918,1,AT1G63530,AT1G63530,AT1G63530,0.0
1,Chr1_23565437.0,23565437,0.002110918,1,AT1G63530,AT1G63530,AT1G63530,0.0
3,Chr3_12361250.0,12361250,0.002111374,0,,,,
3,Chr3_7733205.0,7733205,0.002111929,1,AT3G21945,AT3G21945,AT3G21945,0.0
5,Chr5_10731418.0,10731418,0.00211332,0,,,,
5,Chr5_26370008.0,26370008,0.002113841,1,AT5G65930,AT5G65930,AT5G65930,0.0
4,Chr4_5611216.0,5611216,0.002114237,0,,,,
3,Chr3_12420855.0,12420855,0.002114313,0,,,,
5,Chr5_13717170.0,13717170,0.002115667,0,,,,
5,Chr5_13717205.0,13717205,0.002115667,0,,,,
4,Chr4_2727273.0,2727273,0.002116053,1,AT4G05350,AT4G05350,AT4G05350,0.0
1,Chr1_2302231.0,2302231,0.002116538,0,,,,
4,Chr4_15140947.0,15140947,0.002116559,0,,,,
4,Chr4_4815541.0,4815541,0.002116734,0,,,,
4,Chr4_4818638.0,4818638,0.002116734,0,,,,
4,Chr4_4822963.0,4822963,0.002116734,0,,,,
4,Chr4_4827090.0,4827090,0.002116734,1,AT4G07990,AT4G07990,AT4G07990,0.0
3,Chr3_21055574.0,21055574,0.002116892,1,AT3G56870,AT3G56870,AT3G56870,0.0
1,Chr1_6741225.0,6741225,0.002117794,0,,,,
4,Chr4_5442197.0,5442197,0.002117873,0,,,,
3,Chr3_21404677.0,21404677,0.002117875,1,AT3G57785,AT3G57785,AT3G57785,0.0
5,Chr5_17414832.0,17414832,0.002117941,0,,,,
2,Chr2_19492423.0,19492423,0.002118184,0,,,,
4,Chr4_580242.0,580242,0.002119348,1,AT4G01420,AT4G01420,AT4G01420,0.0
4,Chr4_5065721.0,5065721,0.002119688,0,,,,
5,Chr5_10693578.0,10693578,0.002120082,0,,,,
1,Chr1_1697055.0,1697055,0.002120206,0,,,,
1,Chr1_1697062.0,1697062,0.002120206,0,,,,
1,Chr1_1697126.0,1697126,0.002120206,0,,,,
2,Chr2_1711039.0,1711039,0.002120771,0,,,,
2,Chr2_1717818.0,1717818,0.002120771,0,,,,
2,Chr2_1722192.0,1722192,0.002120771,1,AT2G04890,AT2G04890,AT2G04890,0.0
4,Chr4_18361184.0,18361184,0.002120968,0,,,,
4,Chr4_18375140.0,18375140,0.002120968,1,AT4G39530,AT4G39530,AT4G39530,0.0
5,Chr5_14650773.0,14650773,0.002121578,0,,,,
5,Chr5_14650781.0,14650781,0.002121578,0,,,,
5,Chr5_14650796.0,14650796,0.002121578,0,,,,
5,Chr5_14650840.0,14650840,0.002121578,0,,,,
5,Chr5_14650876.0,14650876,0.002121578,0,,,,
3,Chr3_18998454.0,18998454,0.002122755,1,AT3G51140,AT3G51140,AT3G51140,0.0
3,Chr3_19004812.0,19004812,0.002122755,1,AT3G51150,AT3G51150,AT3G51150,0.0
3,Chr3_19006210.0,19006210,0.002122755,1,AT3G51150,AT3G51150,AT3G51150,0.0
3,Chr3_18515338.0,18515338,0.002123012,1,AT3G49940,AT3G49940,AT3G49940,0.0
4,Chr4_1151715.0,1151715,0.002123994,1,AT4G02630,AT4G02630,AT4G02630,0.0
1,Chr1_29519597.0,29519597,0.002124747,0,,,,
4,Chr4_3832330.0,3832330,0.00212494,0,,,,
3,Chr3_10543420.0,10543420,0.00212501,0,,,,
2,Chr2_12509690.0,12509690,0.002125677,1,AT2G29110,AT2G29110,AT2G29110,0.0
2,Chr2_12518661.0,12518661,0.002125677,0,,,,
2,Chr2_12525355.0,12525355,0.002125677,1,AT2G29130,AT2G29130,AT2G29130,0.0
1,Chr1_3931611.0,3931611,0.002125784,0,,,,
3,Chr3_14067862.0,14067862,0.002126247,0,,,,
1,Chr1_17250446.0,17250446,0.002126328,0,,,,
3,Chr3_6344624.0,6344624,0.002128132,0,,,,
5,Chr5_23001182.0,23001182,0.00212836,0,,,,
1,Chr1_7169927.0,7169927,0.002129439,1,AT1G20680,AT1G20680,AT1G20680,0.0
3,Chr3_2898658.0,2898658,0.002130015,1,AT3G09410,AT3G09410,AT3G09410,0.0
1,Chr1_26742781.0,26742781,0.002130554,0,,,,
1,Chr1_26742782.0,26742782,0.002130554,0,,,,
1,Chr1_22217176.0,22217176,0.002130799,1,AT1G60250,AT1G60250,AT1G60250,0.0
3,Chr3_8463896.0,8463896,0.002130841,0,,,,
3,Chr3_8463901.0,8463901,0.002130841,0,,,,
4,Chr4_9654932.0,9654932,0.002131575,0,,,,
3,Chr3_14811367.0,14811367,0.00213176,0,,,,
1,Chr1_27859756.0,27859756,0.002132212,0,,,,
1,Chr1_17591466.0,17591466,0.002132563,0,,,,
1,Chr1_17591468.0,17591468,0.002132563,0,,,,
1,Chr1_17591469.0,17591469,0.002132563,0,,,,
3,Chr3_17437231.0,17437231,0.002133168,0,,,,
5,Chr5_323787.0,323787,0.002133861,0,,,,
3,Chr3_16369320.0,16369320,0.002133868,1,AT3G44830,AT3G44830,AT3G44830,0.0
4,Chr4_3428409.0,3428409,0.002133873,0,,,,
5,Chr5_24962096.0,24962096,0.002134353,0,,,,
1,Chr1_29228466.0,29228466,0.002134527,0,,,,
4,Chr4_4257279.0,4257279,0.002134588,0,,,,
5,Chr5_10685551.0,10685551,0.002134931,0,,,,
1,Chr1_3180634.0,3180634,0.002135317,0,,,,
1,Chr1_3180682.0,3180682,0.002135317,0,,,,
1,Chr1_12982912.0,12982912,0.002135435,1,AT1G35350,AT1G35350,AT1G35350,0.0
5,Chr5_13717805.0,13717805,0.002135988,0,,,,
5,Chr5_13718529.0,13718529,0.002135988,0,,,,
5,Chr5_10657402.0,10657402,0.002136572,0,,,,
3,Chr3_5868658.0,5868658,0.002136749,0,,,,
1,Chr1_28428726.0,28428726,0.002137548,1,AT1G75710,AT1G75710,AT1G75710,0.0
1,Chr1_26902808.0,26902808,0.002137947,0,,,,
1,Chr1_26902841.0,26902841,0.002137947,0,,,,
1,Chr1_28693566.0,28693566,0.00213821,0,,,,
2,Chr2_18875688.0,18875688,0.002139271,0,,,,
4,Chr4_14722135.0,14722135,0.002139462,1,AT4G30110,AT4G30110,AT4G30110,0.0
4,Chr4_14722214.0,14722214,0.002139462,1,AT4G30110,AT4G30110,AT4G30110,0.0
4,Chr4_2402946.0,2402946,0.002139568,0,,,,
5,Chr5_20723838.0,20723838,0.002139642,1,AT5G50930,AT5G50930,AT5G50930,0.0
5,Chr5_20725798.0,20725798,0.002139642,1,AT5G50940,AT5G50940,AT5G50940,0.0
4,Chr4_9569547.0,9569547,0.002139644,1,AT4G17000,AT4G17000,AT4G17000,0.0
1,Chr1_27186925.0,27186925,0.002139748,0,,,,
5,Chr5_10733629.0,10733629,0.002139893,0,,,,
5,Chr5_11593687.0,11593687,0.00214013,0,,,,
2,Chr2_6927819.0,6927819,0.002140683,1,AT2G15900,AT2G15900,AT2G15900,0.0
1,Chr1_28578649.0,28578649,0.002141032,1,AT1G76160,AT1G76160,AT1G76160,0.0
3,Chr3_9599968.0,9599968,0.002142137,0,,,,
5,Chr5_10697302.0,10697302,0.00214243,0,,,,
1,Chr1_2268634.0,2268634,0.002142495,0,,,,
5,Chr5_2198849.0,2198849,0.002142663,0,,,,
1,Chr1_7237876.0,7237876,0.002142683,0,,,,
1,Chr1_7238017.0,7238017,0.002142683,0,,,,
5,Chr5_22688029.0,22688029,0.002142852,1,AT5G56030,AT5G56030,AT5G56030,0.0
2,Chr2_7515544.0,7515544,0.002143202,0,,,,
5,Chr5_26532676.0,26532676,0.002143912,0,,,,
4,Chr4_8399747.0,8399747,0.002143932,1,AT4G14640,AT4G14640,AT4G14640,0.0
3,Chr3_6729387.0,6729387,0.002144082,0,,,,
3,Chr3_6729388.0,6729388,0.002144082,0,,,,
3,Chr3_13884734.0,13884734,0.002144211,0,,,,
5,Chr5_23219817.0,23219817,0.00214458,1,AT5G57330,AT5G57330,AT5G57330,0.0
5,Chr5_9771049.0,9771049,0.002144946,0,,,,
5,Chr5_7483309.0,7483309,0.002145346,1,AT5G22545,AT5G22545,AT5G22545,0.0
5,Chr5_7483360.0,7483360,0.002145346,1,AT5G22545,AT5G22545,AT5G22545,0.0
5,Chr5_7483377.0,7483377,0.002145346,1,AT5G22545,AT5G22545,AT5G22545,0.0
1,Chr1_3284734.0,3284734,0.002145833,1,AT1G10060,AT1G10060,AT1G10060,0.0
1,Chr1_3284822.0,3284822,0.002145833,1,AT1G10060,AT1G10060,AT1G10060,0.0
1,Chr1_3284829.0,3284829,0.002145833,1,AT1G10060,AT1G10060,AT1G10060,0.0
2,Chr2_2591241.0,2591241,0.002146061,0,,,,
5,Chr5_10150877.0,10150877,0.002146366,0,,,,
3,Chr3_3864152.0,3864152,0.002146503,1,AT3G12130,AT3G12130,AT3G12130,0.0
3,Chr3_3865890.0,3865890,0.002146503,1,AT3G12130,AT3G12130,AT3G12130,0.0
5,Chr5_20990405.0,20990405,0.002146507,0,,,,
1,Chr1_18173475.0,18173475,0.002147868,1,AT1G49120,AT1G49120,AT1G49120,0.0
1,Chr1_12185110.0,12185110,0.002147988,0,,,,
1,Chr1_12185319.0,12185319,0.002147988,0,,,,
1,Chr1_12186024.0,12186024,0.002147988,0,,,,
1,Chr1_12186072.0,12186072,0.002147988,0,,,,
1,Chr1_12186274.0,12186274,0.002147988,0,,,,
1,Chr1_12186367.0,12186367,0.002147988,0,,,,
1,Chr1_12186411.0,12186411,0.002147988,0,,,,
1,Chr1_12186546.0,12186546,0.002147988,0,,,,
2,Chr2_6224661.0,6224661,0.002148181,0,,,,
3,Chr3_2094353.0,2094353,0.002148262,0,,,,
3,Chr3_2094741.0,2094741,0.002148262,0,,,,
3,Chr3_2094864.0,2094864,0.002148262,0,,,,
3,Chr3_2094867.0,2094867,0.002148262,0,,,,
3,Chr3_2094876.0,2094876,0.002148262,0,,,,
3,Chr3_2094892.0,2094892,0.002148262,0,,,,
3,Chr3_2094922.0,2094922,0.002148262,0,,,,
3,Chr3_2094930.0,2094930,0.002148262,0,,,,
3,Chr3_2094933.0,2094933,0.002148262,0,,,,
3,Chr3_2094993.0,2094993,0.002148262,0,,,,
3,Chr3_2095012.0,2095012,0.002148262,0,,,,
3,Chr3_2095018.0,2095018,0.002148262,0,,,,
3,Chr3_2095026.0,2095026,0.002148262,0,,,,
3,Chr3_2095085.0,2095085,0.002148262,0,,,,
3,Chr3_2095106.0,2095106,0.002148262,1,AT3G66658,AT3G66658,AT3G66658,0.0
3,Chr3_2095143.0,2095143,0.002148262,1,AT3G66658,AT3G66658,AT3G66658,0.0
3,Chr3_2095247.0,2095247,0.002148262,1,AT3G66658,AT3G66658,AT3G66658,0.0
3,Chr3_2095251.0,2095251,0.002148262,1,AT3G66658,AT3G66658,AT3G66658,0.0
3,Chr3_2095275.0,2095275,0.002148262,1,AT3G66658,AT3G66658,AT3G66658,0.0
3,Chr3_2095642.0,2095642,0.002148262,1,AT3G66658,AT3G66658,AT3G66658,0.0
3,Chr3_2095672.0,2095672,0.002148262,1,AT3G66658,AT3G66658,AT3G66658,0.0
3,Chr3_2096144.0,2096144,0.002148262,1,AT3G66658,AT3G66658,AT3G66658,0.0
3,Chr3_2096146.0,2096146,0.002148262,1,AT3G66658,AT3G66658,AT3G66658,0.0
3,Chr3_2096148.0,2096148,0.002148262,1,AT3G66658,AT3G66658,AT3G66658,0.0
3,Chr3_2096182.0,2096182,0.002148262,1,AT3G66658,AT3G66658,AT3G66658,0.0
3,Chr3_2096266.0,2096266,0.002148262,1,AT3G66658,AT3G66658,AT3G66658,0.0
3,Chr3_2096335.0,2096335,0.002148262,1,AT3G66658,AT3G66658,AT3G66658,0.0
3,Chr3_2096350.0,2096350,0.002148262,1,AT3G66658,AT3G66658,AT3G66658,0.0
3,Chr3_2096379.0,2096379,0.002148262,1,AT3G66658,AT3G66658,AT3G66658,0.0
3,Chr3_2096396.0,2096396,0.002148262,1,AT3G66658,AT3G66658,AT3G66658,0.0
3,Chr3_2096407.0,2096407,0.002148262,1,AT3G66658,AT3G66658,AT3G66658,0.0
3,Chr3_2096426.0,2096426,0.002148262,1,AT3G66658,AT3G66658,AT3G66658,0.0
3,Chr3_2096440.0,2096440,0.002148262,1,AT3G66658,AT3G66658,AT3G66658,0.0
3,Chr3_2096457.0,2096457,0.002148262,1,AT3G66658,AT3G66658,AT3G66658,0.0
3,Chr3_2096469.0,2096469,0.002148262,1,AT3G66658,AT3G66658,AT3G66658,0.0
3,Chr3_2096504.0,2096504,0.002148262,1,AT3G66658,AT3G66658,AT3G66658,0.0
3,Chr3_2096505.0,2096505,0.002148262,1,AT3G66658,AT3G66658,AT3G66658,0.0
3,Chr3_2096506.0,2096506,0.002148262,1,AT3G66658,AT3G66658,AT3G66658,0.0
3,Chr3_2096526.0,2096526,0.002148262,1,AT3G66658,AT3G66658,AT3G66658,0.0
3,Chr3_2096527.0,2096527,0.002148262,1,AT3G66658,AT3G66658,AT3G66658,0.0
3,Chr3_2096601.0,2096601,0.002148262,1,AT3G66658,AT3G66658,AT3G66658,0.0
3,Chr3_2096629.0,2096629,0.002148262,1,AT3G66658,AT3G66658,AT3G66658,0.0
3,Chr3_2096633.0,2096633,0.002148262,1,AT3G66658,AT3G66658,AT3G66658,0.0
3,Chr3_2096636.0,2096636,0.002148262,1,AT3G66658,AT3G66658,AT3G66658,0.0
3,Chr3_2096638.0,2096638,0.002148262,1,AT3G66658,AT3G66658,AT3G66658,0.0
3,Chr3_2096640.0,2096640,0.002148262,1,AT3G66658,AT3G66658,AT3G66658,0.0
3,Chr3_2096652.0,2096652,0.002148262,1,AT3G66658,AT3G66658,AT3G66658,0.0
3,Chr3_2096716.0,2096716,0.002148262,1,AT3G66658,AT3G66658,AT3G66658,0.0
3,Chr3_2096727.0,2096727,0.002148262,1,AT3G66658,AT3G66658,AT3G66658,0.0
3,Chr3_2096728.0,2096728,0.002148262,1,AT3G66658,AT3G66658,AT3G66658,0.0
3,Chr3_2096731.0,2096731,0.002148262,1,AT3G66658,AT3G66658,AT3G66658,0.0
3,Chr3_2096763.0,2096763,0.002148262,1,AT3G66658,AT3G66658,AT3G66658,0.0
3,Chr3_2096774.0,2096774,0.002148262,1,AT3G66658,AT3G66658,AT3G66658,0.0
3,Chr3_2096802.0,2096802,0.002148262,1,AT3G66658,AT3G66658,AT3G66658,0.0
3,Chr3_2096823.0,2096823,0.002148262,1,AT3G66658,AT3G66658,AT3G66658,0.0
3,Chr3_2096871.0,2096871,0.002148262,1,AT3G66658,AT3G66658,AT3G66658,0.0
3,Chr3_2096892.0,2096892,0.002148262,1,AT3G66658,AT3G66658,AT3G66658,0.0
3,Chr3_2096894.0,2096894,0.002148262,1,AT3G66658,AT3G66658,AT3G66658,0.0
3,Chr3_2096896.0,2096896,0.002148262,1,AT3G66658,AT3G66658,AT3G66658,0.0
3,Chr3_2096902.0,2096902,0.002148262,1,AT3G66658,AT3G66658,AT3G66658,0.0
3,Chr3_2096908.0,2096908,0.002148262,1,AT3G66658,AT3G66658,AT3G66658,0.0
3,Chr3_2096922.0,2096922,0.002148262,1,AT3G66658,AT3G66658,AT3G66658,0.0
3,Chr3_2096928.0,2096928,0.002148262,1,AT3G66658,AT3G66658,AT3G66658,0.0
3,Chr3_2096936.0,2096936,0.002148262,1,AT3G66658,AT3G66658,AT3G66658,0.0
3,Chr3_2096940.0,2096940,0.002148262,1,AT3G66658,AT3G66658,AT3G66658,0.0
3,Chr3_2097561.0,2097561,0.002148262,1,AT3G66658,AT3G66658,AT3G66658,0.0
3,Chr3_2097596.0,2097596,0.002148262,1,AT3G66658,AT3G66658,AT3G66658,0.0
3,Chr3_2097598.0,2097598,0.002148262,1,AT3G66658,AT3G66658,AT3G66658,0.0
3,Chr3_2097638.0,2097638,0.002148262,1,AT3G66658,AT3G66658,AT3G66658,0.0
3,Chr3_2097646.0,2097646,0.002148262,1,AT3G66658,AT3G66658,AT3G66658,0.0
3,Chr3_2097649.0,2097649,0.002148262,1,AT3G66658,AT3G66658,AT3G66658,0.0
3,Chr3_2097809.0,2097809,0.002148262,1,AT3G66658,AT3G66658,AT3G66658,0.0
3,Chr3_2097828.0,2097828,0.002148262,1,AT3G66658,AT3G66658,AT3G66658,0.0
3,Chr3_2097844.0,2097844,0.002148262,1,AT3G66658,AT3G66658,AT3G66658,0.0
3,Chr3_2097848.0,2097848,0.002148262,1,AT3G66658,AT3G66658,AT3G66658,0.0
3,Chr3_2097861.0,2097861,0.002148262,1,AT3G66658,AT3G66658,AT3G66658,0.0
3,Chr3_2097870.0,2097870,0.002148262,1,AT3G66658,AT3G66658,AT3G66658,0.0
3,Chr3_2097881.0,2097881,0.002148262,1,AT3G66658,AT3G66658,AT3G66658,0.0
3,Chr3_2097887.0,2097887,0.002148262,1,AT3G66658,AT3G66658,AT3G66658,0.0
3,Chr3_2097980.0,2097980,0.002148262,1,AT3G66658,AT3G66658,AT3G66658,0.0
3,Chr3_2098041.0,2098041,0.002148262,1,AT3G66658,AT3G66658,AT3G66658,0.0
3,Chr3_2098043.0,2098043,0.002148262,1,AT3G66658,AT3G66658,AT3G66658,0.0
3,Chr3_2098044.0,2098044,0.002148262,1,AT3G66658,AT3G66658,AT3G66658,0.0
3,Chr3_2098064.0,2098064,0.002148262,1,AT3G66658,AT3G66658,AT3G66658,0.0
3,Chr3_2098069.0,2098069,0.002148262,1,AT3G66658,AT3G66658,AT3G66658,0.0
3,Chr3_2098083.0,2098083,0.002148262,1,AT3G66658,AT3G66658,AT3G66658,0.0
3,Chr3_2098091.0,2098091,0.002148262,1,AT3G66658,AT3G66658,AT3G66658,0.0
3,Chr3_2098096.0,2098096,0.002148262,1,AT3G66658,AT3G66658,AT3G66658,0.0
3,Chr3_2098101.0,2098101,0.002148262,1,AT3G66658,AT3G66658,AT3G66658,0.0
3,Chr3_2098241.0,2098241,0.002148262,1,AT3G66658,AT3G66658,AT3G66658,0.0
3,Chr3_2098284.0,2098284,0.002148262,1,AT3G66658,AT3G66658,AT3G66658,0.0
3,Chr3_2098335.0,2098335,0.002148262,1,AT3G66658,AT3G66658,AT3G66658,0.0
3,Chr3_2098405.0,2098405,0.002148262,1,AT3G66658,AT3G66658,AT3G66658,0.0
3,Chr3_2098519.0,2098519,0.002148262,1,AT3G66658,AT3G66658,AT3G66658,0.0
3,Chr3_2098530.0,2098530,0.002148262,1,AT3G66658,AT3G66658,AT3G66658,0.0
3,Chr3_2098531.0,2098531,0.002148262,1,AT3G66658,AT3G66658,AT3G66658,0.0
3,Chr3_2098561.0,2098561,0.002148262,1,AT3G66658,AT3G66658,AT3G66658,0.0
3,Chr3_2098609.0,2098609,0.002148262,1,AT3G66658,AT3G66658,AT3G66658,0.0
3,Chr3_2098634.0,2098634,0.002148262,1,AT3G66658,AT3G66658,AT3G66658,0.0
3,Chr3_2098664.0,2098664,0.002148262,1,AT3G66658,AT3G66658,AT3G66658,0.0
3,Chr3_2098793.0,2098793,0.002148262,1,AT3G66658,AT3G66658,AT3G66658,0.0
4,Chr4_2896933.0,2896933,0.002149317,0,,,,
2,Chr2_7446913.0,7446913,0.002149335,0,,,,
2,Chr2_7448438.0,7448438,0.002149335,0,,,,
4,Chr4_2452303.0,2452303,0.002150434,0,,,,
2,Chr2_9920530.0,9920530,0.002150579,0,,,,
1,Chr1_23750590.0,23750590,0.002151012,0,,,,
1,Chr1_3303701.0,3303701,0.002151639,1,AT1G10110,AT1G10110,AT1G10110,0.0
1,Chr1_3304445.0,3304445,0.002151639,1,AT1G10120,AT1G10120,AT1G10120,0.0
1,Chr1_25522863.0,25522863,0.002152003,1,AT1G68100,AT1G68100,AT1G68100,0.0
4,Chr4_1223694.0,1223694,0.002152012,0,,,,
1,Chr1_25684159.0,25684159,0.002153671,0,,,,
1,Chr1_18133946.0,18133946,0.002153689,0,,,,
1,Chr1_18133957.0,18133957,0.002153689,0,,,,
1,Chr1_18133971.0,18133971,0.002153689,0,,,,
5,Chr5_10679415.0,10679415,0.002154086,0,,,,
4,Chr4_724623.0,724623,0.002154183,0,,,,
1,Chr1_25779741.0,25779741,0.002155058,0,,,,
2,Chr2_10677338.0,10677338,0.002155424,0,,,,
3,Chr3_15755348.0,15755348,0.002156664,1,AT3G43920,AT3G43920,AT3G43920,0.0
2,Chr2_5189675.0,5189675,0.002157796,0,,,,
1,Chr1_30257883.0,30257883,0.002158023,1,AT1G80470,AT1G80470,AT1G80470,0.0
1,Chr1_30267220.0,30267220,0.002158023,0,,,,
1,Chr1_30268477.0,30268477,0.002158023,0,,,,
1,Chr1_29041439.0,29041439,0.002158682,1,AT1G77300,AT1G77300,AT1G77300,0.0
1,Chr1_29041794.0,29041794,0.002158682,1,AT1G77300,AT1G77300,AT1G77300,0.0
1,Chr1_29043091.0,29043091,0.002158682,1,AT1G77300,AT1G77300,AT1G77300,0.0
1,Chr1_29045430.0,29045430,0.002158682,1,AT1G77300,AT1G77300,AT1G77300,0.0
1,Chr1_29045517.0,29045517,0.002158682,1,AT1G77300,AT1G77300,AT1G77300,0.0
1,Chr1_29045520.0,29045520,0.002158682,1,AT1G77300,AT1G77300,AT1G77300,0.0
1,Chr1_29045537.0,29045537,0.002158682,1,AT1G77300,AT1G77300,AT1G77300,0.0
1,Chr1_29046544.0,29046544,0.002158682,1,AT1G77300,AT1G77300,AT1G77300,0.0
1,Chr1_29047894.0,29047894,0.002158682,1,AT1G77300,AT1G77300,AT1G77300,0.0
4,Chr4_17294308.0,17294308,0.002159205,1,AT4G36690,AT4G36690,AT4G36690,0.0
3,Chr3_16532528.0,16532528,0.002159266,0,,,,
3,Chr3_19651031.0,19651031,0.002160841,1,AT3G52990,AT3G52990,AT3G52990,0.0
1,Chr1_29086759.0,29086759,0.002161077,1,AT1G77400,AT1G77400,AT1G77400,0.0
1,Chr1_29086760.0,29086760,0.002161077,1,AT1G77400,AT1G77400,AT1G77400,0.0
4,Chr4_17989004.0,17989004,0.002161489,0,,,,
1,Chr1_17820504.0,17820504,0.002161755,0,,,,
5,Chr5_21056759.0,21056759,0.002162375,1,AT5G51810,AT5G51810,AT5G51810,0.0
5,Chr5_24986626.0,24986626,0.002162496,1,AT5G62210,AT5G62210,AT5G62210,0.0
4,Chr4_17498840.0,17498840,0.002162762,1,AT4G37170,AT4G37170,AT4G37170,0.0
4,Chr4_6345727.0,6345727,0.002162935,0,,,,
4,Chr4_6345743.0,6345743,0.002162935,0,,,,
4,Chr4_4411549.0,4411549,0.002162976,0,,,,
3,Chr3_3377623.0,3377623,0.002163015,1,AT3G10790,AT3G10790,AT3G10790,0.0
1,Chr1_24534127.0,24534127,0.002163077,0,,,,
5,Chr5_11504343.0,11504343,0.002163474,0,,,,
5,Chr5_7863072.0,7863072,0.002163688,0,,,,
1,Chr1_2264144.0,2264144,0.002164104,1,AT1G07370,AT1G07370,AT1G07370,0.0
1,Chr1_2264157.0,2264157,0.002164104,1,AT1G07370,AT1G07370,AT1G07370,0.0
1,Chr1_2264163.0,2264163,0.002164104,1,AT1G07370,AT1G07370,AT1G07370,0.0
1,Chr1_2264190.0,2264190,0.002164104,1,AT1G07370,AT1G07370,AT1G07370,0.0
1,Chr1_2264244.0,2264244,0.002164104,1,AT1G07370,AT1G07370,AT1G07370,0.0
1,Chr1_2264402.0,2264402,0.002164104,1,AT1G07370,AT1G07370,AT1G07370,0.0
1,Chr1_2264414.0,2264414,0.002164104,1,AT1G07370,AT1G07370,AT1G07370,0.0
1,Chr1_2264424.0,2264424,0.002164104,1,AT1G07370,AT1G07370,AT1G07370,0.0
1,Chr1_2264432.0,2264432,0.002164104,1,AT1G07370,AT1G07370,AT1G07370,0.0
1,Chr1_2264434.0,2264434,0.002164104,1,AT1G07370,AT1G07370,AT1G07370,0.0
1,Chr1_2264467.0,2264467,0.002164104,1,AT1G07370,AT1G07370,AT1G07370,0.0
1,Chr1_2264468.0,2264468,0.002164104,1,AT1G07370,AT1G07370,AT1G07370,0.0
1,Chr1_2264469.0,2264469,0.002164104,1,AT1G07370,AT1G07370,AT1G07370,0.0
1,Chr1_2264477.0,2264477,0.002164104,1,AT1G07370,AT1G07370,AT1G07370,0.0
1,Chr1_2264494.0,2264494,0.002164104,1,AT1G07370,AT1G07370,AT1G07370,0.0
1,Chr1_2264535.0,2264535,0.002164104,1,AT1G07370,AT1G07370,AT1G07370,0.0
1,Chr1_2264539.0,2264539,0.002164104,1,AT1G07370,AT1G07370,AT1G07370,0.0
1,Chr1_2264849.0,2264849,0.002164104,1,AT1G07380,AT1G07380,AT1G07380,0.0
1,Chr1_2264985.0,2264985,0.002164104,1,AT1G07380,AT1G07380,AT1G07380,0.0
1,Chr1_2265499.0,2265499,0.002164104,1,AT1G07380,AT1G07380,AT1G07380,0.0
1,Chr1_2265502.0,2265502,0.002164104,1,AT1G07380,AT1G07380,AT1G07380,0.0
1,Chr1_2265514.0,2265514,0.002164104,1,AT1G07380,AT1G07380,AT1G07380,0.0
1,Chr1_2265535.0,2265535,0.002164104,1,AT1G07380,AT1G07380,AT1G07380,0.0
1,Chr1_2265616.0,2265616,0.002164104,1,AT1G07380,AT1G07380,AT1G07380,0.0
1,Chr1_2265775.0,2265775,0.002164104,1,AT1G07380,AT1G07380,AT1G07380,0.0
1,Chr1_2265787.0,2265787,0.002164104,1,AT1G07380,AT1G07380,AT1G07380,0.0
1,Chr1_2265788.0,2265788,0.002164104,1,AT1G07380,AT1G07380,AT1G07380,0.0
1,Chr1_2266422.0,2266422,0.002164104,1,AT1G07380,AT1G07380,AT1G07380,0.0
1,Chr1_2266423.0,2266423,0.002164104,1,AT1G07380,AT1G07380,AT1G07380,0.0
1,Chr1_2266424.0,2266424,0.002164104,1,AT1G07380,AT1G07380,AT1G07380,0.0
1,Chr1_2266434.0,2266434,0.002164104,1,AT1G07380,AT1G07380,AT1G07380,0.0
1,Chr1_2266447.0,2266447,0.002164104,1,AT1G07380,AT1G07380,AT1G07380,0.0
1,Chr1_2266450.0,2266450,0.002164104,1,AT1G07380,AT1G07380,AT1G07380,0.0
1,Chr1_2266451.0,2266451,0.002164104,1,AT1G07380,AT1G07380,AT1G07380,0.0
1,Chr1_2266459.0,2266459,0.002164104,1,AT1G07380,AT1G07380,AT1G07380,0.0
1,Chr1_2266470.0,2266470,0.002164104,1,AT1G07380,AT1G07380,AT1G07380,0.0
1,Chr1_2266665.0,2266665,0.002164104,1,AT1G07380,AT1G07380,AT1G07380,0.0
1,Chr1_2266752.0,2266752,0.002164104,1,AT1G07380,AT1G07380,AT1G07380,0.0
1,Chr1_2266773.0,2266773,0.002164104,1,AT1G07380,AT1G07380,AT1G07380,0.0
1,Chr1_2266781.0,2266781,0.002164104,1,AT1G07380,AT1G07380,AT1G07380,0.0
1,Chr1_2266838.0,2266838,0.002164104,1,AT1G07380,AT1G07380,AT1G07380,0.0
1,Chr1_2266932.0,2266932,0.002164104,1,AT1G07380,AT1G07380,AT1G07380,0.0
1,Chr1_2267135.0,2267135,0.002164104,1,AT1G07380,AT1G07380,AT1G07380,0.0
1,Chr1_2267141.0,2267141,0.002164104,1,AT1G07380,AT1G07380,AT1G07380,0.0
1,Chr1_18806420.0,18806420,0.002165208,0,,,,
1,Chr1_7109920.0,7109920,0.002166253,1,AT1G20530,AT1G20530,AT1G20530,0.0
1,Chr1_19568359.0,19568359,0.002166486,1,AT1G52520,AT1G52520,AT1G52520,0.0
1,Chr1_19571801.0,19571801,0.002166486,1,AT1G52540,AT1G52540,AT1G52540,0.0
3,Chr3_167271.0,167271,0.002166727,1,AT3G01435,AT3G01435,AT3G01435,0.0
5,Chr5_10140382.0,10140382,0.002166846,0,,,,
3,Chr3_2437222.0,2437222,0.002167038,1,AT3G07630,AT3G07630,AT3G07630,0.0
3,Chr3_15971441.0,15971441,0.00216715,0,,,,
2,Chr2_4052065.0,4052065,0.002167573,0,,,,
1,Chr1_26742755.0,26742755,0.002168107,0,,,,
5,Chr5_26678142.0,26678142,0.002170091,0,,,,
3,Chr3_12184224.0,12184224,0.002170092,0,,,,
1,Chr1_23925232.0,23925232,0.002170385,0,,,,
1,Chr1_29525305.0,29525305,0.00217045,1,AT1G78476,AT1G78476,AT1G78476,0.0
4,Chr4_14136126.0,14136126,0.002171026,1,AT4G28620,AT4G28620,AT4G28620,0.0
2,Chr2_5433727.0,5433727,0.002171192,0,,,,
3,Chr3_7710423.0,7710423,0.002171513,0,,,,
1,Chr1_16628498.0,16628498,0.002172833,0,,,,
5,Chr5_15909899.0,15909899,0.002172861,0,,,,
3,Chr3_9098084.0,9098084,0.00217314,1,AT3G24890,AT3G24890,AT3G24890,0.0
5,Chr5_22660328.0,22660328,0.002173293,1,AT5G55950,AT5G55950,AT5G55950,0.0
2,Chr2_5277347.0,5277347,0.00217344,0,,,,
1,Chr1_24157912.0,24157912,0.002174059,1,AT1G65030,AT1G65030,AT1G65030,0.0
1,Chr1_10539607.0,10539607,0.002174242,1,AT1G30040,AT1G30040,AT1G30040,0.0
1,Chr1_10540165.0,10540165,0.002174242,0,,,,
5,Chr5_5649210.0,5649210,0.002174596,1,AT5G17170,AT5G17170,AT5G17170,0.0
5,Chr5_5649216.0,5649216,0.002174596,1,AT5G17170,AT5G17170,AT5G17170,0.0
5,Chr5_2522550.0,2522550,0.002174806,1,AT5G07910,AT5G07910,AT5G07910,0.0
3,Chr3_18914064.0,18914064,0.002174847,1,AT3G50880,AT3G50880,AT3G50880,0.0
3,Chr3_18914138.0,18914138,0.002174847,1,AT3G50880,AT3G50880,AT3G50880,0.0
3,Chr3_18914551.0,18914551,0.002174847,1,AT3G50880,AT3G50880,AT3G50880,0.0
4,Chr4_13628636.0,13628636,0.002175405,0,,,,
3,Chr3_15772329.0,15772329,0.002176386,0,,,,
3,Chr3_15773091.0,15773091,0.002176386,0,,,,
3,Chr3_9276590.0,9276590,0.002176413,1,AT3G25540,AT3G25540,AT3G25540,0.0
1,Chr1_17300821.0,17300821,0.002177137,0,,,,
1,Chr1_3186476.0,3186476,0.002177185,0,,,,
1,Chr1_14308071.0,14308071,0.002177334,0,,,,
1,Chr1_14308466.0,14308466,0.002177334,0,,,,
1,Chr1_14313801.0,14313801,0.002177334,0,,,,
1,Chr1_14326697.0,14326697,0.002177334,0,,,,
1,Chr1_14327353.0,14327353,0.002177334,0,,,,
1,Chr1_14327406.0,14327406,0.002177334,0,,,,
1,Chr1_14327439.0,14327439,0.002177334,0,,,,
1,Chr1_14327626.0,14327626,0.002177334,0,,,,
1,Chr1_14327682.0,14327682,0.002177334,0,,,,
1,Chr1_14327812.0,14327812,0.002177334,0,,,,
1,Chr1_14327885.0,14327885,0.002177334,0,,,,
1,Chr1_14327887.0,14327887,0.002177334,0,,,,
1,Chr1_14328500.0,14328500,0.002177334,0,,,,
1,Chr1_14328508.0,14328508,0.002177334,0,,,,
1,Chr1_14328567.0,14328567,0.002177334,0,,,,
1,Chr1_14328776.0,14328776,0.002177334,0,,,,
1,Chr1_14330489.0,14330489,0.002177334,0,,,,
1,Chr1_14330635.0,14330635,0.002177334,0,,,,
1,Chr1_14330659.0,14330659,0.002177334,0,,,,
1,Chr1_14330809.0,14330809,0.002177334,0,,,,
1,Chr1_14330877.0,14330877,0.002177334,0,,,,
1,Chr1_14330964.0,14330964,0.002177334,0,,,,
1,Chr1_14331361.0,14331361,0.002177334,0,,,,
1,Chr1_14333166.0,14333166,0.002177334,0,,,,
1,Chr1_14334063.0,14334063,0.002177334,0,,,,
1,Chr1_14468696.0,14468696,0.002177334,0,,,,
1,Chr1_14468748.0,14468748,0.002177334,0,,,,
1,Chr1_14468990.0,14468990,0.002177334,0,,,,
1,Chr1_14469135.0,14469135,0.002177334,0,,,,
1,Chr1_14539776.0,14539776,0.002177334,0,,,,
1,Chr1_14539798.0,14539798,0.002177334,0,,,,
1,Chr1_14540378.0,14540378,0.002177334,0,,,,
1,Chr1_14540589.0,14540589,0.002177334,0,,,,
1,Chr1_14540606.0,14540606,0.002177334,0,,,,
1,Chr1_14540621.0,14540621,0.002177334,0,,,,
1,Chr1_14540647.0,14540647,0.002177334,0,,,,
1,Chr1_14540900.0,14540900,0.002177334,0,,,,
1,Chr1_14541112.0,14541112,0.002177334,0,,,,
1,Chr1_14541518.0,14541518,0.002177334,0,,,,
1,Chr1_14541554.0,14541554,0.002177334,0,,,,
1,Chr1_14541772.0,14541772,0.002177334,0,,,,
1,Chr1_14541844.0,14541844,0.002177334,0,,,,
1,Chr1_14542311.0,14542311,0.002177334,0,,,,
1,Chr1_14542482.0,14542482,0.002177334,0,,,,
1,Chr1_14542554.0,14542554,0.002177334,0,,,,
1,Chr1_14542569.0,14542569,0.002177334,0,,,,
1,Chr1_15525573.0,15525573,0.002177334,0,,,,
1,Chr1_15526090.0,15526090,0.002177334,0,,,,
1,Chr1_15526174.0,15526174,0.002177334,0,,,,
1,Chr1_15526361.0,15526361,0.002177334,0,,,,
1,Chr1_15526525.0,15526525,0.002177334,0,,,,
1,Chr1_15526669.0,15526669,0.002177334,0,,,,
1,Chr1_15526811.0,15526811,0.002177334,0,,,,
1,Chr1_15526877.0,15526877,0.002177334,0,,,,
1,Chr1_15527065.0,15527065,0.002177334,0,,,,
1,Chr1_15527075.0,15527075,0.002177334,0,,,,
1,Chr1_15527080.0,15527080,0.002177334,0,,,,
1,Chr1_15528098.0,15528098,0.002177334,0,,,,
1,Chr1_15528210.0,15528210,0.002177334,0,,,,
1,Chr1_15528315.0,15528315,0.002177334,0,,,,
1,Chr1_15528542.0,15528542,0.002177334,0,,,,
1,Chr1_15528590.0,15528590,0.002177334,0,,,,
1,Chr1_15528591.0,15528591,0.002177334,0,,,,
1,Chr1_15554457.0,15554457,0.002177334,0,,,,
1,Chr1_15554480.0,15554480,0.002177334,0,,,,
1,Chr1_15554792.0,15554792,0.002177334,0,,,,
1,Chr1_15554865.0,15554865,0.002177334,0,,,,
1,Chr1_15554955.0,15554955,0.002177334,0,,,,
1,Chr1_15567475.0,15567475,0.002177334,0,,,,
1,Chr1_15567630.0,15567630,0.002177334,0,,,,
1,Chr1_15567823.0,15567823,0.002177334,0,,,,
1,Chr1_15568815.0,15568815,0.002177334,0,,,,
1,Chr1_15572128.0,15572128,0.002177334,0,,,,
1,Chr1_15572256.0,15572256,0.002177334,0,,,,
1,Chr1_15576980.0,15576980,0.002177334,0,,,,
1,Chr1_15577272.0,15577272,0.002177334,0,,,,
1,Chr1_15577287.0,15577287,0.002177334,0,,,,
1,Chr1_15585083.0,15585083,0.002177334,1,AT1G41820,AT1G41820,AT1G41820,0.0
1,Chr1_15585162.0,15585162,0.002177334,0,,,,
1,Chr1_15585282.0,15585282,0.002177334,0,,,,
1,Chr1_15585294.0,15585294,0.002177334,0,,,,
1,Chr1_15585484.0,15585484,0.002177334,0,,,,
1,Chr1_15586226.0,15586226,0.002177334,0,,,,
1,Chr1_15586393.0,15586393,0.002177334,0,,,,
1,Chr1_15586469.0,15586469,0.002177334,0,,,,
1,Chr1_15587248.0,15587248,0.002177334,0,,,,
1,Chr1_15587250.0,15587250,0.002177334,0,,,,
1,Chr1_15588096.0,15588096,0.002177334,0,,,,
1,Chr1_15588210.0,15588210,0.002177334,0,,,,
1,Chr1_15588333.0,15588333,0.002177334,0,,,,
1,Chr1_15589525.0,15589525,0.002177334,0,,,,
1,Chr1_15590054.0,15590054,0.002177334,0,,,,
1,Chr1_15591007.0,15591007,0.002177334,0,,,,
1,Chr1_15591132.0,15591132,0.002177334,0,,,,
1,Chr1_15591188.0,15591188,0.002177334,0,,,,
1,Chr1_15591858.0,15591858,0.002177334,0,,,,
1,Chr1_15597862.0,15597862,0.002177334,0,,,,
1,Chr1_15597903.0,15597903,0.002177334,0,,,,
1,Chr1_15597935.0,15597935,0.002177334,0,,,,
1,Chr1_15598049.0,15598049,0.002177334,0,,,,
1,Chr1_15598592.0,15598592,0.002177334,0,,,,
1,Chr1_15599603.0,15599603,0.002177334,0,,,,
1,Chr1_15599644.0,15599644,0.002177334,0,,,,
1,Chr1_15599797.0,15599797,0.002177334,0,,,,
1,Chr1_15600318.0,15600318,0.002177334,0,,,,
1,Chr1_15600463.0,15600463,0.002177334,0,,,,
1,Chr1_15601425.0,15601425,0.002177334,0,,,,
1,Chr1_15601717.0,15601717,0.002177334,0,,,,
1,Chr1_15601752.0,15601752,0.002177334,0,,,,
1,Chr1_15601833.0,15601833,0.002177334,0,,,,
1,Chr1_15602204.0,15602204,0.002177334,0,,,,
1,Chr1_15602453.0,15602453,0.002177334,0,,,,
1,Chr1_15602567.0,15602567,0.002177334,0,,,,
1,Chr1_15602739.0,15602739,0.002177334,0,,,,
5,Chr5_9817719.0,9817719,0.002177463,0,,,,
5,Chr5_9818993.0,9818993,0.002177463,0,,,,
5,Chr5_9819600.0,9819600,0.002177463,0,,,,
3,Chr3_22916338.0,22916338,0.002177712,0,,,,
4,Chr4_932124.0,932124,0.002177961,1,AT4G02100,AT4G02100,AT4G02100,0.0
4,Chr4_13625357.0,13625357,0.002178345,0,,,,
5,Chr5_21224289.0,21224289,0.002179202,0,,,,
4,Chr4_1951832.0,1951832,0.002179501,0,,,,
4,Chr4_1998960.0,1998960,0.002179511,0,,,,
2,Chr2_2447107.0,2447107,0.002179724,0,,,,
5,Chr5_10674247.0,10674247,0.00218003,0,,,,
5,Chr5_11594336.0,11594336,0.002180444,0,,,,
1,Chr1_12174768.0,12174768,0.002180674,0,,,,
3,Chr3_22372113.0,22372113,0.002181068,0,,,,
1,Chr1_208404.0,208404,0.0021816,0,,,,
2,Chr2_6026745.0,6026745,0.002181639,0,,,,
5,Chr5_26370282.0,26370282,0.002181941,1,AT5G65930,AT5G65930,AT5G65930,0.0
5,Chr5_26370285.0,26370285,0.002181941,1,AT5G65930,AT5G65930,AT5G65930,0.0
4,Chr4_9174212.0,9174212,0.002182546,0,,,,
4,Chr4_9187455.0,9187455,0.002182546,0,,,,
2,Chr2_7884961.0,7884961,0.002182554,0,,,,
5,Chr5_14642457.0,14642457,0.002182604,0,,,,
5,Chr5_14642473.0,14642473,0.002182604,0,,,,
5,Chr5_14642492.0,14642492,0.002182604,0,,,,
4,Chr4_2538289.0,2538289,0.002183003,1,AT4G04970,AT4G04970,AT4G04970,0.0
3,Chr3_19749679.0,19749679,0.002183145,0,,,,
3,Chr3_13961425.0,13961425,0.00218325,0,,,,
4,Chr4_4075445.0,4075445,0.00218325,0,,,,
1,Chr1_4355837.0,4355837,0.002183252,1,AT1G12775,AT1G12775,AT1G12775,0.0
1,Chr1_4356084.0,4356084,0.002183252,1,AT1G12780,AT1G12780,AT1G12780,0.0
5,Chr5_19754431.0,19754431,0.002183366,0,,,,
5,Chr5_19754491.0,19754491,0.002183366,0,,,,
2,Chr2_1123965.0,1123965,0.002183379,0,,,,
2,Chr2_8362269.0,8362269,0.00218345,0,,,,
3,Chr3_9011514.0,9011514,0.002183697,0,,,,
5,Chr5_669222.0,669222,0.002183859,0,,,,
5,Chr5_148826.0,148826,0.002184025,1,AT5G01360,AT5G01360,AT5G01360,0.0
1,Chr1_1172990.0,1172990,0.002184069,0,,,,
4,Chr4_8423290.0,8423290,0.00218418,1,AT4G14700,AT4G14700,AT4G14700,0.0
5,Chr5_21837329.0,21837329,0.002184358,0,,,,
1,Chr1_10125535.0,10125535,0.002184494,1,AT1G29025,AT1G29025,AT1G29025,0.0
1,Chr1_10129474.0,10129474,0.002184494,1,AT1G29030,AT1G29030,AT1G29030,0.0
1,Chr1_10131440.0,10131440,0.002184494,1,AT1G29030,AT1G29030,AT1G29030,0.0
1,Chr1_10133024.0,10133024,0.002184494,1,AT1G29030,AT1G29030,AT1G29030,0.0
2,Chr2_835664.0,835664,0.002184533,0,,,,
1,Chr1_3184398.0,3184398,0.002184776,0,,,,
2,Chr2_11168397.0,11168397,0.002184891,1,AT2G26240,AT2G26240,AT2G26240,0.0
3,Chr3_12794821.0,12794821,0.002185258,0,,,,
3,Chr3_12795029.0,12795029,0.002185258,0,,,,
3,Chr3_12795726.0,12795726,0.002185258,0,,,,
3,Chr3_12796197.0,12796197,0.002185258,1,AT3G31430,AT3G31430,AT3G31430,0.0
3,Chr3_12797219.0,12797219,0.002185258,0,,,,
3,Chr3_12797636.0,12797636,0.002185258,0,,,,
4,Chr4_9961118.0,9961118,0.002185696,0,,,,
1,Chr1_19993068.0,19993068,0.002186337,1,AT1G53580,AT1G53580,AT1G53580,0.0
5,Chr5_26678074.0,26678074,0.002187211,0,,,,
5,Chr5_16625849.0,16625849,0.002187333,1,AT5G41570,AT5G41570,AT5G41570,0.0
5,Chr5_16625855.0,16625855,0.002187333,1,AT5G41570,AT5G41570,AT5G41570,0.0
2,Chr2_19498255.0,19498255,0.00218776,0,,,,
3,Chr3_3721838.0,3721838,0.002189147,1,AT3G11770,AT3G11770,AT3G11770,0.0
1,Chr1_6763970.0,6763970,0.002189523,1,AT1G19530,AT1G19530,AT1G19530,0.0
1,Chr1_6764046.0,6764046,0.002189523,1,AT1G19530,AT1G19530,AT1G19530,0.0
1,Chr1_6764077.0,6764077,0.002189523,1,AT1G19530,AT1G19530,AT1G19530,0.0
1,Chr1_6858611.0,6858611,0.002190055,1,AT1G19835,AT1G19835,AT1G19835,0.0
5,Chr5_9396450.0,9396450,0.002190408,0,,,,
5,Chr5_20296396.0,20296396,0.002190696,0,,,,
1,Chr1_11123660.0,11123660,0.002190783,1,AT1G31160,AT1G31160,AT1G31160,0.0
3,Chr3_22607727.0,22607727,0.002191295,1,AT3G61080,AT3G61080,AT3G61080,0.0
3,Chr3_12329434.0,12329434,0.002191592,0,,,,
2,Chr2_6171007.0,6171007,0.002191645,0,,,,
5,Chr5_13716748.0,13716748,0.002191669,0,,,,
5,Chr5_333895.0,333895,0.002191873,1,AT5G01850,AT5G01850,AT5G01850,0.0
5,Chr5_334413.0,334413,0.002191873,1,AT5G01850,AT5G01850,AT5G01850,0.0
3,Chr3_17438447.0,17438447,0.002192037,1,AT3G47340,AT3G47340,AT3G47340,0.0
1,Chr1_3722651.0,3722651,0.002192565,0,,,,
4,Chr4_6165629.0,6165629,0.002193029,0,,,,
4,Chr4_1572059.0,1572059,0.00219309,0,,,,
3,Chr3_17425668.0,17425668,0.002193357,0,,,,
1,Chr1_2316663.0,2316663,0.002193985,0,,,,
2,Chr2_263033.0,263033,0.002193996,0,,,,
3,Chr3_3708840.0,3708840,0.002194195,0,,,,
4,Chr4_2425449.0,2425449,0.00219475,1,AT4G04760,AT4G04760,AT4G04760,0.0
4,Chr4_2425736.0,2425736,0.00219475,1,AT4G04760,AT4G04760,AT4G04760,0.0
1,Chr1_26665356.0,26665356,0.002194983,0,,,,
5,Chr5_23170029.0,23170029,0.002194988,1,AT5G57180,AT5G57180,AT5G57180,0.0
4,Chr4_16074607.0,16074607,0.002195125,1,AT4G33380,AT4G33380,AT4G33380,0.0
2,Chr2_6215398.0,6215398,0.002195816,1,AT2G14560,AT2G14560,AT2G14560,0.0
1,Chr1_3766808.0,3766808,0.00219583,1,AT1G11240,AT1G11240,AT1G11240,0.0
1,Chr1_6787346.0,6787346,0.002195966,1,AT1G19630,AT1G19630,AT1G19630,0.0
1,Chr1_6787410.0,6787410,0.002195966,1,AT1G19630,AT1G19630,AT1G19630,0.0
1,Chr1_6787459.0,6787459,0.002195966,1,AT1G19630,AT1G19630,AT1G19630,0.0
4,Chr4_7620846.0,7620846,0.002196127,1,AT4G13060,AT4G13060,AT4G13060,0.0
4,Chr4_5457384.0,5457384,0.002196963,0,,,,
4,Chr4_4648744.0,4648744,0.002197702,0,,,,
4,Chr4_9408089.0,9408089,0.002198462,1,AT4G16740,AT4G16740,AT4G16740,0.0
1,Chr1_10541648.0,10541648,0.002198715,0,,,,
1,Chr1_3286485.0,3286485,0.002198766,1,AT1G10060,AT1G10060,AT1G10060,0.0
3,Chr3_15610548.0,15610548,0.002198812,0,,,,
5,Chr5_13073869.0,13073869,0.002199005,0,,,,
2,Chr2_17413209.0,17413209,0.002199489,1,AT2G41740,AT2G41740,AT2G41740,0.0
2,Chr2_17413314.0,17413314,0.002199489,1,AT2G41740,AT2G41740,AT2G41740,0.0
2,Chr2_17413324.0,17413324,0.002199489,1,AT2G41740,AT2G41740,AT2G41740,0.0
2,Chr2_17413349.0,17413349,0.002199489,1,AT2G41740,AT2G41740,AT2G41740,0.0
2,Chr2_17413352.0,17413352,0.002199489,1,AT2G41740,AT2G41740,AT2G41740,0.0
2,Chr2_17413363.0,17413363,0.002199489,1,AT2G41740,AT2G41740,AT2G41740,0.0
2,Chr2_17413391.0,17413391,0.002199489,1,AT2G41740,AT2G41740,AT2G41740,0.0
2,Chr2_17413443.0,17413443,0.002199489,1,AT2G41740,AT2G41740,AT2G41740,0.0
2,Chr2_17413452.0,17413452,0.002199489,1,AT2G41740,AT2G41740,AT2G41740,0.0
2,Chr2_17413595.0,17413595,0.002199489,1,AT2G41740,AT2G41740,AT2G41740,0.0
2,Chr2_17413598.0,17413598,0.002199489,1,AT2G41740,AT2G41740,AT2G41740,0.0
2,Chr2_17413606.0,17413606,0.002199489,1,AT2G41740,AT2G41740,AT2G41740,0.0
2,Chr2_17413619.0,17413619,0.002199489,1,AT2G41740,AT2G41740,AT2G41740,0.0
2,Chr2_17413633.0,17413633,0.002199489,1,AT2G41740,AT2G41740,AT2G41740,0.0
2,Chr2_17413675.0,17413675,0.002199489,1,AT2G41740,AT2G41740,AT2G41740,0.0
2,Chr2_17413718.0,17413718,0.002199489,1,AT2G41740,AT2G41740,AT2G41740,0.0
1,Chr1_12410549.0,12410549,0.002200321,0,,,,
1,Chr1_12257642.0,12257642,0.002201171,1,AT1G33790,AT1G33790,AT1G33790,0.0
5,Chr5_10682794.0,10682794,0.002201839,0,,,,
4,Chr4_4809453.0,4809453,0.002201899,0,,,,
4,Chr4_1642066.0,1642066,0.002202003,0,,,,
2,Chr2_5241531.0,5241531,0.002202045,0,,,,
3,Chr3_15029084.0,15029084,0.002202085,0,,,,
5,Chr5_10368274.0,10368274,0.002202218,0,,,,
2,Chr2_10142811.0,10142811,0.002203557,1,AT2G23820,AT2G23820,AT2G23820,0.0
3,Chr3_12795697.0,12795697,0.002204481,0,,,,
2,Chr2_4597958.0,4597958,0.002204899,0,,,,
3,Chr3_15591125.0,15591125,0.002205195,0,,,,
3,Chr3_21134866.0,21134866,0.002206297,0,,,,
1,Chr1_19047007.0,19047007,0.002206503,1,AT1G51370,AT1G51370,AT1G51370,0.0
3,Chr3_19615298.0,19615298,0.002206697,1,AT3G52905,AT3G52905,AT3G52905,0.0
5,Chr5_7483419.0,7483419,0.002207344,1,AT5G22545,AT5G22545,AT5G22545,0.0
5,Chr5_7483420.0,7483420,0.002207344,1,AT5G22545,AT5G22545,AT5G22545,0.0
5,Chr5_7483433.0,7483433,0.002207344,1,AT5G22545,AT5G22545,AT5G22545,0.0
5,Chr5_7483438.0,7483438,0.002207344,1,AT5G22545,AT5G22545,AT5G22545,0.0
5,Chr5_7483470.0,7483470,0.002207344,1,AT5G22545,AT5G22545,AT5G22545,0.0
5,Chr5_7483475.0,7483475,0.002207344,1,AT5G22545,AT5G22545,AT5G22545,0.0
5,Chr5_7483479.0,7483479,0.002207344,1,AT5G22545,AT5G22545,AT5G22545,0.0
5,Chr5_7483480.0,7483480,0.002207344,1,AT5G22545,AT5G22545,AT5G22545,0.0
5,Chr5_7483484.0,7483484,0.002207344,1,AT5G22545,AT5G22545,AT5G22545,0.0
5,Chr5_7483486.0,7483486,0.002207344,1,AT5G22545,AT5G22545,AT5G22545,0.0
5,Chr5_7483489.0,7483489,0.002207344,1,AT5G22545,AT5G22545,AT5G22545,0.0
5,Chr5_7483494.0,7483494,0.002207344,1,AT5G22545,AT5G22545,AT5G22545,0.0
5,Chr5_7483496.0,7483496,0.002207344,1,AT5G22545,AT5G22545,AT5G22545,0.0
5,Chr5_7483502.0,7483502,0.002207344,1,AT5G22545,AT5G22545,AT5G22545,0.0
5,Chr5_7483506.0,7483506,0.002207344,1,AT5G22545,AT5G22545,AT5G22545,0.0
5,Chr5_7483516.0,7483516,0.002207344,1,AT5G22545,AT5G22545,AT5G22545,0.0
5,Chr5_7483523.0,7483523,0.002207344,1,AT5G22545,AT5G22545,AT5G22545,0.0
1,Chr1_11705376.0,11705376,0.002208451,1,AT1G32430,AT1G32430,AT1G32430,0.0
2,Chr2_11430454.0,11430454,0.002209352,1,AT2G26800,AT2G26800,AT2G26800,0.0
4,Chr4_13041851.0,13041851,0.002209812,1,AT4G25530,AT4G25530,AT4G25530,0.0
4,Chr4_13050762.0,13050762,0.002209812,1,AT4G25550,AT4G25550,AT4G25550,0.0
4,Chr4_13055941.0,13055941,0.002209812,0,,,,
4,Chr4_13057024.0,13057024,0.002209812,1,AT4G25580,AT4G25580,AT4G25580,0.0
3,Chr3_6562063.0,6562063,0.002210313,1,AT3G19020,AT3G19020,AT3G19020,0.0
2,Chr2_5367374.0,5367374,0.002210345,0,,,,
2,Chr2_5367403.0,5367403,0.002210345,0,,,,
5,Chr5_16654446.0,16654446,0.002210531,1,AT5G41640,AT5G41640,AT5G41640,0.0
2,Chr2_6663571.0,6663571,0.002211021,0,,,,
3,Chr3_6517514.0,6517514,0.00221108,1,AT3G18900,AT3G18900,AT3G18900,0.0
5,Chr5_15900752.0,15900752,0.002211087,0,,,,
4,Chr4_4669666.0,4669666,0.002211227,0,,,,
2,Chr2_9290832.0,9290832,0.002211966,0,,,,
4,Chr4_3111808.0,3111808,0.002212761,0,,,,
1,Chr1_15684111.0,15684111,0.002212802,1,AT1G41920,AT1G41920,AT1G41920,0.0
1,Chr1_15691586.0,15691586,0.002212802,0,,,,
1,Chr1_15694126.0,15694126,0.002212802,0,,,,
1,Chr1_15746586.0,15746586,0.002212802,0,,,,
1,Chr1_15799267.0,15799267,0.002212802,0,,,,
1,Chr1_15817061.0,15817061,0.002212802,0,,,,
1,Chr1_15817769.0,15817769,0.002212802,0,,,,
1,Chr1_15818925.0,15818925,0.002212802,0,,,,
1,Chr1_15821391.0,15821391,0.002212802,0,,,,
1,Chr1_15852241.0,15852241,0.002212802,0,,,,
1,Chr1_15852474.0,15852474,0.002212802,0,,,,
1,Chr1_15852846.0,15852846,0.002212802,0,,,,
1,Chr1_16590260.0,16590260,0.002212843,0,,,,
4,Chr4_2128294.0,2128294,0.002212865,1,AT4G04350,AT4G04350,AT4G04350,0.0
5,Chr5_21019030.0,21019030,0.002212922,1,AT5G51740,AT5G51740,AT5G51740,0.0
3,Chr3_4829787.0,4829787,0.002212931,0,,,,
2,Chr2_17532765.0,17532765,0.002213109,0,,,,
2,Chr2_5310570.0,5310570,0.002213141,0,,,,
3,Chr3_20033129.0,20033129,0.002213147,0,,,,
3,Chr3_15600686.0,15600686,0.002213339,0,,,,
3,Chr3_11441095.0,11441095,0.002214094,0,,,,
4,Chr4_4711176.0,4711176,0.002214255,0,,,,
1,Chr1_21226987.0,21226987,0.002214256,0,,,,
1,Chr1_730306.0,730306,0.002214383,1,AT1G03070,AT1G03070,AT1G03070,0.0
4,Chr4_149290.0,149290,0.002214518,1,AT4G00340,AT4G00340,AT4G00340,0.0
1,Chr1_10456177.0,10456177,0.002215021,0,,,,
5,Chr5_8272926.0,8272926,0.002215213,0,,,,
5,Chr5_4333260.0,4333260,0.002215339,0,,,,
3,Chr3_15954423.0,15954423,0.002216054,0,,,,
5,Chr5_3232478.0,3232478,0.002216324,1,AT5G10278,AT5G10278,AT5G10278,0.0
5,Chr5_3232633.0,3232633,0.002216324,2,AT5G10278;AT5G10280,AT5G10278,AT5G10278,0.0
5,Chr5_3237878.0,3237878,0.002216324,1,AT5G10290,AT5G10290,AT5G10290,0.0
5,Chr5_3238333.0,3238333,0.002216324,1,AT5G10290,AT5G10290,AT5G10290,0.0
5,Chr5_3239003.0,3239003,0.002216324,0,,,,
5,Chr5_3242261.0,3242261,0.002216324,1,AT5G10310,AT5G10310,AT5G10310,0.0
5,Chr5_3243247.0,3243247,0.002216324,0,,,,
1,Chr1_24481275.0,24481275,0.002216439,0,,,,
1,Chr1_734063.0,734063,0.002216535,1,AT1G03080,AT1G03080,AT1G03080,0.0
1,Chr1_737630.0,737630,0.002216535,1,AT1G03080,AT1G03080,AT1G03080,0.0
1,Chr1_738836.0,738836,0.002216535,0,,,,
2,Chr2_13372885.0,13372885,0.002216599,1,AT2G31360,AT2G31360,AT2G31360,0.0
2,Chr2_4769524.0,4769524,0.002216799,0,,,,
2,Chr2_9836679.0,9836679,0.00221689,0,,,,
3,Chr3_3064214.0,3064214,0.002217471,1,AT3G09970,AT3G09970,AT3G09970,0.0
3,Chr3_3064995.0,3064995,0.002217471,1,AT3G09970,AT3G09970,AT3G09970,0.0
1,Chr1_17645840.0,17645840,0.002218147,1,AT1G47890,AT1G47890,AT1G47890,0.0
1,Chr1_17652498.0,17652498,0.002218147,0,,,,
1,Chr1_17661473.0,17661473,0.002218147,1,AT1G47920,AT1G47920,AT1G47920,0.0
3,Chr3_18031280.0,18031280,0.002218215,1,AT3G48670,AT3G48670,AT3G48670,0.0
3,Chr3_18033530.0,18033530,0.002218215,1,AT3G48670,AT3G48670,AT3G48670,0.0
1,Chr1_25516300.0,25516300,0.002220264,1,AT1G68070,AT1G68070,AT1G68070,0.0
4,Chr4_3795505.0,3795505,0.002220485,0,,,,
4,Chr4_3797235.0,3797235,0.002220485,0,,,,
4,Chr4_3798184.0,3798184,0.002220485,0,,,,
4,Chr4_1558034.0,1558034,0.002220541,1,AT4G03510,AT4G03510,AT4G03510,0.0
4,Chr4_1558076.0,1558076,0.002220541,1,AT4G03510,AT4G03510,AT4G03510,0.0
4,Chr4_5910231.0,5910231,0.00222088,0,,,,
5,Chr5_17933870.0,17933870,0.002221047,1,AT5G44510,AT5G44510,AT5G44510,0.0
4,Chr4_17678834.0,17678834,0.002221236,0,,,,
4,Chr4_17678839.0,17678839,0.002221236,0,,,,
5,Chr5_13716758.0,13716758,0.002221438,0,,,,
3,Chr3_15555569.0,15555569,0.002221777,0,,,,
3,Chr3_12749457.0,12749457,0.00222249,0,,,,
3,Chr3_12750217.0,12750217,0.00222249,0,,,,
2,Chr2_17414520.0,17414520,0.002222982,1,AT2G41740,AT2G41740,AT2G41740,0.0
1,Chr1_14603183.0,14603183,0.002223496,0,,,,
1,Chr1_14603185.0,14603185,0.002223496,0,,,,
1,Chr1_14603279.0,14603279,0.002223496,0,,,,
1,Chr1_14603285.0,14603285,0.002223496,0,,,,
1,Chr1_14603714.0,14603714,0.002223496,0,,,,
1,Chr1_14604279.0,14604279,0.002223496,0,,,,
1,Chr1_14604650.0,14604650,0.002223496,0,,,,
3,Chr3_21322425.0,21322425,0.002223572,0,,,,
3,Chr3_21322434.0,21322434,0.002223572,0,,,,
3,Chr3_21322445.0,21322445,0.002223572,0,,,,
1,Chr1_10199914.0,10199914,0.002223689,2,AT1G29179;AT1G29180,AT1G29179,AT1G29179,0.0
2,Chr2_8575478.0,8575478,0.00222423,0,,,,
3,Chr3_7972098.0,7972098,0.002224291,1,AT3G22500,AT3G22500,AT3G22500,0.0
1,Chr1_4298048.0,4298048,0.00222466,0,,,,
2,Chr2_11109747.0,11109747,0.002224724,1,AT2G26080,AT2G26080,AT2G26080,0.0
1,Chr1_29367090.0,29367090,0.002224734,0,,,,
3,Chr3_14892788.0,14892788,0.002226081,0,,,,
2,Chr2_2321393.0,2321393,0.002226182,0,,,,
2,Chr2_5542571.0,5542571,0.002226324,0,,,,
4,Chr4_14648307.0,14648307,0.002226511,1,AT4G29940,AT4G29940,AT4G29940,0.0
3,Chr3_15810041.0,15810041,0.002226647,0,,,,
5,Chr5_7504309.0,7504309,0.002226647,0,,,,
2,Chr2_1882177.0,1882177,0.002226795,0,,,,
4,Chr4_4983114.0,4983114,0.002227019,0,,,,
3,Chr3_11229320.0,11229320,0.002227024,0,,,,
2,Chr2_11056292.0,11056292,0.00222779,0,,,,
1,Chr1_29368367.0,29368367,0.002228041,0,,,,
3,Chr3_8068959.0,8068959,0.002229087,1,AT3G22810,AT3G22810,AT3G22810,0.0
5,Chr5_9051437.0,9051437,0.002229392,1,AT5G25930,AT5G25930,AT5G25930,0.0
5,Chr5_9051450.0,9051450,0.002229392,1,AT5G25930,AT5G25930,AT5G25930,0.0
5,Chr5_9051561.0,9051561,0.002229392,1,AT5G25930,AT5G25930,AT5G25930,0.0
5,Chr5_9051575.0,9051575,0.002229392,1,AT5G25930,AT5G25930,AT5G25930,0.0
5,Chr5_9051853.0,9051853,0.002229392,1,AT5G25930,AT5G25930,AT5G25930,0.0
4,Chr4_1185450.0,1185450,0.00223017,0,,,,
1,Chr1_8596829.0,8596829,0.002230452,0,,,,
5,Chr5_10599741.0,10599741,0.00223092,0,,,,
1,Chr1_17125579.0,17125579,0.002231057,1,AT1G45201,AT1G45201,AT1G45201,0.0
1,Chr1_365426.0,365426,0.002231201,1,AT1G02065,AT1G02065,AT1G02065,0.0
4,Chr4_17555747.0,17555747,0.002231624,1,AT4G37300,AT4G37300,AT4G37300,0.0
4,Chr4_17555814.0,17555814,0.002231624,1,AT4G37300,AT4G37300,AT4G37300,0.0
4,Chr4_17555816.0,17555816,0.002231624,1,AT4G37300,AT4G37300,AT4G37300,0.0
1,Chr1_26742768.0,26742768,0.002232574,0,,,,
5,Chr5_10682750.0,10682750,0.002232719,0,,,,
5,Chr5_13712681.0,13712681,0.002232997,0,,,,
4,Chr4_12049383.0,12049383,0.002233094,1,AT4G22990,AT4G22990,AT4G22990,0.0
4,Chr4_12050478.0,12050478,0.002233094,1,AT4G22990,AT4G22990,AT4G22990,0.0
4,Chr4_12053409.0,12053409,0.002233094,0,,,,
1,Chr1_28693157.0,28693157,0.002233427,1,AT1G76480,AT1G76480,AT1G76480,0.0
3,Chr3_15079487.0,15079487,0.002233626,0,,,,
3,Chr3_9605694.0,9605694,0.002234493,1,AT3G26240,AT3G26240,AT3G26240,0.0
5,Chr5_13365764.0,13365764,0.002234648,0,,,,
1,Chr1_3765269.0,3765269,0.002234816,0,,,,
5,Chr5_11434565.0,11434565,0.002234911,0,,,,
1,Chr1_29786793.0,29786793,0.002235182,1,AT1G79180,AT1G79180,AT1G79180,0.0
1,Chr1_29786796.0,29786796,0.002235182,1,AT1G79180,AT1G79180,AT1G79180,0.0
1,Chr1_29786820.0,29786820,0.002235182,1,AT1G79180,AT1G79180,AT1G79180,0.0
1,Chr1_29786828.0,29786828,0.002235182,1,AT1G79180,AT1G79180,AT1G79180,0.0
2,Chr2_659348.0,659348,0.00223578,0,,,,
4,Chr4_8433440.0,8433440,0.002236433,1,AT4G14720,AT4G14720,AT4G14720,0.0
4,Chr4_6216986.0,6216986,0.002236972,0,,,,
5,Chr5_486543.0,486543,0.002238363,0,,,,
1,Chr1_28997409.0,28997409,0.002238611,0,,,,
4,Chr4_11881768.0,11881768,0.002239388,0,,,,
4,Chr4_11881769.0,11881769,0.002239388,0,,,,
4,Chr4_11881770.0,11881770,0.002239388,0,,,,
3,Chr3_15021198.0,15021198,0.002240284,0,,,,
3,Chr3_15021349.0,15021349,0.002240284,0,,,,
3,Chr3_3033501.0,3033501,0.002240553,1,AT3G09890,AT3G09890,AT3G09890,0.0
4,Chr4_17524076.0,17524076,0.002241268,0,,,,
4,Chr4_17524095.0,17524095,0.002241268,0,,,,
4,Chr4_2892880.0,2892880,0.002241288,0,,,,
2,Chr2_4498030.0,4498030,0.002241446,0,,,,
4,Chr4_18359666.0,18359666,0.002241869,1,AT4G39470,AT4G39470,AT4G39470,0.0
1,Chr1_14113489.0,14113489,0.002242002,0,,,,
3,Chr3_3157987.0,3157987,0.002243502,1,AT3G10200,AT3G10200,AT3G10200,0.0
1,Chr1_4350643.0,4350643,0.002243744,1,AT1G12760,AT1G12760,AT1G12760,0.0
1,Chr1_4350708.0,4350708,0.002243744,1,AT1G12760,AT1G12760,AT1G12760,0.0
1,Chr1_4351121.0,4351121,0.002243744,1,AT1G12770,AT1G12770,AT1G12770,0.0
1,Chr1_4351274.0,4351274,0.002243744,1,AT1G12770,AT1G12770,AT1G12770,0.0
1,Chr1_4351620.0,4351620,0.002243744,1,AT1G12770,AT1G12770,AT1G12770,0.0
1,Chr1_4352169.0,4352169,0.002243744,1,AT1G12770,AT1G12770,AT1G12770,0.0
1,Chr1_4352898.0,4352898,0.002243744,1,AT1G12770,AT1G12770,AT1G12770,0.0
5,Chr5_16625450.0,16625450,0.00224388,1,AT5G41570,AT5G41570,AT5G41570,0.0
3,Chr3_13256182.0,13256182,0.002244226,0,,,,
5,Chr5_553478.0,553478,0.002244595,0,,,,
2,Chr2_13855367.0,13855367,0.002245386,1,AT2G32660,AT2G32660,AT2G32660,0.0
1,Chr1_8941558.0,8941558,0.002245587,0,,,,
1,Chr1_6467148.0,6467148,0.00224566,1,AT1G18750,AT1G18750,AT1G18750,0.0
1,Chr1_12143712.0,12143712,0.002246051,0,,,,
5,Chr5_12253784.0,12253784,0.002246379,0,,,,
3,Chr3_14067497.0,14067497,0.002246417,0,,,,
3,Chr3_20657272.0,20657272,0.002246719,0,,,,
5,Chr5_25787744.0,25787744,0.002246987,0,,,,
4,Chr4_18435743.0,18435743,0.002247044,1,AT4G39740,AT4G39740,AT4G39740,0.0
1,Chr1_27182745.0,27182745,0.002247819,0,,,,
1,Chr1_27749384.0,27749384,0.002248093,0,,,,
1,Chr1_27749676.0,27749676,0.002248093,0,,,,
1,Chr1_27749710.0,27749710,0.002248093,0,,,,
1,Chr1_27749736.0,27749736,0.002248093,0,,,,
5,Chr5_25798774.0,25798774,0.002248448,1,AT5G64540,AT5G64540,AT5G64540,0.0
2,Chr2_5953773.0,5953773,0.00224845,1,AT2G14115,AT2G14115,AT2G14115,0.0
4,Chr4_4713154.0,4713154,0.002248452,0,,,,
4,Chr4_8297722.0,8297722,0.002248577,1,AT4G14400,AT4G14400,AT4G14400,0.0
3,Chr3_17756287.0,17756287,0.002248864,1,AT3G48090,AT3G48090,AT3G48090,0.0
3,Chr3_17756308.0,17756308,0.002248864,1,AT3G48090,AT3G48090,AT3G48090,0.0
5,Chr5_17598466.0,17598466,0.002249215,0,,,,
4,Chr4_3469665.0,3469665,0.00224952,0,,,,
1,Chr1_3766218.0,3766218,0.002249831,0,,,,
1,Chr1_3766227.0,3766227,0.002249831,0,,,,
1,Chr1_3766270.0,3766270,0.002249831,0,,,,
3,Chr3_8248832.0,8248832,0.002250305,0,,,,
1,Chr1_4372523.0,4372523,0.002250634,0,,,,
5,Chr5_17414933.0,17414933,0.002250938,0,,,,
5,Chr5_17414945.0,17414945,0.002250938,0,,,,
5,Chr5_17415307.0,17415307,0.002250938,0,,,,
5,Chr5_17415313.0,17415313,0.002250938,0,,,,
5,Chr5_17415337.0,17415337,0.002250938,0,,,,
1,Chr1_3266592.0,3266592,0.002251809,1,AT1G10010,AT1G10010,AT1G10010,0.0
4,Chr4_6232472.0,6232472,0.002253275,1,AT4G09940,AT4G09940,AT4G09940,0.0
4,Chr4_6232490.0,6232490,0.002253275,1,AT4G09940,AT4G09940,AT4G09940,0.0
5,Chr5_24356059.0,24356059,0.002253308,1,AT5G60580,AT5G60580,AT5G60580,0.0
4,Chr4_6458968.0,6458968,0.002253725,0,,,,
2,Chr2_6953263.0,6953263,0.002253864,0,,,,
3,Chr3_12420947.0,12420947,0.002254154,0,,,,
3,Chr3_12420965.0,12420965,0.002254154,0,,,,
3,Chr3_12421082.0,12421082,0.002254154,0,,,,
3,Chr3_12421286.0,12421286,0.002254154,0,,,,
3,Chr3_12421297.0,12421297,0.002254154,0,,,,
3,Chr3_12421303.0,12421303,0.002254154,0,,,,
3,Chr3_12421374.0,12421374,0.002254154,0,,,,
3,Chr3_12421377.0,12421377,0.002254154,0,,,,
3,Chr3_12421542.0,12421542,0.002254154,0,,,,
2,Chr2_7965025.0,7965025,0.002254189,0,,,,
4,Chr4_17561587.0,17561587,0.002254641,1,AT4G37320,AT4G37320,AT4G37320,0.0
4,Chr4_17562721.0,17562721,0.002254641,1,AT4G37330,AT4G37330,AT4G37330,0.0
2,Chr2_13446870.0,13446870,0.002255025,1,AT2G31590,AT2G31590,AT2G31590,0.0
1,Chr1_21201512.0,21201512,0.00225521,0,,,,
1,Chr1_21202384.0,21202384,0.00225521,1,AT1G56590,AT1G56590,AT1G56590,0.0
1,Chr1_21203890.0,21203890,0.00225521,1,AT1G56590,AT1G56590,AT1G56590,0.0
5,Chr5_11650963.0,11650963,0.002256013,0,,,,
5,Chr5_16048918.0,16048918,0.002256288,0,,,,
1,Chr1_4293401.0,4293401,0.002256489,0,,,,
3,Chr3_19628641.0,19628641,0.00225683,1,AT3G52930,AT3G52930,AT3G52930,0.0
3,Chr3_2434287.0,2434287,0.002257999,1,AT3G07620,AT3G07620,AT3G07620,0.0
3,Chr3_8233022.0,8233022,0.00225806,0,,,,
3,Chr3_15408711.0,15408711,0.002258529,0,,,,
4,Chr4_5466520.0,5466520,0.002258898,1,AT4G08590,AT4G08590,AT4G08590,0.0
3,Chr3_22922057.0,22922057,0.002259413,0,,,,
3,Chr3_22922110.0,22922110,0.002259413,0,,,,
1,Chr1_28832215.0,28832215,0.002260105,1,AT1G76810,AT1G76810,AT1G76810,0.0
1,Chr1_245844.0,245844,0.00226038,1,AT1G01670,AT1G01670,AT1G01670,0.0
1,Chr1_245871.0,245871,0.00226038,1,AT1G01670,AT1G01670,AT1G01670,0.0
1,Chr1_245885.0,245885,0.00226038,1,AT1G01670,AT1G01670,AT1G01670,0.0
1,Chr1_245896.0,245896,0.00226038,1,AT1G01670,AT1G01670,AT1G01670,0.0
5,Chr5_19219058.0,19219058,0.002260729,0,,,,
3,Chr3_5300430.0,5300430,0.002261197,1,AT3G15640,AT3G15640,AT3G15640,0.0
1,Chr1_8346225.0,8346225,0.002262649,1,AT1G23530,AT1G23530,AT1G23530,0.0
1,Chr1_8346336.0,8346336,0.002262649,1,AT1G23530,AT1G23530,AT1G23530,0.0
1,Chr1_8346608.0,8346608,0.002262649,1,AT1G23530,AT1G23530,AT1G23530,0.0
5,Chr5_7300619.0,7300619,0.002263147,0,,,,
5,Chr5_10694016.0,10694016,0.002263209,0,,,,
5,Chr5_10697899.0,10697899,0.002263209,0,,,,
4,Chr4_2317298.0,2317298,0.002263323,0,,,,
3,Chr3_14897077.0,14897077,0.002264061,0,,,,
4,Chr4_10250306.0,10250306,0.00226565,0,,,,
2,Chr2_11759829.0,11759829,0.00226616,0,,,,
2,Chr2_11762645.0,11762645,0.00226616,1,AT2G27520,AT2G27520,AT2G27520,0.0
5,Chr5_26416116.0,26416116,0.002266323,0,,,,
4,Chr4_9486141.0,9486141,0.002266333,0,,,,
4,Chr4_9486800.0,9486800,0.002266333,0,,,,
1,Chr1_27749641.0,27749641,0.002266442,0,,,,
5,Chr5_21050479.0,21050479,0.002266625,1,AT5G51800,AT5G51800,AT5G51800,0.0
1,Chr1_25525446.0,25525446,0.002267117,1,AT1G68110,AT1G68110,AT1G68110,0.0
1,Chr1_10487544.0,10487544,0.002267631,0,,,,
4,Chr4_5456628.0,5456628,0.002267986,0,,,,
2,Chr2_8362785.0,8362785,0.002269714,1,AT2G19280,AT2G19280,AT2G19280,0.0
3,Chr3_21323943.0,21323943,0.002270033,0,,,,
5,Chr5_3085665.0,3085665,0.002273369,1,AT5G09890,AT5G09890,AT5G09890,0.0
3,Chr3_7784676.0,7784676,0.002273376,0,,,,
4,Chr4_9414778.0,9414778,0.002273821,1,AT4G16745,AT4G16745,AT4G16745,0.0
4,Chr4_9430882.0,9430882,0.002273821,1,AT4G16765,AT4G16765,AT4G16765,0.0
3,Chr3_13429394.0,13429394,0.002274307,0,,,,
3,Chr3_3554131.0,3554131,0.002274935,1,AT3G11330,AT3G11330,AT3G11330,0.0
3,Chr3_3554168.0,3554168,0.002274935,1,AT3G11330,AT3G11330,AT3G11330,0.0
4,Chr4_11436243.0,11436243,0.002274979,0,,,,
2,Chr2_4986599.0,4986599,0.002275669,0,,,,
3,Chr3_6565376.0,6565376,0.002275677,0,,,,
2,Chr2_6958229.0,6958229,0.002276581,0,,,,
1,Chr1_21942111.0,21942111,0.002276688,0,,,,
1,Chr1_21943162.0,21943162,0.002276688,0,,,,
1,Chr1_21945315.0,21945315,0.002276688,0,,,,
1,Chr1_21946089.0,21946089,0.002276688,0,,,,
1,Chr1_21947695.0,21947695,0.002276688,0,,,,
1,Chr1_21948970.0,21948970,0.002276688,0,,,,
3,Chr3_22055975.0,22055975,0.002276716,1,AT3G59710,AT3G59710,AT3G59710,0.0
3,Chr3_22057606.0,22057606,0.002276716,0,,,,
3,Chr3_22058061.0,22058061,0.002276716,0,,,,
3,Chr3_22073630.0,22073630,0.002276716,1,AT3G59760,AT3G59760,AT3G59760,0.0
3,Chr3_22076091.0,22076091,0.002276716,0,,,,
3,Chr3_22077442.0,22077442,0.002276716,1,AT3G59765,AT3G59765,AT3G59765,0.0
3,Chr3_22079001.0,22079001,0.002276716,0,,,,
3,Chr3_22097701.0,22097701,0.002276716,1,AT3G59810,AT3G59810,AT3G59810,0.0
3,Chr3_22101611.0,22101611,0.002276716,1,AT3G59820,AT3G59820,AT3G59820,0.0
3,Chr3_22612940.0,22612940,0.002276788,0,,,,
1,Chr1_786225.0,786225,0.002276983,0,,,,
3,Chr3_18459901.0,18459901,0.002277824,0,,,,
3,Chr3_16521690.0,16521690,0.002278503,0,,,,
4,Chr4_12621045.0,12621045,0.002278578,0,,,,
1,Chr1_3064094.0,3064094,0.00227866,0,,,,
1,Chr1_3064329.0,3064329,0.00227866,1,AT1G09490,AT1G09490,AT1G09490,0.0
1,Chr1_6787627.0,6787627,0.002279139,1,AT1G19630,AT1G19630,AT1G19630,0.0
1,Chr1_6787693.0,6787693,0.002279139,1,AT1G19630,AT1G19630,AT1G19630,0.0
1,Chr1_6787712.0,6787712,0.002279139,1,AT1G19630,AT1G19630,AT1G19630,0.0
2,Chr2_8354394.0,8354394,0.002279893,0,,,,
2,Chr2_8356210.0,8356210,0.002279893,1,AT2G19260,AT2G19260,AT2G19260,0.0
2,Chr2_8356211.0,8356211,0.002279893,1,AT2G19260,AT2G19260,AT2G19260,0.0
2,Chr2_8360869.0,8360869,0.002279893,1,AT2G19270,AT2G19270,AT2G19270,0.0
2,Chr2_8366677.0,8366677,0.002279893,1,AT2G19290,AT2G19290,AT2G19290,0.0
2,Chr2_8367152.0,8367152,0.002279893,0,,,,
2,Chr2_8367234.0,8367234,0.002279893,0,,,,
2,Chr2_8368035.0,8368035,0.002279893,0,,,,
1,Chr1_6858791.0,6858791,0.002280751,1,AT1G19835,AT1G19835,AT1G19835,0.0
2,Chr2_4583141.0,4583141,0.002280828,0,,,,
1,Chr1_17592927.0,17592927,0.002280836,0,,,,
3,Chr3_16709771.0,16709771,0.002280893,0,,,,
3,Chr3_16709874.0,16709874,0.002280893,0,,,,
3,Chr3_16710300.0,16710300,0.002280893,0,,,,
3,Chr3_11965753.0,11965753,0.002281088,0,,,,
4,Chr4_8210640.0,8210640,0.002281326,1,AT4G14250,AT4G14250,AT4G14250,0.0
4,Chr4_8297587.0,8297587,0.002281644,1,AT4G14400,AT4G14400,AT4G14400,0.0
4,Chr4_8297591.0,8297591,0.002281644,1,AT4G14400,AT4G14400,AT4G14400,0.0
4,Chr4_8297592.0,8297592,0.002281644,1,AT4G14400,AT4G14400,AT4G14400,0.0
4,Chr4_8297642.0,8297642,0.002281644,1,AT4G14400,AT4G14400,AT4G14400,0.0
4,Chr4_14986692.0,14986692,0.002281759,1,AT4G30770,AT4G30770,AT4G30770,0.0
1,Chr1_7803460.0,7803460,0.00228218,0,,,,
1,Chr1_7804039.0,7804039,0.00228218,0,,,,
4,Chr4_8298650.0,8298650,0.002282237,0,,,,
3,Chr3_15691157.0,15691157,0.002282283,0,,,,
2,Chr2_134815.0,134815,0.002283522,0,,,,
4,Chr4_3770131.0,3770131,0.002283757,0,,,,
3,Chr3_2097697.0,2097697,0.002283779,1,AT3G66658,AT3G66658,AT3G66658,0.0
1,Chr1_2827645.0,2827645,0.002283893,1,AT1G08830,AT1G08830,AT1G08830,0.0
2,Chr2_9460953.0,9460953,0.002284815,0,,,,
3,Chr3_4634130.0,4634130,0.002285493,0,,,,
3,Chr3_4634153.0,4634153,0.002285493,0,,,,
4,Chr4_2382362.0,2382362,0.00228589,1,AT4G04695,AT4G04695,AT4G04695,0.0
4,Chr4_2382367.0,2382367,0.00228589,1,AT4G04695,AT4G04695,AT4G04695,0.0
1,Chr1_4310770.0,4310770,0.002286179,0,,,,
1,Chr1_4310779.0,4310779,0.002286179,0,,,,
1,Chr1_4310781.0,4310781,0.002286179,0,,,,
1,Chr1_4310786.0,4310786,0.002286179,0,,,,
1,Chr1_22217178.0,22217178,0.002286392,1,AT1G60250,AT1G60250,AT1G60250,0.0
5,Chr5_15272565.0,15272565,0.002286392,0,,,,
1,Chr1_6876606.0,6876606,0.002286952,0,,,,
3,Chr3_22215510.0,22215510,0.00228713,0,,,,
1,Chr1_16564181.0,16564181,0.002287371,1,AT1G43780,AT1G43780,AT1G43780,0.0
3,Chr3_16737656.0,16737656,0.00228774,0,,,,
5,Chr5_12581697.0,12581697,0.002287754,0,,,,
3,Chr3_4623621.0,4623621,0.002287791,0,,,,
3,Chr3_4631399.0,4631399,0.002287791,1,AT3G14000,AT3G14000,AT3G14000,0.0
4,Chr4_7636389.0,7636389,0.002287811,0,,,,
3,Chr3_3951630.0,3951630,0.002288062,1,AT3G12440,AT3G12440,AT3G12440,0.0
1,Chr1_16707030.0,16707030,0.002288566,0,,,,
1,Chr1_2812033.0,2812033,0.00228911,1,AT1G08790,AT1G08790,AT1G08790,0.0
1,Chr1_2812039.0,2812039,0.00228911,1,AT1G08790,AT1G08790,AT1G08790,0.0
1,Chr1_2812048.0,2812048,0.00228911,1,AT1G08790,AT1G08790,AT1G08790,0.0
1,Chr1_2812079.0,2812079,0.00228911,1,AT1G08790,AT1G08790,AT1G08790,0.0
5,Chr5_20071119.0,20071119,0.002289708,1,AT5G49480,AT5G49480,AT5G49480,0.0
5,Chr5_20113326.0,20113326,0.002289708,1,AT5G49570,AT5G49570,AT5G49570,0.0
5,Chr5_20115372.0,20115372,0.002289708,1,AT5G49570,AT5G49570,AT5G49570,0.0
3,Chr3_19753595.0,19753595,0.00228991,0,,,,
3,Chr3_19753849.0,19753849,0.00228991,0,,,,
1,Chr1_7026599.0,7026599,0.00229,1,AT1G20290,AT1G20290,AT1G20290,0.0
3,Chr3_12236306.0,12236306,0.002291152,0,,,,
1,Chr1_27258609.0,27258609,0.002291631,0,,,,
1,Chr1_29044150.0,29044150,0.002291777,1,AT1G77300,AT1G77300,AT1G77300,0.0
3,Chr3_9127281.0,9127281,0.002291927,1,AT3G25050,AT3G25050,AT3G25050,0.0
5,Chr5_2198204.0,2198204,0.002292149,0,,,,
2,Chr2_5590277.0,5590277,0.002292299,1,AT2G13430,AT2G13430,AT2G13430,0.0
2,Chr2_5591443.0,5591443,0.002292299,0,,,,
2,Chr2_5595293.0,5595293,0.002292299,1,AT2G13440,AT2G13440,AT2G13440,0.0
2,Chr2_5631274.0,5631274,0.002292299,0,,,,
2,Chr2_5650147.0,5650147,0.002292299,1,AT2G13560,AT2G13560,AT2G13560,0.0
5,Chr5_18276994.0,18276994,0.002292425,0,,,,
1,Chr1_23807471.0,23807471,0.002292516,0,,,,
1,Chr1_3687527.0,3687527,0.002292625,1,AT1G11060,AT1G11060,AT1G11060,0.0
2,Chr2_5217570.0,5217570,0.002293025,0,,,,
5,Chr5_11513493.0,11513493,0.0022938,0,,,,
5,Chr5_11514625.0,11514625,0.0022938,0,,,,
5,Chr5_11514626.0,11514626,0.0022938,0,,,,
4,Chr4_11350599.0,11350599,0.002294136,1,AT4G21330,AT4G21330,AT4G21330,0.0
4,Chr4_14543222.0,14543222,0.002294173,0,,,,
2,Chr2_3899614.0,3899614,0.002295024,0,,,,
2,Chr2_925216.0,925216,0.002295218,0,,,,
5,Chr5_3161779.0,3161779,0.002296133,0,,,,
3,Chr3_8042755.0,8042755,0.002296229,0,,,,
3,Chr3_9803334.0,9803334,0.002299316,1,AT3G26680,AT3G26680,AT3G26680,0.0
3,Chr3_9803336.0,9803336,0.002299316,1,AT3G26680,AT3G26680,AT3G26680,0.0
4,Chr4_6831892.0,6831892,0.002299417,0,,,,
2,Chr2_1685874.0,1685874,0.002299447,0,,,,
3,Chr3_20590225.0,20590225,0.002299499,0,,,,
3,Chr3_20590226.0,20590226,0.002299499,0,,,,
3,Chr3_20590247.0,20590247,0.002299499,0,,,,
3,Chr3_20590256.0,20590256,0.002299499,0,,,,
2,Chr2_4581010.0,4581010,0.002299595,0,,,,
2,Chr2_19300058.0,19300058,0.002299749,1,AT2G46980,AT2G46980,AT2G46980,0.0
4,Chr4_15999196.0,15999196,0.002299883,0,,,,
5,Chr5_284181.0,284181,0.002300209,0,,,,
1,Chr1_13431810.0,13431810,0.002301121,0,,,,
2,Chr2_19654380.0,19654380,0.002301278,1,AT2G48060,AT2G48060,AT2G48060,0.0
2,Chr2_19664996.0,19664996,0.002301278,1,AT2G48080,AT2G48080,AT2G48080,0.0
2,Chr2_19666865.0,19666865,0.002301278,1,AT2G48080,AT2G48080,AT2G48080,0.0
1,Chr1_10474438.0,10474438,0.002301903,0,,,,
2,Chr2_14636332.0,14636332,0.002302367,0,,,,
2,Chr2_5105398.0,5105398,0.002304107,0,,,,
2,Chr2_5105548.0,5105548,0.002304107,0,,,,
5,Chr5_16624812.0,16624812,0.002304179,1,AT5G41570,AT5G41570,AT5G41570,0.0
2,Chr2_6976206.0,6976206,0.002304251,1,AT2G16040,AT2G16040,AT2G16040,0.0
1,Chr1_15080203.0,15080203,0.002304721,0,,,,
1,Chr1_15080287.0,15080287,0.002304721,0,,,,
1,Chr1_15080434.0,15080434,0.002304721,0,,,,
1,Chr1_15080593.0,15080593,0.002304721,0,,,,
1,Chr1_15080607.0,15080607,0.002304721,0,,,,
1,Chr1_15080614.0,15080614,0.002304721,0,,,,
4,Chr4_15954500.0,15954500,0.002304765,1,AT4G33070,AT4G33070,AT4G33070,0.0
4,Chr4_15956179.0,15956179,0.002304765,0,,,,
4,Chr4_15956427.0,15956427,0.002304765,0,,,,
5,Chr5_11785176.0,11785176,0.00230542,0,,,,
1,Chr1_26539218.0,26539218,0.002305471,0,,,,
1,Chr1_8919881.0,8919881,0.00230615,1,AT1G25422,AT1G25422,AT1G25422,0.0
3,Chr3_21322201.0,21322201,0.002306647,1,AT3G57580,AT3G57580,AT3G57580,0.0
3,Chr3_14900160.0,14900160,0.00230682,0,,,,
3,Chr3_12239552.0,12239552,0.00230702,0,,,,
2,Chr2_6737869.0,6737869,0.002307103,0,,,,
3,Chr3_4303866.0,4303866,0.002307325,0,,,,
4,Chr4_11029104.0,11029104,0.002307434,0,,,,
5,Chr5_7736743.0,7736743,0.002307774,1,AT5G23060,AT5G23060,AT5G23060,0.0
4,Chr4_17510593.0,17510593,0.002308109,1,AT4G37200,AT4G37200,AT4G37200,0.0
4,Chr4_17514391.0,17514391,0.002308109,1,AT4G37210,AT4G37210,AT4G37210,0.0
4,Chr4_8764680.0,8764680,0.002308254,0,,,,
4,Chr4_8765296.0,8765296,0.002308254,0,,,,
5,Chr5_10759408.0,10759408,0.002308303,0,,,,
2,Chr2_5403881.0,5403881,0.002308536,0,,,,
4,Chr4_4107854.0,4107854,0.002308589,0,,,,
1,Chr1_26294785.0,26294785,0.002308663,1,AT1G69840,AT1G69840,AT1G69840,0.0
1,Chr1_26295079.0,26295079,0.002308663,1,AT1G69840,AT1G69840,AT1G69840,0.0
1,Chr1_26295082.0,26295082,0.002308663,1,AT1G69840,AT1G69840,AT1G69840,0.0
4,Chr4_15688219.0,15688219,0.0023087,1,AT4G32510,AT4G32510,AT4G32510,0.0
1,Chr1_23625541.0,23625541,0.002309288,1,AT1G63700,AT1G63700,AT1G63700,0.0
2,Chr2_5678209.0,5678209,0.002309309,1,AT2G13620,AT2G13620,AT2G13620,0.0
1,Chr1_17641800.0,17641800,0.00230962,0,,,,
1,Chr1_4286177.0,4286177,0.002309646,0,,,,
3,Chr3_7740629.0,7740629,0.00230984,0,,,,
2,Chr2_4040796.0,4040796,0.002310662,0,,,,
3,Chr3_15958580.0,15958580,0.002311746,0,,,,
4,Chr4_13030077.0,13030077,0.00231178,1,AT4G25515,AT4G25515,AT4G25515,0.0
4,Chr4_13038778.0,13038778,0.00231178,1,AT4G25530,AT4G25530,AT4G25530,0.0
4,Chr4_13071688.0,13071688,0.00231178,0,,,,
4,Chr4_13076546.0,13076546,0.00231178,1,AT4G25640,AT4G25640,AT4G25640,0.0
5,Chr5_21049557.0,21049557,0.002312111,1,AT5G51800,AT5G51800,AT5G51800,0.0
1,Chr1_5165052.0,5165052,0.002312431,0,,,,
2,Chr2_8493515.0,8493515,0.002312631,1,AT2G19650,AT2G19650,AT2G19650,0.0
1,Chr1_11123841.0,11123841,0.002313027,1,AT1G31160,AT1G31160,AT1G31160,0.0
1,Chr1_11123859.0,11123859,0.002313027,1,AT1G31160,AT1G31160,AT1G31160,0.0
4,Chr4_2120862.0,2120862,0.00231316,0,,,,
5,Chr5_21391246.0,21391246,0.002313422,1,AT5G52780,AT5G52780,AT5G52780,0.0
2,Chr2_5415192.0,5415192,0.002313727,0,,,,
4,Chr4_4252383.0,4252383,0.002313831,0,,,,
4,Chr4_4252388.0,4252388,0.002313831,0,,,,
4,Chr4_4252398.0,4252398,0.002313831,0,,,,
1,Chr1_20174326.0,20174326,0.002313858,0,,,,
2,Chr2_1299438.0,1299438,0.002314566,0,,,,
2,Chr2_96323.0,96323,0.002314853,1,AT2G01140,AT2G01140,AT2G01140,0.0
2,Chr2_5056899.0,5056899,0.002314936,0,,,,
5,Chr5_5383466.0,5383466,0.002314976,0,,,,
5,Chr5_5383665.0,5383665,0.002314976,1,AT5G16486,AT5G16486,AT5G16486,0.0
5,Chr5_5383759.0,5383759,0.002314976,1,AT5G16486,AT5G16486,AT5G16486,0.0
5,Chr5_5384132.0,5384132,0.002314976,1,AT5G16486,AT5G16486,AT5G16486,0.0
5,Chr5_8322657.0,8322657,0.002315051,0,,,,
2,Chr2_1689402.0,1689402,0.002315662,1,AT2G04810,AT2G04810,AT2G04810,0.0
2,Chr2_1689420.0,1689420,0.002315662,1,AT2G04810,AT2G04810,AT2G04810,0.0
3,Chr3_14167965.0,14167965,0.002316451,0,,,,
3,Chr3_14306553.0,14306553,0.00231666,0,,,,
4,Chr4_15685883.0,15685883,0.002317001,0,,,,
4,Chr4_15687961.0,15687961,0.002317001,1,AT4G32510,AT4G32510,AT4G32510,0.0
4,Chr4_2322680.0,2322680,0.002317483,0,,,,
2,Chr2_18266832.0,18266832,0.002317489,0,,,,
2,Chr2_18268323.0,18268323,0.002317489,0,,,,
1,Chr1_11726266.0,11726266,0.002317649,0,,,,
5,Chr5_2226277.0,2226277,0.002317683,0,,,,
5,Chr5_2227898.0,2227898,0.002317683,1,AT5G07180,AT5G07180,AT5G07180,0.0
5,Chr5_2228173.0,2228173,0.002317683,1,AT5G07180,AT5G07180,AT5G07180,0.0
5,Chr5_2232863.0,2232863,0.002317683,1,AT5G07180,AT5G07180,AT5G07180,0.0
5,Chr5_2232931.0,2232931,0.002317683,1,AT5G07180,AT5G07180,AT5G07180,0.0
3,Chr3_15967830.0,15967830,0.002318264,0,,,,
1,Chr1_16185591.0,16185591,0.002318423,0,,,,
3,Chr3_12848789.0,12848789,0.002318658,0,,,,
4,Chr4_8212126.0,8212126,0.002318957,1,AT4G14250,AT4G14250,AT4G14250,0.0
3,Chr3_18005320.0,18005320,0.002319279,0,,,,
2,Chr2_711859.0,711859,0.00231969,1,AT2G02610,AT2G02610,AT2G02610,0.0
4,Chr4_1382525.0,1382525,0.002319721,1,AT4G03115,AT4G03115,AT4G03115,0.0
3,Chr3_4037004.0,4037004,0.002319927,0,,,,
3,Chr3_19544541.0,19544541,0.00232032,0,,,,
3,Chr3_15673352.0,15673352,0.002320432,0,,,,
3,Chr3_6731145.0,6731145,0.002321016,0,,,,
4,Chr4_4313816.0,4313816,0.002321369,0,,,,
4,Chr4_9052127.0,9052127,0.002321933,0,,,,
4,Chr4_18371541.0,18371541,0.002321991,1,AT4G39520,AT4G39520,AT4G39520,0.0
4,Chr4_18372640.0,18372640,0.002321991,1,AT4G39520,AT4G39520,AT4G39520,0.0
5,Chr5_23763732.0,23763732,0.002322892,0,,,,
1,Chr1_3319835.0,3319835,0.002322948,1,AT1G10130,AT1G10130,AT1G10130,0.0
5,Chr5_22165703.0,22165703,0.002323062,0,,,,
1,Chr1_10475062.0,10475062,0.002323714,1,AT1G29920,AT1G29920,AT1G29920,0.0
1,Chr1_10480961.0,10480961,0.002323714,1,AT1G29940,AT1G29940,AT1G29940,0.0
1,Chr1_13369548.0,13369548,0.002323749,0,,,,
1,Chr1_13370933.0,13370933,0.002323749,0,,,,
1,Chr1_13392759.0,13392759,0.002323749,0,,,,
5,Chr5_26423472.0,26423472,0.002324295,1,AT5G66080,AT5G66080,AT5G66080,0.0
4,Chr4_18195162.0,18195162,0.002325368,1,AT4G39050,AT4G39050,AT4G39050,0.0
3,Chr3_3158385.0,3158385,0.002325424,1,AT3G10200,AT3G10200,AT3G10200,0.0
3,Chr3_3158389.0,3158389,0.002325424,1,AT3G10200,AT3G10200,AT3G10200,0.0
3,Chr3_3158409.0,3158409,0.002325424,1,AT3G10200,AT3G10200,AT3G10200,0.0
3,Chr3_3158416.0,3158416,0.002325424,1,AT3G10200,AT3G10200,AT3G10200,0.0
3,Chr3_3158418.0,3158418,0.002325424,1,AT3G10200,AT3G10200,AT3G10200,0.0
3,Chr3_3158420.0,3158420,0.002325424,1,AT3G10200,AT3G10200,AT3G10200,0.0
3,Chr3_3158421.0,3158421,0.002325424,1,AT3G10200,AT3G10200,AT3G10200,0.0
3,Chr3_3158568.0,3158568,0.002325424,1,AT3G10200,AT3G10200,AT3G10200,0.0
2,Chr2_6148786.0,6148786,0.002326407,0,,,,
2,Chr2_482590.0,482590,0.002327055,1,AT2G02030,AT2G02030,AT2G02030,0.0
3,Chr3_19629830.0,19629830,0.002327092,0,,,,
4,Chr4_15784222.0,15784222,0.002328192,0,,,,
4,Chr4_15784420.0,15784420,0.002328192,0,,,,
1,Chr1_25219170.0,25219170,0.002328303,0,,,,
3,Chr3_16532741.0,16532741,0.002329674,0,,,,
3,Chr3_16621654.0,16621654,0.002329937,1,AT3G45300,AT3G45300,AT3G45300,0.0
2,Chr2_7571673.0,7571673,0.002329945,1,AT2G17440,AT2G17440,AT2G17440,0.0
2,Chr2_14991690.0,14991690,0.002331203,0,,,,
3,Chr3_20591847.0,20591847,0.002331995,0,,,,
3,Chr3_20592002.0,20592002,0.002331995,0,,,,
3,Chr3_20592133.0,20592133,0.002331995,0,,,,
3,Chr3_20592257.0,20592257,0.002331995,0,,,,
3,Chr3_20592267.0,20592267,0.002331995,0,,,,
3,Chr3_20592310.0,20592310,0.002331995,0,,,,
4,Chr4_6204933.0,6204933,0.002332762,0,,,,
1,Chr1_3185856.0,3185856,0.002333712,0,,,,
4,Chr4_14655266.0,14655266,0.002333732,0,,,,
1,Chr1_2409544.0,2409544,0.0023342,1,AT1G07770,AT1G07770,AT1G07770,0.0
5,Chr5_25692265.0,25692265,0.002334929,0,,,,
2,Chr2_12243419.0,12243419,0.002335309,0,,,,
5,Chr5_15943641.0,15943641,0.00233535,1,AT5G39830,AT5G39830,AT5G39830,0.0
2,Chr2_6635851.0,6635851,0.002336007,0,,,,
3,Chr3_15746453.0,15746453,0.002337323,0,,,,
4,Chr4_1680816.0,1680816,0.002337503,0,,,,
4,Chr4_1680821.0,1680821,0.002337503,0,,,,
4,Chr4_1681020.0,1681020,0.002337503,0,,,,
4,Chr4_1681175.0,1681175,0.002337503,0,,,,
4,Chr4_1681566.0,1681566,0.002337503,0,,,,
4,Chr4_1681846.0,1681846,0.002337503,0,,,,
3,Chr3_19605253.0,19605253,0.002337918,0,,,,
2,Chr2_266411.0,266411,0.002338371,0,,,,
2,Chr2_266724.0,266724,0.002338371,1,AT2G01590,AT2G01590,AT2G01590,0.0
5,Chr5_435634.0,435634,0.002338583,1,AT5G02190,AT5G02190,AT5G02190,0.0
2,Chr2_5379779.0,5379779,0.002338917,0,,,,
1,Chr1_10050644.0,10050644,0.002339582,0,,,,
1,Chr1_7489042.0,7489042,0.0023397,0,,,,
3,Chr3_11743734.0,11743734,0.002339946,0,,,,
5,Chr5_10734151.0,10734151,0.002339953,0,,,,
2,Chr2_12763799.0,12763799,0.00234033,1,AT2G29940,AT2G29940,AT2G29940,0.0
4,Chr4_15951642.0,15951642,0.002340769,1,AT4G33060,AT4G33060,AT4G33060,0.0
1,Chr1_24855898.0,24855898,0.002340849,1,AT1G66630,AT1G66630,AT1G66630,0.0
1,Chr1_24855913.0,24855913,0.002340849,1,AT1G66630,AT1G66630,AT1G66630,0.0
3,Chr3_23103422.0,23103422,0.00234105,0,,,,
1,Chr1_29039818.0,29039818,0.002341074,1,AT1G77290,AT1G77290,AT1G77290,0.0
3,Chr3_19158761.0,19158761,0.002341097,0,,,,
5,Chr5_15942178.0,15942178,0.002342368,0,,,,
5,Chr5_21169585.0,21169585,0.002342369,0,,,,
3,Chr3_13623505.0,13623505,0.002342532,0,,,,
1,Chr1_4310930.0,4310930,0.002343682,0,,,,
1,Chr1_11292831.0,11292831,0.002343726,1,AT1G31540,AT1G31540,AT1G31540,0.0
5,Chr5_9741524.0,9741524,0.002344162,0,,,,
5,Chr5_9579028.0,9579028,0.002345063,1,AT5G27220,AT5G27220,AT5G27220,0.0
2,Chr2_19583556.0,19583556,0.002345142,1,AT2G47810,AT2G47810,AT2G47810,0.0
5,Chr5_9526207.0,9526207,0.002345346,0,,,,
4,Chr4_3119648.0,3119648,0.00234708,0,,,,
5,Chr5_8293037.0,8293037,0.00234757,0,,,,
2,Chr2_14269405.0,14269405,0.002348269,1,AT2G33735,AT2G33735,AT2G33735,0.0
3,Chr3_3215557.0,3215557,0.002348821,0,,,,
2,Chr2_12191859.0,12191859,0.002348858,0,,,,
1,Chr1_3767101.0,3767101,0.002349138,1,AT1G11240,AT1G11240,AT1G11240,0.0
2,Chr2_12174283.0,12174283,0.002349954,0,,,,
1,Chr1_21727445.0,21727445,0.002350081,1,AT1G58470,AT1G58470,AT1G58470,0.0
1,Chr1_21729017.0,21729017,0.002350081,0,,,,
1,Chr1_21736563.0,21736563,0.002350081,1,AT1G58520,AT1G58520,AT1G58520,0.0
1,Chr1_7783734.0,7783734,0.002350446,0,,,,
3,Chr3_4095497.0,4095497,0.002350552,0,,,,
4,Chr4_17398218.0,17398218,0.002350667,0,,,,
1,Chr1_29368018.0,29368018,0.002351251,0,,,,
2,Chr2_13889806.0,13889806,0.002351368,1,AT2G32750,AT2G32750,AT2G32750,0.0
2,Chr2_13891388.0,13891388,0.002351368,0,,,,
3,Chr3_15489756.0,15489756,0.00235192,0,,,,
1,Chr1_11551803.0,11551803,0.002352786,0,,,,
1,Chr1_11552453.0,11552453,0.002352786,0,,,,
1,Chr1_11271559.0,11271559,0.002352886,2,AT1G31480;AT1G31490,AT1G31480,AT1G31480,0.0
3,Chr3_18030071.0,18030071,0.002353002,1,AT3G48660,AT3G48660,AT3G48660,0.0
1,Chr1_29078486.0,29078486,0.002353234,0,,,,
4,Chr4_9224664.0,9224664,0.002353627,1,AT4G16310,AT4G16310,AT4G16310,0.0
1,Chr1_6787749.0,6787749,0.002353661,1,AT1G19630,AT1G19630,AT1G19630,0.0
1,Chr1_6787764.0,6787764,0.002353661,1,AT1G19630,AT1G19630,AT1G19630,0.0
1,Chr1_6787803.0,6787803,0.002353661,1,AT1G19630,AT1G19630,AT1G19630,0.0
1,Chr1_6787865.0,6787865,0.002353661,1,AT1G19630,AT1G19630,AT1G19630,0.0
1,Chr1_6787867.0,6787867,0.002353661,1,AT1G19630,AT1G19630,AT1G19630,0.0
1,Chr1_6787993.0,6787993,0.002353661,0,,,,
1,Chr1_6787998.0,6787998,0.002353661,0,,,,
1,Chr1_6788017.0,6788017,0.002353661,0,,,,
1,Chr1_6788045.0,6788045,0.002353661,0,,,,
1,Chr1_6788064.0,6788064,0.002353661,0,,,,
1,Chr1_6788111.0,6788111,0.002353661,0,,,,
1,Chr1_6788134.0,6788134,0.002353661,0,,,,
1,Chr1_6788176.0,6788176,0.002353661,0,,,,
1,Chr1_6788186.0,6788186,0.002353661,0,,,,
1,Chr1_6788195.0,6788195,0.002353661,0,,,,
1,Chr1_6788214.0,6788214,0.002353661,0,,,,
1,Chr1_6788308.0,6788308,0.002353661,0,,,,
1,Chr1_6788335.0,6788335,0.002353661,0,,,,
1,Chr1_6788410.0,6788410,0.002353661,0,,,,
1,Chr1_6788427.0,6788427,0.002353661,0,,,,
5,Chr5_8918082.0,8918082,0.00235386,0,,,,
2,Chr2_5052493.0,5052493,0.002353947,0,,,,
4,Chr4_4668850.0,4668850,0.002354183,0,,,,
4,Chr4_18377285.0,18377285,0.002354454,0,,,,
1,Chr1_2167207.0,2167207,0.002355572,1,AT1G07060,AT1G07060,AT1G07060,0.0
2,Chr2_1307982.0,1307982,0.002355736,0,,,,
2,Chr2_1308732.0,1308732,0.002355736,0,,,,
2,Chr2_1309198.0,1309198,0.002355736,0,,,,
2,Chr2_1309556.0,1309556,0.002355736,0,,,,
2,Chr2_1312437.0,1312437,0.002355736,0,,,,
2,Chr2_1315076.0,1315076,0.002355736,1,AT2G04045,AT2G04045,AT2G04045,0.0
2,Chr2_1316047.0,1316047,0.002355736,1,AT2G04046,AT2G04046,AT2G04046,0.0
5,Chr5_11506118.0,11506118,0.002355818,0,,,,
2,Chr2_687903.0,687903,0.002356649,1,AT2G02550,AT2G02550,AT2G02550,0.0
1,Chr1_22891517.0,22891517,0.002356677,0,,,,
1,Chr1_22891520.0,22891520,0.002356677,0,,,,
1,Chr1_22891544.0,22891544,0.002356677,0,,,,
4,Chr4_4742053.0,4742053,0.002356874,0,,,,
4,Chr4_4742079.0,4742079,0.002356874,0,,,,
4,Chr4_5081845.0,5081845,0.002356931,0,,,,
5,Chr5_1774332.0,1774332,0.002357115,0,,,,
5,Chr5_21088177.0,21088177,0.002357288,0,,,,
5,Chr5_21088179.0,21088179,0.002357288,0,,,,
5,Chr5_21088189.0,21088189,0.002357288,0,,,,
5,Chr5_21088212.0,21088212,0.002357288,0,,,,
5,Chr5_21088268.0,21088268,0.002357288,0,,,,
5,Chr5_21088291.0,21088291,0.002357288,0,,,,
5,Chr5_21088297.0,21088297,0.002357288,0,,,,
5,Chr5_21088299.0,21088299,0.002357288,0,,,,
3,Chr3_6304547.0,6304547,0.002357312,0,,,,
4,Chr4_7226847.0,7226847,0.002357454,0,,,,
4,Chr4_17778278.0,17778278,0.002357516,0,,,,
1,Chr1_2695070.0,2695070,0.002358277,0,,,,
5,Chr5_7467972.0,7467972,0.002359393,0,,,,
3,Chr3_20966409.0,20966409,0.002359545,1,AT3G56590,AT3G56590,AT3G56590,0.0
1,Chr1_28913646.0,28913646,0.002359751,0,,,,
3,Chr3_21369175.0,21369175,0.002360031,0,,,,
3,Chr3_15368467.0,15368467,0.002360332,1,AT3G43440,AT3G43440,AT3G43440,0.0
2,Chr2_5561871.0,5561871,0.002360802,0,,,,
5,Chr5_26416470.0,26416470,0.002361035,1,AT5G66052,AT5G66052,AT5G66052,0.0
3,Chr3_19431942.0,19431942,0.002361967,1,AT3G52430,AT3G52430,AT3G52430,0.0
3,Chr3_19435890.0,19435890,0.002361967,1,AT3G52440,AT3G52440,AT3G52440,0.0
2,Chr2_11086966.0,11086966,0.002362087,0,,,,
4,Chr4_10181156.0,10181156,0.002362983,0,,,,
4,Chr4_4713891.0,4713891,0.002363,0,,,,
5,Chr5_8493493.0,8493493,0.002363091,1,AT5G24750,AT5G24750,AT5G24750,0.0
5,Chr5_8494343.0,8494343,0.002363091,1,AT5G24750,AT5G24750,AT5G24750,0.0
5,Chr5_8494448.0,8494448,0.002363091,1,AT5G24750,AT5G24750,AT5G24750,0.0
5,Chr5_8494492.0,8494492,0.002363091,1,AT5G24750,AT5G24750,AT5G24750,0.0
5,Chr5_8494765.0,8494765,0.002363091,0,,,,
5,Chr5_8495417.0,8495417,0.002363091,1,AT5G24760,AT5G24760,AT5G24760,0.0
5,Chr5_8495419.0,8495419,0.002363091,1,AT5G24760,AT5G24760,AT5G24760,0.0
5,Chr5_8495424.0,8495424,0.002363091,1,AT5G24760,AT5G24760,AT5G24760,0.0
5,Chr5_8495435.0,8495435,0.002363091,1,AT5G24760,AT5G24760,AT5G24760,0.0
5,Chr5_8495467.0,8495467,0.002363091,1,AT5G24760,AT5G24760,AT5G24760,0.0
3,Chr3_15507273.0,15507273,0.002363215,0,,,,
3,Chr3_19577149.0,19577149,0.002364228,0,,,,
1,Chr1_6293853.0,6293853,0.002364519,1,AT1G18270,AT1G18270,AT1G18270,0.0
1,Chr1_28348770.0,28348770,0.002365621,0,,,,
1,Chr1_21991172.0,21991172,0.002366658,0,,,,
5,Chr5_13716136.0,13716136,0.002367005,0,,,,
5,Chr5_672064.0,672064,0.002367067,0,,,,
2,Chr2_19551247.0,19551247,0.002367093,0,,,,
4,Chr4_1921598.0,1921598,0.002367576,0,,,,
4,Chr4_1924125.0,1924125,0.002367576,0,,,,
1,Chr1_23723654.0,23723654,0.002367661,0,,,,
5,Chr5_16365336.0,16365336,0.002368188,0,,,,
1,Chr1_3766517.0,3766517,0.002368292,0,,,,
4,Chr4_7626676.0,7626676,0.002368603,1,AT4G13080,AT4G13080,AT4G13080,0.0
4,Chr4_915803.0,915803,0.002368848,1,AT4G02075,AT4G02075,AT4G02075,0.0
5,Chr5_577395.0,577395,0.002369324,0,,,,
1,Chr1_12664814.0,12664814,0.002369822,0,,,,
4,Chr4_3125472.0,3125472,0.002370433,0,,,,
1,Chr1_3380262.0,3380262,0.002371089,0,,,,
5,Chr5_10673943.0,10673943,0.00237239,0,,,,
3,Chr3_15895675.0,15895675,0.002372448,0,,,,
3,Chr3_20591468.0,20591468,0.002372922,0,,,,
3,Chr3_20591480.0,20591480,0.002372922,0,,,,
3,Chr3_20591507.0,20591507,0.002372922,0,,,,
3,Chr3_20591550.0,20591550,0.002372922,0,,,,
3,Chr3_20591622.0,20591622,0.002372922,0,,,,
3,Chr3_20591792.0,20591792,0.002372922,0,,,,
3,Chr3_20592091.0,20592091,0.002372922,0,,,,
3,Chr3_20592117.0,20592117,0.002372922,0,,,,
3,Chr3_20592144.0,20592144,0.002372922,0,,,,
3,Chr3_20592159.0,20592159,0.002372922,0,,,,
5,Chr5_17324304.0,17324304,0.002372933,0,,,,
2,Chr2_6171022.0,6171022,0.002372983,0,,,,
4,Chr4_17400081.0,17400081,0.002373277,0,,,,
4,Chr4_17400083.0,17400083,0.002373277,0,,,,
4,Chr4_17405014.0,17405014,0.002373277,0,,,,
5,Chr5_12568316.0,12568316,0.002374853,0,,,,
5,Chr5_12568354.0,12568354,0.002374853,0,,,,
5,Chr5_12571325.0,12571325,0.002374853,0,,,,
5,Chr5_12574720.0,12574720,0.002374853,0,,,,
5,Chr5_12575557.0,12575557,0.002374853,0,,,,
5,Chr5_12577587.0,12577587,0.002374853,0,,,,
5,Chr5_12577599.0,12577599,0.002374853,0,,,,
5,Chr5_12578351.0,12578351,0.002374853,0,,,,
5,Chr5_12579106.0,12579106,0.002374853,0,,,,
4,Chr4_2231689.0,2231689,0.00237498,0,,,,
4,Chr4_4867783.0,4867783,0.002375245,1,AT4G08035,AT4G08035,AT4G08035,0.0
4,Chr4_4871569.0,4871569,0.002375245,0,,,,
5,Chr5_2235055.0,2235055,0.002375651,0,,,,
4,Chr4_3978403.0,3978403,0.00237628,0,,,,
3,Chr3_2098110.0,2098110,0.002376314,1,AT3G66658,AT3G66658,AT3G66658,0.0
1,Chr1_15064362.0,15064362,0.002376547,0,,,,
3,Chr3_6621595.0,6621595,0.002376672,0,,,,
1,Chr1_2301675.0,2301675,0.002377101,2,AT1G07485;AT1G07490,AT1G07485,AT1G07485,0.0
1,Chr1_2304018.0,2304018,0.002377101,0,,,,
1,Chr1_2304490.0,2304490,0.002377101,0,,,,
1,Chr1_2318302.0,2318302,0.002377101,0,,,,
1,Chr1_2318522.0,2318522,0.002377101,1,AT1G07540,AT1G07540,AT1G07540,0.0
1,Chr1_3249855.0,3249855,0.002377124,0,,,,
5,Chr5_25737487.0,25737487,0.002377129,1,AT5G64360,AT5G64360,AT5G64360,0.0
4,Chr4_13627374.0,13627374,0.002377294,0,,,,
4,Chr4_13627611.0,13627611,0.002377294,0,,,,
3,Chr3_13871523.0,13871523,0.002378275,0,,,,
5,Chr5_21368545.0,21368545,0.002379945,0,,,,
2,Chr2_8384261.0,8384261,0.002380186,1,AT2G19380,AT2G19380,AT2G19380,0.0
2,Chr2_5768280.0,5768280,0.002380651,0,,,,
5,Chr5_2394090.0,2394090,0.00238144,1,AT5G07570,AT5G07570,AT5G07570,0.0
5,Chr5_2394363.0,2394363,0.00238144,1,AT5G07570,AT5G07570,AT5G07570,0.0
4,Chr4_5909903.0,5909903,0.002381737,0,,,,
4,Chr4_5910276.0,5910276,0.002381737,0,,,,
5,Chr5_15373270.0,15373270,0.002383186,1,AT5G38396,AT5G38396,AT5G38396,0.0
5,Chr5_2200746.0,2200746,0.002383375,1,AT5G07080,AT5G07080,AT5G07080,0.0
3,Chr3_12950067.0,12950067,0.00238376,0,,,,
3,Chr3_12950333.0,12950333,0.00238376,1,AT3G31950,AT3G31950,AT3G31950,0.0
3,Chr3_12950436.0,12950436,0.00238376,1,AT3G31950,AT3G31950,AT3G31950,0.0
3,Chr3_12950939.0,12950939,0.00238376,1,AT3G31950,AT3G31950,AT3G31950,0.0
1,Chr1_3328546.0,3328546,0.002384772,0,,,,
4,Chr4_9091428.0,9091428,0.002384988,1,AT4G16045,AT4G16045,AT4G16045,0.0
4,Chr4_1897359.0,1897359,0.002385224,0,,,,
2,Chr2_13888998.0,13888998,0.002385764,0,,,,
1,Chr1_4398567.0,4398567,0.002385917,1,AT1G12930,AT1G12930,AT1G12930,0.0
1,Chr1_18586047.0,18586047,0.002386379,1,AT1G50180,AT1G50180,AT1G50180,0.0
1,Chr1_261932.0,261932,0.002386443,0,,,,
1,Chr1_28714743.0,28714743,0.002387416,0,,,,
3,Chr3_21326600.0,21326600,0.002387571,0,,,,
5,Chr5_15604317.0,15604317,0.002387682,0,,,,
4,Chr4_5659208.0,5659208,0.002388071,0,,,,
4,Chr4_15287444.0,15287444,0.00238808,0,,,,
4,Chr4_15287543.0,15287543,0.00238808,0,,,,
3,Chr3_4578880.0,4578880,0.002388858,0,,,,
2,Chr2_19027022.0,19027022,0.002389505,1,AT2G46340,AT2G46340,AT2G46340,0.0
3,Chr3_13625352.0,13625352,0.002389649,0,,,,
3,Chr3_934757.0,934757,0.002389988,0,,,,
1,Chr1_8540637.0,8540637,0.002390275,0,,,,
2,Chr2_4502045.0,4502045,0.002390559,0,,,,
2,Chr2_4502047.0,4502047,0.002390559,0,,,,
5,Chr5_10683023.0,10683023,0.002390918,0,,,,
5,Chr5_1215641.0,1215641,0.002391145,0,,,,
5,Chr5_14559711.0,14559711,0.002391357,0,,,,
5,Chr5_10124377.0,10124377,0.002392348,0,,,,
5,Chr5_10125099.0,10125099,0.002392348,0,,,,
5,Chr5_10128629.0,10128629,0.002392348,0,,,,
5,Chr5_10129030.0,10129030,0.002392348,0,,,,
5,Chr5_2243061.0,2243061,0.002392474,0,,,,
1,Chr1_909517.0,909517,0.002393065,0,,,,
3,Chr3_18526575.0,18526575,0.002393081,0,,,,
3,Chr3_12350291.0,12350291,0.002393558,0,,,,
3,Chr3_17395488.0,17395488,0.002393652,0,,,,
1,Chr1_4355961.0,4355961,0.002394198,1,AT1G12780,AT1G12780,AT1G12780,0.0
1,Chr1_20469459.0,20469459,0.002394388,0,,,,
3,Chr3_11959492.0,11959492,0.00239508,0,,,,
1,Chr1_3310474.0,3310474,0.002395228,0,,,,
2,Chr2_5470449.0,5470449,0.002395298,0,,,,
4,Chr4_3791858.0,3791858,0.002396668,0,,,,
5,Chr5_20996607.0,20996607,0.002396673,0,,,,
5,Chr5_21085874.0,21085874,0.002397991,1,AT5G51870,AT5G51870,AT5G51870,0.0
5,Chr5_21085943.0,21085943,0.002397991,1,AT5G51870,AT5G51870,AT5G51870,0.0
1,Chr1_1162222.0,1162222,0.002398293,0,,,,
5,Chr5_10145375.0,10145375,0.002398785,0,,,,
2,Chr2_13879657.0,13879657,0.002398972,0,,,,
3,Chr3_3114893.0,3114893,0.00239912,0,,,,
4,Chr4_5455375.0,5455375,0.002399177,1,AT4G08570,AT4G08570,AT4G08570,0.0
5,Chr5_26366488.0,26366488,0.002399902,0,,,,
4,Chr4_5456515.0,5456515,0.00240011,0,,,,
4,Chr4_4711422.0,4711422,0.002400243,0,,,,
4,Chr4_11832419.0,11832419,0.002402925,0,,,,
2,Chr2_8269100.0,8269100,0.002403417,0,,,,
3,Chr3_15294879.0,15294879,0.002403515,0,,,,
5,Chr5_7393417.0,7393417,0.00240411,1,AT5G22330,AT5G22330,AT5G22330,0.0
5,Chr5_7393436.0,7393436,0.00240411,1,AT5G22330,AT5G22330,AT5G22330,0.0
5,Chr5_7393437.0,7393437,0.00240411,1,AT5G22330,AT5G22330,AT5G22330,0.0
5,Chr5_7393461.0,7393461,0.00240411,1,AT5G22330,AT5G22330,AT5G22330,0.0
5,Chr5_7393473.0,7393473,0.00240411,1,AT5G22330,AT5G22330,AT5G22330,0.0
5,Chr5_7393476.0,7393476,0.00240411,1,AT5G22330,AT5G22330,AT5G22330,0.0
5,Chr5_7393477.0,7393477,0.00240411,1,AT5G22330,AT5G22330,AT5G22330,0.0
5,Chr5_7393504.0,7393504,0.00240411,1,AT5G22330,AT5G22330,AT5G22330,0.0
5,Chr5_7393507.0,7393507,0.00240411,1,AT5G22330,AT5G22330,AT5G22330,0.0
5,Chr5_7393533.0,7393533,0.00240411,1,AT5G22330,AT5G22330,AT5G22330,0.0
5,Chr5_7393659.0,7393659,0.00240411,1,AT5G22330,AT5G22330,AT5G22330,0.0
5,Chr5_7393672.0,7393672,0.00240411,1,AT5G22330,AT5G22330,AT5G22330,0.0
5,Chr5_7393690.0,7393690,0.00240411,1,AT5G22330,AT5G22330,AT5G22330,0.0
5,Chr5_7393696.0,7393696,0.00240411,1,AT5G22330,AT5G22330,AT5G22330,0.0
5,Chr5_7393714.0,7393714,0.00240411,1,AT5G22330,AT5G22330,AT5G22330,0.0
5,Chr5_7393778.0,7393778,0.00240411,1,AT5G22330,AT5G22330,AT5G22330,0.0
5,Chr5_7393780.0,7393780,0.00240411,1,AT5G22330,AT5G22330,AT5G22330,0.0
5,Chr5_7394024.0,7394024,0.00240411,1,AT5G22330,AT5G22330,AT5G22330,0.0
5,Chr5_309688.0,309688,0.002405199,1,AT5G01810,AT5G01810,AT5G01810,0.0
3,Chr3_15916425.0,15916425,0.002405647,1,AT3G44210,AT3G44210,AT3G44210,0.0
2,Chr2_19303133.0,19303133,0.002407646,1,AT2G46980,AT2G46980,AT2G46980,0.0
1,Chr1_29078393.0,29078393,0.00240834,0,,,,
1,Chr1_12264487.0,12264487,0.002408816,0,,,,
2,Chr2_476371.0,476371,0.002408847,1,AT2G02010,AT2G02010,AT2G02010,0.0
4,Chr4_6920045.0,6920045,0.002408922,0,,,,
2,Chr2_12620538.0,12620538,0.002409627,1,AT2G29440,AT2G29440,AT2G29440,0.0
5,Chr5_2901057.0,2901057,0.00241013,1,AT5G09350,AT5G09350,AT5G09350,0.0
1,Chr1_3261257.0,3261257,0.002410235,1,AT1G09980,AT1G09980,AT1G09980,0.0
4,Chr4_15319294.0,15319294,0.002410615,1,AT4G31610,AT4G31610,AT4G31610,0.0
4,Chr4_15325721.0,15325721,0.002410615,1,AT4G31630,AT4G31630,AT4G31630,0.0
4,Chr4_15327065.0,15327065,0.002410615,1,AT4G31630,AT4G31630,AT4G31630,0.0
4,Chr4_15335547.0,15335547,0.002410615,1,AT4G31660,AT4G31660,AT4G31660,0.0
4,Chr4_15336467.0,15336467,0.002410615,1,AT4G31670,AT4G31670,AT4G31670,0.0
4,Chr4_15348133.0,15348133,0.002410615,0,,,,
4,Chr4_15356291.0,15356291,0.002410615,1,AT4G31720,AT4G31720,AT4G31720,0.0
4,Chr4_2723934.0,2723934,0.002410944,0,,,,
1,Chr1_21717160.0,21717160,0.002411756,1,AT1G58440,AT1G58440,AT1G58440,0.0
4,Chr4_1379051.0,1379051,0.002411811,1,AT4G03110,AT4G03110,AT4G03110,0.0
1,Chr1_13494500.0,13494500,0.002412999,0,,,,
5,Chr5_10677602.0,10677602,0.002413192,0,,,,
2,Chr2_4596684.0,4596684,0.002413863,0,,,,
5,Chr5_23067774.0,23067774,0.002414051,0,,,,
4,Chr4_4705266.0,4705266,0.002414231,0,,,,
4,Chr4_4705270.0,4705270,0.002414231,0,,,,
5,Chr5_7991608.0,7991608,0.00241451,0,,,,
4,Chr4_8722717.0,8722717,0.002414691,1,AT4G15290,AT4G15290,AT4G15290,0.0
2,Chr2_6245120.0,6245120,0.002414692,1,AT2G14620,AT2G14620,AT2G14620,0.0
4,Chr4_15955270.0,15955270,0.002414715,0,,,,
1,Chr1_24534097.0,24534097,0.002414785,0,,,,
1,Chr1_16628117.0,16628117,0.002414835,0,,,,
1,Chr1_19558103.0,19558103,0.002414943,1,AT1G52490,AT1G52490,AT1G52490,0.0
5,Chr5_19497055.0,19497055,0.002414974,0,,,,
3,Chr3_19653626.0,19653626,0.00241548,0,,,,
5,Chr5_21037065.0,21037065,0.00241549,0,,,,
4,Chr4_14569300.0,14569300,0.002415838,1,AT4G29740,AT4G29740,AT4G29740,0.0
4,Chr4_4711189.0,4711189,0.002416003,0,,,,
4,Chr4_4711510.0,4711510,0.002416003,0,,,,
4,Chr4_4711511.0,4711511,0.002416003,0,,,,
5,Chr5_22750568.0,22750568,0.00241669,1,AT5G56210,AT5G56210,AT5G56210,0.0
5,Chr5_22750573.0,22750573,0.00241669,1,AT5G56210,AT5G56210,AT5G56210,0.0
5,Chr5_25157146.0,25157146,0.002416796,1,AT5G62660,AT5G62660,AT5G62660,0.0
5,Chr5_25157147.0,25157147,0.002416796,1,AT5G62660,AT5G62660,AT5G62660,0.0
5,Chr5_10760366.0,10760366,0.002416798,0,,,,
5,Chr5_10760415.0,10760415,0.002416798,0,,,,
1,Chr1_23390333.0,23390333,0.002417282,1,AT1G63080,AT1G63080,AT1G63080,0.0
4,Chr4_7428615.0,7428615,0.002417487,0,,,,
2,Chr2_8327046.0,8327046,0.002417905,1,AT2G19190,AT2G19190,AT2G19190,0.0
4,Chr4_7169787.0,7169787,0.002417987,0,,,,
1,Chr1_1901734.0,1901734,0.002418353,1,AT1G06220,AT1G06220,AT1G06220,0.0
4,Chr4_7618023.0,7618023,0.002418379,1,AT4G13050,AT4G13050,AT4G13050,0.0
4,Chr4_7619053.0,7619053,0.002418379,1,AT4G13050,AT4G13050,AT4G13050,0.0
4,Chr4_18038163.0,18038163,0.002419115,1,AT4G38590,AT4G38590,AT4G38590,0.0
4,Chr4_9309125.0,9309125,0.002419661,0,,,,
1,Chr1_13576545.0,13576545,0.002420316,0,,,,
1,Chr1_27749712.0,27749712,0.002420323,0,,,,
1,Chr1_2682054.0,2682054,0.002420327,0,,,,
5,Chr5_26288317.0,26288317,0.002420366,0,,,,
2,Chr2_9828199.0,9828199,0.002421194,1,AT2G23080,AT2G23080,AT2G23080,0.0
4,Chr4_4956937.0,4956937,0.00242134,0,,,,
1,Chr1_23771761.0,23771761,0.002421803,1,AT1G64060,AT1G64060,AT1G64060,0.0
4,Chr4_10846634.0,10846634,0.002422825,1,AT4G20030,AT4G20030,AT4G20030,0.0
1,Chr1_2611680.0,2611680,0.002423436,1,AT1G08290,AT1G08290,AT1G08290,0.0
1,Chr1_2620372.0,2620372,0.002423436,2,AT1G08310;AT1G08315,AT1G08310,AT1G08310,0.0
3,Chr3_17881658.0,17881658,0.002424167,0,,,,
3,Chr3_15972713.0,15972713,0.002424641,0,,,,
4,Chr4_2488020.0,2488020,0.002424965,0,,,,
1,Chr1_19504073.0,19504073,0.002425219,1,AT1G52360,AT1G52360,AT1G52360,0.0
1,Chr1_28671329.0,28671329,0.002425611,0,,,,
4,Chr4_2908802.0,2908802,0.002425907,0,,,,
4,Chr4_4051160.0,4051160,0.002425907,0,,,,
5,Chr5_1558819.0,1558819,0.002425932,0,,,,
2,Chr2_1210554.0,1210554,0.002426612,0,,,,
4,Chr4_6963401.0,6963401,0.002426882,0,,,,
3,Chr3_10063329.0,10063329,0.002427074,0,,,,
3,Chr3_10063915.0,10063915,0.002427074,0,,,,
3,Chr3_10072796.0,10072796,0.002427074,0,,,,
3,Chr3_10072887.0,10072887,0.002427074,0,,,,
3,Chr3_10073251.0,10073251,0.002427074,0,,,,
3,Chr3_6541655.0,6541655,0.002427479,1,AT3G18957,AT3G18957,AT3G18957,0.0
1,Chr1_6867552.0,6867552,0.002427532,0,,,,
1,Chr1_3284960.0,3284960,0.002427706,1,AT1G10060,AT1G10060,AT1G10060,0.0
2,Chr2_5300970.0,5300970,0.002427858,0,,,,
4,Chr4_4167125.0,4167125,0.002428135,0,,,,
3,Chr3_14955081.0,14955081,0.002429424,1,AT3G42880,AT3G42880,AT3G42880,0.0
1,Chr1_13388715.0,13388715,0.002430378,0,,,,
3,Chr3_9677194.0,9677194,0.002430719,1,AT3G26440,AT3G26440,AT3G26440,0.0
4,Chr4_7770665.0,7770665,0.002431104,1,AT4G13350,AT4G13350,AT4G13350,0.0
3,Chr3_14245427.0,14245427,0.002431985,0,,,,
1,Chr1_29154790.0,29154790,0.002432103,1,AT1G77600,AT1G77600,AT1G77600,0.0
3,Chr3_3548687.0,3548687,0.002433828,1,AT3G11320,AT3G11320,AT3G11320,0.0
3,Chr3_3548717.0,3548717,0.002433828,1,AT3G11320,AT3G11320,AT3G11320,0.0
1,Chr1_22272008.0,22272008,0.002434141,1,AT1G60450,AT1G60450,AT1G60450,0.0
1,Chr1_27684341.0,27684341,0.002434838,0,,,,
4,Chr4_2378524.0,2378524,0.002435631,0,,,,
3,Chr3_19277252.0,19277252,0.002435645,0,,,,
1,Chr1_23256335.0,23256335,0.002435845,1,AT1G62800,AT1G62800,AT1G62800,0.0
5,Chr5_3157156.0,3157156,0.002436119,0,,,,
2,Chr2_7753974.0,7753974,0.002436468,0,,,,
3,Chr3_6568784.0,6568784,0.002437066,1,AT3G19040,AT3G19040,AT3G19040,0.0
3,Chr3_6569106.0,6569106,0.002437066,1,AT3G19040,AT3G19040,AT3G19040,0.0
1,Chr1_3731084.0,3731084,0.002437412,0,,,,
1,Chr1_2927808.0,2927808,0.002437534,1,AT1G09070,AT1G09070,AT1G09070,0.0
5,Chr5_2819395.0,2819395,0.002438115,1,AT5G08670,AT5G08670,AT5G08670,0.0
4,Chr4_4668991.0,4668991,0.002438257,0,,,,
1,Chr1_17359233.0,17359233,0.002438423,1,AT1G47350,AT1G47350,AT1G47350,0.0
4,Chr4_8816251.0,8816251,0.00243866,1,AT4G15410,AT4G15410,AT4G15410,0.0
1,Chr1_3398877.0,3398877,0.002438666,0,,,,
2,Chr2_6683038.0,6683038,0.002438695,0,,,,
3,Chr3_2438601.0,2438601,0.002439102,1,AT3G07640,AT3G07640,AT3G07640,0.0
5,Chr5_19424377.0,19424377,0.002439102,1,AT5G47970,AT5G47970,AT5G47970,0.0
3,Chr3_15151043.0,15151043,0.002439201,0,,,,
3,Chr3_15151763.0,15151763,0.002439201,0,,,,
5,Chr5_18754887.0,18754887,0.00244047,0,,,,
1,Chr1_4313331.0,4313331,0.002440777,0,,,,
1,Chr1_6759742.0,6759742,0.002442042,0,,,,
4,Chr4_2211018.0,2211018,0.002442246,0,,,,
4,Chr4_6904720.0,6904720,0.002442424,0,,,,
4,Chr4_6904837.0,6904837,0.002442424,0,,,,
1,Chr1_21202033.0,21202033,0.002442464,1,AT1G56590,AT1G56590,AT1G56590,0.0
1,Chr1_10606251.0,10606251,0.002443135,1,AT1G30160,AT1G30160,AT1G30160,0.0
1,Chr1_997682.0,997682,0.002443816,1,AT1G03910,AT1G03910,AT1G03910,0.0
5,Chr5_10673145.0,10673145,0.002443914,0,,,,
1,Chr1_29577814.0,29577814,0.00244453,0,,,,
3,Chr3_8421960.0,8421960,0.002444771,1,AT3G23480,AT3G23480,AT3G23480,0.0
4,Chr4_6069197.0,6069197,0.002444844,0,,,,
2,Chr2_553030.0,553030,0.002445168,0,,,,
2,Chr2_10676836.0,10676836,0.002445443,0,,,,
4,Chr4_1895661.0,1895661,0.002445499,0,,,,
3,Chr3_20545491.0,20545491,0.002446027,1,AT3G55410,AT3G55410,AT3G55410,0.0
5,Chr5_21844967.0,21844967,0.002446253,1,AT5G53790,AT5G53790,AT5G53790,0.0
4,Chr4_18398922.0,18398922,0.00244752,1,AT4G39630,AT4G39630,AT4G39630,0.0
4,Chr4_4922447.0,4922447,0.002448517,0,,,,
3,Chr3_12645315.0,12645315,0.002449866,0,,,,
5,Chr5_10738994.0,10738994,0.002449951,0,,,,
5,Chr5_4639860.0,4639860,0.002450288,0,,,,
1,Chr1_10472620.0,10472620,0.002450588,1,AT1G29910,AT1G29910,AT1G29910,0.0
1,Chr1_10472626.0,10472626,0.002450588,1,AT1G29910,AT1G29910,AT1G29910,0.0
5,Chr5_9949806.0,9949806,0.002451078,0,,,,
3,Chr3_19178541.0,19178541,0.002451561,0,,,,
2,Chr2_7976271.0,7976271,0.002451843,0,,,,
3,Chr3_19851927.0,19851927,0.002451939,0,,,,
1,Chr1_28700344.0,28700344,0.002453123,0,,,,
1,Chr1_16629708.0,16629708,0.002453803,0,,,,
2,Chr2_7411862.0,7411862,0.002453877,1,AT2G17050,AT2G17050,AT2G17050,0.0
2,Chr2_7412038.0,7412038,0.002453877,1,AT2G17050,AT2G17050,AT2G17050,0.0
2,Chr2_4192387.0,4192387,0.002454704,0,,,,
4,Chr4_4856718.0,4856718,0.002455353,0,,,,
5,Chr5_16054150.0,16054150,0.002455476,0,,,,
3,Chr3_2096532.0,2096532,0.002456964,1,AT3G66658,AT3G66658,AT3G66658,0.0
3,Chr3_2096534.0,2096534,0.002456964,1,AT3G66658,AT3G66658,AT3G66658,0.0
3,Chr3_2096538.0,2096538,0.002456964,1,AT3G66658,AT3G66658,AT3G66658,0.0
3,Chr3_2096543.0,2096543,0.002456964,1,AT3G66658,AT3G66658,AT3G66658,0.0
3,Chr3_2096547.0,2096547,0.002456964,1,AT3G66658,AT3G66658,AT3G66658,0.0
3,Chr3_2096559.0,2096559,0.002456964,1,AT3G66658,AT3G66658,AT3G66658,0.0
1,Chr1_5214597.0,5214597,0.00245721,1,AT1G15150,AT1G15150,AT1G15150,0.0
1,Chr1_30038089.0,30038089,0.002457374,1,AT1G79840,AT1G79840,AT1G79840,0.0
5,Chr5_11505324.0,11505324,0.002457865,0,,,,
5,Chr5_11505402.0,11505402,0.002457865,0,,,,
5,Chr5_11505506.0,11505506,0.002457865,0,,,,
5,Chr5_11505738.0,11505738,0.002457865,0,,,,
5,Chr5_11505782.0,11505782,0.002457865,0,,,,
5,Chr5_11505791.0,11505791,0.002457865,0,,,,
5,Chr5_11505886.0,11505886,0.002457865,0,,,,
5,Chr5_11505994.0,11505994,0.002457865,0,,,,
3,Chr3_14816603.0,14816603,0.00245851,0,,,,
1,Chr1_11311113.0,11311113,0.002458651,0,,,,
1,Chr1_11311130.0,11311130,0.002458651,0,,,,
5,Chr5_10779841.0,10779841,0.002460204,1,AT5G28730,AT5G28730,AT5G28730,0.0
3,Chr3_8425105.0,8425105,0.002460573,0,,,,
3,Chr3_9677060.0,9677060,0.002460813,1,AT3G26440,AT3G26440,AT3G26440,0.0
3,Chr3_9677135.0,9677135,0.002460813,1,AT3G26440,AT3G26440,AT3G26440,0.0
3,Chr3_9677140.0,9677140,0.002460813,1,AT3G26440,AT3G26440,AT3G26440,0.0
1,Chr1_5171876.0,5171876,0.002461062,0,,,,
4,Chr4_6232291.0,6232291,0.002461161,1,AT4G09940,AT4G09940,AT4G09940,0.0
3,Chr3_5190034.0,5190034,0.002461415,0,,,,
2,Chr2_5786100.0,5786100,0.002461853,0,,,,
5,Chr5_11511942.0,11511942,0.002462633,0,,,,
3,Chr3_11335379.0,11335379,0.002462777,0,,,,
2,Chr2_14130200.0,14130200,0.00246323,1,AT2G33340,AT2G33340,AT2G33340,0.0
1,Chr1_5818916.0,5818916,0.002463944,1,AT1G17010,AT1G17010,AT1G17010,0.0
1,Chr1_16722402.0,16722402,0.00246439,0,,,,
2,Chr2_225899.0,225899,0.00246447,1,AT2G01500,AT2G01500,AT2G01500,0.0
2,Chr2_12916157.0,12916157,0.002464958,0,,,,
4,Chr4_11733059.0,11733059,0.002465039,0,,,,
2,Chr2_8366310.0,8366310,0.002466396,1,AT2G19290,AT2G19290,AT2G19290,0.0
4,Chr4_13628977.0,13628977,0.002466566,0,,,,
4,Chr4_5895074.0,5895074,0.002466684,0,,,,
5,Chr5_23339917.0,23339917,0.002467261,0,,,,
5,Chr5_7482949.0,7482949,0.002468044,1,AT5G22540,AT5G22540,AT5G22540,0.0
5,Chr5_7482968.0,7482968,0.002468044,0,,,,
5,Chr5_7482990.0,7482990,0.002468044,0,,,,
5,Chr5_7483022.0,7483022,0.002468044,0,,,,
5,Chr5_7483027.0,7483027,0.002468044,0,,,,
1,Chr1_3251910.0,3251910,0.002468241,0,,,,
4,Chr4_2029517.0,2029517,0.002468475,0,,,,
2,Chr2_10138599.0,10138599,0.002468638,0,,,,
2,Chr2_10139418.0,10139418,0.002468638,0,,,,
2,Chr2_10140395.0,10140395,0.002468638,0,,,,
2,Chr2_10141425.0,10141425,0.002468638,1,AT2G23820,AT2G23820,AT2G23820,0.0
5,Chr5_10150518.0,10150518,0.002468681,0,,,,
5,Chr5_10150545.0,10150545,0.002468681,0,,,,
5,Chr5_10150589.0,10150589,0.002468681,0,,,,
3,Chr3_15801286.0,15801286,0.002469016,0,,,,
3,Chr3_15801389.0,15801389,0.002469016,1,AT3G44020,AT3G44020,AT3G44020,0.0
3,Chr3_15228704.0,15228704,0.002469568,0,,,,
3,Chr3_15229196.0,15229196,0.002469568,0,,,,
3,Chr3_15230390.0,15230390,0.002469568,0,,,,
3,Chr3_15234566.0,15234566,0.002469568,1,AT3G43300,AT3G43300,AT3G43300,0.0
3,Chr3_15236463.0,15236463,0.002469568,1,AT3G43300,AT3G43300,AT3G43300,0.0
3,Chr3_15239480.0,15239480,0.002469568,1,AT3G43300,AT3G43300,AT3G43300,0.0
3,Chr3_21082570.0,21082570,0.002470156,1,AT3G56960,AT3G56960,AT3G56960,0.0
3,Chr3_21082691.0,21082691,0.002470156,1,AT3G56960,AT3G56960,AT3G56960,0.0
1,Chr1_3339152.0,3339152,0.002470269,1,AT1G10180,AT1G10180,AT1G10180,0.0
1,Chr1_2317944.0,2317944,0.002470525,0,,,,
4,Chr4_6742339.0,6742339,0.002470667,0,,,,
4,Chr4_6742473.0,6742473,0.002470667,0,,,,
4,Chr4_6742521.0,6742521,0.002470667,0,,,,
4,Chr4_6742608.0,6742608,0.002470667,0,,,,
2,Chr2_7967571.0,7967571,0.002471729,1,AT2G18330,AT2G18330,AT2G18330,0.0
5,Chr5_11177223.0,11177223,0.00247186,0,,,,
3,Chr3_19627038.0,19627038,0.002473766,1,AT3G52930,AT3G52930,AT3G52930,0.0
2,Chr2_11556270.0,11556270,0.002474314,1,AT2G27070,AT2G27070,AT2G27070,0.0
2,Chr2_13495725.0,13495725,0.002474387,0,,,,
4,Chr4_1833916.0,1833916,0.002474513,0,,,,
3,Chr3_12893866.0,12893866,0.002475681,0,,,,
3,Chr3_15048249.0,15048249,0.002476316,0,,,,
1,Chr1_17351266.0,17351266,0.00247663,1,AT1G47330,AT1G47330,AT1G47330,0.0
3,Chr3_15915736.0,15915736,0.002477117,0,,,,
1,Chr1_4348623.0,4348623,0.002477961,1,AT1G12760,AT1G12760,AT1G12760,0.0
5,Chr5_10755999.0,10755999,0.002478566,0,,,,
2,Chr2_447818.0,447818,0.00247887,0,,,,
4,Chr4_9563387.0,9563387,0.002480285,1,AT4G16990,AT4G16990,AT4G16990,0.0
2,Chr2_5469694.0,5469694,0.002480402,0,,,,
1,Chr1_17129153.0,17129153,0.002480778,0,,,,
4,Chr4_8981883.0,8981883,0.002481461,0,,,,
5,Chr5_544598.0,544598,0.002482051,1,AT5G02470,AT5G02470,AT5G02470,0.0
4,Chr4_14884524.0,14884524,0.002482075,0,,,,
3,Chr3_11882039.0,11882039,0.002482338,0,,,,
5,Chr5_186729.0,186729,0.002482733,1,AT5G01460,AT5G01460,AT5G01460,0.0
1,Chr1_1906131.0,1906131,0.002482895,1,AT1G06225,AT1G06225,AT1G06225,0.0
4,Chr4_5539156.0,5539156,0.002483261,0,,,,
4,Chr4_5539250.0,5539250,0.002483261,0,,,,
4,Chr4_5546371.0,5546371,0.002483261,0,,,,
4,Chr4_5546562.0,5546562,0.002483261,0,,,,
2,Chr2_16921019.0,16921019,0.002483271,0,,,,
1,Chr1_17275252.0,17275252,0.002483665,1,AT1G46984,AT1G46984,AT1G46984,0.0
3,Chr3_12190434.0,12190434,0.0024839,0,,,,
2,Chr2_19498247.0,19498247,0.002484656,0,,,,
3,Chr3_3089852.0,3089852,0.002484915,0,,,,
5,Chr5_17358629.0,17358629,0.002485134,0,,,,
5,Chr5_17359183.0,17359183,0.002485134,0,,,,
1,Chr1_4199263.0,4199263,0.002485279,1,AT1G12350,AT1G12350,AT1G12350,0.0
1,Chr1_4205077.0,4205077,0.002485279,1,AT1G12360,AT1G12360,AT1G12360,0.0
1,Chr1_4064002.0,4064002,0.002485518,0,,,,
3,Chr3_16621722.0,16621722,0.002485936,1,AT3G45300,AT3G45300,AT3G45300,0.0
3,Chr3_14945013.0,14945013,0.002486076,1,AT3G42850,AT3G42850,AT3G42850,0.0
5,Chr5_14650942.0,14650942,0.002486323,0,,,,
5,Chr5_14650946.0,14650946,0.002486323,0,,,,
5,Chr5_14650949.0,14650949,0.002486323,0,,,,
5,Chr5_14650950.0,14650950,0.002486323,0,,,,
5,Chr5_14650954.0,14650954,0.002486323,0,,,,
5,Chr5_14650956.0,14650956,0.002486323,0,,,,
5,Chr5_14650957.0,14650957,0.002486323,0,,,,
5,Chr5_14650980.0,14650980,0.002486323,0,,,,
5,Chr5_14650983.0,14650983,0.002486323,0,,,,
1,Chr1_4310655.0,4310655,0.002487071,0,,,,
1,Chr1_4310713.0,4310713,0.002487071,0,,,,
1,Chr1_3108328.0,3108328,0.002487332,0,,,,
3,Chr3_4634084.0,4634084,0.002487581,0,,,,
3,Chr3_8231353.0,8231353,0.002487581,0,,,,
1,Chr1_12695217.0,12695217,0.002488318,1,AT1G34650,AT1G34650,AT1G34650,0.0
5,Chr5_16041690.0,16041690,0.002488518,0,,,,
1,Chr1_23748978.0,23748978,0.002488861,1,AT1G64000,AT1G64000,AT1G64000,0.0
1,Chr1_23749498.0,23749498,0.002488861,0,,,,
1,Chr1_23749533.0,23749533,0.002488861,0,,,,
1,Chr1_23749544.0,23749544,0.002488861,0,,,,
1,Chr1_8253956.0,8253956,0.002489935,1,AT1G23240,AT1G23240,AT1G23240,0.0
1,Chr1_2318312.0,2318312,0.002490163,0,,,,
1,Chr1_2712999.0,2712999,0.002490248,1,AT1G08570,AT1G08570,AT1G08570,0.0
1,Chr1_19598552.0,19598552,0.002490723,0,,,,
1,Chr1_19599462.0,19599462,0.002490723,0,,,,
1,Chr1_19600092.0,19600092,0.002490723,0,,,,
2,Chr2_5592148.0,5592148,0.00249087,0,,,,
5,Chr5_4979913.0,4979913,0.002490876,0,,,,
5,Chr5_12251400.0,12251400,0.002490958,0,,,,
3,Chr3_18917076.0,18917076,0.002491025,1,AT3G50890,AT3G50890,AT3G50890,0.0
1,Chr1_29152697.0,29152697,0.002491953,0,,,,
1,Chr1_29155506.0,29155506,0.002491953,1,AT1G77600,AT1G77600,AT1G77600,0.0
5,Chr5_10731879.0,10731879,0.002492997,0,,,,
4,Chr4_17389990.0,17389990,0.002493385,0,,,,
4,Chr4_17393145.0,17393145,0.002493385,1,AT4G36910,AT4G36910,AT4G36910,0.0
2,Chr2_17413813.0,17413813,0.002493392,1,AT2G41740,AT2G41740,AT2G41740,0.0
2,Chr2_17413919.0,17413919,0.002493392,1,AT2G41740,AT2G41740,AT2G41740,0.0
3,Chr3_16721909.0,16721909,0.002494109,1,AT3G45560,AT3G45560,AT3G45560,0.0
3,Chr3_16721933.0,16721933,0.002494109,1,AT3G45560,AT3G45560,AT3G45560,0.0
4,Chr4_1054366.0,1054366,0.002494224,1,AT4G02400,AT4G02400,AT4G02400,0.0
3,Chr3_14078703.0,14078703,0.002494266,0,,,,
2,Chr2_6933492.0,6933492,0.002494706,1,AT2G15910,AT2G15910,AT2G15910,0.0
1,Chr1_170728.0,170728,0.002495174,1,AT1G01460,AT1G01460,AT1G01460,0.0
1,Chr1_4337608.0,4337608,0.002495806,1,AT1G12730,AT1G12730,AT1G12730,0.0
1,Chr1_4337609.0,4337609,0.002495806,1,AT1G12730,AT1G12730,AT1G12730,0.0
1,Chr1_4337874.0,4337874,0.002495806,0,,,,
4,Chr4_8302133.0,8302133,0.002496205,1,AT4G14420,AT4G14420,AT4G14420,0.0
2,Chr2_19554628.0,19554628,0.002496281,0,,,,
3,Chr3_13272792.0,13272792,0.002497191,0,,,,
3,Chr3_15847028.0,15847028,0.002498193,0,,,,
1,Chr1_29045883.0,29045883,0.00249828,1,AT1G77300,AT1G77300,AT1G77300,0.0
1,Chr1_17129310.0,17129310,0.002499183,0,,,,
1,Chr1_17129346.0,17129346,0.002499183,0,,,,
5,Chr5_21961911.0,21961911,0.002499426,0,,,,
1,Chr1_2103643.0,2103643,0.002500049,0,,,,
3,Chr3_11743257.0,11743257,0.002500086,0,,,,
4,Chr4_7999025.0,7999025,0.002500227,0,,,,
1,Chr1_22890459.0,22890459,0.00250043,0,,,,
3,Chr3_15044798.0,15044798,0.00250043,0,,,,
1,Chr1_22885637.0,22885637,0.002501016,0,,,,
5,Chr5_7214517.0,7214517,0.002501245,1,AT5G21274,AT5G21274,AT5G21274,0.0
4,Chr4_1120523.0,1120523,0.002502089,1,AT4G02550,AT4G02550,AT4G02550,0.0
5,Chr5_10793978.0,10793978,0.002502891,0,,,,
5,Chr5_22085998.0,22085998,0.002503199,1,AT5G54390,AT5G54390,AT5G54390,0.0
5,Chr5_22086150.0,22086150,0.002503199,1,AT5G54390,AT5G54390,AT5G54390,0.0
2,Chr2_6210288.0,6210288,0.002503577,0,,,,
2,Chr2_17412997.0,17412997,0.002503631,1,AT2G41740,AT2G41740,AT2G41740,0.0
2,Chr2_17413083.0,17413083,0.002503631,1,AT2G41740,AT2G41740,AT2G41740,0.0
2,Chr2_17413097.0,17413097,0.002503631,1,AT2G41740,AT2G41740,AT2G41740,0.0
2,Chr2_17413131.0,17413131,0.002503631,1,AT2G41740,AT2G41740,AT2G41740,0.0
2,Chr2_17414248.0,17414248,0.002503631,1,AT2G41740,AT2G41740,AT2G41740,0.0
2,Chr2_17414539.0,17414539,0.002503631,1,AT2G41740,AT2G41740,AT2G41740,0.0
2,Chr2_17415319.0,17415319,0.002503631,1,AT2G41740,AT2G41740,AT2G41740,0.0
5,Chr5_20125780.0,20125780,0.002503705,1,AT5G49580,AT5G49580,AT5G49580,0.0
1,Chr1_8540522.0,8540522,0.002503708,0,,,,
3,Chr3_3921200.0,3921200,0.002503802,1,AT3G12290,AT3G12290,AT3G12290,0.0
1,Chr1_7237131.0,7237131,0.002503978,0,,,,
1,Chr1_7237356.0,7237356,0.002503978,0,,,,
4,Chr4_7624672.0,7624672,0.002504577,0,,,,
1,Chr1_28693191.0,28693191,0.00250461,1,AT1G76480,AT1G76480,AT1G76480,0.0
4,Chr4_6420362.0,6420362,0.002504816,0,,,,
3,Chr3_12848685.0,12848685,0.002504917,0,,,,
4,Chr4_1688097.0,1688097,0.002505679,0,,,,
3,Chr3_1461460.0,1461460,0.002506826,1,AT3G05165,AT3G05165,AT3G05165,0.0
4,Chr4_4500510.0,4500510,0.002507009,0,,,,
3,Chr3_2094023.0,2094023,0.00250719,0,,,,
1,Chr1_3371001.0,3371001,0.002507224,1,AT1G10290,AT1G10290,AT1G10290,0.0
3,Chr3_20591493.0,20591493,0.00250897,0,,,,
2,Chr2_10210540.0,10210540,0.002508996,1,AT2G24000,AT2G24000,AT2G24000,0.0
5,Chr5_25736558.0,25736558,0.002509315,1,AT5G64360,AT5G64360,AT5G64360,0.0
1,Chr1_16677768.0,16677768,0.002509665,0,,,,
2,Chr2_6946388.0,6946388,0.002509835,0,,,,
5,Chr5_10685761.0,10685761,0.002509924,0,,,,
2,Chr2_10589311.0,10589311,0.002510821,0,,,,
4,Chr4_3032334.0,3032334,0.002511116,0,,,,
1,Chr1_9295841.0,9295841,0.00251188,1,AT1G26830,AT1G26830,AT1G26830,0.0
4,Chr4_5928473.0,5928473,0.002512112,0,,,,
4,Chr4_3684378.0,3684378,0.002512252,0,,,,
5,Chr5_21077674.0,21077674,0.002512705,0,,,,
1,Chr1_11123568.0,11123568,0.002513007,1,AT1G31160,AT1G31160,AT1G31160,0.0
2,Chr2_6159954.0,6159954,0.002513058,0,,,,
2,Chr2_9702739.0,9702739,0.002513228,0,,,,
1,Chr1_12188833.0,12188833,0.002513286,0,,,,
4,Chr4_6678151.0,6678151,0.0025135,0,,,,
1,Chr1_490020.0,490020,0.002513789,1,AT1G02405,AT1G02405,AT1G02405,0.0
1,Chr1_13573530.0,13573530,0.002514663,0,,,,
4,Chr4_8385279.0,8385279,0.002514664,0,,,,
5,Chr5_25690357.0,25690357,0.002515234,1,AT5G64220,AT5G64220,AT5G64220,0.0
4,Chr4_2865601.0,2865601,0.002515448,0,,,,
4,Chr4_3787188.0,3787188,0.00251545,0,,,,
1,Chr1_4872488.0,4872488,0.002516102,0,,,,
4,Chr4_100951.0,100951,0.00251613,1,AT4G00234,AT4G00234,AT4G00234,0.0
4,Chr4_14563697.0,14563697,0.00251617,1,AT4G29735,AT4G29735,AT4G29735,0.0
2,Chr2_19093361.0,19093361,0.0025176,0,,,,
5,Chr5_10694178.0,10694178,0.002517847,0,,,,
3,Chr3_12200238.0,12200238,0.002519158,0,,,,
1,Chr1_4348628.0,4348628,0.00251965,1,AT1G12760,AT1G12760,AT1G12760,0.0
1,Chr1_4348629.0,4348629,0.00251965,1,AT1G12760,AT1G12760,AT1G12760,0.0
1,Chr1_4348630.0,4348630,0.00251965,1,AT1G12760,AT1G12760,AT1G12760,0.0
1,Chr1_4348631.0,4348631,0.00251965,1,AT1G12760,AT1G12760,AT1G12760,0.0
1,Chr1_20401897.0,20401897,0.002519784,1,AT1G54630,AT1G54630,AT1G54630,0.0
1,Chr1_625340.0,625340,0.002521404,1,AT1G02830,AT1G02830,AT1G02830,0.0
2,Chr2_4055343.0,4055343,0.002521405,0,,,,
4,Chr4_15955644.0,15955644,0.002521496,0,,,,
4,Chr4_15955686.0,15955686,0.002521496,0,,,,
5,Chr5_12573740.0,12573740,0.002521505,0,,,,
2,Chr2_2413179.0,2413179,0.002521716,0,,,,
2,Chr2_15058225.0,15058225,0.002522392,0,,,,
2,Chr2_15058228.0,15058228,0.002522392,0,,,,
4,Chr4_4373798.0,4373798,0.002522985,0,,,,
3,Chr3_18041426.0,18041426,0.002524834,1,AT3G48710,AT3G48710,AT3G48710,0.0
3,Chr3_16700163.0,16700163,0.002525207,0,,,,
1,Chr1_7161943.0,7161943,0.00252543,0,,,,
1,Chr1_17073710.0,17073710,0.002526113,0,,,,
4,Chr4_18204636.0,18204636,0.002526409,0,,,,
1,Chr1_15610409.0,15610409,0.002526451,0,,,,
1,Chr1_4584121.0,4584121,0.002526605,0,,,,
4,Chr4_6870342.0,6870342,0.002526616,1,AT4G11290,AT4G11290,AT4G11290,0.0
5,Chr5_13715798.0,13715798,0.002526836,0,,,,
4,Chr4_6141281.0,6141281,0.002527322,0,,,,
5,Chr5_11823842.0,11823842,0.002528588,0,,,,
2,Chr2_9767718.0,9767718,0.002528696,1,AT2G22950,AT2G22950,AT2G22950,0.0
5,Chr5_26368151.0,26368151,0.002528746,0,,,,
4,Chr4_10854240.0,10854240,0.002529467,0,,,,
4,Chr4_10855060.0,10855060,0.002529467,1,AT4G20060,AT4G20060,AT4G20060,0.0
4,Chr4_10857377.0,10857377,0.002529467,1,AT4G20060,AT4G20060,AT4G20060,0.0
4,Chr4_8433791.0,8433791,0.002529616,1,AT4G14720,AT4G14720,AT4G14720,0.0
1,Chr1_17290124.0,17290124,0.002529768,0,,,,
1,Chr1_788862.0,788862,0.002531172,0,,,,
1,Chr1_11311264.0,11311264,0.002531233,1,AT1G31580,AT1G31580,AT1G31580,0.0
2,Chr2_15992434.0,15992434,0.002531842,1,AT2G38170,AT2G38170,AT2G38170,0.0
4,Chr4_3827174.0,3827174,0.002532798,0,,,,
2,Chr2_6746794.0,6746794,0.002533987,0,,,,
4,Chr4_2973721.0,2973721,0.002534511,0,,,,
4,Chr4_1120751.0,1120751,0.002534807,1,AT4G02550,AT4G02550,AT4G02550,0.0
1,Chr1_11267272.0,11267272,0.002535037,1,AT1G31480,AT1G31480,AT1G31480,0.0
1,Chr1_11269671.0,11269671,0.002535037,1,AT1G31480,AT1G31480,AT1G31480,0.0
1,Chr1_11271329.0,11271329,0.002535037,2,AT1G31480;AT1G31490,AT1G31480,AT1G31480,0.0
1,Chr1_11279642.0,11279642,0.002535037,0,,,,
1,Chr1_11279733.0,11279733,0.002535037,0,,,,
3,Chr3_22725910.0,22725910,0.002535064,1,AT3G61415,AT3G61415,AT3G61415,0.0
3,Chr3_18029658.0,18029658,0.002535138,0,,,,
1,Chr1_3344005.0,3344005,0.002535302,1,AT1G10190,AT1G10190,AT1G10190,0.0
5,Chr5_10242001.0,10242001,0.002536461,0,,,,
4,Chr4_18395204.0,18395204,0.002536536,0,,,,
4,Chr4_18395234.0,18395234,0.002536536,0,,,,
4,Chr4_18395237.0,18395237,0.002536536,0,,,,
1,Chr1_23650513.0,23650513,0.002538159,0,,,,
1,Chr1_23650518.0,23650518,0.002538159,0,,,,
4,Chr4_5933157.0,5933157,0.002538801,0,,,,
4,Chr4_15507746.0,15507746,0.002539045,0,,,,
4,Chr4_6111964.0,6111964,0.002539375,0,,,,
1,Chr1_29045671.0,29045671,0.00253948,1,AT1G77300,AT1G77300,AT1G77300,0.0
1,Chr1_15526477.0,15526477,0.002539622,0,,,,
1,Chr1_4416234.0,4416234,0.00254039,0,,,,
4,Chr4_11832436.0,11832436,0.002540979,0,,,,
4,Chr4_11832456.0,11832456,0.002540979,0,,,,
4,Chr4_8139413.0,8139413,0.00254099,0,,,,
4,Chr4_13625354.0,13625354,0.002541267,0,,,,
4,Chr4_8304673.0,8304673,0.002542701,1,AT4G14430,AT4G14430,AT4G14430,0.0
2,Chr2_6171020.0,6171020,0.002543009,0,,,,
4,Chr4_15287308.0,15287308,0.002543451,0,,,,
4,Chr4_15256206.0,15256206,0.002544236,1,AT4G31450,AT4G31450,AT4G31450,0.0
4,Chr4_1048729.0,1048729,0.002545035,0,,,,
2,Chr2_19023032.0,19023032,0.002545218,1,AT2G46340,AT2G46340,AT2G46340,0.0
1,Chr1_18136468.0,18136468,0.002545249,0,,,,
2,Chr2_18862737.0,18862737,0.002547878,1,AT2G45810,AT2G45810,AT2G45810,0.0
2,Chr2_18383795.0,18383795,0.002547888,1,AT2G44530,AT2G44530,AT2G44530,0.0
5,Chr5_4165407.0,4165407,0.002547948,0,,,,
4,Chr4_1091845.0,1091845,0.002549409,0,,,,
4,Chr4_8722762.0,8722762,0.00254945,1,AT4G15290,AT4G15290,AT4G15290,0.0
4,Chr4_8722773.0,8722773,0.00254945,1,AT4G15290,AT4G15290,AT4G15290,0.0
4,Chr4_8722781.0,8722781,0.00254945,1,AT4G15290,AT4G15290,AT4G15290,0.0
2,Chr2_14907588.0,14907588,0.002549608,0,,,,
3,Chr3_19181958.0,19181958,0.002549724,0,,,,
2,Chr2_5415855.0,5415855,0.002549858,0,,,,
1,Chr1_21538457.0,21538457,0.002550951,1,AT1G58180,AT1G58180,AT1G58180,0.0
5,Chr5_7800839.0,7800839,0.002551061,0,,,,
3,Chr3_15272165.0,15272165,0.002551345,0,,,,
3,Chr3_15272451.0,15272451,0.002551345,0,,,,
3,Chr3_3140225.0,3140225,0.002552246,1,AT3G10160,AT3G10160,AT3G10160,0.0
5,Chr5_454411.0,454411,0.002552493,0,,,,
5,Chr5_459065.0,459065,0.002552493,1,AT5G02250,AT5G02250,AT5G02250,0.0
5,Chr5_460898.0,460898,0.002552493,0,,,,
2,Chr2_10207895.0,10207895,0.002553047,1,AT2G23990,AT2G23990,AT2G23990,0.0
2,Chr2_10207926.0,10207926,0.002553047,0,,,,
2,Chr2_10207947.0,10207947,0.002553047,0,,,,
1,Chr1_29385200.0,29385200,0.002553895,0,,,,
2,Chr2_6974910.0,6974910,0.002554243,0,,,,
3,Chr3_4553600.0,4553600,0.002554604,0,,,,
4,Chr4_743205.0,743205,0.002555536,0,,,,
2,Chr2_7499132.0,7499132,0.002556459,1,AT2G17240,AT2G17240,AT2G17240,0.0
2,Chr2_7499264.0,7499264,0.002556459,0,,,,
3,Chr3_15406656.0,15406656,0.002557482,1,AT3G43520,AT3G43520,AT3G43520,0.0
3,Chr3_15406671.0,15406671,0.002557482,1,AT3G43520,AT3G43520,AT3G43520,0.0
3,Chr3_15407108.0,15407108,0.002557482,1,AT3G43520,AT3G43520,AT3G43520,0.0
4,Chr4_3403614.0,3403614,0.00255838,0,,,,
4,Chr4_4139454.0,4139454,0.00255838,0,,,,
4,Chr4_4163209.0,4163209,0.00255838,0,,,,
4,Chr4_18434985.0,18434985,0.002558425,0,,,,
2,Chr2_6028696.0,6028696,0.002558438,0,,,,
3,Chr3_21773787.0,21773787,0.002558868,1,AT3G58900,AT3G58900,AT3G58900,0.0
2,Chr2_19032747.0,19032747,0.002559197,0,,,,
4,Chr4_8774922.0,8774922,0.002560138,1,AT4G15370,AT4G15370,AT4G15370,0.0
4,Chr4_9981058.0,9981058,0.002560245,0,,,,
3,Chr3_12420357.0,12420357,0.002560689,0,,,,
3,Chr3_12420461.0,12420461,0.002560689,0,,,,
3,Chr3_12420529.0,12420529,0.002560689,0,,,,
3,Chr3_12420552.0,12420552,0.002560689,0,,,,
3,Chr3_12420583.0,12420583,0.002560689,0,,,,
3,Chr3_12420593.0,12420593,0.002560689,0,,,,
1,Chr1_7432892.0,7432892,0.00256071,0,,,,
3,Chr3_11743783.0,11743783,0.002561628,0,,,,
3,Chr3_16286410.0,16286410,0.002561981,1,AT3G44730,AT3G44730,AT3G44730,0.0
2,Chr2_6158375.0,6158375,0.002562552,0,,,,
2,Chr2_6159037.0,6159037,0.002562552,0,,,,
3,Chr3_18478045.0,18478045,0.002562694,0,,,,
5,Chr5_10147494.0,10147494,0.002562757,0,,,,
4,Chr4_2528148.0,2528148,0.002562775,0,,,,
4,Chr4_2528200.0,2528200,0.002562775,0,,,,
4,Chr4_2528552.0,2528552,0.002562775,0,,,,
4,Chr4_2529330.0,2529330,0.002562775,0,,,,
1,Chr1_1652493.0,1652493,0.002562825,1,AT1G05570,AT1G05570,AT1G05570,0.0
3,Chr3_2094066.0,2094066,0.002563713,0,,,,
3,Chr3_2094067.0,2094067,0.002563713,0,,,,
3,Chr3_2094074.0,2094074,0.002563713,0,,,,
3,Chr3_2094270.0,2094270,0.002563713,0,,,,
3,Chr3_2094279.0,2094279,0.002563713,0,,,,
3,Chr3_2094307.0,2094307,0.002563713,0,,,,
5,Chr5_21170887.0,21170887,0.002563814,1,AT5G52100,AT5G52100,AT5G52100,0.0
4,Chr4_351549.0,351549,0.002564208,1,AT4G00820,AT4G00820,AT4G00820,0.0
1,Chr1_27257478.0,27257478,0.002564503,0,,,,
5,Chr5_11510582.0,11510582,0.002564574,0,,,,
1,Chr1_646047.0,646047,0.002564667,1,AT1G02890,AT1G02890,AT1G02890,0.0
1,Chr1_646053.0,646053,0.002564667,1,AT1G02890,AT1G02890,AT1G02890,0.0
1,Chr1_10540332.0,10540332,0.002564699,0,,,,
1,Chr1_7452152.0,7452152,0.00256516,0,,,,
5,Chr5_21048410.0,21048410,0.002565233,1,AT5G51800,AT5G51800,AT5G51800,0.0
2,Chr2_12782009.0,12782009,0.002565443,1,AT2G29980,AT2G29980,AT2G29980,0.0
2,Chr2_12782010.0,12782010,0.002565443,1,AT2G29980,AT2G29980,AT2G29980,0.0
2,Chr2_12782017.0,12782017,0.002565443,1,AT2G29980,AT2G29980,AT2G29980,0.0
2,Chr2_12782021.0,12782021,0.002565443,1,AT2G29980,AT2G29980,AT2G29980,0.0
2,Chr2_12782033.0,12782033,0.002565443,1,AT2G29980,AT2G29980,AT2G29980,0.0
2,Chr2_12782037.0,12782037,0.002565443,1,AT2G29980,AT2G29980,AT2G29980,0.0
3,Chr3_17562277.0,17562277,0.002565597,0,,,,
3,Chr3_17562278.0,17562278,0.002565597,0,,,,
3,Chr3_17562280.0,17562280,0.002565597,0,,,,
3,Chr3_17562281.0,17562281,0.002565597,0,,,,
3,Chr3_17562282.0,17562282,0.002565597,0,,,,
4,Chr4_11028982.0,11028982,0.002565829,1,AT4G20450,AT4G20450,AT4G20450,0.0
3,Chr3_11741253.0,11741253,0.002566512,0,,,,
3,Chr3_22215421.0,22215421,0.002566588,0,,,,
5,Chr5_26298817.0,26298817,0.00256668,0,,,,
4,Chr4_17969723.0,17969723,0.002567142,1,AT4G38360,AT4G38360,AT4G38360,0.0
5,Chr5_13526369.0,13526369,0.002567513,0,,,,
5,Chr5_25759304.0,25759304,0.002567673,1,AT5G64420,AT5G64420,AT5G64420,0.0
5,Chr5_25760218.0,25760218,0.002567673,1,AT5G64420,AT5G64420,AT5G64420,0.0
3,Chr3_15808209.0,15808209,0.002568168,0,,,,
1,Chr1_4416093.0,4416093,0.00256908,0,,,,
1,Chr1_5556754.0,5556754,0.002569871,1,AT1G16240,AT1G16240,AT1G16240,0.0
1,Chr1_5556757.0,5556757,0.002569871,1,AT1G16240,AT1G16240,AT1G16240,0.0
5,Chr5_2240863.0,2240863,0.002570041,0,,,,
4,Chr4_7367840.0,7367840,0.002570182,2,AT4G12430;AT4G12432,AT4G12430,AT4G12430,0.0
3,Chr3_12488463.0,12488463,0.002570272,0,,,,
4,Chr4_8722322.0,8722322,0.002570356,1,AT4G15290,AT4G15290,AT4G15290,0.0
4,Chr4_8722323.0,8722323,0.002570356,1,AT4G15290,AT4G15290,AT4G15290,0.0
4,Chr4_8722333.0,8722333,0.002570356,1,AT4G15290,AT4G15290,AT4G15290,0.0
4,Chr4_8722349.0,8722349,0.002570356,1,AT4G15290,AT4G15290,AT4G15290,0.0
4,Chr4_8722636.0,8722636,0.002570356,1,AT4G15290,AT4G15290,AT4G15290,0.0
3,Chr3_4571184.0,4571184,0.002570527,1,AT3G13870,AT3G13870,AT3G13870,0.0
1,Chr1_4737882.0,4737882,0.002571417,0,,,,
2,Chr2_13316533.0,13316533,0.002571829,0,,,,
4,Chr4_11437967.0,11437967,0.00257199,1,AT4G21490,AT4G21490,AT4G21490,0.0
4,Chr4_17539763.0,17539763,0.002572899,0,,,,
3,Chr3_9634509.0,9634509,0.002573134,0,,,,
3,Chr3_12640310.0,12640310,0.002573205,0,,,,
3,Chr3_12068162.0,12068162,0.00257378,0,,,,
4,Chr4_18006605.0,18006605,0.002573888,1,AT4G38490,AT4G38490,AT4G38490,0.0
4,Chr4_4354725.0,4354725,0.00257473,0,,,,
3,Chr3_18544892.0,18544892,0.002575115,0,,,,
3,Chr3_3379673.0,3379673,0.002575251,1,AT3G10800,AT3G10800,AT3G10800,0.0
5,Chr5_10667615.0,10667615,0.002576523,0,,,,
3,Chr3_11177600.0,11177600,0.00257688,0,,,,
3,Chr3_8810775.0,8810775,0.002577135,0,,,,
3,Chr3_8810811.0,8810811,0.002577135,0,,,,
3,Chr3_8810824.0,8810824,0.002577135,0,,,,
3,Chr3_8810857.0,8810857,0.002577135,0,,,,
3,Chr3_8810858.0,8810858,0.002577135,0,,,,
3,Chr3_8810874.0,8810874,0.002577135,0,,,,
3,Chr3_8810908.0,8810908,0.002577135,0,,,,
3,Chr3_8810909.0,8810909,0.002577135,0,,,,
5,Chr5_9822470.0,9822470,0.002577534,1,AT5G27730,AT5G27730,AT5G27730,0.0
5,Chr5_9824430.0,9824430,0.002577534,1,AT5G27740,AT5G27740,AT5G27740,0.0
5,Chr5_9825662.0,9825662,0.002577534,1,AT5G27740,AT5G27740,AT5G27740,0.0
5,Chr5_9830635.0,9830635,0.002577534,1,AT5G27760,AT5G27760,AT5G27760,0.0
5,Chr5_9831741.0,9831741,0.002577534,1,AT5G27760,AT5G27760,AT5G27760,0.0
5,Chr5_13716531.0,13716531,0.002577563,0,,,,
4,Chr4_8790584.0,8790584,0.002577733,0,,,,
4,Chr4_6793148.0,6793148,0.002578036,0,,,,
4,Chr4_15262022.0,15262022,0.002578662,1,AT4G31470,AT4G31470,AT4G31470,0.0
5,Chr5_20346202.0,20346202,0.002579367,0,,,,
3,Chr3_14272566.0,14272566,0.002579434,0,,,,
3,Chr3_14272574.0,14272574,0.002579434,0,,,,
3,Chr3_12241021.0,12241021,0.002580281,0,,,,
3,Chr3_12241022.0,12241022,0.002580281,0,,,,
1,Chr1_1333687.0,1333687,0.002580547,0,,,,
1,Chr1_19963241.0,19963241,0.002580606,1,AT1G53480,AT1G53480,AT1G53480,0.0
5,Chr5_10677449.0,10677449,0.00258088,0,,,,
5,Chr5_8326578.0,8326578,0.00258215,1,AT5G24380,AT5G24380,AT5G24380,0.0
2,Chr2_7935619.0,7935619,0.002582327,1,AT2G18240,AT2G18240,AT2G18240,0.0
5,Chr5_23214138.0,23214138,0.002582348,1,AT5G57320,AT5G57320,AT5G57320,0.0
5,Chr5_23217719.0,23217719,0.002582348,0,,,,
5,Chr5_23221378.0,23221378,0.002582348,0,,,,
4,Chr4_9278741.0,9278741,0.002582399,0,,,,
1,Chr1_19501866.0,19501866,0.002584054,1,AT1G52360,AT1G52360,AT1G52360,0.0
1,Chr1_23029837.0,23029837,0.002584425,0,,,,
2,Chr2_5618087.0,5618087,0.002584703,0,,,,
2,Chr2_5436213.0,5436213,0.002584983,0,,,,
2,Chr2_5469489.0,5469489,0.002584983,0,,,,
2,Chr2_5506444.0,5506444,0.002584983,0,,,,
4,Chr4_11870986.0,11870986,0.002585129,0,,,,
2,Chr2_4859843.0,4859843,0.002585388,0,,,,
4,Chr4_17548700.0,17548700,0.002585853,1,AT4G37280,AT4G37280,AT4G37280,0.0
4,Chr4_17548701.0,17548701,0.002585853,1,AT4G37280,AT4G37280,AT4G37280,0.0
4,Chr4_17548710.0,17548710,0.002585853,1,AT4G37280,AT4G37280,AT4G37280,0.0
4,Chr4_6141162.0,6141162,0.002586389,0,,,,
4,Chr4_6141255.0,6141255,0.002586389,0,,,,
4,Chr4_6143018.0,6143018,0.002586389,1,AT4G09740,AT4G09740,AT4G09740,0.0
4,Chr4_6143213.0,6143213,0.002586389,1,AT4G09740,AT4G09740,AT4G09740,0.0
4,Chr4_6143559.0,6143559,0.002586389,1,AT4G09740,AT4G09740,AT4G09740,0.0
1,Chr1_24646052.0,24646052,0.002586399,0,,,,
4,Chr4_2725730.0,2725730,0.002587737,1,AT4G05340,AT4G05340,AT4G05340,0.0
4,Chr4_7236235.0,7236235,0.002587889,0,,,,
2,Chr2_18372647.0,18372647,0.002589686,0,,,,
2,Chr2_18388194.0,18388194,0.002589686,0,,,,
4,Chr4_17263998.0,17263998,0.002589745,1,AT4G36600,AT4G36600,AT4G36600,0.0
4,Chr4_7227242.0,7227242,0.002589801,0,,,,
4,Chr4_7227259.0,7227259,0.002589801,0,,,,
4,Chr4_7227281.0,7227281,0.002589801,0,,,,
4,Chr4_7227283.0,7227283,0.002589801,0,,,,
4,Chr4_7227308.0,7227308,0.002589801,0,,,,
4,Chr4_7227352.0,7227352,0.002589801,0,,,,
4,Chr4_7227441.0,7227441,0.002589801,0,,,,
4,Chr4_12019431.0,12019431,0.002590408,1,AT4G22930,AT4G22930,AT4G22930,0.0
1,Chr1_1638685.0,1638685,0.002590801,0,,,,
5,Chr5_19454048.0,19454048,0.002591114,0,,,,
1,Chr1_29226809.0,29226809,0.00259179,0,,,,
4,Chr4_11025406.0,11025406,0.002591842,1,AT4G20450,AT4G20450,AT4G20450,0.0
4,Chr4_11025426.0,11025426,0.002591842,1,AT4G20450,AT4G20450,AT4G20450,0.0
1,Chr1_29376251.0,29376251,0.002591858,1,AT1G78090,AT1G78090,AT1G78090,0.0
1,Chr1_29376600.0,29376600,0.002591858,0,,,,
2,Chr2_5145881.0,5145881,0.002592652,0,,,,
2,Chr2_7444150.0,7444150,0.002593269,1,AT2G17110,AT2G17110,AT2G17110,0.0
2,Chr2_19047005.0,19047005,0.00259396,0,,,,
5,Chr5_21845757.0,21845757,0.002594269,0,,,,
1,Chr1_17448452.0,17448452,0.002594316,0,,,,
5,Chr5_26415709.0,26415709,0.002594745,0,,,,
4,Chr4_2725249.0,2725249,0.002596341,0,,,,
4,Chr4_5346568.0,5346568,0.002597443,0,,,,
5,Chr5_7483856.0,7483856,0.002598697,0,,,,
1,Chr1_13293855.0,13293855,0.002598698,0,,,,
1,Chr1_13295755.0,13295755,0.002598698,0,,,,
1,Chr1_17573459.0,17573459,0.002598956,0,,,,
1,Chr1_17617656.0,17617656,0.002598956,1,AT1G47840,AT1G47840,AT1G47840,0.0
4,Chr4_14568755.0,14568755,0.002599004,1,AT4G29740,AT4G29740,AT4G29740,0.0
3,Chr3_21324432.0,21324432,0.002599471,0,,,,
3,Chr3_12164191.0,12164191,0.002600239,0,,,,
4,Chr4_5612268.0,5612268,0.00260079,0,,,,
4,Chr4_76985.0,76985,0.002601396,0,,,,
4,Chr4_79801.0,79801,0.002601396,0,,,,
1,Chr1_8349300.0,8349300,0.002601568,1,AT1G23540,AT1G23540,AT1G23540,0.0
4,Chr4_1240195.0,1240195,0.002601636,1,AT4G02780,AT4G02780,AT4G02780,0.0
5,Chr5_10629382.0,10629382,0.002601822,0,,,,
1,Chr1_3335236.0,3335236,0.002602221,1,AT1G10170,AT1G10170,AT1G10170,0.0
1,Chr1_3335544.0,3335544,0.002602221,1,AT1G10170,AT1G10170,AT1G10170,0.0
1,Chr1_3335559.0,3335559,0.002602221,1,AT1G10170,AT1G10170,AT1G10170,0.0
1,Chr1_3336403.0,3336403,0.002602221,1,AT1G10170,AT1G10170,AT1G10170,0.0
1,Chr1_3336700.0,3336700,0.002602221,1,AT1G10170,AT1G10170,AT1G10170,0.0
1,Chr1_3336796.0,3336796,0.002602221,1,AT1G10170,AT1G10170,AT1G10170,0.0
1,Chr1_3336798.0,3336798,0.002602221,1,AT1G10170,AT1G10170,AT1G10170,0.0
1,Chr1_3336913.0,3336913,0.002602221,1,AT1G10170,AT1G10170,AT1G10170,0.0
1,Chr1_3336973.0,3336973,0.002602221,1,AT1G10170,AT1G10170,AT1G10170,0.0
1,Chr1_3337024.0,3337024,0.002602221,1,AT1G10170,AT1G10170,AT1G10170,0.0
1,Chr1_3337083.0,3337083,0.002602221,1,AT1G10170,AT1G10170,AT1G10170,0.0
1,Chr1_3337136.0,3337136,0.002602221,1,AT1G10170,AT1G10170,AT1G10170,0.0
1,Chr1_29164892.0,29164892,0.002603402,0,,,,
1,Chr1_10860971.0,10860971,0.002604755,1,AT1G30640,AT1G30640,AT1G30640,0.0
5,Chr5_18909733.0,18909733,0.002604816,1,AT5G46600,AT5G46600,AT5G46600,0.0
5,Chr5_5512363.0,5512363,0.002604902,0,,,,
3,Chr3_23100499.0,23100499,0.002605218,0,,,,
5,Chr5_20174802.0,20174802,0.002605773,0,,,,
1,Chr1_19531597.0,19531597,0.00260594,1,AT1G52430,AT1G52430,AT1G52430,0.0
1,Chr1_1202639.0,1202639,0.002606128,1,AT1G04440,AT1G04440,AT1G04440,0.0
2,Chr2_5263683.0,5263683,0.00260633,0,,,,
3,Chr3_14614658.0,14614658,0.00260661,0,,,,
3,Chr3_14614676.0,14614676,0.00260661,0,,,,
5,Chr5_10808582.0,10808582,0.002606828,0,,,,
3,Chr3_16549765.0,16549765,0.002606838,0,,,,
5,Chr5_7215346.0,7215346,0.002608389,1,AT5G21274,AT5G21274,AT5G21274,0.0
5,Chr5_7215362.0,7215362,0.002608389,1,AT5G21274,AT5G21274,AT5G21274,0.0
5,Chr5_7215378.0,7215378,0.002608389,1,AT5G21274,AT5G21274,AT5G21274,0.0
5,Chr5_7215418.0,7215418,0.002608389,1,AT5G21274,AT5G21274,AT5G21274,0.0
5,Chr5_7215422.0,7215422,0.002608389,1,AT5G21274,AT5G21274,AT5G21274,0.0
5,Chr5_7215556.0,7215556,0.002608389,1,AT5G21274,AT5G21274,AT5G21274,0.0
5,Chr5_7215584.0,7215584,0.002608389,1,AT5G21274,AT5G21274,AT5G21274,0.0
5,Chr5_7215642.0,7215642,0.002608389,1,AT5G21274,AT5G21274,AT5G21274,0.0
5,Chr5_7215643.0,7215643,0.002608389,1,AT5G21274,AT5G21274,AT5G21274,0.0
5,Chr5_7215651.0,7215651,0.002608389,1,AT5G21274,AT5G21274,AT5G21274,0.0
4,Chr4_674822.0,674822,0.002609751,1,AT4G01550,AT4G01550,AT4G01550,0.0
1,Chr1_4274784.0,4274784,0.002610853,1,AT1G12550,AT1G12550,AT1G12550,0.0
3,Chr3_2382008.0,2382008,0.002611058,1,AT3G07440,AT3G07440,AT3G07440,0.0
2,Chr2_2581516.0,2581516,0.002611272,1,AT2G06500,AT2G06500,AT2G06500,0.0
3,Chr3_20568374.0,20568374,0.002611399,1,AT3G55480,AT3G55480,AT3G55480,0.0
4,Chr4_5395756.0,5395756,0.002611759,0,,,,
1,Chr1_22627440.0,22627440,0.002612198,0,,,,
4,Chr4_15969175.0,15969175,0.002612219,1,AT4G33090,AT4G33090,AT4G33090,0.0
4,Chr4_15975341.0,15975341,0.002612219,0,,,,
4,Chr4_15975539.0,15975539,0.002612219,1,AT4G33120,AT4G33120,AT4G33120,0.0
4,Chr4_15975561.0,15975561,0.002612219,1,AT4G33120,AT4G33120,AT4G33120,0.0
4,Chr4_15976859.0,15976859,0.002612219,1,AT4G33120,AT4G33120,AT4G33120,0.0
2,Chr2_1108542.0,1108542,0.002612452,0,,,,
2,Chr2_10058928.0,10058928,0.002612494,1,AT2G23640,AT2G23640,AT2G23640,0.0
1,Chr1_24724916.0,24724916,0.002612873,0,,,,
4,Chr4_2402388.0,2402388,0.002613333,0,,,,
2,Chr2_7023161.0,7023161,0.002613879,0,,,,
5,Chr5_21041025.0,21041025,0.002613962,0,,,,
2,Chr2_5589621.0,5589621,0.002615424,0,,,,
2,Chr2_5589632.0,5589632,0.002615424,0,,,,
5,Chr5_22173736.0,22173736,0.002615583,0,,,,
5,Chr5_22174899.0,22174899,0.002615583,0,,,,
3,Chr3_16828686.0,16828686,0.002616007,0,,,,
1,Chr1_6475123.0,6475123,0.002616519,1,AT1G18773,AT1G18773,AT1G18773,0.0
5,Chr5_10754741.0,10754741,0.002616768,0,,,,
1,Chr1_3373298.0,3373298,0.002616793,1,AT1G10290,AT1G10290,AT1G10290,0.0
4,Chr4_511089.0,511089,0.00261827,1,AT4G01210,AT4G01210,AT4G01210,0.0
5,Chr5_10726517.0,10726517,0.002618829,0,,,,
5,Chr5_10726551.0,10726551,0.002618829,0,,,,
5,Chr5_10726949.0,10726949,0.002618829,0,,,,
5,Chr5_10727091.0,10727091,0.002618829,0,,,,
5,Chr5_10727596.0,10727596,0.002618829,0,,,,
5,Chr5_10727694.0,10727694,0.002618829,0,,,,
5,Chr5_10727917.0,10727917,0.002618829,0,,,,
5,Chr5_10728243.0,10728243,0.002618829,0,,,,
5,Chr5_10728250.0,10728250,0.002618829,0,,,,
5,Chr5_10728355.0,10728355,0.002618829,0,,,,
5,Chr5_10728458.0,10728458,0.002618829,0,,,,
5,Chr5_10729321.0,10729321,0.002618829,0,,,,
5,Chr5_10730181.0,10730181,0.002618829,0,,,,
5,Chr5_10730229.0,10730229,0.002618829,0,,,,
5,Chr5_10731245.0,10731245,0.002618829,0,,,,
5,Chr5_10731288.0,10731288,0.002618829,0,,,,
5,Chr5_10731701.0,10731701,0.002618829,0,,,,
3,Chr3_18033458.0,18033458,0.00261913,1,AT3G48670,AT3G48670,AT3G48670,0.0
1,Chr1_1087325.0,1087325,0.002620499,1,AT1G04160,AT1G04160,AT1G04160,0.0
1,Chr1_1095487.0,1095487,0.002620499,1,AT1G04160,AT1G04160,AT1G04160,0.0
3,Chr3_626632.0,626632,0.002621725,1,AT3G02860,AT3G02860,AT3G02860,0.0
2,Chr2_9994292.0,9994292,0.002622537,0,,,,
1,Chr1_8291872.0,8291872,0.002623177,0,,,,
1,Chr1_23749981.0,23749981,0.002623187,0,,,,
4,Chr4_15958035.0,15958035,0.002623271,0,,,,
1,Chr1_29515325.0,29515325,0.002623376,0,,,,
3,Chr3_16626290.0,16626290,0.002623804,0,,,,
4,Chr4_3856025.0,3856025,0.002623944,0,,,,
4,Chr4_3856033.0,3856033,0.002623944,0,,,,
4,Chr4_3856045.0,3856045,0.002623944,0,,,,
4,Chr4_3856055.0,3856055,0.002623944,0,,,,
4,Chr4_2292099.0,2292099,0.002624275,1,AT4G04570,AT4G04570,AT4G04570,0.0
2,Chr2_14994627.0,14994627,0.002624609,1,AT2G35670,AT2G35670,AT2G35670,0.0
3,Chr3_15082066.0,15082066,0.002624678,0,,,,
3,Chr3_1060091.0,1060091,0.002624682,0,,,,
3,Chr3_1060411.0,1060411,0.002624682,0,,,,
3,Chr3_1060451.0,1060451,0.002624682,0,,,,
2,Chr2_1303043.0,1303043,0.002625052,0,,,,
3,Chr3_12848769.0,12848769,0.002625758,0,,,,
3,Chr3_15413084.0,15413084,0.002625843,0,,,,
3,Chr3_9677286.0,9677286,0.002627804,1,AT3G26440,AT3G26440,AT3G26440,0.0
3,Chr3_9677327.0,9677327,0.002627804,1,AT3G26440,AT3G26440,AT3G26440,0.0
1,Chr1_3231376.0,3231376,0.00262783,1,AT1G09932,AT1G09932,AT1G09932,0.0
3,Chr3_20657105.0,20657105,0.002628249,0,,,,
2,Chr2_19646366.0,19646366,0.002629775,1,AT2G48020,AT2G48020,AT2G48020,0.0
1,Chr1_28693123.0,28693123,0.002629843,1,AT1G76480,AT1G76480,AT1G76480,0.0
1,Chr1_28693146.0,28693146,0.002629843,1,AT1G76480,AT1G76480,AT1G76480,0.0
2,Chr2_6737100.0,6737100,0.002630775,0,,,,
2,Chr2_6737154.0,6737154,0.002630775,0,,,,
2,Chr2_6737155.0,6737155,0.002630775,0,,,,
3,Chr3_3124330.0,3124330,0.002630856,0,,,,
3,Chr3_3125108.0,3125108,0.002630856,0,,,,
3,Chr3_3125724.0,3125724,0.002630856,0,,,,
3,Chr3_3127328.0,3127328,0.002630856,0,,,,
2,Chr2_4433010.0,4433010,0.002631229,0,,,,
3,Chr3_14357257.0,14357257,0.002631973,0,,,,
4,Chr4_6346340.0,6346340,0.00263201,0,,,,
4,Chr4_6346342.0,6346342,0.00263201,0,,,,
2,Chr2_13866580.0,13866580,0.002633014,0,,,,
3,Chr3_15431602.0,15431602,0.002633995,1,AT3G43540,AT3G43540,AT3G43540,0.0
5,Chr5_19573197.0,19573197,0.002634944,0,,,,
5,Chr5_19573378.0,19573378,0.002634944,0,,,,
5,Chr5_19576424.0,19576424,0.002634944,1,AT5G48310,AT5G48310,AT5G48310,0.0
5,Chr5_19579693.0,19579693,0.002634944,1,AT5G48310,AT5G48310,AT5G48310,0.0
5,Chr5_9791465.0,9791465,0.002635433,1,AT5G27660,AT5G27660,AT5G27660,0.0
2,Chr2_18407160.0,18407160,0.002636542,0,,,,
4,Chr4_1283266.0,1283266,0.002636875,0,,,,
2,Chr2_1170326.0,1170326,0.00263689,0,,,,
2,Chr2_14653387.0,14653387,0.002637292,0,,,,
5,Chr5_10145941.0,10145941,0.002637354,0,,,,
1,Chr1_3888703.0,3888703,0.002638857,1,AT1G11580,AT1G11580,AT1G11580,0.0
1,Chr1_3888713.0,3888713,0.002638857,1,AT1G11580,AT1G11580,AT1G11580,0.0
5,Chr5_5834523.0,5834523,0.002638905,0,,,,
1,Chr1_12187042.0,12187042,0.002639017,1,AT1G33607,AT1G33607,AT1G33607,0.0
4,Chr4_7250701.0,7250701,0.002639925,0,,,,
2,Chr2_13952786.0,13952786,0.002640334,2,AT2G32885;AT2G32890,AT2G32885,AT2G32885,0.0
1,Chr1_10160966.0,10160966,0.002640421,0,,,,
4,Chr4_15946935.0,15946935,0.002640603,1,AT4G33050,AT4G33050,AT4G33050,0.0
3,Chr3_11739880.0,11739880,0.002640721,0,,,,
2,Chr2_1288854.0,1288854,0.002641945,0,,,,
2,Chr2_6166558.0,6166558,0.002642048,0,,,,
2,Chr2_10318726.0,10318726,0.002642149,0,,,,
3,Chr3_22677860.0,22677860,0.002642454,0,,,,
4,Chr4_8266605.0,8266605,0.002643648,0,,,,
5,Chr5_10523218.0,10523218,0.002643709,0,,,,
5,Chr5_10548895.0,10548895,0.002643709,0,,,,
5,Chr5_10551310.0,10551310,0.002643709,0,,,,
5,Chr5_10551551.0,10551551,0.002643709,0,,,,
5,Chr5_10552134.0,10552134,0.002643709,0,,,,
5,Chr5_10559975.0,10559975,0.002643709,0,,,,
5,Chr5_10560824.0,10560824,0.002643709,0,,,,
5,Chr5_10562691.0,10562691,0.002643709,0,,,,
5,Chr5_10566846.0,10566846,0.002643709,1,AT5G28560,AT5G28560,AT5G28560,0.0
5,Chr5_10570117.0,10570117,0.002643709,0,,,,
5,Chr5_10595168.0,10595168,0.002643709,0,,,,
5,Chr5_10596195.0,10596195,0.002643709,0,,,,
5,Chr5_7499695.0,7499695,0.00264386,0,,,,
5,Chr5_7500618.0,7500618,0.00264386,0,,,,
5,Chr5_7502090.0,7502090,0.00264386,0,,,,
2,Chr2_1948283.0,1948283,0.002643906,0,,,,
2,Chr2_4042742.0,4042742,0.002644796,0,,,,
3,Chr3_9383999.0,9383999,0.002645034,0,,,,
3,Chr3_9384026.0,9384026,0.002645034,0,,,,
3,Chr3_9384055.0,9384055,0.002645034,0,,,,
4,Chr4_3762099.0,3762099,0.002648296,0,,,,
4,Chr4_3797972.0,3797972,0.002648296,0,,,,
5,Chr5_21094470.0,21094470,0.002648918,0,,,,
3,Chr3_19705993.0,19705993,0.002649658,1,AT3G53170,AT3G53170,AT3G53170,0.0
3,Chr3_15279129.0,15279129,0.002650067,0,,,,
2,Chr2_10124689.0,10124689,0.002650307,0,,,,
1,Chr1_12172434.0,12172434,0.002650998,0,,,,
2,Chr2_9835565.0,9835565,0.002651352,1,AT2G23096,AT2G23096,AT2G23096,0.0
2,Chr2_9835568.0,9835568,0.002651352,1,AT2G23096,AT2G23096,AT2G23096,0.0
2,Chr2_9835570.0,9835570,0.002651352,1,AT2G23096,AT2G23096,AT2G23096,0.0
4,Chr4_8141423.0,8141423,0.002651569,0,,,,
3,Chr3_9551952.0,9551952,0.00265187,1,AT3G26125,AT3G26125,AT3G26125,0.0
4,Chr4_8942603.0,8942603,0.002651933,0,,,,
3,Chr3_8419984.0,8419984,0.002652173,1,AT3G23480,AT3G23480,AT3G23480,0.0
4,Chr4_166085.0,166085,0.002652202,1,AT4G00370,AT4G00370,AT4G00370,0.0
5,Chr5_10674004.0,10674004,0.00265244,0,,,,
5,Chr5_10674005.0,10674005,0.00265244,0,,,,
4,Chr4_7371104.0,7371104,0.002652447,0,,,,
2,Chr2_8711385.0,8711385,0.002652476,0,,,,
4,Chr4_3863528.0,3863528,0.002652763,0,,,,
4,Chr4_3863576.0,3863576,0.002652763,0,,,,
1,Chr1_3314038.0,3314038,0.002652811,1,AT1G10130,AT1G10130,AT1G10130,0.0
2,Chr2_14065647.0,14065647,0.002653539,0,,,,
5,Chr5_19178992.0,19178992,0.002653644,0,,,,
3,Chr3_21055491.0,21055491,0.002654137,1,AT3G56870,AT3G56870,AT3G56870,0.0
3,Chr3_21055646.0,21055646,0.002654137,0,,,,
3,Chr3_21055652.0,21055652,0.002654137,0,,,,
3,Chr3_21055656.0,21055656,0.002654137,0,,,,
4,Chr4_11350601.0,11350601,0.002654222,1,AT4G21330,AT4G21330,AT4G21330,0.0
2,Chr2_19674384.0,19674384,0.002654239,1,AT2G48110,AT2G48110,AT2G48110,0.0
1,Chr1_7958839.0,7958839,0.002654413,0,,,,
3,Chr3_12238894.0,12238894,0.002655004,0,,,,
3,Chr3_12239111.0,12239111,0.002655004,0,,,,
3,Chr3_12239777.0,12239777,0.002655004,0,,,,
3,Chr3_12239882.0,12239882,0.002655004,0,,,,
3,Chr3_12240644.0,12240644,0.002655004,0,,,,
3,Chr3_12240759.0,12240759,0.002655004,0,,,,
2,Chr2_6146339.0,6146339,0.002655643,1,AT2G14440,AT2G14440,AT2G14440,0.0
3,Chr3_7944733.0,7944733,0.002656243,0,,,,
2,Chr2_10137764.0,10137764,0.002658036,0,,,,
4,Chr4_13629508.0,13629508,0.002658214,0,,,,
4,Chr4_13629514.0,13629514,0.002658214,0,,,,
1,Chr1_17273752.0,17273752,0.002659726,0,,,,
4,Chr4_1885767.0,1885767,0.002660211,0,,,,
3,Chr3_12889922.0,12889922,0.002660513,0,,,,
3,Chr3_5985671.0,5985671,0.002660993,1,AT3G17490,AT3G17490,AT3G17490,0.0
4,Chr4_9776056.0,9776056,0.002661054,1,AT4G17540,AT4G17540,AT4G17540,0.0
1,Chr1_21119882.0,21119882,0.002661072,1,AT1G56415,AT1G56415,AT1G56415,0.0
1,Chr1_23751322.0,23751322,0.002661153,1,AT1G64010,AT1G64010,AT1G64010,0.0
1,Chr1_27749828.0,27749828,0.002661295,0,,,,
5,Chr5_20992043.0,20992043,0.002661435,0,,,,
3,Chr3_14751084.0,14751084,0.002661696,0,,,,
2,Chr2_19304151.0,19304151,0.002661894,1,AT2G46980,AT2G46980,AT2G46980,0.0
2,Chr2_19304307.0,19304307,0.002661894,0,,,,
2,Chr2_19304355.0,19304355,0.002661894,0,,,,
2,Chr2_19304373.0,19304373,0.002661894,0,,,,
2,Chr2_19304475.0,19304475,0.002661894,0,,,,
2,Chr2_19304528.0,19304528,0.002661894,0,,,,
2,Chr2_19304599.0,19304599,0.002661894,0,,,,
2,Chr2_19304703.0,19304703,0.002661894,0,,,,
2,Chr2_19304723.0,19304723,0.002661894,0,,,,
1,Chr1_24667370.0,24667370,0.002662448,1,AT1G66210,AT1G66210,AT1G66210,0.0
2,Chr2_12561702.0,12561702,0.002662809,1,AT2G29210,AT2G29210,AT2G29210,0.0
2,Chr2_12565702.0,12565702,0.002662809,0,,,,
4,Chr4_10386331.0,10386331,0.002663094,1,AT4G18960,AT4G18960,AT4G18960,0.0
4,Chr4_3831519.0,3831519,0.002664087,0,,,,
4,Chr4_1774834.0,1774834,0.002664265,0,,,,
2,Chr2_7030307.0,7030307,0.002664453,1,AT2G16220,AT2G16220,AT2G16220,0.0
2,Chr2_7030309.0,7030309,0.002664453,1,AT2G16220,AT2G16220,AT2G16220,0.0
2,Chr2_7030310.0,7030310,0.002664453,1,AT2G16220,AT2G16220,AT2G16220,0.0
3,Chr3_18963501.0,18963501,0.002664761,0,,,,
5,Chr5_21037725.0,21037725,0.002664972,0,,,,
5,Chr5_21039112.0,21039112,0.002664972,0,,,,
4,Chr4_9325684.0,9325684,0.002665074,1,AT4G16560,AT4G16560,AT4G16560,0.0
1,Chr1_2321961.0,2321961,0.002665446,0,,,,
1,Chr1_21906935.0,21906935,0.002665821,0,,,,
5,Chr5_17742205.0,17742205,0.002666291,0,,,,
4,Chr4_1232497.0,1232497,0.002666331,0,,,,
1,Chr1_22891488.0,22891488,0.002666382,0,,,,
1,Chr1_22891495.0,22891495,0.002666382,0,,,,
4,Chr4_17727506.0,17727506,0.00266673,1,AT4G37740,AT4G37740,AT4G37740,0.0
1,Chr1_20208467.0,20208467,0.002667111,0,,,,
2,Chr2_1687731.0,1687731,0.002667968,1,AT2G04800,AT2G04800,AT2G04800,0.0
2,Chr2_1687743.0,1687743,0.002667968,1,AT2G04800,AT2G04800,AT2G04800,0.0
4,Chr4_3786374.0,3786374,0.002668052,0,,,,
3,Chr3_3112075.0,3112075,0.002668105,0,,,,
1,Chr1_1148080.0,1148080,0.002668762,2,AT1G04290;AT1G04295,AT1G04290,AT1G04290,0.0
1,Chr1_4464091.0,4464091,0.002670225,1,AT1G13100,AT1G13100,AT1G13100,0.0
1,Chr1_11831427.0,11831427,0.002671003,0,,,,
3,Chr3_20159352.0,20159352,0.00267225,1,AT3G54450,AT3G54450,AT3G54450,0.0
2,Chr2_2066748.0,2066748,0.002672449,0,,,,
2,Chr2_12753017.0,12753017,0.002672729,1,AT2G29910,AT2G29910,AT2G29910,0.0
5,Chr5_262768.0,262768,0.002672888,1,AT5G01700,AT5G01700,AT5G01700,0.0
4,Chr4_7906809.0,7906809,0.00267312,0,,,,
4,Chr4_7906888.0,7906888,0.00267312,0,,,,
4,Chr4_7906984.0,7906984,0.00267312,0,,,,
4,Chr4_7908425.0,7908425,0.00267312,0,,,,
4,Chr4_7908478.0,7908478,0.00267312,0,,,,
4,Chr4_7908722.0,7908722,0.00267312,0,,,,
4,Chr4_7910610.0,7910610,0.00267312,0,,,,
1,Chr1_20309677.0,20309677,0.002673549,0,,,,
5,Chr5_10072296.0,10072296,0.00267385,0,,,,
5,Chr5_10072305.0,10072305,0.00267385,0,,,,
5,Chr5_10072387.0,10072387,0.00267385,0,,,,
5,Chr5_10072842.0,10072842,0.00267385,0,,,,
5,Chr5_10073093.0,10073093,0.00267385,0,,,,
5,Chr5_10073746.0,10073746,0.00267385,0,,,,
5,Chr5_10073808.0,10073808,0.00267385,0,,,,
3,Chr3_12239903.0,12239903,0.002674169,0,,,,
3,Chr3_4555488.0,4555488,0.002674184,1,AT3G13840,AT3G13840,AT3G13840,0.0
3,Chr3_4556576.0,4556576,0.002674184,1,AT3G13840,AT3G13840,AT3G13840,0.0
5,Chr5_9751955.0,9751955,0.002675403,0,,,,
1,Chr1_16593656.0,16593656,0.002675917,0,,,,
3,Chr3_15938522.0,15938522,0.002676357,0,,,,
5,Chr5_7491076.0,7491076,0.00267658,0,,,,
1,Chr1_23254817.0,23254817,0.002677412,1,AT1G62800,AT1G62800,AT1G62800,0.0
1,Chr1_3287146.0,3287146,0.002678486,0,,,,
1,Chr1_3287213.0,3287213,0.002678486,0,,,,
1,Chr1_3287368.0,3287368,0.002678486,0,,,,
1,Chr1_3287471.0,3287471,0.002678486,0,,,,
1,Chr1_3287556.0,3287556,0.002678486,0,,,,
1,Chr1_3287682.0,3287682,0.002678486,0,,,,
1,Chr1_3287692.0,3287692,0.002678486,0,,,,
1,Chr1_3287828.0,3287828,0.002678486,0,,,,
2,Chr2_7571674.0,7571674,0.002678936,1,AT2G17440,AT2G17440,AT2G17440,0.0
1,Chr1_238282.0,238282,0.002679113,0,,,,
5,Chr5_9544302.0,9544302,0.002679203,0,,,,
1,Chr1_3768635.0,3768635,0.002679214,0,,,,
1,Chr1_23807276.0,23807276,0.002679453,0,,,,
3,Chr3_15680724.0,15680724,0.00267965,0,,,,
3,Chr3_13671441.0,13671441,0.002680112,0,,,,
3,Chr3_13671474.0,13671474,0.002680112,0,,,,
3,Chr3_12289434.0,12289434,0.002680437,0,,,,
1,Chr1_2318632.0,2318632,0.002680927,1,AT1G07540,AT1G07540,AT1G07540,0.0
1,Chr1_2318649.0,2318649,0.002680927,1,AT1G07540,AT1G07540,AT1G07540,0.0
1,Chr1_2318775.0,2318775,0.002680927,1,AT1G07540,AT1G07540,AT1G07540,0.0
1,Chr1_2318779.0,2318779,0.002680927,1,AT1G07540,AT1G07540,AT1G07540,0.0
1,Chr1_2318780.0,2318780,0.002680927,1,AT1G07540,AT1G07540,AT1G07540,0.0
1,Chr1_2318795.0,2318795,0.002680927,1,AT1G07540,AT1G07540,AT1G07540,0.0
1,Chr1_2318823.0,2318823,0.002680927,1,AT1G07540,AT1G07540,AT1G07540,0.0
1,Chr1_2318825.0,2318825,0.002680927,1,AT1G07540,AT1G07540,AT1G07540,0.0
1,Chr1_2318835.0,2318835,0.002680927,1,AT1G07540,AT1G07540,AT1G07540,0.0
5,Chr5_26807809.0,26807809,0.002681341,0,,,,
4,Chr4_3399501.0,3399501,0.002681801,0,,,,
5,Chr5_6413712.0,6413712,0.002682842,0,,,,
5,Chr5_6414046.0,6414046,0.002682842,0,,,,
1,Chr1_13829922.0,13829922,0.002683059,0,,,,
4,Chr4_6074821.0,6074821,0.002683416,1,AT4G09610,AT4G09610,AT4G09610,0.0
3,Chr3_7371908.0,7371908,0.002683547,0,,,,
1,Chr1_13114814.0,13114814,0.002685046,0,,,,
4,Chr4_14654421.0,14654421,0.002685458,0,,,,
4,Chr4_14654513.0,14654513,0.002685458,0,,,,
4,Chr4_14654716.0,14654716,0.002685458,0,,,,
4,Chr4_14654834.0,14654834,0.002685458,0,,,,
4,Chr4_14654963.0,14654963,0.002685458,0,,,,
4,Chr4_14654984.0,14654984,0.002685458,0,,,,
4,Chr4_14655017.0,14655017,0.002685458,0,,,,
4,Chr4_14655044.0,14655044,0.002685458,0,,,,
4,Chr4_14655072.0,14655072,0.002685458,0,,,,
4,Chr4_14655080.0,14655080,0.002685458,0,,,,
4,Chr4_14655105.0,14655105,0.002685458,0,,,,
4,Chr4_14655200.0,14655200,0.002685458,0,,,,
3,Chr3_19757157.0,19757157,0.002685852,1,AT3G53280,AT3G53280,AT3G53280,0.0
4,Chr4_18371614.0,18371614,0.002685996,1,AT4G39520,AT4G39520,AT4G39520,0.0
2,Chr2_7278704.0,7278704,0.002686466,0,,,,
3,Chr3_6236903.0,6236903,0.002686783,0,,,,
4,Chr4_6346154.0,6346154,0.00268682,0,,,,
4,Chr4_6346181.0,6346181,0.00268682,0,,,,
4,Chr4_6346182.0,6346182,0.00268682,0,,,,
4,Chr4_6346204.0,6346204,0.00268682,0,,,,
4,Chr4_8439598.0,8439598,0.002687189,0,,,,
3,Chr3_19178855.0,19178855,0.002688111,0,,,,
3,Chr3_16293991.0,16293991,0.002688118,0,,,,
4,Chr4_18488219.0,18488219,0.002688188,0,,,,
4,Chr4_7207995.0,7207995,0.002688441,1,AT4G12020,AT4G12020,AT4G12020,0.0
1,Chr1_2096593.0,2096593,0.002688824,0,,,,
1,Chr1_18309282.0,18309282,0.002689427,0,,,,
2,Chr2_5817166.0,5817166,0.002689428,0,,,,
4,Chr4_967953.0,967953,0.00268993,1,AT4G02190,AT4G02190,AT4G02190,0.0
1,Chr1_10466632.0,10466632,0.002690586,1,AT1G29890,AT1G29890,AT1G29890,0.0
1,Chr1_1103872.0,1103872,0.002690599,0,,,,
3,Chr3_3950102.0,3950102,0.00269084,1,AT3G12430,AT3G12430,AT3G12430,0.0
4,Chr4_7244084.0,7244084,0.002691702,0,,,,
3,Chr3_12242904.0,12242904,0.002691947,0,,,,
4,Chr4_6075583.0,6075583,0.002692358,1,AT4G09610,AT4G09610,AT4G09610,0.0
4,Chr4_6075596.0,6075596,0.002692358,1,AT4G09610,AT4G09610,AT4G09610,0.0
4,Chr4_6075605.0,6075605,0.002692358,1,AT4G09610,AT4G09610,AT4G09610,0.0
4,Chr4_6075612.0,6075612,0.002692358,1,AT4G09610,AT4G09610,AT4G09610,0.0
4,Chr4_6075634.0,6075634,0.002692358,1,AT4G09610,AT4G09610,AT4G09610,0.0
3,Chr3_15815985.0,15815985,0.002692644,0,,,,
4,Chr4_15289091.0,15289091,0.002692805,0,,,,
4,Chr4_15289120.0,15289120,0.002692805,0,,,,
4,Chr4_15289147.0,15289147,0.002692805,0,,,,
4,Chr4_15289159.0,15289159,0.002692805,0,,,,
1,Chr1_12668911.0,12668911,0.002693285,0,,,,
1,Chr1_3267337.0,3267337,0.002693756,1,AT1G10010,AT1G10010,AT1G10010,0.0
5,Chr5_2487917.0,2487917,0.002693957,1,AT5G07800,AT5G07800,AT5G07800,0.0
5,Chr5_2487980.0,2487980,0.002693957,1,AT5G07800,AT5G07800,AT5G07800,0.0
5,Chr5_20555671.0,20555671,0.002694014,1,AT5G50470,AT5G50470,AT5G50470,0.0
3,Chr3_12103382.0,12103382,0.002695002,0,,,,
2,Chr2_11988360.0,11988360,0.002695263,0,,,,
2,Chr2_7885401.0,7885401,0.002695365,0,,,,
5,Chr5_25505536.0,25505536,0.0026955,0,,,,
4,Chr4_9288654.0,9288654,0.002695834,1,AT4G16470,AT4G16470,AT4G16470,0.0
4,Chr4_9289580.0,9289580,0.002695834,1,AT4G16470,AT4G16470,AT4G16470,0.0
4,Chr4_9293049.0,9293049,0.002695834,1,AT4G16480,AT4G16480,AT4G16480,0.0
4,Chr4_9297441.0,9297441,0.002695834,0,,,,
4,Chr4_9299126.0,9299126,0.002695834,0,,,,
4,Chr4_9300498.0,9300498,0.002695834,0,,,,
3,Chr3_14628392.0,14628392,0.002696001,0,,,,
1,Chr1_10523953.0,10523953,0.002696591,0,,,,
4,Chr4_2884082.0,2884082,0.00269689,0,,,,
2,Chr2_6954093.0,6954093,0.002697368,0,,,,
5,Chr5_2231376.0,2231376,0.002697396,1,AT5G07180,AT5G07180,AT5G07180,0.0
5,Chr5_2198864.0,2198864,0.002697502,0,,,,
2,Chr2_16517621.0,16517621,0.002697583,1,AT2G39590,AT2G39590,AT2G39590,0.0
2,Chr2_16517737.0,16517737,0.002697583,1,AT2G39590,AT2G39590,AT2G39590,0.0
5,Chr5_26350091.0,26350091,0.002697849,0,,,,
1,Chr1_2407260.0,2407260,0.002697911,0,,,,
1,Chr1_11552224.0,11552224,0.002697965,0,,,,
3,Chr3_3591613.0,3591613,0.002698162,1,AT3G11420,AT3G11420,AT3G11420,0.0
5,Chr5_9762031.0,9762031,0.002698727,0,,,,
3,Chr3_8878919.0,8878919,0.00269958,0,,,,
3,Chr3_8879906.0,8879906,0.00269958,0,,,,
3,Chr3_8883901.0,8883901,0.00269958,0,,,,
3,Chr3_8883981.0,8883981,0.00269958,0,,,,
3,Chr3_8883992.0,8883992,0.00269958,0,,,,
3,Chr3_8890156.0,8890156,0.00269958,1,AT3G24460,AT3G24460,AT3G24460,0.0
3,Chr3_8891556.0,8891556,0.00269958,1,AT3G24460,AT3G24460,AT3G24460,0.0
2,Chr2_7994713.0,7994713,0.002699815,0,,,,
4,Chr4_634835.0,634835,0.002700449,0,,,,
4,Chr4_5407842.0,5407842,0.002700543,0,,,,
3,Chr3_17009489.0,17009489,0.002700822,0,,,,
2,Chr2_17255858.0,17255858,0.002700916,0,,,,
2,Chr2_5458696.0,5458696,0.002701771,0,,,,
5,Chr5_14642491.0,14642491,0.002702331,0,,,,
3,Chr3_21245030.0,21245030,0.002703357,1,AT3G57410,AT3G57410,AT3G57410,0.0
3,Chr3_22914060.0,22914060,0.002703482,0,,,,
5,Chr5_25752351.0,25752351,0.002703849,1,AT5G64410,AT5G64410,AT5G64410,0.0
1,Chr1_22892064.0,22892064,0.00270386,0,,,,
5,Chr5_19257138.0,19257138,0.002704727,0,,,,
5,Chr5_19484618.0,19484618,0.002704737,1,AT5G48090,AT5G48090,AT5G48090,0.0
4,Chr4_4703679.0,4703679,0.002704789,0,,,,
1,Chr1_4094184.0,4094184,0.00270514,0,,,,
3,Chr3_10415303.0,10415303,0.002705537,0,,,,
3,Chr3_10417028.0,10417028,0.002705537,0,,,,
1,Chr1_29364451.0,29364451,0.002705583,1,AT1G78080,AT1G78080,AT1G78080,0.0
3,Chr3_374746.0,374746,0.002705985,0,,,,
3,Chr3_18987626.0,18987626,0.002706067,1,AT3G51120,AT3G51120,AT3G51120,0.0
1,Chr1_11311011.0,11311011,0.002706242,0,,,,
3,Chr3_16291550.0,16291550,0.002709325,1,AT3G44735,AT3G44735,AT3G44735,0.0
5,Chr5_21076260.0,21076260,0.002709402,0,,,,
5,Chr5_21076289.0,21076289,0.002709402,0,,,,
5,Chr5_21076300.0,21076300,0.002709402,0,,,,
5,Chr5_21076314.0,21076314,0.002709402,0,,,,
5,Chr5_21076335.0,21076335,0.002709402,0,,,,
5,Chr5_21076344.0,21076344,0.002709402,0,,,,
5,Chr5_21076351.0,21076351,0.002709402,0,,,,
5,Chr5_21076364.0,21076364,0.002709402,0,,,,
5,Chr5_21076377.0,21076377,0.002709402,0,,,,
5,Chr5_21076387.0,21076387,0.002709402,0,,,,
5,Chr5_21076395.0,21076395,0.002709402,0,,,,
5,Chr5_21076400.0,21076400,0.002709402,0,,,,
5,Chr5_21076414.0,21076414,0.002709402,0,,,,
3,Chr3_3175144.0,3175144,0.002709571,1,AT3G10270,AT3G10270,AT3G10270,0.0
1,Chr1_7945746.0,7945746,0.002710191,0,,,,
4,Chr4_5048361.0,5048361,0.00271099,0,,,,
4,Chr4_10808703.0,10808703,0.00271114,0,,,,
3,Chr3_12684398.0,12684398,0.002711362,0,,,,
3,Chr3_18530691.0,18530691,0.002712108,1,AT3G49980,AT3G49980,AT3G49980,0.0
2,Chr2_8334170.0,8334170,0.002712579,0,,,,
3,Chr3_4118639.0,4118639,0.002712585,0,,,,
3,Chr3_4119220.0,4119220,0.002712585,0,,,,
5,Chr5_7491537.0,7491537,0.00271262,1,AT5G22560,AT5G22560,AT5G22560,0.0
5,Chr5_13716195.0,13716195,0.002713859,0,,,,
5,Chr5_13716340.0,13716340,0.002713859,0,,,,
4,Chr4_4252515.0,4252515,0.002713952,0,,,,
1,Chr1_13850867.0,13850867,0.002713966,0,,,,
1,Chr1_20270347.0,20270347,0.002714008,0,,,,
2,Chr2_6279142.0,6279142,0.002714333,1,AT2G14680,AT2G14680,AT2G14680,0.0
2,Chr2_3655406.0,3655406,0.002714668,0,,,,
1,Chr1_3285128.0,3285128,0.002714903,1,AT1G10060,AT1G10060,AT1G10060,0.0
1,Chr1_3285130.0,3285130,0.002714903,1,AT1G10060,AT1G10060,AT1G10060,0.0
1,Chr1_3285151.0,3285151,0.002714903,1,AT1G10060,AT1G10060,AT1G10060,0.0
1,Chr1_3285157.0,3285157,0.002714903,1,AT1G10060,AT1G10060,AT1G10060,0.0
1,Chr1_3285190.0,3285190,0.002714903,1,AT1G10060,AT1G10060,AT1G10060,0.0
1,Chr1_3285241.0,3285241,0.002714903,1,AT1G10060,AT1G10060,AT1G10060,0.0
1,Chr1_3285255.0,3285255,0.002714903,1,AT1G10060,AT1G10060,AT1G10060,0.0
1,Chr1_3285264.0,3285264,0.002714903,1,AT1G10060,AT1G10060,AT1G10060,0.0
1,Chr1_3285351.0,3285351,0.002714903,1,AT1G10060,AT1G10060,AT1G10060,0.0
1,Chr1_3285390.0,3285390,0.002714903,1,AT1G10060,AT1G10060,AT1G10060,0.0
1,Chr1_3285396.0,3285396,0.002714903,1,AT1G10060,AT1G10060,AT1G10060,0.0
1,Chr1_3285414.0,3285414,0.002714903,1,AT1G10060,AT1G10060,AT1G10060,0.0
1,Chr1_3285417.0,3285417,0.002714903,1,AT1G10060,AT1G10060,AT1G10060,0.0
1,Chr1_3285593.0,3285593,0.002714903,1,AT1G10060,AT1G10060,AT1G10060,0.0
1,Chr1_3285647.0,3285647,0.002714903,1,AT1G10060,AT1G10060,AT1G10060,0.0
1,Chr1_3285662.0,3285662,0.002714903,1,AT1G10060,AT1G10060,AT1G10060,0.0
1,Chr1_3285696.0,3285696,0.002714903,1,AT1G10060,AT1G10060,AT1G10060,0.0
1,Chr1_3285740.0,3285740,0.002714903,1,AT1G10060,AT1G10060,AT1G10060,0.0
1,Chr1_3285806.0,3285806,0.002714903,1,AT1G10060,AT1G10060,AT1G10060,0.0
1,Chr1_3285830.0,3285830,0.002714903,1,AT1G10060,AT1G10060,AT1G10060,0.0
1,Chr1_3285836.0,3285836,0.002714903,1,AT1G10060,AT1G10060,AT1G10060,0.0
1,Chr1_3285838.0,3285838,0.002714903,1,AT1G10060,AT1G10060,AT1G10060,0.0
1,Chr1_3285859.0,3285859,0.002714903,1,AT1G10060,AT1G10060,AT1G10060,0.0
1,Chr1_3285920.0,3285920,0.002714903,1,AT1G10060,AT1G10060,AT1G10060,0.0
1,Chr1_3286069.0,3286069,0.002714903,1,AT1G10060,AT1G10060,AT1G10060,0.0
1,Chr1_3286080.0,3286080,0.002714903,1,AT1G10060,AT1G10060,AT1G10060,0.0
1,Chr1_3286133.0,3286133,0.002714903,1,AT1G10060,AT1G10060,AT1G10060,0.0
1,Chr1_6786552.0,6786552,0.002715287,1,AT1G19630,AT1G19630,AT1G19630,0.0
1,Chr1_6786558.0,6786558,0.002715287,1,AT1G19630,AT1G19630,AT1G19630,0.0
1,Chr1_17545231.0,17545231,0.0027155,0,,,,
4,Chr4_9565060.0,9565060,0.002715541,1,AT4G16990,AT4G16990,AT4G16990,0.0
2,Chr2_11554287.0,11554287,0.002715644,1,AT2G27060,AT2G27060,AT2G27060,0.0
2,Chr2_11554669.0,11554669,0.002715644,1,AT2G27060,AT2G27060,AT2G27060,0.0
2,Chr2_6683344.0,6683344,0.002716503,0,,,,
2,Chr2_7505366.0,7505366,0.002716578,1,AT2G17260,AT2G17260,AT2G17260,0.0
2,Chr2_9835567.0,9835567,0.002717242,1,AT2G23096,AT2G23096,AT2G23096,0.0
4,Chr4_10963772.0,10963772,0.002717903,1,AT4G20310,AT4G20310,AT4G20310,0.0
4,Chr4_10963958.0,10963958,0.002717903,1,AT4G20310,AT4G20310,AT4G20310,0.0
4,Chr4_10964002.0,10964002,0.002717903,1,AT4G20310,AT4G20310,AT4G20310,0.0
4,Chr4_10964003.0,10964003,0.002717903,1,AT4G20310,AT4G20310,AT4G20310,0.0
4,Chr4_1324047.0,1324047,0.002718072,0,,,,
1,Chr1_3591771.0,3591771,0.002718146,1,AT1G10770,AT1G10770,AT1G10770,0.0
1,Chr1_626209.0,626209,0.002718274,0,,,,
4,Chr4_15490498.0,15490498,0.00271836,0,,,,
1,Chr1_11311428.0,11311428,0.002718691,1,AT1G31580,AT1G31580,AT1G31580,0.0
4,Chr4_5754424.0,5754424,0.002718989,0,,,,
1,Chr1_16650010.0,16650010,0.002719017,0,,,,
4,Chr4_14569380.0,14569380,0.002721671,0,,,,
5,Chr5_20637069.0,20637069,0.002721829,1,AT5G50740,AT5G50740,AT5G50740,0.0
2,Chr2_13334805.0,13334805,0.002722155,0,,,,
1,Chr1_2192741.0,2192741,0.00272253,1,AT1G07140,AT1G07140,AT1G07140,0.0
1,Chr1_17303262.0,17303262,0.002722598,0,,,,
4,Chr4_2588050.0,2588050,0.002722913,1,AT4G05050,AT4G05050,AT4G05050,0.0
4,Chr4_2588053.0,2588053,0.002722913,1,AT4G05050,AT4G05050,AT4G05050,0.0
5,Chr5_11996654.0,11996654,0.002723311,0,,,,
5,Chr5_11996655.0,11996655,0.002723311,0,,,,
2,Chr2_19060418.0,19060418,0.002723336,1,AT2G46430,AT2G46430,AT2G46430,0.0
1,Chr1_3334006.0,3334006,0.002723359,1,AT1G10170,AT1G10170,AT1G10170,0.0
3,Chr3_22677751.0,22677751,0.002723386,0,,,,
4,Chr4_6109275.0,6109275,0.002723388,0,,,,
2,Chr2_11544952.0,11544952,0.002723889,0,,,,
3,Chr3_17730141.0,17730141,0.002724455,0,,,,
2,Chr2_4555819.0,4555819,0.002724661,0,,,,
3,Chr3_13873198.0,13873198,0.002725446,0,,,,
3,Chr3_13873541.0,13873541,0.002725446,0,,,,
3,Chr3_16551217.0,16551217,0.002725861,0,,,,
4,Chr4_12947672.0,12947672,0.002726195,0,,,,
2,Chr2_1178803.0,1178803,0.002726375,0,,,,
5,Chr5_10717713.0,10717713,0.002726543,0,,,,
5,Chr5_10729634.0,10729634,0.002726543,0,,,,
5,Chr5_10732387.0,10732387,0.002726543,0,,,,
5,Chr5_10735828.0,10735828,0.002726543,0,,,,
5,Chr5_10735829.0,10735829,0.002726543,0,,,,
5,Chr5_10736140.0,10736140,0.002726543,0,,,,
5,Chr5_10737170.0,10737170,0.002726543,0,,,,
5,Chr5_10740916.0,10740916,0.002726543,0,,,,
5,Chr5_10752903.0,10752903,0.002726543,0,,,,
5,Chr5_10755381.0,10755381,0.002726543,0,,,,
5,Chr5_10755671.0,10755671,0.002726543,0,,,,
5,Chr5_10755800.0,10755800,0.002726543,0,,,,
5,Chr5_10755848.0,10755848,0.002726543,0,,,,
5,Chr5_10757290.0,10757290,0.002726543,0,,,,
5,Chr5_10758498.0,10758498,0.002726543,0,,,,
5,Chr5_10761946.0,10761946,0.002726543,0,,,,
5,Chr5_10762992.0,10762992,0.002726543,0,,,,
5,Chr5_10763631.0,10763631,0.002726543,0,,,,
5,Chr5_10773174.0,10773174,0.002726543,0,,,,
5,Chr5_10773769.0,10773769,0.002726543,0,,,,
5,Chr5_10796900.0,10796900,0.002726543,1,AT5G28770,AT5G28770,AT5G28770,0.0
5,Chr5_10796923.0,10796923,0.002726543,1,AT5G28770,AT5G28770,AT5G28770,0.0
5,Chr5_10796958.0,10796958,0.002726543,1,AT5G28770,AT5G28770,AT5G28770,0.0
5,Chr5_10796972.0,10796972,0.002726543,1,AT5G28770,AT5G28770,AT5G28770,0.0
5,Chr5_10796978.0,10796978,0.002726543,1,AT5G28770,AT5G28770,AT5G28770,0.0
5,Chr5_10796980.0,10796980,0.002726543,1,AT5G28770,AT5G28770,AT5G28770,0.0
5,Chr5_10796999.0,10796999,0.002726543,1,AT5G28770,AT5G28770,AT5G28770,0.0
5,Chr5_10797000.0,10797000,0.002726543,1,AT5G28770,AT5G28770,AT5G28770,0.0
5,Chr5_10797084.0,10797084,0.002726543,1,AT5G28770,AT5G28770,AT5G28770,0.0
5,Chr5_10797125.0,10797125,0.002726543,1,AT5G28770,AT5G28770,AT5G28770,0.0
5,Chr5_10797259.0,10797259,0.002726543,1,AT5G28770,AT5G28770,AT5G28770,0.0
5,Chr5_10797350.0,10797350,0.002726543,1,AT5G28770,AT5G28770,AT5G28770,0.0
5,Chr5_10797512.0,10797512,0.002726543,1,AT5G28770,AT5G28770,AT5G28770,0.0
1,Chr1_29173460.0,29173460,0.002726658,1,AT1G77630,AT1G77630,AT1G77630,0.0
1,Chr1_13075442.0,13075442,0.002726879,0,,,,
2,Chr2_5625108.0,5625108,0.002726957,0,,,,
3,Chr3_14263757.0,14263757,0.002727184,0,,,,
2,Chr2_1123954.0,1123954,0.002727645,0,,,,
4,Chr4_7322819.0,7322819,0.00272794,0,,,,
3,Chr3_14750235.0,14750235,0.002728747,0,,,,
1,Chr1_7526346.0,7526346,0.00272882,0,,,,
4,Chr4_1380553.0,1380553,0.002729451,0,,,,
5,Chr5_12242445.0,12242445,0.00272992,0,,,,
4,Chr4_5613166.0,5613166,0.002729943,0,,,,
2,Chr2_1904119.0,1904119,0.002731011,0,,,,
1,Chr1_28693534.0,28693534,0.00273143,0,,,,
4,Chr4_11441290.0,11441290,0.00273166,1,AT4G21500,AT4G21500,AT4G21500,0.0
5,Chr5_10191268.0,10191268,0.002732014,1,AT5G28220,AT5G28220,AT5G28220,0.0
5,Chr5_10192060.0,10192060,0.002732014,1,AT5G28220,AT5G28220,AT5G28220,0.0
5,Chr5_10193760.0,10193760,0.002732014,0,,,,
5,Chr5_10196713.0,10196713,0.002732014,0,,,,
5,Chr5_10205831.0,10205831,0.002732014,0,,,,
5,Chr5_10206820.0,10206820,0.002732014,0,,,,
5,Chr5_10209402.0,10209402,0.002732014,1,AT5G28237,AT5G28237,AT5G28237,0.0
5,Chr5_10213403.0,10213403,0.002732014,1,AT5G28237,AT5G28237,AT5G28237,0.0
5,Chr5_10215767.0,10215767,0.002732014,0,,,,
5,Chr5_10216228.0,10216228,0.002732014,0,,,,
5,Chr5_10216642.0,10216642,0.002732014,0,,,,
5,Chr5_10218581.0,10218581,0.002732014,0,,,,
5,Chr5_10234688.0,10234688,0.002732014,0,,,,
5,Chr5_10235962.0,10235962,0.002732014,0,,,,
5,Chr5_10240881.0,10240881,0.002732014,0,,,,
5,Chr5_10260835.0,10260835,0.002732014,0,,,,
5,Chr5_10261803.0,10261803,0.002732014,0,,,,
2,Chr2_5768615.0,5768615,0.002732855,1,AT2G13810,AT2G13810,AT2G13810,0.0
1,Chr1_11553295.0,11553295,0.002733118,1,AT1G32120,AT1G32120,AT1G32120,0.0
4,Chr4_1374534.0,1374534,0.002733214,1,AT4G03100,AT4G03100,AT4G03100,0.0
4,Chr4_9405136.0,9405136,0.002733551,1,AT4G16730,AT4G16730,AT4G16730,0.0
4,Chr4_9406012.0,9406012,0.002733551,0,,,,
4,Chr4_9406452.0,9406452,0.002733551,0,,,,
3,Chr3_12038659.0,12038659,0.002735536,0,,,,
3,Chr3_21324555.0,21324555,0.002736075,0,,,,
2,Chr2_19172147.0,19172147,0.002736141,0,,,,
5,Chr5_12477941.0,12477941,0.002737833,0,,,,
2,Chr2_5367391.0,5367391,0.002738119,0,,,,
1,Chr1_6644725.0,6644725,0.002738198,1,AT1G19230,AT1G19230,AT1G19230,0.0
1,Chr1_6644746.0,6644746,0.002738198,1,AT1G19230,AT1G19230,AT1G19230,0.0
1,Chr1_230085.0,230085,0.002738762,1,AT1G01630,AT1G01630,AT1G01630,0.0
2,Chr2_6079016.0,6079016,0.002739563,0,,,,
1,Chr1_16628487.0,16628487,0.002740252,0,,,,
3,Chr3_12242455.0,12242455,0.002740359,0,,,,
5,Chr5_8290706.0,8290706,0.00274066,0,,,,
3,Chr3_10492325.0,10492325,0.002740683,0,,,,
3,Chr3_10493298.0,10493298,0.002740683,0,,,,
1,Chr1_2847506.0,2847506,0.002741273,1,AT1G08880,AT1G08880,AT1G08880,0.0
2,Chr2_19615637.0,19615637,0.002741456,1,AT2G47910,AT2G47910,AT2G47910,0.0
4,Chr4_14887643.0,14887643,0.002742348,0,,,,
3,Chr3_23272284.0,23272284,0.002742507,1,AT3G62970,AT3G62970,AT3G62970,0.0
2,Chr2_9290410.0,9290410,0.002742849,0,,,,
1,Chr1_25527860.0,25527860,0.002742904,0,,,,
1,Chr1_25527990.0,25527990,0.002742904,0,,,,
1,Chr1_25528144.0,25528144,0.002742904,0,,,,
3,Chr3_11282599.0,11282599,0.002743225,1,AT3G29380,AT3G29380,AT3G29380,0.0
3,Chr3_13307545.0,13307545,0.002743381,0,,,,
3,Chr3_13307587.0,13307587,0.002743381,0,,,,
3,Chr3_13308184.0,13308184,0.002743381,0,,,,
1,Chr1_6660852.0,6660852,0.002743492,0,,,,
1,Chr1_6660877.0,6660877,0.002743492,0,,,,
1,Chr1_6660942.0,6660942,0.002743492,0,,,,
5,Chr5_7214582.0,7214582,0.002744213,1,AT5G21274,AT5G21274,AT5G21274,0.0
4,Chr4_2375010.0,2375010,0.002744259,1,AT4G04690,AT4G04690,AT4G04690,0.0
1,Chr1_6322991.0,6322991,0.002744533,1,AT1G18370,AT1G18370,AT1G18370,0.0
3,Chr3_6355047.0,6355047,0.002744878,1,AT3G18500,AT3G18500,AT3G18500,0.0
1,Chr1_1105105.0,1105105,0.002745615,1,AT1G04180,AT1G04180,AT1G04180,0.0
2,Chr2_19089423.0,19089423,0.002746793,0,,,,
5,Chr5_1917968.0,1917968,0.002747212,1,AT5G06280,AT5G06280,AT5G06280,0.0
2,Chr2_5061589.0,5061589,0.002747847,0,,,,
3,Chr3_2438438.0,2438438,0.002747876,1,AT3G07640,AT3G07640,AT3G07640,0.0
2,Chr2_6090707.0,6090707,0.002748546,0,,,,
5,Chr5_19423047.0,19423047,0.002749802,1,AT5G47970,AT5G47970,AT5G47970,0.0
1,Chr1_17366936.0,17366936,0.002750211,1,AT1G47370,AT1G47370,AT1G47370,0.0
1,Chr1_2300315.0,2300315,0.002750661,0,,,,
2,Chr2_11763111.0,11763111,0.002751272,0,,,,
1,Chr1_25690699.0,25690699,0.002751377,0,,,,
3,Chr3_8223456.0,8223456,0.002751413,2,AT3G23100;AT3G23110,AT3G23100,AT3G23100,0.0
2,Chr2_511517.0,511517,0.002751549,0,,,,
4,Chr4_1071097.0,1071097,0.002751573,1,AT4G02430,AT4G02430,AT4G02430,0.0
4,Chr4_14032116.0,14032116,0.002752337,0,,,,
2,Chr2_6977471.0,6977471,0.002752525,1,AT2G16040,AT2G16040,AT2G16040,0.0
4,Chr4_2133413.0,2133413,0.002752897,1,AT4G04360,AT4G04360,AT4G04360,0.0
4,Chr4_10632067.0,10632067,0.002753113,0,,,,
4,Chr4_10632073.0,10632073,0.002753113,0,,,,
4,Chr4_10632139.0,10632139,0.002753113,0,,,,
4,Chr4_10632216.0,10632216,0.002753113,0,,,,
1,Chr1_6858713.0,6858713,0.002753184,1,AT1G19835,AT1G19835,AT1G19835,0.0
4,Chr4_1628596.0,1628596,0.002754193,0,,,,
4,Chr4_1629963.0,1629963,0.002754193,0,,,,
4,Chr4_1630097.0,1630097,0.002754193,0,,,,
4,Chr4_1630184.0,1630184,0.002754193,0,,,,
4,Chr4_1630221.0,1630221,0.002754193,0,,,,
4,Chr4_1630265.0,1630265,0.002754193,0,,,,
4,Chr4_1638163.0,1638163,0.002754193,0,,,,
4,Chr4_1639191.0,1639191,0.002754193,0,,,,
4,Chr4_1639282.0,1639282,0.002754193,0,,,,
4,Chr4_1639286.0,1639286,0.002754193,0,,,,
4,Chr4_1639727.0,1639727,0.002754193,0,,,,
4,Chr4_1643871.0,1643871,0.002754193,0,,,,
1,Chr1_27269830.0,27269830,0.002754209,1,AT1G72440,AT1G72440,AT1G72440,0.0
1,Chr1_7238897.0,7238897,0.002754848,1,AT1G20823,AT1G20823,AT1G20823,0.0
1,Chr1_7238999.0,7238999,0.002754848,1,AT1G20823,AT1G20823,AT1G20823,0.0
3,Chr3_10389292.0,10389292,0.00275567,0,,,,
3,Chr3_10389293.0,10389293,0.00275567,0,,,,
1,Chr1_17158033.0,17158033,0.002756058,1,AT1G45229,AT1G45229,AT1G45229,0.0
1,Chr1_17159961.0,17159961,0.002756058,0,,,,
1,Chr1_17161802.0,17161802,0.002756058,0,,,,
1,Chr1_17168637.0,17168637,0.002756058,0,,,,
1,Chr1_13585163.0,13585163,0.002757163,0,,,,
5,Chr5_9030444.0,9030444,0.002757859,0,,,,
5,Chr5_9526853.0,9526853,0.002758477,0,,,,
1,Chr1_21683430.0,21683430,0.00275906,0,,,,
4,Chr4_8007172.0,8007172,0.002762041,1,AT4G13810,AT4G13810,AT4G13810,0.0
2,Chr2_2944827.0,2944827,0.002762111,0,,,,
1,Chr1_26143301.0,26143301,0.002762667,1,AT1G69530,AT1G69530,AT1G69530,0.0
4,Chr4_17534426.0,17534426,0.002763074,0,,,,
3,Chr3_20585181.0,20585181,0.002763667,0,,,,
4,Chr4_3787537.0,3787537,0.002764407,0,,,,
1,Chr1_13634735.0,13634735,0.002764715,0,,,,
4,Chr4_18395005.0,18395005,0.002764825,0,,,,
4,Chr4_18395010.0,18395010,0.002764825,0,,,,
4,Chr4_18395018.0,18395018,0.002764825,0,,,,
4,Chr4_18395102.0,18395102,0.002764825,0,,,,
4,Chr4_18395121.0,18395121,0.002764825,0,,,,
4,Chr4_18395148.0,18395148,0.002764825,0,,,,
4,Chr4_18395178.0,18395178,0.002764825,0,,,,
5,Chr5_13719791.0,13719791,0.002765431,0,,,,
3,Chr3_6353262.0,6353262,0.002766166,1,AT3G18500,AT3G18500,AT3G18500,0.0
3,Chr3_2435322.0,2435322,0.002766264,0,,,,
4,Chr4_3860225.0,3860225,0.002767147,0,,,,
3,Chr3_10410165.0,10410165,0.002768929,0,,,,
3,Chr3_2376169.0,2376169,0.002769175,1,AT3G07420,AT3G07420,AT3G07420,0.0
1,Chr1_3380711.0,3380711,0.002769241,0,,,,
3,Chr3_15403953.0,15403953,0.002769358,0,,,,
1,Chr1_29250207.0,29250207,0.002770119,0,,,,
3,Chr3_20586255.0,20586255,0.002770269,0,,,,
3,Chr3_20586256.0,20586256,0.002770269,0,,,,
3,Chr3_21055328.0,21055328,0.002772154,1,AT3G56870,AT3G56870,AT3G56870,0.0
3,Chr3_21055357.0,21055357,0.002772154,1,AT3G56870,AT3G56870,AT3G56870,0.0
5,Chr5_9047970.0,9047970,0.002772259,0,,,,
3,Chr3_22620893.0,22620893,0.002772999,0,,,,
5,Chr5_2202178.0,2202178,0.002773133,0,,,,
5,Chr5_2202453.0,2202453,0.002773133,1,AT5G07090,AT5G07090,AT5G07090,0.0
1,Chr1_3945355.0,3945355,0.002773998,0,,,,
2,Chr2_5082656.0,5082656,0.002774332,0,,,,
1,Chr1_2978310.0,2978310,0.002774551,1,AT1G09220,AT1G09220,AT1G09220,0.0
4,Chr4_7208544.0,7208544,0.002775243,1,AT4G12020,AT4G12020,AT4G12020,0.0
1,Chr1_237786.0,237786,0.00277647,1,AT1G01650,AT1G01650,AT1G01650,0.0
3,Chr3_7683908.0,7683908,0.002776558,0,,,,
5,Chr5_10739683.0,10739683,0.002776592,0,,,,
4,Chr4_8304985.0,8304985,0.002776982,1,AT4G14430,AT4G14430,AT4G14430,0.0
2,Chr2_17415382.0,17415382,0.002777037,1,AT2G41740,AT2G41740,AT2G41740,0.0
3,Chr3_2008791.0,2008791,0.00277759,0,,,,
3,Chr3_2093373.0,2093373,0.00277759,0,,,,
3,Chr3_15431499.0,15431499,0.002778317,1,AT3G43540,AT3G43540,AT3G43540,0.0
3,Chr3_15431531.0,15431531,0.002778317,1,AT3G43540,AT3G43540,AT3G43540,0.0
3,Chr3_15432814.0,15432814,0.002778317,1,AT3G43540,AT3G43540,AT3G43540,0.0
4,Chr4_14568869.0,14568869,0.002778351,1,AT4G29740,AT4G29740,AT4G29740,0.0
4,Chr4_14571871.0,14571871,0.002778351,1,AT4G29750,AT4G29750,AT4G29750,0.0
4,Chr4_14572510.0,14572510,0.002778351,1,AT4G29750,AT4G29750,AT4G29750,0.0
5,Chr5_23761738.0,23761738,0.002778801,1,AT5G58840,AT5G58840,AT5G58840,0.0
1,Chr1_21857279.0,21857279,0.002778968,0,,,,
1,Chr1_21857358.0,21857358,0.002778968,0,,,,
1,Chr1_1907041.0,1907041,0.002779171,1,AT1G06230,AT1G06230,AT1G06230,0.0
3,Chr3_8172095.0,8172095,0.002780271,0,,,,
4,Chr4_6469813.0,6469813,0.00278077,0,,,,
2,Chr2_17818734.0,17818734,0.002780911,0,,,,
2,Chr2_17819842.0,17819842,0.002780911,0,,,,
5,Chr5_20184276.0,20184276,0.002781522,1,AT5G49680,AT5G49680,AT5G49680,0.0
5,Chr5_20188320.0,20188320,0.002781522,0,,,,
4,Chr4_15032900.0,15032900,0.002782035,0,,,,
5,Chr5_17889663.0,17889663,0.002782471,0,,,,
5,Chr5_17902000.0,17902000,0.002782471,0,,,,
5,Chr5_17902156.0,17902156,0.002782471,0,,,,
5,Chr5_17903181.0,17903181,0.002782471,0,,,,
5,Chr5_17903356.0,17903356,0.002782471,0,,,,
5,Chr5_17904384.0,17904384,0.002782471,0,,,,
5,Chr5_17906440.0,17906440,0.002782471,0,,,,
5,Chr5_17911469.0,17911469,0.002782471,1,AT5G44440,AT5G44440,AT5G44440,0.0
1,Chr1_3371143.0,3371143,0.002783006,1,AT1G10290,AT1G10290,AT1G10290,0.0
1,Chr1_3377803.0,3377803,0.002783006,0,,,,
1,Chr1_3379115.0,3379115,0.002783006,1,AT1G10300,AT1G10300,AT1G10300,0.0
1,Chr1_3379231.0,3379231,0.002783006,1,AT1G10300,AT1G10300,AT1G10300,0.0
2,Chr2_19534963.0,19534963,0.002783143,1,AT2G47630,AT2G47630,AT2G47630,0.0
3,Chr3_17969191.0,17969191,0.00278345,0,,,,
1,Chr1_21229782.0,21229782,0.002783895,0,,,,
1,Chr1_14918122.0,14918122,0.002784082,0,,,,
1,Chr1_14918177.0,14918177,0.002784082,0,,,,
1,Chr1_14918191.0,14918191,0.002784082,0,,,,
1,Chr1_14919073.0,14919073,0.002784082,0,,,,
1,Chr1_15582872.0,15582872,0.002784082,1,AT1G41820,AT1G41820,AT1G41820,0.0
1,Chr1_15583580.0,15583580,0.002784082,1,AT1G41820,AT1G41820,AT1G41820,0.0
1,Chr1_15583925.0,15583925,0.002784082,1,AT1G41820,AT1G41820,AT1G41820,0.0
1,Chr1_17366020.0,17366020,0.002784087,1,AT1G47370,AT1G47370,AT1G47370,0.0
1,Chr1_17366050.0,17366050,0.002784087,1,AT1G47370,AT1G47370,AT1G47370,0.0
4,Chr4_3880185.0,3880185,0.002785379,0,,,,
4,Chr4_3881369.0,3881369,0.002785379,0,,,,
2,Chr2_6983900.0,6983900,0.002785443,1,AT2G16070,AT2G16070,AT2G16070,0.0
2,Chr2_6984144.0,6984144,0.002785443,1,AT2G16070,AT2G16070,AT2G16070,0.0
2,Chr2_6988416.0,6988416,0.002785443,1,AT2G16090,AT2G16090,AT2G16090,0.0
4,Chr4_2526039.0,2526039,0.002785748,0,,,,
3,Chr3_20654057.0,20654057,0.002786367,1,AT3G55665,AT3G55665,AT3G55665,0.0
2,Chr2_14911487.0,14911487,0.002788043,1,AT2G35480,AT2G35480,AT2G35480,0.0
2,Chr2_14912742.0,14912742,0.002788043,1,AT2G35490,AT2G35490,AT2G35490,0.0
2,Chr2_14912786.0,14912786,0.002788043,1,AT2G35490,AT2G35490,AT2G35490,0.0
2,Chr2_14913017.0,14913017,0.002788043,1,AT2G35490,AT2G35490,AT2G35490,0.0
2,Chr2_14913168.0,14913168,0.002788043,1,AT2G35490,AT2G35490,AT2G35490,0.0
2,Chr2_14913612.0,14913612,0.002788043,1,AT2G35490,AT2G35490,AT2G35490,0.0
2,Chr2_14913627.0,14913627,0.002788043,1,AT2G35490,AT2G35490,AT2G35490,0.0
2,Chr2_14913674.0,14913674,0.002788043,1,AT2G35490,AT2G35490,AT2G35490,0.0
2,Chr2_14913716.0,14913716,0.002788043,1,AT2G35490,AT2G35490,AT2G35490,0.0
2,Chr2_14913747.0,14913747,0.002788043,1,AT2G35490,AT2G35490,AT2G35490,0.0
2,Chr2_14913754.0,14913754,0.002788043,1,AT2G35490,AT2G35490,AT2G35490,0.0
2,Chr2_14913782.0,14913782,0.002788043,1,AT2G35490,AT2G35490,AT2G35490,0.0
2,Chr2_14913807.0,14913807,0.002788043,1,AT2G35490,AT2G35490,AT2G35490,0.0
2,Chr2_14913830.0,14913830,0.002788043,1,AT2G35490,AT2G35490,AT2G35490,0.0
2,Chr2_3063703.0,3063703,0.002788076,0,,,,
2,Chr2_3063760.0,3063760,0.002788076,0,,,,
2,Chr2_5186169.0,5186169,0.002788146,0,,,,
2,Chr2_5220061.0,5220061,0.002788146,0,,,,
2,Chr2_5244639.0,5244639,0.002788146,0,,,,
3,Chr3_12426768.0,12426768,0.002788555,0,,,,
3,Chr3_12426780.0,12426780,0.002788555,0,,,,
1,Chr1_16627410.0,16627410,0.002788618,0,,,,
1,Chr1_3255494.0,3255494,0.002789569,1,AT1G09970,AT1G09970,AT1G09970,0.0
2,Chr2_383217.0,383217,0.002789736,0,,,,
5,Chr5_20635566.0,20635566,0.002789813,0,,,,
5,Chr5_10612430.0,10612430,0.002789856,1,AT5G28615,AT5G28615,AT5G28615,0.0
2,Chr2_13538931.0,13538931,0.002790422,1,AT2G31840,AT2G31840,AT2G31840,0.0
2,Chr2_10070942.0,10070942,0.002790524,0,,,,
4,Chr4_5181279.0,5181279,0.002790778,0,,,,
2,Chr2_7935977.0,7935977,0.002790965,1,AT2G18240,AT2G18240,AT2G18240,0.0
2,Chr2_7936003.0,7936003,0.002790965,1,AT2G18240,AT2G18240,AT2G18240,0.0
5,Chr5_1268050.0,1268050,0.002791414,0,,,,
1,Chr1_17764953.0,17764953,0.002791611,0,,,,
1,Chr1_17764959.0,17764959,0.002791611,0,,,,
1,Chr1_17765009.0,17765009,0.002791611,0,,,,
2,Chr2_9635048.0,9635048,0.002791852,1,AT2G22668,AT2G22668,AT2G22668,0.0
1,Chr1_7523631.0,7523631,0.002792875,0,,,,
5,Chr5_7468006.0,7468006,0.002792877,0,,,,
1,Chr1_28441154.0,28441154,0.002793051,0,,,,
5,Chr5_9869546.0,9869546,0.002793139,0,,,,
4,Chr4_10563825.0,10563825,0.002793364,0,,,,
1,Chr1_19516451.0,19516451,0.002794249,1,AT1G52400,AT1G52400,AT1G52400,0.0
4,Chr4_13082871.0,13082871,0.002794347,1,AT4G25650,AT4G25650,AT4G25650,0.0
3,Chr3_7700813.0,7700813,0.002794576,0,,,,
3,Chr3_14984067.0,14984067,0.002794661,0,,,,
1,Chr1_21696438.0,21696438,0.002794865,1,AT1G58400,AT1G58400,AT1G58400,0.0
4,Chr4_1949227.0,1949227,0.002794947,0,,,,
4,Chr4_1949241.0,1949241,0.002794947,0,,,,
4,Chr4_1949278.0,1949278,0.002794947,0,,,,
4,Chr4_1949293.0,1949293,0.002794947,0,,,,
4,Chr4_1949985.0,1949985,0.002794947,0,,,,
4,Chr4_1953687.0,1953687,0.002794947,0,,,,
4,Chr4_1956560.0,1956560,0.002794947,0,,,,
5,Chr5_12440110.0,12440110,0.002794953,0,,,,
2,Chr2_4054083.0,4054083,0.00279498,0,,,,
2,Chr2_4054383.0,4054383,0.00279498,0,,,,
3,Chr3_14750544.0,14750544,0.00279506,0,,,,
5,Chr5_26530507.0,26530507,0.002795647,1,AT5G66440,AT5G66440,AT5G66440,0.0
2,Chr2_13546344.0,13546344,0.002795753,1,AT2G31862,AT2G31862,AT2G31862,0.0
1,Chr1_3720410.0,3720410,0.002796131,0,,,,
2,Chr2_13344075.0,13344075,0.002796322,1,AT2G31290,AT2G31290,AT2G31290,0.0
2,Chr2_13346831.0,13346831,0.002796322,1,AT2G31300,AT2G31300,AT2G31300,0.0
5,Chr5_317487.0,317487,0.002796322,0,,,,
5,Chr5_10658546.0,10658546,0.002796468,0,,,,
2,Chr2_10680547.0,10680547,0.002797109,1,AT2G25100,AT2G25100,AT2G25100,0.0
5,Chr5_21048853.0,21048853,0.002797156,1,AT5G51800,AT5G51800,AT5G51800,0.0
5,Chr5_21049283.0,21049283,0.002797156,1,AT5G51800,AT5G51800,AT5G51800,0.0
5,Chr5_2830297.0,2830297,0.002798108,1,AT5G08695,AT5G08695,AT5G08695,0.0
2,Chr2_12075345.0,12075345,0.002798901,0,,,,
5,Chr5_10342078.0,10342078,0.002798913,1,AT5G28390,AT5G28390,AT5G28390,0.0
3,Chr3_20966251.0,20966251,0.002800505,1,AT3G56590,AT3G56590,AT3G56590,0.0
3,Chr3_12061086.0,12061086,0.002801023,0,,,,
1,Chr1_2982197.0,2982197,0.002801595,1,AT1G09230,AT1G09230,AT1G09230,0.0
1,Chr1_30250775.0,30250775,0.002802196,0,,,,
4,Chr4_16471559.0,16471559,0.002802334,0,,,,
4,Chr4_6033547.0,6033547,0.002802755,0,,,,
4,Chr4_13105626.0,13105626,0.002802989,1,AT4G25730,AT4G25730,AT4G25730,0.0
4,Chr4_4704796.0,4704796,0.00280299,0,,,,
3,Chr3_15423511.0,15423511,0.002803507,0,,,,
1,Chr1_3284660.0,3284660,0.002803965,1,AT1G10060,AT1G10060,AT1G10060,0.0
1,Chr1_5187251.0,5187251,0.002804345,0,,,,
3,Chr3_9138170.0,9138170,0.00280474,0,,,,
4,Chr4_3878883.0,3878883,0.00280487,0,,,,
1,Chr1_10487720.0,10487720,0.002804946,0,,,,
4,Chr4_1832496.0,1832496,0.0028063,0,,,,
2,Chr2_1113583.0,1113583,0.002806353,0,,,,
5,Chr5_14894204.0,14894204,0.002806472,1,AT5G37500,AT5G37500,AT5G37500,0.0
1,Chr1_22909196.0,22909196,0.002806511,1,AT1G61980,AT1G61980,AT1G61980,0.0
1,Chr1_5483874.0,5483874,0.00280681,1,AT1G15960,AT1G15960,AT1G15960,0.0
4,Chr4_7227543.0,7227543,0.002808092,0,,,,
4,Chr4_8722723.0,8722723,0.00280845,1,AT4G15290,AT4G15290,AT4G15290,0.0
4,Chr4_529067.0,529067,0.002808949,1,AT4G01260,AT4G01260,AT4G01260,0.0
4,Chr4_529222.0,529222,0.002808949,1,AT4G01260,AT4G01260,AT4G01260,0.0
1,Chr1_30011961.0,30011961,0.00280967,0,,,,
4,Chr4_7195273.0,7195273,0.002809692,0,,,,
3,Chr3_21391476.0,21391476,0.002810142,1,AT3G57730,AT3G57730,AT3G57730,0.0
1,Chr1_22626947.0,22626947,0.002810203,0,,,,
3,Chr3_6565051.0,6565051,0.002810777,0,,,,
5,Chr5_13968675.0,13968675,0.002810862,0,,,,
4,Chr4_10101695.0,10101695,0.002810911,1,AT4G18270,AT4G18270,AT4G18270,0.0
2,Chr2_3217397.0,3217397,0.002811446,0,,,,
4,Chr4_3785832.0,3785832,0.002811784,0,,,,
5,Chr5_19114843.0,19114843,0.002812005,0,,,,
5,Chr5_10754431.0,10754431,0.002812719,0,,,,
2,Chr2_7492734.0,7492734,0.002812922,0,,,,
2,Chr2_7492777.0,7492777,0.002812922,0,,,,
1,Chr1_4246803.0,4246803,0.002813662,0,,,,
4,Chr4_1987258.0,1987258,0.002814373,0,,,,
4,Chr4_1989577.0,1989577,0.002814373,0,,,,
4,Chr4_1994594.0,1994594,0.002814373,0,,,,
4,Chr4_6105484.0,6105484,0.002814389,1,AT4G09660,AT4G09660,AT4G09660,0.0
4,Chr4_521801.0,521801,0.00281501,1,AT4G01240,AT4G01240,AT4G01240,0.0
5,Chr5_10714496.0,10714496,0.002815098,0,,,,
2,Chr2_331595.0,331595,0.002816443,1,AT2G01750,AT2G01750,AT2G01750,0.0
3,Chr3_10898365.0,10898365,0.002816543,1,AT3G28890,AT3G28890,AT3G28890,0.0
4,Chr4_2915011.0,2915011,0.002816753,0,,,,
4,Chr4_15798930.0,15798930,0.002817478,0,,,,
1,Chr1_24289748.0,24289748,0.002818164,0,,,,
4,Chr4_18386420.0,18386420,0.002818423,1,AT4G39580,AT4G39580,AT4G39580,0.0
2,Chr2_1607096.0,1607096,0.002818615,0,,,,
2,Chr2_1607549.0,1607549,0.002818615,0,,,,
2,Chr2_7461375.0,7461375,0.002818688,1,AT2G17130,AT2G17130,AT2G17130,0.0
2,Chr2_7461402.0,7461402,0.002818688,1,AT2G17130,AT2G17130,AT2G17130,0.0
2,Chr2_7461538.0,7461538,0.002818688,1,AT2G17130,AT2G17130,AT2G17130,0.0
2,Chr2_7461539.0,7461539,0.002818688,1,AT2G17130,AT2G17130,AT2G17130,0.0
2,Chr2_7461549.0,7461549,0.002818688,1,AT2G17130,AT2G17130,AT2G17130,0.0
2,Chr2_7461644.0,7461644,0.002818688,1,AT2G17130,AT2G17130,AT2G17130,0.0
5,Chr5_22642505.0,22642505,0.002818976,0,,,,
4,Chr4_17115745.0,17115745,0.002819867,1,AT4G36170,AT4G36170,AT4G36170,0.0
4,Chr4_17118920.0,17118920,0.002819867,1,AT4G36170,AT4G36170,AT4G36170,0.0
4,Chr4_17119662.0,17119662,0.002819867,1,AT4G36170,AT4G36170,AT4G36170,0.0
2,Chr2_11137549.0,11137549,0.002819911,0,,,,
4,Chr4_3343643.0,3343643,0.002820344,0,,,,
4,Chr4_4703508.0,4703508,0.002820522,0,,,,
2,Chr2_12727411.0,12727411,0.002820548,0,,,,
4,Chr4_7027683.0,7027683,0.002821179,0,,,,
4,Chr4_3789399.0,3789399,0.002821787,0,,,,
3,Chr3_6536093.0,6536093,0.002822012,0,,,,
1,Chr1_13580133.0,13580133,0.002822037,0,,,,
5,Chr5_15997560.0,15997560,0.00282224,0,,,,
5,Chr5_7549874.0,7549874,0.002823327,1,AT5G22720,AT5G22720,AT5G22720,0.0
3,Chr3_14880569.0,14880569,0.00282354,0,,,,
1,Chr1_24264743.0,24264743,0.002823578,0,,,,
3,Chr3_18981195.0,18981195,0.00282472,1,AT3G51100,AT3G51100,AT3G51100,0.0
5,Chr5_9762488.0,9762488,0.002824758,0,,,,
5,Chr5_9762551.0,9762551,0.002824758,0,,,,
1,Chr1_8354229.0,8354229,0.002825811,1,AT1G23560,AT1G23560,AT1G23560,0.0
5,Chr5_15075207.0,15075207,0.002826104,0,,,,
5,Chr5_7216646.0,7216646,0.002826149,0,,,,
1,Chr1_12173943.0,12173943,0.002827943,0,,,,
1,Chr1_12174021.0,12174021,0.002827943,0,,,,
4,Chr4_2529577.0,2529577,0.002828638,0,,,,
3,Chr3_4635406.0,4635406,0.002828767,0,,,,
1,Chr1_29702167.0,29702167,0.002828803,0,,,,
1,Chr1_29702186.0,29702186,0.002828803,0,,,,
5,Chr5_9707919.0,9707919,0.002829399,0,,,,
2,Chr2_6995123.0,6995123,0.002829541,0,,,,
4,Chr4_6290677.0,6290677,0.002830475,1,AT4G10060,AT4G10060,AT4G10060,0.0
2,Chr2_11171042.0,11171042,0.002830641,1,AT2G26250,AT2G26250,AT2G26250,0.0
3,Chr3_19426220.0,19426220,0.002831094,1,AT3G52400,AT3G52400,AT3G52400,0.0
5,Chr5_25091902.0,25091902,0.002831238,0,,,,
1,Chr1_15833219.0,15833219,0.002831294,0,,,,
2,Chr2_5048951.0,5048951,0.002831467,0,,,,
5,Chr5_8601605.0,8601605,0.002832219,1,AT5G24960,AT5G24960,AT5G24960,0.0
4,Chr4_4682517.0,4682517,0.00283263,0,,,,
1,Chr1_19112395.0,19112395,0.00283347,0,,,,
1,Chr1_10594183.0,10594183,0.002833673,0,,,,
1,Chr1_10595656.0,10595656,0.002833673,0,,,,
5,Chr5_5754770.0,5754770,0.002834598,0,,,,
5,Chr5_5754834.0,5754834,0.002834598,0,,,,
5,Chr5_10836745.0,10836745,0.002834928,0,,,,
1,Chr1_6519420.0,6519420,0.002835441,1,AT1G18871,AT1G18871,AT1G18871,0.0
1,Chr1_6519476.0,6519476,0.002835441,1,AT1G18871,AT1G18871,AT1G18871,0.0
1,Chr1_6519477.0,6519477,0.002835441,1,AT1G18871,AT1G18871,AT1G18871,0.0
2,Chr2_12042200.0,12042200,0.002836074,0,,,,
5,Chr5_10872223.0,10872223,0.002836574,0,,,,
4,Chr4_1475933.0,1475933,0.002836712,0,,,,
4,Chr4_1475934.0,1475934,0.002836712,0,,,,
2,Chr2_1316507.0,1316507,0.002836918,0,,,,
1,Chr1_20469529.0,20469529,0.002838385,0,,,,
1,Chr1_20470409.0,20470409,0.002838385,0,,,,
1,Chr1_20471244.0,20471244,0.002838385,1,AT1G54920,AT1G54920,AT1G54920,0.0
1,Chr1_20471309.0,20471309,0.002838385,1,AT1G54920,AT1G54920,AT1G54920,0.0
1,Chr1_20471342.0,20471342,0.002838385,1,AT1G54920,AT1G54920,AT1G54920,0.0
1,Chr1_20471389.0,20471389,0.002838385,1,AT1G54920,AT1G54920,AT1G54920,0.0
1,Chr1_20471533.0,20471533,0.002838385,1,AT1G54920,AT1G54920,AT1G54920,0.0
1,Chr1_20471612.0,20471612,0.002838385,1,AT1G54920,AT1G54920,AT1G54920,0.0
1,Chr1_20471614.0,20471614,0.002838385,1,AT1G54920,AT1G54920,AT1G54920,0.0
1,Chr1_20471670.0,20471670,0.002838385,1,AT1G54920,AT1G54920,AT1G54920,0.0
1,Chr1_20471704.0,20471704,0.002838385,1,AT1G54920,AT1G54920,AT1G54920,0.0
1,Chr1_20471734.0,20471734,0.002838385,1,AT1G54920,AT1G54920,AT1G54920,0.0
1,Chr1_20471771.0,20471771,0.002838385,1,AT1G54920,AT1G54920,AT1G54920,0.0
1,Chr1_20471777.0,20471777,0.002838385,1,AT1G54920,AT1G54920,AT1G54920,0.0
1,Chr1_20471793.0,20471793,0.002838385,1,AT1G54920,AT1G54920,AT1G54920,0.0
1,Chr1_20471829.0,20471829,0.002838385,1,AT1G54920,AT1G54920,AT1G54920,0.0
1,Chr1_20471919.0,20471919,0.002838385,1,AT1G54920,AT1G54920,AT1G54920,0.0
1,Chr1_20472227.0,20472227,0.002838385,1,AT1G54920,AT1G54920,AT1G54920,0.0
1,Chr1_20472349.0,20472349,0.002838385,1,AT1G54920,AT1G54920,AT1G54920,0.0
1,Chr1_20472486.0,20472486,0.002838385,1,AT1G54920,AT1G54920,AT1G54920,0.0
1,Chr1_20473556.0,20473556,0.002838385,1,AT1G54920,AT1G54920,AT1G54920,0.0
1,Chr1_20474881.0,20474881,0.002838385,1,AT1G54920,AT1G54920,AT1G54920,0.0
1,Chr1_20474923.0,20474923,0.002838385,1,AT1G54920,AT1G54920,AT1G54920,0.0
1,Chr1_14299070.0,14299070,0.002838653,0,,,,
3,Chr3_18981238.0,18981238,0.002838973,1,AT3G51100,AT3G51100,AT3G51100,0.0
5,Chr5_3570430.0,3570430,0.002841415,1,AT5G11200,AT5G11200,AT5G11200,0.0
5,Chr5_9702248.0,9702248,0.002842478,0,,,,
4,Chr4_10209839.0,10209839,0.002843016,0,,,,
5,Chr5_2209441.0,2209441,0.002843052,1,AT5G07120,AT5G07120,AT5G07120,0.0
4,Chr4_6992167.0,6992167,0.002843338,1,AT4G11540,AT4G11540,AT4G11540,0.0
5,Chr5_6985976.0,6985976,0.002843775,1,AT5G20650,AT5G20650,AT5G20650,0.0
5,Chr5_6994591.0,6994591,0.002843775,0,,,,
5,Chr5_6995373.0,6995373,0.002843775,0,,,,
5,Chr5_6995375.0,6995375,0.002843775,0,,,,
5,Chr5_6995377.0,6995377,0.002843775,0,,,,
1,Chr1_23712168.0,23712168,0.00284468,0,,,,
3,Chr3_14753219.0,14753219,0.00284528,1,AT3G42660,AT3G42660,AT3G42660,0.0
2,Chr2_5817509.0,5817509,0.002845381,0,,,,
4,Chr4_17520571.0,17520571,0.002845493,0,,,,
4,Chr4_17972562.0,17972562,0.002845857,1,AT4G38380,AT4G38380,AT4G38380,0.0
3,Chr3_17912503.0,17912503,0.002846113,0,,,,
4,Chr4_17396905.0,17396905,0.002846156,0,,,,
2,Chr2_4699824.0,4699824,0.002847278,0,,,,
4,Chr4_11735490.0,11735490,0.0028476,0,,,,
3,Chr3_14862492.0,14862492,0.002847988,0,,,,
2,Chr2_5367505.0,5367505,0.002849304,0,,,,
5,Chr5_10656941.0,10656941,0.002849916,0,,,,
5,Chr5_10656967.0,10656967,0.002849916,0,,,,
4,Chr4_80014.0,80014,0.002850055,0,,,,
3,Chr3_21379903.0,21379903,0.002850121,0,,,,
1,Chr1_17825295.0,17825295,0.002850227,0,,,,
4,Chr4_18371308.0,18371308,0.002850377,1,AT4G39520,AT4G39520,AT4G39520,0.0
4,Chr4_18371328.0,18371328,0.002850377,1,AT4G39520,AT4G39520,AT4G39520,0.0
1,Chr1_27261590.0,27261590,0.002851539,1,AT1G72420,AT1G72420,AT1G72420,0.0
5,Chr5_15923444.0,15923444,0.00285158,1,AT5G39770,AT5G39770,AT5G39770,0.0
3,Chr3_13874541.0,13874541,0.002852207,0,,,,
1,Chr1_17191720.0,17191720,0.00285238,1,AT1G45688,AT1G45688,AT1G45688,0.0
5,Chr5_10100324.0,10100324,0.002852846,0,,,,
3,Chr3_15883235.0,15883235,0.002852894,1,AT3G44130,AT3G44130,AT3G44130,0.0
4,Chr4_5111189.0,5111189,0.002853095,0,,,,
2,Chr2_4191246.0,4191246,0.002854059,0,,,,
5,Chr5_24167496.0,24167496,0.002855626,1,AT5G60022,AT5G60022,AT5G60022,0.0
5,Chr5_24167987.0,24167987,0.002855626,1,AT5G60022,AT5G60022,AT5G60022,0.0
5,Chr5_24170043.0,24170043,0.002855626,2,AT5G60020;AT5G60022,AT5G60020,AT5G60020,0.0
5,Chr5_24171596.0,24171596,0.002855626,0,,,,
5,Chr5_24175125.0,24175125,0.002855626,1,AT5G60040,AT5G60040,AT5G60040,0.0
5,Chr5_24176084.0,24176084,0.002855626,1,AT5G60040,AT5G60040,AT5G60040,0.0
5,Chr5_24177512.0,24177512,0.002855626,1,AT5G60040,AT5G60040,AT5G60040,0.0
5,Chr5_24180995.0,24180995,0.002855626,1,AT5G60040,AT5G60040,AT5G60040,0.0
1,Chr1_18173394.0,18173394,0.002856421,0,,,,
5,Chr5_4709327.0,4709327,0.002856665,0,,,,
5,Chr5_4715830.0,4715830,0.002856665,1,AT5G14620,AT5G14620,AT5G14620,0.0
5,Chr5_17616129.0,17616129,0.002856815,1,AT5G43810,AT5G43810,AT5G43810,0.0
5,Chr5_23217250.0,23217250,0.002856969,1,AT5G57320,AT5G57320,AT5G57320,0.0
2,Chr2_5406717.0,5406717,0.002857499,0,,,,
5,Chr5_15841502.0,15841502,0.002857511,0,,,,
2,Chr2_4777242.0,4777242,0.002858123,0,,,,
1,Chr1_8540528.0,8540528,0.00285844,0,,,,
5,Chr5_16623187.0,16623187,0.002859508,0,,,,
5,Chr5_16623199.0,16623199,0.002859508,0,,,,
2,Chr2_4834478.0,4834478,0.002859602,0,,,,
2,Chr2_4834533.0,4834533,0.002859602,0,,,,
2,Chr2_4834893.0,4834893,0.002859602,0,,,,
2,Chr2_4836227.0,4836227,0.002859602,0,,,,
2,Chr2_4836541.0,4836541,0.002859602,0,,,,
2,Chr2_4837780.0,4837780,0.002859602,0,,,,
2,Chr2_4837924.0,4837924,0.002859602,0,,,,
2,Chr2_4838421.0,4838421,0.002859602,0,,,,
4,Chr4_5941999.0,5941999,0.002859647,1,AT4G09360,AT4G09360,AT4G09360,0.0
4,Chr4_5942209.0,5942209,0.002859647,1,AT4G09360,AT4G09360,AT4G09360,0.0
4,Chr4_5952159.0,5952159,0.002859647,0,,,,
4,Chr4_5952372.0,5952372,0.002859647,0,,,,
4,Chr4_5956254.0,5956254,0.002859647,0,,,,
4,Chr4_5959721.0,5959721,0.002859647,0,,,,
1,Chr1_5639905.0,5639905,0.002859711,1,AT1G16500,AT1G16500,AT1G16500,0.0
3,Chr3_15556220.0,15556220,0.002860028,0,,,,
1,Chr1_3875842.0,3875842,0.002860268,1,AT1G11540,AT1G11540,AT1G11540,0.0
4,Chr4_7026352.0,7026352,0.002860277,0,,,,
3,Chr3_4637577.0,4637577,0.002860318,1,AT3G14010,AT3G14010,AT3G14010,0.0
1,Chr1_10570005.0,10570005,0.002860337,0,,,,
4,Chr4_17706149.0,17706149,0.002860664,0,,,,
3,Chr3_14282638.0,14282638,0.002860826,0,,,,
3,Chr3_7599686.0,7599686,0.002861093,0,,,,
1,Chr1_4413561.0,4413561,0.002861543,0,,,,
4,Chr4_5542712.0,5542712,0.002862071,0,,,,
4,Chr4_5544647.0,5544647,0.002862071,0,,,,
3,Chr3_11964475.0,11964475,0.002862195,0,,,,
5,Chr5_25537270.0,25537270,0.002862218,1,AT5G63810,AT5G63810,AT5G63810,0.0
5,Chr5_19739499.0,19739499,0.002865007,1,AT5G48670,AT5G48670,AT5G48670,0.0
3,Chr3_15777587.0,15777587,0.002865643,1,AT3G43970,AT3G43970,AT3G43970,0.0
2,Chr2_12181410.0,12181410,0.002866426,0,,,,
2,Chr2_12181427.0,12181427,0.002866426,0,,,,
2,Chr2_12181442.0,12181442,0.002866426,0,,,,
2,Chr2_1371225.0,1371225,0.002866452,0,,,,
5,Chr5_12317414.0,12317414,0.002867137,0,,,,
4,Chr4_5633627.0,5633627,0.002867334,1,AT4G08840,AT4G08840,AT4G08840,0.0
2,Chr2_15721303.0,15721303,0.002867767,1,AT2G37440,AT2G37440,AT2G37440,0.0
5,Chr5_17069626.0,17069626,0.002867795,1,AT5G42620,AT5G42620,AT5G42620,0.0
5,Chr5_4744775.0,4744775,0.002867958,0,,,,
3,Chr3_3510146.0,3510146,0.0028682,1,AT3G11200,AT3G11200,AT3G11200,0.0
1,Chr1_26769851.0,26769851,0.002868309,1,AT1G71000,AT1G71000,AT1G71000,0.0
4,Chr4_8722066.0,8722066,0.00286886,1,AT4G15290,AT4G15290,AT4G15290,0.0
4,Chr4_8722067.0,8722067,0.00286886,1,AT4G15290,AT4G15290,AT4G15290,0.0
4,Chr4_8722073.0,8722073,0.00286886,1,AT4G15290,AT4G15290,AT4G15290,0.0
4,Chr4_8722074.0,8722074,0.00286886,1,AT4G15290,AT4G15290,AT4G15290,0.0
4,Chr4_8722075.0,8722075,0.00286886,1,AT4G15290,AT4G15290,AT4G15290,0.0
4,Chr4_8722318.0,8722318,0.00286886,1,AT4G15290,AT4G15290,AT4G15290,0.0
3,Chr3_11080222.0,11080222,0.002869093,0,,,,
3,Chr3_14824609.0,14824609,0.002869333,0,,,,
2,Chr2_133383.0,133383,0.002869746,1,AT2G01250,AT2G01250,AT2G01250,0.0
2,Chr2_3137116.0,3137116,0.002870563,0,,,,
5,Chr5_23816744.0,23816744,0.002870815,0,,,,
1,Chr1_12281909.0,12281909,0.00287091,0,,,,
1,Chr1_12282237.0,12282237,0.00287091,0,,,,
1,Chr1_12282977.0,12282977,0.00287091,0,,,,
1,Chr1_12283838.0,12283838,0.00287091,0,,,,
4,Chr4_10044557.0,10044557,0.00287109,1,AT4G18130,AT4G18130,AT4G18130,0.0
3,Chr3_13238528.0,13238528,0.002871142,1,AT3G32280,AT3G32280,AT3G32280,0.0
1,Chr1_3346045.0,3346045,0.002871312,0,,,,
4,Chr4_8872359.0,8872359,0.002871469,0,,,,
2,Chr2_10210308.0,10210308,0.002871967,1,AT2G24000,AT2G24000,AT2G24000,0.0
3,Chr3_22720358.0,22720358,0.002873133,1,AT3G61400,AT3G61400,AT3G61400,0.0
5,Chr5_26408575.0,26408575,0.002873326,1,AT5G66030,AT5G66030,AT5G66030,0.0
2,Chr2_6077979.0,6077979,0.002875087,0,,,,
4,Chr4_2122159.0,2122159,0.002875425,0,,,,
2,Chr2_5113563.0,5113563,0.002875618,0,,,,
5,Chr5_10629997.0,10629997,0.002875829,0,,,,
4,Chr4_11872493.0,11872493,0.002876464,0,,,,
4,Chr4_8305084.0,8305084,0.002876722,1,AT4G14430,AT4G14430,AT4G14430,0.0
3,Chr3_13873105.0,13873105,0.002877449,0,,,,
1,Chr1_13603887.0,13603887,0.002878271,0,,,,
5,Chr5_26611108.0,26611108,0.002878931,0,,,,
5,Chr5_26611110.0,26611110,0.002878931,0,,,,
3,Chr3_6541422.0,6541422,0.002879113,0,,,,
3,Chr3_6541601.0,6541601,0.002879113,1,AT3G18957,AT3G18957,AT3G18957,0.0
2,Chr2_1687858.0,1687858,0.002879316,0,,,,
5,Chr5_10674321.0,10674321,0.00287995,0,,,,
2,Chr2_7855400.0,7855400,0.002880575,0,,,,
1,Chr1_29050620.0,29050620,0.002880827,0,,,,
5,Chr5_26004258.0,26004258,0.00288086,1,AT5G65090,AT5G65090,AT5G65090,0.0
1,Chr1_17527918.0,17527918,0.002880965,0,,,,
1,Chr1_1398240.0,1398240,0.002881111,1,AT1G04930,AT1G04930,AT1G04930,0.0
1,Chr1_3267241.0,3267241,0.002881214,1,AT1G10010,AT1G10010,AT1G10010,0.0
4,Chr4_1776263.0,1776263,0.00288179,0,,,,
1,Chr1_15567889.0,15567889,0.002882244,0,,,,
1,Chr1_23254921.0,23254921,0.002882348,1,AT1G62800,AT1G62800,AT1G62800,0.0
1,Chr1_14606383.0,14606383,0.002882585,0,,,,
2,Chr2_19673300.0,19673300,0.002882661,1,AT2G48110,AT2G48110,AT2G48110,0.0
2,Chr2_19673704.0,19673704,0.002882661,1,AT2G48110,AT2G48110,AT2G48110,0.0
2,Chr2_19680183.0,19680183,0.002882661,1,AT2G48120,AT2G48120,AT2G48120,0.0
2,Chr2_19680542.0,19680542,0.002882661,1,AT2G48120,AT2G48120,AT2G48120,0.0
2,Chr2_19681501.0,19681501,0.002882661,1,AT2G48120,AT2G48120,AT2G48120,0.0
2,Chr2_19690323.0,19690323,0.002882661,1,AT2G48160,AT2G48160,AT2G48160,0.0
4,Chr4_8722706.0,8722706,0.002882776,1,AT4G15290,AT4G15290,AT4G15290,0.0
4,Chr4_8722708.0,8722708,0.002882776,1,AT4G15290,AT4G15290,AT4G15290,0.0
5,Chr5_21166763.0,21166763,0.002883713,0,,,,
4,Chr4_4643344.0,4643344,0.002884159,0,,,,
5,Chr5_21215748.0,21215748,0.002885015,0,,,,
3,Chr3_13874801.0,13874801,0.002885977,0,,,,
2,Chr2_9279497.0,9279497,0.002887381,0,,,,
1,Chr1_21730251.0,21730251,0.002887705,1,AT1G58520,AT1G58520,AT1G58520,0.0
4,Chr4_4712991.0,4712991,0.002887788,0,,,,
4,Chr4_4713000.0,4713000,0.002887788,0,,,,
4,Chr4_4713018.0,4713018,0.002887788,0,,,,
4,Chr4_4713020.0,4713020,0.002887788,0,,,,
4,Chr4_4713024.0,4713024,0.002887788,0,,,,
4,Chr4_7437497.0,7437497,0.00288806,0,,,,
4,Chr4_16471448.0,16471448,0.002888147,0,,,,
5,Chr5_10367689.0,10367689,0.002889021,0,,,,
1,Chr1_6868109.0,6868109,0.002889026,0,,,,
3,Chr3_18245774.0,18245774,0.002889201,0,,,,
3,Chr3_18245775.0,18245775,0.002889201,0,,,,
3,Chr3_18245783.0,18245783,0.002889201,0,,,,
3,Chr3_18245788.0,18245788,0.002889201,0,,,,
3,Chr3_10778961.0,10778961,0.00288958,1,AT3G28715,AT3G28715,AT3G28715,0.0
3,Chr3_10779186.0,10779186,0.00288958,1,AT3G28715,AT3G28715,AT3G28715,0.0
1,Chr1_3261120.0,3261120,0.002889648,1,AT1G09980,AT1G09980,AT1G09980,0.0
4,Chr4_14122210.0,14122210,0.002889697,1,AT4G28570,AT4G28570,AT4G28570,0.0
4,Chr4_14122221.0,14122221,0.002889697,1,AT4G28570,AT4G28570,AT4G28570,0.0
2,Chr2_18270175.0,18270175,0.002889909,1,AT2G44180,AT2G44180,AT2G44180,0.0
2,Chr2_19056900.0,19056900,0.002890528,1,AT2G46420,AT2G46420,AT2G46420,0.0
2,Chr2_4053967.0,4053967,0.002890658,0,,,,
4,Chr4_6769473.0,6769473,0.002890828,1,AT4G11100,AT4G11100,AT4G11100,0.0
5,Chr5_25313024.0,25313024,0.002890982,0,,,,
3,Chr3_13268460.0,13268460,0.002891307,0,,,,
3,Chr3_13268472.0,13268472,0.002891307,0,,,,
3,Chr3_13268552.0,13268552,0.002891307,0,,,,
3,Chr3_15368067.0,15368067,0.002892311,1,AT3G43440,AT3G43440,AT3G43440,0.0
4,Chr4_1989576.0,1989576,0.002892594,0,,,,
1,Chr1_20473941.0,20473941,0.002893419,1,AT1G54920,AT1G54920,AT1G54920,0.0
1,Chr1_12037873.0,12037873,0.002893685,0,,,,
3,Chr3_8104487.0,8104487,0.00289377,0,,,,
1,Chr1_2657577.0,2657577,0.002893935,0,,,,
4,Chr4_2550069.0,2550069,0.002895097,0,,,,
5,Chr5_10759854.0,10759854,0.00289545,0,,,,
3,Chr3_23101078.0,23101078,0.002895806,0,,,,
1,Chr1_12166647.0,12166647,0.002895902,0,,,,
4,Chr4_17554867.0,17554867,0.002896086,1,AT4G37300,AT4G37300,AT4G37300,0.0
4,Chr4_17555943.0,17555943,0.002896086,1,AT4G37310,AT4G37310,AT4G37310,0.0
4,Chr4_17556133.0,17556133,0.002896086,1,AT4G37310,AT4G37310,AT4G37310,0.0
4,Chr4_17556733.0,17556733,0.002896086,1,AT4G37310,AT4G37310,AT4G37310,0.0
4,Chr4_17556877.0,17556877,0.002896086,1,AT4G37310,AT4G37310,AT4G37310,0.0
4,Chr4_17556919.0,17556919,0.002896086,1,AT4G37310,AT4G37310,AT4G37310,0.0
4,Chr4_17556920.0,17556920,0.002896086,1,AT4G37310,AT4G37310,AT4G37310,0.0
4,Chr4_17556924.0,17556924,0.002896086,1,AT4G37310,AT4G37310,AT4G37310,0.0
4,Chr4_17557185.0,17557185,0.002896086,1,AT4G37310,AT4G37310,AT4G37310,0.0
4,Chr4_17557228.0,17557228,0.002896086,1,AT4G37310,AT4G37310,AT4G37310,0.0
4,Chr4_17557244.0,17557244,0.002896086,1,AT4G37310,AT4G37310,AT4G37310,0.0
3,Chr3_11269575.0,11269575,0.002896484,0,,,,
1,Chr1_24649604.0,24649604,0.002898119,0,,,,
5,Chr5_18434255.0,18434255,0.002898802,1,AT5G45500,AT5G45500,AT5G45500,0.0
5,Chr5_18434277.0,18434277,0.002898802,1,AT5G45500,AT5G45500,AT5G45500,0.0
5,Chr5_14647088.0,14647088,0.002899722,0,,,,
3,Chr3_15407371.0,15407371,0.00290074,1,AT3G43520,AT3G43520,AT3G43520,0.0
3,Chr3_15407441.0,15407441,0.00290074,1,AT3G43520,AT3G43520,AT3G43520,0.0
4,Chr4_8411879.0,8411879,0.002900822,1,AT4G14670,AT4G14670,AT4G14670,0.0
1,Chr1_12897365.0,12897365,0.00290209,1,AT1G35210,AT1G35210,AT1G35210,0.0
1,Chr1_17189488.0,17189488,0.002902167,0,,,,
4,Chr4_1943776.0,1943776,0.002902793,0,,,,
4,Chr4_3836221.0,3836221,0.002903307,0,,,,
5,Chr5_9762320.0,9762320,0.002903457,0,,,,
3,Chr3_22914727.0,22914727,0.00290384,1,AT3G61890,AT3G61890,AT3G61890,0.0
3,Chr3_22914807.0,22914807,0.00290384,1,AT3G61890,AT3G61890,AT3G61890,0.0
3,Chr3_22915695.0,22915695,0.00290384,0,,,,
5,Chr5_9568340.0,9568340,0.002904175,0,,,,
5,Chr5_10778699.0,10778699,0.002905426,0,,,,
2,Chr2_9297282.0,9297282,0.002905977,1,AT2G21790,AT2G21790,AT2G21790,0.0
2,Chr2_9305213.0,9305213,0.002905977,1,AT2G21830,AT2G21830,AT2G21830,0.0
1,Chr1_11319047.0,11319047,0.002906146,1,AT1G31630,AT1G31630,AT1G31630,0.0
5,Chr5_3165299.0,3165299,0.002906194,0,,,,
4,Chr4_7999843.0,7999843,0.002906433,1,AT4G13790,AT4G13790,AT4G13790,0.0
4,Chr4_7999997.0,7999997,0.002906433,1,AT4G13790,AT4G13790,AT4G13790,0.0
3,Chr3_9552887.0,9552887,0.002906914,1,AT3G26125,AT3G26125,AT3G26125,0.0
3,Chr3_9552932.0,9552932,0.002906914,1,AT3G26125,AT3G26125,AT3G26125,0.0
3,Chr3_9552966.0,9552966,0.002906914,1,AT3G26125,AT3G26125,AT3G26125,0.0
3,Chr3_11335036.0,11335036,0.00290717,0,,,,
3,Chr3_11335079.0,11335079,0.00290717,0,,,,
4,Chr4_8419339.0,8419339,0.002907197,0,,,,
3,Chr3_5985566.0,5985566,0.002907536,1,AT3G17490,AT3G17490,AT3G17490,0.0
3,Chr3_5985625.0,5985625,0.002907536,1,AT3G17490,AT3G17490,AT3G17490,0.0
4,Chr4_12976111.0,12976111,0.002907946,1,AT4G25380,AT4G25380,AT4G25380,0.0
3,Chr3_6567369.0,6567369,0.002908066,1,AT3G19040,AT3G19040,AT3G19040,0.0
3,Chr3_6567403.0,6567403,0.002908066,1,AT3G19040,AT3G19040,AT3G19040,0.0
3,Chr3_6567555.0,6567555,0.002908066,1,AT3G19040,AT3G19040,AT3G19040,0.0
3,Chr3_6567583.0,6567583,0.002908066,1,AT3G19040,AT3G19040,AT3G19040,0.0
3,Chr3_6567648.0,6567648,0.002908066,1,AT3G19040,AT3G19040,AT3G19040,0.0
3,Chr3_6567669.0,6567669,0.002908066,1,AT3G19040,AT3G19040,AT3G19040,0.0
3,Chr3_6567695.0,6567695,0.002908066,1,AT3G19040,AT3G19040,AT3G19040,0.0
3,Chr3_6567786.0,6567786,0.002908066,1,AT3G19040,AT3G19040,AT3G19040,0.0
1,Chr1_19628038.0,19628038,0.002908124,0,,,,
2,Chr2_5685078.0,5685078,0.002908128,1,AT2G13630,AT2G13630,AT2G13630,0.0
1,Chr1_11311286.0,11311286,0.002908151,1,AT1G31580,AT1G31580,AT1G31580,0.0
4,Chr4_14004563.0,14004563,0.002908383,1,AT4G28260,AT4G28260,AT4G28260,0.0
3,Chr3_5135524.0,5135524,0.002908402,1,AT3G15240,AT3G15240,AT3G15240,0.0
2,Chr2_5170835.0,5170835,0.002908465,0,,,,
1,Chr1_11311425.0,11311425,0.002909118,1,AT1G31580,AT1G31580,AT1G31580,0.0
4,Chr4_7850621.0,7850621,0.002909355,0,,,,
1,Chr1_3387417.0,3387417,0.00291019,1,AT1G10320,AT1G10320,AT1G10320,0.0
1,Chr1_3387420.0,3387420,0.00291019,1,AT1G10320,AT1G10320,AT1G10320,0.0
1,Chr1_3387559.0,3387559,0.00291019,1,AT1G10320,AT1G10320,AT1G10320,0.0
5,Chr5_525023.0,525023,0.002910347,0,,,,
3,Chr3_12951717.0,12951717,0.002911095,1,AT3G31950,AT3G31950,AT3G31950,0.0
5,Chr5_9361772.0,9361772,0.002912224,0,,,,
4,Chr4_18456374.0,18456374,0.002913618,0,,,,
5,Chr5_19213243.0,19213243,0.002914107,1,AT5G47350,AT5G47350,AT5G47350,0.0
5,Chr5_19213245.0,19213245,0.002914107,1,AT5G47350,AT5G47350,AT5G47350,0.0
3,Chr3_14966504.0,14966504,0.00291435,0,,,,
3,Chr3_14967572.0,14967572,0.00291435,0,,,,
3,Chr3_14968449.0,14968449,0.00291435,0,,,,
2,Chr2_2129759.0,2129759,0.002914393,0,,,,
2,Chr2_10135961.0,10135961,0.002914471,1,AT2G23810,AT2G23810,AT2G23810,0.0
2,Chr2_4105182.0,4105182,0.002914728,0,,,,
5,Chr5_17415302.0,17415302,0.002915008,0,,,,
4,Chr4_15289172.0,15289172,0.002915753,0,,,,
4,Chr4_15289243.0,15289243,0.002915753,0,,,,
4,Chr4_15289247.0,15289247,0.002915753,0,,,,
4,Chr4_15289296.0,15289296,0.002915753,0,,,,
4,Chr4_15289306.0,15289306,0.002915753,0,,,,
4,Chr4_15289344.0,15289344,0.002915753,0,,,,
4,Chr4_15289349.0,15289349,0.002915753,0,,,,
4,Chr4_15289389.0,15289389,0.002915753,0,,,,
4,Chr4_15289401.0,15289401,0.002915753,0,,,,
4,Chr4_15289412.0,15289412,0.002915753,0,,,,
4,Chr4_15289430.0,15289430,0.002915753,0,,,,
4,Chr4_15289432.0,15289432,0.002915753,0,,,,
5,Chr5_7737091.0,7737091,0.002915813,1,AT5G23060,AT5G23060,AT5G23060,0.0
2,Chr2_17412229.0,17412229,0.002916656,1,AT2G41740,AT2G41740,AT2G41740,0.0
2,Chr2_17412355.0,17412355,0.002916656,1,AT2G41740,AT2G41740,AT2G41740,0.0
2,Chr2_17412363.0,17412363,0.002916656,1,AT2G41740,AT2G41740,AT2G41740,0.0
2,Chr2_17412364.0,17412364,0.002916656,1,AT2G41740,AT2G41740,AT2G41740,0.0
2,Chr2_17412393.0,17412393,0.002916656,1,AT2G41740,AT2G41740,AT2G41740,0.0
2,Chr2_17412396.0,17412396,0.002916656,1,AT2G41740,AT2G41740,AT2G41740,0.0
2,Chr2_17412476.0,17412476,0.002916656,1,AT2G41740,AT2G41740,AT2G41740,0.0
2,Chr2_17412494.0,17412494,0.002916656,1,AT2G41740,AT2G41740,AT2G41740,0.0
2,Chr2_17412538.0,17412538,0.002916656,1,AT2G41740,AT2G41740,AT2G41740,0.0
3,Chr3_17383516.0,17383516,0.002917261,0,,,,
3,Chr3_17383586.0,17383586,0.002917261,0,,,,
3,Chr3_17385103.0,17385103,0.002917261,0,,,,
4,Chr4_5934600.0,5934600,0.00291867,0,,,,
3,Chr3_23100621.0,23100621,0.002919037,0,,,,
3,Chr3_23100969.0,23100969,0.002919037,0,,,,
3,Chr3_23100980.0,23100980,0.002919037,0,,,,
3,Chr3_23101214.0,23101214,0.002919037,0,,,,
3,Chr3_23101608.0,23101608,0.002919037,0,,,,
3,Chr3_23101625.0,23101625,0.002919037,0,,,,
3,Chr3_23102790.0,23102790,0.002919037,0,,,,
3,Chr3_23102935.0,23102935,0.002919037,0,,,,
3,Chr3_23103067.0,23103067,0.002919037,0,,,,
3,Chr3_23103086.0,23103086,0.002919037,0,,,,
3,Chr3_23103383.0,23103383,0.002919037,0,,,,
3,Chr3_23103502.0,23103502,0.002919037,0,,,,
1,Chr1_16627417.0,16627417,0.002919553,0,,,,
4,Chr4_8041113.0,8041113,0.002919657,0,,,,
4,Chr4_8041116.0,8041116,0.002919657,0,,,,
3,Chr3_2929597.0,2929597,0.002919957,1,AT3G09540,AT3G09540,AT3G09540,0.0
5,Chr5_14753552.0,14753552,0.002920998,0,,,,
1,Chr1_26001697.0,26001697,0.002921172,0,,,,
3,Chr3_18594531.0,18594531,0.002921905,1,AT3G50140,AT3G50140,AT3G50140,0.0
5,Chr5_3566123.0,3566123,0.002921979,0,,,,
2,Chr2_10209362.0,10209362,0.002922066,0,,,,
2,Chr2_10209399.0,10209399,0.002922066,0,,,,
2,Chr2_10209425.0,10209425,0.002922066,0,,,,
2,Chr2_10209448.0,10209448,0.002922066,0,,,,
2,Chr2_10209467.0,10209467,0.002922066,0,,,,
2,Chr2_10210276.0,10210276,0.002922066,1,AT2G24000,AT2G24000,AT2G24000,0.0
2,Chr2_10210333.0,10210333,0.002922066,1,AT2G24000,AT2G24000,AT2G24000,0.0
2,Chr2_10210346.0,10210346,0.002922066,1,AT2G24000,AT2G24000,AT2G24000,0.0
2,Chr2_10210365.0,10210365,0.002922066,1,AT2G24000,AT2G24000,AT2G24000,0.0
2,Chr2_10210376.0,10210376,0.002922066,1,AT2G24000,AT2G24000,AT2G24000,0.0
2,Chr2_10210383.0,10210383,0.002922066,1,AT2G24000,AT2G24000,AT2G24000,0.0
2,Chr2_10210393.0,10210393,0.002922066,1,AT2G24000,AT2G24000,AT2G24000,0.0
2,Chr2_4983973.0,4983973,0.002922387,0,,,,
2,Chr2_6648779.0,6648779,0.002923845,0,,,,
2,Chr2_6648911.0,6648911,0.002923845,0,,,,
3,Chr3_5166490.0,5166490,0.002925089,1,AT3G15350,AT3G15350,AT3G15350,0.0
3,Chr3_3356290.0,3356290,0.002925096,1,AT3G10720,AT3G10720,AT3G10720,0.0
1,Chr1_17687172.0,17687172,0.002928434,0,,,,
3,Chr3_15409781.0,15409781,0.002929569,0,,,,
4,Chr4_1185300.0,1185300,0.002929751,0,,,,
5,Chr5_21484876.0,21484876,0.00292983,1,AT5G52990,AT5G52990,AT5G52990,0.0
5,Chr5_21491361.0,21491361,0.00292983,1,AT5G53010,AT5G53010,AT5G53010,0.0
5,Chr5_21502254.0,21502254,0.00292983,1,AT5G53020,AT5G53020,AT5G53020,0.0
5,Chr5_22880743.0,22880743,0.002929835,0,,,,
3,Chr3_12430425.0,12430425,0.002930512,0,,,,
3,Chr3_15150140.0,15150140,0.002930898,1,AT3G43153,AT3G43153,AT3G43153,0.0
1,Chr1_17707513.0,17707513,0.002930929,0,,,,
2,Chr2_10661993.0,10661993,0.002931062,0,,,,
4,Chr4_4704903.0,4704903,0.002931381,0,,,,
4,Chr4_4704995.0,4704995,0.002931381,0,,,,
4,Chr4_4705063.0,4705063,0.002931381,0,,,,
4,Chr4_4705121.0,4705121,0.002931381,0,,,,
4,Chr4_4705126.0,4705126,0.002931381,0,,,,
4,Chr4_4705134.0,4705134,0.002931381,0,,,,
4,Chr4_4705135.0,4705135,0.002931381,0,,,,
3,Chr3_20633236.0,20633236,0.002931633,0,,,,
1,Chr1_1773809.0,1773809,0.002932025,0,,,,
3,Chr3_11829852.0,11829852,0.002932188,1,AT3G30200,AT3G30200,AT3G30200,0.0
1,Chr1_24503241.0,24503241,0.002932539,0,,,,
3,Chr3_9088108.0,9088108,0.002932744,1,AT3G24880,AT3G24880,AT3G24880,0.0
3,Chr3_9091755.0,9091755,0.002932744,1,AT3G24880,AT3G24880,AT3G24880,0.0
5,Chr5_19499536.0,19499536,0.002932889,0,,,,
1,Chr1_21709106.0,21709106,0.002933089,0,,,,
4,Chr4_6015065.0,6015065,0.002933104,0,,,,
4,Chr4_6033191.0,6033191,0.002933104,0,,,,
4,Chr4_6041890.0,6041890,0.002933104,1,AT4G09560,AT4G09560,AT4G09560,0.0
3,Chr3_21325961.0,21325961,0.002933829,0,,,,
2,Chr2_1689450.0,1689450,0.002934082,1,AT2G04810,AT2G04810,AT2G04810,0.0
2,Chr2_6097422.0,6097422,0.002934263,0,,,,
1,Chr1_4188906.0,4188906,0.002935089,0,,,,
5,Chr5_13715364.0,13715364,0.002935557,0,,,,
4,Chr4_17563026.0,17563026,0.002936403,1,AT4G37330,AT4G37330,AT4G37330,0.0
4,Chr4_9315671.0,9315671,0.002937741,1,AT4G16530,AT4G16530,AT4G16530,0.0
3,Chr3_2097249.0,2097249,0.00293812,1,AT3G66658,AT3G66658,AT3G66658,0.0
3,Chr3_2097275.0,2097275,0.00293812,1,AT3G66658,AT3G66658,AT3G66658,0.0
3,Chr3_2097294.0,2097294,0.00293812,1,AT3G66658,AT3G66658,AT3G66658,0.0
3,Chr3_2097336.0,2097336,0.00293812,1,AT3G66658,AT3G66658,AT3G66658,0.0
3,Chr3_2097369.0,2097369,0.00293812,1,AT3G66658,AT3G66658,AT3G66658,0.0
3,Chr3_2097507.0,2097507,0.00293812,1,AT3G66658,AT3G66658,AT3G66658,0.0
3,Chr3_2097547.0,2097547,0.00293812,1,AT3G66658,AT3G66658,AT3G66658,0.0
3,Chr3_15148586.0,15148586,0.002938485,0,,,,
2,Chr2_15990015.0,15990015,0.002938807,1,AT2G38170,AT2G38170,AT2G38170,0.0
1,Chr1_26143456.0,26143456,0.002938832,1,AT1G69530,AT1G69530,AT1G69530,0.0
1,Chr1_26143476.0,26143476,0.002938832,1,AT1G69530,AT1G69530,AT1G69530,0.0
1,Chr1_26143520.0,26143520,0.002938832,0,,,,
1,Chr1_26143621.0,26143621,0.002938832,0,,,,
1,Chr1_26143681.0,26143681,0.002938832,0,,,,
4,Chr4_7920953.0,7920953,0.002939005,1,AT4G13610,AT4G13610,AT4G13610,0.0
4,Chr4_9161657.0,9161657,0.00293904,0,,,,
2,Chr2_5479178.0,5479178,0.002939051,0,,,,
2,Chr2_5479356.0,5479356,0.002939051,0,,,,
2,Chr2_5479747.0,5479747,0.002939051,0,,,,
2,Chr2_5479876.0,5479876,0.002939051,0,,,,
2,Chr2_5480014.0,5480014,0.002939051,0,,,,
2,Chr2_5480394.0,5480394,0.002939051,0,,,,
2,Chr2_5480946.0,5480946,0.002939051,0,,,,
2,Chr2_5481438.0,5481438,0.002939051,0,,,,
4,Chr4_4421601.0,4421601,0.002939225,0,,,,
4,Chr4_18371555.0,18371555,0.002939627,1,AT4G39520,AT4G39520,AT4G39520,0.0
2,Chr2_5385566.0,5385566,0.002939886,0,,,,
2,Chr2_2757045.0,2757045,0.002940255,0,,,,
5,Chr5_20076693.0,20076693,0.002940768,0,,,,
4,Chr4_10486663.0,10486663,0.00294099,1,AT4G19180,AT4G19180,AT4G19180,0.0
4,Chr4_9366127.0,9366127,0.002941097,1,AT4G16630,AT4G16630,AT4G16630,0.0
5,Chr5_20698988.0,20698988,0.002941821,0,,,,
2,Chr2_11550728.0,11550728,0.002941934,0,,,,
1,Chr1_4014893.0,4014893,0.002942108,1,AT1G11905,AT1G11905,AT1G11905,0.0
3,Chr3_7592360.0,7592360,0.002942657,0,,,,
5,Chr5_11771155.0,11771155,0.002942702,0,,,,
2,Chr2_5991196.0,5991196,0.002943418,0,,,,
3,Chr3_11143877.0,11143877,0.002943746,0,,,,
3,Chr3_11145386.0,11145386,0.002943746,0,,,,
3,Chr3_11145387.0,11145387,0.002943746,0,,,,
3,Chr3_11146540.0,11146540,0.002943746,0,,,,
1,Chr1_11655606.0,11655606,0.00294397,1,AT1G32320,AT1G32320,AT1G32320,0.0
4,Chr4_5021855.0,5021855,0.002944192,0,,,,
3,Chr3_15765843.0,15765843,0.002944217,0,,,,
3,Chr3_11740355.0,11740355,0.00294443,0,,,,
1,Chr1_29769797.0,29769797,0.002944506,0,,,,
4,Chr4_4252491.0,4252491,0.002944743,0,,,,
4,Chr4_4252497.0,4252497,0.002944743,0,,,,
4,Chr4_4252498.0,4252498,0.002944743,0,,,,
5,Chr5_12920475.0,12920475,0.002945316,1,AT5G34581,AT5G34581,AT5G34581,0.0
4,Chr4_8145942.0,8145942,0.002945518,0,,,,
1,Chr1_10963261.0,10963261,0.002945693,0,,,,
3,Chr3_14614531.0,14614531,0.002946342,0,,,,
3,Chr3_2096838.0,2096838,0.002946693,1,AT3G66658,AT3G66658,AT3G66658,0.0
4,Chr4_2151161.0,2151161,0.002947056,0,,,,
1,Chr1_10080187.0,10080187,0.002947101,1,AT1G28690,AT1G28690,AT1G28690,0.0
1,Chr1_10111174.0,10111174,0.002947101,1,AT1G28960,AT1G28960,AT1G28960,0.0
3,Chr3_3239607.0,3239607,0.002947595,1,AT3G10420,AT3G10420,AT3G10420,0.0
3,Chr3_3239825.0,3239825,0.002947595,1,AT3G10420,AT3G10420,AT3G10420,0.0
5,Chr5_26917260.0,26917260,0.00294831,0,,,,
4,Chr4_2547602.0,2547602,0.00294856,1,AT4G04980,AT4G04980,AT4G04980,0.0
3,Chr3_13038549.0,13038549,0.002948569,0,,,,
1,Chr1_29308437.0,29308437,0.00294868,1,AT1G77950,AT1G77950,AT1G77950,0.0
4,Chr4_8299549.0,8299549,0.002949066,0,,,,
4,Chr4_8299551.0,8299551,0.002949066,0,,,,
3,Chr3_19753452.0,19753452,0.002949655,0,,,,
1,Chr1_1226388.0,1226388,0.002949838,0,,,,
4,Chr4_11831735.0,11831735,0.002950119,1,AT4G22440,AT4G22440,AT4G22440,0.0
4,Chr4_11833556.0,11833556,0.002950119,0,,,,
5,Chr5_11595138.0,11595138,0.002950169,0,,,,
3,Chr3_16381568.0,16381568,0.002951401,0,,,,
1,Chr1_23750781.0,23750781,0.002953514,0,,,,
5,Chr5_23188076.0,23188076,0.002954642,1,AT5G57220,AT5G57220,AT5G57220,0.0
1,Chr1_13290713.0,13290713,0.00295476,0,,,,
1,Chr1_26742861.0,26742861,0.002955483,0,,,,
1,Chr1_26742898.0,26742898,0.002955483,0,,,,
5,Chr5_13070901.0,13070901,0.002955555,0,,,,
4,Chr4_1676496.0,1676496,0.002955628,0,,,,
4,Chr4_4720428.0,4720428,0.002956151,0,,,,
5,Chr5_22920476.0,22920476,0.002956361,1,AT5G56620,AT5G56620,AT5G56620,0.0
2,Chr2_3138100.0,3138100,0.002956446,0,,,,
5,Chr5_21378850.0,21378850,0.002958656,0,,,,
4,Chr4_8265421.0,8265421,0.002958739,0,,,,
1,Chr1_5548203.0,5548203,0.002958893,0,,,,
1,Chr1_21605007.0,21605007,0.002958934,0,,,,
1,Chr1_4234997.0,4234997,0.002959033,1,AT1G12430,AT1G12430,AT1G12430,0.0
3,Chr3_9798463.0,9798463,0.002959072,1,AT3G26670,AT3G26670,AT3G26670,0.0
4,Chr4_15481317.0,15481317,0.002959377,1,AT4G32010,AT4G32010,AT4G32010,0.0
3,Chr3_8224593.0,8224593,0.002959479,2,AT3G23100;AT3G23110,AT3G23100,AT3G23100,0.0
1,Chr1_587277.0,587277,0.002959519,0,,,,
3,Chr3_15894179.0,15894179,0.002960224,0,,,,
5,Chr5_10842793.0,10842793,0.002960264,1,AT5G28824,AT5G28824,AT5G28824,0.0
5,Chr5_2069709.0,2069709,0.002960781,1,AT5G06710,AT5G06710,AT5G06710,0.0
4,Chr4_10646661.0,10646661,0.002960913,1,AT4G19520,AT4G19520,AT4G19520,0.0
1,Chr1_8320260.0,8320260,0.002960983,0,,,,
1,Chr1_21426660.0,21426660,0.002961052,1,AT1G57850,AT1G57850,AT1G57850,0.0
5,Chr5_17679367.0,17679367,0.002961596,1,AT5G43930,AT5G43930,AT5G43930,0.0
5,Chr5_17680195.0,17680195,0.002961596,1,AT5G43930,AT5G43930,AT5G43930,0.0
1,Chr1_3313504.0,3313504,0.00296169,1,AT1G10130,AT1G10130,AT1G10130,0.0
3,Chr3_10242262.0,10242262,0.002962,0,,,,
5,Chr5_5555174.0,5555174,0.002962459,0,,,,
3,Chr3_13872881.0,13872881,0.002962582,0,,,,
3,Chr3_19248628.0,19248628,0.002963083,1,AT3G51880,AT3G51880,AT3G51880,0.0
3,Chr3_12237799.0,12237799,0.002963675,0,,,,
5,Chr5_21042899.0,21042899,0.00296464,0,,,,
5,Chr5_21043107.0,21043107,0.00296464,1,AT5G51795,AT5G51795,AT5G51795,0.0
4,Chr4_6465842.0,6465842,0.002964763,0,,,,
4,Chr4_6465843.0,6465843,0.002964763,0,,,,
4,Chr4_6465845.0,6465845,0.002964763,0,,,,
4,Chr4_6465874.0,6465874,0.002964763,0,,,,
3,Chr3_14058293.0,14058293,0.002964887,0,,,,
3,Chr3_14058566.0,14058566,0.002964887,0,,,,
3,Chr3_14058713.0,14058713,0.002964887,0,,,,
3,Chr3_14059030.0,14059030,0.002964887,0,,,,
3,Chr3_14059505.0,14059505,0.002964887,0,,,,
3,Chr3_14060713.0,14060713,0.002964887,0,,,,
3,Chr3_14061075.0,14061075,0.002964887,0,,,,
3,Chr3_14061267.0,14061267,0.002964887,0,,,,
3,Chr3_14061497.0,14061497,0.002964887,0,,,,
3,Chr3_14061932.0,14061932,0.002964887,0,,,,
3,Chr3_14062342.0,14062342,0.002964887,0,,,,
3,Chr3_14065086.0,14065086,0.002964887,0,,,,
3,Chr3_14065336.0,14065336,0.002964887,0,,,,
4,Chr4_4537828.0,4537828,0.002965013,0,,,,
1,Chr1_11293742.0,11293742,0.002966067,1,AT1G31540,AT1G31540,AT1G31540,0.0
1,Chr1_29305652.0,29305652,0.002966251,0,,,,
4,Chr4_5542520.0,5542520,0.002966329,0,,,,
2,Chr2_8821383.0,8821383,0.002967088,0,,,,
1,Chr1_11311312.0,11311312,0.002967646,1,AT1G31580,AT1G31580,AT1G31580,0.0
1,Chr1_11311318.0,11311318,0.002967646,1,AT1G31580,AT1G31580,AT1G31580,0.0
4,Chr4_16929521.0,16929521,0.002967791,0,,,,
3,Chr3_18029657.0,18029657,0.002969567,0,,,,
3,Chr3_12302415.0,12302415,0.002972345,0,,,,
4,Chr4_18457201.0,18457201,0.002973736,0,,,,
5,Chr5_675237.0,675237,0.002974197,1,AT5G02900,AT5G02900,AT5G02900,0.0
5,Chr5_680166.0,680166,0.002974197,0,,,,
5,Chr5_684595.0,684595,0.002974197,1,AT5G02940,AT5G02940,AT5G02940,0.0
5,Chr5_688327.0,688327,0.002974197,1,AT5G02940,AT5G02940,AT5G02940,0.0
5,Chr5_688863.0,688863,0.002974197,1,AT5G02940,AT5G02940,AT5G02940,0.0
3,Chr3_6551728.0,6551728,0.002974352,1,AT3G18990,AT3G18990,AT3G18990,0.0
4,Chr4_11861519.0,11861519,0.002975013,1,AT4G22540,AT4G22540,AT4G22540,0.0
1,Chr1_10442645.0,10442645,0.002975046,1,AT1G29830,AT1G29830,AT1G29830,0.0
1,Chr1_17129261.0,17129261,0.002975316,0,,,,
3,Chr3_3351202.0,3351202,0.002975398,0,,,,
1,Chr1_1260875.0,1260875,0.002975595,1,AT1G04590,AT1G04590,AT1G04590,0.0
5,Chr5_9029996.0,9029996,0.002976102,0,,,,
5,Chr5_10590062.0,10590062,0.002976124,0,,,,
3,Chr3_626650.0,626650,0.002976669,1,AT3G02860,AT3G02860,AT3G02860,0.0
2,Chr2_923079.0,923079,0.002977395,0,,,,
2,Chr2_923291.0,923291,0.002977395,0,,,,
2,Chr2_923296.0,923296,0.002977395,0,,,,
2,Chr2_1116336.0,1116336,0.002977966,1,AT2G03667,AT2G03667,AT2G03667,0.0
2,Chr2_2395803.0,2395803,0.002978083,0,,,,
2,Chr2_2395902.0,2395902,0.002978083,0,,,,
2,Chr2_2396252.0,2396252,0.002978083,0,,,,
3,Chr3_13827761.0,13827761,0.002978848,0,,,,
3,Chr3_15412968.0,15412968,0.002978849,0,,,,
5,Chr5_22655536.0,22655536,0.002979423,1,AT5G55930,AT5G55930,AT5G55930,0.0
5,Chr5_9707638.0,9707638,0.002979789,0,,,,
4,Chr4_7036634.0,7036634,0.002979922,0,,,,
3,Chr3_3942263.0,3942263,0.002979967,1,AT3G12390,AT3G12390,AT3G12390,0.0
3,Chr3_3943655.0,3943655,0.002979967,1,AT3G12390,AT3G12390,AT3G12390,0.0
1,Chr1_6857996.0,6857996,0.002980002,1,AT1G19835,AT1G19835,AT1G19835,0.0
1,Chr1_6857999.0,6857999,0.002980002,1,AT1G19835,AT1G19835,AT1G19835,0.0
1,Chr1_6858002.0,6858002,0.002980002,1,AT1G19835,AT1G19835,AT1G19835,0.0
1,Chr1_1759222.0,1759222,0.002980308,1,AT1G05830,AT1G05830,AT1G05830,0.0
2,Chr2_380999.0,380999,0.00298037,0,,,,
5,Chr5_15914962.0,15914962,0.002981215,0,,,,
4,Chr4_3833418.0,3833418,0.00298147,0,,,,
4,Chr4_3834103.0,3834103,0.00298147,0,,,,
4,Chr4_3834683.0,3834683,0.00298147,0,,,,
4,Chr4_3834801.0,3834801,0.00298147,0,,,,
2,Chr2_12149321.0,12149321,0.002981643,0,,,,
1,Chr1_23251359.0,23251359,0.002982541,0,,,,
5,Chr5_5383273.0,5383273,0.002982649,0,,,,
2,Chr2_18803826.0,18803826,0.002982911,0,,,,
2,Chr2_268327.0,268327,0.002983054,0,,,,
2,Chr2_268355.0,268355,0.002983054,0,,,,
1,Chr1_6653994.0,6653994,0.002983207,0,,,,
3,Chr3_84762.0,84762,0.002983935,1,AT3G01270,AT3G01270,AT3G01270,0.0
5,Chr5_8266295.0,8266295,0.002984187,0,,,,
1,Chr1_16634834.0,16634834,0.00298431,0,,,,
4,Chr4_7891031.0,7891031,0.002984589,0,,,,
1,Chr1_6786590.0,6786590,0.002984912,1,AT1G19630,AT1G19630,AT1G19630,0.0
4,Chr4_9776876.0,9776876,0.002985054,1,AT4G17540,AT4G17540,AT4G17540,0.0
4,Chr4_9776940.0,9776940,0.002985054,1,AT4G17540,AT4G17540,AT4G17540,0.0
1,Chr1_26766786.0,26766786,0.002985231,0,,,,
1,Chr1_26766847.0,26766847,0.002985231,0,,,,
2,Chr2_18308490.0,18308490,0.002985775,0,,,,
5,Chr5_9721092.0,9721092,0.002987303,1,AT5G27530,AT5G27530,AT5G27530,0.0
1,Chr1_21676386.0,21676386,0.002987347,0,,,,
5,Chr5_22116014.0,22116014,0.00298898,0,,,,
5,Chr5_20307984.0,20307984,0.002989811,0,,,,
4,Chr4_6169439.0,6169439,0.002991043,0,,,,
3,Chr3_15046574.0,15046574,0.002991144,0,,,,
3,Chr3_21008539.0,21008539,0.00299155,0,,,,
3,Chr3_8492199.0,8492199,0.00299276,0,,,,
5,Chr5_10163694.0,10163694,0.002992935,1,AT5G28180,AT5G28180,AT5G28180,0.0
5,Chr5_5986658.0,5986658,0.002993309,1,AT5G18090,AT5G18090,AT5G18090,0.0
1,Chr1_24082368.0,24082368,0.002993316,1,AT1G64790,AT1G64790,AT1G64790,0.0
1,Chr1_20699738.0,20699738,0.002993322,0,,,,
1,Chr1_24553650.0,24553650,0.002993727,1,AT1G65960,AT1G65960,AT1G65960,0.0
5,Chr5_22560415.0,22560415,0.002993784,1,AT5G55730,AT5G55730,AT5G55730,0.0
3,Chr3_15403995.0,15403995,0.002993994,0,,,,
2,Chr2_7116440.0,7116440,0.00299424,0,,,,
1,Chr1_2943819.0,2943819,0.002994854,1,AT1G09140,AT1G09140,AT1G09140,0.0
2,Chr2_19155701.0,19155701,0.002995014,0,,,,
1,Chr1_18095505.0,18095505,0.002995076,0,,,,
1,Chr1_16629429.0,16629429,0.002995475,0,,,,
1,Chr1_3131225.0,3131225,0.002995637,0,,,,
3,Chr3_21055687.0,21055687,0.00299607,0,,,,
3,Chr3_21055739.0,21055739,0.00299607,0,,,,
3,Chr3_21055768.0,21055768,0.00299607,0,,,,
5,Chr5_23765744.0,23765744,0.002997064,0,,,,
5,Chr5_23765847.0,23765847,0.002997064,1,AT5G58860,AT5G58860,AT5G58860,0.0
2,Chr2_7446185.0,7446185,0.002997552,0,,,,
1,Chr1_6654185.0,6654185,0.002998111,0,,,,
1,Chr1_6654289.0,6654289,0.002998111,0,,,,
2,Chr2_18538676.0,18538676,0.002998194,0,,,,
3,Chr3_12996606.0,12996606,0.002998814,0,,,,
3,Chr3_14288097.0,14288097,0.002998814,0,,,,
3,Chr3_14288174.0,14288174,0.002998814,0,,,,
3,Chr3_14288396.0,14288396,0.002998814,0,,,,
3,Chr3_14288871.0,14288871,0.002998814,0,,,,
4,Chr4_5595248.0,5595248,0.00299906,0,,,,
4,Chr4_9048937.0,9048937,0.002999087,0,,,,
1,Chr1_8279009.0,8279009,0.002999159,0,,,,
1,Chr1_8279014.0,8279014,0.002999159,0,,,,
4,Chr4_7033720.0,7033720,0.002999574,0,,,,
5,Chr5_178639.0,178639,0.002999656,0,,,,
5,Chr5_2517233.0,2517233,0.002999941,0,,,,
5,Chr5_22173769.0,22173769,0.003000433,0,,,,
5,Chr5_22173830.0,22173830,0.003000433,0,,,,
5,Chr5_22173831.0,22173831,0.003000433,0,,,,
5,Chr5_22173903.0,22173903,0.003000433,0,,,,
5,Chr5_22174381.0,22174381,0.003000433,0,,,,
5,Chr5_22174426.0,22174426,0.003000433,0,,,,
5,Chr5_22174958.0,22174958,0.003000433,0,,,,
2,Chr2_507185.0,507185,0.003000753,1,AT2G02070,AT2G02070,AT2G02070,0.0
4,Chr4_8946146.0,8946146,0.003001192,0,,,,
2,Chr2_19045215.0,19045215,0.003001634,0,,,,
2,Chr2_19045235.0,19045235,0.003001634,0,,,,
5,Chr5_10731299.0,10731299,0.0030024,0,,,,
2,Chr2_13018026.0,13018026,0.003002709,1,AT2G30560,AT2G30560,AT2G30560,0.0
5,Chr5_23763362.0,23763362,0.003002969,0,,,,
1,Chr1_10244784.0,10244784,0.003003593,0,,,,
1,Chr1_1476450.0,1476450,0.003004334,0,,,,
2,Chr2_6870726.0,6870726,0.003004338,0,,,,
3,Chr3_8228545.0,8228545,0.00300441,1,AT3G23120,AT3G23120,AT3G23120,0.0
2,Chr2_6012729.0,6012729,0.003004906,0,,,,
5,Chr5_7736238.0,7736238,0.003004989,0,,,,
5,Chr5_7736243.0,7736243,0.003004989,0,,,,
1,Chr1_3302053.0,3302053,0.003004995,0,,,,
4,Chr4_8834039.0,8834039,0.0030057,0,,,,
2,Chr2_19508570.0,19508570,0.003005976,0,,,,
1,Chr1_3231088.0,3231088,0.003006382,1,AT1G09932,AT1G09932,AT1G09932,0.0
4,Chr4_17539502.0,17539502,0.003006399,0,,,,
2,Chr2_2311228.0,2311228,0.003006585,0,,,,
3,Chr3_18799804.0,18799804,0.003007205,0,,,,
5,Chr5_26070540.0,26070540,0.003007597,0,,,,
3,Chr3_10478153.0,10478153,0.003007734,0,,,,
1,Chr1_21207775.0,21207775,0.003008201,1,AT1G56600,AT1G56600,AT1G56600,0.0
1,Chr1_21207781.0,21207781,0.003008201,1,AT1G56600,AT1G56600,AT1G56600,0.0
1,Chr1_2399723.0,2399723,0.003008605,1,AT1G07740,AT1G07740,AT1G07740,0.0
4,Chr4_9564062.0,9564062,0.003009277,1,AT4G16990,AT4G16990,AT4G16990,0.0
4,Chr4_5854625.0,5854625,0.003009876,0,,,,
5,Chr5_10598120.0,10598120,0.003010147,0,,,,
5,Chr5_10598945.0,10598945,0.003010147,0,,,,
5,Chr5_10608199.0,10608199,0.003010147,0,,,,
5,Chr5_10612176.0,10612176,0.003010147,1,AT5G28615,AT5G28615,AT5G28615,0.0
5,Chr5_10612307.0,10612307,0.003010147,1,AT5G28615,AT5G28615,AT5G28615,0.0
2,Chr2_196998.0,196998,0.003011144,1,AT2G01440,AT2G01440,AT2G01440,0.0
3,Chr3_19651506.0,19651506,0.003011395,1,AT3G52990,AT3G52990,AT3G52990,0.0
4,Chr4_17539110.0,17539110,0.003012032,0,,,,
4,Chr4_17539112.0,17539112,0.003012032,0,,,,
4,Chr4_12555262.0,12555262,0.003012048,1,AT4G24190,AT4G24190,AT4G24190,0.0
3,Chr3_7196587.0,7196587,0.003013005,0,,,,
1,Chr1_18383313.0,18383313,0.003013111,1,AT1G49670,AT1G49670,AT1G49670,0.0
1,Chr1_18388992.0,18388992,0.003013111,1,AT1G49700,AT1G49700,AT1G49700,0.0
5,Chr5_10163760.0,10163760,0.003013309,1,AT5G28180,AT5G28180,AT5G28180,0.0
3,Chr3_18981898.0,18981898,0.003013478,1,AT3G51100,AT3G51100,AT3G51100,0.0
4,Chr4_5936503.0,5936503,0.003014417,0,,,,
5,Chr5_15329336.0,15329336,0.003014896,1,AT5G38350,AT5G38350,AT5G38350,0.0
2,Chr2_3768369.0,3768369,0.003015972,0,,,,
1,Chr1_10118088.0,10118088,0.003016714,1,AT1G29010,AT1G29010,AT1G29010,0.0
1,Chr1_10118089.0,10118089,0.003016714,1,AT1G29010,AT1G29010,AT1G29010,0.0
1,Chr1_10118096.0,10118096,0.003016714,1,AT1G29010,AT1G29010,AT1G29010,0.0
1,Chr1_10118284.0,10118284,0.003016714,1,AT1G29010,AT1G29010,AT1G29010,0.0
4,Chr4_7225299.0,7225299,0.003017216,0,,,,
5,Chr5_8354446.0,8354446,0.003017328,0,,,,
4,Chr4_13885694.0,13885694,0.003017338,0,,,,
4,Chr4_6467221.0,6467221,0.003018111,1,AT4G10457,AT4G10457,AT4G10457,0.0
5,Chr5_17741190.0,17741190,0.003018165,0,,,,
4,Chr4_7367843.0,7367843,0.003018458,2,AT4G12430;AT4G12432,AT4G12430,AT4G12430,0.0
3,Chr3_15592323.0,15592323,0.003018615,0,,,,
1,Chr1_3410719.0,3410719,0.003019002,1,AT1G10390,AT1G10390,AT1G10390,0.0
1,Chr1_11681458.0,11681458,0.003020198,0,,,,
4,Chr4_5078111.0,5078111,0.003020492,0,,,,
3,Chr3_9797277.0,9797277,0.003021883,1,AT3G26660,AT3G26660,AT3G26660,0.0
3,Chr3_16094.0,16094,0.003022654,0,,,,
1,Chr1_7152505.0,7152505,0.003022955,0,,,,
5,Chr5_10106179.0,10106179,0.003023148,0,,,,
3,Chr3_13871661.0,13871661,0.003024069,0,,,,
3,Chr3_12430451.0,12430451,0.003024218,0,,,,
5,Chr5_9951939.0,9951939,0.003024356,0,,,,
3,Chr3_15100282.0,15100282,0.003024945,0,,,,
5,Chr5_19496454.0,19496454,0.003025197,0,,,,
1,Chr1_3252681.0,3252681,0.00302556,1,AT1G09970,AT1G09970,AT1G09970,0.0
4,Chr4_5907116.0,5907116,0.003025723,0,,,,
5,Chr5_13067762.0,13067762,0.003026347,0,,,,
4,Chr4_15955393.0,15955393,0.003026864,0,,,,
4,Chr4_15955409.0,15955409,0.003026864,0,,,,
4,Chr4_15955412.0,15955412,0.003026864,0,,,,
4,Chr4_15955415.0,15955415,0.003026864,0,,,,
4,Chr4_15955492.0,15955492,0.003026864,0,,,,
4,Chr4_15955523.0,15955523,0.003026864,0,,,,
4,Chr4_15955527.0,15955527,0.003026864,0,,,,
4,Chr4_15955532.0,15955532,0.003026864,0,,,,
4,Chr4_15955578.0,15955578,0.003026864,0,,,,
4,Chr4_15955590.0,15955590,0.003026864,0,,,,
4,Chr4_15955611.0,15955611,0.003026864,0,,,,
4,Chr4_15955834.0,15955834,0.003026864,0,,,,
4,Chr4_15955960.0,15955960,0.003026864,0,,,,
4,Chr4_4010881.0,4010881,0.003026922,0,,,,
2,Chr2_5514253.0,5514253,0.003027135,1,AT2G13295,AT2G13295,AT2G13295,0.0
2,Chr2_4531696.0,4531696,0.003027948,0,,,,
2,Chr2_4531796.0,4531796,0.003027948,0,,,,
2,Chr2_4535385.0,4535385,0.003027948,0,,,,
2,Chr2_11270318.0,11270318,0.003028665,1,AT2G26500,AT2G26500,AT2G26500,0.0
2,Chr2_11271990.0,11271990,0.003028665,0,,,,
4,Chr4_17279657.0,17279657,0.00302939,0,,,,
1,Chr1_600306.0,600306,0.003029848,1,AT1G02740,AT1G02740,AT1G02740,0.0
1,Chr1_600402.0,600402,0.003029848,1,AT1G02740,AT1G02740,AT1G02740,0.0
1,Chr1_16144519.0,16144519,0.003030208,0,,,,
2,Chr2_1707266.0,1707266,0.003030426,1,AT2G04860,AT2G04860,AT2G04860,0.0
4,Chr4_5522409.0,5522409,0.003030457,0,,,,
5,Chr5_2202770.0,2202770,0.003031116,1,AT5G07090,AT5G07090,AT5G07090,0.0
1,Chr1_8259802.0,8259802,0.003031443,1,AT1G23270,AT1G23270,AT1G23270,0.0
1,Chr1_8260057.0,8260057,0.003031443,1,AT1G23270,AT1G23270,AT1G23270,0.0
5,Chr5_10717408.0,10717408,0.003033834,0,,,,
5,Chr5_10719132.0,10719132,0.003033834,0,,,,
5,Chr5_10722352.0,10722352,0.003033834,0,,,,
1,Chr1_10140570.0,10140570,0.00303414,0,,,,
4,Chr4_14888641.0,14888641,0.003035236,0,,,,
4,Chr4_14890257.0,14890257,0.003035236,0,,,,
3,Chr3_11812747.0,11812747,0.003035407,1,AT3G30180,AT3G30180,AT3G30180,0.0
3,Chr3_81668.0,81668,0.003035885,1,AT3G01260,AT3G01260,AT3G01260,0.0
5,Chr5_7448014.0,7448014,0.003036,1,AT5G22470,AT5G22470,AT5G22470,0.0
2,Chr2_18538562.0,18538562,0.003036307,0,,,,
3,Chr3_18545132.0,18545132,0.003036472,0,,,,
1,Chr1_15883276.0,15883276,0.003036941,0,,,,
1,Chr1_15884207.0,15884207,0.003036941,0,,,,
2,Chr2_6961986.0,6961986,0.003037147,0,,,,
3,Chr3_11575560.0,11575560,0.003037564,0,,,,
4,Chr4_4589539.0,4589539,0.003037696,0,,,,
4,Chr4_14641673.0,14641673,0.003038058,0,,,,
3,Chr3_10938328.0,10938328,0.003039238,0,,,,
4,Chr4_6690507.0,6690507,0.003039424,1,AT4G10890,AT4G10890,AT4G10890,0.0
5,Chr5_1949063.0,1949063,0.003039444,0,,,,
5,Chr5_10818646.0,10818646,0.003039641,0,,,,
3,Chr3_18565052.0,18565052,0.0030404,0,,,,
5,Chr5_21374026.0,21374026,0.003041006,1,AT5G52700,AT5G52700,AT5G52700,0.0
5,Chr5_21374093.0,21374093,0.003041006,1,AT5G52700,AT5G52700,AT5G52700,0.0
5,Chr5_21377303.0,21377303,0.003041006,1,AT5G52710,AT5G52710,AT5G52710,0.0
5,Chr5_21380825.0,21380825,0.003041006,1,AT5G52730,AT5G52730,AT5G52730,0.0
5,Chr5_21381486.0,21381486,0.003041006,0,,,,
5,Chr5_21382055.0,21382055,0.003041006,0,,,,
5,Chr5_21382255.0,21382255,0.003041006,0,,,,
5,Chr5_21391830.0,21391830,0.003041006,1,AT5G52790,AT5G52790,AT5G52790,0.0
5,Chr5_21392165.0,21392165,0.003041006,1,AT5G52790,AT5G52790,AT5G52790,0.0
5,Chr5_21412734.0,21412734,0.003041006,0,,,,
5,Chr5_21423050.0,21423050,0.003041006,0,,,,
1,Chr1_13050677.0,13050677,0.003041429,0,,,,
1,Chr1_17820282.0,17820282,0.003041516,0,,,,
4,Chr4_12039794.0,12039794,0.003041932,1,AT4G22970,AT4G22970,AT4G22970,0.0
4,Chr4_3399027.0,3399027,0.00304247,0,,,,
4,Chr4_8171777.0,8171777,0.003043009,1,AT4G14160,AT4G14160,AT4G14160,0.0
1,Chr1_17516958.0,17516958,0.003043166,0,,,,
1,Chr1_17524354.0,17524354,0.003043166,0,,,,
5,Chr5_8469825.0,8469825,0.00304325,0,,,,
5,Chr5_18956116.0,18956116,0.003043624,0,,,,
3,Chr3_13870697.0,13870697,0.003043651,0,,,,
4,Chr4_4742421.0,4742421,0.003044729,0,,,,
4,Chr4_4742480.0,4742480,0.003044729,0,,,,
1,Chr1_25526268.0,25526268,0.003044813,1,AT1G68120,AT1G68120,AT1G68120,0.0
2,Chr2_16337199.0,16337199,0.003044865,0,,,,
5,Chr5_10224071.0,10224071,0.003045029,0,,,,
5,Chr5_10226076.0,10226076,0.003045029,0,,,,
5,Chr5_10227081.0,10227081,0.003045029,0,,,,
5,Chr5_10227436.0,10227436,0.003045029,0,,,,
5,Chr5_10227512.0,10227512,0.003045029,0,,,,
5,Chr5_10228765.0,10228765,0.003045029,0,,,,
5,Chr5_10229164.0,10229164,0.003045029,0,,,,
3,Chr3_12421586.0,12421586,0.003045245,0,,,,
4,Chr4_17362611.0,17362611,0.003045326,0,,,,
2,Chr2_15609193.0,15609193,0.00304629,1,AT2G37160,AT2G37160,AT2G37160,0.0
2,Chr2_15611218.0,15611218,0.00304629,1,AT2G37160,AT2G37160,AT2G37160,0.0
2,Chr2_15611371.0,15611371,0.00304629,1,AT2G37160,AT2G37160,AT2G37160,0.0
2,Chr2_15611775.0,15611775,0.00304629,1,AT2G37160,AT2G37160,AT2G37160,0.0
5,Chr5_9759402.0,9759402,0.003046923,0,,,,
1,Chr1_25660388.0,25660388,0.003046942,0,,,,
2,Chr2_6078644.0,6078644,0.003047569,0,,,,
4,Chr4_4713040.0,4713040,0.003047847,0,,,,
4,Chr4_4713043.0,4713043,0.003047847,0,,,,
2,Chr2_11874101.0,11874101,0.003048252,1,AT2G27880,AT2G27880,AT2G27880,0.0
2,Chr2_11875543.0,11875543,0.003048252,1,AT2G27880,AT2G27880,AT2G27880,0.0
2,Chr2_11884227.0,11884227,0.003048252,1,AT2G27900,AT2G27900,AT2G27900,0.0
2,Chr2_1926865.0,1926865,0.003049443,0,,,,
3,Chr3_7291935.0,7291935,0.003049593,0,,,,
1,Chr1_30218848.0,30218848,0.003050098,1,AT1G80380,AT1G80380,AT1G80380,0.0
1,Chr1_30218945.0,30218945,0.003050098,1,AT1G80380,AT1G80380,AT1G80380,0.0
1,Chr1_30220832.0,30220832,0.003050098,0,,,,
1,Chr1_28911150.0,28911150,0.003050438,1,AT1G76950,AT1G76950,AT1G76950,0.0
1,Chr1_4067481.0,4067481,0.003050764,0,,,,
4,Chr4_9278842.0,9278842,0.003051551,1,AT4G16447,AT4G16447,AT4G16447,0.0
4,Chr4_9278852.0,9278852,0.003051551,1,AT4G16447,AT4G16447,AT4G16447,0.0
4,Chr4_9279206.0,9279206,0.003051551,1,AT4G16447,AT4G16447,AT4G16447,0.0
4,Chr4_9279429.0,9279429,0.003051551,0,,,,
1,Chr1_6519123.0,6519123,0.003052079,1,AT1G18870,AT1G18870,AT1G18870,0.0
5,Chr5_10684256.0,10684256,0.003052367,0,,,,
2,Chr2_18538738.0,18538738,0.003053143,0,,,,
4,Chr4_9306623.0,9306623,0.003053306,0,,,,
4,Chr4_9309730.0,9309730,0.003053306,0,,,,
4,Chr4_9310348.0,9310348,0.003053306,0,,,,
3,Chr3_11350754.0,11350754,0.003053488,0,,,,
3,Chr3_11350906.0,11350906,0.003053488,0,,,,
3,Chr3_15852583.0,15852583,0.003053963,0,,,,
5,Chr5_25157078.0,25157078,0.003053993,1,AT5G62660,AT5G62660,AT5G62660,0.0
4,Chr4_2724488.0,2724488,0.003054492,0,,,,
4,Chr4_4252460.0,4252460,0.003055203,0,,,,
4,Chr4_4252461.0,4252461,0.003055203,0,,,,
1,Chr1_3286714.0,3286714,0.00305532,1,AT1G10060,AT1G10060,AT1G10060,0.0
4,Chr4_3569783.0,3569783,0.003056002,0,,,,
4,Chr4_8143170.0,8143170,0.003056258,0,,,,
1,Chr1_12172770.0,12172770,0.003056852,0,,,,
4,Chr4_14569599.0,14569599,0.003057685,0,,,,
4,Chr4_7036373.0,7036373,0.00305829,0,,,,
1,Chr1_10165816.0,10165816,0.003058487,0,,,,
4,Chr4_13877805.0,13877805,0.003058646,0,,,,
4,Chr4_13877973.0,13877973,0.003058646,0,,,,
4,Chr4_13877983.0,13877983,0.003058646,0,,,,
4,Chr4_13878027.0,13878027,0.003058646,0,,,,
4,Chr4_13878132.0,13878132,0.003058646,0,,,,
4,Chr4_13878192.0,13878192,0.003058646,0,,,,
2,Chr2_5557475.0,5557475,0.003059349,0,,,,
1,Chr1_8326107.0,8326107,0.003059877,1,AT1G23450,AT1G23450,AT1G23450,0.0
1,Chr1_17295667.0,17295667,0.003059894,0,,,,
4,Chr4_6342816.0,6342816,0.003059947,0,,,,
2,Chr2_10151676.0,10151676,0.003060908,0,,,,
4,Chr4_5821229.0,5821229,0.003061719,0,,,,
4,Chr4_742685.0,742685,0.003062286,0,,,,
1,Chr1_21210515.0,21210515,0.003063111,0,,,,
3,Chr3_4742585.0,4742585,0.00306358,1,AT3G14240,AT3G14240,AT3G14240,0.0
2,Chr2_17198129.0,17198129,0.003064452,0,,,,
3,Chr3_15431476.0,15431476,0.003064578,1,AT3G43540,AT3G43540,AT3G43540,0.0
3,Chr3_15431478.0,15431478,0.003064578,1,AT3G43540,AT3G43540,AT3G43540,0.0
3,Chr3_6440855.0,6440855,0.003064806,0,,,,
2,Chr2_4427368.0,4427368,0.003065809,0,,,,
2,Chr2_4428237.0,4428237,0.003065809,0,,,,
1,Chr1_2950775.0,2950775,0.003065976,1,AT1G09155,AT1G09155,AT1G09155,0.0
4,Chr4_17551488.0,17551488,0.003066631,0,,,,
3,Chr3_15058144.0,15058144,0.003066789,0,,,,
3,Chr3_15093162.0,15093162,0.003066789,0,,,,
3,Chr3_3158013.0,3158013,0.003067239,1,AT3G10200,AT3G10200,AT3G10200,0.0
3,Chr3_3158021.0,3158021,0.003067239,1,AT3G10200,AT3G10200,AT3G10200,0.0
4,Chr4_5934806.0,5934806,0.003067979,0,,,,
5,Chr5_11315975.0,11315975,0.003068864,0,,,,
3,Chr3_16267921.0,16267921,0.003069117,0,,,,
4,Chr4_2170997.0,2170997,0.003069917,0,,,,
5,Chr5_4203659.0,4203659,0.003070525,0,,,,
5,Chr5_4203756.0,4203756,0.003070525,0,,,,
2,Chr2_5303654.0,5303654,0.003071059,0,,,,
5,Chr5_2213677.0,2213677,0.003071268,1,AT5G07140,AT5G07140,AT5G07140,0.0
5,Chr5_25666537.0,25666537,0.003071515,0,,,,
5,Chr5_13717383.0,13717383,0.003072113,0,,,,
1,Chr1_5971980.0,5971980,0.003072385,0,,,,
1,Chr1_14277935.0,14277935,0.003072701,0,,,,
1,Chr1_1884676.0,1884676,0.003072806,0,,,,
3,Chr3_8420815.0,8420815,0.003072834,1,AT3G23480,AT3G23480,AT3G23480,0.0
1,Chr1_24533901.0,24533901,0.003073149,0,,,,
4,Chr4_3151951.0,3151951,0.00307336,0,,,,
5,Chr5_1775483.0,1775483,0.003073638,1,AT5G05900,AT5G05900,AT5G05900,0.0
5,Chr5_1775489.0,1775489,0.003073638,1,AT5G05900,AT5G05900,AT5G05900,0.0
5,Chr5_1775490.0,1775490,0.003073638,1,AT5G05900,AT5G05900,AT5G05900,0.0
5,Chr5_1775500.0,1775500,0.003073638,1,AT5G05900,AT5G05900,AT5G05900,0.0
5,Chr5_7216068.0,7216068,0.003073952,0,,,,
2,Chr2_10129438.0,10129438,0.003074628,0,,,,
5,Chr5_12621984.0,12621984,0.003076015,0,,,,
3,Chr3_10464639.0,10464639,0.003076215,0,,,,
3,Chr3_10465069.0,10465069,0.003076215,0,,,,
3,Chr3_10465116.0,10465116,0.003076215,0,,,,
3,Chr3_13974143.0,13974143,0.003076571,0,,,,
3,Chr3_13974434.0,13974434,0.003076571,0,,,,
3,Chr3_9553664.0,9553664,0.003077165,0,,,,
3,Chr3_9554466.0,9554466,0.003077165,1,AT3G26130,AT3G26130,AT3G26130,0.0
1,Chr1_24644429.0,24644429,0.003077179,0,,,,
4,Chr4_15281344.0,15281344,0.003078584,1,AT4G31520,AT4G31520,AT4G31520,0.0
3,Chr3_15630268.0,15630268,0.003078811,0,,,,
1,Chr1_4358677.0,4358677,0.003078951,0,,,,
4,Chr4_3759544.0,3759544,0.003080066,0,,,,
1,Chr1_10479025.0,10479025,0.003080173,1,AT1G29930,AT1G29930,AT1G29930,0.0
3,Chr3_4579303.0,4579303,0.003080179,0,,,,
5,Chr5_10727559.0,10727559,0.003080201,0,,,,
1,Chr1_1713943.0,1713943,0.003080745,0,,,,
1,Chr1_29122373.0,29122373,0.003081281,1,AT1G77500,AT1G77500,AT1G77500,0.0
1,Chr1_18135302.0,18135302,0.003081345,1,AT1G49015,AT1G49015,AT1G49015,0.0
1,Chr1_18135304.0,18135304,0.003081345,1,AT1G49015,AT1G49015,AT1G49015,0.0
1,Chr1_18135321.0,18135321,0.003081345,0,,,,
1,Chr1_18135338.0,18135338,0.003081345,0,,,,
5,Chr5_16457829.0,16457829,0.003081629,1,AT5G41120,AT5G41120,AT5G41120,0.0
2,Chr2_2413079.0,2413079,0.003082019,0,,,,
4,Chr4_4796247.0,4796247,0.003082384,0,,,,
5,Chr5_197538.0,197538,0.003082951,1,AT5G01490,AT5G01490,AT5G01490,0.0
1,Chr1_19496927.0,19496927,0.003083334,1,AT1G52347,AT1G52347,AT1G52347,0.0
3,Chr3_16788436.0,16788436,0.003083626,0,,,,
3,Chr3_16796005.0,16796005,0.003083626,1,AT3G45750,AT3G45750,AT3G45750,0.0
3,Chr3_16797526.0,16797526,0.003083626,1,AT3G45750,AT3G45750,AT3G45750,0.0
3,Chr3_7351861.0,7351861,0.003084395,0,,,,
1,Chr1_5574566.0,5574566,0.003084821,1,AT1G16300,AT1G16300,AT1G16300,0.0
4,Chr4_10483520.0,10483520,0.003084989,1,AT4G19170,AT4G19170,AT4G19170,0.0
1,Chr1_24493360.0,24493360,0.003085203,1,AT1G65845,AT1G65845,AT1G65845,0.0
1,Chr1_12172856.0,12172856,0.003086036,0,,,,
4,Chr4_53382.0,53382,0.003086081,1,AT4G00140,AT4G00140,AT4G00140,0.0
5,Chr5_9569370.0,9569370,0.003086759,0,,,,
4,Chr4_8441377.0,8441377,0.003088656,0,,,,
3,Chr3_11725572.0,11725572,0.003089227,0,,,,
3,Chr3_11725606.0,11725606,0.003089227,0,,,,
3,Chr3_11739970.0,11739970,0.00308928,0,,,,
2,Chr2_9920478.0,9920478,0.003089627,0,,,,
3,Chr3_12036038.0,12036038,0.003090218,0,,,,
2,Chr2_14115450.0,14115450,0.003090544,1,AT2G33310,AT2G33310,AT2G33310,0.0
1,Chr1_6769430.0,6769430,0.003090641,0,,,,
1,Chr1_6770125.0,6770125,0.003090641,0,,,,
5,Chr5_8228721.0,8228721,0.003091093,0,,,,
2,Chr2_19573426.0,19573426,0.003091683,0,,,,
5,Chr5_16263321.0,16263321,0.003091717,0,,,,
2,Chr2_1012912.0,1012912,0.003091844,1,AT2G03330,AT2G03330,AT2G03330,0.0
1,Chr1_17133860.0,17133860,0.003091932,0,,,,
3,Chr3_14750965.0,14750965,0.003092741,0,,,,
2,Chr2_8547274.0,8547274,0.003092754,0,,,,
2,Chr2_8547294.0,8547294,0.003092754,0,,,,
4,Chr4_9251274.0,9251274,0.003093148,0,,,,
1,Chr1_4050146.0,4050146,0.00309352,1,AT1G12000,AT1G12000,AT1G12000,0.0
1,Chr1_4053849.0,4053849,0.00309352,0,,,,
5,Chr5_3793505.0,3793505,0.003093845,0,,,,
5,Chr5_3795117.0,3795117,0.003093845,1,AT5G11780,AT5G11780,AT5G11780,0.0
2,Chr2_13339564.0,13339564,0.003094098,1,AT2G31280,AT2G31280,AT2G31280,0.0
4,Chr4_2883127.0,2883127,0.00309426,0,,,,
5,Chr5_6361385.0,6361385,0.003096238,0,,,,
5,Chr5_19198370.0,19198370,0.003096569,1,AT5G47300,AT5G47300,AT5G47300,0.0
5,Chr5_9810161.0,9810161,0.003096885,0,,,,
5,Chr5_9810839.0,9810839,0.003096885,0,,,,
3,Chr3_11330447.0,11330447,0.003096934,0,,,,
3,Chr3_11330564.0,11330564,0.003096934,0,,,,
1,Chr1_29133867.0,29133867,0.003097008,0,,,,
4,Chr4_9637314.0,9637314,0.003097553,0,,,,
2,Chr2_1212221.0,1212221,0.003097896,0,,,,
3,Chr3_15152416.0,15152416,0.003098745,0,,,,
4,Chr4_167046.0,167046,0.003098918,0,,,,
5,Chr5_16048525.0,16048525,0.003100554,0,,,,
1,Chr1_11628789.0,11628789,0.003100761,1,AT1G32240,AT1G32240,AT1G32240,0.0
5,Chr5_10163560.0,10163560,0.00310128,1,AT5G28180,AT5G28180,AT5G28180,0.0
2,Chr2_18538790.0,18538790,0.00310186,0,,,,
4,Chr4_2527008.0,2527008,0.003102373,1,AT4G04957,AT4G04957,AT4G04957,0.0
3,Chr3_18028866.0,18028866,0.003102906,0,,,,
4,Chr4_6201548.0,6201548,0.003103231,0,,,,
2,Chr2_4053983.0,4053983,0.003103927,0,,,,
1,Chr1_29367970.0,29367970,0.003103932,0,,,,
1,Chr1_3343237.0,3343237,0.003106267,0,,,,
5,Chr5_11491586.0,11491586,0.0031078,0,,,,
5,Chr5_11492145.0,11492145,0.0031078,0,,,,
5,Chr5_11493683.0,11493683,0.0031078,0,,,,
5,Chr5_11495098.0,11495098,0.0031078,0,,,,
5,Chr5_11496915.0,11496915,0.0031078,0,,,,
5,Chr5_11498015.0,11498015,0.0031078,0,,,,
3,Chr3_14902657.0,14902657,0.003108347,0,,,,
5,Chr5_21166827.0,21166827,0.003108481,0,,,,
5,Chr5_21166829.0,21166829,0.003108481,0,,,,
5,Chr5_21171672.0,21171672,0.003108481,2,AT5G52100;AT5G52110,AT5G52100,AT5G52100,0.0
5,Chr5_2414973.0,2414973,0.003108967,1,AT5G07640,AT5G07640,AT5G07640,0.0
5,Chr5_2416556.0,2416556,0.003108967,1,AT5G07650,AT5G07650,AT5G07650,0.0
3,Chr3_15955137.0,15955137,0.003109402,0,,,,
5,Chr5_17566813.0,17566813,0.003109432,1,AT5G43740,AT5G43740,AT5G43740,0.0
5,Chr5_17566875.0,17566875,0.003109432,1,AT5G43740,AT5G43740,AT5G43740,0.0
1,Chr1_3385433.0,3385433,0.003111083,1,AT1G10320,AT1G10320,AT1G10320,0.0
1,Chr1_3386738.0,3386738,0.003111083,1,AT1G10320,AT1G10320,AT1G10320,0.0
1,Chr1_3387981.0,3387981,0.003111083,1,AT1G10320,AT1G10320,AT1G10320,0.0
1,Chr1_3388014.0,3388014,0.003111083,1,AT1G10320,AT1G10320,AT1G10320,0.0
1,Chr1_3388015.0,3388015,0.003111083,1,AT1G10320,AT1G10320,AT1G10320,0.0
1,Chr1_3388215.0,3388215,0.003111083,1,AT1G10320,AT1G10320,AT1G10320,0.0
1,Chr1_3388331.0,3388331,0.003111083,1,AT1G10320,AT1G10320,AT1G10320,0.0
1,Chr1_3388458.0,3388458,0.003111083,0,,,,
1,Chr1_3388492.0,3388492,0.003111083,0,,,,
1,Chr1_3388932.0,3388932,0.003111083,1,AT1G10330,AT1G10330,AT1G10330,0.0
1,Chr1_3388944.0,3388944,0.003111083,1,AT1G10330,AT1G10330,AT1G10330,0.0
1,Chr1_3388980.0,3388980,0.003111083,1,AT1G10330,AT1G10330,AT1G10330,0.0
1,Chr1_3389289.0,3389289,0.003111083,1,AT1G10330,AT1G10330,AT1G10330,0.0
1,Chr1_3389324.0,3389324,0.003111083,1,AT1G10330,AT1G10330,AT1G10330,0.0
1,Chr1_3389503.0,3389503,0.003111083,1,AT1G10330,AT1G10330,AT1G10330,0.0
1,Chr1_3389544.0,3389544,0.003111083,1,AT1G10330,AT1G10330,AT1G10330,0.0
1,Chr1_3389643.0,3389643,0.003111083,1,AT1G10330,AT1G10330,AT1G10330,0.0
1,Chr1_3389712.0,3389712,0.003111083,1,AT1G10330,AT1G10330,AT1G10330,0.0
1,Chr1_3389842.0,3389842,0.003111083,1,AT1G10330,AT1G10330,AT1G10330,0.0
4,Chr4_11734518.0,11734518,0.003111253,1,AT4G22165,AT4G22165,AT4G22165,0.0
3,Chr3_13018158.0,13018158,0.003111579,0,,,,
3,Chr3_14111920.0,14111920,0.003111839,0,,,,
5,Chr5_13078012.0,13078012,0.003111892,0,,,,
5,Chr5_10760276.0,10760276,0.003111993,0,,,,
5,Chr5_166185.0,166185,0.003112628,1,AT5G01400,AT5G01400,AT5G01400,0.0
5,Chr5_12302937.0,12302937,0.003112652,0,,,,
5,Chr5_10407242.0,10407242,0.003113325,0,,,,
3,Chr3_811158.0,811158,0.003114751,0,,,,
5,Chr5_311752.0,311752,0.003115304,1,AT5G01810,AT5G01810,AT5G01810,0.0
3,Chr3_13875026.0,13875026,0.003115691,0,,,,
4,Chr4_3717560.0,3717560,0.003115796,0,,,,
1,Chr1_21735506.0,21735506,0.003116351,1,AT1G58520,AT1G58520,AT1G58520,0.0
1,Chr1_21745302.0,21745302,0.003116351,0,,,,
1,Chr1_21745570.0,21745570,0.003116351,0,,,,
2,Chr2_11869188.0,11869188,0.003116919,0,,,,
3,Chr3_18029593.0,18029593,0.003117362,0,,,,
3,Chr3_8798695.0,8798695,0.003117493,0,,,,
2,Chr2_14412426.0,14412426,0.003117534,1,AT2G34100,AT2G34100,AT2G34100,0.0
1,Chr1_7315256.0,7315256,0.003117688,1,AT1G20970,AT1G20970,AT1G20970,0.0
2,Chr2_5281750.0,5281750,0.003117721,0,,,,
1,Chr1_2331133.0,2331133,0.003117845,0,,,,
4,Chr4_1976883.0,1976883,0.003118542,0,,,,
4,Chr4_1977249.0,1977249,0.003118542,0,,,,
4,Chr4_1979333.0,1979333,0.003118542,0,,,,
4,Chr4_1980973.0,1980973,0.003118542,0,,,,
4,Chr4_1982323.0,1982323,0.003118542,0,,,,
4,Chr4_1983355.0,1983355,0.003118542,0,,,,
4,Chr4_1984287.0,1984287,0.003118542,0,,,,
4,Chr4_1984717.0,1984717,0.003118542,0,,,,
4,Chr4_1985526.0,1985526,0.003118542,0,,,,
4,Chr4_1990608.0,1990608,0.003118542,0,,,,
4,Chr4_1990844.0,1990844,0.003118542,0,,,,
4,Chr4_1992678.0,1992678,0.003118542,0,,,,
4,Chr4_1994666.0,1994666,0.003118542,0,,,,
4,Chr4_1995738.0,1995738,0.003118542,0,,,,
4,Chr4_1997187.0,1997187,0.003118542,0,,,,
4,Chr4_1997783.0,1997783,0.003118542,0,,,,
4,Chr4_1998698.0,1998698,0.003118542,0,,,,
4,Chr4_2004934.0,2004934,0.003118542,0,,,,
4,Chr4_2012759.0,2012759,0.003118542,0,,,,
4,Chr4_2012925.0,2012925,0.003118542,0,,,,
4,Chr4_2014558.0,2014558,0.003118542,0,,,,
4,Chr4_2016203.0,2016203,0.003118542,0,,,,
4,Chr4_2017413.0,2017413,0.003118542,0,,,,
4,Chr4_2017414.0,2017414,0.003118542,0,,,,
4,Chr4_2019490.0,2019490,0.003118542,0,,,,
4,Chr4_2020573.0,2020573,0.003118542,1,AT4G04180,AT4G04180,AT4G04180,0.0
5,Chr5_9749429.0,9749429,0.003119816,0,,,,
5,Chr5_1507263.0,1507263,0.003120954,0,,,,
5,Chr5_1507612.0,1507612,0.003120954,1,AT5G05110,AT5G05110,AT5G05110,0.0
5,Chr5_1509425.0,1509425,0.003120954,0,,,,
1,Chr1_10519216.0,10519216,0.00312135,0,,,,
2,Chr2_130343.0,130343,0.003121775,0,,,,
3,Chr3_22674537.0,22674537,0.003121948,0,,,,
2,Chr2_151145.0,151145,0.003122145,1,AT2G01300,AT2G01300,AT2G01300,0.0
1,Chr1_9272708.0,9272708,0.003122417,0,,,,
4,Chr4_14938851.0,14938851,0.003123325,1,AT4G30600,AT4G30600,AT4G30600,0.0
1,Chr1_3184848.0,3184848,0.003123741,0,,,,
1,Chr1_3186776.0,3186776,0.003123741,0,,,,
2,Chr2_5454219.0,5454219,0.003124323,0,,,,
1,Chr1_1634416.0,1634416,0.003124352,1,AT1G05520,AT1G05520,AT1G05520,0.0
5,Chr5_22643920.0,22643920,0.003126067,0,,,,
4,Chr4_8266591.0,8266591,0.003127003,0,,,,
3,Chr3_15549309.0,15549309,0.003127122,0,,,,
3,Chr3_18598057.0,18598057,0.003127624,0,,,,
3,Chr3_18598128.0,18598128,0.003127624,0,,,,
3,Chr3_18598152.0,18598152,0.003127624,0,,,,
3,Chr3_20585633.0,20585633,0.003127694,0,,,,
4,Chr4_2170959.0,2170959,0.003127709,0,,,,
4,Chr4_2174468.0,2174468,0.003127709,0,,,,
4,Chr4_9061310.0,9061310,0.003128192,1,AT4G15990,AT4G15990,AT4G15990,0.0
4,Chr4_1209821.0,1209821,0.003128356,0,,,,
5,Chr5_10761943.0,10761943,0.003128431,0,,,,
3,Chr3_18671483.0,18671483,0.003129508,0,,,,
1,Chr1_21207113.0,21207113,0.003129645,0,,,,
3,Chr3_16624013.0,16624013,0.003130814,1,AT3G45300,AT3G45300,AT3G45300,0.0
3,Chr3_16624043.0,16624043,0.003130814,1,AT3G45300,AT3G45300,AT3G45300,0.0
3,Chr3_16624062.0,16624062,0.003130814,1,AT3G45300,AT3G45300,AT3G45300,0.0
3,Chr3_16624071.0,16624071,0.003130814,1,AT3G45300,AT3G45300,AT3G45300,0.0
3,Chr3_16624072.0,16624072,0.003130814,1,AT3G45300,AT3G45300,AT3G45300,0.0
3,Chr3_16624075.0,16624075,0.003130814,1,AT3G45300,AT3G45300,AT3G45300,0.0
3,Chr3_16624078.0,16624078,0.003130814,1,AT3G45300,AT3G45300,AT3G45300,0.0
3,Chr3_16624083.0,16624083,0.003130814,1,AT3G45300,AT3G45300,AT3G45300,0.0
3,Chr3_16624084.0,16624084,0.003130814,1,AT3G45300,AT3G45300,AT3G45300,0.0
3,Chr3_16624086.0,16624086,0.003130814,1,AT3G45300,AT3G45300,AT3G45300,0.0
3,Chr3_16624909.0,16624909,0.003130814,1,AT3G45300,AT3G45300,AT3G45300,0.0
3,Chr3_16624923.0,16624923,0.003130814,1,AT3G45300,AT3G45300,AT3G45300,0.0
3,Chr3_16624957.0,16624957,0.003130814,1,AT3G45300,AT3G45300,AT3G45300,0.0
3,Chr3_16625015.0,16625015,0.003130814,1,AT3G45300,AT3G45300,AT3G45300,0.0
3,Chr3_16625208.0,16625208,0.003130814,0,,,,
3,Chr3_15110076.0,15110076,0.003130959,0,,,,
1,Chr1_2714793.0,2714793,0.003131057,0,,,,
2,Chr2_12725473.0,12725473,0.003131227,0,,,,
2,Chr2_12725660.0,12725660,0.003131227,0,,,,
2,Chr2_12726371.0,12726371,0.003131227,1,AT2G29810,AT2G29810,AT2G29810,0.0
2,Chr2_12726624.0,12726624,0.003131227,1,AT2G29810,AT2G29810,AT2G29810,0.0
2,Chr2_12727272.0,12727272,0.003131227,0,,,,
4,Chr4_14701229.0,14701229,0.003131254,0,,,,
4,Chr4_6103424.0,6103424,0.003131504,0,,,,
1,Chr1_1705185.0,1705185,0.003131851,0,,,,
1,Chr1_1705215.0,1705215,0.003131851,0,,,,
1,Chr1_1705227.0,1705227,0.003131851,0,,,,
1,Chr1_1705266.0,1705266,0.003131851,0,,,,
1,Chr1_7752076.0,7752076,0.003131941,1,AT1G22015,AT1G22015,AT1G22015,0.0
4,Chr4_15906457.0,15906457,0.003133088,0,,,,
4,Chr4_7765105.0,7765105,0.003133144,1,AT4G13345,AT4G13345,AT4G13345,0.0
5,Chr5_15372350.0,15372350,0.003133304,0,,,,
4,Chr4_18447795.0,18447795,0.003133557,0,,,,
3,Chr3_6022046.0,6022046,0.003134353,0,,,,
4,Chr4_1783741.0,1783741,0.003134849,0,,,,
5,Chr5_1775685.0,1775685,0.003135244,1,AT5G05900,AT5G05900,AT5G05900,0.0
2,Chr2_8547113.0,8547113,0.003135563,0,,,,
2,Chr2_7445229.0,7445229,0.003136634,1,AT2G17110,AT2G17110,AT2G17110,0.0
2,Chr2_13886475.0,13886475,0.003136847,0,,,,
4,Chr4_4661779.0,4661779,0.003136872,0,,,,
1,Chr1_1837781.0,1837781,0.00313727,0,,,,
1,Chr1_16682394.0,16682394,0.003137397,1,AT1G43970,AT1G43970,AT1G43970,0.0
2,Chr2_2413408.0,2413408,0.003137416,0,,,,
2,Chr2_2413451.0,2413451,0.003137416,0,,,,
2,Chr2_2413495.0,2413495,0.003137416,0,,,,
2,Chr2_2413510.0,2413510,0.003137416,0,,,,
1,Chr1_3267537.0,3267537,0.003137861,1,AT1G10010,AT1G10010,AT1G10010,0.0
1,Chr1_3267561.0,3267561,0.003137861,1,AT1G10010,AT1G10010,AT1G10010,0.0
4,Chr4_10353251.0,10353251,0.00313851,1,AT4G18890,AT4G18890,AT4G18890,0.0
4,Chr4_3344483.0,3344483,0.003138882,0,,,,
1,Chr1_2318199.0,2318199,0.003139046,0,,,,
1,Chr1_23749828.0,23749828,0.003139382,0,,,,
1,Chr1_23749843.0,23749843,0.003139382,0,,,,
5,Chr5_19310392.0,19310392,0.003139505,1,AT5G47650,AT5G47650,AT5G47650,0.0
5,Chr5_14172113.0,14172113,0.003139798,0,,,,
4,Chr4_1209739.0,1209739,0.003140055,0,,,,
4,Chr4_5413745.0,5413745,0.003140056,0,,,,
4,Chr4_9430716.0,9430716,0.00314056,1,AT4G16765,AT4G16765,AT4G16765,0.0
1,Chr1_646106.0,646106,0.003140719,1,AT1G02890,AT1G02890,AT1G02890,0.0
5,Chr5_7491078.0,7491078,0.003141895,0,,,,
4,Chr4_7940910.0,7940910,0.003142295,1,AT4G13650,AT4G13650,AT4G13650,0.0
3,Chr3_10483029.0,10483029,0.003142435,0,,,,
3,Chr3_9677444.0,9677444,0.003142832,1,AT3G26440,AT3G26440,AT3G26440,0.0
3,Chr3_9677479.0,9677479,0.003142832,1,AT3G26440,AT3G26440,AT3G26440,0.0
1,Chr1_5294908.0,5294908,0.003143322,1,AT1G15390,AT1G15390,AT1G15390,0.0
3,Chr3_18678969.0,18678969,0.003144637,1,AT3G50370,AT3G50370,AT3G50370,0.0
3,Chr3_18679969.0,18679969,0.003144637,1,AT3G50370,AT3G50370,AT3G50370,0.0
1,Chr1_3284896.0,3284896,0.003144735,1,AT1G10060,AT1G10060,AT1G10060,0.0
4,Chr4_9504614.0,9504614,0.003145219,1,AT4G16890,AT4G16890,AT4G16890,0.0
3,Chr3_16348856.0,16348856,0.003145453,0,,,,
5,Chr5_9022734.0,9022734,0.003145643,0,,,,
1,Chr1_22701659.0,22701659,0.003146742,0,,,,
1,Chr1_22701718.0,22701718,0.003146742,0,,,,
4,Chr4_997555.0,997555,0.003147149,1,AT4G02280,AT4G02280,AT4G02280,0.0
2,Chr2_4105936.0,4105936,0.003147225,0,,,,
1,Chr1_2951231.0,2951231,0.003147856,0,,,,
3,Chr3_15546791.0,15546791,0.003148004,0,,,,
4,Chr4_15906171.0,15906171,0.003148638,0,,,,
4,Chr4_15906237.0,15906237,0.003148638,0,,,,
4,Chr4_15906267.0,15906267,0.003148638,0,,,,
4,Chr4_15906438.0,15906438,0.003148638,0,,,,
3,Chr3_19135894.0,19135894,0.003148942,1,AT3G51590,AT3G51590,AT3G51590,0.0
2,Chr2_5581320.0,5581320,0.003149732,0,,,,
1,Chr1_22890513.0,22890513,0.003150084,0,,,,
1,Chr1_12288392.0,12288392,0.003150557,0,,,,
1,Chr1_12288770.0,12288770,0.003150557,0,,,,
1,Chr1_12301275.0,12301275,0.003150557,0,,,,
1,Chr1_12301310.0,12301310,0.003150557,0,,,,
1,Chr1_12301865.0,12301865,0.003150557,1,AT1G33870,AT1G33870,AT1G33870,0.0
1,Chr1_12302714.0,12302714,0.003150557,0,,,,
2,Chr2_4799420.0,4799420,0.003150635,0,,,,
1,Chr1_27259115.0,27259115,0.003151453,1,AT1G72416,AT1G72416,AT1G72416,0.0
4,Chr4_3779022.0,3779022,0.003151854,0,,,,
1,Chr1_14083070.0,14083070,0.003152261,0,,,,
2,Chr2_9791632.0,9791632,0.003152621,0,,,,
2,Chr2_9791888.0,9791888,0.003152621,0,,,,
5,Chr5_7256370.0,7256370,0.003152773,0,,,,
5,Chr5_14642852.0,14642852,0.003153052,1,AT5G37060,AT5G37060,AT5G37060,0.0
5,Chr5_4193804.0,4193804,0.003153111,0,,,,
2,Chr2_5348042.0,5348042,0.003153401,0,,,,
2,Chr2_5348096.0,5348096,0.003153401,0,,,,
1,Chr1_944884.0,944884,0.003153496,1,AT1G03770,AT1G03770,AT1G03770,0.0
1,Chr1_950243.0,950243,0.003153496,1,AT1G03780,AT1G03780,AT1G03780,0.0
1,Chr1_950378.0,950378,0.003153496,1,AT1G03780,AT1G03780,AT1G03780,0.0
1,Chr1_951206.0,951206,0.003153496,1,AT1G03780,AT1G03780,AT1G03780,0.0
1,Chr1_952186.0,952186,0.003153496,0,,,,
1,Chr1_953617.0,953617,0.003153496,0,,,,
4,Chr4_761413.0,761413,0.003153957,0,,,,
3,Chr3_15341863.0,15341863,0.003154066,0,,,,
1,Chr1_23272787.0,23272787,0.003154241,1,AT1G62850,AT1G62850,AT1G62850,0.0
5,Chr5_3181524.0,3181524,0.003155459,0,,,,
4,Chr4_303871.0,303871,0.003156039,1,AT4G00730,AT4G00730,AT4G00730,0.0
3,Chr3_8415456.0,8415456,0.003156227,1,AT3G23470,AT3G23470,AT3G23470,0.0
3,Chr3_19180864.0,19180864,0.003156604,1,AT3G51700,AT3G51700,AT3G51700,0.0
5,Chr5_19213154.0,19213154,0.003157062,1,AT5G47350,AT5G47350,AT5G47350,0.0
1,Chr1_26902878.0,26902878,0.003157155,0,,,,
1,Chr1_26902897.0,26902897,0.003157155,0,,,,
5,Chr5_10365479.0,10365479,0.003157361,0,,,,
5,Chr5_10609708.0,10609708,0.003157389,0,,,,
2,Chr2_670651.0,670651,0.003157672,0,,,,
2,Chr2_12656950.0,12656950,0.003158297,1,AT2G29600,AT2G29600,AT2G29600,0.0
3,Chr3_15411750.0,15411750,0.003159208,0,,,,
4,Chr4_17818966.0,17818966,0.003159389,0,,,,
5,Chr5_22156003.0,22156003,0.003159442,0,,,,
5,Chr5_10525776.0,10525776,0.003159707,1,AT5G28530,AT5G28530,AT5G28530,0.0
5,Chr5_10527890.0,10527890,0.003159707,0,,,,
5,Chr5_10538676.0,10538676,0.003159707,0,,,,
1,Chr1_3323366.0,3323366,0.003160093,1,AT1G10140,AT1G10140,AT1G10140,0.0
5,Chr5_113908.0,113908,0.003160539,0,,,,
2,Chr2_18380333.0,18380333,0.003161782,1,AT2G44520,AT2G44520,AT2G44520,0.0
4,Chr4_4703710.0,4703710,0.003162371,0,,,,
5,Chr5_9750113.0,9750113,0.003162716,0,,,,
3,Chr3_20878758.0,20878758,0.003163689,1,AT3G56290,AT3G56290,AT3G56290,0.0
3,Chr3_17782793.0,17782793,0.003164523,0,,,,
3,Chr3_16756262.0,16756262,0.003166593,1,AT3G45638,AT3G45638,AT3G45638,0.0
5,Chr5_11604180.0,11604180,0.003166737,0,,,,
5,Chr5_15298643.0,15298643,0.003166838,0,,,,
5,Chr5_15300247.0,15300247,0.003166838,0,,,,
3,Chr3_12175585.0,12175585,0.00316693,0,,,,
2,Chr2_14836651.0,14836651,0.003166939,1,AT2G35210,AT2G35210,AT2G35210,0.0
3,Chr3_4740131.0,4740131,0.003169182,0,,,,
2,Chr2_7461934.0,7461934,0.003169224,1,AT2G17130,AT2G17130,AT2G17130,0.0
3,Chr3_3158098.0,3158098,0.00316955,1,AT3G10200,AT3G10200,AT3G10200,0.0
3,Chr3_3158146.0,3158146,0.00316955,1,AT3G10200,AT3G10200,AT3G10200,0.0
3,Chr3_3158170.0,3158170,0.00316955,1,AT3G10200,AT3G10200,AT3G10200,0.0
3,Chr3_3158218.0,3158218,0.00316955,1,AT3G10200,AT3G10200,AT3G10200,0.0
2,Chr2_19131718.0,19131718,0.003170627,0,,,,
4,Chr4_13628821.0,13628821,0.003171732,0,,,,
1,Chr1_26320582.0,26320582,0.003172421,0,,,,
1,Chr1_9517787.0,9517787,0.003172903,1,AT1G27410,AT1G27410,AT1G27410,0.0
1,Chr1_18581853.0,18581853,0.003173366,0,,,,
5,Chr5_25764847.0,25764847,0.003173652,0,,,,
5,Chr5_19762308.0,19762308,0.003174148,0,,,,
5,Chr5_24968066.0,24968066,0.003175663,1,AT5G62165,AT5G62165,AT5G62165,0.0
1,Chr1_3322405.0,3322405,0.003175922,0,,,,
4,Chr4_9775924.0,9775924,0.00317635,1,AT4G17540,AT4G17540,AT4G17540,0.0
4,Chr4_9776670.0,9776670,0.00317635,1,AT4G17540,AT4G17540,AT4G17540,0.0
4,Chr4_9780844.0,9780844,0.00317635,1,AT4G17560,AT4G17560,AT4G17560,0.0
4,Chr4_9781909.0,9781909,0.00317635,1,AT4G17560,AT4G17560,AT4G17560,0.0
4,Chr4_9781962.0,9781962,0.00317635,1,AT4G17560,AT4G17560,AT4G17560,0.0
3,Chr3_15642665.0,15642665,0.003176817,0,,,,
2,Chr2_18340373.0,18340373,0.00317771,0,,,,
4,Chr4_1955438.0,1955438,0.003178508,0,,,,
4,Chr4_8854782.0,8854782,0.00317855,0,,,,
1,Chr1_6867493.0,6867493,0.003178749,0,,,,
1,Chr1_6867630.0,6867630,0.003178749,0,,,,
1,Chr1_6867654.0,6867654,0.003178749,0,,,,
1,Chr1_6867732.0,6867732,0.003178749,0,,,,
1,Chr1_6867733.0,6867733,0.003178749,0,,,,
1,Chr1_6867770.0,6867770,0.003178749,0,,,,
1,Chr1_6867777.0,6867777,0.003178749,0,,,,
1,Chr1_6867788.0,6867788,0.003178749,0,,,,
1,Chr1_6867809.0,6867809,0.003178749,0,,,,
1,Chr1_6867826.0,6867826,0.003178749,0,,,,
1,Chr1_6867854.0,6867854,0.003178749,0,,,,
1,Chr1_4351512.0,4351512,0.0031795,1,AT1G12770,AT1G12770,AT1G12770,0.0
2,Chr2_2413099.0,2413099,0.003179947,0,,,,
2,Chr2_2413254.0,2413254,0.003179947,0,,,,
2,Chr2_2413261.0,2413261,0.003179947,0,,,,
4,Chr4_3644820.0,3644820,0.003180029,0,,,,
4,Chr4_3644839.0,3644839,0.003180029,0,,,,
4,Chr4_6340626.0,6340626,0.003180347,0,,,,
2,Chr2_7489308.0,7489308,0.003180559,1,AT2G17220,AT2G17220,AT2G17220,0.0
1,Chr1_15797253.0,15797253,0.003180784,0,,,,
2,Chr2_15613476.0,15613476,0.003180869,1,AT2G37170,AT2G37170,AT2G37170,0.0
4,Chr4_7214972.0,7214972,0.00318103,1,AT4G12040,AT4G12040,AT4G12040,0.0
5,Chr5_7956476.0,7956476,0.003181245,1,AT5G23600,AT5G23600,AT5G23600,0.0
1,Chr1_3231056.0,3231056,0.003181362,1,AT1G09932,AT1G09932,AT1G09932,0.0
5,Chr5_26610965.0,26610965,0.00318171,0,,,,
4,Chr4_15976273.0,15976273,0.003181853,1,AT4G33120,AT4G33120,AT4G33120,0.0
4,Chr4_7226565.0,7226565,0.003182398,0,,,,
1,Chr1_19044256.0,19044256,0.003182841,1,AT1G51360,AT1G51360,AT1G51360,0.0
5,Chr5_579526.0,579526,0.003183049,0,,,,
5,Chr5_579529.0,579529,0.003183049,0,,,,
5,Chr5_579545.0,579545,0.003183049,0,,,,
2,Chr2_5992093.0,5992093,0.003183151,0,,,,
2,Chr2_670526.0,670526,0.003183192,0,,,,
2,Chr2_670534.0,670534,0.003183192,0,,,,
1,Chr1_23696580.0,23696580,0.00318376,0,,,,
3,Chr3_14614366.0,14614366,0.003184306,0,,,,
2,Chr2_18538745.0,18538745,0.003185009,0,,,,
5,Chr5_10140401.0,10140401,0.003185104,0,,,,
1,Chr1_2229998.0,2229998,0.003185294,1,AT1G07270,AT1G07270,AT1G07270,0.0
5,Chr5_18379184.0,18379184,0.003185637,0,,,,
4,Chr4_1120763.0,1120763,0.003186076,1,AT4G02550,AT4G02550,AT4G02550,0.0
3,Chr3_16675907.0,16675907,0.003187605,0,,,,
4,Chr4_520697.0,520697,0.003188659,1,AT4G01240,AT4G01240,AT4G01240,0.0
4,Chr4_521002.0,521002,0.003188659,1,AT4G01240,AT4G01240,AT4G01240,0.0
4,Chr4_521110.0,521110,0.003188659,1,AT4G01240,AT4G01240,AT4G01240,0.0
4,Chr4_522073.0,522073,0.003188659,0,,,,
4,Chr4_522121.0,522121,0.003188659,0,,,,
2,Chr2_13938572.0,13938572,0.003188797,1,AT2G32850,AT2G32850,AT2G32850,0.0
4,Chr4_17298453.0,17298453,0.003188857,1,AT4G36700,AT4G36700,AT4G36700,0.0
3,Chr3_3187776.0,3187776,0.00318895,1,AT3G10300,AT3G10300,AT3G10300,0.0
2,Chr2_10070090.0,10070090,0.003189447,0,,,,
1,Chr1_1847106.0,1847106,0.003189486,0,,,,
5,Chr5_22631867.0,22631867,0.0031896,0,,,,
5,Chr5_15922899.0,15922899,0.003190077,1,AT5G39770,AT5G39770,AT5G39770,0.0
3,Chr3_17437780.0,17437780,0.003190814,0,,,,
5,Chr5_10675276.0,10675276,0.003191336,1,AT5G28646,AT5G28646,AT5G28646,0.0
2,Chr2_18263976.0,18263976,0.003191351,1,AT2G44160,AT2G44160,AT2G44160,0.0
2,Chr2_18264083.0,18264083,0.003191351,1,AT2G44160,AT2G44160,AT2G44160,0.0
5,Chr5_25968193.0,25968193,0.003191507,1,AT5G65005,AT5G65005,AT5G65005,0.0
1,Chr1_8276035.0,8276035,0.003191904,0,,,,
3,Chr3_11100571.0,11100571,0.003192074,0,,,,
1,Chr1_10861042.0,10861042,0.003192543,1,AT1G30640,AT1G30640,AT1G30640,0.0
5,Chr5_9031204.0,9031204,0.003192697,0,,,,
3,Chr3_20460697.0,20460697,0.003192928,1,AT3G55200,AT3G55200,AT3G55200,0.0
5,Chr5_14116137.0,14116137,0.003193492,0,,,,
4,Chr4_7381202.0,7381202,0.003193999,0,,,,
2,Chr2_10630994.0,10630994,0.003194079,1,AT2G25000,AT2G25000,AT2G25000,0.0
2,Chr2_10660073.0,10660073,0.003194079,1,AT2G25050,AT2G25050,AT2G25050,0.0
2,Chr2_13886648.0,13886648,0.00319428,0,,,,
2,Chr2_316241.0,316241,0.003195005,1,AT2G01710,AT2G01710,AT2G01710,0.0
1,Chr1_20760876.0,20760876,0.003195189,0,,,,
1,Chr1_23254835.0,23254835,0.003195445,1,AT1G62800,AT1G62800,AT1G62800,0.0
2,Chr2_2332276.0,2332276,0.003195974,0,,,,
2,Chr2_6954142.0,6954142,0.003196069,0,,,,
3,Chr3_12239372.0,12239372,0.003196924,0,,,,
3,Chr3_12240909.0,12240909,0.003196924,0,,,,
3,Chr3_12421203.0,12421203,0.003196924,0,,,,
3,Chr3_12421213.0,12421213,0.003196924,0,,,,
3,Chr3_12421214.0,12421214,0.003196924,0,,,,
3,Chr3_12426312.0,12426312,0.003196924,0,,,,
3,Chr3_12426359.0,12426359,0.003196924,0,,,,
3,Chr3_12426452.0,12426452,0.003196924,0,,,,
3,Chr3_12426550.0,12426550,0.003196924,0,,,,
3,Chr3_12426650.0,12426650,0.003196924,0,,,,
3,Chr3_12426677.0,12426677,0.003196924,0,,,,
3,Chr3_12426686.0,12426686,0.003196924,0,,,,
3,Chr3_12426845.0,12426845,0.003196924,0,,,,
3,Chr3_12426847.0,12426847,0.003196924,0,,,,
3,Chr3_12426921.0,12426921,0.003196924,0,,,,
3,Chr3_12426929.0,12426929,0.003196924,0,,,,
3,Chr3_12426963.0,12426963,0.003196924,0,,,,
3,Chr3_12427055.0,12427055,0.003196924,0,,,,
3,Chr3_12427070.0,12427070,0.003196924,0,,,,
3,Chr3_12430318.0,12430318,0.003196924,0,,,,
3,Chr3_12430354.0,12430354,0.003196924,0,,,,
3,Chr3_12430441.0,12430441,0.003196924,0,,,,
3,Chr3_12430537.0,12430537,0.003196924,0,,,,
3,Chr3_12430584.0,12430584,0.003196924,0,,,,
3,Chr3_12430595.0,12430595,0.003196924,0,,,,
3,Chr3_12430652.0,12430652,0.003196924,0,,,,
3,Chr3_12430905.0,12430905,0.003196924,0,,,,
3,Chr3_12445857.0,12445857,0.003196924,1,AT3G30770,AT3G30770,AT3G30770,0.0
1,Chr1_21895813.0,21895813,0.003197151,1,AT1G59610,AT1G59610,AT1G59610,0.0
2,Chr2_12725563.0,12725563,0.003197372,0,,,,
5,Chr5_22253441.0,22253441,0.003198081,0,,,,
3,Chr3_15431894.0,15431894,0.003198575,1,AT3G43540,AT3G43540,AT3G43540,0.0
4,Chr4_18436002.0,18436002,0.003198778,1,AT4G39740,AT4G39740,AT4G39740,0.0
2,Chr2_18263281.0,18263281,0.003199167,1,AT2G44160,AT2G44160,AT2G44160,0.0
4,Chr4_1135406.0,1135406,0.00319955,1,AT4G02580,AT4G02580,AT4G02580,0.0
2,Chr2_1465787.0,1465787,0.003201774,0,,,,
4,Chr4_8722944.0,8722944,0.0032019,1,AT4G15290,AT4G15290,AT4G15290,0.0
4,Chr4_8722989.0,8722989,0.0032019,1,AT4G15290,AT4G15290,AT4G15290,0.0
4,Chr4_8722993.0,8722993,0.0032019,1,AT4G15290,AT4G15290,AT4G15290,0.0
4,Chr4_8722995.0,8722995,0.0032019,1,AT4G15290,AT4G15290,AT4G15290,0.0
4,Chr4_8723003.0,8723003,0.0032019,1,AT4G15290,AT4G15290,AT4G15290,0.0
5,Chr5_7389026.0,7389026,0.003202204,1,AT5G22320,AT5G22320,AT5G22320,0.0
4,Chr4_7615048.0,7615048,0.003202378,1,AT4G13040,AT4G13040,AT4G13040,0.0
1,Chr1_12686045.0,12686045,0.003202592,1,AT1G34630,AT1G34630,AT1G34630,0.0
4,Chr4_4696728.0,4696728,0.003203052,0,,,,
4,Chr4_4984841.0,4984841,0.003203943,0,,,,
1,Chr1_11125947.0,11125947,0.003204386,0,,,,
4,Chr4_14740086.0,14740086,0.003204921,1,AT4G30140,AT4G30140,AT4G30140,0.0
3,Chr3_2094340.0,2094340,0.003205258,0,,,,
4,Chr4_3729334.0,3729334,0.003205765,0,,,,
3,Chr3_16493536.0,16493536,0.003206313,1,AT3G45090,AT3G45090,AT3G45090,0.0
3,Chr3_23104208.0,23104208,0.003206722,0,,,,
3,Chr3_11805627.0,11805627,0.003207258,0,,,,
2,Chr2_5471387.0,5471387,0.003207287,0,,,,
3,Chr3_10909474.0,10909474,0.003207439,0,,,,
5,Chr5_9712515.0,9712515,0.00320753,0,,,,
5,Chr5_10741328.0,10741328,0.003207646,0,,,,
1,Chr1_22701811.0,22701811,0.003208513,0,,,,
3,Chr3_19428184.0,19428184,0.00320852,0,,,,
4,Chr4_8253510.0,8253510,0.003208605,0,,,,
4,Chr4_8253518.0,8253518,0.003208605,0,,,,
1,Chr1_13678816.0,13678816,0.003208814,0,,,,
2,Chr2_4999604.0,4999604,0.003208866,0,,,,
1,Chr1_5971453.0,5971453,0.00320893,0,,,,
3,Chr3_15899278.0,15899278,0.003209999,0,,,,
5,Chr5_7240731.0,7240731,0.00321024,1,AT5G21910,AT5G21910,AT5G21910,0.0
3,Chr3_20539595.0,20539595,0.003210288,0,,,,
3,Chr3_20539821.0,20539821,0.003210288,0,,,,
2,Chr2_19140612.0,19140612,0.003210495,1,AT2G46620,AT2G46620,AT2G46620,0.0
5,Chr5_16633365.0,16633365,0.003210737,1,AT5G41590,AT5G41590,AT5G41590,0.0
3,Chr3_17000323.0,17000323,0.003211167,0,,,,
5,Chr5_19156137.0,19156137,0.003211603,0,,,,
5,Chr5_19157538.0,19157538,0.003211603,1,AT5G47160,AT5G47160,AT5G47160,0.0
5,Chr5_19158073.0,19158073,0.003211603,0,,,,
5,Chr5_19188084.0,19188084,0.003211603,1,AT5G47250,AT5G47250,AT5G47250,0.0
2,Chr2_7481944.0,7481944,0.003211845,1,AT2G17200,AT2G17200,AT2G17200,0.0
3,Chr3_12387597.0,12387597,0.003212648,0,,,,
1,Chr1_3365601.0,3365601,0.003212661,1,AT1G10270,AT1G10270,AT1G10270,0.0
1,Chr1_12703212.0,12703212,0.003213429,0,,,,
2,Chr2_397738.0,397738,0.003213709,1,AT2G01890,AT2G01890,AT2G01890,0.0
5,Chr5_14558907.0,14558907,0.003214208,0,,,,
1,Chr1_17465909.0,17465909,0.00321443,0,,,,
4,Chr4_15138978.0,15138978,0.003214743,0,,,,
3,Chr3_12149698.0,12149698,0.00321518,0,,,,
3,Chr3_10630547.0,10630547,0.003215345,1,AT3G28390,AT3G28390,AT3G28390,0.0
4,Chr4_9161017.0,9161017,0.003215655,1,AT4G16162,AT4G16162,AT4G16162,0.0
5,Chr5_7504143.0,7504143,0.003215947,0,,,,
3,Chr3_3128159.0,3128159,0.003216077,0,,,,
3,Chr3_15631085.0,15631085,0.003216799,0,,,,
5,Chr5_7391955.0,7391955,0.003216974,1,AT5G22330,AT5G22330,AT5G22330,0.0
5,Chr5_8404435.0,8404435,0.003217082,0,,,,
5,Chr5_7396282.0,7396282,0.003217083,1,AT5G22340,AT5G22340,AT5G22340,0.0
1,Chr1_4635310.0,4635310,0.003217162,0,,,,
3,Chr3_18042954.0,18042954,0.003217271,1,AT3G48710,AT3G48710,AT3G48710,0.0
3,Chr3_15020901.0,15020901,0.003218173,0,,,,
5,Chr5_10780132.0,10780132,0.003220353,1,AT5G28730,AT5G28730,AT5G28730,0.0
1,Chr1_14605932.0,14605932,0.003220765,0,,,,
3,Chr3_2657406.0,2657406,0.003221482,1,AT3G08750,AT3G08750,AT3G08750,0.0
3,Chr3_2657407.0,2657407,0.003221482,1,AT3G08750,AT3G08750,AT3G08750,0.0
3,Chr3_12140857.0,12140857,0.00322161,0,,,,
3,Chr3_12499554.0,12499554,0.00322184,0,,,,
5,Chr5_9753978.0,9753978,0.003221965,0,,,,
5,Chr5_9754592.0,9754592,0.003221965,0,,,,
4,Chr4_7376418.0,7376418,0.003223865,1,AT4G12440,AT4G12440,AT4G12440,0.0
3,Chr3_13250266.0,13250266,0.003223873,0,,,,
1,Chr1_9019383.0,9019383,0.003225178,0,,,,
1,Chr1_9020100.0,9020100,0.003225178,0,,,,
4,Chr4_5522072.0,5522072,0.003225387,0,,,,
4,Chr4_5530771.0,5530771,0.003225387,0,,,,
1,Chr1_9018666.0,9018666,0.003226183,0,,,,
4,Chr4_6885046.0,6885046,0.003226513,1,AT4G11310,AT4G11310,AT4G11310,0.0
4,Chr4_6885462.0,6885462,0.003226513,1,AT4G11310,AT4G11310,AT4G11310,0.0
4,Chr4_6886369.0,6886369,0.003226513,0,,,,
4,Chr4_6886877.0,6886877,0.003226513,0,,,,
1,Chr1_2722859.0,2722859,0.003227111,0,,,,
1,Chr1_2723182.0,2723182,0.003227111,0,,,,
1,Chr1_26143493.0,26143493,0.003227156,1,AT1G69530,AT1G69530,AT1G69530,0.0
1,Chr1_26143706.0,26143706,0.003227156,0,,,,
1,Chr1_26143723.0,26143723,0.003227156,0,,,,
1,Chr1_26143724.0,26143724,0.003227156,0,,,,
1,Chr1_26143738.0,26143738,0.003227156,0,,,,
1,Chr1_26143799.0,26143799,0.003227156,0,,,,
2,Chr2_1792514.0,1792514,0.003227344,0,,,,
4,Chr4_1478518.0,1478518,0.003227582,1,AT4G03370,AT4G03370,AT4G03370,0.0
5,Chr5_26368077.0,26368077,0.003227871,0,,,,
5,Chr5_26368091.0,26368091,0.003227871,0,,,,
5,Chr5_26368093.0,26368093,0.003227871,0,,,,
5,Chr5_26368113.0,26368113,0.003227871,0,,,,
5,Chr5_26368115.0,26368115,0.003227871,0,,,,
1,Chr1_18456876.0,18456876,0.003228143,0,,,,
5,Chr5_101385.0,101385,0.003228218,1,AT5G01240,AT5G01240,AT5G01240,0.0
5,Chr5_17378174.0,17378174,0.00322827,1,AT5G43300,AT5G43300,AT5G43300,0.0
5,Chr5_17378236.0,17378236,0.00322827,1,AT5G43300,AT5G43300,AT5G43300,0.0
5,Chr5_17378595.0,17378595,0.00322827,1,AT5G43300,AT5G43300,AT5G43300,0.0
5,Chr5_10831904.0,10831904,0.003228897,1,AT5G28820,AT5G28820,AT5G28820,0.0
4,Chr4_12563417.0,12563417,0.003229033,0,,,,
1,Chr1_12548213.0,12548213,0.003229457,0,,,,
2,Chr2_14992685.0,14992685,0.003229874,1,AT2G35670,AT2G35670,AT2G35670,0.0
3,Chr3_9218021.0,9218021,0.003229904,1,AT3G25420,AT3G25420,AT3G25420,0.0
4,Chr4_6291463.0,6291463,0.003230352,1,AT4G10060,AT4G10060,AT4G10060,0.0
4,Chr4_87066.0,87066,0.003230654,0,,,,
3,Chr3_19180730.0,19180730,0.003231513,1,AT3G51700,AT3G51700,AT3G51700,0.0
5,Chr5_14995247.0,14995247,0.00323277,0,,,,
1,Chr1_16635321.0,16635321,0.003233172,0,,,,
1,Chr1_18588613.0,18588613,0.003234083,1,AT1G50190,AT1G50190,AT1G50190,0.0
5,Chr5_10607157.0,10607157,0.003234208,0,,,,
4,Chr4_15396258.0,15396258,0.003234428,0,,,,
3,Chr3_7905729.0,7905729,0.003234803,0,,,,
1,Chr1_4760760.0,4760760,0.003234932,0,,,,
1,Chr1_5342109.0,5342109,0.003235191,0,,,,
2,Chr2_5247310.0,5247310,0.003235214,0,,,,
4,Chr4_3729324.0,3729324,0.003235694,0,,,,
1,Chr1_16613274.0,16613274,0.003235849,0,,,,
5,Chr5_9038951.0,9038951,0.003236237,1,AT5G25910,AT5G25910,AT5G25910,0.0
4,Chr4_8307477.0,8307477,0.003236289,1,AT4G14440,AT4G14440,AT4G14440,0.0
4,Chr4_8307483.0,8307483,0.003236289,1,AT4G14440,AT4G14440,AT4G14440,0.0
4,Chr4_2018558.0,2018558,0.003236596,0,,,,
5,Chr5_9738528.0,9738528,0.003236998,0,,,,
4,Chr4_17524713.0,17524713,0.003237291,1,AT4G37240,AT4G37240,AT4G37240,0.0
3,Chr3_19126273.0,19126273,0.003237996,0,,,,
2,Chr2_11169276.0,11169276,0.003238121,0,,,,
2,Chr2_12239166.0,12239166,0.003238553,0,,,,
2,Chr2_6432328.0,6432328,0.003239272,0,,,,
2,Chr2_6434339.0,6434339,0.003239272,0,,,,
2,Chr2_6439446.0,6439446,0.003239272,0,,,,
2,Chr2_5147854.0,5147854,0.003239924,0,,,,
3,Chr3_14467991.0,14467991,0.003240089,0,,,,
1,Chr1_18765322.0,18765322,0.003240199,0,,,,
5,Chr5_14114435.0,14114435,0.003240275,0,,,,
3,Chr3_12540206.0,12540206,0.003240356,0,,,,
3,Chr3_12544286.0,12544286,0.003240356,0,,,,
3,Chr3_13425021.0,13425021,0.003240692,1,AT3G32896,AT3G32896,AT3G32896,0.0
4,Chr4_3883224.0,3883224,0.003240991,0,,,,
1,Chr1_12657005.0,12657005,0.003241645,0,,,,
3,Chr3_14277603.0,14277603,0.003241862,0,,,,
3,Chr3_14277644.0,14277644,0.003241862,0,,,,
3,Chr3_14279860.0,14279860,0.003241862,0,,,,
3,Chr3_14280815.0,14280815,0.003241862,0,,,,
3,Chr3_14282736.0,14282736,0.003241862,0,,,,
3,Chr3_14282843.0,14282843,0.003241862,0,,,,
3,Chr3_14283044.0,14283044,0.003241862,0,,,,
3,Chr3_14283188.0,14283188,0.003241862,0,,,,
3,Chr3_14283576.0,14283576,0.003241862,0,,,,
3,Chr3_14284086.0,14284086,0.003241862,0,,,,
5,Chr5_6413779.0,6413779,0.003242226,0,,,,
5,Chr5_6413794.0,6413794,0.003242226,0,,,,
5,Chr5_6413840.0,6413840,0.003242226,0,,,,
3,Chr3_20655227.0,20655227,0.003242244,0,,,,
1,Chr1_17189012.0,17189012,0.003242447,0,,,,
1,Chr1_3877542.0,3877542,0.003242973,0,,,,
3,Chr3_7226554.0,7226554,0.003243188,1,AT3G20660,AT3G20660,AT3G20660,0.0
5,Chr5_10122813.0,10122813,0.00324407,0,,,,
5,Chr5_9051317.0,9051317,0.003244593,1,AT5G25930,AT5G25930,AT5G25930,0.0
2,Chr2_17540248.0,17540248,0.003244926,1,AT2G42030,AT2G42030,AT2G42030,0.0
1,Chr1_16605585.0,16605585,0.003245135,0,,,,
4,Chr4_3682785.0,3682785,0.003246545,0,,,,
1,Chr1_16167870.0,16167870,0.003246668,0,,,,
5,Chr5_19495733.0,19495733,0.003246762,0,,,,
4,Chr4_10250240.0,10250240,0.003246959,0,,,,
1,Chr1_3326987.0,3326987,0.003247133,1,AT1G10150,AT1G10150,AT1G10150,0.0
4,Chr4_4714489.0,4714489,0.003247308,0,,,,
1,Chr1_2029691.0,2029691,0.003247685,1,AT1G06630,AT1G06630,AT1G06630,0.0
1,Chr1_3840178.0,3840178,0.00324773,1,AT1G11400,AT1G11400,AT1G11400,0.0
1,Chr1_3844398.0,3844398,0.00324773,1,AT1G11410,AT1G11410,AT1G11410,0.0
1,Chr1_3849162.0,3849162,0.00324773,1,AT1G11430,AT1G11430,AT1G11430,0.0
1,Chr1_20683287.0,20683287,0.003247926,0,,,,
1,Chr1_12655214.0,12655214,0.00324835,1,AT1G34570,AT1G34570,AT1G34570,0.0
1,Chr1_12657278.0,12657278,0.00324835,1,AT1G34575,AT1G34575,AT1G34575,0.0
4,Chr4_3339486.0,3339486,0.00324879,0,,,,
3,Chr3_8722135.0,8722135,0.00324882,0,,,,
3,Chr3_17418124.0,17418124,0.003249001,0,,,,
5,Chr5_5513230.0,5513230,0.00324904,0,,,,
4,Chr4_13680902.0,13680902,0.003249148,1,AT4G27320,AT4G27320,AT4G27320,0.0
1,Chr1_8540646.0,8540646,0.003249259,0,,,,
3,Chr3_12602299.0,12602299,0.003249434,0,,,,
2,Chr2_19545793.0,19545793,0.00325059,0,,,,
2,Chr2_19545821.0,19545821,0.00325059,0,,,,
1,Chr1_4461128.0,4461128,0.003251806,0,,,,
1,Chr1_21202016.0,21202016,0.003252067,0,,,,
1,Chr1_21202027.0,21202027,0.003252067,1,AT1G56590,AT1G56590,AT1G56590,0.0
2,Chr2_7581165.0,7581165,0.003252268,0,,,,
1,Chr1_8962179.0,8962179,0.003252295,1,AT1G25520,AT1G25520,AT1G25520,0.0
1,Chr1_8962204.0,8962204,0.003252295,1,AT1G25520,AT1G25520,AT1G25520,0.0
1,Chr1_8962241.0,8962241,0.003252295,1,AT1G25520,AT1G25520,AT1G25520,0.0
1,Chr1_8962246.0,8962246,0.003252295,1,AT1G25520,AT1G25520,AT1G25520,0.0
1,Chr1_8962293.0,8962293,0.003252295,1,AT1G25520,AT1G25520,AT1G25520,0.0
1,Chr1_8962300.0,8962300,0.003252295,1,AT1G25520,AT1G25520,AT1G25520,0.0
1,Chr1_8962351.0,8962351,0.003252295,1,AT1G25520,AT1G25520,AT1G25520,0.0
1,Chr1_8962357.0,8962357,0.003252295,1,AT1G25520,AT1G25520,AT1G25520,0.0
1,Chr1_8962366.0,8962366,0.003252295,1,AT1G25520,AT1G25520,AT1G25520,0.0
1,Chr1_8962368.0,8962368,0.003252295,1,AT1G25520,AT1G25520,AT1G25520,0.0
1,Chr1_8962370.0,8962370,0.003252295,1,AT1G25520,AT1G25520,AT1G25520,0.0
1,Chr1_8962373.0,8962373,0.003252295,1,AT1G25520,AT1G25520,AT1G25520,0.0
1,Chr1_8962395.0,8962395,0.003252295,1,AT1G25520,AT1G25520,AT1G25520,0.0
1,Chr1_8962412.0,8962412,0.003252295,1,AT1G25520,AT1G25520,AT1G25520,0.0
1,Chr1_8962458.0,8962458,0.003252295,1,AT1G25520,AT1G25520,AT1G25520,0.0
1,Chr1_8962500.0,8962500,0.003252295,1,AT1G25520,AT1G25520,AT1G25520,0.0
1,Chr1_8962514.0,8962514,0.003252295,1,AT1G25520,AT1G25520,AT1G25520,0.0
1,Chr1_8962534.0,8962534,0.003252295,1,AT1G25520,AT1G25520,AT1G25520,0.0
1,Chr1_8962699.0,8962699,0.003252295,1,AT1G25520,AT1G25520,AT1G25520,0.0
1,Chr1_8962773.0,8962773,0.003252295,1,AT1G25520,AT1G25520,AT1G25520,0.0
1,Chr1_8962810.0,8962810,0.003252295,1,AT1G25520,AT1G25520,AT1G25520,0.0
1,Chr1_8962871.0,8962871,0.003252295,1,AT1G25520,AT1G25520,AT1G25520,0.0
1,Chr1_8962884.0,8962884,0.003252295,1,AT1G25520,AT1G25520,AT1G25520,0.0
1,Chr1_8962892.0,8962892,0.003252295,1,AT1G25520,AT1G25520,AT1G25520,0.0
1,Chr1_8962894.0,8962894,0.003252295,1,AT1G25520,AT1G25520,AT1G25520,0.0
1,Chr1_8962902.0,8962902,0.003252295,1,AT1G25520,AT1G25520,AT1G25520,0.0
1,Chr1_8962926.0,8962926,0.003252295,1,AT1G25520,AT1G25520,AT1G25520,0.0
1,Chr1_8962942.0,8962942,0.003252295,1,AT1G25520,AT1G25520,AT1G25520,0.0
1,Chr1_8962949.0,8962949,0.003252295,1,AT1G25520,AT1G25520,AT1G25520,0.0
1,Chr1_8963017.0,8963017,0.003252295,1,AT1G25520,AT1G25520,AT1G25520,0.0
1,Chr1_8963141.0,8963141,0.003252295,1,AT1G25520,AT1G25520,AT1G25520,0.0
5,Chr5_11595730.0,11595730,0.003252359,0,,,,
5,Chr5_13716709.0,13716709,0.003252387,0,,,,
5,Chr5_10003482.0,10003482,0.003252848,0,,,,
1,Chr1_11122713.0,11122713,0.00325354,1,AT1G31160,AT1G31160,AT1G31160,0.0
4,Chr4_7437433.0,7437433,0.003253551,0,,,,
4,Chr4_17729488.0,17729488,0.003253663,0,,,,
4,Chr4_18429451.0,18429451,0.003253808,0,,,,
4,Chr4_18430048.0,18430048,0.003253808,1,AT4G39720,AT4G39720,AT4G39720,0.0
3,Chr3_16353848.0,16353848,0.003253897,0,,,,
1,Chr1_28709889.0,28709889,0.003255079,1,AT1G76510,AT1G76510,AT1G76510,0.0
2,Chr2_7505617.0,7505617,0.003256779,1,AT2G17260,AT2G17260,AT2G17260,0.0
5,Chr5_12573912.0,12573912,0.003256784,0,,,,
4,Chr4_17525239.0,17525239,0.003256827,0,,,,
5,Chr5_16694543.0,16694543,0.003256888,1,AT5G41750,AT5G41750,AT5G41750,0.0
3,Chr3_15811105.0,15811105,0.003257005,0,,,,
5,Chr5_16117975.0,16117975,0.003257188,0,,,,
4,Chr4_18425686.0,18425686,0.003257827,0,,,,
3,Chr3_16440981.0,16440981,0.003257959,0,,,,
4,Chr4_13087508.0,13087508,0.003257985,0,,,,
1,Chr1_11762089.0,11762089,0.003258607,1,AT1G32530,AT1G32530,AT1G32530,0.0
1,Chr1_3343305.0,3343305,0.003259259,0,,,,
1,Chr1_3343325.0,3343325,0.003259259,0,,,,
3,Chr3_7227362.0,7227362,0.003259387,1,AT3G20660,AT3G20660,AT3G20660,0.0
3,Chr3_7227395.0,7227395,0.003259387,1,AT3G20660,AT3G20660,AT3G20660,0.0
5,Chr5_12317403.0,12317403,0.003259603,0,,,,
5,Chr5_12318077.0,12318077,0.003259603,0,,,,
5,Chr5_12318393.0,12318393,0.003259603,0,,,,
5,Chr5_12318513.0,12318513,0.003259603,0,,,,
5,Chr5_12318663.0,12318663,0.003259603,0,,,,
4,Chr4_4311227.0,4311227,0.003260575,0,,,,
2,Chr2_13948572.0,13948572,0.003261678,0,,,,
4,Chr4_7207504.0,7207504,0.00326291,1,AT4G12020,AT4G12020,AT4G12020,0.0
4,Chr4_7208096.0,7208096,0.00326291,1,AT4G12020,AT4G12020,AT4G12020,0.0
4,Chr4_7208224.0,7208224,0.00326291,1,AT4G12020,AT4G12020,AT4G12020,0.0
4,Chr4_7208298.0,7208298,0.00326291,1,AT4G12020,AT4G12020,AT4G12020,0.0
2,Chr2_11137751.0,11137751,0.003263712,0,,,,
2,Chr2_6169084.0,6169084,0.003265015,0,,,,
2,Chr2_4556885.0,4556885,0.003265148,0,,,,
2,Chr2_13860332.0,13860332,0.003266081,1,AT2G32680,AT2G32680,AT2G32680,0.0
1,Chr1_4340160.0,4340160,0.003266254,0,,,,
5,Chr5_13394929.0,13394929,0.003267063,0,,,,
3,Chr3_18981123.0,18981123,0.003267186,1,AT3G51100,AT3G51100,AT3G51100,0.0
2,Chr2_5653219.0,5653219,0.003267262,1,AT2G13560,AT2G13560,AT2G13560,0.0
2,Chr2_5653273.0,5653273,0.003267262,1,AT2G13560,AT2G13560,AT2G13560,0.0
3,Chr3_20636332.0,20636332,0.003267771,1,AT3G55620,AT3G55620,AT3G55620,0.0
1,Chr1_7171814.0,7171814,0.00326803,0,,,,
4,Chr4_9843373.0,9843373,0.003268257,1,AT4G17680,AT4G17680,AT4G17680,0.0
2,Chr2_15443580.0,15443580,0.003268485,0,,,,
2,Chr2_143035.0,143035,0.003269259,1,AT2G01275,AT2G01275,AT2G01275,0.0
2,Chr2_10148733.0,10148733,0.003269456,1,AT2G23834,AT2G23834,AT2G23834,0.0
5,Chr5_26071750.0,26071750,0.003270182,0,,,,
1,Chr1_2027546.0,2027546,0.003270509,0,,,,
4,Chr4_3572738.0,3572738,0.003270519,0,,,,
1,Chr1_7154314.0,7154314,0.003270656,0,,,,
4,Chr4_4742191.0,4742191,0.003270696,0,,,,
1,Chr1_22701589.0,22701589,0.003270698,0,,,,
1,Chr1_22701590.0,22701590,0.003270698,0,,,,
4,Chr4_1627009.0,1627009,0.003271334,0,,,,
4,Chr4_1627053.0,1627053,0.003271334,0,,,,
3,Chr3_8224698.0,8224698,0.003271352,2,AT3G23100;AT3G23110,AT3G23100,AT3G23100,0.0
1,Chr1_5955914.0,5955914,0.00327192,1,AT1G17380,AT1G17380,AT1G17380,0.0
1,Chr1_5955925.0,5955925,0.00327192,1,AT1G17380,AT1G17380,AT1G17380,0.0
5,Chr5_17378050.0,17378050,0.003272052,1,AT5G43300,AT5G43300,AT5G43300,0.0
5,Chr5_17378055.0,17378055,0.003272052,1,AT5G43300,AT5G43300,AT5G43300,0.0
2,Chr2_68982.0,68982,0.003272327,1,AT2G01050,AT2G01050,AT2G01050,0.0
2,Chr2_69190.0,69190,0.003272327,1,AT2G01050,AT2G01050,AT2G01050,0.0
2,Chr2_69347.0,69347,0.003272327,1,AT2G01050,AT2G01050,AT2G01050,0.0
2,Chr2_69380.0,69380,0.003272327,1,AT2G01050,AT2G01050,AT2G01050,0.0
1,Chr1_16274379.0,16274379,0.003272581,0,,,,
3,Chr3_13299964.0,13299964,0.003273404,0,,,,
3,Chr3_16169896.0,16169896,0.003273765,0,,,,
1,Chr1_5127327.0,5127327,0.003274469,0,,,,
3,Chr3_17478379.0,17478379,0.00327496,0,,,,
1,Chr1_26424676.0,26424676,0.003275678,1,AT1G70170,AT1G70170,AT1G70170,0.0
1,Chr1_26424709.0,26424709,0.003275678,1,AT1G70170,AT1G70170,AT1G70170,0.0
1,Chr1_22395730.0,22395730,0.003275793,0,,,,
1,Chr1_22405695.0,22405695,0.003275793,1,AT1G60860,AT1G60860,AT1G60860,0.0
1,Chr1_22406474.0,22406474,0.003275793,1,AT1G60860,AT1G60860,AT1G60860,0.0
1,Chr1_22409480.0,22409480,0.003275793,1,AT1G60870,AT1G60870,AT1G60870,0.0
1,Chr1_22417880.0,22417880,0.003275793,0,,,,
1,Chr1_22418624.0,22418624,0.003275793,0,,,,
1,Chr1_22418646.0,22418646,0.003275793,0,,,,
1,Chr1_22418988.0,22418988,0.003275793,0,,,,
2,Chr2_4046228.0,4046228,0.003275932,0,,,,
2,Chr2_12657187.0,12657187,0.003276172,1,AT2G29600,AT2G29600,AT2G29600,0.0
3,Chr3_4647920.0,4647920,0.003276266,0,,,,
1,Chr1_24532009.0,24532009,0.003276269,0,,,,
1,Chr1_11721101.0,11721101,0.003276634,0,,,,
1,Chr1_11721744.0,11721744,0.003276634,0,,,,
5,Chr5_8300839.0,8300839,0.003276635,0,,,,
5,Chr5_8310837.0,8310837,0.003276635,1,AT5G24350,AT5G24350,AT5G24350,0.0
2,Chr2_12337606.0,12337606,0.003276998,1,AT2G28760,AT2G28760,AT2G28760,0.0
5,Chr5_26425826.0,26425826,0.003277049,1,AT5G66090,AT5G66090,AT5G66090,0.0
1,Chr1_7444003.0,7444003,0.003277599,0,,,,
1,Chr1_29700892.0,29700892,0.003277622,1,AT1G78960,AT1G78960,AT1G78960,0.0
4,Chr4_16851261.0,16851261,0.003278036,0,,,,
3,Chr3_21322403.0,21322403,0.003279176,0,,,,
4,Chr4_6345684.0,6345684,0.003279334,0,,,,
4,Chr4_6345685.0,6345685,0.003279334,0,,,,
4,Chr4_6345693.0,6345693,0.003279334,0,,,,
5,Chr5_10723624.0,10723624,0.003279391,1,AT5G28690,AT5G28690,AT5G28690,0.0
5,Chr5_10724129.0,10724129,0.003279391,0,,,,
5,Chr5_10724509.0,10724509,0.003279391,0,,,,
5,Chr5_10724662.0,10724662,0.003279391,0,,,,
5,Chr5_10724883.0,10724883,0.003279391,0,,,,
5,Chr5_10738191.0,10738191,0.003279391,0,,,,
5,Chr5_10738400.0,10738400,0.003279391,0,,,,
5,Chr5_10738982.0,10738982,0.003279391,0,,,,
5,Chr5_10739026.0,10739026,0.003279391,0,,,,
5,Chr5_10739146.0,10739146,0.003279391,0,,,,
5,Chr5_10741055.0,10741055,0.003279391,0,,,,
5,Chr5_10741205.0,10741205,0.003279391,0,,,,
5,Chr5_10741251.0,10741251,0.003279391,0,,,,
5,Chr5_10741257.0,10741257,0.003279391,0,,,,
5,Chr5_10741447.0,10741447,0.003279391,0,,,,
5,Chr5_10741559.0,10741559,0.003279391,0,,,,
5,Chr5_10742039.0,10742039,0.003279391,0,,,,
5,Chr5_10758321.0,10758321,0.003279391,0,,,,
5,Chr5_10773495.0,10773495,0.003279391,0,,,,
5,Chr5_10773532.0,10773532,0.003279391,0,,,,
5,Chr5_10779610.0,10779610,0.003279391,1,AT5G28730,AT5G28730,AT5G28730,0.0
5,Chr5_10802453.0,10802453,0.003279391,0,,,,
5,Chr5_10804805.0,10804805,0.003279391,0,,,,
5,Chr5_10804841.0,10804841,0.003279391,0,,,,
5,Chr5_10807518.0,10807518,0.003279391,0,,,,
5,Chr5_10808839.0,10808839,0.003279391,0,,,,
5,Chr5_10814249.0,10814249,0.003279391,0,,,,
5,Chr5_10814988.0,10814988,0.003279391,0,,,,
5,Chr5_10825469.0,10825469,0.003279391,1,AT5G28810,AT5G28810,AT5G28810,0.0
5,Chr5_10827485.0,10827485,0.003279391,0,,,,
5,Chr5_10828663.0,10828663,0.003279391,0,,,,
5,Chr5_10830005.0,10830005,0.003279391,0,,,,
5,Chr5_10831573.0,10831573,0.003279391,0,,,,
5,Chr5_10832554.0,10832554,0.003279391,0,,,,
5,Chr5_10836117.0,10836117,0.003279391,0,,,,
5,Chr5_10836646.0,10836646,0.003279391,0,,,,
5,Chr5_10839433.0,10839433,0.003279391,1,AT5G28823,AT5G28823,AT5G28823,0.0
5,Chr5_10840572.0,10840572,0.003279391,0,,,,
5,Chr5_10841184.0,10841184,0.003279391,0,,,,
5,Chr5_10845273.0,10845273,0.003279391,1,AT5G28824,AT5G28824,AT5G28824,0.0
5,Chr5_10845872.0,10845872,0.003279391,0,,,,
5,Chr5_10855683.0,10855683,0.003279391,0,,,,
5,Chr5_10856291.0,10856291,0.003279391,0,,,,
5,Chr5_10856601.0,10856601,0.003279391,0,,,,
5,Chr5_14864538.0,14864538,0.003281359,0,,,,
5,Chr5_13715312.0,13715312,0.003282027,0,,,,
2,Chr2_4953208.0,4953208,0.003282968,0,,,,
1,Chr1_21856217.0,21856217,0.003283511,1,AT1G59500,AT1G59500,AT1G59500,0.0
4,Chr4_6217305.0,6217305,0.003283888,0,,,,
3,Chr3_12891997.0,12891997,0.003284016,0,,,,
5,Chr5_9030205.0,9030205,0.003284064,0,,,,
5,Chr5_10740003.0,10740003,0.003284239,0,,,,
5,Chr5_9020436.0,9020436,0.003285223,0,,,,
1,Chr1_28693584.0,28693584,0.003285737,0,,,,
1,Chr1_28693588.0,28693588,0.003285737,0,,,,
1,Chr1_28693630.0,28693630,0.003285737,0,,,,
4,Chr4_2417131.0,2417131,0.003289463,0,,,,
4,Chr4_1629114.0,1629114,0.003292038,0,,,,
4,Chr4_16971958.0,16971958,0.003292138,1,AT4G35820,AT4G35820,AT4G35820,0.0
4,Chr4_16971959.0,16971959,0.003292138,1,AT4G35820,AT4G35820,AT4G35820,0.0
4,Chr4_16972834.0,16972834,0.003292138,1,AT4G35830,AT4G35830,AT4G35830,0.0
4,Chr4_1185149.0,1185149,0.003292349,0,,,,
1,Chr1_2406955.0,2406955,0.003292412,0,,,,
3,Chr3_1060556.0,1060556,0.003293002,0,,,,
1,Chr1_25488098.0,25488098,0.003293963,1,AT1G67980,AT1G67980,AT1G67980,0.0
5,Chr5_18480253.0,18480253,0.003294801,0,,,,
5,Chr5_10731598.0,10731598,0.00329516,0,,,,
5,Chr5_19452483.0,19452483,0.003295234,0,,,,
1,Chr1_8906367.0,8906367,0.003296829,0,,,,
1,Chr1_8906543.0,8906543,0.003296829,1,AT1G25390,AT1G25390,AT1G25390,0.0
1,Chr1_24503814.0,24503814,0.003298518,1,AT1G65870,AT1G65870,AT1G65870,0.0
5,Chr5_10559434.0,10559434,0.003298911,1,AT5G28550,AT5G28550,AT5G28550,0.0
4,Chr4_4943719.0,4943719,0.0032996,0,,,,
1,Chr1_625204.0,625204,0.003299879,1,AT1G02830,AT1G02830,AT1G02830,0.0
1,Chr1_625268.0,625268,0.003299879,1,AT1G02830,AT1G02830,AT1G02830,0.0
1,Chr1_625274.0,625274,0.003299879,1,AT1G02830,AT1G02830,AT1G02830,0.0
1,Chr1_625276.0,625276,0.003299879,1,AT1G02830,AT1G02830,AT1G02830,0.0
1,Chr1_625351.0,625351,0.003299879,1,AT1G02830,AT1G02830,AT1G02830,0.0
1,Chr1_625369.0,625369,0.003299879,1,AT1G02830,AT1G02830,AT1G02830,0.0
1,Chr1_625399.0,625399,0.003299879,1,AT1G02830,AT1G02830,AT1G02830,0.0
1,Chr1_625402.0,625402,0.003299879,1,AT1G02830,AT1G02830,AT1G02830,0.0
1,Chr1_625403.0,625403,0.003299879,1,AT1G02830,AT1G02830,AT1G02830,0.0
1,Chr1_625419.0,625419,0.003299879,1,AT1G02830,AT1G02830,AT1G02830,0.0
1,Chr1_625432.0,625432,0.003299879,1,AT1G02830,AT1G02830,AT1G02830,0.0
1,Chr1_625464.0,625464,0.003299879,1,AT1G02830,AT1G02830,AT1G02830,0.0
1,Chr1_3892051.0,3892051,0.003300184,0,,,,
4,Chr4_4714851.0,4714851,0.003300338,0,,,,
3,Chr3_10630760.0,10630760,0.003301193,1,AT3G28390,AT3G28390,AT3G28390,0.0
2,Chr2_1093152.0,1093152,0.003301625,0,,,,
4,Chr4_17517466.0,17517466,0.003301665,1,AT4G37230,AT4G37230,AT4G37230,0.0
4,Chr4_17517593.0,17517593,0.003301665,0,,,,
4,Chr4_6345662.0,6345662,0.003301747,0,,,,
4,Chr4_6345670.0,6345670,0.003301747,0,,,,
5,Chr5_10219238.0,10219238,0.003302252,0,,,,
4,Chr4_4714414.0,4714414,0.003302445,0,,,,
4,Chr4_4712799.0,4712799,0.003303654,0,,,,
4,Chr4_4712811.0,4712811,0.003303654,0,,,,
4,Chr4_4712896.0,4712896,0.003303654,0,,,,
4,Chr4_4712899.0,4712899,0.003303654,0,,,,
5,Chr5_10741730.0,10741730,0.003304509,0,,,,
3,Chr3_4778569.0,4778569,0.003305188,0,,,,
1,Chr1_23402776.0,23402776,0.003305206,0,,,,
1,Chr1_1779542.0,1779542,0.003305591,1,AT1G05890,AT1G05890,AT1G05890,0.0
1,Chr1_1781336.0,1781336,0.003305591,1,AT1G05890,AT1G05890,AT1G05890,0.0
1,Chr1_1783024.0,1783024,0.003305591,1,AT1G05890,AT1G05890,AT1G05890,0.0
1,Chr1_1783551.0,1783551,0.003305591,1,AT1G05890,AT1G05890,AT1G05890,0.0
1,Chr1_1784610.0,1784610,0.003305591,0,,,,
1,Chr1_1803558.0,1803558,0.003305591,1,AT1G05940,AT1G05940,AT1G05940,0.0
1,Chr1_1804439.0,1804439,0.003305591,1,AT1G05950,AT1G05950,AT1G05950,0.0
1,Chr1_1805053.0,1805053,0.003305591,1,AT1G05950,AT1G05950,AT1G05950,0.0
