"species","p_cutoff","cutoff_logp"
"Arabidopsis",0.000609307475741716,3.21516349337814
"Barley",0.003813274,2.4187019876944
"Rice",0.0005820657,3.23502799209053
"Maize",0.004702948,2.32762982317565
"Sorghum",0.001957809,2.7082296793828
