species	snp_rows_total	snp_rank_target	snp_selected_by_cutoff	p_cutoff
Arabidopsis	6886449	34432	34434	0.0006093074757417
Rice	6146838	30734	30734	0.0005820657
Barley	490617	2453	2453	0.003813274
Maize	493380	2466	2466	0.004702948
Sorghum	73510	367	367	0.001957809
