species	rows_total	rows_after_prefilter	rows_selected	unique_genes_selected	p_cutoff_from_snp_rank
Arabidopsis	6612914	32903	32903	11204	0.0006093074757417
Rice	5845118	29598	29598	5176	0.0005820657
Barley	200470	1316	1316	859	0.003813274
Maize	54349	5486	5486	3643	0.004702948
Sorghum	13279	1078	1078	807	0.001957809
