Orthogroup,Gene_count,Maize_gene,Maize_pvalue_max,Sorghum_gene,Sorghum_pvalue_max,Rice_gene,Rice_pvalue_max,Barley_gene,Barley_pvalue_max,Arabidopsis_gene,Arabidopsis_pvalue_max
447116at2759,5,Zm00001eb045780;Zm00001eb103730;Zm00001eb289320,Zm00001eb045780:0.00212866;Zm00001eb103730:0.00256511;Zm00001eb289320:0.00107797,SORBI_3003G053200;SORBI_3003G373000,SORBI_3003G053200:0.000767546;SORBI_3003G373000:0.000835343,LOC_Os08g05490,LOC_Os08g05490:0.00143494,HORVU.MOREX.r3.4HG0415430,HORVU.MOREX.r3.4HG0415430:0.000107191,AT5G40330,AT5G40330:0.000248962
2690913at2759,4,Zm00001eb164580;Zm00001eb193280;Zm00001eb321890;Zm00001eb426260,Zm00001eb164580:0.0031682;Zm00001eb193280:0.000676704;Zm00001eb321890:0.000367387;Zm00001eb426260:0.00297082,NA,NA,LOC_Os04g05080,LOC_Os04g05080:0.00118176,HORVU.MOREX.r3.7HG0719410,HORVU.MOREX.r3.7HG0719410:0.000792463,AT5G06230;AT5G19160,AT5G06230:0.000408622;AT5G19160:0.000420174
4805980at2759,4,Zm00001eb076810;Zm00001eb257750,Zm00001eb076810:0.00344179;Zm00001eb257750:0.000854232,SORBI_3003G062800;SORBI_3003G062900,SORBI_3003G062800:0.000927436;SORBI_3003G062900:0.000927436,NA,NA,HORVU.MOREX.r3.1HG0019330;HORVU.MOREX.r3.2HG0183080,HORVU.MOREX.r3.1HG0019330:2.44454e-05;HORVU.MOREX.r3.2HG0183080:0.000990703,AT3G17180;AT4G30610;AT4G30810,AT3G17180:8.31249e-05;AT4G30610:0.000107583;AT4G30810:0.000107583
4809112at2759,4,Zm00001eb151650,Zm00001eb151650:0.000114407,NA,NA,LOC_Os12g01510,LOC_Os12g01510:0.00176503,HORVU.MOREX.r3.5HG0459970;HORVU.MOREX.r3.5HG0460010,HORVU.MOREX.r3.5HG0459970:5.36386e-05;HORVU.MOREX.r3.5HG0460010:0.000297946,AT1G56360;AT3G20500,AT1G56360:9.75878e-06;AT3G20500:7.01838e-06
4854762at2759,4,Zm00001eb349510,Zm00001eb349510:0.00275003,SORBI_3001G334200,SORBI_3001G334200:0.00269375,LOC_Os09g04260,LOC_Os09g04260:0.00184091,HORVU.MOREX.r3.3HG0219290;HORVU.MOREX.r3.3HG0220930,HORVU.MOREX.r3.3HG0219290:0.00142353;HORVU.MOREX.r3.3HG0220930:0.000650773,NA,NA
516269at2759,4,Zm00001eb093490;Zm00001eb260190,Zm00001eb093490:7.50314e-05;Zm00001eb260190:0.000933932,SORBI_3005G022100,SORBI_3005G022100:0.000679268,LOC_Os07g05810,LOC_Os07g05810:0.00124475,NA,NA,AT5G57100,AT5G57100:8.28564e-05
591574at2759,4,Zm00001eb275630;Zm00001eb330610;Zm00001eb430810,Zm00001eb275630:0.00237887;Zm00001eb330610:0.00106038;Zm00001eb430810:0.000920598,SORBI_3006G213500,SORBI_3006G213500:0.00305069,NA,NA,HORVU.MOREX.r3.3HG0312690,HORVU.MOREX.r3.3HG0312690:0.000521377,AT1G31120;AT1G60160;AT2G40540,AT1G31120:0.000253179;AT1G60160:0.000192451;AT2G40540:1.39384e-05
599360at2759,4,Zm00001eb145670;Zm00001eb384590;Zm00001eb408430,Zm00001eb145670:0.00152106;Zm00001eb384590:0.000616974;Zm00001eb408430:8.74931e-05,SORBI_3007G087400,SORBI_3007G087400:0.0030654,NA,NA,HORVU.MOREX.r3.3HG0307240;HORVU.MOREX.r3.3HG0307250,HORVU.MOREX.r3.3HG0307240:0.000149569;HORVU.MOREX.r3.3HG0307250:0.000149569,AT1G58360,AT1G58360:2.96892e-05
599360at3193,4,Zm00001eb145670;Zm00001eb384590;Zm00001eb408430,Zm00001eb145670:0.00152106;Zm00001eb384590:0.000616974;Zm00001eb408430:8.74931e-05,SORBI_3007G087400,SORBI_3007G087400:0.0030654,NA,NA,HORVU.MOREX.r3.3HG0307240;HORVU.MOREX.r3.3HG0307250,HORVU.MOREX.r3.3HG0307240:0.000149569;HORVU.MOREX.r3.3HG0307250:0.000149569,AT1G58360,AT1G58360:2.96892e-05
599360at33090,4,Zm00001eb145670;Zm00001eb384590;Zm00001eb408430,Zm00001eb145670:0.00152106;Zm00001eb384590:0.000616974;Zm00001eb408430:8.74931e-05,SORBI_3007G087400,SORBI_3007G087400:0.0030654,NA,NA,HORVU.MOREX.r3.3HG0307240;HORVU.MOREX.r3.3HG0307250,HORVU.MOREX.r3.3HG0307240:0.000149569;HORVU.MOREX.r3.3HG0307250:0.000149569,AT1G58360,AT1G58360:2.96892e-05
601600at33090,4,Zm00001eb093490,Zm00001eb093490:7.50314e-05,SORBI_3005G022100,SORBI_3005G022100:0.000679268,LOC_Os07g05810,LOC_Os07g05810:0.00124475,NA,NA,AT5G57100,AT5G57100:8.28564e-05
606445at3193,4,Zm00001eb430810,Zm00001eb430810:0.000920598,SORBI_3006G213500,SORBI_3006G213500:0.00305069,NA,NA,HORVU.MOREX.r3.3HG0312690,HORVU.MOREX.r3.3HG0312690:0.000521377,AT1G31120,AT1G31120:0.000253179
606445at33090,4,Zm00001eb430810,Zm00001eb430810:0.000920598,SORBI_3006G213500,SORBI_3006G213500:0.00305069,NA,NA,HORVU.MOREX.r3.3HG0312690,HORVU.MOREX.r3.3HG0312690:0.000521377,AT1G31120,AT1G31120:0.000253179
627237at2759,4,Zm00001eb046210;Zm00001eb180070;Zm00001eb222030;Zm00001eb245250;Zm00001eb251130;Zm00001eb289290;Zm00001eb304390;Zm00001eb342280,Zm00001eb046210:4.12114e-06;Zm00001eb180070:0.000726208;Zm00001eb222030:0.0030328;Zm00001eb245250:0.00183274;Zm00001eb251130:0.00301124;Zm00001eb289290:0.00107797;Zm00001eb304390:0.00322043;Zm00001eb342280:0.000733835,SORBI_3007G044300,SORBI_3007G044300:0.00200585,NA,NA,HORVU.MOREX.r3.3HG0231720;HORVU.MOREX.r3.3HG0299050;HORVU.MOREX.r3.4HG0411460,HORVU.MOREX.r3.3HG0231720:0.00115924;HORVU.MOREX.r3.3HG0299050:0.000771606;HORVU.MOREX.r3.4HG0411460:0.000430302,AT1G12110;AT1G32450;AT1G68570;AT2G37900;AT2G40460;AT3G21670;AT3G45680,AT1G12110:4.5442e-05;AT1G32450:0.000185863;AT1G68570:0.000159983;AT2G37900:1.23449e-05;AT2G40460:0.000342681;AT3G21670:3.55441e-05;AT3G45680:0.000139884
628161at2759,4,Zm00001eb058150;Zm00001eb103410;Zm00001eb193100;Zm00001eb305600;Zm00001eb316180,Zm00001eb058150:0.00342151;Zm00001eb103410:0.000779237;Zm00001eb193100:1.71475e-05;Zm00001eb305600:0.00138733;Zm00001eb316180:0.000586955,SORBI_3002G274000,SORBI_3002G274000:0.000971944,LOC_Os09g04410,LOC_Os09g04410:0.00181307,NA,NA,AT2G05920,AT2G05920:0.000142707
629188at33090,4,Zm00001eb046210;Zm00001eb180070;Zm00001eb222030;Zm00001eb245250;Zm00001eb251130;Zm00001eb289290;Zm00001eb304390;Zm00001eb342280,Zm00001eb046210:4.12114e-06;Zm00001eb180070:0.000726208;Zm00001eb222030:0.0030328;Zm00001eb245250:0.00183274;Zm00001eb251130:0.00301124;Zm00001eb289290:0.00107797;Zm00001eb304390:0.00322043;Zm00001eb342280:0.000733835,SORBI_3007G044300,SORBI_3007G044300:0.00200585,NA,NA,HORVU.MOREX.r3.3HG0231720;HORVU.MOREX.r3.3HG0299050;HORVU.MOREX.r3.4HG0411460,HORVU.MOREX.r3.3HG0231720:0.00115924;HORVU.MOREX.r3.3HG0299050:0.000771606;HORVU.MOREX.r3.4HG0411460:0.000430302,AT1G12110;AT1G32450;AT1G68570;AT2G37900;AT2G40460;AT3G21670;AT3G45680,AT1G12110:4.5442e-05;AT1G32450:0.000185863;AT1G68570:0.000159983;AT2G37900:1.23449e-05;AT2G40460:0.000342681;AT3G21670:3.55441e-05;AT3G45680:0.000139884
630100at3193,4,Zm00001eb076810;Zm00001eb257750,Zm00001eb076810:0.00344179;Zm00001eb257750:0.000854232,SORBI_3003G062800;SORBI_3003G062900,SORBI_3003G062800:0.000927436;SORBI_3003G062900:0.000927436,NA,NA,HORVU.MOREX.r3.1HG0019330;HORVU.MOREX.r3.2HG0183080,HORVU.MOREX.r3.1HG0019330:2.44454e-05;HORVU.MOREX.r3.2HG0183080:0.000990703,AT3G17180;AT4G30610;AT4G30810,AT3G17180:8.31249e-05;AT4G30610:0.000107583;AT4G30810:0.000107583
630100at33090,4,Zm00001eb076810;Zm00001eb257750,Zm00001eb076810:0.00344179;Zm00001eb257750:0.000854232,SORBI_3003G062800;SORBI_3003G062900,SORBI_3003G062800:0.000927436;SORBI_3003G062900:0.000927436,NA,NA,HORVU.MOREX.r3.1HG0019330;HORVU.MOREX.r3.2HG0183080,HORVU.MOREX.r3.1HG0019330:2.44454e-05;HORVU.MOREX.r3.2HG0183080:0.000990703,AT3G17180;AT4G30610;AT4G30810,AT3G17180:8.31249e-05;AT4G30610:0.000107583;AT4G30810:0.000107583
640662at2759,4,Zm00001eb001560;Zm00001eb022050;Zm00001eb058260;Zm00001eb102470;Zm00001eb138700;Zm00001eb194740;Zm00001eb207640;Zm00001eb251340;Zm00001eb291850;Zm00001eb330580;Zm00001eb390710;Zm00001eb395060,Zm00001eb001560:5.68159e-06;Zm00001eb022050:0.00339575;Zm00001eb058260:0.00251061;Zm00001eb102470:0.000948635;Zm00001eb138700:0.00340724;Zm00001eb194740:0.000252044;Zm00001eb207640:0.00175963;Zm00001eb251340:0.00196616;Zm00001eb291850:0.00193454;Zm00001eb330580:0.000705243;Zm00001eb390710:0.000364994;Zm00001eb395060:0.000142065,NA,NA,LOC_Os05g01620,LOC_Os05g01620:0.00198228,HORVU.MOREX.r3.1HG0054280;HORVU.MOREX.r3.2HG0112600;HORVU.MOREX.r3.2HG0112610;HORVU.MOREX.r3.6HG0546360,HORVU.MOREX.r3.1HG0054280:0.000192409;HORVU.MOREX.r3.2HG0112600:8.06398e-08;HORVU.MOREX.r3.2HG0112610:8.06398e-08;HORVU.MOREX.r3.6HG0546360:0.000693713,AT1G14540;AT1G49570;AT2G24800;AT3G17070;AT5G06720;AT5G58390,AT1G14540:4.29646e-17;AT1G49570:0.000335448;AT2G24800:0.000411875;AT3G17070:4.68658e-05;AT5G06720:0.000162842;AT5G58390:2.22245e-05
643341at2759,4,Zm00001eb016040;Zm00001eb046220;Zm00001eb066630;Zm00001eb153630;Zm00001eb290670;Zm00001eb303060;Zm00001eb384580;Zm00001eb403550;Zm00001eb428530,Zm00001eb016040:0.00337071;Zm00001eb046220:4.12114e-06;Zm00001eb066630:0.00166234;Zm00001eb153630:0.002371;Zm00001eb290670:0.00229052;Zm00001eb303060:0.00330065;Zm00001eb384580:0.00236874;Zm00001eb403550:0.000449071;Zm00001eb428530:2.02341e-05,SORBI_3003G052100,SORBI_3003G052100:0.00266554,NA,NA,HORVU.MOREX.r3.3HG0231730;HORVU.MOREX.r3.5HG0489130;HORVU.MOREX.r3.5HG0513800;HORVU.MOREX.r3.6HG0543250,HORVU.MOREX.r3.3HG0231730:0.00115924;HORVU.MOREX.r3.5HG0489130:0.000118628;HORVU.MOREX.r3.5HG0513800:0.000625183;HORVU.MOREX.r3.6HG0543250:0.000108384,AT1G17750;AT2G02220,AT1G17750:4.05238e-05;AT2G02220:0.000226933
643341at33090,4,Zm00001eb016040;Zm00001eb046220;Zm00001eb066630;Zm00001eb153630;Zm00001eb290670;Zm00001eb303060;Zm00001eb384580;Zm00001eb403550;Zm00001eb428530,Zm00001eb016040:0.00337071;Zm00001eb046220:4.12114e-06;Zm00001eb066630:0.00166234;Zm00001eb153630:0.002371;Zm00001eb290670:0.00229052;Zm00001eb303060:0.00330065;Zm00001eb384580:0.00236874;Zm00001eb403550:0.000449071;Zm00001eb428530:2.02341e-05,SORBI_3003G052100,SORBI_3003G052100:0.00266554,NA,NA,HORVU.MOREX.r3.5HG0489130;HORVU.MOREX.r3.5HG0513800;HORVU.MOREX.r3.6HG0543250,HORVU.MOREX.r3.5HG0489130:0.000118628;HORVU.MOREX.r3.5HG0513800:0.000625183;HORVU.MOREX.r3.6HG0543250:0.000108384,AT1G17750;AT2G02220,AT1G17750:4.05238e-05;AT2G02220:0.000226933
768205at33090,4,Zm00001eb058150;Zm00001eb103410;Zm00001eb193100;Zm00001eb305600;Zm00001eb316180,Zm00001eb058150:0.00342151;Zm00001eb103410:0.000779237;Zm00001eb193100:1.71475e-05;Zm00001eb305600:0.00138733;Zm00001eb316180:0.000586955,SORBI_3002G274000,SORBI_3002G274000:0.000971944,LOC_Os09g04410,LOC_Os09g04410:0.00181307,NA,NA,AT2G05920,AT2G05920:0.000142707
110285at2759,3,Zm00001eb258310,Zm00001eb258310:0.0033637,SORBI_3003G135500,SORBI_3003G135500:0.00191738,NA,NA,HORVU.MOREX.r3.6HG0627350,HORVU.MOREX.r3.6HG0627350:0.000165135,NA,NA
112282at3193,3,Zm00001eb001560;Zm00001eb022050;Zm00001eb251340,Zm00001eb001560:5.68159e-06;Zm00001eb022050:0.00339575;Zm00001eb251340:0.00196616,NA,NA,LOC_Os05g01620,LOC_Os05g01620:0.00198228,HORVU.MOREX.r3.1HG0054280,HORVU.MOREX.r3.1HG0054280:0.000192409,NA,NA
112282at33090,3,Zm00001eb001560;Zm00001eb022050;Zm00001eb251340,Zm00001eb001560:5.68159e-06;Zm00001eb022050:0.00339575;Zm00001eb251340:0.00196616,NA,NA,LOC_Os05g01620,LOC_Os05g01620:0.00198228,HORVU.MOREX.r3.1HG0054280,HORVU.MOREX.r3.1HG0054280:0.000192409,NA,NA
113144at3193,3,Zm00001eb287420,Zm00001eb287420:0.00171459,SORBI_3009G128500,SORBI_3009G128500:0.000244872,NA,NA,NA,NA,AT4G14230;AT4G14240,AT4G14230:9.39816e-05;AT4G14240:9.39816e-05
127372at2759,3,Zm00001eb193710,Zm00001eb193710:0.00309339,SORBI_3010G082600,SORBI_3010G082600:0.00296284,NA,NA,HORVU.MOREX.r3.7HG0663850;HORVU.MOREX.r3.7HG0663860,HORVU.MOREX.r3.7HG0663850:0.000665527;HORVU.MOREX.r3.7HG0663860:0.000665527,NA,NA
127372at3193,3,Zm00001eb193710,Zm00001eb193710:0.00309339,SORBI_3010G082600,SORBI_3010G082600:0.00296284,NA,NA,HORVU.MOREX.r3.7HG0663850;HORVU.MOREX.r3.7HG0663860,HORVU.MOREX.r3.7HG0663850:0.000665527;HORVU.MOREX.r3.7HG0663860:0.000665527,NA,NA
127372at33090,3,Zm00001eb193710,Zm00001eb193710:0.00309339,SORBI_3010G082600,SORBI_3010G082600:0.00296284,NA,NA,HORVU.MOREX.r3.7HG0663850;HORVU.MOREX.r3.7HG0663860,HORVU.MOREX.r3.7HG0663850:0.000665527;HORVU.MOREX.r3.7HG0663860:0.000665527,NA,NA
13065at33090,3,Zm00001eb020090,Zm00001eb020090:0.00149977,NA,NA,LOC_Os07g06040,LOC_Os07g06040:0.000850783,HORVU.MOREX.r3.7HG0687190,HORVU.MOREX.r3.7HG0687190:0.00132451,NA,NA
139695at2759,3,Zm00001eb296590;Zm00001eb398750,Zm00001eb296590:0.00221634;Zm00001eb398750:3.61956e-05,SORBI_3001G438100,SORBI_3001G438100:0.000108192,NA,NA,NA,NA,AT1G68530,AT1G68530:1.46723e-06
153283at33090,3,Zm00001eb021510;Zm00001eb122860,Zm00001eb021510:0.00256224;Zm00001eb122860:0.000581951,SORBI_3002G098900,SORBI_3002G098900:5.56703e-05,NA,NA,NA,NA,AT1G55180,AT1G55180:9.12304e-07
159147at3193,3,Zm00001eb222960;Zm00001eb430440,Zm00001eb222960:0.0025681;Zm00001eb430440:0.00321322,SORBI_3007G200500,SORBI_3007G200500:0.000781472,NA,NA,NA,NA,AT1G27770;AT4G37640,AT1G27770:2.95295e-05;AT4G37640:6.8367e-06
16791at38820,3,Zm00001eb145670;Zm00001eb384590;Zm00001eb408430,Zm00001eb145670:0.00152106;Zm00001eb384590:0.000616974;Zm00001eb408430:8.74931e-05,SORBI_3007G087400,SORBI_3007G087400:0.0030654,NA,NA,HORVU.MOREX.r3.3HG0307240;HORVU.MOREX.r3.3HG0307250,HORVU.MOREX.r3.3HG0307240:0.000149569;HORVU.MOREX.r3.3HG0307250:0.000149569,NA,NA
16791at4447,3,Zm00001eb145670;Zm00001eb384590;Zm00001eb408430,Zm00001eb145670:0.00152106;Zm00001eb384590:0.000616974;Zm00001eb408430:8.74931e-05,SORBI_3007G087400,SORBI_3007G087400:0.0030654,NA,NA,HORVU.MOREX.r3.3HG0307240;HORVU.MOREX.r3.3HG0307250,HORVU.MOREX.r3.3HG0307240:0.000149569;HORVU.MOREX.r3.3HG0307250:0.000149569,NA,NA
171349at2759,3,Zm00001eb138710,Zm00001eb138710:0.00340724,NA,NA,LOC_Os08g05660,LOC_Os08g05660:0.00143494,NA,NA,AT1G22940;AT5G32470,AT1G22940:2.71227e-05;AT5G32470:0.000336803
202899at2759,3,Zm00001eb010640;Zm00001eb220030,Zm00001eb010640:0.000256089;Zm00001eb220030:0.00238567,NA,NA,LOC_Os10g04030,LOC_Os10g04030:0.00194207,NA,NA,AT2G40890;AT5G09970,AT2G40890:2.57376e-05;AT5G09970:0.000235263
202899at33090,3,Zm00001eb010640;Zm00001eb220030,Zm00001eb010640:0.000256089;Zm00001eb220030:0.00238567,NA,NA,LOC_Os10g04030,LOC_Os10g04030:0.00194207,NA,NA,AT2G40890;AT5G09970,AT2G40890:2.57376e-05;AT5G09970:0.000235263
2042608at2759,3,Zm00001eb317040,Zm00001eb317040:0.00290985,NA,NA,NA,NA,HORVU.MOREX.r3.5HG0491270,HORVU.MOREX.r3.5HG0491270:0.00145427,AT1G15950;AT1G68540;AT4G27250,AT1G15950:5.49088e-06;AT1G68540:0.000142378;AT4G27250:0.000387375
217161at33090,3,Zm00001eb193280;Zm00001eb426260,Zm00001eb193280:0.000676704;Zm00001eb426260:0.00297082,NA,NA,LOC_Os04g05080,LOC_Os04g05080:0.00118176,NA,NA,AT5G06230;AT5G19160,AT5G06230:0.000408622;AT5G19160:0.000420174
227017at2759,3,Zm00001eb053710;Zm00001eb062920;Zm00001eb311680,Zm00001eb053710:0.0025316;Zm00001eb062920:0.00169312;Zm00001eb311680:0.00280031,NA,NA,NA,NA,HORVU.MOREX.r3.3HG0290220,HORVU.MOREX.r3.3HG0290220:0.000951905,AT2G05760,AT2G05760:0.000407974
227017at3193,3,Zm00001eb053710;Zm00001eb062920;Zm00001eb311680,Zm00001eb053710:0.0025316;Zm00001eb062920:0.00169312;Zm00001eb311680:0.00280031,NA,NA,NA,NA,HORVU.MOREX.r3.3HG0290220,HORVU.MOREX.r3.3HG0290220:0.000951905,AT2G05760,AT2G05760:0.000407974
227017at33090,3,Zm00001eb053710;Zm00001eb062920;Zm00001eb311680,Zm00001eb053710:0.0025316;Zm00001eb062920:0.00169312;Zm00001eb311680:0.00280031,NA,NA,NA,NA,HORVU.MOREX.r3.3HG0290220,HORVU.MOREX.r3.3HG0290220:0.000951905,AT2G05760,AT2G05760:0.000407974
238199at3193,3,Zm00001eb058150;Zm00001eb193100,Zm00001eb058150:0.00342151;Zm00001eb193100:1.71475e-05,NA,NA,LOC_Os09g04410,LOC_Os09g04410:0.00181307,NA,NA,AT2G05920,AT2G05920:0.000142707
238517at3193,3,Zm00001eb012270,Zm00001eb012270:0.00146152,SORBI_3001G422100,SORBI_3001G422100:0.00373094,NA,NA,NA,NA,AT5G59490,AT5G59490:5.88828e-09
260429at3193,3,Zm00001eb339970,Zm00001eb339970:2.80226e-05,SORBI_3003G277500,SORBI_3003G277500:0.000693709,NA,NA,NA,NA,AT2G41380,AT2G41380:0.000132224
2684792at2759,3,Zm00001eb293530,Zm00001eb293530:0.000210625,SORBI_3006G114700;SORBI_3009G071800,SORBI_3006G114700:0.00010138;SORBI_3009G071800:0.000107642,NA,NA,NA,NA,AT4G26270,AT4G26270:3.02093e-07
2746941at2759,3,Zm00001eb071890;Zm00001eb251680,Zm00001eb071890:0.00170948;Zm00001eb251680:0.000375069,NA,NA,NA,NA,HORVU.MOREX.r3.2HG0193650,HORVU.MOREX.r3.2HG0193650:0.00141797,AT1G32350,AT1G32350:0.000405131
289694at3193,3,Zm00001eb254510,Zm00001eb254510:0.00217364,SORBI_3003G122100;SORBI_3004G238500,SORBI_3003G122100:0.00118909;SORBI_3004G238500:0.0022883,NA,NA,NA,NA,AT1G74470,AT1G74470:1.98896e-05
289694at33090,3,Zm00001eb254510,Zm00001eb254510:0.00217364,SORBI_3003G122100;SORBI_3004G238500,SORBI_3003G122100:0.00118909;SORBI_3004G238500:0.0022883,NA,NA,NA,NA,AT1G74470,AT1G74470:1.98896e-05
319324at3193,3,Zm00001eb331610,Zm00001eb331610:0.000369342,NA,NA,NA,NA,HORVU.MOREX.r3.2HG0107730,HORVU.MOREX.r3.2HG0107730:0.000782656,AT1G69380,AT1G69380:3.6797e-05
324745at2759,3,Zm00001eb048160,Zm00001eb048160:0.000158674,SORBI_3001G250300;SORBI_3009G178400,SORBI_3001G250300:0.00162808;SORBI_3009G178400:0.00221327,NA,NA,NA,NA,AT3G28480;AT4G33910;AT5G18900,AT3G28480:8.20478e-05;AT4G33910:2.09583e-05;AT5G18900:1.46644e-05
351217at33090,3,Zm00001eb095360,Zm00001eb095360:0.00222316,SORBI_3009G188000,SORBI_3009G188000:7.64554e-05,NA,NA,NA,NA,AT4G27270,AT4G27270:0.000387375
35425at4447,3,Zm00001eb385300,Zm00001eb385300:0.00171347,SORBI_3001G332900,SORBI_3001G332900:0.00346391,NA,NA,HORVU.MOREX.r3.7HG0748630;HORVU.MOREX.r3.7HG0748640,HORVU.MOREX.r3.7HG0748630:0.000117854;HORVU.MOREX.r3.7HG0748640:0.000117854,NA,NA
35842at33090,3,Zm00001eb144930;Zm00001eb216870,Zm00001eb144930:0.000804063;Zm00001eb216870:0.00243018,SORBI_3001G125700;SORBI_3001G125800,SORBI_3001G125700:0.00133174;SORBI_3001G125800:0.00133174,NA,NA,HORVU.MOREX.r3.5HG0509200,HORVU.MOREX.r3.5HG0509200:0.000801023,NA,NA
370445at3193,3,Zm00001eb294800;Zm00001eb294810,Zm00001eb294800:0.0011824;Zm00001eb294810:0.0011824,NA,NA,NA,NA,HORVU.MOREX.r3.3HG0312140,HORVU.MOREX.r3.3HG0312140:0.00028381,AT1G27440,AT1G27440:5.52345e-10
370445at33090,3,Zm00001eb294800;Zm00001eb294810,Zm00001eb294800:0.0011824;Zm00001eb294810:0.0011824,NA,NA,NA,NA,HORVU.MOREX.r3.3HG0312140,HORVU.MOREX.r3.3HG0312140:0.00028381,AT1G27440,AT1G27440:5.52345e-10
381908at2759,3,Zm00001eb046570;Zm00001eb234850,Zm00001eb046570:0.000190152;Zm00001eb234850:0.000968242,NA,NA,NA,NA,HORVU.MOREX.r3.6HG0538880,HORVU.MOREX.r3.6HG0538880:0.000597497,AT2G04570;AT2G40250;AT5G33370,AT2G04570:0.000257399;AT2G40250:0.000244486;AT5G33370:0.000129896
385631at3193,3,Zm00001eb144930;Zm00001eb216870,Zm00001eb144930:0.000804063;Zm00001eb216870:0.00243018,SORBI_3001G125700;SORBI_3001G125800,SORBI_3001G125700:0.00133174;SORBI_3001G125800:0.00133174,NA,NA,HORVU.MOREX.r3.5HG0509200,HORVU.MOREX.r3.5HG0509200:0.000801023,NA,NA
419791at2759,3,Zm00001eb257300;Zm00001eb257310,Zm00001eb257300:0.000117086;Zm00001eb257310:0.000117086,SORBI_3004G323100,SORBI_3004G323100:7.98386e-05,NA,NA,NA,NA,AT2G14580;AT3G19690;AT4G25790,AT2G14580:0.00034367;AT3G19690:9.7523e-06;AT4G25790:0.000329617
419791at33090,3,Zm00001eb257300;Zm00001eb257310,Zm00001eb257300:0.000117086;Zm00001eb257310:0.000117086,SORBI_3004G323100,SORBI_3004G323100:7.98386e-05,NA,NA,NA,NA,AT2G14580;AT3G19690;AT4G25790,AT2G14580:0.00034367;AT3G19690:9.7523e-06;AT4G25790:0.000329617
421186at2759,3,Zm00001eb012780;Zm00001eb397400,Zm00001eb012780:0.00110263;Zm00001eb397400:0.000658098,NA,NA,NA,NA,HORVU.MOREX.r3.4HG0386880,HORVU.MOREX.r3.4HG0386880:3.53784e-05,AT1G67060,AT1G67060:0.000227051
44571at3193,3,Zm00001eb189380,Zm00001eb189380:0.000284213,NA,NA,NA,NA,HORVU.MOREX.r3.6HG0609880,HORVU.MOREX.r3.6HG0609880:0.000990559,AT5G13490,AT5G13490:1.38468e-05
44571at33090,3,Zm00001eb189380,Zm00001eb189380:0.000284213,NA,NA,NA,NA,HORVU.MOREX.r3.6HG0609880,HORVU.MOREX.r3.6HG0609880:0.000990559,AT5G13490,AT5G13490:1.38468e-05
463175at3193,3,Zm00001eb376640,Zm00001eb376640:0.000636762,NA,NA,NA,NA,HORVU.MOREX.r3.7HG0652970,HORVU.MOREX.r3.7HG0652970:0.000160311,AT2G43790,AT2G43790:0.000390618
4747719at2759,3,NA,NA,SORBI_3003G122300,SORBI_3003G122300:0.00118909,NA,NA,HORVU.MOREX.r3.6HG0581990,HORVU.MOREX.r3.6HG0581990:0.000502917,AT1G14560,AT1G14560:8.06118e-05
4755763at2759,3,Zm00001eb222960;Zm00001eb430440,Zm00001eb222960:0.0025681;Zm00001eb430440:0.00321322,SORBI_3007G200500,SORBI_3007G200500:0.000781472,NA,NA,NA,NA,AT1G27770;AT4G37640,AT1G27770:2.95295e-05;AT4G37640:6.8367e-06
4760724at2759,3,Zm00001eb214320;Zm00001eb250950,Zm00001eb214320:0.000898876;Zm00001eb250950:0.000191452,SORBI_3006G192200,SORBI_3006G192200:0.00360362,NA,NA,NA,NA,AT3G17090,AT3G17090:4.68658e-05
477561at2759,3,Zm00001eb294600,Zm00001eb294600:0.00182675,SORBI_3006G191900,SORBI_3006G191900:0.00360362,NA,NA,NA,NA,AT1G76950,AT1G76950:0.000143459
477561at33090,3,Zm00001eb294600,Zm00001eb294600:0.00182675,SORBI_3006G191900,SORBI_3006G191900:0.00360362,NA,NA,NA,NA,AT1G76950,AT1G76950:0.000143459
4804397at2759,3,Zm00001eb302150,Zm00001eb302150:0.00269495,NA,NA,NA,NA,HORVU.MOREX.r3.2HG0149410,HORVU.MOREX.r3.2HG0149410:0.00133175,AT1G19730;AT5G42980,AT1G19730:3.22461e-09;AT5G42980:0.000206142
4836116at2759,3,Zm00001eb254510,Zm00001eb254510:0.00217364,SORBI_3003G122100;SORBI_3004G238500,SORBI_3003G122100:0.00118909;SORBI_3004G238500:0.0022883,NA,NA,NA,NA,AT1G74470,AT1G74470:1.98896e-05
4839337at2759,3,Zm00001eb020090,Zm00001eb020090:0.00149977,NA,NA,LOC_Os07g06040,LOC_Os07g06040:0.000850783,HORVU.MOREX.r3.7HG0687190,HORVU.MOREX.r3.7HG0687190:0.00132451,NA,NA
4840713at2759,3,Zm00001eb012270,Zm00001eb012270:0.00146152,SORBI_3001G422100,SORBI_3001G422100:0.00373094,NA,NA,NA,NA,AT5G59490,AT5G59490:5.88828e-09
4842190at2759,3,Zm00001eb278120,Zm00001eb278120:0.00107681,SORBI_3006G106700,SORBI_3006G106700:0.00159974,NA,NA,HORVU.MOREX.r3.5HG0441100,HORVU.MOREX.r3.5HG0441100:0.00020775,NA,NA
4893017at2759,3,Zm00001eb321180,Zm00001eb321180:6.58898e-05,SORBI_3002G283800,SORBI_3002G283800:0.0016811,NA,NA,HORVU.MOREX.r3.5HG0535920,HORVU.MOREX.r3.5HG0535920:0.000190121,NA,NA
4925035at2759,3,Zm00001eb161280,Zm00001eb161280:0.000966064,NA,NA,NA,NA,HORVU.MOREX.r3.5HG0491290,HORVU.MOREX.r3.5HG0491290:0.00145427,AT1G64480,AT1G64480:2.19376e-05
4925430at2759,3,Zm00001eb041140;Zm00001eb195230;Zm00001eb330600,Zm00001eb041140:0.000201197;Zm00001eb195230:0.000130799;Zm00001eb330600:0.00106038,SORBI_3001G161300,SORBI_3001G161300:0.00218504,NA,NA,NA,NA,AT1G30270;AT2G30360;AT3G17510;AT4G30960;AT5G07070;AT5G35410,AT1G30270:2.44746e-08;AT2G30360:7.33957e-05;AT3G17510:8.52545e-05;AT4G30960:0.000168619;AT5G07070:9.51397e-05;AT5G35410:0.00036592
498741at2759,3,Zm00001eb038710;Zm00001eb206350;Zm00001eb431930,Zm00001eb038710:0.00292872;Zm00001eb206350:0.000941622;Zm00001eb431930:0.00337037,SORBI_3003G139300;SORBI_3003G281400;SORBI_3007G042600,SORBI_3003G139300:0.00115494;SORBI_3003G281400:0.00330683;SORBI_3007G042600:0.00179006,NA,NA,HORVU.MOREX.r3.6HG0574990,HORVU.MOREX.r3.6HG0574990:1.65618e-06,NA,NA
498741at33090,3,Zm00001eb038710;Zm00001eb206350;Zm00001eb431930,Zm00001eb038710:0.00292872;Zm00001eb206350:0.000941622;Zm00001eb431930:0.00337037,SORBI_3003G139300;SORBI_3003G281400;SORBI_3007G042600,SORBI_3003G139300:0.00115494;SORBI_3003G281400:0.00330683;SORBI_3007G042600:0.00179006,NA,NA,HORVU.MOREX.r3.6HG0574990,HORVU.MOREX.r3.6HG0574990:1.65618e-06,NA,NA
4999290at2759,3,Zm00001eb311450,Zm00001eb311450:0.000927165,NA,NA,LOC_Os09g03750,LOC_Os09g03750:0.00214163,HORVU.MOREX.r3.4HG0389460,HORVU.MOREX.r3.4HG0389460:0.000735063,NA,NA
4999845at2759,3,Zm00001eb071040,Zm00001eb071040:3.2143e-06,NA,NA,NA,NA,HORVU.MOREX.r3.4HG0416360,HORVU.MOREX.r3.4HG0416360:0.00017524,AT1G72680;AT3G19450;AT4G34230,AT1G72680:2.59062e-06;AT3G19450:2.98061e-09;AT4G34230:8.53839e-06
5000616at2759,3,Zm00001eb220800,Zm00001eb220800:0.000862247,NA,NA,NA,NA,HORVU.MOREX.r3.1HG0047980,HORVU.MOREX.r3.1HG0047980:0.000255297,AT1G58290,AT1G58290:6.9569e-07
5000677at2759,3,Zm00001eb247190,Zm00001eb247190:0.000870946,SORBI_3002G045700,SORBI_3002G045700:0.00131427,NA,NA,NA,NA,AT3G03710,AT3G03710:8.86323e-05
5001279at2759,3,Zm00001eb144930;Zm00001eb216870,Zm00001eb144930:0.000804063;Zm00001eb216870:0.00243018,SORBI_3001G125700;SORBI_3001G125800,SORBI_3001G125700:0.00133174;SORBI_3001G125800:0.00133174,NA,NA,HORVU.MOREX.r3.5HG0509200,HORVU.MOREX.r3.5HG0509200:0.000801023,NA,NA
5002246at2759,3,Zm00001eb304610,Zm00001eb304610:0.000437029,SORBI_3002G095400,SORBI_3002G095400:0.00296534,NA,NA,NA,NA,AT1G15960;AT1G80830,AT1G15960:7.75152e-05;AT1G80830:0.000375109
5002856at2759,3,Zm00001eb130340,Zm00001eb130340:0.000114304,NA,NA,NA,NA,HORVU.MOREX.r3.7HG0725210,HORVU.MOREX.r3.7HG0725210:3.49692e-05,AT2G45670,AT2G45670:0.000242723
5004281at2759,3,Zm00001eb145690,Zm00001eb145690:0.00152106,SORBI_3005G073200,SORBI_3005G073200:0.000852108,NA,NA,NA,NA,AT1G71900;AT3G23870,AT1G71900:5.72651e-05;AT3G23870:1.12069e-05
5005315at2759,3,Zm00001eb187260,Zm00001eb187260:0.000139077,SORBI_3010G004300,SORBI_3010G004300:0.000216919,NA,NA,NA,NA,AT1G01520,AT1G01520:5.92187e-05
5005697at2759,3,Zm00001eb000480,Zm00001eb000480:0.00119124,NA,NA,NA,NA,HORVU.MOREX.r3.4HG0415470,HORVU.MOREX.r3.4HG0415470:0.000107191,AT4G30600,AT4G30600:0.000107583
5006073at2759,3,Zm00001eb374580,Zm00001eb374580:0.0031937,NA,NA,NA,NA,HORVU.MOREX.r3.2HG0195130;HORVU.MOREX.r3.3HG0302160,HORVU.MOREX.r3.2HG0195130:0.00118833;HORVU.MOREX.r3.3HG0302160:0.000264513,AT1G04120;AT1G30400;AT3G59140,AT1G04120:0.000363267;AT1G30400:4.57323e-05;AT3G59140:0.000123589
5014181at2759,3,NA,NA,NA,NA,LOC_Os02g01800,LOC_Os02g01800:4.1218e-06,HORVU.MOREX.r3.7HG0742350,HORVU.MOREX.r3.7HG0742350:5.87926e-05,AT2G25070,AT2G25070:7.91868e-05
5016070at2759,3,Zm00001eb376650,Zm00001eb376650:0.000636762,NA,NA,NA,NA,HORVU.MOREX.r3.6HG0622250;HORVU.MOREX.r3.7HG0652750,HORVU.MOREX.r3.6HG0622250:0.000166003;HORVU.MOREX.r3.7HG0652750:0.00149499,AT4G25770,AT4G25770:0.000329617
5016646at2759,3,Zm00001eb072190,Zm00001eb072190:0.00251214,NA,NA,NA,NA,HORVU.MOREX.r3.2HG0197560,HORVU.MOREX.r3.2HG0197560:0.000623498,AT1G14340,AT1G14340:4.7578e-05
5017627at2759,3,Zm00001eb189380,Zm00001eb189380:0.000284213,NA,NA,NA,NA,HORVU.MOREX.r3.6HG0609880,HORVU.MOREX.r3.6HG0609880:0.000990559,AT5G13490,AT5G13490:1.38468e-05
5017687at2759,3,Zm00001eb290730,Zm00001eb290730:0.000460221,NA,NA,NA,NA,HORVU.MOREX.r3.2HG0210290,HORVU.MOREX.r3.2HG0210290:5.02228e-07,AT1G43560,AT1G43560:0.000185573
5019192at2759,3,NA,NA,SORBI_3007G044400;SORBI_3007G045600,SORBI_3007G044400:0.00252103;SORBI_3007G045600:0.00101363,LOC_Os02g06430,LOC_Os02g06430:0.00200883,NA,NA,AT2G45140,AT2G45140:2.50392e-07
505918at2759,3,Zm00001eb075400;Zm00001eb248740;Zm00001eb427520,Zm00001eb075400:0.00134317;Zm00001eb248740:0.000381944;Zm00001eb427520:0.00124206,NA,NA,NA,NA,HORVU.MOREX.r3.2HG0184640,HORVU.MOREX.r3.2HG0184640:0.000578701,AT1G76800;AT3G43630,AT1G76800:1.41239e-05;AT3G43630:0.000328258
505918at33090,3,Zm00001eb075400;Zm00001eb248740;Zm00001eb427520,Zm00001eb075400:0.00134317;Zm00001eb248740:0.000381944;Zm00001eb427520:0.00124206,NA,NA,NA,NA,HORVU.MOREX.r3.2HG0184640,HORVU.MOREX.r3.2HG0184640:0.000578701,AT1G76800;AT3G43630,AT1G76800:1.41239e-05;AT3G43630:0.000328258
519779at2759,3,Zm00001eb227830,Zm00001eb227830:0.00228635,SORBI_3006G163100,SORBI_3006G163100:0.00043745,LOC_Os06g07130,LOC_Os06g07130:1.60186e-05,NA,NA,NA,NA
519779at3193,3,Zm00001eb227830,Zm00001eb227830:0.00228635,SORBI_3006G163100,SORBI_3006G163100:0.00043745,LOC_Os06g07130,LOC_Os06g07130:1.60186e-05,NA,NA,NA,NA
519779at33090,3,Zm00001eb227830,Zm00001eb227830:0.00228635,SORBI_3006G163100,SORBI_3006G163100:0.00043745,LOC_Os06g07130,LOC_Os06g07130:1.60186e-05,NA,NA,NA,NA
524414at2759,3,Zm00001eb194110,Zm00001eb194110:0.000106747,NA,NA,NA,NA,HORVU.MOREX.r3.6HG0603440;HORVU.MOREX.r3.7HG0721150,HORVU.MOREX.r3.6HG0603440:0.000894644;HORVU.MOREX.r3.7HG0721150:0.000577128,AT1G19430;AT1G26850;AT1G78240;AT3G23300;AT4G18030,AT1G19430:0.000282358;AT1G26850:0.000101987;AT1G78240:2.50977e-05;AT3G23300:0.000269635;AT4G18030:2.74682e-05
529197at2759,3,Zm00001eb226770;Zm00001eb376640;Zm00001eb415940,Zm00001eb226770:0.00268391;Zm00001eb376640:0.000636762;Zm00001eb415940:0.000299372,NA,NA,NA,NA,HORVU.MOREX.r3.7HG0652970,HORVU.MOREX.r3.7HG0652970:0.000160311,AT2G43790,AT2G43790:0.000390618
529197at33090,3,Zm00001eb226770;Zm00001eb376640;Zm00001eb415940,Zm00001eb226770:0.00268391;Zm00001eb376640:0.000636762;Zm00001eb415940:0.000299372,NA,NA,NA,NA,HORVU.MOREX.r3.7HG0652970,HORVU.MOREX.r3.7HG0652970:0.000160311,AT2G43790,AT2G43790:0.000390618
533331at2759,3,Zm00001eb191720,Zm00001eb191720:0.00322648,SORBI_3004G339200,SORBI_3004G339200:0.000205224,NA,NA,NA,NA,AT3G23340,AT3G23340:0.000116901
534218at33090,3,Zm00001eb302150,Zm00001eb302150:0.00269495,NA,NA,NA,NA,HORVU.MOREX.r3.2HG0149410,HORVU.MOREX.r3.2HG0149410:0.00133175,AT1G19730;AT5G42980,AT1G19730:3.22461e-09;AT5G42980:0.000206142
534225at2759,3,Zm00001eb254540,Zm00001eb254540:0.00245623,SORBI_3004G238100;SORBI_3009G075900,SORBI_3004G238100:0.0022883;SORBI_3009G075900:0.00242826,NA,NA,HORVU.MOREX.r3.1HG0049580,HORVU.MOREX.r3.1HG0049580:3.54093e-05,NA,NA
534428at2759,3,Zm00001eb294800;Zm00001eb294810,Zm00001eb294800:0.0011824;Zm00001eb294810:0.0011824,NA,NA,NA,NA,HORVU.MOREX.r3.3HG0312140,HORVU.MOREX.r3.3HG0312140:0.00028381,AT1G27440,AT1G27440:5.52345e-10
534450at2759,3,Zm00001eb095360,Zm00001eb095360:0.00222316,SORBI_3009G188000,SORBI_3009G188000:7.64554e-05,NA,NA,NA,NA,AT4G27270,AT4G27270:0.000387375
537284at33090,3,Zm00001eb247190,Zm00001eb247190:0.000870946,SORBI_3002G045700,SORBI_3002G045700:0.00131427,NA,NA,NA,NA,AT3G03710,AT3G03710:8.86323e-05
543978at2759,3,NA,NA,NA,NA,LOC_Os06g07160,LOC_Os06g07160:1.88633e-05,HORVU.MOREX.r3.3HG0298710,HORVU.MOREX.r3.3HG0298710:0.000164603,AT1G34320,AT1G34320:2.81743e-06
543978at33090,3,NA,NA,NA,NA,LOC_Os06g07160,LOC_Os06g07160:1.88633e-05,HORVU.MOREX.r3.3HG0298710,HORVU.MOREX.r3.3HG0298710:0.000164603,AT1G34320,AT1G34320:2.81743e-06
557225at33090,3,Zm00001eb041140;Zm00001eb195230;Zm00001eb330600,Zm00001eb041140:0.000201197;Zm00001eb195230:0.000130799;Zm00001eb330600:0.00106038,SORBI_3001G161300,SORBI_3001G161300:0.00218504,NA,NA,NA,NA,AT1G30270;AT2G30360;AT3G17510;AT4G30960;AT5G07070;AT5G35410,AT1G30270:2.44746e-08;AT2G30360:7.33957e-05;AT3G17510:8.52545e-05;AT4G30960:0.000168619;AT5G07070:9.51397e-05;AT5G35410:0.00036592
57782at4447,3,Zm00001eb107970,Zm00001eb107970:0.000320905,NA,NA,LOC_Os07g05850,LOC_Os07g05850:0.00071648,HORVU.MOREX.r3.4HG0400060,HORVU.MOREX.r3.4HG0400060:0.000899943,NA,NA
585262at33090,3,Zm00001eb234850,Zm00001eb234850:0.000968242,NA,NA,NA,NA,HORVU.MOREX.r3.6HG0538880,HORVU.MOREX.r3.6HG0538880:0.000597497,AT2G04570;AT2G40250,AT2G04570:0.000257399;AT2G40250:0.000244486
586418at2759,3,Zm00001eb305700,Zm00001eb305700:0.000117694,NA,NA,NA,NA,HORVU.MOREX.r3.3HG0306050,HORVU.MOREX.r3.3HG0306050:0.00154075,AT1G23330,AT1G23330:1.79332e-05
586418at3193,3,Zm00001eb305700,Zm00001eb305700:0.000117694,NA,NA,NA,NA,HORVU.MOREX.r3.3HG0306050,HORVU.MOREX.r3.3HG0306050:0.00154075,AT1G23330,AT1G23330:1.79332e-05
586418at33090,3,Zm00001eb305700,Zm00001eb305700:0.000117694,NA,NA,NA,NA,HORVU.MOREX.r3.3HG0306050,HORVU.MOREX.r3.3HG0306050:0.00154075,AT1G23330,AT1G23330:1.79332e-05
587683at3193,3,NA,NA,NA,NA,LOC_Os02g01800,LOC_Os02g01800:4.1218e-06,HORVU.MOREX.r3.7HG0742350,HORVU.MOREX.r3.7HG0742350:5.87926e-05,AT2G25070,AT2G25070:7.91868e-05
587765at33090,3,Zm00001eb317040,Zm00001eb317040:0.00290985,NA,NA,NA,NA,HORVU.MOREX.r3.5HG0491270,HORVU.MOREX.r3.5HG0491270:0.00145427,AT1G15950;AT1G68540;AT4G27250,AT1G15950:5.49088e-06;AT1G68540:0.000142378;AT4G27250:0.000387375
588632at33090,3,Zm00001eb311450,Zm00001eb311450:0.000927165,NA,NA,LOC_Os09g03750,LOC_Os09g03750:0.00214163,HORVU.MOREX.r3.4HG0389460,HORVU.MOREX.r3.4HG0389460:0.000735063,NA,NA
590539at2759,3,Zm00001eb402560,Zm00001eb402560:5.66651e-05,SORBI_3001G290500,SORBI_3001G290500:0.00345277,NA,NA,NA,NA,AT1G63500,AT1G63500:6.8597e-05
590539at33090,3,Zm00001eb402560,Zm00001eb402560:5.66651e-05,SORBI_3001G290500,SORBI_3001G290500:0.00345277,NA,NA,NA,NA,AT1G63500,AT1G63500:6.8597e-05
598458at33090,3,Zm00001eb072190,Zm00001eb072190:0.00251214,NA,NA,NA,NA,HORVU.MOREX.r3.2HG0197560,HORVU.MOREX.r3.2HG0197560:0.000623498,AT1G14340,AT1G14340:4.7578e-05
599273at3193,3,NA,NA,SORBI_3007G044400;SORBI_3007G045600,SORBI_3007G044400:0.00252103;SORBI_3007G045600:0.00101363,LOC_Os02g06430,LOC_Os02g06430:0.00200883,NA,NA,AT2G45140,AT2G45140:2.50392e-07
602239at3193,3,Zm00001eb191720,Zm00001eb191720:0.00322648,SORBI_3004G339200,SORBI_3004G339200:0.000205224,NA,NA,NA,NA,AT3G23340,AT3G23340:0.000116901
602239at33090,3,Zm00001eb191720,Zm00001eb191720:0.00322648,SORBI_3004G339200,SORBI_3004G339200:0.000205224,NA,NA,NA,NA,AT3G23340,AT3G23340:0.000116901
603900at3193,3,Zm00001eb071890;Zm00001eb251680,Zm00001eb071890:0.00170948;Zm00001eb251680:0.000375069,NA,NA,NA,NA,HORVU.MOREX.r3.2HG0193650,HORVU.MOREX.r3.2HG0193650:0.00141797,AT1G32350,AT1G32350:0.000405131
605123at3193,3,Zm00001eb293530,Zm00001eb293530:0.000210625,SORBI_3009G071800,SORBI_3009G071800:0.000107642,NA,NA,NA,NA,AT4G26270,AT4G26270:3.02093e-07
605123at33090,3,Zm00001eb293530,Zm00001eb293530:0.000210625,SORBI_3006G114700;SORBI_3009G071800,SORBI_3006G114700:0.00010138;SORBI_3009G071800:0.000107642,NA,NA,NA,NA,AT4G26270,AT4G26270:3.02093e-07
610150at2759,3,Zm00001eb287420;Zm00001eb403660,Zm00001eb287420:0.00171459;Zm00001eb403660:0.00101122,SORBI_3009G128500,SORBI_3009G128500:0.000244872,NA,NA,NA,NA,AT2G14520;AT4G14230;AT4G14240,AT2G14520:0.00035723;AT4G14230:9.39816e-05;AT4G14240:9.39816e-05
610150at33090,3,Zm00001eb287420;Zm00001eb403660,Zm00001eb287420:0.00171459;Zm00001eb403660:0.00101122,SORBI_3009G128500,SORBI_3009G128500:0.000244872,NA,NA,NA,NA,AT2G14520;AT4G14230;AT4G14240,AT2G14520:0.00035723;AT4G14230:9.39816e-05;AT4G14240:9.39816e-05
611692at33090,3,NA,NA,NA,NA,LOC_Os12g01510,LOC_Os12g01510:0.00176503,HORVU.MOREX.r3.5HG0459970;HORVU.MOREX.r3.5HG0460010,HORVU.MOREX.r3.5HG0459970:5.36386e-05;HORVU.MOREX.r3.5HG0460010:0.000297946,AT3G20500,AT3G20500:7.01838e-06
612680at2759,3,Zm00001eb371910,Zm00001eb371910:0.000467628,NA,NA,NA,NA,HORVU.MOREX.r3.4HG0418230,HORVU.MOREX.r3.4HG0418230:0.000930374,AT2G06850;AT5G57530;AT5G57540;AT5G57550;AT5G57560,AT2G06850:0.000347538;AT5G57530:0.000289819;AT5G57540:0.00027162;AT5G57550:0.00027162;AT5G57560:0.00027162
612680at33090,3,Zm00001eb371910,Zm00001eb371910:0.000467628,NA,NA,NA,NA,HORVU.MOREX.r3.4HG0418230,HORVU.MOREX.r3.4HG0418230:0.000930374,AT2G06850;AT5G57530;AT5G57540;AT5G57550;AT5G57560,AT2G06850:0.000347538;AT5G57530:0.000289819;AT5G57540:0.00027162;AT5G57550:0.00027162;AT5G57560:0.00027162
613579at3193,3,Zm00001eb257300,Zm00001eb257300:0.000117086,SORBI_3004G323100,SORBI_3004G323100:7.98386e-05,NA,NA,NA,NA,AT4G25790,AT4G25790:0.000329617
616823at33090,3,Zm00001eb304610,Zm00001eb304610:0.000437029,SORBI_3002G095400,SORBI_3002G095400:0.00296534,NA,NA,NA,NA,AT1G15960;AT1G80830,AT1G15960:7.75152e-05;AT1G80830:0.000375109
617994at2759,3,Zm00001eb385300,Zm00001eb385300:0.00171347,SORBI_3001G332900,SORBI_3001G332900:0.00346391,NA,NA,HORVU.MOREX.r3.7HG0748630;HORVU.MOREX.r3.7HG0748640,HORVU.MOREX.r3.7HG0748630:0.000117854;HORVU.MOREX.r3.7HG0748640:0.000117854,NA,NA
617994at3193,3,Zm00001eb385300,Zm00001eb385300:0.00171347,SORBI_3001G332900,SORBI_3001G332900:0.00346391,NA,NA,HORVU.MOREX.r3.7HG0748630;HORVU.MOREX.r3.7HG0748640,HORVU.MOREX.r3.7HG0748630:0.000117854;HORVU.MOREX.r3.7HG0748640:0.000117854,NA,NA
617994at33090,3,Zm00001eb385300,Zm00001eb385300:0.00171347,SORBI_3001G332900,SORBI_3001G332900:0.00346391,NA,NA,HORVU.MOREX.r3.7HG0748630;HORVU.MOREX.r3.7HG0748640,HORVU.MOREX.r3.7HG0748630:0.000117854;HORVU.MOREX.r3.7HG0748640:0.000117854,NA,NA
618550at33090,3,Zm00001eb214320;Zm00001eb250950,Zm00001eb214320:0.000898876;Zm00001eb250950:0.000191452,SORBI_3006G192200,SORBI_3006G192200:0.00360362,NA,NA,NA,NA,AT3G17090,AT3G17090:4.68658e-05
622262at33090,3,Zm00001eb376650,Zm00001eb376650:0.000636762,NA,NA,NA,NA,HORVU.MOREX.r3.6HG0622250;HORVU.MOREX.r3.7HG0652750,HORVU.MOREX.r3.6HG0622250:0.000166003;HORVU.MOREX.r3.7HG0652750:0.00149499,AT4G25770,AT4G25770:0.000329617
623458at3193,3,Zm00001eb304610,Zm00001eb304610:0.000437029,SORBI_3002G095400,SORBI_3002G095400:0.00296534,NA,NA,NA,NA,AT1G15960;AT1G80830,AT1G15960:7.75152e-05;AT1G80830:0.000375109
629044at3193,3,Zm00001eb389550,Zm00001eb389550:0.000657699,SORBI_3002G274600,SORBI_3002G274600:0.000971944,NA,NA,NA,NA,AT1G52540,AT1G52540:0.000199873
629044at33090,3,Zm00001eb389550,Zm00001eb389550:0.000657699,SORBI_3002G274600,SORBI_3002G274600:0.000971944,NA,NA,NA,NA,AT1G52540,AT1G52540:0.000199873
633547at33090,3,NA,NA,SORBI_3007G044400;SORBI_3007G045600,SORBI_3007G044400:0.00252103;SORBI_3007G045600:0.00101363,LOC_Os02g06430,LOC_Os02g06430:0.00200883,NA,NA,AT2G45140,AT2G45140:2.50392e-07
635901at3193,3,Zm00001eb155450,Zm00001eb155450:0.00142505,SORBI_3001G050100,SORBI_3001G050100:0.000616222,NA,NA,NA,NA,AT1G18980,AT1G18980:9.81203e-05
638439at2759,3,Zm00001eb135190,Zm00001eb135190:0.000749436,SORBI_3003G287500;SORBI_3003G287600;SORBI_3003G287700,SORBI_3003G287500:0.00328275;SORBI_3003G287600:0.00328275;SORBI_3003G287700:0.00328275,LOC_Os05g05270,LOC_Os05g05270:0.00155027,NA,NA,NA,NA
638439at3193,3,Zm00001eb135190,Zm00001eb135190:0.000749436,SORBI_3003G287500;SORBI_3003G287600;SORBI_3003G287700,SORBI_3003G287500:0.00328275;SORBI_3003G287600:0.00328275;SORBI_3003G287700:0.00328275,LOC_Os05g05270,LOC_Os05g05270:0.00155027,NA,NA,NA,NA
638439at33090,3,Zm00001eb135190,Zm00001eb135190:0.000749436,SORBI_3003G287500;SORBI_3003G287600;SORBI_3003G287700,SORBI_3003G287500:0.00328275;SORBI_3003G287600:0.00328275;SORBI_3003G287700:0.00328275,LOC_Os05g05270,LOC_Os05g05270:0.00155027,NA,NA,NA,NA
638576at33090,3,Zm00001eb374580,Zm00001eb374580:0.0031937,NA,NA,NA,NA,HORVU.MOREX.r3.2HG0195130;HORVU.MOREX.r3.3HG0302160,HORVU.MOREX.r3.2HG0195130:0.00118833;HORVU.MOREX.r3.3HG0302160:0.000264513,AT1G04120;AT1G30400;AT3G59140,AT1G04120:0.000363267;AT1G30400:4.57323e-05;AT3G59140:0.000123589
639062at2759,3,Zm00001eb205380;Zm00001eb215350,Zm00001eb205380:0.00319188;Zm00001eb215350:0.000153557,SORBI_3002G043300,SORBI_3002G043300:0.00150873,NA,NA,HORVU.MOREX.r3.7HG0715190,HORVU.MOREX.r3.7HG0715190:3.47272e-05,NA,NA
639062at33090,3,Zm00001eb205380;Zm00001eb215350,Zm00001eb205380:0.00319188;Zm00001eb215350:0.000153557,SORBI_3002G043300,SORBI_3002G043300:0.00150873,NA,NA,HORVU.MOREX.r3.7HG0715190,HORVU.MOREX.r3.7HG0715190:3.47272e-05,NA,NA
639476at3193,3,NA,NA,NA,NA,LOC_Os06g02250,LOC_Os06g02250:0.00132028,HORVU.MOREX.r3.7HG0709580,HORVU.MOREX.r3.7HG0709580:0.000125054,AT1G56330,AT1G56330:9.75878e-06
640662at3193,3,Zm00001eb330580;Zm00001eb395060,Zm00001eb330580:0.000705243;Zm00001eb395060:0.000142065,NA,NA,NA,NA,HORVU.MOREX.r3.2HG0112600;HORVU.MOREX.r3.2HG0112610;HORVU.MOREX.r3.6HG0546360,HORVU.MOREX.r3.2HG0112600:8.06398e-08;HORVU.MOREX.r3.2HG0112610:8.06398e-08;HORVU.MOREX.r3.6HG0546360:0.000693713,AT1G14540;AT5G58390,AT1G14540:4.29646e-17;AT5G58390:2.22245e-05
640662at33090,3,Zm00001eb330580;Zm00001eb395060,Zm00001eb330580:0.000705243;Zm00001eb395060:0.000142065,NA,NA,NA,NA,HORVU.MOREX.r3.2HG0112600;HORVU.MOREX.r3.2HG0112610;HORVU.MOREX.r3.6HG0546360,HORVU.MOREX.r3.2HG0112600:8.06398e-08;HORVU.MOREX.r3.2HG0112610:8.06398e-08;HORVU.MOREX.r3.6HG0546360:0.000693713,AT1G14540;AT5G58390,AT1G14540:4.29646e-17;AT5G58390:2.22245e-05
641817at33090,3,Zm00001eb145690,Zm00001eb145690:0.00152106,SORBI_3005G073200,SORBI_3005G073200:0.000852108,NA,NA,NA,NA,AT1G71900;AT3G23870,AT1G71900:5.72651e-05;AT3G23870:1.12069e-05
644422at2759,3,Zm00001eb072900;Zm00001eb353580,Zm00001eb072900:0.000928532;Zm00001eb353580:0.00193542,SORBI_3006G191600,SORBI_3006G191600:0.00360362,NA,NA,NA,NA,AT5G56550,AT5G56550:6.31436e-06
644422at3193,3,Zm00001eb072900;Zm00001eb353580,Zm00001eb072900:0.000928532;Zm00001eb353580:0.00193542,SORBI_3006G191600,SORBI_3006G191600:0.00360362,NA,NA,NA,NA,AT5G56550,AT5G56550:6.31436e-06
644422at33090,3,Zm00001eb072900;Zm00001eb353580,Zm00001eb072900:0.000928532;Zm00001eb353580:0.00193542,SORBI_3006G191600,SORBI_3006G191600:0.00360362,NA,NA,NA,NA,AT5G56550,AT5G56550:6.31436e-06
645993at3193,3,Zm00001eb321180,Zm00001eb321180:6.58898e-05,SORBI_3002G283800,SORBI_3002G283800:0.0016811,NA,NA,HORVU.MOREX.r3.5HG0535920,HORVU.MOREX.r3.5HG0535920:0.000190121,NA,NA
645993at33090,3,Zm00001eb321180,Zm00001eb321180:6.58898e-05,SORBI_3002G283800,SORBI_3002G283800:0.0016811,NA,NA,HORVU.MOREX.r3.5HG0535920,HORVU.MOREX.r3.5HG0535920:0.000190121,NA,NA
646050at3193,3,Zm00001eb145690,Zm00001eb145690:0.00152106,SORBI_3005G073200,SORBI_3005G073200:0.000852108,NA,NA,NA,NA,AT1G71900,AT1G71900:5.72651e-05
646613at2759,3,Zm00001eb155450;Zm00001eb242750;Zm00001eb332460,Zm00001eb155450:0.00142505;Zm00001eb242750:0.00248362;Zm00001eb332460:0.000232101,SORBI_3001G050100,SORBI_3001G050100:0.000616222,NA,NA,NA,NA,AT1G18980,AT1G18980:9.81203e-05
650313at3193,3,Zm00001eb187260,Zm00001eb187260:0.000139077,SORBI_3010G004300,SORBI_3010G004300:0.000216919,NA,NA,NA,NA,AT1G01520,AT1G01520:5.92187e-05
650313at33090,3,Zm00001eb187260,Zm00001eb187260:0.000139077,SORBI_3010G004300,SORBI_3010G004300:0.000216919,NA,NA,NA,NA,AT1G01520,AT1G01520:5.92187e-05
650895at3193,3,Zm00001eb081430;Zm00001eb244550;Zm00001eb331410,Zm00001eb081430:0.00263565;Zm00001eb244550:0.00151669;Zm00001eb331410:0.000127557,SORBI_3001G399300,SORBI_3001G399300:0.00301155,NA,NA,NA,NA,AT1G68410,AT1G68410:0.000329106
650970at2759,3,Zm00001eb070460;Zm00001eb135940;Zm00001eb207430;Zm00001eb389550,Zm00001eb070460:0.000837088;Zm00001eb135940:0.000832001;Zm00001eb207430:0.000101884;Zm00001eb389550:0.000657699,SORBI_3002G274600,SORBI_3002G274600:0.000971944,NA,NA,NA,NA,AT1G16670;AT1G52540,AT1G16670:1.2179e-05;AT1G52540:0.000199873
652104at3193,3,Zm00001eb000480,Zm00001eb000480:0.00119124,NA,NA,NA,NA,HORVU.MOREX.r3.4HG0415470,HORVU.MOREX.r3.4HG0415470:0.000107191,AT4G30600,AT4G30600:0.000107583
652742at3193,3,Zm00001eb219160,Zm00001eb219160:0.00153771,SORBI_3003G370100,SORBI_3003G370100:0.000597086,NA,NA,NA,NA,AT1G78290;AT4G33950,AT1G78290:0.000326657;AT4G33950:0.00039848
653098at2759,3,Zm00001eb107970,Zm00001eb107970:0.000320905,NA,NA,LOC_Os07g05850,LOC_Os07g05850:0.00071648,HORVU.MOREX.r3.4HG0400060,HORVU.MOREX.r3.4HG0400060:0.000899943,NA,NA
653098at3193,3,Zm00001eb107970,Zm00001eb107970:0.000320905,NA,NA,LOC_Os07g05850,LOC_Os07g05850:0.00071648,HORVU.MOREX.r3.4HG0400060,HORVU.MOREX.r3.4HG0400060:0.000899943,NA,NA
653098at33090,3,Zm00001eb107970,Zm00001eb107970:0.000320905,NA,NA,LOC_Os07g05850,LOC_Os07g05850:0.00071648,HORVU.MOREX.r3.4HG0400060,HORVU.MOREX.r3.4HG0400060:0.000899943,NA,NA
654926at3193,3,Zm00001eb220800,Zm00001eb220800:0.000862247,NA,NA,NA,NA,HORVU.MOREX.r3.1HG0047980,HORVU.MOREX.r3.1HG0047980:0.000255297,AT1G58290,AT1G58290:6.9569e-07
654926at33090,3,Zm00001eb220800,Zm00001eb220800:0.000862247,NA,NA,NA,NA,HORVU.MOREX.r3.1HG0047980,HORVU.MOREX.r3.1HG0047980:0.000255297,AT1G58290,AT1G58290:6.9569e-07
655049at3193,3,Zm00001eb206350,Zm00001eb206350:0.000941622,SORBI_3003G281400,SORBI_3003G281400:0.00330683,NA,NA,HORVU.MOREX.r3.6HG0574990,HORVU.MOREX.r3.6HG0574990:1.65618e-06,NA,NA
6566at4447,3,Zm00001eb144930;Zm00001eb216870,Zm00001eb144930:0.000804063;Zm00001eb216870:0.00243018,SORBI_3001G125700;SORBI_3001G125800,SORBI_3001G125700:0.00133174;SORBI_3001G125800:0.00133174,NA,NA,HORVU.MOREX.r3.5HG0509200,HORVU.MOREX.r3.5HG0509200:0.000801023,NA,NA
659983at3193,3,Zm00001eb048160,Zm00001eb048160:0.000158674,SORBI_3001G250300;SORBI_3009G178400,SORBI_3001G250300:0.00162808;SORBI_3009G178400:0.00221327,NA,NA,NA,NA,AT3G28480;AT5G18900,AT3G28480:8.20478e-05;AT5G18900:1.46644e-05
662901at3193,3,NA,NA,SORBI_3003G287400,SORBI_3003G287400:0.00328275,NA,NA,HORVU.MOREX.r3.4HG0414140,HORVU.MOREX.r3.4HG0414140:0.000937506,AT1G64060,AT1G64060:1.2506e-06
666689at3193,3,Zm00001eb020090,Zm00001eb020090:0.00149977,NA,NA,LOC_Os07g06040,LOC_Os07g06040:0.000850783,HORVU.MOREX.r3.7HG0687190,HORVU.MOREX.r3.7HG0687190:0.00132451,NA,NA
667937at2759,3,Zm00001eb007000;Zm00001eb194220;Zm00001eb255160,Zm00001eb007000:0.000894253;Zm00001eb194220:0.0017231;Zm00001eb255160:0.00168811,SORBI_3010G089700,SORBI_3010G089700:0.000343184,NA,NA,NA,NA,AT1G22190;AT1G78080,AT1G22190:9.89591e-05;AT1G78080:0.00040714
667937at3193,3,Zm00001eb007000;Zm00001eb194220;Zm00001eb255160,Zm00001eb007000:0.000894253;Zm00001eb194220:0.0017231;Zm00001eb255160:0.00168811,SORBI_3010G089700,SORBI_3010G089700:0.000343184,NA,NA,NA,NA,AT1G22190;AT1G78080,AT1G22190:9.89591e-05;AT1G78080:0.00040714
667937at33090,3,Zm00001eb007000;Zm00001eb194220;Zm00001eb255160,Zm00001eb007000:0.000894253;Zm00001eb194220:0.0017231;Zm00001eb255160:0.00168811,SORBI_3010G089700,SORBI_3010G089700:0.000343184,NA,NA,NA,NA,AT1G22190;AT1G78080,AT1G22190:9.89591e-05;AT1G78080:0.00040714
66854at2759,3,Zm00001eb015570,Zm00001eb015570:0.00221082,SORBI_3001G386000,SORBI_3001G386000:0.00168945,NA,NA,NA,NA,AT5G18270,AT5G18270:5.58993e-05
66854at3193,3,Zm00001eb015570,Zm00001eb015570:0.00221082,SORBI_3001G386000,SORBI_3001G386000:0.00168945,NA,NA,NA,NA,AT5G18270,AT5G18270:5.58993e-05
66854at33090,3,Zm00001eb015570,Zm00001eb015570:0.00221082,SORBI_3001G386000,SORBI_3001G386000:0.00168945,NA,NA,NA,NA,AT5G18270,AT5G18270:5.58993e-05
670687at2759,3,Zm00001eb229400,Zm00001eb229400:0.000594492,NA,NA,NA,NA,HORVU.MOREX.r3.6HG0540980,HORVU.MOREX.r3.6HG0540980:0.00123876,AT1G76890,AT1G76890:0.000413452
670687at3193,3,Zm00001eb229400,Zm00001eb229400:0.000594492,NA,NA,NA,NA,HORVU.MOREX.r3.6HG0540980,HORVU.MOREX.r3.6HG0540980:0.00123876,AT1G76890,AT1G76890:0.000413452
670687at33090,3,Zm00001eb229400,Zm00001eb229400:0.000594492,NA,NA,NA,NA,HORVU.MOREX.r3.6HG0540980,HORVU.MOREX.r3.6HG0540980:0.00123876,AT1G76890,AT1G76890:0.000413452
673536at3193,3,Zm00001eb041730;Zm00001eb408460,Zm00001eb041730:0.00160093;Zm00001eb408460:0.00299932,NA,NA,NA,NA,HORVU.MOREX.r3.5HG0525980,HORVU.MOREX.r3.5HG0525980:0.000301162,AT3G25860,AT3G25860:1.005e-05
678476at3193,3,Zm00001eb342280,Zm00001eb342280:0.000733835,SORBI_3007G044300,SORBI_3007G044300:0.00200585,NA,NA,NA,NA,AT1G12110,AT1G12110:4.5442e-05
683851at3193,3,Zm00001eb075400;Zm00001eb248740;Zm00001eb427520,Zm00001eb075400:0.00134317;Zm00001eb248740:0.000381944;Zm00001eb427520:0.00124206,NA,NA,NA,NA,HORVU.MOREX.r3.2HG0184640,HORVU.MOREX.r3.2HG0184640:0.000578701,AT1G76800;AT3G43630,AT1G76800:1.41239e-05;AT3G43630:0.000328258
691284at2759,3,Zm00001eb242930,Zm00001eb242930:3.78436e-05,NA,NA,LOC_Os04g04150,LOC_Os04g04150:1.68391e-05,NA,NA,AT5G06270,AT5G06270:0.000408622
691284at3193,3,Zm00001eb242930,Zm00001eb242930:3.78436e-05,NA,NA,LOC_Os04g04150,LOC_Os04g04150:1.68391e-05,NA,NA,AT5G06270,AT5G06270:0.000408622
691284at33090,3,Zm00001eb242930,Zm00001eb242930:3.78436e-05,NA,NA,LOC_Os04g04150,LOC_Os04g04150:1.68391e-05,NA,NA,AT5G06270,AT5G06270:0.000408622
695290at2759,3,Zm00001eb406740;Zm00001eb425430,Zm00001eb406740:0.00217562;Zm00001eb425430:0.00261624,NA,NA,LOC_Os12g01520,LOC_Os12g01520:0.00116475,NA,NA,AT1G18100;AT1G65480;AT4G20370,AT1G18100:2.09933e-06;AT1G65480:7.89984e-05;AT4G20370:0.000204354
695290at3193,3,Zm00001eb406740;Zm00001eb425430,Zm00001eb406740:0.00217562;Zm00001eb425430:0.00261624,NA,NA,LOC_Os12g01520,LOC_Os12g01520:0.00116475,NA,NA,AT1G65480;AT4G20370,AT1G65480:7.89984e-05;AT4G20370:0.000204354
695290at33090,3,Zm00001eb406740;Zm00001eb425430,Zm00001eb406740:0.00217562;Zm00001eb425430:0.00261624,NA,NA,LOC_Os12g01520,LOC_Os12g01520:0.00116475,NA,NA,AT1G18100;AT1G65480;AT4G20370,AT1G18100:2.09933e-06;AT1G65480:7.89984e-05;AT4G20370:0.000204354
701516at3193,3,Zm00001eb190430;Zm00001eb338750,Zm00001eb190430:0.000308863;Zm00001eb338750:0.000975102,NA,NA,NA,NA,HORVU.MOREX.r3.6HG0616240,HORVU.MOREX.r3.6HG0616240:0.000119853,AT1G64390,AT1G64390:0.000415904
708811at3193,3,NA,NA,NA,NA,LOC_Os06g07160,LOC_Os06g07160:1.88633e-05,HORVU.MOREX.r3.3HG0298710,HORVU.MOREX.r3.3HG0298710:0.000164603,AT1G34320,AT1G34320:2.81743e-06
717787at3193,3,Zm00001eb012780;Zm00001eb397400,Zm00001eb012780:0.00110263;Zm00001eb397400:0.000658098,NA,NA,NA,NA,HORVU.MOREX.r3.4HG0386880,HORVU.MOREX.r3.4HG0386880:3.53784e-05,AT1G67060,AT1G67060:0.000227051
717787at33090,3,Zm00001eb012780;Zm00001eb397400,Zm00001eb012780:0.00110263;Zm00001eb397400:0.000658098,NA,NA,NA,NA,HORVU.MOREX.r3.4HG0386880,HORVU.MOREX.r3.4HG0386880:3.53784e-05,AT1G67060,AT1G67060:0.000227051
718428at33090,3,Zm00001eb155450;Zm00001eb242750;Zm00001eb332460,Zm00001eb155450:0.00142505;Zm00001eb242750:0.00248362;Zm00001eb332460:0.000232101,SORBI_3001G050100,SORBI_3001G050100:0.000616222,NA,NA,NA,NA,AT1G18980,AT1G18980:9.81203e-05
723203at2759,3,Zm00001eb021510;Zm00001eb122860,Zm00001eb021510:0.00256224;Zm00001eb122860:0.000581951,SORBI_3002G098900,SORBI_3002G098900:5.56703e-05,NA,NA,NA,NA,AT1G55180,AT1G55180:9.12304e-07
73418at4447,3,Zm00001eb135190,Zm00001eb135190:0.000749436,SORBI_3003G287500;SORBI_3003G287600;SORBI_3003G287700,SORBI_3003G287500:0.00328275;SORBI_3003G287600:0.00328275;SORBI_3003G287700:0.00328275,LOC_Os05g05270,LOC_Os05g05270:0.00155027,NA,NA,NA,NA
741800at33090,3,Zm00001eb296590;Zm00001eb398750,Zm00001eb296590:0.00221634;Zm00001eb398750:3.61956e-05,SORBI_3001G438100,SORBI_3001G438100:0.000108192,NA,NA,NA,NA,AT1G68530,AT1G68530:1.46723e-06
741905at2759,3,Zm00001eb403440,Zm00001eb403440:0.00175369,NA,NA,NA,NA,HORVU.MOREX.r3.7HG0657010,HORVU.MOREX.r3.7HG0657010:4.67627e-05,AT2G25340,AT2G25340:0.000397012
741905at33090,3,Zm00001eb403440,Zm00001eb403440:0.00175369,NA,NA,NA,NA,HORVU.MOREX.r3.7HG0657010,HORVU.MOREX.r3.7HG0657010:4.67627e-05,AT2G25340,AT2G25340:0.000397012
745701at33090,3,NA,NA,NA,NA,LOC_Os02g01800,LOC_Os02g01800:4.1218e-06,HORVU.MOREX.r3.7HG0742350,HORVU.MOREX.r3.7HG0742350:5.87926e-05,AT2G25070,AT2G25070:7.91868e-05
748146at33090,3,Zm00001eb071890;Zm00001eb251680,Zm00001eb071890:0.00170948;Zm00001eb251680:0.000375069,NA,NA,NA,NA,HORVU.MOREX.r3.2HG0193650,HORVU.MOREX.r3.2HG0193650:0.00141797,AT1G32350,AT1G32350:0.000405131
748857at2759,3,Zm00001eb339970,Zm00001eb339970:2.80226e-05,SORBI_3003G277500,SORBI_3003G277500:0.000693709,NA,NA,NA,NA,AT2G41380,AT2G41380:0.000132224
748857at33090,3,Zm00001eb339970,Zm00001eb339970:2.80226e-05,SORBI_3003G277500,SORBI_3003G277500:0.000693709,NA,NA,NA,NA,AT2G41380,AT2G41380:0.000132224
752471at2759,3,Zm00001eb041730;Zm00001eb408460,Zm00001eb041730:0.00160093;Zm00001eb408460:0.00299932,NA,NA,NA,NA,HORVU.MOREX.r3.5HG0525980,HORVU.MOREX.r3.5HG0525980:0.000301162,AT3G25860,AT3G25860:1.005e-05
752471at33090,3,Zm00001eb041730;Zm00001eb408460,Zm00001eb041730:0.00160093;Zm00001eb408460:0.00299932,NA,NA,NA,NA,HORVU.MOREX.r3.5HG0525980,HORVU.MOREX.r3.5HG0525980:0.000301162,AT3G25860,AT3G25860:1.005e-05
753957at2759,3,Zm00001eb076800,Zm00001eb076800:0.00344179,NA,NA,NA,NA,HORVU.MOREX.r3.7HG0655100,HORVU.MOREX.r3.7HG0655100:0.000747941,AT5G23220,AT5G23220:2.06317e-09
757406at33090,3,Zm00001eb000480,Zm00001eb000480:0.00119124,NA,NA,NA,NA,HORVU.MOREX.r3.4HG0415470,HORVU.MOREX.r3.4HG0415470:0.000107191,AT4G30600,AT4G30600:0.000107583
760392at2759,3,Zm00001eb119990;Zm00001eb271090;Zm00001eb433910,Zm00001eb119990:0.000447014;Zm00001eb271090:3.13756e-05;Zm00001eb433910:3.36249e-05,NA,NA,NA,NA,HORVU.MOREX.r3.7HG0640150,HORVU.MOREX.r3.7HG0640150:0.000798101,AT2G38180,AT2G38180:2.54697e-08
760392at33090,3,Zm00001eb119990;Zm00001eb271090;Zm00001eb433910,Zm00001eb119990:0.000447014;Zm00001eb271090:3.13756e-05;Zm00001eb433910:3.36249e-05,NA,NA,NA,NA,HORVU.MOREX.r3.7HG0640150,HORVU.MOREX.r3.7HG0640150:0.000798101,AT2G38180,AT2G38180:2.54697e-08
777528at2759,3,Zm00001eb157530;Zm00001eb359720,Zm00001eb157530:0.000770904;Zm00001eb359720:0.00234123,NA,NA,LOC_Os06g07080,LOC_Os06g07080:0.00119769,NA,NA,AT1G53510;AT2G01450;AT5G19010,AT1G53510:0.000294853;AT2G01450:3.50308e-05;AT5G19010:2.42769e-06
777528at33090,3,Zm00001eb157530;Zm00001eb359720,Zm00001eb157530:0.000770904;Zm00001eb359720:0.00234123,NA,NA,LOC_Os06g07080,LOC_Os06g07080:0.00119769,NA,NA,AT1G53510;AT2G01450;AT5G19010,AT1G53510:0.000294853;AT2G01450:3.50308e-05;AT5G19010:2.42769e-06
782650at2759,3,Zm00001eb219160,Zm00001eb219160:0.00153771,SORBI_3003G370100,SORBI_3003G370100:0.000597086,NA,NA,NA,NA,AT1G78290;AT4G33950,AT1G78290:0.000326657;AT4G33950:0.00039848
782650at33090,3,Zm00001eb219160,Zm00001eb219160:0.00153771,SORBI_3003G370100,SORBI_3003G370100:0.000597086,NA,NA,NA,NA,AT1G78290;AT4G33950,AT1G78290:0.000326657;AT4G33950:0.00039848
784215at33090,3,NA,NA,SORBI_3003G122300,SORBI_3003G122300:0.00118909,NA,NA,HORVU.MOREX.r3.6HG0581990,HORVU.MOREX.r3.6HG0581990:0.000502917,AT1G14560,AT1G14560:8.06118e-05
785065at2759,3,Zm00001eb331610,Zm00001eb331610:0.000369342,NA,NA,NA,NA,HORVU.MOREX.r3.2HG0107730,HORVU.MOREX.r3.2HG0107730:0.000782656,AT1G69380,AT1G69380:3.6797e-05
785065at33090,3,Zm00001eb331610,Zm00001eb331610:0.000369342,NA,NA,NA,NA,HORVU.MOREX.r3.2HG0107730,HORVU.MOREX.r3.2HG0107730:0.000782656,AT1G69380,AT1G69380:3.6797e-05
785990at2759,3,Zm00001eb159580,Zm00001eb159580:0.00264164,SORBI_3001G249000,SORBI_3001G249000:0.00355467,NA,NA,NA,NA,AT1G08230;AT2G39890,AT1G08230:0.000184196;AT2G39890:0.00013117
785990at33090,3,Zm00001eb159580,Zm00001eb159580:0.00264164,SORBI_3001G249000,SORBI_3001G249000:0.00355467,NA,NA,NA,NA,AT1G08230;AT2G39890,AT1G08230:0.000184196;AT2G39890:0.00013117
787791at33090,3,Zm00001eb222960;Zm00001eb430440,Zm00001eb222960:0.0025681;Zm00001eb430440:0.00321322,SORBI_3007G200500,SORBI_3007G200500:0.000781472,NA,NA,NA,NA,AT1G27770;AT4G37640,AT1G27770:2.95295e-05;AT4G37640:6.8367e-06
788555at33090,3,Zm00001eb278120,Zm00001eb278120:0.00107681,SORBI_3006G106700,SORBI_3006G106700:0.00159974,NA,NA,HORVU.MOREX.r3.5HG0441100,HORVU.MOREX.r3.5HG0441100:0.00020775,NA,NA
792806at2759,3,NA,NA,SORBI_3003G287400,SORBI_3003G287400:0.00328275,NA,NA,HORVU.MOREX.r3.4HG0414140,HORVU.MOREX.r3.4HG0414140:0.000937506,AT1G64060,AT1G64060:1.2506e-06
792806at33090,3,NA,NA,SORBI_3003G287400,SORBI_3003G287400:0.00328275,NA,NA,HORVU.MOREX.r3.4HG0414140,HORVU.MOREX.r3.4HG0414140:0.000937506,AT1G64060,AT1G64060:1.2506e-06
794577at2759,3,Zm00001eb081430;Zm00001eb244550;Zm00001eb331410,Zm00001eb081430:0.00263565;Zm00001eb244550:0.00151669;Zm00001eb331410:0.000127557,SORBI_3001G399300,SORBI_3001G399300:0.00301155,NA,NA,NA,NA,AT1G68410,AT1G68410:0.000329106
794577at33090,3,Zm00001eb081430;Zm00001eb244550;Zm00001eb331410,Zm00001eb081430:0.00263565;Zm00001eb244550:0.00151669;Zm00001eb331410:0.000127557,SORBI_3001G399300,SORBI_3001G399300:0.00301155,NA,NA,NA,NA,AT1G68410,AT1G68410:0.000329106
794814at2759,3,Zm00001eb032760;Zm00001eb046750;Zm00001eb245560,Zm00001eb032760:0.00294275;Zm00001eb046750:0.0034514;Zm00001eb245560:0.00212892,SORBI_3004G196300;SORBI_3006G114800,SORBI_3004G196300:0.000525328;SORBI_3006G114800:0.00010138,NA,NA,NA,NA,AT4G17530;AT5G03530,AT4G17530:0.000142944;AT5G03530:0.000400627
802609at33090,3,Zm00001eb012270,Zm00001eb012270:0.00146152,SORBI_3001G422100,SORBI_3001G422100:0.00373094,NA,NA,NA,NA,AT5G59490,AT5G59490:5.88828e-09
803223at33090,3,Zm00001eb048160,Zm00001eb048160:0.000158674,SORBI_3001G250300;SORBI_3009G178400,SORBI_3001G250300:0.00162808;SORBI_3009G178400:0.00221327,NA,NA,NA,NA,AT3G28480;AT5G18900,AT3G28480:8.20478e-05;AT5G18900:1.46644e-05
807140at2759,3,NA,NA,NA,NA,LOC_Os06g02250,LOC_Os06g02250:0.00132028,HORVU.MOREX.r3.7HG0709580,HORVU.MOREX.r3.7HG0709580:0.000125054,AT1G56330,AT1G56330:9.75878e-06
807140at33090,3,NA,NA,NA,NA,LOC_Os06g02250,LOC_Os06g02250:0.00132028,HORVU.MOREX.r3.7HG0709580,HORVU.MOREX.r3.7HG0709580:0.000125054,AT1G56330,AT1G56330:9.75878e-06
85423at38820,3,Zm00001eb193710,Zm00001eb193710:0.00309339,SORBI_3010G082600,SORBI_3010G082600:0.00296284,NA,NA,HORVU.MOREX.r3.7HG0663850;HORVU.MOREX.r3.7HG0663860,HORVU.MOREX.r3.7HG0663850:0.000665527;HORVU.MOREX.r3.7HG0663860:0.000665527,NA,NA
85423at4447,3,Zm00001eb193710,Zm00001eb193710:0.00309339,SORBI_3010G082600,SORBI_3010G082600:0.00296284,NA,NA,HORVU.MOREX.r3.7HG0663850;HORVU.MOREX.r3.7HG0663860,HORVU.MOREX.r3.7HG0663850:0.000665527;HORVU.MOREX.r3.7HG0663860:0.000665527,NA,NA
91193at2759,3,Zm00001eb042070;Zm00001eb190430;Zm00001eb338750;Zm00001eb395290,Zm00001eb042070:0.000637128;Zm00001eb190430:0.000308863;Zm00001eb338750:0.000975102;Zm00001eb395290:0.00141986,NA,NA,NA,NA,HORVU.MOREX.r3.2HG0178520;HORVU.MOREX.r3.6HG0616240,HORVU.MOREX.r3.2HG0178520:0.0010003;HORVU.MOREX.r3.6HG0616240:0.000119853,AT1G64390;AT1G70710,AT1G64390:0.000415904;AT1G70710:0.000422562
91193at33090,3,Zm00001eb042070;Zm00001eb190430;Zm00001eb338750;Zm00001eb395290,Zm00001eb042070:0.000637128;Zm00001eb190430:0.000308863;Zm00001eb338750:0.000975102;Zm00001eb395290:0.00141986,NA,NA,NA,NA,HORVU.MOREX.r3.2HG0178520;HORVU.MOREX.r3.6HG0616240,HORVU.MOREX.r3.2HG0178520:0.0010003;HORVU.MOREX.r3.6HG0616240:0.000119853,AT1G64390;AT1G70710,AT1G64390:0.000415904;AT1G70710:0.000422562
10012at38820,2,NA,NA,SORBI_3007G119700,SORBI_3007G119700:0.000246909,NA,NA,HORVU.MOREX.r3.3HG0310240,HORVU.MOREX.r3.3HG0310240:1.0924e-05,NA,NA
10012at4447,2,NA,NA,SORBI_3007G119700,SORBI_3007G119700:0.000246909,NA,NA,HORVU.MOREX.r3.3HG0310240,HORVU.MOREX.r3.3HG0310240:1.0924e-05,NA,NA
101151at38820,2,Zm00001eb080690,Zm00001eb080690:0.00208159,NA,NA,LOC_Os04g04610,LOC_Os04g04610:0.00214238,NA,NA,NA,NA
101151at4447,2,Zm00001eb080690,Zm00001eb080690:0.00208159,NA,NA,LOC_Os04g04610,LOC_Os04g04610:0.00214238,NA,NA,NA,NA
101618at4447,2,Zm00001eb075400;Zm00001eb248740;Zm00001eb427520,Zm00001eb075400:0.00134317;Zm00001eb248740:0.000381944;Zm00001eb427520:0.00124206,NA,NA,NA,NA,HORVU.MOREX.r3.2HG0184640,HORVU.MOREX.r3.2HG0184640:0.000578701,NA,NA
101668at38820,2,Zm00001eb359480,Zm00001eb359480:0.00218642,NA,NA,NA,NA,HORVU.MOREX.r3.3HG0290200,HORVU.MOREX.r3.3HG0290200:0.000951905,NA,NA
101668at4447,2,Zm00001eb359480,Zm00001eb359480:0.00218642,NA,NA,NA,NA,HORVU.MOREX.r3.3HG0290200,HORVU.MOREX.r3.3HG0290200:0.000951905,NA,NA
101912at38820,2,Zm00001eb186490,Zm00001eb186490:0.00167672,NA,NA,LOC_Os02g06570,LOC_Os02g06570:0.00156102,NA,NA,NA,NA
101912at4447,2,Zm00001eb186490,Zm00001eb186490:0.00167672,NA,NA,LOC_Os02g06570,LOC_Os02g06570:0.00156102,NA,NA,NA,NA
102147at38820,2,Zm00001eb068050;Zm00001eb432370,Zm00001eb068050:0.00182935;Zm00001eb432370:0.00177206,NA,NA,LOC_Os04g06530,LOC_Os04g06530:0.000783275,NA,NA,NA,NA
102147at4447,2,Zm00001eb068050;Zm00001eb432370,Zm00001eb068050:0.00182935;Zm00001eb432370:0.00177206,NA,NA,LOC_Os04g06530,LOC_Os04g06530:0.000783275,NA,NA,NA,NA
102547at38820,2,Zm00001eb229400,Zm00001eb229400:0.000594492,NA,NA,NA,NA,HORVU.MOREX.r3.6HG0540980,HORVU.MOREX.r3.6HG0540980:0.00123876,NA,NA
102547at4447,2,Zm00001eb229400,Zm00001eb229400:0.000594492,NA,NA,NA,NA,HORVU.MOREX.r3.6HG0540980,HORVU.MOREX.r3.6HG0540980:0.00123876,NA,NA
103322at38820,2,Zm00001eb157310,Zm00001eb157310:0.00145343,SORBI_3003G250700,SORBI_3003G250700:0.00154979,NA,NA,NA,NA,NA,NA
105162at3193,2,Zm00001eb041280;Zm00001eb163690,Zm00001eb041280:0.00151244;Zm00001eb163690:0.00216124,NA,NA,NA,NA,NA,NA,AT3G45400,AT3G45400:5.19222e-06
105889at33090,2,Zm00001eb161310,Zm00001eb161310:0.000966064,NA,NA,NA,NA,NA,NA,AT4G26210,AT4G26210:7.7352e-05
106400at33090,2,Zm00001eb211740,Zm00001eb211740:0.000483361,NA,NA,NA,NA,HORVU.MOREX.r3.5HG0514950,HORVU.MOREX.r3.5HG0514950:0.000131598,NA,NA
106575at38820,2,NA,NA,SORBI_3009G178500,SORBI_3009G178500:0.00221327,NA,NA,HORVU.MOREX.r3.1HG0070090,HORVU.MOREX.r3.1HG0070090:0.000888026,NA,NA
106575at4447,2,NA,NA,SORBI_3009G178500,SORBI_3009G178500:0.00221327,NA,NA,HORVU.MOREX.r3.1HG0070090,HORVU.MOREX.r3.1HG0070090:0.000888026,NA,NA
106961at4447,2,Zm00001eb296620,Zm00001eb296620:0.00221634,NA,NA,NA,NA,HORVU.MOREX.r3.1HG0091020,HORVU.MOREX.r3.1HG0091020:0.000727998,NA,NA
107510at3193,2,Zm00001eb219170,Zm00001eb219170:0.00153771,NA,NA,NA,NA,NA,NA,AT1G63280,AT1G63280:1.74733e-06
107618at38820,2,Zm00001eb120960,Zm00001eb120960:2.19581e-05,SORBI_3009G073800,SORBI_3009G073800:0.003271,NA,NA,NA,NA,NA,NA
107618at4447,2,Zm00001eb120960,Zm00001eb120960:2.19581e-05,SORBI_3009G073800,SORBI_3009G073800:0.003271,NA,NA,NA,NA,NA,NA
1076at38820,2,Zm00001eb144930,Zm00001eb144930:0.000804063,NA,NA,NA,NA,HORVU.MOREX.r3.5HG0509200,HORVU.MOREX.r3.5HG0509200:0.000801023,NA,NA
10779at38820,2,Zm00001eb210600,Zm00001eb210600:0.0015922,NA,NA,NA,NA,HORVU.MOREX.r3.5HG0535750,HORVU.MOREX.r3.5HG0535750:8.22943e-06,NA,NA
10779at4447,2,Zm00001eb210600,Zm00001eb210600:0.0015922,NA,NA,NA,NA,HORVU.MOREX.r3.5HG0535750,HORVU.MOREX.r3.5HG0535750:8.22943e-06,NA,NA
107801at38820,2,Zm00001eb143540,Zm00001eb143540:0.00275484,NA,NA,LOC_Os01g09150,LOC_Os01g09150:0.00119488,NA,NA,NA,NA
107801at4447,2,Zm00001eb143540,Zm00001eb143540:0.00275484,NA,NA,LOC_Os01g09150,LOC_Os01g09150:0.00119488,NA,NA,NA,NA
108071at2759,2,NA,NA,NA,NA,NA,NA,HORVU.MOREX.r3.6HG0569040,HORVU.MOREX.r3.6HG0569040:0.00155125,AT1G17650,AT1G17650:2.35626e-06
10828at2759,2,Zm00001eb108330,Zm00001eb108330:0.000740647,SORBI_3009G187700,SORBI_3009G187700:7.64554e-05,NA,NA,NA,NA,NA,NA
10828at3193,2,Zm00001eb108330,Zm00001eb108330:0.000740647,SORBI_3009G187700,SORBI_3009G187700:7.64554e-05,NA,NA,NA,NA,NA,NA
10828at33090,2,Zm00001eb108330,Zm00001eb108330:0.000740647,SORBI_3009G187700,SORBI_3009G187700:7.64554e-05,NA,NA,NA,NA,NA,NA
10868at38820,2,Zm00001eb254540,Zm00001eb254540:0.00245623,SORBI_3004G238100,SORBI_3004G238100:0.0022883,NA,NA,NA,NA,NA,NA
10868at4447,2,Zm00001eb254540,Zm00001eb254540:0.00245623,SORBI_3004G238100,SORBI_3004G238100:0.0022883,NA,NA,NA,NA,NA,NA
10918at38820,2,Zm00001eb211870,Zm00001eb211870:0.000241498,NA,NA,NA,NA,HORVU.MOREX.r3.5HG0424550,HORVU.MOREX.r3.5HG0424550:1.8253e-06,NA,NA
10918at4447,2,Zm00001eb211870,Zm00001eb211870:0.000241498,NA,NA,NA,NA,HORVU.MOREX.r3.5HG0424550,HORVU.MOREX.r3.5HG0424550:1.8253e-06,NA,NA
111080at38820,2,Zm00001eb084820,Zm00001eb084820:0.000230989,NA,NA,LOC_Os04g03980,LOC_Os04g03980:0.00187339,NA,NA,NA,NA
111080at4447,2,Zm00001eb084820,Zm00001eb084820:0.000230989,NA,NA,LOC_Os04g03980,LOC_Os04g03980:0.00187339,NA,NA,NA,NA
111164at38820,2,Zm00001eb191620,Zm00001eb191620:0.00204946,SORBI_3004G340100,SORBI_3004G340100:0.00304408,NA,NA,NA,NA,NA,NA
111164at4447,2,Zm00001eb191620,Zm00001eb191620:0.00204946,SORBI_3004G340100,SORBI_3004G340100:0.00304408,NA,NA,NA,NA,NA,NA
111781at38820,2,Zm00001eb243960,Zm00001eb243960:2.72518e-05,NA,NA,NA,NA,HORVU.MOREX.r3.7HG0719250,HORVU.MOREX.r3.7HG0719250:0.000149338,NA,NA
111781at4447,2,Zm00001eb243960,Zm00001eb243960:2.72518e-05,NA,NA,NA,NA,HORVU.MOREX.r3.7HG0719250,HORVU.MOREX.r3.7HG0719250:0.000149338,NA,NA
111817at38820,2,Zm00001eb210540,Zm00001eb210540:0.0015922,NA,NA,NA,NA,HORVU.MOREX.r3.5HG0536120,HORVU.MOREX.r3.5HG0536120:0.00124373,NA,NA
111817at4447,2,Zm00001eb210540,Zm00001eb210540:0.0015922,NA,NA,NA,NA,HORVU.MOREX.r3.5HG0536120,HORVU.MOREX.r3.5HG0536120:0.00124373,NA,NA
112102at38820,2,Zm00001eb045360,Zm00001eb045360:0.000110031,SORBI_3001G213500,SORBI_3001G213500:0.00110372,NA,NA,NA,NA,NA,NA
112102at4447,2,Zm00001eb045360,Zm00001eb045360:0.000110031,SORBI_3001G213500,SORBI_3001G213500:0.00110372,NA,NA,NA,NA,NA,NA
11233at38820,2,NA,NA,SORBI_3010G082700,SORBI_3010G082700:0.00296284,NA,NA,HORVU.MOREX.r3.7HG0663870,HORVU.MOREX.r3.7HG0663870:0.000665527,NA,NA
11233at4447,2,NA,NA,SORBI_3010G082700,SORBI_3010G082700:0.00296284,NA,NA,HORVU.MOREX.r3.7HG0663870,HORVU.MOREX.r3.7HG0663870:0.000665527,NA,NA
112354at38820,2,Zm00001eb431990,Zm00001eb431990:0.00290898,NA,NA,NA,NA,HORVU.MOREX.r3.2HG0205530,HORVU.MOREX.r3.2HG0205530:0.000695532,NA,NA
112354at4447,2,Zm00001eb431990,Zm00001eb431990:0.00290898,NA,NA,NA,NA,HORVU.MOREX.r3.2HG0205530,HORVU.MOREX.r3.2HG0205530:0.000695532,NA,NA
116740at3193,2,Zm00001eb258320,Zm00001eb258320:0.000765123,SORBI_3004G337800,SORBI_3004G337800:0.00279034,NA,NA,NA,NA,NA,NA
116740at33090,2,Zm00001eb258320,Zm00001eb258320:0.000765123,SORBI_3004G337800,SORBI_3004G337800:0.00279034,NA,NA,NA,NA,NA,NA
117118at2759,2,Zm00001eb061640;Zm00001eb212530,Zm00001eb061640:0.00114924;Zm00001eb212530:0.00118845,NA,NA,NA,NA,NA,NA,AT1G55340,AT1G55340:9.75878e-06
117118at3193,2,Zm00001eb061640;Zm00001eb212530,Zm00001eb061640:0.00114924;Zm00001eb212530:0.00118845,NA,NA,NA,NA,NA,NA,AT1G55340,AT1G55340:9.75878e-06
117118at33090,2,Zm00001eb061640;Zm00001eb212530,Zm00001eb061640:0.00114924;Zm00001eb212530:0.00118845,NA,NA,NA,NA,NA,NA,AT1G55340,AT1G55340:9.75878e-06
12295at38820,2,Zm00001eb012780;Zm00001eb397400,Zm00001eb012780:0.00110263;Zm00001eb397400:0.000658098,NA,NA,NA,NA,HORVU.MOREX.r3.4HG0386880,HORVU.MOREX.r3.4HG0386880:3.53784e-05,NA,NA
12295at4447,2,Zm00001eb012780;Zm00001eb397400,Zm00001eb012780:0.00110263;Zm00001eb397400:0.000658098,NA,NA,NA,NA,HORVU.MOREX.r3.4HG0386880,HORVU.MOREX.r3.4HG0386880:3.53784e-05,NA,NA
12507at4447,2,Zm00001eb376490,Zm00001eb376490:0.00052851,SORBI_3003G242000,SORBI_3003G242000:0.001004,NA,NA,NA,NA,NA,NA
12632at3193,2,NA,NA,SORBI_3004G225700,SORBI_3004G225700:0.00176104,NA,NA,NA,NA,AT5G23340,AT5G23340:0.000267368
12632at33090,2,NA,NA,SORBI_3004G225700,SORBI_3004G225700:0.00176104,NA,NA,NA,NA,AT5G23340,AT5G23340:0.000267368
128152at2759,2,Zm00001eb296620,Zm00001eb296620:0.00221634,NA,NA,NA,NA,HORVU.MOREX.r3.1HG0091020,HORVU.MOREX.r3.1HG0091020:0.000727998,NA,NA
128152at3193,2,Zm00001eb296620,Zm00001eb296620:0.00221634,NA,NA,NA,NA,HORVU.MOREX.r3.1HG0091020,HORVU.MOREX.r3.1HG0091020:0.000727998,NA,NA
128152at33090,2,Zm00001eb296620,Zm00001eb296620:0.00221634,NA,NA,NA,NA,HORVU.MOREX.r3.1HG0091020,HORVU.MOREX.r3.1HG0091020:0.000727998,NA,NA
128682at3193,2,Zm00001eb191830;Zm00001eb351880,Zm00001eb191830:0.00302403;Zm00001eb351880:0.000627393,SORBI_3004G338400,SORBI_3004G338400:0.00147128,NA,NA,NA,NA,NA,NA
128682at33090,2,Zm00001eb191830;Zm00001eb351880,Zm00001eb191830:0.00302403;Zm00001eb351880:0.000627393,SORBI_3004G338400,SORBI_3004G338400:0.00147128,NA,NA,NA,NA,NA,NA
129073at2759,2,Zm00001eb060520,Zm00001eb060520:0.00125685,NA,NA,NA,NA,NA,NA,AT5G18170,AT5G18170:5.58993e-05
129073at3193,2,Zm00001eb060520,Zm00001eb060520:0.00125685,NA,NA,NA,NA,NA,NA,AT5G18170,AT5G18170:5.58993e-05
129073at33090,2,Zm00001eb060520,Zm00001eb060520:0.00125685,NA,NA,NA,NA,NA,NA,AT5G18170,AT5G18170:5.58993e-05
129507at3193,2,Zm00001eb180720,Zm00001eb180720:0.00343611,NA,NA,NA,NA,NA,NA,AT1G12880,AT1G12880:5.56642e-05
129851at3193,2,Zm00001eb105850,Zm00001eb105850:0.00152615,NA,NA,NA,NA,NA,NA,AT2G45170,AT2G45170:9.04344e-06
131670at33090,2,Zm00001eb146720;Zm00001eb289070,Zm00001eb146720:0.00126933;Zm00001eb289070:0.00125344,NA,NA,NA,NA,NA,NA,AT5G18680,AT5G18680:1.41017e-05
133076at2759,2,Zm00001eb344520,Zm00001eb344520:0.000350864,NA,NA,NA,NA,NA,NA,AT5G14700,AT5G14700:2.97006e-05
133076at3193,2,Zm00001eb344520,Zm00001eb344520:0.000350864,NA,NA,NA,NA,NA,NA,AT5G14700,AT5G14700:2.97006e-05
133076at33090,2,Zm00001eb344520,Zm00001eb344520:0.000350864,NA,NA,NA,NA,NA,NA,AT5G14700,AT5G14700:2.97006e-05
13482at38820,2,Zm00001eb076810,Zm00001eb076810:0.00344179,NA,NA,NA,NA,HORVU.MOREX.r3.2HG0183080,HORVU.MOREX.r3.2HG0183080:0.000990703,NA,NA
13482at4447,2,Zm00001eb076810,Zm00001eb076810:0.00344179,NA,NA,NA,NA,HORVU.MOREX.r3.2HG0183080,HORVU.MOREX.r3.2HG0183080:0.000990703,NA,NA
135702at2759,2,Zm00001eb271450,Zm00001eb271450:0.000971232,NA,NA,NA,NA,NA,NA,AT2G29400;AT2G39840;AT5G27840;AT5G59160,AT2G29400:1.92922e-06;AT2G39840:2.55675e-05;AT5G27840:5.57588e-05;AT5G59160:0.000265354
135702at33090,2,Zm00001eb271450,Zm00001eb271450:0.000971232,NA,NA,NA,NA,NA,NA,AT2G29400;AT2G39840;AT5G27840;AT5G59160,AT2G29400:1.92922e-06;AT2G39840:2.55675e-05;AT5G27840:5.57588e-05;AT5G59160:0.000265354
136489at3193,2,Zm00001eb111020,Zm00001eb111020:0.00325347,NA,NA,NA,NA,NA,NA,AT5G57655,AT5G57655:0.000414362
13654at38820,2,Zm00001eb304560,Zm00001eb304560:0.00229353,SORBI_3002G094600,SORBI_3002G094600:0.00296534,NA,NA,NA,NA,NA,NA
13654at4447,2,Zm00001eb304560,Zm00001eb304560:0.00229353,SORBI_3002G094600,SORBI_3002G094600:0.00296534,NA,NA,NA,NA,NA,NA
136619at3193,2,Zm00001eb378360,Zm00001eb378360:0.00191016,NA,NA,NA,NA,NA,NA,AT3G25800,AT3G25800:2.19777e-07
139484at3193,2,Zm00001eb103410,Zm00001eb103410:0.000779237,SORBI_3002G274000,SORBI_3002G274000:0.000971944,NA,NA,NA,NA,NA,NA
139691at3193,2,NA,NA,SORBI_3004G201700,SORBI_3004G201700:0.00365393,NA,NA,NA,NA,AT2G13290,AT2G13290:4.76469e-05
140549at2759,2,Zm00001eb367040,Zm00001eb367040:0.00122411,NA,NA,NA,NA,NA,NA,AT5G58784,AT5G58784:0.000153676
140549at33090,2,Zm00001eb367040,Zm00001eb367040:0.00122411,NA,NA,NA,NA,NA,NA,AT5G58784,AT5G58784:0.000153676
143673at2759,2,Zm00001eb394300,Zm00001eb394300:0.00321176,NA,NA,NA,NA,NA,NA,AT3G50620;AT4G34420,AT3G50620:0.00016805;AT4G34420:0.000172948
143673at3193,2,Zm00001eb394300,Zm00001eb394300:0.00321176,NA,NA,NA,NA,NA,NA,AT3G50620;AT4G34420,AT3G50620:0.00016805;AT4G34420:0.000172948
143673at33090,2,Zm00001eb394300,Zm00001eb394300:0.00321176,NA,NA,NA,NA,NA,NA,AT3G50620;AT4G34420,AT3G50620:0.00016805;AT4G34420:0.000172948
143921at2759,2,NA,NA,NA,NA,NA,NA,HORVU.MOREX.r3.1HG0092020,HORVU.MOREX.r3.1HG0092020:0.000109643,AT1G27680,AT1G27680:0.000409585
143921at33090,2,NA,NA,NA,NA,NA,NA,HORVU.MOREX.r3.1HG0092020,HORVU.MOREX.r3.1HG0092020:0.000109643,AT1G27680,AT1G27680:0.000409585
14681at38820,2,Zm00001eb370850,Zm00001eb370850:0.00070257,NA,NA,NA,NA,HORVU.MOREX.r3.1HG0077430,HORVU.MOREX.r3.1HG0077430:0.000849916,NA,NA
14681at4447,2,Zm00001eb370850,Zm00001eb370850:0.00070257,NA,NA,NA,NA,HORVU.MOREX.r3.1HG0077430,HORVU.MOREX.r3.1HG0077430:0.000849916,NA,NA
148967at2759,2,Zm00001eb221040,Zm00001eb221040:0.000301886,SORBI_3001G209000;SORBI_3001G209200;SORBI_3001G209300,SORBI_3001G209000:0.00224883;SORBI_3001G209200:0.00247117;SORBI_3001G209300:0.00247117,NA,NA,NA,NA,NA,NA
148967at3193,2,Zm00001eb221040,Zm00001eb221040:0.000301886,SORBI_3001G209000;SORBI_3001G209200;SORBI_3001G209300,SORBI_3001G209000:0.00224883;SORBI_3001G209200:0.00247117;SORBI_3001G209300:0.00247117,NA,NA,NA,NA,NA,NA
148967at33090,2,Zm00001eb221040,Zm00001eb221040:0.000301886,SORBI_3001G209000;SORBI_3001G209200;SORBI_3001G209300,SORBI_3001G209000:0.00224883;SORBI_3001G209200:0.00247117;SORBI_3001G209300:0.00247117,NA,NA,NA,NA,NA,NA
150826at2759,2,Zm00001eb138380;Zm00001eb338060,Zm00001eb138380:0.000954497;Zm00001eb338060:2.27178e-05,NA,NA,LOC_Os12g02070,LOC_Os12g02070:0.000321113,NA,NA,NA,NA
150826at3193,2,Zm00001eb138380;Zm00001eb338060,Zm00001eb138380:0.000954497;Zm00001eb338060:2.27178e-05,NA,NA,LOC_Os12g02070,LOC_Os12g02070:0.000321113,NA,NA,NA,NA
150826at33090,2,Zm00001eb138380;Zm00001eb338060,Zm00001eb138380:0.000954497;Zm00001eb338060:2.27178e-05,NA,NA,LOC_Os12g02070,LOC_Os12g02070:0.000321113,NA,NA,NA,NA
15502at2759,2,Zm00001eb372310,Zm00001eb372310:0.00344651,NA,NA,NA,NA,NA,NA,AT1G71691,AT1G71691:2.39632e-06
158179at2759,2,Zm00001eb194680,Zm00001eb194680:0.00331714,NA,NA,NA,NA,NA,NA,AT1G20090,AT1G20090:2.84969e-05
158179at33090,2,Zm00001eb194680,Zm00001eb194680:0.00331714,NA,NA,NA,NA,NA,NA,AT1G20090,AT1G20090:2.84969e-05
158457at33090,2,Zm00001eb062910;Zm00001eb098230;Zm00001eb401400,Zm00001eb062910:0.00169312;Zm00001eb098230:0.000368247;Zm00001eb401400:0.000702461,NA,NA,NA,NA,NA,NA,AT1G16920,AT1G16920:0.00028159
158486at2759,2,NA,NA,SORBI_3004G194100,SORBI_3004G194100:3.2808e-05,NA,NA,NA,NA,AT4G27610,AT4G27610:0.000127162
158486at3193,2,NA,NA,SORBI_3004G194100,SORBI_3004G194100:3.2808e-05,NA,NA,NA,NA,AT4G27610,AT4G27610:0.000127162
158486at33090,2,NA,NA,SORBI_3004G194100,SORBI_3004G194100:3.2808e-05,NA,NA,NA,NA,AT4G27610,AT4G27610:0.000127162
15888at38820,2,Zm00001eb103730,Zm00001eb103730:0.00256511,NA,NA,LOC_Os08g05490,LOC_Os08g05490:0.00143494,NA,NA,NA,NA
15888at4447,2,Zm00001eb103730,Zm00001eb103730:0.00256511,NA,NA,LOC_Os08g05490,LOC_Os08g05490:0.00143494,NA,NA,NA,NA
15889at4447,2,Zm00001eb072190,Zm00001eb072190:0.00251214,NA,NA,NA,NA,HORVU.MOREX.r3.2HG0197560,HORVU.MOREX.r3.2HG0197560:0.000623498,NA,NA
160170at3193,2,NA,NA,NA,NA,LOC_Os02g01825,LOC_Os02g01825:0.0018776,NA,NA,AT1G77440,AT1G77440:9.08397e-05
16033at38820,2,Zm00001eb012270,Zm00001eb012270:0.00146152,SORBI_3001G422100,SORBI_3001G422100:0.00373094,NA,NA,NA,NA,NA,NA
16033at4447,2,Zm00001eb012270,Zm00001eb012270:0.00146152,SORBI_3001G422100,SORBI_3001G422100:0.00373094,NA,NA,NA,NA,NA,NA
16187at4447,2,Zm00001eb138300,Zm00001eb138300:9.422e-05,NA,NA,NA,NA,HORVU.MOREX.r3.5HG0496630,HORVU.MOREX.r3.5HG0496630:0.00084931,NA,NA
162107at2759,2,Zm00001eb018090,Zm00001eb018090:0.00145092,NA,NA,NA,NA,NA,NA,AT2G46920,AT2G46920:4.3813e-05
162107at3193,2,Zm00001eb018090,Zm00001eb018090:0.00145092,NA,NA,NA,NA,NA,NA,AT2G46920,AT2G46920:4.3813e-05
162107at33090,2,Zm00001eb018090,Zm00001eb018090:0.00145092,NA,NA,NA,NA,NA,NA,AT2G46920,AT2G46920:4.3813e-05
16260at38820,2,Zm00001eb258320,Zm00001eb258320:0.000765123,SORBI_3004G337800,SORBI_3004G337800:0.00279034,NA,NA,NA,NA,NA,NA
16260at4447,2,Zm00001eb258320,Zm00001eb258320:0.000765123,SORBI_3004G337800,SORBI_3004G337800:0.00279034,NA,NA,NA,NA,NA,NA
162741at2759,2,Zm00001eb013620,Zm00001eb013620:0.000385206,NA,NA,NA,NA,NA,NA,AT5G06460,AT5G06460:0.000247838
16345at3193,2,Zm00001eb194210;Zm00001eb255170,Zm00001eb194210:0.00189345;Zm00001eb255170:0.00168811,NA,NA,NA,NA,NA,NA,AT1G22210;AT1G35910;AT1G78090,AT1G22210:0.000183797;AT1G35910:0.000191773;AT1G78090:1.21243e-05
165630at2759,2,NA,NA,NA,NA,NA,NA,HORVU.MOREX.r3.4HG0417410,HORVU.MOREX.r3.4HG0417410:0.000302036,AT5G42900,AT5G42900:0.000147876
165630at3193,2,NA,NA,NA,NA,NA,NA,HORVU.MOREX.r3.4HG0417410,HORVU.MOREX.r3.4HG0417410:0.000302036,AT5G42900,AT5G42900:0.000147876
165630at33090,2,NA,NA,NA,NA,NA,NA,HORVU.MOREX.r3.4HG0417410,HORVU.MOREX.r3.4HG0417410:0.000302036,AT5G42900,AT5G42900:0.000147876
165970at3193,2,Zm00001eb311450,Zm00001eb311450:0.000927165,NA,NA,LOC_Os09g03750,LOC_Os09g03750:0.00214163,NA,NA,NA,NA
168202at33090,2,Zm00001eb070760;Zm00001eb430920,Zm00001eb070760:0.000674811;Zm00001eb430920:8.6105e-06,NA,NA,NA,NA,HORVU.MOREX.r3.6HG0633820,HORVU.MOREX.r3.6HG0633820:0.00096811,NA,NA
16998at38820,2,Zm00001eb287440,Zm00001eb287440:0.00171459,SORBI_3009G128800,SORBI_3009G128800:0.000244872,NA,NA,NA,NA,NA,NA
16998at4447,2,Zm00001eb287440,Zm00001eb287440:0.00171459,SORBI_3009G128800,SORBI_3009G128800:0.000244872,NA,NA,NA,NA,NA,NA
17094at2759,2,Zm00001eb149620,Zm00001eb149620:0.00322256,NA,NA,NA,NA,HORVU.MOREX.r3.3HG0297400,HORVU.MOREX.r3.3HG0297400:0.000860807,NA,NA
17094at3193,2,Zm00001eb149620,Zm00001eb149620:0.00322256,NA,NA,NA,NA,HORVU.MOREX.r3.3HG0297400,HORVU.MOREX.r3.3HG0297400:0.000860807,NA,NA
17094at33090,2,Zm00001eb149620,Zm00001eb149620:0.00322256,NA,NA,NA,NA,HORVU.MOREX.r3.3HG0297400,HORVU.MOREX.r3.3HG0297400:0.000860807,NA,NA
171349at3193,2,NA,NA,NA,NA,LOC_Os08g05660,LOC_Os08g05660:0.00143494,NA,NA,AT5G32470,AT5G32470:0.000336803
171349at33090,2,NA,NA,NA,NA,LOC_Os08g05660,LOC_Os08g05660:0.00143494,NA,NA,AT5G32470,AT5G32470:0.000336803
17191at4447,2,Zm00001eb046210;Zm00001eb222030,Zm00001eb046210:4.12114e-06;Zm00001eb222030:0.0030328,NA,NA,NA,NA,HORVU.MOREX.r3.4HG0411460,HORVU.MOREX.r3.4HG0411460:0.000430302,NA,NA
17258at3193,2,NA,NA,NA,NA,NA,NA,HORVU.MOREX.r3.1HG0092020,HORVU.MOREX.r3.1HG0092020:0.000109643,AT1G27680,AT1G27680:0.000409585
173060at2759,2,Zm00001eb278470,Zm00001eb278470:0.000220102,NA,NA,LOC_Os06g01934,LOC_Os06g01934:0.00159033,NA,NA,NA,NA
173060at3193,2,Zm00001eb278470,Zm00001eb278470:0.000220102,NA,NA,LOC_Os06g01934,LOC_Os06g01934:0.00159033,NA,NA,NA,NA
173060at33090,2,Zm00001eb278470,Zm00001eb278470:0.000220102,NA,NA,LOC_Os06g01934,LOC_Os06g01934:0.00159033,NA,NA,NA,NA
176710at3193,2,Zm00001eb137060,Zm00001eb137060:0.00207563,SORBI_3008G127500,SORBI_3008G127500:0.00198608,NA,NA,NA,NA,NA,NA
177660at2759,2,NA,NA,SORBI_3003G051500,SORBI_3003G051500:0.00266554,NA,NA,NA,NA,AT1G66345,AT1G66345:0.000315739
177660at3193,2,NA,NA,SORBI_3003G051500,SORBI_3003G051500:0.00266554,NA,NA,NA,NA,AT1G66345,AT1G66345:0.000315739
177660at33090,2,NA,NA,SORBI_3003G051500,SORBI_3003G051500:0.00266554,NA,NA,NA,NA,AT1G66345,AT1G66345:0.000315739
18010at38820,2,NA,NA,SORBI_3002G098800,SORBI_3002G098800:5.56703e-05,NA,NA,HORVU.MOREX.r3.2HG0112900,HORVU.MOREX.r3.2HG0112900:0.000240348,NA,NA
18010at4447,2,NA,NA,SORBI_3002G098800,SORBI_3002G098800:5.56703e-05,NA,NA,HORVU.MOREX.r3.2HG0112900,HORVU.MOREX.r3.2HG0112900:0.000240348,NA,NA
184664at3193,2,Zm00001eb204970,Zm00001eb204970:0.00107366,NA,NA,NA,NA,NA,NA,AT5G19680,AT5G19680:5.41907e-05
18598at4447,2,Zm00001eb293530,Zm00001eb293530:0.000210625,SORBI_3009G071800,SORBI_3009G071800:0.000107642,NA,NA,NA,NA,NA,NA
186553at3193,2,NA,NA,SORBI_3001G208500,SORBI_3001G208500:0.00224883,NA,NA,HORVU.MOREX.r3.7HG0711310,HORVU.MOREX.r3.7HG0711310:0.00118903,NA,NA
1868875at2759,2,Zm00001eb106770,Zm00001eb106770:0.00280243,NA,NA,LOC_Os07g05580,LOC_Os07g05580:0.00115629,NA,NA,NA,NA
1873865at2759,2,NA,NA,SORBI_3001G314600;SORBI_3003G128800;SORBI_3006G191700,SORBI_3001G314600:0.00157;SORBI_3003G128800:1.74567e-05;SORBI_3006G191700:0.00360362,NA,NA,NA,NA,AT1G20190;AT1G26770;AT2G37640;AT2G39700;AT4G38210;AT5G02260,AT1G20190:2.25663e-05;AT1G26770:0.000136183;AT2G37640:0.000291947;AT2G39700:6.523e-05;AT4G38210:0.000181409;AT5G02260:6.03274e-05
188508at3193,2,Zm00001eb402810,Zm00001eb402810:0.00310796,NA,NA,NA,NA,NA,NA,AT1G04500,AT1G04500:8.97321e-05
189586at2759,2,Zm00001eb242710;Zm00001eb406630,Zm00001eb242710:0.00248362;Zm00001eb406630:0.00166601,NA,NA,NA,NA,HORVU.MOREX.r3.2HG0166000,HORVU.MOREX.r3.2HG0166000:0.00139927,NA,NA
189586at3193,2,Zm00001eb242710;Zm00001eb406630,Zm00001eb242710:0.00248362;Zm00001eb406630:0.00166601,NA,NA,NA,NA,HORVU.MOREX.r3.2HG0166000,HORVU.MOREX.r3.2HG0166000:0.00139927,NA,NA
189586at33090,2,Zm00001eb242710;Zm00001eb406630,Zm00001eb242710:0.00248362;Zm00001eb406630:0.00166601,NA,NA,NA,NA,HORVU.MOREX.r3.2HG0166000,HORVU.MOREX.r3.2HG0166000:0.00139927,NA,NA
190162at2759,2,NA,NA,SORBI_3004G052200,SORBI_3004G052200:0.000825434,NA,NA,NA,NA,AT1G79060,AT1G79060:0.000212877
190162at3193,2,NA,NA,SORBI_3004G052200,SORBI_3004G052200:0.000825434,NA,NA,NA,NA,AT1G79060,AT1G79060:0.000212877
190162at33090,2,NA,NA,SORBI_3004G052200,SORBI_3004G052200:0.000825434,NA,NA,NA,NA,AT1G79060,AT1G79060:0.000212877
191499at2759,2,Zm00001eb017630,Zm00001eb017630:0.00202373,NA,NA,NA,NA,NA,NA,AT2G03050,AT2G03050:0.000363853
191499at3193,2,Zm00001eb017630,Zm00001eb017630:0.00202373,NA,NA,NA,NA,NA,NA,AT2G03050,AT2G03050:0.000363853
191499at33090,2,Zm00001eb017630,Zm00001eb017630:0.00202373,NA,NA,NA,NA,NA,NA,AT2G03050,AT2G03050:0.000363853
1920at38820,2,Zm00001eb036560,Zm00001eb036560:0.00103209,SORBI_3009G043500,SORBI_3009G043500:0.00351972,NA,NA,NA,NA,NA,NA
1920at4447,2,Zm00001eb036560,Zm00001eb036560:0.00103209,SORBI_3009G043500,SORBI_3009G043500:0.00351972,NA,NA,NA,NA,NA,NA
193448at2759,2,Zm00001eb084820,Zm00001eb084820:0.000230989,NA,NA,LOC_Os04g03980,LOC_Os04g03980:0.00187339,NA,NA,NA,NA
193448at3193,2,Zm00001eb084820,Zm00001eb084820:0.000230989,NA,NA,LOC_Os04g03980,LOC_Os04g03980:0.00187339,NA,NA,NA,NA
193448at33090,2,Zm00001eb084820,Zm00001eb084820:0.000230989,NA,NA,LOC_Os04g03980,LOC_Os04g03980:0.00187339,NA,NA,NA,NA
194710at2759,2,Zm00001eb120110,Zm00001eb120110:0.000316199,NA,NA,NA,NA,NA,NA,AT1G27900,AT1G27900:2.92463e-05
19496at38820,2,Zm00001eb057460,Zm00001eb057460:0.0013252,SORBI_3002G164300,SORBI_3002G164300:0.00117878,NA,NA,NA,NA,NA,NA
19496at4447,2,Zm00001eb057460,Zm00001eb057460:0.0013252,SORBI_3002G164300,SORBI_3002G164300:0.00117878,NA,NA,NA,NA,NA,NA
195798at3193,2,NA,NA,NA,NA,NA,NA,HORVU.MOREX.r3.7HG0656230,HORVU.MOREX.r3.7HG0656230:0.000901629,AT5G30490,AT5G30490:0.000360134
19743at4447,2,Zm00001eb052520;Zm00001eb325340,Zm00001eb052520:0.0034521;Zm00001eb325340:0.00154328,NA,NA,NA,NA,HORVU.MOREX.r3.5HG0423080,HORVU.MOREX.r3.5HG0423080:0.000411565,NA,NA
197463at2759,2,Zm00001eb403370,Zm00001eb403370:0.00146453,NA,NA,NA,NA,NA,NA,AT3G22820,AT3G22820:3.0778e-05
197463at3193,2,Zm00001eb403370,Zm00001eb403370:0.00146453,NA,NA,NA,NA,NA,NA,AT3G22820,AT3G22820:3.0778e-05
197463at33090,2,Zm00001eb403370,Zm00001eb403370:0.00146453,NA,NA,NA,NA,NA,NA,AT3G22820,AT3G22820:3.0778e-05
1977774at2759,2,Zm00001eb429100,Zm00001eb429100:4.57128e-06,SORBI_3004G285800,SORBI_3004G285800:0.00134663,NA,NA,NA,NA,NA,NA
19835at4447,2,NA,NA,NA,NA,LOC_Os04g05810,LOC_Os04g05810:0.000505548,HORVU.MOREX.r3.4HG0412490,HORVU.MOREX.r3.4HG0412490:0.00041936,NA,NA
19930at3193,2,Zm00001eb154650,Zm00001eb154650:0.000707335,NA,NA,NA,NA,NA,NA,AT1G17710,AT1G17710:2.10351e-05
200146at2759,2,Zm00001eb368040,Zm00001eb368040:0.000692029,NA,NA,NA,NA,HORVU.MOREX.r3.3HG0330130,HORVU.MOREX.r3.3HG0330130:6.8671e-05,NA,NA
200146at3193,2,Zm00001eb368040,Zm00001eb368040:0.000692029,NA,NA,NA,NA,HORVU.MOREX.r3.3HG0330130,HORVU.MOREX.r3.3HG0330130:6.8671e-05,NA,NA
200146at33090,2,Zm00001eb368040,Zm00001eb368040:0.000692029,NA,NA,NA,NA,HORVU.MOREX.r3.3HG0330130,HORVU.MOREX.r3.3HG0330130:6.8671e-05,NA,NA
20090at38820,2,Zm00001eb151150,Zm00001eb151150:0.000171535,NA,NA,NA,NA,HORVU.MOREX.r3.3HG0294430,HORVU.MOREX.r3.3HG0294430:0.000532459,NA,NA
20090at4447,2,Zm00001eb151150,Zm00001eb151150:0.000171535,NA,NA,NA,NA,HORVU.MOREX.r3.3HG0294430,HORVU.MOREX.r3.3HG0294430:0.000532459,NA,NA
203276at2759,2,Zm00001eb163700,Zm00001eb163700:0.00216124,NA,NA,NA,NA,NA,NA,AT5G18380,AT5G18380:1.3029e-06
203633at3193,2,Zm00001eb212030,Zm00001eb212030:0.00123722,NA,NA,NA,NA,NA,NA,AT2G40510,AT2G40510:1.39384e-05
203914at3193,2,Zm00001eb146730,Zm00001eb146730:0.00126933,NA,NA,NA,NA,NA,NA,AT1G21190;AT1G76860,AT1G21190:2.85919e-06;AT1G76860:6.02595e-06
203914at33090,2,Zm00001eb146730,Zm00001eb146730:0.00126933,NA,NA,NA,NA,NA,NA,AT1G21190;AT1G76860,AT1G21190:2.85919e-06;AT1G76860:6.02595e-06
20431at38820,2,NA,NA,SORBI_3005G038900,SORBI_3005G038900:0.000391301,NA,NA,HORVU.MOREX.r3.5HG0460180,HORVU.MOREX.r3.5HG0460180:0.000497034,NA,NA
204837at33090,2,Zm00001eb401790,Zm00001eb401790:0.00053279,NA,NA,NA,NA,NA,NA,AT5G35590,AT5G35590:0.000254854
20507at38820,2,Zm00001eb374760,Zm00001eb374760:0.00114842,NA,NA,NA,NA,HORVU.MOREX.r3.7HG0658780,HORVU.MOREX.r3.7HG0658780:0.000167556,NA,NA
20507at4447,2,Zm00001eb374760,Zm00001eb374760:0.00114842,NA,NA,NA,NA,HORVU.MOREX.r3.7HG0658780,HORVU.MOREX.r3.7HG0658780:0.000167556,NA,NA
206961at2759,2,Zm00001eb190380,Zm00001eb190380:0.000496955,NA,NA,NA,NA,HORVU.MOREX.r3.6HG0603400,HORVU.MOREX.r3.6HG0603400:0.000662337,NA,NA
206961at33090,2,Zm00001eb190380,Zm00001eb190380:0.000496955,NA,NA,NA,NA,HORVU.MOREX.r3.6HG0603400,HORVU.MOREX.r3.6HG0603400:0.000662337,NA,NA
20704at38820,2,Zm00001eb071510;Zm00001eb071530,Zm00001eb071510:0.00252523;Zm00001eb071530:0.00252523,SORBI_3006G207100,SORBI_3006G207100:5.35151e-05,NA,NA,NA,NA,NA,NA
20704at4447,2,Zm00001eb071510;Zm00001eb071530,Zm00001eb071510:0.00252523;Zm00001eb071530:0.00252523,SORBI_3006G207100,SORBI_3006G207100:5.35151e-05,NA,NA,NA,NA,NA,NA
208919at3193,2,Zm00001eb250950,Zm00001eb250950:0.000191452,SORBI_3006G192200,SORBI_3006G192200:0.00360362,NA,NA,NA,NA,NA,NA
210952at2759,2,Zm00001eb322310,Zm00001eb322310:0.000483176,NA,NA,NA,NA,HORVU.MOREX.r3.2HG0142770,HORVU.MOREX.r3.2HG0142770:0.0014215,NA,NA
210952at3193,2,Zm00001eb322310,Zm00001eb322310:0.000483176,NA,NA,NA,NA,HORVU.MOREX.r3.2HG0142770,HORVU.MOREX.r3.2HG0142770:0.0014215,NA,NA
210952at33090,2,Zm00001eb322310,Zm00001eb322310:0.000483176,NA,NA,NA,NA,HORVU.MOREX.r3.2HG0142770,HORVU.MOREX.r3.2HG0142770:0.0014215,NA,NA
211433at2759,2,Zm00001eb019800,Zm00001eb019800:0.00161131,NA,NA,NA,NA,NA,NA,AT1G55250,AT1G55250:9.75878e-06
211433at3193,2,Zm00001eb019800,Zm00001eb019800:0.00161131,NA,NA,NA,NA,NA,NA,AT1G55250,AT1G55250:9.75878e-06
211433at33090,2,Zm00001eb019800,Zm00001eb019800:0.00161131,NA,NA,NA,NA,NA,NA,AT1G55250,AT1G55250:9.75878e-06
215204at2759,2,Zm00001eb366250,Zm00001eb366250:0.000172782,NA,NA,NA,NA,HORVU.MOREX.r3.3HG0307560,HORVU.MOREX.r3.3HG0307560:0.000193362,NA,NA
215204at3193,2,Zm00001eb366250,Zm00001eb366250:0.000172782,NA,NA,NA,NA,HORVU.MOREX.r3.3HG0307560,HORVU.MOREX.r3.3HG0307560:0.000193362,NA,NA
215204at33090,2,Zm00001eb366250,Zm00001eb366250:0.000172782,NA,NA,NA,NA,HORVU.MOREX.r3.3HG0307560,HORVU.MOREX.r3.3HG0307560:0.000193362,NA,NA
21568at38820,2,Zm00001eb275220,Zm00001eb275220:0.00111585,NA,NA,LOC_Os02g01840,LOC_Os02g01840:0.00126283,NA,NA,NA,NA
21568at4447,2,Zm00001eb275220,Zm00001eb275220:0.00111585,NA,NA,LOC_Os02g01840,LOC_Os02g01840:0.00126283,NA,NA,NA,NA
21638at38820,2,Zm00001eb425880,Zm00001eb425880:0.00133139,NA,NA,NA,NA,HORVU.MOREX.r3.2HG0178940,HORVU.MOREX.r3.2HG0178940:0.000840938,NA,NA
21638at4447,2,Zm00001eb425880,Zm00001eb425880:0.00133139,NA,NA,NA,NA,HORVU.MOREX.r3.2HG0178940,HORVU.MOREX.r3.2HG0178940:0.000840938,NA,NA
216949at3193,2,NA,NA,NA,NA,NA,NA,HORVU.MOREX.r3.2HG0208500,HORVU.MOREX.r3.2HG0208500:0.000340292,AT4G17510,AT4G17510:0.000128793
216949at33090,2,NA,NA,NA,NA,NA,NA,HORVU.MOREX.r3.2HG0208500,HORVU.MOREX.r3.2HG0208500:0.000340292,AT4G17510,AT4G17510:0.000128793
217387at3193,2,Zm00001eb416490,Zm00001eb416490:1.17053e-05,NA,NA,NA,NA,NA,NA,AT4G17370,AT4G17370:3.01346e-05
217387at33090,2,Zm00001eb416490,Zm00001eb416490:1.17053e-05,NA,NA,NA,NA,NA,NA,AT4G17370,AT4G17370:3.01346e-05
2174516at2759,2,Zm00001eb045340;Zm00001eb183820;Zm00001eb286910;Zm00001eb406670,Zm00001eb045340:0.000110031;Zm00001eb183820:0.0013376;Zm00001eb286910:0.00334148;Zm00001eb406670:0.00214853,NA,NA,NA,NA,NA,NA,AT1G13140;AT1G13150;AT1G34540,AT1G13140:1.99868e-12;AT1G13150:1.99868e-12;AT1G34540:0.000120464
217567at3193,2,Zm00001eb256460;Zm00001eb367690,Zm00001eb256460:0.00216289;Zm00001eb367690:0.00136227,SORBI_3003G051600,SORBI_3003G051600:0.00266554,NA,NA,NA,NA,NA,NA
217808at3193,2,Zm00001eb161280,Zm00001eb161280:0.000966064,NA,NA,NA,NA,NA,NA,AT1G64480,AT1G64480:2.19376e-05
21935at38820,2,Zm00001eb376640,Zm00001eb376640:0.000636762,NA,NA,NA,NA,HORVU.MOREX.r3.7HG0652970,HORVU.MOREX.r3.7HG0652970:0.000160311,NA,NA
21935at4447,2,Zm00001eb376640,Zm00001eb376640:0.000636762,NA,NA,NA,NA,HORVU.MOREX.r3.7HG0652970,HORVU.MOREX.r3.7HG0652970:0.000160311,NA,NA
220351at3193,2,Zm00001eb274710,Zm00001eb274710:0.00061489,NA,NA,NA,NA,NA,NA,AT5G05080,AT5G05080:7.14847e-05
220351at33090,2,Zm00001eb274710,Zm00001eb274710:0.00061489,NA,NA,NA,NA,NA,NA,AT5G05080,AT5G05080:7.14847e-05
220822at3193,2,Zm00001eb138710,Zm00001eb138710:0.00340724,NA,NA,NA,NA,NA,NA,AT1G22940,AT1G22940:2.71227e-05
22188at38820,2,Zm00001eb243750,Zm00001eb243750:0.00225662,NA,NA,LOC_Os02g05550,LOC_Os02g05550:0.00199226,NA,NA,NA,NA
22188at4447,2,Zm00001eb243750,Zm00001eb243750:0.00225662,NA,NA,LOC_Os02g05550,LOC_Os02g05550:0.00199226,NA,NA,NA,NA
221929at2759,2,Zm00001eb023250,Zm00001eb023250:0.0021201,NA,NA,NA,NA,HORVU.MOREX.r3.1HG0058270,HORVU.MOREX.r3.1HG0058270:0.000816246,NA,NA
221929at3193,2,Zm00001eb023250,Zm00001eb023250:0.0021201,NA,NA,NA,NA,HORVU.MOREX.r3.1HG0058270,HORVU.MOREX.r3.1HG0058270:0.000816246,NA,NA
221929at33090,2,Zm00001eb023250,Zm00001eb023250:0.0021201,NA,NA,NA,NA,HORVU.MOREX.r3.1HG0058270,HORVU.MOREX.r3.1HG0058270:0.000816246,NA,NA
222536at3193,2,Zm00001eb234850,Zm00001eb234850:0.000968242,NA,NA,NA,NA,NA,NA,AT2G04570,AT2G04570:0.000257399
223207at2759,2,Zm00001eb351310,Zm00001eb351310:0.0015667,NA,NA,NA,NA,NA,NA,AT2G01480,AT2G01480:1.80924e-05
223207at3193,2,Zm00001eb351310,Zm00001eb351310:0.0015667,NA,NA,NA,NA,NA,NA,AT2G01480,AT2G01480:1.80924e-05
223207at33090,2,Zm00001eb351310,Zm00001eb351310:0.0015667,NA,NA,NA,NA,NA,NA,AT2G01480,AT2G01480:1.80924e-05
224546at3193,2,NA,NA,SORBI_3003G325500,SORBI_3003G325500:0.00341924,NA,NA,NA,NA,AT1G79340,AT1G79340:1.626e-05
225436at2759,2,NA,NA,SORBI_3006G203200,SORBI_3006G203200:0.00252064,NA,NA,NA,NA,AT2G35600,AT2G35600:6.11287e-07
225436at3193,2,NA,NA,SORBI_3006G203200,SORBI_3006G203200:0.00252064,NA,NA,NA,NA,AT2G35600,AT2G35600:6.11287e-07
225436at33090,2,NA,NA,SORBI_3006G203200,SORBI_3006G203200:0.00252064,NA,NA,NA,NA,AT2G35600,AT2G35600:6.11287e-07
226301at2759,2,Zm00001eb147090,Zm00001eb147090:0.00260912,SORBI_3005G039100,SORBI_3005G039100:0.000391301,NA,NA,NA,NA,NA,NA
226301at3193,2,Zm00001eb147090,Zm00001eb147090:0.00260912,SORBI_3005G039100,SORBI_3005G039100:0.000391301,NA,NA,NA,NA,NA,NA
226301at33090,2,Zm00001eb147090,Zm00001eb147090:0.00260912,SORBI_3005G039100,SORBI_3005G039100:0.000391301,NA,NA,NA,NA,NA,NA
226419at2759,2,Zm00001eb324180,Zm00001eb324180:0.000409757,NA,NA,NA,NA,NA,NA,AT3G19930,AT3G19930:3.91767e-08
226419at3193,2,Zm00001eb324180,Zm00001eb324180:0.000409757,NA,NA,NA,NA,NA,NA,AT3G19930,AT3G19930:3.91767e-08
226419at33090,2,Zm00001eb324180,Zm00001eb324180:0.000409757,NA,NA,NA,NA,NA,NA,AT3G19930,AT3G19930:3.91767e-08
22778at38820,2,Zm00001eb430810,Zm00001eb430810:0.000920598,SORBI_3006G213500,SORBI_3006G213500:0.00305069,NA,NA,NA,NA,NA,NA
22778at4447,2,Zm00001eb430810,Zm00001eb430810:0.000920598,SORBI_3006G213500,SORBI_3006G213500:0.00305069,NA,NA,NA,NA,NA,NA
228257at2759,2,Zm00001eb403710,Zm00001eb403710:0.0020853,SORBI_3001G314700,SORBI_3001G314700:0.00157,NA,NA,NA,NA,NA,NA
228257at33090,2,Zm00001eb403710,Zm00001eb403710:0.0020853,SORBI_3001G314700,SORBI_3001G314700:0.00157,NA,NA,NA,NA,NA,NA
228611at33090,2,NA,NA,NA,NA,NA,NA,HORVU.MOREX.r3.4HG0413970,HORVU.MOREX.r3.4HG0413970:0.000735011,AT3G60340;AT4G17470,AT3G60340:1.28606e-07;AT4G17470:5.60591e-06
22874at38820,2,NA,NA,SORBI_3003G062800;SORBI_3003G062900,SORBI_3003G062800:0.000927436;SORBI_3003G062900:0.000927436,NA,NA,HORVU.MOREX.r3.1HG0019330,HORVU.MOREX.r3.1HG0019330:2.44454e-05,NA,NA
22874at4447,2,NA,NA,SORBI_3003G062800;SORBI_3003G062900,SORBI_3003G062800:0.000927436;SORBI_3003G062900:0.000927436,NA,NA,HORVU.MOREX.r3.1HG0019330,HORVU.MOREX.r3.1HG0019330:2.44454e-05,NA,NA
228791at2759,2,Zm00001eb066590,Zm00001eb066590:0.00316146,NA,NA,NA,NA,NA,NA,AT2G24330,AT2G24330:0.000107557
228791at3193,2,Zm00001eb066590,Zm00001eb066590:0.00316146,NA,NA,NA,NA,NA,NA,AT2G24330,AT2G24330:0.000107557
228791at33090,2,Zm00001eb066590,Zm00001eb066590:0.00316146,NA,NA,NA,NA,NA,NA,AT2G24330,AT2G24330:0.000107557
228811at3193,2,NA,NA,SORBI_3009G188000,SORBI_3009G188000:7.64554e-05,NA,NA,NA,NA,AT4G27270,AT4G27270:0.000387375
229609at2759,2,NA,NA,NA,NA,NA,NA,HORVU.MOREX.r3.4HG0408430,HORVU.MOREX.r3.4HG0408430:0.00139148,AT3G20310,AT3G20310:1.19466e-05
229609at3193,2,NA,NA,NA,NA,NA,NA,HORVU.MOREX.r3.4HG0408430,HORVU.MOREX.r3.4HG0408430:0.00139148,AT3G20310,AT3G20310:1.19466e-05
229609at33090,2,NA,NA,NA,NA,NA,NA,HORVU.MOREX.r3.4HG0408430,HORVU.MOREX.r3.4HG0408430:0.00139148,AT3G20310,AT3G20310:1.19466e-05
23076at38820,2,NA,NA,SORBI_3006G163000,SORBI_3006G163000:0.00043745,NA,NA,HORVU.MOREX.r3.1HG0049610,HORVU.MOREX.r3.1HG0049610:0.000307212,NA,NA
23076at4447,2,NA,NA,SORBI_3006G163000,SORBI_3006G163000:0.00043745,NA,NA,HORVU.MOREX.r3.1HG0049610,HORVU.MOREX.r3.1HG0049610:0.000307212,NA,NA
230809at2759,2,NA,NA,NA,NA,NA,NA,HORVU.MOREX.r3.1HG0094470,HORVU.MOREX.r3.1HG0094470:0.00112923,AT1G76870,AT1G76870:9.06641e-05
230809at3193,2,NA,NA,NA,NA,NA,NA,HORVU.MOREX.r3.1HG0094470,HORVU.MOREX.r3.1HG0094470:0.00112923,AT1G76870,AT1G76870:9.06641e-05
230809at33090,2,NA,NA,NA,NA,NA,NA,HORVU.MOREX.r3.1HG0094470,HORVU.MOREX.r3.1HG0094470:0.00112923,AT1G76870,AT1G76870:9.06641e-05
234800at3193,2,Zm00001eb406750,Zm00001eb406750:0.00217562,SORBI_3005G038500,SORBI_3005G038500:0.000391301,NA,NA,NA,NA,NA,NA
234800at33090,2,Zm00001eb406750,Zm00001eb406750:0.00217562,SORBI_3005G038500,SORBI_3005G038500:0.000391301,NA,NA,NA,NA,NA,NA
235323at2759,2,Zm00001eb075460,Zm00001eb075460:0.00331058,NA,NA,NA,NA,NA,NA,AT1G62710,AT1G62710:0.000128056
237607at3193,2,Zm00001eb193280;Zm00001eb426260,Zm00001eb193280:0.000676704;Zm00001eb426260:0.00297082,NA,NA,LOC_Os04g05080,LOC_Os04g05080:0.00118176,NA,NA,NA,NA
239259at3193,2,Zm00001eb408260,Zm00001eb408260:0.00299897,SORBI_3006G163300,SORBI_3006G163300:0.00043745,NA,NA,NA,NA,NA,NA
240779at2759,2,Zm00001eb295180,Zm00001eb295180:0.000258382,NA,NA,NA,NA,NA,NA,AT4G32590,AT4G32590:0.000253305
240779at33090,2,Zm00001eb295180,Zm00001eb295180:0.000258382,NA,NA,NA,NA,NA,NA,AT4G32590,AT4G32590:0.000253305
243772at2759,2,Zm00001eb157310,Zm00001eb157310:0.00145343,SORBI_3003G250700,SORBI_3003G250700:0.00154979,NA,NA,NA,NA,NA,NA
243772at3193,2,Zm00001eb157310,Zm00001eb157310:0.00145343,SORBI_3003G250700,SORBI_3003G250700:0.00154979,NA,NA,NA,NA,NA,NA
243772at33090,2,Zm00001eb157310,Zm00001eb157310:0.00145343,SORBI_3003G250700,SORBI_3003G250700:0.00154979,NA,NA,NA,NA,NA,NA
248928at3193,2,NA,NA,NA,NA,NA,NA,HORVU.MOREX.r3.2HG0205500,HORVU.MOREX.r3.2HG0205500:0.000695532,AT1G52510,AT1G52510:0.000199873
248928at33090,2,NA,NA,NA,NA,NA,NA,HORVU.MOREX.r3.2HG0205500,HORVU.MOREX.r3.2HG0205500:0.000695532,AT1G52510,AT1G52510:0.000199873
2496at38820,2,Zm00001eb210490,Zm00001eb210490:1.96837e-05,SORBI_3005G080400,SORBI_3005G080400:0.00134831,NA,NA,NA,NA,NA,NA
2496at4447,2,Zm00001eb210490,Zm00001eb210490:1.96837e-05,SORBI_3005G080400,SORBI_3005G080400:0.00134831,NA,NA,NA,NA,NA,NA
25040at38820,2,Zm00001eb373660,Zm00001eb373660:1.83754e-06,NA,NA,NA,NA,HORVU.MOREX.r3.4HG0410500,HORVU.MOREX.r3.4HG0410500:0.00057636,NA,NA
25244at38820,2,Zm00001eb207400,Zm00001eb207400:0.000224198,NA,NA,NA,NA,HORVU.MOREX.r3.6HG0567190,HORVU.MOREX.r3.6HG0567190:0.000902904,NA,NA
25244at4447,2,Zm00001eb207400,Zm00001eb207400:0.000224198,NA,NA,NA,NA,HORVU.MOREX.r3.6HG0567190,HORVU.MOREX.r3.6HG0567190:0.000902904,NA,NA
253540at3193,2,Zm00001eb327460,Zm00001eb327460:0.00289218,NA,NA,NA,NA,NA,NA,AT3G16980,AT3G16980:2.39361e-07
25622at38820,2,Zm00001eb361750,Zm00001eb361750:0.00120449,SORBI_3003G281300,SORBI_3003G281300:0.00330683,NA,NA,NA,NA,NA,NA
25622at4447,2,Zm00001eb361750,Zm00001eb361750:0.00120449,SORBI_3003G281300,SORBI_3003G281300:0.00330683,NA,NA,NA,NA,NA,NA
2572at3193,2,Zm00001eb138390,Zm00001eb138390:0.000954497,NA,NA,NA,NA,NA,NA,AT1G33800;AT1G71690,AT1G33800:2.90571e-06;AT1G71690:6.7413e-05
2572at33090,2,Zm00001eb138390,Zm00001eb138390:0.000954497,NA,NA,NA,NA,NA,NA,AT1G33800;AT1G71690,AT1G33800:2.90571e-06;AT1G71690:6.7413e-05
257321at2759,2,Zm00001eb151040;Zm00001eb369640,Zm00001eb151040:5.81237e-05;Zm00001eb369640:0.00014354,NA,NA,NA,NA,NA,NA,AT1G04680;AT1G14420,AT1G04680:0.000382305;AT1G14420:7.8189e-08
257321at33090,2,Zm00001eb151040;Zm00001eb369640,Zm00001eb151040:5.81237e-05;Zm00001eb369640:0.00014354,NA,NA,NA,NA,NA,NA,AT1G04680;AT1G14420,AT1G04680:0.000382305;AT1G14420:7.8189e-08
258012at3193,2,Zm00001eb104730,Zm00001eb104730:0.000501573,NA,NA,NA,NA,NA,NA,AT1G30910,AT1G30910:0.00036998
258012at33090,2,Zm00001eb104730,Zm00001eb104730:0.000501573,NA,NA,NA,NA,NA,NA,AT1G30910,AT1G30910:0.00036998
258254at2759,2,Zm00001eb016730;Zm00001eb089360;Zm00001eb415160,Zm00001eb016730:0.00281611;Zm00001eb089360:0.00050685;Zm00001eb415160:0.00292287,NA,NA,NA,NA,HORVU.MOREX.r3.5HG0422720,HORVU.MOREX.r3.5HG0422720:0.00133288,NA,NA
258254at3193,2,Zm00001eb016730;Zm00001eb089360;Zm00001eb415160,Zm00001eb016730:0.00281611;Zm00001eb089360:0.00050685;Zm00001eb415160:0.00292287,NA,NA,NA,NA,HORVU.MOREX.r3.5HG0422720,HORVU.MOREX.r3.5HG0422720:0.00133288,NA,NA
258254at33090,2,Zm00001eb016730;Zm00001eb089360;Zm00001eb415160,Zm00001eb016730:0.00281611;Zm00001eb089360:0.00050685;Zm00001eb415160:0.00292287,NA,NA,NA,NA,HORVU.MOREX.r3.5HG0422720,HORVU.MOREX.r3.5HG0422720:0.00133288,NA,NA
258494at3193,2,Zm00001eb122500,Zm00001eb122500:0.00220523,NA,NA,NA,NA,NA,NA,AT1G15550,AT1G15550:2.19536e-11
258494at33090,2,Zm00001eb122500,Zm00001eb122500:0.00220523,NA,NA,NA,NA,NA,NA,AT1G15550,AT1G15550:2.19536e-11
258773at2759,2,Zm00001eb211410,Zm00001eb211410:0.00330976,NA,NA,NA,NA,NA,NA,AT2G26870,AT2G26870:0.000133465
258773at3193,2,Zm00001eb211410,Zm00001eb211410:0.00330976,NA,NA,NA,NA,NA,NA,AT2G26870,AT2G26870:0.000133465
258773at33090,2,Zm00001eb211410,Zm00001eb211410:0.00330976,NA,NA,NA,NA,NA,NA,AT2G26870,AT2G26870:0.000133465
258828at2759,2,NA,NA,SORBI_3010G082700,SORBI_3010G082700:0.00296284,NA,NA,HORVU.MOREX.r3.7HG0663870,HORVU.MOREX.r3.7HG0663870:0.000665527,NA,NA
258828at3193,2,NA,NA,SORBI_3010G082700,SORBI_3010G082700:0.00296284,NA,NA,HORVU.MOREX.r3.7HG0663870,HORVU.MOREX.r3.7HG0663870:0.000665527,NA,NA
258828at33090,2,NA,NA,SORBI_3010G082700,SORBI_3010G082700:0.00296284,NA,NA,HORVU.MOREX.r3.7HG0663870,HORVU.MOREX.r3.7HG0663870:0.000665527,NA,NA
258897at2759,2,Zm00001eb403510,Zm00001eb403510:0.00175369,NA,NA,NA,NA,NA,NA,AT1G70780,AT1G70780:0.000330238
258897at3193,2,Zm00001eb403510,Zm00001eb403510:0.00175369,NA,NA,NA,NA,NA,NA,AT1G70780,AT1G70780:0.000330238
258897at33090,2,Zm00001eb403510,Zm00001eb403510:0.00175369,NA,NA,NA,NA,NA,NA,AT1G70780,AT1G70780:0.000330238
25903at38820,2,Zm00001eb193360,Zm00001eb193360:0.000527488,SORBI_3004G313100,SORBI_3004G313100:0.000535786,NA,NA,NA,NA,NA,NA
25903at4447,2,Zm00001eb193360,Zm00001eb193360:0.000527488,SORBI_3004G313100,SORBI_3004G313100:0.000535786,NA,NA,NA,NA,NA,NA
259620at2759,2,Zm00001eb352160,Zm00001eb352160:0.000211099,NA,NA,NA,NA,NA,NA,AT1G55560,AT1G55560:9.75878e-06
259620at3193,2,Zm00001eb352160,Zm00001eb352160:0.000211099,NA,NA,NA,NA,NA,NA,AT1G55560,AT1G55560:9.75878e-06
259620at33090,2,Zm00001eb352160,Zm00001eb352160:0.000211099,NA,NA,NA,NA,NA,NA,AT1G55560,AT1G55560:9.75878e-06
2612708at2759,2,NA,NA,SORBI_3003G010400;SORBI_3003G276100,SORBI_3003G010400:0.00330093;SORBI_3003G276100:0.00240628,NA,NA,HORVU.MOREX.r3.1HG0077340,HORVU.MOREX.r3.1HG0077340:9.52672e-05,NA,NA
2617408at2759,2,Zm00001eb061610;Zm00001eb183830;Zm00001eb195640,Zm00001eb061610:0.00114924;Zm00001eb183830:0.0013376;Zm00001eb195640:0.00260074,NA,NA,NA,NA,NA,NA,AT2G19830,AT2G19830:0.000392407
262219at2759,2,Zm00001eb397230,Zm00001eb397230:0.000109391,NA,NA,NA,NA,NA,NA,AT5G13510,AT5G13510:0.000375419
262219at3193,2,Zm00001eb397230,Zm00001eb397230:0.000109391,NA,NA,NA,NA,NA,NA,AT5G13510,AT5G13510:0.000375419
262219at33090,2,Zm00001eb397230,Zm00001eb397230:0.000109391,NA,NA,NA,NA,NA,NA,AT5G13510,AT5G13510:0.000375419
262837at3193,2,Zm00001eb163700,Zm00001eb163700:0.00216124,NA,NA,NA,NA,NA,NA,AT5G18380,AT5G18380:1.3029e-06
263888at3193,2,Zm00001eb036560,Zm00001eb036560:0.00103209,SORBI_3009G043500,SORBI_3009G043500:0.00351972,NA,NA,NA,NA,NA,NA
263888at33090,2,Zm00001eb036560,Zm00001eb036560:0.00103209,SORBI_3009G043500,SORBI_3009G043500:0.00351972,NA,NA,NA,NA,NA,NA
264599at3193,2,Zm00001eb333950,Zm00001eb333950:9.4473e-05,NA,NA,NA,NA,HORVU.MOREX.r3.3HG0232920,HORVU.MOREX.r3.3HG0232920:0.000663253,NA,NA
264599at33090,2,Zm00001eb333950,Zm00001eb333950:9.4473e-05,NA,NA,NA,NA,HORVU.MOREX.r3.3HG0232920,HORVU.MOREX.r3.3HG0232920:0.000663253,NA,NA
265047at2759,2,NA,NA,SORBI_3005G038900,SORBI_3005G038900:0.000391301,NA,NA,HORVU.MOREX.r3.5HG0460180,HORVU.MOREX.r3.5HG0460180:0.000497034,NA,NA
265047at3193,2,NA,NA,SORBI_3005G038900,SORBI_3005G038900:0.000391301,NA,NA,HORVU.MOREX.r3.5HG0460180,HORVU.MOREX.r3.5HG0460180:0.000497034,NA,NA
265047at33090,2,NA,NA,SORBI_3005G038900,SORBI_3005G038900:0.000391301,NA,NA,HORVU.MOREX.r3.5HG0460180,HORVU.MOREX.r3.5HG0460180:0.000497034,NA,NA
265119at2759,2,Zm00001eb372320,Zm00001eb372320:0.00344651,NA,NA,NA,NA,NA,NA,AT1G09157,AT1G09157:0.000246887
265119at3193,2,Zm00001eb372320,Zm00001eb372320:0.00344651,NA,NA,NA,NA,NA,NA,AT1G09157,AT1G09157:0.000246887
265119at33090,2,Zm00001eb372320,Zm00001eb372320:0.00344651,NA,NA,NA,NA,NA,NA,AT1G09157,AT1G09157:0.000246887
265151at3193,2,Zm00001eb138300,Zm00001eb138300:9.422e-05,NA,NA,NA,NA,HORVU.MOREX.r3.5HG0496630,HORVU.MOREX.r3.5HG0496630:0.00084931,NA,NA
2653706at2759,2,NA,NA,NA,NA,NA,NA,HORVU.MOREX.r3.3HG0251280,HORVU.MOREX.r3.3HG0251280:0.000620089,AT1G28510,AT1G28510:0.00018279
265745at2759,2,Zm00001eb201130,Zm00001eb201130:0.000131191,NA,NA,NA,NA,HORVU.MOREX.r3.5HG0510230;HORVU.MOREX.r3.5HG0510240;HORVU.MOREX.r3.5HG0510250,HORVU.MOREX.r3.5HG0510230:0.000274647;HORVU.MOREX.r3.5HG0510240:0.000274647;HORVU.MOREX.r3.5HG0510250:0.000274647,NA,NA
265745at3193,2,Zm00001eb201130,Zm00001eb201130:0.000131191,NA,NA,NA,NA,HORVU.MOREX.r3.5HG0510230;HORVU.MOREX.r3.5HG0510240;HORVU.MOREX.r3.5HG0510250,HORVU.MOREX.r3.5HG0510230:0.000274647;HORVU.MOREX.r3.5HG0510240:0.000274647;HORVU.MOREX.r3.5HG0510250:0.000274647,NA,NA
265745at33090,2,Zm00001eb201130,Zm00001eb201130:0.000131191,NA,NA,NA,NA,HORVU.MOREX.r3.5HG0510230;HORVU.MOREX.r3.5HG0510240;HORVU.MOREX.r3.5HG0510250,HORVU.MOREX.r3.5HG0510230:0.000274647;HORVU.MOREX.r3.5HG0510240:0.000274647;HORVU.MOREX.r3.5HG0510250:0.000274647,NA,NA
266610at33090,2,Zm00001eb387530,Zm00001eb387530:3.38049e-05,NA,NA,NA,NA,HORVU.MOREX.r3.7HG0722380,HORVU.MOREX.r3.7HG0722380:0.000697088,NA,NA
26747at38820,2,Zm00001eb333950,Zm00001eb333950:9.4473e-05,NA,NA,NA,NA,HORVU.MOREX.r3.3HG0232920,HORVU.MOREX.r3.3HG0232920:0.000663253,NA,NA
26747at4447,2,Zm00001eb333950,Zm00001eb333950:9.4473e-05,NA,NA,NA,NA,HORVU.MOREX.r3.3HG0232920,HORVU.MOREX.r3.3HG0232920:0.000663253,NA,NA
2679262at2759,2,Zm00001eb111020,Zm00001eb111020:0.00325347,NA,NA,NA,NA,NA,NA,AT5G57655,AT5G57655:0.000414362
268694at2759,2,NA,NA,NA,NA,NA,NA,HORVU.MOREX.r3.6HG0610720;HORVU.MOREX.r3.7HG0656540,HORVU.MOREX.r3.6HG0610720:0.000219645;HORVU.MOREX.r3.7HG0656540:0.000323365,AT1G78070;AT5G56190,AT1G78070:0.000297233;AT5G56190:9.78061e-06
268694at33090,2,NA,NA,NA,NA,NA,NA,HORVU.MOREX.r3.6HG0610720;HORVU.MOREX.r3.7HG0656540,HORVU.MOREX.r3.6HG0610720:0.000219645;HORVU.MOREX.r3.7HG0656540:0.000323365,AT1G78070;AT5G56190,AT1G78070:0.000297233;AT5G56190:9.78061e-06
2692428at2759,2,NA,NA,SORBI_3001G386400,SORBI_3001G386400:0.00168945,NA,NA,NA,NA,AT1G17500;AT1G72700;AT3G13900;AT3G27870,AT1G17500:0.000146347;AT1G72700:0.000404606;AT3G13900:2.31109e-06;AT3G27870:0.000181879
2693814at2759,2,Zm00001eb138390,Zm00001eb138390:0.000954497,NA,NA,NA,NA,NA,NA,AT1G33800;AT1G71690,AT1G33800:2.90571e-06;AT1G71690:6.7413e-05
26976at2759,2,NA,NA,SORBI_3004G238600,SORBI_3004G238600:0.0022883,NA,NA,NA,NA,AT3G01180,AT3G01180:0.000386584
26999at4447,2,Zm00001eb171010;Zm00001eb414030,Zm00001eb171010:0.000246225;Zm00001eb414030:0.00178537,NA,NA,LOC_Os08g05560,LOC_Os08g05560:0.00200394,NA,NA,NA,NA
271130at3193,2,Zm00001eb068020,Zm00001eb068020:0.00182935,NA,NA,NA,NA,NA,NA,AT1G22920,AT1G22920:0.000236993
2734504at2759,2,NA,NA,SORBI_3003G277700,SORBI_3003G277700:0.000693709,LOC_Os01g07170,LOC_Os01g07170:0.000855842,NA,NA,NA,NA
275410at2759,2,Zm00001eb047430;Zm00001eb087090,Zm00001eb047430:9.2586e-06;Zm00001eb087090:0.00182997,NA,NA,NA,NA,HORVU.MOREX.r3.2HG0105080,HORVU.MOREX.r3.2HG0105080:9.22792e-07,NA,NA
275410at3193,2,Zm00001eb047430;Zm00001eb087090,Zm00001eb047430:9.2586e-06;Zm00001eb087090:0.00182997,NA,NA,NA,NA,HORVU.MOREX.r3.2HG0105080,HORVU.MOREX.r3.2HG0105080:9.22792e-07,NA,NA
275410at33090,2,Zm00001eb047430;Zm00001eb087090,Zm00001eb047430:9.2586e-06;Zm00001eb087090:0.00182997,NA,NA,NA,NA,HORVU.MOREX.r3.2HG0105080,HORVU.MOREX.r3.2HG0105080:9.22792e-07,NA,NA
276470at3193,2,NA,NA,NA,NA,NA,NA,HORVU.MOREX.r3.1HG0078200,HORVU.MOREX.r3.1HG0078200:0.000103517,AT3G23310,AT3G23310:3.55034e-05
278617at3193,2,Zm00001eb213140,Zm00001eb213140:0.0012678,NA,NA,NA,NA,NA,NA,AT1G14400,AT1G14400:5.151e-05
279536at2759,2,Zm00001eb219170,Zm00001eb219170:0.00153771,NA,NA,NA,NA,NA,NA,AT1G63280,AT1G63280:1.74733e-06
279864at3193,2,Zm00001eb021510,Zm00001eb021510:0.00256224,SORBI_3002G098900,SORBI_3002G098900:5.56703e-05,NA,NA,NA,NA,NA,NA
27989at38820,2,Zm00001eb022940,Zm00001eb022940:0.000404679,NA,NA,NA,NA,HORVU.MOREX.r3.4HG0414940,HORVU.MOREX.r3.4HG0414940:0.000882198,NA,NA
27989at4447,2,Zm00001eb022940,Zm00001eb022940:0.000404679,NA,NA,NA,NA,HORVU.MOREX.r3.4HG0414940,HORVU.MOREX.r3.4HG0414940:0.000882198,NA,NA
281100at3193,2,Zm00001eb417480,Zm00001eb417480:0.000889972,NA,NA,NA,NA,HORVU.MOREX.r3.6HG0626800,HORVU.MOREX.r3.6HG0626800:0.00129092,NA,NA
281993at2759,2,Zm00001eb295170,Zm00001eb295170:0.000258382,NA,NA,NA,NA,HORVU.MOREX.r3.4HG0334450,HORVU.MOREX.r3.4HG0334450:0.00153323,NA,NA
282869at2759,2,NA,NA,NA,NA,LOC_Os01g06770,LOC_Os01g06770:0.00213256,NA,NA,AT1G14430;AT1G19900,AT1G14430:0.000407033;AT1G19900:5.00336e-05
282869at33090,2,NA,NA,NA,NA,LOC_Os01g06770,LOC_Os01g06770:0.00213256,NA,NA,AT1G14430;AT1G19900,AT1G14430:0.000407033;AT1G19900:5.00336e-05
2852757at2759,2,NA,NA,NA,NA,NA,NA,HORVU.MOREX.r3.4HG0400070,HORVU.MOREX.r3.4HG0400070:0.000899943,AT1G20200,AT1G20200:2.25663e-05
285506at2759,2,Zm00001eb157340,Zm00001eb157340:0.00145343,SORBI_3003G250600,SORBI_3003G250600:0.00154979,NA,NA,NA,NA,NA,NA
285506at3193,2,Zm00001eb157340,Zm00001eb157340:0.00145343,SORBI_3003G250600,SORBI_3003G250600:0.00154979,NA,NA,NA,NA,NA,NA
285506at33090,2,Zm00001eb157340,Zm00001eb157340:0.00145343,SORBI_3003G250600,SORBI_3003G250600:0.00154979,NA,NA,NA,NA,NA,NA
28572at38820,2,Zm00001eb067180,Zm00001eb067180:0.00148652,NA,NA,NA,NA,HORVU.MOREX.r3.3HG0250640,HORVU.MOREX.r3.3HG0250640:0.000215555,NA,NA
28572at4447,2,Zm00001eb067180,Zm00001eb067180:0.00148652,NA,NA,NA,NA,HORVU.MOREX.r3.3HG0250640,HORVU.MOREX.r3.3HG0250640:0.000215555,NA,NA
28596at38820,2,Zm00001eb250950,Zm00001eb250950:0.000191452,SORBI_3006G192200,SORBI_3006G192200:0.00360362,NA,NA,NA,NA,NA,NA
28596at4447,2,Zm00001eb250950,Zm00001eb250950:0.000191452,SORBI_3006G192200,SORBI_3006G192200:0.00360362,NA,NA,NA,NA,NA,NA
28620at38820,2,Zm00001eb331410,Zm00001eb331410:0.000127557,SORBI_3001G399300,SORBI_3001G399300:0.00301155,NA,NA,NA,NA,NA,NA
28620at4447,2,Zm00001eb331410,Zm00001eb331410:0.000127557,SORBI_3001G399300,SORBI_3001G399300:0.00301155,NA,NA,NA,NA,NA,NA
28894at38820,2,Zm00001eb219830,Zm00001eb219830:0.00258302,NA,NA,NA,NA,HORVU.MOREX.r3.4HG0405370,HORVU.MOREX.r3.4HG0405370:0.000248517,NA,NA
28894at4447,2,Zm00001eb219830,Zm00001eb219830:0.00258302,NA,NA,NA,NA,HORVU.MOREX.r3.4HG0405370,HORVU.MOREX.r3.4HG0405370:0.000248517,NA,NA
28953at38820,2,Zm00001eb199070,Zm00001eb199070:0.00121091,NA,NA,NA,NA,HORVU.MOREX.r3.7HG0647640,HORVU.MOREX.r3.7HG0647640:0.000261678,NA,NA
28953at4447,2,Zm00001eb199070,Zm00001eb199070:0.00121091,NA,NA,NA,NA,HORVU.MOREX.r3.7HG0647640,HORVU.MOREX.r3.7HG0647640:0.000261678,NA,NA
28963at38820,2,Zm00001eb330380,Zm00001eb330380:0.00147908,SORBI_3002G412700,SORBI_3002G412700:0.00235641,NA,NA,NA,NA,NA,NA
28963at4447,2,Zm00001eb330380,Zm00001eb330380:0.00147908,SORBI_3002G412700,SORBI_3002G412700:0.00235641,NA,NA,NA,NA,NA,NA
290209at2759,2,Zm00001eb402750,Zm00001eb402750:0.00262817,NA,NA,NA,NA,NA,NA,AT3G01280;AT5G57490,AT3G01280:0.000225504;AT5G57490:2.21688e-05
290209at33090,2,Zm00001eb402750,Zm00001eb402750:0.00262817,NA,NA,NA,NA,NA,NA,AT3G01280;AT5G57490,AT3G01280:0.000225504;AT5G57490:2.21688e-05
29032at38820,2,Zm00001eb159080,Zm00001eb159080:0.00284975,NA,NA,LOC_Os01g06330,LOC_Os01g06330:0.00213416,NA,NA,NA,NA
29032at4447,2,Zm00001eb159080,Zm00001eb159080:0.00284975,NA,NA,LOC_Os01g06330,LOC_Os01g06330:0.00213416,NA,NA,NA,NA
29068at38820,2,Zm00001eb020090,Zm00001eb020090:0.00149977,NA,NA,LOC_Os07g06040,LOC_Os07g06040:0.000850783,NA,NA,NA,NA
29068at4447,2,Zm00001eb020090,Zm00001eb020090:0.00149977,NA,NA,LOC_Os07g06040,LOC_Os07g06040:0.000850783,NA,NA,NA,NA
29202at2759,2,Zm00001eb369320,Zm00001eb369320:0.0018816,NA,NA,NA,NA,NA,NA,AT3G22320;AT3G57080,AT3G22320:7.14761e-08;AT3G57080:2.30598e-05
292307at3193,2,Zm00001eb397220,Zm00001eb397220:0.000109391,NA,NA,NA,NA,NA,NA,AT3G45740,AT3G45740:0.00026811
294520at3193,2,NA,NA,NA,NA,NA,NA,HORVU.MOREX.r3.2HG0107750;HORVU.MOREX.r3.5HG0507470,HORVU.MOREX.r3.2HG0107750:0.000782656;HORVU.MOREX.r3.5HG0507470:8.16086e-05,AT1G08250;AT5G22630,AT1G08250:3.00051e-05;AT5G22630:0.000347018
29489at38820,2,Zm00001eb023250,Zm00001eb023250:0.0021201,NA,NA,NA,NA,HORVU.MOREX.r3.1HG0058270,HORVU.MOREX.r3.1HG0058270:0.000816246,NA,NA
29489at4447,2,Zm00001eb023250,Zm00001eb023250:0.0021201,NA,NA,NA,NA,HORVU.MOREX.r3.1HG0058270,HORVU.MOREX.r3.1HG0058270:0.000816246,NA,NA
29545at38820,2,Zm00001eb102130,Zm00001eb102130:0.0014809,NA,NA,NA,NA,HORVU.MOREX.r3.5HG0492390,HORVU.MOREX.r3.5HG0492390:0.000299309,NA,NA
29545at4447,2,Zm00001eb102130,Zm00001eb102130:0.0014809,NA,NA,NA,NA,HORVU.MOREX.r3.5HG0492390,HORVU.MOREX.r3.5HG0492390:0.000299309,NA,NA
29634at38820,2,Zm00001eb370150,Zm00001eb370150:0.00244199,NA,NA,NA,NA,HORVU.MOREX.r3.3HG0291670,HORVU.MOREX.r3.3HG0291670:0.00113808,NA,NA
29634at4447,2,Zm00001eb370150,Zm00001eb370150:0.00244199,NA,NA,NA,NA,HORVU.MOREX.r3.3HG0291670,HORVU.MOREX.r3.3HG0291670:0.00113808,NA,NA
297532at3193,2,Zm00001eb387530,Zm00001eb387530:3.38049e-05,NA,NA,NA,NA,HORVU.MOREX.r3.7HG0722380,HORVU.MOREX.r3.7HG0722380:0.000697088,NA,NA
299990at33090,2,NA,NA,NA,NA,LOC_Os02g01825,LOC_Os02g01825:0.0018776,NA,NA,AT1G77440,AT1G77440:9.08397e-05
30044at38820,2,Zm00001eb191720,Zm00001eb191720:0.00322648,SORBI_3004G339200,SORBI_3004G339200:0.000205224,NA,NA,NA,NA,NA,NA
30044at4447,2,Zm00001eb191720,Zm00001eb191720:0.00322648,SORBI_3004G339200,SORBI_3004G339200:0.000205224,NA,NA,NA,NA,NA,NA
301709at2759,2,Zm00001eb387520,Zm00001eb387520:3.38049e-05,NA,NA,NA,NA,HORVU.MOREX.r3.6HG0574950,HORVU.MOREX.r3.6HG0574950:0.00011395,NA,NA
301709at3193,2,Zm00001eb387520,Zm00001eb387520:3.38049e-05,NA,NA,NA,NA,HORVU.MOREX.r3.6HG0574950,HORVU.MOREX.r3.6HG0574950:0.00011395,NA,NA
301709at33090,2,Zm00001eb387520,Zm00001eb387520:3.38049e-05,NA,NA,NA,NA,HORVU.MOREX.r3.6HG0574950,HORVU.MOREX.r3.6HG0574950:0.00011395,NA,NA
30219at38820,2,Zm00001eb149620,Zm00001eb149620:0.00322256,NA,NA,NA,NA,HORVU.MOREX.r3.3HG0297400,HORVU.MOREX.r3.3HG0297400:0.000860807,NA,NA
30219at4447,2,Zm00001eb149620,Zm00001eb149620:0.00322256,NA,NA,NA,NA,HORVU.MOREX.r3.3HG0297400,HORVU.MOREX.r3.3HG0297400:0.000860807,NA,NA
303308at2759,2,NA,NA,SORBI_3004G238700,SORBI_3004G238700:0.0022883,NA,NA,NA,NA,AT1G23480,AT1G23480:0.000119946
303308at33090,2,NA,NA,SORBI_3004G238700,SORBI_3004G238700:0.0022883,NA,NA,NA,NA,AT1G23480,AT1G23480:0.000119946
3037at38820,2,Zm00001eb003350;Zm00001eb402830,Zm00001eb003350:0.00110772;Zm00001eb402830:0.00310796,NA,NA,LOC_Os10g03690,LOC_Os10g03690:6.91227e-05,NA,NA,NA,NA
3037at4447,2,Zm00001eb003350;Zm00001eb402830,Zm00001eb003350:0.00110772;Zm00001eb402830:0.00310796,NA,NA,LOC_Os10g03690,LOC_Os10g03690:6.91227e-05,NA,NA,NA,NA
303819at3193,2,Zm00001eb194250;Zm00001eb195880;Zm00001eb255130;Zm00001eb266460,Zm00001eb194250:0.00109785;Zm00001eb195880:0.002755;Zm00001eb255130:0.000667467;Zm00001eb266460:0.000185822,SORBI_3009G178300;SORBI_3010G089900,SORBI_3009G178300:0.00221327;SORBI_3010G089900:0.000343184,NA,NA,NA,NA,NA,NA
304907at2759,2,Zm00001eb135520,Zm00001eb135520:0.000781756,NA,NA,NA,NA,NA,NA,AT1G13390;AT1G68490,AT1G13390:0.00040979;AT1G68490:0.000359003
304907at3193,2,Zm00001eb135520,Zm00001eb135520:0.000781756,NA,NA,NA,NA,NA,NA,AT1G13390;AT1G68490,AT1G13390:0.00040979;AT1G68490:0.000359003
304907at33090,2,Zm00001eb135520,Zm00001eb135520:0.000781756,NA,NA,NA,NA,NA,NA,AT1G13390;AT1G68490,AT1G13390:0.00040979;AT1G68490:0.000359003
3051664at2759,2,Zm00001eb417480,Zm00001eb417480:0.000889972,NA,NA,NA,NA,HORVU.MOREX.r3.6HG0626800,HORVU.MOREX.r3.6HG0626800:0.00129092,NA,NA
308066at3193,2,Zm00001eb086860,Zm00001eb086860:0.00176942,NA,NA,NA,NA,NA,NA,AT3G60800,AT3G60800:0.000212074
308151at2759,2,Zm00001eb043950;Zm00001eb120780,Zm00001eb043950:0.00267648;Zm00001eb120780:0.000638348,NA,NA,NA,NA,NA,NA,AT5G58960,AT5G58960:0.000271005
308151at3193,2,Zm00001eb043950;Zm00001eb120780,Zm00001eb043950:0.00267648;Zm00001eb120780:0.000638348,NA,NA,NA,NA,NA,NA,AT5G58960,AT5G58960:0.000271005
308151at33090,2,Zm00001eb043950;Zm00001eb120780,Zm00001eb043950:0.00267648;Zm00001eb120780:0.000638348,NA,NA,NA,NA,NA,NA,AT5G58960,AT5G58960:0.000271005
31010at38820,2,Zm00001eb257300,Zm00001eb257300:0.000117086,SORBI_3004G323100,SORBI_3004G323100:7.98386e-05,NA,NA,NA,NA,NA,NA
31010at4447,2,Zm00001eb257300,Zm00001eb257300:0.000117086,SORBI_3004G323100,SORBI_3004G323100:7.98386e-05,NA,NA,NA,NA,NA,NA
310855at3193,2,Zm00001eb120860,Zm00001eb120860:0.00324464,NA,NA,NA,NA,NA,NA,AT1G55140,AT1G55140:9.75878e-06
312619at2759,2,Zm00001eb193690;Zm00001eb373220,Zm00001eb193690:0.00309339;Zm00001eb373220:0.00318744,SORBI_3010G082000;SORBI_3010G082100;SORBI_3010G082300,SORBI_3010G082000:0.00296284;SORBI_3010G082100:0.00296284;SORBI_3010G082300:0.00296284,NA,NA,NA,NA,NA,NA
312619at33090,2,Zm00001eb193690;Zm00001eb373220,Zm00001eb193690:0.00309339;Zm00001eb373220:0.00318744,SORBI_3010G082000;SORBI_3010G082100;SORBI_3010G082300,SORBI_3010G082000:0.00296284;SORBI_3010G082100:0.00296284;SORBI_3010G082300:0.00296284,NA,NA,NA,NA,NA,NA
31308at38820,2,Zm00001eb093510,Zm00001eb093510:7.50314e-05,SORBI_3005G021900,SORBI_3005G021900:0.000679268,NA,NA,NA,NA,NA,NA
31308at4447,2,Zm00001eb093510,Zm00001eb093510:7.50314e-05,SORBI_3005G021900,SORBI_3005G021900:0.000679268,NA,NA,NA,NA,NA,NA
31362at38820,2,NA,NA,NA,NA,LOC_Os12g01510,LOC_Os12g01510:0.00176503,HORVU.MOREX.r3.5HG0460010,HORVU.MOREX.r3.5HG0460010:0.000297946,NA,NA
31362at4447,2,NA,NA,NA,NA,LOC_Os12g01510,LOC_Os12g01510:0.00176503,HORVU.MOREX.r3.5HG0460010,HORVU.MOREX.r3.5HG0460010:0.000297946,NA,NA
314379at3193,2,NA,NA,SORBI_3001G447000,SORBI_3001G447000:0.00040432,NA,NA,HORVU.MOREX.r3.4HG0394480,HORVU.MOREX.r3.4HG0394480:0.00119068,NA,NA
314379at33090,2,NA,NA,SORBI_3001G447000,SORBI_3001G447000:0.00040432,NA,NA,HORVU.MOREX.r3.4HG0394480,HORVU.MOREX.r3.4HG0394480:0.00119068,NA,NA
314742at2759,2,Zm00001eb325080,Zm00001eb325080:1.42968e-05,NA,NA,NA,NA,NA,NA,AT3G22420,AT3G22420:0.000236744
314742at3193,2,Zm00001eb325080,Zm00001eb325080:1.42968e-05,NA,NA,NA,NA,NA,NA,AT3G22420,AT3G22420:0.000236744
314742at33090,2,Zm00001eb325080,Zm00001eb325080:1.42968e-05,NA,NA,NA,NA,NA,NA,AT3G22420,AT3G22420:0.000236744
3149789at2759,2,Zm00001eb074530;Zm00001eb153600;Zm00001eb293700,Zm00001eb074530:0.00168851;Zm00001eb153600:0.000853074;Zm00001eb293700:0.0028127,NA,NA,NA,NA,NA,NA,AT3G17060,AT3G17060:4.50418e-10
31548at4447,2,Zm00001eb193690;Zm00001eb373220,Zm00001eb193690:0.00309339;Zm00001eb373220:0.00318744,SORBI_3010G082000;SORBI_3010G082100;SORBI_3010G082300,SORBI_3010G082000:0.00296284;SORBI_3010G082100:0.00296284;SORBI_3010G082300:0.00296284,NA,NA,NA,NA,NA,NA
3158431at2759,2,Zm00001eb333950,Zm00001eb333950:9.4473e-05,NA,NA,NA,NA,HORVU.MOREX.r3.3HG0232920,HORVU.MOREX.r3.3HG0232920:0.000663253,NA,NA
31644at38820,2,Zm00001eb254510,Zm00001eb254510:0.00217364,SORBI_3004G238500,SORBI_3004G238500:0.0022883,NA,NA,NA,NA,NA,NA
31644at4447,2,Zm00001eb254510,Zm00001eb254510:0.00217364,SORBI_3004G238500,SORBI_3004G238500:0.0022883,NA,NA,NA,NA,NA,NA
316636at2759,2,Zm00001eb108890;Zm00001eb307290,Zm00001eb108890:0.00286627;Zm00001eb307290:0.00315046,NA,NA,NA,NA,NA,NA,AT1G18620,AT1G18620:2.49771e-05
316636at3193,2,Zm00001eb108890;Zm00001eb307290,Zm00001eb108890:0.00286627;Zm00001eb307290:0.00315046,NA,NA,NA,NA,NA,NA,AT1G18620,AT1G18620:2.49771e-05
316636at33090,2,Zm00001eb108890;Zm00001eb307290,Zm00001eb108890:0.00286627;Zm00001eb307290:0.00315046,NA,NA,NA,NA,NA,NA,AT1G18620,AT1G18620:2.49771e-05
31840at38820,2,Zm00001eb047430;Zm00001eb087090,Zm00001eb047430:9.2586e-06;Zm00001eb087090:0.00182997,NA,NA,NA,NA,HORVU.MOREX.r3.2HG0105080,HORVU.MOREX.r3.2HG0105080:9.22792e-07,NA,NA
31840at4447,2,Zm00001eb047430;Zm00001eb087090,Zm00001eb047430:9.2586e-06;Zm00001eb087090:0.00182997,NA,NA,NA,NA,HORVU.MOREX.r3.2HG0105080,HORVU.MOREX.r3.2HG0105080:9.22792e-07,NA,NA
320144at3193,2,Zm00001eb330380,Zm00001eb330380:0.00147908,SORBI_3002G412700,SORBI_3002G412700:0.00235641,NA,NA,NA,NA,NA,NA
32272at4447,2,Zm00001eb071890;Zm00001eb251680,Zm00001eb071890:0.00170948;Zm00001eb251680:0.000375069,NA,NA,NA,NA,HORVU.MOREX.r3.2HG0193650,HORVU.MOREX.r3.2HG0193650:0.00141797,NA,NA
322768at33090,2,Zm00001eb132380,Zm00001eb132380:0.00267029,NA,NA,NA,NA,NA,NA,AT5G15910,AT5G15910:8.85328e-05
32351at38820,2,Zm00001eb311450,Zm00001eb311450:0.000927165,NA,NA,LOC_Os09g03750,LOC_Os09g03750:0.00214163,NA,NA,NA,NA
32351at4447,2,Zm00001eb311450,Zm00001eb311450:0.000927165,NA,NA,LOC_Os09g03750,LOC_Os09g03750:0.00214163,NA,NA,NA,NA
3240823at2759,2,NA,NA,NA,NA,NA,NA,HORVU.MOREX.r3.6HG0611450,HORVU.MOREX.r3.6HG0611450:0.000176099,AT5G36230,AT5G36230:6.9052e-05
326456at3193,2,Zm00001eb278120,Zm00001eb278120:0.00107681,NA,NA,NA,NA,HORVU.MOREX.r3.5HG0441100,HORVU.MOREX.r3.5HG0441100:0.00020775,NA,NA
326892at2759,2,Zm00001eb191830;Zm00001eb351880,Zm00001eb191830:0.00302403;Zm00001eb351880:0.000627393,SORBI_3004G338400,SORBI_3004G338400:0.00147128,NA,NA,NA,NA,NA,NA
327317at2759,2,Zm00001eb210540,Zm00001eb210540:0.0015922,NA,NA,NA,NA,HORVU.MOREX.r3.5HG0536120,HORVU.MOREX.r3.5HG0536120:0.00124373,NA,NA
327317at3193,2,Zm00001eb210540,Zm00001eb210540:0.0015922,NA,NA,NA,NA,HORVU.MOREX.r3.5HG0536120,HORVU.MOREX.r3.5HG0536120:0.00124373,NA,NA
327317at33090,2,Zm00001eb210540,Zm00001eb210540:0.0015922,NA,NA,NA,NA,HORVU.MOREX.r3.5HG0536120,HORVU.MOREX.r3.5HG0536120:0.00124373,NA,NA
32766at4447,2,Zm00001eb048150,Zm00001eb048150:0.000158674,SORBI_3001G250200,SORBI_3001G250200:0.00162808,NA,NA,NA,NA,NA,NA
3277at4447,2,Zm00001eb108330,Zm00001eb108330:0.000740647,SORBI_3009G187700,SORBI_3009G187700:7.64554e-05,NA,NA,NA,NA,NA,NA
328034at2759,2,NA,NA,SORBI_3001G296100,SORBI_3001G296100:0.00230043,NA,NA,NA,NA,AT3G60320,AT3G60320:0.000274195
328034at3193,2,NA,NA,SORBI_3001G296100,SORBI_3001G296100:0.00230043,NA,NA,NA,NA,AT3G60320,AT3G60320:0.000274195
328034at33090,2,NA,NA,SORBI_3001G296100,SORBI_3001G296100:0.00230043,NA,NA,NA,NA,AT3G60320,AT3G60320:0.000274195
329045at2759,2,NA,NA,NA,NA,NA,NA,HORVU.MOREX.r3.7HG0654190,HORVU.MOREX.r3.7HG0654190:0.0014324,AT1G18280,AT1G18280:0.000342852
329045at3193,2,NA,NA,NA,NA,NA,NA,HORVU.MOREX.r3.7HG0654190,HORVU.MOREX.r3.7HG0654190:0.0014324,AT1G18280,AT1G18280:0.000342852
329045at33090,2,NA,NA,NA,NA,NA,NA,HORVU.MOREX.r3.7HG0654190,HORVU.MOREX.r3.7HG0654190:0.0014324,AT1G18280,AT1G18280:0.000342852
330300at3193,2,Zm00001eb245560,Zm00001eb245560:0.00212892,SORBI_3004G196300;SORBI_3006G114800,SORBI_3004G196300:0.000525328;SORBI_3006G114800:0.00010138,NA,NA,NA,NA,NA,NA
33091at38820,2,Zm00001eb216860,Zm00001eb216860:0.00243018,SORBI_3001G125300,SORBI_3001G125300:0.00133174,NA,NA,NA,NA,NA,NA
33091at4447,2,Zm00001eb216860,Zm00001eb216860:0.00243018,SORBI_3001G125300,SORBI_3001G125300:0.00133174,NA,NA,NA,NA,NA,NA
3337at38820,2,Zm00001eb191610,Zm00001eb191610:0.00204946,SORBI_3004G340200;SORBI_3004G340300,SORBI_3004G340200:0.00304408;SORBI_3004G340300:0.00304408,NA,NA,NA,NA,NA,NA
3337at4447,2,Zm00001eb191610,Zm00001eb191610:0.00204946,SORBI_3004G340200;SORBI_3004G340300,SORBI_3004G340200:0.00304408;SORBI_3004G340300:0.00304408,NA,NA,NA,NA,NA,NA
334856at2759,2,Zm00001eb100880,Zm00001eb100880:4.21356e-05,NA,NA,NA,NA,NA,NA,AT3G50630,AT3G50630:0.000378054
334856at3193,2,Zm00001eb100880,Zm00001eb100880:4.21356e-05,NA,NA,NA,NA,NA,NA,AT3G50630,AT3G50630:0.000378054
334856at33090,2,Zm00001eb100880,Zm00001eb100880:4.21356e-05,NA,NA,NA,NA,NA,NA,AT3G50630,AT3G50630:0.000378054
33915at2759,2,Zm00001eb080670,Zm00001eb080670:0.00208159,NA,NA,NA,NA,NA,NA,AT1G69120,AT1G69120:1.97038e-05
33915at3193,2,Zm00001eb080670,Zm00001eb080670:0.00208159,NA,NA,NA,NA,NA,NA,AT1G69120,AT1G69120:1.97038e-05
33915at33090,2,Zm00001eb080670,Zm00001eb080670:0.00208159,NA,NA,NA,NA,NA,NA,AT1G69120,AT1G69120:1.97038e-05
3393023at2759,2,NA,NA,SORBI_3002G098800,SORBI_3002G098800:5.56703e-05,NA,NA,HORVU.MOREX.r3.2HG0112900,HORVU.MOREX.r3.2HG0112900:0.000240348,NA,NA
339495at2759,2,Zm00001eb350300,Zm00001eb350300:0.00311607,NA,NA,NA,NA,NA,NA,AT4G23930,AT4G23930:1.03972e-06
339495at3193,2,Zm00001eb350300,Zm00001eb350300:0.00311607,NA,NA,NA,NA,NA,NA,AT4G23930,AT4G23930:1.03972e-06
339495at33090,2,Zm00001eb350300,Zm00001eb350300:0.00311607,NA,NA,NA,NA,NA,NA,AT4G23930,AT4G23930:1.03972e-06
3402248at2759,2,Zm00001eb070760;Zm00001eb430920,Zm00001eb070760:0.000674811;Zm00001eb430920:8.6105e-06,NA,NA,NA,NA,HORVU.MOREX.r3.6HG0633820,HORVU.MOREX.r3.6HG0633820:0.00096811,NA,NA
343542at2759,2,Zm00001eb124690,Zm00001eb124690:0.00312552,NA,NA,NA,NA,NA,NA,AT2G40070,AT2G40070:0.000340542
343542at3193,2,Zm00001eb124690,Zm00001eb124690:0.00312552,NA,NA,NA,NA,NA,NA,AT2G40070,AT2G40070:0.000340542
343542at33090,2,Zm00001eb124690,Zm00001eb124690:0.00312552,NA,NA,NA,NA,NA,NA,AT2G40070,AT2G40070:0.000340542
343587at2759,2,NA,NA,SORBI_3003G010500,SORBI_3003G010500:0.00330093,NA,NA,NA,NA,AT4G34440,AT4G34440:0.000172948
343587at3193,2,NA,NA,SORBI_3003G010500,SORBI_3003G010500:0.00330093,NA,NA,NA,NA,AT4G34440,AT4G34440:0.000172948
343587at33090,2,NA,NA,SORBI_3003G010500,SORBI_3003G010500:0.00330093,NA,NA,NA,NA,AT4G34440,AT4G34440:0.000172948
3459473at2759,2,Zm00001eb293780,Zm00001eb293780:0.000126149,NA,NA,NA,NA,HORVU.MOREX.r3.6HG0568470,HORVU.MOREX.r3.6HG0568470:0.000136774,NA,NA
34796at38820,2,Zm00001eb015570,Zm00001eb015570:0.00221082,SORBI_3001G386000,SORBI_3001G386000:0.00168945,NA,NA,NA,NA,NA,NA
34796at4447,2,Zm00001eb015570,Zm00001eb015570:0.00221082,SORBI_3001G386000,SORBI_3001G386000:0.00168945,NA,NA,NA,NA,NA,NA
348415at2759,2,Zm00001eb074540,Zm00001eb074540:0.00168851,SORBI_3004G293900,SORBI_3004G293900:0.00251905,NA,NA,NA,NA,NA,NA
348415at3193,2,Zm00001eb074540,Zm00001eb074540:0.00168851,SORBI_3004G293900,SORBI_3004G293900:0.00251905,NA,NA,NA,NA,NA,NA
348415at33090,2,Zm00001eb074540,Zm00001eb074540:0.00168851,SORBI_3004G293900,SORBI_3004G293900:0.00251905,NA,NA,NA,NA,NA,NA
3493223at2759,2,NA,NA,SORBI_3001G358500,SORBI_3001G358500:0.00340206,NA,NA,HORVU.MOREX.r3.6HG0631910,HORVU.MOREX.r3.6HG0631910:0.000682629,NA,NA
35025at4447,2,Zm00001eb191590,Zm00001eb191590:0.00204946,NA,NA,NA,NA,HORVU.MOREX.r3.1HG0077440;HORVU.MOREX.r3.1HG0077470;HORVU.MOREX.r3.1HG0077500,HORVU.MOREX.r3.1HG0077440:0.00018643;HORVU.MOREX.r3.1HG0077470:0.000126032;HORVU.MOREX.r3.1HG0077500:0.00144984,NA,NA
35153at2759,2,Zm00001eb062910;Zm00001eb098230;Zm00001eb401400,Zm00001eb062910:0.00169312;Zm00001eb098230:0.000368247;Zm00001eb401400:0.000702461,NA,NA,NA,NA,NA,NA,AT1G16920;AT1G18200,AT1G16920:0.00028159;AT1G18200:9.56219e-05
351572at33090,2,Zm00001eb210550,Zm00001eb210550:0.0015922,NA,NA,NA,NA,HORVU.MOREX.r3.5HG0536110,HORVU.MOREX.r3.5HG0536110:0.00124373,NA,NA
352657at3193,2,Zm00001eb333230,Zm00001eb333230:0.000308096,SORBI_3003G122800,SORBI_3003G122800:0.00118909,NA,NA,NA,NA,NA,NA
352657at33090,2,Zm00001eb333230,Zm00001eb333230:0.000308096,SORBI_3003G122800,SORBI_3003G122800:0.00118909,NA,NA,NA,NA,NA,NA
35297at38820,2,Zm00001eb258310,Zm00001eb258310:0.0033637,NA,NA,NA,NA,HORVU.MOREX.r3.6HG0627350,HORVU.MOREX.r3.6HG0627350:0.000165135,NA,NA
35297at4447,2,Zm00001eb258310,Zm00001eb258310:0.0033637,NA,NA,NA,NA,HORVU.MOREX.r3.6HG0627350,HORVU.MOREX.r3.6HG0627350:0.000165135,NA,NA
35302at38820,2,Zm00001eb322310,Zm00001eb322310:0.000483176,NA,NA,NA,NA,HORVU.MOREX.r3.2HG0142770,HORVU.MOREX.r3.2HG0142770:0.0014215,NA,NA
35425at38820,2,Zm00001eb385300,Zm00001eb385300:0.00171347,NA,NA,NA,NA,HORVU.MOREX.r3.7HG0748630;HORVU.MOREX.r3.7HG0748640,HORVU.MOREX.r3.7HG0748630:0.000117854;HORVU.MOREX.r3.7HG0748640:0.000117854,NA,NA
354447at2759,2,Zm00001eb245230,Zm00001eb245230:0.00183274,NA,NA,NA,NA,NA,NA,AT3G27280;AT5G40770,AT3G27280:0.000221658;AT5G40770:7.30776e-05
36205at33090,2,Zm00001eb161280,Zm00001eb161280:0.000966064,NA,NA,NA,NA,NA,NA,AT1G64480,AT1G64480:2.19376e-05
3660at38820,2,Zm00001eb369150,Zm00001eb369150:0.00261793,SORBI_3009G178600,SORBI_3009G178600:0.00221327,NA,NA,NA,NA,NA,NA
3660at4447,2,Zm00001eb369150,Zm00001eb369150:0.00261793,SORBI_3009G178600,SORBI_3009G178600:0.00221327,NA,NA,NA,NA,NA,NA
36703at38820,2,Zm00001eb149610,Zm00001eb149610:0.00322256,NA,NA,NA,NA,HORVU.MOREX.r3.3HG0297410,HORVU.MOREX.r3.3HG0297410:0.000860807,NA,NA
36703at4447,2,Zm00001eb149610,Zm00001eb149610:0.00322256,NA,NA,NA,NA,HORVU.MOREX.r3.3HG0297410,HORVU.MOREX.r3.3HG0297410:0.000860807,NA,NA
36704at4447,2,Zm00001eb103410,Zm00001eb103410:0.000779237,SORBI_3002G274000,SORBI_3002G274000:0.000971944,NA,NA,NA,NA,NA,NA
367260at2759,2,Zm00001eb352080,Zm00001eb352080:1.72997e-06,NA,NA,NA,NA,HORVU.MOREX.r3.3HG0297350;HORVU.MOREX.r3.6HG0549890,HORVU.MOREX.r3.3HG0297350:0.00036344;HORVU.MOREX.r3.6HG0549890:0.000162666,NA,NA
367260at3193,2,Zm00001eb352080,Zm00001eb352080:1.72997e-06,NA,NA,NA,NA,HORVU.MOREX.r3.3HG0297350;HORVU.MOREX.r3.6HG0549890,HORVU.MOREX.r3.3HG0297350:0.00036344;HORVU.MOREX.r3.6HG0549890:0.000162666,NA,NA
367260at33090,2,Zm00001eb352080,Zm00001eb352080:1.72997e-06,NA,NA,NA,NA,HORVU.MOREX.r3.3HG0297350;HORVU.MOREX.r3.6HG0549890,HORVU.MOREX.r3.3HG0297350:0.00036344;HORVU.MOREX.r3.6HG0549890:0.000162666,NA,NA
3722at38820,2,Zm00001eb366250,Zm00001eb366250:0.000172782,NA,NA,NA,NA,HORVU.MOREX.r3.3HG0307560,HORVU.MOREX.r3.3HG0307560:0.000193362,NA,NA
3722at4447,2,Zm00001eb366250,Zm00001eb366250:0.000172782,NA,NA,NA,NA,HORVU.MOREX.r3.3HG0307560,HORVU.MOREX.r3.3HG0307560:0.000193362,NA,NA
376689at3193,2,Zm00001eb031400;Zm00001eb207410,Zm00001eb031400:0.000497041;Zm00001eb207410:0.000101884,NA,NA,NA,NA,NA,NA,AT1G79230,AT1G79230:1.626e-05
376689at33090,2,Zm00001eb031400;Zm00001eb207410,Zm00001eb031400:0.000497041;Zm00001eb207410:0.000101884,NA,NA,NA,NA,NA,NA,AT1G79230,AT1G79230:1.626e-05
376736at2759,2,Zm00001eb285530,Zm00001eb285530:0.00196825,NA,NA,NA,NA,NA,NA,AT3G59670,AT3G59670:0.000347808
376736at3193,2,Zm00001eb285530,Zm00001eb285530:0.00196825,NA,NA,NA,NA,NA,NA,AT3G59670,AT3G59670:0.000347808
376736at33090,2,Zm00001eb285530,Zm00001eb285530:0.00196825,NA,NA,NA,NA,NA,NA,AT3G59670,AT3G59670:0.000347808
377094at3193,2,Zm00001eb114970,Zm00001eb114970:0.000588209,NA,NA,NA,NA,NA,NA,AT1G26940,AT1G26940:0.000169267
3779at38820,2,Zm00001eb406740,Zm00001eb406740:0.00217562,NA,NA,LOC_Os12g01520,LOC_Os12g01520:0.00116475,NA,NA,NA,NA
3779at4447,2,Zm00001eb406740,Zm00001eb406740:0.00217562,NA,NA,LOC_Os12g01520,LOC_Os12g01520:0.00116475,NA,NA,NA,NA
379044at3193,2,Zm00001eb286910,Zm00001eb286910:0.00334148,NA,NA,NA,NA,NA,NA,AT1G34540,AT1G34540:0.000120464
38170at4447,2,Zm00001eb275100,Zm00001eb275100:0.00203639,NA,NA,LOC_Os03g01008,LOC_Os03g01008:0.0010348,NA,NA,NA,NA
383at38820,2,Zm00001eb352080,Zm00001eb352080:1.72997e-06,NA,NA,NA,NA,HORVU.MOREX.r3.3HG0297350,HORVU.MOREX.r3.3HG0297350:0.00036344,NA,NA
383at4447,2,Zm00001eb352080,Zm00001eb352080:1.72997e-06,NA,NA,NA,NA,HORVU.MOREX.r3.3HG0297350,HORVU.MOREX.r3.3HG0297350:0.00036344,NA,NA
384618at3193,2,Zm00001eb106130,Zm00001eb106130:0.00311187,NA,NA,NA,NA,HORVU.MOREX.r3.6HG0546590,HORVU.MOREX.r3.6HG0546590:0.00102363,NA,NA
384618at33090,2,Zm00001eb106130,Zm00001eb106130:0.00311187,NA,NA,NA,NA,HORVU.MOREX.r3.6HG0546590,HORVU.MOREX.r3.6HG0546590:0.00102363,NA,NA
3849at38820,2,Zm00001eb305700,Zm00001eb305700:0.000117694,NA,NA,NA,NA,HORVU.MOREX.r3.3HG0306050,HORVU.MOREX.r3.3HG0306050:0.00154075,NA,NA
3849at4447,2,Zm00001eb305700,Zm00001eb305700:0.000117694,NA,NA,NA,NA,HORVU.MOREX.r3.3HG0306050,HORVU.MOREX.r3.3HG0306050:0.00154075,NA,NA
38609at38820,2,NA,NA,SORBI_3003G136000,SORBI_3003G136000:0.00191738,NA,NA,HORVU.MOREX.r3.3HG0255520,HORVU.MOREX.r3.3HG0255520:6.12284e-05,NA,NA
38609at4447,2,NA,NA,SORBI_3003G136000,SORBI_3003G136000:0.00191738,NA,NA,HORVU.MOREX.r3.3HG0255520,HORVU.MOREX.r3.3HG0255520:6.12284e-05,NA,NA
386103at2759,2,NA,NA,SORBI_3009G043000,SORBI_3009G043000:0.00351972,LOC_Os01g09130,LOC_Os01g09130:0.000398981,NA,NA,NA,NA
386103at3193,2,NA,NA,SORBI_3009G043000,SORBI_3009G043000:0.00351972,LOC_Os01g09130,LOC_Os01g09130:0.000398981,NA,NA,NA,NA
386103at33090,2,NA,NA,SORBI_3009G043000,SORBI_3009G043000:0.00351972,LOC_Os01g09130,LOC_Os01g09130:0.000398981,NA,NA,NA,NA
388279at2759,2,Zm00001eb104040,Zm00001eb104040:0.000211709,SORBI_3002G283300,SORBI_3002G283300:0.0016811,NA,NA,NA,NA,NA,NA
388878at33090,2,Zm00001eb002270,Zm00001eb002270:2.98713e-05,NA,NA,NA,NA,NA,NA,AT1G13440;AT1G79530,AT1G13440:2.67464e-06;AT1G79530:0.000405848
388935at3193,2,Zm00001eb161310,Zm00001eb161310:0.000966064,NA,NA,NA,NA,NA,NA,AT4G26210,AT4G26210:7.7352e-05
389087at3193,2,Zm00001eb104040,Zm00001eb104040:0.000211709,SORBI_3002G283300,SORBI_3002G283300:0.0016811,NA,NA,NA,NA,NA,NA
392675at3193,2,Zm00001eb295770,Zm00001eb295770:0.000813569,NA,NA,NA,NA,NA,NA,AT5G01390,AT5G01390:0.000415566
394674at3193,2,Zm00001eb333940;Zm00001eb344570,Zm00001eb333940:9.4473e-05;Zm00001eb344570:2.76527e-05,NA,NA,NA,NA,NA,NA,AT5G18840,AT5G18840:0.000312925
394674at33090,2,Zm00001eb333940;Zm00001eb344570,Zm00001eb333940:9.4473e-05;Zm00001eb344570:2.76527e-05,NA,NA,NA,NA,NA,NA,AT5G18840,AT5G18840:0.000312925
396081at33090,2,Zm00001eb270040,Zm00001eb270040:0.00272781,NA,NA,NA,NA,NA,NA,AT1G62880,AT1G62880:0.00039832
39673at38820,2,Zm00001eb103410,Zm00001eb103410:0.000779237,SORBI_3002G274000,SORBI_3002G274000:0.000971944,NA,NA,NA,NA,NA,NA
39693at38820,2,Zm00001eb376650,Zm00001eb376650:0.000636762,NA,NA,NA,NA,HORVU.MOREX.r3.7HG0652750,HORVU.MOREX.r3.7HG0652750:0.00149499,NA,NA
39693at4447,2,Zm00001eb376650,Zm00001eb376650:0.000636762,NA,NA,NA,NA,HORVU.MOREX.r3.7HG0652750,HORVU.MOREX.r3.7HG0652750:0.00149499,NA,NA
39803at38820,2,Zm00001eb322320,Zm00001eb322320:0.000483176,NA,NA,NA,NA,HORVU.MOREX.r3.2HG0142760,HORVU.MOREX.r3.2HG0142760:0.0014215,NA,NA
39803at4447,2,Zm00001eb322320,Zm00001eb322320:0.000483176,NA,NA,NA,NA,HORVU.MOREX.r3.2HG0142760,HORVU.MOREX.r3.2HG0142760:0.0014215,NA,NA
3995at38820,2,Zm00001eb258400,Zm00001eb258400:0.00212129,SORBI_3004G338800,SORBI_3004G338800:0.000205224,NA,NA,NA,NA,NA,NA
3995at4447,2,Zm00001eb258400,Zm00001eb258400:0.00212129,SORBI_3004G338800,SORBI_3004G338800:0.000205224,NA,NA,NA,NA,NA,NA
400919at2759,2,Zm00001eb160600;Zm00001eb431180,Zm00001eb160600:0.00297966;Zm00001eb431180:0.00123312,NA,NA,NA,NA,NA,NA,AT1G30470,AT1G30470:0.000168855
400919at3193,2,Zm00001eb160600;Zm00001eb431180,Zm00001eb160600:0.00297966;Zm00001eb431180:0.00123312,NA,NA,NA,NA,NA,NA,AT1G30470,AT1G30470:0.000168855
400919at33090,2,Zm00001eb160600;Zm00001eb431180,Zm00001eb160600:0.00297966;Zm00001eb431180:0.00123312,NA,NA,NA,NA,NA,NA,AT1G30470,AT1G30470:0.000168855
40443at2759,2,NA,NA,SORBI_3004G337925,SORBI_3004G337925:0.00279034,NA,NA,HORVU.MOREX.r3.6HG0595330,HORVU.MOREX.r3.6HG0595330:0.000432969,NA,NA
40443at3193,2,NA,NA,SORBI_3004G337925,SORBI_3004G337925:0.00279034,NA,NA,HORVU.MOREX.r3.6HG0595330,HORVU.MOREX.r3.6HG0595330:0.000432969,NA,NA
40443at33090,2,NA,NA,SORBI_3004G337925,SORBI_3004G337925:0.00279034,NA,NA,HORVU.MOREX.r3.6HG0595330,HORVU.MOREX.r3.6HG0595330:0.000432969,NA,NA
404710at3193,2,NA,NA,SORBI_3009G122100,SORBI_3009G122100:0.00198899,NA,NA,NA,NA,AT5G12390,AT5G12390:8.75354e-05
404791at3193,2,NA,NA,SORBI_3003G117300,SORBI_3003G117300:0.00370473,NA,NA,NA,NA,AT5G27720,AT5G27720:0.000150082
404791at33090,2,NA,NA,SORBI_3003G117300,SORBI_3003G117300:0.00370473,NA,NA,NA,NA,AT5G27720,AT5G27720:0.000150082
40690at38820,2,Zm00001eb126360;Zm00001eb334400,Zm00001eb126360:0.000256068;Zm00001eb334400:0.00126227,NA,NA,NA,NA,HORVU.MOREX.r3.3HG0218640,HORVU.MOREX.r3.3HG0218640:0.000991237,NA,NA
40690at4447,2,Zm00001eb126360;Zm00001eb334400,Zm00001eb126360:0.000256068;Zm00001eb334400:0.00126227,NA,NA,NA,NA,HORVU.MOREX.r3.3HG0218640,HORVU.MOREX.r3.3HG0218640:0.000991237,NA,NA
407166at2759,2,Zm00001eb313260,Zm00001eb313260:0.00194842,NA,NA,NA,NA,NA,NA,AT4G30710,AT4G30710:0.000107583
407166at3193,2,Zm00001eb313260,Zm00001eb313260:0.00194842,NA,NA,NA,NA,NA,NA,AT4G30710,AT4G30710:0.000107583
407166at33090,2,Zm00001eb313260,Zm00001eb313260:0.00194842,NA,NA,NA,NA,NA,NA,AT4G30710,AT4G30710:0.000107583
409111at2759,2,NA,NA,NA,NA,NA,NA,HORVU.MOREX.r3.2HG0189830,HORVU.MOREX.r3.2HG0189830:0.000115324,AT3G60480,AT3G60480:0.000215359
409111at3193,2,NA,NA,NA,NA,NA,NA,HORVU.MOREX.r3.2HG0189830,HORVU.MOREX.r3.2HG0189830:0.000115324,AT3G60480,AT3G60480:0.000215359
409111at33090,2,NA,NA,NA,NA,NA,NA,HORVU.MOREX.r3.2HG0189830,HORVU.MOREX.r3.2HG0189830:0.000115324,AT3G60480,AT3G60480:0.000215359
40913at38820,2,Zm00001eb258880,Zm00001eb258880:0.0028029,NA,NA,NA,NA,HORVU.MOREX.r3.6HG0629350,HORVU.MOREX.r3.6HG0629350:6.554e-06,NA,NA
40913at4447,2,Zm00001eb258880,Zm00001eb258880:0.0028029,NA,NA,NA,NA,HORVU.MOREX.r3.6HG0629350,HORVU.MOREX.r3.6HG0629350:6.554e-06,NA,NA
40943at4447,2,Zm00001eb153710,Zm00001eb153710:0.000885617,NA,NA,NA,NA,HORVU.MOREX.r3.3HG0287740,HORVU.MOREX.r3.3HG0287740:0.00146046,NA,NA
409845at3193,2,Zm00001eb289290,Zm00001eb289290:0.00107797,NA,NA,NA,NA,HORVU.MOREX.r3.3HG0299050,HORVU.MOREX.r3.3HG0299050:0.000771606,NA,NA
412870at2759,2,Zm00001eb061450;Zm00001eb240190;Zm00001eb385280,Zm00001eb061450:0.00117433;Zm00001eb240190:0.0030043;Zm00001eb385280:0.00171347,NA,NA,NA,NA,NA,NA,AT3G19980;AT3G58500,AT3G19980:0.000177182;AT3G58500:5.71572e-05
413980at3193,2,NA,NA,NA,NA,LOC_Os09g02580,LOC_Os09g02580:0.00184823,NA,NA,AT1G55840,AT1G55840:9.75878e-06
413980at33090,2,NA,NA,NA,NA,LOC_Os09g02580,LOC_Os09g02580:0.00184823,NA,NA,AT1G55840,AT1G55840:9.75878e-06
4145474at2759,2,NA,NA,SORBI_3001G335500;SORBI_3001G335600,SORBI_3001G335500:0.00207726;SORBI_3001G335600:0.00207726,NA,NA,NA,NA,AT5G48650,AT5G48650:6.67319e-05
4147at38820,2,Zm00001eb245560,Zm00001eb245560:0.00212892,SORBI_3004G196300;SORBI_3006G114800,SORBI_3004G196300:0.000525328;SORBI_3006G114800:0.00010138,NA,NA,NA,NA,NA,NA
4147at4447,2,Zm00001eb245560,Zm00001eb245560:0.00212892,SORBI_3004G196300;SORBI_3006G114800,SORBI_3004G196300:0.000525328;SORBI_3006G114800:0.00010138,NA,NA,NA,NA,NA,NA
415809at3193,2,NA,NA,SORBI_3006G191700,SORBI_3006G191700:0.00360362,NA,NA,NA,NA,AT4G38210,AT4G38210:0.000181409
415840at3193,2,Zm00001eb253990,Zm00001eb253990:0.00270449,NA,NA,NA,NA,HORVU.MOREX.r3.6HG0616230,HORVU.MOREX.r3.6HG0616230:0.000119853,NA,NA
416612at2759,2,Zm00001eb132380,Zm00001eb132380:0.00267029,NA,NA,NA,NA,NA,NA,AT5G15910,AT5G15910:8.85328e-05
42477at4447,2,NA,NA,SORBI_3003G373200,SORBI_3003G373200:0.000835343,NA,NA,HORVU.MOREX.r3.2HG0107260,HORVU.MOREX.r3.2HG0107260:0.00102557,NA,NA
425867at2759,2,Zm00001eb338770,Zm00001eb338770:0.000975102,NA,NA,NA,NA,NA,NA,AT2G46420;AT5G04090,AT2G46420:0.000117815;AT5G04090:0.000324334
425867at3193,2,Zm00001eb338770,Zm00001eb338770:0.000975102,NA,NA,NA,NA,NA,NA,AT2G46420,AT2G46420:0.000117815
425867at33090,2,Zm00001eb338770,Zm00001eb338770:0.000975102,NA,NA,NA,NA,NA,NA,AT2G46420,AT2G46420:0.000117815
426043at3193,2,Zm00001eb070960,Zm00001eb070960:0.00270214,NA,NA,NA,NA,NA,NA,AT3G20800,AT3G20800:0.000188008
42628at4447,2,Zm00001eb373660,Zm00001eb373660:1.83754e-06,NA,NA,NA,NA,HORVU.MOREX.r3.4HG0410500,HORVU.MOREX.r3.4HG0410500:0.00057636,NA,NA
427660at3193,2,Zm00001eb074820,Zm00001eb074820:0.00232769,NA,NA,NA,NA,HORVU.MOREX.r3.2HG0189840,HORVU.MOREX.r3.2HG0189840:0.000115324,NA,NA
427660at33090,2,Zm00001eb074820,Zm00001eb074820:0.00232769,NA,NA,NA,NA,HORVU.MOREX.r3.2HG0189840,HORVU.MOREX.r3.2HG0189840:0.000115324,NA,NA
429114at33090,2,Zm00001eb125400,Zm00001eb125400:0.00240375,NA,NA,NA,NA,NA,NA,AT1G79520;AT2G39450,AT1G79520:0.000405848;AT2G39450:0.000341308
429320at2759,2,Zm00001eb397050,Zm00001eb397050:0.0014658,SORBI_3004G260600;SORBI_3004G260800,SORBI_3004G260600:4.99527e-05;SORBI_3004G260800:4.99527e-05,NA,NA,NA,NA,NA,NA
429320at33090,2,Zm00001eb397050,Zm00001eb397050:0.0014658,SORBI_3004G260600;SORBI_3004G260800,SORBI_3004G260600:4.99527e-05;SORBI_3004G260800:4.99527e-05,NA,NA,NA,NA,NA,NA
431403at3193,2,Zm00001eb251130;Zm00001eb304390,Zm00001eb251130:0.00301124;Zm00001eb304390:0.00322043,NA,NA,NA,NA,NA,NA,AT1G32450,AT1G32450:0.000185863
432002at3193,2,Zm00001eb124670,Zm00001eb124670:0.00312552,NA,NA,NA,NA,NA,NA,AT4G34412,AT4G34412:1.42995e-08
433140at33090,2,NA,NA,SORBI_3001G314600;SORBI_3003G128800;SORBI_3006G191700,SORBI_3001G314600:0.00157;SORBI_3003G128800:1.74567e-05;SORBI_3006G191700:0.00360362,NA,NA,NA,NA,AT1G20190;AT1G26770;AT2G37640;AT2G39700;AT4G38210;AT5G02260,AT1G20190:2.25663e-05;AT1G26770:0.000136183;AT2G37640:0.000291947;AT2G39700:6.523e-05;AT4G38210:0.000181409;AT5G02260:6.03274e-05
434009at2759,2,Zm00001eb041280;Zm00001eb163690,Zm00001eb041280:0.00151244;Zm00001eb163690:0.00216124,NA,NA,NA,NA,NA,NA,AT3G45400,AT3G45400:5.19222e-06
434022at2759,2,NA,NA,SORBI_3004G225800;SORBI_3004G225900,SORBI_3004G225800:0.00176104;SORBI_3004G225900:0.00176104,LOC_Os10g04890,LOC_Os10g04890:0.000514956,NA,NA,NA,NA
434022at3193,2,NA,NA,SORBI_3004G225800;SORBI_3004G225900,SORBI_3004G225800:0.00176104;SORBI_3004G225900:0.00176104,LOC_Os10g04890,LOC_Os10g04890:0.000514956,NA,NA,NA,NA
434022at33090,2,NA,NA,SORBI_3004G225800;SORBI_3004G225900,SORBI_3004G225800:0.00176104;SORBI_3004G225900:0.00176104,LOC_Os10g04890,LOC_Os10g04890:0.000514956,NA,NA,NA,NA
434031at3193,2,Zm00001eb285080,Zm00001eb285080:0.0011999,NA,NA,NA,NA,NA,NA,AT1G79600,AT1G79600:1.00468e-05
43813at33090,2,Zm00001eb194210;Zm00001eb255170,Zm00001eb194210:0.00189345;Zm00001eb255170:0.00168811,NA,NA,NA,NA,NA,NA,AT1G22210;AT1G35910;AT1G78090,AT1G22210:0.000183797;AT1G35910:0.000191773;AT1G78090:1.21243e-05
438277at3193,2,NA,NA,NA,NA,NA,NA,HORVU.MOREX.r3.6HG0569040,HORVU.MOREX.r3.6HG0569040:0.00155125,AT1G17650,AT1G17650:2.35626e-06
438277at33090,2,NA,NA,NA,NA,NA,NA,HORVU.MOREX.r3.6HG0569040,HORVU.MOREX.r3.6HG0569040:0.00155125,AT1G17650,AT1G17650:2.35626e-06
4382965at2759,2,Zm00001eb146720;Zm00001eb289070,Zm00001eb146720:0.00126933;Zm00001eb289070:0.00125344,NA,NA,NA,NA,NA,NA,AT5G18680,AT5G18680:1.41017e-05
438867at3193,2,Zm00001eb210550,Zm00001eb210550:0.0015922,NA,NA,NA,NA,HORVU.MOREX.r3.5HG0536110,HORVU.MOREX.r3.5HG0536110:0.00124373,NA,NA
440869at3193,2,Zm00001eb416450,Zm00001eb416450:0.00261341,NA,NA,NA,NA,NA,NA,AT3G17830,AT3G17830:1.51095e-05
44108at38820,2,Zm00001eb045350,Zm00001eb045350:0.000110031,SORBI_3001G213400,SORBI_3001G213400:0.00110372,NA,NA,NA,NA,NA,NA
44108at4447,2,Zm00001eb045350,Zm00001eb045350:0.000110031,SORBI_3001G213400,SORBI_3001G213400:0.00110372,NA,NA,NA,NA,NA,NA
44434at38820,2,Zm00001eb122420,Zm00001eb122420:0.00334061,SORBI_3009G064900,SORBI_3009G064900:0.000564594,NA,NA,NA,NA,NA,NA
44434at4447,2,Zm00001eb122420,Zm00001eb122420:0.00334061,SORBI_3009G064900,SORBI_3009G064900:0.000564594,NA,NA,NA,NA,NA,NA
44470at38820,2,Zm00001eb331610,Zm00001eb331610:0.000369342,NA,NA,NA,NA,HORVU.MOREX.r3.2HG0107730,HORVU.MOREX.r3.2HG0107730:0.000782656,NA,NA
44470at4447,2,Zm00001eb331610,Zm00001eb331610:0.000369342,NA,NA,NA,NA,HORVU.MOREX.r3.2HG0107730,HORVU.MOREX.r3.2HG0107730:0.000782656,NA,NA
447743at2759,2,NA,NA,SORBI_3003G212300,SORBI_3003G212300:0.00197652,NA,NA,HORVU.MOREX.r3.2HG0140790,HORVU.MOREX.r3.2HG0140790:0.00011931,NA,NA
4495at38820,2,Zm00001eb294800;Zm00001eb294810,Zm00001eb294800:0.0011824;Zm00001eb294810:0.0011824,NA,NA,NA,NA,HORVU.MOREX.r3.3HG0312140,HORVU.MOREX.r3.3HG0312140:0.00028381,NA,NA
4495at4447,2,Zm00001eb294800;Zm00001eb294810,Zm00001eb294800:0.0011824;Zm00001eb294810:0.0011824,NA,NA,NA,NA,HORVU.MOREX.r3.3HG0312140,HORVU.MOREX.r3.3HG0312140:0.00028381,NA,NA
4529388at2759,2,Zm00001eb040240,Zm00001eb040240:0.00231043,NA,NA,NA,NA,NA,NA,AT1G74540,AT1G74540:0.00038658
4534737at2759,2,Zm00001eb059040,Zm00001eb059040:0.000484029,NA,NA,NA,NA,HORVU.MOREX.r3.5HG0513780,HORVU.MOREX.r3.5HG0513780:0.000625183,NA,NA
45365at38820,2,Zm00001eb334200,Zm00001eb334200:0.00109073,NA,NA,NA,NA,HORVU.MOREX.r3.4HG0338410,HORVU.MOREX.r3.4HG0338410:0.000150747,NA,NA
45365at4447,2,Zm00001eb334200,Zm00001eb334200:0.00109073,NA,NA,NA,NA,HORVU.MOREX.r3.4HG0338410,HORVU.MOREX.r3.4HG0338410:0.000150747,NA,NA
455483at2759,2,NA,NA,NA,NA,NA,NA,HORVU.MOREX.r3.4HG0410020,HORVU.MOREX.r3.4HG0410020:4.03454e-05,AT4G24020,AT4G24020:0.000152349
455483at3193,2,NA,NA,NA,NA,NA,NA,HORVU.MOREX.r3.4HG0410020,HORVU.MOREX.r3.4HG0410020:4.03454e-05,AT4G24020,AT4G24020:0.000152349
455483at33090,2,NA,NA,NA,NA,NA,NA,HORVU.MOREX.r3.4HG0410020,HORVU.MOREX.r3.4HG0410020:4.03454e-05,AT4G24020,AT4G24020:0.000152349
45597at4447,2,Zm00001eb002290,Zm00001eb002290:2.98713e-05,NA,NA,NA,NA,HORVU.MOREX.r3.5HG0533760,HORVU.MOREX.r3.5HG0533760:6.8998e-05,NA,NA
4590808at2759,2,Zm00001eb070480;Zm00001eb194450,Zm00001eb070480:0.000837088;Zm00001eb194450:0.000753065,NA,NA,NA,NA,NA,NA,AT1G26930;AT1G74510,AT1G26930:0.000124548;AT1G74510:5.90914e-05
4598369at2759,2,NA,NA,NA,NA,NA,NA,HORVU.MOREX.r3.5HG0425080;HORVU.MOREX.r3.5HG0425090,HORVU.MOREX.r3.5HG0425080:0.001352;HORVU.MOREX.r3.5HG0425090:0.001352,AT1G18490,AT1G18490:8.93978e-05
459946at2759,2,Zm00001eb406750,Zm00001eb406750:0.00217562,SORBI_3001G267500;SORBI_3005G038500,SORBI_3001G267500:0.00214627;SORBI_3005G038500:0.000391301,NA,NA,NA,NA,NA,NA
459990at2759,2,Zm00001eb106130,Zm00001eb106130:0.00311187,NA,NA,NA,NA,HORVU.MOREX.r3.6HG0546590,HORVU.MOREX.r3.6HG0546590:0.00102363,NA,NA
4615968at2759,2,Zm00001eb046580,Zm00001eb046580:0.000190152,NA,NA,NA,NA,NA,NA,AT3G23990,AT3G23990:0.000377173
4615at4447,2,Zm00001eb016730;Zm00001eb089360;Zm00001eb415160,Zm00001eb016730:0.00281611;Zm00001eb089360:0.00050685;Zm00001eb415160:0.00292287,NA,NA,NA,NA,HORVU.MOREX.r3.5HG0422720,HORVU.MOREX.r3.5HG0422720:0.00133288,NA,NA
46380at38820,2,Zm00001eb106770,Zm00001eb106770:0.00280243,NA,NA,LOC_Os07g05580,LOC_Os07g05580:0.00115629,NA,NA,NA,NA
46380at4447,2,Zm00001eb106770,Zm00001eb106770:0.00280243,NA,NA,LOC_Os07g05580,LOC_Os07g05580:0.00115629,NA,NA,NA,NA
464079at3193,2,Zm00001eb003350;Zm00001eb402830,Zm00001eb003350:0.00110772;Zm00001eb402830:0.00310796,NA,NA,LOC_Os10g03690,LOC_Os10g03690:6.91227e-05,NA,NA,NA,NA
46485at4447,2,Zm00001eb255140,Zm00001eb255140:0.000667467,SORBI_3005G110436,SORBI_3005G110436:0.00151995,NA,NA,NA,NA,NA,NA
4652465at2759,2,Zm00001eb364200,Zm00001eb364200:0.00228745,NA,NA,LOC_Os01g09240,LOC_Os01g09240:0.00212388,NA,NA,NA,NA
468958at3193,2,Zm00001eb398750,Zm00001eb398750:3.61956e-05,SORBI_3001G438100,SORBI_3001G438100:0.000108192,NA,NA,NA,NA,NA,NA
4693185at2759,2,NA,NA,SORBI_3004G201700,SORBI_3004G201700:0.00365393,NA,NA,NA,NA,AT2G13290,AT2G13290:4.76469e-05
4694392at2759,2,Zm00001eb204000,Zm00001eb204000:0.00301286,NA,NA,NA,NA,NA,NA,AT3G24530,AT3G24530:0.000252672
4695236at2759,2,Zm00001eb067180,Zm00001eb067180:0.00148652,NA,NA,NA,NA,HORVU.MOREX.r3.3HG0250640,HORVU.MOREX.r3.3HG0250640:0.000215555,NA,NA
469803at2759,2,Zm00001eb061550,Zm00001eb061550:0.00312401,NA,NA,NA,NA,NA,NA,AT5G28150,AT5G28150:0.00030951
469803at3193,2,Zm00001eb061550,Zm00001eb061550:0.00312401,NA,NA,NA,NA,NA,NA,AT5G28150,AT5G28150:0.00030951
469803at33090,2,Zm00001eb061550,Zm00001eb061550:0.00312401,NA,NA,NA,NA,NA,NA,AT5G28150,AT5G28150:0.00030951
471022at3193,2,Zm00001eb062180,Zm00001eb062180:0.000485818,NA,NA,NA,NA,NA,NA,AT3G59970,AT3G59970:9.4437e-05
471821at3193,2,NA,NA,NA,NA,LOC_Os02g07460,LOC_Os02g07460:4.64699e-05,NA,NA,AT1G26830,AT1G26830:0.000101987
4725244at2759,2,NA,NA,NA,NA,NA,NA,HORVU.MOREX.r3.1HG0095170,HORVU.MOREX.r3.1HG0095170:0.000481684,AT1G63180;AT1G64440,AT1G63180:1.35969e-05;AT1G64440:8.8829e-05
4727740at2759,2,Zm00001eb325410,Zm00001eb325410:0.00154328,NA,NA,NA,NA,NA,NA,AT3G61470,AT3G61470:0.000419071
47362at38820,2,Zm00001eb059040,Zm00001eb059040:0.000484029,NA,NA,NA,NA,HORVU.MOREX.r3.5HG0513780,HORVU.MOREX.r3.5HG0513780:0.000625183,NA,NA
47362at4447,2,Zm00001eb059040,Zm00001eb059040:0.000484029,NA,NA,NA,NA,HORVU.MOREX.r3.5HG0513780,HORVU.MOREX.r3.5HG0513780:0.000625183,NA,NA
474274at3193,2,Zm00001eb210600,Zm00001eb210600:0.0015922,NA,NA,NA,NA,HORVU.MOREX.r3.5HG0535750,HORVU.MOREX.r3.5HG0535750:8.22943e-06,NA,NA
474369at3193,2,Zm00001eb170930,Zm00001eb170930:0.00137619,NA,NA,NA,NA,NA,NA,AT2G24765,AT2G24765:0.000411875
474369at33090,2,Zm00001eb170930,Zm00001eb170930:0.00137619,NA,NA,NA,NA,NA,NA,AT2G24765,AT2G24765:0.000411875
4747758at2759,2,Zm00001eb138300,Zm00001eb138300:9.422e-05,NA,NA,NA,NA,HORVU.MOREX.r3.5HG0496630,HORVU.MOREX.r3.5HG0496630:0.00084931,NA,NA
4750521at2759,2,NA,NA,SORBI_3003G213000;SORBI_3003G377700,SORBI_3003G213000:0.00197652;SORBI_3003G377700:0.0011432,NA,NA,NA,NA,AT5G13170,AT5G13170:0.000257035
4750734at2759,2,Zm00001eb270040,Zm00001eb270040:0.00272781,NA,NA,NA,NA,NA,NA,AT1G62880,AT1G62880:0.00039832
475388at2759,2,NA,NA,NA,NA,NA,NA,HORVU.MOREX.r3.1HG0077190,HORVU.MOREX.r3.1HG0077190:0.000470745,AT1G68020;AT4G17770,AT1G68020:3.93865e-07;AT4G17770:0.000322769
475388at33090,2,NA,NA,NA,NA,NA,NA,HORVU.MOREX.r3.1HG0077190,HORVU.MOREX.r3.1HG0077190:0.000470745,AT1G68020;AT4G17770,AT1G68020:3.93865e-07;AT4G17770:0.000322769
4757602at2759,2,Zm00001eb221460,Zm00001eb221460:0.000894271,SORBI_3009G128400,SORBI_3009G128400:0.000244872,NA,NA,NA,NA,NA,NA
4760669at2759,2,NA,NA,NA,NA,NA,NA,HORVU.MOREX.r3.2HG0107750;HORVU.MOREX.r3.5HG0507470,HORVU.MOREX.r3.2HG0107750:0.000782656;HORVU.MOREX.r3.5HG0507470:8.16086e-05,AT1G08250;AT5G22630,AT1G08250:3.00051e-05;AT5G22630:0.000347018
4762392at2759,2,Zm00001eb333940;Zm00001eb344570,Zm00001eb333940:9.4473e-05;Zm00001eb344570:2.76527e-05,NA,NA,NA,NA,NA,NA,AT5G18840,AT5G18840:0.000312925
4772821at2759,2,Zm00001eb104730,Zm00001eb104730:0.000501573,NA,NA,NA,NA,NA,NA,AT1G30910,AT1G30910:0.00036998
477517at2759,2,Zm00001eb080690;Zm00001eb245040,Zm00001eb080690:0.00208159;Zm00001eb245040:0.00191644,NA,NA,LOC_Os04g04610,LOC_Os04g04610:0.00214238,NA,NA,NA,NA
477517at3193,2,Zm00001eb080690;Zm00001eb245040,Zm00001eb080690:0.00208159;Zm00001eb245040:0.00191644,NA,NA,LOC_Os04g04610,LOC_Os04g04610:0.00214238,NA,NA,NA,NA
477517at33090,2,Zm00001eb080690;Zm00001eb245040,Zm00001eb080690:0.00208159;Zm00001eb245040:0.00191644,NA,NA,LOC_Os04g04610,LOC_Os04g04610:0.00214238,NA,NA,NA,NA
4778706at2759,2,Zm00001eb036560;Zm00001eb256260,Zm00001eb036560:0.00103209;Zm00001eb256260:0.000693493,SORBI_3009G043500,SORBI_3009G043500:0.00351972,NA,NA,NA,NA,NA,NA
4782124at2759,2,Zm00001eb068710;Zm00001eb204230;Zm00001eb218670,Zm00001eb068710:0.00118244;Zm00001eb204230:0.0028978;Zm00001eb218670:0.00230548,NA,NA,NA,NA,NA,NA,AT2G24610;AT2G28260;AT3G17700,AT2G24610:9.55872e-05;AT2G28260:0.000109999;AT3G17700:8.07658e-05
4803600at2759,2,Zm00001eb295120,Zm00001eb295120:0.00100821,NA,NA,NA,NA,NA,NA,AT1G15110,AT1G15110:0.000247637
4804807at2759,2,Zm00001eb211740,Zm00001eb211740:0.000483361,NA,NA,NA,NA,HORVU.MOREX.r3.5HG0514950,HORVU.MOREX.r3.5HG0514950:0.000131598,NA,NA
4810817at2759,2,Zm00001eb302300,Zm00001eb302300:0.00342916,NA,NA,NA,NA,HORVU.MOREX.r3.4HG0334480,HORVU.MOREX.r3.4HG0334480:0.00153323,NA,NA
4811936at2759,2,Zm00001eb274710,Zm00001eb274710:0.00061489,NA,NA,NA,NA,NA,NA,AT5G05080,AT5G05080:7.14847e-05
4813329at2759,2,NA,NA,NA,NA,LOC_Os09g02580,LOC_Os09g02580:0.00184823,NA,NA,AT1G55840,AT1G55840:9.75878e-06
4813545at2759,2,Zm00001eb416490,Zm00001eb416490:1.17053e-05,NA,NA,NA,NA,NA,NA,AT4G17370,AT4G17370:3.01346e-05
4814181at2759,2,Zm00001eb122910;Zm00001eb231180,Zm00001eb122910:0.000641476;Zm00001eb231180:0.00134511,NA,NA,NA,NA,NA,NA,AT1G70505,AT1G70505:5.28408e-05
481481at2759,2,Zm00001eb104060;Zm00001eb321170,Zm00001eb104060:0.000211709;Zm00001eb321170:6.58898e-05,SORBI_3002G284100,SORBI_3002G284100:0.0016811,NA,NA,NA,NA,NA,NA
481481at3193,2,Zm00001eb104060;Zm00001eb321170,Zm00001eb104060:0.000211709;Zm00001eb321170:6.58898e-05,SORBI_3002G284100,SORBI_3002G284100:0.0016811,NA,NA,NA,NA,NA,NA
481481at33090,2,Zm00001eb104060;Zm00001eb321170,Zm00001eb104060:0.000211709;Zm00001eb321170:6.58898e-05,SORBI_3002G284100,SORBI_3002G284100:0.0016811,NA,NA,NA,NA,NA,NA
4819201at2759,2,Zm00001eb170930,Zm00001eb170930:0.00137619,NA,NA,NA,NA,NA,NA,AT2G24765,AT2G24765:0.000411875
4819616at2759,2,NA,NA,SORBI_3001G208500,SORBI_3001G208500:0.00224883,NA,NA,HORVU.MOREX.r3.7HG0711310,HORVU.MOREX.r3.7HG0711310:0.00118903,NA,NA
4820964at2759,2,Zm00001eb359490,Zm00001eb359490:0.00218642,NA,NA,NA,NA,NA,NA,AT5G43370,AT5G43370:0.000184973
4821371at2759,2,NA,NA,NA,NA,NA,NA,HORVU.MOREX.r3.5HG0423800,HORVU.MOREX.r3.5HG0423800:0.00127403,AT2G18220,AT2G18220:0.000407027
4822122at2759,2,Zm00001eb295890,Zm00001eb295890:0.00137009,NA,NA,NA,NA,NA,NA,AT1G27650;AT5G18550,AT1G27650:2.70762e-06;AT5G18550:2.98875e-06
482605at33090,2,Zm00001eb040890;Zm00001eb068270;Zm00001eb389520,Zm00001eb040890:0.00219781;Zm00001eb068270:0.00191792;Zm00001eb389520:0.00231229,NA,NA,NA,NA,NA,NA,AT1G17745;AT3G19480;AT4G34200,AT1G17745:8.74351e-05;AT3G19480:4.23924e-11;AT4G34200:4.53323e-05
4828752at2759,2,Zm00001eb007020,Zm00001eb007020:0.000894253,NA,NA,NA,NA,HORVU.MOREX.r3.1HG0092410,HORVU.MOREX.r3.1HG0092410:0.000154238,NA,NA
483357at2759,2,NA,NA,NA,NA,NA,NA,HORVU.MOREX.r3.5HG0453580,HORVU.MOREX.r3.5HG0453580:0.00132476,AT5G40740,AT5G40740:0.000151708
483357at3193,2,NA,NA,NA,NA,NA,NA,HORVU.MOREX.r3.5HG0453580,HORVU.MOREX.r3.5HG0453580:0.00132476,AT5G40740,AT5G40740:0.000151708
483357at33090,2,NA,NA,NA,NA,NA,NA,HORVU.MOREX.r3.5HG0453580,HORVU.MOREX.r3.5HG0453580:0.00132476,AT5G40740,AT5G40740:0.000151708
4836020at2759,2,Zm00001eb327460,Zm00001eb327460:0.00289218,NA,NA,NA,NA,NA,NA,AT3G16980,AT3G16980:2.39361e-07
4836032at2759,2,Zm00001eb002270,Zm00001eb002270:2.98713e-05,NA,NA,NA,NA,NA,NA,AT1G13440;AT1G79530,AT1G13440:2.67464e-06;AT1G79530:0.000405848
4836927at2759,2,Zm00001eb202580,Zm00001eb202580:8.07712e-06,SORBI_3002G043600,SORBI_3002G043600:0.00150873,NA,NA,NA,NA,NA,NA
4837993at2759,2,Zm00001eb194260,Zm00001eb194260:0.00109785,NA,NA,NA,NA,NA,NA,AT1G78050;AT3G50520,AT1G78050:4.72699e-07;AT3G50520:0.000298804
4838747at2759,2,Zm00001eb061470,Zm00001eb061470:0.00117433,NA,NA,NA,NA,NA,NA,AT1G55320,AT1G55320:9.76324e-08
4841398at2759,2,NA,NA,NA,NA,NA,NA,HORVU.MOREX.r3.2HG0105050;HORVU.MOREX.r3.2HG0105070,HORVU.MOREX.r3.2HG0105050:9.22792e-07;HORVU.MOREX.r3.2HG0105070:9.22792e-07,AT1G02400;AT1G78440,AT1G02400:0.000282506;AT1G78440:0.000136393
4841431at2759,2,Zm00001eb210630,Zm00001eb210630:0.0015922,NA,NA,NA,NA,NA,NA,AT4G29330,AT4G29330:0.000229334
4842648at2759,2,NA,NA,NA,NA,NA,NA,HORVU.MOREX.r3.3HG0311760,HORVU.MOREX.r3.3HG0311760:0.000608,AT1G18720,AT1G18720:0.000301859
4843311at2759,2,Zm00001eb137060,Zm00001eb137060:0.00207563,SORBI_3008G127500,SORBI_3008G127500:0.00198608,NA,NA,NA,NA,NA,NA
484367at3193,2,Zm00001eb295180,Zm00001eb295180:0.000258382,NA,NA,NA,NA,NA,NA,AT4G32590,AT4G32590:0.000253305
4844197at2759,2,Zm00001eb357410,Zm00001eb357410:0.00298862,NA,NA,NA,NA,NA,NA,AT1G25682,AT1G25682:3.07598e-06
4844201at2759,2,NA,NA,NA,NA,LOC_Os04g05070,LOC_Os04g05070:0.000709497,NA,NA,AT3G24320,AT3G24320:0.000274834
4850922at2759,2,Zm00001eb402810,Zm00001eb402810:0.00310796,NA,NA,NA,NA,NA,NA,AT1G04500,AT1G04500:8.97321e-05
4862664at2759,2,Zm00001eb191710,Zm00001eb191710:0.00322648,NA,NA,NA,NA,NA,NA,AT1G03905;AT5G02270,AT1G03905:0.000302829;AT5G02270:0.000112496
48695at38820,2,Zm00001eb152940,Zm00001eb152940:0.00293462,NA,NA,NA,NA,HORVU.MOREX.r3.1HG0077510,HORVU.MOREX.r3.1HG0077510:0.000974354,NA,NA
48695at4447,2,Zm00001eb152940,Zm00001eb152940:0.00293462,NA,NA,NA,NA,HORVU.MOREX.r3.1HG0077510,HORVU.MOREX.r3.1HG0077510:0.000974354,NA,NA
4890514at2759,2,NA,NA,SORBI_3001G447000,SORBI_3001G447000:0.00040432,NA,NA,HORVU.MOREX.r3.4HG0394480,HORVU.MOREX.r3.4HG0394480:0.00119068,NA,NA
4893567at2759,2,Zm00001eb367670,Zm00001eb367670:0.00136227,NA,NA,NA,NA,NA,NA,AT2G37940,AT2G37940:0.000323068
4899170at2759,2,Zm00001eb078790;Zm00001eb286870,Zm00001eb078790:0.00278088;Zm00001eb286870:0.0024342,NA,NA,NA,NA,NA,NA,AT1G18210,AT1G18210:7.03332e-05
4908378at2759,2,Zm00001eb031340,Zm00001eb031340:0.00151064,NA,NA,NA,NA,HORVU.MOREX.r3.1HG0091430,HORVU.MOREX.r3.1HG0091430:0.00126157,NA,NA
4908955at2759,2,Zm00001eb068020,Zm00001eb068020:0.00182935,NA,NA,NA,NA,NA,NA,AT1G22920,AT1G22920:0.000236993
4910487at2759,2,Zm00001eb081330,Zm00001eb081330:0.00187355,NA,NA,NA,NA,HORVU.MOREX.r3.7HG0709440,HORVU.MOREX.r3.7HG0709440:2.47648e-07,NA,NA
4917248at2759,2,Zm00001eb329740,Zm00001eb329740:0.00213543,NA,NA,NA,NA,HORVU.MOREX.r3.6HG0631810,HORVU.MOREX.r3.6HG0631810:0.00130169,NA,NA
4917761at2759,2,Zm00001eb387530,Zm00001eb387530:3.38049e-05,NA,NA,NA,NA,HORVU.MOREX.r3.7HG0722380,HORVU.MOREX.r3.7HG0722380:0.000697088,NA,NA
4921266at2759,2,Zm00001eb378360,Zm00001eb378360:0.00191016,NA,NA,NA,NA,NA,NA,AT3G25800,AT3G25800:2.19777e-07
4922074at2759,2,Zm00001eb105850,Zm00001eb105850:0.00152615,NA,NA,NA,NA,NA,NA,AT2G45170,AT2G45170:9.04344e-06
4922819at2759,2,Zm00001eb036840,Zm00001eb036840:0.00203515,NA,NA,NA,NA,NA,NA,AT1G60080,AT1G60080:0.000192451
49240at38820,2,Zm00001eb205380,Zm00001eb205380:0.00319188,NA,NA,NA,NA,HORVU.MOREX.r3.7HG0715190,HORVU.MOREX.r3.7HG0715190:3.47272e-05,NA,NA
49240at4447,2,Zm00001eb205380,Zm00001eb205380:0.00319188,NA,NA,NA,NA,HORVU.MOREX.r3.7HG0715190,HORVU.MOREX.r3.7HG0715190:3.47272e-05,NA,NA
4929640at2759,2,Zm00001eb110350,Zm00001eb110350:0.000587474,NA,NA,NA,NA,NA,NA,AT4G17270,AT4G17270:0.000140664
4930848at2759,2,Zm00001eb302280,Zm00001eb302280:0.00342916,NA,NA,NA,NA,NA,NA,AT3G52190,AT3G52190:0.00020934
4932230at2759,2,Zm00001eb157520,Zm00001eb157520:0.000770904,SORBI_3009G076200,SORBI_3009G076200:0.00242826,NA,NA,NA,NA,NA,NA
4933223at2759,2,Zm00001eb032750,Zm00001eb032750:0.00294275,NA,NA,NA,NA,NA,NA,AT3G45555,AT3G45555:3.35811e-05
4934705at2759,2,Zm00001eb258880,Zm00001eb258880:0.0028029,NA,NA,NA,NA,HORVU.MOREX.r3.6HG0629350,HORVU.MOREX.r3.6HG0629350:6.554e-06,NA,NA
4935827at2759,2,Zm00001eb102520;Zm00001eb113570;Zm00001eb163510;Zm00001eb289180,Zm00001eb102520:0.000948635;Zm00001eb113570:0.00268028;Zm00001eb163510:0.00205303;Zm00001eb289180:0.00344017,NA,NA,NA,NA,NA,NA,AT5G41060,AT5G41060:0.000273088
4936716at2759,2,NA,NA,NA,NA,NA,NA,HORVU.MOREX.r3.6HG0630550,HORVU.MOREX.r3.6HG0630550:0.00151724,AT3G02530,AT3G02530:0.000185925
4943199at2759,2,Zm00001eb404000,Zm00001eb404000:0.00236906,NA,NA,NA,NA,NA,NA,AT5G06210,AT5G06210:0.000408622
49519at4447,2,NA,NA,SORBI_3005G038900,SORBI_3005G038900:0.000391301,NA,NA,HORVU.MOREX.r3.5HG0460180,HORVU.MOREX.r3.5HG0460180:0.000497034,NA,NA
49577at38820,2,Zm00001eb117130,Zm00001eb117130:0.00023641,SORBI_3002G045800,SORBI_3002G045800:0.00131427,NA,NA,NA,NA,NA,NA
49577at4447,2,Zm00001eb117130,Zm00001eb117130:0.00023641,SORBI_3002G045800,SORBI_3002G045800:0.00131427,NA,NA,NA,NA,NA,NA
4963268at2759,2,Zm00001eb210600,Zm00001eb210600:0.0015922,NA,NA,NA,NA,HORVU.MOREX.r3.5HG0535750,HORVU.MOREX.r3.5HG0535750:8.22943e-06,NA,NA
49636at38820,2,Zm00001eb153710,Zm00001eb153710:0.000885617,NA,NA,NA,NA,HORVU.MOREX.r3.3HG0287740,HORVU.MOREX.r3.3HG0287740:0.00146046,NA,NA
4968956at2759,2,NA,NA,NA,NA,NA,NA,HORVU.MOREX.r3.5HG0476490,HORVU.MOREX.r3.5HG0476490:1.15776e-06,AT5G40650,AT5G40650:1.38116e-05
4968982at2759,2,Zm00001eb043590,Zm00001eb043590:4.29419e-05,NA,NA,NA,NA,NA,NA,AT2G43400,AT2G43400:0.000306463
4968995at2759,2,Zm00001eb285090,Zm00001eb285090:0.0011999,NA,NA,NA,NA,NA,NA,AT4G25100;AT5G23310,AT4G25100:0.000136714;AT5G23310:0.000314539
4969034at2759,2,Zm00001eb317720,Zm00001eb317720:0.00131453,NA,NA,NA,NA,NA,NA,AT3G60820,AT3G60820:7.6954e-05
4970387at2759,2,NA,NA,SORBI_3001G212800,SORBI_3001G212800:0.00110372,NA,NA,NA,NA,AT5G23290,AT5G23290:0.000314539
4971251at2759,2,NA,NA,NA,NA,NA,NA,HORVU.MOREX.r3.7HG0656250,HORVU.MOREX.r3.7HG0656250:0.000901629,AT1G47250;AT1G79210;AT5G42790,AT1G47250:0.000376243;AT1G79210:1.626e-05;AT5G42790:0.000341615
4971652at2759,2,NA,NA,NA,NA,NA,NA,HORVU.MOREX.r3.4HG0413910,HORVU.MOREX.r3.4HG0413910:0.00015228,AT1G55120;AT3G13784,AT1G55120:0.000214373;AT3G13784:0.000326654
4971880at2759,2,Zm00001eb320430,Zm00001eb320430:0.000660919,SORBI_3003G287100,SORBI_3003G287100:0.0019858,NA,NA,NA,NA,NA,NA
4972197at2759,2,Zm00001eb387010,Zm00001eb387010:0.00225741,NA,NA,NA,NA,HORVU.MOREX.r3.6HG0621910,HORVU.MOREX.r3.6HG0621910:0.0012301,NA,NA
4972322at2759,2,Zm00001eb059310,Zm00001eb059310:0.00109768,SORBI_3003G063300,SORBI_3003G063300:0.000927436,NA,NA,NA,NA,NA,NA
4974732at2759,2,NA,NA,NA,NA,NA,NA,HORVU.MOREX.r3.3HG0300880,HORVU.MOREX.r3.3HG0300880:0.000218372,AT1G27840,AT1G27840:6.44021e-12
4976591at2759,2,Zm00001eb041340,Zm00001eb041340:0.000831659,NA,NA,NA,NA,NA,NA,AT1G26880,AT1G26880:3.96298e-05
4977778at2759,2,Zm00001eb154100,Zm00001eb154100:0.00181249,NA,NA,NA,NA,NA,NA,AT5G58370,AT5G58370:2.22245e-05
4980536at2759,2,Zm00001eb062180,Zm00001eb062180:0.000485818,NA,NA,NA,NA,NA,NA,AT3G59970,AT3G59970:9.4437e-05
4981273at2759,2,NA,NA,SORBI_3006G213000,SORBI_3006G213000:0.00305069,NA,NA,NA,NA,AT5G23740,AT5G23740:7.3411e-05
4981750at2759,2,Zm00001eb151160,Zm00001eb151160:0.000171535,NA,NA,NA,NA,NA,NA,AT1G27970,AT1G27970:0.000104386
4983918at2759,2,Zm00001eb003350;Zm00001eb402830,Zm00001eb003350:0.00110772;Zm00001eb402830:0.00310796,NA,NA,LOC_Os10g03690,LOC_Os10g03690:6.91227e-05,NA,NA,NA,NA
4984893at2759,2,NA,NA,NA,NA,LOC_Os02g07460,LOC_Os02g07460:4.64699e-05,NA,NA,AT1G26830,AT1G26830:0.000101987
4988228at2759,2,Zm00001eb394670;Zm00001eb403780,Zm00001eb394670:0.00340839;Zm00001eb403780:1.07311e-05,NA,NA,NA,NA,NA,NA,AT5G13850,AT5G13850:0.00026416
4998907at2759,2,Zm00001eb335820,Zm00001eb335820:0.00106792,NA,NA,NA,NA,NA,NA,AT2G37680,AT2G37680:0.00026019
4999147at2759,2,Zm00001eb055490,Zm00001eb055490:0.000949995,NA,NA,NA,NA,NA,NA,AT1G65960;AT3G17760;AT5G17330,AT1G65960:0.000290662;AT3G17760:3.55629e-07;AT5G17330:1.23475e-07
4999307at2759,2,Zm00001eb161310,Zm00001eb161310:0.000966064,NA,NA,NA,NA,NA,NA,AT4G26210,AT4G26210:7.7352e-05
4999782at2759,2,NA,NA,NA,NA,NA,NA,HORVU.MOREX.r3.4HG0407390,HORVU.MOREX.r3.4HG0407390:0.000769646,AT3G03690;AT3G24040,AT3G03690:0.000174824;AT3G24040:0.000377173
4999882at2759,2,Zm00001eb233090,Zm00001eb233090:0.00311636,NA,NA,NA,NA,HORVU.MOREX.r3.6HG0616170,HORVU.MOREX.r3.6HG0616170:0.000319395,NA,NA
5000550at2759,2,Zm00001eb074820,Zm00001eb074820:0.00232769,NA,NA,NA,NA,HORVU.MOREX.r3.2HG0189840,HORVU.MOREX.r3.2HG0189840:0.000115324,NA,NA
5000668at2759,2,Zm00001eb416430,Zm00001eb416430:0.00261341,NA,NA,NA,NA,NA,NA,AT3G27820,AT3G27820:7.14223e-05
5000721at2759,2,Zm00001eb194210;Zm00001eb255170,Zm00001eb194210:0.00189345;Zm00001eb255170:0.00168811,NA,NA,NA,NA,NA,NA,AT1G22210;AT1G35910;AT1G78090,AT1G22210:0.000183797;AT1G35910:0.000191773;AT1G78090:1.21243e-05
5001195at2759,2,Zm00001eb144650,Zm00001eb144650:0.00227779,NA,NA,NA,NA,NA,NA,AT1G78630,AT1G78630:4.50335e-05
5001317at2759,2,Zm00001eb230040,Zm00001eb230040:0.00172947,NA,NA,NA,NA,NA,NA,AT1G73060,AT1G73060:3.38827e-05
5001538at2759,2,Zm00001eb153710,Zm00001eb153710:0.000885617,NA,NA,NA,NA,HORVU.MOREX.r3.3HG0287740,HORVU.MOREX.r3.3HG0287740:0.00146046,NA,NA
5001608at2759,2,Zm00001eb408010,Zm00001eb408010:0.00252966,NA,NA,NA,NA,NA,NA,AT4G26530;AT4G38970,AT4G26530:8.50702e-12;AT4G38970:0.000359365
5001763at2759,2,Zm00001eb125400,Zm00001eb125400:0.00240375,NA,NA,NA,NA,NA,NA,AT1G79520;AT2G39450,AT1G79520:0.000405848;AT2G39450:0.000341308
5001947at2759,2,NA,NA,NA,NA,NA,NA,HORVU.MOREX.r3.2HG0210680,HORVU.MOREX.r3.2HG0210680:0.000217559,AT5G18400,AT5G18400:1.54337e-05
5001964at2759,2,Zm00001eb159400;Zm00001eb351300,Zm00001eb159400:0.00345335;Zm00001eb351300:0.0015667,SORBI_3003G212800,SORBI_3003G212800:0.00197652,NA,NA,NA,NA,NA,NA
5001971at2759,2,Zm00001eb178370,Zm00001eb178370:0.00344924,NA,NA,NA,NA,NA,NA,AT3G25580,AT3G25580:0.000309217
5002075at2759,2,Zm00001eb070260,Zm00001eb070260:0.000291971,NA,NA,NA,NA,NA,NA,AT2G43640,AT2G43640:0.000213759
5002325at2759,2,Zm00001eb377300,Zm00001eb377300:0.00217099,NA,NA,NA,NA,NA,NA,AT3G60750,AT3G60750:0.000346866
5002515at2759,2,Zm00001eb078040;Zm00001eb174610,Zm00001eb078040:0.00295342;Zm00001eb174610:0.00334135,NA,NA,NA,NA,NA,NA,AT1G71770;AT4G34110,AT1G71770:0.000290853;AT4G34110:0.000109294
5002987at2759,2,Zm00001eb296790,Zm00001eb296790:0.00300362,NA,NA,NA,NA,NA,NA,AT1G19480,AT1G19480:0.000282358
5003027at2759,2,Zm00001eb155350,Zm00001eb155350:0.0021744,NA,NA,NA,NA,NA,NA,AT1G73020,AT1G73020:3.38827e-05
5003145at2759,2,Zm00001eb040890;Zm00001eb068270;Zm00001eb389520,Zm00001eb040890:0.00219781;Zm00001eb068270:0.00191792;Zm00001eb389520:0.00231229,NA,NA,NA,NA,NA,NA,AT1G17745;AT3G19480;AT4G34200,AT1G17745:8.74351e-05;AT3G19480:4.23924e-11;AT4G34200:4.53323e-05
5003292at2759,2,NA,NA,NA,NA,NA,NA,HORVU.MOREX.r3.2HG0208500,HORVU.MOREX.r3.2HG0208500:0.000340292,AT4G17510,AT4G17510:0.000128793
5003508at2759,2,Zm00001eb416450,Zm00001eb416450:0.00261341,NA,NA,NA,NA,NA,NA,AT3G17830,AT3G17830:1.51095e-05
5003622at2759,2,Zm00001eb243750,Zm00001eb243750:0.00225662,NA,NA,LOC_Os02g05550,LOC_Os02g05550:0.00199226,NA,NA,NA,NA
5003708at2759,2,Zm00001eb258070,Zm00001eb258070:0.0034312,NA,NA,NA,NA,NA,NA,AT1G26520,AT1G26520:3.65536e-06
5003842at2759,2,Zm00001eb031600,Zm00001eb031600:0.00227227,NA,NA,NA,NA,NA,NA,AT3G22330,AT3G22330:7.14761e-08
5004208at2759,2,NA,NA,SORBI_3006G093900,SORBI_3006G093900:0.0023735,NA,NA,NA,NA,AT4G28703,AT4G28703:9.45362e-08
5004212at2759,2,Zm00001eb294370;Zm00001eb357450,Zm00001eb294370:0.000340511;Zm00001eb357450:0.00298862,NA,NA,NA,NA,NA,NA,AT2G28305;AT5G06300,AT2G28305:0.000109999;AT5G06300:0.000408622
5004253at2759,2,Zm00001eb418610,Zm00001eb418610:0.00315729,NA,NA,NA,NA,NA,NA,AT2G04030,AT2G04030:0.00015377
5004448at2759,2,Zm00001eb079380,Zm00001eb079380:0.00334063,NA,NA,NA,NA,NA,NA,AT4G25130;AT5G07460,AT4G25130:1.92268e-06;AT5G07460:0.000169946
5004535at2759,2,NA,NA,SORBI_3002G043500,SORBI_3002G043500:0.00150873,NA,NA,HORVU.MOREX.r3.1HG0052290,HORVU.MOREX.r3.1HG0052290:0.00152607,NA,NA
5004546at2759,2,Zm00001eb174620,Zm00001eb174620:0.00334135,NA,NA,NA,NA,NA,NA,AT3G19440,AT3G19440:4.23924e-11
5005068at2759,2,NA,NA,SORBI_3004G193800,SORBI_3004G193800:0.00279183,NA,NA,NA,NA,AT1G18870,AT1G18870:6.7368e-05
5005174at2759,2,NA,NA,NA,NA,NA,NA,HORVU.MOREX.r3.1HG0013050;HORVU.MOREX.r3.6HG0552010,HORVU.MOREX.r3.1HG0013050:0.00051808;HORVU.MOREX.r3.6HG0552010:0.000980477,AT2G37990,AT2G37990:0.000320949
5005282at2759,2,Zm00001eb151620,Zm00001eb151620:0.00016746,NA,NA,NA,NA,NA,NA,AT1G18090,AT1G18090:0.000281011
5005481at2759,2,Zm00001eb408260,Zm00001eb408260:0.00299897,SORBI_3006G163300,SORBI_3006G163300:0.00043745,NA,NA,NA,NA,NA,NA
5005482at2759,2,Zm00001eb234080,Zm00001eb234080:0.000210351,NA,NA,NA,NA,NA,NA,AT1G69370,AT1G69370:2.80766e-06
5005808at2759,2,NA,NA,SORBI_3003G325500,SORBI_3003G325500:0.00341924,NA,NA,NA,NA,AT1G79340,AT1G79340:1.626e-05
5005932at2759,2,NA,NA,SORBI_3003G136000,SORBI_3003G136000:0.00191738,NA,NA,HORVU.MOREX.r3.3HG0255520;HORVU.MOREX.r3.5HG0507520,HORVU.MOREX.r3.3HG0255520:6.12284e-05;HORVU.MOREX.r3.5HG0507520:0.00013092,NA,NA
5006030at2759,2,Zm00001eb126360;Zm00001eb334400,Zm00001eb126360:0.000256068;Zm00001eb334400:0.00126227,NA,NA,NA,NA,HORVU.MOREX.r3.3HG0218640,HORVU.MOREX.r3.3HG0218640:0.000991237,NA,NA
5006434at2759,2,Zm00001eb250940,Zm00001eb250940:3.47107e-06,SORBI_3006G192100,SORBI_3006G192100:0.00360362,NA,NA,NA,NA,NA,NA
5006558at2759,2,Zm00001eb424410,Zm00001eb424410:0.00132083,NA,NA,NA,NA,NA,NA,AT3G24503,AT3G24503:0.000245949
5009810at2759,2,NA,NA,NA,NA,NA,NA,HORVU.MOREX.r3.2HG0205500,HORVU.MOREX.r3.2HG0205500:0.000695532,AT1G52510,AT1G52510:0.000199873
5012454at2759,2,NA,NA,NA,NA,LOC_Os02g01825,LOC_Os02g01825:0.0018776,NA,NA,AT1G77440,AT1G77440:9.08397e-05
5012534at2759,2,Zm00001eb219490,Zm00001eb219490:4.33682e-05,NA,NA,NA,NA,NA,NA,AT1G14320;AT1G26910;AT1G66580,AT1G14320:1.10501e-05;AT1G26910:3.96298e-05;AT1G66580:0.000323027
5012544at2759,2,Zm00001eb212030,Zm00001eb212030:0.00123722,NA,NA,NA,NA,NA,NA,AT2G40510,AT2G40510:1.39384e-05
5012732at2759,2,Zm00001eb401790,Zm00001eb401790:0.00053279,NA,NA,NA,NA,NA,NA,AT5G35590,AT5G35590:0.000254854
5012886at2759,2,Zm00001eb146730,Zm00001eb146730:0.00126933,NA,NA,NA,NA,NA,NA,AT1G21190;AT1G76860,AT1G21190:2.85919e-06;AT1G76860:6.02595e-06
5012967at2759,2,Zm00001eb028030,Zm00001eb028030:0.003153,NA,NA,NA,NA,NA,NA,AT1G23310,AT1G23310:1.77325e-06
5012983at2759,2,Zm00001eb329030,Zm00001eb329030:0.00283966,NA,NA,NA,NA,NA,NA,AT1G14980,AT1G14980:0.000150595
5013265at2759,2,Zm00001eb012470,Zm00001eb012470:0.00228615,NA,NA,NA,NA,NA,NA,AT1G09080;AT5G02500,AT1G09080:0.000246887;AT5G02500:0.000201579
5013402at2759,2,Zm00001eb070960,Zm00001eb070960:0.00270214,NA,NA,NA,NA,NA,NA,AT3G20800,AT3G20800:0.000188008
5013657at2759,2,Zm00001eb184610,Zm00001eb184610:0.00105069,NA,NA,NA,NA,NA,NA,AT1G27450;AT4G12440,AT1G27450:8.02201e-05;AT4G12440:0.000171481
5013721at2759,2,Zm00001eb035310,Zm00001eb035310:0.00112045,NA,NA,NA,NA,NA,NA,AT2G39550,AT2G39550:0.000286344
5013741at2759,2,NA,NA,NA,NA,NA,NA,HORVU.MOREX.r3.1HG0078200,HORVU.MOREX.r3.1HG0078200:0.000103517,AT3G23310,AT3G23310:3.55034e-05
5014240at2759,2,NA,NA,NA,NA,NA,NA,HORVU.MOREX.r3.4HG0413970,HORVU.MOREX.r3.4HG0413970:0.000735011,AT3G60340;AT4G17470,AT3G60340:1.28606e-07;AT4G17470:5.60591e-06
5014265at2759,2,Zm00001eb031400;Zm00001eb207410,Zm00001eb031400:0.000497041;Zm00001eb207410:0.000101884,NA,NA,NA,NA,NA,NA,AT1G79230,AT1G79230:1.626e-05
5014458at2759,2,NA,NA,NA,NA,NA,NA,HORVU.MOREX.r3.5HG0478260,HORVU.MOREX.r3.5HG0478260:0.000155681,AT1G53570,AT1G53570:0.00011567
5014650at2759,2,Zm00001eb122500;Zm00001eb226150;Zm00001eb298190,Zm00001eb122500:0.00220523;Zm00001eb226150:0.00302837;Zm00001eb298190:0.00208605,NA,NA,NA,NA,NA,NA,AT1G15550;AT1G55290,AT1G15550:2.19536e-11;AT1G55290:9.76324e-08
5015236at2759,2,Zm00001eb275220;Zm00001eb394310,Zm00001eb275220:0.00111585;Zm00001eb394310:0.00321176,NA,NA,LOC_Os02g01840,LOC_Os02g01840:0.00126283,NA,NA,NA,NA
5015416at2759,2,Zm00001eb190620,Zm00001eb190620:0.00111439,NA,NA,NA,NA,NA,NA,AT5G15680,AT5G15680:0.000412762
5015497at2759,2,NA,NA,NA,NA,LOC_Os10g01820,LOC_Os10g01820:0.00200673,NA,NA,AT5G22800,AT5G22800:0.000187242
5015589at2759,2,Zm00001eb045350,Zm00001eb045350:0.000110031,SORBI_3001G213400,SORBI_3001G213400:0.00110372,NA,NA,NA,NA,NA,NA
5015625at2759,2,NA,NA,SORBI_3006G107200,SORBI_3006G107200:0.00159974,LOC_Os12g05070,LOC_Os12g05070:0.00132001,NA,NA,NA,NA
5015745at2759,2,Zm00001eb178810,Zm00001eb178810:0.00144219,NA,NA,NA,NA,NA,NA,AT1G22150,AT1G22150:0.000179594
5016081at2759,2,Zm00001eb149610,Zm00001eb149610:0.00322256,NA,NA,NA,NA,HORVU.MOREX.r3.3HG0297410,HORVU.MOREX.r3.3HG0297410:0.000860807,NA,NA
5016150at2759,2,Zm00001eb333230,Zm00001eb333230:0.000308096,SORBI_3003G122800,SORBI_3003G122800:0.00118909,NA,NA,NA,NA,NA,NA
5016388at2759,2,Zm00001eb258320,Zm00001eb258320:0.000765123,SORBI_3004G337800,SORBI_3004G337800:0.00279034,NA,NA,NA,NA,NA,NA
5016471at2759,2,Zm00001eb052440;Zm00001eb071010;Zm00001eb284160,Zm00001eb052440:0.00107273;Zm00001eb071010:3.2143e-06;Zm00001eb284160:0.00140572,NA,NA,NA,NA,NA,NA,AT2G04032;AT2G30080,AT2G04032:5.83084e-05;AT2G30080:0.000373333
5016808at2759,2,NA,NA,SORBI_3003G117300,SORBI_3003G117300:0.00370473,NA,NA,NA,NA,AT5G27720,AT5G27720:0.000150082
5017101at2759,2,Zm00001eb210480,Zm00001eb210480:1.96837e-05,NA,NA,NA,NA,HORVU.MOREX.r3.7HG0665540,HORVU.MOREX.r3.7HG0665540:0.00105905,NA,NA
5017426at2759,2,Zm00001eb322320,Zm00001eb322320:0.000483176,NA,NA,NA,NA,HORVU.MOREX.r3.2HG0142760,HORVU.MOREX.r3.2HG0142760:0.0014215,NA,NA
5017489at2759,2,Zm00001eb111000,Zm00001eb111000:0.00325347,NA,NA,NA,NA,NA,NA,AT5G10270,AT5G10270:0.000144894
5018604at2759,2,Zm00001eb365030,Zm00001eb365030:0.00275413,NA,NA,LOC_Os01g09110,LOC_Os01g09110:0.00189003,NA,NA,NA,NA
5018936at2759,2,Zm00001eb219820,Zm00001eb219820:0.00258302,NA,NA,NA,NA,HORVU.MOREX.r3.5HG0487140,HORVU.MOREX.r3.5HG0487140:0.000222066,NA,NA
5019624at2759,2,Zm00001eb210550,Zm00001eb210550:0.0015922,NA,NA,NA,NA,HORVU.MOREX.r3.5HG0536110,HORVU.MOREX.r3.5HG0536110:0.00124373,NA,NA
5019987at2759,2,Zm00001eb330720,Zm00001eb330720:9.7505e-05,SORBI_3003G428000,SORBI_3003G428000:0.00284638,NA,NA,NA,NA,NA,NA
5020708at2759,2,NA,NA,SORBI_3003G133900,SORBI_3003G133900:0.00315782,NA,NA,HORVU.MOREX.r3.3HG0250950,HORVU.MOREX.r3.3HG0250950:0.00120326,NA,NA
502203at3193,2,Zm00001eb245250,Zm00001eb245250:0.00183274,NA,NA,NA,NA,NA,NA,AT3G21670,AT3G21670:3.55441e-05
5023905at2759,2,Zm00001eb255140,Zm00001eb255140:0.000667467,SORBI_3005G110436,SORBI_3005G110436:0.00151995,NA,NA,NA,NA,NA,NA
5024531at2759,2,Zm00001eb397570,Zm00001eb397570:0.00121686,NA,NA,NA,NA,NA,NA,AT1G53500;AT1G78570,AT1G53500:5.41907e-05;AT1G78570:4.50335e-05
5024558at2759,2,Zm00001eb051090;Zm00001eb135470,Zm00001eb051090:0.00181714;Zm00001eb135470:0.000114236,NA,NA,NA,NA,HORVU.MOREX.r3.5HG0509170,HORVU.MOREX.r3.5HG0509170:0.000801023,NA,NA
503361at33090,2,NA,NA,SORBI_3001G335500;SORBI_3001G335600,SORBI_3001G335500:0.00207726;SORBI_3001G335600:0.00207726,NA,NA,NA,NA,AT5G48650,AT5G48650:6.67319e-05
503753at2759,2,Zm00001eb380850,Zm00001eb380850:4.89798e-05,NA,NA,NA,NA,HORVU.MOREX.r3.6HG0611070,HORVU.MOREX.r3.6HG0611070:0.00115129,NA,NA
503753at3193,2,Zm00001eb380850,Zm00001eb380850:4.89798e-05,NA,NA,NA,NA,HORVU.MOREX.r3.6HG0611070,HORVU.MOREX.r3.6HG0611070:0.00115129,NA,NA
503753at33090,2,Zm00001eb380850,Zm00001eb380850:4.89798e-05,NA,NA,NA,NA,HORVU.MOREX.r3.6HG0611070,HORVU.MOREX.r3.6HG0611070:0.00115129,NA,NA
505955at33090,2,Zm00001eb052440;Zm00001eb071010;Zm00001eb284160,Zm00001eb052440:0.00107273;Zm00001eb071010:3.2143e-06;Zm00001eb284160:0.00140572,NA,NA,NA,NA,NA,NA,AT2G04032;AT2G30080,AT2G04032:5.83084e-05;AT2G30080:0.000373333
508224at2759,2,Zm00001eb021470,Zm00001eb021470:0.00256224,NA,NA,NA,NA,NA,NA,AT4G25433,AT4G25433:3.85467e-05
508224at3193,2,Zm00001eb021470,Zm00001eb021470:0.00256224,NA,NA,NA,NA,NA,NA,AT4G25433,AT4G25433:3.85467e-05
508224at33090,2,Zm00001eb021470,Zm00001eb021470:0.00256224,NA,NA,NA,NA,NA,NA,AT4G25433,AT4G25433:3.85467e-05
50837at33090,2,Zm00001eb078040,Zm00001eb078040:0.00295342,NA,NA,NA,NA,NA,NA,AT1G71770;AT4G34110,AT1G71770:0.000290853;AT4G34110:0.000109294
508625at3193,2,NA,NA,NA,NA,NA,NA,HORVU.MOREX.r3.6HG0622250,HORVU.MOREX.r3.6HG0622250:0.000166003,AT4G25770,AT4G25770:0.000329617
5114at38820,2,NA,NA,NA,NA,LOC_Os02g01800,LOC_Os02g01800:4.1218e-06,HORVU.MOREX.r3.7HG0742350,HORVU.MOREX.r3.7HG0742350:5.87926e-05,NA,NA
5114at4447,2,NA,NA,NA,NA,LOC_Os02g01800,LOC_Os02g01800:4.1218e-06,HORVU.MOREX.r3.7HG0742350,HORVU.MOREX.r3.7HG0742350:5.87926e-05,NA,NA
51241at4447,2,NA,NA,SORBI_3004G337925,SORBI_3004G337925:0.00279034,NA,NA,HORVU.MOREX.r3.6HG0595330,HORVU.MOREX.r3.6HG0595330:0.000432969,NA,NA
51650at38820,2,Zm00001eb278470,Zm00001eb278470:0.000220102,NA,NA,LOC_Os06g01934,LOC_Os06g01934:0.00159033,NA,NA,NA,NA
51650at4447,2,Zm00001eb278470,Zm00001eb278470:0.000220102,NA,NA,LOC_Os06g01934,LOC_Os06g01934:0.00159033,NA,NA,NA,NA
51910at38820,2,Zm00001eb104060;Zm00001eb321170,Zm00001eb104060:0.000211709;Zm00001eb321170:6.58898e-05,SORBI_3002G284100,SORBI_3002G284100:0.0016811,NA,NA,NA,NA,NA,NA
51910at4447,2,Zm00001eb104060;Zm00001eb321170,Zm00001eb104060:0.000211709;Zm00001eb321170:6.58898e-05,SORBI_3002G284100,SORBI_3002G284100:0.0016811,NA,NA,NA,NA,NA,NA
519113at2759,2,Zm00001eb086860,Zm00001eb086860:0.00176942,NA,NA,NA,NA,NA,NA,AT3G60800,AT3G60800:0.000212074
519113at33090,2,Zm00001eb086860,Zm00001eb086860:0.00176942,NA,NA,NA,NA,NA,NA,AT3G60800,AT3G60800:0.000212074
519240at3193,2,Zm00001eb367670,Zm00001eb367670:0.00136227,NA,NA,NA,NA,NA,NA,AT2G37940,AT2G37940:0.000323068
519240at33090,2,Zm00001eb367670,Zm00001eb367670:0.00136227,NA,NA,NA,NA,NA,NA,AT2G37940,AT2G37940:0.000323068
52174at38820,2,Zm00001eb429100,Zm00001eb429100:4.57128e-06,SORBI_3004G285800,SORBI_3004G285800:0.00134663,NA,NA,NA,NA,NA,NA
52174at4447,2,Zm00001eb429100,Zm00001eb429100:4.57128e-06,SORBI_3004G285800,SORBI_3004G285800:0.00134663,NA,NA,NA,NA,NA,NA
521813at2759,2,Zm00001eb101050;Zm00001eb158800;Zm00001eb359190,Zm00001eb101050:0.00320662;Zm00001eb158800:0.000617397;Zm00001eb359190:0.00152563,NA,NA,NA,NA,NA,NA,AT1G70410,AT1G70410:7.35931e-05
521813at3193,2,Zm00001eb158800;Zm00001eb359190,Zm00001eb158800:0.000617397;Zm00001eb359190:0.00152563,NA,NA,NA,NA,NA,NA,AT1G70410,AT1G70410:7.35931e-05
521813at33090,2,Zm00001eb101050;Zm00001eb158800;Zm00001eb359190,Zm00001eb101050:0.00320662;Zm00001eb158800:0.000617397;Zm00001eb359190:0.00152563,NA,NA,NA,NA,NA,NA,AT1G70410,AT1G70410:7.35931e-05
522703at33090,2,Zm00001eb401720,Zm00001eb401720:0.00120304,NA,NA,NA,NA,NA,NA,AT1G22620,AT1G22620:1.77325e-06
522883at2759,2,NA,NA,SORBI_3001G050300,SORBI_3001G050300:0.000616222,NA,NA,NA,NA,AT1G55260,AT1G55260:9.75878e-06
522883at3193,2,NA,NA,SORBI_3001G050300,SORBI_3001G050300:0.000616222,NA,NA,NA,NA,AT1G55260,AT1G55260:9.75878e-06
522883at33090,2,NA,NA,SORBI_3001G050300,SORBI_3001G050300:0.000616222,NA,NA,NA,NA,AT1G55260,AT1G55260:9.75878e-06
523434at3193,2,NA,NA,NA,NA,NA,NA,HORVU.MOREX.r3.1HG0013050;HORVU.MOREX.r3.6HG0552010,HORVU.MOREX.r3.1HG0013050:0.00051808;HORVU.MOREX.r3.6HG0552010:0.000980477,AT2G37990,AT2G37990:0.000320949
523434at33090,2,NA,NA,NA,NA,NA,NA,HORVU.MOREX.r3.1HG0013050;HORVU.MOREX.r3.6HG0552010,HORVU.MOREX.r3.1HG0013050:0.00051808;HORVU.MOREX.r3.6HG0552010:0.000980477,AT2G37990,AT2G37990:0.000320949
524842at2759,2,Zm00001eb022940,Zm00001eb022940:0.000404679,NA,NA,NA,NA,HORVU.MOREX.r3.4HG0414940,HORVU.MOREX.r3.4HG0414940:0.000882198,NA,NA
524842at3193,2,Zm00001eb022940,Zm00001eb022940:0.000404679,NA,NA,NA,NA,HORVU.MOREX.r3.4HG0414940,HORVU.MOREX.r3.4HG0414940:0.000882198,NA,NA
524842at33090,2,Zm00001eb022940,Zm00001eb022940:0.000404679,NA,NA,NA,NA,HORVU.MOREX.r3.4HG0414940,HORVU.MOREX.r3.4HG0414940:0.000882198,NA,NA
525560at2759,2,Zm00001eb401720,Zm00001eb401720:0.00120304,NA,NA,NA,NA,NA,NA,AT1G22620,AT1G22620:1.77325e-06
529047at3193,2,Zm00001eb046750,Zm00001eb046750:0.0034514,NA,NA,NA,NA,NA,NA,AT5G03530,AT5G03530:0.000400627
529437at2759,2,Zm00001eb169680,Zm00001eb169680:0.00287755,NA,NA,NA,NA,NA,NA,AT3G60260,AT3G60260:6.44038e-05
529720at33090,2,Zm00001eb055490,Zm00001eb055490:0.000949995,NA,NA,NA,NA,NA,NA,AT1G65960;AT3G17760;AT5G17330,AT1G65960:0.000290662;AT3G17760:3.55629e-07;AT5G17330:1.23475e-07
530598at3193,2,Zm00001eb194260,Zm00001eb194260:0.00109785,NA,NA,NA,NA,NA,NA,AT1G78050,AT1G78050:4.72699e-07
530598at33090,2,Zm00001eb194260,Zm00001eb194260:0.00109785,NA,NA,NA,NA,NA,NA,AT1G78050,AT1G78050:4.72699e-07
531243at2759,2,Zm00001eb057490,Zm00001eb057490:0.0013252,NA,NA,NA,NA,NA,NA,AT4G16250,AT4G16250:0.00031382
531421at2759,2,NA,NA,NA,NA,NA,NA,HORVU.MOREX.r3.1HG0091350,HORVU.MOREX.r3.1HG0091350:0.000407849,AT1G26120;AT3G02410,AT1G26120:1.01872e-07;AT3G02410:0.000113234
531421at33090,2,NA,NA,NA,NA,NA,NA,HORVU.MOREX.r3.1HG0091350,HORVU.MOREX.r3.1HG0091350:0.000407849,AT1G26120;AT3G02410,AT1G26120:1.01872e-07;AT3G02410:0.000113234
532053at33090,2,Zm00001eb325410,Zm00001eb325410:0.00154328,NA,NA,NA,NA,NA,NA,AT3G61470,AT3G61470:0.000419071
532077at33090,2,Zm00001eb202580,Zm00001eb202580:8.07712e-06,SORBI_3002G043600,SORBI_3002G043600:0.00150873,NA,NA,NA,NA,NA,NA
532453at3193,2,Zm00001eb230040,Zm00001eb230040:0.00172947,NA,NA,NA,NA,NA,NA,AT1G73060,AT1G73060:3.38827e-05
532453at33090,2,Zm00001eb230040,Zm00001eb230040:0.00172947,NA,NA,NA,NA,NA,NA,AT1G73060,AT1G73060:3.38827e-05
532481at33090,2,Zm00001eb416450,Zm00001eb416450:0.00261341,NA,NA,NA,NA,NA,NA,AT3G17830,AT3G17830:1.51095e-05
532695at2759,2,NA,NA,SORBI_3001G290600,SORBI_3001G290600:0.00345277,NA,NA,NA,NA,AT1G32440,AT1G32440:7.97548e-05
532695at3193,2,NA,NA,SORBI_3001G290600,SORBI_3001G290600:0.00345277,NA,NA,NA,NA,AT1G32440,AT1G32440:7.97548e-05
532695at33090,2,NA,NA,SORBI_3001G290600,SORBI_3001G290600:0.00345277,NA,NA,NA,NA,AT1G32440,AT1G32440:7.97548e-05
532937at3193,2,Zm00001eb335820,Zm00001eb335820:0.00106792,NA,NA,NA,NA,NA,NA,AT2G37680,AT2G37680:0.00026019
533010at3193,2,Zm00001eb258880,Zm00001eb258880:0.0028029,NA,NA,NA,NA,HORVU.MOREX.r3.6HG0629350,HORVU.MOREX.r3.6HG0629350:6.554e-06,NA,NA
533335at3193,2,NA,NA,NA,NA,NA,NA,HORVU.MOREX.r3.3HG0311760,HORVU.MOREX.r3.3HG0311760:0.000608,AT1G18720,AT1G18720:0.000301859
534134at2759,2,Zm00001eb370850,Zm00001eb370850:0.00070257,NA,NA,NA,NA,HORVU.MOREX.r3.1HG0077430,HORVU.MOREX.r3.1HG0077430:0.000849916,NA,NA
534134at3193,2,Zm00001eb370850,Zm00001eb370850:0.00070257,NA,NA,NA,NA,HORVU.MOREX.r3.1HG0077430,HORVU.MOREX.r3.1HG0077430:0.000849916,NA,NA
534134at33090,2,Zm00001eb370850,Zm00001eb370850:0.00070257,NA,NA,NA,NA,HORVU.MOREX.r3.1HG0077430,HORVU.MOREX.r3.1HG0077430:0.000849916,NA,NA
534216at33090,2,Zm00001eb191710,Zm00001eb191710:0.00322648,NA,NA,NA,NA,NA,NA,AT1G03905;AT5G02270,AT1G03905:0.000302829;AT5G02270:0.000112496
534671at2759,2,Zm00001eb190340,Zm00001eb190340:0.000165403,NA,NA,NA,NA,NA,NA,AT1G66200,AT1G66200:0.000105813
534896at2759,2,Zm00001eb213140,Zm00001eb213140:0.0012678,NA,NA,NA,NA,NA,NA,AT1G14400,AT1G14400:5.151e-05
535258at2759,2,Zm00001eb295710,Zm00001eb295710:0.00237567,NA,NA,NA,NA,NA,NA,AT1G16890,AT1G16890:8.73815e-05
535592at3193,2,Zm00001eb402750,Zm00001eb402750:0.00262817,NA,NA,NA,NA,NA,NA,AT5G57490,AT5G57490:2.21688e-05
536116at33090,2,Zm00001eb041280;Zm00001eb163690,Zm00001eb041280:0.00151244;Zm00001eb163690:0.00216124,NA,NA,NA,NA,NA,NA,AT3G45400,AT3G45400:5.19222e-06
536470at3193,2,Zm00001eb153710,Zm00001eb153710:0.000885617,NA,NA,NA,NA,HORVU.MOREX.r3.3HG0287740,HORVU.MOREX.r3.3HG0287740:0.00146046,NA,NA
536470at33090,2,Zm00001eb153710,Zm00001eb153710:0.000885617,NA,NA,NA,NA,HORVU.MOREX.r3.3HG0287740,HORVU.MOREX.r3.3HG0287740:0.00146046,NA,NA
537661at33090,2,Zm00001eb295890,Zm00001eb295890:0.00137009,NA,NA,NA,NA,NA,NA,AT1G27650,AT1G27650:2.70762e-06
537715at3193,2,NA,NA,NA,NA,LOC_Os01g07080,LOC_Os01g07080:0.000935467,NA,NA,AT1G17520;AT1G72740,AT1G17520:1.6699e-06;AT1G72740:0.000209979
53817at38820,2,Zm00001eb286930,Zm00001eb286930:0.00334148,SORBI_3009G122000,SORBI_3009G122000:0.00198899,NA,NA,NA,NA,NA,NA
53817at4447,2,Zm00001eb286930,Zm00001eb286930:0.00334148,SORBI_3009G122000,SORBI_3009G122000:0.00198899,NA,NA,NA,NA,NA,NA
538394at2759,2,NA,NA,NA,NA,NA,NA,HORVU.MOREX.r3.7HG0643680,HORVU.MOREX.r3.7HG0643680:7.78203e-05,AT2G04740,AT2G04740:0.000202246
538768at33090,2,Zm00001eb138710,Zm00001eb138710:0.00340724,NA,NA,NA,NA,NA,NA,AT1G22940,AT1G22940:2.71227e-05
539932at2759,2,Zm00001eb231360,Zm00001eb231360:0.000759018,NA,NA,NA,NA,NA,NA,AT2G18160,AT2G18160:0.000384863
539932at3193,2,Zm00001eb231360,Zm00001eb231360:0.000759018,NA,NA,NA,NA,NA,NA,AT2G18160,AT2G18160:0.000384863
539932at33090,2,Zm00001eb231360,Zm00001eb231360:0.000759018,NA,NA,NA,NA,NA,NA,AT2G18160,AT2G18160:0.000384863
540453at2759,2,Zm00001eb193370,Zm00001eb193370:0.000527488,NA,NA,NA,NA,HORVU.MOREX.r3.7HG0663390,HORVU.MOREX.r3.7HG0663390:0.00124289,NA,NA
540919at3193,2,Zm00001eb365030,Zm00001eb365030:0.00275413,NA,NA,LOC_Os01g09110,LOC_Os01g09110:0.00189003,NA,NA,NA,NA
541084at3193,2,Zm00001eb245230,Zm00001eb245230:0.00183274,NA,NA,NA,NA,NA,NA,AT3G27280;AT5G40770,AT3G27280:0.000221658;AT5G40770:7.30776e-05
542198at2759,2,NA,NA,NA,NA,NA,NA,HORVU.MOREX.r3.3HG0282930,HORVU.MOREX.r3.3HG0282930:4.51506e-05,AT5G18970,AT5G18970:0.000312925
542198at3193,2,NA,NA,NA,NA,NA,NA,HORVU.MOREX.r3.3HG0282930,HORVU.MOREX.r3.3HG0282930:4.51506e-05,AT5G18970,AT5G18970:0.000312925
542198at33090,2,NA,NA,NA,NA,NA,NA,HORVU.MOREX.r3.3HG0282930,HORVU.MOREX.r3.3HG0282930:4.51506e-05,AT5G18970,AT5G18970:0.000312925
543718at2759,2,Zm00001eb195630,Zm00001eb195630:0.00260074,NA,NA,LOC_Os10g03870,LOC_Os10g03870:0.00204413,NA,NA,NA,NA
54399at38820,2,Zm00001eb126890,Zm00001eb126890:0.0006847,SORBI_3003G105600,SORBI_3003G105600:0.00156998,NA,NA,NA,NA,NA,NA
54399at4447,2,Zm00001eb126890,Zm00001eb126890:0.0006847,SORBI_3003G105600,SORBI_3003G105600:0.00156998,NA,NA,NA,NA,NA,NA
544728at2759,2,Zm00001eb204970,Zm00001eb204970:0.00107366,NA,NA,NA,NA,NA,NA,AT5G19680,AT5G19680:5.41907e-05
546202at2759,2,Zm00001eb187880;Zm00001eb251390,Zm00001eb187880:0.000857654;Zm00001eb251390:0.00146489,SORBI_3007G050500,SORBI_3007G050500:0.00116325,NA,NA,NA,NA,NA,NA
546202at3193,2,Zm00001eb187880;Zm00001eb251390,Zm00001eb187880:0.000857654;Zm00001eb251390:0.00146489,SORBI_3007G050500,SORBI_3007G050500:0.00116325,NA,NA,NA,NA,NA,NA
546202at33090,2,Zm00001eb187880;Zm00001eb251390,Zm00001eb187880:0.000857654;Zm00001eb251390:0.00146489,SORBI_3007G050500,SORBI_3007G050500:0.00116325,NA,NA,NA,NA,NA,NA
547677at2759,2,NA,NA,NA,NA,NA,NA,HORVU.MOREX.r3.1HG0094890,HORVU.MOREX.r3.1HG0094890:0.000138823,AT1G72770,AT1G72770:1.59073e-05
547677at3193,2,NA,NA,NA,NA,NA,NA,HORVU.MOREX.r3.1HG0094890,HORVU.MOREX.r3.1HG0094890:0.000138823,AT1G72770,AT1G72770:1.59073e-05
547677at33090,2,NA,NA,NA,NA,NA,NA,HORVU.MOREX.r3.1HG0094890,HORVU.MOREX.r3.1HG0094890:0.000138823,AT1G72770,AT1G72770:1.59073e-05
548147at2759,2,Zm00001eb320820;Zm00001eb320830,Zm00001eb320820:0.000336695;Zm00001eb320830:0.000336695,NA,NA,NA,NA,NA,NA,AT3G17730,AT3G17730:0.000397524
548147at3193,2,Zm00001eb320820;Zm00001eb320830,Zm00001eb320820:0.000336695;Zm00001eb320830:0.000336695,NA,NA,NA,NA,NA,NA,AT3G17730,AT3G17730:0.000397524
548147at33090,2,Zm00001eb320820;Zm00001eb320830,Zm00001eb320820:0.000336695;Zm00001eb320830:0.000336695,NA,NA,NA,NA,NA,NA,AT3G17730,AT3G17730:0.000397524
548343at3193,2,Zm00001eb051090;Zm00001eb135470,Zm00001eb051090:0.00181714;Zm00001eb135470:0.000114236,NA,NA,NA,NA,HORVU.MOREX.r3.5HG0509170,HORVU.MOREX.r3.5HG0509170:0.000801023,NA,NA
548343at33090,2,Zm00001eb051090;Zm00001eb135470,Zm00001eb051090:0.00181714;Zm00001eb135470:0.000114236,NA,NA,NA,NA,HORVU.MOREX.r3.5HG0509170,HORVU.MOREX.r3.5HG0509170:0.000801023,NA,NA
54841at4447,2,Zm00001eb190430,Zm00001eb190430:0.000308863,NA,NA,NA,NA,HORVU.MOREX.r3.6HG0616240,HORVU.MOREX.r3.6HG0616240:0.000119853,NA,NA
549923at2759,2,Zm00001eb344540,Zm00001eb344540:2.76527e-05,NA,NA,NA,NA,HORVU.MOREX.r3.1HG0091840,HORVU.MOREX.r3.1HG0091840:0.00112501,NA,NA
549923at3193,2,Zm00001eb344540,Zm00001eb344540:2.76527e-05,NA,NA,NA,NA,HORVU.MOREX.r3.1HG0091840,HORVU.MOREX.r3.1HG0091840:0.00112501,NA,NA
549923at33090,2,Zm00001eb344540,Zm00001eb344540:2.76527e-05,NA,NA,NA,NA,HORVU.MOREX.r3.1HG0091840,HORVU.MOREX.r3.1HG0091840:0.00112501,NA,NA
553168at3193,2,Zm00001eb397570,Zm00001eb397570:0.00121686,NA,NA,NA,NA,NA,NA,AT1G53500;AT1G78570,AT1G53500:5.41907e-05;AT1G78570:4.50335e-05
553168at33090,2,Zm00001eb397570,Zm00001eb397570:0.00121686,NA,NA,NA,NA,NA,NA,AT1G53500;AT1G78570,AT1G53500:5.41907e-05;AT1G78570:4.50335e-05
555495at2759,2,NA,NA,NA,NA,NA,NA,HORVU.MOREX.r3.2HG0107000,HORVU.MOREX.r3.2HG0107000:0.00039226,AT4G17260,AT4G17260:0.000307669
555495at3193,2,NA,NA,NA,NA,NA,NA,HORVU.MOREX.r3.2HG0107000,HORVU.MOREX.r3.2HG0107000:0.00039226,AT4G17260,AT4G17260:0.000307669
555495at33090,2,NA,NA,NA,NA,NA,NA,HORVU.MOREX.r3.2HG0107000,HORVU.MOREX.r3.2HG0107000:0.00039226,AT4G17260,AT4G17260:0.000307669
556210at2759,2,Zm00001eb124670,Zm00001eb124670:0.00312552,NA,NA,NA,NA,NA,NA,AT4G34412,AT4G34412:1.42995e-08
55821at38820,2,Zm00001eb364200,Zm00001eb364200:0.00228745,NA,NA,LOC_Os01g09240,LOC_Os01g09240:0.00212388,NA,NA,NA,NA
55821at4447,2,Zm00001eb364200,Zm00001eb364200:0.00228745,NA,NA,LOC_Os01g09240,LOC_Os01g09240:0.00212388,NA,NA,NA,NA
56247at38820,2,Zm00001eb071500,Zm00001eb071500:0.00252523,SORBI_3006G207400,SORBI_3006G207400:5.35151e-05,NA,NA,NA,NA,NA,NA
56247at4447,2,Zm00001eb071500,Zm00001eb071500:0.00252523,SORBI_3006G207400,SORBI_3006G207400:5.35151e-05,NA,NA,NA,NA,NA,NA
5636at38820,2,Zm00001eb104040,Zm00001eb104040:0.000211709,SORBI_3002G283300,SORBI_3002G283300:0.0016811,NA,NA,NA,NA,NA,NA
5636at4447,2,Zm00001eb104040,Zm00001eb104040:0.000211709,SORBI_3002G283300,SORBI_3002G283300:0.0016811,NA,NA,NA,NA,NA,NA
56437at38820,2,NA,NA,SORBI_3003G277700,SORBI_3003G277700:0.000693709,LOC_Os01g07170,LOC_Os01g07170:0.000855842,NA,NA,NA,NA
56437at4447,2,NA,NA,SORBI_3003G277700,SORBI_3003G277700:0.000693709,LOC_Os01g07170,LOC_Os01g07170:0.000855842,NA,NA,NA,NA
56741at3193,2,NA,NA,NA,NA,NA,NA,HORVU.MOREX.r3.7HG0657010,HORVU.MOREX.r3.7HG0657010:4.67627e-05,AT2G25340,AT2G25340:0.000397012
56907at38820,2,NA,NA,NA,NA,LOC_Os06g02250,LOC_Os06g02250:0.00132028,HORVU.MOREX.r3.7HG0709580,HORVU.MOREX.r3.7HG0709580:0.000125054,NA,NA
56907at4447,2,NA,NA,NA,NA,LOC_Os06g02250,LOC_Os06g02250:0.00132028,HORVU.MOREX.r3.7HG0709580,HORVU.MOREX.r3.7HG0709580:0.000125054,NA,NA
56at38820,2,Zm00001eb403740,Zm00001eb403740:0.00203688,SORBI_3001G314500,SORBI_3001G314500:0.00157,NA,NA,NA,NA,NA,NA
56at4447,2,Zm00001eb403740,Zm00001eb403740:0.00203688,SORBI_3001G314500,SORBI_3001G314500:0.00157,NA,NA,NA,NA,NA,NA
57281at38820,2,Zm00001eb048150,Zm00001eb048150:0.000158674,SORBI_3001G250200,SORBI_3001G250200:0.00162808,NA,NA,NA,NA,NA,NA
57422at3193,2,Zm00001eb125400,Zm00001eb125400:0.00240375,NA,NA,NA,NA,NA,NA,AT1G79520,AT1G79520:0.000405848
57526at38820,2,NA,NA,SORBI_3003G373200,SORBI_3003G373200:0.000835343,NA,NA,HORVU.MOREX.r3.2HG0107260,HORVU.MOREX.r3.2HG0107260:0.00102557,NA,NA
57950at38820,2,Zm00001eb206350,Zm00001eb206350:0.000941622,NA,NA,NA,NA,HORVU.MOREX.r3.6HG0574990,HORVU.MOREX.r3.6HG0574990:1.65618e-06,NA,NA
57950at4447,2,Zm00001eb206350,Zm00001eb206350:0.000941622,NA,NA,NA,NA,HORVU.MOREX.r3.6HG0574990,HORVU.MOREX.r3.6HG0574990:1.65618e-06,NA,NA
57962at38820,2,Zm00001eb046210,Zm00001eb046210:4.12114e-06,NA,NA,NA,NA,HORVU.MOREX.r3.4HG0411460,HORVU.MOREX.r3.4HG0411460:0.000430302,NA,NA
58234at38820,2,NA,NA,SORBI_3009G043000,SORBI_3009G043000:0.00351972,LOC_Os01g09130,LOC_Os01g09130:0.000398981,NA,NA,NA,NA
58234at4447,2,NA,NA,SORBI_3009G043000,SORBI_3009G043000:0.00351972,LOC_Os01g09130,LOC_Os01g09130:0.000398981,NA,NA,NA,NA
583067at3193,2,Zm00001eb061450,Zm00001eb061450:0.00117433,NA,NA,NA,NA,NA,NA,AT3G58500,AT3G58500:5.71572e-05
583067at33090,2,Zm00001eb061450,Zm00001eb061450:0.00117433,NA,NA,NA,NA,NA,NA,AT3G58500,AT3G58500:5.71572e-05
58327at38820,2,Zm00001eb074820,Zm00001eb074820:0.00232769,NA,NA,NA,NA,HORVU.MOREX.r3.2HG0189840,HORVU.MOREX.r3.2HG0189840:0.000115324,NA,NA
58327at4447,2,Zm00001eb074820,Zm00001eb074820:0.00232769,NA,NA,NA,NA,HORVU.MOREX.r3.2HG0189840,HORVU.MOREX.r3.2HG0189840:0.000115324,NA,NA
583307at3193,2,Zm00001eb258090,Zm00001eb258090:0.0034312,NA,NA,NA,NA,NA,NA,AT1G67250,AT1G67250:0.000241539
583332at3193,2,Zm00001eb403710,Zm00001eb403710:0.0020853,SORBI_3001G314700,SORBI_3001G314700:0.00157,NA,NA,NA,NA,NA,NA
583420at3193,2,Zm00001eb403740,Zm00001eb403740:0.00203688,SORBI_3001G314500,SORBI_3001G314500:0.00157,NA,NA,NA,NA,NA,NA
583420at33090,2,Zm00001eb403740,Zm00001eb403740:0.00203688,SORBI_3001G314500,SORBI_3001G314500:0.00157,NA,NA,NA,NA,NA,NA
583601at3193,2,Zm00001eb295120,Zm00001eb295120:0.00100821,NA,NA,NA,NA,NA,NA,AT1G15110,AT1G15110:0.000247637
583601at33090,2,Zm00001eb295120,Zm00001eb295120:0.00100821,NA,NA,NA,NA,NA,NA,AT1G15110,AT1G15110:0.000247637
583621at3193,2,Zm00001eb151160,Zm00001eb151160:0.000171535,NA,NA,NA,NA,NA,NA,AT1G27970,AT1G27970:0.000104386
583934at3193,2,NA,NA,SORBI_3003G010400;SORBI_3003G276100,SORBI_3003G010400:0.00330093;SORBI_3003G276100:0.00240628,NA,NA,HORVU.MOREX.r3.1HG0077340,HORVU.MOREX.r3.1HG0077340:9.52672e-05,NA,NA
583934at33090,2,NA,NA,SORBI_3003G010400;SORBI_3003G276100,SORBI_3003G010400:0.00330093;SORBI_3003G276100:0.00240628,NA,NA,HORVU.MOREX.r3.1HG0077340,HORVU.MOREX.r3.1HG0077340:9.52672e-05,NA,NA
584115at3193,2,Zm00001eb031340,Zm00001eb031340:0.00151064,NA,NA,NA,NA,HORVU.MOREX.r3.1HG0091430,HORVU.MOREX.r3.1HG0091430:0.00126157,NA,NA
584115at33090,2,Zm00001eb031340,Zm00001eb031340:0.00151064,NA,NA,NA,NA,HORVU.MOREX.r3.1HG0091430,HORVU.MOREX.r3.1HG0091430:0.00126157,NA,NA
584499at2759,2,Zm00001eb191650,Zm00001eb191650:0.00149014,NA,NA,NA,NA,NA,NA,AT3G23430,AT3G23430:8.71511e-05
584617at3193,2,Zm00001eb433910,Zm00001eb433910:3.36249e-05,NA,NA,NA,NA,NA,NA,AT2G38180,AT2G38180:2.54697e-08
585065at2759,2,Zm00001eb210490,Zm00001eb210490:1.96837e-05,SORBI_3005G080400,SORBI_3005G080400:0.00134831,NA,NA,NA,NA,NA,NA
585065at3193,2,Zm00001eb210490,Zm00001eb210490:1.96837e-05,SORBI_3005G080400,SORBI_3005G080400:0.00134831,NA,NA,NA,NA,NA,NA
585065at33090,2,Zm00001eb210490,Zm00001eb210490:1.96837e-05,SORBI_3005G080400,SORBI_3005G080400:0.00134831,NA,NA,NA,NA,NA,NA
585142at3193,2,NA,NA,NA,NA,NA,NA,HORVU.MOREX.r3.4HG0413910,HORVU.MOREX.r3.4HG0413910:0.00015228,AT1G55120;AT3G13784,AT1G55120:0.000214373;AT3G13784:0.000326654
585142at33090,2,NA,NA,NA,NA,NA,NA,HORVU.MOREX.r3.4HG0413910,HORVU.MOREX.r3.4HG0413910:0.00015228,AT1G55120;AT3G13784,AT1G55120:0.000214373;AT3G13784:0.000326654
585672at3193,2,Zm00001eb190340,Zm00001eb190340:0.000165403,NA,NA,NA,NA,NA,NA,AT1G66200,AT1G66200:0.000105813
585905at33090,2,Zm00001eb028030,Zm00001eb028030:0.003153,NA,NA,NA,NA,NA,NA,AT1G23310,AT1G23310:1.77325e-06
585906at2759,2,Zm00001eb191610,Zm00001eb191610:0.00204946,SORBI_3004G340200;SORBI_3004G340300,SORBI_3004G340200:0.00304408;SORBI_3004G340300:0.00304408,NA,NA,NA,NA,NA,NA
585906at3193,2,Zm00001eb191610,Zm00001eb191610:0.00204946,SORBI_3004G340200;SORBI_3004G340300,SORBI_3004G340200:0.00304408;SORBI_3004G340300:0.00304408,NA,NA,NA,NA,NA,NA
585906at33090,2,Zm00001eb191610,Zm00001eb191610:0.00204946,SORBI_3004G340200;SORBI_3004G340300,SORBI_3004G340200:0.00304408;SORBI_3004G340300:0.00304408,NA,NA,NA,NA,NA,NA
586126at3193,2,Zm00001eb070480;Zm00001eb194450,Zm00001eb070480:0.000837088;Zm00001eb194450:0.000753065,NA,NA,NA,NA,NA,NA,AT1G26930;AT1G74510,AT1G26930:0.000124548;AT1G74510:5.90914e-05
586126at33090,2,Zm00001eb070480;Zm00001eb194450,Zm00001eb070480:0.000837088;Zm00001eb194450:0.000753065,NA,NA,NA,NA,NA,NA,AT1G26930;AT1G74510,AT1G26930:0.000124548;AT1G74510:5.90914e-05
586267at3193,2,NA,NA,NA,NA,LOC_Os01g06680,LOC_Os01g06680:0.00212994,NA,NA,AT5G58740,AT5G58740:9.24099e-05
586313at3193,2,Zm00001eb151650,Zm00001eb151650:0.000114407,NA,NA,NA,NA,NA,NA,AT1G56360,AT1G56360:9.75878e-06
586564at2759,2,Zm00001eb258400,Zm00001eb258400:0.00212129,SORBI_3004G338800,SORBI_3004G338800:0.000205224,NA,NA,NA,NA,NA,NA
586564at3193,2,Zm00001eb258400,Zm00001eb258400:0.00212129,SORBI_3004G338800,SORBI_3004G338800:0.000205224,NA,NA,NA,NA,NA,NA
586564at33090,2,Zm00001eb258400,Zm00001eb258400:0.00212129,SORBI_3004G338800,SORBI_3004G338800:0.000205224,NA,NA,NA,NA,NA,NA
586569at3193,2,Zm00001eb075460,Zm00001eb075460:0.00331058,NA,NA,NA,NA,NA,NA,AT1G62710,AT1G62710:0.000128056
586569at33090,2,Zm00001eb075460,Zm00001eb075460:0.00331058,NA,NA,NA,NA,NA,NA,AT1G62710,AT1G62710:0.000128056
586662at2759,2,Zm00001eb376490,Zm00001eb376490:0.00052851,SORBI_3003G242000,SORBI_3003G242000:0.001004,NA,NA,NA,NA,NA,NA
586662at33090,2,Zm00001eb376490,Zm00001eb376490:0.00052851,SORBI_3003G242000,SORBI_3003G242000:0.001004,NA,NA,NA,NA,NA,NA
587073at2759,2,NA,NA,SORBI_3009G045300,SORBI_3009G045300:0.00258854,NA,NA,NA,NA,AT1G12820,AT1G12820:3.16519e-06
587073at3193,2,NA,NA,SORBI_3009G045300,SORBI_3009G045300:0.00258854,NA,NA,NA,NA,AT1G12820,AT1G12820:3.16519e-06
587073at33090,2,NA,NA,SORBI_3009G045300,SORBI_3009G045300:0.00258854,NA,NA,NA,NA,AT1G12820,AT1G12820:3.16519e-06
587819at2759,2,Zm00001eb061630;Zm00001eb325120,Zm00001eb061630:0.00114924;Zm00001eb325120:0.000447834,NA,NA,NA,NA,NA,NA,AT1G55360;AT5G18460,AT1G55360:6.31487e-05;AT5G18460:0.0002579
587819at3193,2,Zm00001eb061630;Zm00001eb325120,Zm00001eb061630:0.00114924;Zm00001eb325120:0.000447834,NA,NA,NA,NA,NA,NA,AT1G55360;AT5G18460,AT1G55360:6.31487e-05;AT5G18460:0.0002579
587819at33090,2,Zm00001eb061630;Zm00001eb325120,Zm00001eb061630:0.00114924;Zm00001eb325120:0.000447834,NA,NA,NA,NA,NA,NA,AT1G55360;AT5G18460,AT1G55360:6.31487e-05;AT5G18460:0.0002579
588513at2759,2,Zm00001eb056580;Zm00001eb069180;Zm00001eb093890;Zm00001eb219190,Zm00001eb056580:0.000960699;Zm00001eb069180:0.00336339;Zm00001eb093890:1.34587e-05;Zm00001eb219190:0.0013894,SORBI_3004G201300,SORBI_3004G201300:0.00365393,NA,NA,NA,NA,NA,NA
588513at33090,2,Zm00001eb056580;Zm00001eb069180;Zm00001eb093890;Zm00001eb219190,Zm00001eb056580:0.000960699;Zm00001eb069180:0.00336339;Zm00001eb093890:1.34587e-05;Zm00001eb219190:0.0013894,SORBI_3004G201300,SORBI_3004G201300:0.00365393,NA,NA,NA,NA,NA,NA
588646at2759,2,Zm00001eb402630;Zm00001eb402640,Zm00001eb402630:0.00218554;Zm00001eb402640:0.00218554,SORBI_3004G094200,SORBI_3004G094200:0.00330005,NA,NA,NA,NA,NA,NA
588659at3193,2,Zm00001eb302280,Zm00001eb302280:0.00342916,NA,NA,NA,NA,NA,NA,AT3G52190,AT3G52190:0.00020934
588659at33090,2,Zm00001eb302280,Zm00001eb302280:0.00342916,NA,NA,NA,NA,NA,NA,AT3G52190,AT3G52190:0.00020934
589116at3193,2,Zm00001eb294370;Zm00001eb357450,Zm00001eb294370:0.000340511;Zm00001eb357450:0.00298862,NA,NA,NA,NA,NA,NA,AT2G28305;AT5G06300,AT2G28305:0.000109999;AT5G06300:0.000408622
589952at3193,2,Zm00001eb045520,Zm00001eb045520:0.00343685,NA,NA,NA,NA,NA,NA,AT1G17960,AT1G17960:0.000376566
590106at2759,2,Zm00001eb249020,Zm00001eb249020:8.1067e-07,SORBI_3004G299700;SORBI_3006G053100,SORBI_3004G299700:0.000357671;SORBI_3006G053100:0.00254493,NA,NA,NA,NA,NA,NA
590794at2759,2,Zm00001eb028440,Zm00001eb028440:0.000794603,SORBI_3003G051400,SORBI_3003G051400:0.00266554,NA,NA,NA,NA,NA,NA
590794at3193,2,Zm00001eb028440,Zm00001eb028440:0.000794603,SORBI_3003G051400,SORBI_3003G051400:0.00266554,NA,NA,NA,NA,NA,NA
590794at33090,2,Zm00001eb028440,Zm00001eb028440:0.000794603,SORBI_3003G051400,SORBI_3003G051400:0.00266554,NA,NA,NA,NA,NA,NA
590888at3193,2,Zm00001eb184610,Zm00001eb184610:0.00105069,NA,NA,NA,NA,NA,NA,AT1G27450;AT4G12440,AT1G27450:8.02201e-05;AT4G12440:0.000171481
590888at33090,2,Zm00001eb184610,Zm00001eb184610:0.00105069,NA,NA,NA,NA,NA,NA,AT1G27450;AT4G12440,AT1G27450:8.02201e-05;AT4G12440:0.000171481
591456at3193,2,Zm00001eb043590,Zm00001eb043590:4.29419e-05,NA,NA,NA,NA,NA,NA,AT2G43400,AT2G43400:0.000306463
591456at33090,2,Zm00001eb043590,Zm00001eb043590:4.29419e-05,NA,NA,NA,NA,NA,NA,AT2G43400,AT2G43400:0.000306463
591574at3193,2,Zm00001eb275630;Zm00001eb330610,Zm00001eb275630:0.00237887;Zm00001eb330610:0.00106038,NA,NA,NA,NA,NA,NA,AT2G40540,AT2G40540:1.39384e-05
591574at33090,2,Zm00001eb275630;Zm00001eb330610,Zm00001eb275630:0.00237887;Zm00001eb330610:0.00106038,NA,NA,NA,NA,NA,NA,AT2G40540,AT2G40540:1.39384e-05
592229at3193,2,Zm00001eb171020;Zm00001eb414020,Zm00001eb171020:0.000246225;Zm00001eb414020:0.00178537,NA,NA,NA,NA,NA,NA,AT2G24360,AT2G24360:7.80706e-06
592337at3193,2,NA,NA,NA,NA,NA,NA,HORVU.MOREX.r3.6HG0610720;HORVU.MOREX.r3.7HG0656540,HORVU.MOREX.r3.6HG0610720:0.000219645;HORVU.MOREX.r3.7HG0656540:0.000323365,AT5G56190,AT5G56190:9.78061e-06
592385at2759,2,Zm00001eb304560;Zm00001eb313250,Zm00001eb304560:0.00229353;Zm00001eb313250:0.00194842,SORBI_3002G094600,SORBI_3002G094600:0.00296534,NA,NA,NA,NA,NA,NA
592385at3193,2,Zm00001eb304560;Zm00001eb313250,Zm00001eb304560:0.00229353;Zm00001eb313250:0.00194842,SORBI_3002G094600,SORBI_3002G094600:0.00296534,NA,NA,NA,NA,NA,NA
592385at33090,2,Zm00001eb304560;Zm00001eb313250,Zm00001eb304560:0.00229353;Zm00001eb313250:0.00194842,SORBI_3002G094600,SORBI_3002G094600:0.00296534,NA,NA,NA,NA,NA,NA
592581at2759,2,NA,NA,SORBI_3007G119700,SORBI_3007G119700:0.000246909,NA,NA,HORVU.MOREX.r3.3HG0310240,HORVU.MOREX.r3.3HG0310240:1.0924e-05,NA,NA
592581at3193,2,NA,NA,SORBI_3007G119700,SORBI_3007G119700:0.000246909,NA,NA,HORVU.MOREX.r3.3HG0310240,HORVU.MOREX.r3.3HG0310240:1.0924e-05,NA,NA
592581at33090,2,NA,NA,SORBI_3007G119700,SORBI_3007G119700:0.000246909,NA,NA,HORVU.MOREX.r3.3HG0310240,HORVU.MOREX.r3.3HG0310240:1.0924e-05,NA,NA
592684at3193,2,Zm00001eb317720,Zm00001eb317720:0.00131453,NA,NA,NA,NA,NA,NA,AT3G60820,AT3G60820:7.6954e-05
592684at33090,2,Zm00001eb317720,Zm00001eb317720:0.00131453,NA,NA,NA,NA,NA,NA,AT3G60820,AT3G60820:7.6954e-05
592753at2759,2,Zm00001eb057460,Zm00001eb057460:0.0013252,SORBI_3002G164300,SORBI_3002G164300:0.00117878,NA,NA,NA,NA,NA,NA
592753at3193,2,Zm00001eb057460,Zm00001eb057460:0.0013252,SORBI_3002G164300,SORBI_3002G164300:0.00117878,NA,NA,NA,NA,NA,NA
592753at33090,2,Zm00001eb057460,Zm00001eb057460:0.0013252,SORBI_3002G164300,SORBI_3002G164300:0.00117878,NA,NA,NA,NA,NA,NA
592758at2759,2,NA,NA,NA,NA,NA,NA,HORVU.MOREX.r3.5HG0484060;HORVU.MOREX.r3.5HG0484070,HORVU.MOREX.r3.5HG0484060:0.000728758;HORVU.MOREX.r3.5HG0484070:0.000728758,AT1G80840,AT1G80840:0.000112323
592758at3193,2,NA,NA,NA,NA,NA,NA,HORVU.MOREX.r3.5HG0484060;HORVU.MOREX.r3.5HG0484070,HORVU.MOREX.r3.5HG0484060:0.000728758;HORVU.MOREX.r3.5HG0484070:0.000728758,AT1G80840,AT1G80840:0.000112323
592758at33090,2,NA,NA,NA,NA,NA,NA,HORVU.MOREX.r3.5HG0484060;HORVU.MOREX.r3.5HG0484070,HORVU.MOREX.r3.5HG0484060:0.000728758;HORVU.MOREX.r3.5HG0484070:0.000728758,AT1G80840,AT1G80840:0.000112323
593168at3193,2,NA,NA,NA,NA,LOC_Os02g02730;LOC_Os08g05300,LOC_Os02g02730:0.000739514;LOC_Os08g05300:0.00202586,NA,NA,AT4G26510;AT5G40870,AT4G26510:4.19793e-11;AT5G40870:0.000216946
593437at3193,2,Zm00001eb254540,Zm00001eb254540:0.00245623,SORBI_3004G238100,SORBI_3004G238100:0.0022883,NA,NA,NA,NA,NA,NA
593437at33090,2,Zm00001eb254540,Zm00001eb254540:0.00245623,SORBI_3004G238100,SORBI_3004G238100:0.0022883,NA,NA,NA,NA,NA,NA
593487at2759,2,Zm00001eb211870,Zm00001eb211870:0.000241498,NA,NA,NA,NA,HORVU.MOREX.r3.5HG0424550,HORVU.MOREX.r3.5HG0424550:1.8253e-06,NA,NA
593487at3193,2,Zm00001eb211870,Zm00001eb211870:0.000241498,NA,NA,NA,NA,HORVU.MOREX.r3.5HG0424550,HORVU.MOREX.r3.5HG0424550:1.8253e-06,NA,NA
593487at33090,2,Zm00001eb211870,Zm00001eb211870:0.000241498,NA,NA,NA,NA,HORVU.MOREX.r3.5HG0424550,HORVU.MOREX.r3.5HG0424550:1.8253e-06,NA,NA
593791at2759,2,Zm00001eb246210,Zm00001eb246210:0.000908683,NA,NA,NA,NA,NA,NA,AT5G13240,AT5G13240:3.27011e-06
593791at3193,2,Zm00001eb246210,Zm00001eb246210:0.000908683,NA,NA,NA,NA,NA,NA,AT5G13240,AT5G13240:3.27011e-06
593791at33090,2,Zm00001eb246210,Zm00001eb246210:0.000908683,NA,NA,NA,NA,NA,NA,AT5G13240,AT5G13240:3.27011e-06
594030at2759,2,Zm00001eb171020;Zm00001eb414020,Zm00001eb171020:0.000246225;Zm00001eb414020:0.00178537,NA,NA,NA,NA,NA,NA,AT2G24360;AT5G40540,AT2G24360:7.80706e-06;AT5G40540:0.000136125
594369at2759,2,NA,NA,SORBI_3004G322600,SORBI_3004G322600:7.98386e-05,NA,NA,NA,NA,AT5G57610,AT5G57610:0.000357468
594369at3193,2,NA,NA,SORBI_3004G322600,SORBI_3004G322600:7.98386e-05,NA,NA,NA,NA,AT5G57610,AT5G57610:0.000357468
594369at33090,2,NA,NA,SORBI_3004G322600,SORBI_3004G322600:7.98386e-05,NA,NA,NA,NA,AT5G57610,AT5G57610:0.000357468
594458at3193,2,NA,NA,NA,NA,NA,NA,HORVU.MOREX.r3.2HG0210690,HORVU.MOREX.r3.2HG0210690:0.000217559,AT3G18620,AT3G18620:2.61898e-07
594857at2759,2,Zm00001eb293090,Zm00001eb293090:0.000151865,NA,NA,NA,NA,HORVU.MOREX.r3.3HG0232960,HORVU.MOREX.r3.3HG0232960:0.000343199,NA,NA
594857at3193,2,Zm00001eb293090,Zm00001eb293090:0.000151865,NA,NA,NA,NA,HORVU.MOREX.r3.3HG0232960,HORVU.MOREX.r3.3HG0232960:0.000343199,NA,NA
594857at33090,2,Zm00001eb293090,Zm00001eb293090:0.000151865,NA,NA,NA,NA,HORVU.MOREX.r3.3HG0232960,HORVU.MOREX.r3.3HG0232960:0.000343199,NA,NA
595076at3193,2,Zm00001eb376490,Zm00001eb376490:0.00052851,SORBI_3003G242000,SORBI_3003G242000:0.001004,NA,NA,NA,NA,NA,NA
595184at2759,2,Zm00001eb065390,Zm00001eb065390:0.00102765,SORBI_3004G339000,SORBI_3004G339000:0.000205224,NA,NA,NA,NA,NA,NA
595184at3193,2,Zm00001eb065390,Zm00001eb065390:0.00102765,SORBI_3004G339000,SORBI_3004G339000:0.000205224,NA,NA,NA,NA,NA,NA
595184at33090,2,Zm00001eb065390,Zm00001eb065390:0.00102765,SORBI_3004G339000,SORBI_3004G339000:0.000205224,NA,NA,NA,NA,NA,NA
595333at2759,2,NA,NA,NA,NA,NA,NA,HORVU.MOREX.r3.6HG0630650;HORVU.MOREX.r3.6HG0630660,HORVU.MOREX.r3.6HG0630650:9.12846e-05;HORVU.MOREX.r3.6HG0630660:9.12846e-05,AT1G73700,AT1G73700:0.000175285
595358at33090,2,Zm00001eb255140,Zm00001eb255140:0.000667467,SORBI_3005G110436,SORBI_3005G110436:0.00151995,NA,NA,NA,NA,NA,NA
595988at2759,2,NA,NA,NA,NA,NA,NA,HORVU.MOREX.r3.3HG0314660;HORVU.MOREX.r3.3HG0314750,HORVU.MOREX.r3.3HG0314660:0.000356996;HORVU.MOREX.r3.3HG0314750:0.000414533,AT3G21460;AT5G18600,AT3G21460:3.99584e-05;AT5G18600:4.85193e-06
595988at33090,2,NA,NA,NA,NA,NA,NA,HORVU.MOREX.r3.3HG0314660;HORVU.MOREX.r3.3HG0314750,HORVU.MOREX.r3.3HG0314660:0.000356996;HORVU.MOREX.r3.3HG0314750:0.000414533,AT3G21460;AT5G18600,AT3G21460:3.99584e-05;AT5G18600:4.85193e-06
596430at2759,2,Zm00001eb433200,Zm00001eb433200:0.00249436,NA,NA,NA,NA,NA,NA,AT2G03890,AT2G03890:0.000351856
596430at3193,2,Zm00001eb433200,Zm00001eb433200:0.00249436,NA,NA,NA,NA,NA,NA,AT2G03890,AT2G03890:0.000351856
596430at33090,2,Zm00001eb433200,Zm00001eb433200:0.00249436,NA,NA,NA,NA,NA,NA,AT2G03890,AT2G03890:0.000351856
596533at3193,2,NA,NA,NA,NA,NA,NA,HORVU.MOREX.r3.3HG0314660;HORVU.MOREX.r3.3HG0314750,HORVU.MOREX.r3.3HG0314660:0.000356996;HORVU.MOREX.r3.3HG0314750:0.000414533,AT3G21460;AT5G18600,AT3G21460:3.99584e-05;AT5G18600:4.85193e-06
597037at33090,2,Zm00001eb104040,Zm00001eb104040:0.000211709,SORBI_3002G283300,SORBI_3002G283300:0.0016811,NA,NA,NA,NA,NA,NA
597113at2759,2,Zm00001eb154650,Zm00001eb154650:0.000707335,NA,NA,NA,NA,NA,NA,AT1G17710,AT1G17710:2.10351e-05
597113at33090,2,Zm00001eb154650,Zm00001eb154650:0.000707335,NA,NA,NA,NA,NA,NA,AT1G17710,AT1G17710:2.10351e-05
597309at3193,2,Zm00001eb350510,Zm00001eb350510:0.000168843,NA,NA,NA,NA,NA,NA,AT1G51460;AT1G51500,AT1G51460:0.000241996;AT1G51500:0.000314383
59831at38820,2,Zm00001eb038510,Zm00001eb038510:0.00279735,NA,NA,LOC_Os08g05670,LOC_Os08g05670:0.00143494,NA,NA,NA,NA
59831at4447,2,Zm00001eb038510,Zm00001eb038510:0.00279735,NA,NA,LOC_Os08g05670,LOC_Os08g05670:0.00143494,NA,NA,NA,NA
598457at3193,2,Zm00001eb103730;Zm00001eb289320,Zm00001eb103730:0.00256511;Zm00001eb289320:0.00107797,NA,NA,LOC_Os08g05490,LOC_Os08g05490:0.00143494,NA,NA,NA,NA
598458at3193,2,Zm00001eb072190,Zm00001eb072190:0.00251214,NA,NA,NA,NA,HORVU.MOREX.r3.2HG0197560,HORVU.MOREX.r3.2HG0197560:0.000623498,NA,NA
598928at3193,2,Zm00001eb408010,Zm00001eb408010:0.00252966,NA,NA,NA,NA,NA,NA,AT4G38970,AT4G38970:0.000359365
598928at33090,2,Zm00001eb408010,Zm00001eb408010:0.00252966,NA,NA,NA,NA,NA,NA,AT4G26530;AT4G38970,AT4G26530:8.50702e-12;AT4G38970:0.000359365
599567at2759,2,Zm00001eb287440,Zm00001eb287440:0.00171459,SORBI_3009G128800,SORBI_3009G128800:0.000244872,NA,NA,NA,NA,NA,NA
599567at3193,2,Zm00001eb287440,Zm00001eb287440:0.00171459,SORBI_3009G128800,SORBI_3009G128800:0.000244872,NA,NA,NA,NA,NA,NA
599567at33090,2,Zm00001eb287440,Zm00001eb287440:0.00171459,SORBI_3009G128800,SORBI_3009G128800:0.000244872,NA,NA,NA,NA,NA,NA
599760at3193,2,Zm00001eb046210;Zm00001eb222030,Zm00001eb046210:4.12114e-06;Zm00001eb222030:0.0030328,NA,NA,NA,NA,HORVU.MOREX.r3.4HG0411460,HORVU.MOREX.r3.4HG0411460:0.000430302,NA,NA
600223at3193,2,Zm00001eb195230;Zm00001eb330600,Zm00001eb195230:0.000130799;Zm00001eb330600:0.00106038,NA,NA,NA,NA,NA,NA,AT5G07070,AT5G07070:9.51397e-05
600413at2759,2,Zm00001eb226820,Zm00001eb226820:0.00239815,NA,NA,NA,NA,NA,NA,AT1G30600,AT1G30600:0.000329478
600413at33090,2,Zm00001eb226820,Zm00001eb226820:0.00239815,NA,NA,NA,NA,NA,NA,AT1G30600,AT1G30600:0.000329478
600579at3193,2,NA,NA,SORBI_3002G098800,SORBI_3002G098800:5.56703e-05,NA,NA,HORVU.MOREX.r3.2HG0112900,HORVU.MOREX.r3.2HG0112900:0.000240348,NA,NA
600612at2759,2,Zm00001eb180720,Zm00001eb180720:0.00343611,NA,NA,NA,NA,NA,NA,AT1G12880;AT1G18300,AT1G12880:5.56642e-05;AT1G18300:0.000173259
600612at33090,2,Zm00001eb180720,Zm00001eb180720:0.00343611,NA,NA,NA,NA,NA,NA,AT1G12880;AT1G18300,AT1G12880:5.56642e-05;AT1G18300:0.000173259
600930at3193,2,Zm00001eb055490,Zm00001eb055490:0.000949995,NA,NA,NA,NA,NA,NA,AT1G65960;AT3G17760;AT5G17330,AT1G65960:0.000290662;AT3G17760:3.55629e-07;AT5G17330:1.23475e-07
6009at38820,2,Zm00001eb012300,Zm00001eb012300:0.00101286,SORBI_3001G421700,SORBI_3001G421700:0.00373094,NA,NA,NA,NA,NA,NA
6009at4447,2,Zm00001eb012300,Zm00001eb012300:0.00101286,SORBI_3001G421700,SORBI_3001G421700:0.00373094,NA,NA,NA,NA,NA,NA
601050at2759,2,Zm00001eb303250,Zm00001eb303250:0.00224977,NA,NA,NA,NA,NA,NA,AT1G63650,AT1G63650:6.8597e-05
601050at3193,2,Zm00001eb303250,Zm00001eb303250:0.00224977,NA,NA,NA,NA,NA,NA,AT1G63650,AT1G63650:6.8597e-05
601050at33090,2,Zm00001eb303250,Zm00001eb303250:0.00224977,NA,NA,NA,NA,NA,NA,AT1G63650,AT1G63650:6.8597e-05
601051at2759,2,Zm00001eb388260,Zm00001eb388260:0.00329883,NA,NA,NA,NA,NA,NA,AT1G22610;AT5G06850,AT1G22610:8.48866e-05;AT5G06850:6.87993e-06
601051at3193,2,Zm00001eb388260,Zm00001eb388260:0.00329883,NA,NA,NA,NA,NA,NA,AT1G22610;AT5G06850,AT1G22610:8.48866e-05;AT5G06850:6.87993e-06
601051at33090,2,Zm00001eb388260,Zm00001eb388260:0.00329883,NA,NA,NA,NA,NA,NA,AT1G22610;AT5G06850,AT1G22610:8.48866e-05;AT5G06850:6.87993e-06
601784at3193,2,NA,NA,NA,NA,NA,NA,HORVU.MOREX.r3.1HG0095170,HORVU.MOREX.r3.1HG0095170:0.000481684,AT1G63180;AT1G64440,AT1G63180:1.35969e-05;AT1G64440:8.8829e-05
602312at2759,2,Zm00001eb052520;Zm00001eb325340,Zm00001eb052520:0.0034521;Zm00001eb325340:0.00154328,NA,NA,NA,NA,HORVU.MOREX.r3.5HG0423080,HORVU.MOREX.r3.5HG0423080:0.000411565,NA,NA
602312at3193,2,Zm00001eb052520;Zm00001eb325340,Zm00001eb052520:0.0034521;Zm00001eb325340:0.00154328,NA,NA,NA,NA,HORVU.MOREX.r3.5HG0423080,HORVU.MOREX.r3.5HG0423080:0.000411565,NA,NA
602312at33090,2,Zm00001eb052520;Zm00001eb325340,Zm00001eb052520:0.0034521;Zm00001eb325340:0.00154328,NA,NA,NA,NA,HORVU.MOREX.r3.5HG0423080,HORVU.MOREX.r3.5HG0423080:0.000411565,NA,NA
602659at2759,2,Zm00001eb151150,Zm00001eb151150:0.000171535,NA,NA,NA,NA,HORVU.MOREX.r3.3HG0294430,HORVU.MOREX.r3.3HG0294430:0.000532459,NA,NA
602659at3193,2,Zm00001eb151150,Zm00001eb151150:0.000171535,NA,NA,NA,NA,HORVU.MOREX.r3.3HG0294430,HORVU.MOREX.r3.3HG0294430:0.000532459,NA,NA
602659at33090,2,Zm00001eb151150,Zm00001eb151150:0.000171535,NA,NA,NA,NA,HORVU.MOREX.r3.3HG0294430,HORVU.MOREX.r3.3HG0294430:0.000532459,NA,NA
603076at2759,2,Zm00001eb374760,Zm00001eb374760:0.00114842,NA,NA,NA,NA,HORVU.MOREX.r3.7HG0658780,HORVU.MOREX.r3.7HG0658780:0.000167556,NA,NA
603076at3193,2,Zm00001eb374760,Zm00001eb374760:0.00114842,NA,NA,NA,NA,HORVU.MOREX.r3.7HG0658780,HORVU.MOREX.r3.7HG0658780:0.000167556,NA,NA
603076at33090,2,Zm00001eb374760,Zm00001eb374760:0.00114842,NA,NA,NA,NA,HORVU.MOREX.r3.7HG0658780,HORVU.MOREX.r3.7HG0658780:0.000167556,NA,NA
603273at2759,2,Zm00001eb071510;Zm00001eb071530,Zm00001eb071510:0.00252523;Zm00001eb071530:0.00252523,SORBI_3006G207100,SORBI_3006G207100:5.35151e-05,NA,NA,NA,NA,NA,NA
603273at3193,2,Zm00001eb071510;Zm00001eb071530,Zm00001eb071510:0.00252523;Zm00001eb071530:0.00252523,SORBI_3006G207100,SORBI_3006G207100:5.35151e-05,NA,NA,NA,NA,NA,NA
603273at33090,2,Zm00001eb071510;Zm00001eb071530,Zm00001eb071510:0.00252523;Zm00001eb071530:0.00252523,SORBI_3006G207100,SORBI_3006G207100:5.35151e-05,NA,NA,NA,NA,NA,NA
603290at2759,2,Zm00001eb072760,Zm00001eb072760:0.00214866,NA,NA,NA,NA,NA,NA,AT5G06740,AT5G06740:1.13846e-07
603290at3193,2,Zm00001eb072760,Zm00001eb072760:0.00214866,NA,NA,NA,NA,NA,NA,AT5G06740,AT5G06740:1.13846e-07
603290at33090,2,Zm00001eb072760,Zm00001eb072760:0.00214866,NA,NA,NA,NA,NA,NA,AT5G06740,AT5G06740:1.13846e-07
603605at3193,2,Zm00001eb191710,Zm00001eb191710:0.00322648,NA,NA,NA,NA,NA,NA,AT1G03905,AT1G03905:0.000302829
604207at2759,2,Zm00001eb425880,Zm00001eb425880:0.00133139,NA,NA,NA,NA,HORVU.MOREX.r3.2HG0178940,HORVU.MOREX.r3.2HG0178940:0.000840938,NA,NA
604207at3193,2,Zm00001eb425880,Zm00001eb425880:0.00133139,NA,NA,NA,NA,HORVU.MOREX.r3.2HG0178940,HORVU.MOREX.r3.2HG0178940:0.000840938,NA,NA
604207at33090,2,Zm00001eb425880,Zm00001eb425880:0.00133139,NA,NA,NA,NA,HORVU.MOREX.r3.2HG0178940,HORVU.MOREX.r3.2HG0178940:0.000840938,NA,NA
604757at3193,2,Zm00001eb243750,Zm00001eb243750:0.00225662,NA,NA,LOC_Os02g05550,LOC_Os02g05550:0.00199226,NA,NA,NA,NA
604819at3193,2,Zm00001eb270040,Zm00001eb270040:0.00272781,NA,NA,NA,NA,NA,NA,AT1G62880,AT1G62880:0.00039832
605493at3193,2,Zm00001eb329030,Zm00001eb329030:0.00283966,NA,NA,NA,NA,NA,NA,AT1G14980,AT1G14980:0.000150595
605493at33090,2,Zm00001eb329030,Zm00001eb329030:0.00283966,NA,NA,NA,NA,NA,NA,AT1G14980,AT1G14980:0.000150595
606318at2759,2,Zm00001eb066640,Zm00001eb066640:0.00166234,NA,NA,NA,NA,NA,NA,AT1G19850,AT1G19850:3.98725e-05
606318at3193,2,Zm00001eb066640,Zm00001eb066640:0.00166234,NA,NA,NA,NA,NA,NA,AT1G19850,AT1G19850:3.98725e-05
606318at33090,2,Zm00001eb066640,Zm00001eb066640:0.00166234,NA,NA,NA,NA,NA,NA,AT1G19850,AT1G19850:3.98725e-05
606427at3193,2,Zm00001eb155350,Zm00001eb155350:0.0021744,NA,NA,NA,NA,NA,NA,AT1G73020,AT1G73020:3.38827e-05
606427at33090,2,Zm00001eb155350,Zm00001eb155350:0.0021744,NA,NA,NA,NA,NA,NA,AT1G73020,AT1G73020:3.38827e-05
606958at3193,2,NA,NA,SORBI_3001G212800,SORBI_3001G212800:0.00110372,NA,NA,NA,NA,AT5G23290,AT5G23290:0.000314539
606958at33090,2,NA,NA,SORBI_3001G212800,SORBI_3001G212800:0.00110372,NA,NA,NA,NA,AT5G23290,AT5G23290:0.000314539
607813at2759,2,Zm00001eb207400,Zm00001eb207400:0.000224198,NA,NA,NA,NA,HORVU.MOREX.r3.6HG0567190,HORVU.MOREX.r3.6HG0567190:0.000902904,NA,NA
607813at3193,2,Zm00001eb207400,Zm00001eb207400:0.000224198,NA,NA,NA,NA,HORVU.MOREX.r3.6HG0567190,HORVU.MOREX.r3.6HG0567190:0.000902904,NA,NA
607813at33090,2,Zm00001eb207400,Zm00001eb207400:0.000224198,NA,NA,NA,NA,HORVU.MOREX.r3.6HG0567190,HORVU.MOREX.r3.6HG0567190:0.000902904,NA,NA
608019at33090,2,Zm00001eb359490,Zm00001eb359490:0.00218642,NA,NA,NA,NA,NA,NA,AT5G43370,AT5G43370:0.000184973
608191at2759,2,Zm00001eb361750,Zm00001eb361750:0.00120449,SORBI_3003G281300,SORBI_3003G281300:0.00330683,NA,NA,NA,NA,NA,NA
608191at3193,2,Zm00001eb361750,Zm00001eb361750:0.00120449,SORBI_3003G281300,SORBI_3003G281300:0.00330683,NA,NA,NA,NA,NA,NA
608191at33090,2,Zm00001eb361750,Zm00001eb361750:0.00120449,SORBI_3003G281300,SORBI_3003G281300:0.00330683,NA,NA,NA,NA,NA,NA
608312at3193,2,Zm00001eb295170,Zm00001eb295170:0.000258382,NA,NA,NA,NA,HORVU.MOREX.r3.4HG0334450,HORVU.MOREX.r3.4HG0334450:0.00153323,NA,NA
608472at2759,2,Zm00001eb193360,Zm00001eb193360:0.000527488,SORBI_3004G313100,SORBI_3004G313100:0.000535786,NA,NA,NA,NA,NA,NA
608472at3193,2,Zm00001eb193360,Zm00001eb193360:0.000527488,SORBI_3004G313100,SORBI_3004G313100:0.000535786,NA,NA,NA,NA,NA,NA
608472at33090,2,Zm00001eb193360,Zm00001eb193360:0.000527488,SORBI_3004G313100,SORBI_3004G313100:0.000535786,NA,NA,NA,NA,NA,NA
608706at3193,2,Zm00001eb093490,Zm00001eb093490:7.50314e-05,SORBI_3005G022100,SORBI_3005G022100:0.000679268,NA,NA,NA,NA,NA,NA
60887at4447,2,Zm00001eb093490,Zm00001eb093490:7.50314e-05,SORBI_3005G022100,SORBI_3005G022100:0.000679268,NA,NA,NA,NA,NA,NA
608943at33090,2,NA,NA,NA,NA,NA,NA,HORVU.MOREX.r3.6HG0603440,HORVU.MOREX.r3.6HG0603440:0.000894644,AT1G26850;AT4G18030,AT1G26850:0.000101987;AT4G18030:2.74682e-05
609306at2759,2,NA,NA,SORBI_3006G163000,SORBI_3006G163000:0.00043745,NA,NA,HORVU.MOREX.r3.1HG0049610,HORVU.MOREX.r3.1HG0049610:0.000307212,NA,NA
609306at3193,2,NA,NA,SORBI_3006G163000,SORBI_3006G163000:0.00043745,NA,NA,HORVU.MOREX.r3.1HG0049610,HORVU.MOREX.r3.1HG0049610:0.000307212,NA,NA
609306at33090,2,NA,NA,SORBI_3006G163000,SORBI_3006G163000:0.00043745,NA,NA,HORVU.MOREX.r3.1HG0049610,HORVU.MOREX.r3.1HG0049610:0.000307212,NA,NA
609699at2759,2,NA,NA,SORBI_3001G421900,SORBI_3001G421900:0.00373094,NA,NA,NA,NA,AT1G07530,AT1G07530:1.50418e-05
609699at3193,2,NA,NA,SORBI_3001G421900,SORBI_3001G421900:0.00373094,NA,NA,NA,NA,AT1G07530,AT1G07530:1.50418e-05
609699at33090,2,NA,NA,SORBI_3001G421900,SORBI_3001G421900:0.00373094,NA,NA,NA,NA,AT1G07530,AT1G07530:1.50418e-05
609836at2759,2,Zm00001eb251350,Zm00001eb251350:0.00196616,NA,NA,NA,NA,NA,NA,AT5G55930,AT5G55930:0.000357791
609836at33090,2,Zm00001eb251350,Zm00001eb251350:0.00196616,NA,NA,NA,NA,NA,NA,AT5G55930,AT5G55930:0.000357791
609899at3193,2,Zm00001eb164580,Zm00001eb164580:0.0031682,NA,NA,NA,NA,HORVU.MOREX.r3.7HG0719410,HORVU.MOREX.r3.7HG0719410:0.000792463,NA,NA
609899at33090,2,Zm00001eb164580,Zm00001eb164580:0.0031682,NA,NA,NA,NA,HORVU.MOREX.r3.7HG0719410,HORVU.MOREX.r3.7HG0719410:0.000792463,NA,NA
61056at38820,2,Zm00001eb191130,Zm00001eb191130:0.000836366,NA,NA,NA,NA,HORVU.MOREX.r3.6HG0630560,HORVU.MOREX.r3.6HG0630560:0.00151724,NA,NA
61056at4447,2,Zm00001eb191130,Zm00001eb191130:0.000836366,NA,NA,NA,NA,HORVU.MOREX.r3.6HG0630560,HORVU.MOREX.r3.6HG0630560:0.00151724,NA,NA
611221at3193,2,Zm00001eb174620,Zm00001eb174620:0.00334135,NA,NA,NA,NA,NA,NA,AT3G19440,AT3G19440:4.23924e-11
611295at2759,2,Zm00001eb008930;Zm00001eb107530,Zm00001eb008930:0.00158142;Zm00001eb107530:0.00201865,SORBI_3004G313200,SORBI_3004G313200:0.000535786,NA,NA,NA,NA,NA,NA
611295at33090,2,Zm00001eb008930;Zm00001eb107530,Zm00001eb008930:0.00158142;Zm00001eb107530:0.00201865,SORBI_3004G313200,SORBI_3004G313200:0.000535786,NA,NA,NA,NA,NA,NA
611463at2759,2,Zm00001eb219830,Zm00001eb219830:0.00258302,NA,NA,NA,NA,HORVU.MOREX.r3.4HG0405370,HORVU.MOREX.r3.4HG0405370:0.000248517,NA,NA
611463at3193,2,Zm00001eb219830,Zm00001eb219830:0.00258302,NA,NA,NA,NA,HORVU.MOREX.r3.4HG0405370,HORVU.MOREX.r3.4HG0405370:0.000248517,NA,NA
611463at33090,2,Zm00001eb219830,Zm00001eb219830:0.00258302,NA,NA,NA,NA,HORVU.MOREX.r3.4HG0405370,HORVU.MOREX.r3.4HG0405370:0.000248517,NA,NA
611522at2759,2,Zm00001eb199070,Zm00001eb199070:0.00121091,NA,NA,NA,NA,HORVU.MOREX.r3.7HG0647640,HORVU.MOREX.r3.7HG0647640:0.000261678,NA,NA
611522at3193,2,Zm00001eb199070,Zm00001eb199070:0.00121091,NA,NA,NA,NA,HORVU.MOREX.r3.7HG0647640,HORVU.MOREX.r3.7HG0647640:0.000261678,NA,NA
611522at33090,2,Zm00001eb199070,Zm00001eb199070:0.00121091,NA,NA,NA,NA,HORVU.MOREX.r3.7HG0647640,HORVU.MOREX.r3.7HG0647640:0.000261678,NA,NA
611601at2759,2,Zm00001eb159080,Zm00001eb159080:0.00284975,NA,NA,LOC_Os01g06330,LOC_Os01g06330:0.00213416,NA,NA,NA,NA
611601at3193,2,Zm00001eb159080,Zm00001eb159080:0.00284975,NA,NA,LOC_Os01g06330,LOC_Os01g06330:0.00213416,NA,NA,NA,NA
611601at33090,2,Zm00001eb159080,Zm00001eb159080:0.00284975,NA,NA,LOC_Os01g06330,LOC_Os01g06330:0.00213416,NA,NA,NA,NA
611988at3193,2,NA,NA,NA,NA,NA,NA,HORVU.MOREX.r3.7HG0725210,HORVU.MOREX.r3.7HG0725210:3.49692e-05,AT2G45670,AT2G45670:0.000242723
611988at33090,2,NA,NA,NA,NA,NA,NA,HORVU.MOREX.r3.7HG0725210,HORVU.MOREX.r3.7HG0725210:3.49692e-05,AT2G45670,AT2G45670:0.000242723
612043at3193,2,Zm00001eb178810,Zm00001eb178810:0.00144219,NA,NA,NA,NA,NA,NA,AT1G22150,AT1G22150:0.000179594
612043at33090,2,Zm00001eb178810,Zm00001eb178810:0.00144219,NA,NA,NA,NA,NA,NA,AT1G22150,AT1G22150:0.000179594
612107at3193,2,Zm00001eb194110,Zm00001eb194110:0.000106747,NA,NA,NA,NA,NA,NA,AT1G78240,AT1G78240:2.50977e-05
612107at33090,2,Zm00001eb194110,Zm00001eb194110:0.000106747,NA,NA,NA,NA,NA,NA,AT1G78240,AT1G78240:2.50977e-05
612114at2759,2,Zm00001eb102130,Zm00001eb102130:0.0014809,NA,NA,NA,NA,HORVU.MOREX.r3.5HG0492390,HORVU.MOREX.r3.5HG0492390:0.000299309,NA,NA
612114at3193,2,Zm00001eb102130,Zm00001eb102130:0.0014809,NA,NA,NA,NA,HORVU.MOREX.r3.5HG0492390,HORVU.MOREX.r3.5HG0492390:0.000299309,NA,NA
612114at33090,2,Zm00001eb102130,Zm00001eb102130:0.0014809,NA,NA,NA,NA,HORVU.MOREX.r3.5HG0492390,HORVU.MOREX.r3.5HG0492390:0.000299309,NA,NA
612172at2759,2,NA,NA,SORBI_3004G300300,SORBI_3004G300300:0.000357671,NA,NA,HORVU.MOREX.r3.5HG0498270,HORVU.MOREX.r3.5HG0498270:0.000782827,NA,NA
612172at3193,2,NA,NA,SORBI_3004G300300,SORBI_3004G300300:0.000357671,NA,NA,HORVU.MOREX.r3.5HG0498270,HORVU.MOREX.r3.5HG0498270:0.000782827,NA,NA
612172at33090,2,NA,NA,SORBI_3004G300300,SORBI_3004G300300:0.000357671,NA,NA,HORVU.MOREX.r3.5HG0498270,HORVU.MOREX.r3.5HG0498270:0.000782827,NA,NA
612984at2759,2,NA,NA,SORBI_3003G277200,SORBI_3003G277200:0.000693709,NA,NA,NA,NA,AT1G18840,AT1G18840:5.45927e-06
612984at3193,2,NA,NA,SORBI_3003G277200,SORBI_3003G277200:0.000693709,NA,NA,NA,NA,AT1G18840,AT1G18840:5.45927e-06
612984at33090,2,NA,NA,SORBI_3003G277200,SORBI_3003G277200:0.000693709,NA,NA,NA,NA,AT1G18840,AT1G18840:5.45927e-06
613382at3193,2,NA,NA,SORBI_3002G045700,SORBI_3002G045700:0.00131427,NA,NA,NA,NA,AT3G03710,AT3G03710:8.86323e-05
613877at2759,2,Zm00001eb093510,Zm00001eb093510:7.50314e-05,SORBI_3005G021900,SORBI_3005G021900:0.000679268,NA,NA,NA,NA,NA,NA
613877at3193,2,Zm00001eb093510,Zm00001eb093510:7.50314e-05,SORBI_3005G021900,SORBI_3005G021900:0.000679268,NA,NA,NA,NA,NA,NA
613877at33090,2,Zm00001eb093510,Zm00001eb093510:7.50314e-05,SORBI_3005G021900,SORBI_3005G021900:0.000679268,NA,NA,NA,NA,NA,NA
613931at3193,2,NA,NA,NA,NA,LOC_Os12g01510,LOC_Os12g01510:0.00176503,HORVU.MOREX.r3.5HG0460010,HORVU.MOREX.r3.5HG0460010:0.000297946,NA,NA
613935at3193,2,Zm00001eb061470,Zm00001eb061470:0.00117433,NA,NA,NA,NA,NA,NA,AT1G55320,AT1G55320:9.76324e-08
614117at3193,2,Zm00001eb193690;Zm00001eb373220,Zm00001eb193690:0.00309339;Zm00001eb373220:0.00318744,SORBI_3010G082000;SORBI_3010G082100;SORBI_3010G082300,SORBI_3010G082000:0.00296284;SORBI_3010G082100:0.00296284;SORBI_3010G082300:0.00296284,NA,NA,NA,NA,NA,NA
614304at3193,2,NA,NA,SORBI_3006G213000,SORBI_3006G213000:0.00305069,NA,NA,NA,NA,AT5G23740,AT5G23740:7.3411e-05
614304at33090,2,NA,NA,SORBI_3006G213000,SORBI_3006G213000:0.00305069,NA,NA,NA,NA,AT5G23740,AT5G23740:7.3411e-05
614510at2759,2,Zm00001eb328400,Zm00001eb328400:2.19073e-05,NA,NA,NA,NA,NA,NA,AT1G14010,AT1G14010:3.527e-12
614510at33090,2,Zm00001eb328400,Zm00001eb328400:2.19073e-05,NA,NA,NA,NA,NA,NA,AT1G14010,AT1G14010:3.527e-12
614854at3193,2,Zm00001eb013620,Zm00001eb013620:0.000385206,NA,NA,NA,NA,NA,NA,AT5G06460,AT5G06460:0.000247838
614903at2759,2,Zm00001eb158690,Zm00001eb158690:9.65262e-05,NA,NA,NA,NA,NA,NA,AT1G73590,AT1G73590:1.6925e-09
614903at3193,2,Zm00001eb158690,Zm00001eb158690:9.65262e-05,NA,NA,NA,NA,NA,NA,AT1G73590,AT1G73590:1.6925e-09
614903at33090,2,Zm00001eb158690,Zm00001eb158690:9.65262e-05,NA,NA,NA,NA,NA,NA,AT1G73590,AT1G73590:1.6925e-09
615240at3193,2,Zm00001eb286870,Zm00001eb286870:0.0024342,NA,NA,NA,NA,NA,NA,AT1G18210,AT1G18210:7.03332e-05
615240at33090,2,Zm00001eb286870,Zm00001eb286870:0.0024342,NA,NA,NA,NA,NA,NA,AT1G18210,AT1G18210:7.03332e-05
615335at2759,2,Zm00001eb048150,Zm00001eb048150:0.000158674,SORBI_3001G250200,SORBI_3001G250200:0.00162808,NA,NA,NA,NA,NA,NA
615335at3193,2,Zm00001eb048150,Zm00001eb048150:0.000158674,SORBI_3001G250200,SORBI_3001G250200:0.00162808,NA,NA,NA,NA,NA,NA
615335at33090,2,Zm00001eb048150,Zm00001eb048150:0.000158674,SORBI_3001G250200,SORBI_3001G250200:0.00162808,NA,NA,NA,NA,NA,NA
615428at33090,2,NA,NA,NA,NA,LOC_Os02g02730;LOC_Os08g05300,LOC_Os02g02730:0.000739514;LOC_Os08g05300:0.00202586,NA,NA,AT4G26510;AT5G40870,AT4G26510:4.19793e-11;AT5G40870:0.000216946
615542at3193,2,Zm00001eb395290,Zm00001eb395290:0.00141986,NA,NA,NA,NA,HORVU.MOREX.r3.2HG0178520,HORVU.MOREX.r3.2HG0178520:0.0010003,NA,NA
615660at2759,2,Zm00001eb216860,Zm00001eb216860:0.00243018,SORBI_3001G125300,SORBI_3001G125300:0.00133174,NA,NA,NA,NA,NA,NA
615660at3193,2,Zm00001eb216860,Zm00001eb216860:0.00243018,SORBI_3001G125300,SORBI_3001G125300:0.00133174,NA,NA,NA,NA,NA,NA
615660at33090,2,Zm00001eb216860,Zm00001eb216860:0.00243018,SORBI_3001G125300,SORBI_3001G125300:0.00133174,NA,NA,NA,NA,NA,NA
616249at3193,2,NA,NA,NA,NA,NA,NA,HORVU.MOREX.r3.4HG0417160,HORVU.MOREX.r3.4HG0417160:0.000131219,AT1G12140;AT1G65860;AT5G07800,AT1G12140:4.5442e-05;AT1G65860:0.00027915;AT5G07800:0.000288329
616290at3193,2,Zm00001eb193370,Zm00001eb193370:0.000527488,NA,NA,NA,NA,HORVU.MOREX.r3.7HG0663390,HORVU.MOREX.r3.7HG0663390:0.00124289,NA,NA
616290at33090,2,Zm00001eb193370,Zm00001eb193370:0.000527488,NA,NA,NA,NA,HORVU.MOREX.r3.7HG0663390,HORVU.MOREX.r3.7HG0663390:0.00124289,NA,NA
61665at38820,2,Zm00001eb240100;Zm00001eb385190,Zm00001eb240100:0.00106054;Zm00001eb385190:0.00127428,SORBI_3004G094100,SORBI_3004G094100:0.00330005,NA,NA,NA,NA,NA,NA
61665at4447,2,Zm00001eb240100;Zm00001eb385190,Zm00001eb240100:0.00106054;Zm00001eb385190:0.00127428,SORBI_3004G094100,SORBI_3004G094100:0.00330005,NA,NA,NA,NA,NA,NA
616758at33090,2,NA,NA,NA,NA,NA,NA,HORVU.MOREX.r3.5HG0425080;HORVU.MOREX.r3.5HG0425090,HORVU.MOREX.r3.5HG0425080:0.001352;HORVU.MOREX.r3.5HG0425090:0.001352,AT1G18490,AT1G18490:8.93978e-05
617092at3193,2,Zm00001eb369320,Zm00001eb369320:0.0018816,NA,NA,NA,NA,NA,NA,AT3G22320,AT3G22320:7.14761e-08
617310at3193,2,Zm00001eb103190,Zm00001eb103190:0.00277253,NA,NA,NA,NA,NA,NA,AT5G07250,AT5G07250:2.90512e-05
617594at2759,2,Zm00001eb191590,Zm00001eb191590:0.00204946,NA,NA,NA,NA,HORVU.MOREX.r3.1HG0077440;HORVU.MOREX.r3.1HG0077470;HORVU.MOREX.r3.1HG0077500,HORVU.MOREX.r3.1HG0077440:0.00018643;HORVU.MOREX.r3.1HG0077470:0.000126032;HORVU.MOREX.r3.1HG0077500:0.00144984,NA,NA
617594at3193,2,Zm00001eb191590,Zm00001eb191590:0.00204946,NA,NA,NA,NA,HORVU.MOREX.r3.1HG0077440;HORVU.MOREX.r3.1HG0077470;HORVU.MOREX.r3.1HG0077500,HORVU.MOREX.r3.1HG0077440:0.00018643;HORVU.MOREX.r3.1HG0077470:0.000126032;HORVU.MOREX.r3.1HG0077500:0.00144984,NA,NA
617594at33090,2,Zm00001eb191590,Zm00001eb191590:0.00204946,NA,NA,NA,NA,HORVU.MOREX.r3.1HG0077440;HORVU.MOREX.r3.1HG0077470;HORVU.MOREX.r3.1HG0077500,HORVU.MOREX.r3.1HG0077440:0.00018643;HORVU.MOREX.r3.1HG0077470:0.000126032;HORVU.MOREX.r3.1HG0077500:0.00144984,NA,NA
617854at2759,2,Zm00001eb329840,Zm00001eb329840:6.50224e-05,NA,NA,NA,NA,NA,NA,AT3G58040,AT3G58040:3.40047e-05
617854at33090,2,Zm00001eb329840,Zm00001eb329840:6.50224e-05,NA,NA,NA,NA,NA,NA,AT3G58040,AT3G58040:3.40047e-05
617866at3193,2,Zm00001eb258310,Zm00001eb258310:0.0033637,NA,NA,NA,NA,HORVU.MOREX.r3.6HG0627350,HORVU.MOREX.r3.6HG0627350:0.000165135,NA,NA
617866at33090,2,Zm00001eb258310,Zm00001eb258310:0.0033637,NA,NA,NA,NA,HORVU.MOREX.r3.6HG0627350,HORVU.MOREX.r3.6HG0627350:0.000165135,NA,NA
618166at3193,2,NA,NA,NA,NA,NA,NA,HORVU.MOREX.r3.6HG0630550,HORVU.MOREX.r3.6HG0630550:0.00151724,AT3G02530,AT3G02530:0.000185925
618218at2759,2,Zm00001eb304990,Zm00001eb304990:0.000107408,NA,NA,NA,NA,NA,NA,AT5G58787,AT5G58787:0.000109313
618218at33090,2,Zm00001eb304990,Zm00001eb304990:0.000107408,NA,NA,NA,NA,NA,NA,AT5G58787,AT5G58787:0.000109313
619029at3193,2,Zm00001eb204000,Zm00001eb204000:0.00301286,NA,NA,NA,NA,NA,NA,AT3G24530,AT3G24530:0.000252672
619029at33090,2,Zm00001eb204000,Zm00001eb204000:0.00301286,NA,NA,NA,NA,NA,NA,AT3G24530,AT3G24530:0.000252672
619146at3193,2,Zm00001eb045340;Zm00001eb183820,Zm00001eb045340:0.000110031;Zm00001eb183820:0.0013376,NA,NA,NA,NA,NA,NA,AT1G13140;AT1G13150,AT1G13140:1.99868e-12;AT1G13150:1.99868e-12
619172at3193,2,Zm00001eb249020,Zm00001eb249020:8.1067e-07,SORBI_3004G299700,SORBI_3004G299700:0.000357671,NA,NA,NA,NA,NA,NA
619502at33090,2,Zm00001eb068710;Zm00001eb204230;Zm00001eb218670,Zm00001eb068710:0.00118244;Zm00001eb204230:0.0028978;Zm00001eb218670:0.00230548,NA,NA,NA,NA,NA,NA,AT2G24610;AT2G28260,AT2G24610:9.55872e-05;AT2G28260:0.000109999
619777at3193,2,Zm00001eb325410,Zm00001eb325410:0.00154328,NA,NA,NA,NA,NA,NA,AT3G61470,AT3G61470:0.000419071
620378at3193,2,Zm00001eb089600,Zm00001eb089600:0.00196644,NA,NA,NA,NA,NA,NA,AT1G27600,AT1G27600:3.61197e-05
620378at33090,2,Zm00001eb089600,Zm00001eb089600:0.00196644,NA,NA,NA,NA,NA,NA,AT1G27600,AT1G27600:3.61197e-05
620449at33090,2,Zm00001eb219820,Zm00001eb219820:0.00258302,NA,NA,NA,NA,HORVU.MOREX.r3.5HG0487140,HORVU.MOREX.r3.5HG0487140:0.000222066,NA,NA
620738at3193,2,Zm00001eb046580,Zm00001eb046580:0.000190152,NA,NA,NA,NA,NA,NA,AT3G23990,AT3G23990:0.000377173
620739at2759,2,Zm00001eb275100,Zm00001eb275100:0.00203639,NA,NA,LOC_Os03g01008,LOC_Os03g01008:0.0010348,NA,NA,NA,NA
620739at3193,2,Zm00001eb275100,Zm00001eb275100:0.00203639,NA,NA,LOC_Os03g01008,LOC_Os03g01008:0.0010348,NA,NA,NA,NA
620739at33090,2,Zm00001eb275100,Zm00001eb275100:0.00203639,NA,NA,LOC_Os03g01008,LOC_Os03g01008:0.0010348,NA,NA,NA,NA
620743at2759,2,NA,NA,NA,NA,NA,NA,HORVU.MOREX.r3.3HG0302340,HORVU.MOREX.r3.3HG0302340:0.000892367,AT1G66180,AT1G66180:9.12304e-07
620743at3193,2,NA,NA,NA,NA,NA,NA,HORVU.MOREX.r3.3HG0302340,HORVU.MOREX.r3.3HG0302340:0.000892367,AT1G66180,AT1G66180:9.12304e-07
620743at33090,2,NA,NA,NA,NA,NA,NA,HORVU.MOREX.r3.3HG0302340,HORVU.MOREX.r3.3HG0302340:0.000892367,AT1G66180,AT1G66180:9.12304e-07
621070at33090,2,Zm00001eb102520;Zm00001eb113570;Zm00001eb289180,Zm00001eb102520:0.000948635;Zm00001eb113570:0.00268028;Zm00001eb289180:0.00344017,NA,NA,NA,NA,NA,NA,AT5G41060,AT5G41060:0.000273088
621178at3193,2,NA,NA,SORBI_3003G136000,SORBI_3003G136000:0.00191738,NA,NA,HORVU.MOREX.r3.3HG0255520,HORVU.MOREX.r3.3HG0255520:6.12284e-05,NA,NA
621821at33090,2,NA,NA,NA,NA,NA,NA,HORVU.MOREX.r3.4HG0407390,HORVU.MOREX.r3.4HG0407390:0.000769646,AT3G03690;AT3G24040,AT3G03690:0.000174824;AT3G24040:0.000377173
622262at3193,2,Zm00001eb376650,Zm00001eb376650:0.000636762,NA,NA,NA,NA,HORVU.MOREX.r3.7HG0652750,HORVU.MOREX.r3.7HG0652750:0.00149499,NA,NA
622277at2759,2,Zm00001eb369150,Zm00001eb369150:0.00261793,SORBI_3009G178600,SORBI_3009G178600:0.00221327,NA,NA,NA,NA,NA,NA
622277at3193,2,Zm00001eb369150,Zm00001eb369150:0.00261793,SORBI_3009G178600,SORBI_3009G178600:0.00221327,NA,NA,NA,NA,NA,NA
622277at33090,2,Zm00001eb369150,Zm00001eb369150:0.00261793,SORBI_3009G178600,SORBI_3009G178600:0.00221327,NA,NA,NA,NA,NA,NA
622591at33090,2,Zm00001eb219170,Zm00001eb219170:0.00153771,NA,NA,NA,NA,NA,NA,AT1G63280,AT1G63280:1.74733e-06
623259at3193,2,Zm00001eb126360;Zm00001eb334400,Zm00001eb126360:0.000256068;Zm00001eb334400:0.00126227,NA,NA,NA,NA,HORVU.MOREX.r3.3HG0218640,HORVU.MOREX.r3.3HG0218640:0.000991237,NA,NA
623259at33090,2,Zm00001eb126360;Zm00001eb334400,Zm00001eb126360:0.000256068;Zm00001eb334400:0.00126227,NA,NA,NA,NA,HORVU.MOREX.r3.3HG0218640,HORVU.MOREX.r3.3HG0218640:0.000991237,NA,NA
623441at2759,2,NA,NA,NA,NA,NA,NA,HORVU.MOREX.r3.4HG0409120,HORVU.MOREX.r3.4HG0409120:0.000242595,AT2G26910,AT2G26910:7.85093e-05
623441at3193,2,NA,NA,NA,NA,NA,NA,HORVU.MOREX.r3.4HG0409120,HORVU.MOREX.r3.4HG0409120:0.000242595,AT2G26910,AT2G26910:7.85093e-05
623441at33090,2,NA,NA,NA,NA,NA,NA,HORVU.MOREX.r3.4HG0409120,HORVU.MOREX.r3.4HG0409120:0.000242595,AT2G26910,AT2G26910:7.85093e-05
623863at3193,2,Zm00001eb046570,Zm00001eb046570:0.000190152,NA,NA,NA,NA,NA,NA,AT5G33370,AT5G33370:0.000129896
623863at33090,2,Zm00001eb046570,Zm00001eb046570:0.000190152,NA,NA,NA,NA,NA,NA,AT5G33370,AT5G33370:0.000129896
62404at38820,2,Zm00001eb253990,Zm00001eb253990:0.00270449,NA,NA,NA,NA,HORVU.MOREX.r3.6HG0616230,HORVU.MOREX.r3.6HG0616230:0.000119853,NA,NA
62404at4447,2,Zm00001eb253990,Zm00001eb253990:0.00270449,NA,NA,NA,NA,HORVU.MOREX.r3.6HG0616230,HORVU.MOREX.r3.6HG0616230:0.000119853,NA,NA
624064at2759,2,Zm00001eb058280;Zm00001eb134850;Zm00001eb214240;Zm00001eb432530,Zm00001eb058280:0.00251061;Zm00001eb134850:0.00206165;Zm00001eb214240:0.00181065;Zm00001eb432530:0.00314112,NA,NA,NA,NA,NA,NA,AT2G24530,AT2G24530:0.000141604
624064at3193,2,Zm00001eb058280;Zm00001eb134850;Zm00001eb214240;Zm00001eb432530,Zm00001eb058280:0.00251061;Zm00001eb134850:0.00206165;Zm00001eb214240:0.00181065;Zm00001eb432530:0.00314112,NA,NA,NA,NA,NA,NA,AT2G24530,AT2G24530:0.000141604
624064at33090,2,Zm00001eb058280;Zm00001eb134850;Zm00001eb214240;Zm00001eb432530,Zm00001eb058280:0.00251061;Zm00001eb134850:0.00206165;Zm00001eb214240:0.00181065;Zm00001eb432530:0.00314112,NA,NA,NA,NA,NA,NA,AT2G24530,AT2G24530:0.000141604
62456at38820,2,Zm00001eb387520,Zm00001eb387520:3.38049e-05,NA,NA,NA,NA,HORVU.MOREX.r3.6HG0574950,HORVU.MOREX.r3.6HG0574950:0.00011395,NA,NA
62456at4447,2,Zm00001eb387520,Zm00001eb387520:3.38049e-05,NA,NA,NA,NA,HORVU.MOREX.r3.6HG0574950,HORVU.MOREX.r3.6HG0574950:0.00011395,NA,NA
624878at33090,2,Zm00001eb417480,Zm00001eb417480:0.000889972,NA,NA,NA,NA,HORVU.MOREX.r3.6HG0626800,HORVU.MOREX.r3.6HG0626800:0.00129092,NA,NA
625046at2759,2,NA,NA,SORBI_3003G373200,SORBI_3003G373200:0.000835343,NA,NA,HORVU.MOREX.r3.2HG0107260,HORVU.MOREX.r3.2HG0107260:0.00102557,NA,NA
625046at3193,2,NA,NA,SORBI_3003G373200,SORBI_3003G373200:0.000835343,NA,NA,HORVU.MOREX.r3.2HG0107260,HORVU.MOREX.r3.2HG0107260:0.00102557,NA,NA
625046at33090,2,NA,NA,SORBI_3003G373200,SORBI_3003G373200:0.000835343,NA,NA,HORVU.MOREX.r3.2HG0107260,HORVU.MOREX.r3.2HG0107260:0.00102557,NA,NA
625197at2759,2,Zm00001eb373660,Zm00001eb373660:1.83754e-06,NA,NA,NA,NA,HORVU.MOREX.r3.4HG0410500,HORVU.MOREX.r3.4HG0410500:0.00057636,NA,NA
625197at3193,2,Zm00001eb373660,Zm00001eb373660:1.83754e-06,NA,NA,NA,NA,HORVU.MOREX.r3.4HG0410500,HORVU.MOREX.r3.4HG0410500:0.00057636,NA,NA
625197at33090,2,Zm00001eb373660,Zm00001eb373660:1.83754e-06,NA,NA,NA,NA,HORVU.MOREX.r3.4HG0410500,HORVU.MOREX.r3.4HG0410500:0.00057636,NA,NA
626027at2759,2,Zm00001eb280000,Zm00001eb280000:0.000468016,NA,NA,NA,NA,HORVU.MOREX.r3.7HG0719170,HORVU.MOREX.r3.7HG0719170:2.72938e-05,NA,NA
626027at3193,2,Zm00001eb280000,Zm00001eb280000:0.000468016,NA,NA,NA,NA,HORVU.MOREX.r3.7HG0719170,HORVU.MOREX.r3.7HG0719170:2.72938e-05,NA,NA
626027at33090,2,Zm00001eb280000,Zm00001eb280000:0.000468016,NA,NA,NA,NA,HORVU.MOREX.r3.7HG0719170,HORVU.MOREX.r3.7HG0719170:2.72938e-05,NA,NA
626039at2759,2,NA,NA,SORBI_3007G013500,SORBI_3007G013500:0.000569878,NA,NA,NA,NA,AT1G33810,AT1G33810:1.21177e-06
626039at3193,2,NA,NA,SORBI_3007G013500,SORBI_3007G013500:0.000569878,NA,NA,NA,NA,AT1G33810,AT1G33810:1.21177e-06
626039at33090,2,NA,NA,SORBI_3007G013500,SORBI_3007G013500:0.000569878,NA,NA,NA,NA,AT1G33810,AT1G33810:1.21177e-06
626677at3193,2,Zm00001eb045350,Zm00001eb045350:0.000110031,SORBI_3001G213400,SORBI_3001G213400:0.00110372,NA,NA,NA,NA,NA,NA
626739at3193,2,NA,NA,NA,NA,LOC_Os10g04030,LOC_Os10g04030:0.00194207,NA,NA,AT5G09970,AT5G09970:0.000235263
626818at2759,2,Zm00001eb298320,Zm00001eb298320:0.000872581,SORBI_3003G123700,SORBI_3003G123700:0.00148927,NA,NA,NA,NA,NA,NA
626818at3193,2,Zm00001eb298320,Zm00001eb298320:0.000872581,SORBI_3003G123700,SORBI_3003G123700:0.00148927,NA,NA,NA,NA,NA,NA
626818at33090,2,Zm00001eb298320,Zm00001eb298320:0.000872581,SORBI_3003G123700,SORBI_3003G123700:0.00148927,NA,NA,NA,NA,NA,NA
627003at2759,2,Zm00001eb122420,Zm00001eb122420:0.00334061,SORBI_3009G064900,SORBI_3009G064900:0.000564594,NA,NA,NA,NA,NA,NA
627003at3193,2,Zm00001eb122420,Zm00001eb122420:0.00334061,SORBI_3009G064900,SORBI_3009G064900:0.000564594,NA,NA,NA,NA,NA,NA
627003at33090,2,Zm00001eb122420,Zm00001eb122420:0.00334061,SORBI_3009G064900,SORBI_3009G064900:0.000564594,NA,NA,NA,NA,NA,NA
627397at3193,2,Zm00001eb401790,Zm00001eb401790:0.00053279,NA,NA,NA,NA,NA,NA,AT5G35590,AT5G35590:0.000254854
627665at3193,2,NA,NA,NA,NA,NA,NA,HORVU.MOREX.r3.3HG0300880,HORVU.MOREX.r3.3HG0300880:0.000218372,AT1G27840,AT1G27840:6.44021e-12
627665at33090,2,NA,NA,NA,NA,NA,NA,HORVU.MOREX.r3.3HG0300880,HORVU.MOREX.r3.3HG0300880:0.000218372,AT1G27840,AT1G27840:6.44021e-12
627934at3193,2,Zm00001eb334200,Zm00001eb334200:0.00109073,NA,NA,NA,NA,HORVU.MOREX.r3.4HG0338410,HORVU.MOREX.r3.4HG0338410:0.000150747,NA,NA
628166at2759,2,Zm00001eb002290,Zm00001eb002290:2.98713e-05,NA,NA,NA,NA,HORVU.MOREX.r3.5HG0533760,HORVU.MOREX.r3.5HG0533760:6.8998e-05,NA,NA
628166at3193,2,Zm00001eb002290,Zm00001eb002290:2.98713e-05,NA,NA,NA,NA,HORVU.MOREX.r3.5HG0533760,HORVU.MOREX.r3.5HG0533760:6.8998e-05,NA,NA
628166at33090,2,Zm00001eb002290,Zm00001eb002290:2.98713e-05,NA,NA,NA,NA,HORVU.MOREX.r3.5HG0533760,HORVU.MOREX.r3.5HG0533760:6.8998e-05,NA,NA
62820at33090,2,Zm00001eb071040,Zm00001eb071040:3.2143e-06,NA,NA,NA,NA,NA,NA,AT1G72680;AT3G19450;AT4G34230,AT1G72680:2.59062e-06;AT3G19450:2.98061e-09;AT4G34230:8.53839e-06
628273at33090,2,Zm00001eb074530;Zm00001eb153600;Zm00001eb293700,Zm00001eb074530:0.00168851;Zm00001eb153600:0.000853074;Zm00001eb293700:0.0028127,NA,NA,NA,NA,NA,NA,AT3G17060,AT3G17060:4.50418e-10
62827at38820,2,Zm00001eb221040,Zm00001eb221040:0.000301886,SORBI_3001G209000;SORBI_3001G209200;SORBI_3001G209300,SORBI_3001G209000:0.00224883;SORBI_3001G209200:0.00247117;SORBI_3001G209300:0.00247117,NA,NA,NA,NA,NA,NA
62827at4447,2,Zm00001eb221040,Zm00001eb221040:0.000301886,SORBI_3001G209000;SORBI_3001G209200;SORBI_3001G209300,SORBI_3001G209000:0.00224883;SORBI_3001G209200:0.00247117;SORBI_3001G209300:0.00247117,NA,NA,NA,NA,NA,NA
62847at38820,2,Zm00001eb304610,Zm00001eb304610:0.000437029,SORBI_3002G095400,SORBI_3002G095400:0.00296534,NA,NA,NA,NA,NA,NA
62847at4447,2,Zm00001eb304610,Zm00001eb304610:0.000437029,SORBI_3002G095400,SORBI_3002G095400:0.00296534,NA,NA,NA,NA,NA,NA
628673at3193,2,Zm00001eb159580,Zm00001eb159580:0.00264164,NA,NA,NA,NA,NA,NA,AT1G08230,AT1G08230:0.000184196
628703at3193,2,Zm00001eb328990;Zm00001eb394250,Zm00001eb328990:0.00283966;Zm00001eb394250:0.00138399,NA,NA,NA,NA,NA,NA,AT2G41140,AT2G41140:1.4494e-05
628703at33090,2,Zm00001eb328990;Zm00001eb394250,Zm00001eb328990:0.00283966;Zm00001eb394250:0.00138399,NA,NA,NA,NA,NA,NA,AT2G41140,AT2G41140:1.4494e-05
628909at2759,2,Zm00001eb401370,Zm00001eb401370:0.000702461,NA,NA,NA,NA,NA,NA,AT1G78180,AT1G78180:2.1362e-08
628909at3193,2,Zm00001eb401370,Zm00001eb401370:0.000702461,NA,NA,NA,NA,NA,NA,AT1G78180,AT1G78180:2.1362e-08
628909at33090,2,Zm00001eb401370,Zm00001eb401370:0.000702461,NA,NA,NA,NA,NA,NA,AT1G78180,AT1G78180:2.1362e-08
628949at3193,2,Zm00001eb106770,Zm00001eb106770:0.00280243,NA,NA,LOC_Os07g05580,LOC_Os07g05580:0.00115629,NA,NA,NA,NA
628949at33090,2,Zm00001eb106770,Zm00001eb106770:0.00280243,NA,NA,LOC_Os07g05580,LOC_Os07g05580:0.00115629,NA,NA,NA,NA
629054at3193,2,Zm00001eb255140,Zm00001eb255140:0.000667467,SORBI_3005G110436,SORBI_3005G110436:0.00151995,NA,NA,NA,NA,NA,NA
629858at2759,2,Zm00001eb068050;Zm00001eb432370,Zm00001eb068050:0.00182935;Zm00001eb432370:0.00177206,NA,NA,LOC_Os04g06530,LOC_Os04g06530:0.000783275,NA,NA,NA,NA
629858at3193,2,Zm00001eb068050;Zm00001eb432370,Zm00001eb068050:0.00182935;Zm00001eb432370:0.00177206,NA,NA,LOC_Os04g06530,LOC_Os04g06530:0.000783275,NA,NA,NA,NA
629858at33090,2,Zm00001eb068050;Zm00001eb432370,Zm00001eb068050:0.00182935;Zm00001eb432370:0.00177206,NA,NA,LOC_Os04g06530,LOC_Os04g06530:0.000783275,NA,NA,NA,NA
629931at3193,2,Zm00001eb059040,Zm00001eb059040:0.000484029,NA,NA,NA,NA,HORVU.MOREX.r3.5HG0513780,HORVU.MOREX.r3.5HG0513780:0.000625183,NA,NA
629931at33090,2,Zm00001eb059040,Zm00001eb059040:0.000484029,NA,NA,NA,NA,HORVU.MOREX.r3.5HG0513780,HORVU.MOREX.r3.5HG0513780:0.000625183,NA,NA
630162at2759,2,Zm00001eb151670,Zm00001eb151670:0.000613964,NA,NA,LOC_Os01g09400,LOC_Os01g09400:0.00202985,NA,NA,NA,NA
630162at3193,2,Zm00001eb151670,Zm00001eb151670:0.000613964,NA,NA,LOC_Os01g09400,LOC_Os01g09400:0.00202985,NA,NA,NA,NA
630162at33090,2,Zm00001eb151670,Zm00001eb151670:0.000613964,NA,NA,LOC_Os01g09400,LOC_Os01g09400:0.00202985,NA,NA,NA,NA
630225at33090,2,NA,NA,SORBI_3006G093900,SORBI_3006G093900:0.0023735,NA,NA,NA,NA,AT4G28703,AT4G28703:9.45362e-08
630460at3193,2,NA,NA,NA,NA,NA,NA,HORVU.MOREX.r3.6HG0581990,HORVU.MOREX.r3.6HG0581990:0.000502917,AT1G14560,AT1G14560:8.06118e-05
630949at2759,2,NA,NA,NA,NA,NA,NA,HORVU.MOREX.r3.3HG0304370,HORVU.MOREX.r3.3HG0304370:0.000824892,AT5G07360,AT5G07360:1.92681e-08
630949at3193,2,NA,NA,NA,NA,NA,NA,HORVU.MOREX.r3.3HG0304370,HORVU.MOREX.r3.3HG0304370:0.000824892,AT5G07360,AT5G07360:1.92681e-08
630949at33090,2,NA,NA,NA,NA,NA,NA,HORVU.MOREX.r3.3HG0304370,HORVU.MOREX.r3.3HG0304370:0.000824892,AT5G07360,AT5G07360:1.92681e-08
631264at2759,2,Zm00001eb152940,Zm00001eb152940:0.00293462,NA,NA,NA,NA,HORVU.MOREX.r3.1HG0077510,HORVU.MOREX.r3.1HG0077510:0.000974354,NA,NA
631264at3193,2,Zm00001eb152940,Zm00001eb152940:0.00293462,NA,NA,NA,NA,HORVU.MOREX.r3.1HG0077510,HORVU.MOREX.r3.1HG0077510:0.000974354,NA,NA
631264at33090,2,Zm00001eb152940,Zm00001eb152940:0.00293462,NA,NA,NA,NA,HORVU.MOREX.r3.1HG0077510,HORVU.MOREX.r3.1HG0077510:0.000974354,NA,NA
632053at3193,2,NA,NA,NA,NA,NA,NA,HORVU.MOREX.r3.2HG0149410,HORVU.MOREX.r3.2HG0149410:0.00133175,AT1G19730,AT1G19730:3.22461e-09
632146at2759,2,Zm00001eb117130,Zm00001eb117130:0.00023641,SORBI_3002G045800,SORBI_3002G045800:0.00131427,NA,NA,NA,NA,NA,NA
632146at3193,2,Zm00001eb117130,Zm00001eb117130:0.00023641,SORBI_3002G045800,SORBI_3002G045800:0.00131427,NA,NA,NA,NA,NA,NA
632146at33090,2,Zm00001eb117130,Zm00001eb117130:0.00023641,SORBI_3002G045800,SORBI_3002G045800:0.00131427,NA,NA,NA,NA,NA,NA
633248at2759,2,Zm00001eb070750;Zm00001eb218110;Zm00001eb430930,Zm00001eb070750:0.000674811;Zm00001eb218110:0.000520094;Zm00001eb430930:8.6105e-06,NA,NA,NA,NA,HORVU.MOREX.r3.3HG0291680,HORVU.MOREX.r3.3HG0291680:0.00113808,NA,NA
633248at3193,2,Zm00001eb070750;Zm00001eb218110;Zm00001eb430930,Zm00001eb070750:0.000674811;Zm00001eb218110:0.000520094;Zm00001eb430930:8.6105e-06,NA,NA,NA,NA,HORVU.MOREX.r3.3HG0291680,HORVU.MOREX.r3.3HG0291680:0.00113808,NA,NA
633248at33090,2,Zm00001eb070750;Zm00001eb218110;Zm00001eb430930,Zm00001eb070750:0.000674811;Zm00001eb218110:0.000520094;Zm00001eb430930:8.6105e-06,NA,NA,NA,NA,HORVU.MOREX.r3.3HG0291680,HORVU.MOREX.r3.3HG0291680:0.00113808,NA,NA
633362at3193,2,Zm00001eb302300,Zm00001eb302300:0.00342916,NA,NA,NA,NA,HORVU.MOREX.r3.4HG0334480,HORVU.MOREX.r3.4HG0334480:0.00153323,NA,NA
633362at33090,2,Zm00001eb302300,Zm00001eb302300:0.00342916,NA,NA,NA,NA,HORVU.MOREX.r3.4HG0334480,HORVU.MOREX.r3.4HG0334480:0.00153323,NA,NA
633605at2759,2,Zm00001eb112590;Zm00001eb375710,Zm00001eb112590:0.0024616;Zm00001eb375710:3.94342e-05,NA,NA,NA,NA,HORVU.MOREX.r3.5HG0527530,HORVU.MOREX.r3.5HG0527530:0.00132162,NA,NA
633605at33090,2,Zm00001eb112590;Zm00001eb375710,Zm00001eb112590:0.0024616;Zm00001eb375710:3.94342e-05,NA,NA,NA,NA,HORVU.MOREX.r3.5HG0527530,HORVU.MOREX.r3.5HG0527530:0.00132162,NA,NA
633757at3193,2,NA,NA,NA,NA,NA,NA,HORVU.MOREX.r3.5HG0476490,HORVU.MOREX.r3.5HG0476490:1.15776e-06,AT5G40650,AT5G40650:1.38116e-05
633757at33090,2,NA,NA,NA,NA,NA,NA,HORVU.MOREX.r3.5HG0476490,HORVU.MOREX.r3.5HG0476490:1.15776e-06,AT5G40650,AT5G40650:1.38116e-05
633887at3193,2,Zm00001eb325360,Zm00001eb325360:0.00154328,NA,NA,NA,NA,NA,NA,AT5G07590,AT5G07590:0.000302359
634459at3193,2,NA,NA,SORBI_3003G128800,SORBI_3003G128800:1.74567e-05,NA,NA,NA,NA,AT1G20190;AT1G26770;AT2G37640;AT2G39700;AT5G02260,AT1G20190:2.25663e-05;AT1G26770:0.000136183;AT2G37640:0.000291947;AT2G39700:6.523e-05;AT5G02260:6.03274e-05
634606at2759,2,NA,NA,NA,NA,NA,NA,HORVU.MOREX.r3.6HG0611440,HORVU.MOREX.r3.6HG0611440:0.000176099,AT1G13600,AT1G13600:3.80319e-05
634606at3193,2,NA,NA,NA,NA,NA,NA,HORVU.MOREX.r3.6HG0611440,HORVU.MOREX.r3.6HG0611440:0.000176099,AT1G13600,AT1G13600:3.80319e-05
634606at33090,2,NA,NA,NA,NA,NA,NA,HORVU.MOREX.r3.6HG0611440,HORVU.MOREX.r3.6HG0611440:0.000176099,AT1G13600,AT1G13600:3.80319e-05
634743at3193,2,Zm00001eb429100,Zm00001eb429100:4.57128e-06,SORBI_3004G285800,SORBI_3004G285800:0.00134663,NA,NA,NA,NA,NA,NA
634743at33090,2,Zm00001eb429100,Zm00001eb429100:4.57128e-06,SORBI_3004G285800,SORBI_3004G285800:0.00134663,NA,NA,NA,NA,NA,NA
635627at3193,2,Zm00001eb191650,Zm00001eb191650:0.00149014,NA,NA,NA,NA,NA,NA,AT3G23430,AT3G23430:8.71511e-05
635627at33090,2,Zm00001eb191650,Zm00001eb191650:0.00149014,NA,NA,NA,NA,NA,NA,AT3G23430,AT3G23430:8.71511e-05
635842at3193,2,Zm00001eb040890;Zm00001eb068270;Zm00001eb389520,Zm00001eb040890:0.00219781;Zm00001eb068270:0.00191792;Zm00001eb389520:0.00231229,NA,NA,NA,NA,NA,NA,AT1G17745;AT3G19480;AT4G34200,AT1G17745:8.74351e-05;AT3G19480:4.23924e-11;AT4G34200:4.53323e-05
636220at2759,2,Zm00001eb334460,Zm00001eb334460:0.00306759,SORBI_3006G117100,SORBI_3006G117100:0.00297759,NA,NA,NA,NA,NA,NA
636220at33090,2,Zm00001eb334460,Zm00001eb334460:0.00306759,SORBI_3006G117100,SORBI_3006G117100:0.00297759,NA,NA,NA,NA,NA,NA
63629at2759,2,Zm00001eb064860,Zm00001eb064860:0.00194571,NA,NA,NA,NA,HORVU.MOREX.r3.5HG0536140,HORVU.MOREX.r3.5HG0536140:0.00103,NA,NA
63629at3193,2,Zm00001eb064860,Zm00001eb064860:0.00194571,NA,NA,NA,NA,HORVU.MOREX.r3.5HG0536140,HORVU.MOREX.r3.5HG0536140:0.00103,NA,NA
63629at33090,2,Zm00001eb064860,Zm00001eb064860:0.00194571,NA,NA,NA,NA,HORVU.MOREX.r3.5HG0536140,HORVU.MOREX.r3.5HG0536140:0.00103,NA,NA
636386at2759,2,Zm00001eb286930,Zm00001eb286930:0.00334148,SORBI_3009G122000,SORBI_3009G122000:0.00198899,NA,NA,NA,NA,NA,NA
636386at3193,2,Zm00001eb286930,Zm00001eb286930:0.00334148,SORBI_3009G122000,SORBI_3009G122000:0.00198899,NA,NA,NA,NA,NA,NA
636386at33090,2,Zm00001eb286930,Zm00001eb286930:0.00334148,SORBI_3009G122000,SORBI_3009G122000:0.00198899,NA,NA,NA,NA,NA,NA
636968at2759,2,Zm00001eb126890,Zm00001eb126890:0.0006847,SORBI_3003G105600,SORBI_3003G105600:0.00156998,NA,NA,NA,NA,NA,NA
636968at3193,2,Zm00001eb126890,Zm00001eb126890:0.0006847,SORBI_3003G105600,SORBI_3003G105600:0.00156998,NA,NA,NA,NA,NA,NA
636968at33090,2,Zm00001eb126890,Zm00001eb126890:0.0006847,SORBI_3003G105600,SORBI_3003G105600:0.00156998,NA,NA,NA,NA,NA,NA
637034at3193,2,Zm00001eb157530;Zm00001eb359720,Zm00001eb157530:0.000770904;Zm00001eb359720:0.00234123,NA,NA,NA,NA,NA,NA,AT1G53510,AT1G53510:0.000294853
637909at3193,2,Zm00001eb233090,Zm00001eb233090:0.00311636,NA,NA,NA,NA,HORVU.MOREX.r3.6HG0616170,HORVU.MOREX.r3.6HG0616170:0.000319395,NA,NA
637909at33090,2,Zm00001eb233090,Zm00001eb233090:0.00311636,NA,NA,NA,NA,HORVU.MOREX.r3.6HG0616170,HORVU.MOREX.r3.6HG0616170:0.000319395,NA,NA
637938at33090,2,NA,NA,SORBI_3001G386400,SORBI_3001G386400:0.00168945,NA,NA,NA,NA,AT1G17500;AT1G72700;AT3G13900;AT3G27870,AT1G17500:0.000146347;AT1G72700:0.000404606;AT3G13900:2.31109e-06;AT3G27870:0.000181879
638084at2759,2,Zm00001eb193090,Zm00001eb193090:1.71475e-05,NA,NA,NA,NA,NA,NA,AT4G23500,AT4G23500:0.000102188
638390at3193,2,Zm00001eb364200,Zm00001eb364200:0.00228745,NA,NA,LOC_Os01g09240,LOC_Os01g09240:0.00212388,NA,NA,NA,NA
638531at3193,2,Zm00001eb012470,Zm00001eb012470:0.00228615,NA,NA,NA,NA,NA,NA,AT1G09080;AT5G02500,AT1G09080:0.000246887;AT5G02500:0.000201579
638616at33090,2,NA,NA,NA,NA,NA,NA,HORVU.MOREX.r3.2HG0110850;HORVU.MOREX.r3.4HG0410030,HORVU.MOREX.r3.2HG0110850:0.000753152;HORVU.MOREX.r3.4HG0410030:4.03454e-05,AT2G02800;AT3G01300;AT3G28690,AT2G02800:6.92869e-06;AT3G01300:1.79756e-06;AT3G28690:9.85322e-05
639006at3193,2,NA,NA,SORBI_3003G277700,SORBI_3003G277700:0.000693709,LOC_Os01g07170,LOC_Os01g07170:0.000855842,NA,NA,NA,NA
639463at3193,2,Zm00001eb230870,Zm00001eb230870:0.000765962,NA,NA,NA,NA,NA,NA,AT4G17600,AT4G17600:1.89945e-08
640385at2759,2,NA,NA,NA,NA,LOC_Os08g05520,LOC_Os08g05520:0.00208919,NA,NA,AT2G17680,AT2G17680:0.000260167
640385at3193,2,NA,NA,NA,NA,LOC_Os08g05520,LOC_Os08g05520:0.00208919,NA,NA,AT2G17680,AT2G17680:0.000260167
640385at33090,2,NA,NA,NA,NA,LOC_Os08g05520,LOC_Os08g05520:0.00208919,NA,NA,AT2G17680,AT2G17680:0.000260167
640726at3193,2,NA,NA,NA,NA,NA,NA,HORVU.MOREX.r3.3HG0302160,HORVU.MOREX.r3.3HG0302160:0.000264513,AT1G04120,AT1G04120:0.000363267
640780at2759,2,Zm00001eb171010;Zm00001eb414030,Zm00001eb171010:0.000246225;Zm00001eb414030:0.00178537,NA,NA,LOC_Os08g05560,LOC_Os08g05560:0.00200394,NA,NA,NA,NA
640780at3193,2,Zm00001eb171010;Zm00001eb414030,Zm00001eb171010:0.000246225;Zm00001eb414030:0.00178537,NA,NA,LOC_Os08g05560,LOC_Os08g05560:0.00200394,NA,NA,NA,NA
640780at33090,2,Zm00001eb171010;Zm00001eb414030,Zm00001eb171010:0.000246225;Zm00001eb414030:0.00178537,NA,NA,LOC_Os08g05560,LOC_Os08g05560:0.00200394,NA,NA,NA,NA
641310at3193,2,Zm00001eb294600,Zm00001eb294600:0.00182675,NA,NA,NA,NA,NA,NA,AT1G76950,AT1G76950:0.000143459
642279at2759,2,Zm00001eb029250,Zm00001eb029250:0.00320733,NA,NA,NA,NA,NA,NA,AT5G42340,AT5G42340:0.000268801
642279at33090,2,Zm00001eb029250,Zm00001eb029250:0.00320733,NA,NA,NA,NA,NA,NA,AT5G42340,AT5G42340:0.000268801
642400at2759,2,Zm00001eb038510,Zm00001eb038510:0.00279735,NA,NA,LOC_Os08g05670,LOC_Os08g05670:0.00143494,NA,NA,NA,NA
642400at3193,2,Zm00001eb038510,Zm00001eb038510:0.00279735,NA,NA,LOC_Os08g05670,LOC_Os08g05670:0.00143494,NA,NA,NA,NA
642400at33090,2,Zm00001eb038510,Zm00001eb038510:0.00279735,NA,NA,LOC_Os08g05670,LOC_Os08g05670:0.00143494,NA,NA,NA,NA
642685at2759,2,NA,NA,NA,NA,LOC_Os01g09140,LOC_Os01g09140:0.000706958,NA,NA,AT5G18310,AT5G18310:5.37319e-05
642685at3193,2,NA,NA,NA,NA,LOC_Os01g09140,LOC_Os01g09140:0.000706958,NA,NA,AT5G18310,AT5G18310:5.37319e-05
642685at33090,2,NA,NA,NA,NA,LOC_Os01g09140,LOC_Os01g09140:0.000706958,NA,NA,AT5G18310,AT5G18310:5.37319e-05
643625at3193,2,Zm00001eb191130,Zm00001eb191130:0.000836366,NA,NA,NA,NA,HORVU.MOREX.r3.6HG0630560,HORVU.MOREX.r3.6HG0630560:0.00151724,NA,NA
643867at3193,2,NA,NA,SORBI_3004G238600,SORBI_3004G238600:0.0022883,NA,NA,NA,NA,AT3G01180,AT3G01180:0.000386584
643867at33090,2,NA,NA,SORBI_3004G238600,SORBI_3004G238600:0.0022883,NA,NA,NA,NA,AT3G01180,AT3G01180:0.000386584
644234at2759,2,Zm00001eb240100;Zm00001eb385190,Zm00001eb240100:0.00106054;Zm00001eb385190:0.00127428,SORBI_3004G094100,SORBI_3004G094100:0.00330005,NA,NA,NA,NA,NA,NA
644234at3193,2,Zm00001eb240100;Zm00001eb385190,Zm00001eb240100:0.00106054;Zm00001eb385190:0.00127428,SORBI_3004G094100,SORBI_3004G094100:0.00330005,NA,NA,NA,NA,NA,NA
644234at33090,2,Zm00001eb240100;Zm00001eb385190,Zm00001eb240100:0.00106054;Zm00001eb385190:0.00127428,SORBI_3004G094100,SORBI_3004G094100:0.00330005,NA,NA,NA,NA,NA,NA
644527at3193,2,Zm00001eb021390,Zm00001eb021390:0.000853301,NA,NA,NA,NA,NA,NA,AT5G52120,AT5G52120:2.28771e-05
645053at2759,2,Zm00001eb075580,Zm00001eb075580:0.000965943,NA,NA,NA,NA,NA,NA,AT1G26100;AT5G38630,AT1G26100:9.63618e-10;AT5G38630:0.000321512
645597at3193,2,Zm00001eb059310,Zm00001eb059310:0.00109768,SORBI_3003G063300,SORBI_3003G063300:0.000927436,NA,NA,NA,NA,NA,NA
645834at2759,2,NA,NA,NA,NA,NA,NA,HORVU.MOREX.r3.3HG0222330,HORVU.MOREX.r3.3HG0222330:0.00123496,AT1G48000,AT1G48000:0.00013973
645834at3193,2,NA,NA,NA,NA,NA,NA,HORVU.MOREX.r3.3HG0222330,HORVU.MOREX.r3.3HG0222330:0.00123496,AT1G48000,AT1G48000:0.00013973
645834at33090,2,NA,NA,NA,NA,NA,NA,HORVU.MOREX.r3.3HG0222330,HORVU.MOREX.r3.3HG0222330:0.00123496,AT1G48000,AT1G48000:0.00013973
646098at33090,2,Zm00001eb111000,Zm00001eb111000:0.00325347,NA,NA,NA,NA,NA,NA,AT5G10270,AT5G10270:0.000144894
646120at3193,2,Zm00001eb041140,Zm00001eb041140:0.000201197,NA,NA,NA,NA,NA,NA,AT4G30960,AT4G30960:0.000168619
646306at2759,2,Zm00001eb071500,Zm00001eb071500:0.00252523,SORBI_3006G207400,SORBI_3006G207400:5.35151e-05,NA,NA,NA,NA,NA,NA
646306at3193,2,Zm00001eb071500,Zm00001eb071500:0.00252523,SORBI_3006G207400,SORBI_3006G207400:5.35151e-05,NA,NA,NA,NA,NA,NA
646306at33090,2,Zm00001eb071500,Zm00001eb071500:0.00252523,SORBI_3006G207400,SORBI_3006G207400:5.35151e-05,NA,NA,NA,NA,NA,NA
646988at3193,2,Zm00001eb328400,Zm00001eb328400:2.19073e-05,NA,NA,NA,NA,NA,NA,AT1G14010,AT1G14010:3.527e-12
647293at3193,2,NA,NA,NA,NA,NA,NA,HORVU.MOREX.r3.3HG0251280,HORVU.MOREX.r3.3HG0251280:0.000620089,AT1G28510,AT1G28510:0.00018279
647360at3193,2,NA,NA,NA,NA,NA,NA,HORVU.MOREX.r3.4HG0407390,HORVU.MOREX.r3.4HG0407390:0.000769646,AT3G24040,AT3G24040:0.000377173
647471at2759,2,Zm00001eb294870;Zm00001eb294880,Zm00001eb294870:0.00150783;Zm00001eb294880:0.00150783,NA,NA,NA,NA,NA,NA,AT5G38170,AT5G38170:3.50636e-05
647471at3193,2,Zm00001eb294870;Zm00001eb294880,Zm00001eb294870:0.00150783;Zm00001eb294880:0.00150783,NA,NA,NA,NA,NA,NA,AT5G38170,AT5G38170:3.50636e-05
647471at33090,2,Zm00001eb294870;Zm00001eb294880,Zm00001eb294870:0.00150783;Zm00001eb294880:0.00150783,NA,NA,NA,NA,NA,NA,AT5G38170,AT5G38170:3.50636e-05
648061at2759,2,Zm00001eb135550,Zm00001eb135550:9.61777e-05,NA,NA,NA,NA,NA,NA,AT3G23050,AT3G23050:2.51022e-05
648061at3193,2,Zm00001eb135550,Zm00001eb135550:9.61777e-05,NA,NA,NA,NA,NA,NA,AT3G23050,AT3G23050:2.51022e-05
648061at33090,2,Zm00001eb135550,Zm00001eb135550:9.61777e-05,NA,NA,NA,NA,NA,NA,AT3G23050,AT3G23050:2.51022e-05
648102at2759,2,Zm00001eb403790,Zm00001eb403790:1.07311e-05,NA,NA,NA,NA,NA,NA,AT2G02180,AT2G02180:0.00012078
648102at33090,2,Zm00001eb403790,Zm00001eb403790:1.07311e-05,NA,NA,NA,NA,NA,NA,AT2G02180,AT2G02180:0.00012078
648872at2759,2,Zm00001eb051050,Zm00001eb051050:0.000986011,SORBI_3001G161400,SORBI_3001G161400:0.00218504,NA,NA,NA,NA,NA,NA
648872at3193,2,Zm00001eb051050,Zm00001eb051050:0.000986011,SORBI_3001G161400,SORBI_3001G161400:0.00218504,NA,NA,NA,NA,NA,NA
648872at33090,2,Zm00001eb051050,Zm00001eb051050:0.000986011,SORBI_3001G161400,SORBI_3001G161400:0.00218504,NA,NA,NA,NA,NA,NA
650038at2759,2,NA,NA,NA,NA,NA,NA,HORVU.MOREX.r3.2HG0173680,HORVU.MOREX.r3.2HG0173680:0.000570619,AT5G57890,AT5G57890:0.000301546
650038at3193,2,NA,NA,NA,NA,NA,NA,HORVU.MOREX.r3.2HG0173680,HORVU.MOREX.r3.2HG0173680:0.000570619,AT5G57890,AT5G57890:0.000301546
650038at33090,2,NA,NA,NA,NA,NA,NA,HORVU.MOREX.r3.2HG0173680,HORVU.MOREX.r3.2HG0173680:0.000570619,AT5G57890,AT5G57890:0.000301546
650263at3193,2,Zm00001eb219490,Zm00001eb219490:4.33682e-05,NA,NA,NA,NA,NA,NA,AT1G14320;AT1G26910;AT1G66580,AT1G14320:1.10501e-05;AT1G26910:3.96298e-05;AT1G66580:0.000323027
650293at2759,2,Zm00001eb043080,Zm00001eb043080:0.000494412,NA,NA,NA,NA,NA,NA,AT3G22030;AT3G22040;AT3G22060,AT3G22030:0.000255311;AT3G22040:0.000368894;AT3G22060:0.000108932
650293at3193,2,Zm00001eb043080,Zm00001eb043080:0.000494412,NA,NA,NA,NA,NA,NA,AT3G22030;AT3G22040;AT3G22060,AT3G22030:0.000255311;AT3G22040:0.000368894;AT3G22060:0.000108932
650293at33090,2,Zm00001eb043080,Zm00001eb043080:0.000494412,NA,NA,NA,NA,NA,NA,AT3G22030;AT3G22040;AT3G22060,AT3G22030:0.000255311;AT3G22040:0.000368894;AT3G22060:0.000108932
650782at2759,2,Zm00001eb210650,Zm00001eb210650:0.0015922,NA,NA,NA,NA,NA,NA,AT5G65660,AT5G65660:5.92931e-09
650782at3193,2,Zm00001eb210650,Zm00001eb210650:0.0015922,NA,NA,NA,NA,NA,NA,AT5G65660,AT5G65660:5.92931e-09
650782at33090,2,Zm00001eb210650,Zm00001eb210650:0.0015922,NA,NA,NA,NA,NA,NA,AT5G65660,AT5G65660:5.92931e-09
650970at3193,2,Zm00001eb070460;Zm00001eb135940;Zm00001eb207430,Zm00001eb070460:0.000837088;Zm00001eb135940:0.000832001;Zm00001eb207430:0.000101884,NA,NA,NA,NA,NA,NA,AT1G16670,AT1G16670:1.2179e-05
650970at33090,2,Zm00001eb070460;Zm00001eb135940;Zm00001eb207430,Zm00001eb070460:0.000837088;Zm00001eb135940:0.000832001;Zm00001eb207430:0.000101884,NA,NA,NA,NA,NA,NA,AT1G16670,AT1G16670:1.2179e-05
651136at2759,2,Zm00001eb102160,Zm00001eb102160:0.0014809,NA,NA,NA,NA,NA,NA,AT2G24430,AT2G24430:7.15968e-05
651136at3193,2,Zm00001eb102160,Zm00001eb102160:0.0014809,NA,NA,NA,NA,NA,NA,AT2G24430,AT2G24430:7.15968e-05
651136at33090,2,Zm00001eb102160,Zm00001eb102160:0.0014809,NA,NA,NA,NA,NA,NA,AT2G24430,AT2G24430:7.15968e-05
651233at33090,2,Zm00001eb144650,Zm00001eb144650:0.00227779,NA,NA,NA,NA,NA,NA,AT1G78630,AT1G78630:4.50335e-05
651384at2759,2,NA,NA,NA,NA,NA,NA,HORVU.MOREX.r3.4HG0409110,HORVU.MOREX.r3.4HG0409110:0.000242595,AT5G08391,AT5G08391:0.000418933
651384at3193,2,NA,NA,NA,NA,NA,NA,HORVU.MOREX.r3.4HG0409110,HORVU.MOREX.r3.4HG0409110:0.000242595,AT5G08391,AT5G08391:0.000418933
651384at33090,2,NA,NA,NA,NA,NA,NA,HORVU.MOREX.r3.4HG0409110,HORVU.MOREX.r3.4HG0409110:0.000242595,AT5G08391,AT5G08391:0.000418933
651612at3193,2,Zm00001eb119990;Zm00001eb271090,Zm00001eb119990:0.000447014;Zm00001eb271090:3.13756e-05,NA,NA,NA,NA,HORVU.MOREX.r3.7HG0640150,HORVU.MOREX.r3.7HG0640150:0.000798101,NA,NA
651769at2759,2,NA,NA,SORBI_3003G373300,SORBI_3003G373300:0.000835343,NA,NA,NA,NA,AT1G34380,AT1G34380:0.000177144
651769at3193,2,NA,NA,SORBI_3003G373300,SORBI_3003G373300:0.000835343,NA,NA,NA,NA,AT1G34380,AT1G34380:0.000177144
651769at33090,2,NA,NA,SORBI_3003G373300,SORBI_3003G373300:0.000835343,NA,NA,NA,NA,AT1G34380,AT1G34380:0.000177144
652079at3193,2,NA,NA,SORBI_3003G052100,SORBI_3003G052100:0.00266554,NA,NA,HORVU.MOREX.r3.5HG0489130,HORVU.MOREX.r3.5HG0489130:0.000118628,NA,NA
652409at2759,2,Zm00001eb135910,Zm00001eb135910:2.2392e-05,NA,NA,NA,NA,NA,NA,AT1G56010,AT1G56010:9.75878e-06
652409at3193,2,Zm00001eb135910,Zm00001eb135910:2.2392e-05,NA,NA,NA,NA,NA,NA,AT1G56010,AT1G56010:9.75878e-06
652409at33090,2,Zm00001eb135910,Zm00001eb135910:2.2392e-05,NA,NA,NA,NA,NA,NA,AT1G56010,AT1G56010:9.75878e-06
652489at2759,2,Zm00001eb104050,Zm00001eb104050:0.000211709,SORBI_3002G283900,SORBI_3002G283900:0.0016811,NA,NA,NA,NA,NA,NA
652489at3193,2,Zm00001eb104050,Zm00001eb104050:0.000211709,SORBI_3002G283900,SORBI_3002G283900:0.0016811,NA,NA,NA,NA,NA,NA
652489at33090,2,Zm00001eb104050,Zm00001eb104050:0.000211709,SORBI_3002G283900,SORBI_3002G283900:0.0016811,NA,NA,NA,NA,NA,NA
652660at2759,2,Zm00001eb040900;Zm00001eb177090,Zm00001eb040900:0.00219781;Zm00001eb177090:3.87068e-05,NA,NA,NA,NA,NA,NA,AT2G24762,AT2G24762:0.00041697
652660at3193,2,Zm00001eb040900;Zm00001eb177090,Zm00001eb040900:0.00219781;Zm00001eb177090:3.87068e-05,NA,NA,NA,NA,NA,NA,AT2G24762,AT2G24762:0.00041697
652660at33090,2,Zm00001eb040900;Zm00001eb177090,Zm00001eb040900:0.00219781;Zm00001eb177090:3.87068e-05,NA,NA,NA,NA,NA,NA,AT2G24762,AT2G24762:0.00041697
652764at2759,2,Zm00001eb097990,Zm00001eb097990:0.00298759,NA,NA,NA,NA,HORVU.MOREX.r3.7HG0676860,HORVU.MOREX.r3.7HG0676860:0.0004583,NA,NA
652764at3193,2,Zm00001eb097990,Zm00001eb097990:0.00298759,NA,NA,NA,NA,HORVU.MOREX.r3.7HG0676860,HORVU.MOREX.r3.7HG0676860:0.0004583,NA,NA
652764at33090,2,Zm00001eb097990,Zm00001eb097990:0.00298759,NA,NA,NA,NA,HORVU.MOREX.r3.7HG0676860,HORVU.MOREX.r3.7HG0676860:0.0004583,NA,NA
652811at3193,2,Zm00001eb076800,Zm00001eb076800:0.00344179,NA,NA,NA,NA,NA,NA,AT5G23220,AT5G23220:2.06317e-09
653435at3193,2,NA,NA,NA,NA,NA,NA,HORVU.MOREX.r3.2HG0210680,HORVU.MOREX.r3.2HG0210680:0.000217559,AT5G18400,AT5G18400:1.54337e-05
653435at33090,2,NA,NA,NA,NA,NA,NA,HORVU.MOREX.r3.2HG0210680,HORVU.MOREX.r3.2HG0210680:0.000217559,AT5G18400,AT5G18400:1.54337e-05
653715at3193,2,Zm00001eb250940,Zm00001eb250940:3.47107e-06,SORBI_3006G192100,SORBI_3006G192100:0.00360362,NA,NA,NA,NA,NA,NA
653768at3193,2,Zm00001eb041340,Zm00001eb041340:0.000831659,NA,NA,NA,NA,NA,NA,AT1G26880,AT1G26880:3.96298e-05
653768at33090,2,Zm00001eb041340,Zm00001eb041340:0.000831659,NA,NA,NA,NA,NA,NA,AT1G26880,AT1G26880:3.96298e-05
654673at2759,2,Zm00001eb320440,Zm00001eb320440:0.000660919,NA,NA,NA,NA,NA,NA,AT5G57520,AT5G57520:0.000289819
654673at3193,2,Zm00001eb320440,Zm00001eb320440:0.000660919,NA,NA,NA,NA,NA,NA,AT5G57520,AT5G57520:0.000289819
654673at33090,2,Zm00001eb320440,Zm00001eb320440:0.000660919,NA,NA,NA,NA,NA,NA,AT5G57520,AT5G57520:0.000289819
654719at2759,2,Zm00001eb211760,Zm00001eb211760:0.000483361,NA,NA,NA,NA,HORVU.MOREX.r3.5HG0525990,HORVU.MOREX.r3.5HG0525990:0.000301162,NA,NA
654719at3193,2,Zm00001eb211760,Zm00001eb211760:0.000483361,NA,NA,NA,NA,HORVU.MOREX.r3.5HG0525990,HORVU.MOREX.r3.5HG0525990:0.000301162,NA,NA
654719at33090,2,Zm00001eb211760,Zm00001eb211760:0.000483361,NA,NA,NA,NA,HORVU.MOREX.r3.5HG0525990,HORVU.MOREX.r3.5HG0525990:0.000301162,NA,NA
654837at2759,2,NA,NA,NA,NA,NA,NA,HORVU.MOREX.r3.2HG0212870,HORVU.MOREX.r3.2HG0212870:0.000333606,AT2G37870,AT2G37870:2.81238e-05
654837at3193,2,NA,NA,NA,NA,NA,NA,HORVU.MOREX.r3.2HG0212870,HORVU.MOREX.r3.2HG0212870:0.000333606,AT2G37870,AT2G37870:2.81238e-05
654837at33090,2,NA,NA,NA,NA,NA,NA,HORVU.MOREX.r3.2HG0212870,HORVU.MOREX.r3.2HG0212870:0.000333606,AT2G37870,AT2G37870:2.81238e-05
655092at2759,2,Zm00001eb257280,Zm00001eb257280:0.000117086,SORBI_3004G322800,SORBI_3004G322800:7.98386e-05,NA,NA,NA,NA,NA,NA
655092at3193,2,Zm00001eb257280,Zm00001eb257280:0.000117086,SORBI_3004G322800,SORBI_3004G322800:7.98386e-05,NA,NA,NA,NA,NA,NA
655092at33090,2,Zm00001eb257280,Zm00001eb257280:0.000117086,SORBI_3004G322800,SORBI_3004G322800:7.98386e-05,NA,NA,NA,NA,NA,NA
655175at33090,2,Zm00001eb249020,Zm00001eb249020:8.1067e-07,SORBI_3004G299700;SORBI_3006G053100,SORBI_3004G299700:0.000357671;SORBI_3006G053100:0.00254493,NA,NA,NA,NA,NA,NA
65577at4447,2,Zm00001eb201130,Zm00001eb201130:0.000131191,NA,NA,NA,NA,HORVU.MOREX.r3.5HG0510230;HORVU.MOREX.r3.5HG0510240;HORVU.MOREX.r3.5HG0510250,HORVU.MOREX.r3.5HG0510230:0.000274647;HORVU.MOREX.r3.5HG0510240:0.000274647;HORVU.MOREX.r3.5HG0510250:0.000274647,NA,NA
656109at3193,2,Zm00001eb394670;Zm00001eb403780,Zm00001eb394670:0.00340839;Zm00001eb403780:1.07311e-05,NA,NA,NA,NA,NA,NA,AT5G13850,AT5G13850:0.00026416
656471at2759,2,Zm00001eb211860,Zm00001eb211860:0.000241498,NA,NA,NA,NA,HORVU.MOREX.r3.5HG0525760,HORVU.MOREX.r3.5HG0525760:0.00147471,NA,NA
656471at3193,2,Zm00001eb211860,Zm00001eb211860:0.000241498,NA,NA,NA,NA,HORVU.MOREX.r3.5HG0525760,HORVU.MOREX.r3.5HG0525760:0.00147471,NA,NA
656471at33090,2,Zm00001eb211860,Zm00001eb211860:0.000241498,NA,NA,NA,NA,HORVU.MOREX.r3.5HG0525760,HORVU.MOREX.r3.5HG0525760:0.00147471,NA,NA
656610at2759,2,Zm00001eb403760,Zm00001eb403760:1.07311e-05,NA,NA,LOC_Os07g05400,LOC_Os07g05400:0.000797338,NA,NA,NA,NA
656610at3193,2,Zm00001eb403760,Zm00001eb403760:1.07311e-05,NA,NA,LOC_Os07g05400,LOC_Os07g05400:0.000797338,NA,NA,NA,NA
656610at33090,2,Zm00001eb403760,Zm00001eb403760:1.07311e-05,NA,NA,LOC_Os07g05400,LOC_Os07g05400:0.000797338,NA,NA,NA,NA
6566at38820,2,Zm00001eb216870,Zm00001eb216870:0.00243018,SORBI_3001G125700;SORBI_3001G125800,SORBI_3001G125700:0.00133174;SORBI_3001G125800:0.00133174,NA,NA,NA,NA,NA,NA
656921at3193,2,Zm00001eb122910;Zm00001eb231180,Zm00001eb122910:0.000641476;Zm00001eb231180:0.00134511,NA,NA,NA,NA,NA,NA,AT1G70505,AT1G70505:5.28408e-05
656921at33090,2,Zm00001eb122910;Zm00001eb231180,Zm00001eb122910:0.000641476;Zm00001eb231180:0.00134511,NA,NA,NA,NA,NA,NA,AT1G70505,AT1G70505:5.28408e-05
656944at3193,2,Zm00001eb070260,Zm00001eb070260:0.000291971,NA,NA,NA,NA,NA,NA,AT2G43640,AT2G43640:0.000213759
657087at3193,2,Zm00001eb295890,Zm00001eb295890:0.00137009,NA,NA,NA,NA,NA,NA,AT1G27650,AT1G27650:2.70762e-06
658060at3193,2,NA,NA,SORBI_3001G358500,SORBI_3001G358500:0.00340206,NA,NA,HORVU.MOREX.r3.6HG0631910,HORVU.MOREX.r3.6HG0631910:0.000682629,NA,NA
658308at3193,2,Zm00001eb404060,Zm00001eb404060:0.0023673,NA,NA,NA,NA,HORVU.MOREX.r3.1HG0049650,HORVU.MOREX.r3.1HG0049650:0.000172135,NA,NA
658485at2759,2,Zm00001eb425420,Zm00001eb425420:0.00261624,NA,NA,NA,NA,NA,NA,AT3G20830,AT3G20830:0.000339063
658485at3193,2,Zm00001eb425420,Zm00001eb425420:0.00261624,NA,NA,NA,NA,NA,NA,AT3G20830,AT3G20830:0.000339063
658485at33090,2,Zm00001eb425420,Zm00001eb425420:0.00261624,NA,NA,NA,NA,NA,NA,AT3G20830,AT3G20830:0.000339063
658880at3193,2,Zm00001eb078040,Zm00001eb078040:0.00295342,NA,NA,NA,NA,NA,NA,AT4G34110,AT4G34110:0.000109294
658935at3193,2,Zm00001eb205380,Zm00001eb205380:0.00319188,NA,NA,NA,NA,HORVU.MOREX.r3.7HG0715190,HORVU.MOREX.r3.7HG0715190:3.47272e-05,NA,NA
659212at3193,2,Zm00001eb373200,Zm00001eb373200:0.00318744,SORBI_3010G082500,SORBI_3010G082500:0.00296284,NA,NA,NA,NA,NA,NA
659420at2759,2,Zm00001eb330430,Zm00001eb330430:0.000406445,SORBI_3002G413200,SORBI_3002G413200:0.00235641,NA,NA,NA,NA,NA,NA
659420at3193,2,Zm00001eb330430,Zm00001eb330430:0.000406445,SORBI_3002G413200,SORBI_3002G413200:0.00235641,NA,NA,NA,NA,NA,NA
659420at33090,2,Zm00001eb330430,Zm00001eb330430:0.000406445,SORBI_3002G413200,SORBI_3002G413200:0.00235641,NA,NA,NA,NA,NA,NA
659692at2759,2,Zm00001eb119540,Zm00001eb119540:4.94e-05,SORBI_3003G012800,SORBI_3003G012800:0.000464711,NA,NA,NA,NA,NA,NA
659692at3193,2,Zm00001eb119540,Zm00001eb119540:4.94e-05,SORBI_3003G012800,SORBI_3003G012800:0.000464711,NA,NA,NA,NA,NA,NA
659692at33090,2,Zm00001eb119540,Zm00001eb119540:4.94e-05,SORBI_3003G012800,SORBI_3003G012800:0.000464711,NA,NA,NA,NA,NA,NA
659715at2759,2,NA,NA,NA,NA,LOC_Os01g07020,LOC_Os01g07020:0.00174437,NA,NA,AT1G19660,AT1G19660:3.22461e-09
659715at3193,2,NA,NA,NA,NA,LOC_Os01g07020,LOC_Os01g07020:0.00174437,NA,NA,AT1G19660,AT1G19660:3.22461e-09
659715at33090,2,NA,NA,NA,NA,LOC_Os01g07020,LOC_Os01g07020:0.00174437,NA,NA,AT1G19660,AT1G19660:3.22461e-09
65976at33090,2,NA,NA,SORBI_3001G208500,SORBI_3001G208500:0.00224883,NA,NA,HORVU.MOREX.r3.7HG0711310,HORVU.MOREX.r3.7HG0711310:0.00118903,NA,NA
660040at2759,2,Zm00001eb089600,Zm00001eb089600:0.00196644,NA,NA,NA,NA,NA,NA,AT1G27600,AT1G27600:3.61197e-05
660377at2759,2,Zm00001eb013610,Zm00001eb013610:0.000385206,NA,NA,LOC_Os07g06930,LOC_Os07g06930:0.00184435,NA,NA,NA,NA
660377at3193,2,Zm00001eb013610,Zm00001eb013610:0.000385206,NA,NA,LOC_Os07g06930,LOC_Os07g06930:0.00184435,NA,NA,NA,NA
660377at33090,2,Zm00001eb013610,Zm00001eb013610:0.000385206,NA,NA,LOC_Os07g06930,LOC_Os07g06930:0.00184435,NA,NA,NA,NA
661139at2759,2,Zm00001eb394240,Zm00001eb394240:0.00138399,NA,NA,NA,NA,HORVU.MOREX.r3.3HG0229410,HORVU.MOREX.r3.3HG0229410:0.00145092,NA,NA
661139at3193,2,Zm00001eb394240,Zm00001eb394240:0.00138399,NA,NA,NA,NA,HORVU.MOREX.r3.3HG0229410,HORVU.MOREX.r3.3HG0229410:0.00145092,NA,NA
661139at33090,2,Zm00001eb394240,Zm00001eb394240:0.00138399,NA,NA,NA,NA,HORVU.MOREX.r3.3HG0229410,HORVU.MOREX.r3.3HG0229410:0.00145092,NA,NA
661378at3193,2,Zm00001eb178370,Zm00001eb178370:0.00344924,NA,NA,NA,NA,NA,NA,AT3G25580,AT3G25580:0.000309217
661378at33090,2,Zm00001eb178370,Zm00001eb178370:0.00344924,NA,NA,NA,NA,NA,NA,AT3G25580,AT3G25580:0.000309217
661889at2759,2,NA,NA,NA,NA,LOC_Os10g03950,LOC_Os10g03950:0.00196096,NA,NA,AT5G35580,AT5G35580:0.000105598
661889at3193,2,NA,NA,NA,NA,LOC_Os10g03950,LOC_Os10g03950:0.00196096,NA,NA,AT5G35580,AT5G35580:0.000105598
661889at33090,2,NA,NA,NA,NA,LOC_Os10g03950,LOC_Os10g03950:0.00196096,NA,NA,AT5G35580,AT5G35580:0.000105598
66231at38820,2,Zm00001eb333230,Zm00001eb333230:0.000308096,SORBI_3003G122800,SORBI_3003G122800:0.00118909,NA,NA,NA,NA,NA,NA
66231at4447,2,Zm00001eb333230,Zm00001eb333230:0.000308096,SORBI_3003G122800,SORBI_3003G122800:0.00118909,NA,NA,NA,NA,NA,NA
662733at2759,2,NA,NA,NA,NA,LOC_Os04g03680,LOC_Os04g03680:0.00215332,HORVU.MOREX.r3.3HG0219270,HORVU.MOREX.r3.3HG0219270:0.00142353,NA,NA
662733at3193,2,NA,NA,NA,NA,LOC_Os04g03680,LOC_Os04g03680:0.00215332,HORVU.MOREX.r3.3HG0219270,HORVU.MOREX.r3.3HG0219270:0.00142353,NA,NA
662733at33090,2,NA,NA,NA,NA,LOC_Os04g03680,LOC_Os04g03680:0.00215332,HORVU.MOREX.r3.3HG0219270,HORVU.MOREX.r3.3HG0219270:0.00142353,NA,NA
66303at38820,2,Zm00001eb051050,Zm00001eb051050:0.000986011,SORBI_3001G161400,SORBI_3001G161400:0.00218504,NA,NA,NA,NA,NA,NA
66303at4447,2,Zm00001eb051050,Zm00001eb051050:0.000986011,SORBI_3001G161400,SORBI_3001G161400:0.00218504,NA,NA,NA,NA,NA,NA
663276at3193,2,Zm00001eb211050,Zm00001eb211050:0.00149474,NA,NA,NA,NA,NA,NA,AT1G71870,AT1G71870:9.94564e-05
663580at2759,2,NA,NA,SORBI_3006G201000,SORBI_3006G201000:0.00229829,NA,NA,NA,NA,AT1G30650,AT1G30650:1.77791e-05
663580at3193,2,NA,NA,SORBI_3006G201000,SORBI_3006G201000:0.00229829,NA,NA,NA,NA,AT1G30650,AT1G30650:1.77791e-05
663580at33090,2,NA,NA,SORBI_3006G201000,SORBI_3006G201000:0.00229829,NA,NA,NA,NA,AT1G30650,AT1G30650:1.77791e-05
663937at2759,2,NA,NA,NA,NA,NA,NA,HORVU.MOREX.r3.7HG0735360,HORVU.MOREX.r3.7HG0735360:0.00142782,AT1G30460,AT1G30460:0.000302413
663937at3193,2,NA,NA,NA,NA,NA,NA,HORVU.MOREX.r3.7HG0735360,HORVU.MOREX.r3.7HG0735360:0.00142782,AT1G30460,AT1G30460:0.000302413
663937at33090,2,NA,NA,NA,NA,NA,NA,HORVU.MOREX.r3.7HG0735360,HORVU.MOREX.r3.7HG0735360:0.00142782,AT1G30460,AT1G30460:0.000302413
664106at3193,2,Zm00001eb403790,Zm00001eb403790:1.07311e-05,NA,NA,NA,NA,NA,NA,AT2G02180,AT2G02180:0.00012078
664517at3193,2,NA,NA,NA,NA,NA,NA,HORVU.MOREX.r3.2HG0142680,HORVU.MOREX.r3.2HG0142680:0.00073785,AT1G03780,AT1G03780:6.689e-06
664981at3193,2,Zm00001eb031600,Zm00001eb031600:0.00227227,NA,NA,NA,NA,NA,NA,AT3G22330,AT3G22330:7.14761e-08
664981at33090,2,Zm00001eb031600,Zm00001eb031600:0.00227227,NA,NA,NA,NA,NA,NA,AT3G22330,AT3G22330:7.14761e-08
66554at38820,2,NA,NA,SORBI_3001G447000,SORBI_3001G447000:0.00040432,NA,NA,HORVU.MOREX.r3.4HG0394480,HORVU.MOREX.r3.4HG0394480:0.00119068,NA,NA
665892at2759,2,Zm00001eb200990,Zm00001eb200990:0.00039562,NA,NA,NA,NA,NA,NA,AT1G17790,AT1G17790:7.50648e-07
665892at3193,2,Zm00001eb200990,Zm00001eb200990:0.00039562,NA,NA,NA,NA,NA,NA,AT1G17790,AT1G17790:7.50648e-07
665892at33090,2,Zm00001eb200990,Zm00001eb200990:0.00039562,NA,NA,NA,NA,NA,NA,AT1G17790,AT1G17790:7.50648e-07
666094at3193,2,Zm00001eb052440,Zm00001eb052440:0.00107273,NA,NA,NA,NA,NA,NA,AT2G04032,AT2G04032:5.83084e-05
666502at2759,2,Zm00001eb169130,Zm00001eb169130:0.00100029,NA,NA,LOC_Os11g02180,LOC_Os11g02180:0.00011852,NA,NA,NA,NA
666502at3193,2,Zm00001eb169130,Zm00001eb169130:0.00100029,NA,NA,LOC_Os11g02180,LOC_Os11g02180:0.00011852,NA,NA,NA,NA
666502at33090,2,Zm00001eb169130,Zm00001eb169130:0.00100029,NA,NA,LOC_Os11g02180,LOC_Os11g02180:0.00011852,NA,NA,NA,NA
667100at3193,2,Zm00001eb389900,Zm00001eb389900:0.000594121,SORBI_3010G221400,SORBI_3010G221400:0.0011045,NA,NA,NA,NA,NA,NA
667822at3193,2,Zm00001eb066580;Zm00001eb077010,Zm00001eb066580:0.00316146;Zm00001eb077010:0.0010505,NA,NA,LOC_Os08g01008,LOC_Os08g01008:0.00112664,NA,NA,NA,NA
667955at33090,2,Zm00001eb075580,Zm00001eb075580:0.000965943,NA,NA,NA,NA,NA,NA,AT5G38630,AT5G38630:0.000321512
668167at2759,2,Zm00001eb072200,Zm00001eb072200:0.00251214,NA,NA,NA,NA,HORVU.MOREX.r3.2HG0197540,HORVU.MOREX.r3.2HG0197540:0.000623498,NA,NA
668167at3193,2,Zm00001eb072200,Zm00001eb072200:0.00251214,NA,NA,NA,NA,HORVU.MOREX.r3.2HG0197540,HORVU.MOREX.r3.2HG0197540:0.000623498,NA,NA
668167at33090,2,Zm00001eb072200,Zm00001eb072200:0.00251214,NA,NA,NA,NA,HORVU.MOREX.r3.2HG0197540,HORVU.MOREX.r3.2HG0197540:0.000623498,NA,NA
668486at2759,2,Zm00001eb433800,Zm00001eb433800:0.00311277,NA,NA,NA,NA,NA,NA,AT1G13380;AT4G27435,AT1G13380:8.87047e-06;AT4G27435:5.50079e-05
668486at3193,2,Zm00001eb433800,Zm00001eb433800:0.00311277,NA,NA,NA,NA,NA,NA,AT1G13380;AT4G27435,AT1G13380:8.87047e-06;AT4G27435:5.50079e-05
668486at33090,2,Zm00001eb433800,Zm00001eb433800:0.00311277,NA,NA,NA,NA,NA,NA,AT1G13380;AT4G27435,AT1G13380:8.87047e-06;AT4G27435:5.50079e-05
669141at2759,2,Zm00001eb257290,Zm00001eb257290:0.000117086,SORBI_3004G323000,SORBI_3004G323000:7.98386e-05,NA,NA,NA,NA,NA,NA
669141at3193,2,Zm00001eb257290,Zm00001eb257290:0.000117086,SORBI_3004G323000,SORBI_3004G323000:7.98386e-05,NA,NA,NA,NA,NA,NA
669141at33090,2,Zm00001eb257290,Zm00001eb257290:0.000117086,SORBI_3004G323000,SORBI_3004G323000:7.98386e-05,NA,NA,NA,NA,NA,NA
669244at2759,2,Zm00001eb149630,Zm00001eb149630:0.00322256,NA,NA,NA,NA,HORVU.MOREX.r3.3HG0297360,HORVU.MOREX.r3.3HG0297360:0.000860807,NA,NA
669244at3193,2,Zm00001eb149630,Zm00001eb149630:0.00322256,NA,NA,NA,NA,HORVU.MOREX.r3.3HG0297360,HORVU.MOREX.r3.3HG0297360:0.000860807,NA,NA
669244at33090,2,Zm00001eb149630,Zm00001eb149630:0.00322256,NA,NA,NA,NA,HORVU.MOREX.r3.3HG0297360,HORVU.MOREX.r3.3HG0297360:0.000860807,NA,NA
669769at3193,2,Zm00001eb334460,Zm00001eb334460:0.00306759,SORBI_3006G117100,SORBI_3006G117100:0.00297759,NA,NA,NA,NA,NA,NA
669898at2759,2,Zm00001eb190930,Zm00001eb190930:0.000227037,SORBI_3002G137400,SORBI_3002G137400:0.00235568,NA,NA,NA,NA,NA,NA
669898at3193,2,Zm00001eb190930,Zm00001eb190930:0.000227037,SORBI_3002G137400,SORBI_3002G137400:0.00235568,NA,NA,NA,NA,NA,NA
669898at33090,2,Zm00001eb190930,Zm00001eb190930:0.000227037,SORBI_3002G137400,SORBI_3002G137400:0.00235568,NA,NA,NA,NA,NA,NA
670739at2759,2,Zm00001eb168040,Zm00001eb168040:0.000456379,NA,NA,NA,NA,NA,NA,AT1G71450,AT1G71450:0.000167909
670739at3193,2,Zm00001eb168040,Zm00001eb168040:0.000456379,NA,NA,NA,NA,NA,NA,AT1G71450,AT1G71450:0.000167909
670739at33090,2,Zm00001eb168040,Zm00001eb168040:0.000456379,NA,NA,NA,NA,NA,NA,AT1G71450,AT1G71450:0.000167909
6711at38820,2,Zm00001eb048160,Zm00001eb048160:0.000158674,SORBI_3001G250300,SORBI_3001G250300:0.00162808,NA,NA,NA,NA,NA,NA
6711at4447,2,Zm00001eb048160,Zm00001eb048160:0.000158674,SORBI_3001G250300,SORBI_3001G250300:0.00162808,NA,NA,NA,NA,NA,NA
671415at33090,2,Zm00001eb174620,Zm00001eb174620:0.00334135,NA,NA,NA,NA,NA,NA,AT3G19440,AT3G19440:4.23924e-11
671819at2759,2,Zm00001eb125870,Zm00001eb125870:0.000961356,NA,NA,NA,NA,NA,NA,AT1G18290,AT1G18290:5.8655e-05
671819at3193,2,Zm00001eb125870,Zm00001eb125870:0.000961356,NA,NA,NA,NA,NA,NA,AT1G18290,AT1G18290:5.8655e-05
671819at33090,2,Zm00001eb125870,Zm00001eb125870:0.000961356,NA,NA,NA,NA,NA,NA,AT1G18290,AT1G18290:5.8655e-05
67186at3193,2,Zm00001eb370150,Zm00001eb370150:0.00244199,NA,NA,NA,NA,HORVU.MOREX.r3.3HG0291670,HORVU.MOREX.r3.3HG0291670:0.00113808,NA,NA
672463at2759,2,Zm00001eb000470;Zm00001eb023010,Zm00001eb000470:0.00119124;Zm00001eb023010:1.67426e-05,NA,NA,LOC_Os04g05550,LOC_Os04g05550:0.000395095,NA,NA,NA,NA
672463at3193,2,Zm00001eb000470;Zm00001eb023010,Zm00001eb000470:0.00119124;Zm00001eb023010:1.67426e-05,NA,NA,LOC_Os04g05550,LOC_Os04g05550:0.000395095,NA,NA,NA,NA
672463at33090,2,Zm00001eb000470;Zm00001eb023010,Zm00001eb000470:0.00119124;Zm00001eb023010:1.67426e-05,NA,NA,LOC_Os04g05550,LOC_Os04g05550:0.000395095,NA,NA,NA,NA
672641at3193,2,NA,NA,NA,NA,LOC_Os04g05070,LOC_Os04g05070:0.000709497,NA,NA,AT3G24320,AT3G24320:0.000274834
672641at33090,2,NA,NA,NA,NA,LOC_Os04g05070,LOC_Os04g05070:0.000709497,NA,NA,AT3G24320,AT3G24320:0.000274834
673191at2759,2,NA,NA,SORBI_3006G106900,SORBI_3006G106900:0.00159974,NA,NA,NA,NA,AT1G14160,AT1G14160:0.000303538
673191at3193,2,NA,NA,SORBI_3006G106900,SORBI_3006G106900:0.00159974,NA,NA,NA,NA,AT1G14160,AT1G14160:0.000303538
673191at33090,2,NA,NA,SORBI_3006G106900,SORBI_3006G106900:0.00159974,NA,NA,NA,NA,AT1G14160,AT1G14160:0.000303538
675293at2759,2,Zm00001eb311590,Zm00001eb311590:8.0594e-05,NA,NA,NA,NA,NA,NA,AT1G60190,AT1G60190:0.000192451
675293at3193,2,Zm00001eb311590,Zm00001eb311590:8.0594e-05,NA,NA,NA,NA,NA,NA,AT1G60190,AT1G60190:0.000192451
675293at33090,2,Zm00001eb311590,Zm00001eb311590:8.0594e-05,NA,NA,NA,NA,NA,NA,AT1G60190,AT1G60190:0.000192451
676002at2759,2,Zm00001eb321920,Zm00001eb321920:1.11182e-05,NA,NA,NA,NA,HORVU.MOREX.r3.2HG0144990,HORVU.MOREX.r3.2HG0144990:0.00052831,NA,NA
676002at3193,2,Zm00001eb321920,Zm00001eb321920:1.11182e-05,NA,NA,NA,NA,HORVU.MOREX.r3.2HG0144990,HORVU.MOREX.r3.2HG0144990:0.00052831,NA,NA
676002at33090,2,Zm00001eb321920,Zm00001eb321920:1.11182e-05,NA,NA,NA,NA,HORVU.MOREX.r3.2HG0144990,HORVU.MOREX.r3.2HG0144990:0.00052831,NA,NA
67651at38820,2,Zm00001eb093490,Zm00001eb093490:7.50314e-05,SORBI_3005G022100,SORBI_3005G022100:0.000679268,NA,NA,NA,NA,NA,NA
67665at38820,2,Zm00001eb426260,Zm00001eb426260:0.00297082,NA,NA,LOC_Os04g05080,LOC_Os04g05080:0.00118176,NA,NA,NA,NA
67665at4447,2,Zm00001eb426260,Zm00001eb426260:0.00297082,NA,NA,LOC_Os04g05080,LOC_Os04g05080:0.00118176,NA,NA,NA,NA
67669at3193,2,NA,NA,NA,NA,NA,NA,HORVU.MOREX.r3.4HG0413970,HORVU.MOREX.r3.4HG0413970:0.000735011,AT3G60340,AT3G60340:1.28606e-07
676836at3193,2,Zm00001eb061610;Zm00001eb195640,Zm00001eb061610:0.00114924;Zm00001eb195640:0.00260074,NA,NA,NA,NA,NA,NA,AT2G19830,AT2G19830:0.000392407
67744at4447,2,Zm00001eb187260,Zm00001eb187260:0.000139077,SORBI_3010G004300,SORBI_3010G004300:0.000216919,NA,NA,NA,NA,NA,NA
677454at2759,2,Zm00001eb194440,Zm00001eb194440:0.000753065,SORBI_3004G236500,SORBI_3004G236500:0.00262717,NA,NA,NA,NA,NA,NA
677454at3193,2,Zm00001eb194440,Zm00001eb194440:0.000753065,SORBI_3004G236500,SORBI_3004G236500:0.00262717,NA,NA,NA,NA,NA,NA
677454at33090,2,Zm00001eb194440,Zm00001eb194440:0.000753065,SORBI_3004G236500,SORBI_3004G236500:0.00262717,NA,NA,NA,NA,NA,NA
677710at2759,2,Zm00001eb356320,Zm00001eb356320:3.20569e-05,NA,NA,LOC_Os05g05780,LOC_Os05g05780:0.0020023,NA,NA,NA,NA
677710at3193,2,Zm00001eb356320,Zm00001eb356320:3.20569e-05,NA,NA,LOC_Os05g05780,LOC_Os05g05780:0.0020023,NA,NA,NA,NA
677710at33090,2,Zm00001eb356320,Zm00001eb356320:3.20569e-05,NA,NA,LOC_Os05g05780,LOC_Os05g05780:0.0020023,NA,NA,NA,NA
677841at2759,2,Zm00001eb151060;Zm00001eb369670,Zm00001eb151060:5.81237e-05;Zm00001eb369670:0.00014354,NA,NA,LOC_Os08g05590,LOC_Os08g05590:0.00157998,NA,NA,NA,NA
677841at3193,2,Zm00001eb151060;Zm00001eb369670,Zm00001eb151060:5.81237e-05;Zm00001eb369670:0.00014354,NA,NA,LOC_Os08g05590,LOC_Os08g05590:0.00157998,NA,NA,NA,NA
677841at33090,2,Zm00001eb151060;Zm00001eb369670,Zm00001eb151060:5.81237e-05;Zm00001eb369670:0.00014354,NA,NA,LOC_Os08g05590,LOC_Os08g05590:0.00157998,NA,NA,NA,NA
677973at2759,2,Zm00001eb037710,Zm00001eb037710:0.000632345,NA,NA,NA,NA,NA,NA,AT1G14630,AT1G14630:0.00040251
677973at3193,2,Zm00001eb037710,Zm00001eb037710:0.000632345,NA,NA,NA,NA,NA,NA,AT1G14630,AT1G14630:0.00040251
677973at33090,2,Zm00001eb037710,Zm00001eb037710:0.000632345,NA,NA,NA,NA,NA,NA,AT1G14630,AT1G14630:0.00040251
678984at3193,2,Zm00001eb066630,Zm00001eb066630:0.00166234,NA,NA,NA,NA,NA,NA,AT2G02220,AT2G02220:0.000226933
679417at2759,2,Zm00001eb102510,Zm00001eb102510:0.000948635,NA,NA,LOC_Os02g05120,LOC_Os02g05120:0.00209892,NA,NA,NA,NA
679417at3193,2,Zm00001eb102510,Zm00001eb102510:0.000948635,NA,NA,LOC_Os02g05120,LOC_Os02g05120:0.00209892,NA,NA,NA,NA
679417at33090,2,Zm00001eb102510,Zm00001eb102510:0.000948635,NA,NA,LOC_Os02g05120,LOC_Os02g05120:0.00209892,NA,NA,NA,NA
679576at2759,2,Zm00001eb030190;Zm00001eb214230,Zm00001eb030190:0.00140758;Zm00001eb214230:0.00181065,NA,NA,NA,NA,NA,NA,AT3G19580,AT3G19580:0.000400139
679576at3193,2,Zm00001eb030190;Zm00001eb214230,Zm00001eb030190:0.00140758;Zm00001eb214230:0.00181065,NA,NA,NA,NA,NA,NA,AT3G19580,AT3G19580:0.000400139
679576at33090,2,Zm00001eb030190;Zm00001eb214230,Zm00001eb030190:0.00140758;Zm00001eb214230:0.00181065,NA,NA,NA,NA,NA,NA,AT3G19580,AT3G19580:0.000400139
679686at2759,2,Zm00001eb059140,Zm00001eb059140:0.00308971,NA,NA,NA,NA,NA,NA,AT5G42765,AT5G42765:0.000187396
679686at3193,2,Zm00001eb059140,Zm00001eb059140:0.00308971,NA,NA,NA,NA,NA,NA,AT5G42765,AT5G42765:0.000187396
679686at33090,2,Zm00001eb059140,Zm00001eb059140:0.00308971,NA,NA,NA,NA,NA,NA,AT5G42765,AT5G42765:0.000187396
679771at2759,2,Zm00001eb212010,Zm00001eb212010:0.00123722,SORBI_3001G038700,SORBI_3001G038700:0.00232711,NA,NA,NA,NA,NA,NA
679771at3193,2,Zm00001eb212010,Zm00001eb212010:0.00123722,SORBI_3001G038700,SORBI_3001G038700:0.00232711,NA,NA,NA,NA,NA,NA
679771at33090,2,Zm00001eb212010,Zm00001eb212010:0.00123722,SORBI_3001G038700,SORBI_3001G038700:0.00232711,NA,NA,NA,NA,NA,NA
680124at2759,2,Zm00001eb210660;Zm00001eb302250,Zm00001eb210660:0.0015922;Zm00001eb302250:0.00108895,NA,NA,NA,NA,NA,NA,AT5G02560;AT5G27670,AT5G02560:0.000266093;AT5G27670:0.000176805
680124at3193,2,Zm00001eb210660;Zm00001eb302250,Zm00001eb210660:0.0015922;Zm00001eb302250:0.00108895,NA,NA,NA,NA,NA,NA,AT5G02560;AT5G27670,AT5G02560:0.000266093;AT5G27670:0.000176805
680124at33090,2,Zm00001eb210660;Zm00001eb302250,Zm00001eb210660:0.0015922;Zm00001eb302250:0.00108895,NA,NA,NA,NA,NA,NA,AT5G02560;AT5G27670,AT5G02560:0.000266093;AT5G27670:0.000176805
681124at2759,2,Zm00001eb191740,Zm00001eb191740:0.00322648,SORBI_3004G338900,SORBI_3004G338900:0.000205224,NA,NA,NA,NA,NA,NA
681124at3193,2,Zm00001eb191740,Zm00001eb191740:0.00322648,SORBI_3004G338900,SORBI_3004G338900:0.000205224,NA,NA,NA,NA,NA,NA
681124at33090,2,Zm00001eb191740,Zm00001eb191740:0.00322648,SORBI_3004G338900,SORBI_3004G338900:0.000205224,NA,NA,NA,NA,NA,NA
681583at2759,2,NA,NA,SORBI_3006G117800,SORBI_3006G117800:0.00297759,NA,NA,HORVU.MOREX.r3.2HG0102910,HORVU.MOREX.r3.2HG0102910:2.08231e-05,NA,NA
681583at3193,2,NA,NA,SORBI_3006G117800,SORBI_3006G117800:0.00297759,NA,NA,HORVU.MOREX.r3.2HG0102910,HORVU.MOREX.r3.2HG0102910:2.08231e-05,NA,NA
681583at33090,2,NA,NA,SORBI_3006G117800,SORBI_3006G117800:0.00297759,NA,NA,HORVU.MOREX.r3.2HG0102910,HORVU.MOREX.r3.2HG0102910:2.08231e-05,NA,NA
684295at2759,2,Zm00001eb359480,Zm00001eb359480:0.00218642,NA,NA,NA,NA,HORVU.MOREX.r3.3HG0290200,HORVU.MOREX.r3.3HG0290200:0.000951905,NA,NA
684295at3193,2,Zm00001eb359480,Zm00001eb359480:0.00218642,NA,NA,NA,NA,HORVU.MOREX.r3.3HG0290200,HORVU.MOREX.r3.3HG0290200:0.000951905,NA,NA
684295at33090,2,Zm00001eb359480,Zm00001eb359480:0.00218642,NA,NA,NA,NA,HORVU.MOREX.r3.3HG0290200,HORVU.MOREX.r3.3HG0290200:0.000951905,NA,NA
684481at2759,2,Zm00001eb186490,Zm00001eb186490:0.00167672,NA,NA,LOC_Os02g06570,LOC_Os02g06570:0.00156102,NA,NA,NA,NA
684481at3193,2,Zm00001eb186490,Zm00001eb186490:0.00167672,NA,NA,LOC_Os02g06570,LOC_Os02g06570:0.00156102,NA,NA,NA,NA
684481at33090,2,Zm00001eb186490,Zm00001eb186490:0.00167672,NA,NA,LOC_Os02g06570,LOC_Os02g06570:0.00156102,NA,NA,NA,NA
684804at3193,2,Zm00001eb081330,Zm00001eb081330:0.00187355,NA,NA,NA,NA,HORVU.MOREX.r3.7HG0709440,HORVU.MOREX.r3.7HG0709440:2.47648e-07,NA,NA
684804at33090,2,Zm00001eb081330,Zm00001eb081330:0.00187355,NA,NA,NA,NA,HORVU.MOREX.r3.7HG0709440,HORVU.MOREX.r3.7HG0709440:2.47648e-07,NA,NA
684853at2759,2,Zm00001eb302210,Zm00001eb302210:0.00171712,NA,NA,NA,NA,HORVU.MOREX.r3.4HG0334460,HORVU.MOREX.r3.4HG0334460:0.00153323,NA,NA
684853at3193,2,Zm00001eb302210,Zm00001eb302210:0.00171712,NA,NA,NA,NA,HORVU.MOREX.r3.4HG0334460,HORVU.MOREX.r3.4HG0334460:0.00153323,NA,NA
684853at33090,2,Zm00001eb302210,Zm00001eb302210:0.00171712,NA,NA,NA,NA,HORVU.MOREX.r3.4HG0334460,HORVU.MOREX.r3.4HG0334460:0.00153323,NA,NA
684951at2759,2,NA,NA,NA,NA,LOC_Os02g02730;LOC_Os08g05300,LOC_Os02g02730:0.000739514;LOC_Os08g05300:0.00202586,NA,NA,AT4G26510;AT5G40870,AT4G26510:4.19793e-11;AT5G40870:0.000216946
685402at2759,2,Zm00001eb193910,Zm00001eb193910:2.25308e-05,NA,NA,NA,NA,NA,NA,AT1G22480,AT1G22480:5.74959e-05
685402at3193,2,Zm00001eb193910,Zm00001eb193910:2.25308e-05,NA,NA,NA,NA,NA,NA,AT1G22480,AT1G22480:5.74959e-05
685402at33090,2,Zm00001eb193910,Zm00001eb193910:2.25308e-05,NA,NA,NA,NA,NA,NA,AT1G22480,AT1G22480:5.74959e-05
685492at2759,2,Zm00001eb155420,Zm00001eb155420:0.00142505,NA,NA,NA,NA,NA,NA,AT5G24314,AT5G24314:6.26703e-06
685492at3193,2,Zm00001eb155420,Zm00001eb155420:0.00142505,NA,NA,NA,NA,NA,NA,AT5G24314,AT5G24314:6.26703e-06
685492at33090,2,Zm00001eb155420,Zm00001eb155420:0.00142505,NA,NA,NA,NA,NA,NA,AT5G24314,AT5G24314:6.26703e-06
685828at2759,2,Zm00001eb114130;Zm00001eb167530,Zm00001eb114130:0.000148495;Zm00001eb167530:0.000724565,NA,NA,NA,NA,NA,NA,AT2G18570,AT2G18570:0.000198204
685828at3193,2,Zm00001eb114130;Zm00001eb167530,Zm00001eb114130:0.000148495;Zm00001eb167530:0.000724565,NA,NA,NA,NA,NA,NA,AT2G18570,AT2G18570:0.000198204
685828at33090,2,Zm00001eb114130;Zm00001eb167530,Zm00001eb114130:0.000148495;Zm00001eb167530:0.000724565,NA,NA,NA,NA,NA,NA,AT2G18570,AT2G18570:0.000198204
686085at2759,2,NA,NA,SORBI_3003G127900,SORBI_3003G127900:0.0014476,NA,NA,HORVU.MOREX.r3.6HG0611080,HORVU.MOREX.r3.6HG0611080:0.00115129,NA,NA
686085at3193,2,NA,NA,SORBI_3003G127900,SORBI_3003G127900:0.0014476,NA,NA,HORVU.MOREX.r3.6HG0611080,HORVU.MOREX.r3.6HG0611080:0.00115129,NA,NA
686085at33090,2,NA,NA,SORBI_3003G127900,SORBI_3003G127900:0.0014476,NA,NA,HORVU.MOREX.r3.6HG0611080,HORVU.MOREX.r3.6HG0611080:0.00115129,NA,NA
686270at2759,2,Zm00001eb433250,Zm00001eb433250:0.00249436,NA,NA,NA,NA,NA,NA,AT1G12020,AT1G12020:0.000331685
686270at3193,2,Zm00001eb433250,Zm00001eb433250:0.00249436,NA,NA,NA,NA,NA,NA,AT1G12020,AT1G12020:0.000331685
686270at33090,2,Zm00001eb433250,Zm00001eb433250:0.00249436,NA,NA,NA,NA,NA,NA,AT1G12020,AT1G12020:0.000331685
68691at38820,2,Zm00001eb064860,Zm00001eb064860:0.00194571,NA,NA,NA,NA,HORVU.MOREX.r3.5HG0536140,HORVU.MOREX.r3.5HG0536140:0.00103,NA,NA
68691at4447,2,Zm00001eb064860,Zm00001eb064860:0.00194571,NA,NA,NA,NA,HORVU.MOREX.r3.5HG0536140,HORVU.MOREX.r3.5HG0536140:0.00103,NA,NA
687993at2759,2,Zm00001eb008140,Zm00001eb008140:0.00257337,NA,NA,NA,NA,NA,NA,AT1G17200,AT1G17200:7.46448e-08
687993at3193,2,Zm00001eb008140,Zm00001eb008140:0.00257337,NA,NA,NA,NA,NA,NA,AT1G17200,AT1G17200:7.46448e-08
687993at33090,2,Zm00001eb008140,Zm00001eb008140:0.00257337,NA,NA,NA,NA,NA,NA,AT1G17200,AT1G17200:7.46448e-08
688979at2759,2,Zm00001eb178840,Zm00001eb178840:0.00147931,NA,NA,NA,NA,NA,NA,AT1G22160;AT1G78020,AT1G22160:1.74969e-05;AT1G78020:7.47016e-05
688979at3193,2,Zm00001eb178840,Zm00001eb178840:0.00147931,NA,NA,NA,NA,NA,NA,AT1G22160;AT1G78020,AT1G22160:1.74969e-05;AT1G78020:7.47016e-05
688979at33090,2,Zm00001eb178840,Zm00001eb178840:0.00147931,NA,NA,NA,NA,NA,NA,AT1G22160;AT1G78020,AT1G22160:1.74969e-05;AT1G78020:7.47016e-05
689144at2759,2,NA,NA,SORBI_3009G178500,SORBI_3009G178500:0.00221327,NA,NA,HORVU.MOREX.r3.1HG0070090,HORVU.MOREX.r3.1HG0070090:0.000888026,NA,NA
689144at3193,2,NA,NA,SORBI_3009G178500,SORBI_3009G178500:0.00221327,NA,NA,HORVU.MOREX.r3.1HG0070090,HORVU.MOREX.r3.1HG0070090:0.000888026,NA,NA
689144at33090,2,NA,NA,SORBI_3009G178500,SORBI_3009G178500:0.00221327,NA,NA,HORVU.MOREX.r3.1HG0070090,HORVU.MOREX.r3.1HG0070090:0.000888026,NA,NA
689907at2759,2,Zm00001eb187010,Zm00001eb187010:0.00125525,NA,NA,NA,NA,NA,NA,AT1G20440,AT1G20440:7.3461e-05
689907at3193,2,Zm00001eb187010,Zm00001eb187010:0.00125525,NA,NA,NA,NA,NA,NA,AT1G20440,AT1G20440:7.3461e-05
689907at33090,2,Zm00001eb187010,Zm00001eb187010:0.00125525,NA,NA,NA,NA,NA,NA,AT1G20440,AT1G20440:7.3461e-05
690187at2759,2,Zm00001eb120960,Zm00001eb120960:2.19581e-05,SORBI_3009G073800,SORBI_3009G073800:0.003271,NA,NA,NA,NA,NA,NA
690187at3193,2,Zm00001eb120960,Zm00001eb120960:2.19581e-05,SORBI_3009G073800,SORBI_3009G073800:0.003271,NA,NA,NA,NA,NA,NA
690187at33090,2,Zm00001eb120960,Zm00001eb120960:2.19581e-05,SORBI_3009G073800,SORBI_3009G073800:0.003271,NA,NA,NA,NA,NA,NA
69032at4447,2,Zm00001eb074540,Zm00001eb074540:0.00168851,SORBI_3004G293900,SORBI_3004G293900:0.00251905,NA,NA,NA,NA,NA,NA
690370at3193,2,Zm00001eb143540,Zm00001eb143540:0.00275484,NA,NA,LOC_Os01g09150,LOC_Os01g09150:0.00119488,NA,NA,NA,NA
690814at2759,2,Zm00001eb397560,Zm00001eb397560:0.00121686,NA,NA,NA,NA,NA,NA,AT5G02530,AT5G02530:0.000207875
690814at33090,2,Zm00001eb397560,Zm00001eb397560:0.00121686,NA,NA,NA,NA,NA,NA,AT5G02530,AT5G02530:0.000207875
69160at33090,2,Zm00001eb151650,Zm00001eb151650:0.000114407,NA,NA,NA,NA,NA,NA,AT1G56360,AT1G56360:9.75878e-06
691689at2759,2,Zm00001eb290630,Zm00001eb290630:0.00229052,NA,NA,NA,NA,NA,NA,AT5G01880,AT5G01880:0.00010402
691689at3193,2,Zm00001eb290630,Zm00001eb290630:0.00229052,NA,NA,NA,NA,NA,NA,AT5G01880,AT5G01880:0.00010402
691689at33090,2,Zm00001eb290630,Zm00001eb290630:0.00229052,NA,NA,NA,NA,NA,NA,AT5G01880,AT5G01880:0.00010402
692242at3193,2,Zm00001eb397560,Zm00001eb397560:0.00121686,NA,NA,NA,NA,NA,NA,AT5G02530,AT5G02530:0.000207875
693733at2759,2,Zm00001eb191620,Zm00001eb191620:0.00204946,SORBI_3004G340100,SORBI_3004G340100:0.00304408,NA,NA,NA,NA,NA,NA
693733at3193,2,Zm00001eb191620,Zm00001eb191620:0.00204946,SORBI_3004G340100,SORBI_3004G340100:0.00304408,NA,NA,NA,NA,NA,NA
693733at33090,2,Zm00001eb191620,Zm00001eb191620:0.00204946,SORBI_3004G340100,SORBI_3004G340100:0.00304408,NA,NA,NA,NA,NA,NA
693864at2759,2,Zm00001eb161710,Zm00001eb161710:0.00298177,NA,NA,NA,NA,NA,NA,AT2G26730,AT2G26730:0.000155017
693864at3193,2,Zm00001eb161710,Zm00001eb161710:0.00298177,NA,NA,NA,NA,NA,NA,AT2G26730,AT2G26730:0.000155017
693864at33090,2,Zm00001eb161710,Zm00001eb161710:0.00298177,NA,NA,NA,NA,NA,NA,AT2G26730,AT2G26730:0.000155017
69394at38820,2,Zm00001eb001560;Zm00001eb022050,Zm00001eb001560:5.68159e-06;Zm00001eb022050:0.00339575,NA,NA,NA,NA,HORVU.MOREX.r3.1HG0054280,HORVU.MOREX.r3.1HG0054280:0.000192409,NA,NA
69394at4447,2,Zm00001eb001560;Zm00001eb022050,Zm00001eb001560:5.68159e-06;Zm00001eb022050:0.00339575,NA,NA,NA,NA,HORVU.MOREX.r3.1HG0054280,HORVU.MOREX.r3.1HG0054280:0.000192409,NA,NA
694350at2759,2,Zm00001eb243960,Zm00001eb243960:2.72518e-05,NA,NA,NA,NA,HORVU.MOREX.r3.7HG0719250,HORVU.MOREX.r3.7HG0719250:0.000149338,NA,NA
694350at3193,2,Zm00001eb243960,Zm00001eb243960:2.72518e-05,NA,NA,NA,NA,HORVU.MOREX.r3.7HG0719250,HORVU.MOREX.r3.7HG0719250:0.000149338,NA,NA
694350at33090,2,Zm00001eb243960,Zm00001eb243960:2.72518e-05,NA,NA,NA,NA,HORVU.MOREX.r3.7HG0719250,HORVU.MOREX.r3.7HG0719250:0.000149338,NA,NA
694671at2759,2,Zm00001eb045360,Zm00001eb045360:0.000110031,SORBI_3001G213500,SORBI_3001G213500:0.00110372,NA,NA,NA,NA,NA,NA
694671at3193,2,Zm00001eb045360,Zm00001eb045360:0.000110031,SORBI_3001G213500,SORBI_3001G213500:0.00110372,NA,NA,NA,NA,NA,NA
694671at33090,2,Zm00001eb045360,Zm00001eb045360:0.000110031,SORBI_3001G213500,SORBI_3001G213500:0.00110372,NA,NA,NA,NA,NA,NA
694923at2759,2,Zm00001eb431990,Zm00001eb431990:0.00290898,NA,NA,NA,NA,HORVU.MOREX.r3.2HG0205530,HORVU.MOREX.r3.2HG0205530:0.000695532,NA,NA
694923at3193,2,Zm00001eb431990,Zm00001eb431990:0.00290898,NA,NA,NA,NA,HORVU.MOREX.r3.2HG0205530,HORVU.MOREX.r3.2HG0205530:0.000695532,NA,NA
694923at33090,2,Zm00001eb431990,Zm00001eb431990:0.00290898,NA,NA,NA,NA,HORVU.MOREX.r3.2HG0205530,HORVU.MOREX.r3.2HG0205530:0.000695532,NA,NA
69535at38820,2,Zm00001eb000480,Zm00001eb000480:0.00119124,NA,NA,NA,NA,HORVU.MOREX.r3.4HG0415470,HORVU.MOREX.r3.4HG0415470:0.000107191,NA,NA
69535at4447,2,Zm00001eb000480,Zm00001eb000480:0.00119124,NA,NA,NA,NA,HORVU.MOREX.r3.4HG0415470,HORVU.MOREX.r3.4HG0415470:0.000107191,NA,NA
695414at2759,2,NA,NA,SORBI_3004G225700,SORBI_3004G225700:0.00176104,NA,NA,NA,NA,AT5G23340,AT5G23340:0.000267368
69702at38820,2,Zm00001eb227830,Zm00001eb227830:0.00228635,NA,NA,LOC_Os06g07130,LOC_Os06g07130:1.60186e-05,NA,NA,NA,NA
69702at4447,2,Zm00001eb227830,Zm00001eb227830:0.00228635,NA,NA,LOC_Os06g07130,LOC_Os06g07130:1.60186e-05,NA,NA,NA,NA
697306at3193,2,Zm00001eb295710,Zm00001eb295710:0.00237567,NA,NA,NA,NA,NA,NA,AT1G16890,AT1G16890:8.73815e-05
697306at33090,2,Zm00001eb295710,Zm00001eb295710:0.00237567,NA,NA,NA,NA,NA,NA,AT1G16890,AT1G16890:8.73815e-05
697508at3193,2,Zm00001eb275220,Zm00001eb275220:0.00111585,NA,NA,LOC_Os02g01840,LOC_Os02g01840:0.00126283,NA,NA,NA,NA
697508at33090,2,Zm00001eb275220,Zm00001eb275220:0.00111585,NA,NA,LOC_Os02g01840,LOC_Os02g01840:0.00126283,NA,NA,NA,NA
697888at2759,2,Zm00001eb247570,Zm00001eb247570:0.00170397,NA,NA,NA,NA,NA,NA,AT3G23250,AT3G23250:0.000345975
697888at3193,2,Zm00001eb247570,Zm00001eb247570:0.00170397,NA,NA,NA,NA,NA,NA,AT3G23250,AT3G23250:0.000345975
697888at33090,2,Zm00001eb247570,Zm00001eb247570:0.00170397,NA,NA,NA,NA,NA,NA,AT3G23250,AT3G23250:0.000345975
697966at2759,2,Zm00001eb161200,Zm00001eb161200:0.00287904,NA,NA,NA,NA,NA,NA,AT3G24420,AT3G24420:0.000274834
697966at3193,2,Zm00001eb161200,Zm00001eb161200:0.00287904,NA,NA,NA,NA,NA,NA,AT3G24420,AT3G24420:0.000274834
697966at33090,2,Zm00001eb161200,Zm00001eb161200:0.00287904,NA,NA,NA,NA,NA,NA,AT3G24420,AT3G24420:0.000274834
698679at2759,2,NA,NA,NA,NA,LOC_Os01g06680,LOC_Os01g06680:0.00212994,NA,NA,AT5G58740,AT5G58740:9.24099e-05
698820at3193,2,Zm00001eb067180,Zm00001eb067180:0.00148652,NA,NA,NA,NA,HORVU.MOREX.r3.3HG0250640,HORVU.MOREX.r3.3HG0250640:0.000215555,NA,NA
699152at3193,2,Zm00001eb322320,Zm00001eb322320:0.000483176,NA,NA,NA,NA,HORVU.MOREX.r3.2HG0142760,HORVU.MOREX.r3.2HG0142760:0.0014215,NA,NA
699152at33090,2,Zm00001eb322320,Zm00001eb322320:0.000483176,NA,NA,NA,NA,HORVU.MOREX.r3.2HG0142760,HORVU.MOREX.r3.2HG0142760:0.0014215,NA,NA
69920at38820,2,Zm00001eb104050,Zm00001eb104050:0.000211709,SORBI_3002G283900,SORBI_3002G283900:0.0016811,NA,NA,NA,NA,NA,NA
69920at4447,2,Zm00001eb104050,Zm00001eb104050:0.000211709,SORBI_3002G283900,SORBI_3002G283900:0.0016811,NA,NA,NA,NA,NA,NA
701802at3193,2,NA,NA,NA,NA,NA,NA,HORVU.MOREX.r3.2HG0195130,HORVU.MOREX.r3.2HG0195130:0.00118833,AT1G30400,AT1G30400:4.57323e-05
70195at38820,2,Zm00001eb097990,Zm00001eb097990:0.00298759,NA,NA,NA,NA,HORVU.MOREX.r3.7HG0676860,HORVU.MOREX.r3.7HG0676860:0.0004583,NA,NA
70195at4447,2,Zm00001eb097990,Zm00001eb097990:0.00298759,NA,NA,NA,NA,HORVU.MOREX.r3.7HG0676860,HORVU.MOREX.r3.7HG0676860:0.0004583,NA,NA
702406at3193,2,Zm00001eb079380,Zm00001eb079380:0.00334063,NA,NA,NA,NA,NA,NA,AT4G25130;AT5G07460,AT4G25130:1.92268e-06;AT5G07460:0.000169946
702406at33090,2,Zm00001eb079380,Zm00001eb079380:0.00334063,NA,NA,NA,NA,NA,NA,AT4G25130;AT5G07460,AT4G25130:1.92268e-06;AT5G07460:0.000169946
702984at3193,2,NA,NA,SORBI_3003G128100,SORBI_3003G128100:0.0014476,NA,NA,NA,NA,AT5G13500,AT5G13500:0.000375419
70384at38820,2,Zm00001eb387530,Zm00001eb387530:3.38049e-05,NA,NA,NA,NA,HORVU.MOREX.r3.7HG0722380,HORVU.MOREX.r3.7HG0722380:0.000697088,NA,NA
70384at4447,2,Zm00001eb387530,Zm00001eb387530:3.38049e-05,NA,NA,NA,NA,HORVU.MOREX.r3.7HG0722380,HORVU.MOREX.r3.7HG0722380:0.000697088,NA,NA
704581at3193,2,Zm00001eb190620,Zm00001eb190620:0.00111439,NA,NA,NA,NA,NA,NA,AT5G15680,AT5G15680:0.000412762
704917at3193,2,NA,NA,NA,NA,NA,NA,HORVU.MOREX.r3.1HG0091350,HORVU.MOREX.r3.1HG0091350:0.000407849,AT1G26120;AT3G02410,AT1G26120:1.01872e-07;AT3G02410:0.000113234
705727at2759,2,Zm00001eb146710,Zm00001eb146710:0.00126933,NA,NA,NA,NA,HORVU.MOREX.r3.2HG0178930;HORVU.MOREX.r3.6HG0549900,HORVU.MOREX.r3.2HG0178930:0.000840938;HORVU.MOREX.r3.6HG0549900:0.000162666,NA,NA
705727at33090,2,Zm00001eb146710,Zm00001eb146710:0.00126933,NA,NA,NA,NA,HORVU.MOREX.r3.2HG0178930;HORVU.MOREX.r3.6HG0549900,HORVU.MOREX.r3.2HG0178930:0.000840938;HORVU.MOREX.r3.6HG0549900:0.000162666,NA,NA
70614at33090,2,NA,NA,SORBI_3003G277700,SORBI_3003G277700:0.000693709,LOC_Os01g07170,LOC_Os01g07170:0.000855842,NA,NA,NA,NA
706150at3193,2,Zm00001eb036840,Zm00001eb036840:0.00203515,NA,NA,NA,NA,NA,NA,AT1G60080,AT1G60080:0.000192451
706191at2759,2,Zm00001eb365950,Zm00001eb365950:0.00262076,NA,NA,NA,NA,NA,NA,AT1G14510,AT1G14510:6.82154e-06
706191at3193,2,Zm00001eb365950,Zm00001eb365950:0.00262076,NA,NA,NA,NA,NA,NA,AT1G14510,AT1G14510:6.82154e-06
706191at33090,2,Zm00001eb365950,Zm00001eb365950:0.00262076,NA,NA,NA,NA,NA,NA,AT1G14510,AT1G14510:6.82154e-06
70698at4447,2,Zm00001eb322310,Zm00001eb322310:0.000483176,NA,NA,NA,NA,HORVU.MOREX.r3.2HG0142770,HORVU.MOREX.r3.2HG0142770:0.0014215,NA,NA
707298at3193,2,Zm00001eb107190,Zm00001eb107190:0.0028144,NA,NA,NA,NA,NA,NA,AT5G12480,AT5G12480:3.71059e-05
707373at2759,2,Zm00001eb118930,Zm00001eb118930:0.00277521,NA,NA,NA,NA,HORVU.MOREX.r3.6HG0575120,HORVU.MOREX.r3.6HG0575120:0.000884918,NA,NA
707373at3193,2,Zm00001eb118930,Zm00001eb118930:0.00277521,NA,NA,NA,NA,HORVU.MOREX.r3.6HG0575120,HORVU.MOREX.r3.6HG0575120:0.000884918,NA,NA
707373at33090,2,Zm00001eb118930,Zm00001eb118930:0.00277521,NA,NA,NA,NA,HORVU.MOREX.r3.6HG0575120,HORVU.MOREX.r3.6HG0575120:0.000884918,NA,NA
708790at2759,2,Zm00001eb325360,Zm00001eb325360:0.00154328,NA,NA,NA,NA,NA,NA,AT5G07590,AT5G07590:0.000302359
708790at33090,2,Zm00001eb325360,Zm00001eb325360:0.00154328,NA,NA,NA,NA,NA,NA,AT5G07590,AT5G07590:0.000302359
708952at2759,2,Zm00001eb156560,Zm00001eb156560:0.00164231,NA,NA,NA,NA,NA,NA,AT1G80350,AT1G80350:0.000131668
708952at3193,2,Zm00001eb156560,Zm00001eb156560:0.00164231,NA,NA,NA,NA,NA,NA,AT1G80350,AT1G80350:0.000131668
708952at33090,2,Zm00001eb156560,Zm00001eb156560:0.00164231,NA,NA,NA,NA,NA,NA,AT1G80350,AT1G80350:0.000131668
712006at2759,2,NA,NA,SORBI_3006G203400,SORBI_3006G203400:0.00252064,NA,NA,NA,NA,AT2G06200,AT2G06200:9.30156e-05
712006at3193,2,NA,NA,SORBI_3006G203400,SORBI_3006G203400:0.00252064,NA,NA,NA,NA,AT2G06200,AT2G06200:9.30156e-05
712006at33090,2,NA,NA,SORBI_3006G203400,SORBI_3006G203400:0.00252064,NA,NA,NA,NA,AT2G06200,AT2G06200:9.30156e-05
713177at2759,2,NA,NA,NA,NA,LOC_Os04g05810,LOC_Os04g05810:0.000505548,HORVU.MOREX.r3.4HG0412490,HORVU.MOREX.r3.4HG0412490:0.00041936,NA,NA
713177at3193,2,NA,NA,NA,NA,LOC_Os04g05810,LOC_Os04g05810:0.000505548,HORVU.MOREX.r3.4HG0412490,HORVU.MOREX.r3.4HG0412490:0.00041936,NA,NA
713177at33090,2,NA,NA,NA,NA,LOC_Os04g05810,LOC_Os04g05810:0.000505548,HORVU.MOREX.r3.4HG0412490,HORVU.MOREX.r3.4HG0412490:0.00041936,NA,NA
717438at3193,2,Zm00001eb012300,Zm00001eb012300:0.00101286,SORBI_3001G421700,SORBI_3001G421700:0.00373094,NA,NA,NA,NA,NA,NA
718547at2759,2,Zm00001eb192350,Zm00001eb192350:0.00248049,NA,NA,NA,NA,NA,NA,AT5G38220,AT5G38220:0.000202182
718580at3193,2,Zm00001eb195630,Zm00001eb195630:0.00260074,NA,NA,LOC_Os10g03870,LOC_Os10g03870:0.00204413,NA,NA,NA,NA
718580at33090,2,Zm00001eb195630,Zm00001eb195630:0.00260074,NA,NA,LOC_Os10g03870,LOC_Os10g03870:0.00204413,NA,NA,NA,NA
72150at38820,2,Zm00001eb211760,Zm00001eb211760:0.000483361,NA,NA,NA,NA,HORVU.MOREX.r3.5HG0525990,HORVU.MOREX.r3.5HG0525990:0.000301162,NA,NA
72150at4447,2,Zm00001eb211760,Zm00001eb211760:0.000483361,NA,NA,NA,NA,HORVU.MOREX.r3.5HG0525990,HORVU.MOREX.r3.5HG0525990:0.000301162,NA,NA
721777at3193,2,Zm00001eb149610,Zm00001eb149610:0.00322256,NA,NA,NA,NA,HORVU.MOREX.r3.3HG0297410,HORVU.MOREX.r3.3HG0297410:0.000860807,NA,NA
723138at33090,2,NA,NA,SORBI_3004G201700,SORBI_3004G201700:0.00365393,NA,NA,NA,NA,AT2G13290,AT2G13290:4.76469e-05
723263at33090,2,Zm00001eb012470,Zm00001eb012470:0.00228615,NA,NA,NA,NA,NA,NA,AT1G09080;AT5G02500,AT1G09080:0.000246887;AT5G02500:0.000201579
723560at3193,2,NA,NA,NA,NA,NA,NA,HORVU.MOREX.r3.4HG0400070,HORVU.MOREX.r3.4HG0400070:0.000899943,AT1G20200,AT1G20200:2.25663e-05
72357at38820,2,Zm00001eb220800,Zm00001eb220800:0.000862247,NA,NA,NA,NA,HORVU.MOREX.r3.1HG0047980,HORVU.MOREX.r3.1HG0047980:0.000255297,NA,NA
72357at4447,2,Zm00001eb220800,Zm00001eb220800:0.000862247,NA,NA,NA,NA,HORVU.MOREX.r3.1HG0047980,HORVU.MOREX.r3.1HG0047980:0.000255297,NA,NA
723696at2759,2,Zm00001eb315790;Zm00001eb350510,Zm00001eb315790:0.00337348;Zm00001eb350510:0.000168843,NA,NA,NA,NA,NA,NA,AT1G17840;AT1G51460;AT1G51500;AT2G28070,AT1G17840:0.000401408;AT1G51460:0.000241996;AT1G51500:0.000314383;AT2G28070:0.00040057
723696at33090,2,Zm00001eb315790;Zm00001eb350510,Zm00001eb315790:0.00337348;Zm00001eb350510:0.000168843,NA,NA,NA,NA,NA,NA,AT1G17840;AT1G51460;AT1G51500,AT1G17840:0.000401408;AT1G51460:0.000241996;AT1G51500:0.000314383
724037at2759,2,Zm00001eb374950,Zm00001eb374950:0.00132794,NA,NA,NA,NA,HORVU.MOREX.r3.7HG0719560,HORVU.MOREX.r3.7HG0719560:0.00115104,NA,NA
724037at3193,2,Zm00001eb374950,Zm00001eb374950:0.00132794,NA,NA,NA,NA,HORVU.MOREX.r3.7HG0719560,HORVU.MOREX.r3.7HG0719560:0.00115104,NA,NA
724037at33090,2,Zm00001eb374950,Zm00001eb374950:0.00132794,NA,NA,NA,NA,HORVU.MOREX.r3.7HG0719560,HORVU.MOREX.r3.7HG0719560:0.00115104,NA,NA
724152at2759,2,Zm00001eb014630,Zm00001eb014630:0.000207482,NA,NA,NA,NA,NA,NA,AT1G56423,AT1G56423:3.99154e-15
724152at3193,2,Zm00001eb014630,Zm00001eb014630:0.000207482,NA,NA,NA,NA,NA,NA,AT1G56423,AT1G56423:3.99154e-15
724152at33090,2,Zm00001eb014630,Zm00001eb014630:0.000207482,NA,NA,NA,NA,NA,NA,AT1G56423,AT1G56423:3.99154e-15
72458at4447,2,NA,NA,SORBI_3001G447000,SORBI_3001G447000:0.00040432,NA,NA,HORVU.MOREX.r3.4HG0394480,HORVU.MOREX.r3.4HG0394480:0.00119068,NA,NA
72523at38820,2,Zm00001eb257280,Zm00001eb257280:0.000117086,SORBI_3004G322800,SORBI_3004G322800:7.98386e-05,NA,NA,NA,NA,NA,NA
72523at4447,2,Zm00001eb257280,Zm00001eb257280:0.000117086,SORBI_3004G322800,SORBI_3004G322800:7.98386e-05,NA,NA,NA,NA,NA,NA
72869at38820,2,Zm00001eb138380,Zm00001eb138380:0.000954497,NA,NA,LOC_Os12g02070,LOC_Os12g02070:0.000321113,NA,NA,NA,NA
72869at4447,2,Zm00001eb138380,Zm00001eb138380:0.000954497,NA,NA,LOC_Os12g02070,LOC_Os12g02070:0.000321113,NA,NA,NA,NA
73418at38820,2,Zm00001eb135190,Zm00001eb135190:0.000749436,SORBI_3003G287500,SORBI_3003G287500:0.00328275,NA,NA,NA,NA,NA,NA
73902at38820,2,Zm00001eb211860,Zm00001eb211860:0.000241498,NA,NA,NA,NA,HORVU.MOREX.r3.5HG0525760,HORVU.MOREX.r3.5HG0525760:0.00147471,NA,NA
73902at4447,2,Zm00001eb211860,Zm00001eb211860:0.000241498,NA,NA,NA,NA,HORVU.MOREX.r3.5HG0525760,HORVU.MOREX.r3.5HG0525760:0.00147471,NA,NA
74041at4447,2,Zm00001eb403760,Zm00001eb403760:1.07311e-05,NA,NA,LOC_Os07g05400,LOC_Os07g05400:0.000797338,NA,NA,NA,NA
740589at33090,2,Zm00001eb327460,Zm00001eb327460:0.00289218,NA,NA,NA,NA,NA,NA,AT3G16980,AT3G16980:2.39361e-07
741312at33090,2,Zm00001eb163700,Zm00001eb163700:0.00216124,NA,NA,NA,NA,NA,NA,AT5G18380,AT5G18380:1.3029e-06
741778at33090,2,Zm00001eb369320,Zm00001eb369320:0.0018816,NA,NA,NA,NA,NA,NA,AT3G22320;AT3G57080,AT3G22320:7.14761e-08;AT3G57080:2.30598e-05
742682at33090,2,NA,NA,SORBI_3003G325500,SORBI_3003G325500:0.00341924,NA,NA,NA,NA,AT1G79340,AT1G79340:1.626e-05
742748at2759,2,Zm00001eb403740,Zm00001eb403740:0.00203688,SORBI_3001G314500,SORBI_3001G314500:0.00157,NA,NA,NA,NA,NA,NA
743822at33090,2,Zm00001eb219490,Zm00001eb219490:4.33682e-05,NA,NA,NA,NA,NA,NA,AT1G14320;AT1G26910;AT1G66580,AT1G14320:1.10501e-05;AT1G26910:3.96298e-05;AT1G66580:0.000323027
74395at38820,2,Zm00001eb287420,Zm00001eb287420:0.00171459,SORBI_3009G128500,SORBI_3009G128500:0.000244872,NA,NA,NA,NA,NA,NA
74395at4447,2,Zm00001eb287420,Zm00001eb287420:0.00171459,SORBI_3009G128500,SORBI_3009G128500:0.000244872,NA,NA,NA,NA,NA,NA
744000at33090,2,Zm00001eb046580,Zm00001eb046580:0.000190152,NA,NA,NA,NA,NA,NA,AT3G23990,AT3G23990:0.000377173
745068at33090,2,Zm00001eb243750,Zm00001eb243750:0.00225662,NA,NA,LOC_Os02g05550,LOC_Os02g05550:0.00199226,NA,NA,NA,NA
746111at2759,2,Zm00001eb256460;Zm00001eb367690,Zm00001eb256460:0.00216289;Zm00001eb367690:0.00136227,SORBI_3003G051600,SORBI_3003G051600:0.00266554,NA,NA,NA,NA,NA,NA
746111at33090,2,Zm00001eb256460;Zm00001eb367690,Zm00001eb256460:0.00216289;Zm00001eb367690:0.00136227,SORBI_3003G051600,SORBI_3003G051600:0.00266554,NA,NA,NA,NA,NA,NA
746205at33090,2,Zm00001eb105850,Zm00001eb105850:0.00152615,NA,NA,NA,NA,NA,NA,AT2G45170,AT2G45170:9.04344e-06
747037at2759,2,NA,NA,NA,NA,NA,NA,HORVU.MOREX.r3.2HG0210610;HORVU.MOREX.r3.2HG0210620,HORVU.MOREX.r3.2HG0210610:0.00024618;HORVU.MOREX.r3.2HG0210620:0.00024618,AT3G16910,AT3G16910:6.69578e-10
747037at33090,2,NA,NA,NA,NA,NA,NA,HORVU.MOREX.r3.2HG0210610;HORVU.MOREX.r3.2HG0210620,HORVU.MOREX.r3.2HG0210610:0.00024618;HORVU.MOREX.r3.2HG0210620:0.00024618,AT3G16910,AT3G16910:6.69578e-10
747694at2759,2,Zm00001eb334200,Zm00001eb334200:0.00109073,NA,NA,NA,NA,HORVU.MOREX.r3.4HG0338410,HORVU.MOREX.r3.4HG0338410:0.000150747,NA,NA
747694at33090,2,Zm00001eb334200,Zm00001eb334200:0.00109073,NA,NA,NA,NA,HORVU.MOREX.r3.4HG0338410,HORVU.MOREX.r3.4HG0338410:0.000150747,NA,NA
747727at33090,2,NA,NA,NA,NA,NA,NA,HORVU.MOREX.r3.2HG0107750;HORVU.MOREX.r3.5HG0507470,HORVU.MOREX.r3.2HG0107750:0.000782656;HORVU.MOREX.r3.5HG0507470:8.16086e-05,AT1G08250;AT5G22630,AT1G08250:3.00051e-05;AT5G22630:0.000347018
748426at33090,2,Zm00001eb068020,Zm00001eb068020:0.00182935,NA,NA,NA,NA,NA,NA,AT1G22920,AT1G22920:0.000236993
748563at33090,2,Zm00001eb295770,Zm00001eb295770:0.000813569,NA,NA,NA,NA,NA,NA,AT5G01390,AT5G01390:0.000415566
748905at2759,2,Zm00001eb271290,Zm00001eb271290:0.00119055,SORBI_3009G240600,SORBI_3009G240600:0.00108876,NA,NA,NA,NA,NA,NA
748905at33090,2,Zm00001eb271290,Zm00001eb271290:0.00119055,SORBI_3009G240600,SORBI_3009G240600:0.00108876,NA,NA,NA,NA,NA,NA
748971at33090,2,Zm00001eb003350;Zm00001eb402830,Zm00001eb003350:0.00110772;Zm00001eb402830:0.00310796,NA,NA,LOC_Os10g03690,LOC_Os10g03690:6.91227e-05,NA,NA,NA,NA
749346at2759,2,Zm00001eb230870,Zm00001eb230870:0.000765962,NA,NA,NA,NA,NA,NA,AT4G17600,AT4G17600:1.89945e-08
749346at33090,2,Zm00001eb230870,Zm00001eb230870:0.000765962,NA,NA,NA,NA,NA,NA,AT4G17600,AT4G17600:1.89945e-08
751218at33090,2,Zm00001eb171020;Zm00001eb414020,Zm00001eb171020:0.000246225;Zm00001eb414020:0.00178537,NA,NA,NA,NA,NA,NA,AT2G24360,AT2G24360:7.80706e-06
751505at2759,2,Zm00001eb103190,Zm00001eb103190:0.00277253,NA,NA,NA,NA,NA,NA,AT5G07250,AT5G07250:2.90512e-05
751505at33090,2,Zm00001eb103190,Zm00001eb103190:0.00277253,NA,NA,NA,NA,NA,NA,AT5G07250,AT5G07250:2.90512e-05
75195at3193,2,Zm00001eb296790,Zm00001eb296790:0.00300362,NA,NA,NA,NA,NA,NA,AT1G19480,AT1G19480:0.000282358
75195at33090,2,Zm00001eb296790,Zm00001eb296790:0.00300362,NA,NA,NA,NA,NA,NA,AT1G19480,AT1G19480:0.000282358
752111at33090,2,Zm00001eb061610;Zm00001eb195640,Zm00001eb061610:0.00114924;Zm00001eb195640:0.00260074,NA,NA,NA,NA,NA,NA,AT2G19830,AT2G19830:0.000392407
752132at2759,2,Zm00001eb191130,Zm00001eb191130:0.000836366,NA,NA,NA,NA,HORVU.MOREX.r3.6HG0630560,HORVU.MOREX.r3.6HG0630560:0.00151724,NA,NA
752132at33090,2,Zm00001eb191130,Zm00001eb191130:0.000836366,NA,NA,NA,NA,HORVU.MOREX.r3.6HG0630560,HORVU.MOREX.r3.6HG0630560:0.00151724,NA,NA
752242at33090,2,NA,NA,NA,NA,NA,NA,HORVU.MOREX.r3.4HG0400070,HORVU.MOREX.r3.4HG0400070:0.000899943,AT1G20200,AT1G20200:2.25663e-05
752433at33090,2,Zm00001eb046750,Zm00001eb046750:0.0034514,NA,NA,NA,NA,NA,NA,AT5G03530,AT5G03530:0.000400627
752896at33090,2,Zm00001eb364200,Zm00001eb364200:0.00228745,NA,NA,LOC_Os01g09240,LOC_Os01g09240:0.00212388,NA,NA,NA,NA
753474at2759,2,NA,NA,NA,NA,LOC_Os01g07080,LOC_Os01g07080:0.000935467,NA,NA,AT1G17520;AT1G72740,AT1G17520:1.6699e-06;AT1G72740:0.000209979
753474at33090,2,NA,NA,NA,NA,LOC_Os01g07080,LOC_Os01g07080:0.000935467,NA,NA,AT1G17520;AT1G72740,AT1G17520:1.6699e-06;AT1G72740:0.000209979
753957at33090,2,Zm00001eb076800,Zm00001eb076800:0.00344179,NA,NA,NA,NA,NA,NA,AT5G23220,AT5G23220:2.06317e-09
754320at33090,2,Zm00001eb045340;Zm00001eb183820;Zm00001eb286910;Zm00001eb406670,Zm00001eb045340:0.000110031;Zm00001eb183820:0.0013376;Zm00001eb286910:0.00334148;Zm00001eb406670:0.00214853,NA,NA,NA,NA,NA,NA,AT1G13140;AT1G13150;AT1G34540,AT1G13140:1.99868e-12;AT1G13150:1.99868e-12;AT1G34540:0.000120464
75491at38820,2,NA,NA,SORBI_3001G358500,SORBI_3001G358500:0.00340206,NA,NA,HORVU.MOREX.r3.6HG0631910,HORVU.MOREX.r3.6HG0631910:0.000682629,NA,NA
75491at4447,2,NA,NA,SORBI_3001G358500,SORBI_3001G358500:0.00340206,NA,NA,HORVU.MOREX.r3.6HG0631910,HORVU.MOREX.r3.6HG0631910:0.000682629,NA,NA
755387at2759,2,NA,NA,SORBI_3006G106400,SORBI_3006G106400:0.00159974,NA,NA,NA,NA,AT3G27925;AT5G27660,AT3G27925:3.89508e-06;AT5G27660:0.000157749
755520at33090,2,Zm00001eb234080,Zm00001eb234080:0.000210351,NA,NA,NA,NA,NA,NA,AT1G69370,AT1G69370:2.80766e-06
755650at2759,2,Zm00001eb258090,Zm00001eb258090:0.0034312,NA,NA,NA,NA,NA,NA,AT1G67250,AT1G67250:0.000241539
755650at33090,2,Zm00001eb258090,Zm00001eb258090:0.0034312,NA,NA,NA,NA,NA,NA,AT1G67250,AT1G67250:0.000241539
7559at38820,2,Zm00001eb193370,Zm00001eb193370:0.000527488,NA,NA,NA,NA,HORVU.MOREX.r3.7HG0663390,HORVU.MOREX.r3.7HG0663390:0.00124289,NA,NA
7559at4447,2,Zm00001eb193370,Zm00001eb193370:0.000527488,NA,NA,NA,NA,HORVU.MOREX.r3.7HG0663390,HORVU.MOREX.r3.7HG0663390:0.00124289,NA,NA
756860at33090,2,NA,NA,NA,NA,NA,NA,HORVU.MOREX.r3.1HG0095170,HORVU.MOREX.r3.1HG0095170:0.000481684,AT1G63180;AT1G64440,AT1G63180:1.35969e-05;AT1G64440:8.8829e-05
756948at33090,2,Zm00001eb210630,Zm00001eb210630:0.0015922,NA,NA,NA,NA,NA,NA,AT4G29330,AT4G29330:0.000229334
75739at38820,2,Zm00001eb404060,Zm00001eb404060:0.0023673,NA,NA,NA,NA,HORVU.MOREX.r3.1HG0049650,HORVU.MOREX.r3.1HG0049650:0.000172135,NA,NA
75739at4447,2,Zm00001eb404060,Zm00001eb404060:0.0023673,NA,NA,NA,NA,HORVU.MOREX.r3.1HG0049650,HORVU.MOREX.r3.1HG0049650:0.000172135,NA,NA
758820at33090,2,NA,NA,SORBI_3001G358500,SORBI_3001G358500:0.00340206,NA,NA,HORVU.MOREX.r3.6HG0631910,HORVU.MOREX.r3.6HG0631910:0.000682629,NA,NA
758952at33090,2,Zm00001eb394670;Zm00001eb403780,Zm00001eb394670:0.00340839;Zm00001eb403780:1.07311e-05,NA,NA,NA,NA,NA,NA,AT5G13850,AT5G13850:0.00026416
759265at33090,2,Zm00001eb067180,Zm00001eb067180:0.00148652,NA,NA,NA,NA,HORVU.MOREX.r3.3HG0250640,HORVU.MOREX.r3.3HG0250640:0.000215555,NA,NA
760643at33090,2,Zm00001eb137060,Zm00001eb137060:0.00207563,SORBI_3008G127500,SORBI_3008G127500:0.00198608,NA,NA,NA,NA,NA,NA
761287at33090,2,Zm00001eb335820,Zm00001eb335820:0.00106792,NA,NA,NA,NA,NA,NA,AT2G37680,AT2G37680:0.00026019
761536at2759,2,Zm00001eb247060,Zm00001eb247060:0.00159972,NA,NA,NA,NA,NA,NA,AT4G31600,AT4G31600:8.12847e-07
761894at33090,2,NA,NA,SORBI_3002G043500,SORBI_3002G043500:0.00150873,NA,NA,HORVU.MOREX.r3.1HG0052290,HORVU.MOREX.r3.1HG0052290:0.00152607,NA,NA
761926at2759,2,Zm00001eb066580;Zm00001eb077010,Zm00001eb066580:0.00316146;Zm00001eb077010:0.0010505,NA,NA,LOC_Os08g01008,LOC_Os08g01008:0.00112664,NA,NA,NA,NA
761926at33090,2,Zm00001eb066580;Zm00001eb077010,Zm00001eb066580:0.00316146;Zm00001eb077010:0.0010505,NA,NA,LOC_Os08g01008,LOC_Os08g01008:0.00112664,NA,NA,NA,NA
762085at2759,2,NA,NA,SORBI_3009G122100,SORBI_3009G122100:0.00198899,NA,NA,NA,NA,AT5G12390,AT5G12390:8.75354e-05
762085at33090,2,NA,NA,SORBI_3009G122100,SORBI_3009G122100:0.00198899,NA,NA,NA,NA,AT5G12390,AT5G12390:8.75354e-05
762508at33090,2,Zm00001eb103730;Zm00001eb289320,Zm00001eb103730:0.00256511;Zm00001eb289320:0.00107797,NA,NA,LOC_Os08g05490,LOC_Os08g05490:0.00143494,NA,NA,NA,NA
762634at33090,2,NA,NA,SORBI_3004G193800,SORBI_3004G193800:0.00279183,NA,NA,NA,NA,AT1G18870,AT1G18870:6.7368e-05
763at38820,2,Zm00001eb403710,Zm00001eb403710:0.0020853,SORBI_3001G314700,SORBI_3001G314700:0.00157,NA,NA,NA,NA,NA,NA
763at4447,2,Zm00001eb403710,Zm00001eb403710:0.0020853,SORBI_3001G314700,SORBI_3001G314700:0.00157,NA,NA,NA,NA,NA,NA
764107at33090,2,Zm00001eb221460,Zm00001eb221460:0.000894271,SORBI_3009G128400,SORBI_3009G128400:0.000244872,NA,NA,NA,NA,NA,NA
764233at2759,2,Zm00001eb404060,Zm00001eb404060:0.0023673,NA,NA,NA,NA,HORVU.MOREX.r3.1HG0049650,HORVU.MOREX.r3.1HG0049650:0.000172135,NA,NA
764233at33090,2,Zm00001eb404060,Zm00001eb404060:0.0023673,NA,NA,NA,NA,HORVU.MOREX.r3.1HG0049650,HORVU.MOREX.r3.1HG0049650:0.000172135,NA,NA
76462at2759,2,Zm00001eb295770,Zm00001eb295770:0.000813569,NA,NA,NA,NA,NA,NA,AT5G01390,AT5G01390:0.000415566
764960at33090,2,Zm00001eb402810,Zm00001eb402810:0.00310796,NA,NA,NA,NA,NA,NA,AT1G04500,AT1G04500:8.97321e-05
76526at2759,2,NA,NA,SORBI_3002G095100,SORBI_3002G095100:0.00296534,NA,NA,HORVU.MOREX.r3.4HG0335030,HORVU.MOREX.r3.4HG0335030:0.000203471,NA,NA
76526at3193,2,NA,NA,SORBI_3002G095100,SORBI_3002G095100:0.00296534,NA,NA,HORVU.MOREX.r3.4HG0335030,HORVU.MOREX.r3.4HG0335030:0.000203471,NA,NA
76526at33090,2,NA,NA,SORBI_3002G095100,SORBI_3002G095100:0.00296534,NA,NA,HORVU.MOREX.r3.4HG0335030,HORVU.MOREX.r3.4HG0335030:0.000203471,NA,NA
76643at38820,2,Zm00001eb373200,Zm00001eb373200:0.00318744,SORBI_3010G082500,SORBI_3010G082500:0.00296284,NA,NA,NA,NA,NA,NA
76643at4447,2,Zm00001eb373200,Zm00001eb373200:0.00318744,SORBI_3010G082500,SORBI_3010G082500:0.00296284,NA,NA,NA,NA,NA,NA
767124at33090,2,NA,NA,SORBI_3003G136000,SORBI_3003G136000:0.00191738,NA,NA,HORVU.MOREX.r3.3HG0255520,HORVU.MOREX.r3.3HG0255520:6.12284e-05,NA,NA
768024at33090,2,NA,NA,NA,NA,NA,NA,HORVU.MOREX.r3.5HG0423800,HORVU.MOREX.r3.5HG0423800:0.00127403,AT2G18220,AT2G18220:0.000407027
76851at38820,2,Zm00001eb330430,Zm00001eb330430:0.000406445,SORBI_3002G413200,SORBI_3002G413200:0.00235641,NA,NA,NA,NA,NA,NA
76851at4447,2,Zm00001eb330430,Zm00001eb330430:0.000406445,SORBI_3002G413200,SORBI_3002G413200:0.00235641,NA,NA,NA,NA,NA,NA
769113at33090,2,Zm00001eb365030,Zm00001eb365030:0.00275413,NA,NA,LOC_Os01g09110,LOC_Os01g09110:0.00189003,NA,NA,NA,NA
769829at2759,2,Zm00001eb194250;Zm00001eb195880;Zm00001eb255130;Zm00001eb266460,Zm00001eb194250:0.00109785;Zm00001eb195880:0.002755;Zm00001eb255130:0.000667467;Zm00001eb266460:0.000185822,SORBI_3009G178300;SORBI_3010G089900,SORBI_3009G178300:0.00221327;SORBI_3010G089900:0.000343184,NA,NA,NA,NA,NA,NA
769829at33090,2,Zm00001eb194250;Zm00001eb195880;Zm00001eb255130;Zm00001eb266460,Zm00001eb194250:0.00109785;Zm00001eb195880:0.002755;Zm00001eb255130:0.000667467;Zm00001eb266460:0.000185822,SORBI_3009G178300;SORBI_3010G089900,SORBI_3009G178300:0.00221327;SORBI_3010G089900:0.000343184,NA,NA,NA,NA,NA,NA
769951at2759,2,Zm00001eb143540,Zm00001eb143540:0.00275484,NA,NA,LOC_Os01g09150,LOC_Os01g09150:0.00119488,NA,NA,NA,NA
769951at33090,2,Zm00001eb143540,Zm00001eb143540:0.00275484,NA,NA,LOC_Os01g09150,LOC_Os01g09150:0.00119488,NA,NA,NA,NA
77123at38820,2,Zm00001eb119540,Zm00001eb119540:4.94e-05,SORBI_3003G012800,SORBI_3003G012800:0.000464711,NA,NA,NA,NA,NA,NA
77123at4447,2,Zm00001eb119540,Zm00001eb119540:4.94e-05,SORBI_3003G012800,SORBI_3003G012800:0.000464711,NA,NA,NA,NA,NA,NA
772967at33090,2,Zm00001eb250940,Zm00001eb250940:3.47107e-06,SORBI_3006G192100,SORBI_3006G192100:0.00360362,NA,NA,NA,NA,NA,NA
77808at38820,2,Zm00001eb013610,Zm00001eb013610:0.000385206,NA,NA,LOC_Os07g06930,LOC_Os07g06930:0.00184435,NA,NA,NA,NA
77808at4447,2,Zm00001eb013610,Zm00001eb013610:0.000385206,NA,NA,LOC_Os07g06930,LOC_Os07g06930:0.00184435,NA,NA,NA,NA
77895at38820,2,Zm00001eb072190,Zm00001eb072190:0.00251214,NA,NA,NA,NA,HORVU.MOREX.r3.2HG0197560,HORVU.MOREX.r3.2HG0197560:0.000623498,NA,NA
782630at33090,2,Zm00001eb151160,Zm00001eb151160:0.000171535,NA,NA,NA,NA,NA,NA,AT1G27970,AT1G27970:0.000104386
782673at33090,2,Zm00001eb070960,Zm00001eb070960:0.00270214,NA,NA,NA,NA,NA,NA,AT3G20800,AT3G20800:0.000188008
783061at33090,2,Zm00001eb111020,Zm00001eb111020:0.00325347,NA,NA,NA,NA,NA,NA,AT5G57655,AT5G57655:0.000414362
78312at38820,2,Zm00001eb194440,Zm00001eb194440:0.000753065,SORBI_3004G236500,SORBI_3004G236500:0.00262717,NA,NA,NA,NA,NA,NA
78312at4447,2,Zm00001eb194440,Zm00001eb194440:0.000753065,SORBI_3004G236500,SORBI_3004G236500:0.00262717,NA,NA,NA,NA,NA,NA
783301at2759,2,Zm00001eb199090;Zm00001eb201570,Zm00001eb199090:0.00121091;Zm00001eb201570:0.00119283,NA,NA,NA,NA,NA,NA,AT1G78300;AT2G10450;AT3G02520,AT1G78300:0.000165034;AT2G10450:0.000385457;AT3G02520:0.000379893
783301at33090,2,Zm00001eb201570,Zm00001eb201570:0.00119283,NA,NA,NA,NA,NA,NA,AT1G78300;AT3G02520,AT1G78300:0.000165034;AT3G02520:0.000379893
783369at2759,2,Zm00001eb012300,Zm00001eb012300:0.00101286,SORBI_3001G421700,SORBI_3001G421700:0.00373094,NA,NA,NA,NA,NA,NA
783369at33090,2,Zm00001eb012300,Zm00001eb012300:0.00101286,SORBI_3001G421700,SORBI_3001G421700:0.00373094,NA,NA,NA,NA,NA,NA
783497at33090,2,NA,NA,SORBI_3002G098800,SORBI_3002G098800:5.56703e-05,NA,NA,HORVU.MOREX.r3.2HG0112900,HORVU.MOREX.r3.2HG0112900:0.000240348,NA,NA
783517at2759,2,Zm00001eb114970,Zm00001eb114970:0.000588209,NA,NA,NA,NA,NA,NA,AT1G26940,AT1G26940:0.000169267
783517at33090,2,Zm00001eb114970,Zm00001eb114970:0.000588209,NA,NA,NA,NA,NA,NA,AT1G26940,AT1G26940:0.000169267
783589at33090,2,Zm00001eb062180,Zm00001eb062180:0.000485818,NA,NA,NA,NA,NA,NA,AT3G59970,AT3G59970:9.4437e-05
783883at33090,2,Zm00001eb245230,Zm00001eb245230:0.00183274,NA,NA,NA,NA,NA,NA,AT3G27280;AT5G40770,AT3G27280:0.000221658;AT5G40770:7.30776e-05
784162at33090,2,Zm00001eb378360,Zm00001eb378360:0.00191016,NA,NA,NA,NA,NA,NA,AT3G25800,AT3G25800:2.19777e-07
784237at33090,2,Zm00001eb245560,Zm00001eb245560:0.00212892,SORBI_3004G196300;SORBI_3006G114800,SORBI_3004G196300:0.000525328;SORBI_3006G114800:0.00010138,NA,NA,NA,NA,NA,NA
784469at2759,2,NA,NA,NA,NA,NA,NA,HORVU.MOREX.r3.4HG0415610;HORVU.MOREX.r3.4HG0417160,HORVU.MOREX.r3.4HG0415610:8.21137e-06;HORVU.MOREX.r3.4HG0417160:0.000131219,AT1G12140;AT1G65860;AT5G07800,AT1G12140:4.5442e-05;AT1G65860:0.00027915;AT5G07800:0.000288329
784469at33090,2,NA,NA,NA,NA,NA,NA,HORVU.MOREX.r3.4HG0415610;HORVU.MOREX.r3.4HG0417160,HORVU.MOREX.r3.4HG0415610:8.21137e-06;HORVU.MOREX.r3.4HG0417160:0.000131219,AT1G12140;AT1G65860;AT5G07800,AT1G12140:4.5442e-05;AT1G65860:0.00027915;AT5G07800:0.000288329
784543at33090,2,Zm00001eb059310,Zm00001eb059310:0.00109768,SORBI_3003G063300,SORBI_3003G063300:0.000927436,NA,NA,NA,NA,NA,NA
784756at33090,2,Zm00001eb294370;Zm00001eb357450,Zm00001eb294370:0.000340511;Zm00001eb357450:0.00298862,NA,NA,NA,NA,NA,NA,AT2G28305;AT5G06300,AT2G28305:0.000109999;AT5G06300:0.000408622
78480at38820,2,Zm00001eb321180,Zm00001eb321180:6.58898e-05,SORBI_3002G283800,SORBI_3002G283800:0.0016811,NA,NA,NA,NA,NA,NA
78480at4447,2,Zm00001eb321180,Zm00001eb321180:6.58898e-05,SORBI_3002G283800,SORBI_3002G283800:0.0016811,NA,NA,NA,NA,NA,NA
785264at33090,2,Zm00001eb212030,Zm00001eb212030:0.00123722,NA,NA,NA,NA,NA,NA,AT2G40510,AT2G40510:1.39384e-05
785367at2759,2,NA,NA,NA,NA,NA,NA,HORVU.MOREX.r3.1HG0054020,HORVU.MOREX.r3.1HG0054020:0.0012909,AT1G55450,AT1G55450:9.75878e-06
78552at38820,2,Zm00001eb137060,Zm00001eb137060:0.00207563,SORBI_3008G127500,SORBI_3008G127500:0.00198608,NA,NA,NA,NA,NA,NA
78552at4447,2,Zm00001eb137060,Zm00001eb137060:0.00207563,SORBI_3008G127500,SORBI_3008G127500:0.00198608,NA,NA,NA,NA,NA,NA
785644at33090,2,Zm00001eb070260,Zm00001eb070260:0.000291971,NA,NA,NA,NA,NA,NA,AT2G43640,AT2G43640:0.000213759
78570at38820,2,Zm00001eb394240,Zm00001eb394240:0.00138399,NA,NA,NA,NA,HORVU.MOREX.r3.3HG0229410,HORVU.MOREX.r3.3HG0229410:0.00145092,NA,NA
78570at4447,2,Zm00001eb394240,Zm00001eb394240:0.00138399,NA,NA,NA,NA,HORVU.MOREX.r3.3HG0229410,HORVU.MOREX.r3.3HG0229410:0.00145092,NA,NA
785729at33090,2,Zm00001eb418610,Zm00001eb418610:0.00315729,NA,NA,NA,NA,NA,NA,AT2G04030,AT2G04030:0.00015377
786822at2759,2,NA,NA,SORBI_3001G269000,SORBI_3001G269000:0.000113901,NA,NA,NA,NA,AT3G26720;AT5G13980,AT3G26720:0.00018045;AT5G13980:0.00026416
786822at33090,2,NA,NA,SORBI_3001G269000,SORBI_3001G269000:0.000113901,NA,NA,NA,NA,AT3G26720;AT5G13980,AT3G26720:0.00018045;AT5G13980:0.00026416
786856at33090,2,Zm00001eb036840,Zm00001eb036840:0.00203515,NA,NA,NA,NA,NA,NA,AT1G60080,AT1G60080:0.000192451
787554at2759,2,Zm00001eb107190;Zm00001eb117300;Zm00001eb328990;Zm00001eb394250;Zm00001eb408020;Zm00001eb411450;Zm00001eb428080,Zm00001eb107190:0.0028144;Zm00001eb117300:0.00102612;Zm00001eb328990:0.00283966;Zm00001eb394250:0.00138399;Zm00001eb408020:0.00252966;Zm00001eb411450:0.000830869;Zm00001eb428080:0.000210434,NA,NA,NA,NA,NA,NA,AT2G41140;AT5G12480,AT2G41140:1.4494e-05;AT5G12480:3.71059e-05
787554at33090,2,Zm00001eb107190;Zm00001eb117300;Zm00001eb408020;Zm00001eb411450;Zm00001eb428080,Zm00001eb107190:0.0028144;Zm00001eb117300:0.00102612;Zm00001eb408020:0.00252966;Zm00001eb411450:0.000830869;Zm00001eb428080:0.000210434,NA,NA,NA,NA,NA,NA,AT5G12480,AT5G12480:3.71059e-05
787985at33090,2,Zm00001eb190620,Zm00001eb190620:0.00111439,NA,NA,NA,NA,NA,NA,AT5G15680,AT5G15680:0.000412762
788495at2759,2,NA,NA,NA,NA,NA,NA,HORVU.MOREX.r3.2HG0110850;HORVU.MOREX.r3.4HG0410030,HORVU.MOREX.r3.2HG0110850:0.000753152;HORVU.MOREX.r3.4HG0410030:4.03454e-05,AT2G02800;AT3G01300;AT3G28690,AT2G02800:6.92869e-06;AT3G01300:1.79756e-06;AT3G28690:9.85322e-05
788628at2759,2,Zm00001eb397220,Zm00001eb397220:0.000109391,NA,NA,NA,NA,NA,NA,AT3G45740,AT3G45740:0.00026811
788628at33090,2,Zm00001eb397220,Zm00001eb397220:0.000109391,NA,NA,NA,NA,NA,NA,AT3G45740,AT3G45740:0.00026811
788701at2759,2,Zm00001eb373200,Zm00001eb373200:0.00318744,SORBI_3010G082500,SORBI_3010G082500:0.00296284,NA,NA,NA,NA,NA,NA
788701at33090,2,Zm00001eb373200,Zm00001eb373200:0.00318744,SORBI_3010G082500,SORBI_3010G082500:0.00296284,NA,NA,NA,NA,NA,NA
788918at2759,2,NA,NA,NA,NA,NA,NA,HORVU.MOREX.r3.2HG0210690,HORVU.MOREX.r3.2HG0210690:0.000217559,AT3G18620,AT3G18620:2.61898e-07
788918at33090,2,NA,NA,NA,NA,NA,NA,HORVU.MOREX.r3.2HG0210690,HORVU.MOREX.r3.2HG0210690:0.000217559,AT3G18620,AT3G18620:2.61898e-07
789025at33090,2,Zm00001eb329740,Zm00001eb329740:0.00213543,NA,NA,NA,NA,HORVU.MOREX.r3.6HG0631810,HORVU.MOREX.r3.6HG0631810:0.00130169,NA,NA
790441at2759,2,Zm00001eb219200,Zm00001eb219200:0.0013894,SORBI_3003G133700,SORBI_3003G133700:0.00315782,NA,NA,NA,NA,NA,NA
790455at33090,2,Zm00001eb416430,Zm00001eb416430:0.00261341,NA,NA,NA,NA,NA,NA,AT3G27820,AT3G27820:7.14223e-05
790989at2759,2,Zm00001eb372330,Zm00001eb372330:0.00344651,SORBI_3001G050500,SORBI_3001G050500:0.000616222,NA,NA,NA,NA,NA,NA
790989at33090,2,Zm00001eb372330,Zm00001eb372330:0.00344651,SORBI_3001G050500,SORBI_3001G050500:0.000616222,NA,NA,NA,NA,NA,NA
79129at3193,2,NA,NA,SORBI_3001G269000,SORBI_3001G269000:0.000113901,NA,NA,NA,NA,AT3G26720;AT5G13980,AT3G26720:0.00018045;AT5G13980:0.00026416
791319at2759,2,Zm00001eb330380,Zm00001eb330380:0.00147908,SORBI_3002G412700,SORBI_3002G412700:0.00235641,NA,NA,NA,NA,NA,NA
791319at33090,2,Zm00001eb330380,Zm00001eb330380:0.00147908,SORBI_3002G412700,SORBI_3002G412700:0.00235641,NA,NA,NA,NA,NA,NA
791678at2759,2,Zm00001eb253990,Zm00001eb253990:0.00270449,NA,NA,NA,NA,HORVU.MOREX.r3.6HG0616230,HORVU.MOREX.r3.6HG0616230:0.000119853,NA,NA
791678at33090,2,Zm00001eb253990,Zm00001eb253990:0.00270449,NA,NA,NA,NA,HORVU.MOREX.r3.6HG0616230,HORVU.MOREX.r3.6HG0616230:0.000119853,NA,NA
792230at33090,2,Zm00001eb204970,Zm00001eb204970:0.00107366,NA,NA,NA,NA,NA,NA,AT5G19680,AT5G19680:5.41907e-05
792539at2759,2,Zm00001eb211050,Zm00001eb211050:0.00149474,NA,NA,NA,NA,NA,NA,AT1G58340;AT1G71870,AT1G58340:0.000347107;AT1G71870:9.94564e-05
792539at33090,2,Zm00001eb211050,Zm00001eb211050:0.00149474,NA,NA,NA,NA,NA,NA,AT1G58340;AT1G71870,AT1G58340:0.000347107;AT1G71870:9.94564e-05
793048at33090,2,Zm00001eb389900,Zm00001eb389900:0.000594121,SORBI_3010G221400,SORBI_3010G221400:0.0011045,NA,NA,NA,NA,NA,NA
793218at2759,2,Zm00001eb036580,Zm00001eb036580:0.00103209,NA,NA,NA,NA,NA,NA,AT1G14690,AT1G14690:0.000120167
793218at33090,2,Zm00001eb036580,Zm00001eb036580:0.00103209,NA,NA,NA,NA,NA,NA,AT1G14690,AT1G14690:0.000120167
793249at2759,2,Zm00001eb021390,Zm00001eb021390:0.000853301,NA,NA,NA,NA,NA,NA,AT5G52120,AT5G52120:2.28771e-05
793249at33090,2,Zm00001eb021390,Zm00001eb021390:0.000853301,NA,NA,NA,NA,NA,NA,AT5G52120,AT5G52120:2.28771e-05
794396at2759,2,NA,NA,NA,NA,NA,NA,HORVU.MOREX.r3.2HG0142680,HORVU.MOREX.r3.2HG0142680:0.00073785,AT1G03780,AT1G03780:6.689e-06
794396at33090,2,NA,NA,NA,NA,NA,NA,HORVU.MOREX.r3.2HG0142680,HORVU.MOREX.r3.2HG0142680:0.00073785,AT1G03780,AT1G03780:6.689e-06
795991at33090,2,Zm00001eb138300,Zm00001eb138300:9.422e-05,NA,NA,NA,NA,HORVU.MOREX.r3.5HG0496630,HORVU.MOREX.r3.5HG0496630:0.00084931,NA,NA
796752at33090,2,Zm00001eb370150,Zm00001eb370150:0.00244199,NA,NA,NA,NA,HORVU.MOREX.r3.3HG0291670,HORVU.MOREX.r3.3HG0291670:0.00113808,NA,NA
7993at38820,2,Zm00001eb138300,Zm00001eb138300:9.422e-05,NA,NA,NA,NA,HORVU.MOREX.r3.5HG0496630,HORVU.MOREX.r3.5HG0496630:0.00084931,NA,NA
800282at33090,2,Zm00001eb213140,Zm00001eb213140:0.0012678,NA,NA,NA,NA,NA,NA,AT1G14400,AT1G14400:5.151e-05
800438at33090,2,NA,NA,NA,NA,NA,NA,HORVU.MOREX.r3.6HG0630550,HORVU.MOREX.r3.6HG0630550:0.00151724,AT3G02530,AT3G02530:0.000185925
800573at33090,2,Zm00001eb045520,Zm00001eb045520:0.00343685,NA,NA,NA,NA,NA,NA,AT1G17960,AT1G17960:0.000376566
800737at33090,2,Zm00001eb295170,Zm00001eb295170:0.000258382,NA,NA,NA,NA,HORVU.MOREX.r3.4HG0334450,HORVU.MOREX.r3.4HG0334450:0.00153323,NA,NA
800820at33090,2,Zm00001eb258880,Zm00001eb258880:0.0028029,NA,NA,NA,NA,HORVU.MOREX.r3.6HG0629350,HORVU.MOREX.r3.6HG0629350:6.554e-06,NA,NA
800996at33090,2,NA,NA,NA,NA,NA,NA,HORVU.MOREX.r3.1HG0078200,HORVU.MOREX.r3.1HG0078200:0.000103517,AT3G23310,AT3G23310:3.55034e-05
801124at2759,2,Zm00001eb328310,Zm00001eb328310:0.00166193,SORBI_3009G240700,SORBI_3009G240700:0.00108876,NA,NA,NA,NA,NA,NA
801124at33090,2,Zm00001eb328310,Zm00001eb328310:0.00166193,SORBI_3009G240700,SORBI_3009G240700:0.00108876,NA,NA,NA,NA,NA,NA
801259at33090,2,Zm00001eb210600,Zm00001eb210600:0.0015922,NA,NA,NA,NA,HORVU.MOREX.r3.5HG0535750,HORVU.MOREX.r3.5HG0535750:8.22943e-06,NA,NA
801274at33090,2,Zm00001eb013620,Zm00001eb013620:0.000385206,NA,NA,NA,NA,NA,NA,AT5G06460,AT5G06460:0.000247838
801574at33090,2,NA,NA,NA,NA,LOC_Os02g07460,LOC_Os02g07460:4.64699e-05,NA,NA,AT1G26830,AT1G26830:0.000101987
801705at33090,2,Zm00001eb424410,Zm00001eb424410:0.00132083,NA,NA,NA,NA,NA,NA,AT3G24503,AT3G24503:0.000245949
801975at2759,2,Zm00001eb120860,Zm00001eb120860:0.00324464,NA,NA,NA,NA,NA,NA,AT1G55140,AT1G55140:9.75878e-06
801975at33090,2,Zm00001eb120860,Zm00001eb120860:0.00324464,NA,NA,NA,NA,NA,NA,AT1G55140,AT1G55140:9.75878e-06
802046at33090,2,NA,NA,SORBI_3006G106400,SORBI_3006G106400:0.00159974,NA,NA,NA,NA,AT3G27925,AT3G27925:3.89508e-06
802148at33090,2,NA,NA,NA,NA,LOC_Os10g01820,LOC_Os10g01820:0.00200673,NA,NA,AT5G22800,AT5G22800:0.000187242
802158at33090,2,Zm00001eb149610,Zm00001eb149610:0.00322256,NA,NA,NA,NA,HORVU.MOREX.r3.3HG0297410,HORVU.MOREX.r3.3HG0297410:0.000860807,NA,NA
802423at33090,2,Zm00001eb408260,Zm00001eb408260:0.00299897,SORBI_3006G163300,SORBI_3006G163300:0.00043745,NA,NA,NA,NA,NA,NA
802637at2759,2,Zm00001eb285080,Zm00001eb285080:0.0011999,NA,NA,NA,NA,NA,NA,AT1G79600,AT1G79600:1.00468e-05
802637at33090,2,Zm00001eb285080,Zm00001eb285080:0.0011999,NA,NA,NA,NA,NA,NA,AT1G79600,AT1G79600:1.00468e-05
80264at38820,2,Zm00001eb210550,Zm00001eb210550:0.0015922,NA,NA,NA,NA,HORVU.MOREX.r3.5HG0536110,HORVU.MOREX.r3.5HG0536110:0.00124373,NA,NA
80264at4447,2,Zm00001eb210550,Zm00001eb210550:0.0015922,NA,NA,NA,NA,HORVU.MOREX.r3.5HG0536110,HORVU.MOREX.r3.5HG0536110:0.00124373,NA,NA
802861at33090,2,NA,NA,NA,NA,LOC_Os01g06680,LOC_Os01g06680:0.00212994,NA,NA,AT5G58740,AT5G58740:9.24099e-05
803248at2759,2,Zm00001eb370150,Zm00001eb370150:0.00244199,NA,NA,NA,NA,HORVU.MOREX.r3.3HG0291670,HORVU.MOREX.r3.3HG0291670:0.00113808,NA,NA
803501at2759,2,NA,NA,SORBI_3003G128100,SORBI_3003G128100:0.0014476,NA,NA,NA,NA,AT5G13500,AT5G13500:0.000375419
803501at33090,2,NA,NA,SORBI_3003G128100,SORBI_3003G128100:0.0014476,NA,NA,NA,NA,AT5G13500,AT5G13500:0.000375419
803667at2759,2,Zm00001eb209490,Zm00001eb209490:0.00185887,NA,NA,NA,NA,HORVU.MOREX.r3.7HG0715200,HORVU.MOREX.r3.7HG0715200:3.47272e-05,NA,NA
803667at33090,2,Zm00001eb209490,Zm00001eb209490:0.00185887,NA,NA,NA,NA,HORVU.MOREX.r3.7HG0715200,HORVU.MOREX.r3.7HG0715200:3.47272e-05,NA,NA
804058at33090,2,Zm00001eb124670,Zm00001eb124670:0.00312552,NA,NA,NA,NA,NA,NA,AT4G34412,AT4G34412:1.42995e-08
804192at33090,2,Zm00001eb045350,Zm00001eb045350:0.000110031,SORBI_3001G213400,SORBI_3001G213400:0.00110372,NA,NA,NA,NA,NA,NA
80514at38820,2,Zm00001eb367680,Zm00001eb367680:0.00136227,NA,NA,LOC_Os01g08500,LOC_Os01g08500:0.00106798,NA,NA,NA,NA
80514at4447,2,Zm00001eb367680,Zm00001eb367680:0.00136227,NA,NA,LOC_Os01g08500,LOC_Os01g08500:0.00106798,NA,NA,NA,NA
805179at2759,2,NA,NA,NA,NA,NA,NA,HORVU.MOREX.r3.7HG0656230,HORVU.MOREX.r3.7HG0656230:0.000901629,AT5G30490,AT5G30490:0.000360134
805179at33090,2,NA,NA,NA,NA,NA,NA,HORVU.MOREX.r3.7HG0656230,HORVU.MOREX.r3.7HG0656230:0.000901629,AT5G30490,AT5G30490:0.000360134
805834at33090,2,NA,NA,NA,NA,NA,NA,HORVU.MOREX.r3.3HG0251280,HORVU.MOREX.r3.3HG0251280:0.000620089,AT1G28510,AT1G28510:0.00018279
806147at33090,2,Zm00001eb190340,Zm00001eb190340:0.000165403,NA,NA,NA,NA,NA,NA,AT1G66200,AT1G66200:0.000105813
808379at33090,2,NA,NA,NA,NA,NA,NA,HORVU.MOREX.r3.3HG0311760,HORVU.MOREX.r3.3HG0311760:0.000608,AT1G18720,AT1G18720:0.000301859
809619at33090,2,Zm00001eb061470,Zm00001eb061470:0.00117433,NA,NA,NA,NA,NA,NA,AT1G55320,AT1G55320:9.76324e-08
809874at33090,2,Zm00001eb193090,Zm00001eb193090:1.71475e-05,NA,NA,NA,NA,NA,NA,AT4G23500,AT4G23500:0.000102188
82086at38820,2,NA,NA,NA,NA,LOC_Os04g03680,LOC_Os04g03680:0.00215332,HORVU.MOREX.r3.3HG0219270,HORVU.MOREX.r3.3HG0219270:0.00142353,NA,NA
82086at4447,2,NA,NA,NA,NA,LOC_Os04g03680,LOC_Os04g03680:0.00215332,HORVU.MOREX.r3.3HG0219270,HORVU.MOREX.r3.3HG0219270:0.00142353,NA,NA
82432at38820,2,Zm00001eb107970,Zm00001eb107970:0.000320905,NA,NA,LOC_Os07g05850,LOC_Os07g05850:0.00071648,NA,NA,NA,NA
82600at38820,2,Zm00001eb075400;Zm00001eb248740;Zm00001eb427520,Zm00001eb075400:0.00134317;Zm00001eb248740:0.000381944;Zm00001eb427520:0.00124206,NA,NA,NA,NA,HORVU.MOREX.r3.2HG0184640,HORVU.MOREX.r3.2HG0184640:0.000578701,NA,NA
83933at38820,2,Zm00001eb169130,Zm00001eb169130:0.00100029,NA,NA,LOC_Os11g02180,LOC_Os11g02180:0.00011852,NA,NA,NA,NA
83933at4447,2,Zm00001eb169130,Zm00001eb169130:0.00100029,NA,NA,LOC_Os11g02180,LOC_Os11g02180:0.00011852,NA,NA,NA,NA
84531at38820,2,Zm00001eb389900,Zm00001eb389900:0.000594121,SORBI_3010G221400,SORBI_3010G221400:0.0011045,NA,NA,NA,NA,NA,NA
84531at4447,2,Zm00001eb389900,Zm00001eb389900:0.000594121,SORBI_3010G221400,SORBI_3010G221400:0.0011045,NA,NA,NA,NA,NA,NA
8482at38820,2,Zm00001eb190430,Zm00001eb190430:0.000308863,NA,NA,NA,NA,HORVU.MOREX.r3.6HG0616240,HORVU.MOREX.r3.6HG0616240:0.000119853,NA,NA
84845at38820,2,Zm00001eb365030,Zm00001eb365030:0.00275413,NA,NA,LOC_Os01g09110,LOC_Os01g09110:0.00189003,NA,NA,NA,NA
84845at4447,2,Zm00001eb365030,Zm00001eb365030:0.00275413,NA,NA,LOC_Os01g09110,LOC_Os01g09110:0.00189003,NA,NA,NA,NA
85103at38820,2,Zm00001eb072900,Zm00001eb072900:0.000928532,SORBI_3006G191600,SORBI_3006G191600:0.00360362,NA,NA,NA,NA,NA,NA
85103at4447,2,Zm00001eb072900,Zm00001eb072900:0.000928532,SORBI_3006G191600,SORBI_3006G191600:0.00360362,NA,NA,NA,NA,NA,NA
85368at4447,2,Zm00001eb194220;Zm00001eb255160,Zm00001eb194220:0.0017231;Zm00001eb255160:0.00168811,SORBI_3010G089700,SORBI_3010G089700:0.000343184,NA,NA,NA,NA,NA,NA
85441at4447,2,Zm00001eb157310,Zm00001eb157310:0.00145343,SORBI_3003G250700,SORBI_3003G250700:0.00154979,NA,NA,NA,NA,NA,NA
85506at38820,2,Zm00001eb344540,Zm00001eb344540:2.76527e-05,NA,NA,NA,NA,HORVU.MOREX.r3.1HG0091840,HORVU.MOREX.r3.1HG0091840:0.00112501,NA,NA
85506at4447,2,Zm00001eb344540,Zm00001eb344540:2.76527e-05,NA,NA,NA,NA,HORVU.MOREX.r3.1HG0091840,HORVU.MOREX.r3.1HG0091840:0.00112501,NA,NA
85598at38820,2,Zm00001eb072200,Zm00001eb072200:0.00251214,NA,NA,NA,NA,HORVU.MOREX.r3.2HG0197540,HORVU.MOREX.r3.2HG0197540:0.000623498,NA,NA
85598at4447,2,Zm00001eb072200,Zm00001eb072200:0.00251214,NA,NA,NA,NA,HORVU.MOREX.r3.2HG0197540,HORVU.MOREX.r3.2HG0197540:0.000623498,NA,NA
85874at38820,2,Zm00001eb296620,Zm00001eb296620:0.00221634,NA,NA,NA,NA,HORVU.MOREX.r3.1HG0091020,HORVU.MOREX.r3.1HG0091020:0.000727998,NA,NA
86081at38820,2,Zm00001eb406750,Zm00001eb406750:0.00217562,SORBI_3005G038500,SORBI_3005G038500:0.000391301,NA,NA,NA,NA,NA,NA
86081at4447,2,Zm00001eb406750,Zm00001eb406750:0.00217562,SORBI_3005G038500,SORBI_3005G038500:0.000391301,NA,NA,NA,NA,NA,NA
86572at38820,2,Zm00001eb257290,Zm00001eb257290:0.000117086,SORBI_3004G323000,SORBI_3004G323000:7.98386e-05,NA,NA,NA,NA,NA,NA
86572at4447,2,Zm00001eb257290,Zm00001eb257290:0.000117086,SORBI_3004G323000,SORBI_3004G323000:7.98386e-05,NA,NA,NA,NA,NA,NA
86675at38820,2,Zm00001eb149630,Zm00001eb149630:0.00322256,NA,NA,NA,NA,HORVU.MOREX.r3.3HG0297360,HORVU.MOREX.r3.3HG0297360:0.000860807,NA,NA
86675at4447,2,Zm00001eb149630,Zm00001eb149630:0.00322256,NA,NA,NA,NA,HORVU.MOREX.r3.3HG0297360,HORVU.MOREX.r3.3HG0297360:0.000860807,NA,NA
87280at2759,2,Zm00001eb366760,Zm00001eb366760:0.00171914,NA,NA,NA,NA,NA,NA,AT5G06320,AT5G06320:0.000408622
87280at3193,2,Zm00001eb366760,Zm00001eb366760:0.00171914,NA,NA,NA,NA,NA,NA,AT5G06320,AT5G06320:0.000408622
87280at33090,2,Zm00001eb366760,Zm00001eb366760:0.00171914,NA,NA,NA,NA,NA,NA,AT5G06320,AT5G06320:0.000408622
87329at4447,2,Zm00001eb190930,Zm00001eb190930:0.000227037,SORBI_3002G137400,SORBI_3002G137400:0.00235568,NA,NA,NA,NA,NA,NA
8770at38820,2,Zm00001eb398750,Zm00001eb398750:3.61956e-05,SORBI_3001G438100,SORBI_3001G438100:0.000108192,NA,NA,NA,NA,NA,NA
8770at4447,2,Zm00001eb398750,Zm00001eb398750:3.61956e-05,SORBI_3001G438100,SORBI_3001G438100:0.000108192,NA,NA,NA,NA,NA,NA
89081at38820,2,Zm00001eb250940,Zm00001eb250940:3.47107e-06,SORBI_3006G192100,SORBI_3006G192100:0.00360362,NA,NA,NA,NA,NA,NA
89081at4447,2,Zm00001eb250940,Zm00001eb250940:3.47107e-06,SORBI_3006G192100,SORBI_3006G192100:0.00360362,NA,NA,NA,NA,NA,NA
90967at38820,2,Zm00001eb041730,Zm00001eb041730:0.00160093,NA,NA,NA,NA,HORVU.MOREX.r3.5HG0525980,HORVU.MOREX.r3.5HG0525980:0.000301162,NA,NA
90967at4447,2,Zm00001eb041730,Zm00001eb041730:0.00160093,NA,NA,NA,NA,HORVU.MOREX.r3.5HG0525980,HORVU.MOREX.r3.5HG0525980:0.000301162,NA,NA
9237at4447,2,Zm00001eb417480,Zm00001eb417480:0.000889972,NA,NA,NA,NA,HORVU.MOREX.r3.6HG0626800,HORVU.MOREX.r3.6HG0626800:0.00129092,NA,NA
9292at38820,2,NA,NA,SORBI_3004G225900,SORBI_3004G225900:0.00176104,LOC_Os10g04890,LOC_Os10g04890:0.000514956,NA,NA,NA,NA
9292at4447,2,NA,NA,SORBI_3004G225800;SORBI_3004G225900,SORBI_3004G225800:0.00176104;SORBI_3004G225900:0.00176104,LOC_Os10g04890,LOC_Os10g04890:0.000514956,NA,NA,NA,NA
93079at38820,2,NA,NA,SORBI_3006G117800,SORBI_3006G117800:0.00297759,NA,NA,HORVU.MOREX.r3.2HG0102910,HORVU.MOREX.r3.2HG0102910:2.08231e-05,NA,NA
93079at4447,2,NA,NA,SORBI_3006G117800,SORBI_3006G117800:0.00297759,NA,NA,HORVU.MOREX.r3.2HG0102910,HORVU.MOREX.r3.2HG0102910:2.08231e-05,NA,NA
93433at38820,2,Zm00001eb321920,Zm00001eb321920:1.11182e-05,NA,NA,NA,NA,HORVU.MOREX.r3.2HG0144990,HORVU.MOREX.r3.2HG0144990:0.00052831,NA,NA
93433at4447,2,Zm00001eb321920,Zm00001eb321920:1.11182e-05,NA,NA,NA,NA,HORVU.MOREX.r3.2HG0144990,HORVU.MOREX.r3.2HG0144990:0.00052831,NA,NA
942405at2759,2,Zm00001eb045520,Zm00001eb045520:0.00343685,NA,NA,NA,NA,NA,NA,AT1G17960,AT1G17960:0.000376566
94409at2759,2,Zm00001eb211700,Zm00001eb211700:0.000483361,NA,NA,NA,NA,NA,NA,AT5G02460,AT5G02460:0.00031939
94409at3193,2,Zm00001eb211700,Zm00001eb211700:0.000483361,NA,NA,NA,NA,NA,NA,AT5G02460,AT5G02460:0.00031939
94409at33090,2,Zm00001eb211700,Zm00001eb211700:0.000483361,NA,NA,NA,NA,NA,NA,AT5G02460,AT5G02460:0.00031939
95272at38820,2,Zm00001eb151060;Zm00001eb369670,Zm00001eb151060:5.81237e-05;Zm00001eb369670:0.00014354,NA,NA,LOC_Os08g05590,LOC_Os08g05590:0.00157998,NA,NA,NA,NA
95272at4447,2,Zm00001eb151060;Zm00001eb369670,Zm00001eb151060:5.81237e-05;Zm00001eb369670:0.00014354,NA,NA,LOC_Os08g05590,LOC_Os08g05590:0.00157998,NA,NA,NA,NA
96344at38820,2,Zm00001eb051090;Zm00001eb135470,Zm00001eb051090:0.00181714;Zm00001eb135470:0.000114236,NA,NA,NA,NA,HORVU.MOREX.r3.5HG0509170,HORVU.MOREX.r3.5HG0509170:0.000801023,NA,NA
96344at4447,2,Zm00001eb051090;Zm00001eb135470,Zm00001eb051090:0.00181714;Zm00001eb135470:0.000114236,NA,NA,NA,NA,HORVU.MOREX.r3.5HG0509170,HORVU.MOREX.r3.5HG0509170:0.000801023,NA,NA
9634at38820,2,Zm00001eb189380,Zm00001eb189380:0.000284213,NA,NA,NA,NA,HORVU.MOREX.r3.6HG0609880,HORVU.MOREX.r3.6HG0609880:0.000990559,NA,NA
9634at4447,2,Zm00001eb189380,Zm00001eb189380:0.000284213,NA,NA,NA,NA,HORVU.MOREX.r3.6HG0609880,HORVU.MOREX.r3.6HG0609880:0.000990559,NA,NA
96384at4447,2,Zm00001eb218110,Zm00001eb218110:0.000520094,NA,NA,NA,NA,HORVU.MOREX.r3.3HG0291680,HORVU.MOREX.r3.3HG0291680:0.00113808,NA,NA
96791at38820,2,Zm00001eb191830,Zm00001eb191830:0.00302403,SORBI_3004G338400,SORBI_3004G338400:0.00147128,NA,NA,NA,NA,NA,NA
96791at4447,2,Zm00001eb191830,Zm00001eb191830:0.00302403,SORBI_3004G338400,SORBI_3004G338400:0.00147128,NA,NA,NA,NA,NA,NA
96814at38820,2,Zm00001eb157340,Zm00001eb157340:0.00145343,SORBI_3003G250600,SORBI_3003G250600:0.00154979,NA,NA,NA,NA,NA,NA
96814at4447,2,Zm00001eb157340,Zm00001eb157340:0.00145343,SORBI_3003G250600,SORBI_3003G250600:0.00154979,NA,NA,NA,NA,NA,NA
96884at2759,2,Zm00001eb389900,Zm00001eb389900:0.000594121,SORBI_3010G221400,SORBI_3010G221400:0.0011045,NA,NA,NA,NA,NA,NA
97202at38820,2,Zm00001eb212010,Zm00001eb212010:0.00123722,SORBI_3001G038700,SORBI_3001G038700:0.00232711,NA,NA,NA,NA,NA,NA
97202at4447,2,Zm00001eb212010,Zm00001eb212010:0.00123722,SORBI_3001G038700,SORBI_3001G038700:0.00232711,NA,NA,NA,NA,NA,NA
97714at2759,2,Zm00001eb403390,Zm00001eb403390:0.00250643,SORBI_3001G249100,SORBI_3001G249100:0.00355467,NA,NA,NA,NA,NA,NA
97714at3193,2,Zm00001eb403390,Zm00001eb403390:0.00250643,SORBI_3001G249100,SORBI_3001G249100:0.00355467,NA,NA,NA,NA,NA,NA
97714at33090,2,Zm00001eb403390,Zm00001eb403390:0.00250643,SORBI_3001G249100,SORBI_3001G249100:0.00355467,NA,NA,NA,NA,NA,NA
98555at38820,2,Zm00001eb191740,Zm00001eb191740:0.00322648,SORBI_3004G338900,SORBI_3004G338900:0.000205224,NA,NA,NA,NA,NA,NA
98555at4447,2,Zm00001eb191740,Zm00001eb191740:0.00322648,SORBI_3004G338900,SORBI_3004G338900:0.000205224,NA,NA,NA,NA,NA,NA
99870at2759,2,Zm00001eb367680,Zm00001eb367680:0.00136227,NA,NA,LOC_Os01g08500,LOC_Os01g08500:0.00106798,NA,NA,NA,NA
99870at3193,2,Zm00001eb367680,Zm00001eb367680:0.00136227,NA,NA,LOC_Os01g08500,LOC_Os01g08500:0.00106798,NA,NA,NA,NA
99870at33090,2,Zm00001eb367680,Zm00001eb367680:0.00136227,NA,NA,LOC_Os01g08500,LOC_Os01g08500:0.00106798,NA,NA,NA,NA
